symbol,name,exchange,assetType,ipoDate,delistingDate,status
A,Agilent Technologies Inc,NYSE,Stock,1999-11-18,,Active
AABA,Altaba Inc,NASDAQ,Stock,1996-04-12,,Active
AACC,Asset Acceptance Capital Corp,NASDAQ,Stock,2004-02-05,,Active
AACG,ATA Creativity Global,NASDAQ,Stock,2008-01-29,,Active
AAI,AIRTRAN HOLDINGS INC,NYSE,Stock,2001-09-17,,Active
AAIC,Arlington Asset Investment Corp - Class A,NYSE,Stock,1997-12-23,,Active
AAL,American Airlines Group Inc,NASDAQ,Stock,2005-09-27,,Active
AAME,Atlantic American Corp,NASDAQ,Stock,1984-09-07,,Active
AAMRQ,Amr Corp,NYSE,Stock,2001-01-02,,Active
AAON,AAON Inc,NASDAQ,Stock,1992-12-16,,Active
AAP,Advance Auto Parts Inc,NYSE,Stock,2001-11-29,,Active
AAPL,Apple Inc,NASDAQ,Stock,1980-12-12,,Active
AATI,Advanced Analogic Technologies Incorp.,NASDAQ,Stock,2005-08-04,,Active
AAV,Advantage Oil & Gas Ltd,NYSE,Stock,2004-03-31,,Active
AAWW,Atlas Air Worldwide Holdings Inc,NASDAQ,Stock,2005-11-09,,Active
AAXJ,ISHARES MSCI ALL COUNTRY ASIA EX JAPAN ETF ,NASDAQ,ETF,2008-08-15,,Active
AB,AllianceBernstein Holding Lp,NYSE,Stock,1988-04-15,,Active
ABAX,Abaxis Inc,NASDAQ,Stock,1992-01-23,,Active
ABBC,ABINGTON BANCORP INC.PA,NASDAQ,Stock,2004-12-17,,Active
ABCB,Ameris Bancorp,NYSE,Stock,1994-05-19,,Active
ABCD,Cambium Learning Group Inc,NASDAQ,Stock,2009-12-09,,Active
ABCO,The Advisory Board Company,NASDAQ,Stock,2001-11-13,,Active
ABE,Aberdeen Emerging Markets Smaller Company Opportunities Fund Inc,NYSE MKT,ETF,2001-01-02,,Active
ABEO,Abeona Therapeutics Inc,NASDAQ,Stock,1980-09-19,,Active
ABEV,Ambev S.A.,NYSE,Stock,1997-03-05,,Active
ABFS,Arkansas Best Corp,NASDAQ,Stock,1992-05-13,,Active
ABG,Asbury Automotive Group Inc,NYSE,Stock,2002-03-21,,Active
ABI,VICTORYSHARES PIONEER ASSET-BASED INCOME ETF ,NASDAQ,Stock,2009-05-11,,Active
ABII,Abraxis BioScience Inc,NASDAQ,Stock,2007-11-15,,Active
ABM,ABM Industries Inc,NYSE,Stock,1984-07-19,,Active
ABMD,Abiomed Inc,NASDAQ,Stock,1987-07-30,,Active
ABR,Arbor Realty Trust Inc,NYSE,Stock,2004-04-07,,Active
ABST,Absolute Software Corp,NASDAQ,Stock,2007-07-13,,Active
ABT,Abbott Laboratories,NYSE,Stock,1983-04-06,,Active
ABTL,Autobytel Inc,NASDAQ,Stock,1999-03-26,,Active
ABVA,ALLIANCE BANKSHARES CORP,NASDAQ,Stock,2001-12-05,,Active
ACAD,Acadia Pharmaceuticals Inc,NASDAQ,Stock,2004-05-27,,Active
ACAP,AMERICAN PHYSICIANS CAPITAL INC,NASDAQ,Stock,2001-01-02,,Active
ACAS,American Capital Ltd,NASDAQ,Stock,1997-09-02,,Active
ACAT,Arctic Cat Inc,NASDAQ,Stock,2001-01-02,,Active
ACB,ACap Energy Ltd,NASDAQ,Stock,2007-03-07,,Active
ACC,American Campus Communities Inc,NYSE,Stock,2004-08-12,,Active
ACCL,Accelrys Inc,NASDAQ,Stock,1995-12-06,,Active
ACCO,Acco Brands Corporation,NYSE,Stock,2005-08-17,,Active
ACETQ,Aceto Corp,NASDAQ,Stock,1990-03-26,,Active
ACFC,Atlantic Coast Financial Corp,NASDAQ,Stock,2004-10-05,,Active
ACG,AllianceBernstein Income Fund,NYSE,ETF,1987-08-20,,Active
ACGL,Arch Capital Group Ltd,NASDAQ,Stock,1995-09-14,,Active
ACGN,Aceragen Inc,NASDAQ,Stock,1996-01-25,,Active
ACH,Accendra Health Inc,NYSE,Stock,1988-12-16,,Active
ACHC,Acadia Healthcare Company Inc,NASDAQ,Stock,1994-03-04,,Active
ACHN,Achillion Pharmaceuticals Inc,NASDAQ,Stock,2006-11-09,,Active
ACHV,Achieve Life Sciences Inc,NASDAQ,Stock,1995-10-13,,Active
ACI,Arch Coal Inc,NYSE,Stock,1988-08-12,,Active
ACIC,American Coastal Insurance Corp,NASDAQ,Stock,2007-11-07,,Active
ACIW,ACI Worldwide Inc,NASDAQ,Stock,1995-02-27,,Active
ACLI,AMERICAN COMMERCIAL LINES INC.,NASDAQ,Stock,2006-12-28,,Active
ACLS,Axcelis Technologies Inc,NASDAQ,Stock,2000-07-11,,Active
ACM,AECOM,NYSE,Stock,2007-05-10,,Active
ACN,Accenture plc - Class A,NYSE,Stock,2001-07-19,,Active
ACNB,ACNB Corp,NASDAQ,Stock,1996-01-02,,Active
ACNT,Ascent Industries Company,NASDAQ,Stock,1991-12-03,,Active
ACO,AMCOL International Corp,NYSE,Stock,1987-08-13,,Active
ACOM,Ancestry.com Inc,NASDAQ,Stock,2009-11-05,,Active
ACR,ACRES Commercial Realty Corp,NYSE,Stock,2006-02-07,,Active
ACTA,Actua Corp,NASDAQ,Stock,1999-08-05,,Active
ACTG,Acacia Research Corp,NASDAQ,Stock,2002-12-16,,Active
ACTI,ACTIVIDENTITY CORP,NASDAQ,Stock,1995-10-26,,Active
ACTS,Actions Semiconductor Company. Ltd. ADR,NYSE,Stock,2005-11-30,,Active
ACWI,ISHARES MSCI ACWI ETF ,NASDAQ,ETF,2008-03-28,,Active
ACWX,ISHARES MSCI ACWI EX U.S. ETF ,NASDAQ,ETF,2008-03-31,,Active
ACXM,Acxiom Corp,NASDAQ,Stock,1984-09-07,,Active
AD,Array Digital Infrastructure Inc,NYSE,Stock,1992-03-17,,Active
ADAM,Adamas Trust Inc,NASDAQ,Stock,2004-07-26,,Active
ADBE,Adobe Inc,NASDAQ,Stock,1986-08-14,,Active
ADC,Agree Realty Corp,NYSE,Stock,1994-04-15,,Active
ADCT,ADC TELECOMMUNICATIONS INC,NYSE,Stock,2001-01-02,,Active
ADEA,Adeia Inc,NASDAQ,Stock,2003-11-20,,Active
ADEP,Adept Technology Inc,NASDAQ,Stock,1995-12-15,,Active
ADGE,American DG Energy Inc,NYSE,Stock,2007-12-27,,Active
ADGF,Adams Golf Inc,NASDAQ,Stock,1998-07-10,,Active
ADI,Analog Devices Inc,NASDAQ,Stock,1984-07-19,,Active
ADK,AdCare Health Systems Inc,NYSE,Stock,2006-12-21,,Active
ADLR,Adolor Corp,NASDAQ,Stock,2000-11-14,,Active
ADM,Archer Daniels Midland Company,NYSE,Stock,1983-04-05,,Active
ADP,Automatic Data Processing Inc,NASDAQ,Stock,1983-04-06,,Active
ADRA,PowerShares BLDRS Asia 50 ADR Index Fund ETF,NASDAQ,ETF,2002-11-13,,Active
ADRD,PowerShares BLDRS Developed Markets 100 ADR Index Fund ETF,NASDAQ,ETF,2002-11-13,,Active
ADRE,Invesco BLDRS Emerging Markets 50 ADR Index Fund,NASDAQ,ETF,2002-11-13,,Active
ADRU,PowerShares BLDRS Europe 100 ADR Index Fund ETF,NASDAQ,ETF,2002-11-13,,Active
ADSK,Autodesk Inc,NASDAQ,Stock,1985-07-01,,Active
ADTN,ADTRAN Holdings Inc,NASDAQ,Stock,1994-08-10,,Active
ADUS,Addus HomeCare Corporation,NASDAQ,Stock,2009-10-28,,Active
ADVNQ,ADVANTA CORP,NASDAQ,Stock,1990-01-02,,Active
ADVS,Advent Software Inc,NASDAQ,Stock,1995-11-16,,Active
ADX,Adams Diversified Equity Fund,NYSE,ETF,1984-07-19,,Active
ADY,Feihe International Inc,NYSE,Stock,2006-05-26,,Active
AE,Adams Resources & Energy Inc,NYSE MKT,Stock,1984-09-07,,Active
AEA,Advance America Cash Advance Centers Inc,NYSE,Stock,2005-08-26,,Active
AEB,Aegon Ltd,NYSE,Stock,2005-11-23,,Active
AEC,Associated Estates Realty Corp,NASDAQ,Stock,1993-11-11,,Active
AED,AEGON NV Perp Cap Securities Netherlands,NYSE,Stock,2005-11-23,,Active
AEE,Ameren Corp,NYSE,Stock,1998-01-02,,Active
AEG,Aegon Ltd,NYSE,Stock,1985-07-01,,Active
AEGN,Aegion Corp,NASDAQ,Stock,1989-04-24,,Active
AEH,AEGON NV Perp Cap Secs,NYSE,Stock,2005-06-15,,Active
AEHL,Antelope Enterprise Holdings Ltd - Class A,NASDAQ,Stock,2007-12-17,,Active
AEHR,Aehr Test Systems,NASDAQ,Stock,1997-08-15,,Active
AEIS,Advanced Energy Industries Inc,NASDAQ,Stock,1995-11-17,,Active
AEL,American Equity Investment Life Holding Company,NYSE,Stock,2003-12-04,,Active
AEM,Agnico Eagle Mines Ltd,NYSE,Stock,1984-09-07,,Active
AEMD,Aethlon Medical Inc,NASDAQ,Stock,2001-01-02,,Active
AEO,American Eagle Outfitters Inc,NYSE,Stock,1994-04-14,,Active
AEP,American Electric Power Company Inc,NASDAQ,Stock,1970-01-02,,Active
AEPI,AEP Industries,NASDAQ,Stock,2001-01-02,,Active
AER,Aercap Holdings N.V.,NYSE,Stock,2006-11-21,,Active
AERO,Aero Grow International Inc,NASDAQ,Stock,2007-01-08,,Active
AERT,Advanced Environmental Recycling Technologies Inc,NASDAQ,Stock,2001-01-02,,Active
AES,AES Corp,NYSE,Stock,1991-06-26,,Active
AES-P-C,AES Corporation The Class C Preferred Stock,NYSE,Stock,1991-06-26,,Active
AES-P-C-CL,AES Corporation The Class C Preferred Stock,NYSE,Stock,1991-06-26,,Active
AET,Aetna Inc,NYSE,Stock,1977-01-03,,Active
AEZ,AMERICAN OIL & GAS INC,NYSE,Stock,2003-01-21,,Active
AF,Astoria Financial Corp,NYSE,Stock,1993-11-18,,Active
AF-P-C,Astoria Financial Corporation Depositary Shs Repstg 140th Int Perp Pfd Ser C 6.5,NYSE,Stock,1993-11-18,,Active
AFAM,Almost Family Inc,NASDAQ,Stock,1993-02-19,,Active
AFB,AllianceBernstein National Municipal Income Fund Inc,NYSE,ETF,2002-01-29,,Active
AFC,Allied Capital Corp,NYSE,Stock,2007-04-17,,Active
AFG,American Financial Group Inc,NYSE,Stock,1983-04-06,,Active
AFK,VANECK AFRICA INDEX ETF ,NYSE,ETF,2008-07-14,,Active
AFL,Aflac Inc,NYSE,Stock,1984-07-19,,Active
AFOP,Alliance Fiber Optic Products Inc,NASDAQ,Stock,2000-11-30,,Active
AFSI,Amtrust Financial Services Inc,NASDAQ,Stock,2006-11-13,,Active
AG,First Majestic Silver Corporation,NYSE,Stock,2006-11-28,,Active
AGA,PowerShares DB Agriculture Double Short ETN,NYSE ARCA,ETF,2008-04-16,,Active
AGAM,AGA Medical Holdings Inc,NASDAQ,Stock,2009-10-21,,Active
AGC,Advent Claymore Convertible Securities and Income Fund Common Shares of Beneficial Interest,NYSE,ETF,2007-05-25,,Active
AGCO,AGCO Corp,NYSE,Stock,1992-04-20,,Active
AGD,abrdn Global Dynamic Dividend Fund,NYSE,ETF,2006-07-27,,Active
AGEN,Agenus Inc,NASDAQ,Stock,2000-02-08,,Active
AGG,ISHARES CORE U.S. AGGREGATE BOND ETF ,NYSE,ETF,2003-09-26,,Active
AGGM,iShares 1-10 Year U.S. Aggregate Bond ETF,NYSE ARCA,ETF,2007-01-11,,Active
AGI,Alamos Gold Inc - Class A,NYSE,Stock,2003-03-17,,Active
AGII,Argo Group International Holdings Ltd,NASDAQ,Stock,1986-11-14,,Active
AGM,Federal Agricultural Mortgage Corp - Class C,NYSE,Stock,1995-08-18,,Active
AGM-A,Federal Agricultural Mortgage Corp - Class A,NYSE,Stock,1996-05-30,,Active
AGN,Allergan Inc,NYSE,Stock,1989-06-22,,Active
AGNC,AGNC Investment Corp,NASDAQ,Stock,2008-05-15,,Active
AGO,Assured Guaranty Ltd,NYSE,Stock,2004-04-23,,Active
AGP,Amerigroup Corp,NYSE,Stock,2006-12-28,,Active
AGQ,ProShares Ultra Silver 2x Shares,NYSE,ETF,2008-12-04,,Active
AGU,Agrium Inc,NYSE,Stock,1995-05-05,,Active
AGX,Argan Inc,NYSE,Stock,1995-08-18,,Active
AGYS,Agilysys Inc,NASDAQ,Stock,1990-03-26,,Active
AGZ,ISHARES AGENCY BOND ETF ,NYSE,ETF,2008-11-07,,Active
AHG,Akso Health Group,NASDAQ,Stock,2006-12-28,,Active
AHGP,Alliance Holdings GP L.P.,NASDAQ,Stock,2006-05-10,,Active
AHL,Aspen Insurance Holdings Ltd,NYSE,Stock,2003-12-05,,Active
AHL-P-B,Aspen Insurance Holdings Limited Perp Pref Shs Bermuda,NYSE,Stock,2003-12-05,,Active
AHL-P-B-CL,Aspen Insurance Holdings Limited Perp Pref Shs Bermuda,NYSE,Stock,2003-12-05,,Active
AHS,AMN Healthcare Services Inc,NYSE,Stock,2001-11-13,,Active
AHT,Ashford Hospitality Trust Inc,NYSE,Stock,2003-08-26,,Active
AIA,iShares Asia 50 ETF,NASDAQ,ETF,2007-11-20,,Active
AIFC,AI Financial Corp,NASDAQ,Stock,1991-11-07,,Active
AIFU,AIFU Inc,NASDAQ,Stock,2007-11-01,,Active
AIG,American International Group Inc,NYSE,Stock,1984-09-07,,Active
AIG-WS,American International Group Inc - Warrants (19/01/2021),NYSE,Stock,1973-01-02,,Active
AIII,ACRE Realty Investors Inc,NYSE,Stock,1997-12-10,,Active
AIMC,Altra Industrial Motion Corp,NASDAQ,Stock,2006-12-15,,Active
AIMCV,Altra Industrial Motion Corp,NASDAQ,Stock,2006-12-15,,Active
AIN,Albany International Corp - Class A,NYSE,Stock,1987-09-30,,Active
AIOT,PowerFleet Inc,NASDAQ,Stock,1999-06-30,,Active
AIQ,ALLIANCE HEALTHCARE SERVICES INC,NASDAQ,Stock,2001-07-27,,Active
AIR,AAR Corp,NYSE,Stock,1984-07-19,,Active
AIRM,Air Methods Corp,NASDAQ,Stock,1987-08-31,,Active
AIRT,Air T Inc,NASDAQ,Stock,1984-04-24,,Active
AIT,Applied Industrial Technologies Inc,NYSE,Stock,1984-09-07,,Active
AIV,Apartment Investment & Management Co. - Class A,NYSE,Stock,1994-07-22,,Active
AIVI,WISDOMTREE INTERNATIONAL AI ENHANCED VALUE FUND ,NYSE,ETF,2006-06-16,,Active
AIVL,WISDOMTREE U.S. AI ENHANCED VALUE FUND ,NYSE,ETF,2006-06-16,,Active
AIXG,Aixtron SE,NASDAQ,Stock,2005-03-11,,Active
AIZ,Assurant Inc,NYSE,Stock,2004-02-05,,Active
AJG,Arthur J. Gallagher & Company,NYSE,Stock,1984-09-07,,Active
AJRD,Aerojet Rocketdyne Holdings Inc,NYSE,Stock,1981-02-02,,Active
AKAM,Akamai Technologies Inc,NASDAQ,Stock,1999-10-29,,Active
AKO-A,Embotelladora Andina S.A.,NYSE,Stock,1994-07-07,,Active
AKO-B,Embotelladora Andina S.A.,NYSE,Stock,1997-04-07,,Active
AKP,Alliance California Municipal Income Fun,NYSE,ETF,2002-01-29,,Active
AKR,Acadia Realty Trust,NYSE,Stock,1993-05-27,,Active
AKS,AK Steel Holding Corp,NYSE,Stock,1994-03-30,,Active
ALB,Albemarle Corp,NYSE,Stock,1994-02-22,,Active
ALBO,Albireo Pharma Inc,NASDAQ,Stock,2007-05-11,,Active
ALC,Assisted Living Concepts LLC,NYSE,Stock,2006-11-10,,Active
ALCO,Alico Inc,NASDAQ,Stock,1973-05-03,,Active
ALE,Allete Inc,NYSE,Stock,1973-05-03,,Active
ALG,Alamo Group Inc,NYSE,Stock,1993-03-19,,Active
ALGN,Align Technology Inc,NASDAQ,Stock,2001-01-30,,Active
ALGT,Allegiant Travel,NASDAQ,Stock,2006-12-08,,Active
ALJ,Alon USA Energy Inc,NYSE,Stock,2005-07-28,,Active
ALK,Alaska Air Group Inc,NYSE,Stock,1983-01-03,,Active
ALKS,Alkermes plc,NASDAQ,Stock,1991-07-16,,Active
ALL,Allstate Corp (The),NYSE,Stock,1993-06-03,,Active
ALLT,Allot Ltd,NASDAQ,Stock,2006-11-16,,Active
ALN,American Lorain Corp,NYSE,Stock,2009-09-14,,Active
ALNC,Alliance Financial Corp,NASDAQ,Stock,2006-12-28,,Active
ALNT,Allient Inc,NASDAQ,Stock,1992-02-25,,Active
ALNY,Alnylam Pharmaceuticals Inc,NASDAQ,Stock,2004-06-01,,Active
ALO,Alio Gold Inc Canada,NYSE,Stock,2006-11-24,,Active
ALOG,Analogic Corp,NASDAQ,Stock,1984-09-07,,Active
ALOT,AstroNova Inc,NASDAQ,Stock,1984-09-07,,Active
ALR,Alere Inc,NYSE,Stock,1996-08-06,,Active
ALR-P-B,Alere Inc. Inverness Medical Innovations Inc. Series B Convertible Perpetual Preferred Stock,NYSE,Stock,1996-08-06,,Active
ALRS,Alerus Financial Corp,NASDAQ,Stock,2001-01-02,,Active
ALSK,Alaska Communications Systems Group Inc,NASDAQ,Stock,1999-11-18,,Active
ALT,Altimmune Inc,NASDAQ,Stock,2005-10-06,,Active
ALTI,Altair Nanotechnologies Inc,NASDAQ,Stock,1999-07-06,,Active
ALTO,Alto Ingredients Inc,NASDAQ,Stock,2005-03-24,,Active
ALTR,Altera Corp,NASDAQ,Stock,1988-04-04,,Active
ALTUQ,Altus Pharmaceutical,NASDAQ,Stock,2010-01-04,,Active
ALTV,Alteva Inc,NYSE,Stock,1998-04-28,,Active
ALU,AlcatelLucent,NYSE,Stock,2006-11-30,,Active
ALUS,Alussa Energy Acquisition Corp - Class A,NYSE,Stock,2010-01-04,,Active
ALV,Autoliv Inc,NYSE,Stock,1997-04-28,,Active
ALX,Alexander`s Inc,NYSE,Stock,1984-07-19,,Active
ALXN,Alexion Pharmaceuticals Inc,NASDAQ,Stock,1996-02-28,,Active
ALY,Allis Chalmers Energy Inc,NYSE,Stock,2007-03-22,,Active
AMAG,AMAG Pharmaceuticals Inc,NASDAQ,Stock,1986-06-12,,Active
AMAT,Applied Materials Inc,NASDAQ,Stock,1984-09-07,,Active
AMCC,Applied Micro Circuits Corp,NASDAQ,Stock,2001-01-02,,Active
AMD,Advanced Micro Devices Inc,NASDAQ,Stock,1983-03-21,,Active
AME,Ametek Inc,NYSE,Stock,1984-07-19,,Active
AMED,Amedisys Inc,NASDAQ,Stock,1994-08-18,,Active
AMG,Affiliated Managers Group Inc,NYSE,Stock,1997-11-21,,Active
AMGN,AMGEN Inc,NASDAQ,Stock,1984-09-07,,Active
AMJ,JPMorgan Chase & Company,NYSE ARCA,ETF,2009-04-02,,Active
AMKR,AMKOR Technology Inc,NASDAQ,Stock,1998-05-01,,Active
AMN,AMN Healthcare Services Inc,NYSE,Stock,2001-11-13,,Active
AMNB,American National Bankshares Inc,NASDAQ,Stock,1999-04-13,,Active
AMOV,America Movil S.A.B.DE C.V.,NYSE,Stock,2001-02-07,,Active
AMP,Ameriprise Financial Inc,NYSE,Stock,2005-09-15,,Active
AMPG,Amplitech Group Inc,NASDAQ,Stock,1995-03-20,,Active
AMR1,AMR Corporation AAMRQ,NASDAQ,Stock,2006-12-28,,Active
AMRB,American River Bancshares,NASDAQ,Stock,1999-01-04,,Active
AMRI,Albany Molecular Research Inc,NASDAQ,Stock,1999-02-04,,Active
AMRN,Amarin Corp,NASDAQ,Stock,1993-04-05,,Active
AMRX,Amneal Pharmaceuticals Inc - Class A,NASDAQ,Stock,2009-01-15,,Active
AMSC,American Superconductor Corp,NASDAQ,Stock,1991-12-12,,Active
AMSF,Amerisafe Inc,NASDAQ,Stock,2005-11-18,,Active
AMSWA,Logility Supply Chain Solutions Inc - Class A,NASDAQ,Stock,1984-09-07,,Active
AMT,American Tower Corp,NYSE,Stock,1998-02-27,,Active
AMT-P-A,American Tower Corporation REIT Pfd Conv Ser A,NYSE,Stock,1998-02-27,,Active
AMTD,TD Ameritrade Holding Corp,NASDAQ,Stock,1997-03-04,,Active
AMWD,American Woodmark Corp,NASDAQ,Stock,1986-07-21,,Active
AMX,America Movil S.A.B.DE C.V.,NYSE,Stock,2001-02-08,,Active
AMZN,Amazon.com Inc,NASDAQ,Stock,1997-05-15,,Active
AN,Autonation Inc,NYSE,Stock,1992-03-03,,Active
ANAT,American National Group Inc,NASDAQ,Stock,1984-09-07,,Active
ANCI,American Caresource Holdings Inc,NASDAQ,Stock,2005-12-21,,Active
ANCX,Access National Corp,NASDAQ,Stock,2004-07-19,,Active
ANDE,Andersons Inc,NASDAQ,Stock,1996-02-20,,Active
ANDV,Andeavor Corp,NYSE,Stock,1983-04-06,,Active
ANF,Abercrombie & Fitch Co. - Class A,NYSE,Stock,1996-09-26,,Active
ANGO,Angiodynamic Inc,NASDAQ,Stock,2004-06-01,,Active
ANH,Anworth Mortgage Asset Corp,NYSE,Stock,1998-03-12,,Active
ANIK,Anika Therapeutics Inc,NASDAQ,Stock,1993-05-04,,Active
ANIP,ANI Pharmaceuticals Inc,NASDAQ,Stock,2000-05-05,,Active
ANIX,Anixa Biosciences Inc,NASDAQ,Stock,2001-01-02,,Active
ANN,Ann Inc,NYSE,Stock,1991-05-17,,Active
ANNB,Annapolis Bancorp Inc,NASDAQ,Stock,2006-12-22,,Active
ANRZQ,Alpha Natural Resources Inc,NYSE,Stock,2005-02-15,,Active
ANSS,Ansys Inc,NASDAQ,Stock,1996-06-21,,Active
ANTE,AirNet Technology Inc,NASDAQ,Stock,2007-11-07,,Active
ANV,Allied Nevada Gold Corp,NASDAQ,Stock,2007-05-10,,Active
ANY,Sphere 3D Corp,NASDAQ,Stock,2008-06-24,,Active
AOA,ISHARES CORE 80/20 AGGRESSIVE ALLOCATION ETF ,NYSE,ETF,2008-11-11,,Active
AOD,abrdn Total Dynamic Dividend Fund,NYSE,ETF,2007-01-26,,Active
AOK,ISHARES CORE 30/70 CONSERVATIVE ALLOCATION ETF ,NYSE,ETF,2008-11-10,,Active
AOL,AOL Inc,NYSE,Stock,2009-11-24,,Active
AOM,ISHARES CORE 40/60 MODERATE ALLOCATION ETF ,NYSE,ETF,2008-11-11,,Active
AON,Aon plc. - Class A,NYSE,Stock,1984-09-07,,Active
AOR,ISHARES CORE 60/40 BALANCED ALLOCATION ETF ,NYSE,ETF,2008-11-11,,Active
AORT,Artivion Inc,NYSE,Stock,1993-02-12,,Active
AOS,A.O. Smith Corp,NYSE,Stock,1984-09-07,,Active
AP,Ampco-Pittsburgh Corp,NYSE,Stock,1984-07-19,,Active
APA,APA Corporation,NASDAQ,Stock,1979-05-15,,Active
APAGF,Apco Oil and Gas International Inc,NASDAQ,Stock,1981-07-21,,Active
APC,Anadarko Petroleum Corp,NYSE,Stock,1986-09-09,,Active
APD,Air Products & Chemicals Inc,NYSE,Stock,1983-04-06,,Active
APEI,American Public Education Inc,NASDAQ,Stock,2007-11-09,,Active
APF,Morgan Stanley Asia Pacific Fund Inc,NYSE,ETF,1994-07-28,,Active
APH,Amphenol Corp - Class A,NYSE,Stock,1991-11-08,,Active
API,Agora Inc,NASDAQ,Stock,1991-02-12,,Active
APL,Atlas Pipeline Partners LP,NYSE,Stock,2000-01-28,,Active
APLD,Applied Digital Corporation,NASDAQ,Stock,2008-10-22,,Active
APOG,Apogee Enterprises Inc,NASDAQ,Stock,1973-05-03,,Active
APPS,Digital Turbine Inc,NASDAQ,Stock,2006-06-30,,Active
APU,AmeriGas Partners LP,NYSE,Stock,1995-04-12,,Active
APWC,Asia Pacific Wire & Cable,NASDAQ,Stock,2003-07-15,,Active
AQN,Algonquin Power & Utilities Corp,NYSE,Stock,2009-11-10,,Active
ARAY,Accuray Inc,NASDAQ,Stock,2007-02-08,,Active
ARC,ARC Document Solutions Inc,NYSE,Stock,2005-02-04,,Active
ARCB,ArcBest Corp,NASDAQ,Stock,1992-05-13,,Active
ARCC,Ares Capital Corp,NASDAQ,Stock,2004-10-05,,Active
ARE,Alexandria Real Estate Equities Inc,NYSE,Stock,1997-05-28,,Active
AREN,Paradium.AI Inc,NYSE MKT,Stock,2007-07-13,,Active
ARG,Airgas Inc,NYSE,Stock,1986-12-22,,Active
ARGD,,NYSE,Stock,2002-12-10,,Active
ARGD-1,Argo Group International Holdings Ltd. 6.5 Senior Notes Due 2042,NYSE,Stock,2002-12-10,,Active
ARGO,Argo Group International Holdings Ltd,NYSE,Stock,2007-08-07,,Active
ARI,Apollo Commercial Real Estate Finance Inc,NYSE,Stock,2009-09-24,,Active
ARI-P-A,Apollo Commercial Real Estate Finance Cumulative Redeemable Perpetual Preferred Stock Series A,NYSE,Stock,2009-09-24,,Active
ARIA,ARIA OPPORTUNITIES ETF ,NASDAQ,Stock,2001-01-02,,Active
ARII,American Railcar Industries Inc,NASDAQ,Stock,2006-01-23,,Active
ARIS,Aris Mining Corp,NYSE,Stock,2007-08-10,,Active
ARIS,ARI Network Services Inc,NASDAQ,Stock,1991-11-15,,Active
ARKR,Ark Restaurants Corp,NASDAQ,Stock,1985-12-13,,Active
ARL,American Realty Investors Inc,NYSE,Stock,1984-09-07,,Active
ARLP,Alliance Resource Partners LP,NASDAQ,Stock,1999-08-17,,Active
ARMH,ARM HOLDINGS PLC ADRHEDGED(TM) ,NYSE ARCA,Stock,1998-04-17,,Active
ARNA,Arena Pharmaceuticals Inc,NASDAQ,Stock,2000-07-28,,Active
ARO,Aeropostale Inc,NYSE,Stock,2002-05-16,,Active
AROW,Arrow Financial Corp,NASDAQ,Stock,1984-09-07,,Active
ARQ,Arq Inc,NASDAQ,Stock,2004-01-23,,Active
ARQL,ArQule Inc,NASDAQ,Stock,1996-10-16,,Active
ARR,ARMOUR Residential REIT Inc,NYSE,Stock,2007-12-03,,Active
ARRS,ARRIS GROUP DL01,NASDAQ,Stock,1993-09-17,,Active
ARRY,Array Biopharma Inc,NASDAQ,Stock,2000-11-30,,Active
ARSD,Arabian American Development Company,NYSE,Stock,2006-07-31,,Active
ART,Artio Global Investors Inc,NYSE,Stock,2009-09-24,,Active
ARTC,ArthroCare Corp,NASDAQ,Stock,1996-02-05,,Active
ARTNA,Artesian Resources Corp - Class A,NASDAQ,Stock,1996-05-24,,Active
ARTW,Art`s-way Manufacturing Co. Inc,NASDAQ,Stock,1984-09-07,,Active
ARTX,Arotech Corp,NASDAQ,Stock,1994-02-24,,Active
ARUN,Aruba Networks Inc,NASDAQ,Stock,2007-03-27,,Active
ARW,Arrow Electronics Inc,NYSE,Stock,1984-07-19,,Active
ARWR,Arrowhead Pharmaceuticals Inc,NASDAQ,Stock,1997-01-06,,Active
ASA,ASA Gold and Precious Metals Ltd,NYSE,ETF,1978-01-03,,Active
ASB,Associated Banc-Corp,NYSE,Stock,1984-09-07,,Active
ASBC,Associated Banc Corp,NASDAQ,Stock,1984-09-07,,Active
ASBI,Ameriana Bancorp,NASDAQ,Stock,1987-02-26,,Active
ASCMA,Ascent Capital Group Inc Series A Common Stock,NASDAQ,Stock,2008-09-18,,Active
ASEI,American Science & Engineering Inc,NASDAQ,Stock,1984-09-06,,Active
ASFI,Asta Funding Inc,NASDAQ,Stock,1995-11-14,,Active
ASG,Liberty All-Star Growth Fund Inc,NYSE,ETF,1987-11-05,,Active
ASH,Ashland Inc,NYSE,Stock,1983-04-06,,Active
ASH-W,Ashland Global Holdings Inc. ExDistribution When Issued,NYSE,Stock,1983-04-06,,Active
ASI,American Safety Insurance Holdings Ltd,NYSE,Stock,2006-12-28,,Active
ASMI,ASM International NV (ADR),NASDAQ,Stock,1984-09-07,,Active
ASML,ASML Holding NV,NASDAQ,Stock,1995-03-16,,Active
ASPS,Altisource Portfolio Solutions S.A.,NASDAQ,Stock,2009-08-06,,Active
ASR,Grupo Aeroportuario Del Sureste S.A.,NYSE,Stock,2000-09-28,,Active
ASRT,Assertio Holdings Inc,NASDAQ,Stock,2003-12-17,,Active
ASRV,Ameriserv Financial Inc,NASDAQ,Stock,1990-03-27,,Active
ASRV 8.45 06-30-28,Ameriserv Financial Inc,NASDAQ,Stock,1998-06-03,,Active
ASTC,Astrotech Corp,NASDAQ,Stock,1995-12-21,,Active
ASTE,Astec Industries Inc,NASDAQ,Stock,1986-06-19,,Active
ASTI,Ascent Solar Technologies Inc,NASDAQ,Stock,2006-07-25,,Active
ASUR,Asure Software Inc,NASDAQ,Stock,1992-04-07,,Active
ASX,ASE Technology Holding Co.Ltd,NYSE,Stock,2000-10-02,,Active
ASXC,Asensus Surgical Inc,NYSE MKT,Stock,1992-11-12,,Active
ASYS,Amtech Systems Inc,NASDAQ,Stock,1984-09-07,,Active
AT,DEFIANCE ROBOTICS ACTUATORS ETF ,NYSE,Stock,2009-12-03,,Active
ATEC,Alphatec Holdings Inc,NASDAQ,Stock,2006-06-02,,Active
ATHE,Alterity Therapeutics Ltd,NASDAQ,Stock,2002-09-05,,Active
ATHN,athenahealth Inc,NASDAQ,Stock,2007-09-20,,Active
ATI,ATI Inc,NYSE,Stock,1999-11-29,,Active
ATK,Alliant Techsystems Inc,NYSE,Stock,1990-10-03,,Active
ATLC,Atlanticus Holdings Corp,NASDAQ,Stock,1999-04-23,,Active
ATLO,Ames National Corp,NASDAQ,Stock,2000-02-15,,Active
ATN,Atlas Energy Resources LLC,NYSE,Stock,1993-04-27,,Active
ATNI,ATN International Inc,NASDAQ,Stock,1991-11-14,,Active
ATO,Atmos Energy Corp,NYSE,Stock,1983-12-28,,Active
ATR,Aptargroup Inc,NYSE,Stock,1993-04-23,,Active
ATRC,Atricure Inc,NASDAQ,Stock,2005-08-05,,Active
ATRI,Atrion Corp,NASDAQ,Stock,1984-09-07,,Active
ATRO,Astronics Corp,NASDAQ,Stock,1984-09-07,,Active
ATRS,Antares Pharma Inc,NASDAQ,Stock,1996-10-03,,Active
ATSG,Air Transport Services Group Inc,NASDAQ,Stock,2003-07-23,,Active
ATTU,Attunity Ltd,NASDAQ,Stock,1993-01-26,,Active
ATV,Acorn International Inc,NYSE,Stock,2007-05-03,,Active
ATVI,Activision Blizzard Inc,NASDAQ,Stock,1993-10-25,,Active
ATW,Atwood Oceanics Inc,NYSE,Stock,1984-09-07,,Active
ATX,Costa Inc,NASDAQ,Stock,2006-12-28,,Active
AU,AngloGold Ashanti Plc.,NYSE,Stock,1998-08-05,,Active
AUB,Atlantic Union Bankshares Corp,NYSE,Stock,1995-08-18,,Active
AUBN,Auburn National Bancorp Inc,NASDAQ,Stock,1995-09-11,,Active
AUD,PIMCO AUSTRALIA BOND INDEX FUND,NYSE ARCA,ETF,2007-11-30,,Active
AUDC,Audiocodes,NASDAQ,Stock,1999-05-28,,Active
AULT,Hyperscale Data Inc - Class A,NYSE MKT,Stock,1997-05-05,,Active
AUNZ,WISDOMTREE AUSTRALIA & NEW ZEALAND DEBT FUND NA,NYSE ARCA,ETF,2008-06-25,,Active
AUQ,AuRico Gold Inc,NYSE,Stock,2003-09-04,,Active
AUSE,WISDOMTREE AUSTRALIA DIVIDEND FUND NA,NYSE ARCA,ETF,2006-06-16,,Active
AUTO,AutoWeb Inc,NASDAQ,Stock,2001-01-02,,Active
AUXL,Auxilium Pharmaceuticals Inc,NASDAQ,Stock,2004-07-26,,Active
AUY,Yamana Gold Inc,NYSE,Stock,2004-01-12,,Active
AVA,Avista Corp,NYSE,Stock,1987-11-16,,Active
AVAV,AeroVironment Inc,NASDAQ,Stock,2007-01-23,,Active
AVB,Avalonbay Communities Inc,NYSE,Stock,1994-03-11,,Active
AVD,American Vanguard Corp,NYSE,Stock,1988-06-22,,Active
AVDL,Avadel Pharmaceuticals plc,NASDAQ,Stock,1996-06-07,,Active
AVGG,LEVERAGE SHARES 2X LONG AVGO DAILY ETF ,NASDAQ,ETF,2006-08-17,,Active
AVGO,Broadcom Inc,NASDAQ,Stock,2009-08-06,,Active
AVHI,AV Homes Inc,NASDAQ,Stock,2003-05-23,,Active
AVID,Avid Technology Inc,NASDAQ,Stock,1993-03-12,,Active
AVK,Advent Convertible and Income Fund,NYSE,ETF,2003-04-30,,Active
AVL,Avalon Rare Metals Inc,NASDAQ,Stock,2009-01-08,,Active
AVNR,Avanir Pharmaceuticals Inc,NASDAQ,Stock,1990-05-08,,Active
AVNT,Avient Corp,NYSE,Stock,1999-09-13,,Active
AVNW,Aviat Networks Inc,NASDAQ,Stock,1991-02-07,,Active
AVP,Avon Products Inc,NYSE,Stock,1972-06-01,,Active
AVT,Avnet Inc,NASDAQ,Stock,1973-05-03,,Active
AVTA,Avantax Inc,NASDAQ,Stock,1998-12-15,,Active
AVX,AVX Corp,NYSE,Stock,1995-08-15,,Active
AVXL,Anavex Life Sciences Corporation,NASDAQ,Stock,2006-08-02,,Active
AVY,Avery Dennison Corp,NYSE,Stock,1983-12-29,,Active
AVZAQ,Aviza Technology Inc,NASDAQ,Stock,2005-12-02,,Active
AWF,AllianceBernstein Global High Income Fund Inc,NYSE,ETF,1993-07-29,,Active
AWH,Allied World Assurance Company Holdings AG.,NYSE,Stock,2006-07-12,,Active
AWI,Armstrong World Industries Inc,NYSE,Stock,2006-10-18,,Active
AWK,American Water Works Co. Inc,NYSE,Stock,2008-04-23,,Active
AWP,abrdn Global Premier Properties Fund,NYSE,ETF,2007-04-26,,Active
AWR,American States Water Company,NYSE,Stock,1990-03-26,,Active
AWRE,Aware Inc,NASDAQ,Stock,1996-11-19,,Active
AXE,Anixter International Inc,NYSE,Stock,1984-07-19,,Active
AXGN,Axogen Inc,NASDAQ,Stock,1990-03-27,,Active
AXIA,Axia Energia,NYSE,Stock,2008-11-19,,Active
AXJL,WISDOMTREE ASIA PACIFIC EXJAPAN FUND NA,NYSE ARCA,ETF,2006-06-16,,Active
AXN,Aoxing Pharmaceutical Company Inc,NYSE,Stock,2006-08-23,,Active
AXON,Axon Enterprise Inc,NASDAQ,Stock,2001-06-07,,Active
AXP,American Express Company,NYSE,Stock,1972-06-01,,Active
AXR,AMREP Corp,NYSE,Stock,1973-05-03,,Active
AXS,Axis Capital Holdings Ltd,NYSE,Stock,2003-07-01,,Active
AXTI,AXT Inc,NASDAQ,Stock,1998-05-21,,Active
AXU,Alexco Resource Corp,NYSE MKT,Stock,2006-09-08,,Active
AYE,ALLEGHENY ENERGY INC,NYSE,Stock,2006-12-28,,Active
AYI,Acuity Brands Inc,NYSE,Stock,2001-12-03,,Active
AYR,Aircastle LTD,NYSE,Stock,2006-08-08,,Active
AYT,Barclays GEMS ASIA8 ETN,NYSE ARCA,ETF,2008-09-04,,Active
AZN,Astrazeneca plc,NYSE,Stock,1993-05-17,,Active
AZO,Autozone Inc,NYSE,Stock,1991-04-02,,Active
AZPN,Aspen Technology Inc,NASDAQ,Stock,1994-10-26,,Active
AZTA,Azenta Inc,NASDAQ,Stock,1995-02-02,,Active
AZZ,AZZ Inc,NYSE,Stock,1984-09-07,,Active
B,Barrick Gold Corp,NYSE,Stock,1985-02-04,,Active
B,Barnes Group Inc,NYSE,Stock,1984-09-07,,Active
BA,Boeing Company,NYSE,Stock,1962-01-02,,Active
BAA,Banro Corporation USA,NYSE,Stock,2005-03-28,,Active
BAB,INVESCO TAXABLE MUNICIPAL BOND ETF ,NYSE,ETF,2009-11-17,,Active
BAC,Bank Of America Corp,NYSE,Stock,1986-05-29,,Active
BAC-P-E,Bank Of America Corp,NYSE,Stock,2006-12-28,,Active
BAC-WS-A,BANK OF AMERICA WARRANTS,NYSE,Stock,1998-01-02,,Active
BAC-WS-B,BANK OF AMERICA CORPORATION WARRANTS,NYSE,Stock,1998-01-02,,Active
BAF,BlackRock Municipal Income Investment Quality Trust,NYSE,ETF,2002-10-29,,Active
BAGL,Einstein Noah Restaurant Group Inc,NASDAQ,Stock,2007-06-08,,Active
BAK,Braskem S.A.,NYSE,Stock,1999-01-13,,Active
BAL,iPath Dow Jones-UBS Cotton Subindex Total ReturnSM ETN,NYSE ARCA,ETF,2008-06-25,,Active
BALL,Ball Corp,NYSE,Stock,1984-09-07,,Active
BAMM,BooksAMillion Inc,NASDAQ,Stock,1992-11-04,,Active
BANC,Banc of California Inc,NYSE,Stock,2002-10-01,,Active
BANF,Bancfirst Corp,NASDAQ,Stock,1990-03-26,,Active
BANFP,BancFirst Corporation 72 Cumulative Trust Preferred Securities,NASDAQ,Stock,2004-03-16,,Active
BANR,Banner Corp,NASDAQ,Stock,1995-11-01,,Active
BAP,Credicorp Ltd,NYSE,Stock,1995-10-25,,Active
BAS,AXS 1.25X BA BEAR DAILY ETF ,NYSE,ETF,2005-12-09,,Active
BAX,Baxter International Inc,NYSE,Stock,1981-10-27,,Active
BAYN,Bay National Corp,NASDAQ,Stock,2000-06-15,,Active
BB,BlackBerry Ltd,NYSE,Stock,1999-02-04,,Active
BBAR,BBVA Argentina,NYSE,Stock,1993-11-24,,Active
BBD,Banco Bradesco S.A.,NYSE,Stock,2001-11-23,,Active
BBF,BlackRock Municipal Income Investment Trust,NYSE,ETF,2001-07-27,,Active
BBG,Bill Barrett Corp,NYSE,Stock,2004-12-10,,Active
BBGI,Beasley Broadcast Group Inc - Class A,NASDAQ,Stock,2000-02-11,,Active
BBH,VANECK BIOTECH ETF ,NASDAQ,ETF,1999-11-23,,Active
BBK,BlackRock Municipal Bond Trust,NYSE,ETF,2002-04-26,,Active
BBL,BHP Group Plc,NYSE,Stock,2003-06-25,,Active
BBNK,Bridge Capital Holdings,NASDAQ,Stock,2003-01-27,,Active
BBOX,Black Box Corp,NASDAQ,Stock,1992-12-17,,Active
BBQ,BBQ Holdings Inc,NASDAQ,Stock,1996-11-04,,Active
BBSI,Barrett Business Services Inc,NASDAQ,Stock,1993-06-14,,Active
BBT,Beacon Financial Corp,NYSE,Stock,2000-06-28,,Active
BBVA,Banco Bilbao Vizcaya Argentaria.,NYSE,Stock,1988-12-15,,Active
BBW,Build A Bear Workshop Inc,NYSE,Stock,2004-10-28,,Active
BBWI,Bath & Body Works Inc,NYSE,Stock,1985-07-01,,Active
BBY,Best Buy Co. Inc,NYSE,Stock,1985-04-19,,Active
BC,Brunswick Corp,NYSE,Stock,1981-12-31,,Active
BCBP,BCB Bancorp Inc (NJ),NASDAQ,Stock,2003-10-15,,Active
BCDA,BioCardia Inc,NASDAQ,Stock,2008-03-14,,Active
BCE,BCE Inc,NYSE,Stock,1982-11-15,,Active
BCF,BlackRock Real Asset Trust,NYSE,Stock,2006-09-27,,Active
BCH,Banco de Chile,NYSE,Stock,2002-01-08,,Active
BCIC,Portman Ridge Finance Corp,NASDAQ,Stock,2006-12-12,,Active
BCML,BayCom Corp,NASDAQ,Stock,2004-08-09,,Active
BCO,Brink`s Company,NYSE,Stock,1996-01-03,,Active
BCPC,Balchem Corp,NASDAQ,Stock,1986-06-03,,Active
BCR,C.R. Bard Inc,NYSE,Stock,1983-04-06,,Active
BCRX,Biocryst Pharmaceuticals Inc,NASDAQ,Stock,1994-03-04,,Active
BCS,Barclays plc,NYSE,Stock,1986-09-10,,Active
BCSB,BCSB Bancorp Inc,NASDAQ,Stock,2008-05-14,,Active
BDBD,Boulder Brands Inc,NASDAQ,Stock,2007-05-01,,Active
BDC,Belden Inc,NYSE,Stock,1993-11-24,,Active
BDE,Black Diamond Inc,NASDAQ,Stock,1998-05-27,,Active
BDG,PowerShares DB Base Metals Long ETN,NYSE ARCA,ETF,2008-06-18,,Active
BDJ,BlackRock Enhanced Equity Dividend Trust,NYSE,ETF,2005-08-29,,Active
BDN,Brandywine Realty Trust,NYSE,Stock,1986-07-24,,Active
BDSI,Biodelivery Sciences International,NASDAQ,Stock,2002-07-25,,Active
BDX,Becton Dickinson & Company,NYSE,Stock,1983-04-06,,Active
BEAM,BEAM Inc,NASDAQ,Stock,1977-01-03,,Active
BEAT,BioTelemetry Inc,NASDAQ,Stock,2008-03-19,,Active
BEAV,BE Aerospace Inc,NASDAQ,Stock,1990-04-25,,Active
BECN,Beacon Roofing Supply Inc - Class A,NASDAQ,Stock,2004-09-23,,Active
BEE,Strategic Hotels and Resorts Inc,NYSE,Stock,2004-07-26,,Active
BEL,Belmond Ltd,NYSE,Stock,2000-08-03,,Active
BELFA,Bel Fuse Inc - Class A,NASDAQ,Stock,1984-09-07,,Active
BELFB,Bel Fuse Inc - Class B,NASDAQ,Stock,1998-07-10,,Active
BEN,Franklin Templeton Inc,NYSE,Stock,1984-09-07,,Active
BEP,Brookfield Renewable Partners LP,NYSE,Stock,2005-11-15,,Active
BEST,Shiner International Inc,NYSE,Stock,2008-10-22,,Active
BF-A,Brown-Forman Corp - Class A,NYSE,Stock,1973-05-03,,Active
BF-B,Brown-Forman Corp - Class B,NYSE,Stock,1984-09-07,,Active
BFC,Bank First Corp,NASDAQ,Stock,2002-01-29,,Active
BFH,Bread Financial Holdings Inc,NYSE,Stock,2001-06-15,,Active
BFIN,Bankfinancial Corp,NASDAQ,Stock,2005-06-28,,Active
BFK,BlackRock Municipal Income Trust,NYSE,ETF,2001-07-27,,Active
BFO,BlackRock Florida Municipal 2020 Term Tr,NYSE,ETF,2003-09-29,,Active
BFS,Saul Centers Inc,NYSE,Stock,1993-08-19,,Active
BFY,BlackRock New York Municipal Income Trust II,NYSE,ETF,2002-07-30,,Active
BFZ,BlackRock California Municipal Income Trust,NYSE,ETF,2001-07-27,,Active
BG,Bunge Global SA,NYSE,Stock,2001-08-02,,Active
BGC,BGC Group Inc - Class A,NASDAQ,Stock,1999-12-10,,Active
BGC,General Cable Corp,NYSE,Stock,1997-05-16,,Active
BGCP,BGC Partners Inc - Class A,NASDAQ,Stock,1999-12-10,,Active
BGFV,Big 5 Sporting Goods Corp,NASDAQ,Stock,2002-09-17,,Active
BGG,Briggs Stratton Corp,NYSE,Stock,1984-09-07,,Active
BGICF,Birks Group Inc - Class A,NYSE MKT,Stock,2005-11-15,,Active
BGMS,Bio Green Med Solution Inc,NASDAQ,Stock,2004-05-05,,Active
BGR,Blackrock Energy & Resources Trust,NYSE,ETF,2004-12-23,,Active
BGS,B&G Foods Inc,NYSE,Stock,2007-05-23,,Active
BGT,BlackRock Floating Rate Income Trust,NYSE,ETF,2004-08-30,,Active
BGY,BlackRock Enhanced International Dividend Trust,NYSE,ETF,2007-05-25,,Active
BH,Biglari Holdings Inc - Class B,NYSE,Stock,1992-02-25,,Active
BHC,Bausch Health Companies Inc,NYSE,Stock,2001-01-02,,Active
BHE,Benchmark Electronics Inc,NYSE,Stock,1990-06-28,,Active
BHF1,,NASDAQ,Stock,2007-09-11,,Active
BHI,Baker Hughes Inc,NYSE,Stock,1987-04-06,,Active
BHK,BlackRock Core Bond Trust,NYSE,ETF,2001-11-28,,Active
BHL,BlackRock Defined Opportunity Credit Trust,NYSE,ETF,2008-02-12,,Active
BHP,BHP Group Ltd,NYSE,Stock,1987-05-29,,Active
BHRB,Burke & Herbert Financial Services Corp,NASDAQ,Stock,2001-03-15,,Active
BHS,BROOKFIELD HOMES CORP,NYSE,Stock,2003-01-07,,Active
BHV,BlackRock Virginia Municipal Bond Trust.,NYSE,ETF,2002-04-26,,Active
BID,Sothebys,NYSE,Stock,1988-05-13,,Active
BIDU,Baidu Inc,NASDAQ,Stock,2005-08-05,,Active
BIE,BlackRock Municipal Bond Inv Common,NYSE,ETF,2002-04-26,,Active
BIF,Boulder Growth & Income Fund Inc,NYSE,ETF,1988-01-05,,Active
BIIB,Biogen Inc,NASDAQ,Stock,1991-09-17,,Active
BIK,SPDRR S&PR BRIC 40 ETF,NYSE ARCA,ETF,2007-06-21,,Active
BIL,STATE STREET(R) SPDR(R) BLOOMBERG 1-3 MONTH T-BILL ETF ,NYSE,ETF,2007-05-30,,Active
BIO,Bio-Rad Laboratories Inc - Class A,NYSE,Stock,1980-02-27,,Active
BIO-B,Bio-Rad Laboratories Inc - Class B,NYSE,Stock,1999-09-21,,Active
BIOP,Bioptix Inc,NASDAQ,Stock,2003-01-24,,Active
BIP,Brookfield Infrastructure Partners L.P,NYSE,Stock,2008-01-10,,Active
BIRT,Actuate Corp,NASDAQ,Stock,1998-07-17,,Active
BIV,VANGUARD INTERMEDIATE-TERM BOND INDEX FUND ETF SHARES,NYSE,ETF,2007-04-10,,Active
BJRI,BJ`s Restaurant Inc,NASDAQ,Stock,1996-10-10,,Active
BJS,BJ SERVICES CO,NYSE,Stock,2006-12-28,,Active
BJZ,Blackrock California Municipal 2018 Term,NYSE,ETF,2001-12-10,,Active
BKC,REX BKCM ETF,NYSE ARCA,ETF,2006-05-18,,Active
BKCC,BlackRock Capital Investment Corp,NASDAQ,Stock,2007-06-27,,Active
BKD,Brookdale Senior Living Inc,NYSE,Stock,2005-11-22,,Active
BKE,Buckle Inc,NYSE,Stock,1992-05-11,,Active
BKF,ISHARES MSCI BIC ETF ,NYSE,ETF,2007-11-20,,Active
BKH,Black Hills Corporation,NYSE,Stock,1984-09-07,,Active
BKI,Buckeye Technologies Inc,NYSE,Stock,2001-01-02,,Active
BKJ,Bancorp of New Jersey Inc,NYSE,Stock,2008-06-03,,Active
BKK,Blackrock Municipal 2020 Term Trust,NYSE,ETF,2003-09-29,,Active
BKMU,Bank Mutual Corp,NASDAQ,Stock,2001-01-02,,Active
BKN,BlackRock Investment Quality Municipal Trust,NYSE,ETF,1993-02-23,,Active
BKNG,Booking Holdings Inc,NASDAQ,Stock,1999-03-31,,Active
BKS,Barnes Noble Inc,NYSE,Stock,1993-09-28,,Active
BKT,BlackRock Income Trust Inc,NYSE,ETF,1988-07-25,,Active
BKYF,The Bank of Kentucky Financial Corp,NASDAQ,Stock,1999-02-25,,Active
BLC,Belo Corp,NYSE,Stock,2006-12-28,,Active
BLDP,Ballard Power Systems Inc,NASDAQ,Stock,1995-11-08,,Active
BLDR,Builders Firstsource Inc,NYSE,Stock,2005-06-28,,Active
BLE,BlackRock Municipal Income Trust II,NYSE,ETF,2002-07-30,,Active
BLFS,Biolife Solutions Inc,NASDAQ,Stock,1992-05-26,,Active
BLH,Blackrock New York Municipal 2018 Term T,NYSE,ETF,2001-12-14,,Active
BLIN,Bridgeline Digital Inc,NASDAQ,Stock,2007-06-29,,Active
BLJ,Blackrock New Jersey Municipal Bond Trst,NYSE MKT,ETF,2002-04-26,,Active
BLK,BlackRock Finance Inc,NYSE,Stock,1999-10-01,,Active
BLKB,Blackbaud Inc,NASDAQ,Stock,2004-07-26,,Active
BLT,Blount International Inc,NYSE,Stock,1999-08-19,,Active
BLU,Bellus Health Inc,NASDAQ,Stock,2008-12-29,,Active
BLUD,IMMUCOR INC,NASDAQ,Stock,2001-01-02,,Active
BLV,VANGUARD LONG-TERM BOND INDEX FUND ETF SHARES,NYSE,ETF,2007-04-10,,Active
BLW,BlackRock Ltd Duration Income Trust,NYSE,ETF,2003-07-29,,Active
BLX,Banco Latinoamericano De Comercio Exterior SA - Class E,NYSE,Stock,1992-09-24,,Active
BMA,Banco Macro S.A.,NYSE,Stock,2006-03-27,,Active
BME,BlackRock Health Sciences Trust,NYSE,ETF,2005-03-29,,Active
BMI,Badger Meter Inc,NYSE,Stock,1984-09-07,,Active
BMO,Bank of Montreal,NYSE,Stock,1994-10-27,,Active
BMR,Biomed Realty Trust Inc,NYSE,Stock,2004-08-06,,Active
BMRA,Biomerica Inc,NASDAQ,Stock,2005-01-03,,Active
BMRC,Bank of Marin Bancorp,NASDAQ,Stock,1999-12-23,,Active
BMRN,Biomarin Pharmaceutical Inc,NASDAQ,Stock,1999-07-26,,Active
BMS,Bemis Company Inc,NYSE,Stock,1984-09-07,,Active
BMTC,Bryn Mawr Bank Corp,NASDAQ,Stock,1985-08-08,,Active
BMVP,INVESCO BLOOMBERG MVP MULTI-FACTOR ETF ,NYSE,ETF,2003-05-01,,Active
BMY,Bristol-Myers Squibb Company,NYSE,Stock,1972-06-01,,Active
BN,Brookfield Corporation - Class A,NYSE,Stock,1983-12-30,,Active
BNCL,Beneficial Mutual Bancorp Inc,NASDAQ,Stock,2007-07-16,,Active
BND,VANGUARD TOTAL BOND MARKET INDEX FUND ETF SHARES,NASDAQ,ETF,2007-04-10,,Active
BNDS,INFRASTRUCTURE CAPITAL BOND INCOME ETF ,NYSE,ETF,2007-05-30,,Active
BNJ,BlackRock New Jersey Municipal Income Trust,NYSE,ETF,2001-07-27,,Active
BNNX,Banks.com Inc,NYSE,Stock,2007-11-27,,Active
BNS,Bank Of Nova Scotia,NYSE,Stock,1999-09-13,,Active
BNY,Bank Of New York Mellon Corp,NYSE,Stock,1973-05-03,,Active
BNY,BlackRock New York Municipal Income Trust,NYSE,ETF,2001-07-27,,Active
BOBE,Bob Evans Farms Inc,NASDAQ,Stock,1984-09-05,,Active
BOCH,Bank of Commerce Holdings,NASDAQ,Stock,1999-11-03,,Active
BOE,BlackRock Enhanced Global Dividend Trust,NYSE,ETF,2005-05-26,,Active
BOFI,BofI Holding Inc,NASDAQ,Stock,2005-03-15,,Active
BOH,Bank of Hawaii Corp,NYSE,Stock,1984-09-07,,Active
BOI,Brookfield Mortgage Opportunity Income,NYSE,ETF,2003-06-20,,Active
BOKF,BOK Financial Corp,NASDAQ,Stock,1991-09-05,,Active
BOLT,Bolt Technology Corp,NASDAQ,Stock,1995-02-01,,Active
BOOM,DMC Global Inc,NASDAQ,Stock,1989-01-05,,Active
BOSC,B.O.S. Better Online Solutions,NASDAQ,Stock,1996-04-02,,Active
BOTJ,Bank of James Financial Group Inc,NASDAQ,Stock,2000-08-10,,Active
BP,BP plc,NYSE,Stock,1977-01-03,,Active
BPFH,Boston Private Financial Holdings Inc,NASDAQ,Stock,1994-02-14,,Active
BPK,Blackrock Municipal 2018 Term Trust,NYSE,ETF,2001-12-11,,Active
BPL,Buckeye Partners LP,NYSE,Stock,1986-12-17,,Active
BPOP,Popular Inc,NASDAQ,Stock,1990-03-26,,Active
BPOPM,Popular Capital Trust II,NASDAQ,Stock,2008-11-19,,Active
BPOPN,Popular Capital Trust I,NASDAQ,Stock,2004-05-05,,Active
BPZ,BPZ Resources Inc,NYSE,Stock,2003-10-07,,Active
BQH,BlackRock New York Municipal Bond Trust,NYSE,ETF,2002-04-26,,Active
BR,Broadridge Financial Solutions Inc,NYSE,Stock,2007-04-02,,Active
BRC,Brady Corp - Class A,NYSE,Stock,1984-09-07,,Active
BRCD,Brocade Communications Systems Inc,NASDAQ,Stock,1999-05-25,,Active
BREW,Craft Brew Alliance Inc.,NASDAQ,Stock,1995-08-18,,Active
BRF,VANECK BRAZIL SMALL-CAP ETF ,NYSE,ETF,2009-05-14,,Active
BRFS,BRF S.A.,NYSE,Stock,2001-01-02,,Active
BRID,Bridgford Foods Corp,NASDAQ,Stock,1984-09-07,,Active
BRK-A,Berkshire Hathaway Inc - Class A,NYSE,Stock,1980-03-17,,Active
BRK-B,Berkshire Hathaway Inc - Class B,NYSE,Stock,1996-05-09,,Active
BRKL,Brookline Bancorp Inc,NASDAQ,Stock,1998-03-25,,Active
BRKR,Bruker Corp,NASDAQ,Stock,2000-08-04,,Active
BRLI,BioReference Laboratories Inc,NASDAQ,Stock,1993-11-22,,Active
BRNC,Bronco Drilling Company Inc,NASDAQ,Stock,2005-08-16,,Active
BRO,Brown & Brown Inc,NYSE,Stock,1992-03-03,,Active
BRSL,International Game Technology PLC,NYSE,Stock,1990-03-26,,Active
BRSWQ,Bristow Group Inc,NYSE,Stock,1990-03-26,,Active
BRT,BRT Apartments Corp,NYSE,Stock,1973-05-03,,Active
BRY,,NYSE,Stock,2006-12-28,,Active
BSAC,Banco Santander Chile SA,NYSE,Stock,1994-10-31,,Active
BSBR,Banco Santander (Brasil) S.A.,NYSE,Stock,2009-10-07,,Active
BSD,BlackRock Strategic Municipal Trust,NYSE,ETF,1999-08-25,,Active
BSE,BlackRock New York Municipal Income Quality Trust,NYSE,ETF,2002-10-29,,Active
BSET,Bassett Furniture Industries Inc,NASDAQ,Stock,1984-09-07,,Active
BSF,Bear State Financial Inc,NASDAQ,Stock,1996-05-06,,Active
BSIN,U.S. Energy Corp,NASDAQ,Stock,1990-03-26,,Active
BSPE,Vintage Wine Estates Inc - Class A (Restricted Voting),NASDAQ,Stock,2005-09-07,,Active
BSQR,BSquare Corp,NASDAQ,Stock,1999-10-21,,Active
BSRR,Sierra Bancorp,NASDAQ,Stock,1996-05-30,,Active
BSV,VANGUARD SHORT-TERM BOND INDEX FUND ETF SHARES,NYSE,ETF,2007-04-10,,Active
BSX,Boston Scientific Corp,NYSE,Stock,1992-05-19,,Active
BTA,BlackRock Long-Term Municipal Advantage Trust,NYSE,ETF,2006-02-27,,Active
BTE,Baytex Energy Corp,NYSE,Stock,2006-04-03,,Active
BTFG,Banctrust Financial Group Inc,NASDAQ,Stock,2002-05-15,,Active
BTH,Blyth Inc,NYSE,Stock,1994-05-18,,Active
BTI,British American Tobacco Plc,NYSE,Stock,1980-04-14,,Active
BTO,John Hancock Financial Opportunities Fund,NYSE,ETF,1994-08-17,,Active
BTQ,BTQ Technologies Corp,NASDAQ,Stock,2006-12-18,,Active
BTTGY,BT Group plc American Depositary Shares,NYSE,Stock,1984-12-03,,Active
BTU,Peabody Energy,NYSE,Stock,2001-05-22,,Active
BTUI,BTU International Inc,NASDAQ,Stock,1989-02-08,,Active
BTZ,BlackRock Credit Allocation Income Trust,NYSE,ETF,2006-12-22,,Active
BUCY,BUCYRUS INTERNATIONAL INC,NASDAQ,Stock,2004-07-23,,Active
BUD,Anheuser-Busch InBev SA/NV,NYSE,Stock,2009-07-01,,Active
BUSE,First Busey Corp,NASDAQ,Stock,1998-10-06,,Active
BVN,Compania de Minas Buenaventura S.A.,NYSE,Stock,1996-05-15,,Active
BVSN,BroadVision Inc,NASDAQ,Stock,1996-06-21,,Active
BVX,Bovie Medical Corp,NYSE,Stock,1999-02-22,,Active
BWA,BorgWarner Inc,NYSE,Stock,1993-08-13,,Active
BWEN,Broadwind Inc,NASDAQ,Stock,2004-03-29,,Active
BWINA,Baldwin & Lyons Inc,NASDAQ,Stock,1986-06-12,,Active
BWINB,Baldwin & Lyons Inc,NASDAQ,Stock,1986-05-14,,Active
BWL-A,Bowl America Inc - Class A,NYSE MKT,Stock,1984-09-07,,Active
BWLA,,NYSE,Stock,2009-09-08,,Active
BWLD,Buffalo Wild Wings,NASDAQ,Stock,2003-11-21,,Active
BWP,Boardwalk Pipeline Partners LP,NYSE,Stock,2005-11-10,,Active
BWV,iPath CBOE S&P 500 BuyWrite IndexSM ETN,NYSE ARCA,ETF,2007-05-23,,Active
BWX,SPDR(R) BLOOMBERG INTERNATIONAL TREASURY BOND ETF ,NYSE,ETF,2007-10-11,,Active
BWY,BWAY CORP,NYSE,Stock,2007-06-13,,Active
BWZ,SPDR(R) BLOOMBERG SHORT TERM INTERNATIONAL TREASURY BOND ETF ,NYSE,ETF,2009-01-30,,Active
BX,Blackstone Inc,NYSE,Stock,2007-06-22,,Active
BXC,Bluelinx Hldgs Inc,NYSE,Stock,2004-12-14,,Active
BXE,Bellatrix Exploration Ltd,NYSE,Stock,2005-11-07,,Active
BXG1,Bluegreen Corp,NYSE,Stock,2001-01-02,,Active
BXMT,Blackstone Mortgage Trust Inc - Class A,NYSE,Stock,1987-11-05,,Active
BXMX,Nuveen S&P 500 Buy-Write Income Fund,NYSE,ETF,2004-10-27,,Active
BXP,Boston Properties Inc,NYSE,Stock,1997-06-18,,Active
BXUB,Barclays ETN+LONG B S&P 500,NYSE ARCA,ETF,2009-11-18,,Active
BXUC,Barclays ETN+LONG C S&P 500,NYSE ARCA,ETF,2009-11-18,,Active
BYBK,Bay Bancorp Inc,NASDAQ,Stock,1994-05-31,,Active
BYD,Boyd Gaming Corp,NYSE,Stock,1993-10-18,,Active
BYFC,Broadway Financial Corp,NASDAQ,Stock,1996-01-09,,Active
BYI,Bally Technologies Inc,NYSE,Stock,1982-01-12,,Active
BYM,BlackRock Municipal Income Quality Trust,NYSE,ETF,2002-10-29,,Active
BZC,BreezeEastern Corp,NYSE,Stock,2005-01-21,,Active
BZF,WISDOMTREE BRAZILIAN REAL STRATEGY FUND NA,NYSE ARCA,ETF,2008-05-22,,Active
BZH,Beazer Homes USA Inc,NYSE,Stock,1994-02-23,,Active
BZM,BlackRock Maryland Municipal Bond Trust,NYSE,ETF,2002-04-26,,Active
BZQ,ProShares UltraShort MSCI Brazil Capped ETF -2x Shares,NYSE,ETF,2009-06-19,,Active
C,Citigroup Inc,NYSE,Stock,1977-01-03,,Active
C-WS-A,Citigroup Inc,NYSE,Stock,1977-01-03,,Active
CA,CA Inc,NASDAQ,Stock,1984-09-07,,Active
CAA,CalAtlantic Group Inc,NYSE,Stock,1987-12-30,,Active
CAAS,China Automotive Systems Inc,NASDAQ,Stock,2003-10-07,,Active
CAB,Cabelas Inc,NYSE,Stock,2004-07-06,,Active
CAC,Camden National Corp,NASDAQ,Stock,1997-10-08,,Active
CACB,Cascade Bancorp,NASDAQ,Stock,1994-01-21,,Active
CACC,Credit Acceptance Corp,NASDAQ,Stock,1992-06-05,,Active
CACI,Caci International Inc,NYSE,Stock,1984-09-07,,Active
CADE,Cadence Bank,NYSE,Stock,1985-10-16,,Active
CAE,Cae Inc,NYSE,Stock,1996-01-10,,Active
CAF,Morgan Stanley China A Share Fund Inc,NYSE,ETF,2006-09-28,,Active
CAG,Conagra Brands Inc,NYSE,Stock,1984-09-07,,Active
CAGC,CHINA AGRITECH INC,NASDAQ,Stock,2009-09-03,,Active
CAH,Cardinal Health Inc,NYSE,Stock,1987-12-31,,Active
CAKE,Cheesecake Factory Inc,NASDAQ,Stock,1992-09-18,,Active
CAL,Caleres Inc,NYSE,Stock,1984-09-07,,Active
CALCQ,CALIFORNIA COASTAL COMMUNITIES INC,NASDAQ,Stock,1992-03-17,,Active
CALD,Callidus Software Inc,NASDAQ,Stock,2003-11-20,,Active
CALL,magicJack VocalTec Ltd,NASDAQ,Stock,1996-02-07,,Active
CALM,Cal-Maine Foods Inc,NASDAQ,Stock,1996-12-12,,Active
CALY,Callaway Golf Company,NYSE,Stock,1992-02-28,,Active
CAM,AB CALIFORNIA INTERMEDIATE MUNICIPAL ETF ,NYSE,Stock,1995-07-05,,Active
CAMT,Camtek Ltd,NASDAQ,Stock,2000-07-28,,Active
CAP,CAI International Inc,NYSE,Stock,2007-05-16,,Active
CAPEQ,Cape Fear Bank CORP,NASDAQ,Stock,2006-10-02,,Active
CAPR,Capricor Therapeutics Inc,NASDAQ,Stock,2007-02-13,,Active
CAR,Avis Budget Group Inc,NASDAQ,Stock,1990-01-12,,Active
CART,Carolina Trust Bank,NASDAQ,Stock,2004-12-21,,Active
CAS,A. M. Castle & Company,NYSE,Stock,1980-03-17,,Active
CASC,Cascade Corp,NASDAQ,Stock,1991-11-19,,Active
CASH,Pathward Financial Inc,NASDAQ,Stock,1993-09-21,,Active
CASI,CASI Pharmaceuticals Inc,NASDAQ,Stock,1996-06-12,,Active
CASM,CAS Medical Systems Inc,NASDAQ,Stock,1999-12-22,,Active
CASS,Cass Information Systems Inc,NASDAQ,Stock,1996-01-02,,Active
CASY,Casey`s General Stores Inc,NASDAQ,Stock,1983-10-20,,Active
CAT,Caterpillar Inc,NYSE,Stock,1962-01-02,,Active
CATM,Cardtronics plc - Class A,NASDAQ,Stock,2007-12-13,,Active
CATO,Cato Corp - Class A,NYSE,Stock,1987-04-23,,Active
CATS,Catalyst Semiconductor Inc,NASDAQ,Stock,2006-12-28,,Active
CATY,Cathay General Bancorp,NASDAQ,Stock,1990-12-17,,Active
CAVM,Cavium Inc,NASDAQ,Stock,2007-05-02,,Active
CAW,CCA Industries Inc,NYSE,Stock,1984-09-07,,Active
CB,Chubb Ltd,NYSE,Stock,1984-09-07,,Active
CBAN,Colony Bankcorp Inc,NYSE,Stock,1998-04-02,,Active
CBAT,CBAK Energy Technology Inc,NASDAQ,Stock,2002-09-25,,Active
CBEY,Cbeyond Inc,NASDAQ,Stock,2005-11-10,,Active
CBFV,CB Financial Services Inc,NASDAQ,Stock,2001-06-06,,Active
CBG,CBRE Group Inc,NYSE,Stock,2004-06-10,,Active
CBI,Chicago Bridge Iron Company NV,NYSE,Stock,1997-03-27,,Active
CBM,Cambrex Corp,NYSE,Stock,1987-09-23,,Active
CBMX,CombiMatrix Corp,NASDAQ,Stock,2002-12-16,,Active
CBNR,Cubic Energy Inc,NYSE,Stock,2010-01-04,,Active
CBPO,China Biologic Products Holdings Inc,NASDAQ,Stock,2008-01-29,,Active
CBR,CIBER Inc,NYSE,Stock,1994-03-17,,Active
CBRE,CBRE Group Inc - Class A,NYSE,Stock,2004-06-10,,Active
CBRL,Cracker Barrel Old Country Store Inc,NASDAQ,Stock,1984-09-07,,Active
CBSH,Commerce Bancshares Inc,NASDAQ,Stock,1984-09-07,,Active
CBST,Cubist Pharmaceuticals Inc,NASDAQ,Stock,1996-10-25,,Active
CBT,Cabot Corp,NYSE,Stock,1980-11-05,,Active
CBU,Community Bank System Inc,NYSE,Stock,1985-11-27,,Active
CBZ,Cbiz Inc,NYSE,Stock,1995-04-27,,Active
CCBG,Capital City Bank Group Inc,NASDAQ,Stock,1997-02-03,,Active
CCC,Calgon Carbon Corp,NYSE,Stock,1987-06-03,,Active
CCEP,Coca-Cola Europacific Partners Plc,NASDAQ,Stock,1986-11-24,,Active
CCF,Chase Corp,NYSE MKT,Stock,1995-10-25,,Active
CCI,Crown Castle Inc,NYSE,Stock,1998-08-18,,Active
CCJ,Cameco Corp,NYSE,Stock,1996-03-14,,Active
CCK,Crown Holdings Inc,NYSE,Stock,1984-12-18,,Active
CCL,Carnival Corporation Ltd (Paired Stock),NYSE,Stock,1989-01-05,,Active
CCM,Concord Medical Services,NYSE,Stock,2009-12-11,,Active
CCMP,CMC Materials Inc,NASDAQ,Stock,2000-04-05,,Active
CCNE,CNB Financial Corp (PA),NASDAQ,Stock,1996-05-30,,Active
CCO,Clear Channel Outdoor Holdings Inc,NYSE,Stock,2005-11-14,,Active
CCOI,Cogent Communications Holdings Inc,NASDAQ,Stock,2002-02-05,,Active
CCRD,CoreCard Corporation - Class A,NYSE,Stock,1995-08-18,,Active
CCRN,Cross Country Healthcares Inc,NASDAQ,Stock,2001-10-25,,Active
CCU,Compania Cervecerias Unidas S.A.,NYSE,Stock,2001-01-02,,Active
CCXE,WISDOMTREE COMMODITY COUNTRY EQUITY FUND NA,NYSE ARCA,ETF,2006-10-13,,Active
CCZ,Comcast Corp,NYSE,Stock,1999-11-24,,Active
CDE,Coeur Mining Inc,NYSE,Stock,1990-04-12,,Active
CDI,CDI Corp,NYSE,Stock,1989-06-29,,Active
CDII,CD International Enterprises Inc,NASDAQ,Stock,2004-11-02,,Active
CDNS,Cadence Design Systems Inc,NASDAQ,Stock,1990-03-26,,Active
CDOR,Condor Hospitality Trust Inc,NYSE MKT,Stock,2001-01-02,,Active
CDP,COPT Defense Properties,NYSE,Stock,1991-12-31,,Active
CDR,Cedar Realty Trust Inc,NYSE,Stock,1993-02-19,,Active
CDZI,Cadiz Inc,NASDAQ,Stock,1990-03-26,,Active
CE,Celanese Corp - Series A,NYSE,Stock,2005-01-21,,Active
CEB,The Corporate Executive Board Company,NYSE,Stock,1999-02-23,,Active
CECO,Ceco Environmental Corp,NASDAQ,Stock,1992-09-29,,Active
CEE,Central and Eastern Europe Fund Inc (The),NYSE,ETF,1990-02-28,,Active
CEF,Sprott Physical Gold and Silver Trust,NYSE,ETF,1990-01-02,,Active
CEG,CONSTELLATION ENERGY GROUP INC,NYSE,Stock,2006-12-28,,Active
CELG,Celgene Corp,NASDAQ,Stock,1990-03-26,,Active
CEMI,Chembio Diagnostics Inc,NASDAQ,Stock,2004-05-05,,Active
CENN,Cenntro Electric Group Ltd,NASDAQ,Stock,2009-12-16,,Active
CENT,Central Garden & Pet Company,NASDAQ,Stock,1993-07-15,,Active
CENTA,Central Garden & Pet Co. - Class A,NASDAQ,Stock,2007-02-06,,Active
CENX,Century Aluminum Company,NASDAQ,Stock,1996-03-29,,Active
CEO,Cnooc Ltd,NYSE,Stock,2001-02-27,,Active
CEQP,Crestwood Equity Partners LP,NYSE,Stock,2001-07-26,,Active
CERN,Cerner Corp,NASDAQ,Stock,1990-03-26,,Active
CERS,Cerus Corp,NASDAQ,Stock,1997-01-31,,Active
CETC,Clean Enviro Tech Corp,NASDAQ,Stock,2001-01-02,,Active
CETV,Central European Media Enterprises - Class A,NASDAQ,Stock,1994-10-14,,Active
CEVA,Ceva Inc,NASDAQ,Stock,2002-11-01,,Active
CEW,WISDOMTREE EMERGING CURRENCY STRATEGY FUND ,NYSE,ETF,2009-06-02,,Active
CF,CF Industries Holdings Inc,NYSE,Stock,2005-08-11,,Active
CFBK,CF Bankshares Inc,NASDAQ,Stock,1998-12-30,,Active
CFFI,C & F Financial Corp,NASDAQ,Stock,1998-05-07,,Active
CFFN,Capitol Federal Financial,NASDAQ,Stock,1999-04-01,,Active
CFI,Culp Inc,NYSE,Stock,1990-03-26,,Active
CFL,Brinks Home Security Holdings Inc,NYSE,Stock,2008-11-03,,Active
CFN,CareFusion Corp,NYSE,Stock,2009-08-21,,Active
CFNL,Cardinal Financial Corp,NASDAQ,Stock,1998-07-17,,Active
CFR,Cullen Frost Bankers Inc,NYSE,Stock,1990-03-26,,Active
CFSG,CHINA FIRE & SECURITY GROUP INC.,NASDAQ,Stock,2006-09-15,,Active
CGEN,Compugen Ltd,NASDAQ,Stock,2000-08-11,,Active
CGG,CGG SA ADR,NYSE,Stock,1997-05-07,,Active
CGI,Celadon Group Inc,NYSE,Stock,1994-01-21,,Active
CGNT,Cogentix Medical Inc,NASDAQ,Stock,1992-12-15,,Active
CGNX,Cognex Corp,NASDAQ,Stock,1989-10-09,,Active
CGO,Calamos Global Total Return Fund,NASDAQ,ETF,2005-10-27,,Active
CGW,INVESCO S&P GLOBAL WATER INDEX ETF ,NYSE,ETF,2007-05-14,,Active
CGX,Consolidated Graphics Inc,NYSE,Stock,2006-12-28,,Active
CHA,China Telecom Corporation,NYSE,Stock,2002-11-14,,Active
CHB,CHAMPION ENTERPRISES INC,NYSE,ETF,2006-12-28,,Active
CHCI,Comstock Holding Co. Inc - Class A,NASDAQ,Stock,2004-12-14,,Active
CHCO,City Holding Company,NASDAQ,Stock,1993-02-19,,Active
CHD,Church & Dwight Co. Inc,NYSE,Stock,1986-03-06,,Active
CHDN,Churchill Downs Inc,NASDAQ,Stock,1993-03-29,,Active
CHDX,Chindex International Inc,NASDAQ,Stock,1994-08-19,,Active
CHE,Chemed Corp,NYSE,Stock,1973-05-03,,Active
CHFN,Charter Financial Corp,NASDAQ,Stock,2002-08-02,,Active
CHH,Choice Hotels International Inc,NYSE,Stock,1996-10-16,,Active
CHI,Calamos Convertible Opportunities and Income Fund,NASDAQ,ETF,2002-06-27,,Active
CHIC,CHARLOTTE RUSSE HOLDING INC,NASDAQ,Stock,1999-10-20,,Active
CHII,Global X MSCI China Industrials ETF,NYSE ARCA,ETF,2009-12-01,,Active
CHIQ,GLOBAL X MSCI CHINA CONSUMER DISCRETIONARY ETF ,NYSE,ETF,2009-12-01,,Active
CHK,Chesapeake Energy Corp,NASDAQ,Stock,1993-02-16,,Active
CHKP,Check Point Software Technologies Ltd,NASDAQ,Stock,1996-06-28,,Active
CHL,China Mobile Ltd,NYSE,Stock,1997-10-22,,Active
CHLN,China Housing & Land Development Inc,NASDAQ,Stock,2005-11-17,,Active
CHMG,Chemung Financial Corp,NASDAQ,Stock,1999-01-04,,Active
CHN,China Fund Inc,NYSE,ETF,1992-07-10,,Active
CHNR,China Natural Resources Inc,NASDAQ,Stock,1995-08-07,,Active
CHOP,China Gerui Advanced Materials Group Ltd,NASDAQ,Stock,2007-04-17,,Active
CHRD,CHORDIANT SOFTWARE INC,NASDAQ,Stock,2001-01-02,,Active
CHRW,C.H. Robinson Worldwide Inc,NASDAQ,Stock,1997-10-16,,Active
CHS,Chico`s Fas Inc,NYSE,Stock,1993-03-24,,Active
CHSCP,CHS Inc,NASDAQ,Stock,2003-03-24,,Active
CHSI,Catalyst Health Solutions Inc,NASDAQ,Stock,2008-10-03,,Active
CHT,Chunghwa Telecom,NYSE,Stock,2003-10-09,,Active
CHTP,Chelsea Therapeutics International Ltd,NASDAQ,Stock,2005-11-10,,Active
CHTT,CHATTEM INC,NASDAQ,Stock,1992-11-06,,Active
CHU,China Unicom (Hong Kong) Ltd,NYSE,Stock,2000-06-21,,Active
CHUX,OCharleys LLC,NASDAQ,Stock,2008-09-10,,Active
CHW,Calamos Global Dynamic Income Fund,NASDAQ,ETF,2007-07-26,,Active
CHY,Calamos Convertible and High Income Fund,NASDAQ,ETF,2003-05-29,,Active
CHYR,Chyronhego Corp,NASDAQ,Stock,2001-05-25,,Active
CI,Cigna Group (The),NYSE,Stock,1982-03-31,,Active
CIA,Citizens Inc - Class A,NYSE,Stock,1988-12-05,,Active
CIB,Bancolombia S.A.,NYSE,Stock,1995-07-26,,Active
CIE,Cobalt International Energy Inc,NYSE,Stock,2009-12-16,,Active
CIEN,CIENA Corp,NYSE,Stock,1997-02-07,,Active
CIF,MFS Intermediate High Income Fund,NYSE,ETF,1988-10-05,,Active
CIG,Cia Energetica DE Minas Gerais - Cemig,NYSE,Stock,1996-11-18,,Active
CIGI,Colliers International Group Inc,NASDAQ,Stock,1995-01-20,,Active
CII,BlackRock Enhanced Capital and Income Fund Inc,NYSE,ETF,2004-05-26,,Active
CIIT,Tianci International Inc,NASDAQ,Stock,2001-01-02,,Active
CIM,Chimera Investment Corp,NYSE,Stock,2007-11-16,,Active
CINF,Cincinnati Financial Corp,NASDAQ,Stock,1990-03-26,,Active
CIR,Circor International Inc,NYSE,Stock,1999-10-18,,Active
CIT,CIT Group Inc,NYSE,Stock,2009-12-10,,Active
CITP,COMSYS IT PARTNERS INC,NASDAQ,Stock,2004-10-05,,Active
CIU,iShares IntermediateTerm Corporate Bond ETF,NYSE ARCA,ETF,2007-01-11,,Active
CIVB,Civista Bancshares Inc,NASDAQ,Stock,2001-01-02,,Active
CKP,Checkpoint Systems Inc,NYSE,Stock,1986-11-12,,Active
CKR,CKE RESTAURANTS INC,NYSE,Stock,2001-01-02,,Active
CKSW,ClickSoftware Technologies Ltd,NASDAQ,Stock,2000-06-22,,Active
CL,Colgate-Palmolive Company,NYSE,Stock,1977-01-03,,Active
CLAR,Clarus Corp,NASDAQ,Stock,1998-05-27,,Active
CLB,Core Laboratories Inc,NYSE,Stock,1995-09-21,,Active
CLBH,Carolina Bank Holding Inc. NC,NASDAQ,Stock,2001-01-02,,Active
CLC,CLARCOR Inc,NYSE,Stock,1990-03-26,,Active
CLCT,Collectors Universe Inc,NASDAQ,Stock,1999-11-05,,Active
CLDA,CLINICAL DATA INC,NASDAQ,Stock,2001-01-02,,Active
CLDB,Cortland Bancorp,NASDAQ,Stock,2001-01-02,,Active
CLDX,Celldex Therapeutics Inc,NASDAQ,Stock,1990-03-26,,Active
CLF,Cleveland-Cliffs Inc,NYSE,Stock,1987-11-05,,Active
CLFC,Center Financial Corp,NASDAQ,Stock,2001-01-02,,Active
CLFD,Clearfield Inc,NASDAQ,Stock,1986-08-07,,Active
CLGX,CoreLogic Inc,NYSE,Stock,1990-03-23,,Active
CLH,Clean Harbors Inc,NYSE,Stock,1990-03-26,,Active
CLMB,Climb Global Solutions Inc,NASDAQ,Stock,1995-07-18,,Active
CLMS,Calamos Asset Management Inc,NASDAQ,Stock,2004-10-28,,Active
CLMT,Calumet Specialty Products Partners L.P.,NASDAQ,Stock,2006-01-26,,Active
CLNE,Clean Energy Fuels Corp,NASDAQ,Stock,2007-05-25,,Active
CLNT,Cleantech Solutions International Inc,NASDAQ,Stock,2007-12-27,,Active
CLNY1,Colony Financial Inc,NYSE,Stock,2009-09-24,,Active
CLP,Colonial Properties Trust Inc,NYSE,Stock,1994-02-02,,Active
CLRB,Cellectar Biosciences Inc,NASDAQ,Stock,2005-11-10,,Active
CLRO,ClearOne Inc,NASDAQ,Stock,1995-08-18,,Active
CLS,Celestica Inc,NYSE,Stock,1998-06-30,,Active
CLSP,CALLISTO PHARMACEUTICALS INC,NYSE,Stock,2008-10-22,,Active
CLUB,BILLIONAIRES CLUB ETF ,NYSE,Stock,2006-06-02,,Active
CLW,Clearwater Paper Corp,NYSE,Stock,2008-12-05,,Active
CLWR,Clearwire Corp,NASDAQ,Stock,2007-03-08,,Active
CLWT,Euro Tech Holdings Co. Ltd,NASDAQ,Stock,1997-03-14,,Active
CLX,Clorox Company,NYSE,Stock,1983-03-21,,Active
CLY,ISHARES 10 YEAR CREDIT BOND ETF,NYSE ARCA,ETF,2009-12-09,,Active
CLZR,CANDELA CORP,NASDAQ,Stock,2001-01-02,,Active
CM,Canadian Imperial Bank Of Commerce,NYSE,Stock,1997-11-13,,Active
CMA,Comerica Inc,NYSE,Stock,1990-03-26,,Active
CMA-WS,Comerica Inc. Wt,NYSE,Stock,1980-03-17,,Active
CMC,Commercial Metals Company,NYSE,Stock,1987-11-05,,Active
CMCO,Columbus Mckinnon Corp,NASDAQ,Stock,1996-02-28,,Active
CMCSA,Comcast Corp - Class A,NASDAQ,Stock,1988-07-07,,Active
CMCSK,Comcast Corp,NASDAQ,Stock,1990-03-26,,Active
CMCT,Creative Media & Community Trust,NASDAQ,Stock,1995-08-18,,Active
CMD,Cantel Medical Corp,NYSE,Stock,1993-02-19,,Active
CME,CME Group Inc - Class A,NASDAQ,Stock,2002-12-06,,Active
CMF,ISHARES CALIFORNIA MUNI BOND ETF ,NYSE,ETF,2007-10-05,,Active
CMG,Chipotle Mexican Grill,NYSE,Stock,2006-01-26,,Active
CMI,Cummins Inc,NYSE,Stock,1984-12-18,,Active
CMK,MFS InterMarket Income Trust I,NYSE,ETF,1990-01-02,,Active
CMO,Capstead Mortgage Corp,NYSE,Stock,1987-11-05,,Active
CMP,Compass Minerals International Inc,NYSE,Stock,2003-12-12,,Active
CMPR,Cimpress plc,NASDAQ,Stock,2005-09-30,,Active
CMRO,COMARCO Inc,NASDAQ,Stock,1976-10-15,,Active
CMS,CMS Energy Corporation,NYSE,Stock,1984-12-31,,Active
CMSB,CMS Bancorp Inc,NASDAQ,Stock,2007-04-04,,Active
CMTL,Comtech Telecommunications Corp,NASDAQ,Stock,1992-02-18,,Active
CMTV,Community Bancorp Inc Vermont,NASDAQ,Stock,2001-01-02,,Active
CMU,MFS High Yield Municipal Trust,NYSE,ETF,1987-03-19,,Active
CNA,CNA Financial Corp,NYSE,Stock,1985-07-11,,Active
CNBKA,Century Bancorp Inc - Class A,NASDAQ,Stock,1990-03-27,,Active
CNC,Centene Corp,NYSE,Stock,2001-12-13,,Active
CNET,ZW Data Action Technologies Inc,NASDAQ,Stock,2009-08-14,,Active
CNH,CNH GLOBAL N V Foreign,NYSE,Stock,2001-01-02,,Active
CNI,Canadian National Railway Company,NYSE,Stock,1996-11-26,,Active
CNIT,China Information Technology Inc,NASDAQ,Stock,2006-09-12,,Active
CNK,Cinemark Holdings Inc,NYSE,Stock,2007-04-24,,Active
CNMD,Conmed Corp,NYSE,Stock,1990-03-26,,Active
CNO,CNO Financial Group Inc,NYSE,Stock,2003-09-10,,Active
CNOB,ConnectOne Bancorp Inc,NASDAQ,Stock,1996-05-30,,Active
CNP,Centerpoint Energy Inc,NYSE,Stock,1970-01-02,,Active
CNQ,Canadian Natural Resources Ltd,NYSE,Stock,2000-07-31,,Active
CNQR,Concur Technologies Inc,NASDAQ,Stock,1998-12-16,,Active
CNR,Cornerstone Building Brands Inc,NYSE,Stock,1992-04-06,,Active
CNS,Cohen & Steers Inc,NYSE,Stock,2004-08-16,,Active
CNSL,Consolidated Communications Holdings Inc,NASDAQ,Stock,2005-07-22,,Active
CNSY,Cerenome Inc,NASDAQ,Stock,2000-11-16,,Active
CNTF,China TechFaith Wireless Communication Technology Ltd,NASDAQ,Stock,2005-05-06,,Active
CNTF,China Techfaith Wireless Comm Tech Ltd,NASDAQ,Stock,2005-05-06,,Active
CNTY,Century Casinos Inc,NASDAQ,Stock,1993-11-10,,Active
CNVR,,NASDAQ,Stock,2000-03-31,,Active
CNVS,Cineverse Corp - Class A,NASDAQ,Stock,2003-11-10,,Active
CNW,Conway Inc,NYSE,Stock,1980-01-02,,Active
CNX,CNX Resources Corp,NYSE,Stock,1999-04-30,,Active
CNXN,PC Connection Inc,NASDAQ,Stock,1998-03-03,,Active
CNY,Market Vectors Chinese RenminbiUSD ETN,NYSE ARCA,ETF,2008-03-17,,Active
COBK,Colonial Financial Services Inc,NASDAQ,Stock,2005-06-30,,Active
COBR,Cobra Electronics Corp,NASDAQ,Stock,1975-06-30,,Active
COBZ,CoBiz Financial Inc,NASDAQ,Stock,1998-06-18,,Active
COCO,Corinthian Colleges Inc,NASDAQ,Stock,1999-02-05,,Active
CODA,Coda Octopus Group Inc,NASDAQ,Stock,2003-10-17,,Active
CODI,Compass Diversified Holdings,NYSE,Stock,2006-05-18,,Active
COF,Capital One Financial Corp,NYSE,Stock,1994-11-16,,Active
COF-WS,Capital One Financial Corp. Wt,NYSE,Stock,1994-11-16,,Active
COFS,Choiceone Financial Services Inc,NASDAQ,Stock,2001-12-31,,Active
COGT,Cogent Inc,NASDAQ,Stock,2007-12-27,,Active
COH,Coach Inc,NYSE,Stock,2000-10-06,,Active
COHR,Coherent Corp,NYSE,Stock,1990-03-26,,Active
COHR,Coherent Inc,NASDAQ,Stock,1990-03-26,,Active
COHU,Cohu Inc,NASDAQ,Stock,1986-11-12,,Active
COKE,Coca-Cola Consolidated Inc,NASDAQ,Stock,1990-03-26,,Active
COL,Rockwell Collins Inc,NYSE,Stock,2001-06-15,,Active
COLB,Columbia Banking System Inc,NASDAQ,Stock,1992-06-16,,Active
COLM,Columbia Sportswear Company,NASDAQ,Stock,1998-03-27,,Active
COLO,GLOBAL X MSCI COLOMBIA ETF ,NYSE,ETF,2009-02-09,,Active
COO,Cooper Companies Inc,NASDAQ,Stock,1983-12-30,,Active
COOL,Majesco Entertainment Company,NASDAQ,Stock,1999-08-17,,Active
COP,Conoco Phillips,NYSE,Stock,1981-12-31,,Active
COR,Cencora Inc,NYSE,Stock,1995-04-04,,Active
CORE,Core-Mark Hldg Co Inc,NASDAQ,Stock,2005-04-13,,Active
CORSQ,CORUS BANKSHARES INC,NASDAQ,Stock,1991-05-07,,Active
CORT,Corcept Therapeutics Inc,NASDAQ,Stock,2004-04-14,,Active
CORV,Correvio Pharma Corp,NASDAQ,Stock,2003-07-17,,Active
COSI,Cosi Inc,NASDAQ,Stock,2002-11-22,,Active
COST,Costco Wholesale Corp,NASDAQ,Stock,1986-07-09,,Active
COV,Covidien plc,NYSE,Stock,2007-06-14,,Active
COW,iPath DJ-UBS Livestock TR Sub-Idx ETN,NYSE ARCA,ETF,2007-10-25,,Active
COWN,Cowen Inc - Class A,NASDAQ,Stock,2006-07-13,,Active
CP,Canadian Pacific Kansas City Ltd,NYSE,Stock,1983-12-30,,Active
CPA,Copa Holdings S.A. - Class A,NYSE,Stock,2005-12-15,,Active
CPAH,CounterPath Corp,NASDAQ,Stock,2004-04-07,,Active
CPB,Campbell Soup Company,NASDAQ,Stock,1985-07-01,,Active
CPE,Callon Petroleum Company,NYSE,Stock,1990-03-26,,Active
CPF,Central Pacific Financial Corp,NYSE,Stock,1990-03-26,,Active
CPHC,Canterbury Park Holding Corp,NASDAQ,Stock,2008-09-08,,Active
CPHD,Cepheid,NASDAQ,Stock,2000-06-22,,Active
CPHR,Cipher Pharmaceuticals Inc,NASDAQ,Stock,2006-02-02,,Active
CPI,IQ Real Return ETF,NYSE ARCA,ETF,2009-10-27,,Active
CPIX,Cumberland Pharmaceuticals Inc,NASDAQ,Stock,2009-08-11,,Active
CPK,Chesapeake Utilities Corp,NYSE,Stock,1990-03-26,,Active
CPL,CPFL Energia SA,NYSE,Stock,2004-09-29,,Active
CPLA,Capella Education Company,NASDAQ,Stock,2006-11-10,,Active
CPLP,Capital Product Partners L P,NASDAQ,Stock,2007-03-30,,Active
CPN,Calpine Corp,NYSE,Stock,2008-01-10,,Active
CPRT,Copart Inc,NASDAQ,Stock,1994-03-17,,Active
CPRX,Catalyst Pharmaceuticals Inc,NASDAQ,Stock,2006-11-08,,Active
CPSH,CPS Technologies Corporation,NASDAQ,Stock,1997-05-09,,Active
CPSS,Consumer Portfolio Service Inc,NASDAQ,Stock,1993-02-22,,Active
CPT,Camden Property Trust,NYSE,Stock,1993-07-22,,Active
CPV,CentraCore Properties Trust,NYSE,Stock,2001-01-02,,Active
CQB,Chiquita Brands International Inc,NYSE,Stock,1986-08-01,,Active
CQP,Cheniere Energy Partners LP,NYSE,Stock,2007-03-21,,Active
CQQQ,INVESCO CHINA TECHNOLOGY ETF ,NYSE,ETF,2009-12-08,,Active
CRA,Celera CORP,NASDAQ,Stock,1993-07-01,,Active
CRAI,CRA International Inc,NASDAQ,Stock,1998-04-24,,Active
CRAY,Cray Inc,NASDAQ,Stock,1995-09-27,,Active
CRBC,Citizens Republic Bancorp Inc,NASDAQ,Stock,2006-12-28,,Active
CRD-A,Crawford & Co. - Class A,NYSE,Stock,1992-03-19,,Active
CRD-B,Crawford & Co. - Class B,NYSE,Stock,1990-01-12,,Active
CRDA,,NYSE,Stock,2001-08-16,,Active
CRDF,Cardiff Oncology Inc,NASDAQ,Stock,2004-07-27,,Active
CRDS,Crossroads Systems Inc,NASDAQ,Stock,1999-10-21,,Active
CRED,COLUMBIA RESEARCH ENHANCED REAL ESTATE ETF ,NYSE ARCA,ETF,2007-01-11,,Active
CRESY,Cresud,NASDAQ,Stock,1997-03-19,,Active
CRH,CRH Plc,NYSE,Stock,1993-02-19,,Active
CRHCF,CRH Plc,NYSE,Stock,2007-07-17,,Active
CRI,Carters Inc,NYSE,Stock,2003-10-24,,Active
CRIS,Curis Inc,NASDAQ,Stock,2000-08-01,,Active
CRK,Comstock Resources Inc,NYSE,Stock,1990-03-26,,Active
CRL,Charles River Laboratories International Inc,NYSE,Stock,2000-06-23,,Active
CRM,Salesforce Inc,NYSE,Stock,2004-06-23,,Active
CRME,CARDIOME PHARMA CORP,NASDAQ,Stock,2003-07-15,,Active
CRMT,Americas Car Mart Inc,NASDAQ,Stock,1993-11-09,,Active
CRN,CORNELL COMPANIES INC,NYSE,Stock,1990-01-02,,Active
CRNT,Ceragon Networks Ltd,NASDAQ,Stock,2000-08-04,,Active
CROX,Crocs Inc,NASDAQ,Stock,2006-02-08,,Active
CRR,CARBO Ceramics Inc,NYSE,Stock,1996-04-23,,Active
CRRC,Courier Corp,NASDAQ,Stock,1990-03-27,,Active
CRS,Carpenter Technology Corp,NYSE,Stock,1987-11-05,,Active
CRT,Cross Timbers Royalty Trust,NYSE,Stock,1992-02-28,,Active
CRTC,XTRACKERS US NATIONAL CRITICAL TECHNOLOGIES ETF ,NYSE,ETF,2003-08-15,,Active
CRUS,Cirrus Logic Inc,NASDAQ,Stock,1990-03-26,,Active
CRV,The Coast Distribution System Inc,NYSE,Stock,1992-03-17,,Active
CRVL,Corvel Corp,NASDAQ,Stock,1991-06-28,,Active
CRVP,Crystal Rock Holdings Inc,NYSE,Stock,1994-01-14,,Active
CRWN,Crown Media Holdings Inc,NASDAQ,Stock,2000-05-05,,Active
CRWS,Crown Crafts Inc,NASDAQ,Stock,2003-10-07,,Active
CRZO,Carrizo Oil Gas Inc,NASDAQ,Stock,1997-08-06,,Active
CS,Credit Suisse Group AG,NYSE,Stock,1995-05-16,,Active
CSBK,Clifton Savings Bancorp Inc,NASDAQ,Stock,2004-05-11,,Active
CSBR,Champions Oncology Inc,NASDAQ,Stock,2007-02-02,,Active
CSC,Computer Sciences Corp,NYSE,Stock,2001-01-02,,Active
CSCI,COSCIENS Biopharma Inc,NASDAQ,Stock,2000-05-10,,Active
CSCO,Cisco Systems Inc,NASDAQ,Stock,1990-03-26,,Active
CSD,INVESCO S&P SPIN-OFF ETF ,NYSE,ETF,2006-12-15,,Active
CSE,CapitalSource Inc,NYSE,Stock,2003-08-07,,Active
CSFL,CenterState Banks Inc,NASDAQ,Stock,2001-01-30,,Active
CSGP,Costar Group Inc,NASDAQ,Stock,1998-07-01,,Active
CSGS,CSG Systems International Inc,NASDAQ,Stock,1996-02-28,,Active
CSII,Cardiovascular Systems Inc,NASDAQ,Stock,2006-06-28,,Active
CSIQ,Canadian Solar Inc,NASDAQ,Stock,2006-11-09,,Active
CSJ,iShares ShortTerm Corporate Bond ETF,NYSE ARCA,ETF,2007-01-11,,Active
CSL,Carlisle Companies Inc,NYSE,Stock,1987-11-05,,Active
CSM,PROSHARES LARGE CAP CORE PLUS ,BATS,ETF,2009-07-14,,Active
CSPI,CSP Inc,NASDAQ,Stock,1990-03-27,,Active
CSQ,Calamos Strategic Total Return Fund,NASDAQ,ETF,2004-04-01,,Active
CSR,Centerspace,NYSE,Stock,1997-10-17,,Active
CSR,CHINA SECURITY & SURVEILLANCE TECHNOLOGY INC.,NYSE,Stock,2007-10-29,,Active
CSS,CSS Industries Inc,NYSE,Stock,1992-03-17,,Active
CSV,Carriage Services Inc,NYSE,Stock,1996-08-09,,Active
CSWC,Capital Southwest Corp,NASDAQ,Stock,1990-03-27,,Active
CSX,CSX Corp,NASDAQ,Stock,1980-11-03,,Active
CTA-P-A,EIDP Inc,NYSE,Stock,2002-07-01,,Active
CTA-P-B,EIDP Inc,NYSE,Stock,1998-01-02,,Active
CTAS,Cintas Corporation,NASDAQ,Stock,1990-03-26,,Active
CTBI,Community Trust Bancorp Inc,NASDAQ,Stock,1993-05-17,,Active
CTCM,CTC Media Inc,NASDAQ,Stock,2006-05-31,,Active
CTCT,Constant Contact Inc,NASDAQ,Stock,2007-10-11,,Active
CTG,Computer Task Group Inc,NASDAQ,Stock,1988-01-05,,Active
CTIC,CTI BioPharma Corp,NASDAQ,Stock,1997-03-21,,Active
CTLP,Cantaloupe Inc,NASDAQ,Stock,1999-06-07,,Active
CTO,CTO Realty Growth Inc - New - New,NYSE,Stock,1992-09-08,,Active
CTRA,Coterra Energy Inc,NYSE,Stock,1990-02-08,,Active
CTRN,Citi Trends Inc,NASDAQ,Stock,2005-05-18,,Active
CTRX,Catamaran Corp USA,NASDAQ,Stock,2006-06-13,,Active
CTS,CTS Corp,NYSE,Stock,1987-11-05,,Active
CTSH,Cognizant Technology Solutions Corp - Class A,NASDAQ,Stock,1998-06-19,,Active
CTWS,Connecticut Water Service Inc,NASDAQ,Stock,1992-02-25,,Active
CTXS,Citrix Systems Inc,NASDAQ,Stock,1995-12-08,,Active
CUB,Cubic Corp,NYSE,Stock,1989-02-21,,Active
CUBA,Herzfeld Credit Income Fund Inc,NASDAQ,ETF,1994-05-27,,Active
CUBE,CubeSmart,NYSE,Stock,2004-10-22,,Active
CUBN,Reliant Bancorp Inc,NASDAQ,Stock,2006-11-16,,Active
CUK,Carnival plc,NYSE,Stock,2000-10-23,,Active
CUL,Culligan Water Technologies Inc,NYSE,Stock,2008-12-08,,Active
CULP,Culp Inc,NASDAQ,Stock,1990-03-26,,Active
CUNB,CU Bancorp,NASDAQ,Stock,2005-11-10,,Active
CUO,Continental Materials Corp,NYSE,Stock,1992-03-17,,Active
CUT,INVESCO MSCI GLOBAL TIMBER ETF ,NYSE,ETF,2007-11-09,,Active
CUZ,Cousins Properties Inc,NYSE,Stock,1990-03-26,,Active
CVA,Covanta Holding Corporation,NYSE,Stock,1992-03-17,,Active
CVBF,CVB Financial Corp,NASDAQ,Stock,1992-03-17,,Active
CVCO,Cavco Industries Inc,NASDAQ,Stock,2003-07-01,,Active
CVD,Covance Inc,NYSE,Stock,1996-12-17,,Active
CVE,Cenovus Energy Inc,NYSE,Stock,2009-11-17,,Active
CVG,Convergys Corp,NYSE,Stock,1998-08-13,,Active
CVGI,Commercial Vehicle Group Inc,NASDAQ,Stock,2004-08-09,,Active
CVGW,Calavo Growers Inc,NASDAQ,Stock,2002-07-22,,Active
CVH,Coventry Health Care Inc,NYSE,Stock,2006-12-28,,Active
CVI,CVR Energy Inc,NYSE,Stock,2007-10-23,,Active
CVLG,Covenant Logistics Group Inc - Class A,NYSE,Stock,1994-10-28,,Active
CVLT,Commvault Systems Inc,NASDAQ,Stock,2006-09-22,,Active
CVLY,Codorus Valley Bancorp Inc,NASDAQ,Stock,1997-04-25,,Active
CVO,Cenveo Inc,NYSE,Stock,1995-09-22,,Active
CVS,CVS Health Corp,NYSE,Stock,1984-12-17,,Active
CVSA,Adtalem Global Education Inc,NYSE,Stock,1991-06-28,,Active
CVV,CVD Equipment Corp,NASDAQ,Stock,1999-03-01,,Active
CVX,Chevron Corp,NYSE,Stock,1970-01-02,,Active
CVY,INVESCO ZACKS MULTI-ASSET INCOME ETF ,NYSE,ETF,2006-09-21,,Active
CW,Curtiss-Wright Corp,NYSE,Stock,1987-11-05,,Active
CWB,STATE STREET(R) SPDR(R) BLOOMBERG CONVERTIBLE SECURITIES ETF ,NYSE,ETF,2009-04-16,,Active
CWBC,Community West Bancshares.,NASDAQ,Stock,1999-03-08,,Active
CWBC,Community West Bancshares,NASDAQ,Stock,1996-11-19,,Active
CWCO,Consolidated Water Co. Ltd,NASDAQ,Stock,1995-06-01,,Active
CWEI,Clayton Williams Energy Inc,NYSE,Stock,1993-05-24,,Active
CWI,STATE STREET(R) SPDR(R) MSCI ACWI EX-US ETF ,NYSE,ETF,2007-01-17,,Active
CWST,Casella Waste Systems Inc - Class A,NASDAQ,Stock,1997-10-29,,Active
CWT,California Water Service Group,NYSE,Stock,1990-03-26,,Active
CX,Cemex S.A.B. De C.V.,NYSE,Stock,1999-09-15,,Active
CXE,MFS High Income Municipal Trust,NYSE,ETF,1989-06-30,,Active
CXG,CNX Gas Corp,NYSE,Stock,2006-01-19,,Active
CXH,MFS Investment Grade Municipal Trust,NYSE,ETF,1989-06-30,,Active
CXO,Concho Resources Inc,NYSE,Stock,2007-08-03,,Active
CXS,Crexus Investment Corp,NYSE,Stock,2009-09-17,,Active
CXT,Crane NXT Company,NYSE,Stock,1984-11-01,,Active
CXW,CoreCivic Inc,NYSE,Stock,1997-07-15,,Active
CY,Cypress Semiconductor Corp,NASDAQ,Stock,1989-04-05,,Active
CYB,WisdomTree Chinese Yuan Strategy Fund,NYSE ARCA,ETF,2008-05-22,,Active
CYBE,Cyberoptics Corp,NASDAQ,Stock,1991-11-19,,Active
CYBX,Cyberonics Inc,NASDAQ,Stock,1993-02-11,,Active
CYD,China Yuchai International,NYSE,Stock,1994-12-19,,Active
CYH,Community Health Systems Inc,NYSE,Stock,2000-06-09,,Active
CYN,City National Corp,NYSE,Stock,1990-03-26,,Active
CYOU,ChangyouCom Ltd ADR,NASDAQ,Stock,2009-04-02,,Active
CYPS,Cyclo3pss Corp,NASDAQ,Stock,2007-07-16,,Active
CYRV,Crystal River Capital Inc,NYSE,Stock,2008-12-02,,Active
CYRX,CryoPort Inc,NASDAQ,Stock,2009-01-02,,Active
CYS,CYS Investments Inc,NYSE,Stock,2009-06-16,,Active
CYT,Cytec Industries Inc,NYSE,Stock,1993-12-22,,Active
CYTK,Cytokinetics Inc,NASDAQ,Stock,2004-04-29,,Active
CZA,INVESCO ZACKS MID-CAP ETF ,NYSE,ETF,2007-04-03,,Active
CZFC,Citizens First Corp,NASDAQ,Stock,1999-03-30,,Active
CZFS,Citizens Financial Services Inc,NASDAQ,Stock,2001-01-02,,Active
CZNC,Citizens & Northern Corp,NASDAQ,Stock,1996-05-30,,Active
CZWI,Citizens Community Bancorp Inc MD,NASDAQ,Stock,2004-03-30,,Active
CZZ,Cosan Ltd - Class A,NYSE,Stock,2007-09-04,,Active
D,Dominion Energy Inc,NYSE,Stock,1984-10-03,,Active
DAC,Danaos Corporation,NYSE,Stock,2006-10-16,,Active
DAEG,Daegis Inc,NASDAQ,Stock,1996-06-14,,Active
DAIO,Data io Corp,NASDAQ,Stock,1990-03-26,,Active
DAKT,Daktronics Inc,NASDAQ,Stock,1994-02-10,,Active
DAL,Delta Air Lines Inc,NYSE,Stock,2007-05-03,,Active
DALN,DallasNews Corporation - Class A,NASDAQ,Stock,2008-02-11,,Active
DAN,Dana Inc,NYSE,Stock,2008-01-02,,Active
DAR,Darling Ingredients Inc,NYSE,Stock,1994-09-09,,Active
DARA,DARA Biosciences Inc,NASDAQ,Stock,1994-04-07,,Active
DB,Deutsche Bank AG,NYSE,Stock,1996-11-18,,Active
DBA,Invesco DB Agriculture Fund,NYSE,ETF,2007-01-05,,Active
DBB,Invesco DB Base Metals Fund,NYSE,ETF,2007-01-05,,Active
DBC,Invesco DB Commodity Index Tracking Fund,NYSE,ETF,2006-02-03,,Active
DBE,Invesco DB Energy Fund,NYSE,ETF,2007-01-05,,Active
DBI,Designer Brands Inc - Class A,NYSE,Stock,2005-06-29,,Active
DBO,Invesco DB Oil Fund,NYSE,ETF,2007-01-05,,Active
DBP,Invesco DB Precious Metals Fund,NYSE,ETF,2007-01-05,,Active
DBS,Invesco DB Silver Fund,NYSE ARCA,ETF,2007-01-05,,Active
DBV,Invesco DB G10 Currency Harvest Fund,NYSE ARCA,ETF,2006-09-20,,Active
DCH,Dauch Corp,NYSE,Stock,1999-01-29,,Active
DCI,Donaldson Co. Inc,NYSE,Stock,1987-06-18,,Active
DCM,NTT DoCoMo Inc,NYSE,Stock,2002-03-01,,Active
DCM,NTT DOCOMO Inc,NYSE,Stock,1999-06-30,,Active
DCO,Ducommun Inc,NYSE,Stock,1973-05-03,,Active
DCOM,Dime Community Bancshares Inc,NYSE,Stock,1999-01-12,,Active
DCOM,Dime Community Bancshares Inc,NASDAQ,Stock,1996-06-26,,Active
DCP,DCP Midstream LP,NYSE,Stock,2005-12-06,,Active
DCT,DCT Industrial Trust Inc,NASDAQ,Stock,2006-12-13,,Active
DCTH,Delcath Systems Inc,NASDAQ,Stock,2002-05-02,,Active
DD,DuPont de Nemours Inc,NYSE,Stock,1962-01-02,,Active
DDD,3D Systems Corp,NYSE,Stock,1990-11-05,,Active
DDE,Dover Downs Gaming Entertainment Inc,NYSE,Stock,2002-03-19,,Active
DDF,Delaware Investments Dividend and Income Fund Inc,NYSE,ETF,1994-10-27,,Active
DDG,ProShares Short Oil & Gas,NYSE ARCA,ETF,2008-06-18,,Active
DDM,PROSHARES ULTRA DOW30 ,NYSE,ETF,2006-06-21,,Active
DDR,DDR Corp,NYSE,Stock,1993-02-02,,Active
DDR-P-K,DDR Corp. DEPOSITARY SH REPSTG 120TH PDF CL K United States,NYSE,Stock,2006-07-25,,Active
DDRX,DIEDRICH COFFEE INC,NASDAQ,Stock,2001-05-11,,Active
DDS,Dillard`s Inc - Class A,NYSE,Stock,1989-06-30,,Active
DDSSF,Labopharm Inc,NASDAQ,Stock,2006-04-28,,Active
DDT,Dillards Capital Trust I,NYSE,Stock,1998-10-14,,Active
DE,Deere & Company,NYSE,Stock,1972-06-01,,Active
DECK,Deckers Outdoor Corp,NYSE,Stock,1993-10-15,,Active
DEE,PowerShares DB Commodity Double Short ETN,NYSE ARCA,ETF,2008-04-30,,Active
DEI,Douglas Emmett Inc,NYSE,Stock,2006-10-25,,Active
DEL,Deltic Timber Corp,NYSE,Stock,1996-12-12,,Active
DELL,Dell Inc,NASDAQ,Stock,1988-08-17,,Active
DEM,WISDOMTREE EMERGING MARKETS HIGH DIVIDEND FUND ,NYSE,ETF,2007-07-13,,Active
DENN,Denny`s Corp,NASDAQ,Stock,1998-01-08,,Active
DEO,Diageo plc,NYSE,Stock,1996-05-13,,Active
DEP,Duncan Energy Partners L.P.,NYSE,Stock,2007-01-31,,Active
DEPO,Depomed Inc,NASDAQ,Stock,1997-12-03,,Active
DES,WISDOMTREE U.S. SMALLCAP DIVIDEND FUND ,NYSE,ETF,2006-06-16,,Active
DEST,Destination Maternity Corp,NASDAQ,Stock,1993-03-16,,Active
DEW,WISDOMTREE GLOBAL HIGH DIVIDEND FUND ,NYSE,ETF,2006-06-16,,Active
DEX,Delaware Enhanced Global Dividend & Income Fund,NYSE,ETF,2007-07-26,,Active
DFE,WISDOMTREE EUROPE SMALLCAP DIVIDEND FUND ,NYSE,ETF,2006-06-16,,Active
DFJ,WISDOMTREE JAPAN SMALLCAP DIVIDEND FUND ,NYSE,ETF,2006-06-16,,Active
DFS,Discover Financial Services,NYSE,Stock,2007-06-14,,Active
DFS-P-B,Discover Financial Services Dep Shs,NYSE,Stock,2007-06-14,,Active
DFT,DuPont Fabros Technology Inc,NYSE,Stock,2007-10-19,,Active
DFT-P-C,Dupont Fabros Technology Inc. 6.625 Series C Cumulative Redeemable Perpetual Preferred Stock,NYSE,Stock,2007-10-19,,Active
DFZ,R.G. Barry Corp,NASDAQ,Stock,1992-03-16,,Active
DG,Dollar General Corp,NYSE,Stock,2009-11-13,,Active
DGAS,Delta Natural Gas Company Inc,NASDAQ,Stock,1990-03-26,,Active
DGI,DigitalGlobe Inc,NYSE,Stock,2009-05-14,,Active
DGICA,Donegal Group Inc - Class A,NASDAQ,Stock,2001-04-24,,Active
DGICB,Donegal Group Inc - Class B,NASDAQ,Stock,1990-03-26,,Active
DGII,Digi International Inc,NASDAQ,Stock,1990-03-26,,Active
DGL,Invesco DB Gold Fund,NYSE ARCA,ETF,2007-01-05,,Active
DGLY,Kustom Entertainment Inc (New),NASDAQ,Stock,2007-05-16,,Active
DGP,Deutsche Bank AG London,NYSE,ETF,2008-02-28,,Active
DGS,WISDOMTREE EMERGING MARKETS SMALLCAP DIVIDEND FUND ,NYSE,ETF,2007-10-30,,Active
DGT,STATE STREET(R) SPDR(R) GLOBAL DOW ETF ,NYSE,ETF,2000-10-02,,Active
DGX,Quest Diagnostics Inc,NYSE,Stock,1996-12-26,,Active
DGZ,Deutsche Bank AG London,NYSE,ETF,2008-02-29,,Active
DHC,Diversified Healthcare Trust,NASDAQ,Stock,2000-02-23,,Active
DHF,BNY Mellon High Yield Strategies Fund,NYSE,ETF,1998-04-27,,Active
DHG,DWS High Income Opportunities Fund Inc,NYSE,ETF,2006-11-22,,Active
DHI,D.R. Horton Inc,NYSE,Stock,1992-06-05,,Active
DHIL,Diamond Hill Investment Group Inc - Class A,NASDAQ,Stock,1997-05-09,,Active
DHR,Danaher Corp,NYSE,Stock,1987-11-05,,Active
DHS,WISDOMTREE U.S. HIGH DIVIDEND FUND ,NYSE,ETF,2006-06-16,,Active
DHT,DHT Holdings Inc,NYSE,Stock,2005-10-13,,Active
DHX,DHI Group Inc,NYSE,Stock,2007-07-26,,Active
DIA,SPDR Dow Jones Industrial Average ETF,NYSE,ETF,1998-01-20,,Active
DIG,PROSHARES ULTRA ENERGY ,NYSE,ETF,2007-02-01,,Active
DIM,WISDOMTREE INTERNATIONAL MIDCAP DIVIDEND FUND ,NYSE,ETF,2006-06-16,,Active
DIN,Dine Brands Global Inc,NYSE,Stock,1991-07-12,,Active
DINE,REWARDS NETWORK INC,NASDAQ,Stock,2001-01-02,,Active
DINO,HF Sinclair Corp,NYSE,Stock,1992-03-17,,Active
DIOD,Diodes Inc,NASDAQ,Stock,1992-03-17,,Active
DIS,Walt Disney Co (The),NYSE,Stock,1962-01-02,,Active
DISCB,Warner Bros. Discovery Inc - Class B,NASDAQ,Stock,2005-11-10,,Active
DISCK,Warner Bros. Discovery Inc - Series C,NASDAQ,Stock,2008-09-18,,Active
DISH,Dish Network Corp - Class A,NASDAQ,Stock,1995-06-21,,Active
DITC,Ditech Networks Inc,NASDAQ,Stock,2006-12-28,,Active
DJCI,UBS AG Jersey,NYSE ARCA,ETF,2009-10-29,,Active
DJCO,Daily Journal Corporation,NASDAQ,Stock,1992-02-25,,Active
DJP,iPath Bloomberg Commodity Index Total Return ETN,NYSE,ETF,2006-10-30,,Active
DK,Delek US Holdings Inc,NYSE,Stock,2006-05-04,,Active
DKS,Dicks Sporting Goods Inc,NYSE,Stock,2002-10-16,,Active
DKT,Deutsch Bk Contingent Cap Tr V Tr Pfd Secs,NYSE,Stock,2008-05-05,,Active
DKTCL,Deutsch Bk Contingent Cap Tr V Tr Pfd Secs,NYSE,Stock,2008-05-05,,Active
DL,China Distance Education Holdings Ltd,NYSE ARCA,Stock,2008-07-30,,Active
DLB,Dolby Laboratories Inc - Class A,NYSE,Stock,2005-02-17,,Active
DLHC,DLH Holdings Corp,NASDAQ,Stock,1995-08-18,,Active
DLLR,DFC Global Corp,NASDAQ,Stock,2005-01-28,,Active
DLN,WISDOMTREE U.S. LARGECAP DIVIDEND FUND ,NYSE,ETF,2006-06-16,,Active
DLR,Digital Realty Trust Inc,NYSE,Stock,2004-10-29,,Active
DLS,WISDOMTREE INTERNATIONAL SMALLCAP DIVIDEND FUND ,NYSE,ETF,2006-06-16,,Active
DLTR,Dollar Tree Inc,NASDAQ,Stock,1995-03-09,,Active
DLX,Deluxe Corp,NYSE,Stock,1987-07-23,,Active
DMAC,DiaMedica Therapeutics Inc,NASDAQ,Stock,2008-01-04,,Active
DMC,Del Monte Corp,NYSE,Stock,1997-10-24,,Active
DMF,BNY Mellon Municipal Income Inc,NYSE MKT,ETF,1991-11-25,,Active
DMLP,Dorchester Minerals LP,NASDAQ,Stock,2003-02-03,,Active
DMND,Diamond Foods Inc,NASDAQ,Stock,2005-07-20,,Active
DMRC,Digimarc Corporation,NASDAQ,Stock,1999-12-02,,Active
DNA,GENENTECH INC,NYSE,Stock,2001-01-02,,Active
DNB,Dun & Bradstreet Holdings Inc,NYSE,Stock,1983-06-10,,Active
DNBF,DNB Financial CorpPA,NASDAQ,Stock,1999-01-12,,Active
DNDN,Dendreon Corp,NASDAQ,Stock,2000-06-19,,Active
DNI,Dividend And Income Fund Inc,NYSE,ETF,1998-06-24,,Active
DNL,WISDOMTREE GLOBAL EX-U.S. QUALITY GROWTH FUND ,NYSE,ETF,2006-06-16,,Active
DNO,USCommodity Short Oil Fund LP ETF,NYSE,ETF,2009-09-24,,Active
DNP,DNP Select Income Fund Inc,NYSE,ETF,1987-01-21,,Active
DNR,Denbury Resources Inc,NYSE,Stock,1995-09-06,,Active
DO,Diamond Offshore Drilling Inc,NYSE,Stock,1995-10-11,,Active
DOC,Healthpeak OP LLC,NYSE,Stock,1987-11-05,,Active
DOD,ELEMENTS Dogs of the Dow Linked to Jones High Yield Select 10 Total Return Index ETN,NYSE ARCA,ETF,2007-11-08,,Active
DOG,PROSHARES SHORT DOW30 ,NYSE,ETF,2006-06-21,,Active
DOL,WISDOMTREE INTERNATIONAL LARGECAP DIVIDEND FUND ,NYSE,ETF,2006-06-16,,Active
DOLE,Dole Food Company Inc,NYSE,Stock,2009-10-23,,Active
DOMH,Dominari Holdings Inc,NASDAQ,Stock,1984-09-07,,Active
DON,WISDOMTREE U.S. MIDCAP DIVIDEND FUND ,NYSE,ETF,2006-06-16,,Active
DOOR,Masonite International Corp,NYSE,Stock,2009-07-24,,Active
DORM,Dorman Products Inc,NASDAQ,Stock,1991-03-12,,Active
DOV,Dover Corp,NYSE,Stock,1985-07-01,,Active
DOVR,Dover Saddlery Inc,NASDAQ,Stock,2005-11-18,,Active
DOW,The Dow Chemical Company,NYSE,Stock,1972-06-01,,Active
DOX,Amdocs Ltd,NASDAQ,Stock,1998-06-19,,Active
DPK,DIREXION DAILY MSCI DEVELOPED MARKETS BEAR 3X SHARES ,NYSE ARCA,ETF,2008-12-17,,Active
DPL,DPL INC,NYSE,Stock,2001-01-02,,Active
DPS,Dr Pepper Snapple Group Inc,NYSE,Stock,2008-05-07,,Active
DPU,PowerShares DB Commodity Long ETN,NYSE ARCA,ETF,2008-05-05,,Active
DPZ,Dominos Pizza Inc,NASDAQ,Stock,2004-07-13,,Active
DRAM,Dataram Corp,NASDAQ,Stock,1992-03-17,,Active
DRC,DresserRand Group Inc,NYSE,Stock,2005-08-05,,Active
DRD,DRDGold Ltd,NYSE,Stock,1996-09-30,,Active
DRE,Duke Realty Corp,NYSE,Stock,1987-11-05,,Active
DRGN,THEMES CHINA GENERATIVE ARTIFICIAL INTELLIGENCE ETF ,BATS,ETF,2009-01-26,,Active
DRH,Diamondrock Hospitality Company,NASDAQ,Stock,2005-05-26,,Active
DRI,Darden Restaurants Inc,NYSE,Stock,1995-05-09,,Active
DRJ,DREAMS INC,NYSE,Stock,1997-02-26,,Active
DRL,Doral Financial Corp,NYSE,Stock,1992-02-25,,Active
DRN,DIREXION DAILY REAL ESTATE BULL 3X SHARES ,NYSE,ETF,2009-07-16,,Active
DRR,Market Vectors Double Short Euro ETN,NYSE ARCA,ETF,2008-05-22,,Active
DRRX,Durect Corp,NASDAQ,Stock,2000-09-28,,Active
DRV,DIREXION DAILY REAL ESTATE BEAR 3X SHARES ,NYSE,ETF,2009-07-16,,Active
DRWI,DragonWave Inc.USA,NASDAQ,Stock,2008-06-24,,Active
DRYS,DryShips Inc,NASDAQ,Stock,2005-02-03,,Active
DSCI,Derma Sciences Inc,NASDAQ,Stock,2001-01-02,,Active
DSCM,DRUGSTORE COM INC,NASDAQ,Stock,1999-07-28,,Active
DSGR,Distribution Solutions Group Inc,NASDAQ,Stock,1990-03-26,,Active
DSGX,Descartes Systems Group Inc,NASDAQ,Stock,1999-01-27,,Active
DSI,ISHARES ESG MSCI KLD 400 ETF ,NYSE,ETF,2006-11-17,,Active
DSM,BNY Mellon Strategic Municipal Bond Fund Inc,NYSE,ETF,1990-01-11,,Active
DSPG,DSP Group Inc,NASDAQ,Stock,1994-02-14,,Active
DST,DST Systems Inc,NYSE,Stock,1995-11-01,,Active
DSU,BlackRock Debt Strategies Fund Inc,NYSE,ETF,1998-03-30,,Active
DSWL,Deswell Industries Inc,NASDAQ,Stock,1995-07-19,,Active
DSX,Diana Shipping Inc,NYSE,Stock,2005-03-23,,Active
DTD,WISDOMTREE U.S. TOTAL DIVIDEND FUND ,NYSE,ETF,2006-06-16,,Active
DTE,DTE Energy Company,NYSE,Stock,1970-01-02,,Active
DTF,DTF Tax-Free Income 2028 Term Fund Inc,NYSE,ETF,1991-11-22,,Active
DTH,WISDOMTREE INTERNATIONAL HIGH DIVIDEND FUND ,NYSE,ETF,2006-06-16,,Active
DTK,Deutsche Bank Contingent Capital Trust III 7.60 TruPS,NYSE,Stock,2008-02-14,,Active
DTLK,Datalink Corp,NASDAQ,Stock,2001-01-02,,Active
DTO,PowerShares DB Crude Oil Double Short ETN,NYSE ARCA,ETF,2008-06-17,,Active
DTPI,DIAMOND MANAGEMENT & TECHNOLOGY CONSULTANTS INC.,NASDAQ,Stock,2001-01-02,,Active
DTRE,FIRST TRUST ALERIAN DISRUPTIVE TECHNOLOGY REAL ESTATE ETF ,NYSE,ETF,2007-08-30,,Active
DTSI,DTS Inc,NASDAQ,Stock,2003-07-10,,Active
DUA,,NYSE,Stock,2006-11-01,,Active
DUC,Duff & Phelps Utility & Corporate Bond Trust,NYSE,ETF,1994-10-27,,Active
DUF,Duff & Phelps Corp,NYSE,Stock,2007-09-28,,Active
DUG,ProShares UltraShort Energy,NYSE,ETF,2007-02-01,,Active
DUK,Duke Energy Corp,NYSE,Stock,1983-04-06,,Active
DVA,DaVita Inc,NYSE,Stock,1995-10-31,,Active
DVAX,Dynavax Technologies Corp,NASDAQ,Stock,2004-02-19,,Active
DVCR,Diversicare Healthcare Services Inc,NASDAQ,Stock,1999-11-16,,Active
DVD,Dover Motorsports Inc,NYSE,Stock,1996-10-04,,Active
DVINQ,Divine Inc,NASDAQ,Stock,2003-02-28,,Active
DVN,Devon Energy Corp,NYSE,Stock,1992-03-17,,Active
DVR,Cal Dive International Inc,NYSE,Stock,2006-12-14,,Active
DVY,ISHARES SELECT DIVIDEND ETF ,NASDAQ,ETF,2003-11-07,,Active
DWA,Dreamworks Animation Skg Inc,NASDAQ,Stock,2004-10-27,,Active
DWAQ,INVESCO DWA NASDAQ MOMENTUM ETF,NASDAQ,ETF,2003-05-01,,Active
DWCH,Datawatch Corp,NASDAQ,Stock,1992-05-29,,Active
DWM,WISDOMTREE INTERNATIONAL EQUITY FUND ,NYSE,ETF,2006-06-16,,Active
DWSN,Dawson Geophysical Company,NASDAQ,Stock,1990-03-26,,Active
DWX,STATE STREET(R) SPDR(R) S&P(R) INTERNATIONAL DIVIDEND ETF ,NYSE,ETF,2008-02-19,,Active
DX,Dynex Capital Inc,NYSE,Stock,1989-06-30,,Active
DXB,Deutsche Bk Contingent Cap TR II Tr Pfd Sec,NYSE,Stock,2007-05-21,,Active
DXBCL,Deutsche Bk Contingent Cap TR II Tr Pfd Sec,NYSE,Stock,2007-06-21,,Active
DXCM,Dexcom Inc,NASDAQ,Stock,2005-04-14,,Active
DXD,PROSHARES ULTRASHORT DOW30 ,NYSE,ETF,2006-07-13,,Active
DXJ,WISDOMTREE JAPAN HEDGED EQUITY FUND ,NYSE,ETF,2006-06-16,,Active
DXLG,Destination XL Group Inc,NASDAQ,Stock,1992-02-25,,Active
DXPE,DXP Enterprises Inc,NASDAQ,Stock,1998-05-07,,Active
DXR,Daxor Corp,NASDAQ,Stock,1992-03-17,,Active
DXTR,Cardica Inc,NASDAQ,Stock,2006-02-03,,Active
DY,Dycom Industries Inc,NYSE,Stock,1990-09-24,,Active
DYAX,Dyax Corp,NASDAQ,Stock,2000-08-15,,Active
DZK,DIREXION DAILY MSCI DEVELOPED MARKETS BULL 3X SHARES ,NYSE ARCA,ETF,2008-12-17,,Active
DZZ,PowerShares DB Gold Double Short ETN,NYSE,ETF,2008-02-28,,Active
E,Eni Spa,NYSE,Stock,1995-11-28,,Active
EA,Electronic Arts Inc,NASDAQ,Stock,1990-03-26,,Active
EAT,Brinker International Inc,NYSE,Stock,1989-07-28,,Active
EBAY,EBay Inc,NASDAQ,Stock,1998-09-24,,Active
EBF,Ennis Inc,NYSE,Stock,1987-09-24,,Active
EBMT,Eagle Bancorp Montana Inc,NASDAQ,Stock,2000-04-06,,Active
EBS,Emergent Biosolutions Inc,NYSE,Stock,2006-11-15,,Active
EBSB,Meridian Bancorp Inc,NASDAQ,Stock,2008-01-23,,Active
EBTC,Enterprise Bancorp Inc,NASDAQ,Stock,2005-02-14,,Active
EC,Ecopetrol SA,NYSE,Stock,2008-09-18,,Active
ECH,ISHARES MSCI CHILE ETF ,BATS,ETF,2007-11-20,,Active
ECHO,EchoStar Corp - Class A,NASDAQ,Stock,2008-01-02,,Active
ECHO,Echo Global Logistics Inc,NASDAQ,Stock,2009-10-02,,Active
ECL,Ecolab Inc,NYSE,Stock,1988-01-05,,Active
ECOL,US Ecology Inc,NASDAQ,Stock,1990-03-26,,Active
ECPG,Encore Capital Group Inc,NASDAQ,Stock,1999-07-09,,Active
ED,Consolidated Edison Inc,NYSE,Stock,1970-01-02,,Active
EDAC,EDAC Technologies Corp,NASDAQ,Stock,2007-05-31,,Active
EDC,Direxion Daily Emerging Markets Bull 3X Shares,NYSE,ETF,2008-12-30,,Active
EDD,Morgan Stanley Emerging Markets Domestic Debt Fund Inc,NYSE,ETF,2007-04-24,,Active
EDGW,Edgewater Technology Inc,NASDAQ,Stock,1996-11-15,,Active
EDN,Empresa Distribuidora y Comercial Norte S.A.,NYSE,Stock,2007-04-26,,Active
EDR,Education Realty Trust Inc,NYSE,Stock,2005-01-26,,Active
EDS,Exceed Company Ltd,NASDAQ,Stock,2007-12-03,,Active
EDU,New Oriental Education & Technology Group Inc,NYSE,Stock,2006-09-07,,Active
EDUC,Educational Development Corp,NASDAQ,Stock,1993-03-04,,Active
EDV,VANGUARD EXTENDED DURATION TREASURY INDEX FUND ETF SHARES,NYSE,ETF,2007-12-13,,Active
EDZ,DIREXION DAILY MSCI EMERGING MARKETS BEAR 3X SHARES ,NYSE,ETF,2008-12-30,,Active
EE,El Paso Electric Company,NYSE,Stock,1989-07-07,,Active
EEA,European Equity Fund Inc,NYSE,ETF,1987-11-05,,Active
EEB,INVESCO BRIC ETF,NYSE ARCA,ETF,2006-09-21,,Active
EEFT,Euronet Worldwide Inc,NASDAQ,Stock,1997-03-07,,Active
EEH,AB Svensk Exportkredit,NYSE ARCA,ETF,2007-08-02,,Active
EEI,Ecology and Environment,NASDAQ,Stock,1992-03-17,,Active
EEM,ISHARES MSCI EMERGING MARKETS ETF ,NYSE,ETF,2003-04-14,,Active
EEP,Enbridge Energy Partners L.P.,NYSE,Stock,1991-12-20,,Active
EEQ,Enbridge Energy Management LLC,NYSE,Stock,2002-10-11,,Active
EES,WISDOMTREE U.S. SMALLCAP FUND ,NYSE,ETF,2007-02-23,,Active
EET,PROSHARES ULTRA MSCI EMERGING MARKETS ,NYSE,ETF,2009-06-04,,Active
EEV,ProShares UltraShort MSCI Emerging Markets -2x Shares,NYSE,ETF,2007-11-01,,Active
EFA,ISHARES MSCI EAFE ETF ,NYSE,ETF,2001-08-17,,Active
EFG,ISHARES MSCI EAFE GROWTH ETF ,BATS,ETF,2005-08-05,,Active
EFII,Electronics For Imaging Inc,NASDAQ,Stock,1992-10-02,,Active
EFO,PROSHARES ULTRA MSCI EAFE ,NYSE,ETF,2009-06-04,,Active
EFOR,ASGN Inc,NYSE,Stock,1992-09-23,,Active
EFR,Eaton Vance Senior Floating-Rate Trust,NYSE,ETF,2003-11-25,,Active
EFSC,Enterprise Financial Services Corp,NASDAQ,Stock,2003-07-15,,Active
EFT,Eaton Vance Floating-Rate Income Trust,NYSE,ETF,2004-07-26,,Active
EFU,ProShares UltraShort MSCI EAFE -2x Shares,NYSE,ETF,2007-10-25,,Active
EFV,ISHARES MSCI EAFE VALUE ETF ,BATS,ETF,2005-08-05,,Active
EFX,Equifax Inc,NYSE,Stock,1986-03-27,,Active
EFZ,ProShares Short MSCI EAFE -1X Shares,NYSE,ETF,2007-10-25,,Active
EG,Everest Group Ltd,NYSE,Stock,1995-10-03,,Active
EGAN,eGain Corp,NASDAQ,Stock,1999-09-23,,Active
EGAS,Gas Natural Inc,NYSE,Stock,1990-03-26,,Active
EGBN,Eagle Bancorp Inc (MD),NASDAQ,Stock,1999-07-14,,Active
EGF,BlackRock Enhanced Government Fund Inc,NYSE,ETF,2005-10-27,,Active
EGHT,8X8 Inc,NASDAQ,Stock,1997-07-02,,Active
EGLE,GLOBAL X S&P 500 U.S. REVENUE LEADERS ETF ,NYSE,ETF,2005-06-23,,Active
EGN,Energen Corp,NYSE,Stock,1984-07-19,,Active
EGO,Eldorado Gold Corp,NYSE,Stock,2003-01-23,,Active
EGOV,NIC Inc,NASDAQ,Stock,1999-07-15,,Active
EGP,Eastgroup Properties Inc,NYSE,Stock,1992-03-17,,Active
EGT,Entertainment Gaming Asia Inc,NASDAQ,Stock,2003-10-15,,Active
EGY,VAALCO Energy Inc,NYSE,Stock,1993-01-29,,Active
EHI,Western Asset Global High Income Fund Inc,NYSE,ETF,2003-07-29,,Active
EHTH,eHealth Inc,NASDAQ,Stock,2006-10-20,,Active
EIG,Employers Holdings Inc,NYSE,Stock,2007-01-31,,Active
EIHI,Eastern Insurance Holdings Inc,NASDAQ,Stock,2006-12-28,,Active
EIS,ISHARES MSCI ISRAEL ETF ,NYSE,ETF,2008-03-28,,Active
EIX,Edison International,NYSE,Stock,1980-01-02,,Active
EL,Estee Lauder Cos. Inc - Class A,NYSE,Stock,1995-11-17,,Active
ELGX,Endologix Inc,NASDAQ,Stock,1996-06-21,,Active
ELME,Elme Communities,NYSE,Stock,1992-03-17,,Active
ELNK,EarthLink Inc,NASDAQ,Stock,2001-01-02,,Active
ELON,BATTLESHARES(TM) TSLA VS F ETF ,NASDAQ,ETF,1998-07-28,,Active
ELOS,Syneron Medical Ltd,NASDAQ,Stock,2004-08-09,,Active
ELP,Cia Paranaense De Energia Copel,NYSE,Stock,1998-06-03,,Active
ELS,Equity Lifestyle Properties Inc,NYSE,Stock,1993-02-25,,Active
ELS-P-C,Equity Lifestyle Properties Inc. Depositary Shares Series C,NYSE,Stock,1993-02-25,,Active
ELSE,Electro-Sensors Inc,NASDAQ,Stock,1990-04-02,,Active
ELTK,Eltek Ltd,NASDAQ,Stock,1997-01-23,,Active
ELV,Elevance Health Inc,NYSE,Stock,2001-10-30,,Active
ELX,Emulex Corp,NYSE,Stock,1990-03-26,,Active
ELXS,E L X S I Corp,NASDAQ,Stock,1983-11-10,,Active
EM,Emdeon Inc,NYSE,Stock,2009-08-12,,Active
EMAN,EMagin Corp,NYSE MKT,Stock,2000-01-21,,Active
EMB,ISHARES J.P. MORGAN USD EMERGING MARKETS BOND ETF ,NASDAQ,ETF,2007-12-19,,Active
EMBJ,Embraer S.A.,NYSE,Stock,2000-07-21,,Active
EMC,EMC Corporation,NYSE,ETF,1988-12-16,,Active
EMCF,Emclaire Financial Corp,NASDAQ,Stock,1999-03-08,,Active
EMCI,EMC Insurance Group Inc,NASDAQ,Stock,1990-03-26,,Active
EMD,Western Asset Emerging Markets Debt Fund Inc,NYSE,ETF,2003-12-02,,Active
EME,Emcor Group Inc,NYSE,Stock,1995-12-28,,Active
EMF,Templeton Emerging Markets Fund,NYSE,ETF,1990-01-11,,Active
EMIF,ISHARES EMERGING MARKETS INFRASTRUCTURE ETF ,NASDAQ,ETF,2009-06-19,,Active
EMKR,Emcore Corp,NASDAQ,Stock,1997-03-07,,Active
EML,Eastern Company,NASDAQ,Stock,1992-03-17,,Active
EMN,Eastman Chemical Company,NYSE,Stock,1993-12-14,,Active
EMR,Emerson Electric Company,NYSE,Stock,1972-06-01,,Active
EMX,EMX Royalty Corp,NYSE MKT,Stock,2007-08-28,,Active
ENB,Enbridge Inc,NYSE,Stock,1990-03-27,,Active
ENH,Endurance Specialty Holdings Ltd,NYSE,Stock,2003-02-28,,Active
ENH-P-C,Endurance Specialty Holdings Ltd Depositary Shares Series C,NYSE,Stock,2003-02-28,,Active
ENL,Reed Elsevier NV (ADR),NYSE,Stock,1994-10-07,,Active
ENLC,Enlink Midstream LLC,NYSE,Stock,2004-01-13,,Active
ENLK,EnLink Midstream Partners LP,NYSE,Stock,2003-02-25,,Active
ENOC,EnerNOC Inc,NASDAQ,Stock,2007-05-18,,Active
ENOV,Enovis Corp,NYSE,Stock,2008-05-08,,Active
ENP,Encore Energy Partners LP,NYSE,Stock,2007-09-12,,Active
ENR,Energizer Holdings Inc,NYSE,Stock,2000-03-27,,Active
ENRJ,Enerjex Resources Inc,NYSE,Stock,2007-03-23,,Active
ENS,Enersys,NYSE,Stock,2004-08-02,,Active
ENSG,Ensign Group Inc,NASDAQ,Stock,2007-11-09,,Active
ENTG,Entegris Inc,NASDAQ,Stock,2000-07-11,,Active
ENTR,ERSHARES ENTREPRENEURS ETF ,NYSE ARCA,ETF,2007-12-07,,Active
ENVE,,NASDAQ,Stock,1995-03-29,,Active
ENX,Eaton Vance New York Municipal Bond Fund,NYSE MKT,ETF,2002-08-28,,Active
ENY,INVESCO CANADIAN ENERGY INCOME ETF,NYSE ARCA,ETF,2007-06-27,,Active
EOD,Allspring Global Dividend Opportunity Fund,NYSE,ETF,2007-03-28,,Active
EOG,EOG Resources Inc,NYSE,Stock,1989-10-04,,Active
EOI,Eaton Vance Enhanced Equity Income Fund,NYSE,ETF,2004-10-27,,Active
EOS,Eaton Vance Enhanced Equity Income Fund II,NYSE,ETF,2005-01-27,,Active
EOT,Eaton Vance National Municipal Opportunities Trust,NYSE,ETF,2009-05-27,,Active
EPAC,Enerpac Tool Group Corp - Class A,NYSE,Stock,2000-07-24,,Active
EPAY,Bottomline Technologies (Delaware) Inc,NASDAQ,Stock,1999-02-12,,Active
EPB,El Paso Pipeline Partners L.P.,NYSE,Stock,2007-11-29,,Active
EPC,Edgewell Personal Care Company,NYSE,Stock,2000-03-27,,Active
EPD,Enterprise Products Partners L P,NYSE,Stock,1998-07-28,,Active
EPHC,Epoch Holding Corp,NASDAQ,Stock,2006-12-28,,Active
EPI,WISDOMTREE INDIA EARNINGS FUND ,NYSE,ETF,2008-02-26,,Active
EPL,EPL Oil & Gas Inc,NYSE,Stock,2009-09-23,,Active
EPP,ISHARES MSCI PACIFIC EX JAPAN ETF ,NYSE,ETF,2001-10-26,,Active
EPR,EPR Properties,NYSE,Stock,1997-11-18,,Active
EPR-P-F,EPR Properties Pfd Ser F,NYSE,Stock,1997-11-18,,Active
EPS,WISDOMTREE U.S. LARGECAP FUND ,NYSE,ETF,2007-02-23,,Active
EPU,ISHARES MSCI PERU AND GLOBAL EXPOSURE ETF ,NYSE,ETF,2009-06-22,,Active
EPV,ProShares UltraShort FTSE Europe -2X Shares,NYSE,ETF,2009-06-19,,Active
EQC,Equity Commonwealth,NYSE,Stock,1988-01-05,,Active
EQIX,Equinix Inc,NASDAQ,Stock,2000-08-11,,Active
EQL,ALPS EQUAL SECTOR WEIGHT ETF ,NYSE,ETF,2009-07-07,,Active
EQS,Equus Total Return Inc,NYSE,Stock,1992-09-11,,Active
EQT,EQT Corp,NYSE,Stock,1987-11-05,,Active
EQU,Equal Energy Ltd. USA,NYSE,Stock,2000-04-25,,Active
EQWL,INVESCO S&P 100 EQUAL WEIGHT ETF ,NYSE,ETF,2006-12-01,,Active
EQWS,INVESCO RUSSELL 2000 EQUAL WEIGHT ETF,NYSE ARCA,ETF,2006-12-01,,Active
ERF,Enerplus Corporation,NYSE,Stock,2000-11-17,,Active
ERIC,Telefonaktiebolaget L M Ericsson,NASDAQ,Stock,1989-09-28,,Active
ERIE,Erie Indemnity Co. - Class A,NASDAQ,Stock,1995-10-02,,Active
ERII,Energy Recovery Inc,NASDAQ,Stock,2008-07-02,,Active
ERN,ERN,NYSE,Stock,2007-06-28,,Active
ERNA,Ernexa Therapeutics Inc,NASDAQ,Stock,1992-10-19,,Active
ERO,iPath EURUSD Exchange Rate ETN,NYSE,ETF,2007-12-27,,Active
EROC,Eagle Rock Energy Partners L.P.,NASDAQ,Stock,2006-10-25,,Active
ERS,Empire Resources Inc,NASDAQ,Stock,2003-01-02,,Active
ERTH,INVESCO MSCI SUSTAINABLE FUTURE ETF ,NYSE,ETF,2006-10-24,,Active
ERX,DIREXION DAILY ENERGY BULL 2X SHARES ,NYSE,ETF,2008-11-19,,Active
ERY,DIREXION DAILY ENERGY BEAR 2X SHARES ,NYSE,ETF,2008-11-19,,Active
ES,Eversource Energy,NYSE,Stock,1984-08-29,,Active
ESBF,ESB Financial Corp,NASDAQ,Stock,1995-08-18,,Active
ESBK,Elmira Savings Bank Elmira NY,NASDAQ,Stock,1993-03-04,,Active
ESC,Emeritus Corp,NYSE,Stock,1995-11-20,,Active
ESCA,Escalade Inc,NASDAQ,Stock,1992-02-25,,Active
ESCR,XTRACKERS BLOOMBERG US INVESTMENT GRADE CORPORATE ESG ETF ,NASDAQ,ETF,1995-08-18,,Active
ESCRP,Escalera Resources Company,NASDAQ,Stock,2007-07-23,,Active
ESCRQ,Escalera Resources Company,NASDAQ,Stock,1995-03-27,,Active
ESE,Esco Technologies Inc,NYSE,Stock,1990-10-01,,Active
ESEA,Euroseas Ltd,NASDAQ,Stock,2006-05-05,,Active
ESGR,Enstar Group Ltd,NASDAQ,Stock,1997-05-09,,Active
ESIO,Electro Scientific Industries Inc,NASDAQ,Stock,1990-03-26,,Active
ESL,Esterline Technologies Corp,NYSE,Stock,1973-05-03,,Active
ESLRQ,EVERGREEN SOLAR INC,NASDAQ,Stock,2000-11-02,,Active
ESLT,Elbit Systems Ltd,NASDAQ,Stock,1996-11-27,,Active
ESND,Essendant Inc,NASDAQ,Stock,1990-03-26,,Active
ESR,ISHARES MSCI EMERGING MARKETS EASTERN EUROPE INDEX FUND,NYSE ARCA,ETF,2009-10-02,,Active
ESRX,Express Scripts Holding Company,NASDAQ,Stock,1992-06-09,,Active
ESS,Essex Property Trust Inc,NYSE,Stock,1994-06-07,,Active
ESSA,ESSA Bancorp Inc,NASDAQ,Stock,2007-04-04,,Active
ESSX,Essex Rental Corp,NASDAQ,Stock,2007-03-27,,Active
ESTE,Earthstone Energy Inc - Class A,NYSE,Stock,1997-01-06,,Active
ESXB,Community Bankers Trust Corp,NASDAQ,Stock,2006-09-06,,Active
ESYS,Elecsys Corp,NASDAQ,Stock,1993-12-01,,Active
ET,Energy Transfer LP,NYSE,Stock,2006-02-03,,Active
ETB,Eaton Vance Tax-Managed Buy-Write Income Fund,NYSE,ETF,2005-04-27,,Active
ETD,Ethan Allen Interiors Inc,NYSE,Stock,1993-03-16,,Active
ETE,Energy Transfer Equity L.P.,NYSE,Stock,2006-02-03,,Active
ETFC,E TRADE Financial Corp,NASDAQ,Stock,1996-08-16,,Active
ETG,Eaton Vance Tax-Advantaged Global Dividend Income Fund,NYSE,ETF,2004-01-29,,Active
ETJ,Eaton Vance Risk-Managed Diversified Equity Income Fund,NYSE,ETF,2007-07-27,,Active
ETN,Eaton Corporation plc,NYSE,Stock,1972-06-01,,Active
ETO,Eaton Vance Tax-Advantaged Global Dividend Opportunities Fund,NYSE,ETF,2004-05-26,,Active
ETP,Energy Transfer Partners LP,NYSE,Stock,2002-02-05,,Active
ETP-,Energy Transfer Partners L.P. ENERGY TRANSFER PARNTERS,NYSE,Stock,1996-06-25,,Active
ETR,Entergy Corp,NYSE,Stock,1972-06-01,,Active
ETRM,EnteroMedics Inc,NASDAQ,Stock,2007-11-15,,Active
ETV,Eaton Vance Tax-Managed Buy-Write Opportunities Fund,NYSE,ETF,2005-06-28,,Active
ETW,Eaton Vance Tax-Managed Global Buy-Write Opportunities Fund,NYSE,ETF,2005-11-21,,Active
ETY,Eaton Vance Tax-Managed Diversified Equity Income Fund,NYSE,ETF,2006-11-28,,Active
EU,WISDOMTREE EURO DEBT FUND N/A,NYSE ARCA,ETF,2008-05-22,,Active
EUM,ProShares Short MSCI Emerging Markets -1x Shares,NYSE,ETF,2007-11-01,,Active
EUO,ProShares UltraShort Euro -2X Shares,NYSE,ETF,2008-11-25,,Active
EV,Eaton Vance Corp (Non Voting),NYSE,Stock,1990-03-27,,Active
EVBN,Evans Bancorp Inc,NYSE MKT,Stock,2001-07-09,,Active
EVBS,Eastern Virginia Bankshares Inc,NASDAQ,Stock,1998-01-02,,Active
EVC,Entravision Communications Corp - Class A,NYSE,Stock,2000-08-02,,Active
EVEP,EV Energy Partners L.P.,NASDAQ,Stock,2006-09-27,,Active
EVF,Eaton Vance Senior Income Trust,NYSE,ETF,1998-10-28,,Active
EVG,Eaton Vance Short Duration Diversified Income Fund,NYSE,ETF,2005-02-24,,Active
EVGN,Evogene Ltd,NASDAQ,Stock,2008-03-05,,Active
EVM,Eaton Vance California Municipal Bond Fund,NYSE MKT,ETF,2002-08-28,,Active
EVN,Eaton Vance Municipal Income Trust,NYSE,ETF,1999-01-27,,Active
EVO,Evotec SE,NASDAQ,Stock,2009-12-04,,Active
EVO,Eaton Vance Ohio Municipal Income Trust,NYSE MKT,ETF,1999-01-28,,Active
EVOQ,EVOQ PROPERTIES INC,NASDAQ,Stock,2009-04-07,,Active
EVR,Evercore Inc - Class A,NYSE,Stock,2006-08-14,,Active
EVT,Eaton Vance Tax Advantaged Dividend Income Fund,NYSE,ETF,2003-09-26,,Active
EVVV,ev3 Inc,NASDAQ,Stock,2005-06-16,,Active
EVX,VANECK ENVIRONMENTAL SERVICES ETF ,NYSE,ETF,2006-10-16,,Active
EVY,Eaton Vance New York Muni Incm Trst Fd,NYSE MKT,ETF,1999-01-27,,Active
EW,Edwards Lifesciences Corp,NYSE,Stock,2000-03-27,,Active
EWA,ISHARES MSCI AUSTRALIA ETF ,NYSE,ETF,1996-04-01,,Active
EWBC,East West Bancorp Inc,NASDAQ,Stock,1999-02-03,,Active
EWC,ISHARES MSCI CANADA ETF ,NYSE,ETF,1996-04-01,,Active
EWD,ISHARES MSCI SWEDEN ETF ,NYSE,ETF,1996-04-01,,Active
EWG,ISHARES MSCI GERMANY ETF ,NYSE,ETF,1996-04-01,,Active
EWH,ISHARES MSCI HONG KONG ETF ,NYSE,ETF,1996-04-01,,Active
EWI,ISHARES MSCI ITALY ETF ,NYSE,ETF,1996-04-01,,Active
EWJ,ISHARES MSCI JAPAN ETF ,NYSE,ETF,1996-04-01,,Active
EWK,ISHARES MSCI BELGIUM ETF ,NYSE,ETF,1996-04-01,,Active
EWL,ISHARES MSCI SWITZERLAND ETF ,NYSE,ETF,1996-04-01,,Active
EWM,ISHARES MSCI MALAYSIA ETF ,NYSE,ETF,1996-04-01,,Active
EWN,ISHARES MSCI NETHERLANDS ETF ,NYSE,ETF,1996-04-01,,Active
EWO,ISHARES MSCI AUSTRIA ETF ,NYSE,ETF,1996-04-01,,Active
EWP,ISHARES MSCI SPAIN ETF ,NYSE,ETF,1996-04-01,,Active
EWQ,ISHARES MSCI FRANCE ETF ,NYSE,ETF,1996-04-01,,Active
EWS,ISHARES MSCI SINGAPORE ETF ,NYSE,ETF,1996-04-01,,Active
EWT,ISHARES MSCI TAIWAN ETF ,NYSE,ETF,2000-06-23,,Active
EWU,ISHARES MSCI UNITED KINGDOM ETF ,NYSE,ETF,1996-04-01,,Active
EWV,ProShares UltraShort MSCI Japan -2x Shares,NYSE,ETF,2007-11-08,,Active
EWW,ISHARES MSCI MEXICO ETF ,NYSE,ETF,1996-04-01,,Active
EWX,STATE STREET(R) SPDR(R) S&P(R) EMERGING MARKETS SMALL CAP ETF ,NYSE,ETF,2008-05-16,,Active
EWY,ISHARES MSCI SOUTH KOREA ETF ,NYSE,ETF,2000-05-12,,Active
EWZ,ISHARES MSCI BRAZIL ETF ,NYSE,ETF,2000-07-14,,Active
EXAC,Exactech Inc,NASDAQ,Stock,1996-05-30,,Active
EXAR,Exar Corp,NYSE,Stock,1990-03-26,,Active
EXAS,Exact Sciences Corp,NASDAQ,Stock,2001-02-01,,Active
EXC,Exelon Corp,NASDAQ,Stock,1980-01-02,,Active
EXEL,Exelixis Inc,NASDAQ,Stock,2000-04-17,,Active
EXFO,EXFO Inc,NASDAQ,Stock,2000-06-30,,Active
EXG,Eaton Vance Tax-Managed Global Diversified Equity Income Fund,NYSE,ETF,2007-04-23,,Active
EXH,Exterran Holdings Inc,NYSE,Stock,2007-08-21,,Active
EXI,ISHARES GLOBAL INDUSTRIALS ETF ,NYSE,ETF,2006-09-27,,Active
EXK,Endeavour Silver Corp,NYSE,Stock,2006-04-26,,Active
EXLP,Exterran Partners L.P.,NASDAQ,Stock,2006-10-17,,Active
EXLS,ExlService Holdings Inc,NASDAQ,Stock,2006-10-20,,Active
EXP,Eagle Materials Inc,NYSE,Stock,1994-04-12,,Active
EXPD,Expeditors International Of Washington Inc,NYSE,Stock,1990-03-26,,Active
EXPE,Expedia Group Inc,NASDAQ,Stock,2005-07-21,,Active
EXPO,Exponent Inc,NASDAQ,Stock,1990-08-17,,Active
EXR,Extra Space Storage Inc,NYSE,Stock,2004-08-16,,Active
EXTR,Extreme Networks Inc,NASDAQ,Stock,1999-04-09,,Active
EXXI,Energy XXI Bermuda Ltd,NASDAQ,Stock,2007-06-01,,Active
EYPT,EyePoint Pharmaceuticals Inc,NASDAQ,Stock,2005-01-27,,Active
EZA,ISHARES MSCI SOUTH AFRICA ETF ,NYSE,ETF,2003-02-07,,Active
EZCH,EZchip Semiconductor Ltd,NASDAQ,Stock,1999-12-31,,Active
EZJ,PROSHARES ULTRA MSCI JAPAN ,NYSE,ETF,2009-06-05,,Active
EZM,WISDOMTREE U.S. MIDCAP FUND ,NYSE,ETF,2007-02-23,,Active
EZPW,EZCorp Inc - Class A,NASDAQ,Stock,1991-08-27,,Active
EZU,ISHARES MSCI EUROZONE ETF ,BATS,ETF,2001-01-02,,Active
EZY,WISDOMTREE U.S. LARGECAP VALUE FUND NA,NYSE ARCA,ETF,2007-02-23,,Active
F,Ford Motor Company,NYSE,Stock,1972-06-01,,Active
FAB,FIRST TRUST MULTI CAP VALUE ALPHADEX FUND ,NASDAQ,ETF,2007-05-23,,Active
FAC,First Acceptance Corp,NYSE,Stock,1972-06-01,,Active
FAD,FIRST TRUST MULTI CAP GROWTH ALPHADEX FUND ,NASDAQ,ETF,2007-05-11,,Active
FAM,First Trust-abrdn Global Opportunity Income Fund,NYSE,ETF,2004-11-24,,Active
FAN,FIRST TRUST GLOBAL WIND ENERGY ETF ,NYSE,ETF,2008-06-27,,Active
FARM,Farmer Bros. Company,NASDAQ,Stock,1990-03-26,,Active
FARO,Faro Technologies Inc,NASDAQ,Stock,1997-09-18,,Active
FAS,DIREXION DAILY FINANCIAL BULL 3X SHARES ,NYSE,ETF,2008-11-19,,Active
FAST,Fastenal Company,NASDAQ,Stock,1990-03-26,,Active
FAV,First Trust Dividend and Income Fund,NYSE,ETF,2007-09-20,,Active
FAZ,DIREXION DAILY FINANCIAL BEAR 3X SHARES ,NYSE,ETF,2008-11-19,,Active
FBC,Flagstar Bancorp Inc,NYSE,Stock,1997-04-30,,Active
FBCP,Founders Bancorp CA,NASDAQ,Stock,2005-05-16,,Active
FBIZ,First Business Financial Services Inc,NASDAQ,Stock,2005-10-07,,Active
FBMS,First Bancshares Inc Miss,NYSE,Stock,2003-01-02,,Active
FBN,FBI Wind Down Inc,NASDAQ,Stock,2006-12-28,,Active
FBNC,First Bancorp,NASDAQ,Stock,1992-12-09,,Active
FBP,First Bancorp PR,NYSE,Stock,1992-02-25,,Active
FBR,Fibria Celulose SA ADR,NYSE,Stock,2000-04-14,,Active
FBRC,VEGASHARES AI NETWORKING ETF ,NASDAQ,Stock,2007-06-08,,Active
FBSS,GRANITESHARES 2X SHORT META DAILY ETF ,NASDAQ,ETF,1999-12-23,,Active
FBT,FIRST TRUST NYSE ARCA BIOTECHNOLOGY INDEX FUND ,NYSE,ETF,2006-06-23,,Active
FBTXQ,Franklin Bank Corp,NYSE,Stock,2010-01-04,,Active
FC,Franklin Covey Company,NYSE,Stock,1992-06-03,,Active
FCAP,First Capital Inc,NASDAQ,Stock,1999-01-04,,Active
FCBC,First Community Bankshares Inc,NASDAQ,Stock,1997-05-09,,Active
FCCO,First Community Corp,NASDAQ,Stock,1999-03-09,,Active
FCCY,1st Constitution Bancorp,NASDAQ,Stock,1999-03-15,,Active
FCE-A,Forest City Enterprises Inc. FCE.A,NYSE,Stock,1983-10-25,,Active
FCE-B,Forest City Enterprises Inc. FCE.B,NYSE,Stock,1992-03-17,,Active
FCEL,Fuelcell Energy Inc,NASDAQ,Stock,1997-02-27,,Active
FCF,First Commonwealth Financial Corp,NYSE,Stock,1992-06-10,,Active
FCFC,FIRSTCITY FINANCIAL CORP,NASDAQ,Stock,1995-08-02,,Active
FCFS,FirstCash Holdings Inc,NASDAQ,Stock,1992-08-17,,Active
FCG,FIRST TRUST NATURAL GAS ETF ,NYSE,ETF,2007-05-11,,Active
FCH,FelCor Lodging Trust Inc,NYSE,Stock,1994-07-22,,Active
FCH-P-A,FelCor Lodging Trust Incorporated Preferred Stock,NYSE,Stock,1994-07-22,,Active
FCHI,ISHARES FTSE CHINA (HK LISTED) INDEX FUND,NASDAQ,ETF,2008-06-25,,Active
FCMCQ,FRANKLIN CREDIT HOLDING CORP,NYSE,Stock,2010-01-04,,Active
FCN,FTI Consulting Inc,NYSE,Stock,1996-05-09,,Active
FCNCA,First Citizens Bancshares Inc (NC) - Class A,NASDAQ,Stock,1992-02-25,,Active
FCO,abrdn Global Income Fund Inc,NYSE MKT,ETF,1992-03-12,,Active
FCSC,Fibrocell Science Inc,NASDAQ,Stock,2009-10-21,,Active
FCT,First Trust Senior Floting Rate Income Fund II,NYSE,ETF,2004-05-26,,Active
FCVA,First Capital Bancorp Inc,NASDAQ,Stock,1999-03-15,,Active
FCX,Freeport-McMoRan Inc,NYSE,Stock,1995-07-10,,Active
FDBC,Fidelity D&D Bancorp Inc,NASDAQ,Stock,2001-01-02,,Active
FDD,FIRST TRUST STOXX EUROPEAN SELECT DIVIDEND INDEX FUND ,NYSE,ETF,2007-08-30,,Active
FDI,Fort Dearborn Income Securities Inc,NYSE,ETF,2005-01-18,,Active
FDL,FIRST TRUST MORNINGSTAR DIVIDEND LEADERS INDEX FUND ,NYSE,ETF,2006-03-15,,Active
FDM,FIRST TRUST DOW JONES SELECT MICROCAP INDEX FUND ,NYSE,ETF,2005-09-30,,Active
FDML,FederalMogul Corp,NASDAQ,Stock,2008-01-02,,Active
FDN,FIRST TRUST DOW JONES INTERNET INDEX FUND ,NYSE,ETF,2006-06-23,,Active
FDO,Family Dollar Stores Inc,NYSE,Stock,1985-02-25,,Active
FDS,Factset Research Systems Inc,NYSE,Stock,1996-06-28,,Active
FDX,Fedex Corp,NYSE,Stock,1978-04-12,,Active
FE,Firstenergy Corp,NYSE,Stock,1997-11-10,,Active
FEIC,FEI Company,NASDAQ,Stock,1995-05-31,,Active
FEIM,Frequency Electronics Inc,NASDAQ,Stock,1983-09-01,,Active
FELE,Franklin Electric Co. Inc,NASDAQ,Stock,1990-03-26,,Active
FEN,First Trust Energy Income and Growth Fund,NYSE MKT,ETF,2004-06-25,,Active
FEO,First Trust-abrdn Emerging Opportunity Fund,NYSE,ETF,2006-08-31,,Active
FEX,First Trust Large Cap Core AlphaDEX Fund,NASDAQ,ETF,2007-05-10,,Active
FEZ,STATE STREET(R) SPDR(R) EURO STOXX 50(R) ETF ,NYSE,ETF,2002-10-21,,Active
FFA,First Trust Enhanced Equity Income Fund,NYSE,ETF,2004-08-27,,Active
FFBC,First Financial Bancorp,NASDAQ,Stock,1990-03-26,,Active
FFBH,First Federal Bancshares of Arkansas Inc,NASDAQ,Stock,1996-05-06,,Active
FFC,Flaherty & Crumrine Preferred and Income Securities Fund Inc,NYSE,ETF,2003-01-30,,Active
FFCO,Fedfirst Financial Corp,NASDAQ,Stock,2005-04-07,,Active
FFEX,FROZEN FOOD EXPRESS INDUSTRIES INC,NASDAQ,Stock,2001-01-02,,Active
FFG,FBL Financial Group Inc - Class A,NYSE,Stock,1996-07-19,,Active
FFG,FBL Financial Group Inc,NYSE,Stock,2001-01-02,,Active
FFHL,Baijiayun Group Ltd,NASDAQ,Stock,2006-12-19,,Active
FFIC,Flushing Financial Corp,NASDAQ,Stock,1995-11-21,,Active
FFIN,First Financial Bankshares Inc,NASDAQ,Stock,1993-11-01,,Active
FFIV,F5 Inc,NASDAQ,Stock,1999-06-04,,Active
FFKT,Farmers Capital Bank Corp,NASDAQ,Stock,1993-03-04,,Active
FFKY,First Financial Service Corp. KY,NASDAQ,Stock,1990-07-17,,Active
FFNM,First Federal of Nrthrn Michgn Bancp Inc,NASDAQ,Stock,2005-04-04,,Active
FFNW,First Financial Northwest Inc,NASDAQ,Stock,2007-10-10,,Active
FGB,First Trust Specialty Finance & Financial Opportunities Fund,NYSE,ETF,2007-05-25,,Active
FGBI,First Guaranty Bancshares Inc,NASDAQ,Stock,2001-01-02,,Active
FGD,FIRST TRUST DOW JONES GLOBAL SELECT DIVIDEND INDEX FUND ,NYSE,ETF,2007-11-27,,Active
FGH,FG Group Holdings Inc,NYSE MKT,Stock,2000-12-19,,Active
FGP,Ferrellgas Partners L.P,NYSE,Stock,1994-06-28,,Active
FGXI,FGX International Holdings LTD,NASDAQ,Stock,2007-10-25,,Active
FHCO,The Female Health Company,NASDAQ,Stock,1999-02-11,,Active
FHI,Federated Hermes Inc - Class B,NYSE,Stock,1998-05-14,,Active
FHN,First Horizon Corporation,NYSE,Stock,1990-03-26,,Active
FHY,First Trust Strategic High Income Fund Ii,NYSE,ETF,2006-03-29,,Active
FICO,Fair Isaac Corp,NYSE,Stock,1992-02-25,,Active
FIG,Fortress Investment Group LLC,NYSE,Stock,2007-02-09,,Active
FINL,Finish Line Inc,NASDAQ,Stock,1992-06-09,,Active
FIS,Fidelity National Information Services Inc,NYSE,Stock,2001-06-20,,Active
FISI,Financial Institutions Inc,NASDAQ,Stock,1999-06-25,,Active
FISV,Fiserv Inc,NASDAQ,Stock,1990-03-26,,Active
FITB,Fifth Third Bancorp,NASDAQ,Stock,1990-03-26,,Active
FIVZ,PIMCO 37 YEAR U.S. TREASURY INDEX FUND,NYSE ARCA,ETF,2009-11-04,,Active
FIW,FIRST TRUST WATER ETF ,NYSE,ETF,2007-05-11,,Active
FIX,Comfort Systems USA Inc,NYSE,Stock,1997-06-27,,Active
FIZZ,National Beverage Corp,NASDAQ,Stock,1991-09-16,,Active
FKWL,Franklin Wireless Corp,NASDAQ,Stock,2002-08-27,,Active
FL,Foot Locker Inc,NYSE,Stock,1970-01-02,,Active
FLC,Flaherty & Crumrine Total Return Fund Inc,NYSE,ETF,2003-10-09,,Active
FLEX,Flex Ltd,NASDAQ,Stock,1994-03-18,,Active
FLG,New York Community Bancorp Inc,NYSE,Stock,1993-11-23,,Active
FLIC,First Of Long Island Corp,NASDAQ,Stock,1995-08-18,,Active
FLIR,Flir Systems Inc,NASDAQ,Stock,1993-06-22,,Active
FLL,Full House Resorts Inc,NASDAQ,Stock,1993-08-17,,Active
FLML,Flamel Technologies SA,NASDAQ,Stock,2001-01-02,,Active
FLNA,Filana Therapeutics Inc,NASDAQ,Stock,2000-07-14,,Active
FLNT,Fluent Inc,NASDAQ,Stock,2007-12-27,,Active
FLO,Flowers Foods Inc,NYSE,Stock,1987-11-05,,Active
FLR,Fluor Corporation,NYSE,Stock,2000-12-01,,Active
FLS,Flowserve Corp,NYSE,Stock,1990-03-26,,Active
FLUX,Flux Power Holdings Inc,NASDAQ,Stock,2002-12-09,,Active
FLWS,1-800 Flowers.com Inc - Class A,NASDAQ,Stock,1999-08-03,,Active
FLXI,Flexiinternational Software Inc,BATS,Stock,1997-12-12,,Active
FLXS,Flexsteel Industries Inc,NASDAQ,Stock,1992-02-25,,Active
FLY,Fly Leasing Ltd,NYSE,Stock,2007-09-28,,Active
FMAO,Farmers & Merchants Bancorp Inc,NASDAQ,Stock,2004-11-23,,Active
FMBH,First Mid Bancshares Inc,NASDAQ,Stock,1999-03-16,,Active
FMBI,First Midwest Bancorp Inc,NASDAQ,Stock,1990-03-26,,Active
FMC,FMC Corp,NYSE,Stock,1985-07-01,,Active
FMD,The First Marblehead Corp,NYSE,Stock,2003-10-31,,Active
FMFC,First M & F Corp,NASDAQ,Stock,2001-01-02,,Active
FMN,Federated Hermes Premier Municipal Income Fund,NYSE,ETF,2002-12-20,,Active
FMNB,Farmers National Banc Corp,NASDAQ,Stock,1999-01-04,,Active
FMO,Fiduciary/Claymore Energy Infrastructure Fund,NYSE,ETF,2004-12-23,,Active
FMR,FIRST MERCURY FINANCIAL CORP,NYSE,Stock,2006-10-18,,Active
FMS,Fresenius Medical Care AG & Co. KGaA,NYSE,Stock,1996-09-17,,Active
FMX,Fomento Economico Mexicano S.A.B. de C.V.,NYSE,Stock,1998-05-11,,Active
FMY,First Trust Mortgage Income Fund,NYSE,ETF,2005-05-26,,Active
FNB,F.N.B. Corp,NYSE,Stock,1993-03-04,,Active
FNBG,Fnb Bancorp Ca,NASDAQ,Stock,2002-02-21,,Active
FNCB,FNCB Bancorp Inc,NASDAQ,Stock,2001-01-02,,Active
FNCX,Viggle Inc,NASDAQ,Stock,1990-03-26,,Active
FNF,Fidelity National Financial Inc,NYSE,Stock,2005-10-14,,Active
FNFG,First Niagara Financial Group Inc,NASDAQ,Stock,2001-01-02,,Active
FNI,First Trust Chindia ETF,NYSE ARCA,ETF,2007-05-11,,Active
FNIO,ISHARES FTSE NAREIT INDUSTRIALOFFICE CAPPED INDEX FUND,NYSE ARCA,ETF,2007-05-08,,Active
FNJN,Finjan Holdings Inc,NASDAQ,Stock,2007-03-16,,Active
FNKO2,Funko Inc Class A,NASDAQ,Stock,2005-01-28,,Active
FNLC,First Bancorp Inc (ME),NASDAQ,Stock,1999-07-14,,Active
FNRN,First Northern Community Bancorp,NASDAQ,Stock,2001-01-02,,Active
FNSR,Finisar Corp,NASDAQ,Stock,1999-11-12,,Active
FNV,Franco-Nevada Corporation,NYSE,Stock,2007-12-07,,Active
FNWD,Finward Bancorp,NASDAQ,Stock,1998-03-17,,Active
FNX,FIRST TRUST MID CAP CORE ALPHADEX FUND ,NASDAQ,ETF,2007-05-10,,Active
FOCL,FocalTherics,NASDAQ,Stock,1997-08-01,,Active
FOE,Ferro Corp,NYSE,Stock,1987-11-05,,Active
FOF,Cohen & Steers Closed-End Opportunity Fund Inc,NYSE,ETF,2006-11-28,,Active
FOLD,Amicus Therapeutics Inc,NASDAQ,Stock,2007-05-31,,Active
FONR,Fonar Corp,NASDAQ,Stock,1993-10-27,,Active
FOR,Forestar Group Inc New,NYSE,Stock,2007-12-13,,Active
FORM,FormFactor Inc,NASDAQ,Stock,2003-06-12,,Active
FORR,Forrester Research Inc,NASDAQ,Stock,1996-11-27,,Active
FORTY,Formula Systems (1985) Ltd,NASDAQ,Stock,1997-10-20,,Active
FOSL,Fossil Group Inc,NASDAQ,Stock,1993-04-08,,Active
FPAMQ,Fpa Medical Management Inc,NASDAQ,Stock,2001-01-02,,Active
FPIC,FPIC INSURANCE GROUP INC,NASDAQ,Stock,2001-01-02,,Active
FPO,First Potomac Realty Trust,NYSE,Stock,2003-10-23,,Active
FPP,Fieldpoint Petroleum Corp,NYSE,Stock,2005-09-20,,Active
FPT,Federated Premier Intermediate Municipal,NYSE,ETF,2002-12-20,,Active
FPWBQ,FOUNTAIN POWERBOAT INDUSTRIES INC,NYSE,Stock,1992-03-18,,Active
FPX,FIRST TRUST US EQUITY OPPORTUNITIES ETF ,NYSE,ETF,2006-05-24,,Active
FR,First Industrial Realty Trust Inc,NYSE,Stock,1994-06-24,,Active
FRA,Blackrock Floating Rate Income Strategies Fund Inc,NYSE,ETF,2003-10-29,,Active
FRAF,Franklin Financial Services Corp,NASDAQ,Stock,2001-01-02,,Active
FRBA,First Bank (NJ),NASDAQ,Stock,2007-03-28,,Active
FRD,Friedman Industries Inc,NASDAQ,Stock,1992-03-17,,Active
FREEW,Whole Earth Brands Inc - Warrants (30/04/2026),NASDAQ,Stock,2005-12-16,,Active
FRGBQ,First Regional Bancorp,NASDAQ,Stock,1995-08-22,,Active
FRI,FIRST TRUST S&P REIT INDEX FUND ,NYSE,ETF,2007-05-10,,Active
FRM,Furmanite Corp,NYSE,Stock,2001-07-02,,Active
FRME,First Merchants Corp,NASDAQ,Stock,1992-02-25,,Active
FRN,INVESCO FRONTIER MARKETS ETF,NYSE ARCA,ETF,2008-06-13,,Active
FRO,Frontline Plc,NYSE,Stock,2001-08-06,,Active
FRPH,FRP Holdings Inc,NASDAQ,Stock,1990-03-26,,Active
FRST,Primis Financial Corp,NASDAQ,Stock,2006-11-01,,Active
FRT,Federal Realty Investment Trust.,NYSE,Stock,1973-05-03,,Active
FRX,Forest Laboratories Inc,NYSE,Stock,1988-04-19,,Active
FSBC,FSB Community Bankshares Inc,NASDAQ,Stock,2007-08-31,,Active
FSBK,First South Bancorp Inc,NASDAQ,Stock,1997-04-08,,Active
FSBS,First South Bancorp Inc Sc,NASDAQ,Stock,2000-02-11,,Active
FSC,Fifth Street Finance Corp,NASDAQ,Stock,2008-06-12,,Active
FSFG,First Savings Financial Group Inc,NASDAQ,Stock,2008-10-08,,Active
FSGI,First Security Group Inc,NASDAQ,Stock,2005-08-10,,Active
FSIN,Fushi Copperweld Inc,NASDAQ,Stock,2005-09-29,,Active
FSLR,First Solar Inc,NASDAQ,Stock,2006-11-17,,Active
FSM,Fortuna Silver Mines Inc,NYSE,Stock,2007-01-08,,Active
FSRV,FirstService Corp,NASDAQ,Stock,1995-01-20,,Active
FSS,Federal Signal Corp,NYSE,Stock,1982-03-01,,Active
FSTR,L.B. Foster Co. - Class A,NASDAQ,Stock,1990-03-26,,Active
FSYS,Fuel Systems Solutions Inc,NASDAQ,Stock,2001-01-02,,Active
FT,Franklin Universal Trust,NYSE,ETF,1989-06-30,,Active
FTA,FIRST TRUST LARGE CAP VALUE ALPHADEX FUND ,NASDAQ,ETF,2007-05-11,,Active
FTC,First Trust Large Capital Growth AlphaDEX Fund,NASDAQ,ETF,2007-05-11,,Active
FTCS,FIRST TRUST CAPITAL STRENGTH ETF ,NASDAQ,ETF,2006-07-11,,Active
FTDS,FIRST TRUST DIVIDEND STRENGTH ETF ,NASDAQ,ETF,2004-04-28,,Active
FTEK,Fuel Tech Inc,NASDAQ,Stock,1993-09-07,,Active
FTFT,Future FinTech Group Inc,NASDAQ,Stock,2005-03-15,,Active
FTI,TechnipFMC plc,NYSE,Stock,2001-06-14,,Active
FTK,Flotek Industries Inc,NYSE,Stock,2005-07-27,,Active
FTLF,FitLife Brands Inc,NASDAQ,Stock,2007-11-02,,Active
FTLK,Funtalk China Holdings Ltd Foreign,NASDAQ,Stock,2009-12-15,,Active
FTNT,Fortinet Inc,NASDAQ,Stock,2009-11-18,,Active
FTO,FRONTIER OIL CORP,NYSE,Stock,2001-01-02,,Active
FTR,Frontier Communications Corp,NASDAQ,Stock,1990-03-26,,Active
FUBC,1st United Bancorp Inc Florida,NASDAQ,Stock,2008-04-10,,Active
FUD,UBS AG Jersey,NYSE ARCA,ETF,2008-04-04,,Active
FUE,AB Svensk Exportkredit,NYSE ARCA,ETF,2008-02-15,,Active
FUL,H.B. Fuller Company,NYSE,Stock,1990-03-26,,Active
FULT,Fulton Financial Corp,NASDAQ,Stock,1990-03-26,,Active
FUN,Six Flags Entertainment Corp,NYSE,Stock,1987-04-23,,Active
FUN,CEDAR FAIR L.P.,NYSE,Stock,1987-04-23,,Active
FUNC,First United Corporation,NASDAQ,Stock,1992-09-08,,Active
FUND,Sprott Focus Trust Inc,NASDAQ,Stock,1992-02-25,,Active
FUR,Winthrop Realty Trust,NYSE,Stock,2001-01-02,,Active
FUSB,First US Bancshares Inc,NASDAQ,Stock,1999-01-11,,Active
FVD,FIRST TRUST VALUE LINE DIVIDEND INDEX FUND ,NYSE,ETF,2003-10-09,,Active
FVE,AlerisLife Inc,NYSE,Stock,2001-12-17,,Active
FVL,First Trust Value Line 100 ETF,NYSE ARCA,ETF,2003-07-15,,Active
FWDI,Forward Industries Inc,NASDAQ,Stock,1995-06-15,,Active
FWLT,Foster Wheeler AG,NASDAQ,Stock,1972-06-01,,Active
FWRD,Forward Air Corp,NASDAQ,Stock,1993-11-16,,Active
FWV,First West Virginia Bancorp Inc,NYSE,Stock,1995-06-26,,Active
FXA,Invesco CurrencyShares Australian Dollar Trust,NYSE,ETF,2006-06-26,,Active
FXB,Invesco CurrencyShares British Pound Sterling Trust,NYSE,ETF,2006-06-26,,Active
FXC,Invesco CurrencyShares Canadian Dollar Trust,NYSE,ETF,2006-06-26,,Active
FXD,FIRST TRUST CONSUMER DISCRETIONARY ALPHADEX FUND ,NYSE,ETF,2007-05-10,,Active
FXE,Invesco CurrencyShares Euro Trust,NYSE,ETF,2005-12-12,,Active
FXEN,FX Energy Inc,NASDAQ,Stock,1996-06-11,,Active
FXF,Invesco CurrencyShares Swiss Franc Trust,NYSE,ETF,2006-06-26,,Active
FXG,FIRST TRUST CONSUMER STAPLES ALPHADEX FUND ,NYSE,ETF,2007-05-10,,Active
FXH,FIRST TRUST HEALTH CARE ALPHADEX FUND ,NYSE,ETF,2007-05-10,,Active
FXI,ISHARES CHINA LARGE-CAP ETF ,NYSE,ETF,2004-10-08,,Active
FXL,FIRST TRUST TECHNOLOGY ALPHADEX FUND ,NYSE,ETF,2007-05-10,,Active
FXN,FIRST TRUST ENERGY ALPHADEX FUND ,NYSE,ETF,2007-05-10,,Active
FXNC,First National Corp (Strasburg VA),NASDAQ,Stock,2001-01-02,,Active
FXO,FIRST TRUST FINANCIALS ALPHADEX FUND ,NYSE,ETF,2007-05-10,,Active
FXP,ProShares UltraShort FTSE China 50 -2x Shares,NYSE,ETF,2007-11-08,,Active
FXR,FIRST TRUST INDUSTRIALS/PRODUCER DURABLES ALPHADEX FUND ,NYSE,ETF,2007-05-10,,Active
FXS,Guggenheim CurrencyShares Swedish Krona Trust ETF,NYSE ARCA,ETF,2006-06-26,,Active
FXU,FIRST TRUST UTILITIES ALPHADEX FUND ,NYSE,ETF,2007-05-10,,Active
FXY,Invesco CurrencyShares Japanese Yen Trust,NYSE,ETF,2007-02-13,,Active
FXZ,FIRST TRUST MATERIALS ALPHADEX FUND ,NYSE,ETF,2007-05-10,,Active
FYX,FIRST TRUST SMALL CAP CORE ALPHADEX FUND ,NASDAQ,ETF,2007-05-10,,Active
G,Genpact Ltd,NYSE,Stock,2007-08-02,,Active
GAB,Gabelli Equity Trust Inc,NYSE,ETF,1987-11-05,,Active
GABC,German American Bancorp Inc,NASDAQ,Stock,1993-05-21,,Active
GAF,SPDRR S&PR EMERGING MIDDLE EAST & AFRICA ETF,NYSE ARCA,ETF,2007-03-23,,Active
GAIA,Gaia Inc - Class A,NASDAQ,Stock,1999-10-29,,Active
GAIN,Gladstone Investment Corporation,NASDAQ,Stock,2005-06-23,,Active
GALE,Galena Biopharma Inc,NASDAQ,Stock,2008-03-12,,Active
GALT,Galectin Therapeutics Inc,NASDAQ,Stock,2002-09-09,,Active
GAM,General American Investors Co. Inc,NYSE,ETF,1985-07-01,,Active
GAM-P-B,General American Investors Co. Inc,NYSE,Stock,2003-10-06,,Active
GAME,Shanda Games LimitedADR,NASDAQ,Stock,2009-09-25,,Active
GAP,Gap Inc,NYSE,Stock,1987-07-23,,Active
GAS,AGL Resources Inc,NYSE,Stock,1973-05-03,,Active
GASS,StealthGas Inc,NASDAQ,Stock,2005-10-06,,Active
GATX,GATX Corp,NYSE,Stock,1987-11-05,,Active
GAZ,iPath Dow Jones-UBS Natural Gas Subindex Total ReturnSM ETN,NYSE ARCA,ETF,2007-10-25,,Active
GB,Greatbatch Inc,NYSE,Stock,2000-09-29,,Active
GBB,iPath GBPUSD Exchange Rate ETN,NYSE ARCA,ETF,2007-12-27,,Active
GBCI,Glacier Bancorp Inc,NYSE,Stock,1992-01-27,,Active
GBLI,Global Indemnity Group LLC - Class A,NASDAQ,Stock,2003-12-16,,Active
GBNK,Guaranty Bancorp,NASDAQ,Stock,2005-10-03,,Active
GBX,Greenbrier Cos. Inc,NYSE,Stock,1994-07-14,,Active
GCBC,Greene County Bancorp Inc,NASDAQ,Stock,1999-06-30,,Active
GCC,WISDOMTREE ENHANCED COMMODITY STRATEGY FUND ,NYSE,ETF,2008-01-24,,Active
GCH,Aberdeen Greater China Fund Inc,NYSE,ETF,1992-07-15,,Active
GCI,Gannett Company Inc,NYSE,Stock,1985-07-01,,Active
GCO,Genesco Inc,NYSE,Stock,1985-07-01,,Active
GCV,Gabelli Convertible and Income Securities Fund Inc,NYSE,ETF,1995-03-31,,Active
GD,General Dynamics Corp,NYSE,Stock,1977-01-03,,Active
GDF,Western Asset Global Partners Common,NYSE,ETF,1994-10-26,,Active
GDL,GDL Fund,NYSE,ETF,2007-04-23,,Active
GDO,Western Asset Global Corporate Defined Opportunity Fund Inc,NYSE,ETF,2009-11-24,,Active
GDV,Gabelli Dividend & Income Trust,NYSE,ETF,2003-11-25,,Active
GDX,VANECK GOLD MINERS ETF ,NYSE,ETF,2006-05-22,,Active
GDXJ,VANECK JUNIOR GOLD MINERS ETF ,NYSE,ETF,2009-11-11,,Active
GE,General Electric Company,NYSE,Stock,1962-01-02,,Active
GEC,Forest Investments Inc,NASDAQ,Stock,1999-06-11,,Active
GEF,Greif Inc - Class A,NYSE,Stock,1996-02-28,,Active
GEF-B,Greif Inc - Class B,NYSE,Stock,2003-10-07,,Active
GEL,Genesis Energy L.P.,NYSE,Stock,1996-11-27,,Active
GEN,Gen Digital Inc,NASDAQ,Stock,1990-03-26,,Active
GENE,Genetic Technologies Ltd,NASDAQ,Stock,2005-09-02,,Active
GENZ,VANECK DIGITAL NATIVE ECONOMY ETF ,NASDAQ,ETF,2008-01-24,,Active
GEO,Geo Group Inc,NYSE,Stock,1994-07-28,,Active
GEOS,Geospace Technologies Corp,NASDAQ,Stock,1997-11-21,,Active
GEOY,GeoEye Inc,NASDAQ,Stock,2006-12-28,,Active
GERN,Geron Corp,NASDAQ,Stock,1996-07-31,,Active
GES,Guess Inc,NYSE,Stock,1996-08-08,,Active
GEVA,Synageva BioPharma Corp,NASDAQ,Stock,2006-12-28,,Active
GF,New Germany Fund Inc,NYSE,ETF,1990-01-25,,Active
GFED,Guaranty Federal Bancshares Inc,NASDAQ,Stock,1995-04-10,,Active
GFF,Griffon Corp,NYSE,Stock,1973-05-03,,Active
GFI,Gold Fields Ltd,NYSE,Stock,1991-05-01,,Active
GFN,General Finance Corporation,NASDAQ,Stock,2006-07-06,,Active
GFY,Western Asset Vrble Rate Strtgc Fnd Inc,NYSE,ETF,2004-10-27,,Active
GG,Goldcorp Inc,NYSE,Stock,1995-08-18,,Active
GGAL,Grupo Financiero Galicia,NASDAQ,Stock,2000-07-25,,Active
GGB,Gerdau S.A.,NYSE,Stock,1999-03-10,,Active
GGE,Guggenheim Enhanced Equity Strategy Fund,NYSE,ETF,2004-01-28,,Active
GGG,Graco Inc,NYSE,Stock,1986-07-09,,Active
GGLR,GeoGlobal Resources Inc,NYSE,Stock,1998-12-31,,Active
GGME,INVESCO NEXT GEN MEDIA AND GAMING ETF ,NYSE,ETF,2005-06-23,,Active
GGP,General Growth Properties Inc,NYSE,Stock,1993-04-08,,Active
GGP-P-A,GGP Inc. Preferred Series A,NYSE,Stock,2005-09-12,,Active
GGT,Gabelli Multimedia Trust Inc,NYSE,ETF,1994-12-19,,Active
GHC,Graham Holdings Co. - Class B,NYSE,Stock,1990-01-24,,Active
GHDX,Genomic Health Inc,NASDAQ,Stock,2005-09-29,,Active
GHI,Greystone Housing Impact Investors LP,NYSE,Stock,1986-04-02,,Active
GHI,Global High Income Fund Inc,NYSE,ETF,1994-11-22,,Active
GHL,Greenhill & Co Inc,NYSE,Stock,2004-05-06,,Active
GHM,Graham Corp,NYSE,Stock,1992-03-17,,Active
GIB,CGI Inc - Class A,NYSE,Stock,1998-10-07,,Active
GIC,Global Industrial Company,NYSE,Stock,1995-06-27,,Active
GIFI,Gulf Island Fabrication Inc,NASDAQ,Stock,1997-04-04,,Active
GIGM,Gigamedia,NASDAQ,Stock,2000-02-18,,Active
GII,STATE STREET(R) SPDR(R) S&P(R) GLOBAL INFRASTRUCTURE ETF ,NYSE,ETF,2007-01-31,,Active
GIII,G-III Apparel Group Ltd,NASDAQ,Stock,1990-03-26,,Active
GIL,Gildan Activewear Inc,NYSE,Stock,1998-06-19,,Active
GILD,Gilead Sciences Inc,NASDAQ,Stock,1992-01-22,,Active
GILT,Gilat Satellite Networks,NASDAQ,Stock,1993-03-26,,Active
GIS,General Mills Inc,NYSE,Stock,1983-06-10,,Active
GIVN,Given Imaging Ltd,NASDAQ,Stock,2009-02-20,,Active
GIW,Wilber CORP,NYSE,Stock,2002-08-06,,Active
GJH,Synthetic FixedIncome Securities Inc 6375 STRATS Cl A1,NYSE,Stock,2004-05-05,,Active
GJO,Synthetic FixedIncome Securities Inc Synthetic FixedIncome Securities Inc on behalf of STRATSSM Trust for WalMart Stores Inc Securities Series 2004,NYSE,Stock,2005-11-21,,Active
GJP,Synthetic FixedIncome Securities Inc Synthetic FixedIncome Securities Inc on behalf of STRATS SM Trust for Dominion Resources Inc Securities Series 2,NYSE,Stock,2007-12-27,,Active
GJR,Synthetic FixedIncome Securities Inc STRATS Trust for ProcterGamble Securities Series 20061,NYSE,Stock,2007-12-27,,Active
GJS,Synthetic Fixed-Income Securities Inc,NYSE,Stock,2006-04-28,,Active
GJT,Synthetic FixedIncome Securities Inc Synthetic FixedIncome Securities Inc Floating Rate Structured Repackaged AssetBacked Trust Securities Certificates,NYSE,Stock,2007-08-01,,Active
GJV,Synthetic FixedIncome Securities Inc 700 Fixed Rate Structured Repackaged AssetBacked Trust Securities STRATS,NYSE,Stock,2007-08-01,,Active
GK,G&K Services Inc,NASDAQ,Stock,1990-03-26,,Active
GKNT,Geeknet Inc,NASDAQ,Stock,2001-01-02,,Active
GL,Globe Life Inc,NYSE,Stock,1987-12-30,,Active
GLA,Clark Holdings Inc,NYSE,Stock,1996-06-26,,Active
GLAD,Gladstone Capital Corp,NASDAQ,Stock,2002-08-02,,Active
GLBC,GLOBAL CROSSING LTD,NASDAQ,Stock,2004-01-22,,Active
GLBS,Globus Maritime Ltd,NASDAQ,Stock,2008-03-11,,Active
GLD,SPDR Gold Shares ETF,NYSE,ETF,2004-11-18,,Active
GLDD,Great Lakes Dredge & Dock Corporation,NASDAQ,Stock,2006-12-27,,Active
GLF,GulfMark Offshore Inc,NYSE,Stock,1997-05-01,,Active
GLL,ProShares UltraShort Gold -2x Shares,NYSE,ETF,2008-12-03,,Active
GLNG,Golar Lng,NASDAQ,Stock,2003-07-15,,Active
GLP,Global Partners LP,NYSE,Stock,2005-09-29,,Active
GLRE,Greenlight Capital Re Ltd - Class A,NASDAQ,Stock,2007-05-24,,Active
GLUU,Glu Mobile Inc,NASDAQ,Stock,2007-03-22,,Active
GLW,Corning Inc,NYSE,Stock,1981-12-31,,Active
GMAB,Genmab,NASDAQ,Stock,2009-06-01,,Active
GMCR,Green Mountain Coffee Roasters Inc,NASDAQ,Stock,2001-01-12,,Active
GME,Gamestop Corporation - Class A,NYSE,Stock,2002-02-13,,Active
GMF,STATE STREET(R) SPDR(R) S&P(R) EMERGING ASIA PACIFIC ETF ,NYSE,ETF,2007-03-23,,Active
GMK,Gruma S.A.B. de CV,NYSE,Stock,1998-11-06,,Active
GML,SPDRR S&PR EMERGING LATIN AMERICA ETF,NYSE ARCA,ETF,2007-03-23,,Active
GMM,SPDR(R) S&P(R) EMERGING MARKETS ETF,NYSE ARCA,ETF,2007-03-23,,Active
GNA,Gerdau Ameristeel Corp,NYSE,Stock,2001-01-02,,Active
GNCMA,General Communication Inc,NASDAQ,Stock,1992-10-14,,Active
GNI,Great Northern Iron Ore Properties,NYSE,Stock,1987-11-05,,Active
GNSS,Genasys Inc,NASDAQ,Stock,1997-05-09,,Active
GNTX,Gentex Corp,NASDAQ,Stock,1990-03-26,,Active
GNVC,GenVec Inc,NASDAQ,Stock,2000-12-12,,Active
GNW,Genworth Financial Inc - Class A,NYSE,Stock,2004-05-25,,Active
GOAI,Eva Live Inc,NASDAQ,Stock,2009-01-22,,Active
GOF,Guggenheim Strategic Opportunities Fund,NYSE,ETF,2007-07-27,,Active
GOGL,Golden Ocean Group Ltd,NASDAQ,Stock,1997-02-07,,Active
GOLD,Randgold Resources Ltd,NASDAQ,Stock,2002-07-30,,Active
GOOD,Gladstone Commercial Corp,NASDAQ,Stock,2003-08-14,,Active
GOODO,Gladstone Commercial Corporation 750 Series B Cumulative Redeemable Preferred Stock,NASDAQ,Stock,2006-10-25,,Active
GOODP,Gladstone Commercial Corporation 775 Series A Cumulative Redeemable Preferred Stock,NASDAQ,Stock,2006-09-07,,Active
GOOGL,Alphabet Inc - Class A,NASDAQ,Stock,2004-08-19,,Active
GOVI,INVESCO EQUAL WEIGHT 0-30 YEAR TREASURY ETF ,NASDAQ,ETF,2007-10-11,,Active
GPC,Genuine Parts Company,NYSE,Stock,1983-04-06,,Active
GPI,Group 1 Automotive Inc,NYSE,Stock,1997-10-30,,Active
GPIC,Gaming Partners International Corp,NASDAQ,Stock,1994-03-29,,Active
GPK,Graphic Packaging Holding Company,NYSE,Stock,1992-12-10,,Active
GPM,Guggenheim Enhanced Equity Income Fund,NYSE,ETF,2005-08-26,,Active
GPN,Global Payments Inc,NYSE,Stock,2001-01-16,,Active
GPOR,Gulfport Energy Corp,NASDAQ,Stock,1999-03-03,,Active
GPRE,Green Plains Inc,NASDAQ,Stock,2006-03-15,,Active
GPT,Gramercy Property Trust Inc,NYSE,Stock,2004-08-02,,Active
GPX,GP Strategies Corp,NYSE,Stock,1992-03-17,,Active
GRA,W.R. Grace & Company,NYSE,Stock,1982-01-04,,Active
GRB,GERBER SCIENTIFIC INC,NYSE,Stock,1990-01-02,,Active
GRBK,Green Brick Partners Inc,NYSE,Stock,2007-06-14,,Active
GRC,Gorman-Rupp Company,NYSE,Stock,1992-03-17,,Active
GRES,IQ Global Resources ETF,NYSE ARCA,ETF,2009-10-27,,Active
GRID,FIRST TRUST NASDAQ CLEAN EDGE SMART GRID INFRASTRUCTURE INDEX FUND ,NASDAQ,ETF,2009-11-17,,Active
GRMN,Garmin Ltd,NYSE,Stock,2000-12-08,,Active
GRO,Agria Corporation ADR,NYSE,Stock,2007-11-06,,Active
GROW,U.S. Global Investors Inc - Class A,NASDAQ,Stock,1996-06-03,,Active
GRR,Asia Tigers Fund Inc,NYSE,ETF,1993-11-19,,Active
GRT,Glimcher Realty Trust,NYSE,Stock,1994-01-20,,Active
GRU,AB Svensk Exportkredit,NYSE ARCA,ETF,2008-02-15,,Active
GRVY,Gravity Co Ltd,NASDAQ,Stock,2005-02-08,,Active
GRX,Gabelli Healthcare & WellnessRx Trust,NYSE,ETF,2007-06-19,,Active
GS,Goldman Sachs Group Inc,NYSE,Stock,1999-05-04,,Active
GS-P-A,Goldman Sachs Group Inc,NYSE,Stock,2005-04-25,,Active
GS-P-B,Goldman Sachs Group Inc The Depositary Share repstg 11000th Preferred Series B,NYSE,Stock,2005-11-04,,Active
GS-P-I,Goldman Sachs Group Inc. The Perpetual Preferred Series I,NYSE,Stock,1999-05-04,,Active
GSAT,Globalstar Inc,NASDAQ,Stock,2006-11-02,,Active
GSB,GlobalScape,NYSE MKT,Stock,2003-09-09,,Active
GSBC,Great Southern Bancorp Inc,NASDAQ,Stock,1990-03-26,,Active
GSC,GOLDMAN SACHS SMALL CAP CORE EQUITY ETF ,NYSE,ETF,2007-12-27,,Active
GSG,iShares S&P GSCI Commodity-Indexed Trust,NYSE,ETF,2006-07-21,,Active
GSIT,GSI Technology Inc,NASDAQ,Stock,2007-03-29,,Active
GSK,GSK Plc,NYSE,Stock,1986-07-09,,Active
GSL,Global Ship Lease Inc - Class A,NYSE,Stock,2008-08-15,,Active
GSM,Ferroglobe Plc,NASDAQ,Stock,2009-07-30,,Active
GSOL,Global Sources Ltd. Bermuda,NYSE ARCA,Stock,2000-04-17,,Active
GSP,Barclays Bank PLC,NYSE ARCA,ETF,2006-06-07,,Active
GSS,Golden Star Resources Ltd,NYSE MKT,Stock,2001-09-26,,Active
GST,Gastar Exploration Inc,NYSE,Stock,2006-01-05,,Active
GSY,INVESCO ULTRA SHORT DURATION ETF ,NYSE,ETF,2008-02-12,,Active
GT,Goodyear Tire & Rubber Company,NASDAQ,Stock,1970-01-02,,Active
GTAT,GT Advanced Technologies Inc,NASDAQ,Stock,2008-07-25,,Active
GTIM,Good Times Restaurants Inc,NASDAQ,Stock,1995-08-18,,Active
GTIV,Gentiva Health Services Inc,NASDAQ,Stock,2000-02-10,,Active
GTLS,Chart Industries Inc,NYSE,Stock,2006-07-26,,Active
GTN,Gray Television Inc,NYSE,Stock,2002-08-30,,Active
GTN-A,Gray Television Inc - Class A,NYSE,Stock,1993-03-17,,Active
GTS,Triple-S Management Corp,NYSE,Stock,2007-12-07,,Active
GTWN,Georgetown Bancorp Inc MD,NASDAQ,Stock,2005-01-06,,Active
GTY,Getty Realty Corp,NYSE,Stock,1973-05-03,,Active
GUID,Guidance Software Inc,NASDAQ,Stock,2006-12-13,,Active
GULF,WISDOMTREE MIDDLE EAST DIVIDEND FUND NA,NASDAQ,ETF,2008-07-16,,Active
GUR,SPDRR S&PR EMERGING EUROPE ETF,NYSE ARCA,ETF,2007-03-23,,Active
GURE,Gulf Resources Inc,NASDAQ,Stock,2006-08-14,,Active
GUT,Gabelli Utility Trust,NYSE,ETF,1999-07-12,,Active
GV,Goldfield Corp,NYSE MKT,Stock,1992-03-17,,Active
GVA,Granite Construction Inc,NYSE,Stock,1992-02-25,,Active
GVI,ISHARES INTERMEDIATE GOVERNMENT/CREDIT BOND ETF ,BATS,ETF,2007-01-11,,Active
GVP,GSE Systems Inc,NASDAQ,Stock,1995-07-27,,Active
GWL,SPDRR S&PR WORLD EXUS ETF,NYSE ARCA,ETF,2007-04-26,,Active
GWR,Genesee Wyoming Inc,NYSE,Stock,1996-06-25,,Active
GWW,W.W. Grainger Inc,NYSE,Stock,1984-12-17,,Active
GWX,STATE STREET(R) SPDR(R) S&P(R) INTERNATIONAL SMALL CAP ETF ,NYSE,ETF,2007-04-26,,Active
GXC,STATE STREET(R) SPDR(R) S&P(R) CHINA ETF ,NYSE,ETF,2007-03-23,,Active
GXP,Great Plains Energy Inc,NYSE,Stock,1987-11-05,,Active
GXP-P-B,Great Plains Energy Inc Depositary Shares Series B,NYSE,Stock,1987-11-05,,Active
GY,Gencorp Inc,NASDAQ,Stock,1981-02-02,,Active
GYB,CABCO Series 2004101 Trust Goldman Sachs Capital I Floating Rate Callable Certificates,NYSE,Stock,2004-06-04,,Active
GYC,Corporate Asset Backed Corporation,NYSE,Stock,2005-11-21,,Active
GYRE,Gyre Therapeutics Inc,NASDAQ,Stock,2006-04-12,,Active
GYRO,Gyrodyne LLC,NASDAQ,Stock,1995-08-18,,Active
H,Hyatt Hotels Corporation - Class A,NYSE,Stock,2009-11-05,,Active
HA,Hawaiian Holdings Inc,NASDAQ,Stock,1995-06-21,,Active
HAE,Haemonetics Corp,NYSE,Stock,1991-05-10,,Active
HAFC,Hanmi Financial Corp,NASDAQ,Stock,1997-05-09,,Active
HAIN,Hain Celestial Group Inc,NASDAQ,Stock,1994-01-20,,Active
HAL,Halliburton Company,NYSE,Stock,1972-06-01,,Active
HALO,Halozyme Therapeutics Inc,NASDAQ,Stock,2004-03-16,,Active
HAMPQ,Hampshire Group Ltd,NASDAQ,Stock,2001-01-02,,Active
HAO,INVESCO CHINA SMALL CAP ETF,NYSE ARCA,ETF,2008-01-30,,Active
HAP,VANECK NATURAL RESOURCES ETF ,NYSE,ETF,2008-09-03,,Active
HAS,Hasbro Inc,NASDAQ,Stock,1984-12-18,,Active
HAST,Hastings Entertainment Inc,NASDAQ,Stock,2006-12-28,,Active
HAWKQ,Seahawk Drilling Inc,NASDAQ,Stock,2009-08-14,,Active
HAYN,Haynes International Inc,NASDAQ,Stock,2007-03-21,,Active
HBAN,Huntington Bancshares Inc,NASDAQ,Stock,1990-03-26,,Active
HBANP,Huntington Bancshares Inc,NASDAQ,Stock,2008-04-17,,Active
HBCP,Home Bancorp Inc,NASDAQ,Stock,2008-10-08,,Active
HBE,Henry Bros. Electronics Inc,NASDAQ,Stock,2001-11-16,,Active
HBHC,Hancock Holding Company,NASDAQ,Stock,1991-06-04,,Active
HBI,Hanesbrands Inc,NYSE,Stock,2006-09-06,,Active
HBIO,Harvard Bioscience Inc,NASDAQ,Stock,2001-03-19,,Active
HBM,Hudbay Minerals Inc,NYSE,Stock,2009-02-13,,Active
HBM-WS,HudBay Minerals Inc Wt Exp 07202018,NYSE,Stock,2009-02-13,,Active
HBMD,Howard Bancorp Inc,NASDAQ,Stock,2007-10-09,,Active
HBNC,Horizon Bancorp Inc (IN),NASDAQ,Stock,2001-12-17,,Active
HBNK,Hampden Bancorp Inc,NASDAQ,Stock,2007-01-17,,Active
HBOS,Heritage Financial Group Inc,NASDAQ,Stock,2005-06-30,,Active
HBP,Huttig Building Products Inc,NASDAQ,Stock,2009-01-05,,Active
HCBK,Hudson City Bancorp Inc,NASDAQ,Stock,1999-07-13,,Active
HCC,HCC Insurance Holdings Inc,NYSE,Stock,1992-10-28,,Active
HCCI,Heritage-Crystal Clean Inc,NASDAQ,Stock,2008-03-12,,Active
HCI,HCI Group Inc,NYSE,Stock,2008-09-15,,Active
HCKT,Hackett Group Inc (The),NASDAQ,Stock,1998-05-28,,Active
HCN,Health Care REIT Inc,NYSE,Stock,1992-03-17,,Active
HCSG,Healthcare Services Group Inc,NASDAQ,Stock,1990-03-26,,Active
HD,Home Depot Inc,NYSE,Stock,1981-09-22,,Active
HDB,HDFC Bank Ltd,NYSE,Stock,2001-07-20,,Active
HDNG,Hardinge Inc,NASDAQ,Stock,1995-05-25,,Active
HDSN,Hudson Technologies Inc,NASDAQ,Stock,1994-11-02,,Active
HE,Hawaiian Electric Industries Inc,NYSE,Stock,1987-11-05,,Active
HEDJ,WISDOMTREE EUROPE HEDGED EQUITY FUND ,NYSE,ETF,2009-12-31,,Active
HEES,H&E Equipment Services Inc,NASDAQ,Stock,2006-01-31,,Active
HEI,Heico Corp,NYSE,Stock,1992-03-17,,Active
HELE,Helen of Troy Ltd,NASDAQ,Stock,1990-03-26,,Active
HEOP,Heritage Oaks Bancorp,NASDAQ,Stock,2001-01-02,,Active
HEP,Holly Energy Partners L.P.,NYSE,Stock,2004-07-08,,Active
HES,Hess Corporation,NYSE,Stock,1983-04-06,,Active
HF,DGA CORE PLUS ABSOLUTE RETURN ETF ,NYSE,Stock,2007-01-31,,Active
HFBC,HopFed Bancorp Inc,NASDAQ,Stock,1998-02-09,,Active
HFBL,Home Federal Bancorp Inc (Louisiana),NASDAQ,Stock,2007-06-20,,Active
HFWA,Heritage Financial Corp,NASDAQ,Stock,1998-05-07,,Active
HGI,INVESCO ZACKS INTERNATIONAL MULTIASSET INCOME ETF,NYSE ARCA,ETF,2007-07-11,,Active
HGR,Hanger Inc,NYSE,Stock,1992-03-17,,Active
HGT,Hugoton Royalty Trust,NYSE,Stock,1999-04-09,,Active
HH,Hooper Holmes Inc,NYSE,Stock,1987-06-22,,Active
HHS,Harte-Hanks Inc,NASDAQ,Stock,1993-11-04,,Active
HI,Hillenbrand Inc,NYSE,Stock,2008-03-28,,Active
HIBB,Hibbett Inc,NASDAQ,Stock,1996-10-11,,Active
HIFS,Hingham Institution For Savings,NASDAQ,Stock,1992-02-25,,Active
HIG,Hartford Financial Services Group Inc,NYSE,Stock,1995-12-15,,Active
HIG-WS,Hartford Financial Services Group Inc Wt,NYSE,Stock,1995-12-15,,Active
HIHO,Highway Holdings Ltd,NASDAQ,Stock,1996-12-11,,Active
HIL,Hill International Inc,NYSE,Stock,2004-08-12,,Active
HILL,Dot Hill Systems Corp,NASDAQ,Stock,1997-09-17,,Active
HIMX,Himax Technologies,NASDAQ,Stock,2006-03-31,,Active
HIO,Western Asset High Income Opportunity Fund Inc,NYSE,ETF,1994-10-27,,Active
HITK,HiTech Pharmacal Company,NASDAQ,Stock,1992-08-04,,Active
HITT,Hittite Microwave Corp,NASDAQ,Stock,2005-07-22,,Active
HIW,Highwoods Properties Inc,NYSE,Stock,1994-06-08,,Active
HIX,Western Asset High Income Fund II Inc,NYSE,ETF,1998-05-22,,Active
HJV,MS Structured Asset Corp SATURNS JC Penney Company Inc DebBkd Series 20071 70,NYSE,Stock,2007-03-27,,Active
HKFI,Hancock Fabrics Inc,NYSE,Stock,2010-01-04,,Active
HKRSQ,Halcon Resources Corp New,NYSE,Stock,2004-05-25,,Active
HL,Hecla Mining Company,NYSE,Stock,1985-02-14,,Active
HLF,Herbalife Ltd,NYSE,Stock,2004-12-16,,Active
HLIO,Helios Technologies Inc,NYSE,Stock,1997-01-09,,Active
HLIT,Harmonic Inc,NASDAQ,Stock,1995-05-24,,Active
HLS,HEALTHSOUTH Corp,NYSE,Stock,1989-09-13,,Active
HLTH,Nobilis Health Corp,NYSE,Stock,2009-02-13,,Active
HLX,Helix Energy Solutions Group Inc,NYSE,Stock,1997-07-01,,Active
HMA,Health Management Associates Inc,NYSE,Stock,2006-12-28,,Active
HMC,Honda Motor,NYSE,Stock,1980-03-17,,Active
HME,Home Properties Inc,NYSE,Stock,1994-08-01,,Active
HMG,HMG Courtland Properties Inc,NYSE MKT,Stock,1995-08-18,,Active
HMIN,Home Inns & Hotels Management Inc. ADR,NASDAQ,Stock,2006-10-26,,Active
HMN,Horace Mann Educators Corp,NYSE,Stock,1991-11-15,,Active
HMNF,HMN Financial Inc,NASDAQ,Stock,1994-06-30,,Active
HMR,Sports Properties Acquisition Corp,NASDAQ,Stock,2008-02-05,,Active
HMSY,HMS Holdings Corp,NASDAQ,Stock,1992-12-18,,Active
HMTA,HomeTown Bankshares Corp,NASDAQ,Stock,2007-09-26,,Active
HMY,Harmony Gold Mining Co Ltd,NYSE,Stock,1996-09-30,,Active
HNH,Handy and Harman Ltd,NASDAQ,Stock,2005-08-22,,Active
HNI,HNI Corp,NYSE,Stock,1990-03-26,,Active
HNNA,Hennessy Advisors Inc,NASDAQ,Stock,2002-10-15,,Active
HNR,Harvest Natural Resources Inc,NYSE,Stock,1989-11-07,,Active
HNRG,Hallador Energy Company,NASDAQ,Stock,1997-01-20,,Active
HNSN,Hansen Medical Inc,NASDAQ,Stock,2006-11-15,,Active
HNT,Health Net Inc,NYSE,Stock,1991-11-06,,Active
HNW,Pioneer Diversified High Income Fund Inc,NYSE MKT,ETF,2007-05-30,,Active
HNZ,H.J. Heinz Company,NYSE,Stock,2001-01-02,,Active
HOFT,Hooker Furnishings Corporation,NASDAQ,Stock,2001-01-02,,Active
HOG,Harley-Davidson Inc,NYSE,Stock,1987-11-05,,Active
HOGS,ZHONGPIN INC.,NASDAQ,Stock,2007-12-27,,Active
HOLI,Hollysys Automation Technologies Ltd,NASDAQ,Stock,2008-10-22,,Active
HOLX,Hologic Inc,NASDAQ,Stock,1990-03-26,,Active
HOMB,Home Bancshares Inc,NYSE,Stock,2006-06-23,,Active
HON,Honeywell International Inc,NASDAQ,Stock,1970-01-02,,Active
HOPE,Hope Bancorp Inc,NASDAQ,Stock,1998-01-29,,Active
HOS,Hornbeck Offshore Services Inc,NYSE,Stock,2004-03-26,,Active
HOTR,Chanticleer Holdings Inc,NASDAQ,Stock,2006-10-31,,Active
HOTT,Hot Topic Inc,NASDAQ,Stock,2006-12-28,,Active
HOV,Hovnanian Enterprises Inc - Class A,NYSE,Stock,1992-03-17,,Active
HOVNP,Hovnanian Enterprises Inc,NASDAQ,Stock,2005-11-30,,Active
HP,Helmerich & Payne Inc,NYSE,Stock,1980-10-15,,Active
HPF,John Hancock Preferred Income Fund II,NYSE,ETF,2002-11-26,,Active
HPI,John Hancock Preferred Income Fund,NYSE,ETF,2003-07-15,,Active
HPJ,Highpower International Inc,NASDAQ,Stock,2008-06-19,,Active
HPQ,HP Inc,NYSE,Stock,1962-01-02,,Active
HPS,John Hancock Preferred Income Fund III,NYSE,ETF,2003-06-17,,Active
HPWR,Health Power Inc,NASDAQ,Stock,2001-01-02,,Active
HPY,Heartland Payment Systems Inc,NYSE,Stock,2005-08-15,,Active
HQCL,Hanwha Q CELLS Company. Ltd,NASDAQ,Stock,2006-12-20,,Active
HQH,abrdn Healthcare Investors,NYSE,ETF,1988-01-05,,Active
HQI,HireQuest Inc,NASDAQ,Stock,2002-06-06,,Active
HQL,abrdn Life Sciences Investors,NYSE,ETF,1992-05-04,,Active
HR,Healthcare Realty Trust Inc,NYSE,Stock,1993-05-27,,Active
HRB,H&R Block Inc,NYSE,Stock,1986-11-12,,Active
HRC,Hill-Rom Holdings Inc,NYSE,Stock,1987-03-02,,Active
HRG,Harbinger Group Inc,NYSE,Stock,1983-04-06,,Active
HRI,Herc Holdings Inc,NYSE,Stock,2006-11-16,,Active
HRL,Hormel Foods Corp,NYSE,Stock,1990-01-02,,Active
HROW,Harrow Inc,NASDAQ,Stock,2007-09-28,,Active
HRTX,Heron Therapeutics Inc,NASDAQ,Stock,1987-08-27,,Active
HS,HealthSpring Inc,NYSE,Stock,2006-02-03,,Active
HSBC,HSBC Holdings plc,NYSE,Stock,1999-07-16,,Active
HSEA,HSBC Holdings plc,NYSE,Stock,2008-04-03,,Active
HSH,Hillshire Brands Company,NYSE,Stock,1986-05-05,,Active
HSIC,Henry Schein Inc,NASDAQ,Stock,1995-11-03,,Active
HSII,Heidrick & Struggles International Inc,NASDAQ,Stock,1999-04-27,,Active
HSKA,Heska Corp (Restricted Voting),NASDAQ,Stock,1997-07-01,,Active
HSNI,HSN Inc,NASDAQ,Stock,2008-08-12,,Active
HSP,Hospira Inc,NYSE,Stock,2004-05-03,,Active
HST,Host Hotels & Resorts Inc,NASDAQ,Stock,1983-04-06,,Active
HSTM,Healthstream Inc,NASDAQ,Stock,2000-04-11,,Active
HSY,Hershey Company,NYSE,Stock,1985-07-01,,Active
HT,Hersha Hospitality Trust - Class A,NYSE,Stock,1999-01-21,,Active
HTBK,Heritage Commerce Corp,NASDAQ,Stock,1998-07-20,,Active
HTD,John Hancock Tax- Advantaged Dividend Income,NYSE,ETF,2004-02-25,,Active
HTGC,Hercules Capital Inc,NYSE,Stock,2005-06-09,,Active
HTH,Hilltop Holdings Inc,NYSE,Stock,2004-02-19,,Active
HTLD,Heartland Express Inc,NASDAQ,Stock,1990-03-26,,Active
HTLF,Heartland Financial USA Inc,NASDAQ,Stock,1999-01-04,,Active
HTM,U.S. Geothermal Inc,NYSE,Stock,2005-05-20,,Active
HTO,H2O America,NASDAQ,Stock,1972-06-01,,Active
HTS,Hatteras Financial Corp,NYSE,Stock,2008-04-29,,Active
HTY,John Hancock Tax-Advantaged Global Shareholder Yield Fund,NYSE,ETF,2007-09-26,,Active
HUBG,Hub Group Inc - Class A,NASDAQ,Stock,1996-03-13,,Active
HUM,Humana Inc,NYSE,Stock,1981-12-31,,Active
HUN,Huntsman Corp,NYSE,Stock,2005-02-14,,Active
HURC,Hurco Companies Inc,NASDAQ,Stock,1989-09-05,,Active
HURN,Huron Consulting Group Inc,NASDAQ,Stock,2004-10-13,,Active
HVB,Hudson Valley Holding Corp,NYSE,Stock,1999-12-13,,Active
HVT,Haverty Furniture Cos. Inc,NYSE,Stock,1992-02-25,,Active
HVT-A,Haverty Furniture Cos. Inc - Class A,NYSE,Stock,1992-02-25,,Active
HW,Headwaters Inc,NYSE,Stock,1995-06-15,,Active
HWBK,Hawthorn Bancshares Inc,NASDAQ,Stock,1999-07-20,,Active
HWC,Hancock Whitney Corp,NASDAQ,Stock,2001-01-02,,Active
HWCC,Houston Wire & Cable Company,NASDAQ,Stock,2006-06-15,,Active
HWG,The Hallwood Group Inc,NYSE,Stock,2006-12-28,,Active
HWKN,Hawkins Inc,NASDAQ,Stock,1993-10-27,,Active
HWM,Howmet Aerospace Inc,NYSE,Stock,1962-01-02,,Active
HXL,Hexcel Corp,NYSE,Stock,1987-11-05,,Active
HYB,LAZARD US HIGH YIELD ETF ,NYSE,ETF,1988-02-19,,Active
HYC,HYPERCOM CORP,NYSE,Stock,2006-12-28,,Active
HYD,VANECK HIGH YIELD MUNI ETF ,BATS,ETF,2009-02-05,,Active
HYF,Managed High Yield Plus Fund Inc,NYSE,ETF,1998-06-24,,Active
HYG,ISHARES IBOXX $ HIGH YIELD CORPORATE BOND ETF ,NYSE,ETF,2007-04-11,,Active
HYGS,Hydrogenics Corp,NASDAQ,Stock,2000-11-01,,Active
HYT,BlackRock Corporate High Yield Fund Inc,NYSE,ETF,2003-05-29,,Active
HZO,Marinemax Inc,NYSE,Stock,1998-06-03,,Active
IACI,IACInterActiveCorp,NASDAQ,Stock,1993-01-19,,Active
IAE,Voya Asia Pacific High Dividend Equity Income Fund,NYSE,ETF,2007-03-28,,Active
IAG,Iamgold Corp,NYSE,Stock,2003-07-15,,Active
IAI,ISHARES U.S. BROKER-DEALERS &AMP; SECURITIES EXCHANGES ETF ,NYSE,ETF,2006-05-05,,Active
IAK,ISHARES U.S. INSURANCE ETF ,NYSE,ETF,2006-05-05,,Active
IART,Integra Lifesciences Holdings Corp,NASDAQ,Stock,1995-08-16,,Active
IAT,ISHARES U.S. REGIONAL BANKS ETF ,NYSE,ETF,2006-05-05,,Active
IAU,iShares Gold Trust,NYSE,ETF,2005-01-28,,Active
IBB,ISHARES BIOTECHNOLOGY ETF ,NASDAQ,ETF,2001-02-12,,Active
IBCA,ISHARES IBONDS DEC 2035 TERM CORPORATE ETF ,NYSE,ETF,1998-06-03,,Active
IBCP,Independent Bank Corporation (Ionia MI),NASDAQ,Stock,2001-01-02,,Active
IBIO,iBio Inc,NASDAQ,Stock,2008-08-19,,Active
IBKC,IBERIABANK Corp,NASDAQ,Stock,1995-04-10,,Active
IBKR,Interactive Brokers Group Inc - Class A,NASDAQ,Stock,2007-05-04,,Active
IBM,International Business Machines Corp,NYSE,Stock,1962-01-02,,Active
IBN,ICICI Bank Ltd,NYSE,Stock,2000-03-28,,Active
IBOC,International Bancshares Corp,NASDAQ,Stock,1996-05-30,,Active
ICA,Empresas ICA SA ADR,NYSE,Stock,1992-04-09,,Active
ICAD,Icad Inc,NASDAQ,Stock,1992-03-17,,Active
ICB,Morgan Stanley Income Securities Inc,NYSE,ETF,1985-07-01,,Active
ICCC,Immucell Corp,NASDAQ,Stock,1995-07-10,,Active
ICE,Intercontinental Exchange Inc,NYSE,Stock,2005-11-16,,Active
ICF,ISHARES SELECT U.S. REIT ETF ,BATS,ETF,2001-02-02,,Active
ICFI,ICF International Inc,NASDAQ,Stock,2006-09-28,,Active
ICGE,ICG Group Inc,NASDAQ,Stock,1999-08-05,,Active
ICI,iPath Optimized Currency Carry ETN,NYSE ARCA,ETF,2008-04-17,,Active
ICLN,ISHARES GLOBAL CLEAN ENERGY ETF ,NASDAQ,ETF,2008-06-25,,Active
ICLR,Icon Plc,NASDAQ,Stock,1998-05-15,,Active
ICN,WISDOMTREE INDIAN RUPEE STRATEGY FUND NA,NYSE ARCA,ETF,2008-05-14,,Active
ICON,Iconix Brand Group Inc,NASDAQ,Stock,1990-03-06,,Active
ICUI,ICU Medical Inc,NASDAQ,Stock,1992-03-31,,Active
ID,L1 IDENTITY SOLUTIONS INC.,NYSE MKT,Stock,2001-01-02,,Active
IDA,Idacorp Inc,NYSE,Stock,1986-10-17,,Active
IDC,INTERACTIVE DATA CORP,NYSE,Stock,2006-12-28,,Active
IDCC,Interdigital Inc,NASDAQ,Stock,1990-03-26,,Active
IDGT,ISHARES U.S. DIGITAL INFRASTRUCTURE AND REAL ESTATE ETF ,NYSE,ETF,2001-07-13,,Active
IDHQ,INVESCO S&P INTERNATIONAL DEVELOPED QUALITY ETF ,NYSE,ETF,2007-06-13,,Active
IDIX,Idenix Pharmaceuticals Inc,NASDAQ,Stock,2004-07-22,,Active
IDN,Intellicheck Inc,NASDAQ,Stock,1999-11-19,,Active
IDSA,Industrial Services of America Inc,NASDAQ,Stock,1996-05-30,,Active
IDT,IDT Corp - Class B,NYSE,Stock,2001-05-16,,Active
IDTI,Integrated Device Technology Inc,NASDAQ,Stock,1990-03-26,,Active
IDU,ISHARES U.S. UTILITIES ETF ,NYSE,ETF,2000-06-20,,Active
IDV,ISHARES INTERNATIONAL SELECT DIVIDEND ETF ,BATS,ETF,2007-06-21,,Active
IDX,VANECK INDONESIA INDEX ETF ,NYSE,ETF,2009-01-20,,Active
IDXX,Idexx Laboratories Inc,NASDAQ,Stock,1991-06-24,,Active
IEC,IEC Electronics Corp,NYSE MKT,Stock,1993-02-12,,Active
IEF,ISHARES 7-10 YEAR TREASURY BOND ETF ,NASDAQ,ETF,2002-07-26,,Active
IEI,ISHARES 3-7 YEAR TREASURY BOND ETF ,NASDAQ,ETF,2007-01-11,,Active
IEO,ISHARES U.S. OIL & GAS EXPLORATION & PRODUCTION ETF ,BATS,ETF,2006-05-05,,Active
IEP,Icahn Enterprises L P,NASDAQ,Stock,1987-07-24,,Active
IESC,IES Holdings Inc,NASDAQ,Stock,1998-01-28,,Active
IEUS,ISHARES MSCI EUROPE SMALL-CAP ETF ,NASDAQ,ETF,2007-11-19,,Active
IEV,ISHARES EUROPE ETF ,NYSE,ETF,2000-07-28,,Active
IEX,Idex Corporation,NYSE,Stock,1989-06-30,,Active
IEZ,ISHARES U.S. OIL EQUIPMENT & SERVICES ETF ,NYSE,ETF,2006-05-05,,Active
IFAS,ISHARES FTSE EPRA/NAREIT DEVELOPED ASIA INDEX FUND,NASDAQ,ETF,2008-01-07,,Active
IFEU,ISHARES EUROPE DEVELOPED REAL ESTATE ETF ,NASDAQ,ETF,2007-12-27,,Active
IFF,International Flavors & Fragrances Inc,NYSE,Stock,1981-12-31,,Active
IFF-WI,International Flavors & Fragrances Inc,NYSE,Stock,1981-12-31,,Active
IFGL,ISHARES INTERNATIONAL DEVELOPED REAL ESTATE ETF ,NASDAQ,ETF,2007-12-27,,Active
IFLN,Invesco Fundamental High Yield Corporate Bond ETF,NYSE,ETF,2007-11-15,,Active
IFN,India Fund Inc,NYSE,ETF,1994-02-15,,Active
IFNA,ISHARES FTSE EPRA/NAREIT NORTH AMERICA INDEX FUND,NASDAQ,ETF,2007-12-27,,Active
IFON,InfoSonics Corp,NASDAQ,Stock,2004-06-17,,Active
IG,PRINCIPAL INVESTMENT GRADE CORPORATE ACTIVE ETF ,BATS,Stock,1990-04-17,,Active
IGA,Voya Global Advantage and Premium Opportunity Fund,NYSE,ETF,2005-10-27,,Active
IGATY,iGATE Computer Systems Ltd Foreign,NYSE,Stock,2005-12-08,,Active
IGD,Voya Global Equity Dividend and Premium Opportunity Fund,NYSE,ETF,2005-03-29,,Active
IGE,ISHARES NORTH AMERICAN NATURAL RESOURCES ETF ,BATS,ETF,2001-11-26,,Active
IGF,ISHARES GLOBAL INFRASTRUCTURE ETF ,NASDAQ,ETF,2007-12-12,,Active
IGI,Western Asset Investment Grade Defined Opportunity Trust Inc,NYSE,ETF,2009-07-01,,Active
IGIB,ISHARES 5-10 YEAR INVESTMENT GRADE CORPORATE BOND ETF ,NASDAQ,ETF,2007-01-11,,Active
IGLB,ISHARES 10+ YEAR INVESTMENT GRADE CORPORATE BOND ETF ,NYSE,ETF,2009-12-09,,Active
IGLD,FT VEST GOLD STRATEGY TARGET INCOME ETF ,NASDAQ,Stock,1999-08-06,,Active
IGM,ISHARES EXPANDED TECH SECTOR ETF ,NYSE,ETF,2001-03-19,,Active
IGOI,iGo Inc,NASDAQ,Stock,2000-06-30,,Active
IGOV,ISHARES INTERNATIONAL TREASURY BOND ETF ,NASDAQ,ETF,2009-01-29,,Active
IGPT,INVESCO AI AND NEXT GEN SOFTWARE ETF ,NYSE,ETF,2005-06-23,,Active
IGR,CBRE Global Real Estate Income Fund,NYSE,ETF,2004-02-25,,Active
IGSB,ISHARES 1-5 YEAR INVESTMENT GRADE CORPORATE BOND ETF ,NASDAQ,ETF,2007-01-11,,Active
IGTE,iGATE Corp,NASDAQ,Stock,1996-12-17,,Active
IGV,ISHARES EXPANDED TECH-SOFTWARE SECTOR ETF ,BATS,ETF,2001-07-13,,Active
IHC,Independence Holding Company,NYSE,Stock,1990-03-26,,Active
IHE,ISHARES U.S. PHARMACEUTICALS ETF ,NYSE,ETF,2006-05-05,,Active
IHF,ISHARES U.S. HEALTHCARE PROVIDERS ETF ,NYSE,ETF,2006-05-05,,Active
IHG,Intercontinental Hotels Group,NYSE,Stock,2003-04-10,,Active
IHI,ISHARES U.S. MEDICAL DEVICES ETF ,NYSE,ETF,2006-05-05,,Active
IHR,INTERSTATE HOTELS & RESORTS INC,NYSE,Stock,2006-12-28,,Active
IHS,IHS Inc,NYSE,Stock,2005-11-11,,Active
IID,ING International High Dividend Equity,NYSE,ETF,2007-09-26,,Active
IIF,Morgan Stanley India Investment Fund Inc,NYSE,ETF,1995-02-15,,Active
III,Information Services Group Inc,NASDAQ,Stock,2007-02-12,,Active
IIIN,Insteel Industries Inc,NYSE,Stock,1992-03-17,,Active
IIM,Invesco Value Municipal Income Trust,NYSE,ETF,1994-10-27,,Active
IIN,IntriCon Corporation,NASDAQ,Stock,1980-03-17,,Active
IJH,ISHARES CORE S&P MID-CAP ETF ,NYSE,ETF,2000-05-26,,Active
IJJ,ISHARES S&P MID-CAP 400 VALUE ETF ,NYSE,ETF,2000-07-28,,Active
IJK,ISHARES S&P MID-CAP 400 GROWTH ETF ,NYSE,ETF,2000-07-28,,Active
IJR,ISHARES CORE S&P SMALL-CAP ETF ,NYSE,ETF,2000-05-26,,Active
IJS,ISHARES S&P SMALL-CAP 600 VALUE ETF ,NYSE,ETF,2000-07-28,,Active
IJT,ISHARES S&P SMALL-CAP 600 GROWTH ETF ,NASDAQ,ETF,2000-07-28,,Active
IKAN,Ikanos Communications Inc,NASDAQ,Stock,2005-09-22,,Active
IKGH,Iao Kun Group Holding Company Ltd,NASDAQ,Stock,2008-10-17,,Active
ILCB,ISHARES MORNINGSTAR U.S. EQUITY ETF ,NYSE,ETF,2004-07-02,,Active
ILCG,ISHARES MORNINGSTAR GROWTH ETF ,NYSE,ETF,2004-07-02,,Active
ILCV,ISHARES MORNINGSTAR VALUE ETF ,NYSE,ETF,2004-07-02,,Active
ILF,ISHARES LATIN AMERICA 40 ETF ,NYSE,ETF,2001-10-26,,Active
ILG,ILG Inc,NASDAQ,Stock,2008-08-12,,Active
ILMN,Illumina Inc,NASDAQ,Stock,2000-07-28,,Active
ILTB,ISHARES CORE 10+ YEAR USD BOND ETF ,NYSE,ETF,2009-12-09,,Active
IMAX,Imax Corp,NYSE,Stock,1994-06-10,,Active
IMCB,ISHARES MORNINGSTAR MID-CAP ETF ,NYSE,ETF,2004-07-02,,Active
IMCB,ISHARES MORNINGSTAR MID-CAP ETF ,NASDAQ,ETF,1998-09-10,,Active
IMCG,ISHARES MORNINGSTAR MID-CAP GROWTH ETF ,NYSE,ETF,2004-07-02,,Active
IMCV,ISHARES MORNINGSTAR MID-CAP VALUE ETF ,NASDAQ,ETF,2004-07-02,,Active
IMGN,Immunogen Inc,NASDAQ,Stock,1990-03-26,,Active
IMH-P--B,Impac Mortgage Holdings Inc,NYSE,Stock,2008-11-24,,Active
IMH-P--C,Impac Mortgage Holdings Inc,NYSE,Stock,2008-11-21,,Active
IMKTA,Ingles Markets Inc - Class A,NASDAQ,Stock,1990-03-26,,Active
IMMR,Immersion Corp,NASDAQ,Stock,1999-11-12,,Active
IMMU,Immunomedics Inc,NASDAQ,Stock,1990-03-26,,Active
IMNN,Imunon Inc,NASDAQ,Stock,1999-03-01,,Active
IMOS,Chipmos Technologies Inc,NASDAQ,Stock,2001-06-19,,Active
IMPCQ,IMPERIAL CAPITAL BANCORP INC.,NYSE,Stock,2010-01-04,,Active
IMVP,Invesco India ETF,NYSE,ETF,2008-03-05,,Active
INAPQ,Internap Corp,NASDAQ,Stock,1999-09-29,,Active
INB,Cohen Steers Global Income Builder Inc,NYSE,ETF,2007-07-27,,Active
INBK,First Internet Bancorp,NASDAQ,Stock,2004-12-28,,Active
INCY,Incyte Corp,NASDAQ,Stock,1993-11-04,,Active
IND,ING Group N.V. Perpetual Debt Securities,NASDAQ,Stock,2003-10-08,,Active
INDB,Independent Bank Corp,NASDAQ,Stock,1990-03-27,,Active
INDT,INDUS Realty Trust Inc,NASDAQ,Stock,1997-06-18,,Active
INDY,ISHARES INDIA 50 ETF ,NASDAQ,ETF,2009-11-20,,Active
INFA,Informatica Corp,NASDAQ,Stock,1999-04-29,,Active
INFN,Infinera Corp,NASDAQ,Stock,2007-06-07,,Active
INFO1,Metro One Telecommunications Inc,NASDAQ,Stock,1996-08-23,,Active
INFY,Infosys Ltd,NYSE,Stock,1999-03-11,,Active
ING,ING Groep N.V.,NYSE,Stock,1996-11-18,,Active
INGR,Ingredion Inc,NYSE,Stock,1997-12-11,,Active
INMD,IntegraMed America Incorporation.,NASDAQ,Stock,2001-01-02,,Active
INO,Inovio Pharmaceuticals Inc,NASDAQ,Stock,1998-12-08,,Active
INOD,Innodata Inc,NASDAQ,Stock,1993-08-11,,Active
INP,iPath MSCI India IndexSM ETN,NYSE ARCA,ETF,2006-12-20,,Active
INR,Market Vectors Indian RupeeUSD ETN,NYSE ARCA,ETF,2008-03-18,,Active
INSG,Inseego Corp,NASDAQ,Stock,2000-11-21,,Active
INSI,Insight Select Income Fund,NYSE,ETF,1984-09-07,,Active
INSM,Insmed Inc,NASDAQ,Stock,2000-06-01,,Active
INTC,Intel Corp,NASDAQ,Stock,1980-03-17,,Active
INTG,Intergroup Corp,NASDAQ,Stock,1995-08-18,,Active
INTL,MAIN INTERNATIONAL ETF ,BATS,ETF,1996-11-15,,Active
INTU,Intuit Inc,NASDAQ,Stock,1993-03-22,,Active
INTX,Intersections Inc,NASDAQ,Stock,2004-04-30,,Active
INVA,Innoviva Inc,NASDAQ,Stock,2004-10-05,,Active
INVE,Identiv Inc,NASDAQ,Stock,1997-10-07,,Active
INVX,Innovex International Inc,NYSE,Stock,1997-10-23,,Active
INWK,Innerworkings Inc,NASDAQ,Stock,2006-08-16,,Active
INZ,ING Groep N.V.,NYSE,Stock,2002-12-17,,Active
IOC,InterOil Corp,NYSE,Stock,2004-09-08,,Active
IONS,Ionis Pharmaceuticals Inc,NASDAQ,Stock,1991-05-17,,Active
IOO,ISHARES GLOBAL 100 ETF ,NYSE,ETF,2000-12-08,,Active
IOSP,Innospec Inc,NASDAQ,Stock,1998-05-13,,Active
IOT,Income Opportunity Realty Trust,NYSE,Stock,2003-01-02,,Active
IP,International Paper Company,NYSE,Stock,1970-01-02,,Active
IPAR,Inter Parfums Inc,NASDAQ,Stock,1991-08-20,,Active
IPAS,iPass Inc,NASDAQ,Stock,2003-09-29,,Active
IPB,Merrill Lynch Depositor Inc,NYSE,Stock,2004-01-20,,Active
IPCC,Infinity Property and Casualty Corp,NASDAQ,Stock,2003-02-12,,Active
IPCM,IPC The Hospitalist Company Inc,NASDAQ,Stock,2008-01-25,,Active
IPD,SPDRR S&PR INTERNATIONAL CONSUMER DISCRETIONARY SECTOR ETF,NYSE ARCA,ETF,2008-07-25,,Active
IPF,SPDRR S&PR INTERNATIONAL FINANCIAL SECTOR ETF,NYSE ARCA,ETF,2008-07-23,,Active
IPG,Interpublic Group Of Cos. Inc,NYSE,Stock,1987-11-05,,Active
IPGP,IPG Photonics Corp,NASDAQ,Stock,2006-12-13,,Active
IPHS,Innophos Holdings Inc,NASDAQ,Stock,2006-11-02,,Active
IPI,Intrepid Potash Inc,NYSE,Stock,2008-04-22,,Active
IPK,SPDRR S&PR INTERNATIONAL TECHNOLOGY SECTOR ETF,NYSE ARCA,ETF,2008-07-24,,Active
IPN,SPDRR S&PR INTERNATIONAL INDUSTRIAL SECTOR ETF,NYSE ARCA,ETF,2008-07-25,,Active
IPS,SPDRR S&PR INTERNATIONAL CONSUMER STAPLES SECTOR ETF,NYSE ARCA,ETF,2008-07-25,,Active
IPT,IPARTY CORP,NASDAQ,Stock,2006-12-28,,Active
IPU,SPDRR S&PR INTERNATIONAL UTILITIES SECTOR ETF,NYSE ARCA,ETF,2008-07-25,,Active
IPW,SPDRR S&PR INTERNATIONAL ENERGY SECTOR ETF,NYSE ARCA,ETF,2008-07-25,,Active
IPXL,Impax Laboratories Inc,NASDAQ,Stock,1995-12-19,,Active
IQI,Invesco Quality Municipal Income Trust,NYSE,ETF,1994-10-27,,Active
IQNT,Inteliquent Inc,NASDAQ,Stock,2007-11-02,,Active
IRC,Inland Real Estate Corp,NYSE,Stock,2004-06-08,,Active
IRCP,Irsa Propiedades Comerciales S.A.,NASDAQ,Stock,2003-11-05,,Active
IRD,Ocuphire Pharma Inc,NASDAQ,Stock,2005-05-23,,Active
IRDM,Iridium Communications Inc,NASDAQ,Stock,2008-03-20,,Active
IRE,,NYSE,Stock,1996-09-27,,Active
IRET-P-B,Investors Real Estate Trust 7.95 Series B Cumulative Redeemable Preferred Shares,NYSE,Stock,1997-10-17,,Active
IRF,International Rectifier Corp,NYSE,Stock,1987-11-05,,Active
IRIS,IRIS International Inc,NASDAQ,Stock,1994-12-28,,Active
IRIX,IRIDEX Corp,NASDAQ,Stock,1996-02-16,,Active
IRL,New Ireland Fund Inc,NYSE,ETF,1990-03-30,,Active
IRM,Iron Mountain Inc,NYSE,Stock,1996-02-01,,Active
IRR,Voya Natural Resources Equity Income Fund,NYSE,ETF,2006-10-25,,Active
IRS,Irsa Inversiones Y Representaciones S.A.,NYSE,Stock,1994-12-20,,Active
IRV,SPDRR S&PR INTERNATIONAL MATERIALS SECTOR ETF,NYSE ARCA,ETF,2008-07-25,,Active
IRY,SPDRR S&PR INTERNATIONAL HEALTH CARE SECTOR ETF,NYSE ARCA,ETF,2008-07-25,,Active
ISBA,Isabella Bank Corp,NASDAQ,Stock,2007-07-13,,Active
ISBC,Investors Bancorp Inc,NASDAQ,Stock,2005-10-12,,Active
ISCA,International Speedway Corp,NASDAQ,Stock,1997-03-10,,Active
ISCB,ISHARES MORNINGSTAR SMALL-CAP ETF ,NYSE,ETF,2004-07-02,,Active
ISCG,ISHARES MORNINGSTAR SMALL-CAP GROWTH ETF ,NYSE,ETF,2004-07-07,,Active
ISCV,ISHARES MORNINGSTAR SMALL-CAP VALUE ETF ,NYSE,ETF,2004-07-13,,Active
ISF,ING Groep NV,NYSE,Stock,2007-06-13,,Active
ISG,ING Group NV Perpetual Dent Secs 6125,NYSE,Stock,2005-09-23,,Active
ISH,International Shipholding Corp,NYSE,Stock,1991-10-24,,Active
ISHG,ISHARES 1-3 YEAR INTERNATIONAL TREASURY BOND ETF ,NASDAQ,ETF,2009-01-28,,Active
ISIL,Intersil Corp,NASDAQ,Stock,2001-01-02,,Active
ISLE,Isle of Capri Casinos,NASDAQ,Stock,1992-10-06,,Active
ISM,SLM Corporation Medium Term Notes Series A CPILinked Notes due January 16 2018,NASDAQ,Stock,2006-02-16,,Active
ISNS,Image Sensing Systems Inc,NASDAQ,Stock,1995-05-05,,Active
ISP,ING Groep N.V.,NYSE,Stock,2003-11-07,,Active
ISRG,Intuitive Surgical Inc,NASDAQ,Stock,2000-06-16,,Active
ISRL,Isramco Inc,NASDAQ,Stock,1995-08-18,,Active
ISSI,Integrated Silicon Solution Inc,NASDAQ,Stock,1995-02-03,,Active
IST,SPDRR S&PR INTERNATIONAL TELECOMMUNICATIONS SECTOR ETF,NYSE ARCA,ETF,2008-07-25,,Active
IT,Gartner Inc,NYSE,Stock,1993-10-05,,Active
ITA,ISHARES U.S. AEROSPACE & DEFENSE ETF ,BATS,ETF,2006-05-05,,Active
ITB,ISHARES U.S. HOME CONSTRUCTION ETF ,BATS,ETF,2006-05-05,,Active
ITC,ITC Holdings Corp,NYSE,Stock,2005-07-26,,Active
ITF,ISHARES S&PTOPIX 150 INDEX FUND,NYSE,ETF,2001-10-26,,Active
ITG,Investment Technology Group,NYSE,Stock,1994-05-04,,Active
ITGR,Integer Holdings Corp,NYSE,Stock,2000-09-29,,Active
ITI,Iteris Inc,NASDAQ,Stock,1994-01-04,,Active
ITIC,Investors Title Company,NASDAQ,Stock,1990-03-27,,Active
ITM,VANECK INTERMEDIATE MUNI ETF ,BATS,ETF,2007-12-06,,Active
ITMN,InterMune Inc,NASDAQ,Stock,2000-03-24,,Active
ITOT,ISHARES CORE S&P TOTAL U.S. STOCK MARKET ETF ,NYSE,ETF,2004-01-23,,Active
ITR,SPDR(R) BLOOMBERG BARCLAYS INTERMEDIATE TERM CORPORATE BOND ETF,NYSE ARCA,ETF,2009-02-20,,Active
ITRI,Itron Inc,NASDAQ,Stock,1993-11-05,,Active
ITRN,Ituran Location And Control Ltd,NASDAQ,Stock,2005-09-28,,Active
ITT,ITT Inc,NYSE,Stock,1995-12-18,,Active
ITUB,Itau Unibanco Holding S.A.,NYSE,Stock,2002-02-25,,Active
ITW,Illinois Tool Works Inc,NYSE,Stock,1987-11-05,,Active
IUSG,ISHARES CORE S&P U.S. GROWTH ETF ,NASDAQ,ETF,2000-07-28,,Active
IUSV,ISHARES CORE S&P U.S. VALUE ETF ,NASDAQ,ETF,2000-08-04,,Active
IVAC,Intevac Inc,NASDAQ,Stock,1995-11-21,,Active
IVE,ISHARES S&P 500 VALUE ETF ,NYSE,ETF,2000-05-26,,Active
IVR,Invesco Mortgage Capital Inc,NYSE,Stock,2009-07-01,,Active
IVV,ISHARES CORE S&P 500 ETF ,NYSE,ETF,2000-05-19,,Active
IVW,ISHARES S&P 500 GROWTH ETF ,NYSE,ETF,2000-05-26,,Active
IVZ,Invesco Ltd,NYSE,Stock,1995-08-25,,Active
IWA,IOWA TELECOMMUNICATIONS SERVICES INC,NYSE,Stock,2000-02-11,,Active
IWB,ISHARES RUSSELL 1000 ETF ,NYSE,ETF,2000-05-19,,Active
IWC,ISHARES MICRO-CAP ETF ,NYSE,ETF,2005-08-16,,Active
IWD,ISHARES RUSSELL 1000 VALUE ETF ,NYSE,ETF,2000-05-26,,Active
IWF,ISHARES RUSSELL 1000 GROWTH ETF ,NYSE,ETF,2000-05-26,,Active
IWL,ISHARES RUSSELL TOP 200 ETF ,NYSE,ETF,2009-09-28,,Active
IWM,ISHARES RUSSELL 2000 ETF ,NYSE,ETF,2000-05-26,,Active
IWN,ISHARES RUSSELL 2000 VALUE ETF ,NYSE,ETF,2000-07-28,,Active
IWO,ISHARES RUSSELL 2000 GROWTH ETF ,NYSE,ETF,2000-07-28,,Active
IWP,ISHARES RUSSELL MID-CAP GROWTH ETF ,NYSE,ETF,2001-08-01,,Active
IWR,ISHARES RUSSELL MID-CAP ETF ,NYSE,ETF,2001-07-20,,Active
IWS,ISHARES RUSSELL MID-CAP VALUE ETF ,NYSE,ETF,2001-07-24,,Active
IWV,ISHARES RUSSELL 3000 ETF ,NYSE,ETF,2000-05-26,,Active
IWX,ISHARES RUSSELL TOP 200 VALUE ETF ,NYSE,ETF,2009-09-28,,Active
IWY,ISHARES RUSSELL TOP 200 GROWTH ETF ,NYSE,ETF,2009-09-28,,Active
IX,Orix Corporation,NYSE,Stock,1998-09-16,,Active
IXC,ISHARES GLOBAL ENERGY ETF ,NYSE,ETF,2001-11-16,,Active
IXG,ISHARES GLOBAL FINANCIALS ETF ,NYSE,ETF,2001-11-26,,Active
IXJ,ISHARES GLOBAL HEALTHCARE ETF ,NYSE,ETF,2001-11-26,,Active
IXN,ISHARES GLOBAL TECH ETF ,NYSE,ETF,2001-11-26,,Active
IXP,ISHARES GLOBAL COMM SERVICES ETF ,NYSE,ETF,2001-11-26,,Active
IXYS,IXYS Corp,NASDAQ,Stock,1998-09-24,,Active
IYC,ISHARES U.S. CONSUMER DISCRETIONARY ETF ,NYSE,ETF,2000-06-28,,Active
IYE,ISHARES U.S. ENERGY ETF ,NYSE,ETF,2000-06-16,,Active
IYF,ISHARES U.S. FINANCIALS ETF ,NYSE,ETF,2000-05-26,,Active
IYG,ISHARES U.S. FINANCIAL SERVICES ETF ,NYSE,ETF,2000-06-21,,Active
IYH,ISHARES U.S. HEALTHCARE ETF ,NYSE,ETF,2000-06-16,,Active
IYJ,ISHARES U.S. INDUSTRIALS ETF ,BATS,ETF,2000-07-14,,Active
IYK,ISHARES U.S. CONSUMER STAPLES ETF ,NYSE,ETF,2000-06-16,,Active
IYM,ISHARES U.S. BASIC MATERIALS ETF ,NYSE,ETF,2000-06-20,,Active
IYR,ISHARES U.S. REAL ESTATE ETF ,NYSE,ETF,2000-06-19,,Active
IYT,ISHARES U.S. TRANSPORTATION ETF ,BATS,ETF,2003-10-10,,Active
IYW,ISHARES U.S. TECHNOLOGY ETF ,NYSE,ETF,2000-05-19,,Active
IYY,ISHARES DOW JONES U.S. ETF ,NYSE,ETF,2000-06-16,,Active
IYZ,ISHARES U.S. TELECOMMUNICATIONS ETF ,BATS,ETF,2000-05-26,,Active
J,Jacobs Solutions Inc,NYSE,Stock,1990-01-12,,Active
JACK,Jack In The Box Inc,NASDAQ,Stock,1992-03-05,,Active
JAKK,Jakks Pacific Inc,NASDAQ,Stock,1996-05-02,,Active
JAS,JOANN STORES INC,NYSE,Stock,2006-12-28,,Active
JASO,JA Solar Holdings Company. Ltd,NASDAQ,Stock,2007-02-07,,Active
JAZZ,Jazz Pharmaceuticals plc,NASDAQ,Stock,2007-06-01,,Active
JBHT,J.B. Hunt Transport Services Inc,NASDAQ,Stock,1990-03-26,,Active
JBK,Lehman ABS Corp,NYSE,Stock,2004-04-05,,Active
JBL,Jabil Inc,NYSE,Stock,1993-05-03,,Active
JBLU,Jetblue Airways Corp,NASDAQ,Stock,2002-04-12,,Active
JBN,Select Asset Inc Select Asset Inc on behalf of Corporate Backed Callable Trust Certificates JC Penney Debenture Backed Series 20071 Trust,NYSE,Stock,2007-02-16,,Active
JBR,Select Asset Inc Corporate Backed Callable Trust Certificates JC Penney DebentureBacked Series 20061 Class A1,NYSE,Stock,2007-04-23,,Active
JBSS,Sanfilippo (John B.) & Son Inc,NASDAQ,Stock,1991-12-04,,Active
JBTM,JBT Marel Corp,NYSE,Stock,2008-07-22,,Active
JCE,Nuveen Core Equity Alpha Fund,NYSE,ETF,2007-03-28,,Active
JCI,Johnson Controls International plc,NYSE,Stock,1985-03-27,,Active
JCLY,Jaclyn Inc,NYSE,Stock,1972-06-01,,Active
JCTC,Jewett-Cameron Trading Co. Ltd,NASDAQ,Stock,1996-04-12,,Active
JDAS,Jda Software Group Inc,NASDAQ,Stock,2006-12-28,,Active
JDD,Nuveen Diversified Dividend and Income Fund,NYSE,ETF,2003-09-29,,Active
JDSU,JDS Uniphase Corp,NASDAQ,Stock,1993-11-17,,Active
JEF,Jefferies Financial Group Inc,NYSE,Stock,1987-11-05,,Active
JEF-1,Jefferies Group,NYSE,Stock,2006-12-28,,Active
JEM,Barclays GEMS INDEX ETN,NYSE ARCA,ETF,2008-04-04,,Active
JEQ,abrdn Japan Equity Fund Inc,NYSE,ETF,1992-08-14,,Active
JFC,JF China Region Fund Inc,NYSE,ETF,1992-07-16,,Active
JFR,Nuveen Floating Rate Income Fund,NYSE,ETF,2004-03-25,,Active
JGV,Nuveen Global Value Opportunities Fund,NYSE,ETF,2006-07-25,,Active
JHG,Janus Henderson Group plc,NYSE,Stock,2000-06-26,,Active
JHI,John Hancock Investors Trust,NYSE,ETF,1985-07-01,,Active
JHP,Nuveen Qual Preferred Inc. Fund III,NYSE,ETF,2002-12-18,,Active
JHS,John Hancock Income Securities Trust,NYSE,ETF,1988-01-05,,Active
JHX,James Hardie Industries plc,NYSE,Stock,2000-01-03,,Active
JJA,iPath Dow Jones-UBS Agriculture Subindex Total ReturnSM ETN,NYSE ARCA,ETF,2007-10-25,,Active
JJC,iPath Dow Jones-UBS Copper Subindex Total ReturnSM ETN,NYSE ARCA,ETF,2007-10-26,,Active
JJE,iPath Dow Jones-UBS Energy Subindex Total ReturnSM ETN,NYSE ARCA,ETF,2007-10-25,,Active
JJG,iPath Dow Jones-UBS Grains Subindex Total ReturnSM ETN,NYSE ARCA,ETF,2007-10-25,,Active
JJM,iPath Dow Jones-UBS Industrial Metals Subindex Total ReturnSM ETN,NYSE ARCA,ETF,2007-12-27,,Active
JJN,iPath Dow Jones-UBS Nickel Subindex Total ReturnSM ETN,NYSE ARCA,ETF,2007-10-25,,Active
JJP,iPath Dow Jones-UBS Precious Metals Subindex Total ReturnSM ETN,NYSE ARCA,ETF,2008-06-25,,Active
JJS,iPath Dow Jones-UBS Softs Subindex Total ReturnSM ETN,NYSE ARCA,ETF,2008-06-25,,Active
JJSF,J&J Snack Foods Corp,NASDAQ,Stock,1990-03-26,,Active
JJT,iPath Dow Jones-UBS Tin Subindex Total ReturnSM ETN,NYSE ARCA,ETF,2008-06-25,,Active
JJU,iPath Dow Jones-UBS Aluminum Subindex Total ReturnSM ETN,NYSE ARCA,ETF,2008-06-25,,Active
JKHY,Jack Henry & Associates Inc,NASDAQ,Stock,1990-03-26,,Active
JLL,Jones Lang Lasalle Inc,NYSE,Stock,1997-07-17,,Active
JLS,Nuveen Mortgage and Income Fund,NYSE,ETF,2009-11-27,,Active
JMBA,Jamba Inc,NASDAQ,Stock,2005-07-28,,Active
JMM,Nuveen Multi-Market Income Fund,NYSE,ETF,1989-06-30,,Active
JMP,JMP Group LLC,NYSE,Stock,2007-05-11,,Active
JNJ,Johnson & Johnson,NYSE,Stock,1970-01-02,,Active
JNK,STATE STREET(R) SPDR(R) BLOOMBERG HIGH YIELD BOND ETF ,NYSE,ETF,2007-12-04,,Active
JNP,Juniper Pharmaceuticals Inc,NASDAQ,Stock,1991-08-07,,Active
JNPR,Juniper Networks Inc,NYSE,Stock,1999-06-25,,Active
JNS,Janus Capital Group Inc,NYSE,Stock,2000-06-26,,Active
JNY,The Jones Group Inc,NYSE,Stock,1991-05-16,,Active
JO,iPath Dow Jones-UBS Coffee Subindex Total ReturnSM ETN,NYSE ARCA,ETF,2008-06-25,,Active
JOBS,51Job Inc,NASDAQ,Stock,2004-09-29,,Active
JOE,St. Joe Company,NYSE,Stock,1992-03-10,,Active
JOF,Japan Smaller Capitalization Fund Inc,NYSE,ETF,1990-03-14,,Active
JOR,JORGENSEN EARLE M CO,NYSE,Stock,2005-04-15,,Active
JOSB,Jos. A. Bank Clothiers Inc,NASDAQ,Stock,2001-01-02,,Active
JOUT,Johnson Outdoors Inc - Class A,NASDAQ,Stock,1990-03-26,,Active
JOY,Joy Global Inc,NYSE,Stock,2001-05-25,,Active
JPC,Nuveen Preferred & Income Opportunities Fund,NYSE,ETF,2003-03-31,,Active
JPM,JPMorgan Chase & Company,NYSE,Stock,1983-12-30,,Active
JPM-P-B-CL,JP Morgan Chase & Company Depositary Shares Series T,NYSE,Stock,1998-01-02,,Active
JPM-WS,JPMorgan Chase & Company. Wt,NYSE,Stock,2001-04-03,,Active
JPP,SPDRR RUSSELLNOMURA PRIMETM JAPAN ETF,NYSE ARCA,ETF,2006-11-14,,Active
JPS,Nuveen Preferred & Income Securities Fund,NYSE,ETF,2002-09-24,,Active
JPX,PROSHARES ULTRASHORT MSCI PACIFIC EXJAPAN,NYSE ARCA,ETF,2009-06-23,,Active
JPXN,ISHARES JPX-NIKKEI 400 ETF ,NYSE,ETF,2001-10-26,,Active
JQC,Nuveen Credit Strategies Income Fund,NYSE,ETF,2003-06-26,,Active
JRN,Journal Communications Inc,NYSE,Stock,2003-09-24,,Active
JRO,Nuveen Floating Rate Income Opportunity Fund,NYSE,ETF,2004-07-28,,Active
JRS,Nuveen Real Estate Income Fund.,NYSE,ETF,2001-11-19,,Active
JSM,Navient Corp,NASDAQ,Stock,2003-12-30,,Active
JTA,Nuveen TaxAdvantaged Ttl Rtrn Strtgy Fd,NYSE,ETF,2004-01-29,,Active
JTD,Nuveen Tax-Advantaged Dividend Growth Fund,NYSE,ETF,2007-08-01,,Active
JTP,Nuveen Quality Preferred Income Fund,NYSE,ETF,2002-06-26,,Active
JVA,Coffee Holding Co Inc,NASDAQ,Stock,2005-05-03,,Active
JWA,WILEY JOHN SONS INC,NYSE,Stock,2001-08-16,,Active
JWN,Nordstrom Inc,NYSE,Stock,1986-07-09,,Active
JXI,ISHARES GLOBAL UTILITIES ETF ,NYSE,ETF,2006-09-22,,Active
JXSB,Jacksonville Bancorp Inc,NASDAQ,Stock,1995-04-24,,Active
JYN,iPath JPYUSD Exchange Rate ETN,NYSE ARCA,ETF,2007-12-27,,Active
K,Kellanova,NYSE,Stock,1984-12-17,,Active
KADR,ARCADIA RESOURCES INC,NYSE,Stock,2002-09-30,,Active
KAI,Kadant Inc,NYSE,Stock,1992-11-03,,Active
KALU,Kaiser Aluminum Corp,NASDAQ,Stock,2006-07-07,,Active
KAMN,Kaman Corp,NYSE,Stock,1990-03-26,,Active
KATE,Kate Spade & Company,NYSE,Stock,1981-06-09,,Active
KB,KB Financial Group Inc,NYSE,Stock,2001-11-12,,Active
KBAL,Kimball International Inc - Class B,NASDAQ,Stock,1990-03-26,,Active
KBALB,Kimball International Inc,NASDAQ,Stock,1990-03-26,,Active
KBE,STATE STREET(R) SPDR(R) S&P(R) BANK ETF ,NYSE,ETF,2005-11-15,,Active
KBH,KB Home,NYSE,Stock,1987-11-05,,Active
KBR,KBR Inc,NYSE,Stock,2006-11-16,,Active
KCE,STATE STREET(R) SPDR(R) S&P(R) CAPITAL MARKETS ETF ,NYSE,ETF,2005-11-15,,Active
KCI,KINETIC CONCEPTS INC,NYSE,Stock,2004-02-25,,Active
KCP,Kenneth Cole Productions,NYSE,Stock,2003-08-26,,Active
KDN,Kaydon Corp,NYSE,Stock,2001-01-02,,Active
KDP,Keurig Dr Pepper Inc,NASDAQ,Stock,2008-04-28,,Active
KED,Kayne Anderson Energy Development Company,NYSE,ETF,2006-09-21,,Active
KEF,Korea Equity Fund Inc,NYSE,ETF,1994-09-19,,Active
KEGX,Key Energy Services Inc,NYSE,Stock,1992-03-17,,Active
KEI,KEITHLEY INSTRUMENTS INC,NYSE,Stock,2001-01-02,,Active
KELYA,Kelly Services Inc - Class A,NASDAQ,Stock,1990-03-26,,Active
KELYB,Kelly Services Inc - Class B,NASDAQ,Stock,1995-08-18,,Active
KEM,KEMET Corp,NYSE,Stock,1992-10-26,,Active
KEP,Korea Electric Power,NYSE,Stock,1994-10-27,,Active
KEQU,Kewaunee Scientific Corporation,NASDAQ,Stock,1992-02-25,,Active
KERX,Keryx Biopharmaceuticals,NASDAQ,Stock,2000-07-28,,Active
KEX,Kirby Corp,NYSE,Stock,1991-08-21,,Active
KEY,Keycorp,NYSE,Stock,1987-11-05,,Active
KF,Korea Fund Inc,NYSE,ETF,1987-11-05,,Active
KFFB,Kentucky First Federal Bancorp,NASDAQ,Stock,2005-03-03,,Active
KFRC,Kforce Inc,NYSE,Stock,1995-08-15,,Active
KFY,Korn Ferry,NYSE,Stock,1999-02-11,,Active
KGC,Kinross Gold Corp,NYSE,Stock,1994-10-19,,Active
KGEI,Kolibri Global Energy Inc,NASDAQ,Stock,2008-10-27,,Active
KHI,DWS High Income Trust,NYSE,ETF,1988-10-05,,Active
KIE,STATE STREET(R) SPDR(R) S&P(R) INSURANCE ETF ,NYSE,ETF,2005-11-15,,Active
KIM,Kimco Realty Corporation,NYSE,Stock,1991-11-22,,Active
KIM-P-J,Kimco Realty Corporation Depositary Sh Repstg 11000th Pfd CL J,NYSE,Stock,2007-02-12,,Active
KINS,Kingstone Cos. Inc,NASDAQ,Stock,1999-10-26,,Active
KIRK,Brand House Collective Inc (The).,NASDAQ,Stock,2002-07-30,,Active
KKD,Krispy Kreme Doughnuts Inc,NYSE,Stock,2000-04-05,,Active
KLAC,KLA Corp,NASDAQ,Stock,1990-03-26,,Active
KLD,ISHARES MSCI USA ESG SELECT ETF,NYSE ARCA,ETF,2005-01-28,,Active
KLIC,Kulicke & Soffa Industries Inc,NASDAQ,Stock,1990-03-26,,Active
KLR,GigCapital Inc,NYSE,Stock,2004-07-26,,Active
KMB,Kimberly-Clark Corp,NASDAQ,Stock,1984-12-17,,Active
KME,SPDR(R) S&P MORTGAGE FINANCE(SM) ETF,NYSE ARCA,ETF,2009-06-02,,Active
KMG,KMG Chemicals Inc,NYSE,Stock,1997-01-28,,Active
KMM,DWS Multi-Market Income Common,NYSE,ETF,1989-01-23,,Active
KMP,Kinder Morgan Energy Partners LP,NYSE,Stock,1992-07-30,,Active
KMPR,Kemper Corporation,NYSE,Stock,1991-09-18,,Active
KMR,Kinder Morgan Management LLC,NYSE,Stock,2001-05-16,,Active
KMT,Kennametal Inc,NYSE,Stock,1987-11-05,,Active
KMX,Carmax Inc,NYSE,Stock,1997-02-04,,Active
KNCT,INVESCO NEXT GEN CONNECTIVITY ETF ,NYSE,ETF,2005-06-23,,Active
KND,Kindred Healthcare Inc,NYSE,Stock,2001-05-01,,Active
KNDI,Kandi Technologies Group Inc,NASDAQ,Stock,2007-09-04,,Active
KNDL,KENDLE INTERNATIONAL INC,NASDAQ,Stock,1997-08-22,,Active
KNL,Knoll Inc,NYSE,Stock,2004-12-14,,Active
KNM,Konami Corp ADR,NYSE,Stock,2002-10-01,,Active
KNOL,Knology Inc,NASDAQ,Stock,2003-12-18,,Active
KNX,Knight-Swift Transportation Holdings Inc - Class A,NYSE,Stock,1994-10-25,,Active
KNXA,Kenexa Corp,NYSE,Stock,2005-06-24,,Active
KO,Coca-Cola Company,NYSE,Stock,1962-01-02,,Active
KOF,Coca-Cola Femsa S.A.B. DE C.V.,NYSE,Stock,1993-09-14,,Active
KOG,Kodiak Oil & Gas Corp USA,NYSE,Stock,2004-09-01,,Active
KOL,VanEck Vectors Coal ETF,NYSE ARCA,ETF,2008-01-15,,Active
KOP,Koppers Holdings Inc,NYSE,Stock,2006-02-01,,Active
KOPN,Kopin Corp,NASDAQ,Stock,1992-04-15,,Active
KOSS,Koss Corp,NASDAQ,Stock,1992-02-25,,Active
KR,Kroger Company,NYSE,Stock,1977-01-03,,Active
KRA,Kraton Corp,NYSE,Stock,2009-12-17,,Active
KRC,Kilroy Realty Corp,NYSE,Stock,1997-01-30,,Active
KRC-P-H,Kilroy Realty Corporation Pfd Ser H,NYSE,Stock,1997-01-29,,Active
KRE,STATE STREET(R) SPDR(R) S&P REGIONAL BANKING(SM) ETF ,NYSE,ETF,2006-06-22,,Active
KRG,Kite Realty Group Trust,NYSE,Stock,2004-08-11,,Active
KRMD,KORU Medical Systems Inc,NASDAQ,Stock,1996-03-20,,Active
KRNY,Kearny Financial Corp,NASDAQ,Stock,2005-02-24,,Active
KRO,Kronos Worldwide Inc,NYSE,Stock,2003-12-09,,Active
KRSL,Kreisler Manufacturing Corp,NASDAQ,Stock,1982-09-02,,Active
KS,KapStone Paper and Packaging Corp,NYSE,Stock,2005-09-14,,Active
KSM,DWS Strategic Municipal Income Trust,NYSE,ETF,1989-06-30,,Active
KSP,KSEA TRANSPORTATION PARTNERS LP,NYSE,Stock,2004-01-09,,Active
KSS,Kohl`s Corp,NYSE,Stock,1992-05-19,,Active
KST,DWS Strategic Income Trust,NYSE,ETF,1994-10-27,,Active
KSU,Kansas City Southern,NYSE,Stock,1987-11-05,,Active
KSW,KSW Inc,NASDAQ,Stock,1997-02-18,,Active
KSWS,K Swiss Inc,NASDAQ,Stock,2001-01-02,,Active
KT,KT Corporation,NYSE,Stock,1999-05-26,,Active
KTCC,Key Tronic Corp,NASDAQ,Stock,1990-03-26,,Active
KTEC,Key Technology Inc,NASDAQ,Stock,1993-12-17,,Active
KTF,DWS Municipal Income Trust,NYSE,ETF,1989-06-30,,Active
KTH,Structures Products Cp 8 CorTS Issued by Peco Energy Cap Tr II Preferred Stock,NYSE,Stock,2001-02-12,,Active
KTN,Structured Products Corp 8205 CorTS 8205 Corporate Backed Trust Securities CorTS,NYSE,Stock,2003-12-04,,Active
KTOS,Kratos Defense & Security Solutions Inc,NASDAQ,Stock,1999-11-05,,Active
KTP,Corts 7625 Pfd,NYSE,Stock,1999-07-06,,Active
KUTV,Ku6 Media Company Ltd ADR,NASDAQ,Stock,2005-02-03,,Active
KVHI,KVH Industries Inc,NASDAQ,Stock,1996-04-02,,Active
KW,Kennedy-Wilson Holdings Inc,NYSE,Stock,2007-12-03,,Active
KWR,Quaker Houghton,NYSE,Stock,1990-03-26,,Active
KWT,ISHARES MSCI KUWAIT ETF ,NYSE ARCA,ETF,2008-04-23,,Active
KWY,Kingsway Corp,NYSE,Stock,1998-05-06,,Active
KXI,ISHARES GLOBAL CONSUMER STAPLES ETF ,NYSE,ETF,2006-09-21,,Active
KYE,Kayne Anderson Energy Total Return Fund,NYSE,ETF,2005-06-28,,Active
KYN,Kayne Anderson Energy Infrastructure Fund Inc,NYSE,ETF,2004-09-28,,Active
KYO,Kyocera Corp,NYSE,Stock,1987-11-05,,Active
KZ,Kongzhong Corp,NASDAQ,Stock,2004-07-09,,Active
L,Loews Corp,NYSE,Stock,1987-07-10,,Active
LAB,Standard BioTools Inc,NASDAQ,Stock,2003-07-29,,Active
LABC,Louisiana Bancorp Inc,NASDAQ,Stock,2007-07-10,,Active
LABL,MultiColor Corp,NASDAQ,Stock,1990-03-26,,Active
LACO,Lakes Entertainment Inc,NASDAQ,Stock,1999-01-04,,Active
LAD,Lithia Motors Inc - Class A,NYSE,Stock,1996-12-18,,Active
LAKE,Lakeland Industries Inc,NASDAQ,Stock,1990-03-26,,Active
LAMR,Lamar Advertising Co - Class A,NASDAQ,Stock,1996-08-02,,Active
LARK,Landmark Bancorp Inc,NASDAQ,Stock,1994-03-28,,Active
LAVA,Magma Design Automation LLC,NASDAQ,Stock,2001-11-20,,Active
LAWEQ,LAW ENFORCEMENT ASSOCIATES CORP,NYSE,Stock,2010-01-04,,Active
LAYN,Layne Christensen Company,NASDAQ,Stock,1992-08-20,,Active
LAZ,Lazard Ltd - Class A,NYSE,Stock,2005-05-05,,Active
LBAI,Lakeland Bancorp Inc,NASDAQ,Stock,1999-01-04,,Active
LBC,Luther Burbank Corp,NASDAQ,Stock,2001-01-02,,Active
LBCC,Long Blockchain Corp,NASDAQ,Stock,2009-10-30,,Active
LBF,DWS Global High Income Fund,NYSE,ETF,1993-04-21,,Active
LBIX,Leading Brands Inc USA,NASDAQ,Stock,1993-08-02,,Active
LBJ,Direxion Daily Latin America Bull 2X Shares,NYSE ARCA,ETF,2009-12-03,,Active
LBTYA,Liberty Global plc - Class A,NASDAQ,Stock,2004-06-03,,Active
LBTYB,Liberty Global plc - Class B,NASDAQ,Stock,2004-06-09,,Active
LBTYK,Liberty Global plc - Class C,NASDAQ,Stock,2005-09-08,,Active
LBY,Libbey Inc,NYSE,Stock,1993-06-18,,Active
LCC,US Airways Group Inc,NYSE,Stock,2006-12-28,,Active
LCI,GRANITESHARES 1X SHORT LCID DAILY ETF ,NYSE,ETF,1997-01-02,,Active
LCII,LCI Industries,NYSE,Stock,1989-05-03,,Active
LCM,AdventClaymore Enhanced Growth & Income,NYSE,ETF,2005-01-27,,Active
LCNB,LCNB Corp,NASDAQ,Stock,1999-10-26,,Active
LCUT,Lifetime Brands Inc,NASDAQ,Stock,1991-06-05,,Active
LD,Barclays Bank PLC,NYSE ARCA,ETF,2008-06-25,,Active
LDF,Latin American Discovery Fund Inc,NYSE,ETF,1992-06-16,,Active
LDIS,Leadis Technology Inc,NASDAQ,Stock,2004-06-16,,Active
LDL,Lydall Inc,NYSE,Stock,1990-01-12,,Active
LDOS,Leidos Holdings Inc,NYSE,Stock,2006-10-13,,Active
LDR,Landauer Inc,NYSE,Stock,1992-03-17,,Active
LEA,Lear Corp,NYSE,Stock,2009-11-09,,Active
LECO,Lincoln Electric Holdings Inc,NASDAQ,Stock,1995-06-13,,Active
LEE,Lee Enterprises Inc,NASDAQ,Stock,1987-11-05,,Active
LEG,Leggett & Platt Inc,NYSE,Stock,1987-11-05,,Active
LEN,Lennar Corp - Class A,NYSE,Stock,1987-11-05,,Active
LEN-B,Lennar Corp - Class B,NYSE,Stock,2003-04-23,,Active
LEO,BNY Mellon Strategic Municipals Inc,NYSE,ETF,2001-01-02,,Active
LEU,Centrus Energy Corp - Class A,NYSE,Stock,1998-07-23,,Active
LFC,China Life Insurance Company,NYSE,Stock,2003-12-17,,Active
LFCR,Lifecore Biomedical Inc,NASDAQ,Stock,1996-02-15,,Active
LFG,LANDAMERICA FINANCIAL GROUP INC,NYSE,Stock,2006-12-28,,Active
LFL,LATAM Airlines Group SA ADR,NYSE,Stock,1997-11-07,,Active
LFMD,LifeMD Inc,NASDAQ,Stock,2001-01-02,,Active
LFUS,Littelfuse Inc,NASDAQ,Stock,1992-09-23,,Active
LFVN,Lifevantage Corporation,NASDAQ,Stock,2004-10-05,,Active
LGCY,Legacy Reserves LP,NASDAQ,Stock,2007-01-12,,Active
LGI,Lazard Global Total Return and Income Fund Inc,NYSE,ETF,2004-05-06,,Active
LGND,Ligand Pharmaceuticals Inc - Class B,NASDAQ,Stock,1992-11-18,,Active
LGO,Largo Inc,NASDAQ,Stock,2007-07-13,,Active
LGTY,Logility Supply Chain Solutions Inc,NASDAQ,Stock,1984-09-07,,Active
LH,Laboratory Corp Of America Holdings,NYSE,Stock,1990-03-29,,Active
LHCG,LHC Group Inc,NASDAQ,Stock,2005-06-09,,Active
LHO,LaSalle Hotel Properties,NYSE,Stock,1998-04-24,,Active
LHO-P-H-CL,LaSalle Hotel Properties 7.50 Series H Cumulative Redeemable Preferred Shares of Beneficial Interest,NYSE,Stock,1998-04-24,,Active
LHX,L3Harris Technologies Inc,NYSE,Stock,1981-12-31,,Active
LII,Lennox International Inc,NYSE,Stock,1999-07-29,,Active
LIME,Lime Energy Company,NASDAQ,Stock,2000-01-31,,Active
LINC,Lincoln Educational Services Corp,NASDAQ,Stock,2005-06-23,,Active
LINU,LiNiu Technology Group,NASDAQ,Stock,2008-09-09,,Active
LION,Fidelity Southern Corp,NASDAQ,Stock,1994-10-31,,Active
LITS,Lite Strategy Inc,NASDAQ,Stock,2003-12-18,,Active
LIVE,Live Ventures Inc,NASDAQ,Stock,2001-01-02,,Active
LKFN,Lakeland Financial Corp,NASDAQ,Stock,1997-08-14,,Active
LKQ,LKQ Corp,NASDAQ,Stock,2003-10-03,,Active
LLEN,L&L Energy Inc,NASDAQ,Stock,2009-01-05,,Active
LLEX,Lilis Energy Inc,NYSE MKT,Stock,2009-10-26,,Active
LLL,GRANITESHARES 2X LONG LLY DAILY ETF ,NYSE,ETF,1998-05-19,,Active
LLY,Lilly(Eli) & Company,NYSE,Stock,1972-06-01,,Active
LLY-WD,Eli Lilly and Company When Distributed,NYSE,Stock,2001-01-02,,Active
LM,Legg Mason Inc,NYSE,Stock,1987-11-05,,Active
LMAT,Lemaitre Vascular Inc,NASDAQ,Stock,2006-10-19,,Active
LMIA,LMI Aerospace Inc,NASDAQ,Stock,1998-06-30,,Active
LMNR,Limoneira Company,NASDAQ,Stock,2001-11-08,,Active
LMNX,Luminex Corp,NASDAQ,Stock,2000-04-06,,Active
LMST,Limestone Bancorp Inc,NASDAQ,Stock,2006-09-22,,Active
LMT,Lockheed Martin Corp,NYSE,Stock,1977-01-03,,Active
LNBB,LNB Bancorp Inc,NASDAQ,Stock,1997-05-09,,Active
LNC,Lincoln National Corp,NYSE,Stock,1984-10-05,,Active
LNC-WS,Lincoln National Corp Wt,NYSE,Stock,1984-10-05,,Active
LNCE,SnydersLance Inc,NASDAQ,Stock,1990-03-26,,Active
LNG,Cheniere Energy Inc,NYSE,Stock,1994-04-04,,Active
LNN,Lindsay Corporation,NYSE,Stock,1990-03-26,,Active
LNT,Alliant Energy Corp,NASDAQ,Stock,1988-01-05,,Active
LO,Lorillard Inc,NYSE,Stock,2002-02-01,,Active
LOAN,Manhattan Bridge Capital Inc,NASDAQ,Stock,1999-05-13,,Active
LODG,ShoLodge Inc,NASDAQ,Stock,1992-02-12,,Active
LOGI,Logitech International S.A.,NASDAQ,Stock,1997-03-31,,Active
LOGM,LogMeIn Inc,NASDAQ,Stock,2009-07-01,,Active
LOJN,LoJack Corp,NASDAQ,Stock,1993-03-24,,Active
LONG,eLong Inc. ADR,NASDAQ,Stock,2004-10-27,,Active
LOOK,LookSmart Ltd,NASDAQ,Stock,1999-08-20,,Active
LOPE,Grand Canyon Education Inc,NASDAQ,Stock,2008-11-20,,Active
LOR,Lazard World Dividend Income Fund Inc,NYSE,ETF,2005-06-28,,Active
LORL,Loral Space & Communications Inc,NASDAQ,Stock,2005-07-27,,Active
LOW,Lowe`s Cos. Inc,NYSE,Stock,1985-07-01,,Active
LPHI,Life Partners Holdings Inc,NASDAQ,Stock,2000-02-09,,Active
LPL,LG Display Co Ltd,NYSE,Stock,2004-07-22,,Active
LPNT,Lifepoint Hospitals Inc,NASDAQ,Stock,1999-05-12,,Active
LPSN,Liveperson Inc,NASDAQ,Stock,2000-04-07,,Active
LPT,Liberty Property Trust,NYSE,Stock,1994-06-17,,Active
LPTH,Lightpath Technologies Inc - Class A,NASDAQ,Stock,1996-02-28,,Active
LPX,Louisiana-Pacific Corp,NYSE,Stock,1982-01-04,,Active
LQD,ISHARES IBOXX $ INVESTMENT GRADE CORPORATE BOND ETF ,NYSE,ETF,2002-07-26,,Active
LQDT,Liquidity Services Inc,NASDAQ,Stock,2006-02-27,,Active
LRCX,Lam Research Corp,NASDAQ,Stock,1990-03-26,,Active
LRN,Stride Inc,NYSE,Stock,2007-12-13,,Active
LSAK,Lesaka Technologies Inc,NASDAQ,Stock,1999-04-19,,Active
LSBI,LSB Financial Corp,NASDAQ,Stock,1995-02-07,,Active
LSBK,Lake Shore Bancorp,NASDAQ,Stock,2006-04-05,,Active
LSCC,Lattice Semiconductor Corp,NASDAQ,Stock,1990-03-26,,Active
LSE,CapLease Inc,NYSE,Stock,2004-03-19,,Active
LSI,Life Storage Inc,NYSE,Stock,1995-06-21,,Active
LSPD,Lighthouse Caledonia ASA Oslo,NYSE,Stock,2008-01-23,,Active
LSTA,Lisata Therapeutics Inc,NASDAQ,Stock,1999-03-01,,Active
LSTR,Landstar System Inc,NASDAQ,Stock,1993-03-05,,Active
LTBR,Lightbridge Corp,NASDAQ,Stock,2000-11-13,,Active
LTC,LTC Properties Inc,NYSE,Stock,1992-08-25,,Active
LTL,PROSHARES ULTRA COMMUNICATION SERVICES ,NYSE,ETF,2008-05-22,,Active
LTM,LATAM Airlines Group SA,NYSE,Stock,1997-11-07,,Active
LTM1,Life Time Fitness Inc,NYSE,Stock,2004-07-26,,Active
LTPZ,PIMCO 15+ YEAR U.S. TIPS INDEX EXCHANGE-TRADED FUND ,NYSE,ETF,2009-09-08,,Active
LTRX,Lantronix Inc,NASDAQ,Stock,2000-08-04,,Active
LTS,Ladenburg Thalmann Financial Services,NYSE,Stock,1999-08-25,,Active
LTXB,LegacyTexas Financial Group Inc,NASDAQ,Stock,2006-10-03,,Active
LTXC,LTX-Credence Corp,NASDAQ,Stock,1990-03-26,,Active
LUB,Luby`s Inc,NYSE,Stock,1985-07-01,,Active
LUK,Leucadia National Corp,NYSE,Stock,1987-11-05,,Active
LULU,Lululemon Athletica Inc,NASDAQ,Stock,2007-07-27,,Active
LUMN,Lumen Technologies Inc,NYSE,Stock,1987-11-05,,Active
LUV,Southwest Airlines Company,NYSE,Stock,1980-01-02,,Active
LUX,Luxottica Group SpA,NYSE,Stock,1990-01-24,,Active
LVB,Steinway Musical Instruments Inc,NYSE,Stock,2006-12-28,,Active
LVL,INVESCO SP GLOBAL DIVIDEND OPPORTUNITIES INDEX ETF,NYSE ARCA,ETF,2007-06-25,,Active
LVLT,Level 3 Communications Inc,NYSE,Stock,1998-03-31,,Active
LVS,Las Vegas Sands Corp,NYSE,Stock,2004-12-15,,Active
LWAY,Lifeway Foods Inc,NASDAQ,Stock,1995-08-18,,Active
LWC,SPDRR BLOOMBERG BARCLAYS LONG TERM CORPORATE BOND ETF,NYSE ARCA,ETF,2009-03-11,,Active
LWLG,Lightwave Logic Inc,NASDAQ,Stock,2007-07-13,,Active
LXP,LXP Industrial Trust,NYSE,Stock,1993-10-22,,Active
LXRX,Lexicon Pharmaceuticals Inc,NASDAQ,Stock,2000-04-07,,Active
LXU,LSB Industries Inc,NYSE,Stock,1980-01-02,,Active
LYG,Lloyds Banking Group plc,NYSE,Stock,2001-11-27,,Active
LYTS,LSI Industries Inc,NASDAQ,Stock,1990-03-26,,Active
LYV,Live Nation Entertainment Inc,NYSE,Stock,2005-12-21,,Active
LZ,LUBRIZOL Corp,NYSE,Stock,2001-01-02,,Active
LZB,La-Z-Boy Inc,NYSE,Stock,1988-01-05,,Active
M,Macy`s Inc,NYSE,Stock,1992-02-05,,Active
MA,Mastercard Incorporated - Class A,NYSE,Stock,2006-05-25,,Active
MAA,Mid-America Apartment Communities Inc,NYSE,Stock,1994-01-28,,Active
MAC,Macerich Company,NYSE,Stock,1994-03-10,,Active
MAG,MAG Silver Corp,NYSE MKT,Stock,1989-06-30,,Active
MAGN,Magnera Corp,NYSE,Stock,1984-05-16,,Active
MAIN,Main Street Capital Corporation,NYSE,Stock,2007-10-09,,Active
MAMS,MAM Software Group Inc,NASDAQ,Stock,1999-10-05,,Active
MAN,ManpowerGroup,NYSE,Stock,1988-10-05,,Active
MANH,Manhattan Associates Inc,NASDAQ,Stock,1998-04-23,,Active
MANT,Mantech International Corp - Class A,NASDAQ,Stock,2002-02-07,,Active
MAR,Marriott International Inc - Class A,NASDAQ,Stock,1993-10-13,,Active
MARPS,Marine Petroleum Trust,NASDAQ,Stock,1995-08-18,,Active
MAS,Masco Corp,NYSE,Stock,1983-06-10,,Active
MASI,Masimo Corp,NASDAQ,Stock,2007-08-08,,Active
MAT,Mattel Inc,NASDAQ,Stock,1982-01-04,,Active
MATR,Mattersight Corp,NASDAQ,Stock,2000-02-10,,Active
MATV,Mativ Holdings Inc,NYSE,Stock,1995-11-09,,Active
MATW,Matthews International Corp - Class A,NASDAQ,Stock,1994-08-10,,Active
MATX,Matson Inc,NYSE,Stock,1973-05-03,,Active
MAV,Pioneer Municipal High Income Advantage Fund Inc,NYSE,ETF,2003-10-23,,Active
MAXR,Maxar Technologies Inc,NYSE,Stock,2009-02-13,,Active
MAYS,J.W. Mays Inc,NASDAQ,Stock,1992-02-26,,Active
MBB,ISHARES MBS ETF ,NASDAQ,ETF,2007-03-16,,Active
MBCN,Middlefield Banc Corp,NASDAQ,Stock,2002-06-05,,Active
MBFI,MB Financial Inc,NASDAQ,Stock,1995-04-07,,Active
MBI,MBIA Inc,NYSE,Stock,1987-07-02,,Active
MBND,Multiband Corp,NASDAQ,Stock,2006-12-28,,Active
MBOT,Microbot Medical Inc,NASDAQ,Stock,1992-03-25,,Active
MBT,Mobile Telesystems PJSC,NYSE,Stock,2000-06-30,,Active
MBTF,MBT Financial Corp,NASDAQ,Stock,1999-01-04,,Active
MBVT,Merchants BancsharesInc,NASDAQ,Stock,1993-03-25,,Active
MBWM,Mercantile Bank Corp,NASDAQ,Stock,1999-07-20,,Active
MCA,BlackRock MuniYield California Quality Fund Inc,NYSE,ETF,1994-10-27,,Active
MCBC,Macatawa Bank Corp,NASDAQ,Stock,1998-05-20,,Active
MCD,McDonald`s Corp,NYSE,Stock,1970-01-02,,Active
MCF,Contango Oil & Gas Company,NYSE MKT,Stock,1994-04-04,,Active
MCGC,MCG Capital Corp,NASDAQ,Stock,2001-11-30,,Active
MCHP,Microchip Technology Inc,NASDAQ,Stock,1993-03-19,,Active
MCHX,Marchex Inc - Class B,NASDAQ,Stock,2004-03-31,,Active
MCI,Barings Corporate Investors,NYSE,ETF,1985-07-01,,Active
MCK,Mckesson Corporation,NYSE,Stock,1994-11-15,,Active
MCN,Madison Covered Call & Equity Strategy Fund,NYSE,ETF,2004-08-02,,Active
MCO,Moody`s Corp,NYSE,Stock,1994-10-31,,Active
MCR,MFS Charter Income Trust,NYSE,ETF,1990-01-11,,Active
MCRI,Monarch Casino & Resort Inc,NASDAQ,Stock,1993-08-10,,Active
MCRL,Micrel Inc,NASDAQ,Stock,1994-12-09,,Active
MCRO,IQ Hedge Macro Tracker ETF,NYSE ARCA,ETF,2009-06-09,,Active
MCRS,MICROS Systems Inc,NASDAQ,Stock,1990-03-26,,Active
MCS,Marcus Corp,NYSE,Stock,1990-03-29,,Active
MCY,Mercury General Corp,NYSE,Stock,1990-03-26,,Active
MD,Pediatrix Medical Group Inc,NYSE,Stock,1995-09-20,,Active
MDAS,MedAssets Inc,NASDAQ,Stock,2007-12-12,,Active
MDC,M.D.C. Holdings Inc,NYSE,Stock,1980-03-11,,Active
MDCA,MDC Partners Inc - Class A,NASDAQ,Stock,1995-04-17,,Active
MDCI,Medical Action Industries,NASDAQ,Stock,1986-07-22,,Active
MDCO,The Medicines Company,NASDAQ,Stock,2000-08-08,,Active
MDGL,Madrigal Pharmaceuticals Inc,NASDAQ,Stock,2007-02-06,,Active
MDLG,Media Logic Inc,NYSE,Stock,2001-01-02,,Active
MDLZ,Mondelez International Inc - Class A,NASDAQ,Stock,2001-06-13,,Active
MDR,McDermott International,NYSE,Stock,1982-12-31,,Active
MDSO,Medidata Solutions Inc,NASDAQ,Stock,2009-06-25,,Active
MDSY,ModSys International Ltd,NASDAQ,Stock,1997-01-31,,Active
MDT,Medtronic Plc,NYSE,Stock,1981-12-31,,Active
MDTL,Medis Tech Ltd,NASDAQ,Stock,2010-01-04,,Active
MDU,MDU Resources Group Inc,NYSE,Stock,1987-11-05,,Active
MDXG,Mimedx Group Inc,NASDAQ,Stock,2007-08-22,,Active
MDXH,MDxHealth SA,NASDAQ,Stock,2009-04-16,,Active
MDY,S&P MidCap 400 ETF,NYSE,ETF,1995-05-04,,Active
MDYG,STATE STREET(R) SPDR(R) S & P 400(TM) MID CAP GROWTH ETF ,NYSE,ETF,2005-11-15,,Active
MDYV,STATE STREET(R) SPDR(R) S & P 400(TM) MID CAP VALUE ETF ,NYSE,ETF,2005-11-15,,Active
MEAS,Measurement Specialties Inc,NASDAQ,Stock,1993-04-26,,Active
MECK,Mecklermedia Corp,NASDAQ,Stock,1996-02-02,,Active
MED,Medifast Inc,NYSE,Stock,1993-12-31,,Active
MEET,Meet Group Inc (The),NASDAQ,Stock,2003-09-04,,Active
MEI,Methode Electronics Inc,NYSE,Stock,1990-03-23,,Active
MELA,MELA Sciences Inc,NASDAQ,Stock,2005-11-03,,Active
MELI,MercadoLibre Inc,NASDAQ,Stock,2007-08-10,,Active
MEME,Meemee Media Inc,NYSE ARCA,Stock,2008-10-06,,Active
MEMS,MEMSIC INC.,NASDAQ,Stock,2007-12-14,,Active
MEN,BlackRock Munienhanced Fund Inc,NYSE,ETF,1989-06-30,,Active
MEOH,Methanex Corp,NASDAQ,Stock,1992-05-19,,Active
MERC,Mercer International Inc,NASDAQ,Stock,1990-03-26,,Active
MET,Metlife Inc,NYSE,Stock,2000-04-05,,Active
MFA,MFA Financial Inc,NYSE,Stock,1998-04-13,,Active
MFB,Maidenform Brands Inc,NYSE,Stock,2006-12-28,,Active
MFC,Manulife Financial Corp,NYSE,Stock,1999-09-24,,Active
MFD,Macquarie-First Tr. Global Inf. Utilities Div. & Income Fund,NYSE,ETF,2004-05-06,,Active
MFE,McAfee Inc,NYSE,Stock,2006-12-28,,Active
MFG,Mizuho Financial Group Inc,NYSE,Stock,2006-11-08,,Active
MFI,MicroFinancial Inc,NASDAQ,Stock,1999-02-05,,Active
MFIC,MidCap Financial Investment Corporation,NASDAQ,Stock,2004-05-05,,Active
MFIN,Medallion Financial Corp,NASDAQ,Stock,1996-05-23,,Active
MFL,BlackRock MuniHoldings Investment Quality Fund,NYSE,ETF,1997-09-29,,Active
MFLR,Mayflower Bancorp Inc,NASDAQ,Stock,2006-12-28,,Active
MFM,MFS Municipal Income Trust,NYSE,ETF,1987-11-05,,Active
MFNC,Mackinac Financial Corp,NASDAQ,Stock,2000-03-17,,Active
MFSF,MutualFirst Financial Inc,NASDAQ,Stock,1999-12-30,,Active
MFT,BlackRock MuniYield Investment Quality Fund,NYSE,ETF,1994-10-27,,Active
MFV,MFS Special Value Trust,NYSE,ETF,1990-01-11,,Active
MG,Mistras Group Inc,NYSE,Stock,2009-10-08,,Active
MGA,Magna International Inc,NYSE,Stock,1990-03-26,,Active
MGAM,Multimedia Games Holding Company Inc,NASDAQ,Stock,1995-02-01,,Active
MGC,Vanguard Morningstar Mega Cap ETF,NYSE,ETF,2007-12-27,,Active
MGCD,MGC Diagnostics Corp,NASDAQ,Stock,2003-07-15,,Active
MGEE,MGE Energy Inc,NASDAQ,Stock,1990-03-26,,Active
MGF,MFS Government Markets Income Trust,NYSE,ETF,1987-05-20,,Active
MGI,Moneygram International Inc,NASDAQ,Stock,2004-07-01,,Active
MGIC,Magic Software Enterprises Ltd,NASDAQ,Stock,1991-08-30,,Active
MGK,Vanguard Morningstar Mega Cap Growth ETF,NYSE,ETF,2007-12-27,,Active
MGLN,Magellan Health Inc,NASDAQ,Stock,2004-02-25,,Active
MGM,MGM Resorts International,NYSE,Stock,1990-01-12,,Active
MGN,Mines Management Inc,NYSE,Stock,2004-03-23,,Active
MGPI,MGP Ingredients Inc,NASDAQ,Stock,1990-03-26,,Active
MGRC,McGrath Rentcorp,NASDAQ,Stock,1990-03-26,,Active
MGU,Macquarie Global Infrastructure Total Return Fund Inc,NYSE,ETF,2005-08-26,,Active
MGV,Vanguard Morningstar Mega Cap Value ETF,NYSE,ETF,2007-12-27,,Active
MGYR,Magyar Bancorp Inc,NASDAQ,Stock,2006-01-24,,Active
MHD,BlackRock MuniHoldings Fund Inc,NYSE,ETF,1997-05-27,,Active
MHE,BLACKROCK MASSACHUSETTS TAX EXEMPT TRUST,NYSE,ETF,1995-08-18,,Active
MHF,Western Asset Municipal High Income Fund Inc,NYSE,ETF,1989-06-30,,Active
MHGC,Morgans Hotel Group Company,NASDAQ,Stock,2006-02-13,,Active
MHI,Pioneer Municipal High Income Fund Inc,NYSE,ETF,2003-07-18,,Active
MHK,Mohawk Industries Inc,NYSE,Stock,1992-04-01,,Active
MHLD,Maiden Holdings Ltd,NASDAQ,Stock,2008-05-06,,Active
MHN,BlackRock MuniHoldings New York Quality Fund Inc,NYSE,ETF,1997-09-22,,Active
MHO,MI Homes Inc,NYSE,Stock,1993-11-03,,Active
MHO-P-A,MI Homes Inc. Depositary Shares Series A,NYSE,Stock,1993-11-03,,Active
MHR,Magnum Hunter Resources Corp,NASDAQ,Stock,2003-10-07,,Active
MHS,MEDCO HEALTH SOLUTIONS INC,NYSE,Stock,2006-12-28,,Active
MHY,Western Asset Managed High Incm Fnd Inc,NYSE,ETF,1994-10-26,,Active
MIC,Macquarie Infrastructure Holdings LLC,NYSE,Stock,2004-12-16,,Active
MIDD,Middleby Corp,NASDAQ,Stock,1992-03-17,,Active
MIDU,DIREXION DAILY MID CAP BULL 3X SHARES ,NYSE,ETF,2009-01-08,,Active
MIDZ,DIREXION DAILY MID CAP BEAR 3X SHARES ,NYSE ARCA,ETF,2009-01-09,,Active
MIFI,Novatel Wireless Inc,NASDAQ,Stock,2001-01-02,,Active
MIG,VANECK VECTORS MOODY'S ANALYTICS IG CORPORATE BOND ETF ,NYSE,ETF,1995-11-21,,Active
MIL,MFC Industrial Ltd,NYSE,Stock,1996-05-08,,Active
MILL,Miller Energy Resources Inc,NYSE,Stock,1998-12-30,,Active
MIN,MFS Intermediate Income Trust,NYSE,ETF,1988-03-11,,Active
MIND,MIND Technology Inc,NASDAQ,Stock,1994-12-28,,Active
MINI,Mobile Mini Inc,NASDAQ,Stock,1994-02-17,,Active
MINT,PIMCO ENHANCED SHORT MATURITY ACTIVE EXCHANGE-TRADED FUND ,NYSE,ETF,2009-11-17,,Active
MIR,MIRANT CORP,NYSE,Stock,2006-12-28,,Active
MITK,Mitek Systems Inc,NASDAQ,Stock,1995-05-26,,Active
MIY,BlackRock MuniYield Michigan Quality Fund Inc,NYSE,ETF,1994-10-27,,Active
MJN,Mead Johnson Nutrition CO,NYSE,Stock,2009-02-11,,Active
MJRC,Major Automotive Companies Inc,NASDAQ,Stock,2006-03-24,,Active
MKC,McCormick & Co. Inc (Non Voting),NYSE,Stock,1990-03-26,,Active
MKC-V,McCormick & Co. Inc,NYSE,Stock,2003-10-07,,Active
MKL,Markel Group Inc,NYSE,Stock,1990-01-02,,Active
MKSI,MKS Instruments Inc,NASDAQ,Stock,1999-03-30,,Active
MKTX,MarketAxess Holdings Inc,NASDAQ,Stock,2004-11-05,,Active
MLAB,Mesa Laboratories Inc,NASDAQ,Stock,1995-01-25,,Active
MLCO,Melco Resorts & Entertainment Ltd,NASDAQ,Stock,2006-12-19,,Active
MLI,Mueller Industries Inc,NYSE,Stock,1991-02-25,,Active
MLKN,MillerKnoll Inc,NASDAQ,Stock,1990-03-26,,Active
MLM,Martin Marietta Materials Inc,NYSE,Stock,1994-02-17,,Active
MLN,VANECK LONG MUNI ETF ,BATS,ETF,2008-01-10,,Active
MLNK,ModusLink Global Solutions Inc,NASDAQ,Stock,1994-01-31,,Active
MLNX,Mellanox Technologies Ltd,NASDAQ,Stock,2007-02-08,,Active
MLP,Maui Land & Pineapple Co. Inc,NYSE,Stock,1996-01-02,,Active
MLR,Miller Industries Inc,NYSE,Stock,1994-08-02,,Active
MLVF,Malvern Bancorp Inc,NASDAQ,Stock,2008-05-21,,Active
MMAC,MMA Capital Holdings Inc,NASDAQ,Stock,1996-08-30,,Active
MMLP,Martin Midstream Partners LP,NASDAQ,Stock,2002-11-01,,Active
MMM,3M Company,NYSE,Stock,1970-01-02,,Active
MMP,Magellan Midstream Partners L.P.,NYSE,Stock,2001-03-19,,Active
MMS,Maximus Inc,NYSE,Stock,1997-06-13,,Active
MMSI,Merit Medical Systems Inc,NASDAQ,Stock,1992-02-26,,Active
MMSY,Marine Management Systems Inc,NASDAQ,Stock,2001-01-02,,Active
MMT,MFS Multimarket Income Trust,NYSE,ETF,1987-03-05,,Active
MMU,Western Asset Managed Municipals Fund Inc,NYSE,ETF,1992-07-17,,Active
MNA,NYLIM Merger Arbitrage ETF,NYSE ARCA,ETF,2009-11-17,,Active
MNDO,Mind C.T.I Ltd,NASDAQ,Stock,2000-08-08,,Active
MNE,BlackRock Muni New York Intermediate Duration Fund,NYSE,ETF,2003-07-30,,Active
MNEL,Mission New Energy Ltd,NASDAQ,Stock,2007-07-24,,Active
MNI,The McClatchy Company,NYSE,Stock,1989-06-30,,Active
MNKD,Mannkind Corp,NASDAQ,Stock,2004-07-28,,Active
MNOV,Medicinova Inc,NASDAQ,Stock,2006-12-08,,Active
MNP,Western Asset Municipal Partners Fund Inc,NYSE,ETF,1993-01-25,,Active
MNR,Monmouth Real Estate Investment Corp - Class A,NYSE,Stock,1990-03-26,,Active
MNR-P-B,Monmouth Real Estate Investment Corporation Series B Cumulative Redeemable Preferred Stock 0.01 par value,NYSE,Stock,1990-03-26,,Active
MNRO,Monro Inc,NASDAQ,Stock,1991-07-30,,Active
MNST,Monster Beverage Corp,NASDAQ,Stock,1995-08-18,,Active
MNTA,Momenta Pharmaceuticals Inc,NASDAQ,Stock,2004-06-22,,Active
MNTX,Manitex International Inc,NASDAQ,Stock,2005-02-15,,Active
MO,Altria Group Inc,NYSE,Stock,1970-01-02,,Active
MOC,Command Security Corp,NYSE,Stock,1992-10-26,,Active
MOCO,MOCON Inc,NASDAQ,Stock,1989-04-05,,Active
MOD,Modine Manufacturing Company,NYSE,Stock,1990-03-26,,Active
MODD,Modular Medical Inc,NASDAQ,Stock,2007-01-25,,Active
MODV,ModivCare Inc,NASDAQ,Stock,2003-08-20,,Active
MOFG,MidWestOne Financial Group Inc,NASDAQ,Stock,2008-01-29,,Active
MOG-A,Moog Inc - Class A,NYSE,Stock,1992-02-21,,Active
MOG-B,Moog Inc - Class B,NYSE,Stock,1995-08-18,,Active
MOGA,Moog Inc,NYSE,Stock,2009-11-24,,Active
MOH,Molina Healthcare Inc,NYSE,Stock,2003-07-02,,Active
MON,Monsanto Company,NYSE,Stock,2000-10-18,,Active
MOO,VANECK AGRIBUSINESS ETF ,NYSE,ETF,2007-09-05,,Active
MORN,Morningstar Inc,NASDAQ,Stock,2005-05-03,,Active
MOS,Mosaic Company,NYSE,Stock,1988-01-26,,Active
MOV,Movado Group Inc,NYSE,Stock,1993-09-30,,Active
MOVE,Move Inc,NASDAQ,Stock,1999-08-05,,Active
MPA,BlackRock MuniYield Pennsylvania Quality Fund,NYSE,ETF,1994-10-27,,Active
MPAA,Motorcar Parts of America Inc,NASDAQ,Stock,1994-03-23,,Active
MPB,Mid Penn Bancorp Inc,NASDAQ,Stock,1997-12-04,,Active
MPR,MetPro Corp,NYSE,Stock,2006-12-28,,Active
MPT,Medical Properties Trust Inc,NYSE,Stock,2005-07-08,,Active
MPU,Mega Matrix Corp,NYSE MKT,Stock,1998-01-20,,Active
MPV,Barings Participation Investors,NYSE,ETF,1989-06-30,,Active
MPVD,Mountain Province Diamonds Inc,NASDAQ,Stock,1996-05-01,,Active
MPWR,Monolithic Power System Inc,NASDAQ,Stock,2004-11-19,,Active
MPX,Marine Products Corp,NYSE,Stock,2001-02-28,,Active
MQT,BlackRock MuniYield Quality Fund II Inc,NYSE,ETF,1994-10-27,,Active
MQY,BlackRock MuniYield Quality Fund Inc,NYSE,ETF,1994-10-27,,Active
MR,Mindray Medical International Ltd ADR,NYSE,Stock,2006-09-25,,Active
MRCY,Mercury Systems Inc,NASDAQ,Stock,1998-01-30,,Active
MRDG,Miracor Diagnostics Inc,NASDAQ,Stock,2001-01-02,,Active
MRDN,Golden Matrix Group Inc,NASDAQ,Stock,2009-10-30,,Active
MRH,Montpelier Re Holdings Ltd,NYSE,Stock,2002-10-10,,Active
MRK,Merck & Co Inc,NYSE,Stock,1970-01-02,,Active
MRLN,Marlin Business Services Corp,NASDAQ,Stock,2003-11-12,,Active
MRNA,Marina Biotech Inc,NASDAQ,Stock,1993-12-07,,Active
MRO,Marathon Oil Corporation,NYSE,Stock,1970-01-02,,Active
MRSH,Marsh & McLennan Cos. Inc,NYSE,Stock,1987-12-30,,Active
MRTN,Marten Transport Ltd,NASDAQ,Stock,1992-02-26,,Active
MRVL,Marvell Technology Inc,NASDAQ,Stock,2000-06-30,,Active
MRX,Medicis Pharmaceutical Corp,NYSE,Stock,2001-01-02,,Active
MS,Morgan Stanley,NYSE,Stock,1993-02-23,,Active
MSA,MSA Safety Inc,NYSE,Stock,1990-03-26,,Active
MSB,Mesabi Trust,NYSE,Stock,1987-12-30,,Active
MSBF,MSB Financial Corp,NASDAQ,Stock,2007-06-20,,Active
MSCC,Microsemi Corp,NASDAQ,Stock,1990-03-26,,Active
MSCI,MSCI Inc,NYSE,Stock,2007-11-15,,Active
MSD,Morgan Stanley Emerging Markets Debt Fund Inc,NYSE,ETF,1994-10-27,,Active
MSEX,Middlesex Water Company,NASDAQ,Stock,1990-03-26,,Active
MSF,Morgan Stanley Emerging Markets Fund Inc,NYSE,ETF,1991-10-25,,Active
MSFG,MainSource Financial Group Inc,NASDAQ,Stock,1992-01-03,,Active
MSFT,Microsoft Corporation,NASDAQ,Stock,1986-03-13,,Active
MSI,Motorola Solutions Inc,NYSE,Stock,1977-01-03,,Active
MSK,Morgan Stanley Capital Trust VIII,NYSE,Stock,2007-05-15,,Active
MSL,MidSouth Bancorp Inc,NYSE,Stock,1993-04-26,,Active
MSLI,Merus Labs International Inc,NASDAQ,Stock,2000-06-06,,Active
MSM,MSC Industrial Direct Co. Inc - Class A,NYSE,Stock,1995-12-15,,Active
MSO,Martha Stewart Living Omnimedia Inc,NYSE,Stock,1999-10-19,,Active
MSON,Misonix Inc,NASDAQ,Stock,1993-03-25,,Active
MSP,Madison Strategic Sector Premium Fund,NYSE,ETF,2005-04-27,,Active
MSPD,Mindspeed Technologies Inc,NASDAQ,Stock,2006-12-28,,Active
MSTR,Strategy Inc - Class A,NASDAQ,Stock,1998-06-11,,Active
MSTX,DEFIANCE DAILY TARGET 2X LONG MSTR ETF ,NYSE,ETF,2000-10-16,,Active
MSZ,,NYSE,Stock,2006-11-09,,Active
MT,ArcelorMittal,NYSE,Stock,1997-08-07,,Active
MTB,M & T Bank Corp,NYSE,Stock,1991-10-04,,Active
MTB-WS,M&T Bank Corporation Warrants,NYSE,Stock,1991-10-04,,Active
MTCH-1,,NASDAQ,Stock,2006-11-07,,Active
MTD,Mettler-Toledo International Inc,NYSE,Stock,1997-11-14,,Active
MTEX,Mannatech Inc,NASDAQ,Stock,1999-02-16,,Active
MTG,MGIC Investment Corp,NYSE,Stock,1991-08-07,,Active
MTH,Meritage Homes Corp,NYSE,Stock,1988-12-16,,Active
MTK,SPDRR MORGAN STANLEY TECHNOLOGY ETF,NYSE ARCA,ETF,2000-10-02,,Active
MTL,Mechel PJSC,NYSE,Stock,2004-10-29,,Active
MTN,Vail Resorts Inc,NYSE,Stock,1997-02-04,,Active
MTOR,Meritor Inc,NYSE,Stock,2000-07-10,,Active
MTR,Mesa Royalty Trust,NYSE,Stock,1987-12-30,,Active
MTRN,Materion Corp,NYSE,Stock,1984-09-07,,Active
MTRX,Matrix Service Company,NASDAQ,Stock,1992-02-26,,Active
MTS,Montgomery Street Income Securities Inc,NYSE,ETF,1985-07-01,,Active
MTSC,MTS Systems Corp,NASDAQ,Stock,1990-03-26,,Active
MTSN,Mattson Technology Inc,NASDAQ,Stock,1994-09-28,,Active
MTT,Western Asset Municipal Defined Opportunity Trust,NYSE,ETF,2009-03-27,,Active
MTU,Mitsubishi UFJ Financial Group Inc ADR,NYSE,Stock,2001-04-02,,Active
MTW,Manitowoc Co. Inc,NYSE,Stock,1990-03-26,,Active
MTX,Minerals Technologies Inc,NYSE,Stock,1992-10-26,,Active
MTZ,Mastec Inc,NYSE,Stock,1990-03-26,,Active
MU,Micron Technology Inc,NASDAQ,Stock,1989-05-16,,Active
MUA,BlackRock Muniassets Fund Inc,NYSE,ETF,1994-10-27,,Active
MUB,ISHARES NATIONAL MUNI BOND ETF ,NYSE,ETF,2007-09-10,,Active
MUC,BlackRock MuniHoldings California Quality Fund Inc,NYSE,ETF,1998-03-02,,Active
MUE,BlackRock MuniHoldings Quality Fund II Inc,NYSE,ETF,1999-03-09,,Active
MUFG,Mitsubishi UFJ Financial Group Inc,NYSE,Stock,2001-04-02,,Active
MUH,BlackRock MuniHoldings Fund II Inc,NYSE,ETF,1998-03-03,,Active
MUI,BlackRock Municipal Income Fund Inc,NYSE,ETF,2003-07-30,,Active
MUJ,BlackRock MuniHoldings New Jersey Quality Fund Inc,NYSE,ETF,1998-03-12,,Active
MUNI,PIMCO INTERMEDIATE MUNICIPAL BOND ACTIVE EXCHANGE-TRADED FUND ,NYSE,ETF,2009-12-15,,Active
MUR,Murphy Oil Corp,NYSE,Stock,1983-04-06,,Active
MUS,GRANITESHARES 2X SHORT MU DAILY ETF ,NYSE,ETF,1998-05-04,,Active
MUX,McEwen Mining Inc,NYSE,Stock,1980-05-07,,Active
MVBF,MVB Financial Corp,NASDAQ,Stock,2008-08-22,,Active
MVC,MVC Capital Inc,NYSE,Stock,2000-06-26,,Active
MVF,BlackRock MuniVest Fund Inc,NYSE,ETF,1990-02-22,,Active
MVIS,Microvision Inc,NASDAQ,Stock,1996-08-27,,Active
MVO,MV Oil Trust,NYSE,Stock,2007-01-19,,Active
MVT,BlackRock Munivest Fund II Inc,NYSE,ETF,1994-10-27,,Active
MVV,PROSHARES ULTRA MIDCAP400 ,NYSE,ETF,2006-06-21,,Active
MWA,Mueller Water Products Inc - Series A,NYSE,Stock,2006-05-26,,Active
MWE,Markwest Energy Partners LP,NYSE,Stock,2002-05-21,,Active
MWG,Morgan Stanley Capital Trust IV 6.25 Cap. Secs.,NYSE,Stock,2003-05-06,,Active
MWIV,MWI Veterinary Supply Inc,NASDAQ,Stock,2005-08-03,,Active
MWO,Morgan Stanley Capital Trust V 5.625 Cap. Secs.,NYSE,Stock,2003-07-14,,Active
MWR,Morgan Stanley Capital Trust III 6.25 Capital Secs.,NYSE,Stock,2003-03-25,,Active
MWV,MeadWestvaco Corp,NYSE,Stock,1985-07-01,,Active
MWW,Monster Worldwide Inc,NYSE,Stock,2008-11-11,,Active
MXE,Mexico Equity And Income Fund Inc,NYSE,ETF,1990-08-15,,Active
MXF,Mexico Fund Inc,NYSE,ETF,1987-12-30,,Active
MXI,ISHARES GLOBAL MATERIALS ETF ,NYSE,ETF,2006-09-22,,Active
MXIM,Maxim Integrated Products Inc,NASDAQ,Stock,1990-03-26,,Active
MXWL,Maxwell Technologies Inc,NASDAQ,Stock,1990-03-26,,Active
MYC,BlackRock MuniYield California Fund Inc,NYSE,ETF,1992-03-16,,Active
MYD,BlackRock MuniYield Fund Inc,NYSE,ETF,1991-12-19,,Active
MYE,Myers Industries Inc,NYSE,Stock,1987-09-08,,Active
MYF,BlackRock MuniYield Investment Fund,NYSE,ETF,1992-03-16,,Active
MYGN,Myriad Genetics Inc,NASDAQ,Stock,1995-10-06,,Active
MYI,BlackRock MuniYield Quality Fund III Inc,NYSE,ETF,1992-04-21,,Active
MYJ,BlackRock MuniYield New Jersey Fund Inc,NYSE,ETF,1992-05-18,,Active
MYL,Mylan N.V.,NASDAQ,Stock,1987-12-18,,Active
MYM,BlackRock Muniyield Michigan Ins. Fnd II,NYSE,ETF,1992-03-16,,Active
MYN,BlackRock MuniYield New York Quality Fund Inc,NYSE,ETF,1992-03-16,,Active
MYRG,MYR Group Inc,NASDAQ,Stock,2008-08-13,,Active
MYY,PROSHARES SHORT MIDCAP400 ,NYSE,ETF,2006-06-21,,Active
MZA,Blackrock MuniYield Arizona Fund Inc,NYSE,ETF,1995-08-18,,Active
MZF,Managed Duration Investment Gr,NYSE,ETF,2003-10-09,,Active
MZTH,MZT Holdings Inc,NYSE,Stock,2010-01-04,,Active
MZTI,The Marzetti Company,NASDAQ,Stock,1990-03-26,,Active
MZZ,PROSHARES ULTRASHORT MIDCAP400 ,NYSE,ETF,2006-07-13,,Active
NAC,Nuveen California Quality Municipal Income Fund,NYSE,ETF,1999-05-26,,Active
NAD,Nuveen Quality Municipal Income Fund,NYSE,ETF,1999-05-26,,Active
NAGE,Niagen Bioscience Inc,NASDAQ,Stock,2008-07-15,,Active
NAII,Natural Alternatives International Inc,NASDAQ,Stock,1993-10-28,,Active
NAN,Nuveen New York Quality Municipal Income Fund,NYSE,ETF,1999-05-26,,Active
NAT,Nordic American Tankers Ltd,NYSE,Stock,1997-09-30,,Active
NATH,Nathan`s Famous Inc,NASDAQ,Stock,1993-02-26,,Active
NATI,National Instruments Corp,NASDAQ,Stock,1995-03-14,,Active
NATL,National Interstate Corp,NASDAQ,Stock,2005-01-27,,Active
NATR,Nature`s Sunshine Products Inc,NASDAQ,Stock,2009-06-25,,Active
NAV,Navistar International Corp,NYSE,Stock,1970-01-02,,Active
NAV-P-D,Navistar International Corporation Preferred Stock,NYSE,Stock,1970-01-02,,Active
NAVG,The Navigators Group Inc,NASDAQ,Stock,1990-03-26,,Active
NAZ,Nuveen Arizona Quality Municipal Income Fund,NYSE,ETF,1994-10-27,,Active
NBG,National Bank of Greece S.A.,NASDAQ,Stock,1999-10-18,,Active
NBIX,Neurocrine Biosciences Inc,NASDAQ,Stock,1996-05-23,,Active
NBL,Noble Energy Inc,NYSE,Stock,1982-01-04,,Active
NBN,Northeast Bank,NASDAQ,Stock,1987-08-20,,Active
NBO,Neuberger Berman New York Municipal Fund Inc,NYSE MKT,ETF,2002-09-26,,Active
NBR,Nabors Industries Ltd,NYSE,Stock,1991-02-28,,Active
NBSE,NeuBase Therapeutics Inc,NASDAQ,Stock,2007-05-01,,Active
NBTB,NBT Bancorp. Inc,NASDAQ,Stock,1992-03-17,,Active
NBTF,NB&T Financial Group Inc,NASDAQ,Stock,1999-01-25,,Active
NBW,Neuberger Berman California Municipal Fund Inc,NYSE MKT,ETF,2002-10-22,,Active
NC,Nacco Industries Inc - Class A,NYSE,Stock,1977-06-17,,Active
NCA,Nuveen California Municipal Value Fund.,NYSE,ETF,1987-10-07,,Active
NCB,Nuveen California Municipal Value Fund 2 Common Shares of Beneficial Interest,NYSE,ETF,2009-04-28,,Active
NCI,Navigant Consulting Inc,NYSE,Stock,1996-10-04,,Active
NCIT,NCI Inc,NASDAQ,Stock,2005-10-24,,Active
NCMI,National Cinemedia Inc,NASDAQ,Stock,2007-02-08,,Active
NCTY,The9 Ltd,NASDAQ,Stock,2004-12-15,,Active
NCV,Virtus Convertible & Income Fund,NYSE,ETF,2003-03-31,,Active
NCZ,Virtus Convertible & Income Fund II,NYSE,ETF,2003-07-29,,Active
NDAQ,Nasdaq Inc - 144A,NASDAQ,Stock,2002-07-01,,Active
NDN,99 CENTS ONLY STORES LLC,NYSE,Stock,2006-12-28,,Active
NDRE,Nahdree Group Ltd,NYSE,Stock,2001-01-02,,Active
NDSN,Nordson Corp,NASDAQ,Stock,1990-03-26,,Active
NEA,Nuveen AMT-Free Quality Municipal Income Fund,NYSE,ETF,2002-11-22,,Active
NECB,NorthEast Community Bancorp Inc,NASDAQ,Stock,2006-07-06,,Active
NEE,NextEra Energy Inc,NYSE,Stock,1983-06-10,,Active
NEE-P-C,FPL Group Inc. 5 78 Preferred Trust Securities,NYSE,Stock,1980-03-17,,Active
NEE-P-G,NextEra Energy Inc. Series G Junior Subordinated Debenture due March 1 2072,NYSE,Stock,1980-03-17,,Active
NEE-P-H,NextEra Energy Inc. Series H Junior Subordinated Debentures due June 15 2072,NYSE,Stock,1980-03-17,,Active
NEEPR,NextEra Energy Inc,NYSE,Stock,2009-10-22,,Active
NEM,Newmont Corp,NYSE,Stock,1983-04-06,,Active
NEO,Neogenomics Inc,NASDAQ,Stock,2004-03-16,,Active
NEOG,Neogen Corp,NASDAQ,Stock,1994-02-10,,Active
NEON,Neonode Inc,NASDAQ,Stock,1992-03-03,,Active
NEPH,Nephros Inc,NASDAQ,Stock,2009-01-22,,Active
NES,Nuverra Environmental Solutions Inc,NYSE MKT,Stock,2007-11-20,,Active
NEU,NewMarket Corp,NYSE,Stock,1985-08-06,,Active
NEV,Nuveen Enhanced Municipal Value Fund,NYSE,ETF,2009-09-25,,Active
NEWS,NewStar Financial Inc,NASDAQ,Stock,2006-12-14,,Active
NEWT,NewtekOne Inc,NASDAQ,Stock,2000-09-27,,Active
NFBK,Northfield Bancorp Inc,NASDAQ,Stock,2007-11-08,,Active
NFG,National Fuel Gas Company,NYSE,Stock,1987-09-01,,Active
NFJ,Virtus AllianzGI Dividend Interest & Premium Strategy Fund,NYSE,ETF,2005-03-01,,Active
NFLX,Netflix Inc,NASDAQ,Stock,2002-05-23,,Active
NFO,INVESCO INSIDER SENTIMENT ETF,NYSE ARCA,ETF,2006-09-21,,Active
NFP,National Financial Partners Corp,NYSE,Stock,2003-09-18,,Active
NFS,GRANITESHARES 2X SHORT NFLX DAILY ETF ,NYSE,ETF,1997-03-06,,Active
NFSB,Newport Bancorp Inc,NASDAQ,Stock,2006-07-07,,Active
NFX,Newfield Exploration Company,NYSE,Stock,1993-11-12,,Active
NGAS,NGAS Resources Inc,NASDAQ,Stock,1990-01-02,,Active
NGD,New Gold Inc,NYSE MKT,Stock,2004-11-18,,Active
NGG,National Grid Plc,NYSE,Stock,2001-01-02,,Active
NGLS,Targa Resources Partners LP,NYSE,Stock,2007-02-08,,Active
NGS,Natural Gas Services Group Inc,NYSE,Stock,2002-10-22,,Active
NHF,NexPoint Strategic Opportunities Fund,NYSE,ETF,2006-06-26,,Active
NHI,National Health Investors Inc,NYSE,Stock,1991-10-09,,Active
NHTC,Natural Health Trends Corp,NASDAQ,Stock,1995-06-22,,Active
NI,NiSource Inc,NYSE,Stock,1984-10-19,,Active
NIB,Barclays Bank PLC,NYSE ARCA,ETF,2008-06-25,,Active
NICE,NICE Ltd,NASDAQ,Stock,1996-01-25,,Active
NIE,Virtus Equity & Convertible Income Fund,NYSE,ETF,2007-02-23,,Active
NIHD1,NII Holdings Inc,NASDAQ,Stock,2002-11-21,,Active
NIM,Nuveen Select Maturities Municipal Fund,NYSE,ETF,1994-10-27,,Active
NIO1,Nuveen Municipal Opportunity Common,NYSE,ETF,1991-09-19,,Active
NIXX,Nixxy Inc,NASDAQ,Stock,2008-11-20,,Active
NJR,New Jersey Resources Corporation,NYSE,Stock,1987-12-30,,Active
NJV,Nuveen New Jersey Municipal Value Fund,NYSE,ETF,2009-04-28,,Active
NKE,Nike Inc - Class B,NYSE,Stock,1980-12-02,,Active
NKG,Nuveen Georgia Quality Municipal Income Fund,NYSE,ETF,2002-09-26,,Active
NKSH,National Bankshares Inc,NASDAQ,Stock,1999-12-01,,Active
NKTR,Nektar Therapeutics,NASDAQ,Stock,1994-05-03,,Active
NKX,Nuveen California AMT-Free Quality Municipal Income Fund,NYSE,ETF,2003-01-16,,Active
NL,NL Industries Inc,NYSE,Stock,1983-04-06,,Active
NLP,NTS REALTY HOLDINGS LP,NYSE,Stock,2005-02-03,,Active
NLR,VANECK URANIUM AND NUCLEAR ETF ,NYSE,ETF,2007-08-15,,Active
NLY,Annaly Capital Management Inc,NYSE,Stock,1997-10-08,,Active
NLY-P-A,Annaly Capital Management Inc Preferred Stock Series A,NYSE,Stock,1997-10-08,,Active
NM,Navios Maritime Holdings Inc,NYSE,Stock,2005-01-06,,Active
NMA,Nuveen Municipal Advantage Fund Inc,NYSE,ETF,1990-01-10,,Active
NMFS,National Medical Financial Services Corp,NASDAQ,Stock,2001-01-02,,Active
NMI,Nuveen Municipal Income Fund,NYSE,ETF,1988-12-16,,Active
NMM,Navios Maritime Partners L.P.,NYSE,Stock,2007-11-13,,Active
NMO,Nuveen Municipal Market Opportunity Fund Inc,NYSE,ETF,1990-03-22,,Active
NMR,Nomura Holdings Inc,NYSE,Stock,1995-05-16,,Active
NMRX,Numerex Corp,NASDAQ,Stock,1994-03-04,,Active
NMT,Nuveen Massachusetts Quality Municipal Income Fund,NYSE,ETF,1994-10-27,,Active
NMY,Nuveen Maryland Quality Municipal Income Fund,NYSE,ETF,1994-10-27,,Active
NMZ,Nuveen Municipal High Income Opportunity Fund,NYSE,ETF,2003-11-20,,Active
NNA,Navios Maritime Acquisition Corp,NYSE,Stock,2008-07-07,,Active
NNBR,NN Inc,NASDAQ,Stock,1994-03-15,,Active
NNC,Nuveen North Carol Premium Incom Mun Fd,NYSE,ETF,1994-10-27,,Active
NNI,Nelnet Inc - Class A,NYSE,Stock,2003-12-12,,Active
NNN,NNN REIT Inc,NYSE,Stock,1990-03-26,,Active
NNP,,NYSE,Stock,1990-01-11,,Active
NNY,Nuveen New York Municipal Value Fund,NYSE,ETF,1987-10-07,,Active
NOA,North American Construction Group Ltd,NYSE,Stock,2006-11-22,,Active
NOC,Northrop Grumman Corp,NYSE,Stock,1981-12-31,,Active
NOG,Northern Oil and Gas Inc,NYSE,Stock,2007-04-13,,Active
NOK,Nokia Corp,NYSE,Stock,1994-01-03,,Active
NOM,Nuveen Missouri Quality Municipal Income Fund,NYSE,ETF,1995-08-18,,Active
NORW,GLOBAL X MSCI NORWAY ETF ,NYSE,ETF,2009-08-19,,Active
NOV,NOV Inc,NYSE,Stock,1996-10-29,,Active
NP,Neenah Inc,NYSE,Stock,2004-11-17,,Active
NPD,China Nepstar Chain Drugstore Ltd.ADR,NYSE,Stock,2007-11-08,,Active
NPF,Nuveen Premier Municipal Income Fund Inc,NYSE,ETF,1991-12-19,,Active
NPI,Nuveen Premium Income Municipal Fund Inc,NYSE,ETF,1988-12-15,,Active
NPK,National Presto Industries Inc,NYSE,Stock,1987-12-30,,Active
NPKI,Newpark Resources Inc,NYSE,Stock,1991-09-26,,Active
NPM,Nuveen Premium Income Municipal Fund 2 Inc,NYSE,ETF,1994-10-26,,Active
NPN,Nuveen Pennsylvania Municipal Value Fund,NYSE,ETF,2009-04-28,,Active
NPO,EnPro Industries Inc,NYSE,Stock,2002-05-24,,Active
NPP,Nuveen Performance Plus Municipal Fund Inc,NYSE,ETF,1989-06-29,,Active
NPSP,NPS Pharmaceuticals Inc,NASDAQ,Stock,1994-05-26,,Active
NPT,Nuveen Premium Income Municipal Fund 4 Inc,NYSE,ETF,1994-10-26,,Active
NPV,Nuveen Virginia Quality Municipal Income Fund,NYSE,ETF,1994-10-27,,Active
NQI,Nuveen Quality Municipal Fund Common,NYSE,ETF,1990-12-18,,Active
NQM,Nuveen Investment Quality Municipal Fund,NYSE,ETF,1990-06-21,,Active
NQP,Nuveen Pennsylvania Quality Municipal Income Fund,NYSE,ETF,1991-02-21,,Active
NQS,Nuveen Select Quality Municipal Fund Inc,NYSE,ETF,1991-03-20,,Active
NQU,Nuveen Quality Income Municipal Fund Inc,NYSE,ETF,1991-06-19,,Active
NRCIB,National Research Corp,NASDAQ,Stock,1997-10-13,,Active
NRIM,Northrim Bancorp Inc,NASDAQ,Stock,1993-10-25,,Active
NRK,Nuveen New York AMT-Free Quality Municipal Income Fund,NYSE,ETF,2003-01-16,,Active
NRP,Natural Resource Partners LP,NYSE,Stock,2002-10-11,,Active
NRT,North European Oil Royalty Trust,NYSE,Stock,1987-12-30,,Active
NRTLQ,Nortel Networks Corporation USA,NYSE,Stock,2010-01-04,,Active
NS,Nustar Energy L P,NYSE,Stock,2001-04-10,,Active
NSAT,Norsat International Inc,NYSE,Stock,1995-08-18,,Active
NSC,Norfolk Southern Corp,NYSE,Stock,1982-06-02,,Active
NSEC,National Security Group Inc,NASDAQ,Stock,1990-03-30,,Active
NSH,NuStar GP Holdings LLC,NYSE,Stock,2006-07-14,,Active
NSIT,Insight Enterprises Inc,NASDAQ,Stock,1995-01-25,,Active
NSL,Nuveen Senior Income Fund,NYSE,ETF,1999-10-27,,Active
NSP,Insperity Inc,NYSE,Stock,1997-01-29,,Active
NSPH,Nanosphere Inc,NASDAQ,Stock,2007-11-01,,Active
NSR,NeuStar Inc,NYSE,Stock,2005-06-29,,Active
NSSC,NAPCO Security Technologies Inc,NASDAQ,Stock,1990-03-26,,Active
NSYS,Nortech Systems Inc,NASDAQ,Stock,1993-06-24,,Active
NTAP,Netapp Inc,NASDAQ,Stock,1995-11-21,,Active
NTC,Nuveen Connecticut Premium Income Municipal Fund,NYSE,ETF,1994-10-27,,Active
NTCT,Netscout Systems Inc,NASDAQ,Stock,1999-08-12,,Active
NTES,NetEase Inc,NASDAQ,Stock,2000-06-30,,Active
NTGR,Netgear Inc,NASDAQ,Stock,2003-07-31,,Active
NTIC,Northern Technologies International Corp,NASDAQ,Stock,1993-09-13,,Active
NTL,Nortel Inversora SA ADR,NYSE,Stock,1997-06-17,,Active
NTLS,NTELOS Holdings Corp,NASDAQ,Stock,2006-02-09,,Active
NTRI,NutriSystem Inc,NASDAQ,Stock,2000-03-30,,Active
NTRS,Northern Trust Corp,NASDAQ,Stock,1990-03-26,,Active
NTUS,Natus Medical Inc,NASDAQ,Stock,2001-07-31,,Active
NTWK,Netsol Technologies Inc,NASDAQ,Stock,1998-09-25,,Active
NTX,Nuveen Texas Quality Income Municipal Fd,NYSE,ETF,1991-10-18,,Active
NTY,NBTY INC,NYSE,Stock,2006-12-28,,Active
NTZ,Natuzzi S.P.A.,NYSE,Stock,1993-05-13,,Active
NU,Northeast Utilities System,NYSE,Stock,1984-08-29,,Active
NUAN,Nuance Communications Inc,NASDAQ,Stock,1995-12-11,,Active
NUCL,ISHARES S&P GLOBAL NUCLEAR ENERGY INDEX FUND,NASDAQ,ETF,2008-06-25,,Active
NUE,Nucor Corp,NYSE,Stock,1983-09-01,,Active
NUM,Nuveen Michigan Qlity Incom Municipal Fd,NYSE,ETF,1991-10-17,,Active
NUO,Nuveen Ohio Quality Municipal Income Fund,NYSE,ETF,1991-10-17,,Active
NURO,Neurometrix Inc,NASDAQ,Stock,2001-01-02,,Active
NUS,Nu Skin Enterprises Inc - Class A,NYSE,Stock,1996-11-22,,Active
NUTR,Nutraceutical Intl Corp,NASDAQ,Stock,1998-02-20,,Active
NUV,Nuveen Municipal Value Fund Inc,NYSE,ETF,1987-06-17,,Active
NUVA,Nuvasive Inc,NASDAQ,Stock,2004-05-13,,Active
NUW,Nuveen AMT-Free Municipal Value Fund,NYSE,ETF,2009-02-25,,Active
NVAX,Novavax Inc,NASDAQ,Stock,1995-12-13,,Active
NVCN,Neovasc Inc,NASDAQ,Stock,2007-02-05,,Active
NVDA,NVIDIA Corp,NASDAQ,Stock,1999-01-22,,Active
NVDQ,Novadaq Technologies Inc,NASDAQ,Stock,2008-06-25,,Active
NVEC,NVE Corp,NASDAQ,Stock,1996-09-11,,Active
NVG,Nuveen AMT-Free Municipal Credit Income Fund,NYSE,ETF,2002-09-12,,Active
NVGN,Novogen Limited ADR,NASDAQ,Stock,1999-01-06,,Active
NVGS,Navigator Holdings Ltd,NYSE,Stock,2007-01-09,,Active
NVLNF,Novelion Therapeutics Inc,NASDAQ,Stock,1990-03-26,,Active
NVLS,DEFIANCE NVDA LIGHTNINGSPREAD(TM) INCOME ETF ,NASDAQ,ETF,2006-12-28,,Active
NVMI,Nova Ltd,NASDAQ,Stock,2000-04-11,,Active
NVO,Novo Nordisk,NYSE,Stock,1982-01-04,,Active
NVR,NVR Inc,NYSE,Stock,1985-07-22,,Active
NVRI,Enviri Corp,NYSE,Stock,1987-11-05,,Active
NVS,Novartis AG,NYSE,Stock,1996-11-07,,Active
NVX,Nuveen California Dividend Advantage Municipal Fund 2 Share of Beneficial Interest,NYSE MKT,ETF,2002-09-11,,Active
NWBI,Northwest Bancshares Inc,NASDAQ,Stock,1994-11-08,,Active
NWE,NorthWestern Energy Group Inc,NASDAQ,Stock,2007-12-28,,Active
NWFL,Norwood Financial Corp,NASDAQ,Stock,1998-03-04,,Active
NWG,NatWest Group Plc,NYSE,Stock,2007-10-18,,Active
NWK,Network Equipment Technologies Inc,NASDAQ,Stock,1990-01-02,,Active
NWL,Newell Brands Inc,NASDAQ,Stock,1984-07-19,,Active
NWLI,National Western Life Group Inc - Class A,NASDAQ,Stock,1990-03-26,,Active
NWN,Northwest Natural Holding Company,NYSE,Stock,1990-03-26,,Active
NWPX,Northwest Pipe Company,NASDAQ,Stock,1995-11-30,,Active
NX,Quanex Building Products Corp,NYSE,Stock,1987-12-30,,Active
NXC,Nuveen California Select Tax-Free Income Portfolio,NYSE,ETF,1992-06-19,,Active
NXGN,NextGen Healthcare Inc,NASDAQ,Stock,2001-01-02,,Active
NXH,Bed Bath & Beyond Inc,NASDAQ,Stock,2002-05-30,,Active
NXJ,Nuveen New Jersey Quality Municipal Income Fund,NYSE,ETF,2002-09-12,,Active
NXN,Nuveen New York Select Tax-Free Income Portfolio,NYSE,ETF,1992-06-19,,Active
NXP,Nuveen Select Tax-Free Income Portfolio,NYSE,ETF,1992-03-19,,Active
NXQ,Nuveen Select Tax-Free Income Portfolio 2,NYSE,ETF,1992-05-21,,Active
NXR,Nuveen Select Tax-Free Income Portfolio 3,NYSE,ETF,1994-10-27,,Active
NXST,Nexstar Media Group Inc,NASDAQ,Stock,2003-11-25,,Active
NXTM,NxStage Medical Inc,NASDAQ,Stock,2005-10-27,,Active
NXZ,Nuveen Dividend Advantage Municipal Fd 2,NYSE MKT,ETF,2002-09-11,,Active
NY,ISHARES NYSE 100 INDEX FUND,NYSE ARCA,ETF,2004-04-02,,Active
NYC,ISHARES NYSE COMPOSITE INDEX FUND,NYSE ARCA,ETF,2004-04-02,,Active
NYCB-P-U,New York Community Bancorp Inc Capital Tr V BONUSES,NYSE,Stock,2003-05-02,,Active
NYF,ISHARES NEW YORK MUNI BOND ETF ,NYSE,ETF,2007-10-11,,Active
NYNY,Empire Resorts Inc.,NASDAQ,Stock,1993-11-05,,Active
NYT,New York Times Co. - Class A,NYSE,Stock,1973-05-03,,Active
NYV,Nuveen New York Municipal Value Fund 2,NYSE,ETF,2009-04-28,,Active
NYX,NYSE Euronext,NYSE,Stock,2007-06-04,,Active
NZ,NETEZZA CORP,NYSE,Stock,2009-04-09,,Active
NZF,Nuveen Municipal Credit Income Fund,NYSE,ETF,2001-10-03,,Active
NZH,Nuveen CA Dividend Advantage Muni Fund 3,NYSE MKT,ETF,2001-10-02,,Active
O,Realty Income Corp,NYSE,Stock,1994-10-18,,Active
OA,Orbital ATK Inc,NYSE,Stock,1990-10-03,,Active
OB,OneBeacon Insurance Group Ltd,NYSE,Stock,2006-11-09,,Active
OBAS,Optibase,NASDAQ,Stock,1999-04-07,,Active
OBCI,Ocean Bio-Chem Inc,NASDAQ,Stock,1995-07-13,,Active
OBE,Obsidian Energy Ltd,NYSE,Stock,2005-11-15,,Active
OBT,Orange County Bancorp Inc,NASDAQ,Stock,2007-10-04,,Active
OC,Owens Corning,NYSE,Stock,2006-11-01,,Active
OCC,Optical Cable Corp,NASDAQ,Stock,1996-04-02,,Active
OCFC,OceanFirst Financial Corp,NASDAQ,Stock,1996-07-03,,Active
OCLR,Oclaro Inc,NASDAQ,Stock,2000-04-11,,Active
OCR,Omnicare Inc,NYSE,Stock,1987-12-30,,Active
OCSL,Oaktree Specialty Lending Corp,NASDAQ,Stock,2008-06-12,,Active
ODC,Oil-Dri Corp Of America,NYSE,Stock,1990-03-26,,Active
ODFL,Old Dominion Freight Line Inc,NASDAQ,Stock,1991-10-24,,Active
ODP,ODP Corporation (The),NASDAQ,Stock,1990-03-26,,Active
ODSY,ODYSSEY HEALTHCARE INC,NASDAQ,Stock,2001-10-31,,Active
OEF,ISHARES S&P 100 ETF ,NYSE,ETF,2000-10-27,,Active
OESX,Orion Energy Systems Inc,NASDAQ,Stock,2007-12-19,,Active
OFC-P-L,Corporate Office Properties Trust Preferred Series L,NYSE,Stock,1991-12-31,,Active
OFC-P-L-CL,Corporate Office Properties Trust Preferred Series L,NYSE,Stock,1991-12-31,,Active
OFG,OFG Bancorp,NYSE,Stock,1990-03-28,,Active
OFIX,Orthofix Medical Inc,NASDAQ,Stock,1992-04-24,,Active
OFLX,Omega Flex Inc,NASDAQ,Stock,2005-08-01,,Active
OGE,Oge Energy Corp,NYSE,Stock,1987-12-30,,Active
OGXI,OncoGenex Pharmaceuticals Inc,NASDAQ,Stock,1995-10-13,,Active
OHAI,OHA Investment Corp,NASDAQ,Stock,2004-11-10,,Active
OHI,Omega Healthcare Investors Inc,NYSE,Stock,1992-08-07,,Active
OI,O-I Glass Inc,NYSE,Stock,1991-12-11,,Active
OIA,Invesco Municipal Income Opportunities Trust,NYSE,ETF,1988-10-05,,Active
OIH,VANECK OIL SERVICES ETF ,NYSE,ETF,2001-02-26,,Active
OII,Oceaneering International Inc,NYSE,Stock,1990-03-26,,Active
OIIM,O2 Micro International,NASDAQ,Stock,2000-08-31,,Active
OIL,iPath Pure Beta Crude Oil ETN,NYSE ARCA,ETF,2006-08-16,,Active
OIS,Oil States International Inc,NYSE,Stock,2001-02-09,,Active
OKE,Oneok Inc,NYSE,Stock,1985-07-01,,Active
OKS,Oneok Partners LP,NYSE,Stock,1993-09-24,,Active
OKSB,Southwest Bancorp Inc,NASDAQ,Stock,1993-12-17,,Active
OLB,OLB Group Inc,NASDAQ,Stock,2007-07-13,,Active
OLBK,Old Line Bancshares Inc MD,NASDAQ,Stock,2003-09-17,,Active
OLED,Universal Display Corp,NASDAQ,Stock,1996-04-12,,Active
OLN,Olin Corp,NYSE,Stock,1987-12-30,,Active
OLP,One Liberty Properties Inc,NYSE,Stock,1992-03-17,,Active
OMAB,Grupo Aeroportuario del Centro Norte S.A.B de C.V.,NASDAQ,Stock,2006-11-29,,Active
OMC,Omnicom Group Inc,NYSE,Stock,1990-03-26,,Active
OMCL,Omnicell Inc,NASDAQ,Stock,2001-08-09,,Active
OME,Omega Protein Corp,NYSE,Stock,1998-04-03,,Active
OMER,Omeros Corporation,NASDAQ,Stock,2009-10-08,,Active
OMEX,Odyssey Marine Exploration Inc,NASDAQ,Stock,1999-10-26,,Active
OMG,OM Group Inc,NYSE,Stock,1993-10-14,,Active
OMN,OMNOVA Solutions Inc,NYSE,Stock,1999-09-27,,Active
OMPI,Obagi Medical Products Inc,NASDAQ,Stock,2006-12-28,,Active
OMTL,Omtool Ltd,NASDAQ,Stock,1997-08-08,,Active
OMX,OFFICEMAX INC,NYSE,Stock,2006-12-28,,Active
ON,ON Semiconductor Corp,NASDAQ,Stock,2000-05-02,,Active
ONB,Old National Bancorp,NASDAQ,Stock,1990-03-26,,Active
ONCT,Oncternal Therapeutics Inc,NASDAQ,Stock,2004-02-03,,Active
ONEK,SPDRR RUSSELL 1000 ETF,NYSE ARCA,ETF,2005-11-15,,Active
ONEQ,FIDELITY NASDAQ COMPOSITE INDEX ETF ,NASDAQ,ETF,2003-10-01,,Active
ONFC,Oneida Financial Corp,NASDAQ,Stock,1998-12-30,,Active
ONIT,Ocwen Financial Corp,NYSE,Stock,1996-09-25,,Active
ONNN,ON Semiconductor Corp,NASDAQ,Stock,2000-05-02,,Active
ONP,Orient Paper Inc,NYSE,Stock,2007-10-01,,Active
ONSM,Onstream Media Corp,NASDAQ,Stock,1997-07-30,,Active
ONTO,Onto Innovation Inc,NYSE,Stock,1992-02-26,,Active
ONVI,Onvia Inc,NASDAQ,Stock,2000-03-02,,Active
ONXX,Onyx Pharmaceuticals Inc,NASDAQ,Stock,1996-05-09,,Active
OPBK,OP Bancorp,NASDAQ,Stock,2005-07-22,,Active
OPCH,Option Care Health Inc,NASDAQ,Stock,1996-08-15,,Active
OPEN,OpenTable Inc,NASDAQ,Stock,2009-05-21,,Active
OPK,Opko Health Inc,NASDAQ,Stock,1995-11-02,,Active
OPLK,Oplink Communications Inc,NASDAQ,Stock,2000-10-04,,Active
OPLN,Openlane Inc,NYSE,Stock,2009-12-11,,Active
OPOF,Old Point Financial Corp,NASDAQ,Stock,1999-01-11,,Active
OPRX,OptimizeRx Corp,NASDAQ,Stock,2007-07-13,,Active
OPTR,Optimer Pharmaceuticals Inc,NASDAQ,Stock,2007-02-09,,Active
OPTV,OPENTV CORP,NASDAQ,Stock,1999-11-23,,Active
OPXA,Opexa Therapeutics Inc,NASDAQ,Stock,2004-04-14,,Active
OPXS,Optex Systems Holdings Inc,NASDAQ,Stock,2009-05-04,,Active
OPY,Oppenheimer Holdings Inc - Class A,NYSE,Stock,1993-08-16,,Active
ORA,Ormat Technologies Inc,NYSE,Stock,2004-11-11,,Active
ORB,Orbital Sciences Corp,NYSE,Stock,1990-04-24,,Active
ORBC,Orbcomm Inc,NASDAQ,Stock,2006-11-06,,Active
ORBK,Orbotech Ltd,NASDAQ,Stock,1990-03-26,,Active
ORCC,Online Resources Corp,NASDAQ,Stock,1999-06-04,,Active
ORCL,Oracle Corp,NYSE,Stock,1986-03-12,,Active
OREX,Orexigen Therapeutics Inc,NASDAQ,Stock,2007-04-26,,Active
ORH,ODYSSEY RE HOLDINGS CORP,NYSE,Stock,2008-06-11,,Active
ORI,Old Republic International Corp,NYSE,Stock,1990-03-26,,Active
ORIT,Oritani Financial Corp,NASDAQ,Stock,2007-01-24,,Active
ORKA,ARCA biopharma Inc,NASDAQ,Stock,1997-08-08,,Active
ORLY,O`Reilly Automotive Inc,NASDAQ,Stock,1993-04-23,,Active
ORMP,Oramed Pharmaceuticals Inc,NASDAQ,Stock,2006-04-21,,Active
ORN,Orion Group Holdings Inc,NYSE,Stock,2007-12-20,,Active
ORRF,Orrstown Financial Services Inc,NASDAQ,Stock,1999-05-13,,Active
OSBC,Old Second Bancorporation Inc,NASDAQ,Stock,1995-08-18,,Active
OSBCP,Old Second Bancorp Inc 780 Cumulative Trust Preferred Securities,NASDAQ,Stock,2003-06-30,,Active
OSIR,Osiris Therapeutics Inc,NASDAQ,Stock,2006-08-09,,Active
OSIS,OSI Systems Inc,NASDAQ,Stock,1997-10-02,,Active
OSK,Oshkosh Corp,NYSE,Stock,1990-03-26,,Active
OSP,OSG America L.P.,NYSE,Stock,2007-11-09,,Active
OSPN,OneSpan Inc,NASDAQ,Stock,2001-01-02,,Active
OSUR,Orasure Technologies Inc,NASDAQ,Stock,1992-03-17,,Active
OTEL,Otelco Inc - Class A,NASDAQ,Stock,2004-12-16,,Active
OTEX,Open Text Corp,NASDAQ,Stock,1996-01-24,,Active
OTIV,On Track Innovations,NASDAQ,Stock,2002-11-12,,Active
OTIX,OTIX GLOBAL INC.,NASDAQ,Stock,2001-01-02,,Active
OTT,Otelco Inc,NASDAQ,Stock,2005-03-11,,Active
OTTR,Otter Tail Corporation,NASDAQ,Stock,1990-03-26,,Active
OVBC,Ohio Valley Banc Corp,NASDAQ,Stock,1996-02-09,,Active
OVEN,TURBOCHEF TECHNOLOGIES INC,NYSE,Stock,1995-08-18,,Active
OVLY,Oak Valley Bancorp,NASDAQ,Stock,2003-10-15,,Active
OVRL,Overland Storage Inc,NASDAQ,Stock,1997-02-21,,Active
OVTI,OmniVision Technologies Inc,NASDAQ,Stock,2001-01-02,,Active
OVV,Ovintiv Inc,NYSE,Stock,2002-04-08,,Active
OWW,Orbitz Worldwide Inc,NYSE,Stock,2007-07-20,,Active
OXM,Oxford Industries Inc,NYSE,Stock,1987-12-30,,Active
OXPS,optionsXpress Holdings Inc,NASDAQ,Stock,2005-12-14,,Active
OXY,Occidental Petroleum Corp,NYSE,Stock,1981-12-31,,Active
OZK,Bank OZK,NASDAQ,Stock,2001-01-02,,Active
OZRK,Bank Of The Ozarks Inc,NASDAQ,Stock,1997-07-17,,Active
PAA,Plains All American Pipeline LP,NASDAQ,Stock,1998-11-18,,Active
PAAS,Pan American Silver Corp,NYSE,Stock,1995-06-12,,Active
PAC,Grupo Aeroportuario Del Pacifico SAB de CV,NYSE,Stock,2006-02-27,,Active
PACE,Pace Holdings Corp,NASDAQ,Stock,1992-03-17,,Active
PACR,Pacer International Inc,NASDAQ,Stock,2002-06-13,,Active
PACW,Pacwest Bancorp,NASDAQ,Stock,2000-06-05,,Active
PAET,PAETEC Holding Corp,NASDAQ,Stock,2007-03-01,,Active
PAF,POWERSHARES FTSE RAFI ASIA PACIFIC EX-JAPAN PORTFOLIO,NYSE ARCA,ETF,2007-06-25,,Active
PAG,Penske Automotive Group Inc,NYSE,Stock,1996-10-23,,Active
PAGG,POWERSHARES GLOBAL AGRICULTURE PORTFOLIO,NASDAQ,ETF,2008-09-23,,Active
PAI,Western Asset Investment Grade Income Fund Inc,NYSE,ETF,1987-12-30,,Active
PALI,Palisade Bio Inc,NASDAQ,Stock,2006-12-20,,Active
PALM,PALM INC,NASDAQ,Stock,2007-10-25,,Active
PAM,Pampa Energia SA,NYSE,ETF,2009-10-09,,Active
PAMT,P.A.M. Transportation Services Inc,NASDAQ,Stock,1990-03-26,,Active
PANG,LEVERAGE SHARES 2X LONG PANW DAILY ETF ,NASDAQ,ETF,1997-11-04,,Active
PAR,Par Technology Corp,NYSE,Stock,1988-12-16,,Active
PARA,Paramount Global - Class B,NASDAQ,Stock,2006-01-03,,Active
PARAA,Paramount Global - Class A,NASDAQ,Stock,2006-01-03,,Active
PAS,GRANITESHARES 2X SHORT PANW DAILY ETF ,NYSE,ETF,2001-01-02,,Active
PATK,Patrick Industries Inc,NASDAQ,Stock,1990-03-27,,Active
PAY,VeriFone Systems Inc,NYSE,Stock,2005-04-29,,Active
PAYS,PaySign Inc,NASDAQ,Stock,2007-10-10,,Active
PAYX,Paychex Inc,NASDAQ,Stock,1990-03-26,,Active
PB,Prosperity Bancshares Inc,NYSE,Stock,1998-11-12,,Active
PBCT,People`s United Financial Inc,NASDAQ,Stock,1990-03-26,,Active
PBD,INVESCO GLOBAL CLEAN ENERGY ETF ,NYSE,ETF,2007-06-13,,Active
PBE,INVESCO BIOTECHNOLOGY & GENOME ETF ,NYSE,ETF,2005-06-23,,Active
PBG,PEPSI BOTTLING GROUP INC,NYSE,Stock,2001-01-02,,Active
PBH,Prestige Consumer Healthcare Inc,NYSE,Stock,2005-02-10,,Active
PBHC,Pathfinder Bancorp Inc,NASDAQ,Stock,1996-05-30,,Active
PBI,Pitney Bowes Inc,NYSE,Stock,1972-06-01,,Active
PBIB,Porter Bancorp Inc,NASDAQ,Stock,2006-09-22,,Active
PBIP,Prudential Bancorp Inc,NASDAQ,Stock,2005-03-30,,Active
PBJ,INVESCO FOOD & BEVERAGE ETF ,NYSE,ETF,2005-06-23,,Active
PBP,INVESCO S&P 500 BUYWRITE ETF ,BATS,ETF,2007-12-20,,Active
PBR,Petroleo Brasileiro S.A. Petrobras,NYSE,Stock,2000-08-10,,Active
PBR-A,Petroleo Brasileiro S.A. Petrobras,NYSE,Stock,2003-10-07,,Active
PBT,Permian Basin Royalty Trust,NYSE,Stock,1987-12-30,,Active
PBTH,PROLOR Biotech Inc,NYSE,Stock,2009-06-15,,Active
PBW,INVESCO WILDERHILL CLEAN ENERGY ETF ,NYSE,ETF,2005-03-03,,Active
PBY,Pep Boys Manny Moe Jack,NYSE,Stock,1987-12-30,,Active
PCAP,Patriot Capital Funding Inc,NASDAQ,Stock,2005-07-28,,Active
PCAR,Paccar Inc,NASDAQ,Stock,1986-07-09,,Active
PCBK,Pacific Continental Corp,NASDAQ,Stock,1999-04-26,,Active
PCF,High Income Securities Fund,NYSE,ETF,1987-07-09,,Active
PCG,PG&E Corp,NYSE,Stock,1972-06-01,,Active
PCH,PotlatchDeltic Corp,NASDAQ,Stock,1985-11-11,,Active
PCL,PGIM CORPORATE BOND 10+ YEAR ETF ,BATS,Stock,1989-06-02,,Active
PCLN,Priceline.com Inc,NYSE,Stock,1999-03-31,,Active
PCM,PCM Fund Inc,NYSE,ETF,1993-08-27,,Active
PCMI,PCM Inc,NASDAQ,Stock,1995-04-04,,Active
PCN,PIMCO Corporate & Income Strategy Fund,NYSE,ETF,2001-12-19,,Active
PCO,Pendrell Corporation Class A,NASDAQ,Stock,2004-05-12,,Active
PCQ,Pimco California Municipal Income Fund,NYSE,ETF,2001-06-27,,Active
PCS,PGIM CORPORATE BOND 0-5 YEAR ETF ,BATS,Stock,2007-04-19,,Active
PCTI,PCTEL Inc,NASDAQ,Stock,1999-08-10,,Active
PCY,INVESCO EMERGING MARKETS SOVEREIGN DEBT ETF ,NYSE,ETF,2007-10-11,,Active
PCYC,Pharmacyclics Inc,NASDAQ,Stock,1995-10-24,,Active
PCYO,Pure Cycle Corp,NASDAQ,Stock,1997-01-02,,Active
PDCE,PDC Energy Inc,NASDAQ,Stock,1990-03-26,,Active
PDCO,Patterson Companies Inc,NASDAQ,Stock,1992-10-28,,Active
PDD1,Pinduoduo Inc,NASDAQ,Stock,2005-02-24,,Active
PDEX,Pro-Dex Inc (co),NASDAQ,Stock,1995-08-18,,Active
PDFS,PDF Solutions Inc,NASDAQ,Stock,2001-07-31,,Active
PDLI,PDL Biopharma Inc,NASDAQ,Stock,1992-01-29,,Active
PDN,INVESCO FTSE RAFI DEVELOPED MARKETS EX-U.S. SMALL-MID ETF ,NYSE,ETF,2007-09-28,,Active
PDP,INVESCO DORSEY WRIGHT MOMENTUM ETF ,NASDAQ,ETF,2007-03-01,,Active
PDS,Precision Drilling Corp,NYSE,Stock,1996-11-15,,Active
PDT,John Hancock Premium Dividend Fund,NYSE,ETF,1989-12-15,,Active
PEB,Pebblebrook Hotel Trust,NYSE,Stock,2009-12-09,,Active
PEBK,Peoples Bancorp Of North Carolina Inc,NASDAQ,Stock,1995-08-18,,Active
PEBO,Peoples Bancorp Inc (Marietta OH),NASDAQ,Stock,1993-02-11,,Active
PEET,Peets Coffee & Tea Inc,NASDAQ,Stock,2006-12-28,,Active
PEG,Public Service Enterprise Group Inc,NYSE,Stock,1980-01-02,,Active
PEGA,Pegasystems Inc,NASDAQ,Stock,1996-07-19,,Active
PEI-P-A,Pennsylvania Real Estate Investment Trust PFD sh CL A,NYSE,Stock,1973-05-03,,Active
PEJ,INVESCO LEISURE AND ENTERTAINMENT ETF ,NYSE,ETF,2005-06-23,,Active
PENN,PENN Entertainment Inc,NASDAQ,Stock,1994-05-26,,Active
PEO,Adams Natural Resources Fund Inc,NYSE,ETF,1987-12-30,,Active
PEP,PepsiCo Inc,NASDAQ,Stock,1972-06-01,,Active
PERF,Perfumania Holdings Inc,NASDAQ,Stock,1991-12-19,,Active
PERI,Perion Network Ltd,NASDAQ,Stock,2006-01-31,,Active
PERY,Perry Ellis International Inc,NASDAQ,Stock,1993-05-28,,Active
PESI,Perma-Fix Environmental Services Inc,NASDAQ,Stock,1995-08-18,,Active
PETM,PetSmart Inc,NASDAQ,Stock,1993-07-23,,Active
PETS,Petmed Express Inc,NASDAQ,Stock,1999-04-26,,Active
PEY,INVESCO HIGH YIELD EQUITY DIVIDEND ACHIEVERS ETF ,NASDAQ,ETF,2004-12-09,,Active
PEZ,INVESCO DORSEY WRIGHT CONSUMER CYCLICALS MOMENTUM ETF ,NASDAQ,ETF,2006-10-12,,Active
PFBC,Preferred Bank,NASDAQ,Stock,1999-08-19,,Active
PFBI,Premier Financial Bancorp Inc,NASDAQ,Stock,1996-05-17,,Active
PFC,Premier Financial Corp,NASDAQ,Stock,1993-07-21,,Active
PFD,Flaherty & Crumrine Preferred and Income Fund Inc,NYSE,ETF,1991-01-25,,Active
PFE,Pfizer Inc,NYSE,Stock,1972-06-01,,Active
PFED,Park Bancorp Inc,NASDAQ,Stock,1996-08-12,,Active
PFF,ISHARES PREFERRED AND INCOME SECURITIES ETF ,NASDAQ,ETF,2007-03-30,,Active
PFFBQ,PFF Bancorp Inc,NYSE,Stock,2010-01-04,,Active
PFG,Principal Financial Group Inc,NASDAQ,Stock,2001-10-23,,Active
PFH,Prudential Financial Inc,NYSE,Stock,1999-04-05,,Active
PFI,INVESCO DORSEY WRIGHT FINANCIAL MOMENTUM ETF ,NASDAQ,ETF,2006-10-12,,Active
PFIN,P & F Industries Inc - Class A,NASDAQ,Stock,1992-03-03,,Active
PFIS,Peoples Financial Services Corp,NASDAQ,Stock,2002-06-05,,Active
PFK,Prudential Financial InflationLinked Retail Medium Linked Retail MediumTerm Notes due April 10 2018,NYSE,Stock,2006-05-02,,Active
PFL,Pimco Income Strategy Fund,NYSE,ETF,2003-10-09,,Active
PFM,INVESCO DIVIDEND ACHIEVERS ETF ,NASDAQ,ETF,2005-09-15,,Active
PFN,Pimco Income Strategy Fund II,NYSE,ETF,2004-10-27,,Active
PFO,Flaherty & Crumrine Preferred and Income Opportunity Fund Inc,NYSE,ETF,1992-02-06,,Active
PFS,Provident Financial Services Inc,NYSE,Stock,2003-01-16,,Active
PFSW,PFSWEB Inc,NASDAQ,Stock,1999-12-02,,Active
PFX,Phoenix Companies Inc. Phoenix Companies Inc 7.45 Pfd,NYSE,Stock,2002-01-02,,Active
PG,Procter & Gamble Company,NYSE,Stock,1970-01-02,,Active
PGC,Peapack-Gladstone Financial Corp,NASDAQ,Stock,1999-04-27,,Active
PGD,Barclays ASIANGULF CURRENCY,NYSE ARCA,ETF,2008-06-18,,Active
PGF,INVESCO FINANCIAL PREFERRED ETF ,NYSE,ETF,2006-12-01,,Active
PGH,Pengrowth Energy Corp,NYSE,Stock,2002-04-10,,Active
PGI,Premiere Global Services Inc,NYSE,Stock,1996-03-05,,Active
PGICQ,Progressive Gaming International Corp,NASDAQ,Stock,2010-01-04,,Active
PGJ,INVESCO GOLDEN DRAGON CHINA ETF ,NASDAQ,ETF,2004-12-09,,Active
PGM,iPath Dow Jones-UBS Platinum Subindex Total ReturnSM ETN,NYSE ARCA,ETF,2008-06-25,,Active
PGNX,Progenics Pharmaceuticals Inc,NASDAQ,Stock,1997-11-19,,Active
PGP,Pimco Global StocksPLUS & Income Fund,NYSE,ETF,2005-05-26,,Active
PGR,Progressive Corp,NYSE,Stock,1986-07-09,,Active
PGTI,PGT Innovations Inc,NYSE,Stock,2006-06-28,,Active
PGV,Velocity Portfolio Group Inc,NYSE MKT,Stock,2009-10-09,,Active
PGX,INVESCO PREFERRED ETF ,NYSE,ETF,2008-01-31,,Active
PH,Parker-Hannifin Corp,NYSE,Stock,1985-07-01,,Active
PHD,Pioneer Floating Rate Fund Inc,NYSE,ETF,2004-12-23,,Active
PHF,Pacholder High Yield Fund Inc,NYSE MKT,ETF,1990-07-26,,Active
PHG,Koninklijke Philips N.V.,NYSE,Stock,1987-12-30,,Active
PHH,PHH Corp,NYSE,Stock,2005-01-19,,Active
PHI,PLDT Inc,NYSE,Stock,1973-05-03,,Active
PHK,Pimco High Income Fund,NYSE,ETF,2003-04-25,,Active
PHM,PulteGroup Inc,NYSE,Stock,1985-07-01,,Active
PHMD,PhotoMedex Inc,NASDAQ,Stock,1996-02-21,,Active
PHO,INVESCO WATER RESOURCES ETF ,NASDAQ,ETF,2005-12-06,,Active
PHT,Pioneer High Income Fund Inc,NYSE,ETF,2002-04-26,,Active
PHX,PHX Minerals Inc - Class A,NYSE,Stock,1995-08-18,,Active
PID,INVESCO INTERNATIONAL DIVIDEND ACHIEVERS ETF ,NASDAQ,ETF,2005-09-15,,Active
PIE,INVESCO DORSEY WRIGHT EMERGING MARKETS MOMENTUM ETF ,NASDAQ,ETF,2007-12-28,,Active
PII,Polaris Inc,NYSE,Stock,1987-09-16,,Active
PIKE,Pike Electric Corp,NYSE,Stock,2005-07-27,,Active
PIM,Putnam Master Intermediate Income Trust,NYSE,ETF,1988-04-19,,Active
PIO,INVESCO GLOBAL WATER ETF ,NASDAQ,ETF,2007-06-13,,Active
PIPR,Piper Sandler Co`s,NYSE,Stock,2004-01-02,,Active
PIR,Pier 1 Imports Inc,NYSE,Stock,1987-12-30,,Active
PIY,Preferred Plus Trust Ser CZN Preferred Plus Trust Ser CZN1 Tr Ctf 8375 Maturity 10012046,NYSE,Stock,2003-10-09,,Active
PIZ,INVESCO DORSEY WRIGHT DEVELOPED MARKETS MOMENTUM ETF ,NASDAQ,ETF,2008-01-07,,Active
PJC,Piper Jaffray Companies Inc,NYSE,Stock,2004-01-02,,Active
PJP,INVESCO PHARMACEUTICALS ETF ,NYSE,ETF,2005-06-23,,Active
PKB,INVESCO BUILDING & CONSTRUCTION ETF ,NYSE,ETF,2005-10-26,,Active
PKBK,Parke Bancorp Inc,NASDAQ,Stock,2001-09-05,,Active
PKD,Parker Drilling Company,NYSE,Stock,1983-04-06,,Active
PKE,Park Aerospace Corp,NYSE,Stock,1987-12-30,,Active
PKG,Packaging Corp Of America,NYSE,Stock,2000-01-28,,Active
PKO,Pimco Income Opportunity Fund,NYSE,ETF,2007-11-29,,Active
PKOH,Park-Ohio Holdings Corp,NASDAQ,Stock,1990-03-26,,Active
PKT,Procera Networks Inc,NASDAQ,Stock,2003-06-26,,Active
PKW,INVESCO BUYBACK ACHIEVERS ETF ,NASDAQ,ETF,2006-12-20,,Active
PKX,POSCO Holdings Inc,NYSE,Stock,1994-10-14,,Active
PKY,Parkway Properties Inc,NYSE,Stock,1973-05-03,,Active
PL,Protective Life Corp,NYSE,Stock,1990-03-26,,Active
PL-P-C,Protective Life Corporation 6.25 Subordinated Debentures due 2042,NYSE,Stock,1990-03-26,,Active
PL-P-E,Protective Life Corporation 6.00 Subordinated Debentures due 2042,NYSE,Stock,1990-03-26,,Active
PLAB,Photronics Inc,NASDAQ,Stock,1990-03-26,,Active
PLAG,Planet Green Holdings Corp,NYSE MKT,Stock,2008-04-29,,Active
PLBC,Plumas Bancorp.,NASDAQ,Stock,2002-06-26,,Active
PLCE,Childrens Place Inc,NASDAQ,Stock,1997-09-19,,Active
PLCM,Polycom Inc,NASDAQ,Stock,2001-01-02,,Active
PLD,Prologis Inc,NYSE,Stock,1997-11-21,,Active
PLFE,Presidential Life LLC,NASDAQ,Stock,2006-12-28,,Active
PLL,Piedmont Lithium Inc,NYSE,Stock,1991-08-21,,Active
PLM,Polymet Mining Corp,NYSE MKT,Stock,2000-10-12,,Active
PLND,VANECK VECTORS POLAND ETF,NYSE ARCA,ETF,2009-12-15,,Active
PLNR,Planar Systems Inc,NASDAQ,Stock,1993-12-16,,Active
PLPC,Preformed Line Products Company,NASDAQ,Stock,1999-04-28,,Active
PLPM,Planet Payment Inc,NASDAQ,Stock,2008-11-20,,Active
PLUG,Plug Power Inc,NASDAQ,Stock,1999-10-29,,Active
PLUR,Pluri Inc,NASDAQ,Stock,2003-06-30,,Active
PLUS,ePlus Inc,NASDAQ,Stock,1996-11-15,,Active
PLXS,Plexus Corp,NASDAQ,Stock,1990-03-26,,Active
PM,Philip Morris International Inc,NYSE,Stock,2008-03-17,,Active
PMBC,Pacific Mercantile Bancorp,NASDAQ,Stock,2000-01-26,,Active
PMC,PharMerica Corp,NYSE,Stock,2007-08-01,,Active
PMF,Pimco Municipal Income Fund,NYSE,ETF,2001-06-27,,Active
PMFG,PMFG Inc,NASDAQ,Stock,1990-03-26,,Active
PML,Pimco Municipal Income Fund II,NYSE,ETF,2002-06-26,,Active
PMM,Putnam Managed Municipal Income Trust.,NYSE,ETF,1989-06-30,,Active
PMN,ProMIS Neurosciences Inc,NASDAQ,Stock,2007-07-17,,Active
PMO,Putnam Municipal Opportunities Trust,NYSE,ETF,1994-10-27,,Active
PMR,INVESCO DYNAMIC RETAIL ETF,NYSE ARCA,ETF,2005-10-26,,Active
PMT,Pennymac Mortgage Investment Trust,NYSE,Stock,2009-07-30,,Active
PMTI,Palomar Medical Technologies Inc,NASDAQ,Stock,2006-12-28,,Active
PMX,Pimco Municipal Income Fund III,NYSE,ETF,2002-10-29,,Active
PNBK,Patriot National Bancorp Inc,NASDAQ,Stock,1994-09-01,,Active
PNC,PNC Financial Services Group Inc,NYSE,Stock,1988-09-07,,Active
PNC-WS,PNC Financial Services Group Inc. Wt,NYSE,Stock,1988-09-07,,Active
PNF,Pimco New York Municipal Income Fund,NYSE,ETF,2001-06-27,,Active
PNFP,Pinnacle Financial Partners Inc,NASDAQ,Stock,2000-08-22,,Active
PNI,Pimco New York Municipal Income Fund II,NYSE,ETF,2002-06-26,,Active
PNK,Pinnacle Entertainment Inc,NASDAQ,Stock,1990-03-26,,Active
PNNT,PennantPark Investment Corporation,NYSE,Stock,2007-04-19,,Active
PNQI,INVESCO NASDAQ INTERNET ETF ,NASDAQ,ETF,2008-06-13,,Active
PNR,Pentair plc,NYSE,Stock,1973-05-03,,Active
PNRA,Panera Bread Company,NASDAQ,Stock,1991-06-10,,Active
PNRG,PrimeEnergy Resources Corp,NASDAQ,Stock,1995-08-18,,Active
PNTR,Pointer Telocation Ltd,NASDAQ,Stock,1994-06-17,,Active
PNW,Pinnacle West Capital Corp,NYSE,Stock,1984-07-19,,Active
PNX,The Phoenix Companies Inc,NYSE,Stock,2001-06-20,,Active
PNY,Piedmont Natural Gas Company Inc,NYSE,Stock,2001-01-02,,Active
POCI,Precision Optics Corp Inc,NASDAQ,Stock,1995-08-18,,Active
PODD,Insulet Corporation,NASDAQ,Stock,2007-05-15,,Active
POLY,Plantronics Inc,NYSE,Stock,1994-01-20,,Active
POM,Pepco Holdings Inc,NYSE,Stock,1987-01-02,,Active
POOL,Pool Corporation,NASDAQ,Stock,1995-10-13,,Active
POPE,Pope Resources A Delaware LP,NASDAQ,Stock,1991-07-25,,Active
POR,Portland General Electric Company,NYSE,Stock,2006-03-31,,Active
POT,Potash Corp.Saskatchewan USA,NYSE,Stock,1990-01-12,,Active
POWA,INVESCO BLOOMBERG PRICING POWER ETF ,NYSE,ETF,2006-12-15,,Active
POWI,Power Integrations Inc,NASDAQ,Stock,1997-12-12,,Active
POWL,Powell Industries Inc,NASDAQ,Stock,1990-03-26,,Active
POWR,PowerSecure International Inc,NYSE,Stock,2008-01-14,,Active
PPA,INVESCO AEROSPACE & DEFENSE ETF ,NYSE,ETF,2005-10-26,,Active
PPBI,Pacific Premier Bancorp Inc,NASDAQ,Stock,1997-06-25,,Active
PPC,Pilgrim`s Pride Corp,NASDAQ,Stock,1987-12-30,,Active
PPG,PPG Industries Inc,NYSE,Stock,1983-04-06,,Active
PPH,VanEck Pharmaceutical ETF,NASDAQ,ETF,2000-02-01,,Active
PPHM,Peregrine Pharmaceuticals,NASDAQ,Stock,1996-04-01,,Active
PPL,PPL Corp,NYSE,Stock,1985-04-08,,Active
PPLI,People Inc - New,NASDAQ,Stock,1993-01-19,,Active
PPO,Polypore International Inc,NYSE,Stock,2007-07-26,,Active
PPP,Primero Mining Corp,NYSE,Stock,2009-12-14,,Active
PPR,Voya Prime Rate Trust,NYSE,ETF,1992-03-09,,Active
PPS,Post Properties Inc,NYSE,Stock,1993-07-15,,Active
PPT,Putnam Premier Income Trust,NYSE,ETF,1988-02-19,,Active
PQ,Petroquest Energy Inc,NYSE,Stock,1992-10-26,,Active
PQUEQ,Petroquest Energy Inc,NYSE,Stock,2001-01-02,,Active
PRA,Proassurance Corporation,NYSE,Stock,1991-09-04,,Active
PRAA,PRA Group Inc,NASDAQ,Stock,2002-11-08,,Active
PRB,MARKET VECTORS PREREFUNDED MUNICIPAL INDEX ETF,NYSE ARCA,ETF,2009-02-03,,Active
PRCP,Perceptron Inc,NASDAQ,Stock,1992-08-21,,Active
PRDO,Perdoceo Education Corporation,NASDAQ,Stock,1998-01-29,,Active
PRE,Partnerre Ltd,NYSE,Stock,1996-11-14,,Active
PRE-P-F,Partnerre Ltd,NYSE,Stock,2006-12-01,,Active
PRF,INVESCO RAFI US 1000 ETF ,NYSE,ETF,2005-12-19,,Active
PRFT,Perficient Inc,NASDAQ,Stock,1999-07-29,,Active
PRFZ,INVESCO RAFI US 1500 SMALL-MID ETF ,NASDAQ,ETF,2006-09-20,,Active
PRG,PROG Holdings Inc,NYSE,Stock,1984-09-07,,Active
PRGO,Perrigo Company plc,NYSE,Stock,1991-12-17,,Active
PRGS,Progress Software Corp,NASDAQ,Stock,1991-08-05,,Active
PRGX,PRGX Global Inc,NYSE,Stock,1996-03-27,,Active
PRIM,Primoris Services Corp,NYSE,Stock,2008-08-06,,Active
PRLS,Peerless Systems Corp,NASDAQ,Stock,1996-09-25,,Active
PRM,PRIMEDIA INC,NYSE,Stock,2001-01-02,,Active
PRMW,Primo Brands Corp,NYSE,Stock,1992-06-16,,Active
PRN,Invesco Dorsey Wright Industrials Momentum ETF,NASDAQ,ETF,2006-10-12,,Active
PRO,Pros Holdings Inc,NYSE,Stock,2007-07-26,,Active
PROV,Provident Financial Holdings Inc,NASDAQ,Stock,1996-06-28,,Active
PRPO,Precipio Inc,NASDAQ,Stock,2000-07-18,,Active
PRSO,Peraso Inc,NASDAQ,Stock,2001-06-28,,Active
PRSU,Pursuit Attractions and Hospitality Inc,NYSE,Stock,2004-08-12,,Active
PRTK,Paratek Pharmaceuticals Inc,NASDAQ,Stock,2006-05-11,,Active
PRTS,CarParts.com Inc,NASDAQ,Stock,2007-02-09,,Active
PRU,Prudential Financial Inc,NYSE,Stock,2001-12-13,,Active
PRWT,PremierWest Bancorp,NASDAQ,Stock,2006-12-28,,Active
PRX,Pharmaceutical Resources,NYSE,Stock,2006-12-28,,Active
PRXL,PAREXEL International Corp,NASDAQ,Stock,1995-11-22,,Active
PSA,Public Storage.,NYSE,Stock,1980-11-18,,Active
PSA-P-D,PSA Operating REIT,NYSE,Stock,2001-04-03,,Active
PSA-P-S,Public Storage DEP SH REPSTG PFD SH BEN INT SER S,NYSE,Stock,1980-11-18,,Active
PSA-P-T,Public Storage Depository Shares Series T,NYSE,Stock,1980-11-18,,Active
PSAU,POWERSHARES GLOBAL GOLD AND PRECIOUS METALS PORTFOLIO,NASDAQ,ETF,2008-09-23,,Active
PSB,PS Business Parks Inc,NYSE,Stock,1991-03-27,,Active
PSDV,pSivida Corp,NASDAQ,Stock,2005-01-27,,Active
PSEC,Prospect Capital Corp,NASDAQ,Stock,2004-07-27,,Active
PSEM,Pericom Semiconductor,NASDAQ,Stock,1997-10-31,,Active
PSG,Performance Sports Group Ltd,NYSE,Stock,2006-05-15,,Active
PSI,INVESCO SEMICONDUCTORS ETF ,NYSE,ETF,2005-06-23,,Active
PSK,STATE STREET(R) SPDR(R) ICE PREFERRED SECURITIES ETF ,NYSE,ETF,2009-09-17,,Active
PSL,Invesco Dorsey Wright Consumer Staples Momentum ETF,NASDAQ,ETF,2006-10-12,,Active
PSMT,Pricesmart Inc,NASDAQ,Stock,1997-09-02,,Active
PSO,Pearson plc,NYSE,Stock,1996-11-18,,Active
PSP,INVESCO GLOBAL LISTED PRIVATE EQUITY ETF ,NYSE,ETF,2006-10-24,,Active
PSQ,ProShares Short QQQ -1x Shares,NYSE,ETF,2006-06-21,,Active
PSR,INVESCO ACTIVE U.S. REAL ESTATE ETF ,NYSE,ETF,2008-11-21,,Active
PST,PROSHARES ULTRASHORT 7-10 YEAR TREASURY ,NYSE,ETF,2008-05-01,,Active
PSTB,Park Sterling Bank,NASDAQ,Stock,2007-02-01,,Active
PTC,PTC Inc,NASDAQ,Stock,1990-03-26,,Active
PTEK,Pokertek Inc,NASDAQ,Stock,2005-10-14,,Active
PTEN,Patterson-UTI Energy Inc,NASDAQ,Stock,1993-11-02,,Active
PTF,INVESCO DORSEY WRIGHT TECHNOLOGY MOMENTUM ETF ,NASDAQ,ETF,2006-10-12,,Active
PTH,INVESCO DORSEY WRIGHT HEALTHCARE MOMENTUM ETF ,NASDAQ,ETF,2006-10-12,,Active
PTLC,PACER TRENDPILOT US LARGE CAP ETF ,BATS,ETF,2005-12-22,,Active
PTM,UBS ETRACS CMCI Long Platinum TR ETN,NYSE ARCA,ETF,2008-05-09,,Active
PTN,Palatin Technologies Inc,NYSE MKT,Stock,1997-10-15,,Active
PTNT,Internet Patents Corp,BATS,Stock,1999-07-23,,Active
PTP,Platinum Underwriters Holdings Ltd,NYSE,Stock,2002-10-29,,Active
PTRY,The Pantry Inc,NASDAQ,Stock,1999-06-10,,Active
PTVCA,Protective Insurance Corp - Class A,NASDAQ,Stock,2001-01-02,,Active
PTVCB,Protective Insurance Corp - Class B,NASDAQ,Stock,2001-01-02,,Active
PTY,PIMCO Corporate & Income Opportunity Fund,NYSE,ETF,2002-12-26,,Active
PUI,INVESCO DORSEY WRIGHT UTILITIES MOMENTUM ETF ,NASDAQ,ETF,2005-10-26,,Active
PUK,Prudential plc,NYSE,Stock,2000-06-29,,Active
PULS,Pulse Electronics Inc,NYSE,Stock,1972-06-01,,Active
PUW,INVESCO WILDERHILL PROGRESSIVE ENERGY ETF,NYSE ARCA,ETF,2006-10-24,,Active
PVFC,PVF CAPITAL CORP,NASDAQ,Stock,2006-12-28,,Active
PVH,PVH Corp,NYSE,Stock,1987-07-10,,Active
PVI,INVESCO FLOATING RATE MUNICIPAL INCOME ETF ,NYSE,ETF,2007-11-15,,Active
PVTB,PrivateBancorp Inc,NASDAQ,Stock,1999-06-30,,Active
PVTBP,PrivateBancorp Inc. PrivateBancorp Capital Trust IV 10 Trust Preferred,NASDAQ,Stock,2008-05-21,,Active
PW,Power REIT,NYSE MKT,Stock,1980-03-17,,Active
PWB,INVESCO LARGE CAP GROWTH ETF ,NYSE,ETF,2005-03-03,,Active
PWE,Penn West Petroleum Ltd,NYSE,Stock,2005-11-15,,Active
PWOD,Penns Woods Bancorp Inc,NASDAQ,Stock,1996-05-30,,Active
PWR,Quanta Services Inc,NYSE,Stock,1998-02-12,,Active
PWRD,Perfect World Company. Ltd. ADR,NASDAQ,Stock,2007-07-26,,Active
PWV,INVESCO LARGE CAP VALUE ETF ,NYSE,ETF,2005-03-03,,Active
PWX,Providence & Worcester Railroad Company,NASDAQ,Stock,1993-04-01,,Active
PWZ,INVESCO CALIFORNIA AMT-FREE MUNICIPAL BOND ETF ,NYSE,ETF,2007-10-18,,Active
PX,Praxair Inc,NYSE,Stock,1992-06-17,,Active
PXD,Pioneer Natural Resources Company,NYSE,Stock,1997-08-08,,Active
PXE,INVESCO ENERGY EXPLORATION & PRODUCTION ETF ,NYSE,ETF,2005-10-26,,Active
PXF,INVESCO FTSE RAFI DEVELOPED MARKETS EX-U.S. ETF ,NYSE,ETF,2007-06-25,,Active
PXH,INVESCO FTSE RAFI EMERGING MARKETS ETF ,NYSE,ETF,2007-09-28,,Active
PXI,INVESCO DORSEY WRIGHT ENERGY MOMENTUM ETF ,NASDAQ,ETF,2006-10-12,,Active
PXJ,INVESCO OIL & GAS SERVICES ETF ,NYSE,ETF,2005-10-26,,Active
PXLW,Pixelworks Inc,NASDAQ,Stock,2000-05-19,,Active
PXP,Plains Exploration & Production Company,NYSE,Stock,2006-12-28,,Active
PXR,POWERSHARES EMERGING MARKETS INFRASTRUCTURE PORTFOLIO,NYSE ARCA,ETF,2008-10-17,,Active
PYN,Pimco New York Municipal Income Fund III,NYSE,ETF,2002-10-29,,Active
PYS,Pplus Trust Series RRD-1,NYSE,Stock,2007-12-27,,Active
PYT,PPLUS Trust Series GSC-2,NYSE,Stock,2004-07-27,,Active
PYX,Pyxus International,NYSE,Stock,1995-04-03,,Active
PYZ,INVESCO DORSEY WRIGHT BASIC MATERIALS MOMENTUM ETF ,NASDAQ,ETF,2006-10-12,,Active
PZA,INVESCO NATIONAL AMT-FREE MUNICIPAL BOND ETF ,NYSE,ETF,2007-10-18,,Active
PZC,Pimco California Municipal Income Fund III,NYSE,ETF,2002-10-29,,Active
PZE,Petrobras Argentina SA,NYSE,Stock,2000-01-26,,Active
PZI,INVESCO ZACKS MICRO CAP ETF,NYSE ARCA,ETF,2005-08-18,,Active
PZN,Pzena Investment Management Inc - Class A,NYSE,ETF,2007-10-25,,Active
PZT,INVESCO NEW YORK AMT-FREE MUNICIPAL BOND ETF ,NYSE,ETF,2007-10-11,,Active
PZZA,Papa John`s International Inc,NASDAQ,Stock,1993-06-08,,Active
QABA,FIRST TRUST NASDAQ ABA COMMUNITY BANK INDEX FUND ,NASDAQ,ETF,2009-07-01,,Active
QADB,QAD Inc - Class B,NASDAQ,Stock,1997-08-06,,Active
QAI,NYLIM Hedge Multi-Strategy Tracker ETF,NYSE ARCA,ETF,2009-03-25,,Active
QCLN,FIRST TRUST NASDAQ CLEAN EDGE GREEN ENERGY INDEX FUND ,NASDAQ,ETF,2007-02-14,,Active
QCOM,Qualcomm Inc,NASDAQ,Stock,1991-12-16,,Active
QCOR,Questcor Pharmaceuticals Inc,NASDAQ,Stock,1993-03-04,,Active
QCRH,QCR Holding Inc,NASDAQ,Stock,1993-10-06,,Active
QDEL,QuidelOrtho Corporation,NASDAQ,Stock,1992-03-03,,Active
QGEN,Qiagen NV,NYSE,Stock,1996-06-28,,Active
QID,PROSHARES ULTRASHORT QQQ ,NYSE,ETF,2006-07-13,,Active
QLD,PROSHARES ULTRA QQQ ,NYSE,ETF,2006-06-21,,Active
QLTY,Quality Distribution Inc,NASDAQ,Stock,2003-11-07,,Active
QMCO,Quantum Corp,NASDAQ,Stock,1999-08-02,,Active
QQEW,FIRST TRUST NASDAQ-100 SELECT EQUAL WEIGHT ETF ,NASDAQ,ETF,2006-05-02,,Active
QQQ,Invesco QQQ Trust Series 1,NASDAQ,ETF,1999-03-10,,Active
QQQX,Nuveen NASDAQ 100 Dynamic Overwrite Fund,NASDAQ,ETF,2007-02-01,,Active
QQXT,FIRST TRUST NASDAQ-100 EX-TECHNOLOGY SECTOR INDEX FUND ,NASDAQ,ETF,2007-05-07,,Active
QSII,Quality Systems Inc,NASDAQ,Stock,1995-08-18,,Active
QTEC,FIRST TRUST NASDAQ-100-TECHNOLOGY SECTOR INDEX FUND ,NASDAQ,ETF,2006-05-02,,Active
QUAD,Quad/Graphics Inc - Class A,NYSE,Stock,1995-02-09,,Active
QUIK,Quicklogic Corp,NASDAQ,Stock,1999-10-18,,Active
QUMU,Qumu Corp,NASDAQ,Stock,1995-08-18,,Active
QUSA,Questar Assessment,NASDAQ,Stock,1992-06-12,,Active
QVCA,Liberty Interactive Corp,NASDAQ,Stock,2006-05-10,,Active
QVCB,Liberty Interactive Corp,NASDAQ,Stock,2006-05-10,,Active
R,Ryder System Inc,NYSE,Stock,1980-01-02,,Active
RADA,Rada Electronic Industries,NASDAQ,Stock,1993-04-01,,Active
RAH,Ralcorp Holdings,NYSE,Stock,2006-12-28,,Active
RAI,Reynolds American Inc,NYSE,Stock,1999-06-01,,Active
RAIL,FreightCar America Inc,NASDAQ,Stock,2005-04-06,,Active
RAND,Rand Capital Corp,NASDAQ,Stock,1995-08-18,,Active
RAS,RAIT Financial Trust,NYSE,Stock,1998-01-09,,Active
RAVE,Rave Restaurant Group Inc,NASDAQ,Stock,1993-09-01,,Active
RAVN,Raven Industries Inc,NASDAQ,Stock,1980-03-17,,Active
RAX,Rackspace Hosting Inc,NYSE,Stock,2008-08-07,,Active
RBA,RB Global Inc,NYSE,Stock,1998-03-10,,Active
RBC,RBC Bearings Inc,NYSE,Stock,2005-08-10,,Active
RBCAA,Republic Bancorp Inc (KY) - Class A,NASDAQ,Stock,1998-07-22,,Active
RBLD,FIRST TRUST ALERIAN U.S. NEXTGEN INFRASTRUCTURE ETF ,NYSE,ETF,2008-10-17,,Active
RBPAA,Royal Bancshares of Pennsylvania Inc,NASDAQ,Stock,1992-03-03,,Active
RCI,Rogers Communications Inc - Class B,NYSE,Stock,1996-01-11,,Active
RCKB,Rockville Financial Inc,NASDAQ,Stock,2005-08-17,,Active
RCKY,Rocky Brands Inc,NASDAQ,Stock,1993-02-03,,Active
RCL,Royal Caribbean Group,NYSE,Stock,1993-04-28,,Active
RCMT,RCM Technologies Inc,NASDAQ,Stock,1995-08-18,,Active
RCON,Recon Technology Ltd - Class A,NASDAQ,Stock,2009-07-30,,Active
RCS,PIMCO Strategic Income Fund Inc,NYSE,ETF,1994-10-27,,Active
RDC,Rowan Companies PLC,NYSE,Stock,1983-04-06,,Active
RDCM,Radcom,NASDAQ,Stock,1997-09-25,,Active
RDEN,Elizabeth Arden Inc,NASDAQ,Stock,1995-12-20,,Active
RDGT,Ridgetech Inc,NASDAQ,Stock,2008-05-16,,Active
RDI,Reading International Inc - Class A,NASDAQ,Stock,1992-03-17,,Active
RDIB,Reading International Inc - Class B,NASDAQ,Stock,2000-01-05,,Active
RDN,Radian Group Inc,NYSE,Stock,1992-10-30,,Active
RDNT,Radnet Inc,NASDAQ,Stock,1997-01-03,,Active
RDOG,ALPS REIT DIVIDEND DOGS ETF ,NYSE,ETF,2008-05-22,,Active
RDS-A,Shell Plc ADR (Representing - Class A),NYSE,Stock,2005-07-21,,Active
RDS-B,Shell Plc,NYSE,Stock,1987-12-30,,Active
RDUS,Radius Recycling Inc - Class A,NASDAQ,Stock,1993-11-16,,Active
RDWR,Radware,NASDAQ,Stock,1999-09-30,,Active
RDY,Dr. Reddy`s Laboratories Ltd,NYSE,Stock,2001-04-11,,Active
RECS,COLUMBIA RESEARCH ENHANCED CORE ETF ,NYSE,ETF,2001-08-15,,Active
REFR,Research Frontiers Inc,NASDAQ,Stock,1993-12-20,,Active
REG,Regency Centers Corporation,NASDAQ,Stock,1993-10-29,,Active
REG-P-G,Regency Centers Corporation Pfd Ser 7,NYSE,Stock,1993-10-29,,Active
REGN,Regeneron Pharmaceuticals Inc,NASDAQ,Stock,1991-04-02,,Active
REIS,Reis Inc,NASDAQ,Stock,1995-08-18,,Active
RELL,Richardson Electronics Ltd,NASDAQ,Stock,1990-03-26,,Active
RELX,RELX Plc,NYSE,Stock,1994-10-07,,Active
REM,iShares Mortgage Real Estate ETF,BATS,ETF,2007-05-04,,Active
REN,Resolute Energy Corp,NYSE,Stock,2007-10-08,,Active
RENT,Rentrak Corp,NASDAQ,Stock,1992-03-02,,Active
RENX,RELX NV,NYSE,Stock,1994-10-07,,Active
RES,RPC Inc,NYSE,Stock,1987-12-30,,Active
RESP,WisdomTree U.S. ESG Fund,NYSE ARCA,ETF,2007-02-23,,Active
REW,ProShares UltraShort Technology -2x Shares,NYSE,ETF,2007-02-02,,Active
REX,REX American Resources Corp,NYSE,Stock,1987-11-05,,Active
REXX,Rex Energy Corp,NASDAQ,Stock,2007-07-25,,Active
REZ,ISHARES RESIDENTIAL AND MULTISECTOR REAL ESTATE ETF ,NYSE,ETF,2007-05-04,,Active
RF,Regions Financial Corp,NYSE,Stock,1990-03-26,,Active
RFG,INVESCO S&P MIDCAP 400 PURE GROWTH ETF ,NYSE,ETF,2006-03-07,,Active
RFI,Cohen & Steers Total Return Realty Fund Inc,NYSE,ETF,1994-10-27,,Active
RFIL,RF Industries Ltd,NASDAQ,Stock,1997-05-28,,Active
RFMD,RF Micro Devices Inc,NASDAQ,Stock,1997-06-03,,Active
RFV,INVESCO S&P MIDCAP 400 PURE VALUE ETF ,NYSE,ETF,2006-03-07,,Active
RGA,Reinsurance Group Of America Inc,NYSE,Stock,2008-09-12,,Active
RGC,Regal Entertainment Group,NYSE,Stock,2002-05-09,,Active
RGCO,RGC Resources Inc,NASDAQ,Stock,1994-02-01,,Active
RGDX,Response Genetics Inc,NASDAQ,Stock,2007-06-05,,Active
RGEN,Repligen Corp,NASDAQ,Stock,1990-03-26,,Active
RGLD,Royal Gold Inc,NASDAQ,Stock,1990-03-26,,Active
RGP,Resources Connection Inc,NASDAQ,Stock,2000-12-15,,Active
RGP,Regency Energy Partners LP,NYSE,Stock,2006-01-31,,Active
RGR,Sturm Ruger & Co. Inc,NYSE,Stock,1990-03-26,,Active
RGS,Regis Corp,NASDAQ,Stock,1991-06-21,,Active
RHAYY,Rhodia,NYSE,Stock,2007-09-28,,Active
RHI,Robert Half Inc,NYSE,Stock,1992-03-10,,Active
RHP,Ryman Hospitality Properties Inc,NYSE,Stock,1991-10-24,,Active
RHT,Red Hat Inc,NYSE,Stock,1999-08-11,,Active
RIC,Richmont Mines Inc,NYSE,Stock,1997-03-07,,Active
RICK,RCI Hospitality Holdings Inc,NASDAQ,Stock,1995-10-13,,Active
RIG,Transocean Ltd,NYSE,Stock,1993-05-28,,Active
RIGL,Rigel Pharmaceuticals,NASDAQ,Stock,2000-11-29,,Active
RIO,Rio Tinto plc,NYSE,Stock,1990-06-28,,Active
RIOT,Riot Platforms Inc,NASDAQ,Stock,2003-01-24,,Active
RIT,LMP Real Estate Income Fund Inc,NYSE,ETF,2002-07-29,,Active
RIVE,Riverview Financial Corp,NASDAQ,Stock,2009-09-04,,Active
RJA,AB Svensk Exportkredit,NYSE ARCA,ETF,2007-10-19,,Active
RJET,Republic Airways Holdings Inc,NASDAQ,Stock,2004-05-27,,Active
RJF,Raymond James Financial Inc,NYSE,Stock,1987-12-30,,Active
RJI,AB Svensk Exportkredit,NYSE ARCA,ETF,2007-10-19,,Active
RJN,AB Svensk Exportkredit,NYSE ARCA,ETF,2007-10-19,,Active
RJZ,AB Svensk Exportkredit,NYSE ARCA,ETF,2007-10-18,,Active
RKH,MARKET VECTORS BANK AND BROKERAGE ETF,NYSE ARCA,ETF,2000-06-23,,Active
RKT,RockTenn Company,NYSE,Stock,1994-03-03,,Active
RL,Ralph Lauren Corp - Class A,NYSE,Stock,1997-06-12,,Active
RLH,Red Lion Hotels Corporation,NYSE,Stock,1998-04-03,,Active
RLI,RLI Corp,NYSE,Stock,1987-12-30,,Active
RLOG,Rand Logistics Inc,NASDAQ,Stock,2005-02-17,,Active
RLOGQ,Rand Logistics Inc,NASDAQ,Stock,2004-11-17,,Active
RMBS,Rambus Inc,NASDAQ,Stock,1997-05-14,,Active
RMCF,Rocky Mountain Chocolate Factory Inc,NASDAQ,Stock,1993-11-09,,Active
RMD,Resmed Inc,NYSE,Stock,1995-06-02,,Active
RMT,Royce Micro-Cap Trust Inc,NYSE,ETF,1993-12-15,,Active
RMTI,Rockwell Medical Inc,NASDAQ,Stock,1998-01-27,,Active
RMTR,Ramtron International,NASDAQ,Stock,2006-12-28,,Active
RNP,Cohen & Steers REIT & Preferred Income Fund Inc,NYSE,ETF,2003-06-25,,Active
RNR,RenaissanceRe Holdings Ltd,NYSE,Stock,1995-07-27,,Active
RNR-P-E,RenaissanceRe Holdings Ltd,NYSE,Stock,2005-09-12,,Active
RNST,Renasant Corp,NYSE,Stock,1992-04-24,,Active
RNTX,Rein Therapeutics Inc,NASDAQ,Stock,1986-03-12,,Active
RNWK,Realnetworks Inc,NASDAQ,Stock,1997-11-21,,Active
ROC,Rockwood Holdings Inc,NYSE,Stock,2005-08-17,,Active
ROCK,Gibraltar Industries Inc,NASDAQ,Stock,1993-11-05,,Active
ROG,Rogers Corp,NYSE,Stock,1980-03-17,,Active
ROIC,Retail Opportunity Investments Corp,NASDAQ,Stock,2009-11-03,,Active
ROK,Rockwell Automation Inc,NYSE,Stock,1981-12-31,,Active
ROL,Rollins Inc,NYSE,Stock,1987-12-30,,Active
ROM,PROSHARES ULTRA TECHNOLOGY ,NYSE,ETF,2007-02-01,,Active
ROMA,Roma Financial Corp,NASDAQ,Stock,2006-12-28,,Active
ROP,Roper Technologies Inc,NASDAQ,Stock,1992-02-13,,Active
ROSG,Rosetta Genomics Ltd. USA,NASDAQ,Stock,2007-02-27,,Active
ROST,Ross Stores Inc,NASDAQ,Stock,1986-07-09,,Active
ROX,Castle Brands Inc,NYSE,Stock,2006-04-07,,Active
RPG,INVESCO S&P 500 PURE GROWTH ETF ,NYSE,ETF,2006-03-07,,Active
RPM,RPM International Inc,NYSE,Stock,1990-03-26,,Active
RPRX,Repros Therapeutics Inc,NASDAQ,Stock,1993-03-26,,Active
RPT,RPT Realty,NYSE,Stock,1988-12-28,,Active
RPTP,Raptor Pharmaceutical Corp,NASDAQ,Stock,2006-10-03,,Active
RPV,INVESCO S&P 500 PURE VALUE ETF ,NYSE,ETF,2006-03-07,,Active
RQI,Cohen & Steers Quality Income Realty Fund Inc,NYSE,ETF,2002-02-26,,Active
RRC,Range Resources Corp,NYSE,Stock,1992-12-28,,Active
RRD,R.R. Donnelley & Sons Company,NASDAQ,Stock,1985-07-01,,Active
RRGB,Red Robin Gourmet Burgers Inc,NASDAQ,Stock,2002-07-19,,Active
RRX,Regal Rexnord Corp,NYSE,Stock,1983-12-01,,Active
RS,Reliance Steel & Aluminum Company,NYSE,Stock,1994-09-16,,Active
RSG,Republic Services Inc,NYSE,Stock,1998-07-01,,Active
RSH,RadioShack Corp,NYSE,Stock,1982-01-04,,Active
RSO,Resource Capital Corp,NYSE,Stock,2006-02-07,,Active
RSP,INVESCO S&P 500 EQUAL WEIGHT ETF ,NYSE,ETF,2003-04-30,,Active
RSPD,INVESCO S&P 500 EQUAL WEIGHT CONSUMER DISCRETIONARY ETF ,NYSE,ETF,2006-11-07,,Active
RSPF,INVESCO S&P 500 EQUAL WEIGHT FINANCIALS ETF ,NYSE,ETF,2006-11-07,,Active
RSPG,INVESCO S&P 500 EQUAL WEIGHT ENERGY ETF ,NYSE,ETF,2006-11-07,,Active
RSPH,INVESCO S&P 500 EQUAL WEIGHT HEALTH CARE ETF ,NYSE,ETF,2006-11-07,,Active
RSPM,INVESCO S&P 500 EQUAL WEIGHT MATERIALS ETF ,NYSE,ETF,2006-11-07,,Active
RSPN,INVESCO S&P 500 EQUAL WEIGHT INDUSTRIALS ETF ,NYSE,ETF,2006-11-07,,Active
RSPS,INVESCO S&P 500 EQUAL WEIGHT CONSUMER STAPLES ETF ,NYSE,ETF,2006-11-07,,Active
RSPT,INVESCO S&P 500 EQUAL WEIGHT TECHNOLOGY ETF ,NYSE,ETF,2006-11-07,,Active
RSPU,INVESCO S&P 500 EQUAL WEIGHT UTILITIES ETF ,NYSE,ETF,2006-11-07,,Active
RST,Rosetta Stone Inc,NYSE,Stock,2009-04-16,,Active
RSTI,RofinSinar Technologies,NASDAQ,Stock,1996-09-26,,Active
RSX,VANECK RUSSIA ETF ,BATS,ETF,2007-04-30,,Active
RSYS,RadiSys Corp,NASDAQ,Stock,1995-10-20,,Active
RT,Ruby Tuesday Inc,NYSE,Stock,1990-03-26,,Active
RTEC,Rudolph Technologies Inc,NYSE,Stock,1999-11-12,,Active
RTH,VANECK RETAIL ETF ,NASDAQ,ETF,2001-05-17,,Active
RTI,RTI International Metals Inc,NYSE,Stock,1990-04-12,,Active
RTIX,Surgalign Holdings,NASDAQ,Stock,2000-08-10,,Active
RTK,Rentech Inc,NASDAQ,Stock,1999-04-05,,Active
RTKHQ,Rentech Inc,NASDAQ,Stock,1993-07-20,,Active
RTL,ISHARES FTSE NAREIT RETAIL CAPPED INDEX FUND,NYSE ARCA,ETF,2007-05-07,,Active
RTLX,RETALIX LTD Foreign,NASDAQ,Stock,2006-12-28,,Active
RTN,Raytheon Company,NYSE,Stock,1981-12-31,,Active
RTO,Rentokil Initial,NYSE,Stock,2007-07-13,,Active
RTW,New York Company Inc,NYSE,Stock,2004-10-07,,Active
RTX,RTX Corp,NYSE,Stock,1970-01-02,,Active
RUE,rue21 inc.,NASDAQ,Stock,2009-11-13,,Active
RUK,Reed Elsevier PLC,NYSE,Stock,1994-10-07,,Active
RUSHA,Rush Enterprises Inc - Class A,NASDAQ,Stock,2002-07-10,,Active
RUSHB,Rush Enterprises Inc - Class B,NASDAQ,Stock,1996-06-10,,Active
RUTH,Ruths Hospitality Group Inc,NASDAQ,Stock,2005-08-09,,Active
RVBD,Riverbed Technology Inc,NASDAQ,Stock,2006-09-21,,Active
RVM,Revett Minerals Inc ADR,NYSE,Stock,2006-11-24,,Active
RVR,White River Capital Inc,NYSE,Stock,2007-01-19,,Active
RVSB,Riverview Bancorp Inc,NASDAQ,Stock,1993-10-25,,Active
RVT,Royce Value Trust Inc,NYSE,ETF,1987-12-30,,Active
RVTY,Revvity Inc,NYSE,Stock,1983-04-06,,Active
RWC,RELM Wireless Corp,NYSE,Stock,1984-09-07,,Active
RWJ,INVESCO S&P SMALLCAP 600 REVENUE ETF ,NYSE,ETF,2008-02-22,,Active
RWK,INVESCO S&P MIDCAP 400 REVENUE ETF ,NYSE,ETF,2008-02-22,,Active
RWL,INVESCO S&P 500 REVENUE ETF ,NYSE,ETF,2008-02-22,,Active
RWM,PROSHARES SHORT RUSSELL2000 ,NYSE,ETF,2007-01-25,,Active
RWO,STATE STREET(R) SPDR(R) DOW JONES(R) GLOBAL REAL ESTATE ETF ,NYSE,ETF,2008-05-22,,Active
RWR,STATE STREET(R) SPDR(R) DOW JONES(R) REIT ETF ,NYSE,ETF,2001-04-27,,Active
RWT,Redwood Trust Inc,NYSE,Stock,1995-08-04,,Active
RWW,INVESCO S&P FINANCIALS REVENUE ETF,NYSE ARCA,ETF,2008-11-19,,Active
RWX,STATE STREET(R) SPDR(R) DOW JONES(R) INTERNATIONAL REAL ESTATE ETF ,NYSE,ETF,2006-12-19,,Active
RXD,ProShares UltraShort Health Care -2x Shares,NYSE,ETF,2007-02-01,,Active
RXI,ISHARES GLOBAL CONSUMER DISCRETIONARY ETF ,NYSE,ETF,2006-09-21,,Active
RXL,ProShares Ultra Health Care 2X Shares,NYSE,ETF,2007-02-01,,Active
RY,Royal Bank Of Canada,NYSE,Stock,1995-10-16,,Active
RY-P-S,Royal Bank Of Canada 5.50 NonCumulative Perpetual First Preferred Shares Series C1,NYSE,Stock,1995-10-16,,Active
RYAAY,Ryanair Holdings Plc,NASDAQ,Stock,1997-06-02,,Active
RYL,The Ryland Group Inc,NYSE,Stock,1987-12-30,,Active
RYN,Rayonier Inc,NYSE,Stock,1994-02-17,,Active
RZG,INVESCO S&P SMALLCAP 600 PURE GROWTH ETF ,NYSE,ETF,2006-03-07,,Active
RZV,INVESCO S&P SMALLCAP 600 PURE VALUE ETF ,NYSE,ETF,2006-03-07,,Active
S,Sprint Corp,NYSE,Stock,1984-11-08,,Active
SA,Seabridge Gold Inc,NYSE,Stock,2004-04-20,,Active
SAA,PROSHARES ULTRA SMALLCAP600 ,NYSE,ETF,2007-01-25,,Active
SAAS,Incontact Inc,NASDAQ,Stock,2004-07-14,,Active
SABA,Saba Capital Income & Opportunities Fund II,NYSE,ETF,1988-03-17,,Active
SAFE,Safehold Inc,NYSE,Stock,1989-11-16,,Active
SAFM,Sanderson Farms Inc,NASDAQ,Stock,1989-12-20,,Active
SAFT,Safety Insurance Group Inc,NASDAQ,Stock,2002-11-22,,Active
SAH,Sonic Automotive Inc - Class A,NYSE,Stock,1997-11-12,,Active
SAIA,Saia Inc,NASDAQ,Stock,2002-09-12,,Active
SAJA,Sajan Inc,NASDAQ,Stock,2005-10-27,,Active
SAL,Salisbury Bancorp Inc,NASDAQ,Stock,1998-08-25,,Active
SAM,Boston Beer Co. Inc - Class A,NYSE,Stock,1995-11-21,,Active
SAN,Banco Santander S.A.,NYSE,Stock,1988-01-05,,Active
SAND,Sandstorm Gold Ltd,NYSE,Stock,2009-05-29,,Active
SANG,Sangoma Technologies Corporation,NASDAQ,Stock,2007-07-13,,Active
SANM,Sanmina Corp,NASDAQ,Stock,1993-06-22,,Active
SAP,Sap SE,NYSE,Stock,1995-09-18,,Active
SAPE,Sapient Corp,NASDAQ,Stock,1996-04-04,,Active
SAR,Saratoga Investment Corp,NYSE,Stock,2007-03-27,,Active
SASR,Sandy Spring Bancorp,NASDAQ,Stock,1996-04-17,,Active
SB,Safe Bulkers Inc,NYSE,Stock,2008-05-30,,Active
SBAC,SBA Communications Corp - Class A,NASDAQ,Stock,1999-06-16,,Active
SBB,ProShares Short SmallCap600 -1x Shares,NYSE,ETF,2007-01-25,,Active
SBBX,Sussex Bancorp,NASDAQ,Stock,1998-02-20,,Active
SBCF,Seacoast Banking Corp Of Florida,NASDAQ,Stock,1990-03-26,,Active
SBET,SharpLink Gaming Ltd,NASDAQ,Stock,1997-05-21,,Active
SBFG,SB Financial Group Inc,NASDAQ,Stock,1999-01-04,,Active
SBFM,Sunshine Biopharma Inc,NASDAQ,Stock,2009-10-30,,Active
SBGI,Sinclair Inc - Class A,NASDAQ,Stock,1995-06-07,,Active
SBH,Sally Beauty Holdings Inc,NYSE,Stock,2006-11-17,,Active
SBI,Western Asset Intermediate Muni Fund Inc,NYSE,ETF,1992-03-17,,Active
SBLK,Star Bulk Carriers Corp,NASDAQ,Stock,2006-02-27,,Active
SBR,Sabine Royalty Trust,NYSE,Stock,1987-12-30,,Active
SBRA,Sabra Healthcare REIT Inc,NASDAQ,Stock,2002-04-02,,Active
SBS,Companhia de Saneamento Basico do Estado de Sao Paulo.,NYSE,Stock,2002-05-10,,Active
SBSI,Southside Bancshares Inc,NYSE,Stock,1998-05-13,,Active
SBUFQ,Staceys Buffet Inc,NASDAQ,Stock,2001-01-02,,Active
SBUX,Starbucks Corp,NASDAQ,Stock,1992-06-26,,Active
SBX,Seabright Holdings,NASDAQ,Stock,2008-11-06,,Active
SCC,ProShares UltraShort Consumer Discretionary,NYSE,ETF,2007-02-02,,Active
SCCO,Southern Copper Corporation,NYSE,Stock,1996-01-05,,Active
SCD,LMP Capital and Income Fund Inc,NYSE,ETF,2004-02-25,,Active
SCG,SCANA Corp,NYSE,Stock,1987-12-30,,Active
SCHA,SCHWAB U.S. SMALL-CAP ETF ,NYSE,ETF,2009-11-03,,Active
SCHB,SCHWAB U.S. BROAD MARKET ETF ,NYSE,ETF,2009-11-03,,Active
SCHF,SCHWAB INTERNATIONAL EQUITY ETF ,NYSE,ETF,2009-11-03,,Active
SCHG,SCHWAB U.S. LARGE-CAP GROWTH ETF ,NYSE,ETF,2009-12-11,,Active
SCHL,Scholastic Corp,NASDAQ,Stock,1992-02-25,,Active
SCHV,SCHWAB U.S. LARGE-CAP VALUE ETF ,NYSE,ETF,2009-12-11,,Active
SCHW,Charles Schwab Corp,NYSE,Stock,1989-06-30,,Active
SCHW-P-B,Charles Schwab Corporation Depositary Shares Series B,NYSE,Stock,1987-09-22,,Active
SCHX,SCHWAB U.S. LARGE-CAP ETF ,NYSE,ETF,2009-11-03,,Active
SCI,Service Corp International,NYSE,Stock,1987-07-23,,Active
SCJ,ISHARES MSCI JAPAN SMALL-CAP ETF ,NYSE,ETF,2007-12-27,,Active
SCKT,Socket Mobile Inc,NASDAQ,Stock,1995-06-07,,Active
SCL,Stepan Company,NYSE,Stock,1992-03-17,,Active
SCLN,SciClone Pharmaceuticals Inc,NASDAQ,Stock,1992-03-17,,Active
SCMP,Sucampo Pharmaceuticals Inc,NASDAQ,Stock,2007-08-02,,Active
SCO,ProShares UltraShort Bloomberg Crude Oil -2x Shares,NYSE,ETF,2008-11-25,,Active
SCOR,Comscore Inc,NASDAQ,Stock,2007-06-27,,Active
SCPB,SPDRR BLOOMBERG BARCLAYS SHORT TERM CORPORATE BOND ETF,NYSE ARCA,ETF,2010-01-04,,Active
SCS,Steelcase Inc - Class A,NYSE,Stock,1998-02-18,,Active
SCSC,Scansource Inc,NASDAQ,Stock,1994-03-18,,Active
SCU,Sculptor Capital Management Inc - Class A,NYSE,Stock,2007-11-14,,Active
SCU,SCANA Corp,NYSE,Stock,2009-12-01,,Active
SCWO,374Water Inc,NASDAQ,Stock,2006-06-30,,Active
SCX,L.S. Starrett Co. - Class A,NYSE,Stock,1987-12-30,,Active
SCZ,ISHARES MSCI EAFE SMALL-CAP ETF ,NASDAQ,ETF,2007-12-12,,Active
SD1,SandRidge Energy Inc,NYSE,Stock,2007-11-06,,Active
SDBT,SoundBite Communications Inc,NASDAQ,Stock,2007-11-01,,Active
SDD,PROSHARES ULTRASHORT SMALLCAP600 ,NYSE,ETF,2007-01-25,,Active
SDI,Standard Diversified Inc,NYSE,Stock,2001-01-02,,Active
SDK,PROSHARES ULTRASHORT RUSSELL MIDCAP GROWTH,NYSE ARCA,ETF,2007-02-26,,Active
SDOCQ,Sandridge Energy Inc,NYSE,Stock,2007-11-06,,Active
SDP,ProShares UltraShort Utilities -2x Shares,NYSE,ETF,2007-03-14,,Active
SDRL,Seadrill Ltd,NYSE,Stock,2005-12-28,,Active
SDS,ProShares UltraShort S&P500 -2x Shares,NYSE,ETF,2006-07-13,,Active
SDY,STATE STREET(R) SPDR(R) S&P(R) DIVIDEND ETF ,NYSE,ETF,2005-11-15,,Active
SE,Spectra Energy Corp,NYSE,Stock,2007-01-03,,Active
SEE,Sealed Air Corp,NYSE,Stock,1987-12-30,,Active
SEED,Origin Agritech Ltd,NASDAQ,Stock,2004-05-05,,Active
SEF,ProShares Short Financials -1x Shares,NYSE,ETF,2008-06-12,,Active
SEH,Spartech Corp,NYSE,Stock,2006-12-28,,Active
SEIC,SEI Investments Company,NASDAQ,Stock,1990-03-26,,Active
SELF,Global Self Storage Inc,NASDAQ,Stock,2008-06-24,,Active
SEM,Select Medical Holdings Corporation,NYSE,Stock,2009-09-25,,Active
SENEA,Seneca Foods Corp - Class A,NASDAQ,Stock,1998-06-03,,Active
SENEB,Seneca Foods Corp - Class B,NASDAQ,Stock,1990-03-26,,Active
SEP,Spectra Energy Partners LP,NYSE,Stock,2007-07-26,,Active
SES,Synthesis Energy Systems Inc,NASDAQ,Stock,2005-06-06,,Active
SEV,Sevcon Inc,NASDAQ,Stock,1992-03-19,,Active
SF,Stifel Financial Corp,NYSE,Stock,1983-07-19,,Active
SFBC,Sound Financial Bancorp Inc,NASDAQ,Stock,2008-01-09,,Active
SFG,StanCorp Financial Group Inc,NYSE,Stock,1999-04-16,,Active
SFK,PROSHARES ULTRASHORT RUSSELL1000 GROWTH,NYSE ARCA,ETF,2007-04-23,,Active
SFL,SFL Corporation Ltd,NYSE,Stock,2004-06-17,,Active
SFLY,Shutterfly Inc,NASDAQ,Stock,2006-09-29,,Active
SFNC,Simmons First National Corp - Class A,NASDAQ,Stock,1992-11-02,,Active
SFST,Southern First Bancshares Inc,NASDAQ,Stock,1999-10-28,,Active
SGA,Saga Communications Inc - Class A,NASDAQ,Stock,1993-10-12,,Active
SGB,Southwest Georgia Financial Corp,NYSE,Stock,1996-08-30,,Active
SGBK,Stonegate Bank,NASDAQ,Stock,2007-05-01,,Active
SGC,Superior Group of Companies Inc.,NASDAQ,Stock,1992-03-17,,Active
SGEN,Seagen Inc,NASDAQ,Stock,2001-03-09,,Active
SGF,Aberdeen Singapore Fund Inc,NYSE,ETF,1990-07-25,,Active
SGG,iPath Dow Jones-UBS Sugar Subindex Total ReturnSM ETN,NYSE ARCA,ETF,2008-06-25,,Active
SGI,Tempur Sealy International Inc,NYSE,Stock,2003-12-18,,Active
SGI,Silicon Graphics International Corp,NASDAQ,Stock,2009-05-19,,Active
SGK,Schawk Inc,NYSE,Stock,1987-11-05,,Active
SGL,Strategic Global Income Fund Inc,NYSE,ETF,1992-01-23,,Active
SGLY,Singularity Future Technology Ltd,NASDAQ,Stock,2008-05-21,,Active
SGMA,Sigmatron International Inc,NASDAQ,Stock,1994-02-09,,Active
SGOL,abrdn Physical Gold Shares ETF,NYSE,ETF,2009-09-09,,Active
SGU,Star Group L.P.,NYSE,Stock,1995-12-15,,Active
SGY,Stone Energy Corp,NYSE,Stock,1993-07-09,,Active
SH,ProShares Short S&P500 -1x Shares,NYSE,ETF,2006-06-21,,Active
SHAW,Shaw Group Inc,NYSE,Stock,2006-12-28,,Active
SHBI,Shore Bancshares Inc,NASDAQ,Stock,2001-03-22,,Active
SHEL,Shell Plc ADR (Representing - ),NYSE,Stock,1987-12-30,,Active
SHEN,Shenandoah Telecommunications Company,NASDAQ,Stock,1999-04-26,,Active
SHF,Schiff Nutrition International Inc Cl A,NASDAQ,Stock,2006-12-28,,Active
SHG,Shinhan Financial Group Co. Ltd,NYSE,Stock,2003-09-16,,Active
SHI,Sinopec Shanghai Petrochemical Co. Ltd,NYSE,Stock,1993-07-26,,Active
SHIP,Seanergy Maritime Holdings Corp,NASDAQ,Stock,2007-10-26,,Active
SHLM,A. Schulman Inc,NASDAQ,Stock,1986-07-09,,Active
SHLO,Shiloh Industries Inc,NASDAQ,Stock,1993-06-29,,Active
SHM,STATE STREET(R) SPDR NUVEEN ICE SHORT TERM MUNICIPAL BOND ETF ,NYSE,ETF,2007-10-18,,Active
SHO,Sunstone Hotel Investors Inc,NYSE,Stock,2004-10-21,,Active
SHOE,Shoe Carnival Inc,NASDAQ,Stock,1993-03-16,,Active
SHOO,Steven Madden Ltd,NASDAQ,Stock,1993-12-13,,Active
SHOR,ShoreTel Inc,NASDAQ,Stock,2007-07-03,,Active
SHPG,Shire PLC ADR,NASDAQ,Stock,1998-03-25,,Active
SHS,SauerDanfoss Inc,NYSE,Stock,2006-12-28,,Active
SHV,ISHARES 0-1 YEAR TREASURY BOND ETF ,NYSE,ETF,2007-01-11,,Active
SHW,Sherwin-Williams Company,NYSE,Stock,1985-07-01,,Active
SHY,ISHARES 1-3 YEAR TREASURY BOND ETF ,NASDAQ,ETF,2002-07-26,,Active
SHYF,Shyft Group Inc (The),NASDAQ,Stock,1990-03-26,,Active
SIAL,SigmaAldrich Corp,NASDAQ,Stock,1990-03-26,,Active
SID,Companhia Siderurgica Nacional,NYSE,Stock,1996-11-18,,Active
SIEB,Siebert Financial Corp,NASDAQ,Stock,1980-03-18,,Active
SIFI,SI Financial Group Inc,NASDAQ,Stock,2004-10-01,,Active
SIFY,Sify Technologies Ltd,NASDAQ,Stock,1999-10-19,,Active
SIG,Signet Jewelers Ltd,NYSE,Stock,1994-10-31,,Active
SIGA,SIGA Technologies Inc,NASDAQ,Stock,1997-09-10,,Active
SIGI,Selective Insurance Group Inc,NASDAQ,Stock,1990-03-26,,Active
SIJ,ProShares UltraShort Industrials -2x Shares,NYSE,ETF,2007-02-01,,Active
SILC,Silicom Ltd,NASDAQ,Stock,1994-02-18,,Active
SIMG,Silicon Image Inc,NASDAQ,Stock,1999-10-06,,Active
SIMO,Silicon Motion Technology Corp,NASDAQ,Stock,2005-06-30,,Active
SINA,Sina Corp,NASDAQ,Stock,2000-04-13,,Active
SIRI,Sirius XM Holdings Inc,NASDAQ,Stock,1994-09-13,,Active
SIRO,Sirona Dental Systems Inc,NASDAQ,Stock,2002-01-22,,Active
SITC,SITE Centers Corp,NYSE,Stock,2001-01-02,,Active
SIVBO,SVB Financial Group 7 Cumulative Trust Preferred Securities SVB Capital II,NASDAQ,Stock,2004-03-16,,Active
SIVR,abrdn Physical Silver Shares ETF,NYSE,ETF,2009-07-24,,Active
SJF,PROSHARES ULTRASHORT RUSSELL1000 VALUE,NYSE ARCA,ETF,2007-04-09,,Active
SJH,PROSHARES ULTRASHORT RUSSELL2000 VALUE,NYSE ARCA,ETF,2000-01-03,,Active
SJI,South Jersey Industries Inc,NYSE,Stock,1987-12-30,,Active
SJL,PROSHARES ULTRASHORT RUSSELL MIDCAP VALUE,NYSE ARCA,ETF,2007-03-01,,Active
SJM,J.M. Smucker Company,NYSE,Stock,1994-10-31,,Active
SJR,Shaw Communications Inc - Class B,NYSE,Stock,1998-07-01,,Active
SJT,San Juan Basin Royalty Trust,NYSE,Stock,1987-10-29,,Active
SKBI,Skystar BioPharmaceutical Company,NASDAQ,Stock,2006-02-16,,Active
SKF,ProShares UltraShort Financials -2x Shares,NYSE,ETF,2007-02-01,,Active
SKH,KURV SK HYNIX ENHANCED INCOME ETF ,NYSE,Stock,2007-05-15,,Active
SKK,PROSHARES ULTRASHORT RUSSELL2000 GROWTH,NYSE ARCA,ETF,1998-05-19,,Active
SKM,SK Telecom Co Ltd,NYSE,Stock,1996-06-27,,Active
SKP,SCPIE HOLDINGS INC,NYSE,Stock,2001-01-02,,Active
SKS,Saks Inc,NYSE,Stock,2006-12-28,,Active
SKT,Tanger Factory Outlet Centers Inc,NYSE,Stock,1993-05-28,,Active
SKX,Skechers U S A Inc - Class A,NYSE,Stock,1999-06-09,,Active
SKY,Skyline Champion Corp,NYSE,Stock,1981-12-31,,Active
SKYW,Skywest Inc,NASDAQ,Stock,1990-03-26,,Active
SLAB,Silicon Laboratories Inc,NASDAQ,Stock,2000-03-24,,Active
SLB,SLB,NYSE,Stock,1981-12-31,,Active
SLCT,Select Bancorp Inc,NASDAQ,Stock,2003-12-16,,Active
SLF,Sun Life Financial Inc,NYSE,Stock,2000-03-23,,Active
SLG,SL Green Realty Corp,NYSE,Stock,1997-08-15,,Active
SLG-P-I,SL Green Realty Corp,NYSE,Stock,2002-07-01,,Active
SLGN,Silgan Holdings Inc,NYSE,Stock,1997-02-14,,Active
SLH,Solera Holdings Inc,NYSE,Stock,2007-05-10,,Active
SLM,SLM Corp,NASDAQ,Stock,1988-01-05,,Active
SLMAP,SLM Corp,NASDAQ,Stock,2003-10-09,,Active
SLMBP,SLM Corp,NASDAQ,Stock,2005-07-11,,Active
SLNG,Stabilis Solutions Inc,NASDAQ,Stock,2006-12-28,,Active
SLNH,Soluna Holdings Inc,NASDAQ,Stock,2009-04-28,,Active
SLP,Simulations Plus Inc,NASDAQ,Stock,1997-06-19,,Active
SLV,iShares Silver Trust,NYSE,ETF,2006-04-28,,Active
SLW,Silver Wheaton Corp. USA,NYSE,Stock,2005-07-06,,Active
SLX,VANECK STEEL ETF ,NYSE,ETF,2006-10-17,,Active
SLXP,Salix Pharmaceuticals Ltd,NASDAQ,Stock,2000-11-21,,Active
SLY,SPDR S&P 600 Small Cap ETF,NYSE ARCA,ETF,2005-11-15,,Active
SLYG,STATE STREET(R) SPDR(R) S & P 600(TM) SMALL CAP GROWTH ETF ,NYSE,ETF,2000-10-02,,Active
SLYV,STATE STREET(R) SPDR(R) S & P 600(TM) SMALL CAP VALUE ETF ,NYSE,ETF,2000-10-02,,Active
SM,SM Energy Company,NYSE,Stock,1992-12-21,,Active
SMA,Symmetry Medical Inc,NYSE,Stock,2004-12-09,,Active
SMB,VANECK SHORT MUNI ETF ,BATS,ETF,2008-02-28,,Active
SMBC,Southern Missouri Bancorp Inc,NASDAQ,Stock,1994-04-12,,Active
SMBK,SmartFinancial Inc,NYSE,Stock,2001-01-02,,Active
SMCI,Super Micro Computer Inc,NASDAQ,Stock,2007-03-29,,Active
SMD,SPDRR S&P 1000 ETF,NYSE ARCA,ETF,2005-11-15,,Active
SMED,Sharps Compliance Corp,NASDAQ,Stock,1999-05-24,,Active
SMFG,Sumitomo Mitsui Financial Group Inc,NYSE,Stock,2006-01-27,,Active
SMG,Scotts Miracle-Gro Company - Class A,NYSE,Stock,1992-01-31,,Active
SMH,VANECK SEMICONDUCTOR ETF ,NASDAQ,ETF,2000-06-05,,Active
SMK,PROSHARES ULTRASHORT MSCI MEXICO CAPPED IMI,NYSE ARCA,ETF,2009-06-18,,Active
SMMF,Summit Financial Group Inc,NASDAQ,Stock,2000-01-07,,Active
SMN,ProShares UltraShort Materials,NYSE,ETF,2007-02-02,,Active
SMOG,VANECK LOW CARBON ENERGY ETF ,NYSE,ETF,2007-05-09,,Active
SMP,Standard Motor Products Inc,NYSE,Stock,1987-12-30,,Active
SMRTQ,Stein Mart Inc,NASDAQ,Stock,1992-04-27,,Active
SMSI,Smith Micro Software Inc,NASDAQ,Stock,1995-09-19,,Active
SMTC,Semtech Corp,NASDAQ,Stock,1992-03-17,,Active
SMTX,SMTC Corp,NASDAQ,Stock,2000-07-21,,Active
SNA,Snap-on Inc,NYSE,Stock,1985-07-01,,Active
SNAK,Inventure Foods Inc,NASDAQ,Stock,1996-12-06,,Active
SNBC,Sun Bancorp Inc. NJ,NASDAQ,Stock,1996-08-29,,Active
SNBR,Sleep Number Corp,NASDAQ,Stock,1998-12-04,,Active
SNCR,Synchronoss Technologies Inc,NASDAQ,Stock,2006-06-15,,Active
SNDA,Sonida Senior Living Inc,NYSE,Stock,1997-10-31,,Active
SNDK,SanDisk Corp,NASDAQ,Stock,1995-11-08,,Active
SNEX,StoneX Group Inc,NASDAQ,Stock,1996-11-15,,Active
SNFCA,Security National Financial Corp - Class A,NASDAQ,Stock,2001-01-02,,Active
SNI,Scripps Networks Interactive Inc,NYSE,Stock,2008-06-12,,Active
SNMP,Evolve Transition Infrastructure LP,NYSE MKT,Stock,2006-11-15,,Active
SNMX,Senomyx Inc,NASDAQ,Stock,2004-06-22,,Active
SNN,Smith & Nephew plc,NYSE,Stock,1999-11-16,,Active
SNOA,Sonoma Pharmaceuticals Inc,NASDAQ,Stock,2007-01-25,,Active
SNPS,Synopsys Inc,NASDAQ,Stock,1992-02-26,,Active
SNT,Senstar Technologies Corp,NASDAQ,Stock,1993-03-23,,Active
SNTA,Synta Pharmaceuticals Corp,NASDAQ,Stock,2007-02-06,,Active
SNV,Synovus Financial Corp,NYSE,Stock,1990-01-12,,Active
SNX,TD Synnex Corp,NYSE,Stock,2003-11-25,,Active
SNY,Sanofi,NASDAQ,Stock,2002-07-01,,Active
SO,Southern Company,NYSE,Stock,1981-12-31,,Active
SOHO,Sotherly Hotels Inc,NASDAQ,Stock,2004-12-17,,Active
SOHU,Sohu.com Ltd,NASDAQ,Stock,2000-07-12,,Active
SOL,Emeren Group Ltd,NYSE,Stock,2008-01-29,,Active
SOMX,Pernix Sleep Inc,NASDAQ,Stock,2006-12-28,,Active
SON,Sonoco Products Company,NYSE,Stock,1985-06-11,,Active
SONC,Sonic Corp,NASDAQ,Stock,1991-02-28,,Active
SONN,Sonnet BioTherapeutics Holdings Inc,NASDAQ,Stock,2006-10-31,,Active
SONS,Sonus Networks Inc,NASDAQ,Stock,2000-05-25,,Active
SONY,Sony Group Corporation,NYSE,Stock,1974-07-26,,Active
SOR,Source Capital Inc,NYSE,ETF,1987-12-30,,Active
SORL,SORL Auto Parts Inc,NASDAQ,Stock,2005-11-10,,Active
SOXX,ISHARES SEMICONDUCTOR ETF ,NASDAQ,ETF,2001-07-13,,Active
SP,SP Plus Corp,NASDAQ,Stock,2004-06-02,,Active
SPA,Sparton Corp,NYSE,Stock,1973-05-03,,Active
SPAB,STATE STREET(R) SPDR(R) PORTFOLIO AGGREGATE BOND ETF ,NYSE,ETF,2007-05-30,,Active
SPAN,SpanAmerica Medical Systems Inc,NASDAQ,Stock,1990-03-26,,Active
SPB,Spectrum Brands Holdings Inc,NYSE,Stock,2009-09-02,,Active
SPCB,SuperCom Ltd,NASDAQ,Stock,2005-02-17,,Active
SPDW,STATE STREET(R) SPDR(R) PORTFOLIO DEVELOPED WORLD EX-US ETF ,NYSE,ETF,2007-04-26,,Active
SPE,Special Opportunities Fund Inc,NYSE,ETF,1994-10-27,,Active
SPEM,STATE STREET(R) SPDR(R) PORTFOLIO EMERGING MARKETS ETF ,NYSE,ETF,2007-03-23,,Active
SPEU,STATE STREET(R) SPDR(R) PORTFOLIO EUROPE ETF ,NYSE,ETF,2002-10-21,,Active
SPF,Standard Pacific Corp,NYSE,Stock,1987-12-30,,Active
SPG,Simon Property Group Inc,NYSE,Stock,1993-12-14,,Active
SPG-P-J,Simon Property Group Inc,NYSE,Stock,2002-07-01,,Active
SPGI,S&P Global Inc,NYSE,Stock,2001-01-02,,Active
SPH,Suburban Propane Partners LP,NYSE,Stock,1996-02-29,,Active
SPHQ,INVESCO S&P 500 QUALITY ETF ,NYSE,ETF,2005-12-06,,Active
SPIB,STATE STREET(R) SPDR(R) PORTFOLIO INTERMEDIATE TERM CORPORATE BOND ETF ,NYSE,ETF,2009-02-20,,Active
SPIL,Siliconware Precision Industries Company Ltd,NASDAQ,Stock,2000-06-21,,Active
SPIP,STATE STREET(R) SPDR(R) PORTFOLIO TIPS ETF ,NYSE,ETF,2007-05-30,,Active
SPLB,STATE STREET(R) SPDR(R) PORTFOLIO LONG TERM CORPORATE BOND ETF ,NYSE,ETF,2009-03-11,,Active
SPLS,Staples Inc,NASDAQ,Stock,1990-03-26,,Active
SPMB,STATE STREET(R) SPDR(R) PORTFOLIO MORTGAGE BACKED BOND ETF ,NYSE,ETF,2009-01-30,,Active
SPMD,STATE STREET(R) SPDR(R) PORTFOLIO S&P 400(TM) MID CAP ETF ,NYSE,ETF,2005-11-15,,Active
SPNC,The Spectranetics Corp,NASDAQ,Stock,1992-01-21,,Active
SPNS,Sapiens International Corp NV,NASDAQ,Stock,1998-03-05,,Active
SPOK,Spok Holdings Inc,NASDAQ,Stock,2004-11-17,,Active
SPPI,Spectrum Pharmaceuticals Inc,NASDAQ,Stock,1996-09-27,,Active
SPPR,Supertel Hospitality Inc,NASDAQ,Stock,1994-11-30,,Active
SPPRO,Supertel Hospitality Inc,NASDAQ,Stock,2009-04-16,,Active
SPPRP,Supertel Hospitality Inc,NASDAQ,Stock,2007-06-20,,Active
SPR,Spirit Aerosystems Holdings Inc - Class A,NYSE,Stock,2006-11-28,,Active
SPRD,SPREADTRUM COMMUNICATIONS INC Foreign,NASDAQ,Stock,2007-06-27,,Active
SPRO,Spero Therapeutics Inc,NASDAQ,Stock,2004-11-22,,Active
SPRT,Support.com Inc,NASDAQ,Stock,2000-07-19,,Active
SPSB,STATE STREET(R) SPDR(R) PORTFOLIO SHORT TERM CORPORATE BOND ETF ,NYSE,ETF,2009-12-17,,Active
SPSNQ,Spansion Inc,NASDAQ,Stock,2009-05-07,,Active
SPTI,STATE STREET(R) SPDR(R) PORTFOLIO INTERMEDIATE TERM TREASURY ETF ,NYSE,ETF,2007-05-30,,Active
SPTL,STATE STREET(R) SPDR(R) PORTFOLIO LONG TERM TREASURY ETF ,NYSE,ETF,2007-05-30,,Active
SPTM,STATE STREET(R) SPDR(R) PORTFOLIO S&P 1500(R) COMPOSITE STOCK MARKET ETF ,NYSE,ETF,2000-10-10,,Active
SPTN,SpartanNash Company,NASDAQ,Stock,2000-08-02,,Active
SPW,SPX Corp,NASDAQ,Stock,1985-07-01,,Active
SPWRB,SunPower Corp,NASDAQ,Stock,2008-09-22,,Active
SPXC,SPX Technologies Inc,NYSE,Stock,1985-07-01,,Active
SPXL,DIREXION DAILY S&P 500(R) BULL 3X SHARES ,NYSE,ETF,2008-11-05,,Active
SPXS,DIREXION DAILY S&P 500(R) BEAR 3X SHARES ,NYSE,ETF,2008-11-19,,Active
SPXU,ProShares UltraPro Short S&P 500,NYSE,ETF,2009-06-25,,Active
SPXX,Nuveen S&P 500 Dynamic Overwrite Fund,NYSE,ETF,2005-11-23,,Active
SPY,SPDR S&P 500 ETF Trust,NYSE,ETF,1993-01-29,,Active
SPYG,STATE STREET(R) SPDR(R) PORTFOLIO S&P 500(R) GROWTH ETF ,NYSE,ETF,2000-10-02,,Active
SPYM,SPDR Portfolio S&P 500 ETF,NYSE ARCA,ETF,2005-11-15,,Active
SPYV,STATE STREET(R) SPDR(R) PORTFOLIO S&P 500(R) VALUE ETF ,NYSE,ETF,2000-10-02,,Active
SQM,Sociedad Quimica Y Minera de Chile S.A.,NYSE,Stock,1993-09-21,,Active
SQNM,Sequenom Inc,NASDAQ,Stock,2000-02-01,,Active
SR,Spire Inc,NYSE,Stock,1987-11-05,,Active
SRCE,1st Source Corp,NASDAQ,Stock,1996-09-03,,Active
SRCI,Synergy Resources Corp,NYSE,Stock,2008-02-27,,Active
SRCL,Stericycle Inc,NASDAQ,Stock,1996-08-23,,Active
SRDX,Surmodics Inc,NASDAQ,Stock,1998-03-04,,Active
SRE,Sempra,NYSE,Stock,1998-06-29,,Active
SREA,,NYSE,Stock,2001-01-02,,Active
SRI,Stoneridge Inc,NYSE,Stock,1997-10-10,,Active
SRL,Scully Royalty Ltd,NYSE,Stock,2001-01-02,,Active
SRLS,SeraCare Life Sciences Inc,NASDAQ,Stock,2006-03-22,,Active
SRPT,Sarepta Therapeutics Inc,NASDAQ,Stock,1997-06-04,,Active
SRS,ProShares UltraShort Real Estate -2x Shares,NYSE,ETF,2007-02-01,,Active
SRSL,SRS Labs Inc,NASDAQ,Stock,1996-09-09,,Active
SRT,Startek Inc,NYSE,Stock,1997-06-19,,Active
SRV,NXG Cushing Midstream Energy Fund,NYSE,ETF,2007-08-27,,Active
SSB,SouthState Corporation,NYSE,Stock,1997-01-28,,Active
SSBI,Summit State Bank,NASDAQ,Stock,2006-07-14,,Active
SSD,Simpson Manufacturing Co. Inc,NYSE,Stock,1994-05-26,,Active
SSFN,Stewardship Financial Corp,NASDAQ,Stock,1999-05-25,,Active
SSG,ProShares UltraShort Semiconductors -2x Shares,NYSE,ETF,2007-02-01,,Active
SSI,Stage Stores Inc,NYSE,Stock,2001-08-30,,Active
SSL,Sasol Ltd,NYSE,Stock,1982-04-26,,Active
SSN,Samson Oil & Gas Ltd,NYSE,Stock,2008-01-07,,Active
SSO,PROSHARES ULTRA S&P500 ,NYSE,ETF,2006-06-21,,Active
SSP,E.W. Scripps Co. - Class A,NASDAQ,Stock,1990-03-26,,Active
SSRI,Silver Standard Resources Inc,NASDAQ,Stock,1996-08-01,,Active
SSRM,SSR Mining Inc,NASDAQ,Stock,1996-08-01,,Active
SSRX,3SBio Inc. Foreign,NASDAQ,Stock,2007-02-07,,Active
SSW,Seaspan Corp,NYSE,Stock,2005-08-09,,Active
SSY,Sunlink Health Systems Inc,NYSE MKT,Stock,1990-03-26,,Active
SSYS,Stratasys Ltd,NASDAQ,Stock,1994-10-21,,Active
STAA,Staar Surgical Company,NASDAQ,Stock,1992-03-02,,Active
STAR-P-E,iStar Inc. 7.875 Series E Cumulative Redeemable,NYSE,Stock,1989-11-16,,Active
STAR-P-F,iStar Inc. Series F Cumulative Redeemable Preferred Stock,NYSE,Stock,1989-11-16,,Active
STB,Student Transportation Inc,NASDAQ,Stock,2007-12-07,,Active
STBA,S & T Bancorp Inc,NASDAQ,Stock,1992-04-21,,Active
STBC,State Bancorp Inc.NY,NASDAQ,Stock,2001-01-02,,Active
STBZ,State Bank Financial Corp,NASDAQ,Stock,2009-12-23,,Active
STC,Stewart Information Services Corp,NYSE,Stock,1990-03-28,,Active
STE,Steris Plc,NYSE,Stock,1992-06-01,,Active
STEI,Stewart Enterprises Inc,NASDAQ,Stock,1995-07-12,,Active
STEL,Stellarone Corp,NASDAQ,Stock,2002-01-22,,Active
STFC,State Auto Financial Corp,NASDAQ,Stock,1991-06-28,,Active
STI,SunTrust Banks Inc,NYSE,Stock,1987-12-30,,Active
STI-WS-A,SunTrust Banks Inc,NYSE,Stock,1987-12-30,,Active
STI-WS-B,SunTrust Banks Inc,NYSE,Stock,1987-12-30,,Active
STJ,St Jude Medical Inc,NYSE,Stock,1989-12-07,,Active
STK,Columbia Seligman Premium Technology Growth Fund Inc,NYSE,ETF,2009-11-27,,Active
STKE,Sol Strategies Inc,NASDAQ,Stock,2006-11-28,,Active
STKL,Sunopta Inc,NASDAQ,Stock,1990-03-26,,Active
STL,Sterling Bancorp.,NYSE,Stock,1999-01-08,,Active
STLD,Steel Dynamics Inc,NASDAQ,Stock,1996-11-22,,Active
STM,ST Microelectronics,NYSE,Stock,1994-12-08,,Active
STMP,Stamps.com Inc,NASDAQ,Stock,1999-06-25,,Active
STN,Stantec Inc,NYSE,Stock,2005-08-05,,Active
STNR,Steiner Leisure Ltd,NASDAQ,Stock,1996-11-13,,Active
STO,Statoil ASA,NYSE,Stock,2001-06-18,,Active
STON,Everstory Partners,NYSE,Stock,2004-09-15,,Active
STPZ,PIMCO 1-5 YEAR U.S. TIPS INDEX EXCHANGE-TRADED FUND ,NYSE,ETF,2009-08-21,,Active
STR,Questar Corp,NYSE,Stock,1987-12-29,,Active
STRA,Strategic Education Inc,NASDAQ,Stock,1996-07-26,,Active
STRL,Sterling Infrastructure Inc,NASDAQ,Stock,1995-08-18,,Active
STRM,Streamline Health Solutions Inc,NASDAQ,Stock,1996-04-18,,Active
STRN,Sutron Corporation,NYSE,Stock,1999-05-13,,Active
STRR,Hudson Global Inc,NASDAQ,Stock,2003-03-18,,Active
STRR,Star Equity Holdings Inc,NASDAQ,Stock,2004-06-10,,Active
STRS,Stratus Properties Inc,NASDAQ,Stock,1993-03-04,,Active
STRT,Strattec Security Corp,NASDAQ,Stock,1995-02-24,,Active
STRZB,Starz,NASDAQ,Stock,2006-05-15,,Active
STS,Supreme Industries Inc,NYSE,Stock,1992-03-17,,Active
STSA,Sterling Financial Corp,NASDAQ,Stock,1991-11-25,,Active
STST,ARGON ST Inc,NYSE,Stock,2002-04-09,,Active
STT,State Street Corp,NYSE,Stock,1986-07-09,,Active
STT-P-G,State Street Corp,NYSE,Stock,2007-02-12,,Active
STV,China Digital TV Holding Company. Ltd.ADR,NYSE,Stock,2007-10-05,,Active
STWD,Starwood Property Trust Inc,NYSE,Stock,2009-08-12,,Active
STX,Seagate Technology Holdings Plc,NASDAQ,Stock,2002-12-11,,Active
STXN,STRATEX NETWORKS INC,NASDAQ,Stock,2007-03-29,,Active
STZ,Constellation Brands Inc - Class A,NYSE,Stock,1992-03-17,,Active
STZ-B,Constellation Brands Inc - Class B,NYSE,Stock,2002-07-17,,Active
SU,Suncor Energy Inc,NYSE,Stock,1993-12-01,,Active
SUB,ISHARES SHORT-TERM NATIONAL MUNI BOND ETF ,NYSE,ETF,2008-11-07,,Active
SUBK,Suffolk Bancorp,NASDAQ,Stock,1992-03-03,,Active
SUG,SOUTHERN UNION CO,NYSE,Stock,2007-09-26,,Active
SUI,Sun Communities Inc,NYSE,Stock,1993-12-09,,Active
SUI-P-A,Sun Communities Inc. Preferred Series A,NYSE,Stock,1993-12-09,,Active
SUMR,Summer Infant Inc,NASDAQ,Stock,2007-03-07,,Active
SUNE,SUNation Energy Inc,NASDAQ,Stock,1990-03-26,,Active
SUNE,Sunedison Inc,NYSE,Stock,1995-07-13,,Active
SUPX,Supertex Inc,NASDAQ,Stock,1990-03-27,,Active
SURG,Surgepays Inc,NASDAQ,Stock,2005-09-22,,Active
SURW,SureWest Communications,NASDAQ,Stock,2008-05-13,,Active
SUSA,ISHARES ESG OPTIMIZED MSCI USA ETF ,NYSE,ETF,2005-01-28,,Active
SUSQ,Susquehanna Bancshares Inc,NASDAQ,Stock,1990-03-26,,Active
SUSS,Susser Holdings Corp,NYSE,Stock,2006-10-19,,Active
SUZ,Suzano S.A.,NYSE,Stock,2007-08-16,,Active
SVA,Sinovac Biotech Ltd,NASDAQ,Stock,2003-11-03,,Active
SVBI,Severn Bancorp Inc,NASDAQ,Stock,2001-01-02,,Active
SVC,Service Properties Trust,NASDAQ,Stock,1995-08-17,,Active
SVLF,SILVERLEAF RESORTS INC,NASDAQ,Stock,2008-01-15,,Active
SVN,7 Days Group Holdings LTD Foreign,NYSE,Stock,2009-11-23,,Active
SVNTQ,SAVIENT PHARMACEUTICALS INC,NASDAQ,Stock,2003-06-23,,Active
SVRA,Savara Inc,NASDAQ,Stock,2004-04-29,,Active
SVT,Servotronics Inc,NYSE MKT,Stock,1973-05-03,,Active
SVU,SUPERVALU INC.,NYSE,Stock,1985-07-01,,Active
SVVS,SAVVIS Inc,NASDAQ,Stock,2001-01-02,,Active
SWBI,Smith & Wesson Brands Inc,NASDAQ,Stock,1999-08-17,,Active
SWC,Stillwater Mining Company,NYSE,Stock,1994-12-19,,Active
SWHC,Smith & Wesson Holding Corp,NASDAQ,Stock,1999-08-17,,Active
SWIR,Sierra Wireless Inc,NASDAQ,Stock,2000-05-05,,Active
SWK,Stanley Black & Decker Inc,NYSE,Stock,1985-07-01,,Active
SWKH,Swk Holdings Corp,NASDAQ,Stock,2009-06-01,,Active
SWKS,Skyworks Solutions Inc,NASDAQ,Stock,1984-09-07,,Active
SWN,Southwestern Energy Company,NYSE,Stock,1987-12-30,,Active
SWS,SWS Group Inc,NYSE,Stock,1991-10-11,,Active
SWSI,Superior Well Services INC,NASDAQ,Stock,1997-02-25,,Active
SWWC,SOUTHWEST WATER CO,NASDAQ,Stock,2001-01-02,,Active
SWX,Southwest Gas Holdings Inc,NYSE,Stock,1987-12-30,,Active
SWY,Safeway Inc,NYSE,Stock,1990-04-26,,Active
SWZ,Swiss Helvetia Fund Inc,NYSE,ETF,1988-01-05,,Active
SXCL,Steel Excel Inc,NASDAQ,Stock,2006-12-28,,Active
SXI,Standex International Corp,NYSE,Stock,1987-12-30,,Active
SXT,Sensient Technologies Corp,NYSE,Stock,1988-01-05,,Active
SYBT,Stock Yards Bancorp Inc,NASDAQ,Stock,1993-03-26,,Active
SYK,Stryker Corp,NYSE,Stock,1988-02-01,,Active
SYKE,Sykes Enterprises Inc,NASDAQ,Stock,1996-04-30,,Active
SYMX,Synthesis Energy Systems Inc,NASDAQ,Stock,2007-08-08,,Active
SYNA,Synaptics Inc,NASDAQ,Stock,2002-01-29,,Active
SYNM,Syntroleum Corp,NASDAQ,Stock,2006-12-28,,Active
SYNT,Syntel Inc,NASDAQ,Stock,1997-08-12,,Active
SYPR,Sypris Solutions Inc,NASDAQ,Stock,1994-05-19,,Active
SYT,Syngenta AG,NYSE,Stock,2000-11-13,,Active
SYUT,Synutra International Inc,NASDAQ,Stock,2004-12-21,,Active
SYY,Sysco Corp,NYSE,Stock,1973-05-08,,Active
SZK,ProShares UltraShort Consumer Staples,NYSE,ETF,2007-02-01,,Active
T,AT&T Inc,NYSE,Stock,1984-07-19,,Active
TA,TravelCenters of America Inc,NASDAQ,Stock,2007-02-01,,Active
TAC,Transalta Corp,NYSE,Stock,2001-07-31,,Active
TACT,Transact Technologies Inc,NASDAQ,Stock,1996-08-22,,Active
TAI,Transamerica Income Shares Inc,NYSE,ETF,1987-12-30,,Active
TAK,Takeda Pharmaceutical Company,NYSE,Stock,2008-10-27,,Active
TAM,Taminco Corp,NYSE,Stock,2000-01-03,,Active
TAN,INVESCO SOLAR ETF ,NYSE,ETF,2008-04-15,,Active
TAO,INVESCO CHINA REAL ESTATE ETF,NYSE ARCA,ETF,2007-12-18,,Active
TAOP,Taoping Inc,NASDAQ,Stock,2006-09-12,,Active
TAP,Molson Coors Beverage Company - Class B,NYSE,Stock,1984-09-07,,Active
TAP-A,Molson Coors Beverage Company - Class A,NYSE,Stock,2006-02-27,,Active
TARO,Taro Pharmaceutical Industries,NYSE,Stock,1993-04-01,,Active
TAST,Carrols Restaurant Group Inc,NASDAQ,Stock,2006-12-15,,Active
TAT,TransAtlantic Petroleum Ltd,NYSE MKT,Stock,2007-04-09,,Active
TATT,TAT Technologies Ltd,NASDAQ,Stock,1993-03-11,,Active
TAYD,Taylor Devices Inc,NASDAQ,Stock,1995-08-18,,Active
TBBK,Bancorp Inc (The),NASDAQ,Stock,2004-02-03,,Active
TBF,PROSHARES SHORT 20+ YEAR TREASURY ,NYSE,ETF,2009-08-20,,Active
TBI,TrueBlue Inc,NYSE,Stock,1995-02-01,,Active
TBL,TIMBERLAND CO,NYSE,Stock,2006-12-28,,Active
TBNK,Territorial Bancorp Inc,NASDAQ,Stock,2009-07-13,,Active
TBRG,TruBridge Inc,NASDAQ,Stock,2002-05-21,,Active
TBT,PROSHARES ULTRASHORT 20+ YEAR TREASURY ,NYSE,ETF,2008-05-01,,Active
TC,Thompson Creek Metals Company Inc,NASDAQ,Stock,2006-06-08,,Active
TCAP,Triangle Capital Corp,NYSE,Stock,2007-02-22,,Active
TCB-P-B,TCF Financial Corporation Del Dep Shs Repstg 11000 Pfd Ser A,NYSE,Stock,1989-06-30,,Active
TCB-P-C,TCF Financial Corporation Perp Pfd Ser B,NYSE,Stock,1989-06-30,,Active
TCB-WS,TCF Financial Corp. Wt,NYSE,Stock,1989-06-30,,Active
TCBI,Texas Capital Bancshares Inc,NASDAQ,Stock,2003-08-14,,Active
TCBK,Trico Bancshares,NASDAQ,Stock,1993-04-20,,Active
TCF,TCF Financial Corp,NASDAQ,Stock,1992-03-11,,Active
TCF,TCF Financial Corp,NYSE,Stock,1989-06-30,,Active
TCI,Transcontinental Realty Investors Inc,NYSE,Stock,1987-11-05,,Active
TCO,Taubman Centers Inc,NYSE,Stock,1992-11-20,,Active
TCOM,Trip.com Group Ltd,NASDAQ,Stock,2003-12-09,,Active
TCP,TC Pipelines LP,NYSE,Stock,1999-05-25,,Active
TCRT,Alaunos Therapeutics Inc,NASDAQ,Stock,2005-08-24,,Active
TCX,Tucows Inc - Class A,NASDAQ,Stock,1996-04-30,,Active
TD,Toronto Dominion Bank,NYSE,Stock,1996-08-30,,Active
TDBK,Tidelands Bancshares Inc,NASDAQ,Stock,2005-12-07,,Active
TDC,Teradata Corp,NYSE,Stock,2007-10-01,,Active
TDD,DB-X 2010 TARGET DATE FUND SHARES,NYSE ARCA,ETF,2007-10-18,,Active
TDF,Templeton Dragon Fund Inc,NYSE,ETF,1995-02-15,,Active
TDG,Transdigm Group Incorporated,NYSE,Stock,2006-03-15,,Active
TDH,DB-X 2020 TARGET DATE FUND SHARES,NYSE ARCA,ETF,2007-10-18,,Active
TDI,Telephone And Data Systems Inc,NYSE,Stock,2005-04-12,,Active
TDN,DB-X 2030 TARGET DATE FUND SHARES,NYSE ARCA,ETF,2007-10-18,,Active
TDS,Telephone And Data Systems Inc,NYSE,Stock,1991-09-18,,Active
TDV,DBX 2040 TARGET DATE FUND SHARES,NYSE ARCA,ETF,2007-10-18,,Active
TDW,Tidewater Inc - New,NYSE,Stock,1987-12-30,,Active
TDX,DB-X IN-TARGET DATE FUND SHARES,NYSE ARCA,ETF,2007-10-18,,Active
TDY,Teledyne Technologies Inc,NYSE,Stock,1999-11-23,,Active
TE1,TE Connectivity,NYSE,Stock,1993-08-31,,Active
TECD,Tech Data Corp,NASDAQ,Stock,1990-03-26,,Active
TECH,Bio-Techne Corp,NASDAQ,Stock,1992-12-09,,Active
TECK,Teck Resources Ltd - Class B - Class B (Sub Voting),NYSE,Stock,2002-07-18,,Active
TECL,DIREXION DAILY TECHNOLOGY BULL 3X SHARES ,NYSE,ETF,2008-12-30,,Active
TECS,Direxion Technology Bear 3X ETF,NYSE ARCA,ETF,2008-12-30,,Active
TECU,Tecumseh Products Company,NASDAQ,Stock,1990-03-26,,Active
TECUA,Tecumseh Products Company,NASDAQ,Stock,1995-08-18,,Active
TEG,Integrys Energy Group Inc,NYSE,Stock,1988-01-05,,Active
TEI,Templeton Emerging Markets Income Fund Inc,NYSE,ETF,1994-10-27,,Active
TEL,TE Connectivity plc,NYSE,Stock,2007-06-14,,Active
TEL,TE Connectivity Ltd,NYSE,Stock,2007-06-14,,Active
TELL,Tellurian Inc,NYSE MKT,Stock,1995-08-18,,Active
TEN,Tsakos Energy Navigation Ltd,NYSE,Stock,2002-03-05,,Active
TEN,Tenneco Inc - Class A,NYSE,Stock,1982-01-04,,Active
TENX,Tenax Therapeutics Inc,NASDAQ,Stock,1997-01-02,,Active
TENZ,PIMCO 715 YEAR U.S. TREASURY INDEX FUND,NYSE ARCA,ETF,2009-09-17,,Active
TEO,Telecom Argentina S.A.,NYSE,Stock,1994-12-09,,Active
TER,Teradyne Inc,NASDAQ,Stock,1987-03-11,,Active
TESO,Tesco Corporation USA,NASDAQ,Stock,1996-12-02,,Active
TESS,Tessco Technologies Inc,NASDAQ,Stock,1994-09-29,,Active
TEUM,Pareteum Corp,NASDAQ,Stock,2001-01-02,,Active
TEVA,Teva- Pharmaceutical Industries Ltd,NYSE,Stock,1990-03-26,,Active
TEX,Terex Corp,NYSE,Stock,1990-03-26,,Active
TEXX,HORIZON KINETICS TEXAS ETF ,NASDAQ,ETF,2009-10-30,,Active
TFC,Truist Financial Corporation,NYSE,Stock,1990-03-26,,Active
TFCF,TwentyFirst Century Fox Inc,NASDAQ,Stock,1987-12-30,,Active
TFCFA,TwentyFirst Century Fox Inc,NASDAQ,Stock,1996-03-11,,Active
TFI,STATE STREET(R) SPDR NUVEEN ICE MUNICIPAL BOND ETF ,NYSE,ETF,2007-09-13,,Active
TFII,TFI International Inc,NYSE,Stock,2008-05-20,,Active
TFSL,TFS Financial Corporation,NASDAQ,Stock,2007-04-23,,Active
TFX,Teleflex Incorporated,NYSE,Stock,1988-02-18,,Active
TG,Tredegar Corp,NYSE,Stock,1990-01-12,,Active
TGD,Timmins Gold Corp,NYSE,Stock,2008-06-25,,Active
TGE,TGC Industries Inc,NYSE,Stock,1994-09-22,,Active
TGH,Textainer Group Holdings Ltd,NYSE,Stock,2007-10-10,,Active
TGI,Triumph Group Inc,NYSE,Stock,1996-10-25,,Active
TGICQ,Triad Guaranty Inc,NASDAQ,Stock,1993-10-22,,Active
TGNA,TEGNA Inc,NYSE,Stock,1985-07-01,,Active
TGP,Seapeak LLC,NYSE,Stock,2005-05-05,,Active
TGR,ISHARES S&P TARGET DATE RETIREMENT INCOME INDEX FUND,NYSE ARCA,ETF,1998-06-03,,Active
TGS,Transportadora de Gas del Sur,NYSE,Stock,1994-11-17,,Active
TGT,Target Corp,NYSE,Stock,1983-04-06,,Active
TGX,Theragenics Corp,NYSE,Stock,2006-12-28,,Active
THC,Tenet Healthcare Corp,NYSE,Stock,1982-01-04,,Active
THD,ISHARES MSCI THAILAND ETF ,NYSE,ETF,2008-04-01,,Active
THFF,First Financial Corp - Indiana,NASDAQ,Stock,1992-03-03,,Active
THG,Hanover Insurance Group Inc,NYSE,Stock,1995-10-11,,Active
THI,Tim Hortons Inc. USA,NYSE,Stock,2006-03-24,,Active
THMD,THERMADYNE HOLDINGS CORP,NASDAQ,Stock,2006-05-08,,Active
THO,Thor Industries Inc,NYSE,Stock,1987-12-30,,Active
THOR,Thoratec Corp,NASDAQ,Stock,1996-01-02,,Active
THRD,TF Financial Corp,NASDAQ,Stock,1994-07-13,,Active
THRK,SPDRR RUSSELL 3000 ETF,NYSE ARCA,ETF,2000-10-10,,Active
THRM,Gentherm Inc - Class A,NASDAQ,Stock,1993-06-10,,Active
THRX,Theravance Inc,NASDAQ,Stock,2004-10-05,,Active
THS,Treehouse Foods Inc,NYSE,Stock,2005-06-28,,Active
THTI,THT Heat Transfer Technology Inc,NASDAQ,Stock,2009-12-16,,Active
TI,Telecom Italia SpA,NYSE,Stock,2003-10-09,,Active
TI-A,Telecom Italia SpA,NYSE,Stock,2003-10-09,,Active
TIBX,Tibco Software Inc,NASDAQ,Stock,1999-07-14,,Active
TICC,TICC Capital Corp,NASDAQ,Stock,2003-11-24,,Active
TIE,Titanium Metals Corp,NYSE,Stock,2006-12-28,,Active
TIF,Tiffany & Company,NYSE,Stock,1987-12-30,,Active
TIGR,TigerLogic Corp,NASDAQ,Stock,1990-12-14,,Active
TILE,Interface Inc,NASDAQ,Stock,1990-03-26,,Active
TIP,ISHARES TIPS BOND ETF ,NYSE,ETF,2003-12-05,,Active
TIPZ,PIMCO BROAD U.S. TIPS INDEX EXCHANGE-TRADED FUND ,NYSE,ETF,2009-09-09,,Active
TIS,Orchids Paper Products Company,NYSE,Stock,2005-07-15,,Active
TISA,Top Image Systems Ltd,NASDAQ,Stock,1996-11-25,,Active
TISI,Team Inc,NYSE,Stock,1992-03-17,,Active
TITN,Titan Machinery Inc,NASDAQ,Stock,2007-12-13,,Active
TIVO,TiVo Inc,NASDAQ,Stock,1997-03-13,,Active
TJX,TJX Companies Inc,NYSE,Stock,1988-01-05,,Active
TK,Teekay Corp,NYSE,Stock,1995-07-20,,Active
TKC,Turkcell Iletisim Hizmetleri A.S.,NYSE,Stock,2000-07-11,,Active
TKF,Turkish Investment Fund Inc,NYSE,ETF,1990-01-11,,Active
TKMR,Tekmira Pharmaceuticals Corp,NASDAQ,Stock,2007-07-26,,Active
TKR,Timken Company,NYSE,Stock,1985-07-01,,Active
TLCVF,Tlc Vision Corp,NASDAQ,Stock,1997-07-02,,Active
TLF,Tandy Leather Factory Inc,NASDAQ,Stock,1993-09-27,,Active
TLH,ISHARES 10-20 YEAR TREASURY BOND ETF ,NYSE,ETF,2007-01-11,,Active
TLI,Western Asset Corporate Loan Fund Inc,NYSE,ETF,1998-11-20,,Active
TLK,Telkom Indonesia (Persero) Tbk PT,NYSE,Stock,2001-01-02,,Active
TLL,PROSHARES ULTRASHORT TELECOMMUNICATIONS,NYSE ARCA,ETF,2008-04-01,,Active
TLM,Talisman Energy Inc,NYSE,Stock,1997-10-16,,Active
TLO,SPDRR BLOOMBERG BARCLAYS LONG TERM TREASURY ETF,NYSE ARCA,ETF,2007-05-30,,Active
TLP,TransMontaigne Partners LP,NYSE,Stock,2005-05-25,,Active
TLT,ISHARES 20+ YEAR TREASURY BOND ETF ,NASDAQ,ETF,2002-07-26,,Active
TM,Toyota Motor Corporation,NYSE,Stock,1976-08-18,,Active
TMF,DIREXION DAILY 20+ YEAR TREASURY BULL 3X SHARES ,NYSE,ETF,2009-04-16,,Active
TMO,Thermo Fisher Scientific Inc,NYSE,Stock,1987-09-01,,Active
TMUS,T-Mobile US Inc,NASDAQ,Stock,2007-04-19,,Active
TMV,DIREXION DAILY 20+ YEAR TREASURY BEAR 3X SHARES ,NYSE,ETF,2009-04-16,,Active
TNA,DIREXION DAILY SMALL CAP BULL 3X SHARES ,NYSE,ETF,2008-11-19,,Active
TNC,Tennant Company,NYSE,Stock,1992-03-03,,Active
TNH,Terra Nitrogen Company L.P.,NYSE,Stock,1992-03-10,,Active
TNK,Teekay Tankers Ltd - Class A,NYSE,Stock,2007-12-13,,Active
TNL,Travel+Leisure Company,NYSE,Stock,2006-07-19,,Active
TNP-P-B,Tsakos Energy Navigation Ltd Red Perp Pfd Ser B Bermuda,NYSE,Stock,2009-09-01,,Active
TNS,Tns,NYSE,Stock,2006-12-28,,Active
TOK,ISHARES MSCI KOKUSAI ETF ,NYSE,ETF,2007-12-12,,Active
TOL,Toll Brothers Inc,NYSE,Stock,1987-12-30,,Active
TOO,Teekay Offshore Partners LP,NYSE,Stock,2006-12-14,,Active
TOVX,Theriva Biologics Inc,NYSE MKT,Stock,2006-12-18,,Active
TOWN,Townebank Portsmouth VA,NASDAQ,Stock,1999-05-05,,Active
TPC,Tutor Perini Corp,NYSE,Stock,1973-05-03,,Active
TPL,Texas Pacific Land Corporation,NYSE,Stock,1987-12-31,,Active
TPR,Tapestry Inc,NYSE,Stock,2000-10-06,,Active
TPZ,TORTOISE ELECTRIFICATION INFRASTRUCTURE ETF ,NYSE,ETF,2009-07-29,,Active
TQNT,TriQuint Semiconductor,NASDAQ,Stock,1993-12-14,,Active
TR,Tootsie Roll Industries Inc,NYSE,Stock,1987-12-30,,Active
TRA,TERRA INDUSTRIES INC,NYSE,Stock,2001-01-02,,Active
TRAK,DealerTrack Technologies Inc,NYSE,Stock,2005-12-13,,Active
TRAK,ReposiTrak Inc,NASDAQ,Stock,1999-10-27,,Active
TRAW,Traws Pharma Inc,NASDAQ,Stock,2001-01-02,,Active
TRC,Tejon Ranch Company,NYSE,Stock,1992-03-17,,Active
TRCB,Two Rivers Bancorp,NASDAQ,Stock,2006-04-11,,Active
TREC,Trecora Resources,NYSE,Stock,2006-07-31,,Active
TREE,LendingTree Inc,NASDAQ,Stock,2008-08-12,,Active
TREX,TREX Co. Inc,NYSE,Stock,1999-04-08,,Active
TRF,Templeton Russia & East Europe Common,NYSE,ETF,1995-09-13,,Active
TRH,TRANSATLANTIC HOLDINGS INC,NYSE,Stock,2006-12-28,,Active
TRI,Thomson-Reuters Corp,NASDAQ,Stock,2002-06-12,,Active
TRIB,Trinity Biotech Plc,NASDAQ,Stock,1995-08-18,,Active
TRIL,Trillium Therapeutics Inc,NASDAQ,Stock,2005-03-23,,Active
TRK,Speedway Motorsports Inc,NYSE,Stock,1995-02-24,,Active
TRMB,Trimble Inc,NASDAQ,Stock,1992-03-03,,Active
TRMK,Trustmark Corp,NASDAQ,Stock,1992-03-03,,Active
TRN,Trinity Industries Inc,NYSE,Stock,1987-12-30,,Active
TRNS,Transcat Inc,NASDAQ,Stock,1990-03-27,,Active
TROO,TROOPS Inc,NASDAQ,Stock,2008-04-09,,Active
TROW,T. Rowe Price Group Inc,NASDAQ,Stock,1989-09-13,,Active
TRP,TC Energy Corporation,NYSE,Stock,1987-12-30,,Active
TRQ,Turquoise Hill Resources Ltd,NYSE,Stock,2003-11-18,,Active
TRR,TRC Companies Inc,NYSE,Stock,1991-12-16,,Active
TRS,Trimas Corporation,NASDAQ,Stock,2007-05-18,,Active
TRST,Trustco Bank Corp,NASDAQ,Stock,1990-03-26,,Active
TRTN,Triton International Ltd,NYSE,Stock,2005-10-12,,Active
TRUE,Truecar Inc,NASDAQ,Stock,2000-05-02,,Active
TRV,Travelers Companies Inc,NYSE,Stock,1986-07-09,,Active
TRW,TRW Automotive Holdings Corp,NYSE,Stock,2004-02-03,,Active
TS,Tenaris S.A.,NYSE,Stock,2002-12-16,,Active
TSBK,Timberland Bancorp Inc,NASDAQ,Stock,1998-01-13,,Active
TSCO,Tractor Supply Company,NASDAQ,Stock,1994-02-18,,Active
TSEM,Tower Semiconductor Ltd,NASDAQ,Stock,1994-10-26,,Active
TSH,Teche Holding Company,NYSE,Stock,2006-12-28,,Active
TSI,TCW Strategic Income Fund Inc,NYSE,ETF,1988-01-05,,Active
TSM,Taiwan Semiconductor Manufacturing,NYSE,Stock,1997-10-09,,Active
TSN,Tyson Foods Inc - Class A,NYSE,Stock,1986-07-09,,Active
TSRE,Trade Street Residential Inc,NASDAQ,Stock,2006-12-28,,Active
TSRI,TSR Inc,NASDAQ,Stock,1990-03-26,,Active
TSS,GRANITESHARES 1X SHORT TSLA DAILY ETF ,NYSE,ETF,1989-06-30,,Active
TST,TheStreet Inc,NASDAQ,Stock,1999-05-11,,Active
TSU,TIM Participacoes S.A.,NYSE,Stock,1998-11-16,,Active
TSYS,TeleCommunication Systems Inc,NASDAQ,Stock,2000-08-08,,Active
TT,Trane Technologies plc - Class A,NYSE,Stock,1985-07-01,,Active
TTC,Toro Company,NYSE,Stock,1987-12-30,,Active
TTE,TotalEnergies SE,NYSE,Stock,2007-07-13,,Active
TTE,TotalEnergies SE,NYSE,Stock,1991-10-25,,Active
TTEC,TTEC Holdings Inc,NASDAQ,Stock,1996-08-01,,Active
TTEK,Tetra Tech Inc,NASDAQ,Stock,1991-12-17,,Active
TTF,Thai Fund Inc,NYSE,ETF,1988-02-17,,Active
TTGT,Techtarget Inc,NASDAQ,Stock,2007-05-17,,Active
TTI,Tetra Technologies Inc,NYSE,Stock,1990-04-03,,Active
TTM,Tata Motors Ltd,NYSE,Stock,2004-09-27,,Active
TTMI,TTM Technologies Inc,NASDAQ,Stock,2000-09-25,,Active
TTNP,Titan Pharmaceuticals Inc (de),NASDAQ,Stock,2006-12-28,,Active
TTWO,Take-Two Interactive Software Inc,NASDAQ,Stock,1997-04-15,,Active
TU,Telus Corp,NYSE,Stock,1996-06-11,,Active
TUC,MacGray Corp,NYSE,Stock,2006-12-28,,Active
TULP,Bloomia Holdings Inc,NASDAQ,Stock,1993-03-18,,Active
TUR,ISHARES MSCI TURKEY ETF ,NASDAQ,ETF,2008-03-28,,Active
TUZ,PIMCO 13 YEAR U.S. TREASURY INDEX EXCHANGETRADED FUND,NYSE ARCA,ETF,2009-06-02,,Active
TV,Grupo Televisa SAB,NYSE,Stock,1993-12-14,,Active
TVC,Tennessee Valley Authority,NYSE,Stock,1998-10-14,,Active
TVE,Tennessee Valley Authority,NYSE,Stock,1999-05-19,,Active
TVL,LIN Media LLC,NYSE,Stock,2006-12-28,,Active
TVTY,Tivity Health Inc,NASDAQ,Stock,1991-08-13,,Active
TWAV,Oblong Inc,NASDAQ,Stock,1995-06-19,,Active
TWC,Time Warner Cable Inc,NYSE,Stock,2007-03-01,,Active
TWGP,Tower Group International Ltd,NASDAQ,Stock,2004-10-21,,Active
TWI,Titan International Inc,NYSE,Stock,1993-05-20,,Active
TWIN,Twin Disc Incorporated,NASDAQ,Stock,1987-12-31,,Active
TWM,ProShares UltraShort Russell2000 -2x Shares,NYSE,ETF,2007-01-25,,Active
TWN,Taiwan Fund Inc,NYSE,ETF,1989-06-30,,Active
TWO,Two Harbors Investment Corp,NYSE,Stock,2009-10-30,,Active
TWQ,PROSHARES ULTRASHORT RUSSELL3000,NYSE ARCA,ETF,2009-07-02,,Active
TWX,Time Warner Inc,NYSE,Stock,1992-03-19,,Active
TX,Ternium S.A.,NYSE,Stock,2006-02-01,,Active
TXCOQ,TXCO Resources Inc,NASDAQ,Stock,2010-01-04,,Active
TXI,Texas Industries Inc,NYSE,Stock,1978-05-01,,Active
TXMD,TherapeuticsMD Inc,NASDAQ,Stock,2003-12-11,,Active
TXN,Texas Instruments Inc,NASDAQ,Stock,1972-06-01,,Active
TXNM,PNM Resources Inc,NYSE,Stock,1984-08-10,,Active
TXRH,Texas Roadhouse Inc,NASDAQ,Stock,2004-10-05,,Active
TXT,Textron Inc,NYSE,Stock,1984-10-24,,Active
TY,Tri-Continental Corp,NYSE,ETF,1983-04-06,,Active
TYD,DIREXION DAILY 7-10 YEAR TREASURY BULL 3X SHARES ,NYSE,ETF,2009-04-16,,Active
TYG,Tortoise Energy Infrastructure Corp,NYSE,ETF,2004-02-25,,Active
TYL,Tyler Technologies Inc,NYSE,Stock,1987-12-30,,Active
TYO,DIREXION DAILY 7-10 YEAR TREASURY BEAR 3X SHARES ,NYSE,ETF,2009-04-16,,Active
TYPE,Monotype Imaging Holdings Inc,NASDAQ,Stock,2007-07-25,,Active
TZA,Direxion Small Cap Bear 3X ETF,NYSE ARCA,ETF,2008-11-19,,Active
TZD,ISHARES S&P TARGET DATE 2010 INDEX FUND,NYSE ARCA,ETF,2009-01-28,,Active
TZE,ISHARES S&P TARGET DATE 2015 INDEX FUND,NYSE ARCA,ETF,2008-11-13,,Active
TZG,ISHARES S&P TARGET DATE 2020 INDEX FUND,NYSE ARCA,ETF,2007-10-17,,Active
TZI,ISHARES S&P TARGET DATE 2025 INDEX FUND,NYSE ARCA,ETF,2008-11-11,,Active
TZL,ISHARES S&P TARGET DATE 2030 INDEX FUND,NYSE ARCA,ETF,2009-01-29,,Active
TZO,ISHARES S&P TARGET DATE 2035 INDEX FUND,NYSE ARCA,ETF,2007-11-05,,Active
TZOO,Travelzoo,NASDAQ,Stock,2002-08-28,,Active
TZV,ISHARES S&P TARGET DATE 2040 INDEX FUND,NYSE ARCA,ETF,2009-01-05,,Active
UAA,Under Armour Inc - Class A,NYSE,Stock,2005-11-18,,Active
UAG,UBS AG Jersey,NYSE ARCA,ETF,2008-04-04,,Active
UAL,United Airlines Holdings Inc,NASDAQ,Stock,2006-02-06,,Active
UAM,Universal American Corp,NYSE,Stock,1990-03-26,,Active
UAMY,United States Antimony Corp,NYSE,Stock,2000-02-24,,Active
UBA,Urstadt Biddle Properties Inc - Class A,NYSE,Stock,1998-08-17,,Active
UBC,UBS ETRACS CMCI Livestock TR ETN,NYSE ARCA,ETF,2008-04-04,,Active
UBCP,United Bancorp Inc (Martins Ferry OH),NASDAQ,Stock,1995-08-18,,Active
UBFO,United Security Bancshares (CA),NASDAQ,Stock,1999-03-03,,Active
UBG,UBS AG Jersey,NYSE ARCA,ETF,2008-04-04,,Active
UBM,UBS ETRACS CMCI Industrial Metals TR ETN,NYSE ARCA,ETF,2008-04-04,,Active
UBN,UBS ETRACS CMCI Energy TR ETN,NYSE ARCA,ETF,2008-04-04,,Active
UBNK,United Financial Bancorp Inc,NASDAQ,Stock,2005-08-17,,Active
UBP,Urstadt Biddle Properties Inc,NYSE,Stock,1987-11-05,,Active
UBSI,United Bankshares Inc,NASDAQ,Stock,1990-03-26,,Active
UCB,United Community Banks Inc,NYSE,Stock,2002-03-18,,Active
UCBA,United Community Bancorp,NASDAQ,Stock,2006-03-31,,Active
UCC,PROSHARES ULTRA CONSUMER DISCRETIONARY ,NYSE,ETF,2007-02-02,,Active
UCD,ProShares Ultra DJUBS Commodity ETF,NYSE ARCA,ETF,2008-11-25,,Active
UCFC,United Community Financial Corp,NASDAQ,Stock,1998-07-09,,Active
UCI,UBS AG Jersey,NYSE ARCA,ETF,2008-04-02,,Active
UCIA,Uci Medical Affiliates Inc,NASDAQ,Stock,2001-01-02,,Active
UCO,ProShares Ultra Bloomberg Crude Oil 2x Shares,NYSE,ETF,2008-11-25,,Active
UCTT,Ultra Clean Hldgs Inc,NASDAQ,Stock,2004-03-25,,Active
UDN,Invesco DB US Dollar Index Bearish Fund -1x Shares,NYSE,ETF,2007-03-01,,Active
UDR,UDR Inc,NYSE,Stock,1990-03-07,,Active
UDRL,Union Drilling Inc,NASDAQ,Stock,2006-12-28,,Active
UEIC,Universal Electronics Inc,NASDAQ,Stock,1993-02-12,,Active
UFCS,United Fire Group Inc,NASDAQ,Stock,1990-03-26,,Active
UFI,UNIFI Inc,NYSE,Stock,1990-03-26,,Active
UFPI,UFP Industries Inc,NASDAQ,Stock,1993-11-10,,Active
UFPT,UFP Technologies Inc,NASDAQ,Stock,1993-12-17,,Active
UFS,Domtar Corporation,NYSE,Stock,2001-01-02,,Active
UG,United-Guardian Inc,NASDAQ,Stock,1992-03-17,,Active
UGA,United States Gasoline Fund LP,NYSE,ETF,2008-02-28,,Active
UGE,PROSHARES ULTRA CONSUMER STAPLES ,NYSE,ETF,2007-02-01,,Active
UGI,UGI Corp,NYSE,Stock,1988-01-05,,Active
UGL,ProShares Ultra Gold 2x Shares,NYSE,ETF,2008-12-03,,Active
UGP,Ultrapar Participacoes S.A.,NYSE,Stock,1999-10-07,,Active
UHAL,U-Haul Holding Company,NYSE,Stock,1994-11-04,,Active
UHN,USCommodity Heating Oil Fund LP ETF,NYSE,ETF,2008-04-10,,Active
UHS,Universal Health Services Inc - Class B,NYSE,Stock,1990-03-26,,Active
UHT,Universal Health Realty Income Trust,NYSE,Stock,1987-11-05,,Active
UIL,UIL Holdings Corp,NYSE,Stock,1987-08-31,,Active
UIS,Unisys Corp,NYSE,Stock,1972-06-01,,Active
UKF,PROSHARES ULTRA RUSSELL1000 GROWTH,NYSE ARCA,ETF,2007-02-22,,Active
UKK,PROSHARES ULTRA RUSSELL2000 GROWTH,NYSE ARCA,ETF,2007-02-22,,Active
UKW,PROSHARES ULTRA RUSSELL MIDCAP GROWTH,NYSE ARCA,ETF,2007-02-22,,Active
UL,Unilever plc,NYSE,Stock,1988-01-04,,Active
ULBI,Ultralife Corp,NASDAQ,Stock,1992-12-23,,Active
ULE,ProShares Ultra Euro 2x Shares,NYSE,ETF,2008-11-25,,Active
ULTA,Ulta Beauty Inc,NASDAQ,Stock,2007-10-25,,Active
ULTI,The Ultimate Software Group,NASDAQ,Stock,1998-06-17,,Active
UMBF,UMB Financial Corp,NASDAQ,Stock,1990-03-27,,Active
UMC,United Micro Electronics,NYSE,Stock,2000-09-19,,Active
UMH,UMH Properties Inc,NYSE,Stock,1993-12-06,,Active
UMH-P-A,UMH Properties Inc. 8.25 Series A Cumulative Redeemable Preferred Stock Liquidation Preference 25 per share,NYSE,Stock,1993-12-06,,Active
UMPQ,Umpqua Holdings Corp,NASDAQ,Stock,1998-06-03,,Active
UN,Unilever NV,NYSE,Stock,1985-05-17,,Active
UNAMQ,Unico American Corp,NASDAQ,Stock,1990-03-26,,Active
UNB,Union Bankshares Inc,NASDAQ,Stock,1999-08-09,,Active
UNF,Unifirst Corp,NYSE,Stock,1988-01-05,,Active
UNFI,United Natural Foods Inc,NYSE,Stock,1996-11-01,,Active
UNG,United States Natural Gas Fund,NYSE,ETF,2007-04-18,,Active
UNH,Unitedhealth Group Inc,NYSE,Stock,1990-03-26,,Active
UNL,United States 12 Month Natural Gas Fund,NYSE,ETF,2010-01-04,,Active
UNM,Unum Group,NYSE,Stock,1986-11-06,,Active
UNP,Union Pacific Corp,NYSE,Stock,1980-01-02,,Active
UNS,UNS Energy Corp,NYSE,Stock,1985-08-30,,Active
UNT,Unit Corp,NYSE,Stock,1988-01-05,,Active
UNTY,Unity Bancorp Inc,NASDAQ,Stock,1997-01-14,,Active
UNXL,UniPixel Inc,NASDAQ,Stock,2006-03-07,,Active
UONE,Urban One Inc - Class A,NASDAQ,Stock,1999-05-06,,Active
UONEK,Urban One Inc - Class D,NASDAQ,Stock,2000-06-07,,Active
UPBD,Upbound Group Inc,NASDAQ,Stock,1995-01-25,,Active
UPGD,INVESCO BLOOMBERG ANALYST RATING IMPROVERS ETF ,NYSE,ETF,2006-05-19,,Active
UPGI,Universal Power Group,NYSE,Stock,2006-12-21,,Active
UPI,Uroplasty Inc,NASDAQ,Stock,1999-05-03,,Active
UPL1,Ultra Petroleum Corp,NYSE,Stock,1999-09-24,,Active
UPRO,PROSHARES ULTRAPRO S&P500 ,NYSE,ETF,2009-06-25,,Active
UPS,United Parcel Service Inc - Class B,NYSE,Stock,1999-11-10,,Active
UPW,PROSHARES ULTRA UTILITIES ,NYSE,ETF,2007-02-01,,Active
UQM,UQM Technologies Inc,NYSE,Stock,2000-10-02,,Active
URBN,Urban Outfitters Inc,NASDAQ,Stock,1993-11-09,,Active
URE,PROSHARES ULTRA REAL ESTATE ,NYSE,ETF,2007-02-02,,Active
URI,United Rentals Inc,NYSE,Stock,1997-12-18,,Active
URR,Market Vectors Double Long Euro ETN,NYSE ARCA,ETF,2008-05-22,,Active
URRE,Uranium Resources Inc,NASDAQ,Stock,1998-01-12,,Active
URS,URS Corp,NYSE,Stock,1972-06-01,,Active
URZ,Uranerz Energy Corp,NYSE,Stock,2005-11-10,,Active
USA,Liberty All-Star Equity Fund,NYSE,ETF,1987-11-05,,Active
USAK,USA Truck Inc,NASDAQ,Stock,1992-03-20,,Active
USAP,Universal Stainless & Alloy Products Inc,NASDAQ,Stock,1994-12-28,,Active
USAU,U.S. Gold Corp,NASDAQ,Stock,1992-03-17,,Active
USB,U.S. Bancorp.,NYSE,Stock,1987-11-05,,Active
USD,PROSHARES ULTRA SEMICONDUCTORS ,NYSE,ETF,2007-02-01,,Active
USG,USCF GOLD STRATEGY PLUS INCOME FUND ,NYSE,Stock,1988-07-07,,Active
USIG,ISHARES BROAD USD INVESTMENT GRADE CORPORATE BOND ETF ,NASDAQ,ETF,2007-01-11,,Active
USIO,Usio Inc,NASDAQ,Stock,2001-01-02,,Active
USL,United States 12 Month Oil Fund LP,NYSE,ETF,2007-12-06,,Active
USLM,United States Lime & Minerals Inc,NASDAQ,Stock,1990-03-26,,Active
USNA,Usana Health Sciences Inc,NYSE,Stock,1995-02-01,,Active
USO,United States Oil Fund,NYSE,ETF,2006-04-10,,Active
USPH,U.S. Physical Therapy Inc,NYSE,Stock,1992-05-29,,Active
USRT,ISHARES CORE U.S. REIT ETF ,NYSE,ETF,2007-05-04,,Active
USTR,United Stationers Inc,NASDAQ,Stock,1990-03-26,,Active
USU,USEC Inc,NYSE,Stock,1998-07-23,,Active
USV,UBS AG Jersey,NYSE ARCA,ETF,2008-04-04,,Active
UTEK,Ultratech Inc,NASDAQ,Stock,1993-09-29,,Active
UTF,Cohen & Steers Infrastructure Fund Inc,NYSE,ETF,2004-05-11,,Active
UTHR,United Therapeutics Corp,NASDAQ,Stock,1999-06-17,,Active
UTI,Universal Technical Institute Inc,NYSE,Stock,2003-12-18,,Active
UTL,Unitil Corp,NYSE,Stock,1992-03-17,,Active
UTMD,Utah Medical Products Inc,NASDAQ,Stock,1999-03-08,,Active
UTSI,UTStarcom Holdings Corp,NASDAQ,Stock,2000-03-03,,Active
UUP,Invesco DB US Dollar Index Bullish Fund,NYSE,ETF,2007-03-01,,Active
UVE,Universal Insurance Holdings Inc,NYSE,Stock,2003-06-06,,Active
UVG,PROSHARES ULTRA RUSSELL1000 VALUE,NYSE ARCA,ETF,2007-02-22,,Active
UVSP,Univest Financial Corp,NASDAQ,Stock,1998-04-16,,Active
UVT,PROSHARES ULTRA RUSSELL2000 VALUE,NYSE ARCA,ETF,2007-02-22,,Active
UVU,PROSHARES ULTRA RUSSELL MIDCAP VALUE,NYSE ARCA,ETF,2007-02-26,,Active
UVV,Universal Corp,NYSE,Stock,1988-01-05,,Active
UWC,PROSHARES ULTRA RUSSELL3000,NYSE ARCA,ETF,2009-07-02,,Active
UWM,PROSHARES ULTRA RUSSELL2000 ,NYSE,ETF,2007-01-25,,Active
UWN,Nevada Gold Casinos,NYSE,Stock,1999-05-03,,Active
UXI,PROSHARES ULTRA INDUSTRIALS ,NYSE,ETF,2007-02-01,,Active
UYG,PROSHARES ULTRA FINANCIALS ,NYSE,ETF,2007-02-01,,Active
UYM,PROSHARES ULTRA MATERIALS ,NYSE,ETF,2007-02-01,,Active
V,Visa Inc - Class A,NYSE,Stock,2008-03-19,,Active
VABK,Virginia National Bankshares Corp,NASDAQ,Stock,2001-06-04,,Active
VAL,Valspar Corporation,NYSE,Stock,1992-03-17,,Active
VALE,Vale S.A.,NYSE,Stock,2002-03-21,,Active
VALU,Value Line Inc,NASDAQ,Stock,1995-08-18,,Active
VAR,Varian Medical Systems Inc,NYSE,Stock,1988-01-05,,Active
VATE,Innovate Corp,NYSE,Stock,2009-07-13,,Active
VAW,VANGUARD MATERIALS INDEX FUND ETF SHARES,NYSE,ETF,2004-01-30,,Active
VB,Vanguard Morningstar Small-Cap ETF,NYSE,ETF,2004-01-30,,Active
VBF,Invesco Bond Fund,NYSE,ETF,1994-10-27,,Active
VBFC,Village Bank & Trust Financial Corporation,NASDAQ,Stock,1996-04-01,,Active
VBK,Vanguard Morningstar Small-Cap Growth ETF,NYSE,ETF,2004-01-30,,Active
VBR,Vanguard Morningstar Small-Cap Value ETF,NYSE,ETF,2004-01-30,,Active
VCBI,Virginia Commerce Bancorp Inc,NASDAQ,Stock,2006-12-28,,Active
VCEL,Vericel Corp,NASDAQ,Stock,1997-02-04,,Active
VCF,Delaware Investments Colorado Municipal Income Fund Inc,NYSE MKT,ETF,1995-08-18,,Active
VCI,Valassis Communications Inc,NYSE,Stock,2006-12-28,,Active
VCIT,VANGUARD INTERMEDIATE-TERM CORPORATE BOND INDEX FUND ETF SHARES,NASDAQ,ETF,2009-11-23,,Active
VCLT,VANGUARD LONG-TERM CORPORATE BOND INDEX FUND ETF SHARES,NASDAQ,ETF,2009-11-23,,Active
VCO,Vina Concha y Toro S.A. ADR,NYSE,Stock,1994-10-17,,Active
VCR,VANGUARD CONSUMER DISCRETIONARY INDEX FUND ETF SHARES,NYSE,ETF,2004-01-30,,Active
VCSH,VANGUARD SHORT-TERM CORPORATE BOND INDEX FUND ETF SHARES,NASDAQ,ETF,2009-11-23,,Active
VCV,Invesco California Value Municipal Income Trust,NYSE,ETF,1994-10-27,,Active
VDC,VANGUARD CONSUMER STAPLES INDEX FUND ETF SHARES,NYSE,ETF,2004-01-30,,Active
VDE,VANGUARD ENERGY INDEX FUND ETF SHARES,NYSE,ETF,2004-09-29,,Active
VDSI,VASCO Data Security International Inc,NASDAQ,Stock,1998-05-21,,Active
VEA,VANGUARD DEVELOPED MARKETS INDEX FUND ETF SHARES,NYSE,ETF,2007-07-26,,Active
VECO,Veeco Instruments Inc,NASDAQ,Stock,1994-11-29,,Active
VEDL,Vedanta Ltd,NYSE,Stock,2007-06-20,,Active
VEON,VEON Ltd,NASDAQ,Stock,1996-11-15,,Active
VERU,Veru Inc,NASDAQ,Stock,1999-02-11,,Active
VEU,VANGUARD FTSE ALL-WORLD EX-US INDEX FUND ETF SHARES,NYSE,ETF,2007-03-08,,Active
VFC,VF Corp,NYSE,Stock,1985-07-01,,Active
VFH,VANGUARD FINANCIALS INDEX FUND ETF SHARES,NYSE,ETF,2004-01-30,,Active
VG,Vonage Holdings Corp,NASDAQ,Stock,2006-05-24,,Active
VGIT,VANGUARD INTERMEDIATE-TERM TREASURY INDEX FUND ETF SHARES,NASDAQ,ETF,2009-11-23,,Active
VGK,VANGUARD EUROPEAN STOCK INDEX FUND ETF SHARES,NYSE,ETF,2005-03-10,,Active
VGLT,VANGUARD LONG-TERM TREASURY INDEX FUND ETF SHARES,NASDAQ,ETF,2009-11-24,,Active
VGM,Invesco Trust for Investment Grade Municipals,NYSE,ETF,1992-02-19,,Active
VGR,Vector Group Ltd,NYSE,Stock,1987-10-09,,Active
VGSH,VANGUARD SHORT-TERM TREASURY INDEX FUND ETF SHARES,NASDAQ,ETF,2009-11-23,,Active
VGT,VANGUARD INFORMATION TECHNOLOGY INDEX FUND ETF SHARES,NYSE,ETF,2004-01-30,,Active
VHC,Virnetx Holding Corp,NASDAQ,Stock,1999-07-30,,Active
VHI,Valhi Inc,NYSE,Stock,1986-06-04,,Active
VHT,VANGUARD HEALTH CARE INDEX FUND ETF SHARES,NYSE,ETF,2004-01-30,,Active
VIA,Viacom Inc,NASDAQ,Stock,2005-12-05,,Active
VIAB,Viacom Inc,NASDAQ,Stock,2005-12-05,,Active
VIAC,CBS Corp,NYSE,Stock,2005-12-05,,Active
VIAS,Viasystems Group Inc,NASDAQ,Stock,1994-05-27,,Active
VICR,Vicor Corp,NASDAQ,Stock,1991-11-27,,Active
VIG,VANGUARD DIVIDEND APPRECIATION INDEX FUND ETF SHARES,NYSE,ETF,2006-04-27,,Active
VII,Vicon Industries Inc,NYSE,Stock,1992-03-17,,Active
VIMC,Vimicro International Corporation ADR,NASDAQ,Stock,2005-11-15,,Active
VIRC,Virco Manufacturing Corp,NASDAQ,Stock,1992-03-17,,Active
VIS,VANGUARD INDUSTRIALS INDEX FUND ETF SHARES,NYSE,ETF,2004-09-29,,Active
VIV,Telefonica Brasil S.A.,NYSE,Stock,1998-11-16,,Active
VIVO,Meridian Bioscience Inc,NASDAQ,Stock,1992-02-26,,Active
VKQ,Invesco Municipal Trust,NYSE,ETF,1991-11-21,,Active
VLGEA,Village Super Market Inc - Class A,NASDAQ,Stock,1990-03-27,,Active
VLNS,Valens Company Inc (The),NASDAQ,Stock,2009-09-28,,Active
VLO,Valero Energy Corp,NYSE,Stock,1982-01-04,,Active
VLT,Invesco High Income Trust II,NYSE,ETF,1989-06-30,,Active
VLY,Valley National Bancorp,NASDAQ,Stock,1990-03-23,,Active
VLYWW,Valley National Bancorp Warrant 06/30/2015,NASDAQ,Stock,2008-07-11,,Active
VMBS,VANGUARD MORTGAGE-BACKED SECURITIES INDEX FUND ETF SHARES,NASDAQ,ETF,2009-11-23,,Active
VMC,Vulcan Materials Company,NYSE,Stock,1988-01-05,,Active
VMED,Virgin Media Inc,NASDAQ,Stock,2004-07-19,,Active
VMI,Valmont Industries Inc,NYSE,Stock,1990-03-26,,Active
VMM,Delaware Investments MN Muni Inc Fund II,NYSE MKT,ETF,1995-08-18,,Active
VMO,Invesco Municipal Opportunity Trust,NYSE,ETF,1992-06-04,,Active
VMRK,Vivmark Residential,NYSE,Stock,1993-08-12,,Active
VMW,Vmware Inc - Class A,NYSE,Stock,2007-08-15,,Active
VNDA,Vanda Pharmaceuticals Inc,NASDAQ,Stock,2006-04-12,,Active
VNLPY,Vernalis Plc ADR,NASDAQ,Stock,2007-07-13,,Active
VNM,VANECK VIETNAM ETF ,BATS,ETF,2009-08-14,,Active
VNO,Vornado Realty Trust,NYSE,Stock,1988-01-05,,Active
VNQ,VANGUARD REAL ESTATE INDEX FUND ETF SHARES,NYSE,ETF,2004-09-29,,Active
VO,Vanguard Morningstar Mid-Cap ETF,NYSE,ETF,2004-01-30,,Active
VOCS,Vocus Inc,NASDAQ,Stock,2005-12-07,,Active
VOD,Vodafone Group plc,NASDAQ,Stock,1988-12-16,,Active
VOE,Vanguard Morningstar Mid-Cap Value ETF,NYSE,ETF,2006-08-25,,Active
VOLC,Volcano Corp,NASDAQ,Stock,2006-06-15,,Active
VOT,Vanguard Morningstar Mid-Cap Growth ETF,NYSE,ETF,2006-08-25,,Active
VOX,VANGUARD COMMUNICATION SERVICES INDEX FUND ETF SHARES,NYSE,ETF,2004-09-29,,Active
VOXX,VOXX International Corp - Class A,NASDAQ,Stock,1992-03-16,,Active
VPFG,ViewPoint Financial Group,NASDAQ,Stock,2006-10-03,,Active
VPL,VANGUARD PACIFIC STOCK INDEX FUND ETF SHARES,NYSE,ETF,2005-03-10,,Active
VPRT,VistaPrint Ltd,NASDAQ,Stock,2005-09-30,,Active
VPU,VANGUARD UTILITIES INDEX FUND ETF SHARES,NYSE,ETF,2004-01-30,,Active
VPV,Invesco Pennsylvania Value Municipal Income Trust,NYSE,ETF,1994-10-27,,Active
VQ,Venoco,NYSE,Stock,2006-12-28,,Active
VR,GLOBAL X METAVERSE ETF ,NYSE,ETF,2007-08-01,,Active
VRD,SPDRR NUVEEN S&PR VRDO MUNICIPAL BOND ETF,NYSE ARCA,ETF,2009-09-24,,Active
VRE,Veris Residential Inc,NYSE,Stock,1994-08-25,,Active
VRME,VerifyMe Inc,NASDAQ,Stock,2009-05-07,,Active
VRN,Veren Inc,NYSE,Stock,2006-07-20,,Active
VRNT,Verint Systems Inc,NASDAQ,Stock,2002-05-16,,Active
VRS1,Verso Paper Corp,NYSE,Stock,2008-06-09,,Active
VRSK,Verisk Analytics Inc,NASDAQ,Stock,2009-10-07,,Active
VRSN,Verisign Inc,NASDAQ,Stock,1998-01-30,,Active
VRTS,Virtus Investment Partners Inc,NYSE,Stock,2009-01-02,,Active
VRTU,Virtusa Corp,NASDAQ,Stock,2007-08-03,,Active
VRTX,Vertex Pharmaceuticals Inc,NASDAQ,Stock,1991-07-24,,Active
VRX,Valeant Pharmaceuticals Intl Inc,NYSE,Stock,1994-03-30,,Active
VSAT,Viasat Inc,NASDAQ,Stock,1996-12-03,,Active
VSEC,VSE Corp,NASDAQ,Stock,1995-08-18,,Active
VSH,Vishay Intertechnology Inc,NYSE,Stock,1988-01-04,,Active
VSI,Vitamin Shoppe Inc,NYSE,Stock,2009-10-28,,Active
VSR,Versar Inc,NYSE,Stock,1992-03-17,,Active
VSS,VANGUARD FTSE ALL-WORLD EX-US SMALL-CAP INDEX FUND ETF SHARES,NYSE,ETF,2009-04-06,,Active
VT,VANGUARD TOTAL WORLD STOCK INDEX FUND ETF SHARES,NYSE,ETF,2008-06-26,,Active
VTA,Invesco Dynamic Credit Opportu,NYSE,ETF,2007-07-26,,Active
VTG,VANGUARD TOTAL TREASURY ETF ETF SHARES,NYSE,Stock,2007-06-08,,Active
VTI,Vanguard Morningstar Total Stock Market ETF,NYSE,ETF,2001-05-31,,Active
VTN,Invesco Trust For Investment Grade New York Municipals,NYSE,ETF,1992-05-13,,Active
VTR,Ventas Inc,NYSE,Stock,1997-05-05,,Active
VTSS,Vitesse Semiconductor Corp,NASDAQ,Stock,1991-12-11,,Active
VTV,Vanguard Morningstar Value ETF,NYSE,ETF,2004-01-30,,Active
VUG,Vanguard Morningstar Growth ETF,NYSE,ETF,2004-01-30,,Active
VV,Vanguard Morningstar Large-Cap ETF,NYSE,ETF,2004-01-30,,Active
VVC,Vectren Corp,NYSE,Stock,1987-11-05,,Active
VVR,Invesco Senior Income Trust,NYSE,ETF,1998-06-24,,Active
VWO,VANGUARD EMERGING MARKETS STOCK INDEX FUND ETF SHARES,NYSE,ETF,2005-03-10,,Active
VWTR,Vidler Water Resources Inc,NASDAQ,Stock,1991-03-21,,Active
VXF,VANGUARD EXTENDED MARKET INDEX FUND ETF SHARES,NYSE,ETF,2002-01-04,,Active
VXX,iPath Series B S&P 500 VIX Short-Term Futures ETN,BATS,ETF,2009-01-30,,Active
VXZ,iPath S&P 500 VIX MidTerm Futures ETN,NYSE ARCA,ETF,2009-02-20,,Active
VYFC,Valley Financial Corp. Virginia,NASDAQ,Stock,1997-01-03,,Active
VYM,VANGUARD HIGH DIVIDEND YIELD INDEX FUND ETF SHARES,NYSE,ETF,2006-11-16,,Active
VYX,NCR Voyix Corp,NYSE,Stock,1996-12-11,,Active
VZ,Verizon Communications Inc,NYSE,Stock,1983-11-21,,Active
WAB,Westinghouse Air Brake Technologies Corp,NYSE,Stock,1995-06-16,,Active
WABC,Westamerica Bancorporation,NASDAQ,Stock,1992-03-17,,Active
WAC,Walter Investment Management Corp,NYSE,Stock,1998-03-24,,Active
WAFD,WaFd Inc,NASDAQ,Stock,1990-03-26,,Active
WAG,Walgreen Company,NYSE,Stock,1985-07-01,,Active
WAL,Western Alliance Bancorp,NYSE,Stock,2005-07-01,,Active
WASH,Washington Trust Bancorp Inc,NASDAQ,Stock,1995-08-18,,Active
WAT,Waters Corp,NYSE,Stock,1995-11-17,,Active
WAVE,Nextwave Wirless,NASDAQ,Stock,2007-01-03,,Active
WBA,Walgreens Boots Alliance Inc,NASDAQ,Stock,1985-07-01,,Active
WBC,WABCO Holdings Inc,NYSE,Stock,2007-08-01,,Active
WBCO,Washington Banking Company,NASDAQ,Stock,1998-06-23,,Active
WBD,Warner Bros. Discovery Inc - Class A,NASDAQ,Stock,2005-07-08,,Active
WBK,Westpac Banking Corp,NYSE,Stock,1989-06-30,,Active
WBMD,WebMD Health Corp,NASDAQ,Stock,2005-09-29,,Active
WBS,Webster Financial Corp,NYSE,Stock,1986-12-12,,Active
WBS-P-E,Webster Financial Corporation Dep Shs Repstg 11000th Perp Pfd Ser E,NYSE,Stock,1986-12-12,,Active
WBSN,Websense Inc,NASDAQ,Stock,2006-12-28,,Active
WCC,Wesco International Inc,NYSE,Stock,1999-05-12,,Active
WCG,WellCare Health Plans Inc,NYSE,Stock,2004-07-01,,Active
WCN,Waste Connections Inc,NYSE,Stock,1998-05-22,,Active
WCRX,Warner Chilcott Plc,NASDAQ,Stock,2006-09-21,,Active
WCST,You On Demand Holdings Inc,NASDAQ,Stock,2007-05-23,,Active
WDC,Western Digital Corp,NASDAQ,Stock,1987-01-02,,Active
WDFC,WD-40 Company,NASDAQ,Stock,1990-03-26,,Active
WDR,Waddell & Reed Financial Inc - Class A,NYSE,Stock,1998-03-05,,Active
WDS,Woodside Energy Group Ltd,NYSE,Stock,2007-07-13,,Active
WEA,Western Asset Premier Bond Fund,NYSE,ETF,2002-03-27,,Active
WEC,WEC Energy Group Inc,NYSE,Stock,1984-10-26,,Active
WELL,Welltower Inc,NYSE,Stock,2001-01-02,,Active
WEN,Wendy`s Co - Class A,NASDAQ,Stock,1992-03-17,,Active
WERN,Werner Enterprises Inc,NASDAQ,Stock,1990-03-26,,Active
WES,Western Gas Partners LP,NYSE,Stock,2008-05-09,,Active
WEX,WEX Inc,NYSE,Stock,2005-02-16,,Active
WEYS,Weyco Group Inc,NASDAQ,Stock,1990-03-26,,Active
WF,Woori Financial Group Inc,NYSE,Stock,2003-10-01,,Active
WFBI,WashingtonFirst Bankshares Inc,NASDAQ,Stock,2004-07-28,,Active
WFC,Wells Fargo & Company,NYSE,Stock,1972-06-01,,Active
WFC-P-Y,Wells Fargo & Company,NYSE,Stock,1998-01-02,,Active
WFC-WS,Wells Fargo & Company. Wt,NYSE,Stock,1972-06-01,,Active
WFD,Westfield Financial Inc,NASDAQ,Stock,2001-12-28,,Active
WFG,West Fraser Timber Co. Ltd,NYSE,Stock,2007-07-13,,Active
WFM,Whole Foods Market Inc,NASDAQ,Stock,1992-01-23,,Active
WFTIQ,Weatherford International plc,NYSE,Stock,1973-05-03,,Active
WG,Willbros Group Inc,NYSE,Stock,1996-08-15,,Active
WGL,WGL Holdings Inc,NYSE,Stock,1987-06-22,,Active
WGO,Winnebago Industries Inc,NYSE,Stock,1984-11-01,,Active
WHG,Westwood Holdings Group Inc,NYSE,Stock,2002-06-13,,Active
WHR,Whirlpool Corp,NYSE,Stock,1983-06-10,,Active
WIA,Western Asset Inflation-Linked Income Fund,NYSE,ETF,2003-09-29,,Active
WINA,Winmark Corporation,NASDAQ,Stock,1993-08-25,,Active
WIP,SPDR(R) FTSE INTERNATIONAL GOVERNMENT INFLATION-PROTECTED BOND ETF ,NYSE,ETF,2008-03-19,,Active
WIRE,Encore Wire Corp,NASDAQ,Stock,1992-07-20,,Active
WIT,Wipro Ltd,NYSE,Stock,2000-10-19,,Active
WIW,Western Asset Inflation-Linked Opportunities & Income Fund,NYSE,ETF,2004-02-25,,Active
WKC,World Kinect Corp,NYSE,Stock,1990-07-30,,Active
WKSP,Worksport Ltd,NASDAQ,Stock,2003-07-15,,Active
WLB,Westmoreland Coal Company,NASDAQ,Stock,1999-04-19,,Active
WLBA,Westmoreland Coal Company.,NASDAQ,Stock,2001-01-02,,Active
WLDN,Willdan Group Inc,NASDAQ,Stock,2006-11-21,,Active
WLFC,Willis Lease Finance Corp,NASDAQ,Stock,1996-11-15,,Active
WLK,Westlake Corporation,NYSE,Stock,2004-08-11,,Active
WLL,Whiting Petroleum Corp,NYSE,Stock,2003-11-20,,Active
WLT,Walter Energy Inc,NASDAQ,Stock,1995-10-10,,Active
WLY,John Wiley & Sons Inc - Class A,NYSE,Stock,1990-03-26,,Active
WLYB,John Wiley & Sons Inc - Class B,NYSE,Stock,1995-10-19,,Active
WM,Waste Management Inc,NYSE,Stock,1991-09-30,,Active
WMAR,West Marine Inc,NASDAQ,Stock,1993-11-19,,Active
WMB,Williams Cos Inc,NYSE,Stock,1981-12-31,,Active
WMCR,INVESCO WILSHIRE MICROCAP ETF,NYSE ARCA,ETF,2006-09-21,,Active
WMG,WMG Acquisition Corp,NASDAQ,Stock,2006-12-28,,Active
WMGI,Wright Medical Group N. V.,NASDAQ,Stock,2001-07-17,,Active
WMK,Weis Markets Inc,NYSE,Stock,1988-01-05,,Active
WMPN,William Penn Bancorporation,NASDAQ,Stock,2008-04-16,,Active
WMT,Walmart Inc,NASDAQ,Stock,1972-08-25,,Active
WMZ,WILLIAMS PIPELINE PARTNERS L.P.,NYSE,Stock,2008-01-18,,Active
WNC,Wabash National Corp,NYSE,Stock,1991-11-08,,Active
WNEB,Western New England Bancorp Inc,NASDAQ,Stock,2002-05-02,,Active
WNR,Western Refining Inc,NYSE,Stock,2006-01-19,,Active
WNS,WNS Holdings Ltd,NYSE,Stock,2006-07-26,,Active
WOLF,Wolfspeed Inc,NASDAQ,Stock,1993-02-09,,Active
WOOD,ISHARES GLOBAL TIMBER & FORESTRY ETF ,NASDAQ,ETF,2008-06-25,,Active
WOOF,VCA Antech Inc,NASDAQ,Stock,2001-11-21,,Active
WOR,Worthington Enterprises Inc,NYSE,Stock,1990-03-26,,Active
WPC,W. P. Carey Inc,NYSE,Stock,1998-01-21,,Active
WPCS,WPCS International Inc,NASDAQ,Stock,2003-10-07,,Active
WPP,WPP Plc.,NYSE,Stock,1990-03-26,,Active
WPPGY,WPP plc,NASDAQ,Stock,1990-03-26,,Active
WPRT,Westport Fuel Systems Inc,NASDAQ,Stock,2008-08-15,,Active
WPS,iShares International Developed Property ETF,NYSE ARCA,ETF,2007-08-07,,Active
WPZ,Williams Partners L.P.,NYSE,Stock,2005-08-18,,Active
WR,Westar Energy Inc.,NYSE,Stock,1987-08-25,,Active
WRB,W.R. Berkley Corp,NYSE,Stock,1984-09-07,,Active
WRC,Warnaco Group Inc,NYSE,Stock,2008-06-24,,Active
WRI,Weingarten Realty Investors,NYSE,Stock,1988-01-05,,Active
WRLD,World Acceptance Corp,NASDAQ,Stock,1991-12-02,,Active
WRS,WINDROSE MEDICAL PROPERTIES TRUST,NYSE,Stock,2006-12-20,,Active
WSBC,Wesbanco Inc,NASDAQ,Stock,1995-08-18,,Active
WSBF,Waterstone Financial Inc,NASDAQ,Stock,2005-10-05,,Active
WSCI,WSI Industries Inc,NASDAQ,Stock,1990-03-27,,Active
WSFS,WSFS Financial Corp,NASDAQ,Stock,1990-03-26,,Active
WSH,Willis Group Holdings Public Limited Company,NASDAQ,Stock,2001-06-12,,Active
WSM,Williams-Sonoma Inc,NYSE,Stock,1990-03-26,,Active
WSO,Watsco Inc - Class A,NYSE,Stock,1984-06-07,,Active
WSO-B,Watsco Inc - Class B,NYSE,Stock,1992-03-17,,Active
WST,West Pharmaceutical Services Inc,NYSE,Stock,1988-01-05,,Active
WT,WisdomTree Inc,NYSE,Stock,1993-03-04,,Active
WTBA,West Bancorporation,NASDAQ,Stock,1999-05-03,,Active
WTFC,Wintrust Financial Corp,NASDAQ,Stock,1998-04-16,,Active
WTI,W & T Offshore Inc,NYSE,Stock,2005-01-28,,Active
WTM,White Mountains Insurance Group Ltd,NYSE,Stock,1986-05-09,,Active
WTRE,WISDOMTREE NEW ECONOMY REAL ESTATE FUND ,NYSE,ETF,2007-06-05,,Active
WTRG,Essential Utilities Inc,NYSE,Stock,1987-12-30,,Active
WTS,Watts Water Technologies Inc - Class A,NYSE,Stock,1986-01-02,,Active
WTT,Wireless Telecom Group Inc,NYSE MKT,Stock,1993-05-24,,Active
WU,Western Union Company,NYSE,Stock,2006-10-02,,Active
WULF,TeraWulf Inc,NASDAQ,Stock,1996-05-30,,Active
WVVI,Willamette Valley Vineyard Inc,NASDAQ,Stock,1994-09-15,,Active
WW,WW International Inc,NASDAQ,Stock,2001-11-15,,Active
WWAY,Westway Group Inc,NASDAQ,Stock,2009-12-21,,Active
WWD,Woodward Inc,NASDAQ,Stock,1996-05-30,,Active
WWE,World Wrestling Entertainment Inc - Class A,NYSE,Stock,1999-10-19,,Active
WWW,Wolverine World Wide Inc,NYSE,Stock,1984-12-18,,Active
WWWW,Web.com Group Inc,NASDAQ,Stock,2005-11-03,,Active
WX,WuXi PharmaTech Cayman Inc. ADR,NYSE,Stock,2007-08-15,,Active
WY,Weyerhaeuser Company,NYSE,Stock,1973-05-03,,Active
WYN,Wyndham Worldwide Corp,NYSE,Stock,2006-07-19,,Active
WYNN,Wynn Resorts Ltd,NASDAQ,Stock,2002-10-25,,Active
X,United States Steel Corp,NYSE,Stock,1991-04-12,,Active
XBI,STATE STREET(R) SPDR(R) S&P(R) BIOTECH ETF ,NYSE,ETF,2006-02-06,,Active
XBKS,Xenith Bankshares Inc,NASDAQ,Stock,2004-07-09,,Active
XCO,EXCO Resources Inc,NYSE,Stock,2006-02-09,,Active
XCRA,Xcerra Corp,NASDAQ,Stock,1990-03-26,,Active
XEC,Cimarex Energy Company,NYSE,Stock,2002-09-25,,Active
XEL,Xcel Energy Inc,NASDAQ,Stock,1985-09-24,,Active
XELB,Xcel Brands Inc,NASDAQ,Stock,2001-06-14,,Active
XES,STATE STREET(R) SPDR(R) S&P(R) OIL & GAS EQUIPMENT & SERVICES ETF ,NYSE,ETF,2006-06-22,,Active
XHB,STATE STREET(R) SPDR(R) S&P(R) HOMEBUILDERS ETF ,NYSE,ETF,2006-02-06,,Active
XIN,Xinyuan Real Estate Co. Ltd,NYSE,Stock,2007-12-12,,Active
XKE,Lehman ABS Corporation CorporateBacked Trust Certificates,NYSE,Stock,2003-08-28,,Active
XL,XL Group plc,NYSE,Stock,1991-07-19,,Active
XLB,STATE STREET(R) MATERIALS SELECT SECTOR SPDR(R) ETF ,NYSE,ETF,1998-12-22,,Active
XLE,STATE STREET(R) ENERGY SELECT SECTOR SPDR(R) ETF ,NYSE,ETF,1998-12-22,,Active
XLF,STATE STREET(R) FINANCIAL SELECT SECTOR SPDR(R) ETF ,NYSE,ETF,1998-12-22,,Active
XLG,INVESCO S&P 500 TOP 50 ETF ,NYSE,ETF,2005-05-10,,Active
XLI,STATE STREET(R) INDUSTRIAL SELECT SECTOR SPDR(R) ETF ,NYSE,ETF,1998-12-22,,Active
XLK,STATE STREET(R) TECHNOLOGY SELECT SECTOR SPDR(R) ETF ,NYSE,ETF,1998-12-22,,Active
XLNX,Xilinx Inc,NASDAQ,Stock,1990-06-18,,Active
XLP,STATE STREET(R) CONSUMER STAPLES SELECT SECTOR SPDR(R) ETF ,NYSE,ETF,1998-12-22,,Active
XLU,STATE STREET(R) UTILITIES SELECT SECTOR SPDR(R) ETF ,NYSE,ETF,1998-12-22,,Active
XLV,STATE STREET(R) HEALTH CARE SELECT SECTOR SPDR(R) ETF ,NYSE,ETF,1998-12-22,,Active
XLY,STATE STREET(R) CONSUMER DISCRETIONARY SELECT SECTOR SPDR(R) ETF ,NYSE,ETF,1998-12-22,,Active
XME,STATE STREET(R) SPDR(R) S&P(R) METALS & MINING ETF ,NYSE,ETF,2006-06-22,,Active
XMHQ,INVESCO S&P MIDCAP QUALITY ETF ,NYSE,ETF,2006-12-01,,Active
XMMO,INVESCO S&P MIDCAP MOMENTUM ETF ,NYSE,ETF,2005-03-03,,Active
XMVM,INVESCO S&P MIDCAP VALUE WITH MOMENTUM ETF ,NYSE,ETF,2005-03-03,,Active
XNPT,XenoPort Inc,NASDAQ,Stock,2005-06-01,,Active
XNTK,STATE STREET(R) SPDR(R) NYSE TECHNOLOGY ETF ,NYSE,ETF,2001-01-02,,Active
XOM,Exxon Mobil Corp,NYSE,Stock,1970-01-02,,Active
XOMA,XOMA Royalty Corp,NASDAQ,Stock,1989-04-05,,Active
XOP,STATE STREET(R) SPDR(R) S&P(R) OIL & GAS EXPLORATION & PRODUCTION ETF ,NYSE,ETF,2006-06-22,,Active
XOXO,XO Group Inc,NYSE,Stock,1999-12-02,,Active
XPEL,XPEL Inc - Reg S,NASDAQ,Stock,2007-07-18,,Active
XPH,STATE STREET(R) SPDR(R) S&P(R) PHARMACEUTICALS ETF ,NYSE,ETF,2006-06-22,,Active
XPLR,Xplore Technologies Corp,NASDAQ,Stock,2008-03-07,,Active
XPO,XPO Inc,NYSE,Stock,2003-10-07,,Active
XPP,PROSHARES ULTRA FTSE CHINA 50 ,NYSE,ETF,2009-06-04,,Active
XRA,Exeter Resource Corp,NYSE,Stock,2006-05-09,,Active
XRAY,DENTSPLY Sirona Inc,NASDAQ,Stock,1991-04-25,,Active
XRM,Xerium Technologies Inc,NYSE,Stock,2005-05-16,,Active
XRSC,XRS Corp,NASDAQ,Stock,1995-02-01,,Active
XRT,STATE STREET(R) SPDR(R) S&P(R) RETAIL ETF ,NYSE,ETF,2006-06-22,,Active
XRTX,Xyratex Ltd,NASDAQ,Stock,2006-12-28,,Active
XRX,Xerox Holdings Corp,NASDAQ,Stock,1977-01-03,,Active
XSD,STATE STREET(R) SPDR(R) S&P(R) SEMICONDUCTOR ETF ,NYSE,ETF,2006-02-06,,Active
XSMO,INVESCO S&P SMALLCAP MOMENTUM ETF ,NYSE,ETF,2005-03-03,,Active
XSVM,INVESCO S&P SMALLCAP VALUE WITH MOMENTUM ETF ,NYSE,ETF,2005-03-03,,Active
XTLB,X.T.L. Biopharmaceuticals Ltd,NASDAQ,Stock,2005-09-01,,Active
XWES,World Energy Solutions Inc,NASDAQ,Stock,2008-01-30,,Active
XXIA,Ixia,NASDAQ,Stock,2000-10-24,,Active
Y,Alleghany Corp,NYSE,Stock,1980-03-05,,Active
YANG,DIREXION DAILY FTSE CHINA BEAR 3X SHARES ,NYSE,ETF,2009-12-03,,Active
YAO,INVESCO CHINA ALLCAP ETF,NYSE ARCA,ETF,2009-10-19,,Active
YCL,ProShares Ultra Yen 2x Shares,NYSE,ETF,2008-12-09,,Active
YCS,ProShares UltraShort Yen -2x Shares,NYSE,ETF,2008-11-25,,Active
YDNT,Young Innovations,NASDAQ,Stock,2006-12-28,,Active
YGE,Yingli Green Energy Hold. Company. Ltd. ADR,NYSE,Stock,2007-06-08,,Active
YHGJ,Yunhong Green CTI Ltd,NASDAQ,Stock,2003-05-29,,Active
YHOO,Yahoo Inc,NASDAQ,Stock,1996-04-12,,Active
YINN,DIREXION DAILY FTSE CHINA BULL 3X SHARES ,NYSE,ETF,2009-12-03,,Active
YONG,Yongye International Inc,NASDAQ,Stock,2009-09-03,,Active
YORW,York Water Company,NASDAQ,Stock,1999-05-03,,Active
YPF,YPF,NYSE,Stock,1993-06-29,,Active
YUM,Yum Brands Inc,NYSE,Stock,1997-09-17,,Active
YUMA,Yuma Energy Inc,NYSE,Stock,1997-01-02,,Active
YZC,Yanzhou Coal Mining Company Ltd ADR,NYSE,Stock,1998-04-01,,Active
ZAAP,KURV APPLE (AAPL) 1.75X SHORT DAILY ETF ,NASDAQ,ETF,1998-02-23,,Active
ZAGG,Zagg Inc,NASDAQ,Stock,2007-09-04,,Active
ZBH,Zimmer Biomet Holdings Inc,NYSE,Stock,2001-07-25,,Active
ZBRA,Zebra Technologies Corp - Class A,NASDAQ,Stock,1991-08-15,,Active
ZD,Ziff Davis Inc,NASDAQ,Stock,1999-07-23,,Active
ZEP,Zep Inc,NYSE,Stock,2007-11-01,,Active
ZEUS,Olympic Steel Inc,NASDAQ,Stock,1994-03-10,,Active
ZF,Zweig Fund Inc,NYSE,ETF,1988-01-05,,Active
ZIGO,Zygo Corp,NASDAQ,Stock,1992-03-03,,Active
ZION,Zions Bancorporation N.A,NASDAQ,Stock,1990-03-26,,Active
ZIXI,Zix Corp,NASDAQ,Stock,1989-11-10,,Active
ZLC,Zale Corp,NYSE,Stock,1993-08-09,,Active
ZNB,Zeta Network Group - Class A,NASDAQ,Stock,2008-09-11,,Active
ZNH,China Southern Airlines Company Ltd,NYSE,Stock,1997-07-30,,Active
ZQK,Quiksilver Inc,NYSE,Stock,1990-03-26,,Active
ZROZ,PIMCO 25+ YEAR ZERO COUPON U.S. TREASURY INDEX EXCHANGE-TRADED FUND ,NYSE,ETF,2009-11-04,,Active
ZSL,ProShares UltraShort Silver -2x Shares,NYSE,ETF,2008-12-03,,Active
ZTM,Agritech Worldwide Inc,NYSE MKT,Stock,2008-09-15,,Active
ZTR,Virtus Total Return Fund Inc,NYSE,ETF,1989-06-30,,Active
ZUMZ,Zumiez Inc,NASDAQ,Stock,2005-05-06,,Active
ZXZZT,NASDAQ TEST STOCK,NASDAQ,Stock,2006-07-10,,Active
