Date,Open,High,Low,Close
2004-01-02,18.13,18.59,17.6,17.94
2004-01-05,17.82,17.85,16.69,16.71
2004-01-06,16.63,16.78,15.07,15.34
2004-01-07,15.75,16.14,14.75,14.85
2004-01-08,14.86,15.39,14.42,14.46
2004-01-09,15.67,16.21,15.23,15.94
2004-01-12,16.56,17.05,16.17,16.25
2004-01-13,16.63,17.86,16.38,16.87
2004-01-14,16.76,17.1,16.26,16.7
2004-01-15,16.61,17.31,16.04,16.23
2004-01-16,15.61,16.04,14.88,15.27
2004-01-20,15.66,15.83,14.91,14.91
2004-01-21,15.51,15.64,14.37,14.43
2004-01-22,14.39,15.34,14.39,15.01
2004-01-23,15.08,15.46,14.67,14.87
2004-01-26,14.87,15.28,14.21,14.32
2004-01-27,14.95,15.41,14.75,15.32
2004-01-28,15.26,17.11,15.24,17.1
2004-01-29,16.96,18.01,16.93,17.11
2004-01-30,17.72,17.77,16.82,17.05
2004-02-02,16.89,17.19,16.04,16.87
2004-02-03,17.42,17.72,16.92,17.06
2004-02-04,17.74,18.1,17.25,17.58
2004-02-05,18.18,18.39,17.66,17.75
2004-02-06,17.52,17.59,15.83,15.98
2004-02-09,16.35,16.47,15.65,15.77
2004-02-10,16.05,16.09,15.32,15.55
2004-02-11,16.09,16.26,14.8,14.88
2004-02-12,15.29,15.46,14.73,14.9
2004-02-13,15.18,16.25,14.73,15.63
2004-02-17,15.91,16.15,15.24,15.56
2004-02-18,15.83,16.14,15.29,15.74
2004-02-19,15.76,16.9,15.46,16.9
2004-02-20,16.56,17.23,16.04,16.25
2004-02-23,16.61,16.79,15.75,15.93
2004-02-24,16.59,16.72,15.47,15.82
2004-02-25,15.98,15.98,14.89,14.99
2004-02-26,15.4,15.59,14.59,14.65
2004-02-27,15.24,15.24,14.29,14.76
2004-03-01,14.94,14.94,14.15,14.18
2004-03-02,14.57,14.92,14.03,14.6
2004-03-03,14.86,15.46,14.6,14.61
2004-03-04,14.71,14.99,14.57,14.71
2004-03-05,14.93,14.99,14.09,14.8
2004-03-08,14.89,15.35,14.49,15.33
2004-03-09,16.07,16.89,15.93,16.37
2004-03-10,17.01,19.23,16.75,18.8
2004-03-11,20.04,21.71,18.35,21.71
2004-03-12,20.58,20.83,18.58,18.72
2004-03-15,19.51,21.64,19.22,21.38
2004-03-16,20.43,21.34,20.2,20.71
2004-03-17,19.68,19.73,18.07,18.14
2004-03-18,18.67,19.65,18.18,18.62
2004-03-19,18.71,19.4,18.25,19.16
2004-03-22,20.67,22.66,20.41,21.43
2004-03-23,21.31,21.78,19.7,20.45
2004-03-24,21.04,21.34,19.85,20.49
2004-03-25,19.61,19.99,17.65,17.76
2004-03-26,18.14,18.25,16.74,17.21
2004-03-29,16.7,16.7,15.8,15.96
2004-03-30,16.7,16.92,15.96,15.99
2004-03-31,16.7,16.9,16.19,16.73
2004-04-01,17.19,17.44,17.01,17.15
2004-04-02,15.99,16.3,15.48,15.56
2004-04-05,15.76,15.76,13.88,13.88
2004-04-06,14.93,14.96,14.34,14.49
2004-04-07,15.19,16.01,15.19,15.42
2004-04-08,14.91,16.6,14.73,15.83
2004-04-12,16.0,16.26,15.3,15.44
2004-04-13,15.48,18.06,15.47,17.5
2004-04-14,18.18,18.3,16.66,16.66
2004-04-15,16.67,17.24,16.1,16.24
2004-04-16,16.51,16.63,15.0,15.67
2004-04-19,15.6,16.11,15.08,15.23
2004-04-20,15.3,16.59,14.74,16.51
2004-04-21,17.54,17.59,15.58,15.66
2004-04-22,16.22,16.36,14.17,14.59
2004-04-23,14.34,14.99,13.98,14.22
2004-04-26,14.06,15.26,13.91,14.94
2004-04-27,14.89,15.36,14.24,14.98
2004-04-28,16.25,17.1,16.25,16.72
2004-04-29,17.31,18.01,16.23,17.3
2004-04-30,17.05,18.14,16.69,17.56
2004-05-03,17.89,17.89,16.57,16.63
2004-05-04,16.97,17.52,15.88,16.36
2004-05-05,16.59,17.14,16.06,16.23
2004-05-06,17.51,18.98,17.47,17.65
2004-05-07,17.17,19.3,17.13,19.07
2004-05-10,20.19,21.29,19.43,19.74
2004-05-11,19.14,19.14,18.13,18.49
2004-05-12,19.31,21.32,18.48,18.49
2004-05-13,18.96,19.78,18.41,19.39
2004-05-14,19.56,20.37,18.51,18.93
2004-05-17,21.02,21.42,20.32,21.03
2004-05-18,20.2,20.54,19.23,19.82
2004-05-19,18.78,19.48,17.6,19.37
2004-05-20,19.54,20.11,19.05,19.36
2004-05-21,19.15,19.69,18.62,19.16
2004-05-24,18.61,18.97,18.05,18.31
2004-05-25,18.95,19.21,15.63,15.91
2004-05-26,16.19,17.06,15.95,16.23
2004-05-27,15.9,16.39,15.37,15.53
2004-05-28,15.92,16.42,15.64,15.82
2004-06-01,16.93,17.6,16.47,16.67
2004-06-02,16.53,16.87,15.0,16.24
2004-06-03,17.0,17.45,16.44,17.29
2004-06-04,16.34,16.79,15.51,16.51
2004-06-07,15.86,15.87,14.61,14.7
2004-06-08,14.94,15.17,13.75,13.75
2004-06-09,14.66,14.82,14.26,14.76
2004-06-10,14.76,14.87,13.83,13.83
2004-06-14,15.62,16.33,15.48,16.15
2004-06-15,15.34,15.64,14.61,15.0
2004-06-16,15.28,15.35,14.48,14.66
2004-06-17,15.08,15.97,14.87,15.04
2004-06-18,15.29,15.42,14.44,14.75
2004-06-21,15.11,15.24,14.42,14.63
2004-06-22,15.16,15.54,14.02,14.1
2004-06-23,13.9,14.56,13.37,13.63
2004-06-24,14.17,14.64,13.95,14.39
2004-06-25,14.78,15.13,14.37,14.89
2004-06-28,15.03,15.86,14.65,15.6
2004-06-29,16.45,16.45,15.37,15.37
2004-06-30,15.52,15.97,13.81,13.99
2004-07-01,14.48,15.99,14.4,15.08
2004-07-02,15.67,15.82,14.84,15.09
2004-07-06,16.29,16.94,15.55,16.17
2004-07-07,16.37,16.37,15.27,15.75
2004-07-08,15.67,16.29,15.37,16.05
2004-07-09,15.7,16.11,15.4,15.49
2004-07-12,16.5,17.13,15.8,16.07
2004-07-13,15.85,16.2,15.33,15.68
2004-07-14,16.02,16.16,14.43,15.02
2004-07-15,15.41,15.74,14.96,15.73
2004-07-16,15.1,15.37,14.54,15.35
2004-07-19,15.23,15.94,14.72,14.95
2004-07-20,15.4,15.85,14.45,14.58
2004-07-21,14.45,16.14,14.15,16.14
2004-07-22,16.8,17.86,15.41,15.82
2004-07-23,16.35,17.18,16.29,16.63
2004-07-26,17.33,17.85,16.88,17.0
2004-07-27,17.14,17.14,15.7,15.7
2004-07-28,16.29,17.56,15.39,15.88
2004-07-29,16.12,16.24,15.22,15.46
2004-07-30,16.04,16.31,15.34,15.4
2004-08-02,16.03,16.16,14.58,14.62
2004-08-03,15.19,15.44,14.8,15.21
2004-08-04,16.07,16.41,15.17,15.78
2004-08-05,15.93,18.2,15.84,18.12
2004-08-06,19.43,20.72,19.28,20.24
2004-08-09,19.47,19.76,18.06,18.46
2004-08-10,18.34,18.5,16.9,16.9
2004-08-11,18.19,18.5,17.3,17.53
2004-08-12,18.17,19.53,18.13,19.16
2004-08-13,19.56,20.03,18.68,18.77
2004-08-16,18.92,18.98,17.39,17.56
2004-08-17,17.41,17.66,16.98,17.19
2004-08-18,17.7,17.8,16.27,16.48
2004-08-19,16.76,17.64,16.56,17.27
2004-08-20,17.27,17.42,16.03,16.3
2004-08-23,16.62,16.92,15.4,15.86
2004-08-24,15.5,15.87,14.91,15.21
2004-08-25,15.7,15.73,14.42,14.63
2004-08-26,15.12,15.23,14.56,14.87
2004-08-27,15.06,15.22,14.57,14.79
2004-08-30,14.99,15.28,14.71,15.11
2004-08-31,15.1,16.09,14.92,14.98
2004-09-01,15.59,15.62,14.57,14.98
2004-09-02,15.24,15.26,14.2,14.37
2004-09-03,14.32,14.54,13.9,13.91
2004-09-07,14.17,14.54,13.55,13.58
2004-09-08,14.05,14.11,13.58,13.7
2004-09-09,14.08,14.39,13.34,13.75
2004-09-10,14.43,14.43,13.19,13.49
2004-09-13,13.92,14.0,13.12,13.4
2004-09-14,13.69,14.01,13.29,13.55
2004-09-15,13.87,14.79,13.78,14.77
2004-09-16,14.63,14.76,14.15,14.44
2004-09-17,14.32,14.92,13.55,13.55
2004-09-20,14.3,14.69,13.78,13.78
2004-09-21,14.14,14.15,12.66,12.86
2004-09-22,13.93,14.96,13.8,14.57
2004-09-23,15.16,15.47,14.62,14.87
2004-09-24,15.15,15.15,13.94,14.14
2004-09-27,14.61,14.76,14.07,14.3
2004-09-28,14.11,14.68,13.05,13.23
2004-09-29,13.54,13.81,12.55,12.81
2004-09-30,13.42,13.68,13.1,13.44
2004-10-01,12.89,13.06,12.43,12.55
2004-10-04,12.67,13.23,12.6,13.11
2004-10-05,13.36,13.92,13.2,13.27
2004-10-06,14.17,14.18,12.91,13.0
2004-10-07,13.63,14.59,13.37,14.56
2004-10-08,14.34,15.5,13.57,14.95
2004-10-11,15.36,15.54,14.7,14.99
2004-10-12,15.93,16.1,14.87,15.17
2004-10-13,15.35,16.7,14.99,16.25
2004-10-14,16.11,17.8,15.78,17.13
2004-10-15,16.72,17.53,15.46,15.89
2004-10-18,16.09,16.27,14.69,14.69
2004-10-19,14.9,15.64,14.46,15.63
2004-10-20,15.8,16.25,15.05,15.1
2004-10-21,15.68,15.97,14.86,14.99
2004-10-22,15.1,16.11,14.85,16.09
2004-10-25,16.62,17.34,16.4,16.87
2004-10-26,16.95,17.28,16.12,16.48
2004-10-27,17.28,17.39,15.97,16.13
2004-10-28,16.57,16.64,15.37,15.46
2004-10-29,15.82,16.69,15.62,16.57
2004-11-01,16.71,17.07,16.27,16.31
2004-11-02,16.57,17.02,15.56,16.85
2004-11-03,15.16,15.34,14.01,14.18
2004-11-04,14.26,14.35,13.05,14.21
2004-11-05,14.31,14.46,13.79,14.36
2004-11-08,14.57,14.92,13.77,13.92
2004-11-09,14.05,14.18,13.49,13.64
2004-11-10,13.73,14.08,13.18,13.63
2004-11-11,13.65,13.65,12.8,13.32
2004-11-12,13.94,14.33,13.56,14.05
2004-11-15,14.42,14.8,14.0,14.21
2004-11-16,14.66,14.69,13.79,14.0
2004-11-17,13.73,14.02,13.57,13.64
2004-11-18,14.2,14.52,13.87,13.95
2004-11-19,14.14,14.85,13.78,14.6
2004-11-22,14.03,14.28,13.48,13.58
2004-11-23,13.28,13.71,12.81,13.08
2004-11-24,13.11,13.48,12.82,12.97
2004-11-26,13.4,13.56,13.22,13.55
2004-11-29,13.39,14.03,13.34,13.46
2004-11-30,13.96,14.17,13.53,13.54
2004-12-01,13.77,13.85,13.26,13.46
2004-12-02,14.13,14.21,13.58,13.91
2004-12-03,13.76,14.22,13.38,13.61
2004-12-06,13.9,14.29,13.37,13.57
2004-12-07,13.76,14.41,13.59,14.18
2004-12-08,14.48,14.55,13.65,13.72
2004-12-09,14.34,14.59,13.23,13.23
2004-12-10,13.83,13.83,13.08,13.2
2004-12-13,13.35,13.77,12.8,13.55
2004-12-14,13.64,14.07,13.29,13.45
2004-12-15,13.75,14.14,13.0,13.16
2004-12-16,13.37,13.72,12.57,13.01
2004-12-17,13.38,13.64,12.4,12.71
2004-12-20,12.61,13.63,12.28,13.61
2004-12-21,12.08,12.23,11.35,11.52
2004-12-22,12.18,12.18,11.58,11.81
2004-12-23,12.06,12.06,11.21,11.23
2004-12-27,11.99,12.34,11.53,12.16
2004-12-28,12.32,12.47,12.12,12.31
2004-12-29,12.6,12.84,12.46,12.47
2004-12-30,12.74,12.96,12.67,12.86
2004-12-31,13.17,13.69,13.06,13.58
2005-01-03,13.48,14.29,13.46,14.2
2005-01-04,13.93,14.96,13.89,14.13
2005-01-05,14.37,14.37,13.49,13.97
2005-01-06,14.5,14.69,13.89,14.17
2005-01-07,14.16,14.24,13.58,13.85
2005-01-10,14.1,14.22,12.99,13.17
2005-01-11,13.77,13.92,12.9,13.03
2005-01-12,13.53,13.78,12.77,12.79
2005-01-13,13.34,13.42,12.59,13.07
2005-01-14,13.14,13.28,12.62,12.85
2005-01-18,13.48,13.66,12.56,12.67
2005-01-19,13.18,13.79,12.77,13.74
2005-01-20,14.14,14.52,13.8,14.34
2005-01-21,14.15,14.55,13.43,14.55
2005-01-24,14.63,14.66,13.88,14.53
2005-01-25,14.02,14.23,13.41,13.63
2005-01-26,13.44,13.6,12.78,13.07
2005-01-27,13.23,13.34,12.76,12.78
2005-01-28,12.97,13.58,12.6,13.33
2005-01-31,12.69,12.97,12.3,12.37
2005-02-01,12.64,12.77,11.6,11.62
2005-02-02,12.0,12.05,11.22,11.38
2005-02-03,11.85,12.24,11.71,11.78
2005-02-04,12.04,12.04,10.75,10.92
2005-02-07,11.24,11.48,11.1,11.21
2005-02-08,11.57,11.57,11.08,11.22
2005-02-09,11.45,12.14,11.42,12.12
2005-02-10,12.05,12.28,11.38,11.54
2005-02-11,11.73,11.87,11.06,11.33
2005-02-14,11.75,11.86,11.43,11.59
2005-02-15,11.69,11.69,11.14,11.4
2005-02-16,11.74,11.83,11.1,11.31
2005-02-17,11.29,12.04,11.18,11.68
2005-02-18,12.06,12.07,10.9,11.05
2005-02-22,12.01,12.92,11.51,12.83
2005-02-23,12.74,12.79,11.9,12.28
2005-02-24,12.19,12.45,11.17,11.3
2005-02-25,11.37,11.4,10.86,11.27
2005-02-28,11.79,12.36,11.54,11.86
2005-03-01,11.77,12.16,11.63,11.78
2005-03-02,12.6,12.78,12.17,12.59
2005-03-03,12.65,13.24,12.39,12.56
2005-03-04,12.43,12.5,11.96,12.05
2005-03-07,12.06,12.13,11.6,11.64
2005-03-08,11.98,12.25,11.75,11.95
2005-03-09,12.32,12.79,11.98,12.59
2005-03-10,12.89,13.03,12.44,12.53
2005-03-11,12.6,13.16,12.4,12.96
2005-03-14,13.09,13.39,12.59,12.62
2005-03-15,12.68,13.11,12.31,12.85
2005-03-16,13.74,14.23,13.4,13.85
2005-03-17,13.58,13.92,13.15,13.51
2005-03-18,13.49,13.88,12.84,12.9
2005-03-21,13.19,13.7,12.77,12.97
2005-03-22,12.98,13.97,11.87,13.75
2005-03-23,13.88,14.13,13.23,13.39
2005-03-24,13.14,13.19,12.28,12.88
2005-03-28,13.09,13.15,12.74,13.15
2005-03-29,13.24,14.06,12.88,13.93
2005-03-30,13.95,14.14,13.09,13.3
2005-03-31,13.38,13.84,13.3,13.62
2005-04-01,13.18,14.49,13.03,13.97
2005-04-04,14.19,14.54,13.36,13.49
2005-04-05,13.44,13.55,13.16,13.29
2005-04-06,12.95,13.14,12.58,12.62
2005-04-07,13.04,13.08,12.11,12.23
2005-04-08,12.17,12.5,11.95,12.1
2005-04-11,12.78,13.09,12.44,12.59
2005-04-12,12.72,13.18,11.45,11.64
2005-04-13,11.96,13.16,11.69,12.99
2005-04-14,13.14,14.45,12.86,14.28
2005-04-15,15.53,16.65,14.6,16.65
2005-04-18,17.33,17.66,15.95,16.12
2005-04-19,15.31,15.45,14.37,14.43
2005-04-20,15.14,16.85,14.09,16.83
2005-04-21,15.23,15.68,13.33,13.63
2005-04-22,14.26,15.96,13.64,14.65
2005-04-25,14.27,14.35,13.65,13.79
2005-04-26,14.17,14.51,13.43,14.26
2005-04-27,15.25,15.49,13.59,13.9
2005-04-28,14.88,16.66,14.41,16.56
2005-04-29,15.61,17.27,15.12,15.18
2005-05-02,14.87,15.24,14.23,14.44
2005-05-03,14.85,15.1,14.58,14.62
2005-05-04,14.19,14.56,12.81,13.13
2005-05-05,13.14,14.07,12.76,13.34
2005-05-06,12.86,13.54,12.74,13.3
2005-05-09,13.38,13.75,12.61,12.61
2005-05-10,13.64,14.75,13.54,14.17
2005-05-11,14.54,15.67,13.64,13.78
2005-05-12,14.21,15.9,13.99,15.74
2005-05-13,16.22,17.58,15.31,16.71
2005-05-16,16.68,16.74,14.73,14.76
2005-05-17,15.51,15.96,13.82,13.83
2005-05-18,13.5,13.89,12.44,12.91
2005-05-19,12.83,13.0,12.34,12.34
2005-05-20,12.74,12.91,11.97,12.16
2005-05-23,11.17,12.34,11.06,11.44
2005-05-24,11.86,12.08,11.14,11.22
2005-05-25,11.92,12.14,11.36,11.49
2005-05-26,11.36,11.47,10.68,11.01
2005-05-27,11.41,11.66,11.14,11.26
2005-05-31,12.5,12.8,11.86,12.5
2005-06-01,12.46,12.57,11.07,11.38
2005-06-02,11.85,11.99,11.29,11.35
2005-06-03,11.47,12.18,11.29,11.56
2005-06-06,12.04,12.04,11.29,11.48
2005-06-07,11.3,11.75,10.75,11.7
2005-06-08,11.91,12.62,11.67,12.41
2005-06-09,12.7,13.03,11.84,11.89
2005-06-10,11.87,12.47,11.53,11.62
2005-06-13,11.82,11.95,10.99,11.5
2005-06-14,11.36,11.72,10.97,11.12
2005-06-15,11.26,11.74,10.74,10.74
2005-06-16,10.84,11.05,10.48,10.84
2005-06-17,10.76,11.17,10.38,10.97
2005-06-20,11.34,11.54,10.37,10.53
2005-06-21,10.79,10.82,10.08,10.16
2005-06-22,10.19,10.79,10.18,10.35
2005-06-23,10.65,11.56,10.3,11.56
2005-06-24,11.97,12.07,11.4,11.77
2005-06-27,11.69,12.02,11.34,11.5
2005-06-28,11.42,11.52,10.63,10.71
2005-06-29,10.7,11.0,10.58,10.83
2005-06-30,11.21,11.41,10.94,11.35
2005-07-01,11.17,11.2,10.63,10.63
2005-07-05,11.83,11.83,10.67,10.93
2005-07-06,11.18,11.89,11.01,11.71
2005-07-07,12.92,13.32,11.91,11.92
2005-07-08,11.91,11.97,10.66,10.82
2005-07-11,10.45,10.95,10.24,10.67
2005-07-12,11.02,11.28,10.65,10.82
2005-07-13,11.26,11.42,10.6,10.8
2005-07-14,10.3,11.09,10.18,10.75
2005-07-15,10.48,10.75,9.8,10.04
2005-07-18,10.38,10.69,10.01,10.07
2005-07-19,10.07,10.24,9.56,9.73
2005-07-20,10.13,10.49,9.12,9.47
2005-07-21,10.15,10.83,9.89,10.57
2005-07-22,10.57,10.73,10.04,10.16
2005-07-25,10.19,10.66,9.94,10.43
2005-07-26,10.59,10.63,9.92,9.96
2005-07-27,10.01,10.37,9.49,9.49
2005-07-28,9.61,10.1,9.54,9.74
2005-07-29,10.26,11.07,9.97,11.07
2005-08-01,11.11,11.52,10.81,11.31
2005-08-02,11.07,11.25,10.7,10.74
2005-08-03,11.11,11.23,10.75,10.92
2005-08-04,11.63,11.84,11.42,11.59
2005-08-05,11.88,12.26,11.67,11.7
2005-08-08,11.83,12.24,11.17,11.89
2005-08-09,11.74,11.82,11.13,11.35
2005-08-10,11.11,12.14,10.55,11.86
2005-08-11,11.75,12.07,11.29,11.47
2005-08-12,11.96,12.59,11.67,12.07
2005-08-15,12.3,12.67,11.64,11.9
2005-08-16,12.06,12.96,11.91,12.96
2005-08-17,12.9,12.93,12.03,12.39
2005-08-18,12.95,13.19,12.31,12.79
2005-08-19,12.63,12.67,11.87,12.5
2005-08-22,12.0,12.67,11.71,12.0
2005-08-23,12.23,13.03,11.92,12.08
2005-08-24,12.64,13.15,11.58,12.95
2005-08-25,13.05,13.32,12.58,12.61
2005-08-26,12.99,13.44,10.92,12.55
2005-08-29,13.07,13.12,11.72,11.95
2005-08-30,12.66,13.28,12.2,12.3
2005-08-31,12.43,13.0,11.77,11.78
2005-09-01,12.22,12.84,11.76,12.61
2005-09-02,12.5,12.96,12.27,12.95
2005-09-06,12.79,13.03,11.94,12.02
2005-09-07,12.4,12.53,11.25,11.3
2005-09-08,11.85,12.14,11.57,11.71
2005-09-09,11.73,11.82,10.93,10.98
2005-09-12,11.21,11.59,11.04,11.24
2005-09-13,11.66,12.34,11.5,11.96
2005-09-14,12.4,12.68,11.89,12.13
2005-09-15,11.98,12.35,11.72,11.99
2005-09-16,11.6,11.98,10.64,10.84
2005-09-19,11.06,11.71,10.95,11.13
2005-09-20,11.33,12.36,10.88,12.01
2005-09-21,13.05,13.37,12.52,13.17
2005-09-22,13.94,14.16,12.77,12.78
2005-09-23,13.68,13.68,12.36,12.63
2005-09-26,12.31,12.9,11.81,12.1
2005-09-27,12.58,12.99,12.08,12.19
2005-09-28,12.17,12.8,11.79,12.09
2005-09-29,12.68,13.11,11.57,11.62
2005-09-30,12.28,12.35,11.6,11.69
2005-10-03,11.55,12.19,11.41,11.63
2005-10-04,12.13,12.87,11.55,12.56
2005-10-05,13.0,14.73,12.96,14.69
2005-10-06,14.75,15.98,14.33,15.28
2005-10-07,14.8,15.51,14.79,15.04
2005-10-10,15.23,15.95,14.87,15.65
2005-10-11,15.05,15.65,14.89,15.46
2005-10-12,15.84,16.28,15.1,15.48
2005-10-13,16.39,16.94,15.74,16.06
2005-10-14,15.86,16.46,14.47,14.6
2005-10-17,14.69,14.95,14.12,14.17
2005-10-18,14.87,15.32,14.39,14.96
2005-10-19,15.72,16.05,13.7,13.8
2005-10-20,14.09,15.98,13.96,15.98
2005-10-21,15.76,16.59,15.33,15.87
2005-10-24,14.67,15.32,13.49,13.74
2005-10-25,14.06,14.72,13.5,13.71
2005-10-26,14.01,14.56,13.32,14.19
2005-10-27,14.38,16.0,14.38,15.91
2005-10-28,15.25,15.92,13.77,13.8
2005-10-31,13.43,13.69,13.25,13.65
2005-11-01,14.46,14.55,13.88,14.07
2005-11-02,14.04,14.05,12.7,12.82
2005-11-03,12.5,12.71,11.75,12.37
2005-11-04,12.5,13.21,12.27,12.51
2005-11-07,12.64,13.08,11.93,12.02
2005-11-08,12.66,12.81,12.22,12.45
2005-11-09,12.78,12.93,11.7,12.14
2005-11-10,12.53,12.77,11.2,11.36
2005-11-11,11.54,11.73,10.97,11.15
2005-11-14,11.76,11.94,11.4,11.6
2005-11-15,11.83,12.34,11.34,12.08
2005-11-16,12.33,12.4,11.74,11.82
2005-11-17,11.41,11.78,10.88,11.0
2005-11-18,10.9,13.47,10.38,10.55
2005-11-21,10.59,10.82,9.81,9.97
2005-11-22,10.28,10.52,9.76,10.03
2005-11-23,10.35,10.68,10.08,10.56
2005-11-25,10.87,11.17,10.54,10.7
2005-11-28,11.22,11.63,11.11,11.42
2005-11-29,11.35,11.67,10.99,11.33
2005-11-30,11.36,11.82,11.12,11.78
2005-12-01,11.35,11.53,10.89,11.12
2005-12-02,11.09,11.25,10.57,10.67
2005-12-05,11.11,11.3,10.91,10.94
2005-12-06,10.92,11.27,10.61,11.22
2005-12-07,11.38,12.35,11.26,11.84
2005-12-08,12.29,12.56,11.57,12.02
2005-12-09,12.2,12.5,11.41,11.49
2005-12-12,11.06,11.82,10.97,11.03
2005-12-13,11.64,11.64,10.25,10.56
2005-12-14,10.47,10.96,10.34,10.95
2005-12-15,10.75,11.1,10.34,10.34
2005-12-16,10.24,10.57,9.9,10.24
2005-12-19,10.49,10.98,10.08,10.66
2005-12-20,10.6,11.25,10.41,10.62
2005-12-21,10.62,10.66,9.9,10.38
2005-12-22,10.65,10.78,9.84,9.95
2005-12-23,10.31,10.5,9.84,9.87
2005-12-27,10.4,11.58,10.26,11.3
2005-12-28,11.41,11.56,11.02,11.12
2005-12-29,11.33,11.53,10.95,11.31
2005-12-30,11.71,12.11,11.35,11.77
2006-01-03,11.74,12.31,10.56,10.84
2006-01-04,11.12,11.68,10.9,11.37
2006-01-05,11.62,11.86,11.32,11.63
2006-01-06,11.66,11.73,10.82,10.99
2006-01-09,11.2,11.29,10.72,10.74
2006-01-10,11.08,11.43,10.73,10.73
2006-01-11,10.94,11.34,10.53,10.66
2006-01-12,11.07,11.45,10.82,11.2
2006-01-13,11.42,11.56,11.04,11.07
2006-01-17,12.14,12.58,11.96,12.06
2006-01-18,12.82,12.91,12.14,12.32
2006-01-19,12.06,12.43,11.47,11.72
2006-01-20,11.91,14.09,11.72,14.09
2006-01-23,13.89,14.28,12.89,13.06
2006-01-24,13.05,13.16,12.23,12.61
2006-01-25,12.31,12.95,11.83,12.31
2006-01-26,12.3,12.47,11.56,11.7
2006-01-27,11.67,11.81,10.98,11.4
2006-01-30,11.56,11.69,11.41,11.54
2006-01-31,12.02,12.59,12.0,12.19
2006-02-01,12.53,12.63,11.89,11.99
2006-02-02,12.37,13.4,12.31,13.07
2006-02-03,13.64,13.83,12.48,12.89
2006-02-06,12.7,12.89,12.11,12.33
2006-02-07,12.6,13.52,12.6,13.06
2006-02-08,13.19,13.48,12.38,12.41
2006-02-09,12.36,12.63,11.83,12.36
2006-02-10,12.82,13.71,12.14,12.21
2006-02-13,12.94,13.71,12.69,13.1
2006-02-14,13.3,13.49,11.82,12.11
2006-02-15,12.3,12.68,11.66,11.82
2006-02-16,11.79,12.0,10.79,10.97
2006-02-17,10.98,11.45,10.58,10.97
2006-02-21,11.29,11.93,11.19,11.39
2006-02-22,11.38,11.53,10.72,10.79
2006-02-23,11.3,11.39,10.59,11.07
2006-02-24,11.13,11.22,10.59,10.62
2006-02-27,10.68,10.85,10.36,10.48
2006-02-28,11.06,12.05,10.99,11.84
2006-03-01,11.5,11.88,10.77,10.77
2006-03-02,11.35,11.8,11.17,11.44
2006-03-03,12.06,12.15,11.05,11.56
2006-03-06,11.83,12.74,11.65,12.17
2006-03-07,12.92,13.1,12.32,12.4
2006-03-08,12.85,12.94,11.79,11.94
2006-03-09,11.98,12.44,11.84,12.27
2006-03-10,12.68,12.68,11.6,11.66
2006-03-13,11.3,11.77,11.05,11.6
2006-03-14,10.82,11.29,10.74,11.19
2006-03-15,11.16,11.36,10.83,11.09
2006-03-16,11.28,11.54,10.84,11.42
2006-03-17,11.5,11.57,10.86,11.19
2006-03-20,11.33,11.7,10.94,11.04
2006-03-21,11.17,11.3,10.55,10.8
2006-03-22,10.93,10.93,10.15,10.31
2006-03-23,10.56,10.97,10.39,10.48
2006-03-24,10.76,10.87,10.43,10.43
2006-03-27,10.73,10.91,10.32,10.52
2006-03-28,10.86,11.14,10.56,10.92
2006-03-29,10.88,10.95,10.1,10.19
2006-03-30,10.35,11.2,10.21,10.88
2006-03-31,10.88,11.29,10.88,11.12
2006-04-03,10.95,11.01,10.53,10.93
2006-04-04,11.17,11.33,10.54,10.7
2006-04-05,10.93,11.05,10.56,10.6
2006-04-06,11.02,11.62,10.89,11.04
2006-04-07,10.96,12.07,10.96,12.01
2006-04-10,12.17,12.27,11.58,11.67
2006-04-11,11.83,12.9,11.83,12.6
2006-04-12,12.72,12.73,12.0,12.07
2006-04-13,12.58,12.74,11.76,11.82
2006-04-17,12.67,12.86,12.05,12.44
2006-04-18,12.12,12.38,10.87,11.04
2006-04-19,11.15,11.51,10.61,10.66
2006-04-20,10.86,11.02,10.26,10.71
2006-04-21,10.67,11.0,10.06,10.77
2006-04-24,11.34,11.45,10.36,10.43
2006-04-25,10.61,11.27,10.46,10.52
2006-04-26,10.48,10.83,10.17,10.54
2006-04-27,11.52,11.66,10.44,10.77
2006-04-28,11.23,11.23,10.57,10.79
2006-05-01,10.87,11.8,10.68,11.64
2006-05-02,11.29,11.63,11.04,11.13
2006-05-03,11.49,11.96,11.24,11.45
2006-05-04,11.24,11.46,11.01,11.19
2006-05-05,10.85,11.18,10.62,11.05
2006-05-08,11.3,11.4,10.87,11.02
2006-05-09,11.39,11.56,11.11,11.33
2006-05-10,11.62,12.03,11.35,11.4
2006-05-11,11.45,12.59,11.45,12.2
2006-05-12,12.78,13.58,12.45,13.52
2006-05-15,13.94,14.32,12.71,12.87
2006-05-16,12.97,13.12,12.05,12.34
2006-05-17,13.66,15.51,13.26,14.98
2006-05-18,14.83,15.96,14.66,15.82
2006-05-19,16.15,17.32,15.04,15.58
2006-05-22,16.66,17.99,15.45,16.07
2006-05-23,14.71,16.0,13.66,15.92
2006-05-24,17.35,19.0,16.01,16.56
2006-05-25,15.01,15.21,13.99,14.15
2006-05-26,13.59,14.03,12.9,13.08
2006-05-30,14.66,18.0,14.66,17.85
2006-05-31,17.0,17.0,15.54,15.59
2006-06-01,15.76,15.76,13.05,13.34
2006-06-02,13.4,14.45,12.79,13.16
2006-06-05,13.94,16.49,13.71,16.35
2006-06-06,16.71,18.3,16.53,16.6
2006-06-07,16.97,17.09,15.08,17.05
2006-06-08,17.22,20.68,17.08,17.44
2006-06-09,17.83,18.2,16.65,17.48
2006-06-12,17.46,19.71,17.35,19.69
2006-06-13,19.75,22.45,19.21,22.25
2006-06-14,22.11,22.18,20.5,20.57
2006-06-15,18.88,18.91,14.42,14.79
2006-06-16,15.32,17.17,14.74,14.92
2006-06-19,14.89,16.58,14.87,15.76
2006-06-20,15.78,15.99,14.68,15.52
2006-06-21,14.74,14.76,13.17,14.23
2006-06-22,14.6,15.58,14.49,15.1
2006-06-23,15.5,15.55,14.43,14.94
2006-06-26,15.45,15.64,14.33,14.33
2006-06-27,14.18,15.85,14.18,15.75
2006-06-28,15.77,16.28,15.49,15.62
2006-06-29,14.88,14.88,12.28,12.28
2006-06-30,12.15,12.86,11.84,12.44
2006-07-03,12.2,12.34,11.33,11.59
2006-07-05,13.1,13.92,12.94,13.25
2006-07-06,13.03,13.14,12.47,12.71
2006-07-07,13.36,14.0,12.95,13.48
2006-07-10,13.27,13.98,12.89,13.24
2006-07-11,13.61,14.19,12.6,12.76
2006-07-12,12.72,14.4,12.68,14.11
2006-07-13,15.2,18.25,15.2,17.92
2006-07-14,18.18,19.31,17.82,18.0
2006-07-17,17.46,17.93,17.33,17.57
2006-07-18,17.55,18.81,17.17,17.24
2006-07-19,16.17,16.28,13.67,14.17
2006-07-20,14.48,15.76,14.03,15.54
2006-07-21,15.56,16.55,15.51,16.55
2006-07-24,15.73,15.93,13.41,14.07
2006-07-25,14.58,14.95,12.82,13.32
2006-07-26,14.13,14.53,12.97,13.27
2006-07-27,13.2,14.75,13.2,14.44
2006-07-28,13.58,14.27,13.01,13.44
2006-07-31,13.91,14.13,13.43,13.77
2006-08-01,14.63,15.12,13.76,14.12
2006-08-02,13.53,14.01,12.79,13.68
2006-08-03,14.79,14.82,13.53,14.01
2006-08-04,13.42,14.68,13.42,14.0
2006-08-07,14.59,14.93,14.21,14.4
2006-08-08,14.86,15.32,14.2,14.57
2006-08-09,14.09,14.89,13.33,14.75
2006-08-10,15.44,15.53,13.98,14.01
2006-08-11,14.56,14.75,14.13,14.25
2006-08-14,13.52,14.03,12.67,13.74
2006-08-15,13.12,13.7,12.55,12.62
2006-08-16,12.78,12.92,11.78,12.08
2006-08-17,12.26,12.4,11.54,11.57
2006-08-18,11.78,12.16,10.74,11.0
2006-08-21,11.76,11.76,10.91,11.05
2006-08-22,11.39,11.52,10.78,11.04
2006-08-23,11.32,11.85,11.12,11.26
2006-08-24,11.27,11.71,11.1,11.3
2006-08-25,11.39,11.67,11.12,11.29
2006-08-28,11.58,11.58,10.62,10.93
2006-08-29,11.23,11.86,10.75,10.89
2006-08-30,11.39,11.4,10.92,11.02
2006-08-31,11.3,11.43,11.04,11.31
2006-09-01,11.21,11.56,10.82,11.02
2006-09-05,11.54,11.75,11.23,11.24
2006-09-06,12.09,12.72,12.09,12.67
2006-09-07,13.11,13.62,12.45,12.86
2006-09-08,12.85,12.94,11.99,12.0
2006-09-11,12.98,13.46,12.23,12.55
2006-09-12,12.59,12.69,10.96,11.16
2006-09-13,11.66,11.81,10.76,10.9
2006-09-14,11.29,11.71,11.01,11.52
2006-09-15,11.5,11.5,10.7,11.01
2006-09-18,11.15,11.41,10.49,10.64
2006-09-19,11.06,11.88,10.76,10.85
2006-09-20,10.67,10.81,10.19,10.52
2006-09-21,10.84,11.96,10.49,11.96
2006-09-22,12.29,13.0,12.01,12.2
2006-09-25,12.06,12.55,10.95,11.11
2006-09-26,11.23,11.31,10.29,10.29
2006-09-27,10.66,11.14,10.5,11.04
2006-09-28,10.98,11.55,10.92,11.05
2006-09-29,11.25,11.61,11.19,11.35
2006-10-02,11.48,11.66,11.14,11.38
2006-10-03,11.89,11.89,10.9,11.25
2006-10-04,11.55,11.78,10.63,11.07
2006-10-05,11.65,11.84,11.28,11.4
2006-10-06,11.9,12.06,11.17,11.17
2006-10-09,11.51,11.62,10.72,10.81
2006-10-10,11.24,11.48,10.86,10.86
2006-10-11,11.39,11.65,10.7,11.08
2006-10-12,11.08,11.24,10.62,10.88
2006-10-13,11.01,11.12,10.19,10.26
2006-10-16,10.61,10.84,10.2,10.42
2006-10-17,11.38,11.95,10.9,11.12
2006-10-18,10.97,11.71,10.97,11.26
2006-10-19,11.37,11.37,10.53,10.57
2006-10-20,10.74,11.04,10.39,10.46
2006-10-23,10.59,10.77,10.05,10.54
2006-10-24,10.86,11.02,10.33,10.44
2006-10-25,10.6,11.0,10.12,10.43
2006-10-26,10.64,10.93,10.14,10.35
2006-10-27,10.7,11.16,10.36,10.73
2006-10-30,10.98,11.17,10.4,10.65
2006-10-31,10.93,11.04,10.33,10.41
2006-11-01,10.46,11.23,10.46,11.05
2006-11-02,11.65,11.78,11.0,11.0
2006-11-03,11.03,11.27,10.66,10.67
2006-11-06,10.81,10.91,10.26,10.47
2006-11-07,10.85,11.03,10.38,10.9
2006-11-08,11.16,11.23,10.42,10.46
2006-11-09,10.75,11.17,10.53,11.0
2006-11-10,11.05,11.16,10.61,10.61
2006-11-13,11.21,11.29,10.71,11.01
2006-11-14,11.03,11.68,10.37,10.89
2006-11-15,10.64,11.05,10.09,10.35
2006-11-16,10.58,10.65,9.95,10.15
2006-11-17,10.37,10.66,9.74,9.84
2006-11-20,10.13,10.13,9.4,9.57
2006-11-21,9.62,9.7,9.32,9.36
2006-11-22,9.34,9.86,9.32,9.4
2006-11-24,10.6,10.75,10.25,10.39
2006-11-27,10.62,11.97,10.55,11.58
2006-11-28,12.14,12.14,10.74,10.88
2006-11-29,10.59,10.78,9.97,10.23
2006-11-30,10.39,10.86,10.0,10.36
2006-12-01,10.45,12.14,10.45,11.44
2006-12-04,11.27,11.29,10.03,10.47
2006-12-05,10.73,10.96,10.33,10.6
2006-12-06,10.82,11.14,10.57,10.75
2006-12-07,10.55,12.05,10.55,11.96
2006-12-08,11.97,12.54,11.05,11.27
2006-12-11,11.42,11.62,10.8,11.1
2006-12-12,11.34,11.63,10.68,10.97
2006-12-13,10.23,10.85,10.05,10.15
2006-12-14,10.17,10.2,9.34,9.58
2006-12-15,9.5,10.02,9.0,9.97
2006-12-18,10.12,10.12,9.44,9.65
2006-12-19,10.82,10.96,9.53,9.68
2006-12-20,10.0,10.0,9.46,9.73
2006-12-21,9.77,10.73,9.71,9.98
2006-12-22,10.81,11.16,10.55,10.83
2006-12-26,11.21,11.35,10.39,10.45
2006-12-27,10.14,10.23,9.74,9.74
2006-12-28,10.31,10.62,10.03,10.41
2006-12-29,10.55,11.25,10.27,11.25
2007-01-03,11.63,12.43,10.98,11.57
2007-01-04,12.22,12.53,10.84,11.19
2007-01-05,11.92,12.27,11.54,11.87
2007-01-08,11.99,12.79,11.31,11.42
2007-01-09,11.79,12.4,11.42,11.83
2007-01-10,12.53,12.7,11.32,11.32
2007-01-11,11.45,11.45,10.46,10.59
2007-01-12,10.61,10.83,10.1,10.24
2007-01-16,10.76,11.08,10.45,10.47
2007-01-17,10.62,10.82,9.95,10.0
2007-01-18,10.34,10.83,10.07,10.31
2007-01-19,10.42,10.63,9.62,9.75
2007-01-22,9.9,10.52,9.86,10.15
2007-01-23,10.44,10.47,9.26,9.66
2007-01-24,9.42,9.83,8.99,9.05
2007-01-25,9.39,11.06,9.35,10.79
2007-01-26,10.9,11.6,10.43,10.71
2007-01-29,10.73,11.14,10.42,10.82
2007-01-30,11.23,11.48,10.6,10.66
2007-01-31,11.07,11.22,9.9,10.14
2007-02-01,10.02,10.53,9.82,9.96
2007-02-02,10.17,10.63,9.52,9.79
2007-02-05,10.07,10.42,9.85,9.99
2007-02-06,9.99,10.5,9.85,10.0
2007-02-07,10.06,10.16,9.68,9.72
2007-02-08,10.3,10.74,9.96,10.09
2007-02-09,9.9,11.55,9.83,10.86
2007-02-12,11.41,11.8,11.12,11.37
2007-02-13,11.08,11.13,9.85,9.99
2007-02-14,9.83,9.93,9.03,9.73
2007-02-15,10.18,10.37,9.78,9.88
2007-02-16,10.3,10.38,9.66,9.66
2007-02-20,10.36,10.46,9.71,9.95
2007-02-21,10.29,10.45,9.83,9.94
2007-02-22,10.14,10.59,9.99,10.11
2007-02-23,10.48,10.9,10.42,10.6
2007-02-26,10.51,11.33,10.36,11.07
2007-02-27,13.26,21.7,12.83,18.85
2007-02-28,17.6,17.93,15.11,15.93
2007-03-01,20.7,21.53,15.67,16.21
2007-03-02,16.93,19.55,16.65,19.12
2007-03-05,20.63,20.91,18.04,20.5
2007-03-06,17.91,18.29,15.65,15.94
2007-03-07,16.22,16.39,14.57,15.66
2007-03-08,14.56,15.01,13.63,15.01
2007-03-09,14.24,15.23,13.9,14.25
2007-03-12,14.3,14.82,12.98,13.56
2007-03-13,14.39,17.7,14.06,17.57
2007-03-14,17.35,20.15,16.02,16.39
2007-03-15,16.37,16.37,14.46,15.22
2007-03-16,15.26,16.65,14.84,16.39
2007-03-19,15.17,15.53,13.81,14.0
2007-03-20,14.49,14.73,12.87,13.0
2007-03-21,13.01,13.42,10.71,11.45
2007-03-22,11.75,12.44,11.34,12.28
2007-03-23,12.52,12.85,12.12,12.34
2007-03-26,12.71,14.36,12.16,12.24
2007-03-27,12.9,13.47,12.84,13.0
2007-03-28,14.37,15.54,14.16,14.97
2007-03-29,14.24,16.08,14.08,14.76
2007-03-30,14.37,15.89,14.01,14.41
2007-04-02,14.39,15.05,13.69,13.79
2007-04-03,13.24,13.32,11.95,12.68
2007-04-04,12.88,13.04,12.34,12.34
2007-04-05,12.94,12.98,11.83,12.05
2007-04-09,12.6,12.79,12.11,12.29
2007-04-10,12.32,12.46,11.66,11.73
2007-04-11,12.24,13.07,12.12,12.65
2007-04-12,13.34,13.48,11.9,11.97
2007-04-13,11.91,12.46,11.39,11.51
2007-04-16,11.37,11.56,11.02,11.25
2007-04-17,11.73,11.73,11.16,11.43
2007-04-18,11.76,12.04,11.22,11.73
2007-04-19,12.86,12.86,11.99,12.26
2007-04-20,11.66,12.42,11.6,11.67
2007-04-23,12.06,12.62,11.9,12.49
2007-04-24,12.64,13.31,12.49,12.56
2007-04-25,12.34,12.76,12.01,12.58
2007-04-26,13.1,13.75,12.24,12.55
2007-04-27,12.83,13.22,11.96,12.05
2007-04-30,12.6,13.34,12.13,13.34
2007-05-01,13.84,14.2,12.86,12.86
2007-05-02,12.91,12.96,12.17,12.53
2007-05-03,12.89,13.09,12.49,12.78
2007-05-04,12.76,13.16,12.34,12.66
2007-05-07,12.77,13.01,12.51,12.66
2007-05-08,13.15,13.58,12.92,12.96
2007-05-09,13.66,13.81,12.46,12.48
2007-05-10,13.23,14.05,13.03,14.0
2007-05-11,13.81,13.89,12.74,12.91
2007-05-14,13.48,14.62,13.32,14.09
2007-05-15,13.84,14.26,13.22,13.97
2007-05-16,14.03,14.31,12.99,13.27
2007-05-17,13.77,13.98,13.24,13.37
2007-05-18,13.43,13.48,12.34,12.34
2007-05-21,12.53,12.67,11.78,12.41
2007-05-22,12.79,13.04,11.9,12.4
2007-05-23,12.33,12.89,11.78,12.79
2007-05-24,13.02,14.13,12.49,13.81
2007-05-25,13.77,13.8,12.8,12.86
2007-05-29,13.29,13.63,12.82,12.99
2007-05-30,13.89,13.98,12.27,12.33
2007-05-31,12.36,13.07,12.33,12.76
2007-06-01,12.52,12.89,12.16,12.51
2007-06-04,13.0,13.1,12.56,12.73
2007-06-05,13.36,13.79,12.91,13.12
2007-06-06,14.05,15.24,14.03,14.58
2007-06-07,15.42,17.49,15.17,17.01
2007-06-08,17.6,17.6,14.68,14.73
2007-06-11,14.97,15.51,14.07,14.61
2007-06-12,15.34,16.28,14.47,16.01
2007-06-13,16.1,16.26,14.57,15.25
2007-06-14,14.42,14.44,13.45,13.69
2007-06-15,13.29,13.87,12.43,13.2
2007-06-18,13.39,14.12,12.97,13.14
2007-06-19,13.28,13.54,12.44,12.74
2007-06-20,12.81,14.72,12.57,14.72
2007-06-21,15.37,15.73,14.36,14.36
2007-06-22,15.04,17.05,14.9,16.97
2007-06-25,17.01,17.37,15.33,17.1
2007-06-26,16.64,18.26,16.43,18.23
2007-06-27,19.0,19.28,15.41,15.52
2007-06-28,16.09,16.1,14.99,15.61
2007-06-29,15.3,17.47,14.76,16.69
2007-07-02,15.68,15.85,14.72,14.78
2007-07-03,14.72,14.72,13.91,13.95
2007-07-05,15.05,15.72,14.58,14.73
2007-07-06,15.11,15.18,13.97,14.31
2007-07-09,14.51,14.91,14.04,14.38
2007-07-10,15.62,17.25,15.28,17.22
2007-07-11,17.71,18.38,16.51,16.56
2007-07-12,15.59,15.67,14.63,14.87
2007-07-13,15.43,15.52,14.65,15.05
2007-07-16,15.33,15.77,14.98,15.35
2007-07-17,15.41,15.68,15.2,15.47
2007-07-18,16.18,17.1,15.75,15.84
2007-07-19,15.11,15.74,14.86,15.08
2007-07-20,15.64,18.24,15.5,17.33
2007-07-23,16.89,17.19,15.9,16.55
2007-07-24,18.25,19.53,17.49,19.03
2007-07-25,17.78,19.89,17.58,18.27
2007-07-26,21.05,24.9,20.47,21.77
2007-07-27,22.43,25.21,20.95,25.09
2007-07-30,25.13,25.13,21.17,21.39
2007-07-31,20.59,25.18,19.86,25.18
2007-08-01,25.58,27.25,23.67,24.05
2007-08-02,23.17,23.54,21.16,21.68
2007-08-03,22.18,26.48,21.75,26.42
2007-08-06,26.09,27.25,21.25,21.51
2007-08-07,22.76,24.3,19.86,21.33
2007-08-08,20.55,23.12,18.88,21.73
2007-08-09,26.35,28.26,24.52,27.95
2007-08-10,32.62,32.62,28.32,29.08
2007-08-13,27.51,27.6,24.9,26.55
2007-08-14,25.72,28.47,25.59,28.24
2007-08-15,29.16,32.35,26.7,32.21
2007-08-16,32.53,37.69,30.6,30.77
2007-08-17,28.6,32.32,28.24,29.43
2007-08-20,29.25,29.25,25.11,25.62
2007-08-21,25.96,26.55,24.43,25.37
2007-08-22,23.21,24.52,22.67,22.68
2007-08-23,22.11,23.96,22.11,22.67
2007-08-24,22.66,22.86,20.16,20.4
2007-08-27,21.36,22.02,21.0,21.95
2007-08-28,23.12,26.41,22.97,26.41
2007-08-29,25.27,26.02,23.22,23.35
2007-08-30,25.32,25.45,23.68,24.78
2007-08-31,24.23,24.92,23.1,23.58
2007-09-04,24.17,24.17,21.19,22.12
2007-09-05,24.01,25.37,23.85,24.61
2007-09-06,25.05,26.11,20.79,24.02
2007-09-07,26.79,27.77,25.98,27.4
2007-09-10,27.37,29.51,26.65,27.53
2007-09-11,26.8,26.8,20.29,24.96
2007-09-12,26.47,26.47,25.04,25.56
2007-09-13,25.18,25.27,24.03,24.84
2007-09-14,26.97,27.2,25.45,25.45
2007-09-17,26.35,26.96,26.0,26.57
2007-09-18,26.71,26.84,18.94,20.75
2007-09-19,19.87,20.2,19.13,19.8
2007-09-20,20.58,20.8,19.83,20.54
2007-09-21,19.44,19.49,18.0,18.29
2007-09-24,18.29,19.13,17.5,18.83
2007-09-25,19.59,19.69,17.85,17.85
2007-09-26,17.68,17.79,16.84,17.41
2007-09-27,17.06,17.48,16.68,16.75
2007-09-28,17.2,18.35,14.13,18.18
2007-10-01,17.51,17.54,16.12,16.67
2007-10-02,17.17,18.27,17.09,17.47
2007-10-03,18.05,18.33,17.31,17.64
2007-10-04,18.04,18.24,17.52,18.02
2007-10-05,16.78,16.86,15.67,16.05
2007-10-08,16.66,16.91,16.42,16.49
2007-10-09,16.3,16.4,15.33,15.45
2007-10-10,16.14,16.99,16.05,16.29
2007-10-11,15.86,19.46,15.66,18.94
2007-10-12,18.85,19.01,17.37,17.42
2007-10-15,17.88,20.01,17.87,19.44
2007-10-16,20.29,20.81,19.89,20.0
2007-10-17,18.48,20.1,18.05,18.7
2007-10-18,19.27,19.99,18.26,18.32
2007-10-19,19.37,23.15,19.14,23.15
2007-10-22,23.63,24.76,21.47,21.53
2007-10-23,20.93,21.48,19.85,19.85
2007-10-24,20.95,24.28,13.18,20.96
2007-10-25,21.32,24.39,20.27,22.05
2007-10-26,20.97,21.51,19.85,20.12
2007-10-29,19.64,19.97,19.19,19.46
2007-10-30,20.85,21.57,20.74,21.41
2007-10-31,21.14,25.23,17.96,18.34
2007-11-01,21.62,24.78,17.77,24.45
2007-11-02,23.91,26.34,23.37,23.4
2007-11-05,25.23,25.49,23.3,23.67
2007-11-06,23.0,23.43,20.92,20.95
2007-11-07,23.68,27.87,23.43,27.87
2007-11-08,27.57,30.97,24.43,26.85
2007-11-09,29.8,30.46,26.99,29.01
2007-11-12,29.24,30.42,27.36,30.39
2007-11-13,27.05,27.14,24.16,24.23
2007-11-14,24.23,27.26,24.12,26.75
2007-11-15,28.02,30.35,12.35,29.02
2007-11-16,28.49,30.02,26.82,27.1
2007-11-19,27.16,27.83,23.58,26.88
2007-11-20,26.7,28.58,24.63,26.81
2007-11-21,28.58,29.75,26.57,28.42
2007-11-23,28.29,28.59,27.43,27.7
2007-11-26,28.15,31.07,27.91,31.07
2007-11-27,30.47,30.77,28.47,28.47
2007-11-28,27.55,27.55,25.82,26.3
2007-11-29,26.27,26.86,25.32,25.65
2007-11-30,24.75,25.53,24.14,24.81
2007-12-03,25.32,25.57,24.58,24.88
2007-12-04,26.21,26.29,24.99,25.29
2007-12-05,24.32,24.57,23.31,23.81
2007-12-06,24.51,24.51,22.62,22.62
2007-12-07,22.34,22.78,22.02,22.48
2007-12-10,22.76,22.76,21.62,22.01
2007-12-11,21.85,24.52,21.2,24.47
2007-12-12,22.27,25.97,22.27,24.77
2007-12-13,24.79,25.9,24.11,24.11
2007-12-14,25.67,25.68,24.17,25.52
2007-12-17,25.93,26.63,25.2,26.58
2007-12-18,26.23,26.91,24.53,25.08
2007-12-19,24.54,24.56,23.25,23.5
2007-12-20,22.65,23.93,22.42,22.42
2007-12-21,21.43,21.43,19.38,19.63
2007-12-24,19.32,19.38,18.63,18.88
2007-12-26,16.14,20.45,16.01,19.2
2007-12-27,20.13,21.4,20.0,21.22
2007-12-28,20.98,22.66,20.79,22.27
2007-12-31,22.72,23.35,22.44,23.19
2008-01-02,23.83,25.93,23.68,24.99
2008-01-03,25.32,25.79,23.9,24.55
2008-01-04,25.97,26.91,25.44,26.78
2008-01-07,26.69,27.31,24.83,25.14
2008-01-08,24.57,26.85,23.98,26.69
2008-01-09,27.32,28.37,25.76,25.76
2008-01-10,26.89,26.89,24.25,24.94
2008-01-11,26.67,27.28,25.63,26.71
2008-01-14,26.24,26.38,24.82,25.02
2008-01-15,26.67,27.71,25.81,26.11
2008-01-16,26.02,27.16,25.22,27.16
2008-01-17,27.31,32.23,27.17,32.1
2008-01-18,29.95,32.15,29.2,29.99
2008-01-22,39.02,39.02,32.62,33.24
2008-01-23,37.51,38.08,30.82,31.06
2008-01-24,29.82,30.76,29.06,29.26
2008-01-25,28.62,33.02,28.4,32.56
2008-01-28,32.16,32.6,29.07,29.12
2008-01-29,28.75,29.95,28.48,29.31
2008-01-30,30.21,30.86,26.39,28.96
2008-01-31,31.6,31.82,27.52,28.33
2008-02-01,27.51,27.93,25.29,25.64
2008-02-04,26.43,26.99,25.98,26.84
2008-02-05,29.31,30.17,28.75,30.1
2008-02-06,30.79,31.5,29.53,31.23
2008-02-07,31.87,32.3,28.77,29.61
2008-02-08,31.38,31.97,29.88,30.42
2008-02-11,30.89,31.31,28.66,28.69
2008-02-12,28.15,28.26,26.54,27.81
2008-02-13,27.5,28.17,26.09,26.67
2008-02-14,26.51,27.32,25.82,27.2
2008-02-15,27.48,28.0,27.01,27.33
2008-02-19,27.19,28.05,26.43,27.55
2008-02-20,28.14,28.6,25.77,25.96
2008-02-21,25.49,27.25,25.42,26.74
2008-02-22,27.7,28.68,26.51,26.51
2008-02-25,26.17,26.49,23.93,24.02
2008-02-26,24.75,25.01,22.75,23.23
2008-02-27,23.99,24.26,22.94,23.7
2008-02-28,25.23,25.62,24.37,24.98
2008-02-29,26.92,29.14,26.81,28.9
2008-03-03,30.13,30.7,28.35,28.35
2008-03-04,28.78,29.68,27.64,27.96
2008-03-05,28.12,28.19,25.97,27.01
2008-03-06,28.01,30.76,27.84,30.5
2008-03-07,32.0,32.43,29.94,30.35
2008-03-10,30.56,31.88,29.87,31.55
2008-03-11,29.14,30.97,27.9,27.9
2008-03-12,28.28,29.24,27.03,29.15
2008-03-13,32.07,32.47,28.74,29.68
2008-03-14,30.06,36.8,30.06,34.14
2008-03-17,37.02,37.17,32.2,34.3
2008-03-18,31.66,31.81,27.44,27.56
2008-03-19,27.06,31.77,26.65,31.77
2008-03-20,31.61,31.61,27.36,27.51
2008-03-24,28.07,28.14,25.2,26.3
2008-03-25,26.28,27.47,25.58,26.3
2008-03-26,27.77,28.93,26.69,27.2
2008-03-27,27.02,28.11,26.46,27.75
2008-03-28,28.14,28.63,26.98,28.41
2008-03-31,28.07,28.09,26.13,26.49
2008-04-01,25.56,25.56,23.42,23.61
2008-04-02,23.69,24.6,23.28,24.23
2008-04-03,25.87,26.13,24.44,24.77
2008-04-04,24.65,24.86,23.06,23.75
2008-04-07,23.76,23.84,21.63,22.7
2008-04-08,23.72,23.81,20.29,22.99
2008-04-09,23.9,25.17,23.82,24.36
2008-04-10,24.49,24.8,22.61,23.15
2008-04-11,25.92,26.01,24.61,25.94
2008-04-14,26.21,26.35,25.34,25.51
2008-04-15,25.6,26.51,24.52,24.52
2008-04-16,23.31,23.43,21.73,21.94
2008-04-17,22.67,23.27,21.91,22.15
2008-04-18,20.55,21.13,20.03,20.74
2008-04-21,20.93,21.69,20.73,20.88
2008-04-22,21.55,22.37,21.32,21.32
2008-04-23,21.59,21.8,20.53,20.64
2008-04-24,20.98,21.59,19.57,20.4
2008-04-25,20.44,21.24,20.18,20.52
2008-04-28,20.13,20.33,18.93,19.79
2008-04-29,20.26,21.04,20.22,20.52
2008-04-30,20.73,21.16,17.1,21.16
2008-05-01,21.66,21.66,19.06,19.33
2008-05-02,18.85,19.26,18.23,18.23
2008-05-05,18.6,18.86,17.95,18.38
2008-05-06,19.32,19.47,17.53,17.82
2008-05-07,18.54,20.41,18.29,20.29
2008-05-08,20.09,20.43,19.09,19.09
2008-05-09,20.3,20.59,19.7,19.83
2008-05-12,20.34,20.45,18.69,19.36
2008-05-13,19.28,19.76,18.8,18.99
2008-05-14,18.43,18.51,17.42,18.28
2008-05-15,18.27,18.54,17.06,17.37
2008-05-16,17.3,18.71,17.16,17.26
2008-05-19,17.39,17.65,16.04,16.68
2008-05-20,18.29,18.89,18.18,18.42
2008-05-21,18.13,19.68,17.39,19.29
2008-05-22,19.74,19.79,18.51,18.76
2008-05-23,19.42,21.13,17.66,20.43
2008-05-27,21.22,21.49,19.79,19.99
2008-05-28,20.01,21.16,19.67,19.67
2008-05-29,19.77,20.01,17.84,18.59
2008-05-30,19.12,19.12,18.21,18.57
2008-06-02,19.21,21.2,19.21,20.01
2008-06-03,20.1,21.9,12.43,20.74
2008-06-04,21.26,21.93,15.48,21.58
2008-06-05,21.28,21.28,19.33,19.41
2008-06-06,20.91,24.8,20.79,24.8
2008-06-09,24.65,25.51,22.08,24.28
2008-06-10,25.01,25.08,22.31,23.37
2008-06-11,24.56,25.95,19.09,25.4
2008-06-12,24.72,25.66,23.84,24.85
2008-06-13,24.96,25.22,14.78,22.21
2008-06-16,23.37,23.57,21.37,21.7
2008-06-17,21.82,22.67,21.34,22.17
2008-06-18,23.04,24.18,22.9,23.6
2008-06-19,24.27,24.64,22.51,22.75
2008-06-20,24.15,25.34,23.84,24.82
2008-06-23,24.04,24.76,23.36,23.56
2008-06-24,24.15,23.4,22.52,23.23
2008-06-25,22.96,23.37,21.61,22.41
2008-06-26,23.98,26.13,23.81,25.91
2008-06-27,26.39,26.86,25.5,25.63
2008-06-30,24.75,25.63,23.93,24.59
2008-07-01,26.42,27.01,24.62,24.62
2008-07-02,24.39,27.11,24.08,26.95
2008-07-03,27.04,28.22,26.05,26.37
2008-07-07,26.25,28.56,25.82,26.61
2008-07-08,26.34,27.2,23.79,23.96
2008-07-09,24.32,27.28,24.11,27.28
2008-07-10,26.96,28.33,26.51,27.2
2008-07-11,29.85,32.82,28.29,29.96
2008-07-14,28.37,31.05,28.37,30.35
2008-07-15,31.76,33.48,26.99,30.44
2008-07-16,30.18,30.26,26.22,26.34
2008-07-17,25.69,26.7,25.12,25.92
2008-07-18,26.11,26.47,25.18,25.46
2008-07-21,24.9,25.31,24.1,24.1
2008-07-22,25.13,25.23,21.22,21.39
2008-07-23,21.87,23.36,21.2,22.44
2008-07-24,22.59,25.01,16.84,24.89
2008-07-25,24.81,25.27,21.35,24.1
2008-07-28,24.21,25.76,23.83,25.69
2008-07-29,25.59,25.76,23.13,23.2
2008-07-30,22.55,23.71,22.19,22.63
2008-07-31,23.43,24.67,22.95,24.67
2008-08-01,24.57,25.38,23.84,24.26
2008-08-04,25.07,25.58,23.98,24.85
2008-08-05,24.24,24.33,21.99,22.05
2008-08-06,23.03,23.23,20.94,20.96
2008-08-07,22.64,22.75,21.48,22.63
2008-08-08,22.98,23.08,21.35,21.88
2008-08-11,22.54,22.73,21.34,22.26
2008-08-12,22.96,23.31,22.58,23.0
2008-08-13,24.13,24.59,23.2,23.93
2008-08-14,24.25,24.36,21.81,22.11
2008-08-15,22.18,23.05,21.38,21.5
2008-08-18,21.72,22.99,21.29,22.38
2008-08-19,23.34,24.24,23.02,23.22
2008-08-20,23.37,23.81,21.7,21.7
2008-08-21,22.78,22.97,20.98,21.26
2008-08-22,20.98,20.98,20.1,20.47
2008-08-25,21.46,22.66,21.16,22.32
2008-08-26,22.46,22.59,21.62,21.72
2008-08-27,22.46,22.56,20.81,21.68
2008-08-28,21.06,21.35,20.66,20.68
2008-08-29,21.59,22.61,21.46,22.59
2008-09-02,21.78,24.29,21.66,23.84
2008-09-03,24.49,24.6,13.45,23.15
2008-09-04,24.76,26.91,24.36,26.73
2008-09-05,27.13,27.82,25.31,25.43
2008-09-08,24.59,26.12,23.99,24.72
2008-09-09,24.97,28.1,24.42,27.88
2008-09-10,28.2,28.66,26.31,27.39
2008-09-11,29.35,29.57,27.11,27.11
2008-09-12,28.59,30.92,12.55,29.33
2008-09-15,34.0,34.0,29.64,33.61
2008-09-16,36.65,37.69,16.6,33.03
2008-09-17,34.95,39.4,39.0,39.0
2008-09-18,37.8,45.81,34.41,36.06
2008-09-19,29.76,34.75,28.9,33.55
2008-09-22,33.84,41.53,31.86,36.28
2008-09-23,36.47,38.96,30.84,38.54
2008-09-24,39.25,40.13,34.65,39.28
2008-09-25,38.22,38.39,35.65,36.75
2008-09-26,40.14,41.81,38.02,39.41
2008-09-29,41.55,55.1,18.57,51.84
2008-09-30,50.24,50.79,25.29,44.51
2008-10-01,45.71,48.31,44.33,45.27
2008-10-02,47.99,54.28,47.83,54.16
2008-10-03,51.41,52.12,45.22,51.76
2008-10-06,56.24,69.42,56.24,59.5
2008-10-07,56.49,63.06,54.61,63.06
2008-10-08,67.08,83.14,19.77,68.01
2008-10-09,62.01,78.09,55.55,75.96
2008-10-10,89.74,103.41,82.55,85.99
2008-10-13,71.77,72.88,60.13,60.28
2008-10-14,56.15,62.53,16.89,58.45
2008-10-15,62.45,68.35,60.12,68.35
2008-10-16,68.82,84.3,27.36,70.34
2008-10-17,75.37,76.52,62.35,71.06
2008-10-20,66.05,66.05,52.46,52.72
2008-10-21,55.06,57.71,51.98,55.78
2008-10-22,64.3,76.38,59.07,70.4
2008-10-23,72.62,82.11,65.27,68.56
2008-10-24,86.15,86.15,76.16,79.36
2008-10-27,82.29,83.46,71.93,81.15
2008-10-28,73.81,81.42,66.01,66.01
2008-10-29,70.98,73.75,64.37,72.41
2008-10-30,66.5,71.49,64.41,65.31
2008-10-31,68.45,69.13,58.52,61.38
2008-11-03,58.81,58.81,53.15,54.22
2008-11-04,50.13,50.77,44.8,47.97
2008-11-05,50.87,55.55,48.11,55.12
2008-11-06,56.53,68.14,56.53,66.0
2008-11-07,63.14,63.96,36.3,58.38
2008-11-10,55.64,62.97,55.44,60.6
2008-11-11,63.76,65.74,59.05,62.09
2008-11-12,67.38,70.75,66.05,70.22
2008-11-13,68.89,73.87,60.57,60.6
2008-11-14,64.5,70.31,63.73,70.31
2008-11-17,70.53,73.15,68.14,73.15
2008-11-18,72.96,77.23,70.64,72.34
2008-11-19,71.63,79.63,70.86,79.63
2008-11-20,83.76,88.17,77.82,87.24
2008-11-21,81.97,84.84,75.63,76.17
2008-11-24,72.71,73.3,63.84,67.64
2008-11-25,65.3,68.39,62.51,63.05
2008-11-26,65.6,65.74,57.39,58.57
2008-11-28,60.76,62.47,59.81,59.81
2008-12-01,64.69,73.24,64.55,73.24
2008-12-02,73.27,73.57,67.89,69.05
2008-12-03,70.82,71.43,64.4,64.53
2008-12-04,68.63,71.21,65.36,70.18
2008-12-05,70.14,72.21,62.59,62.94
2008-12-08,60.7,63.0,59.94,60.51
2008-12-09,60.72,61.03,57.97,60.46
2008-12-10,61.08,61.28,57.41,57.64
2008-12-11,58.58,58.58,54.14,57.11
2008-12-12,62.31,62.31,57.54,57.78
2008-12-15,56.98,60.47,56.27,59.29
2008-12-16,58.72,59.34,54.0,54.16
2008-12-17,55.26,55.47,51.56,52.24
2008-12-18,51.85,52.32,47.23,51.31
2008-12-19,47.1,47.19,43.47,45.94
2008-12-22,44.54,47.57,43.9,45.96
2008-12-23,44.59,47.3,43.01,46.93
2008-12-24,48.28,48.29,46.76,46.86
2008-12-26,47.29,47.46,45.84,46.03
2008-12-29,45.51,47.78,45.31,45.31
2008-12-30,45.7,45.95,42.77,42.77
2008-12-31,42.19,42.32,39.05,40.4
2009-01-02,41.36,41.55,38.12,38.58
2009-01-05,40.64,40.97,38.61,39.35
2009-01-06,38.28,39.64,37.45,38.52
2009-01-07,41.54,44.13,40.9,43.75
2009-01-08,44.51,44.91,41.92,41.96
2009-01-09,42.45,43.57,41.41,42.6
2009-01-12,44.05,47.72,44.0,46.89
2009-01-13,46.48,46.48,43.46,44.37
2009-01-14,48.88,53.17,48.88,49.92
2009-01-15,50.71,54.82,47.88,48.46
2009-01-16,45.26,49.91,44.58,45.85
2009-01-20,48.61,56.45,48.61,56.25
2009-01-21,51.15,53.98,45.44,45.67
2009-01-22,50.17,52.1,45.66,46.99
2009-01-23,50.1,50.44,45.18,45.63
2009-01-26,44.47,46.05,42.49,43.99
2009-01-27,41.47,43.03,40.48,40.68
2009-01-28,39.19,39.91,38.2,38.58
2009-01-29,40.78,42.19,40.36,41.94
2009-01-30,41.44,46.39,41.22,45.85
2009-02-02,48.2,48.54,43.25,43.57
2009-02-03,44.27,44.69,40.77,41.13
2009-02-04,40.96,43.16,39.32,41.99
2009-02-05,44.53,45.86,41.19,42.71
2009-02-06,40.76,42.89,40.58,42.79
2009-02-09,44.06,44.83,42.1,42.52
2009-02-10,43.29,47.69,43.0,46.37
2009-02-11,46.0,46.34,43.94,43.97
2009-02-12,46.75,47.6,41.8,41.8
2009-02-13,43.34,43.58,41.46,42.75
2009-02-17,48.66,50.8,47.08,48.54
2009-02-18,48.37,50.66,46.92,47.1
2009-02-19,47.21,48.05,46.1,47.79
2009-02-20,50.79,52.18,47.67,49.4
2009-02-23,48.85,54.15,48.74,53.5
2009-02-24,51.49,52.05,44.81,45.21
2009-02-25,47.25,49.33,44.1,45.62
2009-02-26,44.8,46.87,43.17,46.56
2009-02-27,50.34,50.51,47.18,49.08
2009-03-02,50.55,54.51,49.99,54.51
2009-03-03,54.07,54.95,49.81,52.11
2009-03-04,49.87,50.38,46.16,47.88
2009-03-05,50.47,54.59,48.96,54.02
2009-03-06,52.71,55.09,50.1,52.67
2009-03-09,53.97,54.15,50.93,51.47
2009-03-10,49.25,49.25,44.95,45.0
2009-03-11,45.62,46.94,44.55,45.55
2009-03-12,45.71,46.29,42.34,42.76
2009-03-13,42.76,46.39,42.76,45.08
2009-03-16,45.15,45.15,43.07,44.71
2009-03-17,45.79,45.8,41.49,41.62
2009-03-18,42.17,43.37,40.27,41.07
2009-03-19,41.34,45.44,41.13,45.29
2009-03-20,44.97,47.62,44.32,46.41
2009-03-23,45.66,45.66,41.45,42.86
2009-03-24,43.45,43.98,41.95,43.44
2009-03-25,43.4,45.96,42.13,43.11
2009-03-26,42.42,43.03,40.91,41.43
2009-03-27,42.95,44.29,42.46,43.39
2009-03-30,45.18,46.34,44.97,45.21
2009-03-31,45.21,45.35,42.81,44.4
2009-04-01,46.02,46.34,42.28,43.0
2009-04-02,43.46,45.11,42.3,44.47
2009-04-03,43.58,43.61,41.4,41.63
2009-04-06,42.84,43.7,40.3,40.3
2009-04-07,41.95,42.49,39.9,40.11
2009-04-08,41.41,41.68,39.22,39.27
2009-04-09,39.39,39.39,37.41,37.41
2009-04-13,39.98,40.66,38.72,39.09
2009-04-14,39.98,41.02,38.78,39.78
2009-04-15,40.16,40.4,37.81,37.97
2009-04-16,38.61,39.1,36.24,36.86
2009-04-17,36.86,37.07,34.67,34.97
2009-04-20,36.82,40.22,36.55,39.71
2009-04-21,40.42,40.8,37.07,37.39
2009-04-22,37.39,39.11,36.95,38.82
2009-04-23,38.55,39.71,37.73,37.91
2009-04-24,38.07,38.91,37.61,38.13
2009-04-27,39.49,39.49,38.0,38.43
2009-04-28,40.2,40.28,37.65,38.2
2009-04-29,37.15,37.15,35.52,36.2
2009-04-30,35.8,37.61,35.16,37.22
2009-05-01,37.61,37.97,35.22,35.83
2009-05-04,35.84,35.84,34.28,34.38
2009-05-05,34.89,35.4,33.21,33.34
2009-05-06,33.4,34.56,32.66,32.66
2009-05-07,32.68,35.38,32.63,34.15
2009-05-08,33.34,34.53,32.03,32.77
2009-05-11,34.65,34.83,32.78,33.76
2009-05-12,34.06,34.09,31.91,32.67
2009-05-13,34.55,35.16,33.57,34.95
2009-05-14,33.95,34.29,31.33,31.64
2009-05-15,32.22,34.19,31.54,33.77
2009-05-18,31.87,31.95,29.2,29.28
2009-05-19,29.85,29.85,28.02,28.62
2009-05-20,27.39,29.4,26.51,29.21
2009-05-21,30.55,32.99,30.14,31.73
2009-05-22,31.61,32.19,30.5,32.08
2009-05-26,32.46,32.46,29.2,29.51
2009-05-27,29.89,31.87,28.58,31.77
2009-05-28,30.67,32.95,30.4,30.46
2009-05-29,30.35,31.07,28.36,29.62
2009-06-01,27.43,28.8,27.21,28.61
2009-06-02,28.46,29.39,27.35,28.22
2009-06-03,29.31,30.49,29.2,29.34
2009-06-04,29.77,30.57,29.39,29.42
2009-06-05,29.24,30.84,28.42,29.3
2009-06-08,30.43,30.66,27.76,28.21
2009-06-09,28.22,28.42,26.55,26.74
2009-06-10,27.32,29.19,27.15,27.17
2009-06-11,27.22,27.22,26.43,27.16
2009-06-12,27.79,28.14,26.93,27.1
2009-06-15,28.57,30.03,28.43,29.49
2009-06-16,29.49,31.07,29.06,31.06
2009-06-17,30.8,32.1,29.36,30.1
2009-06-18,30.51,30.55,28.47,28.53
2009-06-19,27.63,27.68,26.22,26.54
2009-06-22,28.98,31.07,28.92,30.01
2009-06-23,30.21,30.79,29.11,29.32
2009-06-24,28.99,29.46,28.18,28.5
2009-06-25,28.63,28.69,25.71,25.87
2009-06-26,26.44,26.7,25.06,25.35
2009-06-29,25.13,25.63,23.62,23.75
2009-06-30,23.77,26.07,23.77,24.79
2009-07-01,24.27,25.25,23.72,25.17
2009-07-02,27.28,27.96,27.1,27.45
2009-07-06,28.98,29.86,27.79,27.81
2009-07-07,28.5,30.33,28.27,30.32
2009-07-08,31.35,33.74,30.51,30.93
2009-07-09,30.64,30.64,29.16,29.41
2009-07-10,30.21,31.17,28.83,28.91
2009-07-13,29.74,29.99,26.82,26.94
2009-07-14,27.11,27.88,26.32,26.32
2009-07-15,25.2,26.85,25.12,26.07
2009-07-16,26.3,26.4,24.87,25.54
2009-07-17,25.74,25.94,24.41,24.87
2009-07-20,24.57,25.29,23.58,23.7
2009-07-21,24.32,25.2,23.35,23.6
2009-07-22,23.98,24.29,23.26,23.47
2009-07-23,23.77,24.72,23.31,24.07
2009-07-24,24.08,24.11,23.03,23.06
2009-07-27,23.73,24.26,23.28,23.52
2009-07-28,24.21,25.07,23.77,23.98
2009-07-29,24.95,25.51,24.71,24.91
2009-07-30,24.58,25.04,24.4,24.7
2009-07-31,24.97,25.94,24.79,25.59
2009-08-03,25.35,25.52,24.82,24.86
2009-08-04,25.32,25.45,24.2,24.2
2009-08-05,24.41,25.25,23.94,23.95
2009-08-06,24.57,25.84,24.55,25.44
2009-08-07,24.73,24.73,23.82,24.65
2009-08-10,24.99,25.12,23.84,23.85
2009-08-11,24.51,25.95,24.5,24.85
2009-08-12,25.08,25.08,23.79,24.23
2009-08-13,24.43,24.91,23.78,23.8
2009-08-14,24.55,25.88,23.85,23.99
2009-08-17,27.35,27.72,26.32,27.05
2009-08-18,26.92,27.14,25.51,25.76
2009-08-19,26.68,26.68,25.02,25.35
2009-08-20,25.19,25.22,23.65,23.79
2009-08-21,23.45,24.07,22.78,23.81
2009-08-24,23.75,24.23,23.25,23.25
2009-08-25,23.19,23.65,22.15,23.39
2009-08-26,24.28,24.64,23.4,23.4
2009-08-27,24.22,24.87,23.28,23.39
2009-08-28,23.91,24.81,23.6,23.61
2009-08-31,24.66,25.07,23.81,23.81
2009-09-01,24.79,27.99,24.3,27.72
2009-09-02,28.36,28.53,27.02,27.75
2009-09-03,27.76,28.06,26.14,26.14
2009-09-04,25.53,25.57,23.99,24.24
2009-09-08,24.55,24.79,23.61,23.63
2009-09-09,24.49,24.49,22.6,22.66
2009-09-10,23.5,23.62,21.8,22.02
2009-09-11,22.55,23.73,22.49,23.0
2009-09-14,24.28,24.43,22.84,22.89
2009-09-15,23.15,23.72,22.5,22.98
2009-09-16,23.14,23.52,22.3,23.09
2009-09-17,23.41,23.78,22.79,23.77
2009-09-18,23.52,24.05,23.04,23.56
2009-09-21,24.22,24.39,22.42,22.58
2009-09-22,22.63,22.85,21.8,21.96
2009-09-23,22.21,23.03,21.09,22.79
2009-09-24,22.93,24.68,22.92,23.92
2009-09-25,24.58,25.69,24.28,24.85
2009-09-28,24.47,24.47,23.17,23.23
2009-09-29,23.34,24.27,23.34,23.65
2009-09-30,24.24,25.33,23.49,24.58
2009-10-01,26.08,27.8,26.03,27.68
2009-10-02,29.17,29.17,27.35,28.01
2009-10-05,27.29,27.29,24.74,24.85
2009-10-06,24.12,24.65,23.42,23.77
2009-10-07,24.52,24.6,23.09,23.23
2009-10-08,23.15,23.72,22.6,23.07
2009-10-09,23.25,23.36,21.59,21.76
2009-10-12,22.62,23.08,22.19,22.36
2009-10-13,22.74,23.61,22.09,22.12
2009-10-14,22.26,22.62,21.84,22.47
2009-10-15,23.05,23.05,21.01,21.3
2009-10-16,22.13,22.7,20.81,21.2
2009-10-19,21.19,21.38,19.81,20.25
2009-10-20,20.6,20.86,20.04,20.23
2009-10-21,20.04,21.45,19.44,21.19
2009-10-22,21.86,22.23,19.76,20.18
2009-10-23,20.38,22.19,20.08,21.58
2009-10-26,21.44,23.49,20.76,23.28
2009-10-27,23.34,24.14,22.97,23.37
2009-10-28,24.22,27.13,24.08,27.08
2009-10-29,25.82,26.0,23.51,23.64
2009-10-30,24.11,30.6,24.11,28.89
2009-11-02,27.2,29.73,25.64,27.21
2009-11-03,28.4,28.91,26.9,26.98
2009-11-04,26.02,26.88,24.95,26.71
2009-11-05,26.18,26.24,24.44,24.54
2009-11-06,24.37,24.4,22.97,22.97
2009-11-09,22.61,22.75,21.68,21.74
2009-11-10,21.98,22.31,21.41,21.43
2009-11-11,21.77,22.7,21.59,21.91
2009-11-12,22.21,23.66,21.92,23.22
2009-11-13,23.78,23.82,22.26,22.27
2009-11-16,22.18,22.49,21.84,21.84
2009-11-17,22.55,22.66,21.49,21.59
2009-11-18,21.81,22.45,21.28,21.37
2009-11-19,23.37,23.8,22.25,22.41
2009-11-20,22.32,22.35,20.95,21.12
2009-11-23,19.83,20.18,19.32,19.62
2009-11-24,19.86,20.46,18.75,18.89
2009-11-25,19.28,19.49,18.82,19.16
2009-11-27,24.0,24.07,22.44,24.07
2009-11-30,23.43,24.1,22.23,22.35
2009-12-01,21.59,21.59,20.23,20.48
2009-12-02,20.61,20.7,19.8,20.04
2009-12-03,20.11,21.83,20.11,21.66
2009-12-04,20.26,22.2,19.97,20.53
2009-12-07,21.21,21.27,20.54,20.7
2009-12-08,22.7,22.91,21.64,22.3
2009-12-09,23.42,23.66,21.61,21.65
2009-12-10,21.01,21.53,20.78,20.97
2009-12-11,21.06,21.51,20.44,20.53
2009-12-14,20.78,20.82,19.65,19.66
2009-12-15,20.64,20.9,20.06,20.59
2009-12-16,19.95,20.4,19.62,20.08
2009-12-17,21.2,22.08,20.89,21.84
2009-12-18,21.12,21.9,20.52,20.53
2009-12-21,19.24,19.31,18.23,18.38
2009-12-22,18.14,18.25,17.24,17.35
2009-12-23,17.62,18.45,17.53,18.01
2009-12-24,17.89,17.9,17.5,17.68
2009-12-28,18.05,18.35,17.64,17.76
2009-12-29,18.0,18.09,17.66,17.97
2009-12-30,18.58,18.72,18.02,18.02
2009-12-31,18.39,20.08,18.35,19.87
2010-01-04,18.96,19.04,17.75,17.78
2010-01-05,18.46,18.6,17.18,17.18
2010-01-06,18.0,18.15,17.34,17.64
2010-01-07,18.28,18.77,17.62,17.89
2010-01-08,18.22,18.22,16.9,17.01
2010-01-11,17.18,17.66,17.13,17.34
2010-01-12,18.61,18.8,17.43,18.23
2010-01-13,18.21,18.46,16.87,17.0
2010-01-14,17.26,17.26,16.39,16.58
2010-01-15,17.12,18.32,17.08,17.11
2010-01-19,16.94,16.96,15.99,16.5
2010-01-20,17.24,18.58,17.01,17.12
2010-01-21,17.58,21.32,17.18,21.19
2010-01-22,21.62,26.79,21.35,26.05
2010-01-25,23.39,24.41,22.41,23.38
2010-01-26,23.87,24.34,21.31,23.24
2010-01-27,23.59,25.14,22.08,22.32
2010-01-28,22.3,24.84,22.2,23.0
2010-01-29,22.53,25.09,21.73,24.46
2010-02-01,22.94,22.94,21.28,21.31
2010-02-02,21.71,21.92,19.61,20.18
2010-02-03,20.55,21.27,20.39,20.63
2010-02-04,23.02,26.59,23.02,26.53
2010-02-05,25.45,29.65,25.14,25.28
2010-02-08,26.01,26.18,24.18,25.43
2010-02-09,24.28,25.5,23.18,24.49
2010-02-10,25.24,26.56,24.0,24.27
2010-02-11,25.37,25.5,23.02,23.09
2010-02-12,25.35,25.83,23.22,23.24
2010-02-16,23.15,23.37,21.46,21.57
2010-02-17,21.86,22.11,20.88,21.19
2010-02-18,21.58,21.68,19.52,19.63
2010-02-19,20.25,20.57,18.98,19.19
2010-02-22,19.31,19.92,18.4,18.73
2010-02-23,19.26,20.99,19.04,20.73
2010-02-24,20.51,20.89,19.35,19.49
2010-02-25,22.13,22.47,19.48,19.51
2010-02-26,19.64,20.18,18.54,19.16
2010-03-01,18.58,18.89,17.82,17.82
2010-03-02,17.62,18.43,17.46,18.03
2010-03-03,17.73,18.11,17.73,18.11
2010-03-04,18.15,18.66,17.8,17.93
2010-03-05,17.33,17.41,16.62,16.81
2010-03-08,16.98,17.45,16.62,16.85
2010-03-09,17.13,17.25,16.51,16.91
2010-03-10,16.97,17.92,16.83,17.85
2010-03-11,18.49,18.78,17.34,17.51
2010-03-12,18.14,18.67,17.51,17.7
2010-03-15,18.06,18.64,17.39,17.48
2010-03-16,17.71,17.74,17.05,17.17
2010-03-17,16.66,16.91,16.25,16.61
2010-03-18,16.7,16.89,16.08,16.18
2010-03-19,16.57,17.33,16.38,16.51
2010-03-22,17.13,17.32,15.54,15.54
2010-03-23,16.0,16.13,15.02,15.25
2010-03-24,16.2,17.4,15.99,16.59
2010-03-25,16.07,17.64,15.52,17.64
2010-03-26,17.66,17.75,16.52,16.91
2010-03-29,16.58,16.8,15.93,15.98
2010-03-30,16.2,16.79,15.69,15.86
2010-03-31,16.44,16.8,15.99,16.04
2010-04-01,15.48,17.0,15.46,16.16
2010-04-05,16.46,16.51,15.24,15.24
2010-04-06,15.81,15.85,14.53,14.91
2010-04-07,15.45,16.09,14.87,15.45
2010-04-08,16.82,16.99,15.04,15.19
2010-04-09,15.26,15.69,15.07,15.14
2010-04-12,15.24,15.47,14.89,15.25
2010-04-13,15.39,16.46,14.86,15.25
2010-04-14,15.1,15.48,14.7,14.7
2010-04-15,15.35,15.59,14.9,15.11
2010-04-16,15.61,19.13,15.36,17.03
2010-04-19,16.95,17.46,15.13,15.21
2010-04-20,14.93,15.0,14.05,14.26
2010-04-21,13.95,15.39,13.84,14.68
2010-04-22,16.89,17.05,15.0,15.45
2010-04-23,15.78,15.87,14.95,15.54
2010-04-26,15.75,16.14,15.46,16.08
2010-04-27,17.18,21.29,16.72,21.08
2010-04-28,20.2,21.33,18.72,19.22
2010-04-29,17.86,17.86,16.3,16.94
2010-04-30,16.87,20.99,16.84,20.98
2010-05-03,19.62,19.68,17.36,18.09
2010-05-04,21.59,24.21,21.29,22.29
2010-05-05,25.45,25.7,21.69,23.71
2010-05-06,24.21,39.26,24.0,31.12
2010-05-07,31.15,41.39,31.15,38.94
2010-05-10,24.3,28.52,24.27,26.59
2010-05-11,28.25,28.25,23.97,26.43
2010-05-12,25.4,25.41,23.52,24.17
2010-05-13,24.18,25.44,23.17,25.31
2010-05-14,29.47,32.07,29.38,29.49
2010-05-17,28.72,32.35,27.79,27.86
2010-05-18,26.93,32.61,26.65,31.51
2010-05-19,31.96,35.88,31.35,32.42
2010-05-20,39.22,44.2,37.94,43.63
2010-05-21,45.05,45.29,36.73,37.65
2010-05-24,38.07,38.11,32.82,35.19
2010-05-25,41.11,41.11,32.83,32.83
2010-05-26,28.81,34.33,28.2,34.21
2010-05-27,29.4,30.15,27.97,28.4
2010-05-28,28.94,32.78,28.5,30.83
2010-06-01,33.1,34.93,30.3,34.86
2010-06-02,33.71,34.13,28.55,28.56
2010-06-03,28.95,30.85,28.4,28.78
2010-06-04,31.8,35.4,31.12,34.38
2010-06-07,34.93,35.71,33.24,35.4
2010-06-08,34.77,36.53,31.81,32.01
2010-06-09,31.79,33.52,30.0,33.32
2010-06-10,30.17,31.13,28.91,29.68
2010-06-11,31.22,31.32,27.86,27.9
2010-06-14,27.14,28.19,25.84,27.98
2010-06-15,26.84,27.12,24.75,25.08
2010-06-16,25.3,25.76,24.62,25.37
2010-06-17,25.77,26.69,24.42,24.44
2010-06-18,23.43,23.7,22.47,22.53
2010-06-21,21.35,24.33,20.96,23.43
2010-06-22,23.29,25.85,22.81,25.61
2010-06-23,26.6,27.69,25.15,26.23
2010-06-24,27.31,29.64,27.31,29.2
2010-06-25,29.51,30.5,27.31,28.2
2010-06-28,27.58,28.23,26.32,27.06
2010-06-29,30.92,34.88,30.92,33.11
2010-06-30,32.35,34.24,30.9,33.57
2010-07-01,33.29,38.47,32.59,32.92
2010-07-02,30.6,32.27,29.29,29.7
2010-07-06,28.3,30.7,27.31,29.14
2010-07-07,28.72,28.83,26.11,26.33
2010-07-08,25.84,26.75,24.76,24.76
2010-07-09,25.28,25.53,23.36,23.54
2010-07-12,24.42,25.16,24.22,24.87
2010-07-13,23.91,24.4,23.15,23.85
2010-07-14,25.02,26.36,24.1,24.89
2010-07-15,25.65,27.61,24.55,24.84
2010-07-16,26.79,28.59,26.47,26.49
2010-07-19,25.74,26.54,24.23,25.15
2010-07-20,26.79,26.88,23.47,23.58
2010-07-21,23.75,26.58,23.75,25.45
2010-07-22,24.09,24.85,23.53,24.27
2010-07-23,24.52,25.08,22.87,23.33
2010-07-26,23.63,23.84,21.79,21.91
2010-07-27,21.44,22.43,21.28,21.62
2010-07-28,22.89,23.41,22.26,22.83
2010-07-29,22.08,24.79,22.08,22.85
2010-07-30,24.49,24.96,22.59,23.03
2010-08-02,21.56,21.56,19.81,20.08
2010-08-03,21.21,21.47,20.31,21.15
2010-08-04,20.93,21.66,20.68,20.86
2010-08-05,22.09,22.21,21.23,21.35
2010-08-06,22.04,23.47,20.57,20.62
2010-08-09,21.2,21.41,20.2,20.34
2010-08-10,22.57,22.95,20.57,20.91
2010-08-11,25.07,25.72,24.37,25.16
2010-08-12,26.22,26.27,25.07,25.73
2010-08-13,26.31,26.8,25.72,26.68
2010-08-16,27.11,27.11,25.06,25.12
2010-08-17,24.78,24.78,23.05,23.83
2010-08-18,24.78,25.05,22.93,24.3
2010-08-19,24.38,27.06,24.38,26.1
2010-08-20,27.1,27.16,25.38,25.45
2010-08-23,24.22,25.11,23.47,24.87
2010-08-24,27.04,28.18,25.41,27.09
2010-08-25,28.42,28.84,26.56,26.84
2010-08-26,26.46,27.81,26.07,27.38
2010-08-27,27.87,29.11,24.45,24.91
2010-08-30,25.26,26.2,24.87,26.08
2010-08-31,27.63,27.63,25.78,26.58
2010-09-01,24.96,25.0,23.41,23.52
2010-09-02,24.3,24.33,22.63,22.87
2010-09-03,21.17,21.95,20.23,20.24
2010-09-07,21.82,22.78,21.82,22.63
2010-09-08,22.62,22.96,21.9,22.16
2010-09-09,21.58,22.24,20.99,21.53
2010-09-10,22.64,22.64,20.85,20.89
2010-09-13,20.55,21.3,20.33,20.47
2010-09-14,21.67,21.71,20.22,20.81
2010-09-15,22.16,22.28,21.17,21.42
2010-09-16,22.26,22.58,20.94,20.96
2010-09-17,21.06,21.93,20.37,20.7
2010-09-20,21.04,21.12,19.14,19.47
2010-09-21,20.05,20.97,19.34,20.65
2010-09-22,20.58,21.72,20.44,21.01
2010-09-23,22.51,22.82,21.12,22.75
2010-09-24,20.89,21.15,20.32,20.39
2010-09-27,20.58,20.82,19.88,20.6
2010-09-28,21.97,22.59,20.47,20.68
2010-09-29,21.28,22.08,21.04,21.62
2010-09-30,21.29,23.53,21.08,22.4
2010-10-01,21.96,22.78,21.0,21.05
2010-10-04,21.27,22.6,21.24,21.64
2010-10-05,20.83,21.22,19.72,19.83
2010-10-06,20.51,20.54,19.91,19.98
2010-10-07,20.32,21.12,20.19,20.6
2010-10-08,20.59,20.59,19.22,19.74
2010-10-11,19.93,20.58,19.59,19.68
2010-10-12,20.58,21.11,19.13,19.13
2010-10-13,19.59,19.66,18.83,19.33
2010-10-14,19.9,21.16,19.81,20.25
2010-10-15,20.07,21.52,19.43,19.43
2010-10-18,19.82,19.82,18.02,18.28
2010-10-19,19.48,21.1,18.79,20.15
2010-10-20,20.17,20.51,18.77,19.24
2010-10-21,19.12,20.56,18.39,19.02
2010-10-22,18.74,19.32,18.52,18.53
2010-10-25,18.16,19.55,17.99,19.5
2010-10-26,20.26,20.73,19.58,19.64
2010-10-27,21.11,22.45,20.15,20.17
2010-10-28,19.99,21.42,19.98,20.56
2010-10-29,21.19,21.55,20.88,21.33
2010-11-01,20.62,21.96,20.11,21.21
2010-11-02,20.68,21.61,20.68,21.51
2010-11-03,21.75,22.34,18.62,18.86
2010-11-04,18.36,18.51,17.9,18.33
2010-11-05,18.11,18.2,17.61,17.76
2010-11-08,18.4,18.65,16.89,16.9
2010-11-09,17.3,18.35,16.7,18.06
2010-11-10,18.26,19.44,17.39,17.57
2010-11-11,19.12,19.17,17.54,17.68
2010-11-12,19.03,21.19,18.74,20.35
2010-11-15,19.14,19.59,18.23,19.42
2010-11-16,20.7,22.97,20.43,21.85
2010-11-17,21.98,21.98,20.83,21.35
2010-11-18,19.79,19.79,18.27,18.49
2010-11-19,19.08,19.55,17.15,17.44
2010-11-22,18.35,19.17,17.05,17.15
2010-11-23,19.53,20.57,19.34,19.54
2010-11-24,18.28,18.58,17.52,18.27
2010-11-26,20.24,21.79,19.75,21.79
2010-11-29,21.84,23.28,20.14,20.55
2010-11-30,22.94,23.38,21.63,23.22
2010-12-01,19.91,20.46,19.43,20.35
2010-12-02,20.0,20.1,18.46,18.91
2010-12-03,18.13,18.31,17.13,17.19
2010-12-06,17.43,17.49,16.66,16.75
2010-12-07,16.35,17.37,16.28,17.1
2010-12-08,16.93,17.57,16.57,16.59
2010-12-09,16.72,17.19,16.16,16.16
2010-12-10,16.37,16.76,16.04,16.52
2010-12-13,16.36,17.18,16.14,16.94
2010-12-14,17.3,17.36,16.58,16.88
2010-12-15,17.19,17.81,16.95,17.31
2010-12-16,17.24,17.52,16.65,17.26
2010-12-17,16.88,16.91,15.08,15.52
2010-12-20,14.79,15.71,14.21,14.82
2010-12-21,14.73,15.15,14.38,15.1
2010-12-22,14.9,15.16,14.27,14.37
2010-12-23,15.0,16.03,14.9,15.53
2010-12-27,16.62,16.73,15.77,15.98
2010-12-28,16.27,16.6,15.95,16.07
2010-12-29,16.09,16.1,15.59,15.96
2010-12-30,16.36,16.8,16.25,16.31
2010-12-31,17.17,17.41,16.72,17.29
2011-01-03,16.02,16.1,15.46,15.84
2011-01-04,16.02,16.94,15.51,15.7
2011-01-05,16.57,16.57,15.32,15.47
2011-01-06,16.13,16.57,15.95,16.22
2011-01-07,16.02,17.32,15.67,16.05
2011-01-10,16.9,17.35,15.83,15.97
2011-01-11,15.62,16.09,15.27,15.39
2011-01-12,15.24,15.39,14.87,15.06
2011-01-13,15.69,15.91,15.17,15.47
2011-01-14,16.09,16.1,14.17,14.36
2011-01-18,15.11,15.49,14.6,14.76
2011-01-19,15.26,16.51,15.16,16.22
2011-01-20,17.19,17.44,16.01,16.6
2011-01-21,15.74,16.56,15.28,16.11
2011-01-24,16.31,16.31,15.08,15.18
2011-01-25,15.91,16.52,15.03,15.26
2011-01-26,14.97,15.23,14.42,14.71
2011-01-27,14.87,15.65,14.45,14.59
2011-01-28,14.83,18.75,14.7,18.5
2011-01-31,17.55,18.1,16.59,17.0
2011-02-01,15.67,15.81,15.29,15.44
2011-02-02,15.9,16.06,15.3,15.57
2011-02-03,15.96,16.41,14.81,15.05
2011-02-04,15.43,15.54,14.48,14.67
2011-02-07,14.24,14.39,13.77,14.33
2011-02-08,14.72,14.92,13.72,13.82
2011-02-09,14.54,15.07,14.13,14.13
2011-02-10,15.52,15.86,14.56,14.63
2011-02-11,15.37,15.37,13.9,14.27
2011-02-14,14.43,14.7,14.26,14.55
2011-02-15,14.92,15.44,14.76,14.87
2011-02-16,14.9,15.26,14.27,14.63
2011-02-17,15.35,15.51,14.76,15.09
2011-02-18,15.12,15.12,14.3,14.37
2011-02-22,17.09,19.46,16.1,18.74
2011-02-23,18.79,21.64,18.79,20.26
2011-02-24,20.4,21.83,19.39,19.91
2011-02-25,18.75,18.75,17.41,17.81
2011-02-28,16.2,17.48,16.11,16.54
2011-03-01,16.69,19.7,16.51,19.45
2011-03-02,19.54,20.31,18.52,19.63
2011-03-03,17.98,18.25,16.91,17.17
2011-03-04,17.47,19.74,17.29,18.14
2011-03-07,17.86,21.21,17.7,19.45
2011-03-08,19.96,20.26,17.79,18.68
2011-03-09,20.21,20.44,18.93,19.12
2011-03-10,22.07,22.75,20.41,21.92
2011-03-11,21.45,22.29,20.06,20.62
2011-03-14,21.81,22.6,20.43,20.71
2011-03-15,24.88,24.93,22.26,23.48
2011-03-16,24.58,31.11,23.6,28.9
2011-03-17,26.04,26.63,24.65,25.49
2011-03-18,22.76,23.97,22.45,23.55
2011-03-21,20.2,20.2,19.19,19.66
2011-03-22,19.6,19.69,19.09,19.49
2011-03-23,20.65,21.35,18.07,18.54
2011-03-24,18.36,18.84,17.45,17.78
2011-03-25,17.89,17.91,16.74,17.66
2011-03-28,17.2,18.09,16.83,18.0
2011-03-29,18.87,19.14,17.25,17.25
2011-03-30,16.82,16.85,16.13,16.41
2011-03-31,16.93,17.09,16.22,16.45
2011-04-01,15.65,16.4,15.22,15.95
2011-04-04,15.69,16.22,15.6,15.87
2011-04-05,16.31,16.33,14.86,15.17
2011-04-06,15.03,15.91,14.95,15.19
2011-04-07,15.47,16.69,15.1,15.56
2011-04-08,15.39,16.94,15.38,16.53
2011-04-11,16.19,16.94,15.73,16.22
2011-04-12,17.2,18.1,16.49,16.84
2011-04-13,16.36,17.49,16.3,16.5
2011-04-14,17.95,18.3,15.75,16.06
2011-04-15,15.62,15.8,14.86,15.3
2011-04-18,17.72,18.35,16.09,16.18
2011-04-19,15.71,16.05,14.47,14.75
2011-04-20,14.01,14.47,13.59,14.27
2011-04-21,14.18,14.48,13.45,13.45
2011-04-25,14.21,14.61,14.12,14.3
2011-04-26,14.27,14.32,13.64,14.17
2011-04-27,14.86,15.44,13.83,14.25
2011-04-28,14.44,14.6,13.43,13.54
2011-04-29,13.77,14.27,13.69,14.06
2011-05-02,14.41,14.99,13.89,14.8
2011-05-03,15.37,15.95,14.83,15.15
2011-05-04,15.69,16.56,15.37,15.79
2011-05-05,16.9,18.86,16.15,17.97
2011-05-06,16.18,18.92,15.33,17.76
2011-05-09,17.1,17.68,15.95,15.98
2011-05-10,15.81,15.81,14.69,14.97
2011-05-11,15.98,17.49,15.82,16.64
2011-05-12,18.11,18.14,15.59,15.79
2011-05-13,16.32,17.82,15.96,17.02
2011-05-16,17.21,17.82,15.96,17.82
2011-05-17,18.4,19.21,17.25,17.26
2011-05-18,17.35,17.39,15.64,15.76
2011-05-19,15.75,16.38,15.17,15.29
2011-05-20,15.55,16.66,15.06,16.41
2011-05-23,18.41,18.47,17.12,17.69
2011-05-24,17.37,17.76,16.75,17.14
2011-05-25,17.6,17.6,16.2,16.64
2011-05-26,16.79,17.4,15.53,15.99
2011-05-27,15.74,16.17,15.2,15.76
2011-05-31,15.09,15.83,14.52,14.54
2011-06-01,15.43,18.15,15.43,18.07
2011-06-02,18.21,19.26,17.79,18.2
2011-06-03,18.83,18.85,17.29,18.06
2011-06-06,18.21,18.74,17.53,18.51
2011-06-07,17.93,18.5,17.51,18.35
2011-06-08,18.36,19.12,17.88,18.79
2011-06-09,18.54,18.54,17.29,17.98
2011-06-10,19.05,19.96,18.49,19.3
2011-06-13,18.49,19.66,18.36,19.04
2011-06-14,18.06,18.06,17.33,17.64
2011-06-15,19.04,21.24,18.78,20.51
2011-06-16,20.8,24.28,20.35,21.97
2011-06-17,20.77,22.03,20.35,21.44
2011-06-20,21.79,21.88,19.53,19.75
2011-06-21,19.24,19.3,17.61,18.82
2011-06-22,18.37,18.68,17.62,18.57
2011-06-23,21.41,22.13,19.34,19.4
2011-06-24,19.85,21.78,19.85,21.59
2011-06-27,21.24,21.24,19.5,20.05
2011-06-28,19.68,19.86,18.64,18.8
2011-06-29,18.12,18.23,15.78,16.09
2011-06-30,15.42,15.79,14.81,15.28
2011-07-01,15.47,15.63,14.27,15.22
2011-07-05,15.78,15.78,14.98,15.3
2011-07-06,16.41,16.76,15.55,15.67
2011-07-07,15.2,15.75,15.03,15.49
2011-07-08,15.87,17.04,15.53,15.65
2011-07-11,17.67,18.83,17.34,18.18
2011-07-12,19.0,19.59,18.03,19.48
2011-07-13,18.7,20.03,17.89,19.44
2011-07-14,19.41,21.16,18.71,20.35
2011-07-15,19.66,21.32,18.76,18.89
2011-07-18,19.7,21.02,19.61,19.78
2011-07-19,18.5,19.0,17.92,18.16
2011-07-20,18.4,18.93,17.6,18.25
2011-07-21,17.75,17.75,16.6,17.36
2011-07-22,17.31,17.89,16.91,17.25
2011-07-25,18.81,18.9,18.22,18.61
2011-07-26,19.23,20.17,18.76,19.5
2011-07-27,20.82,23.0,20.53,22.82
2011-07-28,22.72,23.72,20.87,23.47
2011-07-29,25.97,26.38,23.73,25.94
2011-08-01,22.34,26.22,22.34,23.57
2011-08-02,23.93,25.72,23.33,25.61
2011-08-03,23.99,26.07,23.3,23.47
2011-08-04,26.22,34.36,26.21,34.21
2011-08-05,30.23,40.99,30.23,32.85
2011-08-08,36.69,50.47,36.69,50.13
2011-08-09,46.39,49.91,33.71,34.24
2011-08-10,41.47,48.09,39.02,46.6
2011-08-11,43.96,44.86,38.24,40.22
2011-08-12,38.18,39.59,35.86,37.37
2011-08-15,33.25,34.14,30.64,30.86
2011-08-16,33.01,34.23,31.47,32.42
2011-08-17,30.68,31.76,29.41,29.96
2011-08-18,38.15,43.59,37.83,40.93
2011-08-19,41.88,43.31,38.75,42.4
2011-08-22,38.51,42.8,38.35,41.59
2011-08-23,41.5,41.5,34.29,34.91
2011-08-24,35.61,36.86,33.72,34.62
2011-08-25,34.45,40.23,34.31,39.74
2011-08-26,43.15,44.03,34.24,35.87
2011-08-29,31.43,32.46,30.88,31.11
2011-08-30,32.07,33.33,30.7,32.48
2011-08-31,29.71,32.37,29.23,31.42
2011-09-01,32.01,32.66,30.18,31.72
2011-09-02,34.98,35.01,32.41,33.72
2011-09-06,39.57,39.97,35.55,35.82
2011-09-07,33.48,33.97,32.17,32.27
2011-09-08,32.61,34.5,31.52,33.62
2011-09-09,37.42,42.6,36.59,40.63
2011-09-12,42.19,43.28,38.86,38.9
2011-09-13,39.9,40.1,36.82,37.34
2011-09-14,37.54,39.02,34.49,35.8
2011-09-15,34.8,35.3,32.27,32.51
2011-09-16,31.95,33.52,31.24,31.28
2011-09-19,34.23,34.91,31.63,32.22
2011-09-20,32.64,33.37,31.05,32.88
2011-09-21,32.98,36.17,32.58,36.09
2011-09-22,41.28,44.82,39.77,42.16
2011-09-23,41.89,43.36,40.49,41.63
2011-09-26,40.69,43.15,38.58,38.88
2011-09-27,36.01,38.16,34.28,37.18
2011-09-28,37.01,42.23,36.61,41.96
2011-09-29,38.23,42.11,37.91,38.8
2011-09-30,41.76,44.53,40.47,44.11
2011-10-03,43.59,45.75,41.51,45.57
2011-10-04,47.73,49.17,41.39,41.6
2011-10-05,41.73,41.87,38.27,38.58
2011-10-06,39.56,40.67,37.13,37.17
2011-10-07,36.61,38.53,35.63,36.88
2011-10-10,34.53,34.63,32.19,32.32
2011-10-11,32.99,33.19,31.04,31.05
2011-10-12,30.54,31.08,28.2,29.73
2011-10-13,31.03,31.61,28.93,29.16
2011-10-14,27.63,28.87,26.8,27.15
2011-10-17,28.72,31.68,28.64,31.4
2011-10-18,32.25,33.49,28.02,29.94
2011-10-19,30.97,34.04,29.97,33.21
2011-10-20,33.91,36.17,32.92,33.56
2011-10-21,31.45,32.45,30.14,30.14
2011-10-24,29.82,29.82,27.4,27.69
2011-10-25,27.69,30.92,27.69,30.85
2011-10-26,30.22,32.85,28.71,29.01
2011-10-27,25.02,25.68,23.77,24.65
2011-10-28,25.33,25.54,23.95,24.21
2011-10-31,26.21,28.36,25.47,28.31
2011-11-01,34.9,36.44,32.36,34.47
2011-11-02,32.02,33.23,31.22,31.55
2011-11-03,31.43,34.01,29.06,29.43
2011-11-04,30.08,32.11,29.24,29.25
2011-11-07,29.37,30.82,27.91,27.97
2011-11-08,27.4,28.49,25.17,25.25
2011-11-09,30.09,35.71,29.68,34.96
2011-11-10,31.67,34.46,30.35,31.39
2011-11-11,28.71,29.46,28.42,28.72
2011-11-14,30.11,31.48,29.68,30.14
2011-11-15,30.58,31.96,29.04,30.38
2011-11-16,31.34,32.6,29.09,32.46
2011-11-17,33.67,36.43,32.32,34.46
2011-11-18,33.52,33.91,31.87,32.2
2011-11-21,35.01,36.2,32.96,33.42
2011-11-22,32.88,33.88,31.65,32.31
2011-11-23,34.35,35.58,33.77,35.0
2011-11-25,34.79,36.32,34.48,36.09
2011-11-28,31.7,32.94,31.59,31.84
2011-11-29,32.61,32.65,30.7,31.13
2011-11-30,27.83,28.38,27.07,27.24
2011-12-01,27.98,28.28,26.73,27.68
2011-12-02,26.72,28.08,25.66,27.93
2011-12-05,26.25,28.24,25.85,27.21
2011-12-06,27.87,28.2,26.77,27.65
2011-12-07,29.99,30.16,28.57,29.72
2011-12-08,30.42,31.62,30.16,30.99
2011-12-09,29.22,29.45,26.11,26.11
2011-12-12,27.73,28.35,26.24,26.35
2011-12-13,24.45,26.94,24.05,25.57
2011-12-14,26.62,28.25,25.98,26.44
2011-12-15,25.04,25.97,24.69,25.45
2011-12-16,24.77,26.07,24.16,25.02
2011-12-19,24.31,25.38,23.96,24.92
2011-12-20,22.97,23.52,22.29,22.74
2011-12-21,22.75,23.05,21.17,21.43
2011-12-22,21.33,21.7,20.9,21.31
2011-12-23,21.37,21.49,20.49,20.53
2011-12-27,21.12,21.25,20.67,20.89
2011-12-28,21.59,23.13,21.59,22.96
2011-12-29,22.82,22.82,21.87,21.95
2011-12-30,22.59,23.11,22.26,22.98
2012-01-03,21.61,22.05,20.99,21.57
2012-01-04,22.03,22.45,20.42,20.54
2012-01-05,22.13,22.29,19.94,20.14
2012-01-06,20.81,21.14,19.49,19.77
2012-01-09,20.41,20.64,19.14,19.28
2012-01-10,19.17,19.36,18.66,19.17
2012-01-11,20.24,20.42,19.53,19.62
2012-01-12,20.4,21.12,19.13,19.18
2012-01-13,21.14,22.14,20.11,20.13
2012-01-17,20.14,21.34,19.97,21.01
2012-01-18,21.78,21.78,19.37,19.41
2012-01-19,19.35,19.4,18.3,18.86
2012-01-20,18.71,18.8,16.9,16.99
2012-01-23,16.98,17.73,16.52,16.92
2012-01-24,18.51,18.53,17.33,17.36
2012-01-25,18.04,18.14,16.69,17.04
2012-01-26,16.91,18.19,16.65,17.57
2012-01-27,18.11,18.33,17.45,18.06
2012-01-30,18.95,19.31,17.76,17.91
2012-01-31,18.01,18.9,17.9,18.3
2012-02-01,17.71,17.8,16.77,17.45
2012-02-02,17.68,17.77,16.96,17.03
2012-02-03,16.19,16.58,15.78,16.19
2012-02-06,17.0,17.0,15.93,16.08
2012-02-07,16.63,17.03,15.84,16.17
2012-02-08,16.47,17.26,16.24,16.77
2012-02-09,16.85,17.51,16.49,16.9
2012-02-10,18.61,20.97,18.42,18.76
2012-02-13,17.47,18.17,17.21,17.21
2012-02-14,18.0,19.29,17.4,17.4
2012-02-15,18.51,20.07,17.87,19.43
2012-02-16,19.79,20.33,17.09,17.13
2012-02-17,16.77,17.05,16.18,16.33
2012-02-21,16.57,17.05,15.66,16.25
2012-02-22,16.65,17.07,16.0,16.34
2012-02-23,17.22,17.25,15.26,15.28
2012-02-24,15.5,15.97,14.87,15.44
2012-02-27,16.81,16.82,15.06,15.92
2012-02-28,16.37,16.42,15.51,15.63
2012-02-29,15.46,16.63,15.27,16.11
2012-03-01,15.74,16.05,15.17,15.23
2012-03-02,15.88,15.95,15.12,15.2
2012-03-05,15.82,16.13,15.19,15.29
2012-03-06,18.22,18.83,17.44,18.05
2012-03-07,17.83,17.94,16.84,16.98
2012-03-08,15.81,16.4,15.55,16.13
2012-03-09,15.06,15.85,14.83,15.37
2012-03-12,15.29,15.72,14.64,14.7
2012-03-13,14.03,14.89,14.0,14.66
2012-03-14,14.81,16.09,14.62,15.52
2012-03-15,15.76,15.77,14.46,14.59
2012-03-16,14.49,14.81,13.57,13.73
2012-03-19,13.56,13.86,13.19,13.73
2012-03-20,14.79,14.92,14.06,14.27
2012-03-21,13.51,14.71,13.49,14.42
2012-03-22,15.47,15.94,15.08,15.09
2012-03-23,15.47,15.98,14.15,14.41
2012-03-26,13.93,14.04,13.3,13.42
2012-03-27,13.89,14.65,13.58,14.5
2012-03-28,14.65,16.28,14.52,14.58
2012-03-29,16.06,16.57,14.52,14.65
2012-03-30,14.42,15.61,14.14,14.66
2012-04-02,14.9,14.98,13.45,13.96
2012-04-03,14.5,15.51,14.1,14.1
2012-04-04,15.76,17.01,15.29,15.35
2012-04-05,16.34,16.57,15.6,15.79
2012-04-09,17.79,17.91,16.53,17.55
2012-04-10,17.46,20.21,17.46,19.66
2012-04-11,18.56,19.49,17.96,19.34
2012-04-12,18.65,18.65,16.77,16.77
2012-04-13,17.96,19.55,17.83,19.28
2012-04-16,18.77,20.45,18.77,19.49
2012-04-17,18.48,18.74,17.39,17.67
2012-04-18,18.27,18.9,17.44,18.36
2012-04-19,18.68,19.91,17.72,18.43
2012-04-20,17.71,17.71,16.71,17.54
2012-04-23,19.59,19.92,18.28,18.66
2012-04-24,18.65,18.65,17.7,17.99
2012-04-25,16.28,16.77,15.92,16.12
2012-04-26,16.42,16.6,15.35,15.75
2012-04-27,15.63,16.16,15.27,15.68
2012-04-30,16.2,16.43,15.95,16.05
2012-05-01,16.42,16.77,14.91,15.66
2012-05-02,16.73,17.02,15.92,16.04
2012-05-03,16.42,17.47,16.08,16.88
2012-05-04,17.82,19.23,17.67,18.82
2012-05-07,18.57,19.48,17.88,18.08
2012-05-08,18.92,20.67,18.34,18.65
2012-05-09,20.44,21.6,19.36,20.33
2012-05-10,19.23,19.81,18.59,19.1
2012-05-11,20.27,20.74,19.01,20.56
2012-05-14,21.63,21.69,20.88,21.62
2012-05-15,21.58,22.81,20.67,22.1
2012-05-16,21.47,22.59,20.79,22.07
2012-05-17,22.42,24.28,21.9,24.28
2012-05-18,23.39,25.39,22.86,24.52
2012-05-21,23.49,23.82,21.53,21.75
2012-05-22,21.28,22.56,19.6,21.39
2012-05-23,23.68,24.39,21.37,21.87
2012-05-24,22.04,22.85,21.12,21.12
2012-05-25,21.83,22.12,20.98,21.44
2012-05-29,20.99,21.25,19.82,19.88
2012-05-30,22.29,22.93,21.77,22.82
2012-05-31,23.34,24.73,21.6,23.06
2012-06-01,25.47,26.56,24.44,26.21
2012-06-04,25.66,27.22,24.51,24.84
2012-06-05,24.51,24.51,23.47,23.86
2012-06-06,23.23,23.23,21.09,21.45
2012-06-07,20.59,21.12,19.48,20.96
2012-06-08,22.0,22.11,19.85,20.18
2012-06-11,20.95,23.55,20.35,23.55
2012-06-12,23.2,24.0,21.77,22.07
2012-06-13,23.34,24.68,22.3,23.99
2012-06-14,24.35,24.43,22.06,22.52
2012-06-15,22.18,22.38,20.34,20.85
2012-06-18,19.52,19.69,18.1,18.2
2012-06-19,17.6,17.95,16.89,17.64
2012-06-20,17.91,19.42,16.61,16.61
2012-06-21,17.07,20.1,15.79,19.79
2012-06-22,18.87,19.51,17.06,17.9
2012-06-25,20.41,21.22,19.82,20.13
2012-06-26,19.53,20.74,19.24,19.43
2012-06-27,19.59,19.89,19.0,19.35
2012-06-28,20.68,21.12,19.41,19.69
2012-06-29,17.83,17.86,15.58,16.54
2012-07-02,16.25,16.97,15.61,15.67
2012-07-03,15.8,15.99,15.27,15.73
2012-07-05,16.98,18.15,16.33,17.17
2012-07-06,17.56,18.05,16.57,16.7
2012-07-09,17.55,17.7,16.9,17.24
2012-07-10,16.56,18.61,16.53,17.93
2012-07-11,18.54,18.97,17.24,17.8
2012-07-12,18.99,19.41,17.35,18.07
2012-07-13,17.09,17.29,16.0,16.08
2012-07-16,16.79,17.28,16.32,16.92
2012-07-17,16.74,17.5,15.81,15.96
2012-07-18,16.29,16.42,15.48,15.97
2012-07-19,15.95,16.8,15.48,15.75
2012-07-20,16.5,16.65,15.55,15.99
2012-07-23,19.69,20.07,16.9,17.19
2012-07-24,17.65,20.12,17.57,19.0
2012-07-25,18.67,20.0,17.9,18.56
2012-07-26,16.71,17.9,16.44,16.65
2012-07-27,16.47,16.92,15.77,16.35
2012-07-30,16.48,17.28,16.17,17.13
2012-07-31,17.74,18.32,17.47,18.19
2012-08-01,18.65,18.8,17.57,18.42
2012-08-02,18.46,18.68,16.79,16.85
2012-08-03,15.84,15.85,14.77,14.77
2012-08-06,14.68,15.23,14.61,14.78
2012-08-07,14.84,15.15,14.64,14.9
2012-08-08,15.53,15.58,14.42,14.48
2012-08-09,14.52,14.77,13.94,14.0
2012-08-10,14.67,14.77,13.71,13.89
2012-08-13,14.86,14.86,13.89,13.94
2012-08-14,14.44,14.97,14.16,14.62
2012-08-15,14.97,15.03,14.44,14.79
2012-08-16,15.42,15.49,14.08,14.12
2012-08-17,14.36,14.6,13.13,13.42
2012-08-20,13.56,13.78,12.89,12.89
2012-08-21,13.23,14.36,13.06,14.02
2012-08-22,14.55,14.77,13.91,14.22
2012-08-23,14.95,16.03,14.88,15.32
2012-08-24,15.77,15.91,14.51,14.62
2012-08-27,15.12,15.14,14.3,14.92
2012-08-28,15.51,16.05,15.02,15.57
2012-08-29,15.99,16.3,15.7,16.23
2012-08-30,16.9,17.72,16.82,17.2
2012-08-31,16.74,17.57,16.0,16.32
2012-09-04,17.3,17.97,16.63,17.03
2012-09-05,17.21,17.27,16.6,17.15
2012-09-06,16.06,16.06,14.58,14.68
2012-09-07,14.58,14.68,13.26,13.37
2012-09-10,14.12,15.29,13.76,15.27
2012-09-11,15.36,15.54,14.69,15.4
2012-09-12,15.08,15.71,14.95,15.45
2012-09-13,15.76,15.99,13.5,13.78
2012-09-14,13.29,14.67,13.29,14.36
2012-09-17,14.28,14.44,13.77,13.96
2012-09-18,14.28,14.36,12.88,13.31
2012-09-19,13.71,13.71,12.75,13.13
2012-09-20,13.84,13.94,12.8,12.92
2012-09-21,12.73,12.88,12.11,12.37
2012-09-24,12.83,13.03,11.9,12.45
2012-09-25,12.83,13.98,12.31,13.93
2012-09-26,14.73,16.21,14.71,15.36
2012-09-27,14.84,15.18,13.36,13.48
2012-09-28,14.01,14.64,13.74,14.57
2012-10-01,14.1,14.74,13.54,14.6
2012-10-02,14.27,15.01,14.12,14.36
2012-10-03,14.34,14.54,13.54,14.05
2012-10-04,14.34,14.35,13.53,13.76
2012-10-05,13.22,13.79,12.93,13.58
2012-10-08,14.04,14.16,13.76,13.89
2012-10-09,14.04,15.29,14.04,15.24
2012-10-10,15.67,16.04,15.21,15.51
2012-10-11,15.08,15.27,14.73,15.04
2012-10-12,15.07,15.97,14.58,15.74
2012-10-15,15.54,15.93,14.65,14.69
2012-10-16,14.26,14.62,13.77,14.42
2012-10-17,15.14,15.15,14.03,14.12
2012-10-18,14.56,15.1,14.04,14.3
2012-10-19,15.04,16.85,14.66,15.91
2012-10-22,16.3,16.97,15.32,15.34
2012-10-23,17.73,19.11,17.33,18.06
2012-10-24,17.52,18.37,17.41,18.22
2012-10-25,17.25,18.58,17.08,17.54
2012-10-26,17.69,18.83,17.34,17.88
2012-10-31,17.5,18.85,17.16,18.6
2012-11-01,17.84,18.02,16.6,16.9
2012-11-02,16.5,17.94,16.17,17.87
2012-11-05,18.58,18.93,18.0,18.63
2012-11-06,18.07,18.19,17.04,17.75
2012-11-07,18.17,20.11,17.73,19.45
2012-11-08,18.6,19.25,18.16,18.93
2012-11-09,18.84,19.48,18.27,19.35
2012-11-12,18.58,18.68,17.47,17.68
2012-11-13,18.0,18.0,17.01,17.56
2012-11-14,17.42,19.28,17.23,19.16
2012-11-15,19.02,20.24,18.82,19.28
2012-11-16,19.57,19.94,17.66,17.66
2012-11-19,16.06,16.23,15.41,15.47
2012-11-20,15.62,15.96,15.06,15.3
2012-11-21,15.07,15.65,14.98,15.48
2012-11-23,15.45,15.91,15.12,15.41
2012-11-26,15.62,15.72,15.01,15.23
2012-11-27,15.12,16.05,14.73,15.98
2012-11-28,16.73,17.39,15.48,15.62
2012-11-29,15.44,16.0,15.26,15.41
2012-11-30,15.89,16.86,15.64,16.15
2012-12-03,15.66,16.62,15.66,16.16
2012-12-04,16.47,17.64,16.19,17.13
2012-12-05,17.27,18.17,16.45,16.86
2012-12-06,17.23,17.71,16.85,17.06
2012-12-07,16.71,17.3,15.85,16.24
2012-12-10,16.76,16.81,15.94,16.17
2012-12-11,15.95,16.12,15.48,15.78
2012-12-12,16.2,16.69,15.48,16.03
2012-12-13,16.33,16.89,16.0,16.71
2012-12-14,17.53,17.78,17.0,17.46
2012-12-17,17.27,17.37,16.29,16.46
2012-12-18,16.58,16.6,15.58,15.77
2012-12-19,16.81,17.47,16.41,17.39
2012-12-20,17.83,17.97,17.22,17.62
2012-12-21,19.0,19.84,16.88,17.12
2012-12-24,17.61,18.09,17.59,17.66
2012-12-26,18.21,19.15,17.98,18.64
2012-12-27,19.04,21.44,18.44,19.16
2012-12-28,20.91,23.39,20.35,23.07
2012-12-31,22.05,22.26,17.68,18.53
2013-01-02,15.48,16.14,13.3,13.3
2013-01-03,14.36,14.68,13.32,14.01
2013-01-04,14.19,14.35,13.56,13.8
2013-01-07,14.17,14.3,13.04,13.08
2013-01-08,13.59,14.29,13.17,13.21
2013-01-09,13.41,13.86,13.13,13.55
2013-01-10,13.54,14.03,13.2,13.29
2013-01-11,13.75,14.05,13.23,13.32
2013-01-14,14.03,14.41,13.43,13.64
2013-01-15,14.13,14.14,13.31,13.61
2013-01-16,13.62,13.82,13.09,13.34
2013-01-17,13.74,13.94,13.22,13.42
2013-01-18,13.69,13.72,12.02,12.14
2013-01-22,12.83,13.12,11.9,11.98
2013-01-23,12.0,12.15,11.65,11.81
2013-01-24,12.19,13.28,11.9,12.29
2013-01-25,12.15,12.85,12.11,12.45
2013-01-28,12.73,13.27,12.68,12.87
2013-01-29,13.23,13.24,12.2,12.67
2013-01-30,12.96,13.79,12.89,13.79
2013-01-31,13.89,14.38,13.4,13.99
2013-02-01,13.0,13.31,12.23,12.44
2013-02-04,13.29,14.13,13.0,13.95
2013-02-05,13.37,13.49,12.37,12.74
2013-02-06,13.28,13.52,12.86,13.01
2013-02-07,13.04,14.02,12.8,12.88
2013-02-08,12.29,12.63,12.07,12.44
2013-02-11,12.82,12.85,12.28,12.45
2013-02-12,12.71,12.76,12.05,12.26
2013-02-13,12.14,12.92,12.13,12.59
2013-02-14,12.99,13.04,11.97,12.08
2013-02-15,12.18,12.39,11.57,11.91
2013-02-19,11.79,11.88,11.09,11.37
2013-02-20,11.58,13.99,11.54,13.97
2013-02-21,14.5,15.97,14.44,14.94
2013-02-22,14.43,15.07,13.56,13.74
2013-02-25,12.98,19.25,12.39,18.74
2013-02-26,16.95,17.88,15.83,16.44
2013-02-27,15.68,16.03,13.46,14.02
2013-02-28,14.17,14.79,13.26,14.76
2013-03-01,16.29,16.32,14.12,14.65
2013-03-04,14.68,14.82,12.61,12.74
2013-03-05,12.21,12.58,11.75,12.16
2013-03-06,12.38,12.86,11.96,12.36
2013-03-07,12.45,12.61,11.81,11.99
2013-03-08,12.18,12.79,11.34,11.62
2013-03-11,12.07,12.24,11.27,11.67
2013-03-12,11.52,12.42,11.42,11.79
2013-03-13,12.42,12.42,11.6,11.77
2013-03-14,11.54,11.81,11.05,11.25
2013-03-15,11.95,11.96,10.56,10.97
2013-03-18,12.2,12.85,11.52,12.69
2013-03-19,12.27,14.63,12.01,13.43
2013-03-20,12.08,12.79,11.68,12.0
2013-03-21,12.88,14.03,12.39,13.96
2013-03-22,13.35,13.64,12.64,13.24
2013-03-25,11.74,14.28,11.36,13.12
2013-03-26,11.99,12.53,11.83,11.93
2013-03-27,13.28,13.28,12.06,12.45
2013-03-28,13.01,13.01,11.88,12.04
2013-04-01,12.3,13.28,12.3,12.81
2013-04-02,12.14,12.28,11.57,11.81
2013-04-03,12.06,14.16,12.03,13.63
2013-04-04,13.8,14.84,13.41,13.54
2013-04-05,14.96,15.41,13.59,13.87
2013-04-08,13.71,14.26,12.82,12.9
2013-04-09,13.09,13.41,11.97,12.22
2013-04-10,12.0,12.18,11.44,11.78
2013-04-11,12.17,12.18,11.5,11.69
2013-04-12,12.15,12.79,11.41,11.68
2013-04-15,12.4,16.23,12.29,16.23
2013-04-16,13.77,14.26,12.77,13.01
2013-04-17,14.43,17.01,14.18,15.99
2013-04-18,15.81,17.51,15.7,16.37
2013-04-19,16.14,16.22,13.94,14.27
2013-04-22,13.97,14.89,12.99,13.05
2013-04-23,12.95,13.52,12.19,12.36
2013-04-24,12.62,13.09,12.35,12.87
2013-04-25,12.87,13.38,12.32,13.28
2013-04-26,13.78,14.1,12.64,12.93
2013-04-29,12.97,12.97,12.15,12.7
2013-04-30,12.82,13.38,12.33,12.54
2013-05-01,13.21,14.03,13.1,13.79
2013-05-02,13.85,13.86,12.72,12.89
2013-05-03,12.23,12.98,11.93,12.16
2013-05-06,12.08,12.25,11.44,11.54
2013-05-07,11.71,12.1,11.36,11.66
2013-05-08,12.03,12.14,11.49,11.52
2013-05-09,12.21,12.58,11.61,12.4
2013-05-10,12.77,12.92,11.45,11.63
2013-05-13,12.62,12.98,12.34,12.47
2013-05-14,12.41,13.16,12.16,12.65
2013-05-15,12.91,13.63,12.44,12.5
2013-05-16,12.86,13.34,12.28,12.58
2013-05-17,12.43,12.79,11.76,12.24
2013-05-20,12.61,12.7,11.97,12.25
2013-05-21,12.48,12.96,12.28,12.89
2013-05-22,12.86,14.12,12.58,13.5
2013-05-23,14.76,14.87,13.41,13.7
2013-05-24,14.04,14.59,13.64,13.64
2013-05-28,12.81,13.87,12.75,13.82
2013-05-29,14.71,15.26,14.03,14.34
2013-05-30,14.41,14.51,13.67,14.12
2013-05-31,14.53,15.95,14.04,15.82
2013-06-03,15.96,16.83,15.1,15.26
2013-06-04,14.97,16.84,14.97,16.17
2013-06-05,16.3,17.77,16.23,17.34
2013-06-06,17.36,19.06,16.73,16.82
2013-06-07,16.2,16.2,14.56,14.59
2013-06-10,14.95,15.13,14.32,14.84
2013-06-11,16.56,16.82,15.51,16.77
2013-06-12,16.49,18.88,16.49,18.46
2013-06-13,18.58,18.65,16.08,16.33
2013-06-14,16.79,17.67,16.21,17.26
2013-06-17,16.19,17.68,16.03,16.75
2013-06-18,16.72,17.02,16.24,16.39
2013-06-19,17.16,17.2,15.23,16.48
2013-06-20,18.68,21.7,18.22,21.33
2013-06-21,19.11,20.94,18.52,18.91
2013-06-24,21.4,22.25,18.31,19.92
2013-06-25,18.53,19.24,17.57,18.31
2013-06-26,17.99,18.3,16.97,17.25
2013-06-27,16.52,17.07,16.13,16.7
2013-06-28,17.43,18.53,16.6,17.24
2013-07-01,16.36,16.43,15.38,16.01
2013-07-02,16.14,16.81,15.43,16.11
2013-07-03,16.9,17.14,16.09,16.18
2013-07-05,15.64,16.37,14.62,14.62
2013-07-08,14.42,14.89,13.97,14.12
2013-07-09,13.9,14.21,13.64,13.74
2013-07-10,14.07,14.45,13.63,14.25
2013-07-11,13.85,14.35,13.29,13.84
2013-07-12,14.24,14.35,13.39,13.46
2013-07-15,14.15,14.15,13.37,13.96
2013-07-16,13.93,14.58,13.79,14.21
2013-07-17,14.28,14.53,13.16,13.64
2013-07-18,13.4,13.59,12.85,13.5
2013-07-19,13.67,13.7,12.31,12.58
2013-07-22,12.75,12.91,11.65,11.81
2013-07-23,11.36,12.44,11.32,12.08
2013-07-24,12.27,12.92,12.16,12.67
2013-07-25,13.01,13.08,12.34,12.43
2013-07-26,13.02,13.34,12.01,12.08
2013-07-29,12.48,12.83,12.18,12.38
2013-07-30,12.48,13.47,12.29,12.84
2013-07-31,12.7,13.8,12.29,13.28
2013-08-01,12.72,13.25,12.48,12.71
2013-08-02,12.47,12.52,11.18,11.19
2013-08-05,11.45,11.53,10.71,10.94
2013-08-06,11.24,12.1,11.24,11.65
2013-08-07,12.45,13.35,11.82,11.98
2013-08-08,11.78,12.58,11.33,11.67
2013-08-09,12.09,13.49,11.95,12.63
2013-08-12,13.49,13.52,12.82,13.07
2013-08-13,12.97,13.64,12.06,12.39
2013-08-14,12.68,13.27,12.49,13.06
2013-08-15,14.6,15.25,14.08,14.86
2013-08-16,14.98,15.28,13.8,14.37
2013-08-19,14.52,14.9,14.12,14.31
2013-08-20,15.17,15.17,13.99,14.78
2013-08-21,15.56,16.37,14.32,15.59
2013-08-22,15.0,15.57,14.6,14.72
2013-08-23,14.39,14.95,13.67,13.91
2013-08-26,13.5,14.62,13.31,14.34
2013-08-27,15.57,16.86,15.32,16.35
2013-08-28,16.53,16.89,15.74,16.15
2013-08-29,16.27,16.9,15.77,16.71
2013-08-30,17.01,18.16,16.83,17.62
2013-09-03,16.1,17.49,16.01,16.53
2013-09-04,16.68,16.68,15.34,15.57
2013-09-05,16.04,16.11,15.57,15.71
2013-09-06,15.9,16.93,14.87,15.38
2013-09-09,15.22,15.51,14.62,15.1
2013-09-10,14.43,14.55,13.64,13.83
2013-09-11,14.18,14.43,13.1,13.17
2013-09-12,13.82,14.27,13.29,13.91
2013-09-13,14.11,14.66,13.66,13.91
2013-09-16,14.19,14.62,13.27,14.24
2013-09-17,14.18,15.13,14.11,14.19
2013-09-18,14.28,14.37,12.33,13.4
2013-09-19,13.65,13.78,12.94,13.21
2013-09-20,13.27,13.4,12.26,12.95
2013-09-23,13.37,13.82,13.25,13.63
2013-09-24,13.65,13.74,12.97,13.39
2013-09-25,14.02,14.55,13.08,13.56
2013-09-26,13.14,13.94,12.9,13.5
2013-09-27,14.44,15.1,14.01,14.68
2013-09-30,16.1,16.45,15.02,15.97
2013-10-01,15.16,15.94,14.55,14.55
2013-10-02,15.55,16.35,15.16,16.29
2013-10-03,16.19,18.05,16.1,16.86
2013-10-04,17.21,17.24,15.94,15.97
2013-10-07,17.84,18.33,17.02,18.33
2013-10-08,18.51,20.27,18.02,19.82
2013-10-09,20.08,20.97,18.58,19.01
2013-10-10,16.89,17.35,15.85,16.01
2013-10-11,16.27,16.27,14.75,14.77
2013-10-14,15.46,16.55,14.44,14.91
2013-10-15,15.8,17.24,15.07,16.91
2013-10-16,15.7,15.7,13.77,14.09
2013-10-17,13.4,13.65,12.4,12.87
2013-10-18,12.61,12.63,11.4,11.77
2013-10-21,11.83,11.96,11.35,11.54
2013-10-22,11.45,12.57,11.33,12.03
2013-10-23,12.43,12.97,12.01,12.16
2013-10-24,12.28,12.38,11.25,11.34
2013-10-25,11.97,12.37,11.62,11.62
2013-10-28,11.99,12.22,11.08,11.13
2013-10-29,11.69,12.22,11.51,12.2
2013-10-30,12.57,13.34,12.45,12.71
2013-10-31,12.67,12.85,11.9,12.54
2013-11-01,12.41,12.95,11.47,12.03
2013-11-04,12.02,12.47,11.24,11.48
2013-11-05,12.0,12.57,11.7,12.01
2013-11-06,12.18,12.51,11.83,12.01
2013-11-07,12.15,13.58,12.06,12.84
2013-11-08,12.84,13.18,12.12,12.75
2013-11-11,12.58,12.6,12.21,12.24
2013-11-12,12.72,12.72,12.18,12.23
2013-11-13,12.88,12.92,11.88,11.9
2013-11-14,12.57,12.6,11.65,11.93
2013-11-15,11.81,11.92,11.35,11.41
2013-11-18,11.59,12.25,11.06,11.76
2013-11-19,12.08,12.35,11.67,12.11
2013-11-20,12.49,12.62,11.48,12.08
2013-11-21,11.85,12.53,11.61,11.81
2013-11-22,11.98,12.07,11.36,11.45
2013-11-25,11.29,11.61,11.19,11.2
2013-11-26,11.47,11.79,11.09,11.49
2013-11-27,11.5,11.78,11.36,11.69
2013-11-29,11.95,12.77,11.65,12.71
2013-12-02,12.56,12.86,12.21,12.69
2013-12-03,13.1,13.75,12.72,12.8
2013-12-04,13.9,14.42,12.94,13.37
2013-12-05,13.98,14.72,13.89,14.24
2013-12-06,13.29,13.29,12.38,12.74
2013-12-09,12.9,12.92,12.33,12.35
2013-12-10,12.84,13.17,12.72,13.02
2013-12-11,13.48,15.16,13.48,14.61
2013-12-12,14.92,15.92,14.58,15.3
2013-12-13,15.27,15.92,14.99,15.77
2013-12-16,14.0,15.1,13.98,15.01
2013-12-17,15.63,15.79,14.83,15.15
2013-12-18,14.71,15.76,12.57,12.8
2013-12-19,12.62,13.09,11.9,12.76
2013-12-20,11.63,12.23,11.55,11.8
2013-12-23,11.54,11.91,11.07,11.42
2013-12-24,11.49,11.55,10.93,11.0
2013-12-26,11.14,11.29,10.56,11.22
2013-12-27,11.33,11.56,10.93,10.93
2013-12-30,11.2,11.69,11.17,11.67
2013-12-31,12.09,12.88,11.94,12.25
2014-01-02,13.11,13.46,12.58,12.59
2014-01-03,12.91,13.19,12.09,12.4
2014-01-06,12.5,12.58,11.39,11.95
2014-01-07,11.55,12.07,11.27,11.47
2014-01-08,11.77,12.1,11.58,11.71
2014-01-09,11.9,12.42,11.67,11.93
2014-01-10,11.69,12.15,10.61,11.06
2014-01-13,11.37,13.05,11.18,12.72
2014-01-14,11.82,12.13,11.32,11.59
2014-01-15,11.44,11.9,11.25,11.46
2014-01-16,11.52,12.07,11.44,11.9
2014-01-17,11.64,11.81,10.91,11.24
2014-01-21,11.42,12.18,11.18,11.3
2014-01-22,11.5,11.86,11.35,11.55
2014-01-23,12.6,13.7,12.34,12.67
2014-01-24,14.07,16.33,13.44,16.33
2014-01-27,15.13,17.48,15.05,15.61
2014-01-28,15.72,15.74,14.71,14.92
2014-01-29,16.93,17.18,15.81,16.58
2014-01-30,15.53,16.07,14.73,15.78
2014-01-31,17.94,18.2,16.12,17.44
2014-02-03,17.26,20.06,17.26,19.77
2014-02-04,18.97,19.02,17.14,17.59
2014-02-05,18.07,19.39,17.56,18.52
2014-02-06,17.93,17.94,16.35,16.55
2014-02-07,15.03,15.59,13.72,14.05
2014-02-10,14.2,14.42,13.7,13.84
2014-02-11,13.56,13.65,12.24,12.75
2014-02-12,12.92,13.53,12.66,13.48
2014-02-13,13.89,13.89,12.69,12.7
2014-02-14,13.04,13.49,12.03,12.13
2014-02-18,13.17,13.86,12.83,13.16
2014-02-19,13.38,14.25,12.93,14.24
2014-02-20,14.36,15.47,13.11,13.82
2014-02-21,13.1,13.48,12.76,12.85
2014-02-24,12.6,12.67,12.08,12.51
2014-02-25,12.93,13.28,12.46,12.79
2014-02-26,12.93,13.44,12.59,13.18
2014-02-27,13.17,13.42,12.41,12.55
2014-02-28,12.53,13.8,12.17,12.93
2014-03-03,14.16,15.49,13.75,14.5
2014-03-04,13.18,13.21,12.41,12.8
2014-03-05,12.75,13.15,12.47,12.77
2014-03-06,12.59,13.45,12.48,12.98
2014-03-07,12.93,13.5,12.73,12.97
2014-03-10,13.32,13.85,12.53,12.62
2014-03-11,12.95,13.63,12.46,13.29
2014-03-12,14.57,14.65,13.09,13.1
2014-03-13,13.01,15.96,12.93,15.54
2014-03-14,15.82,17.79,15.73,17.22
2014-03-17,14.27,14.82,13.83,14.15
2014-03-18,13.82,13.98,12.78,13.66
2014-03-19,13.54,14.46,12.74,13.44
2014-03-20,13.86,14.21,12.64,13.09
2014-03-21,12.43,13.45,12.1,13.26
2014-03-24,13.08,14.2,12.92,13.38
2014-03-25,12.57,13.69,12.44,12.73
2014-03-26,12.56,14.09,12.44,13.92
2014-03-27,14.81,14.85,13.68,14.02
2014-03-28,13.24,14.43,12.88,13.45
2014-03-31,12.65,12.98,12.28,12.55
2014-04-01,12.45,12.58,11.6,11.6
2014-04-02,12.08,12.3,11.7,11.97
2014-04-03,12.45,12.83,12.23,12.73
2014-04-04,12.47,14.0,11.88,13.42
2014-04-07,14.3,15.14,13.54,14.26
2014-04-08,14.53,15.19,13.68,14.01
2014-04-09,13.96,14.4,12.46,12.64
2014-04-10,12.87,15.73,12.87,15.55
2014-04-11,16.5,17.76,15.66,17.19
2014-04-14,15.92,16.87,15.5,15.64
2014-04-15,15.29,17.02,14.8,15.03
2014-04-16,14.29,14.9,13.42,13.53
2014-04-17,13.38,13.7,12.38,12.8
2014-04-21,12.96,13.49,12.46,12.79
2014-04-22,12.67,12.79,12.11,12.35
2014-04-23,12.96,13.5,12.67,13.13
2014-04-24,13.24,13.85,12.73,12.82
2014-04-25,13.54,14.6,13.49,13.89
2014-04-28,13.74,14.45,12.54,12.86
2014-04-29,12.89,13.36,12.47,12.65
2014-04-30,13.28,13.74,12.23,12.33
2014-05-01,12.29,12.88,11.97,12.39
2014-05-02,12.17,12.92,11.36,11.82
2014-05-05,12.96,12.96,11.62,11.84
2014-05-06,12.44,13.14,12.12,13.14
2014-05-07,13.04,13.92,12.47,12.55
2014-05-08,12.49,13.06,11.86,12.6
2014-05-09,13.36,13.62,11.5,11.6
2014-05-12,11.81,12.43,11.65,11.83
2014-05-13,11.92,12.08,11.62,12.0
2014-05-14,12.14,12.15,11.45,11.76
2014-05-15,12.46,13.42,12.1,12.85
2014-05-16,13.0,13.23,11.93,11.93
2014-05-19,12.05,12.53,11.2,11.64
2014-05-20,12.05,12.66,11.47,12.28
2014-05-21,11.44,12.03,11.12,11.19
2014-05-22,11.49,11.76,11.24,11.32
2014-05-23,11.59,11.59,10.86,11.0
2014-05-27,11.07,11.22,10.66,10.78
2014-05-28,10.92,11.24,10.74,11.06
2014-05-29,11.02,11.27,10.85,10.85
2014-05-30,11.17,11.36,10.34,10.56
2014-06-02,10.87,11.22,10.63,10.72
2014-06-03,11.36,11.56,10.98,11.09
2014-06-04,11.72,11.89,11.12,11.48
2014-06-05,11.5,11.89,10.84,11.15
2014-06-06,10.8,10.96,10.22,10.27
2014-06-09,10.41,10.48,10.05,10.07
2014-06-10,10.64,10.67,9.65,9.81
2014-06-11,10.42,10.9,10.2,10.54
2014-06-12,10.77,11.99,10.56,11.59
2014-06-13,11.97,12.2,11.1,11.22
2014-06-16,11.33,12.02,11.08,11.5
2014-06-17,11.65,11.76,10.88,10.97
2014-06-18,10.72,10.98,9.22,9.63
2014-06-19,9.67,9.97,9.04,9.22
2014-06-20,9.44,9.46,8.96,9.07
2014-06-23,9.53,9.74,8.86,8.86
2014-06-24,9.42,10.64,9.07,10.38
2014-06-25,10.49,10.49,9.55,9.76
2014-06-26,10.46,11.19,9.75,9.75
2014-06-27,10.31,10.47,9.52,9.65
2014-06-30,9.83,9.88,9.28,9.54
2014-07-01,9.23,9.62,8.88,9.17
2014-07-02,9.26,9.4,8.72,8.92
2014-07-03,8.79,9.21,8.36,8.51
2014-07-07,9.48,9.8,9.07,9.45
2014-07-08,10.5,11.14,10.16,10.53
2014-07-09,10.25,10.74,9.74,9.9
2014-07-10,11.45,12.05,10.43,10.98
2014-07-11,11.47,11.65,10.38,10.44
2014-07-14,10.1,10.23,9.8,9.98
2014-07-15,10.0,11.21,9.72,10.44
2014-07-16,10.13,10.42,9.53,9.78
2014-07-17,10.18,13.82,9.97,13.13
2014-07-18,11.65,11.79,10.0,10.24
2014-07-21,11.16,11.96,10.34,10.59
2014-07-22,10.09,10.31,9.81,9.93
2014-07-23,10.22,10.46,9.91,10.27
2014-07-24,10.36,10.97,9.98,10.36
2014-07-25,11.05,11.29,10.62,11.07
2014-07-28,11.28,12.0,10.47,10.71
2014-07-29,10.59,11.72,10.26,11.69
2014-07-30,11.21,12.89,11.07,11.87
2014-07-31,13.35,16.48,13.35,16.09
2014-08-01,15.19,16.91,14.56,16.06
2014-08-04,15.41,15.73,12.93,13.49
2014-08-05,14.27,16.17,13.8,15.25
2014-08-06,15.85,15.87,14.5,15.27
2014-08-07,14.95,16.73,14.44,15.84
2014-08-08,16.49,16.63,14.72,15.22
2014-08-11,14.59,14.59,13.26,13.98
2014-08-12,13.59,14.38,13.42,13.52
2014-08-13,13.06,13.52,12.14,12.37
2014-08-14,12.06,12.21,11.17,11.38
2014-08-15,11.28,14.1,10.96,11.73
2014-08-18,10.99,11.04,10.45,10.7
2014-08-19,10.61,11.05,10.22,10.83
2014-08-20,10.68,11.03,10.35,10.51
2014-08-21,10.7,10.95,10.32,10.83
2014-08-22,11.37,11.39,10.38,10.56
2014-08-25,10.08,10.39,9.87,10.26
2014-08-26,10.27,10.48,9.95,10.38
2014-08-27,10.51,10.9,10.26,10.89
2014-08-28,11.57,11.57,10.67,10.77
2014-08-29,10.92,11.57,10.74,10.87
2014-09-02,11.53,11.76,10.79,11.05
2014-09-03,10.77,11.5,10.57,11.15
2014-09-04,11.1,12.13,10.53,11.67
2014-09-05,11.53,12.04,10.38,10.41
2014-09-08,10.94,11.47,10.62,10.66
2014-09-09,11.4,12.29,10.85,11.8
2014-09-10,12.29,12.77,11.14,11.3
2014-09-11,12.08,12.54,11.32,11.41
2014-09-12,12.15,13.25,11.8,11.96
2014-09-15,12.52,12.77,11.95,12.53
2014-09-16,13.08,13.08,11.19,11.19
2014-09-17,11.3,11.72,9.83,10.96
2014-09-18,10.91,11.11,10.32,10.5
2014-09-19,9.4,10.8,9.4,10.19
2014-09-22,10.97,11.94,10.72,11.55
2014-09-23,12.2,13.17,11.81,13.13
2014-09-24,13.19,13.58,11.6,11.69
2014-09-25,12.78,15.23,12.6,14.6
2014-09-26,14.78,14.86,12.83,13.62
2014-09-29,15.01,15.43,13.44,14.01
2014-09-30,14.6,15.22,13.42,14.77
2014-10-01,15.92,17.0,15.17,16.04
2014-10-02,16.41,17.86,14.99,15.43
2014-10-03,14.47,14.5,13.49,13.59
2014-10-06,12.87,14.9,12.85,14.11
2014-10-07,15.5,16.37,14.77,16.06
2014-10-08,16.34,17.5,13.91,14.13
2014-10-09,14.66,18.79,14.66,18.1
2014-10-10,18.05,20.88,17.7,20.2
2014-10-13,19.31,22.76,18.47,22.53
2014-10-14,20.49,22.5,19.21,20.68
2014-10-15,25.84,28.66,22.69,23.43
2014-10-16,26.08,28.06,21.92,22.94
2014-10-17,19.95,20.97,18.36,19.93
2014-10-20,19.26,19.26,17.16,17.26
2014-10-21,17.05,17.05,14.74,14.88
2014-10-22,15.17,17.52,14.56,17.02
2014-10-23,15.44,16.32,14.89,15.92
2014-10-24,15.66,17.05,15.42,15.75
2014-10-27,16.63,17.03,15.45,15.48
2014-10-28,14.72,15.03,13.62,13.62
2014-10-29,13.89,15.66,13.83,14.1
2014-10-30,14.55,15.32,13.14,14.03
2014-10-31,14.19,14.68,13.73,13.73
2014-11-03,14.29,14.43,13.62,14.17
2014-11-04,14.58,15.34,13.96,13.96
2014-11-05,14.1,14.17,13.32,13.36
2014-11-06,14.03,14.51,13.05,13.09
2014-11-07,13.47,13.59,12.36,12.43
2014-11-10,12.06,12.37,11.18,11.44
2014-11-11,11.99,12.15,11.21,11.62
2014-11-12,12.69,12.69,12.04,12.1
2014-11-13,12.16,12.99,11.77,12.17
2014-11-14,12.47,12.88,12.06,12.06
2014-11-17,12.86,13.14,12.4,12.53
2014-11-18,12.59,12.87,11.91,12.66
2014-11-19,12.99,13.53,12.44,12.46
2014-11-20,13.21,13.21,11.82,12.0
2014-11-21,11.55,12.35,10.96,11.24
2014-11-24,11.18,11.35,10.75,10.75
2014-11-25,11.25,11.33,10.93,11.0
2014-11-26,11.36,11.36,10.74,10.88
2014-11-28,11.74,12.91,11.54,12.71
2014-12-01,13.0,14.01,12.88,13.24
2014-12-02,13.24,13.36,12.29,12.36
2014-12-03,12.34,12.51,11.82,12.08
2014-12-04,12.19,13.03,11.9,11.94
2014-12-05,11.97,11.97,10.75,11.15
2014-12-08,11.69,13.76,11.48,13.23
2014-12-09,15.27,15.98,13.29,13.44
2014-12-10,14.65,18.27,14.63,17.69
2014-12-11,15.74,18.37,14.87,18.28
2014-12-12,18.4,21.21,18.29,20.89
2014-12-15,17.1,20.94,17.1,18.38
2014-12-16,19.75,21.66,16.89,21.66
2014-12-17,20.29,21.24,17.42,17.62
2014-12-18,15.86,16.62,14.77,14.88
2014-12-19,15.68,15.69,13.9,14.63
2014-12-22,14.54,15.13,13.22,13.25
2014-12-23,13.21,14.03,12.99,13.35
2014-12-24,13.37,13.95,12.92,13.55
2014-12-26,13.55,13.62,12.95,13.62
2014-12-29,13.64,13.71,13.02,13.09
2014-12-30,13.41,13.87,13.26,13.35
2014-12-31,13.64,16.9,13.38,16.27
2015-01-02,15.24,18.25,15.17,15.69
2015-01-05,17.72,19.52,17.42,17.78
2015-01-06,18.27,20.57,17.17,18.91
2015-01-07,17.82,19.12,17.55,17.95
2015-01-08,15.82,16.15,15.01,15.11
2015-01-09,15.46,17.65,15.46,16.27
2015-01-12,18.26,19.19,17.53,17.85
2015-01-13,16.7,20.26,16.49,18.97
2015-01-14,21.13,22.07,19.94,19.96
2015-01-15,21.79,22.77,20.34,21.56
2015-01-16,21.14,22.46,19.23,19.7
2015-01-20,19.42,20.74,18.64,18.91
2015-01-21,19.79,20.77,18.19,18.34
2015-01-22,17.97,30.98,14.63,15.07
2015-01-23,16.52,20.84,14.85,15.89
2015-01-26,16.36,16.57,14.32,14.37
2015-01-27,17.17,22.95,16.29,17.52
2015-01-28,17.07,20.21,16.38,20.19
2015-01-29,20.83,21.53,18.2,18.74
2015-01-30,18.75,23.05,18.58,20.97
2015-02-02,20.56,31.16,18.08,18.57
2015-02-03,16.89,17.99,16.04,16.18
2015-02-04,17.28,17.85,15.97,17.44
2015-02-05,16.56,16.89,16.08,16.3
2015-02-06,16.41,18.55,15.65,17.27
2015-02-09,18.04,18.1,16.71,17.41
2015-02-10,17.12,17.45,16.03,16.3
2015-02-11,16.55,17.16,15.72,16.24
2015-02-12,16.04,16.04,14.87,14.94
2015-02-13,14.88,15.32,14.48,14.48
2015-02-17,15.97,16.03,14.89,15.27
2015-02-18,15.88,16.31,15.47,15.51
2015-02-19,15.81,15.89,14.77,15.02
2015-02-20,15.97,16.33,13.58,14.05
2015-02-23,14.7,14.83,13.41,13.58
2015-02-24,13.81,13.9,12.71,12.98
2015-02-25,13.26,13.27,12.19,12.84
2015-02-26,13.13,14.07,13.04,13.44
2015-02-27,13.75,13.83,13.04,13.28
2015-03-02,13.24,13.24,12.17,12.36
2015-03-03,13.0,14.16,13.0,13.34
2015-03-04,14.91,15.34,13.77,13.83
2015-03-05,13.99,14.36,13.51,13.76
2015-03-06,14.47,16.19,14.1,15.58
2015-03-09,15.29,15.34,14.15,14.66
2015-03-10,16.82,17.34,16.09,17.25
2015-03-11,16.83,17.78,16.75,17.64
2015-03-12,16.7,17.04,15.91,15.96
2015-03-13,16.35,17.93,15.97,16.88
2015-03-16,16.49,16.59,15.59,15.93
2015-03-17,16.47,16.85,15.81,16.14
2015-03-18,16.67,17.01,13.09,14.01
2015-03-19,14.99,15.05,13.9,14.19
2015-03-20,13.73,13.73,12.49,12.94
2015-03-23,12.47,12.9,12.32,12.81
2015-03-24,13.4,13.92,12.46,13.73
2015-03-25,14.03,16.07,13.71,16.07
2015-03-26,17.53,18.41,16.03,16.6
2015-03-27,16.79,17.15,15.73,16.07
2015-03-30,14.59,14.94,14.16,14.57
2015-03-31,15.51,16.27,14.79,16.05
2015-04-01,17.66,18.02,16.22,16.27
2015-04-02,16.18,16.18,14.99,15.51
2015-04-06,15.95,15.99,14.4,15.02
2015-04-07,14.88,15.2,14.41,15.06
2015-04-08,14.65,15.54,14.34,14.39
2015-04-09,14.56,15.36,13.37,13.58
2015-04-10,13.65,13.65,12.46,12.5
2015-04-13,12.9,14.68,12.9,14.53
2015-04-14,14.06,14.9,13.63,13.99
2015-04-15,13.26,13.67,12.83,12.98
2015-04-16,13.32,13.49,12.48,12.75
2015-04-17,14.79,15.64,14.34,14.47
2015-04-20,13.2,13.2,12.54,12.74
2015-04-21,13.2,13.59,12.92,13.23
2015-04-22,13.44,13.99,12.35,12.68
2015-04-23,13.04,13.25,12.14,12.68
2015-04-24,12.74,12.87,12.18,12.5
2015-04-27,12.29,13.34,12.06,13.09
2015-04-28,13.14,15.23,12.33,12.33
2015-04-29,13.14,14.78,12.96,13.46
2015-04-30,14.25,16.1,14.08,15.17
2015-05-01,14.46,14.79,12.92,12.96
2015-05-04,12.73,13.06,12.32,12.57
2015-05-05,13.06,15.08,13.06,14.95
2015-05-06,16.14,17.58,15.39,16.0
2015-05-07,16.65,17.78,15.71,16.07
2015-05-08,13.55,13.77,12.48,12.57
2015-05-11,13.22,14.14,12.95,13.68
2015-05-12,15.58,15.6,14.0,14.57
2015-05-13,13.71,15.09,13.71,14.32
2015-05-14,13.81,14.04,13.16,13.23
2015-05-15,13.3,13.73,12.75,12.86
2015-05-18,13.06,13.4,12.03,12.85
2015-05-19,12.86,12.95,12.32,12.6
2015-05-20,13.39,13.52,12.33,13.13
2015-05-21,13.16,13.35,12.0,12.15
2015-05-22,12.56,12.75,11.94,12.6
2015-05-26,13.82,14.85,13.74,14.36
2015-05-27,13.95,14.11,12.74,13.12
2015-05-28,13.57,14.39,13.51,13.6
2015-05-29,14.29,14.88,13.73,14.46
2015-06-01,14.54,15.45,13.47,14.12
2015-06-02,15.36,15.5,13.59,14.4
2015-06-03,14.61,14.61,13.34,14.19
2015-06-04,15.07,16.19,14.18,15.49
2015-06-05,16.57,16.57,15.23,16.55
2015-06-08,15.81,16.18,14.97,15.82
2015-06-09,16.61,16.84,15.18,15.65
2015-06-10,14.62,14.66,13.57,13.87
2015-06-11,13.96,13.98,13.04,13.25
2015-06-12,14.66,15.62,14.16,14.64
2015-06-15,16.02,16.2,15.3,15.35
2015-06-16,15.53,16.04,15.01,15.11
2015-06-17,14.93,16.04,14.4,14.94
2015-06-18,14.42,14.56,12.66,13.36
2015-06-19,13.86,14.32,13.4,14.29
2015-06-22,13.23,13.23,12.14,12.41
2015-06-23,12.45,13.04,11.96,13.04
2015-06-24,12.37,13.37,11.71,13.37
2015-06-25,13.94,14.73,13.1,14.48
2015-06-26,14.51,15.35,14.04,14.67
2015-06-29,16.51,19.59,16.04,19.05
2015-06-30,17.68,19.8,17.68,18.23
2015-07-01,16.78,18.21,16.36,16.96
2015-07-02,16.39,18.46,16.26,17.72
2015-07-06,18.5,18.84,16.8,17.49
2015-07-07,18.45,20.47,16.45,16.84
2015-07-08,18.61,21.42,18.49,20.73
2015-07-09,18.88,21.52,18.85,21.47
2015-07-10,18.84,19.42,17.44,17.77
2015-07-13,14.59,14.83,13.47,13.79
2015-07-14,13.53,13.8,12.72,13.14
2015-07-15,13.05,13.96,12.63,13.46
2015-07-16,12.15,12.22,11.39,11.72
2015-07-17,11.65,12.07,11.29,11.5
2015-07-20,11.25,11.74,10.68,11.58
2015-07-21,11.77,12.38,11.54,11.76
2015-07-22,12.11,12.27,11.61,11.62
2015-07-23,12.13,13.44,11.89,12.69
2015-07-24,13.34,15.16,12.91,14.32
2015-07-27,16.18,16.21,15.09,15.61
2015-07-28,15.36,15.73,12.99,13.14
2015-07-29,12.96,13.33,11.88,12.07
2015-07-30,13.12,13.43,12.09,12.34
2015-07-31,12.52,12.78,11.74,12.4
2015-08-03,13.07,13.72,12.31,12.38
2015-08-04,12.93,13.31,12.29,12.88
2015-08-05,12.5,13.16,11.76,12.66
2015-08-06,13.41,15.09,13.28,14.46
2015-08-07,14.7,16.25,14.56,14.76
2015-08-10,13.18,13.18,12.34,12.52
2015-08-11,13.71,15.74,13.71,14.87
2015-08-12,17.17,18.26,14.73,15.38
2015-08-13,15.24,16.0,14.28,14.85
2015-08-14,15.03,15.45,13.54,13.93
2015-08-17,15.29,15.5,13.67,13.95
2015-08-18,14.27,14.85,13.09,13.83
2015-08-19,15.82,16.85,14.44,16.17
2015-08-20,17.23,19.98,17.23,19.98
2015-08-21,23.32,28.73,21.73,28.34
2015-08-24,28.34,43.99,28.34,37.66
2015-08-25,30.64,37.12,26.8,36.23
2015-08-26,31.21,34.62,27.44,28.35
2015-08-27,25.3,30.13,24.47,26.15
2015-08-28,26.2,28.09,25.52,25.52
2015-08-31,27.01,28.13,25.37,26.48
2015-09-01,29.53,32.7,28.7,30.78
2015-09-02,29.33,30.81,25.56,25.9
2015-09-03,24.28,26.82,23.72,25.73
2015-09-04,27.99,30.19,27.64,28.04
2015-09-08,25.06,26.75,24.27,24.69
2015-09-09,22.74,27.18,22.66,26.4
2015-09-10,27.26,28.45,24.95,25.82
2015-09-11,26.67,27.31,23.76,23.79
2015-09-14,24.73,25.21,24.04,24.12
2015-09-15,23.83,23.89,22.03,22.64
2015-09-16,22.65,22.97,21.31,21.53
2015-09-17,21.94,23.0,18.5,22.03
2015-09-18,23.75,24.06,21.78,23.2
2015-09-21,21.5,22.01,19.79,20.37
2015-09-22,23.17,24.47,22.58,22.66
2015-09-23,22.66,22.91,21.16,21.67
2015-09-24,25.28,25.62,23.15,23.57
2015-09-25,22.48,24.88,21.81,23.59
2015-09-28,25.74,28.58,25.6,27.94
2015-09-29,28.33,28.51,26.33,27.1
2015-09-30,25.3,26.74,25.04,25.12
2015-10-01,25.24,25.76,23.68,23.68
2015-10-02,26.02,26.3,22.17,22.17
2015-10-05,20.23,20.54,19.14,19.47
2015-10-06,19.83,20.63,19.44,19.51
2015-10-07,18.83,20.16,18.06,18.09
2015-10-08,19.53,19.66,16.95,17.6
2015-10-09,16.68,18.19,16.48,16.67
2015-10-12,17.35,17.54,16.01,16.14
2015-10-13,16.79,17.98,15.96,17.49
2015-10-14,17.46,18.94,17.4,18.13
2015-10-15,17.85,18.02,16.09,16.17
2015-10-16,16.38,16.45,15.08,15.08
2015-10-19,15.67,15.67,14.21,14.26
2015-10-20,15.02,15.95,14.47,15.26
2015-10-21,15.13,17.22,15.03,17.1
2015-10-22,15.86,15.86,14.76,15.08
2015-10-23,14.3,15.16,13.6,14.95
2015-10-26,15.19,15.83,14.95,15.39
2015-10-27,16.16,16.43,15.6,15.98
2015-10-28,15.71,16.13,14.39,14.55
2015-10-29,15.14,16.2,14.88,15.18
2015-10-30,15.53,15.98,14.48,15.55
2015-11-02,15.83,15.83,13.48,13.79
2015-11-03,14.03,14.28,13.24,14.15
2015-11-04,14.47,15.59,13.58,15.01
2015-11-05,15.36,16.34,14.87,14.92
2015-11-06,14.85,16.31,13.86,13.87
2015-11-09,15.36,16.92,15.1,15.87
2015-11-10,16.74,17.02,15.12,15.2
2015-11-11,15.37,15.89,14.66,15.85
2015-11-12,17.9,18.43,16.7,18.42
2015-11-13,18.7,21.09,18.7,20.57
2015-11-16,19.4,19.92,17.43,17.69
2015-11-17,18.08,19.12,17.0,18.61
2015-11-18,18.12,18.17,16.15,16.29
2015-11-19,16.42,16.93,16.17,16.69
2015-11-20,15.59,15.87,15.12,15.4
2015-11-23,15.73,16.0,14.61,15.03
2015-11-24,15.73,16.77,14.87,15.24
2015-11-25,15.58,15.63,14.78,15.11
2015-11-27,16.12,16.53,15.51,15.85
2015-11-30,15.98,16.93,15.56,16.6
2015-12-01,15.72,16.81,14.69,14.84
2015-12-02,15.06,16.95,14.94,16.58
2015-12-03,16.82,20.09,16.75,19.03
2015-12-04,17.68,17.7,15.31,15.31
2015-12-07,16.3,17.42,16.01,16.22
2015-12-08,18.07,18.6,16.86,17.87
2015-12-09,17.98,20.88,17.13,20.0
2015-12-10,19.37,20.16,18.43,19.52
2015-12-11,22.11,26.03,21.9,25.28
2015-12-14,24.19,25.2,21.4,21.73
2015-12-15,19.91,20.74,19.57,19.93
2015-12-16,19.03,20.31,16.94,17.65
2015-12-17,17.54,20.49,17.5,19.34
2015-12-18,20.9,21.57,20.0,21.21
2015-12-21,19.72,20.89,19.31,19.44
2015-12-22,19.23,19.37,17.45,17.74
2015-12-23,16.84,17.18,16.11,16.28
2015-12-24,16.62,16.88,15.98,16.72
2015-12-28,17.76,18.29,16.84,17.04
2015-12-29,15.76,16.63,15.43,15.87
2015-12-30,16.8,17.44,16.22,16.93
2015-12-31,16.75,18.63,16.58,18.17
2016-01-04,23.72,23.72,20.48,20.93
2016-01-05,21.4,22.16,20.08,20.08
2016-01-06,22.74,23.12,20.79,21.96
2016-01-07,24.89,27.6,24.27,26.74
2016-01-08,25.03,27.84,24.76,27.67
2016-01-11,25.02,26.43,22.71,22.96
2016-01-12,21.72,23.79,21.43,22.21
2016-01-13,21.54,26.47,21.51,25.29
2016-01-14,25.36,26.76,23.48,24.67
2016-01-15,27.02,30.71,26.36,27.75
2016-01-19,25.65,27.39,24.76,25.88
2016-01-20,28.75,32.14,26.56,28.47
2016-01-21,28.71,29.06,25.04,27.32
2016-01-22,24.5,25.29,23.06,23.18
2016-01-25,23.63,24.64,22.19,24.47
2016-01-26,24.39,24.86,23.37,23.72
2016-01-27,24.11,25.49,22.74,24.38
2016-01-28,23.54,25.19,23.19,23.51
2016-01-29,22.31,22.63,19.12,21.1
2016-02-01,21.93,22.37,20.33,20.63
2016-02-02,22.5,23.44,21.86,23.04
2016-02-03,23.81,26.12,22.99,23.27
2016-02-04,24.52,24.68,22.95,23.21
2016-02-05,24.53,26.52,24.34,25.99
2016-02-08,27.52,28.85,26.85,27.4
2016-02-09,29.83,30.58,28.15,29.87
2016-02-10,28.21,28.3,26.69,28.11
2016-02-11,31.79,32.53,30.19,30.78
2016-02-12,29.05,29.56,26.76,26.9
2016-02-16,26.18,26.8,24.89,25.07
2016-02-17,24.76,25.01,23.59,23.63
2016-02-18,23.74,23.74,22.55,23.02
2016-02-19,24.32,24.44,22.09,22.33
2016-02-22,20.7,20.91,19.63,19.99
2016-02-23,21.02,22.75,20.76,22.3
2016-02-24,24.22,24.65,21.62,22.35
2016-02-25,23.15,23.19,20.71,20.71
2016-02-26,20.8,22.17,20.63,21.42
2016-02-29,21.98,22.86,20.43,22.16
2016-03-01,21.34,21.61,18.59,18.59
2016-03-02,19.61,19.88,17.81,18.09
2016-03-03,18.79,18.87,17.52,18.1
2016-03-04,18.71,19.25,17.77,18.42
2016-03-07,18.87,19.11,18.04,18.37
2016-03-08,20.42,20.43,19.1,20.18
2016-03-09,20.51,20.67,19.58,19.71
2016-03-10,19.55,21.35,18.49,19.36
2016-03-11,18.0,18.39,17.21,17.26
2016-03-14,17.79,18.18,16.53,17.11
2016-03-15,17.69,17.99,16.59,16.74
2016-03-16,17.12,17.13,15.36,15.77
2016-03-17,16.38,16.38,14.35,15.16
2016-03-18,14.92,15.57,14.46,14.66
2016-03-21,14.63,15.03,13.52,13.52
2016-03-22,14.51,14.68,13.54,14.16
2016-03-23,14.81,15.56,14.26,15.02
2016-03-24,16.72,16.72,14.89,14.91
2016-03-28,15.85,16.12,14.83,15.22
2016-03-29,15.86,16.03,13.47,13.52
2016-03-30,13.28,13.59,12.74,13.1
2016-03-31,13.26,14.18,13.16,13.8
2016-04-01,15.36,15.88,13.12,13.16
2016-04-04,14.35,15.02,13.3,13.75
2016-04-05,15.67,15.97,14.81,15.44
2016-04-06,16.06,16.25,13.94,14.02
2016-04-07,15.47,17.45,15.33,16.5
2016-04-08,15.69,16.27,15.02,15.48
2016-04-11,15.23,16.14,14.47,15.93
2016-04-12,15.82,16.54,14.49,14.69
2016-04-13,14.18,14.28,13.42,13.66
2016-04-14,14.27,14.39,12.91,13.91
2016-04-15,14.01,14.46,13.57,13.87
2016-04-18,14.05,14.15,13.13,13.46
2016-04-19,13.27,14.14,12.97,13.05
2016-04-20,12.86,13.75,12.47,13.62
2016-04-21,13.78,13.97,13.11,13.53
2016-04-22,13.9,14.58,13.41,13.49
2016-04-25,14.23,14.69,13.59,13.68
2016-04-26,14.01,15.18,13.76,14.83
2016-04-27,14.59,15.22,13.6,13.79
2016-04-28,14.14,15.65,13.36,15.39
2016-04-29,15.93,17.19,15.79,16.04
2016-05-02,15.49,15.94,14.28,14.45
2016-05-03,15.65,16.41,14.93,15.41
2016-05-04,17.15,17.55,16.29,16.75
2016-05-05,16.53,17.13,16.09,16.58
2016-05-06,16.7,17.37,15.2,15.26
2016-05-09,15.1,15.52,14.28,14.75
2016-05-10,14.23,14.58,13.73,14.01
2016-05-11,14.34,14.99,13.73,14.95
2016-05-12,14.91,16.39,14.55,14.96
2016-05-13,14.85,15.99,14.57,15.82
2016-05-16,15.74,17.45,14.16,14.58
2016-05-17,15.35,16.45,14.89,15.71
2016-05-18,16.26,16.83,14.98,16.13
2016-05-19,16.87,18.01,16.15,16.35
2016-05-20,16.14,16.2,14.45,15.26
2016-05-23,15.18,17.05,14.41,15.02
2016-05-24,14.4,16.15,13.31,13.69
2016-05-25,13.02,13.14,12.36,12.77
2016-05-26,13.11,13.56,12.52,12.7
2016-05-27,12.86,13.19,12.07,12.2
2016-05-31,12.93,14.07,12.78,13.28
2016-06-01,14.44,14.49,13.32,13.38
2016-06-02,14.05,14.5,12.54,12.72
2016-06-03,13.89,14.28,12.58,12.59
2016-06-06,12.61,13.18,12.31,12.64
2016-06-07,12.62,13.14,12.62,13.04
2016-06-08,12.79,13.31,12.44,12.91
2016-06-09,13.83,13.96,13.22,13.68
2016-06-10,15.13,15.99,14.78,15.54
2016-06-13,17.13,18.94,16.61,18.84
2016-06-14,18.38,20.2,18.18,18.38
2016-06-15,18.71,19.14,17.71,18.87
2016-06-16,20.72,21.26,17.88,20.3
2016-06-17,18.68,19.29,17.96,18.63
2016-06-20,15.51,17.2,15.46,17.09
2016-06-21,17.3,18.39,16.82,17.41
2016-06-22,17.38,20.19,16.63,20.12
2016-06-23,17.53,18.1,15.91,15.92
2016-06-24,18.45,24.06,17.76,23.27
2016-06-27,23.68,25.21,21.55,22.01
2016-06-28,19.26,19.38,17.84,17.91
2016-06-29,16.98,16.99,15.73,15.95
2016-06-30,15.5,15.88,14.32,14.77
2016-07-01,14.26,14.56,13.66,13.9
2016-07-05,15.47,15.59,14.61,14.7
2016-07-06,16.22,16.36,13.94,14.22
2016-07-07,14.09,15.51,13.76,14.19
2016-07-08,12.71,13.25,12.31,12.35
2016-07-11,11.72,12.33,11.59,12.1
2016-07-12,11.87,12.65,10.85,12.3
2016-07-13,12.67,12.71,9.9,12.22
2016-07-14,12.49,13.04,12.06,12.25
2016-07-15,12.01,12.92,10.38,11.68
2016-07-18,12.25,12.26,11.32,11.4
2016-07-19,11.72,11.82,10.73,11.21
2016-07-20,11.28,11.55,10.67,11.23
2016-07-21,11.52,12.83,10.04,10.04
2016-07-22,12.46,12.61,10.55,10.55
2016-07-25,12.05,12.79,11.88,11.88
2016-07-26,12.32,13.09,12.25,12.54
2016-07-27,12.45,13.27,11.75,12.24
2016-07-28,12.74,13.74,12.14,13.63
2016-07-29,11.82,12.38,11.05,11.52
2016-08-01,11.87,11.9,11.03,11.14
2016-08-02,11.81,13.07,11.74,12.48
2016-08-03,12.8,12.88,11.94,12.02
2016-08-04,11.85,12.41,11.51,11.81
2016-08-05,10.83,11.35,10.44,10.56
2016-08-08,10.68,10.89,10.15,10.64
2016-08-09,10.05,10.9,9.98,10.52
2016-08-10,10.9,11.59,10.74,11.09
2016-08-11,10.99,11.37,10.64,10.82
2016-08-12,11.23,11.41,10.63,10.67
2016-08-15,10.75,10.99,10.4,10.5
2016-08-16,11.42,11.78,11.1,11.45
2016-08-17,12.29,13.12,10.87,11.15
2016-08-18,11.52,11.52,10.33,10.39
2016-08-19,11.38,11.59,10.17,10.32
2016-08-22,11.06,11.9,10.33,10.56
2016-08-23,10.19,10.78,10.13,10.76
2016-08-24,10.81,13.09,10.8,12.0
2016-08-25,12.29,12.94,11.75,12.54
2016-08-26,12.01,13.36,10.91,12.2
2016-08-29,11.86,12.53,11.01,11.11
2016-08-30,11.29,11.96,11.06,11.27
2016-08-31,12.04,12.98,11.78,12.15
2016-09-01,12.32,13.55,12.29,12.35
2016-09-02,10.96,11.62,10.74,10.8
2016-09-06,11.23,11.68,10.32,10.32
2016-09-07,10.81,11.41,10.6,10.62
2016-09-08,11.37,11.69,11.04,11.19
2016-09-09,13.24,17.63,13.13,17.36
2016-09-12,16.11,16.33,13.14,13.39
2016-09-13,15.11,18.21,15.11,17.06
2016-09-14,17.15,18.34,15.6,16.43
2016-09-15,17.63,17.7,15.22,15.51
2016-09-16,16.14,16.47,14.72,14.8
2016-09-19,14.36,15.8,14.14,15.01
2016-09-20,14.84,15.67,14.61,15.53
2016-09-21,14.87,16.07,13.11,13.41
2016-09-22,12.37,12.46,11.57,11.84
2016-09-23,12.5,12.55,11.87,12.24
2016-09-26,14.3,14.37,13.22,14.29
2016-09-27,14.23,14.85,12.77,12.94
2016-09-28,12.86,13.68,12.17,12.25
2016-09-29,12.83,16.1,12.32,14.82
2016-09-30,13.92,14.36,12.56,13.3
2016-10-03,14.4,14.87,13.18,13.47
2016-10-04,13.2,14.92,12.91,14.05
2016-10-05,13.83,14.08,13.23,13.49
2016-10-06,14.17,14.43,13.32,13.5
2016-10-07,13.9,14.9,13.56,14.08
2016-10-10,12.79,12.87,12.35,12.49
2016-10-11,13.53,16.38,13.53,15.25
2016-10-12,15.83,15.92,14.77,15.31
2016-10-13,17.57,18.08,16.08,16.55
2016-10-14,15.31,16.46,15.13,15.99
2016-10-17,17.04,17.26,15.8,15.8
2016-10-18,15.76,15.94,14.88,15.33
2016-10-19,15.14,15.2,14.25,14.78
2016-10-20,14.45,15.02,13.77,14.01
2016-10-21,14.64,14.75,13.57,13.57
2016-10-24,13.13,13.25,12.7,13.09
2016-10-25,13.32,14.31,13.04,13.98
2016-10-26,14.74,15.33,14.26,14.71
2016-10-27,14.82,16.28,14.64,16.28
2016-10-28,16.41,18.36,15.53,17.16
2016-10-31,17.54,18.58,17.28,18.25
2016-11-01,18.37,21.4,18.27,19.3
2016-11-02,20.62,21.46,20.16,20.78
2016-11-03,20.87,23.06,20.6,22.67
2016-11-04,23.33,24.8,21.17,24.19
2016-11-07,19.85,19.85,18.7,19.13
2016-11-08,20.27,20.6,17.93,18.75
2016-11-09,15.27,17.2,14.1,14.28
2016-11-10,13.13,16.81,13.13,15.18
2016-11-11,15.44,16.34,14.19,14.19
2016-11-14,15.11,16.2,14.04,14.34
2016-11-15,14.07,14.13,12.81,13.25
2016-11-16,13.94,14.25,13.5,13.69
2016-11-17,13.16,13.83,13.07,13.22
2016-11-18,13.6,13.75,12.91,12.91
2016-11-21,12.48,12.9,11.63,11.8
2016-11-22,12.19,12.53,11.84,11.98
2016-11-23,12.63,12.76,12.02,12.04
2016-11-25,12.53,12.76,12.01,12.08
2016-11-28,12.92,12.96,12.16,12.59
2016-11-29,12.93,13.25,12.16,12.44
2016-11-30,12.22,13.45,12.21,13.32
2016-12-01,13.6,14.72,13.43,14.03
2016-12-02,14.28,14.58,13.56,14.11
2016-12-05,12.5,12.57,11.83,11.83
2016-12-06,11.95,11.96,10.95,11.26
2016-12-07,11.45,12.03,11.04,11.93
2016-12-08,11.91,13.31,11.56,12.86
2016-12-09,13.0,13.0,10.83,10.85
2016-12-12,11.35,12.04,11.09,11.56
2016-12-13,12.48,13.01,12.13,12.3
2016-12-14,12.75,12.79,11.73,12.42
2016-12-15,12.34,12.88,11.9,12.05
2016-12-16,12.14,12.14,11.29,11.58
2016-12-19,11.11,11.22,10.5,10.63
2016-12-20,10.64,11.21,10.62,10.84
2016-12-21,11.03,11.38,10.83,10.93
2016-12-22,11.26,11.34,10.94,11.09
2016-12-23,11.52,11.59,11.06,11.09
2016-12-27,11.36,11.42,11.11,11.2
2016-12-28,11.54,12.28,11.54,12.18
2016-12-29,12.46,13.36,12.44,12.91
2016-12-30,13.29,13.98,13.09,13.43
2017-01-03,12.97,13.37,11.62,11.78
2017-01-04,11.76,11.79,11.12,11.41
2017-01-05,11.13,11.42,10.73,11.0
2017-01-06,11.39,11.39,10.63,11.05
2017-01-09,11.33,11.41,10.6,10.73
2017-01-10,11.06,11.5,10.61,10.8
2017-01-11,11.08,11.85,10.62,10.68
2017-01-12,11.5,12.5,10.68,11.04
2017-01-13,10.75,11.04,10.42,10.62
2017-01-17,11.78,11.85,10.92,10.98
2017-01-18,11.45,11.78,11.04,11.23
2017-01-19,11.18,12.33,11.06,11.61
2017-01-20,11.44,11.55,10.44,10.5
2017-01-23,10.61,11.65,10.5,10.77
2017-01-24,11.21,11.24,10.23,10.56
2017-01-25,10.56,10.56,9.86,10.09
2017-01-26,10.5,10.67,9.39,9.39
2017-01-27,10.28,10.42,9.77,9.87
2017-01-30,10.84,11.78,10.61,10.63
2017-01-31,11.38,11.89,10.96,11.07
2017-02-01,10.86,11.65,10.07,10.83
2017-02-02,11.07,11.24,10.69,10.92
2017-02-03,10.96,10.96,10.03,10.14
2017-02-06,10.48,10.53,9.93,10.11
2017-02-07,10.12,10.5,8.94,10.09
2017-02-08,10.7,10.87,9.8,10.37
2017-02-09,10.64,10.66,10.13,10.4
2017-02-10,10.37,10.71,10.14,10.41
2017-02-13,10.68,10.9,10.24,10.34
2017-02-14,10.53,10.76,9.07,9.07
2017-02-15,10.34,10.88,10.06,10.77
2017-02-16,10.91,11.92,10.51,10.54
2017-02-17,11.0,11.27,10.03,11.27
2017-02-21,10.43,10.92,10.23,10.53
2017-02-22,10.94,11.04,10.3,10.49
2017-02-23,11.34,11.53,10.67,10.72
2017-02-24,11.46,11.62,10.28,10.65
2017-02-27,11.31,11.34,10.64,10.77
2017-02-28,11.85,12.27,11.28,11.28
2017-03-01,11.67,12.1,11.29,11.68
2017-03-02,11.77,12.0,10.59,12.0
2017-03-03,11.18,11.18,10.07,10.08
2017-03-06,10.3,10.48,9.63,9.76
2017-03-07,10.43,10.5,9.79,10.18
2017-03-08,10.27,10.53,10.01,10.53
2017-03-09,11.16,11.34,10.57,11.17
2017-03-10,11.13,11.23,10.39,10.5
2017-03-13,10.03,10.12,9.7,9.77
2017-03-14,10.12,11.03,10.12,10.4
2017-03-15,10.54,12.03,9.58,9.85
2017-03-16,10.06,10.16,8.99,9.29
2017-03-17,9.32,9.65,9.02,9.15
2017-03-20,9.54,9.66,9.06,9.39
2017-03-21,9.47,11.48,9.29,11.21
2017-03-22,11.56,12.28,10.92,11.85
2017-03-23,12.3,12.55,11.58,12.22
2017-03-24,12.01,13.63,11.48,13.34
2017-03-27,13.49,13.49,11.15,11.41
2017-03-28,11.15,11.43,10.3,10.43
2017-03-29,10.58,10.63,9.84,10.07
2017-03-30,10.4,10.41,9.77,9.99
2017-03-31,10.4,10.65,10.08,10.47
2017-04-03,10.54,11.5,10.42,10.45
2017-04-04,10.64,10.98,9.86,9.93
2017-04-05,10.0,11.67,9.66,11.47
2017-04-06,11.45,11.59,10.68,11.31
2017-04-07,11.55,12.75,11.47,11.66
2017-04-10,11.3,12.16,11.13,11.81
2017-04-11,13.2,14.06,12.72,12.75
2017-04-12,13.22,13.69,12.81,13.03
2017-04-13,13.57,14.58,12.91,14.4
2017-04-17,14.58,14.58,13.06,13.29
2017-04-18,13.49,14.16,13.02,13.02
2017-04-19,12.94,14.03,12.64,13.87
2017-04-20,13.62,13.85,12.31,12.67
2017-04-21,12.91,14.06,12.91,13.36
2017-04-24,10.87,10.94,9.39,9.42
2017-04-25,10.04,10.16,8.62,8.62
2017-04-26,9.64,10.03,9.47,9.65
2017-04-27,9.83,10.99,9.41,9.93
2017-04-28,9.54,9.69,9.08,9.25
2017-05-01,9.23,9.48,8.57,9.13
2017-05-02,9.37,10.28,9.3,10.19
2017-05-03,10.14,10.57,9.47,9.63
2017-05-04,10.17,10.68,9.71,10.56
2017-05-05,9.9,10.24,9.73,9.93
2017-05-08,9.25,9.95,8.87,9.61
2017-05-09,9.16,9.94,9.09,9.44
2017-05-10,9.8,10.27,9.3,9.48
2017-05-11,10.12,10.84,9.69,9.91
2017-05-12,10.07,10.29,9.52,9.56
2017-05-15,9.8,10.05,9.21,9.51
2017-05-16,9.51,10.12,9.17,10.12
2017-05-17,10.87,13.88,10.82,13.88
2017-05-18,13.52,13.62,12.01,12.69
2017-05-19,11.4,11.66,10.41,11.07
2017-05-22,10.08,10.55,9.05,9.59
2017-05-23,9.66,10.79,9.38,9.54
2017-05-24,9.71,9.9,8.93,8.97
2017-05-25,9.39,9.9,9.1,9.26
2017-05-26,9.26,9.43,8.84,9.16
2017-05-30,9.5,9.67,9.18,9.4
2017-05-31,9.75,10.54,8.74,8.74
2017-06-01,9.59,10.89,9.15,9.15
2017-06-02,9.81,9.96,8.58,9.02
2017-06-05,9.24,10.02,8.42,8.99
2017-06-06,9.49,10.34,9.42,9.73
2017-06-07,9.61,10.46,9.45,9.49
2017-06-08,9.64,11.22,9.16,9.42
2017-06-09,9.14,11.29,8.8,10.39
2017-06-12,10.0,10.83,9.27,9.36
2017-06-13,9.0,9.66,8.74,9.06
2017-06-14,9.28,10.41,8.59,9.09
2017-06-15,10.37,10.7,9.28,9.73
2017-06-16,10.02,10.81,8.86,8.89
2017-06-19,8.7,9.13,8.32,8.53
2017-06-20,9.0,10.43,8.81,9.33
2017-06-21,9.45,10.61,9.3,10.6
2017-06-22,9.73,9.77,8.9,9.23
2017-06-23,9.66,9.89,8.61,9.78
2017-06-26,8.3,8.89,8.09,8.36
2017-06-27,9.07,11.22,8.41,9.99
2017-06-28,9.45,9.73,8.59,8.61
2017-06-29,9.44,12.37,9.12,10.43
2017-06-30,9.82,11.53,9.55,10.13
2017-07-03,9.4,10.11,9.1,10.04
2017-07-05,10.54,11.01,9.47,9.73
2017-07-06,11.16,12.16,10.28,12.16
2017-07-07,11.13,11.22,9.87,9.97
2017-07-10,9.92,9.99,8.93,8.93
2017-07-11,9.86,10.68,9.3,9.3
2017-07-12,9.04,10.36,8.69,10.36
2017-07-13,8.81,9.13,8.26,8.4
2017-07-14,8.54,8.73,7.82,8.64
2017-07-17,7.97,9.41,7.91,8.07
2017-07-18,8.46,9.22,7.9,9.22
2017-07-19,7.87,9.79,7.49,8.89
2017-07-20,8.37,9.0,7.88,9.0
2017-07-21,8.6,8.89,7.77,7.77
2017-07-24,8.2,8.25,7.53,7.87
2017-07-25,7.73,8.46,6.32,6.32
2017-07-26,7.77,7.8,7.44,7.56
2017-07-27,7.44,9.5,7.36,8.39
2017-07-28,8.77,9.09,8.15,8.26
2017-07-31,8.12,8.65,7.97,8.65
2017-08-01,8.21,8.27,7.7,7.7
2017-08-02,7.79,8.4,7.41,8.2
2017-08-03,8.0,8.53,7.77,8.46
2017-08-04,7.73,8.95,7.72,8.9
2017-08-07,7.94,8.81,7.67,8.55
2017-08-08,8.14,9.89,7.48,9.03
2017-08-09,10.6,10.65,9.05,9.09
2017-08-10,11.48,13.9,11.42,13.86
2017-08-11,12.98,13.61,11.94,12.87
2017-08-14,10.47,11.09,9.43,9.6
2017-08-15,9.61,9.96,9.07,9.46
2017-08-16,9.83,10.05,8.95,9.37
2017-08-17,9.92,13.82,9.73,12.82
2017-08-18,13.49,13.86,11.71,12.91
2017-08-21,12.58,13.17,11.71,11.8
2017-08-22,10.95,10.95,9.54,10.04
2017-08-23,10.98,11.66,10.29,10.9
2017-08-24,11.03,13.1,10.88,11.25
2017-08-25,10.38,10.93,9.91,10.28
2017-08-28,9.92,10.85,9.85,10.05
2017-08-29,11.82,11.91,9.23,9.93
2017-08-30,10.32,10.32,9.09,9.75
2017-08-31,9.53,9.82,8.05,9.26
2017-09-01,9.39,9.64,8.83,8.94
2017-09-05,10.49,12.35,10.01,10.84
2017-09-06,10.31,11.06,9.58,9.81
2017-09-07,9.76,10.96,9.56,9.84
2017-09-08,10.51,11.29,10.49,10.76
2017-09-11,8.81,9.18,8.55,8.74
2017-09-12,8.77,9.63,8.24,8.29
2017-09-13,8.51,9.87,8.12,8.16
2017-09-14,8.67,9.39,7.98,8.29
2017-09-15,8.52,9.3,7.68,7.8
2017-09-18,7.62,8.85,7.6,7.82
2017-09-19,7.81,9.55,7.54,8.01
2017-09-20,7.99,8.89,7.65,7.85
2017-09-21,8.17,8.55,7.57,7.91
2017-09-22,8.28,8.5,7.83,7.89
2017-09-25,8.05,9.16,7.83,8.18
2017-09-26,8.18,9.25,8.05,8.49
2017-09-27,8.43,9.0,8.16,8.42
2017-09-28,8.58,8.73,8.12,8.12
2017-09-29,8.22,8.58,7.8,7.87
2017-10-02,7.42,8.87,7.09,7.47
2017-10-03,7.78,8.53,7.49,7.7
2017-10-04,8.08,8.38,7.78,7.78
2017-10-05,7.59,8.89,7.43,7.63
2017-10-06,7.99,8.56,7.63,7.85
2017-10-09,7.74,8.35,7.46,8.07
2017-10-10,7.85,8.45,7.4,7.86
2017-10-11,8.07,8.19,7.49,7.54
2017-10-12,8.21,8.38,7.72,8.05
2017-10-13,7.95,7.97,7.52,7.57
2017-10-16,7.43,7.7,7.28,7.37
2017-10-17,7.52,7.66,7.2,7.4
2017-10-18,7.64,8.94,7.32,7.53
2017-10-19,8.6,8.74,7.61,7.84
2017-10-20,7.96,7.96,7.41,7.54
2017-10-23,8.03,8.72,7.8,8.72
2017-10-24,8.76,9.05,7.97,7.97
2017-10-25,9.18,11.37,8.6,9.65
2017-10-26,9.21,9.76,9.08,9.32
2017-10-27,9.36,9.45,6.84,8.27
2017-10-30,8.48,9.19,8.26,8.69
2017-10-31,8.57,8.8,8.48,8.62
2017-11-01,8.43,9.03,8.38,8.85
2017-11-02,9.26,10.02,8.39,8.78
2017-11-03,8.92,8.93,8.05,8.09
2017-11-06,8.29,8.66,7.94,8.08
2017-11-07,8.2,8.95,8.17,8.63
2017-11-08,9.05,9.16,8.26,8.35
2017-11-09,10.09,11.07,9.0,9.26
2017-11-10,9.96,10.52,9.52,9.8
2017-11-13,10.12,10.12,9.38,9.94
2017-11-14,10.5,11.32,9.55,9.82
2017-11-15,12.27,12.38,10.57,11.36
2017-11-16,10.36,10.76,7.81,9.48
2017-11-17,9.85,9.95,9.38,9.75
2017-11-20,9.13,9.53,8.24,8.91
2017-11-21,8.26,8.43,8.0,8.13
2017-11-22,8.1,8.23,7.31,8.12
2017-11-24,8.61,8.63,8.29,8.51
2017-11-27,8.62,9.1,8.51,8.64
2017-11-28,8.55,9.45,8.51,9.03
2017-11-29,10.08,10.46,9.43,9.78
2017-11-30,10.24,12.1,9.95,10.36
2017-12-01,11.19,14.65,10.79,10.86
2017-12-04,9.85,11.27,9.34,10.46
2017-12-05,10.21,10.31,9.53,9.92
2017-12-06,10.03,10.36,9.24,9.71
2017-12-07,10.07,10.07,9.25,9.56
2017-12-08,9.32,9.33,8.54,8.54
2017-12-11,8.48,8.48,7.48,7.76
2017-12-12,8.09,9.13,7.84,8.33
2017-12-13,8.5,8.78,8.2,8.56
2017-12-14,8.4,8.92,8.21,8.69
2017-12-15,8.23,8.23,7.42,7.88
2017-12-18,8.14,8.96,7.88,7.96
2017-12-19,7.87,8.79,7.77,8.52
2017-12-20,8.59,8.94,8.19,8.4
2017-12-21,8.12,8.52,8.06,8.33
2017-12-22,8.6,8.95,8.35,8.45
2017-12-26,9.22,9.26,7.83,7.83
2017-12-27,9.06,9.16,8.42,8.9
2017-12-28,8.79,8.81,7.86,8.43
2017-12-29,8.69,9.46,8.68,9.46
2018-01-02,8.82,9.88,8.03,8.16
2018-01-03,8.1,8.4,7.78,7.99
2018-01-04,8.62,8.71,8.05,8.32
2018-01-05,8.72,8.79,8.31,8.56
2018-01-08,8.84,9.06,8.31,8.61
2018-01-09,8.93,9.42,8.73,9.19
2018-01-10,9.51,9.86,8.7,8.74
2018-01-11,9.03,9.61,8.71,8.88
2018-01-12,9.46,9.89,9.17,9.3
2018-01-16,10.25,11.56,10.25,10.8
2018-01-17,11.48,11.58,10.12,10.83
2018-01-18,11.15,11.42,10.55,11.04
2018-01-19,11.19,11.49,10.22,10.41
2018-01-22,10.18,10.96,9.73,10.05
2018-01-23,10.33,11.19,10.27,10.45
2018-01-24,11.22,12.08,10.92,11.36
2018-01-25,11.95,12.75,11.46,11.51
2018-01-26,11.69,11.89,10.96,11.47
2018-01-29,12.31,13.94,12.27,13.81
2018-01-30,14.69,15.51,13.83,14.54
2018-01-31,13.84,14.43,13.5,13.77
2018-02-01,14.01,14.45,12.38,13.44
2018-02-02,14.87,17.59,14.12,16.82
2018-02-05,17.93,36.34,15.83,35.94
2018-02-06,27.87,43.67,22.29,24.93
2018-02-07,20.34,22.1,17.43,21.0
2018-02-08,21.22,33.43,20.49,32.36
2018-02-09,28.16,36.93,24.9,26.16
2018-02-12,23.29,26.72,20.37,21.09
2018-02-13,22.57,22.73,19.67,20.3
2018-02-14,19.98,20.01,17.27,17.55
2018-02-15,16.91,18.88,16.77,17.26
2018-02-16,17.28,18.7,15.96,17.38
2018-02-20,18.27,18.99,17.12,18.2
2018-02-21,17.43,18.41,15.12,18.21
2018-02-22,17.6,18.73,16.56,17.77
2018-02-23,16.78,17.38,14.53,14.92
2018-02-26,14.16,15.1,13.99,14.21
2018-02-27,14.53,17.3,14.14,16.85
2018-02-28,17.13,18.73,15.64,18.14
2018-03-01,19.27,23.06,17.81,20.44
2018-03-02,25.0,25.0,18.78,19.08
2018-03-05,19.85,19.91,16.42,16.98
2018-03-06,18.05,18.73,16.4,16.75
2018-03-07,18.29,19.27,16.17,16.69
2018-03-08,17.04,17.37,15.9,16.13
2018-03-09,15.13,15.54,13.67,13.91
2018-03-12,13.8,14.94,13.4,14.07
2018-03-13,13.86,15.61,13.79,14.84
2018-03-14,14.87,16.28,14.63,15.41
2018-03-15,15.99,16.04,14.19,14.73
2018-03-16,13.88,14.39,13.74,14.11
2018-03-19,15.8,18.15,15.54,17.04
2018-03-20,16.2,17.83,16.04,16.44
2018-03-21,16.78,17.32,15.12,16.7
2018-03-22,19.26,22.25,18.36,22.11
2018-03-23,21.94,25.6,20.46,24.7
2018-03-26,20.91,23.68,19.86,20.18
2018-03-27,20.94,24.45,19.6,22.88
2018-03-28,23.72,25.56,22.24,23.79
2018-03-29,22.73,23.26,20.65,22.05
2018-04-02,21.85,27.24,21.84,25.32
2018-04-03,23.98,25.11,22.25,22.81
2018-04-04,25.19,25.84,21.17,21.9
2018-04-05,21.43,21.62,19.71,19.98
2018-04-06,21.37,24.79,20.89,22.93
2018-04-09,22.17,23.2,20.79,22.82
2018-04-10,23.13,23.13,21.05,21.16
2018-04-11,20.67,21.46,20.31,20.81
2018-04-12,19.81,20.38,19.05,19.29
2018-04-13,18.41,19.31,17.73,17.89
2018-04-16,17.41,17.6,15.78,16.19
2018-04-17,15.37,15.48,14.32,14.41
2018-04-18,15.36,15.64,14.31,14.63
2018-04-19,15.28,16.17,14.85,15.26
2018-04-20,15.61,17.55,15.61,16.72
2018-04-23,16.26,16.75,15.48,16.21
2018-04-24,15.91,19.7,15.83,18.38
2018-04-25,20.23,20.28,18.49,18.57
2018-04-26,18.22,18.43,16.19,16.92
2018-04-27,16.18,17.27,15.73,15.82
2018-04-30,15.42,16.91,15.17,16.3
2018-05-01,16.88,17.48,15.48,15.53
2018-05-02,15.74,16.89,15.21,16.74
2018-05-03,18.0,19.57,16.23,16.5
2018-05-04,17.25,17.37,15.25,15.26
2018-05-07,14.96,15.91,14.47,14.91
2018-05-08,15.7,16.24,14.6,14.71
2018-05-09,15.12,15.2,13.59,13.88
2018-05-10,14.01,14.2,13.13,13.21
2018-05-11,13.48,13.82,12.5,12.57
2018-05-14,12.7,12.8,12.28,12.37
2018-05-15,13.77,14.27,13.38,13.69
2018-05-16,13.65,15.77,12.94,12.94
2018-05-17,13.4,13.75,12.5,12.98
2018-05-18,13.35,13.93,12.86,13.31
2018-05-21,12.14,12.65,12.04,12.18
2018-05-22,12.36,12.7,11.95,12.46
2018-05-23,13.51,13.69,11.58,11.82
2018-05-24,12.55,13.64,10.52,10.53
2018-05-25,12.8,12.98,12.08,12.74
2018-05-29,14.51,17.01,13.66,15.41
2018-05-30,14.83,15.14,13.33,13.56
2018-05-31,14.08,14.67,13.12,13.98
2018-06-01,12.92,13.27,12.4,12.52
2018-06-04,12.08,12.63,11.77,11.84
2018-06-05,12.01,12.83,11.88,11.88
2018-06-06,11.78,12.29,11.04,11.38
2018-06-07,11.48,12.76,11.4,11.73
2018-06-08,12.62,12.66,10.85,11.33
2018-06-11,11.2,11.44,10.89,11.01
2018-06-12,11.43,11.76,10.84,11.07
2018-06-13,11.01,11.95,10.75,11.83
2018-06-14,11.41,11.69,10.46,10.51
2018-06-15,11.91,12.47,10.92,11.01
2018-06-18,12.18,12.28,11.02,11.18
2018-06-19,12.68,13.1,11.37,11.47
2018-06-20,11.58,12.19,11.31,11.81
2018-06-21,12.37,13.85,12.11,13.44
2018-06-22,12.51,13.18,12.17,12.85
2018-06-25,14.29,18.15,14.29,15.8
2018-06-26,16.22,16.74,14.16,15.2
2018-06-27,14.7,17.72,13.63,17.29
2018-06-28,17.64,18.46,15.38,16.18
2018-06-29,14.51,15.46,13.94,15.26
2018-07-02,16.74,17.1,14.38,14.49
2018-07-03,14.2,15.51,13.77,15.34
2018-07-05,14.86,15.86,14.06,14.96
2018-07-06,14.16,14.18,12.71,12.71
2018-07-09,11.97,12.14,11.08,11.13
2018-07-10,11.38,11.97,11.36,11.51
2018-07-11,12.46,13.11,12.07,12.44
2018-07-12,12.12,12.22,11.35,11.44
2018-07-13,11.81,12.05,10.97,11.06
2018-07-16,11.36,12.09,10.93,11.08
2018-07-17,11.59,11.59,10.32,11.01
2018-07-18,11.07,11.8,10.04,10.62
2018-07-19,11.3,11.81,11.09,11.36
2018-07-20,11.74,11.81,11.08,11.41
2018-07-23,11.38,11.75,10.73,10.91
2018-07-24,10.73,11.55,10.34,11.02
2018-07-25,11.21,11.6,10.2,10.55
2018-07-26,11.14,11.73,11.06,11.23
2018-07-27,11.26,12.97,11.16,11.54
2018-07-30,12.1,12.87,11.71,12.87
2018-07-31,11.89,12.92,11.29,11.59
2018-08-01,11.18,12.24,10.92,11.63
2018-08-02,12.73,12.78,10.76,10.86
2018-08-03,10.96,11.18,10.12,10.14
2018-08-06,10.25,10.39,9.6,9.68
2018-08-07,9.9,10.23,9.65,9.77
2018-08-08,10.13,10.19,9.47,9.7
2018-08-09,10.03,10.13,9.46,10.13
2018-08-10,11.44,12.55,11.28,11.85
2018-08-13,11.38,12.7,11.14,12.14
2018-08-14,11.6,12.28,11.22,11.26
2018-08-15,12.77,14.73,12.77,13.03
2018-08-16,11.75,12.82,11.4,11.94
2018-08-17,11.78,12.49,11.02,11.19
2018-08-20,11.1,11.4,10.67,11.06
2018-08-21,10.87,11.32,10.55,10.94
2018-08-22,11.35,11.68,10.63,10.81
2018-08-23,11.05,11.4,10.41,11.04
2018-08-24,10.91,11.36,10.71,10.98
2018-08-27,10.78,10.84,10.14,10.17
2018-08-28,10.67,10.75,10.27,10.59
2018-08-29,10.84,10.97,10.43,10.62
2018-08-30,11.13,12.22,10.89,11.68
2018-08-31,12.0,12.0,11.1,11.16
2018-09-04,12.65,12.76,10.87,11.15
2018-09-05,11.86,13.54,11.74,12.38
2018-09-06,12.98,14.18,12.21,12.88
2018-09-07,13.62,14.52,12.86,13.66
2018-09-10,12.94,13.14,11.84,12.47
2018-09-11,12.53,13.4,11.43,11.58
2018-09-12,11.36,12.79,10.99,11.32
2018-09-13,11.1,11.46,10.21,10.66
2018-09-14,10.73,11.27,9.79,10.8
2018-09-17,10.78,12.0,10.67,11.86
2018-09-18,11.29,11.65,10.96,11.38
2018-09-19,11.17,11.41,10.5,10.65
2018-09-20,10.47,10.77,10.27,10.67
2018-09-21,10.7,11.18,10.18,10.89
2018-09-24,11.16,11.76,10.78,11.11
2018-09-25,11.32,11.49,10.94,11.36
2018-09-26,11.22,12.33,10.54,11.93
2018-09-27,11.52,11.71,10.86,11.68
2018-09-28,12.16,12.36,11.05,11.3
2018-10-01,10.57,11.34,10.4,11.0
2018-10-02,11.2,11.39,10.54,11.18
2018-10-03,11.1,11.89,10.77,11.55
2018-10-04,12.66,15.51,12.46,14.07
2018-10-05,13.61,17.76,13.5,15.26
2018-10-08,15.77,17.51,14.57,14.88
2018-10-09,16.24,16.64,14.35,15.36
2018-10-10,16.63,22.76,16.6,22.53
2018-10-11,23.79,28.82,21.62,26.89
2018-10-12,22.85,26.36,20.83,21.16
2018-10-15,21.96,22.37,19.16,21.05
2018-10-16,19.04,19.48,17.04,17.31
2018-10-17,17.85,19.2,16.78,17.21
2018-10-18,18.36,21.47,17.56,20.08
2018-10-19,18.44,21.0,18.07,20.06
2018-10-22,19.87,21.01,19.11,19.82
2018-10-23,23.44,24.54,20.77,21.57
2018-10-24,21.57,27.82,21.31,26.81
2018-10-25,25.62,25.78,23.71,25.38
2018-10-26,28.11,29.84,25.15,27.18
2018-10-29,24.73,30.51,23.81,27.28
2018-10-30,27.35,28.28,25.22,25.47
2018-10-31,24.67,25.14,22.86,23.57
2018-11-01,22.84,23.78,21.13,21.25
2018-11-02,20.93,24.67,20.69,22.56
2018-11-05,22.16,23.31,21.28,21.55
2018-11-06,21.22,22.35,20.67,20.8
2018-11-07,18.66,19.25,16.63,16.72
2018-11-08,17.28,17.97,16.52,16.91
2018-11-09,18.47,19.08,17.48,18.09
2018-11-12,19.41,21.33,19.15,21.0
2018-11-13,21.02,22.32,20.07,21.45
2018-11-14,20.4,23.65,20.4,22.15
2018-11-15,23.26,24.53,21.4,21.51
2018-11-16,22.61,22.61,19.67,19.94
2018-11-19,20.31,23.27,20.11,21.88
2018-11-20,23.93,25.65,23.65,24.02
2018-11-21,23.9,24.45,21.7,22.48
2018-11-23,24.03,24.17,23.09,23.76
2018-11-26,22.28,22.49,19.9,20.39
2018-11-27,22.45,22.45,20.9,21.12
2018-11-28,21.12,21.66,20.21,20.28
2018-11-29,21.73,23.1,20.88,21.35
2018-11-30,21.43,21.87,20.71,20.75
2018-12-03,17.99,19.11,17.77,17.87
2018-12-04,18.17,23.86,17.95,22.96
2018-12-06,26.46,28.82,23.38,23.53
2018-12-07,23.61,28.35,23.39,27.13
2018-12-10,25.91,28.84,24.47,24.5
2018-12-11,23.94,26.31,23.8,24.38
2018-12-12,23.38,23.92,22.4,23.56
2018-12-13,23.27,23.92,22.41,22.52
2018-12-14,23.43,25.47,23.16,23.95
2018-12-17,25.3,27.06,23.81,25.98
2018-12-18,25.42,27.53,25.03,26.26
2018-12-19,27.19,28.3,24.36,26.42
2018-12-20,27.91,32.28,26.92,30.05
2018-12-21,29.28,33.09,27.68,32.11
2018-12-24,33.46,37.45,33.2,37.34
2018-12-26,36.68,38.33,32.4,32.83
2018-12-27,36.12,37.69,33.96,33.99
2018-12-28,33.11,34.36,30.16,31.64
2018-12-31,29.76,30.25,28.17,28.18
2019-01-02,30.34,30.35,25.1,25.14
2019-01-03,27.2,29.41,26.82,28.26
2019-01-04,26.47,26.96,24.27,24.38
2019-01-07,24.37,24.72,22.79,23.08
2019-01-08,22.85,24.58,22.12,22.3
2019-01-09,21.97,22.7,21.12,21.4
2019-01-10,23.21,23.78,21.07,21.14
2019-01-11,21.87,21.97,19.41,19.45
2019-01-14,20.9,20.99,19.3,19.61
2019-01-15,19.0,19.4,17.75,18.16
2019-01-16,18.12,18.6,17.79,18.33
2019-01-17,18.73,18.75,17.11,17.65
2019-01-18,17.76,18.27,17.19,17.76
2019-01-22,19.18,21.96,19.13,21.19
2019-01-23,20.37,22.57,20.13,20.14
2019-01-24,21.29,21.34,19.37,19.38
2019-01-25,18.95,19.28,18.19,18.25
2019-01-28,20.9,21.49,19.68,19.74
2019-01-29,19.93,20.84,19.51,20.1
2019-01-30,19.97,20.36,18.31,18.47
2019-01-31,18.39,18.39,16.95,17.1
2019-02-01,17.17,17.4,16.62,16.67
2019-02-04,16.66,16.66,14.94,15.07
2019-02-05,15.7,15.87,14.88,15.3
2019-02-06,15.58,16.0,15.22,15.28
2019-02-07,17.09,18.54,16.46,16.79
2019-02-08,17.87,18.47,16.18,16.3
2019-02-11,16.45,16.91,16.39,16.52
2019-02-12,15.38,16.07,15.26,15.65
2019-02-13,15.77,16.25,15.58,15.91
2019-02-14,17.34,17.43,15.73,16.31
2019-02-15,16.09,16.35,14.93,15.18
2019-02-19,16.0,16.02,14.72,15.08
2019-02-20,15.25,15.25,14.32,14.32
2019-02-21,15.26,16.05,14.51,14.86
2019-02-22,14.79,14.79,13.86,13.87
2019-02-25,13.6,14.28,13.57,14.18
2019-02-26,14.76,14.85,13.79,14.34
2019-02-27,14.98,15.94,14.29,14.32
2019-02-28,14.65,14.76,13.95,14.51
2019-03-01,13.65,14.22,12.73,12.88
2019-03-04,12.71,16.33,12.57,13.69
2019-03-05,14.66,15.31,13.44,14.19
2019-03-06,14.56,15.78,14.54,15.19
2019-03-07,17.35,18.58,16.26,17.1
2019-03-08,18.63,18.8,15.99,16.12
2019-03-11,16.02,16.02,14.07,14.21
2019-03-12,13.95,14.02,13.17,13.42
2019-03-13,13.3,13.6,12.95,13.15
2019-03-14,13.35,13.65,12.98,13.4
2019-03-15,12.58,12.69,11.77,12.14
2019-03-18,13.05,13.77,12.9,13.02
2019-03-19,13.12,14.48,13.12,14.0
2019-03-20,14.72,15.53,13.5,14.31
2019-03-21,14.99,14.99,14.06,14.4
2019-03-22,14.39,17.64,14.39,17.26
2019-03-25,18.4,19.31,17.5,17.81
2019-03-26,16.18,17.87,15.72,15.81
2019-03-27,16.24,18.29,15.98,16.76
2019-03-28,16.5,16.99,15.6,15.67
2019-03-29,14.55,14.91,13.86,14.02
2019-04-01,14.2,14.4,13.21,13.4
2019-04-02,13.83,13.91,12.98,13.11
2019-04-03,13.26,14.27,13.06,13.66
2019-04-04,13.79,14.07,13.3,13.48
2019-04-05,12.82,12.85,12.2,12.23
2019-04-08,13.38,13.39,12.28,12.36
2019-04-09,13.55,13.74,12.95,13.53
2019-04-10,13.51,13.89,12.81,12.81
2019-04-11,13.1,13.13,12.75,12.78
2019-04-12,12.33,12.49,11.7,11.74
2019-04-15,12.52,13.06,11.82,11.89
2019-04-16,11.8,12.31,11.72,12.0
2019-04-17,12.2,12.9,12.07,12.58
2019-04-18,12.27,12.79,11.82,12.04
2019-04-22,12.88,12.88,11.81,12.09
2019-04-23,12.07,12.34,11.69,11.86
2019-04-24,12.27,12.95,12.2,12.66
2019-04-25,13.74,14.05,12.52,12.83
2019-04-26,13.16,13.35,11.97,12.21
2019-04-29,12.11,12.5,11.87,12.27
2019-04-30,12.9,13.52,12.35,12.44
2019-05-01,12.52,14.14,12.36,13.98
2019-05-02,14.0,15.79,13.62,14.16
2019-05-03,13.29,13.51,12.57,12.65
2019-05-06,16.14,16.76,14.5,14.79
2019-05-07,18.3,23.45,18.11,20.98
2019-05-08,21.63,21.63,19.46,21.08
2019-05-09,25.79,26.57,21.31,21.87
2019-05-10,20.61,23.58,17.03,18.0
2019-05-13,20.57,22.4,20.41,21.19
2019-05-14,19.61,20.26,18.65,19.52
2019-05-15,19.98,20.49,17.23,17.65
2019-05-16,16.72,16.8,15.72,16.19
2019-05-17,17.03,17.24,15.05,17.03
2019-05-20,18.49,18.69,17.41,17.7
2019-05-21,16.77,16.83,15.7,15.93
2019-05-22,16.56,16.62,15.52,16.03
2019-05-23,18.79,19.99,17.98,18.5
2019-05-24,17.28,18.55,17.28,18.01
2019-05-28,17.43,19.35,17.3,19.25
2019-05-29,20.08,21.69,19.42,19.71
2019-05-30,19.0,20.31,18.75,19.42
2019-05-31,21.62,21.75,20.17,20.98
2019-06-03,20.68,21.63,19.9,20.64
2019-06-04,19.91,20.04,18.34,18.61
2019-06-05,19.04,19.54,17.61,17.62
2019-06-06,17.58,17.87,16.73,16.99
2019-06-07,17.22,17.58,16.76,17.39
2019-06-10,16.58,16.91,16.2,16.57
2019-06-11,16.58,17.79,16.48,17.07
2019-06-12,17.2,17.53,16.54,16.79
2019-06-13,17.21,17.97,16.91,17.28
2019-06-14,17.44,17.56,16.43,16.61
2019-06-17,16.79,16.8,16.17,16.42
2019-06-18,16.12,16.27,15.46,16.03
2019-06-19,16.61,16.96,14.89,15.29
2019-06-20,14.68,16.42,14.45,15.3
2019-06-21,15.5,16.32,15.08,16.29
2019-06-24,15.53,16.02,15.49,15.76
2019-06-25,16.3,17.53,16.25,17.15
2019-06-26,16.58,17.25,16.53,17.01
2019-06-27,17.14,17.6,16.68,16.93
2019-06-28,16.72,17.07,15.84,16.03
2019-07-01,13.9,14.38,13.38,13.53
2019-07-02,13.3,13.47,12.09,12.13
2019-07-03,12.59,12.74,11.94,11.94
2019-07-05,13.61,14.11,12.41,12.59
2019-07-08,13.61,13.64,12.69,12.89
2019-07-09,13.9,13.96,13.3,13.53
2019-07-10,13.14,13.31,12.45,12.59
2019-07-11,12.68,13.14,12.46,12.71
2019-07-12,12.7,12.81,12.07,12.24
2019-07-15,12.56,12.91,12.15,12.24
2019-07-16,12.26,12.74,11.84,12.46
2019-07-17,12.52,13.98,12.49,13.98
2019-07-18,13.94,14.54,13.0,13.47
2019-07-19,13.47,14.52,12.96,14.52
2019-07-22,14.26,14.5,12.98,13.07
2019-07-23,13.2,13.47,12.44,12.61
2019-07-24,12.98,12.98,12.08,12.19
2019-07-25,12.95,13.8,12.64,12.91
2019-07-26,12.18,12.41,11.98,12.33
2019-07-29,12.78,13.29,12.27,12.45
2019-07-30,13.64,14.19,13.35,13.92
2019-07-31,14.4,16.93,13.47,16.19
2019-08-01,14.8,20.22,13.32,18.6
2019-08-02,19.89,21.73,18.64,18.64
2019-08-05,23.53,27.45,22.82,26.39
2019-08-06,23.72,25.56,21.78,21.99
2019-08-07,26.69,27.41,20.97,21.48
2019-08-08,20.97,21.21,17.83,18.13
2019-08-09,19.17,21.56,18.6,19.64
2019-08-12,21.09,22.8,20.21,22.53
2019-08-13,22.0,22.0,18.76,19.06
2019-08-14,22.4,25.24,22.01,24.52
2019-08-15,25.73,26.09,23.8,24.11
2019-08-16,21.91,22.05,20.44,20.53
2019-08-19,18.44,18.93,17.58,17.83
2019-08-20,18.62,19.11,17.66,18.81
2019-08-21,17.34,18.04,17.26,17.6
2019-08-22,17.21,19.5,17.21,18.32
2019-08-23,20.27,23.89,17.9,22.89
2019-08-26,21.78,23.36,21.01,21.09
2019-08-27,20.66,23.5,20.38,22.33
2019-08-28,23.63,23.63,20.88,21.05
2019-08-29,19.77,20.75,19.02,19.26
2019-08-30,18.88,20.63,18.6,19.85
2019-09-03,20.71,22.21,20.44,20.89
2019-09-04,19.39,20.1,18.27,18.5
2019-09-05,17.1,17.1,15.94,16.43
2019-09-06,16.98,16.98,15.2,15.48
2019-09-09,15.21,16.13,14.83,15.17
2019-09-10,16.89,16.89,15.24,15.34
2019-09-11,15.44,15.58,14.49,14.55
2019-09-12,15.14,15.28,13.94,14.61
2019-09-13,14.4,14.53,13.67,14.01
2019-09-16,15.01,15.21,14.6,14.86
2019-09-17,15.12,15.27,14.45,14.45
2019-09-18,15.27,16.69,14.2,14.26
2019-09-19,14.01,14.54,13.64,14.25
2019-09-20,13.94,16.69,13.62,16.04
2019-09-23,16.04,16.04,16.01,16.04
2019-09-24,15.2,18.64,15.02,18.18
2019-09-25,18.06,19.0,16.14,16.42
2019-09-26,17.75,18.43,16.31,17.08
2019-09-27,16.69,19.76,16.28,18.18
2019-09-30,17.7,17.73,16.61,17.1
2019-10-01,16.05,19.68,15.78,19.57
2019-10-02,22.43,24.07,22.23,23.0
2019-10-03,22.75,24.74,21.34,21.87
2019-10-04,20.95,21.01,18.69,18.86
2019-10-07,19.69,19.72,17.56,19.13
2019-10-08,21.55,22.67,20.32,22.49
2019-10-09,21.37,21.86,19.97,20.51
2019-10-10,21.4,21.42,19.7,19.78
2019-10-11,17.97,18.21,16.89,18.03
2019-10-14,16.99,16.99,15.81,15.91
2019-10-15,14.85,15.11,14.07,14.21
2019-10-16,14.78,15.28,14.49,14.62
2019-10-17,14.41,15.06,14.29,14.44
2019-10-18,15.21,16.45,14.77,15.25
2019-10-21,14.57,15.06,13.81,13.81
2019-10-22,13.8,14.6,13.61,14.56
2019-10-23,14.64,14.8,14.19,14.26
2019-10-24,14.26,14.72,13.44,13.75
2019-10-25,13.71,13.91,12.57,12.6
2019-10-28,12.66,12.88,12.29,12.47
2019-10-29,13.46,13.71,13.07,13.13
2019-10-30,13.91,14.14,12.7,12.8
2019-10-31,13.17,14.34,13.13,13.33
2019-11-01,13.05,13.62,12.33,12.42
2019-11-04,12.37,13.13,11.83,12.31
2019-11-05,12.87,13.03,12.48,12.71
2019-11-06,13.17,13.36,12.32,12.34
2019-11-07,12.83,13.0,12.22,12.92
2019-11-08,13.22,13.54,11.94,12.36
2019-11-11,13.94,13.94,13.2,13.4
2019-11-12,13.47,13.89,13.19,13.51
2019-11-13,13.95,14.07,13.32,13.42
2019-11-14,14.0,14.42,13.54,13.65
2019-11-15,13.22,13.28,12.26,12.36
2019-11-18,13.29,13.29,12.39,12.47
2019-11-19,12.64,13.2,12.46,12.7
2019-11-20,13.27,14.59,12.75,13.25
2019-11-21,13.82,14.28,13.42,13.64
2019-11-22,13.55,14.2,13.19,13.22
2019-11-25,12.23,12.32,11.7,11.82
2019-11-26,12.24,12.26,11.69,11.77
2019-11-27,11.8,11.93,11.4,11.8
2019-11-29,12.94,13.32,12.34,13.22
2019-12-02,14.06,16.35,14.01,15.49
2019-12-03,18.71,19.36,16.99,17.12
2019-12-04,16.43,16.47,15.62,16.22
2019-12-05,16.18,17.16,15.64,15.8
2019-12-06,14.92,15.05,14.29,14.46
2019-12-09,14.27,15.6,14.24,15.57
2019-12-10,16.51,16.51,15.31,15.94
2019-12-11,15.9,16.17,15.2,15.21
2019-12-12,14.88,15.96,13.94,14.17
2019-12-13,14.04,14.23,12.02,12.29
2019-12-16,11.23,11.4,10.71,11.22
2019-12-17,11.19,12.12,11.09,11.29
2019-12-18,11.16,11.96,11.16,11.91
2019-12-19,11.7,11.81,11.15,11.34
2019-12-20,11.37,12.52,11.19,11.91
2019-12-23,11.51,11.73,11.18,11.44
2019-12-24,11.84,12.07,11.69,11.7
2019-12-26,11.98,12.04,11.62,11.91
2019-12-27,12.19,13.21,12.15,12.79
2019-12-30,13.99,14.8,13.63,14.48
2019-12-31,14.67,15.11,13.27,13.31
2020-01-02,13.05,13.46,11.25,12.01
2020-01-03,14.32,14.78,13.56,14.44
2020-01-06,15.19,15.19,12.89,13.28
2020-01-07,14.23,14.59,13.34,13.61
2020-01-08,13.76,14.14,12.1,13.14
2020-01-09,12.93,13.04,11.79,12.21
2020-01-10,12.29,12.74,11.75,12.45
2020-01-13,12.16,12.4,11.63,11.72
2020-01-14,12.19,12.76,11.73,12.46
2020-01-15,12.06,12.39,11.66,12.04
2020-01-16,11.9,12.27,11.68,11.92
2020-01-17,11.85,12.22,11.59,11.59
2020-01-21,12.63,13.27,12.08,12.58
2020-01-22,12.57,13.2,12.48,13.12
2020-01-23,14.17,14.38,13.3,13.3
2020-01-24,13.06,17.02,13.06,15.44
2020-01-27,18.49,19.22,17.3,18.67
2020-01-28,18.09,18.19,16.22,17.24
2020-01-29,16.25,17.67,15.9,17.26
2020-01-30,18.45,19.88,16.64,16.64
2020-01-31,18.26,21.6,18.12,20.05
2020-02-03,18.06,19.28,17.44,18.6
2020-02-04,16.43,16.49,15.62,15.97
2020-02-05,15.64,16.29,14.7,14.8
2020-02-06,15.08,15.17,13.4,13.49
2020-02-07,15.77,16.08,13.49,15.31
2020-02-10,15.29,15.53,13.78,14.74
2020-02-11,14.02,14.99,13.59,13.97
2020-02-12,14.51,14.64,13.05,13.38
2020-02-13,14.45,15.28,13.69,13.95
2020-02-14,13.77,14.94,13.19,14.29
2020-02-18,14.79,15.33,14.31,14.64
2020-02-19,14.05,15.15,13.82,14.08
2020-02-20,14.33,17.16,14.17,15.43
2020-02-21,17.58,19.1,16.95,17.71
2020-02-24,22.87,26.39,22.53,25.87
2020-02-25,25.0,31.56,24.58,29.53
2020-02-26,26.39,30.12,25.72,28.8
2020-02-27,35.17,42.39,33.39,42.23
2020-02-28,45.6,54.23,45.51,46.6
2020-03-02,42.09,45.42,32.46,33.14
2020-03-03,35.74,43.43,19.06,40.13
2020-03-04,35.78,38.14,31.42,32.29
2020-03-05,38.1,45.89,35.78,42.33
2020-03-06,53.33,56.66,44.78,45.77
2020-03-09,63.89,65.45,56.2,61.98
2020-03-10,58.64,64.39,52.22,53.57
2020-03-11,60.61,64.66,57.74,62.24
2020-03-12,80.31,93.14,73.7,89.8
2020-03-13,76.93,96.53,62.25,62.25
2020-03-16,82.76,95.56,82.23,93.85
2020-03-17,91.66,96.77,79.82,80.45
2020-03-18,88.99,101.02,81.74,89.61
2020-03-19,94.64,99.35,77.56,80.59
2020-03-20,78.93,82.21,65.59,73.54
2020-03-23,74.95,75.28,65.17,67.8
2020-03-24,57.34,67.7,56.17,65.03
2020-03-25,66.1,72.23,65.15,70.34
2020-03-26,67.91,68.74,63.03,64.34
2020-03-27,72.77,73.41,66.3,70.16
2020-03-30,68.24,68.65,58.98,59.21
2020-03-31,57.06,57.87,52.27,54.57
2020-04-01,59.82,64.98,58.06,63.57
2020-04-02,61.06,62.18,54.69,54.81
2020-04-03,54.69,57.7,53.21,53.51
2020-04-06,46.66,48.14,43.64,44.84
2020-04-07,46.32,50.23,45.38,49.43
2020-04-08,47.35,48.46,44.6,45.08
2020-04-09,46.62,50.91,45.01,45.01
2020-04-13,46.52,49.68,44.4,44.51
2020-04-14,40.72,46.47,39.64,39.9
2020-04-15,44.91,47.67,42.98,43.75
2020-04-16,45.47,47.74,41.71,42.18
2020-04-17,42.11,47.27,40.33,40.66
2020-04-20,42.34,44.86,40.67,44.15
2020-04-21,49.56,52.71,47.75,48.99
2020-04-22,45.87,46.81,42.95,43.51
2020-04-23,43.98,44.82,41.35,43.25
2020-04-24,42.14,42.9,37.0,37.07
2020-04-27,36.59,36.8,30.04,33.48
2020-04-28,32.56,37.63,32.45,34.11
2020-04-29,31.64,33.2,30.61,31.09
2020-04-30,33.85,38.42,31.89,32.8
2020-05-01,37.32,40.12,36.67,38.12
2020-05-04,39.67,39.67,34.87,35.07
2020-05-05,33.52,34.16,31.46,33.76
2020-05-06,32.56,34.07,31.64,34.03
2020-05-07,33.14,33.53,31.76,32.87
2020-05-08,31.31,31.4,28.83,28.85
2020-05-11,30.26,30.36,26.51,27.25
2020-05-12,26.49,32.8,26.49,32.8
2020-05-13,33.53,37.3,30.98,35.27
2020-05-14,39.02,40.5,33.78,33.87
2020-05-15,34.56,35.6,31.71,32.0
2020-05-18,28.71,29.86,28.3,29.06
2020-05-19,29.02,30.59,27.88,30.37
2020-05-20,28.49,40.44,28.03,28.46
2020-05-21,28.32,31.25,27.66,29.75
2020-05-22,31.52,32.75,29.11,29.33
2020-05-26,27.99,30.2,26.93,27.79
2020-05-27,27.68,30.48,26.42,26.88
2020-05-28,28.04,30.06,26.67,28.79
2020-05-29,29.28,30.63,27.12,27.24
2020-06-01,31.04,31.04,27.35,27.74
2020-06-02,27.62,28.79,25.16,25.34
2020-06-03,27.42,27.42,24.4,25.1
2020-06-04,25.35,27.24,23.61,25.53
2020-06-05,23.93,26.31,23.42,23.76
2020-06-08,23.93,25.12,23.78,24.15
2020-06-09,25.67,28.36,24.62,26.73
2020-06-10,25.9,28.92,24.8,26.32
2020-06-11,31.18,41.84,28.32,41.34
2020-06-12,34.85,43.73,33.0,35.81
2020-06-15,39.07,39.46,32.9,33.94
2020-06-16,31.04,35.7,30.33,32.25
2020-06-17,32.16,33.62,30.67,32.32
2020-06-18,33.01,33.1,30.94,31.07
2020-06-19,29.78,33.95,29.47,33.39
2020-06-22,32.74,32.74,29.14,29.56
2020-06-23,28.26,29.96,24.33,29.49
2020-06-24,30.27,37.04,30.26,33.11
2020-06-25,38.67,38.67,30.38,30.54
2020-06-26,32.01,35.38,32.01,34.35
2020-06-29,35.88,36.78,29.99,30.13
2020-06-30,30.2,33.06,27.28,27.96
2020-07-01,27.34,28.6,25.59,26.41
2020-07-02,14.32,26.68,14.32,25.19
2020-07-06,24.83,27.14,23.29,24.36
2020-07-07,25.48,27.26,22.86,26.73
2020-07-08,25.98,28.52,25.19,25.53
2020-07-09,26.24,30.58,23.35,27.14
2020-07-10,27.66,28.95,24.92,25.29
