symbol,name,exchange,assetType,ipoDate,delistingDate,status
-P-HIZ,Presurance Holdings Inc,NASDAQ,Stock,2023-08-30,,Active
A,Agilent Technologies Inc,NYSE,Stock,1999-11-18,,Active
AA,Alcoa Corp,NYSE,Stock,2016-10-18,,Active
AAA,ALTERNATIVE ACCESS FIRST PRIORITY CLO BOND ETF ,NYSE,ETF,2020-09-09,,Active
AAAA,AMPLIUS AGGRESSIVE ASSET ALLOCATION ETF ,BATS,ETF,2025-07-16,,Active
AAAC,COLUMBIA AAA CLO ETF ,NYSE,Stock,2025-12-11,,Active
AAAD,PGIM AAA CLO AGGREGATE DURATION ETF ,NYSE ARCA,Stock,2026-06-03,,Active
AAAP,PACER BARINGS CLO MARKET FLEX ETF ,NASDAQ,Stock,2015-11-11,,Active
AAAU,Goldman Sachs Physical Gold ETF,BATS,ETF,2018-08-15,,Active
AAC,Ares Acquisition Corp III - Class A,NYSE,Stock,2026-08-27,,Active
AAC-U,Ares Acquisition Corp III - Units (1 Ord Share Class A & 1/10 War),NYSE,Stock,2026-06-30,,Active
AAC-WS,Ares Acquisition Corporation - Warrants (01/01/9999),NYSE,Stock,2021-03-25,,Active
AACB,ALLIANCE ATLANTIS COMMUNICATIONS INC Foreign,NASDAQ,Stock,2025-04-07,,Active
AACBR,Artius II Acquisition Inc Rights,NASDAQ,Stock,2025-04-07,,Active
AACG,ATA Creativity Global,NASDAQ,Stock,2008-01-29,,Active
AACI,Armada Acquisition Corp I,NASDAQ,Stock,2021-11-10,,Active
AACIU,Armada Acquisition Corp III - Units (1 Ord Cls A & 1/2 War),NASDAQ,Stock,2026-02-18,,Active
AACIW,Armada Acquisition Corp I - Warrants (13/08/2026),NASDAQ,Stock,2021-11-11,,Active
AACO,Abony Acquisition Corp I - Class A,NASDAQ,Stock,2026-04-13,,Active
AACOU,Abony Acquisition Corp I - Units (1 Ord Cls A & 1/3 War),NASDAQ,Stock,2026-02-19,,Active
AACOW,Abony Acquisition Corp I - Warrants(29/01/2031),NASDAQ,Stock,2026-04-15,,Active
AACP,Apogee Acquisition Corp - Class A,NASDAQ,Stock,2026-05-28,,Active
AACPR,Apogee Acquisition Corp,NASDAQ,Stock,2026-05-28,,Active
AACPU,Apogee Acquisition Corp - Units (1 Ord Cls A & 1 Rts 1 War),NASDAQ,Stock,2026-04-07,,Active
AACPW,Apogee Acquisition Corp - Warrants (27/03/2031),NASDAQ,Stock,2026-05-28,,Active
AACTWS,Ares Acquisition Corporation II Redeemable Warrants each whole warrant exercisable for one Class A ordinary share at an exercise price of 11.50,NASDAQ,Stock,2026-02-06,,Active
AADR,ADVISORSHARES DORSEY WRIGHT ADR ETF ,NASDAQ,ETF,2010-07-21,,Active
AADX,Applied Aerospace & Defense Inc,NYSE,Stock,2026-06-03,,Active
AAEQ,ALPHA ARCHITECT US EQUITY 2 ETF ,NASDAQ,ETF,2025-12-10,,Active
AAL,American Airlines Group Inc,NASDAQ,Stock,2005-09-27,,Active
AALG,LEVERAGE SHARES 2X LONG AAL DAILY ETF ,NASDAQ,ETF,2025-07-11,,Active
AAM-WS,AA Mission Acquisition Corp Warrants each whole warrant entitles the holder to purchase one Class A ordinary share at a price of 11.50 per share,NYSE,Stock,2024-09-16,,Active
AAME,Atlantic American Corp,NASDAQ,Stock,1984-09-07,,Active
AAMI,BrightSphere Investment Group Inc,NYSE,Stock,2018-03-26,,Active
AAOG,Leverage Shares 2X Long AAOI Daily,BATS,Stock,2026-05-12,,Active
AAOI,Applied Optoelectronics Inc,NASDAQ,Stock,2013-09-26,,Active
AAON,AAON Inc,NASDAQ,Stock,1992-12-16,,Active
AAOX,Tradr 2X Long AAOI Daily,BATS,ETF,2026-03-24,,Active
AAOZ,Tradr 2X Short AAOI Daily ETF,BATS,ETF,2026-07-15,,Active
AAP,Advance Auto Parts Inc,NYSE,Stock,2001-11-29,,Active
AAPB,GRANITESHARES 2X LONG AAPL DAILY ETF ,NASDAQ,ETF,2022-08-09,,Active
AAPD,DIREXION DAILY AAPL BEAR 1X SHARES ,NASDAQ,ETF,2022-08-09,,Active
AAPE,Leverage Shares 2X Long AAPL Daily ETF,BATS,ETF,2026-07-07,,Active
AAPG,Ascentage Pharma Group International,NASDAQ,Stock,2025-01-24,,Active
AAPGV,Ascentage Pharma Group International American Depository Shares,NASDAQ,Stock,2025-01-24,,Active
AAPL,Apple Inc,NASDAQ,Stock,1980-12-12,,Active
AAPR,Innovator Equity Defined Protection ETF - 2 Yr to April 2026,BATS,ETF,2024-04-01,,Active
AAPU,DIREXION DAILY AAPL BULL 2X SHARES ,NASDAQ,ETF,2022-08-09,,Active
AAPW,ROUNDHILL AAPL WEEKLYPAY ETF ,BATS,ETF,2025-02-19,,Active
AAPX,T-REX 2X LONG APPLE DAILY TARGET ETF ,BATS,ETF,2024-01-11,,Active
AAPY,Kurv Yield Premium Strategy Apple (AAPL) ETF,BATS,ETF,2023-10-27,,Active
AARD,Aardvark Therapeutics Inc,NASDAQ,Stock,2025-02-13,,Active
AAT,American Assets Trust Inc,NYSE,Stock,2011-01-13,,Active
AAUA,ALPHA ARCHITECT US EQUITY 3 ETF ,BATS,ETF,2026-03-19,,Active
AAUB,Alpha Architect US Equity 4 ETF,NASDAQ,ETF,2026-07-23,,Active
AAUC,Allied Gold Corporation,NYSE,Stock,2025-06-09,,Active
AAUM,TEMA ALTERNATIVE ASSET MANAGERS ETF ,BATS,ETF,2025-10-01,,Active
AAUS,ALPHA ARCHITECT US EQUITY ETF ,NASDAQ,ETF,2025-07-23,,Active
AAVM,ALPHA ARCHITECT GLOBAL FACTOR EQUITY ETF ,NASDAQ,ETF,2017-06-13,,Active
AAXJ,ISHARES MSCI ALL COUNTRY ASIA EX JAPAN ETF ,NASDAQ,ETF,2008-08-15,,Active
AB,AllianceBernstein Holding Lp,NYSE,Stock,1988-04-15,,Active
ABAT,Advanced Battery Technologies Inc,NASDAQ,Stock,2023-09-21,,Active
ABBV,Abbvie Inc,NYSE,Stock,2013-01-02,,Active
ABCB,Ameris Bancorp,NYSE,Stock,1994-05-19,,Active
ABCL,AbCellera Biologics Inc,NASDAQ,Stock,2020-12-11,,Active
ABCS,ALPHA BLUE CAPITAL US SMALL-MID CAP DYNAMIC ETF ,NASDAQ,ETF,2023-12-20,,Active
ABEO,Abeona Therapeutics Inc,NASDAQ,Stock,1980-09-19,,Active
ABEQ,ABSOLUTE SELECT ETF ,NYSE,ETF,2020-01-22,,Active
ABEV,Ambev S.A.,NYSE,Stock,1997-03-05,,Active
ABFL,ABACUS FCF LEADERS ETF ,BATS,ETF,2017-08-24,,Active
ABG,Asbury Automotive Group Inc,NYSE,Stock,2002-03-21,,Active
ABI,VICTORYSHARES PIONEER ASSET-BASED INCOME ETF ,NASDAQ,Stock,2009-05-11,,Active
ABIG,ARGENT LARGE CAP ETF ,NASDAQ,ETF,2025-04-09,,Active
ABL,Abacus Global Management Inc.,NYSE,Stock,2026-05-28,,Active
ABLD,ABACUS FCF REAL ASSETS LEADERS ETF ,BATS,ETF,2021-12-14,,Active
ABLG,ABACUS FCF INTERNATIONAL LEADERS ETF ,BATS,ETF,2017-06-28,,Active
ABLLL,Abacus Global Management Inc. 9.875% Fixed Rate Senior Notes due 2028,NASDAQ,ETF,2026-05-28,,Active
ABLLW,Abacus Life Inc Warrant,NASDAQ,Stock,2023-07-05,,Active
ABLS,ABACUS FCF SMALL CAP LEADERS ETF ,BATS,ETF,2025-02-19,,Active
ABLV,Able View Global Inc - Class B,NASDAQ,Stock,2022-09-12,,Active
ABLVW,Able View Global Inc - Warrants (17/08/2028),NASDAQ,Stock,2023-08-18,,Active
ABM,ABM Industries Inc,NYSE,Stock,1984-07-19,,Active
ABNB,Airbnb Inc - Class A,NASDAQ,Stock,2020-12-10,,Active
ABNG,Leverage Shares 2x Long ABNB Daily ETF,NASDAQ,ETF,2025-11-17,,Active
ABOS,Acumen Pharmaceuticals Inc,NASDAQ,Stock,2021-07-01,,Active
ABOT,ABACUS FCF INNOVATION LEADERS ETF ,BATS,ETF,2020-12-08,,Active
ABR,Arbor Realty Trust Inc,NYSE,Stock,2004-04-07,,Active
ABR-P-D,Arbor Realty Trust Inc,NYSE,Stock,2021-05-26,,Active
ABR-P-E,Arbor Realty Trust Inc,NYSE,Stock,2021-08-05,,Active
ABR-P-F,Arbor Realty Trust Inc,NYSE,Stock,2021-10-05,,Active
ABSI,Absci Corp,NASDAQ,Stock,2021-07-22,,Active
ABST,Absolute Software Corporation,NASDAQ,Stock,2020-10-28,,Active
ABT,Abbott Laboratories,NYSE,Stock,1983-04-06,,Active
ABTC,American Bitcoin Corp,NASDAQ,Stock,2025-09-02,,Active
ABTS,Abits Group Inc,NASDAQ,Stock,2014-04-10,,Active
ABUF,APTUS LADDERED BUFFER ETF ,BATS,ETF,2026-04-01,,Active
ABUS,Arbutus Biopharma Corp,NASDAQ,Stock,2015-08-03,,Active
ABVC,ABVC BioPharma Inc,NASDAQ,Stock,2011-04-05,,Active
ABVX,Abivax,NASDAQ,Stock,2023-10-20,,Active
ABX,Abacus Global Management Inc - Class A,NYSE,Stock,2020-09-14,,Active
ABXB,ABACUS FLEXIBLE BOND LEADERS ETF ,BATS,ETF,2020-12-08,,Active
ABXL,Abacus Global Management Inc,NYSE,Stock,2023-11-24,,Active
ACA,Arcosa Inc,NYSE,Stock,2018-10-30,,Active
ACAA,Averin Capital Acquisition Corp - Class A,NASDAQ,Stock,2026-04-10,,Active
ACAAU,Averin Capital Acquisition Corp Units,NASDAQ,Stock,2026-02-19,,Active
ACAAW,Averin Capital Acquisition Corp - Warrants(30/01/2031),NASDAQ,Stock,2026-04-14,,Active
ACAD,Acadia Pharmaceuticals Inc,NASDAQ,Stock,2004-05-27,,Active
ACB,Aurora Cannabis Inc,NASDAQ,Stock,2014-07-11,,Active
ACBE,Pacer Metaurus Enhanced Core Income Autocallable ETF,NASDAQ,ETF,2026-09-10,,Active
ACBH,Pacer Metaurus High Income Autocallable ETF,NASDAQ,ETF,2026-09-10,,Active
ACCL,Acco Group Holdings Ltd,NASDAQ,Stock,2025-10-17,,Active
ACCO,Acco Brands Corporation,NYSE,Stock,2005-08-17,,Active
ACCS,ACCESS Newswire Inc,AMEX,Stock,2005-02-14,,Active
ACDC,ProFrac Holding Corp Class A,NASDAQ,Stock,2022-05-13,,Active
ACEI,AMERICAN CHAMPION ENTERTAINMENT INC,NYSE,Stock,2025-09-25,,Active
ACEL,Accel Entertainment Inc - Class A1,NYSE,Stock,2019-11-21,,Active
ACEP,ARS CORE EQUITY PORTFOLIO ETF ,NASDAQ,ETF,2025-11-21,,Active
ACES,ALPS CLEAN ENERGY ETF ,NYSE,ETF,2018-06-29,,Active
ACET,Adicet Bio Inc,NASDAQ,Stock,2018-01-26,,Active
ACFN,,NASDAQ,Stock,2025-07-24,,Active
ACGC,ACP Holdings Acquisition Corp - Class A,NASDAQ,Stock,2026-05-28,,Active
ACGCU,ACP Holdings Acquisition Corp - Units (1 Ord Cls A & 1/3 War),NASDAQ,Stock,2026-04-07,,Active
ACGCW,ACP Holdings Acquisition Corp - Warrants (30/03/2031),NASDAQ,Stock,2026-05-28,,Active
ACGL,Arch Capital Group Ltd,NASDAQ,Stock,1995-09-14,,Active
ACGLN,Arch Capital Group Ltd,NASDAQ,Stock,2021-06-03,,Active
ACGLO,Arch Capital Group Ltd,NASDAQ,Stock,2017-08-15,,Active
ACGO,Hartford Alpha Capture Growth,BATS,Stock,2026-06-03,,Active
ACGR,AMERICAN CENTURY LARGE CAP GROWTH ETF ,NYSE,ETF,2020-01-21,,Active
ACH,Accendra Health Inc,NYSE,Stock,1988-12-16,,Active
ACHC,Acadia Healthcare Company Inc,NASDAQ,Stock,1994-03-04,,Active
ACHL,Achilles Therapeutics Plc,NASDAQ,Stock,2021-03-31,,Active
ACHR,Archer Aviation Inc - Class A,NYSE,Stock,2020-12-18,,Active
ACHR-WS,Archer Aviation Inc Wt,NYSE,Stock,2021-09-17,,Active
ACHV,Achieve Life Sciences Inc,NASDAQ,Stock,1995-10-13,,Active
ACHX,Corgi ACHR 2x Daily ETF,BATS,ETF,2026-06-30,,Active
ACI,Albertsons Companies Inc - Class A,NYSE,Stock,2020-06-26,,Active
ACIC,American Coastal Insurance Corp,NASDAQ,Stock,2007-11-07,,Active
ACIO,APTUS COLLARED INVESTMENT OPPORTUNITY ETF ,BATS,ETF,2019-07-10,,Active
ACIU,AC Immune SA,NASDAQ,Stock,2016-09-23,,Active
ACIW,ACI Worldwide Inc,NASDAQ,Stock,1995-02-27,,Active
ACKY,VistaShares Target 15 ACKtivist Distribution ETF,NYSE,ETF,2025-09-09,,Active
ACLC,AMERICAN CENTURY LARGE CAP EQUITY ETF ,NYSE,ETF,2020-07-15,,Active
ACLO,ACCELIO CORP,NYSE,Stock,2024-11-18,,Active
ACLS,Axcelis Technologies Inc,NASDAQ,Stock,2000-07-11,,Active
ACLZ,Corgi ACLS 2x Daily,BATS,Stock,2026-06-24,,Active
ACM,AECOM,NYSE,Stock,2007-05-10,,Active
ACMM,ACCOM INC,NASDAQ,Stock,2026-06-24,,Active
ACMR,ACM Research Inc - Class A,NASDAQ,Stock,2017-11-03,,Active
ACN,Accenture plc - Class A,NYSE,Stock,2001-07-19,,Active
ACNB,ACNB Corp,NASDAQ,Stock,1996-01-02,,Active
ACNT,Ascent Industries Company,NASDAQ,Stock,1991-12-03,,Active
ACOG,Alpha Cognition Inc,NASDAQ,Stock,2024-11-12,,Active
ACOM,Harbor Active Commodity ETF,NYSE ARCA,ETF,2026-06-17,,Active
ACON,Aclarion Inc,NASDAQ,Stock,2022-04-22,,Active
ACONW,Aclarion Inc - Warrants (01/12/2026),NASDAQ,Stock,2022-04-22,,Active
ACP,abrdn Income Credit Strategies Fund,NYSE,ETF,2011-01-27,,Active
ACP-P-A,abrdn Income Credit Strategies Fund,NYSE,Stock,2021-05-04,,Active
ACQQ,ProShares Nasdaq-100 Autocallable Income ETF,NASDAQ,ETF,2026-08-14,,Active
ACR,ACRES Commercial Realty Corp,NYSE,Stock,2006-02-07,,Active
ACR-P-C,ACRES Commercial Realty Corp,NYSE,Stock,2014-06-06,,Active
ACR-P-D,ACRES Commercial Realty Corp,NYSE,Stock,2021-05-17,,Active
ACRE,Ares Commercial Real Estate Corp,NYSE,Stock,2012-04-27,,Active
ACRS,Aclaris Therapeutics Inc,NASDAQ,Stock,2015-10-07,,Active
ACRT,ProShares Russell 2000 Autocallable Income ETF,NASDAQ,ETF,2026-08-14,,Active
ACRV,Acrivon Therapeutics Inc,NASDAQ,Stock,2022-11-15,,Active
ACSG,AMERICAN CENTURY SMALL CAP GROWTH INSIGHTS ETF ,BATS,ETF,2025-10-16,,Active
ACSI,AMERICAN CUSTOMER SATISFACTION ETF ,BATS,ETF,2016-11-01,,Active
ACSP,ProShares S&P 500 Autocallable Income ETF,NASDAQ,ETF,2026-08-14,,Active
ACST,Acasti Pharma Inc - Class A,NASDAQ,Stock,2011-05-06,,Active
ACSV,AMERICAN CENTURY SMALL CAP VALUE INSIGHTS ETF ,BATS,ETF,2025-10-16,,Active
ACT,Enact Holdings Inc,NASDAQ,Stock,2021-09-16,,Active
ACTG,Acacia Research Corp,NASDAQ,Stock,2002-12-16,,Active
ACTS,Actions Semiconductor Company. Ltd. ADR,NYSE,Stock,2005-11-30,,Active
ACTU,Actuate Therapeutics Inc,NASDAQ,Stock,2024-08-13,,Active
ACU,Acme United Corp,AMEX,Stock,1984-09-07,,Active
ACV,Virtus Diversified Income & Convertible Fund,NYSE,ETF,2015-05-22,,Active
ACV-A,ACV Auctions Inc Class A,NYSE,Stock,2026-02-06,,Active
ACVA,ACV Auctions Inc - Class A,NYSE,Stock,2021-03-24,,Active
ACVF,AMERICAN CONSERVATIVE VALUES ETF ,NYSE,ETF,2020-10-29,,Active
ACVT,ADVENT CONVERTIBLE BOND ETF ,NYSE ARCA,ETF,2025-04-30,,Active
ACVU,Hartford Quality Value ETF,BATS,ETF,2023-10-16,,Active
ACWI,ISHARES MSCI ACWI ETF ,NASDAQ,ETF,2008-03-28,,Active
ACWV,ISHARES MSCI GLOBAL MIN VOL FACTOR ETF ,BATS,ETF,2011-10-20,,Active
ACWX,ISHARES MSCI ACWI EX U.S. ETF ,NASDAQ,ETF,2008-03-31,,Active
ACXP,Acurx Pharmaceuticals Inc,NASDAQ,Stock,2021-06-25,,Active
ACYN,FT VEST LADDERED AUTOCALLABLE BARRIER & INCOME ETF ,NYSE,Stock,2026-02-25,,Active
ACYS,FT VEST LADDERED AUTOCALLABLE BARRIER & RESILIENT INCOME ETF ,NYSE,Stock,2026-04-23,,Active
AD,Array Digital Infrastructure Inc,NYSE,Stock,1992-03-17,,Active
ADAC,Adama Technologies Corp,NASDAQ,Stock,2017-09-22,,Active
ADACU,American Drive Acquisition Co. - Units (1 Ord Cls A & 1/3 War),NASDAQ,Stock,2025-12-18,,Active
ADACW,American Drive Acquisition Company Warrant,NASDAQ,Stock,2026-02-09,,Active
ADAG,Adagene Inc,NASDAQ,Stock,2021-02-09,,Active
ADAL,Anthemis Digital Acquisitions I Corp - Class A,NASDAQ,Stock,2021-12-29,,Active
ADALU,Anthemis Digital Acquisitions I Corp - Units (1 Ord Class A & 1/2 War),NASDAQ,Stock,2021-10-28,,Active
ADALW,Anthemis Digital Acquisitions I Corp - Warrants (18/10/2026),NASDAQ,Stock,2021-12-27,,Active
ADAM,Adamas Trust Inc,NASDAQ,Stock,2004-07-26,,Active
ADAMG,Adamas Trust Inc,NASDAQ,Stock,2025-01-15,,Active
ADAMH,Adamas Trust Inc 9.875 Senior Notes Due 2030,NASDAQ,Stock,2025-09-03,,Active
ADAMI,Adamas Trust Inc,NASDAQ,Stock,2024-07-01,,Active
ADAMK,Adamas Trust Inc,NASDAQ,Stock,2026-08-17,,Active
ADAML,Adamas Trust Inc,NASDAQ,Stock,2021-06-30,,Active
ADAMM,Adamas Trust Inc,NASDAQ,Stock,2019-10-11,,Active
ADAMN,Adamas Trust Inc,NASDAQ,Stock,2017-10-06,,Active
ADAMO,Adamas Trust Inc,NASDAQ,Stock,2026-01-14,,Active
ADAMZ,Adamas Trust Inc,NASDAQ,Stock,2021-11-18,,Active
ADBE,Adobe Inc,NASDAQ,Stock,1986-08-14,,Active
ADBG,LEVERAGE SHARES 2X LONG ADBE DAILY ETF ,NASDAQ,ETF,2025-03-21,,Active
ADBT,Advasa Holdings Inc,NASDAQ,Stock,2026-08-25,,Active
ADBU,Direxion Daily ADBE Bull 2X,NYSE,ETF,2026-03-25,,Active
ADC,Agree Realty Corp,NYSE,Stock,1994-04-15,,Active
ADC-P-A,Agree Realty Corp,NYSE,Stock,2021-09-09,,Active
ADCT,Adc Therapeutics SA,NYSE,Stock,2020-05-15,,Active
ADDS,Hedgeye Index Adds,NYSE,ETF,2026-05-28,,Active
ADEA,Adeia Inc,NASDAQ,Stock,2003-11-20,,Active
ADGM,Adagio Medical Holdings Inc,NASDAQ,Stock,2024-08-01,,Active
ADI,Analog Devices Inc,NASDAQ,Stock,1984-07-19,,Active
ADIG,ADI Global Distribution Inc,NYSE,Stock,2026-07-30,,Active
ADIG-W,ADI Global Distribution Inc WhenIssued,NYSE,Stock,2026-07-30,,Active
ADIL,Adial Pharmaceuticals Inc,NASDAQ,Stock,2018-07-27,,Active
ADIU,Leverage Shares 2X Long ADI Daily ETF,BATS,ETF,2026-06-16,,Active
ADIV,GUINNESS ATKINSON ASIA PACIFIC DIVIDEND BUILDER ETF ,NYSE,ETF,2021-03-29,,Active
ADM,Archer Daniels Midland Company,NYSE,Stock,1983-04-05,,Active
ADMA,Adma Biologics Inc,NASDAQ,Stock,2013-10-17,,Active
ADME,APTUS DRAWDOWN MANAGED EQUITY ETF ,BATS,ETF,2016-06-09,,Active
ADNT,Adient plc,NYSE,Stock,2016-10-31,,Active
ADOCR,Australian Oilseeds Holdings Ltd,NASDAQ,Stock,2020-12-10,,Active
ADP,Automatic Data Processing Inc,NASDAQ,Stock,1983-04-06,,Active
ADPT,Adaptive Biotechnologies Corp,NASDAQ,Stock,2019-06-27,,Active
ADPV,ADAPTIV SELECT ETF ,NYSE,ETF,2022-11-04,,Active
ADSE,Ads-Tec Energy Plc,NASDAQ,Stock,2021-12-23,,Active
ADSEW,Ads-Tec Energy Plc - Warrants (22/12/2026),NASDAQ,Stock,2021-03-10,,Active
ADSK,Autodesk Inc,NASDAQ,Stock,1985-07-01,,Active
ADT,ADT Inc,NYSE,Stock,2018-01-19,,Active
ADTN,ADTRAN Holdings Inc,NASDAQ,Stock,1994-08-10,,Active
ADUR,Aduro Clean Technologies Inc,NASDAQ,Stock,2021-07-23,,Active
ADUS,Addus HomeCare Corporation,NASDAQ,Stock,2009-10-28,,Active
ADV,Advantage Solutions Inc - Class A,NASDAQ,Stock,2016-09-15,,Active
ADVB,Advanced Biomed Inc,NASDAQ,Stock,2025-03-06,,Active
ADVE,MATTHEWS ASIA DIVIDEND ACTIVE ETF ,NYSE,ETF,2023-09-22,,Active
ADVWW,Advantage Solutions Inc. Warrant,NASDAQ,Stock,2026-05-28,,Active
ADX,Adams Diversified Equity Fund,NYSE,ETF,1984-07-19,,Active
ADXN,Addex Therapeutics Ltd,NASDAQ,Stock,2020-01-29,,Active
AEAQ,Activate Energy Acquisition Corp,NASDAQ,Stock,2026-01-26,,Active
AEAQU,Activate Energy Acquisition Corp - Units (1 Ord Cls A & 1/2 War),NASDAQ,Stock,2025-12-04,,Active
AEAQW,Activate Energy Acquisition Corp Warrant,NASDAQ,Stock,2026-01-26,,Active
AEBI,Aebi Schmidt Holding AG,NASDAQ,Stock,2025-07-01,,Active
AEBIV,Aebi Schmidt Holding AG,NASDAQ,Stock,2025-07-01,,Active
AEC,Associated Estates Realty Corp,NASDAQ,Stock,1993-11-11,,Active
AEE,Ameren Corp,NYSE,Stock,1998-01-02,,Active
AEF,abrdn Emerging Markets Equity Income Fund Inc,AMEX,ETF,2001-01-02,,Active
AEFC,Aegon Funding Company LLC,NYSE,Stock,2019-10-24,,Active
AEG,Aegon Ltd,NYSE,Stock,1985-07-01,,Active
AEHA,Aesther Healthcare Acquisition Corp - Class A,NASDAQ,Stock,2021-11-08,,Active
AEHG,Leverage Shares 2X Long AEHR Daily ETF,BATS,ETF,2026-06-29,,Active
AEHL,Antelope Enterprise Holdings Ltd - Class A,NASDAQ,Stock,2007-12-17,,Active
AEHR,Aehr Test Systems,NASDAQ,Stock,1997-08-15,,Active
AEI,Alset Inc,NASDAQ,Stock,2020-11-24,,Active
AEIS,Advanced Energy Industries Inc,NASDAQ,Stock,1995-11-17,,Active
AELV,AlphaEdge Large Cap Value ETF,NYSE ARCA,ETF,2024-09-05,,Active
AEM,Agnico Eagle Mines Ltd,NYSE,Stock,1984-09-07,,Active
AEMC,Harbor AlphaEdge Mid Cap Core ETF,NYSE ARCA,ETF,2026-08-27,,Active
AEMD,Aethlon Medical Inc,NASDAQ,Stock,2001-01-02,,Active
AEMG,Harbor AlphaEdge Mid Cap Growth ETF,NYSE ARCA,ETF,2026-08-27,,Active
AEMS,Anfield Enhanced Market ETF,BATS,ETF,2025-07-01,,Active
AEMV,Harbor AlphaEdge Mid Cap Value ETF,NYSE ARCA,ETF,2026-08-27,,Active
AENT,Alliance Entertainment Holding Corporation - Class A,NASDAQ,Stock,2021-03-24,,Active
AENTW,Alliance Entertainment Holding Corporation - Warrants (11/02/2026),NASDAQ,Stock,2021-03-26,,Active
AEO,American Eagle Outfitters Inc,NYSE,Stock,1994-04-14,,Active
AEON,AEON Biopharma Inc - Class A,AMEX,Stock,2021-04-12,,Active
AEON-WS,AEON Biopharma Inc Warrants each whole warrant exercisable to purchase one share of Common Stock at an exercise price of 11.50 per share,AMEX,Stock,2023-07-24,,Active
AEP,American Electric Power Company Inc,NASDAQ,Stock,1970-01-02,,Active
AEPPZ,American Electric Power Company Inc,NASDAQ,Stock,2020-10-01,,Active
AER,Aercap Holdings N.V.,NYSE,Stock,2006-11-21,,Active
AERO,Grupo Aeromexico S.A.B. De C.V.,NYSE,Stock,2025-11-06,,Active
AERT,Aeries Technology Inc - Class A,NASDAQ,Stock,2021-12-17,,Active
AERTW,Aeries Technology Inc - Warrants (20/10/2026),NASDAQ,Stock,2021-12-21,,Active
AES,AES Corp,NYSE,Stock,1991-06-26,,Active
AESB,Harbor AlphaEdge Small Cap Core ETF,NYSE ARCA,ETF,2026-08-27,,Active
AESG,Harbor AlphaEdge Small Cap Growth ETF,NYSE ARCA,ETF,2026-08-27,,Active
AESI,Atlas Energy Solutions Inc,NYSE,Stock,2023-03-09,,Active
AESL,Harbor AlphaEdge Small Cap Value ETF,NYSE ARCA,ETF,2026-08-27,,Active
AESP,Aeon Acquisition I Corp - Class A,NASDAQ,Stock,2026-07-01,,Active
AESPR,Aeon Acquisition I Corp,NASDAQ,Stock,2026-07-01,,Active
AESPU,Aeon Acquisition I Corp,NASDAQ,Stock,2026-06-03,,Active
AESPW,Aeon Acquisition I Corp - Warrants(30/01/2031),NASDAQ,Stock,2026-07-01,,Active
AESR,Anfield U.S. Equity Sector Rotation ETF,BATS,ETF,2019-12-17,,Active
AETH,BITWISE TRENDWISE ETHEREUM AND TREASURIES ROTATION STRATEGY ETF ,NYSE,ETF,2023-10-02,,Active
AEVA,Aeva Technologies Inc,NASDAQ,Stock,2020-02-27,,Active
AEXA,American Exceptionalism Acquisition Corp A - Class A,NYSE,Stock,2025-09-26,,Active
AEYE,AudioEye Inc,NASDAQ,Stock,2013-04-26,,Active
AFB,AllianceBernstein National Municipal Income Fund Inc,NYSE,ETF,2002-01-29,,Active
AFCG,AFC Gamma Inc,NASDAQ,Stock,2021-03-19,,Active
AFG,American Financial Group Inc,NYSE,Stock,1983-04-06,,Active
AFGB,American Financial Group Inc,NYSE,Stock,2019-03-19,,Active
AFGC,American Financial Group Inc,NYSE,Stock,2019-12-04,,Active
AFGD,American Financial Group Inc,NYSE,Stock,2020-06-03,,Active
AFGE,American Financial Group Inc,NYSE,Stock,2014-09-24,,Active
AFGR,First Trust Multi-Manager Large Growth ETF,NYSE ARCA,ETF,2020-07-22,,Active
AFIF,Anfield Universal Fixed Income ETF,BATS,ETF,2018-09-18,,Active
AFIX,ALLSPRING BROAD MARKET CORE BOND ETF ,NYSE,ETF,2024-12-05,,Active
AFJK,Aimei Health Technology Co Ltd,NASDAQ,Stock,2024-01-22,,Active
AFJKR,Aimei Health Technology Co Ltd,NASDAQ,Stock,2024-01-22,,Active
AFJKU,Aimei Health Technology Co Ltd - Units (1 1 Rights),NASDAQ,Stock,2023-12-04,,Active
AFK,VANECK AFRICA INDEX ETF ,NYSE,ETF,2008-07-14,,Active
AFL,Aflac Inc,NYSE,Stock,1984-07-19,,Active
AFLG,FIRST TRUST ACTIVE FACTOR LARGE CAP ETF ,NYSE,ETF,2019-12-04,,Active
AFMC,FIRST TRUST ACTIVE FACTOR MID CAP ETF ,NYSE,ETF,2019-12-04,,Active
AFOS,ARS FOCUSED OPPORTUNITIES STRATEGY ETF ,NASDAQ,ETF,2025-06-26,,Active
AFRI,Forafric Global PLC,NASDAQ,Stock,2022-06-10,,Active
AFRIW,Forafric Global PLC - Warrants (09/06/2027),NASDAQ,Stock,2022-06-10,,Active
AFRM,Affirm Holdings Inc - Class A,NASDAQ,Stock,2021-01-13,,Active
AFRU,T-REX 2X LONG AFRM DAILY TARGET ETF ,BATS,ETF,2025-09-16,,Active
AFSC,ANCHOR FINANCIAL CORP,NASDAQ,Stock,2025-02-18,,Active
AFSM,FIRST TRUST ACTIVE FACTOR SMALL CAP ETF ,NYSE,ETF,2019-12-04,,Active
AFT,Apollo Senior Floating Rate Fund Inc,NYSE,ETF,2011-02-25,,Active
AFYA,Afya Ltd - Class A,NASDAQ,Stock,2019-07-19,,Active
AG,First Majestic Silver Corporation,NYSE,Stock,2006-11-28,,Active
AGBK,AGI Inc - Class A,NYSE,Stock,2026-02-11,,Active
AGCC,Agencia Comercial Spirits Ltd - Class A,NASDAQ,Stock,2025-10-22,,Active
AGCO,AGCO Corp,NYSE,Stock,1992-04-20,,Active
AGD,abrdn Global Dynamic Dividend Fund,NYSE,ETF,2006-07-27,,Active
AGEM,abrdn Emerging Markets Dividend Active ETF,NASDAQ,ETF,2025-02-18,,Active
AGEN,Agenus Inc,NASDAQ,Stock,2000-02-08,,Active
AGFS,AgroFresh Solutions Inc,NASDAQ,Stock,2015-08-03,,Active
AGG,ISHARES CORE U.S. AGGREGATE BOND ETF ,NYSE,ETF,2003-09-26,,Active
AGGA,EA ASTORIA DYNAMIC CORE US FIXED INCOME ETF ,NASDAQ,ETF,2025-05-01,,Active
AGGH,SIMPLIFY AGGREGATE BOND ETF ,NYSE,ETF,2022-02-15,,Active
AGGM,iShares 1-10 Year U.S. Aggregate Bond ETF,NYSE ARCA,ETF,2007-01-11,,Active
AGGS,HARBOR DISCIPLINED BOND ETF ,NYSE,ETF,2024-05-02,,Active
AGGY,WISDOMTREE YIELD ENHANCED U.S. AGGREGATE BOND FUND ,NYSE,ETF,2015-07-09,,Active
AGI,Alamos Gold Inc - Class A,NYSE,Stock,2003-03-17,,Active
AGIG,Houston American Energy Corp,AMEX,Stock,2002-01-22,,Active
AGIO,Agios Pharmaceuticals Inc,NASDAQ,Stock,2013-07-24,,Active
AGIQ,SOFI AGENTIC AI ETF ,NYSE,Stock,2025-09-03,,Active
AGIX,KRANESHARES PUBLIC-PRIVATE AI & TECHNOLOGY ETF ,NASDAQ,ETF,2024-07-18,,Active
AGL,Agilon Health Inc,NYSE,Stock,2021-04-15,,Active
AGM,Federal Agricultural Mortgage Corp - Class C,NYSE,Stock,1995-08-18,,Active
AGM-A,Federal Agricultural Mortgage Corp - Class A,NYSE,Stock,1996-05-30,,Active
AGM-P-A,Federal Agricultural Mortgage Corp,NYSE,Stock,2013-01-23,,Active
AGM-P-D,Federal Agricultural Mortgage Corp,NYSE,Stock,2019-05-09,,Active
AGM-P-E,Federal Agricultural Mortgage Corp,NYSE,Stock,2020-05-14,,Active
AGM-P-F,Federal Agricultural Mortgage Corp,NYSE,Stock,2020-08-14,,Active
AGM-P-G,Federal Agricultural Mortgage Corp,NYSE,Stock,2021-05-21,,Active
AGM-P-H,Federal Agricultural Mortgage Corp,NYSE,Stock,2025-08-29,,Active
AGM-P-I,Federal Agricultural Mortgage Corp,NYSE,Stock,2026-05-22,,Active
AGMB,AgomAb Therapeutics NV,NASDAQ,Stock,2026-02-06,,Active
AGMH,AGM Group Holdings Inc - Class A,NASDAQ,Stock,2018-04-18,,Active
AGMI,THEMES SILVER MINERS ETF ,NASDAQ,ETF,2024-05-03,,Active
AGNC,AGNC Investment Corp,NASDAQ,Stock,2008-05-15,,Active
AGNCL,AGNC Investment Corp,NASDAQ,Stock,2022-09-08,,Active
AGNCM,AGNC Investment Corp,NASDAQ,Stock,2019-02-28,,Active
AGNCN,AGNC Investment Corp,NASDAQ,Stock,2017-08-16,,Active
AGNCO,AGNC Investment Corp,NASDAQ,Stock,2019-09-27,,Active
AGNCP,AGNC Investment Corp,NASDAQ,Stock,2020-02-05,,Active
AGNCZ,AGNC Investment Corp,NASDAQ,Stock,2025-09-04,,Active
AGNG,GLOBAL X AGING POPULATION ETF ,NASDAQ,ETF,2016-05-10,,Active
AGNT,eXp World Holdings Inc,NASDAQ,Stock,2014-02-19,,Active
AGO,Assured Guaranty Ltd,NYSE,Stock,2004-04-23,,Active
AGOV,ETC Gavekal Asia Pacific Government Bond ETF,NYSE ARCA,ETF,2021-07-22,,Active
AGOX,ADAPTIVE ALPHA OPPORTUNITIES ETF ,NYSE,ETF,2021-05-10,,Active
AGPU,Axe Compute Inc,NASDAQ,Stock,2018-01-29,,Active
AGQ,ProShares Ultra Silver 2x Shares,NYSE,ETF,2008-12-04,,Active
AGQI,FIRST TRUST ACTIVE GLOBAL QUALITY INCOME ETF ,NYSE,ETF,2023-11-21,,Active
AGRO,Adecoagro S.A.,NYSE,Stock,2011-01-28,,Active
AGRW,ALLSPRING LT LARGE GROWTH ETF ,NYSE,ETF,2025-03-27,,Active
AGRZ,Agroz Inc - Class A,NASDAQ,Stock,2026-07-21,,Active
AGTC,Applied Genetic Technologies Corp,NASDAQ,Stock,2014-03-27,,Active
AGX,Argan Inc,NYSE,Stock,1995-08-18,,Active
AGYS,Agilysys Inc,NASDAQ,Stock,1990-03-26,,Active
AGZ,ISHARES AGENCY BOND ETF ,NYSE,ETF,2008-11-07,,Active
AGZD,WISDOMTREE INTEREST RATE HEDGED U.S. AGGREGATE BOND FUND ,NASDAQ,ETF,2013-12-18,,Active
AHBM,Amplify Top 10 Asia Memory ETF,NYSE ARCA,ETF,2026-08-19,,Active
AHCO,AdaptHealth Corp,NASDAQ,Stock,2018-05-24,,Active
AHD,GraniteShares Autocallable HOOD ETF,NASDAQ,Stock,2026-05-19,,Active
AHG,Akso Health Group,NASDAQ,Stock,2006-12-28,,Active
AHL-P-D,Aspen Insurance Holdings Limited 5625 Perpetual NonCumulative Preference Shares,NYSE,Stock,2016-09-14,,Active
AHL-P-E,Aspen Insurance Hldgs,NYSE,Stock,2019-08-07,,Active
AHL-P-F,Aspen Insurance Holdings Ltd,NYSE,Stock,2024-12-03,,Active
AHLT,AMERICAN BEACON AHL TREND ETF ,NYSE,ETF,2023-08-31,,Active
AHMA,Ambitions Enterprise Management Co LLC - Class A,NASDAQ,Stock,2025-10-21,,Active
AHR,American Healthcare REIT Inc,NYSE,Stock,2024-02-07,,Active
AHRNU,Ahren Acquisition Corp - Units (1 Ord Share Class A & 1/2 War),NASDAQ,Stock,2021-12-15,,Active
AHRT,Armada Hoffler Properties Inc,NYSE,Stock,2013-05-08,,Active
AHRT-P-A,Armada Hoffler Properties Inc,NYSE,Stock,2019-06-12,,Active
AHT,Ashford Hospitality Trust Inc,NYSE,Stock,2003-08-26,,Active
AHT-P-D,Ashford Hospitality Trust Inc,NYSE,Stock,2014-09-22,,Active
AHT-P-F,Ashford Hospitality Trust Inc,NYSE,Stock,2016-07-20,,Active
AHT-P-G,Ashford Hospitality Trust Inc,NYSE,Stock,2016-10-17,,Active
AHT-P-H,Ashford Hospitality Trust Inc,NYSE,Stock,2017-08-17,,Active
AHT-P-I,Ashford Hospitality Trust Inc,NYSE,Stock,2017-11-09,,Active
AHYB,AMERICAN CENTURY SELECT HIGH YIELD ETF ,NYSE,ETF,2021-11-18,,Active
AI,C3.ai Inc - Class A,NYSE,Stock,2020-12-09,,Active
AIA,iShares Asia 50 ETF,NASDAQ,ETF,2007-11-20,,Active
AIAI,AIAI Holdings Corp - Class A,NASDAQ,Stock,2026-05-14,,Active
AIB,BlockchAIn Digital Infrastructure Inc,NYSE MKT,Stock,2026-03-20,,Active
AIBD,Direxion Daily AI and Big Data Bear 2X ETF,NYSE ARCA,ETF,2024-05-15,,Active
AIBU,DIREXION DAILY AI AND BIG DATA BULL 2X SHARES ,NYSE,ETF,2024-05-15,,Active
AIBZ,Bitzero Holdings Inc,NASDAQ,Stock,2026-06-09,,Active
AIDX,20/20 Biolabs Inc,NASDAQ,Stock,2026-02-19,,Active
AIEQ,Amplify AI Powered Equity ETF,NYSE,ETF,2024-01-29,,Active
AIF,Apollo Tactical Income Fund Inc,NYSE,ETF,2013-02-26,,Active
AIFA,All InFutureTech Alliance Inc,NASDAQ,Stock,2017-10-25,,Active
AIFC,AMERICAN INDEMNITY FINANCIAL CORP,NASDAQ,Stock,2026-04-28,,Active
AIFD,TCW ARTIFICIAL INTELLIGENCE ETF ,NASDAQ,ETF,2024-05-06,,Active
AIFE,Aifeex Nexus Acquisition Corp Cl A Ord,NASDAQ,Stock,2025-03-12,,Active
AIFER,Aifeex Nexus Acquisition Corp Right,NASDAQ,Stock,2025-03-12,,Active
AIFEU,Aifeex Nexus Acquisition Corp Unit,NASDAQ,ETF,2026-05-28,,Active
AIFF,WaveDancer Inc,NASDAQ,Stock,2011-02-23,,Active
AIFR,Defiance Global Foundries ETF,NASDAQ,ETF,2026-09-10,,Active
AIFU,AIFU Inc - Class A,NASDAQ,Stock,2025-05-20,,Active
AIG,American International Group Inc,NYSE,Stock,1984-09-07,,Active
AIHS,Senmiao Technology Ltd,NASDAQ,Stock,2026-08-26,,Active
AIHY,Defiance AI Hyperscale Leaders ETF,NYSE ARCA,ETF,2026-07-21,,Active
AII,American Integrity Insurance Group Inc,NYSE,Stock,2025-05-08,,Active
AIIA,AI Infrastructure Acquisition Corp Class A,NYSE,Stock,2025-11-24,,Active
AIIA-R,AI Infrastructure Acquisition Corp Rights each entitling the holder to receive onefifth 15 of one Class A Ordinary Share,NYSE,Stock,2025-11-24,,Active
AIIA-U,AI Infrastructure Acquisition Corp - Units (1 Ord Cls A & 1 Rts),NYSE,Stock,2025-10-03,,Active
AIIO,Robo.ai Inc - Class B,NASDAQ,Stock,2022-11-11,,Active
AIIOW,Robo.ai Inc - Warrants (11/11/2027),NASDAQ,Stock,2020-03-27,,Active
AIIR,Air Global PLC,NASDAQ,Stock,2026-05-18,,Active
AILE,iLearningEngines Holdings Inc - Class A,NASDAQ,Stock,2021-04-26,,Active
AIMD,Ainos Inc,NASDAQ,Stock,2013-11-04,,Active
AIMDW,Ainos Inc - Warrants (29/07/2027),NASDAQ,Stock,2022-08-09,,Active
AIMS,ACUITAS SMALL CAP ACTIVE ETF ,NASDAQ,ETF,2026-02-10,,Active
AIN,Albany International Corp - Class A,NYSE,Stock,1987-09-30,,Active
AINF,Defiance Inference AI Chip ETF,NASDAQ,ETF,2026-08-18,,Active
AINP,ALLSPRING INCOME PLUS ETF ,NYSE,ETF,2024-12-05,,Active
AINT,FINQ DOLLAR NEUTRAL U.S. LARGE CAP AI-MANAGED EQUITY ETF ,NYSE,ETF,2026-02-06,,Active
AIO,Virtus Artificial Intelligence & Technology Opportunities Fund,NYSE,Stock,2019-10-29,,Active
AIOO,ALLIANZIM U.S. EQUITY BUFFER100 PROTECTION ETF ,BATS,ETF,2025-07-01,,Active
AIOS,AIOS Tech Inc - Class A,NASDAQ,Stock,2016-12-27,,Active
AIOT,PowerFleet Inc,NASDAQ,Stock,1999-06-30,,Active
AIP,Arteris Inc,NASDAQ,Stock,2021-10-27,,Active
AIPI,REX AI EQUITY PREMIUM INCOME ETF ,NASDAQ,ETF,2024-06-04,,Active
AIPO,DEFIANCE AI & POWER INFRASTRUCTURE ETF ,NASDAQ,ETF,2025-07-25,,Active
AIQ,Global X Artificial Intelligence & Technology ETF,NASDAQ,ETF,2018-05-16,,Active
AIQD,MicroSectors 3 Short Artificial Intelligence AI ETNs,NYSE ARCA,Stock,2026-06-02,,Active
AIQU,MicroSectors 3 Long Artificial Intelligence AI ETNs,NYSE ARCA,Stock,2026-06-02,,Active
AIR,AAR Corp,NYSE,Stock,1984-07-19,,Active
AIRE,reAlpha Tech Corp,NASDAQ,Stock,2023-10-23,,Active
AIRG,Airgain Inc,NASDAQ,Stock,2016-08-12,,Active
AIRI,Air Industries Group,AMEX,Stock,2000-10-05,,Active
AIRJ,Montana Technologies Corp Cl A,NASDAQ,Stock,2024-03-15,,Active
AIRJW,Montana Technologies Corp Wt Exp,NASDAQ,Stock,2024-03-15,,Active
AIRO,AIRO Group Holdings Inc,NASDAQ,Stock,2025-06-13,,Active
AIRR,FIRST TRUST RBA AMERICAN INDUSTRIAL RENAISSANCE ETF ,NASDAQ,ETF,2014-03-11,,Active
AIRS,Airsculpt Technologies Inc,NASDAQ,Stock,2021-10-29,,Active
AIRT,Air T Inc,NASDAQ,Stock,1984-04-24,,Active
AIRTP,Air T Inc,NASDAQ,Stock,2019-06-11,,Active
AIS,VISTASHARES ARTIFICIAL INTELLIGENCE SUPERCYCLE ETF ,NYSE,ETF,2024-12-03,,Active
AISP,Airship AI Holdings Inc - Class A,NASDAQ,Stock,2021-05-10,,Active
AISPW,Airship AI Holdings Inc - Warrants (18/03/2026),NASDAQ,Stock,2021-05-10,,Active
AIT,Applied Industrial Technologies Inc,NYSE,Stock,1984-09-07,,Active
AIUP,FINQ FIRST U.S. LARGE CAP AI-MANAGED EQUITY ETF ,NYSE,ETF,2026-02-06,,Active
AIV,Apartment Investment & Management Co. - Class A,NYSE,Stock,1994-07-22,,Active
AIVC,AMPLIFY BLOOMBERG AI VALUE CHAIN ETF ,NYSE,ETF,2016-03-09,,Active
AIVI,WISDOMTREE INTERNATIONAL AI ENHANCED VALUE FUND ,NYSE,ETF,2006-06-16,,Active
AIVL,WISDOMTREE U.S. AI ENHANCED VALUE FUND ,NYSE,ETF,2006-06-16,,Active
AIX,Defiance US 100 Tech AI Moat ETF,NASDAQ,ETF,2026-06-30,,Active
AIXC,AIxCrypto Holdings Inc,NASDAQ,Stock,2015-06-24,,Active
AIXI,Xiao-I Corp,NASDAQ,Stock,2023-03-09,,Active
AIYY,YIELDMAX(R) AI OPTION INCOME STRATEGY ETF ,NYSE,ETF,2023-11-28,,Active
AIZ,Assurant Inc,NYSE,Stock,2004-02-05,,Active
AIZN,Assurant Inc,NYSE,Stock,2020-11-25,,Active
AJAN,Innovator Equity Defined Protection ETF - 2 Yr to January 2026,BATS,ETF,2024-01-02,,Active
AJG,Arthur J. Gallagher & Company,NYSE,Stock,1984-09-07,,Active
AJUL,Innovator Equity Defined Protection ETF - 2 Yr to July 2026,BATS,ETF,2024-07-01,,Active
AJXA,Great Ajax Corp,NYSE,Stock,2017-04-28,,Active
AKA,a.k.a. Brands Holding Corp,NYSE,Stock,2021-09-22,,Active
AKAF,THE FRONTIER ECONOMIC FUND ,NYSE,ETF,2025-06-26,,Active
AKAL,T-REX 2X Long AKAM Daily Target ETF,BATS,ETF,2026-08-06,,Active
AKAM,Akamai Technologies Inc,NASDAQ,Stock,1999-10-29,,Active
AKAN,Akanda Corp,NASDAQ,Stock,2022-03-15,,Active
AKBA,Akebia Therapeutics Inc,NASDAQ,Stock,2014-03-20,,Active
AKO-A,Embotelladora Andina S.A.,NYSE,Stock,1994-07-07,,Active
AKO-B,Embotelladora Andina S.A.,NYSE,Stock,1997-04-07,,Active
AKR,Acadia Realty Trust,NYSE,Stock,1993-05-27,,Active
AKRE,AKRE FOCUS ETF ,NYSE,ETF,2025-10-27,,Active
AKTS,Aktis Oncology Inc,NASDAQ,Stock,2026-01-09,,Active
AKTX,Akari Therapeutics Plc,NASDAQ,Stock,2015-09-21,,Active
AKUS,Akouos Inc,NASDAQ,Stock,2020-06-26,,Active
AKYA,Akoya Biosciences Inc,NASDAQ,Stock,2021-04-16,,Active
ALA,Corgi ALAB 2x Daily ETF,BATS,ETF,2026-07-10,,Active
ALAB,Astera Labs Inc,NASDAQ,Stock,2024-03-20,,Active
ALAI,ALGER AI ENABLERS & ADOPTERS ETF ,NYSE,ETF,2024-04-05,,Active
ALAR,Alarum Technologies Ltd,NASDAQ,Stock,2018-08-07,,Active
ALB,Albemarle Corp,NYSE,Stock,1994-02-22,,Active
ALB-P-A,Albemarle Corp,NYSE,Stock,2024-03-06,,Active
ALBG,Leverage Shares 2X Long ALB Daily ETF,NASDAQ,ETF,2026-01-13,,Active
ALC,Alcon Inc,NYSE,Stock,2019-04-09,,Active
ALCO,Alico Inc,NASDAQ,Stock,1973-05-03,,Active
ALDB,Aptus Laddered Deep Buffer,BATS,Stock,2026-05-13,,Active
ALDF,Aldel Financial II Inc,NASDAQ,Stock,2024-12-13,,Active
ALDFU,Aldel Financial II Inc - Units (1 Ord Cls A & 1/2 War),NASDAQ,Stock,2024-10-22,,Active
ALDFW,Aldel Financial II Inc Warrants,NASDAQ,Stock,2024-12-13,,Active
ALDX,Aldeyra Therapeutics Inc,NASDAQ,Stock,2014-05-02,,Active
ALEC,Alector Inc,NASDAQ,Stock,2019-02-07,,Active
ALF,Centurion Acquisition Corp - Class A,NASDAQ,Stock,2024-08-01,,Active
ALFUU,Centurion Acquisition Corp - Units (1 Ord & 1 War),NASDAQ,Stock,2024-06-11,,Active
ALFUW,Centurion Acquisition Corp - Warrants (22/05/2029),NASDAQ,Stock,2024-08-01,,Active
ALG,Alamo Group Inc,NYSE,Stock,1993-03-19,,Active
ALGM,Allegro Microsystems Inc,NASDAQ,Stock,2020-10-29,,Active
ALGN,Align Technology Inc,NASDAQ,Stock,2001-01-30,,Active
ALGS,Aligos Therapeutics Inc,NASDAQ,Stock,2020-10-16,,Active
ALGT,Allegiant Travel,NASDAQ,Stock,2006-12-08,,Active
ALH,Alliance Laundry Holdings Inc,NYSE,Stock,2025-10-09,,Active
ALHC,Alignment Healthcare Inc,NASDAQ,Stock,2021-03-26,,Active
ALIL,ARGENT FOCUSED SMALL CAP ETF ,NASDAQ,ETF,2025-04-09,,Active
ALIS,Calisa Acquisition Corp,NASDAQ,Stock,2025-11-19,,Active
ALISR,Calisa Acquisition Corp Right,NASDAQ,Stock,2025-11-19,,Active
ALISU,Calisa Acquisition Corp - Units (1 1 Rights),NASDAQ,Stock,2025-10-22,,Active
ALIT,Alight Inc - Class A,NYSE,Stock,2020-07-17,,Active
ALK,Alaska Air Group Inc,NYSE,Stock,1983-01-03,,Active
ALKS,Alkermes plc,NASDAQ,Stock,1991-07-16,,Active
ALKSV,Alkermes plc,NASDAQ,Stock,2023-11-14,,Active
ALKT,Alkami Technology Inc,NASDAQ,Stock,2021-04-14,,Active
ALL,Allstate Corp (The),NYSE,Stock,1993-06-03,,Active
ALL-P-B,Allstate Corp (The),NYSE,Stock,2014-09-22,,Active
ALL-P-H,Allstate Corp (The),NYSE,Stock,2019-08-02,,Active
ALL-P-I,Allstate Corp (The),NYSE,Stock,2019-11-05,,Active
ALL-P-J,Allstate Corp (The),NYSE,Stock,2023-05-16,,Active
ALLE,Allegion plc,NYSE,Stock,2013-11-18,,Active
ALLG-WS,Allego N.V. Warrants each exercisable for one Ordinary Share at an exercise price of 11.50 per share,NYSE,Stock,2022-03-24,,Active
ALLO,Allogene Therapeutics Inc,NASDAQ,Stock,2018-10-11,,Active
ALLR,Allarity Therapeutics Inc,NASDAQ,Stock,2021-12-21,,Active
ALLT,Allot Ltd,NASDAQ,Stock,2006-11-16,,Active
ALLW,SPDR BRIDGEWATER ALL WEATHER ETF ,NASDAQ,ETF,2025-03-06,,Active
ALLY,Ally Financial Inc,NYSE,Stock,2014-04-10,,Active
ALM,Alma Metals Limited,NASDAQ,Stock,2025-07-14,,Active
ALMR,Alamar Biosciences Inc,NASDAQ,Stock,2026-04-17,,Active
ALMS,Alumis Inc,NASDAQ,Stock,2024-06-28,,Active
ALMU,Aeluma Inc,NASDAQ,Stock,2022-11-16,,Active
ALNT,Allient Inc,NASDAQ,Stock,1992-02-25,,Active
ALNY,Alnylam Pharmaceuticals Inc,NASDAQ,Stock,2004-06-01,,Active
ALOR,ALSP Orchid Acquisition Corp I - Class A,NASDAQ,Stock,2022-01-13,,Active
ALORU,ALSP Orchid Acquisition Corp I - Units (1 Ord Class A & 1/2 War),NASDAQ,Stock,2021-11-19,,Active
ALORW,ALSP Orchid Acquisition Corp I - Warrants (30/11/2028),NASDAQ,Stock,2022-01-11,,Active
ALOV,Aldabra 4 Liquidity Opportunity Vehicle Inc,NASDAQ,Stock,2026-03-16,,Active
ALOVU,Aldabra 4 Liquidity Opportunity Vehicle Inc - Units (1 Ord Cls A & 1/3 War),NASDAQ,Stock,2026-01-21,,Active
ALOVW,Aldabra 4 Liquidity Opportunity Vehicle Inc Warrants,NASDAQ,Stock,2026-03-18,,Active
ALOY,REalloys Inc,NASDAQ,Stock,2016-01-21,,Active
ALP,Alpha Compute Corp,NASDAQ,Stock,2020-06-05,,Active
ALPS,Alpine Summit Energy Partners Inc,NASDAQ,Stock,2022-09-28,,Active
ALPX,Alpex Acquisition Corp - Class A,NASDAQ,Stock,2026-07-07,,Active
ALPXR,Alpex Acquisition Corp,NASDAQ,Stock,2026-07-07,,Active
ALPXU,Alpex Acquisition Corp - Units (1 Ord Cls A & 1 Rts),NASDAQ,Stock,2026-06-30,,Active
ALPXW,Alpex Acquisition Corp - Warrants(05/06/2031),NASDAQ,Stock,2026-07-07,,Active
ALRG,ALLSPRING LT LARGE CORE ETF ,NYSE,ETF,2025-07-08,,Active
ALRM,Alarm.com Holdings Inc,NASDAQ,Stock,2015-06-26,,Active
ALRS,Alerus Financial Corp,NASDAQ,Stock,2001-01-02,,Active
ALSN,Allison Transmission Holdings Inc,NYSE,Stock,2012-03-15,,Active
ALT,Altimmune Inc,NASDAQ,Stock,2005-10-06,,Active
ALTG,Alta Equipment Group Inc - Class A,NYSE,Stock,2019-04-25,,Active
ALTG-P-A,Alta Equipment Group Inc,NYSE,Stock,2020-12-31,,Active
ALTI,AlTi Global Inc - Class A,NASDAQ,Stock,2023-01-03,,Active
ALTIW,AlTi Global Inc - Warrants(03/01/2028),NASDAQ,Stock,2023-01-04,,Active
ALTL,PACER LUNT LARGE CAP ALTERNATOR ETF ,NYSE,ETF,2020-06-25,,Active
ALTO,Alto Ingredients Inc,NASDAQ,Stock,2005-03-24,,Active
ALTY,GLOBAL X ALTERNATIVE INCOME ETF ,NASDAQ,ETF,2015-07-14,,Active
ALUB,Alussa Energy Acquisition Corp II Class A,NYSE,Stock,2026-01-06,,Active
ALUB-U,Alussa Energy Acquisition Corp II - Unit (1 Ord Class A & 1/3 War),NYSE,Stock,2025-11-13,,Active
ALUB-WS,Alussa Energy Acquisition Corp II Redeemable Warrants each whole warrant exercisable for one Class A ordinary share at an exercise price of 11.50 per share,NYSE,Stock,2026-01-06,,Active
ALV,Autoliv Inc,NYSE,Stock,1997-04-28,,Active
ALVO,Alvotech,NASDAQ,Stock,2022-06-16,,Active
ALVOW,Alvotech - Warrants(15/06/2027),NASDAQ,Stock,2022-06-16,,Active
ALX,Alexander`s Inc,NYSE,Stock,1984-07-19,,Active
ALXO,Alx Oncology Holdings Inc,NASDAQ,Stock,2020-07-17,,Active
ALZN,Alzamend Neuro Inc,NASDAQ,Stock,2021-06-15,,Active
AM,Antero Midstream Corp,NYSE,Stock,2014-11-05,,Active
AMA,DEFIANCE DAILY TARGET 2X LONG AMAT ETF ,NASDAQ,ETF,2026-05-26,,Active
AMAA,Corgi AMZN 2x Daily ETF,BATS,ETF,2026-06-30,,Active
AMAC,AMR Resources Acquisition Corp - Class A,NASDAQ,Stock,2026-09-08,,Active
AMACU,AMR Resources Acquisition Corp - Units (1 Ord Cls A & 1/2 War),NASDAQ,Stock,2026-07-17,,Active
AMACW,AMR Resources Acquisition Corp - Warrants (26/06/2031),NASDAQ,Stock,2026-09-08,,Active
AMAL,Amalgamated Financial Corp,NASDAQ,Stock,2018-08-07,,Active
AMAN,Amanat Acquisition Corp - Class A,NASDAQ,Stock,2026-05-19,,Active
AMAO,American Acquisition Opportunity Inc - Class A,NASDAQ,Stock,2021-05-05,,Active
AMAOW,American Acquisition Opportunity Inc - Warrants (17/03/2026),NASDAQ,Stock,2021-04-30,,Active
AMAT,Applied Materials Inc,NASDAQ,Stock,1984-09-07,,Active
AMAU,Leverage Shares 2X Long AMAT Daily,BATS,Stock,2026-05-12,,Active
AMAX,ADAPTIVE HEDGED MULTI-ASSET INCOME ETF ,NYSE,ETF,2021-11-15,,Active
AMBA,Ambarella Inc,NASDAQ,Stock,2012-10-10,,Active
AMBO,Ambow Education Holding Ltd,AMEX,Stock,2018-06-01,,Active
AMBP,Ardagh Metal Packaging S.A.,NYSE,Stock,2021-08-05,,Active
AMBP-WS,Ardagh Metal Packaging S.A. Warrants each exercisable for one Share at an exercise price of 11.50 per share,NYSE,Stock,2021-08-05,,Active
AMBQ,Ambiq Micro Inc,NYSE,Stock,2025-07-30,,Active
AMBR,Amber International Holding Limited,NASDAQ,Stock,2025-03-13,,Active
AMC,AMC Entertainment Holdings Inc - Class A,NYSE,Stock,2013-12-18,,Active
AMCI,AMC Robotics Corp,NASDAQ,Stock,2023-01-25,,Active
AMCR,Amcor Plc,NYSE,Stock,2019-06-11,,Active
AMCX,AMC Networks Inc - Class A,NASDAQ,Stock,2011-06-16,,Active
AMD,Advanced Micro Devices Inc,NASDAQ,Stock,1983-03-21,,Active
AMDC,Corgi AMD 2x Daily ETF,BATS,ETF,2026-06-30,,Active
AMDD,T-REX 2X INVERSE AMD DAILY TARGET ETF ,NASDAQ,ETF,2025-02-12,,Active
AMDG,LEVERAGE SHARES 2X LONG AMD DAILY ETF ,NASDAQ,ETF,2025-01-24,,Active
AMDL,GRANITESHARES 2X LONG AMD DAILY ETF ,NASDAQ,ETF,2024-03-18,,Active
AMDU,T-REX 2X LONG AMD DAILY TARGET ETF ,NASDAQ,ETF,2025-08-20,,Active
AMDW,ROUNDHILL AMD WEEKLYPAY ETF ,BATS,ETF,2025-07-24,,Active
AMDY,YIELDMAX(R) AMD OPTION INCOME STRATEGY ETF ,NYSE,ETF,2023-09-19,,Active
AME,Ametek Inc,NYSE,Stock,1984-07-19,,Active
AMEH,,NASDAQ,Stock,2024-02-26,,Active
AMG,Affiliated Managers Group Inc,NYSE,Stock,1997-11-21,,Active
AMGN,AMGEN Inc,NASDAQ,Stock,1984-09-07,,Active
AMH,American Homes 4 Rent - Class A,NYSE,Stock,2013-08-01,,Active
AMH-P-G,American Homes 4 Rent,NYSE,Stock,2017-07-11,,Active
AMH-P-H,American Homes 4 Rent,NYSE,Stock,2018-09-13,,Active
AMHI,American Beacon Aberdeen Municipal High Income ETF,NYSE ARCA,ETF,2026-06-30,,Active
AMID,ARGENT MID CAP ETF ,NASDAQ,ETF,2022-08-17,,Active
AMIX,Autonomix Medical Inc,NASDAQ,Stock,2024-01-29,,Active
AMJB,JPMorgan Chase & Company,NYSE,Stock,2024-01-26,,Active
AMKL,DEFIANCE DAILY TARGET 2X LONG AMKR ETF ,BATS,Stock,2026-05-05,,Active
AMKR,AMKOR Technology Inc,NASDAQ,Stock,1998-05-01,,Active
AMKX,Corgi AMKR 2x Daily ETF,BATS,ETF,2026-07-07,,Active
AMLP,ALERIAN MLP ETF ,NYSE,ETF,2010-08-25,,Active
AMLX,Amylyx Pharmaceuticals Inc,NASDAQ,Stock,2022-01-07,,Active
AMMO,VistaShares Defense Supercycle ETF,NYSE ARCA,ETF,2026-07-16,,Active
AMN,AMN Healthcare Services Inc,NYSE,Stock,2001-11-13,,Active
AMOD,Alpha Modus Holdings Inc - Class A,NASDAQ,Stock,2021-10-26,,Active
AMODW,Alpha Modus Holdings Inc - Warrants(13/12/2029),NASDAQ,Stock,2021-10-25,,Active
AMOM,QRAFT AI-ENHANCED U.S. LARGE CAP MOMENTUM ETF ,NYSE,ETF,2019-05-21,,Active
AMP,Ameriprise Financial Inc,NYSE,Stock,2005-09-15,,Active
AMPG,Amplitech Group Inc,NASDAQ,Stock,1995-03-20,,Active
AMPGR,Amplitech Group Inc Series A Right,NASDAQ,Stock,2026-02-03,,Active
AMPGW,Amplitech Group Inc - Warrants (26/02/2026),NASDAQ,Stock,2021-02-17,,Active
AMPGZ,Amplitech Group Inc Series B Right,NASDAQ,Stock,2026-02-03,,Active
AMPH,Amphastar Pharmaceuticals Inc,NASDAQ,Stock,2014-06-25,,Active
AMPL,Amplitude Inc - Class A,NASDAQ,Stock,2021-09-28,,Active
AMPU,Defiance Daily Target 2X Long AMPX,BATS,Stock,2026-05-06,,Active
AMPX,Amprius Technologies Inc,NYSE,Stock,2022-09-15,,Active
AMPX-WS,Amprius Technologies Inc - Warrants Cl 1 (01/01/9999),NYSE,Stock,2023-02-21,,Active
AMPY,Amplify Energy Corp,NYSE,Stock,2012-04-20,,Active
AMR,Alpha Metallurgical Resources Inc,NYSE,Stock,2016-08-18,,Active
AMRC,Ameresco Inc - Class A,NYSE,Stock,2010-07-22,,Active
AMRN,Amarin Corp,NASDAQ,Stock,1993-04-05,,Active
AMRS,,NASDAQ,Stock,2023-08-18,,Active
AMRX,Amneal Pharmaceuticals Inc - Class A,NASDAQ,Stock,2009-01-15,,Active
AMRZ,Amrize Ltd,NYSE,Stock,2025-06-23,,Active
AMS,American Shared Hospital Services,AMEX,Stock,1984-09-07,,Active
AMSC,American Superconductor Corp,NASDAQ,Stock,1991-12-12,,Active
AMSF,Amerisafe Inc,NASDAQ,Stock,2005-11-18,,Active
AMSS,GRANITESHARES 2X SHORT AMD DAILY ETF ,NASDAQ,Stock,2026-05-20,,Active
AMST,Amesite Inc,NASDAQ,Stock,2020-09-25,,Active
AMT,American Tower Corp,NYSE,Stock,1998-02-27,,Active
AMTB,Amerant Bancorp Inc - Class A,NYSE,Stock,2018-08-29,,Active
AMTD,AMTD IDEA Group,NYSE,Stock,2019-08-05,,Active
AMTM,Amentum Holdings Inc,NYSE,Stock,2024-09-24,,Active
AMTM-W,Amentum Holdings Inc WhenIssued,NYSE,Stock,2024-09-24,,Active
AMTX,Aemetis Inc,NASDAQ,Stock,2014-05-15,,Active
AMUB,UBS AG London Branch,NYSE,ETF,2015-10-09,,Active
AMUN,abrdn Ultra Short Municipal Income Active ETF,NASDAQ,ETF,2025-10-20,,Active
AMUU,DIREXION DAILY AMD BULL 2X SHARES ,NASDAQ,ETF,2025-02-12,,Active
AMWL,American Well Corporation - Class A,NYSE,Stock,2020-09-17,,Active
AMX,America Movil S.A.B.DE C.V.,NYSE,Stock,2001-02-08,,Active
AMYY,GRANITESHARES YIELDBOOST AMD ETF ,NASDAQ,ETF,2025-09-16,,Active
AMZA,INFRACAP MLP ETF ,NYSE,ETF,2014-10-02,,Active
AMZD,DIREXION DAILY AMZN BEAR 1X SHARES ,NASDAQ,ETF,2022-09-07,,Active
AMZE,Amaze Holdings Inc,NYSE MKT,Stock,2021-12-14,,Active
AMZG,Leverage Shares 2X Long AMZN Daily ETF,BATS,ETF,2026-07-07,,Active
AMZN,Amazon.com Inc,NASDAQ,Stock,1997-05-15,,Active
AMZO,Tradr 2X Short AMZN Daily,BATS,Stock,2026-03-24,,Active
AMZP,Kurv Yield Premium Strategy Amazon (AMZN) ETF,BATS,ETF,2023-11-06,,Active
AMZU,DIREXION DAILY AMZN BULL 2X SHARES ,NASDAQ,ETF,2022-09-07,,Active
AMZW,ROUNDHILL AMZN WEEKLYPAY ETF ,BATS,ETF,2025-06-18,,Active
AMZY,YIELDMAX(R) AMZN OPTION INCOME STRATEGY ETF ,NYSE,ETF,2023-07-25,,Active
AMZZ,GRANITESHARES 2X LONG AMZN DAILY ETF ,NASDAQ,ETF,2024-03-18,,Active
AN,Autonation Inc,NYSE,Stock,1992-03-03,,Active
ANAB,AnaptysBio Inc,NASDAQ,Stock,2017-01-26,,Active
ANABV,AnaptysBio Inc,NASDAQ,Stock,2026-04-06,,Active
ANDE,Andersons Inc,NASDAQ,Stock,1996-02-20,,Active
ANDG,Andersen Group Inc - Class A,NYSE,Stock,2025-12-17,,Active
ANEL,DEFIANCE DAILY TARGET 2X LONG ANET ETF ,NASDAQ,ETF,2025-09-04,,Active
ANET,Arista Networks Inc,NYSE,Stock,2014-06-06,,Active
ANEW,PROSHARES MSCI TRANSFORMATIONAL CHANGES ETF ,NYSE,ETF,2020-10-16,,Active
ANF,Abercrombie & Fitch Co. - Class A,NYSE,Stock,1996-09-26,,Active
ANG-P-D,American National Group Inc,NYSE,Stock,2025-01-10,,Active
ANGH,Anghami Inc,NASDAQ,Stock,2022-02-03,,Active
ANGHW,Anghami Inc - Warrants (28/01/2027),NASDAQ,Stock,2020-08-21,,Active
ANGI,Angi Inc - Class A,NASDAQ,Stock,2011-11-17,,Active
ANGIV,Angi Inc,NASDAQ,Stock,2025-03-25,,Active
ANGL,VANECK FALLEN ANGEL HIGH YIELD BOND ETF ,NASDAQ,ETF,2012-04-11,,Active
ANGO,Angiodynamic Inc,NASDAQ,Stock,2004-06-01,,Active
ANGU,SEI Ang Research Enhanced U.S. Large Cap ETF,NASDAQ,ETF,2026-08-06,,Active
ANGX,Angel Studios Inc - Class A,NYSE,Stock,2022-01-31,,Active
ANIK,Anika Therapeutics Inc,NASDAQ,Stock,1993-05-04,,Active
ANIP,ANI Pharmaceuticals Inc,NASDAQ,Stock,2000-05-05,,Active
ANIX,Anixa Biosciences Inc,NASDAQ,Stock,2001-01-02,,Active
ANL,Adlai Nortye Ltd,NASDAQ,Stock,2023-09-29,,Active
ANNA,AleAnna Inc - Class A,NASDAQ,Stock,2022-02-22,,Active
ANNAW,AleAnna Inc - Warrants (13/12/2029),NASDAQ,Stock,2022-02-14,,Active
ANNX,Annexon Inc,NASDAQ,Stock,2020-07-24,,Active
ANPA,Rich Sparkle Holdings Ltd,NASDAQ,Stock,2025-07-08,,Active
ANRO,Alto Neuroscience Inc,NYSE,Stock,2024-02-02,,Active
ANSS,Ansys Inc,NASDAQ,Stock,1996-06-21,,Active
ANTA,Antalpha Platform Holding Company,NASDAQ,Stock,2025-05-13,,Active
ANTE,AirNet Technology Inc,NASDAQ,Stock,2007-11-07,,Active
ANTW,Anthropic AI Lab Ecosystem ETF,NYSE ARCA,ETF,2026-08-13,,Active
ANTX,AN2 Therapeutics Inc,NASDAQ,Stock,2022-03-25,,Active
ANV,Allied Nevada Gold Corp,NASDAQ,Stock,2007-05-10,,Active
ANVS,Annovis Bio Inc,NYSE,Stock,2020-01-29,,Active
ANY,Sphere 3D Corp,NASDAQ,Stock,2008-06-24,,Active
AOA,ISHARES CORE 80/20 AGGRESSIVE ALLOCATION ETF ,NYSE,ETF,2008-11-11,,Active
AOCT,Innovator Equity Defined Protection ETF - 2 Yr to October 2026,BATS,ETF,2024-10-01,,Active
AOD,abrdn Total Dynamic Dividend Fund,NYSE,ETF,2007-01-26,,Active
AOHY,ANGEL OAK HIGH YIELD OPPORTUNITIES ETF ,NASDAQ,ETF,2024-02-20,,Active
AOK,ISHARES CORE 30/70 CONSERVATIVE ALLOCATION ETF ,NYSE,ETF,2008-11-10,,Active
AOM,ISHARES CORE 40/60 MODERATE ALLOCATION ETF ,NYSE,ETF,2008-11-11,,Active
AOMD,Angel Oak Mortgage REIT Inc,NYSE,Stock,2025-05-27,,Active
AOMN,Angel Oak Mortgage REIT Inc,NYSE,Stock,2024-08-01,,Active
AOMR,Angel Oak Mortgage REIT Inc,NYSE,Stock,2021-06-17,,Active
AON,Aon plc. - Class A,NYSE,Stock,1984-09-07,,Active
AOR,ISHARES CORE 60/40 BALANCED ALLOCATION ETF ,NYSE,ETF,2008-11-11,,Active
AORT,Artivion Inc,NYSE,Stock,1993-02-12,,Active
AOS,A.O. Smith Corp,NYSE,Stock,1984-09-07,,Active
AOSL,Alpha & Omega Semiconductor Ltd,NASDAQ,Stock,2010-04-29,,Active
AOTG,AOT GROWTH AND INNOVATION ETF ,NASDAQ,ETF,2022-06-29,,Active
AOTS,AOT SOFTWARE PLATFORM ETF ,NYSE,ETF,2025-12-23,,Active
AOUT,American Outdoor Brands Inc,NASDAQ,Stock,2020-08-21,,Active
AP,Ampco-Pittsburgh Corp,NYSE,Stock,1984-07-19,,Active
AP-WS,Ampco-Pittsburgh Corp - Warrants (01/08/2025),NYSE MKT,Stock,2020-09-24,,Active
APA,APA Corporation,NASDAQ,Stock,1979-05-15,,Active
APAC,StoneBridge Acquisition II Corp - Class A,NASDAQ,Stock,2025-11-21,,Active
APACR,StoneBridge Acquisition II Corp,NASDAQ,Stock,2025-11-21,,Active
APACU,StoneBridge Acquisition II Corp - Units (1 Ord Cls A & 1 Rts),NASDAQ,Stock,2025-09-30,,Active
APAD,Enhanced Group Inc - Class A,NYSE,Stock,2025-08-27,,Active
APADR,Enhanced Group Inc,NASDAQ,Stock,2025-08-27,,Active
APADU,A Paradise Acquisition Corp Unit,NASDAQ,Stock,2025-07-30,,Active
APAM,Artisan Partners Asset Management Inc - Class A,NYSE,Stock,2013-03-07,,Active
APC,ARKO Petroleum Corp - Class A,NASDAQ,Stock,2026-02-12,,Active
APCB,ACTIVEPASSIVE CORE BOND ETF ,NYSE,ETF,2023-05-03,,Active
APD,Air Products & Chemicals Inc,NYSE,Stock,1983-04-06,,Active
APDB,Aptus April Deep Buffer,BATS,Stock,2026-05-06,,Active
APED,STKd 100 MSTR & 100 COIN ETF,NASDAQ,ETF,2025-03-06,,Active
APEI,American Public Education Inc,NASDAQ,Stock,2007-11-09,,Active
APG,APi Group Corporation,NYSE,Stock,2020-04-29,,Active
APGB,Apollo Strategic Growth Capital II - Class A,NYSE,Stock,2021-04-05,,Active
APGB-U,Apollo Strategic Growth Capital II - Units (1 Ord Share Class A & 1/5 War),NYSE,Stock,2021-02-10,,Active
APGB-WS,Apollo Strategic Growth Capital II - Warrants (12/02/2028),NYSE,Stock,2021-04-06,,Active
APGE,Apogee Therapeutics Inc,NASDAQ,Stock,2023-07-14,,Active
APH,Amphenol Corp - Class A,NYSE,Stock,1991-11-08,,Active
APHG,Leverage Shares 2X Long APH Daily ETF,BATS,ETF,2026-06-16,,Active
APHU,T-REX 2X LONG APH DAILY TARGET ETF ,BATS,Stock,2026-02-18,,Active
API,Agora Inc,NASDAQ,Stock,2020-06-26,,Active
APIE,ACTIVEPASSIVE INTERNATIONAL EQUITY ETF ,NYSE,ETF,2023-05-03,,Active
APLD,Applied Digital Corporation,NASDAQ,Stock,2008-10-22,,Active
APLE,Apple Hospitality REIT Inc,NYSE,Stock,2015-05-18,,Active
APLM,Apollomics Inc - Class A,NASDAQ,Stock,2021-11-26,,Active
APLMW,Apollomics Inc - Warrants (01/04/2028),NASDAQ,Stock,2021-11-26,,Active
APLU,ALLSPRING CORE PLUS ETF ,NYSE,ETF,2024-12-05,,Active
APLX,TRADR 2X LONG APLD DAILY ETF ,BATS,ETF,2025-09-09,,Active
APLY,YIELDMAX(R) AAPL OPTION INCOME STRATEGY ETF ,NYSE,ETF,2023-04-18,,Active
APLZ,Tradr 2X Short APLD Daily ETF,BATS,ETF,2026-01-22,,Active
APMC,Ampercap Acquisition Company,NASDAQ,Stock,2026-06-30,,Active
APMCR,Ampercap Acquisition Company,NASDAQ,Stock,2026-06-30,,Active
APMCU,Ampercap Acquisition Co - Units (1 Ord Cls & 1 Rts),NASDAQ,Stock,2026-06-03,,Active
APMD,Apnimed Inc,NASDAQ,Stock,2026-07-31,,Active
APMI,Corgi AMAT 2x Daily ETF,BATS,ETF,2026-07-07,,Active
APMIU,AxonPrime Infrastructure Acquisition Corp - Units (1 Ord Share Class A & 1/3 War),NASDAQ,Stock,2021-08-13,,Active
APMU,ACTIVEPASSIVE INTERMEDIATE MUNICIPAL BOND ETF ,NYSE,ETF,2023-05-03,,Active
APO,Apollo Global Management Inc,NYSE,Stock,2011-03-30,,Active
APOC,Innovator Equity Defined Protection ETF - 6mo Apr/Oct,BATS,ETF,2024-10-01,,Active
APOG,Apogee Enterprises Inc,NASDAQ,Stock,1973-05-03,,Active
APOS,Apollo Global Management Inc,NYSE,Stock,2023-08-29,,Active
APP,Applovin Corp - Class A,NASDAQ,Stock,2021-04-15,,Active
APPC,Corgi APP 2x Daily ETF,BATS,ETF,2026-06-30,,Active
APPF,Appfolio Inc - Class A,NASDAQ,Stock,2015-06-26,,Active
APPN,Appian Corp - Class A,NASDAQ,Stock,2017-05-25,,Active
APPS,Digital Turbine Inc,NASDAQ,Stock,2006-06-30,,Active
APPX,TRADR 2X LONG APP DAILY ETF ,NASDAQ,ETF,2025-04-25,,Active
APRB,APTUS APRIL BUFFER ETF ,BATS,ETF,2025-10-14,,Active
APRD,Innovator Premium Income 10 Barrier ETF - April,BATS,ETF,2023-04-03,,Active
APRE,Aprea Therapeutics Inc,NASDAQ,Stock,2019-10-03,,Active
APRH,Innovator Premium Income 20 Barrier ETF - April,BATS,ETF,2023-04-03,,Active
APRJ,Innovator Premium Income 30 Barrier ETF - April,BATS,ETF,2023-04-03,,Active
APRN,Blue Apron Holdings Inc - Class A,NASDAQ,Stock,2017-06-29,,Active
APRP,PGIM S&P 500 BUFFER 12 ETF - APRIL ,BATS,ETF,2024-04-01,,Active
APRQ,Innovator Premium Income 40 Barrier ETF - April,BATS,ETF,2023-04-03,,Active
APRT,ALLIANZIM U.S. EQUITY BUFFER10 APR ETF ,NYSE ARCA,ETF,2020-06-01,,Active
APRW,ALLIANZIM U.S. EQUITY BUFFER20 APR ETF ,NYSE ARCA,ETF,2020-06-01,,Active
APRZ,TRUESHARES STRUCTURED OUTCOME (APRIL) ETF ,BATS,ETF,2021-04-01,,Active
APT,Alpha Pro Tech Ltd,AMEX,Stock,1999-02-16,,Active
APTV,Aptiv PLC,NYSE,Stock,2011-11-17,,Active
APTV-W,Aptiv PLC WhenIssued,NYSE,Stock,2026-03-27,,Active
APUE,ACTIVEPASSIVE U.S. EQUITY ETF ,NYSE,ETF,2023-05-03,,Active
APUR,Aperture AC - Class A,NASDAQ,Stock,2026-06-10,,Active
APURR,Aperture AC,NASDAQ,Stock,2026-06-10,,Active
APURU,Aperture AC - Units (1 Ord Cls A & 1 Rts),NASDAQ,Stock,2026-05-21,,Active
APUS,Apimeds Pharmaceuticals US Inc,NYSE MKT,Stock,2025-05-09,,Active
APVO,Aptevo Therapeutics Inc,NASDAQ,Stock,2016-07-20,,Active
APWC,Asia Pacific Wire & Cable,NASDAQ,Stock,2003-07-15,,Active
APXM,FT VEST U.S. EQUITY MAX BUFFER ETF - APRIL ,BATS,ETF,2025-04-21,,Active
APXT,Apex Treasury Corp - Class A,NASDAQ,Stock,2025-11-17,,Active
APXTU,Apex Treasury Corp - Units (1 Ord Cls A & 1/2 War),NASDAQ,Stock,2025-10-28,,Active
APXTW,Apex Treasury Corp - Warrants (07/10/2030),NASDAQ,Stock,2025-11-17,,Active
APYX,Apyx Medical Corp,NASDAQ,Stock,2019-01-02,,Active
AQB,AquaBounty Technologies Inc,NASDAQ,Stock,2017-01-11,,Active
AQEC,AQE CORE ETF ,BATS,ETF,2025-11-18,,Active
AQLG,HCM Large Cap Growth ETF,NASDAQ,Stock,2026-06-08,,Active
AQLT,ISHARES MSCI GLOBAL QUALITY FACTOR ETF ,BATS,ETF,2024-12-12,,Active
AQMS,Aqua Metals Inc,NASDAQ,Stock,2015-07-31,,Active
AQN,Algonquin Power & Utilities Corp,NYSE,Stock,2009-11-10,,Active
AQNA,Algonquin Power & Utilities Corp,NYSE,Stock,2018-10-23,,Active
AQNB,Algonquin Power & Utilities Corp,NYSE,Stock,2019-05-28,,Active
AQST,Aquestive Therapeutics Inc,NASDAQ,Stock,2018-07-25,,Active
AQWA,GLOBAL X CLEAN WATER ETF ,NASDAQ,ETF,2021-04-12,,Active
AR,Antero Resources Corp,NYSE,Stock,2013-10-10,,Active
ARAI,Arrive AI Inc,NASDAQ,Stock,2025-05-15,,Active
ARAY,Accuray Inc,NASDAQ,Stock,2007-02-08,,Active
ARB,ALTSHARES MERGER ARBITRAGE ETF ,NYSE,ETF,2020-05-07,,Active
ARBB,ARB IOT Group Ltd,NASDAQ,Stock,2023-04-05,,Active
ARBE,Arbe Robotics Ltd,NASDAQ,Stock,2021-10-08,,Active
ARBEW,Arbe Robotics Ltd - Warrants (07/10/2026),NASDAQ,Stock,2021-10-08,,Active
ARBGU,Aequi Acquisition Corp - Units (1 Ord Share Class A & 1/3 War),NASDAQ,Stock,2020-11-20,,Active
ARBK,Argo Blockchain Plc,NASDAQ,Stock,2021-09-23,,Active
ARBKL,Argo Blockchain Plc,NASDAQ,Stock,2021-11-18,,Active
ARCB,ArcBest Corp,NASDAQ,Stock,1992-05-13,,Active
ARCC,Ares Capital Corp,NASDAQ,Stock,2004-10-05,,Active
ARCI,Archimedes Tech SPAC Partners III Co.,NASDAQ,Stock,2026-05-28,,Active
ARCIU,Archimedes Tech SPAC Partners III Co. - Units (1 Ord Shs & 1/4 War),NASDAQ,Stock,2026-01-23,,Active
ARCIW,Archimedes Tech SPAC Partners III Co. Warrant,NASDAQ,Stock,2026-03-16,,Active
ARCK,Arbor Rapha Capital Bioholdings Corp I - Class A,NASDAQ,Stock,2021-12-20,,Active
ARCKU,Arbor Rapha Capital Bioholdings Corp I - Units (1 Ord Share Class A & 1/3 War),NASDAQ,Stock,2021-10-29,,Active
ARCKW,Arbor Rapha Capital Bioholdings Corp I - Warrants (31/10/2028),NASDAQ,Stock,2021-12-20,,Active
ARCL,ARC Group Acquisition I Corp - Class A,NASDAQ,Stock,2026-05-29,,Active
ARCLR,ARC Group Acquisition I Corp,NASDAQ,Stock,2026-05-29,,Active
ARCLU,ARC Group Acquisition I Corp - Units (1 Ord Cls A & 1/2 War),NASDAQ,Stock,2026-04-30,,Active
ARCLW,ARC Group Acquisition I Corp - Warrants (01/04/2031),NASDAQ,Stock,2026-05-29,,Active
ARCM,ARROW RESERVE CAPITAL MANAGEMENT ETF ,BATS,ETF,2017-03-31,,Active
ARCO,Arcos Dorados Holdings Inc - Class A,NYSE,Stock,2011-04-14,,Active
ARCP,Aristotle Core Plus Income ETF,NYSE ARCA,ETF,2026-07-30,,Active
ARCT,Arcturus Therapeutics Holdings Inc,NASDAQ,Stock,2013-05-22,,Active
ARCX,TRADR 2X LONG ACHR DAILY ETF ,BATS,ETF,2013-11-06,,Active
ARDC,Ares Dynamic Credit Allocation Fund Inc,NYSE,ETF,2012-11-28,,Active
ARDT,Ardent Health Partners Inc,NYSE,Stock,2024-07-18,,Active
ARDX,Ardelyx Inc,NASDAQ,Stock,2014-06-19,,Active
ARE,Alexandria Real Estate Equities Inc,NYSE,Stock,1997-05-28,,Active
AREC,American Resources Corporation - Class A,NASDAQ,Stock,2017-12-29,,Active
AREN,Paradium.AI Inc,NYSE MKT,Stock,2007-07-13,,Active
ARES,Ares Management Corp - Class A,NYSE,Stock,2014-05-02,,Active
ARES-P-B,Ares Management Corp,NYSE,Stock,2024-10-09,,Active
ARGO,Argo Group International Holdings Ltd,NYSE,Stock,2007-08-07,,Active
ARGT,GLOBAL X MSCI ARGENTINA ETF ,NYSE,ETF,2011-03-03,,Active
ARGU,Argus Capital Corp - Class A,NASDAQ,Stock,2021-11-15,,Active
ARGUU,Argus Capital Corp - Units (1 Ord Share Class A & 1/2 War),NASDAQ,Stock,2021-09-22,,Active
ARGUW,Argus Capital Corp - Warrants (31/08/2028),NASDAQ,Stock,2021-11-12,,Active
ARGX,Argen X SE,NASDAQ,Stock,2017-05-18,,Active
ARHS,Arhaus Inc Class A,NASDAQ,Stock,2021-11-04,,Active
ARI,Apollo Commercial Real Estate Finance Inc,NYSE,Stock,2009-09-24,,Active
ARIA,ARIA Opportunities ETF,NYSE ARCA,ETF,2026-08-10,,Active
ARIS,Aris Mining Corp,NYSE,Stock,2007-08-10,,Active
ARKB,ARK 21Shares Bitcoin ETF,BATS,ETF,2024-01-11,,Active
ARKD,ARK DIET Q1 BUFFER ETF ,BATS,ETF,2023-11-15,,Active
ARKE,ARK DIET Q3 Buffer ETF,BATS,ETF,2026-07-01,,Active
ARKF,ARK BLOCKCHAIN & FINTECH INNOVATION ETF ,BATS,ETF,2019-02-04,,Active
ARKG,ARK GENOMIC REVOLUTION ETF ,BATS,ETF,2014-10-31,,Active
ARKI,ARK DIET Q2 BUFFER ETF ,BATS,ETF,2026-04-01,,Active
ARKK,ARK INNOVATION ETF ,BATS,ETF,2014-10-31,,Active
ARKO,ARKO Corp - Class A,NASDAQ,Stock,2017-11-17,,Active
ARKQ,ARK AUTONOMOUS TECHNOLOGY & ROBOTICS ETF ,BATS,ETF,2014-09-30,,Active
ARKR,Ark Restaurants Corp,NASDAQ,Stock,1985-12-13,,Active
ARKT,ARK DIET Q4 BUFFER ETF ,BATS,ETF,2025-10-01,,Active
ARKW,ARK Next Generation Technology ETF,BATS,ETF,2014-09-30,,Active
ARKX,ARK SPACE & DEFENSE INNOVATION ETF ,BATS,ETF,2021-03-30,,Active
ARKY,ARK Active Autocallable Income ETF,BATS,ETF,2026-08-19,,Active
ARL,American Realty Investors Inc,NYSE,Stock,1984-09-07,,Active
ARLI,AllianzIM International Equity Buffer15 Uncapped Apr,BATS,Stock,2026-04-01,,Active
ARLO,Arlo Technologies Inc,NYSE,Stock,2018-08-03,,Active
ARLP,Alliance Resource Partners LP,NASDAQ,Stock,1999-08-17,,Active
ARLU,ALLIANZIM U.S. EQUITY BUFFER15 UNCAPPED APR ETF ,BATS,ETF,2024-04-01,,Active
ARM,Arm Holdings plc.,NASDAQ,Stock,2023-09-14,,Active
ARMA,Corgi ARM 2x Daily ETF,BATS,ETF,2026-06-30,,Active
ARMG,LEVERAGE SHARES 2X LONG ARM DAILY ETF ,NASDAQ,ETF,2025-01-14,,Active
ARMK,Aramark,NYSE,Stock,2013-12-12,,Active
ARMK-W,Aramark WhenIssued,NYSE,Stock,2023-09-27,,Active
ARMP,Armata Pharmaceuticals Inc,AMEX,Stock,2011-03-09,,Active
ARMS,Aristotle Multi-Sector Income ETF,NYSE ARCA,ETF,2026-07-30,,Active
ARMU,T-REX 2X LONG ARM DAILY TARGET ETF ,BATS,ETF,2025-03-04,,Active
ARMW,ROUNDHILL ARM WEEKLYPAY ETF ,BATS,ETF,2025-10-23,,Active
ARMY,Tema International Defense ETF,NASDAQ,ETF,2026-03-31,,Active
AROC,Archrock Inc,NYSE,Stock,2015-11-04,,Active
AROW,Arrow Financial Corp,NASDAQ,Stock,1984-09-07,,Active
ARP,PMV ADAPTIVE RISK PARITY ETF ,NYSE,ETF,2022-12-22,,Active
ARQ,Arq Inc,NASDAQ,Stock,2004-01-23,,Active
ARQQ,Arqit Quantum Inc,NASDAQ,Stock,2021-09-07,,Active
ARQQW,Arqit Quantum Inc - Warrants (03/09/2026),NASDAQ,Stock,2021-04-06,,Active
ARQT,Arcutis Biotherapeutics Inc,NASDAQ,Stock,2020-01-31,,Active
ARR,ARMOUR Residential REIT Inc,NYSE,Stock,2007-12-03,,Active
ARR-P-C,ARMOUR Residential REIT Inc,NYSE,Stock,2020-01-24,,Active
ARRY,Array Technologies Inc,NASDAQ,Stock,2020-10-15,,Active
ARTC,ArthroCare Corp,NASDAQ,Stock,1996-02-05,,Active
ARTCU,Art Technology Acquisition Corp - Units (1 Ord Cls A & 1/4 War),NASDAQ,Stock,2026-01-06,,Active
ARTCW,Art Technology Acquisition Corp Warrants,NASDAQ,Stock,2026-02-27,,Active
ARTE,Artemis Strategic Investment Corp - Class A,NASDAQ,Stock,2021-11-23,,Active
ARTEU,Artemis Strategic Investment Corp - Units (1 Ord Share Class A & 1/2 War),NASDAQ,Stock,2021-09-30,,Active
ARTL,Artelo Biosciences Inc,NASDAQ,Stock,2017-11-14,,Active
ARTNA,Artesian Resources Corp - Class A,NASDAQ,Stock,1996-05-24,,Active
ARTV,Artiva Biotherapeutics Inc,NASDAQ,Stock,2024-07-19,,Active
ARTW,Art`s-way Manufacturing Co. Inc,NASDAQ,Stock,1984-09-07,,Active
ARTY,ISHARES FUTURE AI & TECH ETF ,NYSE,ETF,2018-06-28,,Active
ARVN,Arvinas Inc,NASDAQ,Stock,2018-09-27,,Active
ARVR,FIRST TRUST INDXX METAVERSE ETF ,NASDAQ,ETF,2022-04-20,,Active
ARW,Arrow Electronics Inc,NYSE,Stock,1984-07-19,,Active
ARWG,Archer Growth ETF,BATS,ETF,2025-12-30,,Active
ARWR,Arrowhead Pharmaceuticals Inc,NASDAQ,Stock,1997-01-06,,Active
ARX,Accelerant Holdings - Class A,NYSE,Stock,2025-07-24,,Active
ARXS,Arxis Inc - Class A,NASDAQ,Stock,2026-04-16,,Active
AS,Amer Sports Inc,NYSE,Stock,2024-02-01,,Active
ASA,ASA Gold and Precious Metals Ltd,NYSE,ETF,1978-01-03,,Active
ASAN,Asana Inc - Class A,NYSE,Stock,2020-09-30,,Active
ASB,Associated Banc-Corp,NYSE,Stock,1984-09-07,,Active
ASB-P-E,Associated Banc-Corp,NYSE,Stock,2018-09-20,,Active
ASB-P-F,Associated Banc-Corp,NYSE,Stock,2020-06-10,,Active
ASBA,Associated Banc-Corp,NYSE,Stock,2023-03-03,,Active
ASBP,Aspire Biopharma Holdings Inc,NASDAQ,Stock,2022-04-11,,Active
ASBPW,Aspire Biopharma Holdings Inc - Warrants (18/02/2030),NASDAQ,Stock,2022-04-11,,Active
ASC,Ardmore Shipping Corp,NYSE,Stock,2013-08-01,,Active
ASCE,ALLSPRING SMID CORE ETF ,NYSE,ETF,2025-07-08,,Active
ASCI,abrdn International Small Cap Active ETF,NASDAQ,ETF,2025-10-20,,Active
ASEA,GLOBAL X FTSE SOUTHEAST ASIA ETF ,NYSE,ETF,2011-02-17,,Active
ASEC,AMERICAN CENTURY SECURITIZED CREDIT ETF ,NASDAQ,Stock,2026-05-28,,Active
ASET,FlexShares Real Assets Allocation Index Fund,NASDAQ,ETF,2015-11-24,,Active
ASG,Liberty All-Star Growth Fund Inc,NYSE,ETF,1987-11-05,,Active
ASGI,abrdn Global Infrastructure Income Fund,NYSE,Stock,2020-07-29,,Active
ASGM,Virtus ETF Trust II AlphaSimplex Global Macro,NYSE,ETF,2025-08-05,,Active
ASH,Ashland Inc,NYSE,Stock,1983-04-06,,Active
ASHR,XTRACKERS HARVEST CSI 300 CHINA A-SHARES ETF ,NYSE,ETF,2013-11-06,,Active
ASHS,XTRACKERS HARVEST CSI 500 CHINA A-SHARES SMALL CAP ETF ,NYSE,ETF,2014-05-21,,Active
ASIA,MATTHEWS PACIFIC TIGER ACTIVE ETF ,NYSE,ETF,2023-09-22,,Active
ASIC,Ategrity Specialty Holdings LLC,NYSE,Stock,2025-06-11,,Active
ASIX,AdvanSix Inc,NYSE,Stock,2016-10-03,,Active
ASLE,AerSale Corp,NASDAQ,Stock,2019-02-28,,Active
ASLV,ALLSPRING SPECIAL LARGE VALUE ETF ,NYSE,ETF,2025-03-27,,Active
ASM,Avino Silver & Gold Mines Ltd,AMEX,Stock,2005-11-21,,Active
ASMB,Assembly Biosciences Inc,NASDAQ,Stock,2010-12-17,,Active
ASMF,Virtus AlphaSimplex Managed Futures ETF,NYSE,ETF,2024-05-16,,Active
ASMG,LEVERAGE SHARES 2X LONG ASML DAILY ETF ,NASDAQ,ETF,2025-01-14,,Active
ASMH,ASML HOLDING NV ADRHEDGED(TM) ,NYSE,ETF,2025-04-23,,Active
ASML,ASML Holding NV,NASDAQ,Stock,1995-03-16,,Active
ASMU,Direxion Daily ASML Bull 2X ETF,NASDAQ,ETF,2026-02-11,,Active
ASMZ,Corgi ASML 2x Daily ETF,BATS,ETF,2026-06-30,,Active
ASND,Ascendis Pharma A/S,NASDAQ,Stock,2015-01-28,,Active
ASO,Academy Sports and Outdoors Inc,NASDAQ,Stock,2020-10-02,,Active
ASPC,A SPAC III Acquisition Corp - Class A,NASDAQ,Stock,2025-01-03,,Active
ASPCR,A SPAC III Acquisition Corp,NASDAQ,Stock,2025-01-03,,Active
ASPCU,A SPAC III Acquisition Corp - Units (1 Ord Cls A & 1 Rts),NASDAQ,Stock,2024-11-08,,Active
ASPI,ASP Isotopes Inc,NASDAQ,Stock,2022-11-10,,Active
ASPN,Aspen Aerogels Inc,NYSE,Stock,2014-06-13,,Active
ASPS,Altisource Portfolio Solutions S.A.,NASDAQ,Stock,2009-08-06,,Active
ASPSW,Altisource Portfolio Solutions S.A. Net Settle Stakeholder Warrants,NASDAQ,Stock,2025-05-07,,Active
ASPSZ,Altisource Portfolio Solutions S.A. Cash Exercise Stakeholder Warrants,NASDAQ,Stock,2025-05-07,,Active
ASPY,ASYMmetric Smart S&P 500 ETF,NYSE ARCA,ETF,2021-03-10,,Active
ASR,Grupo Aeroportuario Del Sureste S.A.,NYSE,Stock,2000-09-28,,Active
ASRV,Ameriserv Financial Inc,NASDAQ,Stock,1990-03-27,,Active
ASST,Asset Entities Inc - Class B,NASDAQ,Stock,2023-02-03,,Active
ASTC,Astrotech Corp,NASDAQ,Stock,1995-12-21,,Active
ASTE,Astec Industries Inc,NASDAQ,Stock,1986-06-19,,Active
ASTH,Apollo Medical Holdings Inc,NASDAQ,Stock,2011-02-23,,Active
ASTI,Ascent Solar Technologies Inc,NASDAQ,Stock,2006-07-25,,Active
ASTL,Algoma Steel Group Inc,NASDAQ,Stock,2021-10-20,,Active
ASTLW,Algoma Steel Group Inc - Warrants (19/10/2026),NASDAQ,Stock,2021-10-20,,Active
ASTN,DEFIANCE DAILY TARGET 2X SHORT ASTS ETF ,BATS,Stock,2026-02-06,,Active
ASTS,AST SpaceMobile Inc - Class A,NASDAQ,Stock,2019-11-01,,Active
ASTT,Corgi ASTS 2x Daily ETF,BATS,ETF,2026-06-30,,Active
ASTX,TRADR 2X LONG ASTS DAILY ETF ,BATS,ETF,2025-07-11,,Active
ASTY,Defiance Daily Target 2X Long ASTS,BATS,Stock,2026-05-21,,Active
ASUP,TREX 2X Long ASTS Daily Target,BATS,Stock,2026-05-21,,Active
ASUR,Asure Software Inc,NASDAQ,Stock,1992-04-07,,Active
ASX,ASE Technology Holding Co.Ltd,NYSE,Stock,2000-10-02,,Active
ASYS,Amtech Systems Inc,NASDAQ,Stock,1984-09-07,,Active
ATAI,ATAI Life Sciences N.V.,NASDAQ,Stock,2021-06-18,,Active
ATAT,Atour Lifestyle Holdings Ltd,NASDAQ,Stock,2022-11-11,,Active
ATCH,AtlasClear Holdings Inc,AMEX,Stock,2021-03-10,,Active
ATCL,REX Autocallable Income,NYSE,Stock,2026-02-18,,Active
ATCO-P-D,Atlas Corp,NYSE,Stock,2020-02-28,,Active
ATCOL,Atlas Corp,NASDAQ,Stock,2021-05-18,,Active
ATCX,Atlas Technical Consultants Inc - Class A,NASDAQ,Stock,2019-01-23,,Active
ATEC,Alphatec Holdings Inc,NASDAQ,Stock,2006-06-02,,Active
ATEN,A10 Networks Inc,NYSE,Stock,2014-03-21,,Active
ATER,Aterian Inc,NASDAQ,Stock,2019-06-12,,Active
ATEST,ATEST,AMEX,Stock,2016-09-26,,Active
ATEST-A,ATEST.A,NYSE MKT,Stock,2016-09-26,,Active
ATEST-B,ATEST.B,NYSE MKT,Stock,2018-02-02,,Active
ATEST-C,ATESTC,NYSE MKT,Stock,2018-02-02,,Active
ATEST-G,ATESTG,NYSE MKT,Stock,2017-05-26,,Active
ATEST-H,ATEST.H,NYSE MKT,Stock,2017-05-26,,Active
ATEST-L,ATEST.L,NYSE MKT,Stock,2017-05-26,,Active
ATEX,Anterix Inc,NASDAQ,Stock,2015-02-03,,Active
ATFV,ALGER 35 ETF ,NYSE,ETF,2021-05-04,,Active
ATGL,Alpha Technology Group Ltd,NASDAQ,Stock,2023-10-31,,Active
ATH-P-A,Athene Holding Ltd,NYSE,Stock,2019-06-06,,Active
ATH-P-B,Athene Holding Ltd. Depositary Shares Series B,NYSE,Stock,2026-05-28,,Active
ATH-P-D,Athene Holding Ltd,NYSE,Stock,2020-12-17,,Active
ATH-P-E,Athene Holding Ltd,NYSE,Stock,2022-12-06,,Active
ATHE,Alterity Therapeutics Ltd,NASDAQ,Stock,2002-09-05,,Active
ATHM,Autohome Inc,NYSE,Stock,2013-12-11,,Active
ATHR,Aether Holdings Inc,NASDAQ,Stock,2025-04-10,,Active
ATHS,Athene Holding Ltd,NYSE,Stock,2024-03-15,,Active
ATI,ATI Inc,NYSE,Stock,1999-11-29,,Active
ATII,Archimedes Tech SPAC Partners II Company,NASDAQ,Stock,2025-04-03,,Active
ATIIU,Archimedes Tech SPAC Partners II Co. - Units (1 Ord & 1/2 War),NASDAQ,Stock,2025-02-11,,Active
ATIIW,Archimedes Tech SPAC Partners II Co. - Warrants (05/02/2030),NASDAQ,Stock,2025-04-03,,Active
ATKR,Atkore Inc,NYSE,Stock,2016-06-10,,Active
ATLC,Atlanticus Holdings Corp,NASDAQ,Stock,1999-04-23,,Active
ATLCL,Atlanticus Holdings Corp,NASDAQ,Stock,2021-11-23,,Active
ATLCP,Atlanticus Holdings Corp,NASDAQ,Stock,2021-06-14,,Active
ATLCZ,Atlanticus Holdings Corp,NASDAQ,Stock,2024-01-31,,Active
ATLO,Ames National Corp,NASDAQ,Stock,2000-02-15,,Active
ATLQ,JAB Acquisition Corp I - Class A,NASDAQ,Stock,2026-08-05,,Active
ATLQR,JAB Acquisition Corp I,NASDAQ,Stock,2026-08-05,,Active
ATLQU,JAB Acquisition Corp I - Units (1 Ord Cls A 1 Rts & 1War),NASDAQ,Stock,2026-06-10,,Active
ATLQW,JAB Acquisition Corp I - Warrants (05/06/2031),NASDAQ,Stock,2026-08-05,,Active
ATLX,Atlas Lithium Corporation,NASDAQ,Stock,2013-02-28,,Active
ATMC,AlphaTime Acquisition Corp,NASDAQ,Stock,2023-01-19,,Active
ATMCR,AlphaTime Acquisition Corp,NASDAQ,Stock,2023-01-19,,Active
ATMCU,AlphaTime Acquisition Corp - Units (1 Ord & 1 War & 1 Right),NASDAQ,Stock,2022-12-30,,Active
ATMCW,AlphaTime Acquisition Corp - Warrants (01/03/2028),NASDAQ,Stock,2023-01-19,,Active
ATMP,iPath Select MLP ETN,BATS,ETF,2013-03-13,,Active
ATMU,Atmus Filtration Technologies Inc,NYSE,Stock,2023-05-26,,Active
ATMV,AMC Robotics Corp Shs,NASDAQ,Stock,2026-05-28,,Active
ATNI,ATN International Inc,NASDAQ,Stock,1991-11-14,,Active
ATNM,Actinium Pharmaceuticals Inc,AMEX,Stock,2012-12-27,,Active
ATO,Atmos Energy Corp,NYSE,Stock,1983-12-28,,Active
ATOM,Atomera Inc,NASDAQ,Stock,2016-08-05,,Active
ATOS,Atossa Therapeutics Inc,NASDAQ,Stock,2012-11-08,,Active
ATPC,Agape ATP Corp,NASDAQ,Stock,2018-10-05,,Active
ATR,Aptargroup Inc,NYSE,Stock,1993-04-23,,Active
ATRA,Atara Biotherapeutics Inc,NASDAQ,Stock,2014-10-16,,Active
ATRC,Atricure Inc,NASDAQ,Stock,2005-08-05,,Active
ATRO,Astronics Corp,NASDAQ,Stock,1984-09-07,,Active
ATS,ATS Corporation.,NYSE,Stock,2016-01-04,,Active
ATTO,Attovia Therapeutics Inc,NASDAQ,Stock,2026-08-05,,Active
ATTR,ARIN TACTICAL TAIL RISK ETF ,BATS,ETF,2025-10-28,,Active
ATTT,Atlas Trinity Tech Ltd,NASDAQ,Stock,2024-05-15,,Active
ATXG,Addentax Group Corp,NASDAQ,Stock,2016-12-12,,Active
ATYR,Atyr Pharma Inc,NASDAQ,Stock,2015-05-07,,Active
AU,AngloGold Ashanti Plc.,NYSE,Stock,1998-08-05,,Active
AUAU,GLOBAL X GOLD MINERS ETF ,NYSE,ETF,2025-12-10,,Active
AUB,Atlantic Union Bankshares Corp,NYSE,Stock,1995-08-18,,Active
AUB-P-A,Atlantic Union Bankshares Corp,NYSE,Stock,2020-06-03,,Active
AUBN,Auburn National Bancorp Inc,NASDAQ,Stock,1995-09-11,,Active
AUC,ATIF Holdings Ltd,NASDAQ,Stock,2019-05-03,,Active
AUDC,Audiocodes,NASDAQ,Stock,1999-05-28,,Active
AUGC,Corgi U.S. Equities 10% Structured Buffer ETF - August Series,BATS,ETF,2026-08-04,,Active
AUGM,FT VEST U.S. EQUITY MAX BUFFER ETF - AUGUST ,BATS,ETF,2024-08-19,,Active
AUGO,Aura Minerals Inc,NASDAQ,Stock,2025-07-16,,Active
AUGP,PGIM S&P 500 BUFFER 12 ETF - AUGUST ,BATS,ETF,2024-05-10,,Active
AUGT,ALLIANZIM U.S. EQUITY BUFFER10 AUG ETF ,BATS,ETF,2023-08-01,,Active
AUGU,ALLIANZIM U.S. EQUITY BUFFER15 UNCAPPED AUG ETF ,BATS,ETF,2024-08-01,,Active
AUGW,ALLIANZIM U.S. EQUITY BUFFER20 AUG ETF ,BATS,ETF,2023-08-01,,Active
AUGZ,TRUESHARES STRUCTURED OUTCOME (AUGUST) ETF ,BATS,ETF,2020-08-03,,Active
AUID,authID Inc,NASDAQ,Stock,2017-11-17,,Active
AULT,Hyperscale Data Inc - Class A,NYSE MKT,Stock,1997-05-05,,Active
AULT-P-D,Ault Alliance Inc,NYSE MKT,Stock,2022-06-07,,Active
AUMI,THEMES GOLD MINERS ETF ,NASDAQ,ETF,2023-12-13,,Active
AUNA,Auna S.A. - Cls A,NYSE,Stock,2024-03-22,,Active
AUPH,Aurinia Pharmaceuticals Inc,NASDAQ,Stock,2014-09-03,,Active
AUR,Aurora Innovation Inc - Class A,NASDAQ,Stock,2021-05-10,,Active
AURA,Aura Biosciences Inc,NASDAQ,Stock,2021-10-29,,Active
AURC,Better Home & Finance Holding Co. - Class A,NASDAQ,Stock,2021-04-30,,Active
AURE,Aurelion Inc - Class A,NASDAQ,Stock,2024-02-01,,Active
AUROW,Aurora Innovation Inc - Warrants (03/11/2026),NASDAQ,Stock,2021-05-10,,Active
AURU,Tradr 2X Long AUR Daily ETF,BATS,ETF,2025-10-08,,Active
AUSF,GLOBAL X ADAPTIVE U.S. FACTOR ETF ,NYSE,ETF,2018-08-28,,Active
AUSM,Allspring Ultra Short Municipal ETF,NYSE,ETF,2025-07-08,,Active
AUST,Austin Gold Corp,AMEX,Stock,2022-05-04,,Active
AUTL,Autolus Therapeutics plc,NASDAQ,Stock,2018-06-22,,Active
AUUD,Auddia Inc,NASDAQ,Stock,2021-02-17,,Active
AV,Aviva plc,BATS,Stock,2026-05-06,,Active
AVA,Avista Corp,NYSE,Stock,1987-11-16,,Active
AVACU,Avalon Acquisition Inc - Units (1 Ord Share Class A & 3/4 War),NASDAQ,Stock,2021-10-06,,Active
AVAH,Aveanna Healthcare Holdings Inc,NASDAQ,Stock,2021-04-28,,Active
AVAL,Grupo Aval Acciones y Valores S.A.,NYSE,Stock,2014-09-23,,Active
AVAT,Avalanche Treasury Corp - Class A,NASDAQ,Stock,2026-06-10,,Active
AVAV,AeroVironment Inc,NASDAQ,Stock,2007-01-23,,Active
AVAZ,2x Avalanche,BATS,Stock,2026-05-15,,Active
AVBC,Avidia Bancorp Inc,NYSE,Stock,2025-08-01,,Active
AVBH,Avidbank Holdings Inc,NASDAQ,Stock,2012-07-23,,Active
AVBP,ArriVent BioPharma Inc,NASDAQ,Stock,2024-01-26,,Active
AVD,American Vanguard Corp,NYSE,Stock,1988-06-22,,Active
AVDE,AVANTIS INTERNATIONAL EQUITY ETF ,NYSE,ETF,2019-09-26,,Active
AVDL,Avadel Pharmaceuticals plc,NASDAQ,Stock,1996-06-07,,Active
AVDS,AVANTIS INTERNATIONAL SMALL CAP EQUITY ETF ,NYSE,ETF,2023-07-20,,Active
AVDV,AVANTIS INTERNATIONAL SMALL CAP VALUE ETF ,NYSE,ETF,2019-09-26,,Active
AVEE,AVANTIS EMERGING MARKETS SMALL CAP EQUITY ETF ,NYSE,ETF,2023-11-09,,Active
AVEM,AVANTIS EMERGING MARKETS EQUITY ETF ,NYSE,ETF,2019-09-19,,Active
AVES,AVANTIS EMERGING MARKETS VALUE ETF ,NYSE,ETF,2021-09-30,,Active
AVEX,AEVEX Corp - Class A,NYSE,Stock,2026-04-17,,Active
AVGB,AVANTIS CREDIT ETF ,NASDAQ,ETF,2025-04-17,,Active
AVGC,Corgi AVGO 2x Daily ETF,BATS,ETF,2026-06-30,,Active
AVGE,AVANTIS ALL EQUITY MARKETS ETF ,NYSE,ETF,2022-09-29,,Active
AVGG,LEVERAGE SHARES 2X LONG AVGO DAILY ETF ,NASDAQ,ETF,2006-08-17,,Active
AVGO,Broadcom Inc,NASDAQ,Stock,2009-08-06,,Active
AVGU,T-REX 2X LONG AVGO DAILY TARGET ETF ,NASDAQ,ETF,2025-07-15,,Active
AVGV,AVANTIS ALL EQUITY MARKETS VALUE ETF ,NYSE,ETF,2023-06-29,,Active
AVGW,ROUNDHILL AVGO WEEKLYPAY ETF ,BATS,ETF,2025-07-24,,Active
AVGX,DEFIANCE DAILY TARGET 2X LONG AVGO ETF ,NASDAQ,ETF,2024-08-22,,Active
AVIE,AVANTIS INFLATION FOCUSED EQUITY ETF ,NYSE,ETF,2022-09-29,,Active
AVIG,AVANTIS CORE FIXED INCOME ETF ,NYSE,ETF,2020-10-15,,Active
AVIR,Atea Pharmaceuticals Inc,NASDAQ,Stock,2020-10-30,,Active
AVIV,AVANTIS INTERNATIONAL LARGE CAP VALUE ETF ,NYSE,ETF,2021-09-30,,Active
AVK,Advent Convertible and Income Fund,NYSE,ETF,2003-04-30,,Active
AVK-R,Advent Convertible and Income Fund Rights expiring October 17 2024 Rights,NYSE,Stock,2024-09-23,,Active
AVK-R-W,Advent Convertible and Income Fund Rights expiring October 17 2024 Rights when issued,NYSE,Stock,2024-09-19,,Active
AVL,DIREXION DAILY AVGO BULL 2X SHARES ,NASDAQ,ETF,2024-10-10,,Active
AVLC,AVANTIS U.S. LARGE CAP EQUITY ETF ,NYSE,ETF,2023-09-28,,Active
AVLN,Avalyn Pharma Inc,NASDAQ,Stock,2026-04-30,,Active
AVLV,AVANTIS U.S. LARGE CAP VALUE ETF ,NYSE,ETF,2021-09-23,,Active
AVMA,AVANTIS MODERATE ALLOCATION ETF ,NYSE,ETF,2023-06-29,,Active
AVMC,AVANTIS U.S. MID CAP EQUITY ETF ,NYSE,ETF,2023-11-09,,Active
AVMU,AVANTIS CORE MUNICIPAL FIXED INCOME ETF ,NYSE,ETF,2020-12-10,,Active
AVMV,AVANTIS U.S. MID CAP VALUE ETF ,NYSE,ETF,2023-11-09,,Active
AVNM,AVANTIS ALL INTERNATIONAL MARKETS EQUITY ETF ,NYSE,ETF,2023-06-29,,Active
AVNT,Avient Corp,NYSE,Stock,1999-09-13,,Active
AVNV,AVANTIS ALL INTERNATIONAL MARKETS VALUE ETF ,NYSE,ETF,2023-06-29,,Active
AVNW,Aviat Networks Inc,NASDAQ,Stock,1991-02-07,,Active
AVO,Mission Produce Inc,NASDAQ,Stock,2020-10-01,,Active
AVOS,AVOS GLOBAL EQUITIES ETF ,NASDAQ,ETF,2026-03-06,,Active
AVPT,AvePoint Inc - Class A,NASDAQ,Stock,2019-11-05,,Active
AVR,Anteris Technologies Global Corp,NASDAQ,Stock,2024-12-13,,Active
AVRE,AVANTIS REAL ESTATE ETF ,NYSE,ETF,2021-09-30,,Active
AVRO,,NASDAQ,Stock,2024-06-21,,Active
AVRY,AVORY FOUNDATIONAL ETF ,BATS,ETF,2026-01-22,,Active
AVS,DIREXION DAILY AVGO BEAR 1X SHARES ,NASDAQ,ETF,2024-10-10,,Active
AVSC,AVANTIS U.S. SMALL CAP EQUITY ETF ,NYSE,ETF,2022-01-13,,Active
AVSD,AVANTIS RESPONSIBLE INTERNATIONAL EQUITY ETF ,NYSE,ETF,2022-03-17,,Active
AVSE,AVANTIS RESPONSIBLE EMERGING MARKETS EQUITY ETF ,NYSE,ETF,2022-03-30,,Active
AVSF,AVANTIS SHORT-TERM FIXED INCOME ETF ,NYSE ARCA,ETF,2020-10-15,,Active
AVSU,AVANTIS RESPONSIBLE U.S. EQUITY ETF ,NYSE,ETF,2022-03-17,,Active
AVT,Avnet Inc,NASDAQ,Stock,1973-05-03,,Active
AVTM,AVANTIS TOTAL EQUITY MARKETS ETF ,NYSE,ETF,2026-02-02,,Active
AVTR,Avantor Inc,NYSE,Stock,2019-05-17,,Active
AVTX,Avalo Therapeutics Inc,NASDAQ,Stock,2015-11-13,,Active
AVUQ,AVANTIS U.S. QUALITY ETF ,NASDAQ,ETF,2025-03-27,,Active
AVUS,AVANTIS U.S. EQUITY ETF ,NYSE,ETF,2019-09-26,,Active
AVUV,AVANTIS U.S. SMALL CAP VALUE ETF ,NYSE,ETF,2019-09-26,,Active
AVX,AVAX One Technology Ltd,NASDAQ,Stock,2021-07-08,,Active
AVXC,Avantis Emerging Markets ex-China Equity ETF,NASDAQ,ETF,2024-03-21,,Active
AVXL,Anavex Life Sciences Corporation,NASDAQ,Stock,2006-08-02,,Active
AVXX,DEFIANCE DAILY TARGET 2X LONG AVAV ETF ,NASDAQ,ETF,2025-10-24,,Active
AVY,Avery Dennison Corp,NYSE,Stock,1983-12-29,,Active
AWAY,Amplify Travel Tech ETF,NYSE,ETF,2020-02-13,,Active
AWF,AllianceBernstein Global High Income Fund Inc,NYSE,ETF,1993-07-29,,Active
AWI,Armstrong World Industries Inc,NYSE,Stock,2006-10-18,,Active
AWK,American Water Works Co. Inc,NYSE,Stock,2008-04-23,,Active
AWP,abrdn Global Premier Properties Fund,NYSE,ETF,2007-04-26,,Active
AWR,American States Water Company,NYSE,Stock,1990-03-26,,Active
AWRE,Aware Inc,NASDAQ,Stock,1996-11-19,,Active
AWX,Avalon Holdings Corp - Class A,AMEX,Stock,1998-06-23,,Active
AX,Axos Financial Inc,NYSE,Stock,2018-10-01,,Active
AXAC-R,AXIOS Sustainable Growth Acquisition Corporation Rights to receive onetenth 110 of one Class A ordinary share,NYSE,Stock,2022-03-25,,Active
AXG,Solowin Holdings,NASDAQ,Stock,2025-10-09,,Active
AXGN,Axogen Inc,NASDAQ,Stock,1990-03-27,,Active
AXIA-P,AXIA Energia American Depositary Shares Each representing one Preferred Share,NYSE,Stock,2025-11-10,,Active
AXIA-P-C,AXIA Energia American Depositary Shares each representing one Preferred Class C Share,NYSE,Stock,2025-12-30,,Active
AXIL,AXIL Brands Inc,AMEX,Stock,2018-12-03,,Active
AXIN,Axiom Intelligence Acquisition Corp 1 - Class A,NASDAQ,Stock,2025-08-05,,Active
AXINR,Axiom Intelligence Acquisition Corp 1,NASDAQ,Stock,2025-08-05,,Active
AXINU,Axiom Intelligence Acquisition Corp 1 - Units (1 Ord Cls A & 1 Rts),NASDAQ,Stock,2025-06-18,,Active
AXNX,Axonics Inc,NASDAQ,Stock,2018-10-31,,Active
AXON,Axon Enterprise Inc,NASDAQ,Stock,2001-06-07,,Active
AXP,American Express Company,NYSE,Stock,1972-06-01,,Active
AXPG,Leverage Shares 2x Long AXP Daily ETF,NASDAQ,ETF,2026-02-19,,Active
AXR,AMREP Corp,NYSE,Stock,1973-05-03,,Active
AXS,Axis Capital Holdings Ltd,NYSE,Stock,2003-07-01,,Active
AXS-P-E,Axis Capital Holdings Ltd,NYSE,Stock,2016-11-22,,Active
AXSM,Axsome Therapeutics Inc,NASDAQ,Stock,2015-11-19,,Active
AXTA,Axalta Coating Systems Ltd,NYSE,Stock,2014-11-12,,Active
AXTC,Corgi AXTI 2x Daily ETF,BATS,ETF,2026-07-07,,Active
AXTI,AXT Inc,NASDAQ,Stock,1998-05-21,,Active
AXTL,Leverage Shares 2X Long AXTI Daily ETF,BATS,ETF,2026-06-16,,Active
AXTQ,Tradr 2X Short AXTI Daily ETF,BATS,ETF,2026-08-18,,Active
AXTU,TREX 2X Long AXTI Daily Target,BATS,Stock,2026-05-05,,Active
AXTX,Tradr 2X Long AXTI Daily,BATS,Stock,2026-04-24,,Active
AXUP,TREX 2X Long AXON Daily Target ETF,BATS,ETF,2025-09-16,,Active
AYI,Acuity Brands Inc,NYSE,Stock,2001-12-03,,Active
AYTU,Aytu BioPharma Inc,NASDAQ,Stock,2017-02-01,,Active
AZ,A2Z Smart Technologies Corp,NASDAQ,Stock,2020-05-12,,Active
AZI,Autozi Internet Technology (Global) Ltd - Class A,NASDAQ,Stock,2024-08-28,,Active
AZIO,Azio AI Inc,NASDAQ,Stock,2017-06-15,,Active
AZN,Astrazeneca plc,NYSE,Stock,1993-05-17,,Active
AZO,Autozone Inc,NYSE,Stock,1991-04-02,,Active
AZTA,Azenta Inc,NASDAQ,Stock,1995-02-02,,Active
AZTD,AZTLAN GLOBAL STOCK SELECTION DM SMID ETF ,NYSE,ETF,2022-08-18,,Active
AZTR,Azitra Inc,AMEX,Stock,2023-06-16,,Active
AZUL,Azul S.A.,NYSE,Stock,2026-07-10,,Active
AZYY,GRANITESHARES YIELDBOOST AMZN ETF ,NASDAQ,ETF,2025-09-16,,Active
AZZ,AZZ Inc,NYSE,Stock,1984-09-07,,Active
B,Barrick Gold Corp,NYSE,Stock,1985-02-04,,Active
BA,Boeing Company,NYSE,Stock,1962-01-02,,Active
BA-P-A,Boeing Company,NYSE,Stock,2024-11-06,,Active
BAB,INVESCO TAXABLE MUNICIPAL BOND ETF ,NYSE,ETF,2009-11-17,,Active
BABA,Alibaba Group Holding Ltd,NYSE,Stock,2014-09-19,,Active
BABC,Corgi BABA 2x Daily ETF,BATS,ETF,2026-07-10,,Active
BABO,YIELDMAX(R) BABA OPTION INCOME STRATEGY ETF ,NYSE,ETF,2024-08-08,,Active
BABU,Direxion Daily BABA Bull 2X ETF,NASDAQ,ETF,2026-02-11,,Active
BABW,ROUNDHILL BABA WEEKLYPAY ETF ,BATS,ETF,2025-10-23,,Active
BABX,GRANITESHARES 2X LONG BABA DAILY ETF ,NASDAQ,ETF,2022-12-13,,Active
BAC,Bank Of America Corp,NYSE,Stock,1986-05-29,,Active
BAC-P-B,Bank Of America Corp,NYSE,Stock,2018-05-17,,Active
BAC-P-E,Bank Of America Corp,NYSE,Stock,2006-12-28,,Active
BAC-P-K,Bank Of America Corp,NYSE,Stock,2018-07-18,,Active
BAC-P-L,Bank Of America Corp,NYSE,Stock,2014-09-22,,Active
BAC-P-M,Bank Of America Corp,NYSE,Stock,2019-06-18,,Active
BAC-P-N,Bank Of America Corp. PRF PERPETUAL USD Ser LL DpSh11000th,NYSE,Stock,2019-09-11,,Active
BAC-P-O,Bank Of America Corp,NYSE,Stock,2020-10-28,,Active
BAC-P-P,Bank Of America Corp,NYSE,Stock,2021-01-22,,Active
BAC-P-Q,Bank Of America Corp,NYSE,Stock,2021-10-20,,Active
BAC-P-S,Bank Of America Corp,NYSE,Stock,2022-01-28,,Active
BACC,Blue Acquisition Corp - Class A,NASDAQ,Stock,2025-08-05,,Active
BACCR,Blue Acquisition Corp,NASDAQ,Stock,2025-08-05,,Active
BACCU,Blue Acquisition Corp - Units (1 Ord Cls A & 1 Rts),NASDAQ,Stock,2025-06-13,,Active
BACQR,Merlin Inc,NASDAQ,Stock,2024-12-02,,Active
BACQU,Merlin Inc - Units (1Ord Class A & 1 Rights),NASDAQ,Stock,2024-11-01,,Active
BAD,T-REX 2X INVERSE BA DAILY TARGET ETF ,NYSE ARCA,ETF,2021-12-22,,Active
BAER,Bridger Aerospace Group Holdings Inc - Class A,NASDAQ,Stock,2021-03-17,,Active
BAERW,Bridger Aerospace Group Holdings Inc - Warrants (24/01/2028),NASDAQ,Stock,2021-03-15,,Active
BAFE,BROWN ADVISORY FLEXIBLE EQUITY ETF ,NASDAQ,ETF,2024-11-18,,Active
BAFN,BayFirst Financial Corp,NASDAQ,Stock,2019-11-20,,Active
BAGX,EA Bridgeway Aggressive Investors ETF,BATS,ETF,2026-07-27,,Active
BAGY,AMPLIFY BITCOIN MAX INCOME COVERED CALL ETF ,BATS,ETF,2025-04-29,,Active
BAH,Booz Allen Hamilton Holding Corp - Class A,NYSE,Stock,2010-11-18,,Active
BAI,iShares A.I. Innovation and Tech Active ETF,NYSE,ETF,2024-10-22,,Active
BAIG,LEVERAGE SHARES 2X LONG BBAI DAILY ETF ,NASDAQ,ETF,2025-08-21,,Active
BAIV,Brown Advisory International Value Select ETF,NASDAQ,ETF,2026-02-26,,Active
BAK,Braskem S.A.,NYSE,Stock,1999-01-13,,Active
BALI,BlackRock Advantage Large Cap Income ETF,BATS,ETF,2023-09-28,,Active
BALL,Ball Corp,NYSE,Stock,1984-09-07,,Active
BALQ,iShares Nasdaq Premium Income Active ETF,NASDAQ,ETF,2025-12-03,,Active
BALT,Innovator Defined Wealth Shield ETF,BATS,ETF,2021-07-01,,Active
BALY,Ballys Corporation,NYSE,Stock,2019-03-29,,Active
BALY-T,Ballys Corporation Rolling Shares,NYSE,Stock,2024-11-21,,Active
BAM,Brookfield Asset Management Ltd - Class A,NYSE,Stock,2022-12-01,,Active
BAMA,Brookstone Active ETF,BATS,ETF,2023-09-28,,Active
BAMB,Brookstone Intermediate Bond ETF,BATS,ETF,2023-09-27,,Active
BAMD,Brookstone Dividend Stock ETF,BATS,ETF,2023-09-28,,Active
BAMG,Brookstone Growth Stock ETF,BATS,ETF,2023-09-27,,Active
BAMO,Brookstone Opportunities ETF,BATS,ETF,2023-09-28,,Active
BAMU,Brookstone Ultra-Short Bond ETF,BATS,ETF,2023-09-27,,Active
BAMV,Brookstone Value Stock ETF,BATS,ETF,2023-09-27,,Active
BAMY,Brookstone Yield ETF,BATS,ETF,2023-09-28,,Active
BANC,Banc of California Inc,NYSE,Stock,2002-10-01,,Active
BANC-P-F,Banc of California Inc,NYSE,Stock,2023-12-01,,Active
BAND,Bandwidth Inc - Class A,NASDAQ,Stock,2017-11-10,,Active
BANF,Bancfirst Corp,NASDAQ,Stock,1990-03-26,,Active
BANFP,BancFirst Corporation 72 Cumulative Trust Preferred Securities,NASDAQ,Stock,2004-03-16,,Active
BANL,CBL International Ltd,NASDAQ,Stock,2023-03-23,,Active
BANR,Banner Corp,NASDAQ,Stock,1995-11-01,,Active
BANX,ArrowMark Financial Corp,NASDAQ,Stock,2013-11-07,,Active
BAOS,Baosheng Media Group Holdings Ltd,NASDAQ,Stock,2021-02-08,,Active
BAP,Credicorp Ltd,NYSE,Stock,1995-10-25,,Active
BAPR,Innovator U.S. Equity Buffer ETF - April,BATS,ETF,2019-04-01,,Active
BAR,GraniteShares Gold Shares,NYSE,ETF,2017-08-31,,Active
BARK,BARK Inc - Class A,NYSE,Stock,2020-12-18,,Active
BARK-WS,Original BARK Co The Wt Exp 05012026,NYSE,Stock,2021-06-02,,Active
BASG,BROWN ADVISORY SUSTAINABLE GROWTH ETF ,NASDAQ,ETF,2025-06-16,,Active
BASV,BROWN ADVISORY SUSTAINABLE VALUE ETF ,NASDAQ,ETF,2025-06-16,,Active
BATL,Battalion Oil Corp (New),AMEX,Stock,2019-12-24,,Active
BATRA,Atlanta Braves Holdings Inc - Class A,NASDAQ,Stock,2016-04-18,,Active
BATRK,Atlanta Braves Holdings Inc - Class C,NASDAQ,Stock,2016-04-18,,Active
BATT,AMPLIFY LITHIUM & BATTERY TECHNOLOGY ETF ,NYSE,ETF,2018-06-06,,Active
BAUG,Innovator U.S. Equity Buffer ETF - August,BATS,ETF,2019-08-01,,Active
BAVA,Bitwise Avalanche ETF,NYSE,ETF,2026-04-15,,Active
BAX,Baxter International Inc,NYSE,Stock,1981-10-27,,Active
BAY,Bayrock Resources Limited,BATS,Stock,2026-05-06,,Active
BAYA,Bayview Acquisition Corp - Class A,NASDAQ,Stock,2023-12-29,,Active
BAYAR,Bayview Acquisition Corp,NASDAQ,Stock,2023-12-29,,Active
BAYAU,Bayview Acquisition Corp - Units (1 Ord & 1 Right),NASDAQ,Stock,2023-12-15,,Active
BB,BlackBerry Ltd,NYSE,Stock,1999-02-04,,Active
BBAG,JPMORGAN BETABUILDERS U.S. AGGREGATE BOND ETF ,BATS,ETF,2018-12-14,,Active
BBAI,BigBear.ai Holdings Inc,NYSE,Stock,2021-12-17,,Active
BBAI-WS,BigBear.ai Inc Redeemable Warrants each exercisable for one share of Common Stock at an exercise price of 11.50 per share,NYSE,Stock,2021-12-08,,Active
BBAR,BBVA Argentina,NYSE,Stock,1993-11-24,,Active
BBAX,JPMORGAN BETABUILDERS DEVELOPED ASIA PACIFIC EX-JAPAN ETF ,BATS,ETF,2018-08-08,,Active
BBB,CYBER HORNET S&P 500(R) AND BITCOIN 75/25 STRATEGY ETF ,NASDAQ,ETF,2023-12-28,,Active
BBBI,BondBloxx BBB Rated 5-10 Year Corporate Bond ETF,NYSE,ETF,2024-01-25,,Active
BBBL,BondBloxx BBB Rated 10+ Year Corporate Bond ETF,NYSE,ETF,2024-01-25,,Active
BBBS,BondBloxx BBB Rated 1-5 Year Corporate Bond ETF,NYSE,ETF,2024-01-25,,Active
BBBY-WS,Bed Bath & Beyond Inc Warrants 07102026,NYSE,Stock,2025-10-13,,Active
BBBYW,Neighborhood Intelligence Inc - Warrants (07/10/2026),NASDAQ,Stock,2026-08-17,,Active
BBC,VIRTUS BIOTECH CLINICAL TRIALS ETF ,NYSE,ETF,2014-12-17,,Active
BBCA,JPMORGAN BETABUILDERS CANADA ETF ,BATS,ETF,2018-08-08,,Active
BBCB,JPMORGAN BETABUILDERS USD INVESTMENT GRADE CORPORATE BOND ETF ,BATS,ETF,2018-12-14,,Active
BBCP,Concrete Pumping Holdings Inc - Class A,NASDAQ,Stock,2017-08-21,,Active
BBCQ,Bleichroeder Acquisition Corp II,NASDAQ,Stock,2026-01-28,,Active
BBCQW,Bleichroeder Acquisition Corp II Warrants,NASDAQ,Stock,2026-01-28,,Active
BBD,Banco Bradesco S.A.,NYSE,Stock,2001-11-23,,Active
BBDC,Barings BDC Inc,NYSE,Stock,2018-08-03,,Active
BBDO,Banco Bradesco S.A.,NYSE,Stock,2012-03-13,,Active
BBEM,JPMORGAN BETABUILDERS EMERGING MARKETS EQUITY ETF ,BATS,ETF,2023-05-11,,Active
BBEU,JPMORGAN BETABUILDERS EUROPE ETF ,BATS,ETF,2018-06-18,,Active
BBGI,Beasley Broadcast Group Inc - Class A,NASDAQ,Stock,2000-02-11,,Active
BBH,VANECK BIOTECH ETF ,NASDAQ,ETF,1999-11-23,,Active
BBHL,BBH Trust Select Large Cap,NYSE,Stock,2025-11-17,,Active
BBHM,BBH Trust Select Mid Cap,NYSE,Stock,2025-11-17,,Active
BBHY,JPMORGAN BETABUILDERS USD HIGH YIELD CORPORATE BOND ETF ,BATS,ETF,2016-09-15,,Active
BBIB,JPMORGAN BETABUILDERS U.S. TREASURY BOND 3-10 YEAR ETF ,BATS,ETF,2023-04-20,,Active
BBIN,JPMORGAN BETABUILDERS INTERNATIONAL EQUITY ETF ,BATS,ETF,2019-12-05,,Active
BBIO,BridgeBio Pharma Inc,NASDAQ,Stock,2019-06-27,,Active
BBJP,JPMORGAN BETABUILDERS JAPAN ETF ,BATS,ETF,2018-06-18,,Active
BBLB,JPMORGAN BETABUILDERS U.S. TREASURY BOND 20+ YEAR ETF ,BATS,ETF,2023-04-20,,Active
BBLG,Bone Biologics Corp,NASDAQ,Stock,2016-03-31,,Active
BBLGW,Bone Biologics Corp - Warrants (13/10/2026),NASDAQ,Stock,2021-10-13,,Active
BBLN,Babylon Holdings Ltd - Class A,NYSE,Stock,2021-04-01,,Active
BBLS,Munificent Seven ETF,NYSE ARCA,ETF,2026-08-20,,Active
BBLU,EA BRIDGEWAY BLUE CHIP ETF ,NYSE,ETF,2022-10-17,,Active
BBMC,JPMORGAN BETABUILDERS U.S. MID CAP EQUITY ETF ,BATS,ETF,2020-04-15,,Active
BBN,BlackRock Taxable Municipal Bond Trust,NYSE,ETF,2010-08-30,,Active
BBNX,Beta Bionics Inc,NASDAQ,Stock,2025-01-30,,Active
BBOT,BridgeBio Oncology Therapeutics Inc Com,NASDAQ,Stock,2025-08-12,,Active
BBP,VIRTUS BIOTECH ETF ,NYSE,ETF,2014-12-17,,Active
BBRE,JPMORGAN BETABUILDERS MSCI US REIT ETF ,BATS,ETF,2018-06-18,,Active
BBSB,JPMORGAN BETABUILDERS U.S. TREASURY BOND 1-3 YEAR ETF ,BATS,ETF,2023-04-20,,Active
BBSC,JPMORGAN BETABUILDERS U.S. SMALL CAP EQUITY ETF ,BATS,ETF,2020-11-17,,Active
BBSI,Barrett Business Services Inc,NASDAQ,Stock,1993-06-14,,Active
BBT,Beacon Financial Corp,NYSE,Stock,2000-06-28,,Active
BBUC,Brookfield Business Holdings Corp - Class A - Class A (Sub Voting),NYSE,Stock,2022-03-07,,Active
BBUL,GraniteShares 2x Long BB Daily ETF,NASDAQ,ETF,2026-07-07,,Active
BBUS,JPMORGAN BETABUILDERS U.S. EQUITY ETF ,BATS,ETF,2019-03-13,,Active
BBVA,Banco Bilbao Vizcaya Argentaria.,NYSE,Stock,1988-12-15,,Active
BBW,Build A Bear Workshop Inc,NYSE,Stock,2004-10-28,,Active
BBWI,Bath & Body Works Inc,NYSE,Stock,1985-07-01,,Active
BBY,Best Buy Co. Inc,NYSE,Stock,1985-04-19,,Active
BBYY,GRANITESHARES YIELDBOOST BABA ETF ,NASDAQ,ETF,2025-10-21,,Active
BC,Brunswick Corp,NYSE,Stock,1981-12-31,,Active
BC-P-A,Brunswick Corporation 6.500 Senior Notes due 2048,NYSE,Stock,2026-02-06,,Active
BC-P-B,Brunswick Corporation 6.625% Senior Notes due 2049,NYSE,Stock,2026-05-28,,Active
BC-P-C,Brunswick Corporation 6.375% Notes due 2049,NYSE,Stock,2026-05-28,,Active
BC/PB,Brunswick Corp,NYSE,Stock,2018-12-06,,Active
BC/PC,Brunswick Corp,NYSE,Stock,2019-03-08,,Active
BCAL,Southern Calif Bancorp,NASDAQ,Stock,2015-12-22,,Active
BCAR,Bank of the Carolinas CORP,NASDAQ,Stock,2012-03-07,,Active
BCARU,D. Boral ARC Acquisition I Corp Units,NASDAQ,Stock,2025-07-31,,Active
BCARW,D. Boral ARC Acquisition I Corp Warrant,NASDAQ,Stock,2025-08-20,,Active
BCAT,BlackRock Capital Allocation Term Trust,NYSE,Stock,2020-09-25,,Active
BCAX,Bicara Therapeutics Inc,NASDAQ,Stock,2024-09-13,,Active
BCBP,BCB Bancorp Inc (NJ),NASDAQ,Stock,2003-10-15,,Active
BCC,Boise Cascade Company,NYSE,Stock,2013-02-06,,Active
BCCC,GLOBAL X BITCOIN COVERED CALL ETF ,BATS,ETF,2025-06-04,,Active
BCCQ,Bleichroeder Acquisition Corp III - Class A,NASDAQ,Stock,2026-08-03,,Active
BCCQU,Bleichroeder Acquisition Corp III - Units (1 Ord Cls A & 1/4 War),NASDAQ,Stock,2026-07-07,,Active
BCCQW,Bleichroeder Acquisition Corp III - Warrants (07/07/2031),NASDAQ,Stock,2026-08-05,,Active
BCD,ABRDN BLOOMBERG ALL COMMODITY LONGER DATED STRATEGY K-1 FREE ETF ,NYSE,ETF,2017-03-31,,Active
BCDA,BioCardia Inc,NASDAQ,Stock,2008-03-14,,Active
BCDF,HORIZON KINETICS BLOCKCHAIN DEVELOPMENT ETF ,NYSE,ETF,2022-08-02,,Active
BCE,BCE Inc,NYSE,Stock,1982-11-15,,Active
BCEM,BARON EMERGING MARKETS SELECT ETF ,NYSE,Stock,2026-04-09,,Active
BCFN,BARON FINANCIALS ETF ,NASDAQ,ETF,2025-12-15,,Active
BCG,Binah Capital Group Inc,NASDAQ,Stock,2024-03-27,,Active
BCGD,BARON GLOBAL DURABLE ADVANTAGE ETF ,NYSE,Stock,2025-12-15,,Active
BCGS,BANCREEK GLOBAL SELECT ETF ,NYSE,ETF,2026-03-09,,Active
BCGWW,Binah Capital Group Inc - Warrants (13/03/2029),NASDAQ,Stock,2024-03-28,,Active
BCH,Banco de Chile,NYSE,Stock,2002-01-08,,Active
BCHI,GMO BEYOND CHINA ETF ,NYSE,ETF,2025-02-13,,Active
BCHP,PRINCIPAL FOCUSED BLUE CHIP ETF ,BATS,ETF,2023-07-13,,Active
BCHT,Birchtech Corp,AMEX,Stock,2012-07-25,,Active
BCI,ABRDN BLOOMBERG ALL COMMODITY STRATEGY K-1 FREE ETF ,NYSE,ETF,2017-03-31,,Active
BCIC,Portman Ridge Finance Corp,NASDAQ,Stock,2006-12-12,,Active
BCIL,BANCREEK INTERNATIONAL LARGE CAP ETF ,NYSE,ETF,2024-03-21,,Active
BCKT,LifeX 2030 Income Bucket ETF,BATS,ETF,2025-09-24,,Active
BCLO,iShares BBBB CLO Active ETF,NASDAQ,ETF,2025-01-30,,Active
BCM,Barclays Bank PLC,NYSE ARCA,ETF,2011-04-21,,Active
BCML,BayCom Corp,NASDAQ,Stock,2004-08-09,,Active
BCO,Brink`s Company,NYSE,Stock,1996-01-03,,Active
BCOR,GRAYSCALE BITCOIN ADOPTERS ETF ,NYSE,Stock,2025-04-30,,Active
BCPC,Balchem Corp,NASDAQ,Stock,1986-06-03,,Active
BCPL,BNY Mellon Core Plus,NYSE,Stock,2026-01-12,,Active
BCRX,Biocryst Pharmaceuticals Inc,NASDAQ,Stock,1994-03-04,,Active
BCS,Barclays plc,NYSE,Stock,1986-09-10,,Active
BCSF,Bain Capital Specialty Finance Inc,NYSE,Stock,2018-11-15,,Active
BCSM,BARON SMID CAP ETF ,NYSE,Stock,2025-12-15,,Active
BCSS,Bain Capital GSS Investment Corp Class A,NYSE,Stock,2025-11-20,,Active
BCSS-U,Bain Capital GSS Investment Corp - Units (1 Ord Cls A & 1/5 War),NYSE,Stock,2025-09-30,,Active
BCSS-WS,Bain Capital GSS Investment Corp Redeemable warrants each whole warrant exercisable for one Class A ordinary share at an exercise price of 11.50,NYSE,Stock,2025-11-21,,Active
BCTK,BARON TECHNOLOGY ETF ,NASDAQ,ETF,2025-12-15,,Active
BCTX,BriaCell Therapeutics Corp - New,NASDAQ,Stock,2010-10-28,,Active
BCTXL,BriaCell Therapeutics Corp Warrants,NASDAQ,Stock,2026-01-14,,Active
BCTXZ,BriaCell Therapeutics Corp Warrant,NASDAQ,Stock,2025-04-25,,Active
BCUS,BANCREEK U.S. LARGE CAP ETF ,NYSE,ETF,2023-12-21,,Active
BCV,Bancroft Fund Ltd,AMEX,ETF,1984-09-07,,Active
BCV-P-A,Bancroft Fund Ltd,AMEX,Stock,2016-08-05,,Active
BCX,BlackRock Resources & Commodities Strategy Trust,NYSE,ETF,2011-03-29,,Active
BCYC,Bicycle Therapeutics Plc,NASDAQ,Stock,2019-05-23,,Active
BDBT,BLUEMONTE CORE BOND ETF ,NYSE,ETF,2025-06-23,,Active
BDC,Belden Inc,NYSE,Stock,1993-11-24,,Active
BDCI,BTC Development Corp - Class A,NASDAQ,Stock,2025-10-16,,Active
BDCIU,BTC Development Corp - Units (1 Ord Cls A & 1/4 War),NASDAQ,Stock,2025-09-30,,Active
BDCIW,BTC Development Corp - Warrants (11/09/2030),NASDAQ,Stock,2025-10-16,,Active
BDCX,UBS AG London Branch,NYSE,Stock,2020-06-03,,Active
BDCZ,BDCZ,NYSE,ETF,2015-10-09,,Active
BDEC,Innovator U.S. Equity Buffer ETF - December,BATS,ETF,2019-12-02,,Active
BDGS,BRIDGES CAPITAL TACTICAL ETF ,NASDAQ,ETF,2023-05-11,,Active
BDIV,AAM BRENTVIEW DIVIDEND GROWTH ETF ,NYSE,ETF,2024-07-31,,Active
BDJ,BlackRock Enhanced Equity Dividend Trust,NYSE,ETF,2005-08-29,,Active
BDL,Flanigan`s Enterprises Inc,AMEX,Stock,1984-09-07,,Active
BDMD,Baird Medical Investment Holdings Ltd .,NASDAQ,Stock,2024-10-01,,Active
BDMDW,Baird Medical Investment Holdings Ltd . - Warrants(01/10/2029),NASDAQ,Stock,2024-10-02,,Active
BDN,Brandywine Realty Trust,NYSE,Stock,1986-07-24,,Active
BDRX,Biodexa Pharmaceuticals Plc,NASDAQ,Stock,2015-12-07,,Active
BDRY,Breakwave Dry Bulk Shipping ETF,NYSE,ETF,2018-03-22,,Active
BDSX,Biodesix Inc,NASDAQ,Stock,2020-10-28,,Active
BDTX,Black Diamond Therapeutics Inc,NASDAQ,Stock,2020-01-30,,Active
BDVG,IMGP BERKSHIRE DIVIDEND GROWTH ETF ,NYSE,ETF,2023-06-30,,Active
BDVL,iShares Disciplined Volatility Equity Active ETF,NASDAQ,ETF,2025-09-15,,Active
BDX,Becton Dickinson & Company,NYSE,Stock,1983-04-06,,Active
BDYN,iShares Dynamic Equity Active ETF,NASDAQ,ETF,2025-09-15,,Active
BE,Bloom Energy Corp - Class A,NYSE,Stock,2018-07-25,,Active
BEAG,Bold Eagle Acquisition Corp,NASDAQ,Stock,2024-12-16,,Active
BEAGR,Bold Eagle Acquisition Corp Right,NASDAQ,Stock,2024-12-16,,Active
BEAGU,Bold Eagle Acquisition Corp - Units (1Ord Cls A & 1 Rts),NASDAQ,Stock,2024-10-24,,Active
BEAM,Beam Therapeutics Inc,NASDAQ,Stock,2020-02-06,,Active
BEAT,HeartBeam Inc,NASDAQ,Stock,2021-11-11,,Active
BEATW,HeartBeam Inc - Warrants (31/10/2026),NASDAQ,Stock,2021-11-11,,Active
BEBE,TGE Value Creative Solutions Corp - Class A,NYSE,Stock,2026-02-06,,Active
BEBE-U,TGE Value Creative Solutions Corp - Units (1 Ord Cls A & 1/2 War),NYSE,Stock,2025-12-19,,Active
BEBE-WS,TGE Value Creative Solutions Corp - Warrants (01/01/9999),NYSE,Stock,2026-02-06,,Active
BEC,Corgi BE 2x Daily ETF,BATS,ETF,2026-06-30,,Active
BEDY,BNY MELLON ENHANCED DIVIDEND AND INCOME ETF ,NASDAQ,ETF,2025-12-08,,Active
BEEM,Beam Global,NASDAQ,Stock,2010-04-30,,Active
BEEP,Mobile Infrastructure Corp,NASDAQ,Stock,2021-05-24,,Active
BEEX,THE BEEHIVE ETF ,NASDAQ,ETF,2024-12-16,,Active
BEEZ,HONEYTREE U.S. EQUITY ETF ,NASDAQ,ETF,2023-11-08,,Active
BEG,Leverage Shares 2x Long BE Daily ETF,NASDAQ,ETF,2025-12-16,,Active
BEGS,RAREVIEW 2X BULL CRYPTOCURRENCY & PRECIOUS METALS ETF ,BATS,ETF,2025-02-07,,Active
BEKE,KE Holdings Inc,NYSE,Stock,2020-08-13,,Active
BELFA,Bel Fuse Inc - Class A,NASDAQ,Stock,1984-09-07,,Active
BELFB,Bel Fuse Inc - Class B,NASDAQ,Stock,1998-07-10,,Active
BEMB,ISHARES J.P. MORGAN BROAD USD EMERGING MARKETS BOND ETF ,BATS,ETF,2023-02-24,,Active
BEMD,BNY Mellon Emerging Markets Debt ETF,BATS,ETF,2026-08-14,,Active
BEN,Franklin Templeton Inc,NYSE,Stock,1984-09-07,,Active
BENF,Beneficient - Class A,NASDAQ,Stock,2023-06-07,,Active
BENFW,Beneficient - Warrants (07/06/2028),NASDAQ,Stock,2023-06-08,,Active
BENJ,HORIZON LANDMARK ETF ,NYSE,ETF,2025-01-23,,Active
BEP,Brookfield Renewable Partners LP,NYSE,Stock,2005-11-15,,Active
BEP-P-A,Brookfield Renewable Partners LP 525 Class A Preferred Limited Partnership Units Series 17,NYSE,Stock,2020-02-20,,Active
BEPC,Brookfield Renewable Corporation (Exchangeable Shares) - Class A,NYSE,Stock,2024-12-24,,Active
BEPH,Brookfield BRP Holdings (Canada) Inc,NYSE,Stock,2021-04-16,,Active
BEPI,Brookfield BRP Holdings (Canada) Inc,NYSE,Stock,2021-12-14,,Active
BEPJ,Brookfield BRP Holdings (Canada) Inc,NYSE,Stock,2024-03-27,,Active
BERZ,Bank of Montreal,NYSE,Stock,2021-08-18,,Active
BESF,BASTION ENERGY ETF ,BATS,ETF,2025-06-04,,Active
BESO,GSR Crypto Core3 ETF,NASDAQ,ETF,2026-04-22,,Active
BESS,Bimergen Energy Corp,AMEX,Stock,2011-02-22,,Active
BESS-WS,Bimergen Energy Corp - Warrants (12/12/2030),AMEX,Stock,2026-02-20,,Active
BETA,BETA Technologies Inc - Class A,NYSE,Stock,2025-11-04,,Active
BETE,PROSHARES BITCOIN & ETHER EQUAL WEIGHT STRATEGY ETF ,NYSE,ETF,2023-10-02,,Active
BETH,PROSHARES BITCOIN & ETHER MARKET CAP WEIGHT STRATEGY ETF ,NYSE,ETF,2023-10-02,,Active
BETR,Better Home & Finance Holding Company,NASDAQ,Stock,2023-08-24,,Active
BETRW,Better Home & Finance Holding Co. - Warrants (23/08/2028),NASDAQ,Stock,2021-05-11,,Active
BETZ,ROUNDHILL SPORTS BETTING & IGAMING ETF ,NYSE,ETF,2020-06-04,,Active
BEX,Tradr 2X Long BE Daily ETF,BATS,ETF,2026-05-26,,Active
BF-A,Brown-Forman Corp - Class A,NYSE,Stock,1973-05-03,,Active
BF-B,Brown-Forman Corp - Class B,NYSE,Stock,1984-09-07,,Active
BFAM,Bright Horizons Family Solutions Inc,NYSE,Stock,2013-01-25,,Active
BFAP,FT VEST BITCOIN STRATEGY FLOOR15 ETF - APRIL ,NYSE,ETF,2025-04-04,,Active
BFC,Bank First Corp,NASDAQ,Stock,2002-01-29,,Active
BFEB,Innovator U.S. Equity Buffer ETF - February,BATS,ETF,2020-02-03,,Active
BFEW,FT Vest Laddered U.S. Equity Equal Weight Buffer,BATS,Stock,2026-04-08,,Active
BFH,Bread Financial Holdings Inc,NYSE,Stock,2001-06-15,,Active
BFH-P-A,Bread Financial Holdings Inc,NYSE,Stock,2025-12-01,,Active
BFH-P-B,Bread Financial Holdings Inc,NYSE,Stock,2026-05-15,,Active
BFIIW,BurgerFi Interna,NASDAQ,Stock,2026-02-06,,Active
BFIN,Bankfinancial Corp,NASDAQ,Stock,2005-06-28,,Active
BFIX,BUILD BOND INNOVATION ETF ,NYSE,ETF,2022-02-10,,Active
BFJA,FT VEST BITCOIN STRATEGY FLOOR15 ETF - JANUARY ,NYSE,ETF,2026-01-12,,Active
BFJL,FT VEST BITCOIN STRATEGY FLOOR15 ETF - JULY ,NYSE,ETF,2025-07-01,,Active
BFK,BlackRock Municipal Income Trust,NYSE,ETF,2001-07-27,,Active
BFLB,BUFFERLABS US EQUITY DYNAMIC BUFFER ETF ,BATS,ETF,2025-10-08,,Active
BFLX,iShares Flexible Equity Active ETF,NASDAQ,Stock,2026-05-20,,Active
BFLY,Butterfly Network Inc - Class A,NYSE,Stock,2020-07-13,,Active
BFLY-WS,Butterfly Network Inc Wt Exp 05272025,NYSE,Stock,2021-02-16,,Active
BFOC,FT VEST BITCOIN STRATEGY FLOOR15 ETF - OCTOBER ,NYSE,ETF,2025-10-01,,Active
BFOR,BARRON'S 400 ETF ,NYSE,ETF,2013-06-04,,Active
BFRG,Bullfrog AI Holdings Inc,NASDAQ,Stock,2023-02-13,,Active
BFRGW,Bullfrog AI Holdings Inc - Warrants(18/01/2028),NASDAQ,Stock,2023-02-14,,Active
BFRI,Biofrontera Inc,NASDAQ,Stock,2021-10-29,,Active
BFRIW,Biofrontera Inc - Warrants (27/10/2026),NASDAQ,Stock,2021-10-29,,Active
BFRZ,Innovator Equity Managed 100 Buffer ETF,NYSE,ETF,2025-05-13,,Active
BFS,Saul Centers Inc,NYSE,Stock,1993-08-19,,Active
BFS-P-D,Saul Centers Inc,NYSE,Stock,2018-01-18,,Active
BFS-P-E,Saul Centers Inc,NYSE,Stock,2019-09-11,,Active
BFST,Business First Bancshares Inc,NASDAQ,Stock,2018-04-11,,Active
BFTR,BlackRock Future Innovators ETF,NYSE ARCA,ETF,2020-10-01,,Active
BFX,BFX HOSPITALITY GROUP INC,NYSE,Stock,2023-11-01,,Active
BFXU,FT Vest Laddered U.S. Equity Uncapped Accelerator,BATS,Stock,2026-04-08,,Active
BFZ,BlackRock California Municipal Income Trust,NYSE,ETF,2001-07-27,,Active
BG,Bunge Global SA,NYSE,Stock,2001-08-02,,Active
BGB,Blackstone Strategic Credit 2027 Term Fund,NYSE,ETF,2012-09-26,,Active
BGC,BGC Group Inc - Class A,NASDAQ,Stock,1999-12-10,,Active
BGDE,Big Digital Energy Inc,NASDAQ,Stock,2017-11-20,,Active
BGDV,BAHL & GAYNOR DIVIDEND ETF ,NYSE,ETF,2024-12-12,,Active
BGFI,BNY Mellon Global Fixed Income ETF,BATS,ETF,2026-07-27,,Active
BGH,Barings Global Short Duration High Yield Fund,NYSE,ETF,2012-10-26,,Active
BGIG,BAHL & GAYNOR INCOME GROWTH ETF ,NYSE,ETF,2023-09-15,,Active
BGIN,Bgin Blockchain Ltd - Class A,NASDAQ,Stock,2025-10-21,,Active
BGL,Blue Gold Limited,NASDAQ,Stock,2026-05-26,,Active
BGLC,BioNexus Gene Lab Corp,NASDAQ,Stock,2020-09-16,,Active
BGLD,FT VEST GOLD STRATEGY QUARTERLY BUFFER ETF ,BATS,ETF,2021-01-21,,Active
BGLWW,Blue Gold Ltd Warrant,NASDAQ,Stock,2025-06-26,,Active
BGM,Qilian International Holding Group Ltd - Class A,NASDAQ,Stock,2024-08-12,,Active
BGMS,Bio Green Med Solution Inc,NASDAQ,Stock,2004-05-05,,Active
BGR,Blackrock Energy & Resources Trust,NYSE,ETF,2004-12-23,,Active
BGRN,ISHARES USD GREEN BOND ETF ,NASDAQ,ETF,2018-11-27,,Active
BGRO,BlackRock Large Cap Growth ETF,NASDAQ,ETF,2024-06-05,,Active
BGRY,Berkshire Grey Inc - Class A,NASDAQ,Stock,2021-02-11,,Active
BGRYW,Berkshire Grey Inc - Warrants (21/07/2026),NASDAQ,Stock,2021-02-12,,Active
BGS,B&G Foods Inc,NYSE,Stock,2007-05-23,,Active
BGSF,BGSF Inc,NYSE,Stock,2014-04-29,,Active
BGSI,Boyd Group Services Inc,NYSE,Stock,2025-10-31,,Active
BGT,BlackRock Floating Rate Income Trust,NYSE,ETF,2004-08-30,,Active
BGUS,Baillie Gifford U.S. Equity Growth ETF,NASDAQ,ETF,2026-07-28,,Active
BGX,Blackstone Long-Short Credit Income Fund,NYSE,ETF,2011-01-27,,Active
BGY,BlackRock Enhanced International Dividend Trust,NYSE,ETF,2007-05-25,,Active
BH,Biglari Holdings Inc - Class B,NYSE,Stock,1992-02-25,,Active
BH-A,Biglari Holdings Inc - Class A,NYSE,Stock,2018-05-01,,Active
BHAV,BHAV Acquisition Corp,NASDAQ,Stock,2026-04-16,,Active
BHAVR,Bhav Acquisition Corp,NASDAQ,Stock,2026-04-16,,Active
BHAVU,BHAV Acquisition Corp Units,NASDAQ,Stock,2026-03-19,,Active
BHB,Bar Harbor Bankshares Inc,AMEX,Stock,1997-09-23,,Active
BHC,Bausch Health Companies Inc,NYSE,Stock,2001-01-02,,Active
BHDG,Nicholas Bitcoin Tail ETF,NASDAQ,ETF,2026-03-18,,Active
BHE,Benchmark Electronics Inc,NYSE,Stock,1990-06-28,,Active
BHF,Brighthouse Financial Inc,NASDAQ,Stock,2017-07-17,,Active
BHFAL,Brighthouse Financial Inc,NASDAQ,Stock,2018-09-14,,Active
BHFAM,Brighthouse Financial Inc,NASDAQ,Stock,2021-11-11,,Active
BHFAN,Brighthouse Financial Inc,NASDAQ,Stock,2020-11-11,,Active
BHFAO,Brighthouse Financial Inc,NASDAQ,Stock,2020-05-18,,Active
BHFAP,Brighthouse Financial Inc,NASDAQ,Stock,2019-03-18,,Active
BHIL-WS,Benson Hill Inc Wt,NYSE,Stock,2021-09-30,,Active
BHK,BlackRock Core Bond Trust,NYSE,ETF,2001-11-28,,Active
BHK-R,Blackrock Core Bond Trust Rights expiring June 18 2025 Rights,NYSE,Stock,2025-05-30,,Active
BHK-R-W,Blackrock Core Bond Trust Rights expiring June 18 2025 Rights when issued,NYSE,Stock,2025-05-23,,Active
BHM,Bluerock Homes Trust Inc - Class A,AMEX,Stock,2022-09-28,,Active
BHP,BHP Group Ltd,NYSE,Stock,1987-05-29,,Active
BHR,Braemar Hotels & Resorts Inc,NYSE,Stock,2013-11-06,,Active
BHR-P-B,Braemar Hotels & Resorts Inc,NYSE,Stock,2016-05-02,,Active
BHR-P-D,Braemar Hotels & Resorts Inc,NYSE,Stock,2018-11-14,,Active
BHRB,Burke & Herbert Financial Services Corp,NASDAQ,Stock,2001-03-15,,Active
BHST,BioHarvest Sciences Inc,NASDAQ,Stock,2019-03-08,,Active
BHV,BlackRock Virginia Municipal Bond Trust.,NYSE,ETF,2002-04-26,,Active
BHVN,Biohaven Ltd,NYSE,Stock,2022-09-23,,Active
BHYB,XTRACKERS USD HIGH YIELD BB-B EX FINANCIALS ETF ,BATS,ETF,2023-10-27,,Active
BHYP,Bitwise Hyperliquid ETF,NYSE,ETF,2026-05-15,,Active
BIAF,BioAffinity Technologies Inc,NASDAQ,Stock,2022-09-01,,Active
BIAFW,BioAffinity Technologies Inc - Warrants(23/06/2027),NASDAQ,Stock,2022-09-01,,Active
BIB,PROSHARES ULTRA NASDAQ BIOTECHNOLOGY ,NASDAQ,ETF,2010-04-08,,Active
BIBL,INSPIRE 100 ETF ,NYSE,ETF,2017-10-31,,Active
BID,Tribeca Strategic Acquisition Corp - Class A,NASDAQ,Stock,2026-07-20,,Active
BIDD,BlackRock International Dividend ETF,NYSE,ETF,2024-11-18,,Active
BIDG,Leverage Shares 2X Long BIDU Daily ETF,NASDAQ,ETF,2025-12-18,,Active
BIDU,Baidu Inc,NASDAQ,Stock,2005-08-05,,Active
BIDWR,Tribeca Strategic Acquisition Corp,NASDAQ,Stock,2026-07-20,,Active
BIDWU,Tribeca Strategic Acquisition Corp - Units (1 Ord Cls A & 1 Rts),NASDAQ,Stock,2026-05-29,,Active
BIGY,YIELDMAX(R) TARGET 12(TM) BIG 50 OPTION INCOME ETF ,NYSE,ETF,2024-11-21,,Active
BIIB,Biogen Inc,NASDAQ,Stock,1991-09-17,,Active
BIII,Black Spade Acquisition III Co Class A,NYSE,Stock,2026-01-29,,Active
BIII-U,Black Spade Acquisition III Co - Units (1 Ord Cls A & 1/3 War),NYSE,Stock,2026-01-06,,Active
BIII-WS,Black Spade Acquisition III Co Redeemable warrants each whole warrant exercisable for one Class A ordinary share at an exercise price of 11.50,NYSE,Stock,2026-01-29,,Active
BIL,STATE STREET(R) SPDR(R) BLOOMBERG 1-3 MONTH T-BILL ETF ,NYSE,ETF,2007-05-30,,Active
BILD,MACQUARIE GLOBAL LISTED INFRASTRUCTURE ETF ,NYSE,ETF,2023-11-29,,Active
BILI,Bilibili Inc,NASDAQ,Stock,2018-03-28,,Active
BILL,BILL Holdings Inc,NYSE,Stock,2019-12-12,,Active
BILS,STATE STREET(R) SPDR(R) BLOOMBERG 3-12 MONTH T-BILL ETF ,NYSE,ETF,2020-09-24,,Active
BILT,iShares Infrastructure Active ETF,BATS,ETF,2025-07-31,,Active
BILZ,PIMCO ULTRA SHORT GOVERNMENT ACTIVE EXCHANGE-TRADED FUND ,NYSE,ETF,2023-06-22,,Active
BINC,BlackRock Flexible Income ETF,NYSE,ETF,2023-05-23,,Active
BINT,BLUEMONTE GLOBAL EQUITY ETF ,NYSE,ETF,2025-06-23,,Active
BINV,BRANDES INTERNATIONAL ETF ,BATS,ETF,2023-10-05,,Active
BIO,Bio-Rad Laboratories Inc - Class A,NYSE,Stock,1980-02-27,,Active
BIO-B,Bio-Rad Laboratories Inc - Class B,NYSE,Stock,1999-09-21,,Active
BIOA,BioAge Labs Inc,NASDAQ,Stock,2024-09-26,,Active
BIOR,Biora Therapeutics Inc,NASDAQ,Stock,2026-02-06,,Active
BIOSU,BioPlus Acquisition Corp - Units (1 Ord Share Class A & 1/2 War),NASDAQ,Stock,2021-12-03,,Active
BIOT,Instinct Bio Technical Company Holdings Inc,NASDAQ,Stock,2026-07-24,,Active
BIOTW,Instinct Bio Technical Company Holdings Inc - Warrants (14/07/2031),NASDAQ,Stock,2026-07-24,,Active
BIOX,Bioceres Crop Solutions Corp,NASDAQ,Stock,2018-03-22,,Active
BIOY,YIELDMAX(R) TARGET 12(TM) BIOTECH & PHARMA OPTION INCOME ETF ,NASDAQ,ETF,2026-05-05,,Active
BIP,Brookfield Infrastructure Partners L.P,NYSE,Stock,2008-01-10,,Active
BIP-P-A,Brookfield Infrastructure Partners L.P,NYSE,Stock,2020-09-15,,Active
BIP-P-B,Brookfield Infrastructure Partners L.P,NYSE,Stock,2021-01-14,,Active
BIPC,Brookfield Infrastructure Corp (Exchangeable Shares) - Class A,NYSE,Stock,2024-12-27,,Active
BIPH,Brookfield Infrastructure Finance ULC,NYSE,Stock,2021-05-26,,Active
BIPI,BIP Bermuda Holdings I Ltd,NYSE,Stock,2022-01-26,,Active
BIPJ,Brookfield Infrastructure Finance ULC,NYSE,Stock,2024-05-30,,Active
BIRD,Allbirds Inc Class A,NASDAQ,Stock,2021-11-03,,Active
BIRK,Birkenstock Holding Plc,NYSE,Stock,2023-10-11,,Active
BIS,ProShares UltraShort Nasdaq Biotechnology -2x Shares,NASDAQ,ETF,2010-04-08,,Active
BIT,BlackRock Multi-Sector Income Trust,NYSE,ETF,2013-02-26,,Active
BIT-R,BlackRock MultiSector Income Trust Rights expiring September 9 2025 Rights,NYSE,Stock,2025-08-25,,Active
BIT-R-W,BlackRock MultiSector Income Trust Rights expiring September 9 2025 Rights when issued,NYSE,Stock,2025-08-19,,Active
BITA,iShares Bitcoin Premium Income ETF,NASDAQ,ETF,2026-06-16,,Active
BITB,Bitwise Bitcoin ETF,NYSE,ETF,2024-01-11,,Active
BITC,Bitwise Trendwise BTC/ETH and Treasuries Rotation Strategy ETF,NYSE,ETF,2023-03-21,,Active
BITI,ProShares Short Bitcoin ETF,NYSE,ETF,2022-06-21,,Active
BITK,TUTTLE CAPITAL BITCOIN 0DTE COVERED CALL ETF ,BATS,ETF,2025-09-24,,Active
BITO,PROSHARES BITCOIN STRATEGY ETF ,NYSE,ETF,2021-10-19,,Active
BITQ,BITWISE CRYPTO INDUSTRY INNOVATORS ETF ,NYSE,ETF,2021-05-12,,Active
BITS,GLOBAL X BLOCKCHAIN & BITCOIN STRATEGY ETF ,NASDAQ,ETF,2021-11-16,,Active
BITU,PROSHARES ULTRA BITCOIN ETF ,NYSE,ETF,2024-04-02,,Active
BITW,Bitwise 10 Crypto Index Fund,NYSE,Stock,2020-10-15,,Active
BITX,2X BITCOIN ETF ,BATS,ETF,2023-06-27,,Active
BITY,AMPLIFY BITCOIN 2% MONTHLY OPTION INCOME ETF ,BATS,ETF,2025-04-29,,Active
BIV,VANGUARD INTERMEDIATE-TERM BOND INDEX FUND ETF SHARES,NYSE,ETF,2007-04-10,,Active
BIVI,BioVie Inc - Class A,NASDAQ,Stock,2014-05-05,,Active
BIVIW,BioVie Inc Warrant,NASDAQ,Stock,2025-08-08,,Active
BIXI,Bitcoin Infrastructure Acquisition Corp Ltd,NASDAQ,Stock,2025-12-17,,Active
BIXIU,Bitcoin Infrastructure Acquisition Corp Ltd - Units (1 Ord Cls A & 1/2 War),NASDAQ,Stock,2025-12-02,,Active
BIXIW,Bitcoin Infrastructure Acquisition Corp Ltd Warrants,NASDAQ,Stock,2025-12-17,,Active
BIYA,Baiya International Group Inc,NASDAQ,Stock,2025-03-21,,Active
BIZD,VANECK BDC INCOME ETF ,NYSE,ETF,2013-02-12,,Active
BJ,BJ`s Wholesale Club Holdings Inc,NYSE,Stock,2018-06-28,,Active
BJAN,Innovator U.S. Equity Buffer ETF - January,BATS,ETF,2019-01-02,,Active
BJDX,Bluejay Diagnostics Inc,NASDAQ,Stock,2021-11-10,,Active
BJRI,BJ`s Restaurant Inc,NASDAQ,Stock,1996-10-10,,Active
BJUL,Innovator U.S. Equity Buffer ETF - July,BATS,ETF,2018-08-29,,Active
BJUN,Innovator U.S. Equity Buffer ETF - June,BATS,ETF,2019-06-03,,Active
BKAG,BNY MELLON CORE BOND ETF ,NYSE,ETF,2020-04-24,,Active
BKCG,BNY MELLON CONCENTRATED GROWTH ETF ,NYSE,ETF,2025-03-31,,Active
BKCH,GLOBAL X BLOCKCHAIN ETF ,NASDAQ,ETF,2021-07-14,,Active
BKCI,BNY MELLON CONCENTRATED INTERNATIONAL ETF ,NYSE,ETF,2021-12-08,,Active
BKD,Brookdale Senior Living Inc,NYSE,Stock,2005-11-22,,Active
BKDV,BNY MELLON DYNAMIC VALUE ETF ,NYSE,ETF,2024-11-04,,Active
BKE,Buckle Inc,NYSE,Stock,1992-05-11,,Active
BKEM,BNY MELLON EMERGING MARKETS EQUITY ETF ,NYSE,ETF,2020-04-24,,Active
BKF,ISHARES MSCI BIC ETF ,NYSE,ETF,2007-11-20,,Active
BKFI,BNY Mellon Active Core Bond,NYSE,Stock,2026-01-12,,Active
BKGI,BNY MELLON GLOBAL INFRASTRUCTURE INCOME ETF ,BATS,ETF,2022-11-03,,Active
BKH,Black Hills Corporation,NYSE,Stock,1984-09-07,,Active
BKHA,Black Hawk Acquisition Corp - Class A,NASDAQ,Stock,2024-05-13,,Active
BKHAR,Black Hawk Acquisition Corp,NASDAQ,Stock,2024-05-13,,Active
BKHAU,Black Hawk Acquisition Corp - Units (1 Ord Share Cls A & 1/5 Rts ),NASDAQ,Stock,2024-03-21,,Active
BKHY,BNY MELLON HIGH YIELD ETF ,NYSE,ETF,2020-04-24,,Active
BKIE,BNY MELLON INTERNATIONAL EQUITY ETF ,NYSE,ETF,2020-04-24,,Active
BKKT,Bakkt Holdings Inc - Class A,NYSE,Stock,2020-11-19,,Active
BKKT-WS,Bakkt Holdings Inc Warrant,NYSE,Stock,2021-10-18,,Active
BKLC,BNY MELLON US LARGE CAP CORE EQUITY ETF ,NYSE,ETF,2020-04-09,,Active
BKLG,BNY Mellon US Large Cap Equity Growth,NYSE ARCA,Stock,2026-06-23,,Active
BKLN,INVESCO SENIOR LOAN ETF ,NYSE,ETF,2011-03-03,,Active
BKMC,BNY MELLON US MID CAP CORE EQUITY ETF ,NYSE,ETF,2020-04-09,,Active
BKMI,BNY Mellon Municipal Intermediate ETF,NASDAQ,ETF,2026-01-12,,Active
BKMS,BNY Mellon Municipal Short Duration ETF,NASDAQ,ETF,2026-01-12,,Active
BKN,BlackRock Investment Quality Municipal Trust,NYSE,ETF,1993-02-23,,Active
BKNG,Booking Holdings Inc,NASDAQ,Stock,1999-03-31,,Active
BKNU,TREX 2X Long BKNG Daily Target ETF,BATS,ETF,2025-09-17,,Active
BKR,Baker Hughes Co - Class A,NASDAQ,Stock,2017-07-05,,Active
BKSB,BNY Mellon Short Duration Corporate Bond ETF,NYSE ARCA,ETF,2020-04-24,,Active
BKSE,BNY MELLON US SMALL CAP CORE EQUITY ETF ,NYSE,ETF,2020-04-09,,Active
BKSY,BlackSky Technology Inc - Class A,NYSE,Stock,2019-12-20,,Active
BKSY-WS,BlackSky Technology Inc Wt Exp 10302024,NYSE,Stock,2021-09-10,,Active
BKT,BlackRock Income Trust Inc,NYSE,ETF,1988-07-25,,Active
BKT-R,BlackRock Income Trust Inc The Rights expiring October 20 2025 Rights,NYSE,Stock,2025-10-01,,Active
BKT-R-W,BlackRock Income Trust Inc The Rights expiring October 20 2025 Rights when issued,NYSE,Stock,2025-09-30,,Active
BKTI,BK Technologies Corp,AMEX,Stock,1990-06-25,,Active
BKU,BankUnited Inc,NYSE,Stock,2011-01-28,,Active
BKUI,BNY MELLON ULTRA SHORT INCOME ETF ,NYSE,ETF,2021-08-11,,Active
BKV,BKV Corp,NYSE,Stock,2024-09-26,,Active
BL,BlackLine Inc,NASDAQ,Stock,2016-10-28,,Active
BLAC,Bellevue Life Sciences Acquisition Corp.,NASDAQ,Stock,2026-05-28,,Active
BLACW,Bellevue Life Sciences Acquisition Corp. Warrant,NASDAQ,Stock,2026-05-28,,Active
BLBD,Blue Bird Corp,NASDAQ,Stock,2014-03-20,,Active
BLCO,Bausch + Lomb Corp,NYSE,Stock,2022-05-06,,Active
BLCR,BlackRock Large Cap Core ETF,NASDAQ,ETF,2023-10-26,,Active
BLCV,iShares Large Cap Value Active ETF,NYSE ARCA,ETF,2023-05-23,,Active
BLDE,Blade Air Mobility Inc - Class A,NASDAQ,Stock,2019-11-05,,Active
BLDG,CAMBRIA GLOBAL REAL ESTATE ETF ,BATS,ETF,2020-09-24,,Active
BLDP,Ballard Power Systems Inc,NASDAQ,Stock,1995-11-08,,Active
BLDR,Builders Firstsource Inc,NYSE,Stock,2005-06-28,,Active
BLDX,Impax Global Infrastructure,NYSE,Stock,2026-02-02,,Active
BLE,BlackRock Municipal Income Trust II,NYSE,ETF,2002-07-30,,Active
BLES,INSPIRE GLOBAL HOPE ETF ,NYSE,ETF,2017-02-28,,Active
BLFS,Biolife Solutions Inc,NASDAQ,Stock,1992-05-26,,Active
BLGR,BLUEMONTE LARGE CAP GROWTH ETF ,NYSE,ETF,2025-06-23,,Active
BLHY,VIRTUS NEWFLEET SHORT DURATION HIGH YIELD BOND ETF ,NYSE ARCA,ETF,2016-12-06,,Active
BLIN,Bridgeline Digital Inc,NASDAQ,Stock,2007-06-29,,Active
BLIV,BeLive Holdings,NASDAQ,Stock,2025-04-04,,Active
BLK,BlackRock Finance Inc,NYSE,Stock,1999-10-01,,Active
BLKB,Blackbaud Inc,NASDAQ,Stock,2004-07-26,,Active
BLLN,Billiontoone Inc - Class A,NASDAQ,Stock,2025-11-06,,Active
BLMN,Bloomin Brands Inc,NASDAQ,Stock,2012-08-08,,Active
BLND,Blend Labs Inc - Class A,NYSE,Stock,2021-07-16,,Active
BLNE,Eastside Distilling Inc,NASDAQ,Stock,2018-01-04,,Active
BLNK,Blink Charging Company,NASDAQ,Stock,2018-02-13,,Active
BLOK,AMPLIFY BLOCKCHAIN TECHNOLOGY ETF ,NYSE,ETF,2018-01-17,,Active
BLOX,NICHOLAS CRYPTO INCOME ETF ,NYSE,ETF,2025-06-17,,Active
BLRK,Bluerock Acquisition Corp - Class A,NASDAQ,Stock,2026-02-02,,Active
BLRKU,Bluerock Acquisition Corp - Units (1 Ord Cls A & 1/3 War),NASDAQ,Stock,2025-12-11,,Active
BLRKW,Bluerock Acquisition Corp - Warrants (12/12/2032),NASDAQ,Stock,2026-02-03,,Active
BLRX,Bioline Rx Ltd,NASDAQ,Stock,2011-07-27,,Active
BLSG,LEVERAGE SHARES 2X LONG BLSH DAILY ETF ,NASDAQ,ETF,2025-10-27,,Active
BLSH,Bullish,NYSE,Stock,2025-08-13,,Active
BLSM,BlossomHill Therapeutics Inc.,NASDAQ,Stock,2026-08-07,,Active
BLST,BLUEMONTE SHORT TERM BOND ETF ,NYSE,ETF,2025-06-23,,Active
BLSX,Tradr 2X Long BLSH Daily ETF,BATS,ETF,2025-10-23,,Active
BLTD,BLUEMONTE LONG TERM BOND ETF ,NYSE,ETF,2025-06-23,,Active
BLTE,Belite Bio Inc,NASDAQ,Stock,2022-04-29,,Active
BLUC,BLUEMONTE LARGE CAP CORE ETF ,NYSE,ETF,2025-06-23,,Active
BLUI,BLUEMONTE DIVERSIFIED INCOME ETF ,NYSE,ETF,2025-06-23,,Active
BLUW,Clarus Therapeutics Holdings Inc - Class A,NASDAQ,Stock,2021-02-09,,Active
BLUWU,Blue Water Acquisition Corp III - Units (1 Ord Cls A & 1/2 War),NASDAQ,Stock,2025-06-10,,Active
BLUWW,Blue Water Acquisition Corp. III Warrant.,NASDAQ,Stock,2026-05-28,,Active
BLUX,BLUEMONTE DYNAMIC TOTAL MARKET ETF ,NYSE,ETF,2025-06-23,,Active
BLV,VANGUARD LONG-TERM BOND INDEX FUND ETF SHARES,NYSE,ETF,2007-04-10,,Active
BLW,BlackRock Ltd Duration Income Trust,NYSE,ETF,2003-07-29,,Active
BLX,Banco Latinoamericano De Comercio Exterior SA - Class E,NYSE,Stock,1992-09-24,,Active
BLZE,Backblaze Inc - Class A,NASDAQ,Stock,2021-11-11,,Active
BLZR,Trailblazer Acquisition Corp,NASDAQ,Stock,2025-10-31,,Active
BLZRU,Trailblazer Acquisition Corp - Units (1 Ord Cls A & 1/3 War),NASDAQ,Stock,2025-09-09,,Active
BLZRW,Trailblazer Acquisition Corp Warrant,NASDAQ,Stock,2025-10-31,,Active
BMA,Banco Macro S.A.,NYSE,Stock,2006-03-27,,Active
BMAC,Black Mountain Acquisition Corp - Class A,NYSE,Stock,2021-11-12,,Active
BMAC-U,Black Mountain Acquisition Corp - Units (1 Ord Class A & 0.75 War),NYSE,Stock,2021-10-14,,Active
BMAC-WS,Black Mountain Acquisition Corp - Warrants (15/10/2027),NYSE,Stock,2021-11-12,,Active
BMAQU,Blockchain Moon Acquisition Corp - Units (1 Ord 1 War & 1 Rts),NASDAQ,Stock,2021-10-19,,Active
BMAR,Innovator U.S. Equity Buffer ETF - March,BATS,ETF,2020-03-02,,Active
BMAX,REX Bitcoin Corporate Treasury Convertible Bond ETF,NASDAQ,ETF,2025-03-14,,Active
BMAY,Innovator U.S. Equity Buffer ETF - May,BATS,ETF,2020-05-01,,Active
BMBL,Bumble Inc - Class A,NASDAQ,Stock,2021-02-11,,Active
BMDL,VICTORYSHARES WESTEND ECONOMIC CYCLE BOND ETF ,NASDAQ,ETF,2026-02-09,,Active
BME,BlackRock Health Sciences Trust,NYSE,ETF,2005-03-29,,Active
BMEA,Biomea Fusion Inc,NASDAQ,Stock,2021-04-16,,Active
BMED,BlackRock Future Health ETF,NYSE,ETF,2020-10-01,,Active
BMEZ,BlackRock Health Sciences Term Trust,NYSE,Stock,2020-01-29,,Active
BMGL,Basel Medical Group Ltd,NASDAQ,Stock,2025-02-25,,Active
BMHL,Bluemount Holdings Ltd,NASDAQ,Stock,2025-07-11,,Active
BMI,Badger Meter Inc,NYSE,Stock,1984-09-07,,Active
BML-P-G,Bank Of America Corp,NYSE,Stock,2014-09-22,,Active
BML-P-H,Bank Of America Corp,NYSE,Stock,2014-09-22,,Active
BML-P-J,Bank Of America Corp,NYSE,Stock,2014-09-22,,Active
BML-P-L,Bank Of America Corp,NYSE,Stock,2014-09-22,,Active
BMN,BlackRock 2037 Municipal Target Term Trust,NYSE,Stock,2022-10-27,,Active
BMNG,LEVERAGE SHARES 2X LONG BMNR DAILY ETF ,NASDAQ,ETF,2025-10-27,,Active
BMNR,BitMine Immersion Technologies Inc,NYSE,Stock,2025-06-05,,Active
BMNU,T-REX 2X LONG BMNR DAILY TARGET ETF ,BATS,ETF,2025-09-26,,Active
BMNZ,Tidal Trust II Defiance Daily Target 2X Short BMNR,NYSE,Stock,2025-11-13,,Active
BMO,Bank of Montreal,NYSE,Stock,1994-10-27,,Active
BMOP,BNY Mellon Municipal Opportunities ETF,NASDAQ,ETF,2026-01-12,,Active
BMR,Beamr Imaging Ltd,NASDAQ,Stock,2023-02-28,,Active
BMRA,Biomerica Inc,NASDAQ,Stock,2005-01-03,,Active
BMRC,Bank of Marin Bancorp,NASDAQ,Stock,1999-12-23,,Active
BMRN,Biomarin Pharmaceutical Inc,NASDAQ,Stock,1999-07-26,,Active
BMSI,BNY Mellon Muti-Sector Income ETF,BATS,ETF,2026-07-27,,Active
BMTX-WS,BM Technologies Inc Warrants,AMEX,Stock,2021-01-06,,Active
BMVP,INVESCO BLOOMBERG MVP MULTI-FACTOR ETF ,NYSE,ETF,2003-05-01,,Active
BMY,Bristol-Myers Squibb Company,NYSE,Stock,1972-06-01,,Active
BN,Brookfield Corporation - Class A,NYSE,Stock,1983-12-30,,Active
BN-W,Brookfield Corporation Class A Ltd WhenIssued,NYSE,Stock,2022-12-01,,Active
BNAI,Brand Engagement Network Inc,NASDAQ,Stock,2024-03-14,,Active
BNAIW,Brand Engagement Network Inc - Warrants (14/03/2029),NASDAQ,Stock,2021-04-23,,Active
BNAV,Amplify Fairlead Tactical Bitcoin ETF,BATS,ETF,2026-07-29,,Active
BNC,CEA Industries Inc,NASDAQ,Stock,2013-11-08,,Active
BNCWW,CEA Industries Inc - Warrants (11/02/2027),NASDAQ,Stock,2022-02-11,,Active
BNCWZ,CEA Industries Inc Warrants,NASDAQ,Stock,2026-04-15,,Active
BND,VANGUARD TOTAL BOND MARKET INDEX FUND ETF SHARES,NASDAQ,ETF,2007-04-10,,Active
BNDC,FLEXSHARES CORE SELECT BOND FUND ,NYSE,ETF,2016-11-21,,Active
BNDD,QUADRATIC DEFLATION ETF ,NYSE,ETF,2021-09-21,,Active
BNDI,NEOS ENHANCED INCOME AGGREGATE BOND ETF ,NYSE,ETF,2022-08-30,,Active
BNDP,VANGUARD CORE-PLUS BOND INDEX ETF ETF SHARES,NASDAQ,ETF,2025-12-04,,Active
BNDS,INFRASTRUCTURE CAPITAL BOND INCOME ETF ,NYSE,ETF,2007-05-30,,Active
BNDW,VANGUARD TOTAL WORLD BOND ETF ETF SHARES,NASDAQ,ETF,2018-09-06,,Active
BNDX,VANGUARD TOTAL INTERNATIONAL BOND INDEX FUND ETF SHARES,NASDAQ,ETF,2013-06-04,,Active
BNDY,HORIZON CORE BOND ETF ,BATS,ETF,2025-07-03,,Active
BNED,Barnes & Noble Education Inc,NYSE,Stock,2015-08-03,,Active
BNGE,FIRST TRUST S-NETWORK STREAMING & GAMING ETF ,NYSE,ETF,2022-01-26,,Active
BNGO,Bionano Genomics Inc,NASDAQ,Stock,2018-09-21,,Active
BNH,Brookfield Finance Inc,NYSE,Stock,2020-10-21,,Active
BNJ,Brookfield Finance I (UK) plc,NYSE,Stock,2020-11-27,,Active
BNKD,Bank of Montreal,NYSE ARCA,ETF,2019-04-03,,Active
BNKK,Bonk Inc,NASDAQ,Stock,2020-10-30,,Active
BNKU,Bank of Montreal,NYSE ARCA,ETF,2019-04-03,,Active
BNL,Broadstone Net Lease Inc,NYSE,Stock,2021-03-22,,Active
BNMC,Corgi BMNR 2x Daily ETF,BATS,ETF,2026-07-10,,Active
BNO,United States Brent Crude Oil Fund,NYSE,ETF,2010-06-02,,Active
BNOV,Innovator U.S. Equity Buffer ETF - November,BATS,ETF,2019-11-01,,Active
BNR,Burning Rock Biotech Ltd,NASDAQ,Stock,2020-06-12,,Active
BNRE-A,Brookfield Reinsurance Ltd Class A1 Exchangeable NonVoting Shares,NYSE,Stock,2023-11-20,,Active
BNRG,,NASDAQ,Stock,2026-08-14,,Active
BNS,Bank Of Nova Scotia,NYSE,Stock,1999-09-13,,Active
BNT,Brookfield Reinsurance Ltd (Exchangeable Shares Sub Voting) - Class A,NYSE,Stock,2021-06-28,,Active
BNTC,Benitec Biopharma Inc,NASDAQ,Stock,2015-08-18,,Active
BNTX,BioNTech SE,NASDAQ,Stock,2019-10-10,,Active
BNY,Bank Of New York Mellon Corp,NYSE,Stock,1973-05-03,,Active
BNY-P-K,Bank Of New York Mellon Corp,NYSE,Stock,2025-03-21,,Active
BNZI,Banzai International Inc,NASDAQ,Stock,2026-07-27,,Active
BNZIW,Banzai International Inc Warrant,NASDAQ,Stock,2026-08-07,,Active
BOAC,Bluescape Opportunities Acquisition Corp - Class A,NYSE,Stock,2020-12-18,,Active
BOAC-U,Bluescape Opportunities Acquisition Corp - Units (1 Ord Share Class A & 1/2 War),NYSE,Stock,2020-10-28,,Active
BOAC-WS,Bluescape Opportunities Acquisition Corp - Warrants (01/01/9999),NYSE,Stock,2020-12-18,,Active
BOAT,SONICSHARESTM GLOBAL SHIPPING ETF ,NYSE,ETF,2021-08-04,,Active
BOB,Merlyn.AI Best-of-Breed Core Momentum ETF,BATS,ETF,2021-01-13,,Active
BOBP,CORE16 BEST OF BREED PREMIER INDEX ETF ,NYSE,ETF,2025-05-21,,Active
BOBS,Bob`s Discount Furniture Inc,NYSE,Stock,2026-02-05,,Active
BOC,Boston Omaha Corp - Class A,NYSE,Stock,2017-06-16,,Active
BOCT,Innovator U.S. Equity Buffer ETF - October,BATS,ETF,2018-10-01,,Active
BODI,The Beachbody Company Inc Class A,NASDAQ,Stock,2024-03-04,,Active
BOE,BlackRock Enhanced Global Dividend Trust,NYSE,ETF,2005-05-26,,Active
BOED,Direxion Daily BA Bear 1X Shares,NASDAQ,ETF,2025-04-23,,Active
BOEG,LEVERAGE SHARES 2X LONG BA DAILY ETF ,NASDAQ,ETF,2025-06-13,,Active
BOEU,Direxion Daily BA Bull 2X Shares,NASDAQ,ETF,2025-04-23,,Active
BOF,BranchOut Food Inc,NASDAQ,Stock,2023-06-16,,Active
BOH,Bank of Hawaii Corp,NYSE,Stock,1984-09-07,,Active
BOH-P-A,Bank of Hawaii Corp,NYSE,Stock,2021-06-09,,Active
BOH-P-B,Bank of Hawaii Corp,NYSE,Stock,2024-06-26,,Active
BOIL,ProShares Ultra Bloomberg Natural Gas 2x Shares,NYSE,ETF,2011-10-06,,Active
BOKF,BOK Financial Corp,NASDAQ,Stock,1991-09-05,,Active
BOLD,Boundless Bio Inc,NASDAQ,Stock,2024-03-28,,Active
BOLT,Bolt Biotherapeutics Inc,NASDAQ,Stock,2021-02-05,,Active
BON,Bon Natural Life Ltd - Class A,NASDAQ,Stock,2025-02-27,,Active
BOND,PIMCO ACTIVE BOND EXCHANGE-TRADED FUND ,NYSE,ETF,2012-03-01,,Active
BOOM,DMC Global Inc,NASDAQ,Stock,1989-01-05,,Active
BOOT,Boot Barn Holdings Inc,NYSE,Stock,2014-10-30,,Active
BORR,Borr Drilling Ltd,NYSE,Stock,2018-05-22,,Active
BOSC,B.O.S. Better Online Solutions,NASDAQ,Stock,1996-04-02,,Active
BOSS,Global X Founder-Run Companies ETF,BATS,ETF,2017-02-15,,Active
BOT,RoboStrategy Inc,NASDAQ,Stock,2026-05-11,,Active
BOTJ,Bank of James Financial Group Inc,NASDAQ,Stock,2000-08-10,,Active
BOTT,THEMES HUMANOID ROBOTICS ETF ,NASDAQ,ETF,2024-04-22,,Active
BOTZ,GLOBAL X ROBOTICS & ARTIFICIAL INTELLIGENCE ETF ,NASDAQ,ETF,2016-09-13,,Active
BOUT,Innovator IBD(R) Breakout Opportunities ETF,NYSE,ETF,2018-09-13,,Active
BOW,Bowhead Specialty Holdings Inc,NYSE,Stock,2024-05-23,,Active
BOX,Box Inc - Class A,NYSE,Stock,2015-01-23,,Active
BOXA,ALPHA ARCHITECT AGGREGATE BOND ETF ,BATS,ETF,2024-12-18,,Active
BOXL,ALPHA ARCHITECT LONG-TERM TREASURY BOND ETF ,NASDAQ,ETF,2017-11-30,,Active
BOXX,ALPHA ARCHITECT 1-3 MONTH BOX ETF ,BATS,ETF,2022-12-28,,Active
BP,BP plc,NYSE,Stock,1977-01-03,,Active
BPAC,Bullpen Parlay Acquisition Co - Class A,NASDAQ,Stock,2022-01-25,,Active
BPACR,Blueport Acquisition Ltd Rights,NASDAQ,Stock,2026-01-06,,Active
BPACU,Blueport Acquisition Ltd - Units (1 Ord Cls A & 1 Rts),NASDAQ,Stock,2025-11-12,,Active
BPAY,BlackRock Future Financial and Technology ETF,NYSE,ETF,2022-08-18,,Active
BPH,BP p.l.c. ADRhedged,NYSE,ETF,2026-05-26,,Active
BPI,GRAYSCALE BITCOIN PREMIUM INCOME ETF ,NYSE,ETF,2026-04-30,,Active
BPMC,Blueprint Medicines Corp,NASDAQ,Stock,2015-04-30,,Active
BPOP,Popular Inc,NASDAQ,Stock,1990-03-26,,Active
BPOPM,Popular Capital Trust II,NASDAQ,Stock,2008-11-19,,Active
BPRE,Bluerock Private Real Estate Fund of Beneficial Interest,NYSE,Stock,2025-12-16,,Active
BPRN,Princeton Bancorp Inc,NASDAQ,Stock,2016-07-12,,Active
BPRO,Bitwise Proficio Currency Debasement,NYSE,Stock,2026-01-22,,Active
BPYPM,Brookfield Property Preferred LP,NASDAQ,Stock,2021-07-27,,Active
BPYPN,Brookfield Property Partners L.P.,NASDAQ,Stock,2020-02-11,,Active
BPYPO,Brookfield Property Partners L.P.,NASDAQ,Stock,2019-08-14,,Active
BPYPP,Brookfield Property Partners L.P.,NASDAQ,Stock,2019-03-14,,Active
BQ,Boqii Holding Ltd,AMEX,Stock,2020-09-30,,Active
BR,Broadridge Financial Solutions Inc,NYSE,Stock,2007-04-02,,Active
BRAG,Bragg Gaming Group Inc,NASDAQ,Stock,2021-08-27,,Active
BRAI,Braiin Ltd,NASDAQ,Stock,2026-02-12,,Active
BRAZ,GLOBAL X BRAZIL ACTIVE ETF ,NYSE,ETF,2023-08-18,,Active
BRBI,BRBI BR Partners S.A.,NASDAQ,Stock,2025-09-19,,Active
BRBR,Bellring Brands Inc,NYSE,Stock,2019-10-17,,Active
BRBS,Blue Ridge Bankshares Inc (VA),AMEX,Stock,2007-08-10,,Active
BRC,Brady Corp - Class A,NYSE,Stock,1984-09-07,,Active
BRCB,Black Rock Coffee Bar Inc - Class A,NASDAQ,Stock,2025-09-12,,Active
BRCC,BRC Inc - Class A,NYSE,Stock,2021-05-03,,Active
BRCE,MFS BLENDED RESEARCH CORE EQUITY ETF ,NYSE,Stock,2025-10-22,,Active
BREE,MFS BLENDED RESEARCH EMERGING MARKETS EQUITY ETF ,NYSE,ETF,2026-03-05,,Active
BREM,IQ BEAR EMERGING MARKETS ETF,NASDAQ,ETF,2025-10-16,,Active
BRES,BURNEY U.S. EQUITY SELECT ETF ,NASDAQ,ETF,2026-02-05,,Active
BREW,Corgi Coffee & Energy Drinks ETF,BATS,ETF,2026-05-06,,Active
BREZ,Breeze Acquisition Corp II,NASDAQ,Stock,2026-06-11,,Active
BREZR,Breeze Acquisition Corp II,NASDAQ,Stock,2026-06-11,,Active
BREZU,Breeze Acquisition Corp II - Units (1 Ord Shs & 1 Rts),NASDAQ,Stock,2026-05-13,,Active
BRF,VANECK BRAZIL SMALL-CAP ETF ,NYSE,ETF,2009-05-14,,Active
BRFH,Barfresh Food Group Inc,NASDAQ,Stock,2012-03-30,,Active
BRHY,BlackRock High Yield ETF,NASDAQ,ETF,2024-06-18,,Active
BRIA,BrilliA Inc - Class A,AMEX,Stock,2024-11-27,,Active
BRIB,FIS Bright Portfolios Core Bond,NYSE,Stock,2026-03-19,,Active
BRID,Bridgford Foods Corp,NASDAQ,Stock,1984-09-07,,Active
BRIE,MFS BLENDED RESEARCH INTERNATIONAL EQUITY ETF ,NYSE,Stock,2025-10-22,,Active
BRIF,FIS Bright Portfolios Focused Equity ETF,NYSE ARCA,ETF,2024-12-20,,Active
BRK-A,Berkshire Hathaway Inc - Class A,NYSE,Stock,1980-03-17,,Active
BRK-B,Berkshire Hathaway Inc - Class B,NYSE,Stock,1996-05-09,,Active
BRKC,YIELDMAX(R) BRK.B OPTION INCOME STRATEGY ETF ,NYSE,ETF,2025-06-05,,Active
BRKD,DIREXION DAILY&NBSP;BRKB BEAR 1X SHARES ,NASDAQ,ETF,2024-12-11,,Active
BRKH,Burtech Acquisition Corp II - Class A,NASDAQ,Stock,2026-07-14,,Active
BRKHU,Burtech Acquisition Corp II - Units (1 Ord Cls A & 1 War),NASDAQ,Stock,2026-05-21,,Active
BRKHW,Burtech Acquisition Corp II - Warrants(21/05/2031),NASDAQ,Stock,2026-07-14,,Active
BRKL,Corgi BRKB 2x Daily ETF,BATS,ETF,2026-07-07,,Active
BRKR,Bruker Corp,NASDAQ,Stock,2000-08-04,,Active
BRKRP,Bruker Corp,NASDAQ,Stock,2025-09-09,,Active
BRKU,DIREXION DAILY BRKB BULL 2X SHARES ,NASDAQ,ETF,2024-12-11,,Active
BRKW,ROUNDHILL BRKB WEEKLYPAY ETF ,BATS,ETF,2025-06-18,,Active
BRLI,Brilliant Acquisition Corp,NASDAQ,Stock,2020-07-22,,Active
BRLIR,Brilliant Acquisition Corp,NASDAQ,Stock,2020-07-22,,Active
BRLIU,Brilliant Acquisition Corp - Unit (1 Ordinary share 1 War and 1 Rts),NASDAQ,Stock,2020-06-24,,Active
BRLIW,Brilliant Acquisition Corp - Warrants (31/03/2025),NASDAQ,Stock,2020-07-22,,Active
BRLN,BlackRock Floating Rate Loan ETF,BATS,ETF,2022-10-06,,Active
BRLS,Borealis Foods Inc - Class A,NASDAQ,Stock,2021-10-06,,Active
BRLSW,Borealis Foods Inc - Warrants (07/02/2029),NASDAQ,Stock,2021-10-06,,Active
BRLT,Brilliant Earth Group Inc Class A,NASDAQ,Stock,2021-09-23,,Active
BRN,Barnwell Industries Inc,AMEX,Stock,1984-09-07,,Active
BRNS,Barinthus Biotherapeutics Plc.,NASDAQ,Stock,2021-04-30,,Active
BRNX,BrenX Ltd,NASDAQ,Stock,2022-05-25,,Active
BRNY,BURNEY U.S. FACTOR ROTATION ETF ,NASDAQ,ETF,2022-10-14,,Active
BRO,Brown & Brown Inc,NYSE,Stock,1992-03-03,,Active
BROL,BARON RISK OPTIMIZED LARGE CAP ETF ,NYSE,ETF,2026-05-27,,Active
BROS,Dutch Bros Inc - Class A,NYSE,Stock,2021-09-15,,Active
BRR,ProCap Financial Inc,NASDAQ,Stock,2025-12-05,,Active
BRRR,Valkyrie Bitcoin Fund,NASDAQ,ETF,2024-01-11,,Active
BRRWU,Columbus Circle Capital Corp I Units,NASDAQ,Stock,2025-07-31,,Active
BRRWW,Columbus Circle Capital Corp I Warrant.,NASDAQ,Stock,2025-07-31,,Active
BRSL,International Game Technology PLC,NYSE,Stock,1990-03-26,,Active
BRSP,BrightSpire Capital Inc - Class A,NYSE,Stock,2018-02-01,,Active
BRSV,EA Bridgeway Select Small-Cap Value ETF,BATS,ETF,2026-07-27,,Active
BRT,BRT Apartments Corp,NYSE,Stock,1973-05-03,,Active
BRTM,B&R Technology Merger Corp - Class A,NASDAQ,Stock,2026-09-10,,Active
BRTMU,B&R Technology Merger Corp - Units (1 Ord Cls A & 1/3 War),NASDAQ,Stock,2026-07-21,,Active
BRTMW,B&R Technology Merger Corp - Warrants (02/07/2031),NASDAQ,Stock,2026-09-10,,Active
BRTR,BlackRock Total Return ETF,NASDAQ,ETF,2023-12-14,,Active
BRTX,BioRestorative Therapies Inc,NASDAQ,Stock,2013-05-14,,Active
BRUN,Boost Run Inc,NASDAQ,Stock,2026-05-08,,Active
BRUNW,Boost Run Inc Warrant,NASDAQ,Stock,2026-05-11,,Active
BRVE,Braveheart Bio Inc,NASDAQ,Stock,2026-08-06,,Active
BRW,Saba Capital Income & Opportunities Fund,NYSE,Stock,2021-05-05,,Active
BRW-R,Saba Capital Income & Opportunities Fund Rights expiring October 28 2025 Rights,NYSE,Stock,2025-10-08,,Active
BRW-R-W,Saba Capital Income & Opportunities Fund Rights expiring October 28 2025 Rights when issued,NYSE,Stock,2025-10-07,,Active
BRX,Brixmor Property Group Inc,NYSE,Stock,2013-10-30,,Active
BRZD,Bank of Montreal,BATS,Stock,2026-08-20,,Active
BRZE,Braze Inc - Class A,NASDAQ,Stock,2021-11-17,,Active
BRZL,Bank of Montreal,BATS,Stock,2026-08-20,,Active
BRZU,DIREXION DAILY MSCI BRAZIL BULL 2X SHARES ,NYSE,ETF,2013-04-10,,Active
BRZX,Corgi Brazil 2x Daily,BATS,Stock,2026-06-03,,Active
BSAA,BEST SPAC I Acquisition Corp - Class A,NASDAQ,Stock,2025-08-07,,Active
BSAAR,BEST SPAC I Acquisition Corp,NASDAQ,Stock,2025-08-07,,Active
BSAAU,BEST SPAC I Acquisition Corp - Units (1 Ord Cls A & 1 Rts),NASDAQ,Stock,2025-06-13,,Active
BSAC,Banco Santander Chile SA,NYSE,Stock,1994-10-31,,Active
BSBK,Bogota Financial Corp,NASDAQ,Stock,2020-01-16,,Active
BSBR,Banco Santander (Brasil) S.A.,NYSE,Stock,2009-10-07,,Active
BSCA,Invesco BulletShares 2036 Corporate Bond ETF,NASDAQ,ETF,2026-06-10,,Active
BSCQ,INVESCO BULLETSHARES 2026 CORPORATE BOND ETF ,NASDAQ,ETF,2016-09-16,,Active
BSCR,INVESCO BULLETSHARES 2027 CORPORATE BOND ETF ,NASDAQ,ETF,2017-09-27,,Active
BSCS,INVESCO BULLETSHARES 2028 CORPORATE BOND ETF ,NASDAQ,ETF,2018-08-09,,Active
BSCT,INVESCO BULLETSHARES 2029 CORPORATE BOND ETF ,NASDAQ,ETF,2019-09-12,,Active
BSCU,INVESCO BULLETSHARES 2030 CORPORATE BOND ETF ,NASDAQ,ETF,2020-09-17,,Active
BSCV,Invesco BulletShares 2031 Corporate Bond ETF,NASDAQ,ETF,2021-09-16,,Active
BSCW,Invesco BulletShares 2032 Corporate Bond ETF,NASDAQ,ETF,2022-09-08,,Active
BSCX,Invesco BulletShares 2033 Corporate Bond ETF,NASDAQ,ETF,2023-09-20,,Active
BSCY,Invesco BulletShares 2034 Corporate Bond ETF,NASDAQ,ETF,2024-06-12,,Active
BSCZ,Invesco BulletShares 2035 Corporate Bond ETF,NASDAQ,ETF,2025-06-11,,Active
BSEA,ETFMG Breakwave Sea Decarbonization Tech ETF,NYSE ARCA,ETF,2021-09-21,,Active
BSEP,Innovator U.S. Equity Buffer ETF - September,BATS,ETF,2019-09-03,,Active
BSET,Bassett Furniture Industries Inc,NASDAQ,Stock,1984-09-07,,Active
BSGR,Invesco BulletShares 2027 Treasury Bond ETF,NASDAQ,ETF,2026-06-10,,Active
BSGT,Invesco BulletShares 2029 Treasury Bond ETF,NASDAQ,ETF,2026-06-10,,Active
BSIN,U.S. Energy Corp,NASDAQ,Stock,1990-03-26,,Active
BSJQ,INVESCO BULLETSHARES 2026 HIGH YIELD CORPORATE BOND ETF ,NASDAQ,ETF,2018-08-09,,Active
BSJR,INVESCO BULLETSHARES 2027 HIGH YIELD CORPORATE BOND ETF ,NASDAQ,ETF,2019-09-12,,Active
BSJS,INVESCO BULLETSHARES 2028 HIGH YIELD CORPORATE BOND ETF ,NASDAQ,ETF,2020-09-16,,Active
BSJT,Invesco BulletShares 2029 High Yield Corporate Bond ETF,NASDAQ,ETF,2021-09-15,,Active
BSJU,Invesco BulletShares 2030 High Yield Corporate Bond ETF,NASDAQ,ETF,2022-09-08,,Active
BSJV,Invesco BulletShares 2031 High Yield Corporate Bond ETF,NASDAQ,ETF,2023-09-20,,Active
BSJW,Invesco BulletShares 2032 High Yield Corporate Bond ETF,NASDAQ,ETF,2024-06-12,,Active
BSJX,Invesco BulletShares 2033 High Yield Corporate Bond ETF,NASDAQ,ETF,2025-06-11,,Active
BSJY,Invesco BulletShares 2034 High Yield Corporate Bond ETF,NASDAQ,ETF,2026-06-10,,Active
BSL,Blackstone Senior Floating Rate 2027 Term Fund,NYSE,ETF,2010-05-26,,Active
BSM,Black Stone Minerals L.P.,NYSE,Stock,2015-05-01,,Active
BSMC,BRANDES U.S. SMALL-MID CAP VALUE ETF ,BATS,ETF,2023-10-05,,Active
BSMQ,INVESCO BULLETSHARES 2026 MUNICIPAL BOND ETF ,NASDAQ,ETF,2019-09-26,,Active
BSMR,INVESCO BULLETSHARES 2027 MUNICIPAL BOND ETF ,NASDAQ,ETF,2019-09-26,,Active
BSMS,INVESCO BULLETSHARES 2028 MUNICIPAL BOND ETF ,NASDAQ,ETF,2019-09-26,,Active
BSMT,INVESCO BULLETSHARES 2029 MUNICIPAL BOND ETF ,NASDAQ,ETF,2019-09-25,,Active
BSMU,INVESCO BULLETSHARES 2030 MUNICIPAL BOND ETF ,NASDAQ,ETF,2020-10-12,,Active
BSMV,Invesco BulletShares 2031 Municipal Bond ETF,NASDAQ,ETF,2021-09-21,,Active
BSMW,Invesco BulletShares 2032 Municipal Bond ETF,NASDAQ,ETF,2023-03-01,,Active
BSMY,Invesco BulletShares 2034 Municipal Bond ETF,NASDAQ,ETF,2024-09-11,,Active
BSMZ,Invesco BulletShares 2035 Municipal Bond ETF,NASDAQ,ETF,2025-09-17,,Active
BSOL,Bitwise Solana Staking ETF,NYSE,ETF,2025-10-28,,Active
BSP,Bending Spoons S.p.A.,NASDAQ,Stock,2026-07-01,,Active
BSR,Beacon Selective Risk ETF,NYSE,ETF,2023-04-18,,Active
BSRR,Sierra Bancorp,NASDAQ,Stock,1996-05-30,,Active
BSSX,Invesco BulletShares 2033 Municipal Bond ETF,NASDAQ,ETF,2023-09-20,,Active
BST,BlackRock Science and Technology Trust,NYSE,ETF,2014-10-29,,Active
BSTP,Innovator Buffer Step-Up Strategy ETF,NYSE,ETF,2022-03-08,,Active
BSTS,Invesco BulletShares 2028 Treasury Bond ETF,NASDAQ,ETF,2026-06-10,,Active
BSTU,Invesco BulletShares 2030 Treasury Bond ETF,NASDAQ,ETF,2026-06-10,,Active
BSTV,Invesco BulletShares 2031 Treasury Bond ETF,NASDAQ,ETF,2026-06-10,,Active
BSTZ,BlackRock Science and Technology Term Trust,NYSE,Stock,2019-06-26,,Active
BSV,VANGUARD SHORT-TERM BOND INDEX FUND ETF SHARES,NYSE,ETF,2007-04-10,,Active
BSVN,Bank7 Corp,NASDAQ,Stock,2018-09-20,,Active
BSVO,EA BRIDGEWAY OMNI SMALL-CAP VALUE ETF ,NASDAQ,ETF,2023-03-13,,Active
BSX,Boston Scientific Corp,NYSE,Stock,1992-05-19,,Active
BSY,Bentley Systems Inc - Class B,NASDAQ,Stock,2020-09-23,,Active
BTA,Beacon Tactical Alternatives Risk ETF,NYSE ARCA,ETF,2026-08-25,,Active
BTAL,AGF U.S. MARKET NEUTRAL ANTI-BETA FUND ,NYSE,ETF,2011-09-13,,Active
BTBD,BT Brands Inc,NASDAQ,Stock,2021-11-12,,Active
BTBDW,BT Brands Inc - Warrants (12/11/2026),NASDAQ,Stock,2021-11-12,,Active
BTBT,Bit Digital Inc,NASDAQ,Stock,2018-03-20,,Active
BTC,Grayscale Bitcoin Mini Trust ETF,NYSE,ETF,2024-07-31,,Active
BTCC,GRAYSCALE BITCOIN COVERED CALL ETF ,NYSE,ETF,2025-04-02,,Active
BTCI,NEOS BITCOIN HIGH INCOME ETF ,BATS,ETF,2024-10-17,,Active
BTCK,7RCC Spot Bitcoin and Carbon Credit Futures,NYSE ARCA,Stock,2026-06-04,,Active
BTCL,T-REX 2X LONG BITCOIN DAILY TARGET ETF ,BATS,ETF,2024-07-10,,Active
BTCO,Invesco Galaxy Bitcoin ETF,BATS,ETF,2024-01-11,,Active
BTCS,BTCS Inc,NASDAQ,Stock,2014-03-05,,Active
BTCT,BTC Digital Ltd,NASDAQ,Stock,2020-03-31,,Active
BTCU,Direxion Daily Bitcoin Bull 2X,NYSE,ETF,2026-05-27,,Active
BTCW,WisdomTree Bitcoin Fund,BATS,Stock,2024-01-11,,Active
BTCZ,T-REX 2X INVERSE BITCOIN DAILY TARGET ETF ,BATS,ETF,2024-07-10,,Active
BTDL,GraniteShares 2x Long BTDR Daily ETF,NASDAQ,ETF,2026-07-14,,Active
BTDR,Bitdeer Technologies Holding Company,NASDAQ,Stock,2023-04-13,,Active
BTE,Baytex Energy Corp,NYSE,Stock,2006-04-03,,Active
BTF,COINSHARES BITCOIN AND ETHER ETF ,NASDAQ,ETF,2021-10-22,,Active
BTFL,Bountiful Co (The),NYSE,Stock,2025-12-30,,Active
BTG,B2gold Corp,AMEX,Stock,2008-06-24,,Active
BTGD,STKD 100% BITCOIN & 100% GOLD ETF ,NASDAQ,ETF,2024-10-16,,Active
BTGO,BitGo Holdings Inc - Class A,NYSE,Stock,2026-01-22,,Active
BTI,British American Tobacco Plc,NYSE,Stock,1980-04-14,,Active
BTLN,Brightline Interactive Inc,NASDAQ,Stock,2021-07-01,,Active
BTMD,biote Corp - Class A,NASDAQ,Stock,2021-04-28,,Active
BTMDW,biote Corp - Warrants (26/05/2027),NASDAQ,Stock,2017-11-17,,Active
BTO,John Hancock Financial Opportunities Fund,NYSE,ETF,1994-08-17,,Active
BTOC,Armlogi Holding Corp,NASDAQ,Stock,2024-05-14,,Active
BTOG,Bit Origin Ltd,NASDAQ,Stock,2019-08-14,,Active
BTOT,ISHARES TOTAL USD FIXED INCOME MARKET ETF ,NYSE,Stock,2025-12-11,,Active
BTQ,BTQ Technologies Corp,NASDAQ,Stock,2006-12-18,,Active
BTR,Beacon Tactical Risk ETF,NYSE,ETF,2023-04-18,,Active
BTRN,GLOBAL X BITCOIN TREND STRATEGY ETF ,NYSE,ETF,2024-03-21,,Active
BTSG,BrightSpring Health Services Inc,NASDAQ,Stock,2024-01-26,,Active
BTSGU,BrightSpring Health Services Inc,NASDAQ,Stock,2024-01-26,,Active
BTT,BlackRock Municipal 2030 Target Term Trust,NYSE,ETF,2012-08-30,,Active
BTTC,Black Titan Corp,NASDAQ,Stock,2025-10-02,,Active
BTU,Peabody Energy Corp New,NYSE,Stock,2017-04-03,,Active
BTX,BlackRock Innovation and Growth Term Trust,NYSE,Stock,2021-03-26,,Active
BTYB,VISTASHARES BITBONDS 5 YR ENHANCED WEEKLY DISTRIBUTION ETF ,NYSE,ETF,2026-02-03,,Active
BTZ,BlackRock Credit Allocation Income Trust,NYSE,ETF,2006-12-22,,Active
BU,Defiance Daily Target 2X Long BU ETF,NASDAQ,ETF,2025-11-19,,Active
BUCK,SIMPLIFY TREASURY OPTION INCOME ETF ,NYSE,ETF,2022-10-28,,Active
BUD,Anheuser-Busch InBev SA/NV,NYSE,Stock,2009-07-01,,Active
BUDA,Buda Juice LLC,AMEX,Stock,2026-01-08,,Active
BUFB,Innovator Laddered Allocation Buffer ETF,BATS,ETF,2022-02-09,,Active
BUFC,AB CONSERVATIVE BUFFER ETF ,NASDAQ,ETF,2023-12-13,,Active
BUFD,FT VEST LADDERED DEEP BUFFER ETF ,BATS,ETF,2021-01-21,,Active
BUFE,FT VEST LADDERED EMERGING MARKETS BUFFER ETF ,BATS,Stock,2026-04-08,,Active
BUFF,Innovator Laddered Allocation Power Buffer ETF,BATS,ETF,2016-10-20,,Active
BUFG,FT VEST BUFFERED ALLOCATION GROWTH ETF ,BATS,ETF,2021-10-27,,Active
BUFH,FT Vest Laddered Max Buffer ETF,BATS,ETF,2025-06-25,,Active
BUFI,AB INTERNATIONAL BUFFER ETF ,NASDAQ,ETF,2024-12-10,,Active
BUFM,AB MODERATE BUFFER ETF ,NASDAQ,ETF,2024-12-10,,Active
BUFP,PGIM LADDERED S&P 500 BUFFER 12 ETF ,BATS,ETF,2024-06-13,,Active
BUFQ,FT VEST LADDERED NASDAQ BUFFER ETF ,BATS,ETF,2022-06-16,,Active
BUFR,FT VEST LADDERED BUFFER ETF ,BATS,ETF,2020-08-11,,Active
BUFS,FT VEST LADDERED SMALL CAP MODERATE BUFFER ETF ,BATS,ETF,2024-05-30,,Active
BUFT,FT VEST BUFFERED ALLOCATION DEFENSIVE ETF ,BATS,ETF,2021-10-27,,Active
BUFX,FT Vest Laddered Enhance & Moderate Buffer ETF,BATS,ETF,2025-06-25,,Active
BUFY,FT Vest Laddered International Moderate Buffer ETF,BATS,ETF,2024-09-26,,Active
BUFZ,FT VEST LADDERED MODERATE BUFFER ETF ,BATS,ETF,2023-10-26,,Active
BUG,GLOBAL X CYBERSECURITY ETF ,NASDAQ,ETF,2019-10-31,,Active
BUI,BlackRock Utility Infrastructure & Power Opportunities Trust,NYSE,ETF,2011-11-23,,Active
BUI-R,BlackRock Utility Infrastructure & Power Opportun Rights expiring April 2 2026 Rights,NYSE,Stock,2026-03-16,,Active
BUI-R-W,BlackRock Utility Infrastructure & Power Opportun Rights expiring April 2 2026 Rights when issued,NYSE,Stock,2026-03-06,,Active
BUJA,Bukit Jalil Global Acquisition 1 Ltd,NASDAQ,Stock,2023-08-21,,Active
BUL,PACER US CASH COWS GROWTH ETF ,NYSE,ETF,2019-05-03,,Active
BULD,PACER BLUESTAR ENGINEERING THE FUTURE ETF ,NASDAQ,ETF,2022-05-05,,Active
BULG,LEVERAGE SHARES 2X LONG BULL DAILY ETF ,NASDAQ,ETF,2025-08-11,,Active
BULL,Webull Corporation,NASDAQ,Stock,2025-04-10,,Active
BULLW,Webull Corporation Warrants,NASDAQ,Stock,2025-04-10,,Active
BULLZ,Webull Corporation Incentive Warrant,NASDAQ,Stock,2025-04-11,,Active
BULU,TREX 2X Long BULL Daily Target ETF,BATS,ETF,2025-07-31,,Active
BULX,GraniteShares 2x Long BULL Daily ETF,NASDAQ,ETF,2025-09-03,,Active
BULZ,Bank of Montreal,NYSE,Stock,2021-08-18,,Active
BUR,Burford Capital Ltd,NYSE,Stock,2015-04-01,,Active
BURL,Burlington Stores Inc,NYSE,Stock,2013-10-02,,Active
BURU,Nuburu Inc,AMEX,Stock,2024-06-26,,Active
BUSA,BRANDES U.S. VALUE ETF ,BATS,ETF,2023-10-05,,Active
BUSE,First Busey Corp,NASDAQ,Stock,1998-10-06,,Active
BUSEP,First Busey Corp,NASDAQ,Stock,2025-06-04,,Active
BUSM,EA Bridgeway Ultra-Small Company Market ETF,BATS,ETF,2026-07-27,,Active
BUUU,BUUU Group Ltd - Class A,NASDAQ,Stock,2025-08-14,,Active
BUXX,STRIVE ENHANCED INCOME SHORT MATURITY ETF ,NYSE,ETF,2023-08-10,,Active
BUYB,PROSHARES S&P 500 BUYBACK ARISTOCRATS ETF ,NYSE,ETF,2026-05-07,,Active
BUYO,KRANESHARES MAN BUYOUT BETA INDEX ETF ,NYSE,ETF,2024-10-08,,Active
BUYW,MAIN BUYWRITE ETF ,BATS,ETF,2022-09-12,,Active
BUYZ,FRANKLIN DISRUPTIVE COMMERCE ETF ,BATS,ETF,2020-02-28,,Active
BUZZ,VANECK SOCIAL SENTIMENT ETF ,NYSE,ETF,2021-03-04,,Active
BV,BrightView Holdings Inc,NYSE,Stock,2018-06-28,,Active
BVAL,BLUEMONTE LARGE CAP VALUE ETF ,NYSE,ETF,2017-06-14,,Active
BVC,BitVentures Ltd,NASDAQ,Stock,2025-12-23,,Active
BVFL,BV Financial Inc,NASDAQ,Stock,2016-01-13,,Active
BVN,Compania de Minas Buenaventura S.A.,NYSE,Stock,1996-05-15,,Active
BVS,Bioventus Inc - Class A,NASDAQ,Stock,2021-02-11,,Active
BW,Babcock & Wilcox Enterprises Inc,NYSE,Stock,2015-07-01,,Active
BW-P-A,Babcock & Wilcox Enterprises Inc,NYSE,Stock,2021-05-05,,Active
BWA,BorgWarner Inc,NYSE,Stock,1993-08-13,,Active
BWA-W,BorgWarner Inc WhenIssued,NYSE,Stock,2023-06-28,,Active
BWAY,Brainsway Ltd,NASDAQ,Stock,2019-04-17,,Active
BWB,Bridgewater Bancshares Inc,NASDAQ,Stock,2018-03-14,,Active
BWBBP,Bridgewater Bancshares Inc,NASDAQ,Stock,2021-08-18,,Active
BWCAU,Blue Whale Acquisition Corp I - Units (1 Ord Share Class A & 1/4 War),NASDAQ,Stock,2021-08-04,,Active
BWEN,Broadwind Inc,NASDAQ,Stock,2004-03-29,,Active
BWET,Breakwave Tanker Shipping ETF,NYSE,ETF,2023-05-03,,Active
BWFG,Bankwell Financial Group Inc,NASDAQ,Stock,2010-04-05,,Active
BWG,BrandywineGLOBAL - Global Income Opportunities Fund Inc,NYSE,ETF,2012-03-28,,Active
BWIN,The Baldwin Insurance Group Inc - Class A,NASDAQ,Stock,2019-10-24,,Active
BWIV,Blue Water Acquisition Corp IV Class A,NYSE,Stock,2026-05-11,,Active
BWIV-U,Blue Water Acquisition Corp IV Units each consisting of one Class A ordinary share and onehalf of one redeemable warrant,NYSE,Stock,2026-03-23,,Active
BWIV-WS,Blue Water Acquisition Corp IV Warrants entitling the holder to purchase one Class A ordinary share at a price of 11.50 per share,NYSE,Stock,2026-05-11,,Active
BWLP,BW LPG Ltd,NYSE,Stock,2014-01-28,,Active
BWMN,Bowman Consulting Group Ltd,NASDAQ,Stock,2021-05-07,,Active
BWMX,Betterware de Mexico S.A.P.I. de C.V,NYSE,Stock,2020-03-16,,Active
BWOW,Common Shares Of Beneficial Interest,NYSE,Stock,2025-11-26,,Active
BWQG,BWM Quality Growth ETF,BATS,ETF,2026-07-10,,Active
BWSN,Babcock & Wilcox Enterprises Inc,NYSE,Stock,2021-02-17,,Active
BWTG,BRENDAN WOOD TOPGUN ETF ,BATS,ETF,2023-11-09,,Active
BWX,SPDR(R) BLOOMBERG INTERNATIONAL TREASURY BOND ETF ,NYSE,ETF,2007-10-11,,Active
BWXT,BWX Technologies Inc,NYSE,Stock,2010-08-02,,Active
BWZ,SPDR(R) BLOOMBERG SHORT TERM INTERNATIONAL TREASURY BOND ETF ,NYSE,ETF,2009-01-30,,Active
BX,Blackstone Inc,NYSE,Stock,2007-06-22,,Active
BXBL,BOXABL Inc,NASDAQ,Stock,2025-02-11,,Active
BXC,Bluelinx Hldgs Inc,NYSE,Stock,2004-12-14,,Active
BXDC,Blackstone Digital Infrastructure Trust Inc,NYSE,Stock,2026-05-14,,Active
BXMT,Blackstone Mortgage Trust Inc - Class A,NYSE,Stock,1987-11-05,,Active
BXP,Boston Properties Inc,NYSE,Stock,1997-06-18,,Active
BXSL,Blackstone Secured Lending Fund.,NYSE,Stock,2021-10-28,,Active
BY,Byline Bancorp Inc,NYSE,Stock,2017-06-30,,Active
BYAH,Park Ha Biological Technology Co Ltd,NASDAQ,Stock,2024-12-27,,Active
BYD,Boyd Gaming Corp,NYSE,Stock,1993-10-18,,Active
BYFC,Broadway Financial Corp,NASDAQ,Stock,1996-01-09,,Active
BYLD,ISHARES YIELD OPTIMIZED BOND ETF ,NYSE,ETF,2014-04-24,,Active
BYM,BlackRock Municipal Income Quality Trust,NYSE,ETF,2002-10-29,,Active
BYND,Beyond Meat Inc,NASDAQ,Stock,2019-05-02,,Active
BYRE,PRINCIPAL REAL ESTATE ACTIVE OPPORTUNITIES ETF ,NYSE,ETF,2022-05-19,,Active
BYRN,Byrna Technologies Inc,NASDAQ,Stock,2011-02-23,,Active
BYSI,BeyondSpring Inc,NASDAQ,Stock,2017-03-09,,Active
BYTE,Roundhill IO Digital Infrastructure ETF,NYSE ARCA,ETF,2021-10-28,,Active
BZ,Kanzhun Ltd,NASDAQ,Stock,2021-06-11,,Active
BZAI,Blaize Holdings Inc - Class A,NASDAQ,Stock,2022-01-31,,Active
BZAIW,Blaize Holdings Inc - Warrants (18/12/2026),NASDAQ,Stock,2022-02-01,,Active
BZFD,BuzzFeed Inc - Class A,NASDAQ,Stock,2021-03-05,,Active
BZFDW,BuzzFeed Inc - Warrants (01/12/2026),NASDAQ,Stock,2021-03-05,,Active
BZH,Beazer Homes USA Inc,NYSE,Stock,1994-02-23,,Active
BZQ,ProShares UltraShort MSCI Brazil Capped ETF -2x Shares,NYSE,ETF,2009-06-19,,Active
BZUN,Baozun Inc,NASDAQ,Stock,2015-05-21,,Active
C,Citigroup Inc,NYSE,Stock,1977-01-03,,Active
C-P-K,Citigroup Inc,NYSE,Stock,2014-09-22,,Active
C-P-N,Citigroup Capital VIII 7875 Fixed rate Floating Rate trust Preferred Securities TruPS,NYSE,Stock,2010-10-04,,Active
C-P-R,Citigroup Inc,NYSE,Stock,2026-02-05,,Active
CAAA,FIRST TRUST AAA CMBS ETF ,NYSE,ETF,2024-02-28,,Active
CAAP,Corporacion America Airports S.A.,NYSE,Stock,2018-02-01,,Active
CAAS,China Automotive Systems Inc,NASDAQ,Stock,2003-10-07,,Active
CABA,Cabaletta Bio Inc,NASDAQ,Stock,2019-10-25,,Active
CABO,Cable One Inc,NYSE,Stock,2015-07-01,,Active
CABR,Caring Brands Inc,NASDAQ,Stock,2025-11-13,,Active
CABZ,Roundhill Robotaxi Autonomous Vehicles & Technology ETF,BATS,ETF,2026-01-14,,Active
CAC,Camden National Corp,NASDAQ,Stock,1997-10-08,,Active
CACC,Credit Acceptance Corp,NASDAQ,Stock,1992-06-05,,Active
CACI,Caci International Inc,NYSE,Stock,1984-09-07,,Active
CADE-P-A,Cadence Bank,NYSE,Stock,2021-10-29,,Active
CADL,Candel Therapeutics Inc,NASDAQ,Stock,2021-07-27,,Active
CAE,Cae Inc,NASDAQ,Stock,2026-07-23,,Active
CAES,Cantor Equity Partners VII Inc - Class A,NASDAQ,Stock,2026-06-17,,Active
CAF,Morgan Stanley China A Share Fund Inc,NYSE,ETF,2006-09-28,,Active
CAFG,PACER US SMALL CAP CASH COWS GROWTH LEADERS ETF ,NASDAQ,ETF,2023-05-02,,Active
CAFX,CONGRESS INTERMEDIATE BOND ETF ,NYSE,ETF,2024-09-10,,Active
CAG,Conagra Brands Inc,NYSE,Stock,1984-09-07,,Active
CAGE,Calamos Autocallable Growth,NYSE,Stock,2026-04-16,,Active
CAH,Cardinal Health Inc,NYSE,Stock,1987-12-31,,Active
CAI,Caris Life Sciences Inc - Class A,NASDAQ,Stock,2025-06-18,,Active
CAIE,CALAMOS AUTOCALLABLE INCOME ETF ,NYSE,ETF,2025-06-25,,Active
CAII,CAPITAL ASSOCIATES INC,NASDAQ,Stock,2026-06-22,,Active
CAIIU,Collective Acquisition Corp II - Units (1 Ord Cls A & 1/2 War),NASDAQ,Stock,2026-04-29,,Active
CAIIW,Collective Acquisition Corp II Warrants,NASDAQ,Stock,2026-06-22,,Active
CAIQ,Calamos Nasdaq Autocallable Income ETF,NASDAQ,ETF,2025-11-20,,Active
CAKE,Cheesecake Factory Inc,NASDAQ,Stock,1992-09-18,,Active
CAL,Caleres Inc,NYSE,Stock,1984-09-07,,Active
CALC,CalciMedica Inc,NASDAQ,Stock,2020-09-25,,Active
CALF,PACER US SMALL CAP CASH COWS ETF ,BATS,ETF,2017-06-19,,Active
CALI,BlackRock Short-Term California Muni Bond ETF,NASDAQ,ETF,2023-07-13,,Active
CALM,Cal-Maine Foods Inc,NASDAQ,Stock,1996-12-12,,Active
CALX,Calix Inc,NYSE,Stock,2010-03-24,,Active
CALY,Callaway Golf Company,NYSE,Stock,1992-02-28,,Active
CAMC,Corgi CAMT 2x Daily,BATS,Stock,2026-06-24,,Active
CAML,CONGRESS LARGE CAP GROWTH ETF ,NYSE,ETF,2023-08-22,,Active
CAMP,CAMP4 Therapeutics Corp,NASDAQ,Stock,2024-10-11,,Active
CAMT,Camtek Ltd,NASDAQ,Stock,2000-07-28,,Active
CAMX,CAMBIAR AGGRESSIVE VALUE ETF ,NYSE,ETF,2023-02-13,,Active
CAN,Canaan Inc,NASDAQ,Stock,2019-11-20,,Active
CANC,TEMA ONCOLOGY ETF ,NASDAQ,ETF,2021-09-30,,Active
CANE,Teucrium Sugar Fund,NYSE,ETF,2011-09-19,,Active
CANF,Can-Fite Biopharma Ltd,AMEX,Stock,2012-11-06,,Active
CANG,Cango Inc,NYSE,Stock,2018-07-26,,Active
CANQ,Calamos Alternative Nasdaq & Bond ETF,NASDAQ,ETF,2024-02-13,,Active
CAOS,ALPHA ARCHITECT TAIL RISK ETF ,BATS,ETF,2023-03-06,,Active
CAPA,Defiance AI Capacitors Leaders ETF,BATS,ETF,2026-08-26,,Active
CAPE,DOUBLELINE SHILLER CAPE U.S. EQUITIES ETF ,NYSE,ETF,2022-04-04,,Active
CAPL,CrossAmerica Partners LP,NYSE,Stock,2012-10-25,,Active
CAPN,Cayson Acquisition Corp,NASDAQ,Stock,2024-10-24,,Active
CAPNR,Cayson Acquisition Corp,NASDAQ,Stock,2024-10-24,,Active
CAPNU,Cayson Acquisition Corp - Units (1 1 Rights),NASDAQ,Stock,2024-09-20,,Active
CAPR,Capricor Therapeutics Inc,NASDAQ,Stock,2007-02-13,,Active
CAPS,Capstone Holding Corp,NASDAQ,Stock,2011-07-21,,Active
CAPTW(EXP20260807),Abcam plc,NASDAQ,Stock,2026-07-28,,Active
CAQ,Cambridge Acquisition Corp.,NASDAQ,Stock,2026-05-26,,Active
CAQUU,Cambridge Acquisition Corp - Units (1 Ord Cls A & 1/3 War),NASDAQ,Stock,2026-02-06,,Active
CAQUW,Cambridge Acquisition Corp Warrants,NASDAQ,Stock,2026-04-01,,Active
CAR,Avis Budget Group Inc,NASDAQ,Stock,1990-01-12,,Active
CARD,Bank of Montreal,NYSE,Stock,2023-06-28,,Active
CARE,Carter Bankshares Inc,NASDAQ,Stock,2012-08-27,,Active
CARG,CarGurus Inc - Class A,NASDAQ,Stock,2017-10-12,,Active
CARK,CASTLEARK LARGE GROWTH ETF ,NYSE,ETF,2023-12-07,,Active
CARL,Carlsmed Inc,NASDAQ,Stock,2025-07-23,,Active
CARR,Carrier Global Corp,NYSE,Stock,2020-03-19,,Active
CARS,Cars.com,NYSE,Stock,2017-06-01,,Active
CART,Maplebear Inc,NASDAQ,Stock,2023-09-19,,Active
CARU,Bank of Montreal,NYSE,Stock,2023-06-28,,Active
CARX,Corgi CART 2x Daily,BATS,Stock,2026-06-24,,Active
CARY,ANGEL OAK INCOME ETF ,NASDAQ,ETF,2022-11-08,,Active
CARZ,FIRST TRUST S-NETWORK FUTURE VEHICLES & TECHNOLOGY ETF ,NASDAQ,ETF,2011-05-10,,Active
CASH,Pathward Financial Inc,NASDAQ,Stock,1993-09-21,,Active
CASS,Cass Information Systems Inc,NASDAQ,Stock,1996-01-02,,Active
CAST,Freecast Inc - Class A,NASDAQ,Stock,2026-03-10,,Active
CASY,Casey`s General Stores Inc,NASDAQ,Stock,1983-10-20,,Active
CAT,Caterpillar Inc,NYSE,Stock,1962-01-02,,Active
CATF,AMERICAN CENTURY CALIFORNIA MUNICIPAL BOND ETF ,NYSE,ETF,2024-07-18,,Active
CATG,Capstone Technologies Group Inc,BATS,Stock,2016-01-04,,Active
CATH,GLOBAL X S&P 500 CATHOLIC VALUES ETF ,NASDAQ,ETF,2016-04-19,,Active
CATLU,Catalyst Acquisition Corp - Units (1 Ord Class A & 1 Rts),NASDAQ,Stock,2026-07-28,,Active
CATO,Cato Corp - Class A,NYSE,Stock,1987-04-23,,Active
CATX,Perspective Therapeutics Inc,AMEX,Stock,2005-11-10,,Active
CATY,Cathay General Bancorp,NASDAQ,Stock,1990-12-17,,Active
CAUG,Corgi U.S. Equities 15% Structured Buffer ETF - August Series,BATS,ETF,2026-08-04,,Active
CAVA,Cava Group Inc,NYSE,Stock,2023-06-15,,Active
CB,Chubb Ltd,NYSE,Stock,1984-09-07,,Active
CBAN,Colony Bankcorp Inc,NYSE,Stock,1998-04-02,,Active
CBAT,CBAK Energy Technology Ltd,NASDAQ,Stock,2026-06-30,,Active
CBC,RBC CENTURA BANKS INC,NASDAQ,Stock,2025-11-20,,Active
CBFV,CB Financial Services Inc,NASDAQ,Stock,2001-06-06,,Active
CBH,Virtus Convertible & Income 2024 Target Term Fund,NYSE,ETF,2017-06-28,,Active
CBIL,Corgi 312 Month TBill,BATS,Stock,2026-06-04,,Active
CBIO,,NASDAQ,Stock,2025-06-13,,Active
CBK,Commercial Bancgroup Inc,NASDAQ,Stock,2025-10-02,,Active
CBL,CBL& Associates Properties Inc - New,NYSE,Stock,2021-11-02,,Active
CBLL,Ceribell Inc,NASDAQ,Stock,2024-10-11,,Active
CBLS,CLOUGH HEDGED EQUITY ETF ,NYSE ARCA,ETF,2020-11-13,,Active
CBNA,Chain Bridge Bancorp Inc - Class A,NYSE,Stock,2024-10-04,,Active
CBNK,Capital Bancorp Inc,NASDAQ,Stock,2018-09-26,,Active
CBO,NYSE LISTED TEST STOCK FOR CTS AND CQS,NYSE,Stock,2013-02-04,,Active
CBOA,Calamos Bitcoin Structured Alt Protection ETF April,BATS,ETF,2025-04-07,,Active
CBOE,Cboe Global Markets Inc,BATS,Stock,2010-06-15,,Active
CBOJ,Calamos Bitcoin Structured Alt Protection ETF January,BATS,ETF,2025-01-22,,Active
CBOL,Calamos Laddered Bitcoin Structured Alt Protection ETF,BATS,ETF,2025-10-14,,Active
CBON,VANECK CHINA BOND ETF ,NYSE,ETF,2014-11-11,,Active
CBOO,Calamos Bitcoin Structured Alt Protection ETF October,BATS,ETF,2025-10-07,,Active
CBOT,Corgi Robots & Humanoids,BATS,Stock,2026-05-06,,Active
CBOX,Calamos Tax-Aware Collateral ETF,BATS,ETF,2026-04-17,,Active
CBOY,Calamos Bitcoin Structured Alt Protection ETF July,BATS,ETF,2025-07-08,,Active
CBRE,CBRE Group Inc - Class A,NYSE,Stock,2004-06-10,,Active
CBRG,Chain Bridge I - Class A,BATS,Stock,2022-01-04,,Active
CBRL,Cracker Barrel Old Country Store Inc,NASDAQ,Stock,1984-09-07,,Active
CBRS,Cerebras Systems Inc - Class A,NASDAQ,Stock,2026-05-14,,Active
CBRX,Tradr 2X Long CBRS Daily ETF,BATS,ETF,2026-05-29,,Active
CBRZ,Tradr 2X Short CBRS Daily ETF,BATS,ETF,2026-05-29,,Active
CBSE,CLOUGH SELECT EQUITY ETF ,NYSE ARCA,ETF,2020-11-13,,Active
CBSH,Commerce Bancshares Inc,NASDAQ,Stock,1984-09-07,,Active
CBT,Cabot Corp,NYSE,Stock,1980-11-05,,Active
CBTA,Calamos Bitcoin 80 Series Structured Alt Protection ETF April,BATS,ETF,2025-04-07,,Active
CBTJ,Calamos Bitcoin 80 Series Structured Alt Protection ETF January,BATS,ETF,2025-02-04,,Active
CBTL,Calamos Laddered Bitcoin 80 Series Structured Alt Protection ETF,BATS,ETF,2025-10-14,,Active
CBTO,Calamos Bitcoin 80 Series Structured Alt Protection ETF October,BATS,ETF,2025-10-07,,Active
CBTY,Calamos Bitcoin 80 Series Structured Alt Protection ETF July,BATS,ETF,2025-07-08,,Active
CBU,Community Bank System Inc,NYSE,Stock,1985-11-27,,Active
CBUS,Cibus Global Ltd. Class A,NASDAQ,Stock,2023-06-01,,Active
CBX,NYSE LISTED TEST,NYSE,Stock,2011-05-09,,Active
CBXA,Calamos Bitcoin 90 Series Structured Alt Protection ETF April,BATS,ETF,2025-04-07,,Active
CBXJ,Calamos Bitcoin 90 Series Structured Alt Protection ETF January,BATS,ETF,2025-02-04,,Active
CBXL,Calamos Laddered Bitcoin 90 Series Structured Alt Protection ETF,BATS,ETF,2025-10-14,,Active
CBXO,Calamos Bitcoin 90 Series Structured Alt Protection ETF October,BATS,ETF,2025-10-07,,Active
CBXY,Calamos Bitcoin 90 Series Structured Alt Protection ETF July,BATS,ETF,2025-07-08,,Active
CBZ,Cbiz Inc,NYSE,Stock,1995-04-27,,Active
CC,Chemours Company,NYSE,Stock,2015-07-01,,Active
CCAIU,Cascadia Acquisition Corp - Units (1 Ord Class A & 1/2 War),NASDAQ,Stock,2021-08-26,,Active
CCAP,Crescent Capital BDC Inc,NASDAQ,Stock,2020-02-03,,Active
CCAQ,Collective Acquisition Corp - Class A,NASDAQ,Stock,2025-06-12,,Active
CCAQU,Collective Acquisition Corp - Units (1 Ord Cls A & 3/4 War),NASDAQ,Stock,2025-05-07,,Active
CCAQW,Collective Acquisition Corp - Warrants (04/04/2030),NASDAQ,Stock,2025-06-12,,Active
CCB,Coastal Financial Corp,NASDAQ,Stock,2018-07-18,,Active
CCBG,Capital City Bank Group Inc,NASDAQ,Stock,1997-02-03,,Active
CCC,CCC Intelligent Solutions Holdings Inc,NASDAQ,Stock,2021-08-02,,Active
CCCC,C4 Therapeutics Inc,NASDAQ,Stock,2020-10-02,,Active
CCCM,Columbus Circle Capital Corp I,NASDAQ,Stock,2025-06-09,,Active
CCCMW,Columbus Circle Capital Corp I Warrant.,NASDAQ,Stock,2025-06-09,,Active
CCCT,Columbus Circle Capital Corp III - Class A,NASDAQ,Stock,2026-07-31,,Active
CCCTU,Columbus Circle Capital Corp III - Units (1 Ord Cls A & 1/3 War),NASDAQ,Stock,2026-07-10,,Active
CCCTW,Columbus Circle Capital Corp III - Warrants (26/05/2031),NASDAQ,Stock,2026-07-31,,Active
CCCX,Churchill Capital Corp X - Class A,NYSE,Stock,2025-07-07,,Active
CCCXU,Churchill Capital Corp X - Units (1 Ord Cls A & 1/4 War),NASDAQ,Stock,2025-05-13,,Active
CCCXW,Churchill Capital Corp X - Warrants(14/05/2030),NYSE,Stock,2025-07-07,,Active
CCD,Calamos Dynamic Convertible and Income Fund,NASDAQ,ETF,2015-03-27,,Active
CCEC,Capital Clean Energy Carriers Corp,NASDAQ,Stock,2024-08-26,,Active
CCEF,Calamos CEF Income & Arbitrage ETF,NYSE,ETF,2024-01-16,,Active
CCEL,Cryo-Cell International Inc,AMEX,Stock,2011-02-23,,Active
CCEP,Coca-Cola Europacific Partners Plc,NASDAQ,Stock,1986-11-24,,Active
CCF,Chase Corp,NYSE MKT,Stock,1995-10-25,,Active
CCFE,CONCOURSE CAPITAL FOCUSED EQUITY ETF ,NASDAQ,ETF,2025-06-12,,Active
CCG,Cheche Group Inc - Class A,NASDAQ,Stock,2023-09-18,,Active
CCGWW,Cheche Group Inc - Warrants (01/10/2030),NASDAQ,Stock,2023-09-18,,Active
CCHH,CCH Holdings Ltd,NASDAQ,Stock,2025-10-03,,Active
CCI,Crown Castle Inc,NYSE,Stock,1998-08-18,,Active
CCID,Carlyle Credit Income Fund,NYSE,Stock,2025-11-04,,Active
CCIF,Carlyle Credit Income Fund,NYSE,ETF,2019-05-28,,Active
CCII,Cohen Circle Acquisition Corp II - Class A,NASDAQ,Stock,2025-08-22,,Active
CCIIU,Cohen Circle Acquisition Corp II - Units (1 Ord Cls A & 1/4 War),NASDAQ,Stock,2025-07-01,,Active
CCIIW,Cohen Circle Acquisition Corp II - Warrants(01/07/2030),NASDAQ,Stock,2025-08-22,,Active
CCIR,,NASDAQ,Stock,2024-12-03,,Active
CCIRW,Cohen Circle Acquisition Corp I Warrant,NASDAQ,Stock,2024-12-02,,Active
CCJ,Cameco Corp,NYSE,Stock,1996-03-14,,Active
CCK,Crown Holdings Inc,NYSE,Stock,1984-12-18,,Active
CCL,Carnival Corporation Ltd (Paired Stock),NYSE,Stock,1989-01-05,,Active
CCLD,CareCloud Inc,NASDAQ,Stock,2014-07-23,,Active
CCM,Concord Medical Services,NYSE,Stock,2009-12-11,,Active
CCML,Roundhill MLCC & Electronic Components ETF,NASDAQ,ETF,2026-09-09,,Active
CCNE,CNB Financial Corp (PA),NASDAQ,Stock,1996-05-30,,Active
CCNEP,CNB Financial Corp (PA),NASDAQ,Stock,2020-08-21,,Active
CCNR,ALPS | CORECOMMODITY NATURAL RESOURCES ETF ,NASDAQ,ETF,2024-07-11,,Active
CCO,Clear Channel Outdoor Holdings Inc,NYSE,Stock,2005-11-14,,Active
CCOI,Cogent Communications Holdings Inc,NASDAQ,Stock,2002-02-05,,Active
CCOM,CCOM Group Inc,NYSE,Stock,2011-02-28,,Active
CCOR,CORE ALTERNATIVE ETF ,NYSE,ETF,2017-05-24,,Active
CCPX,Corgi China 2x Daily,BATS,Stock,2026-06-03,,Active
CCRP,COLUMBIA CORPORATE BOND ETF ,NYSE,Stock,2025-12-11,,Active
CCS,Century Communities Inc,NYSE,Stock,2014-06-18,,Active
CCSB,CARBON COLLECTIVE SHORT DURATION GREEN BOND ETF ,NASDAQ,ETF,2024-04-12,,Active
CCSI,Consensus Cloud Solutions Inc,NASDAQ,Stock,2021-10-08,,Active
CCSO,CARBON COLLECTIVE CLIMATE SOLUTIONS U.S. EQUITY ETF ,NASDAQ,ETF,2022-09-20,,Active
CCTG,CCSC Technology International Holdings Ltd - Class A,NASDAQ,Stock,2024-09-17,,Active
CCU,Compania Cervecerias Unidas S.A.,NYSE,Stock,2001-01-02,,Active
CCUP,T-REX 2X Long CRCL Daily Target ETF,BATS,ETF,2025-08-11,,Active
CCV,Churchill Capital Corp V - Class A,NYSE,Stock,2021-02-05,,Active
CCV-U,Churchill Capital Corp V - Units (1 Ord Class A & 1/4 War),NYSE,Stock,2020-12-16,,Active
CCV-WS,Churchill Capital Corp V - Warrants (29/10/2027),NYSE,Stock,2021-02-05,,Active
CCXI,ChemoCentryx Inc,NASDAQ,Stock,2012-02-08,,Active
CCXIU,Churchill Capital Corp XI - Units (1 Ord Cls A & 1/10 War),NASDAQ,Stock,2025-12-17,,Active
CCXIW,Churchill Capital Corp XI Warrants,NASDAQ,Stock,2026-02-09,,Active
CCZ,Comcast Corp,NYSE,Stock,1999-11-24,,Active
CD,Chaince DigitalHoldings Inc,NASDAQ,Stock,2015-04-08,,Active
CDC,VICTORYSHARES US EQ INCOME ENHANCED VOLATILITY WTD ETF ,NASDAQ,ETF,2014-07-02,,Active
CDE,Coeur Mining Inc,NYSE,Stock,1990-04-12,,Active
CDIG,CITY DIFFERENT INVESTMENTS GLOBAL EQUITY ETF ,NASDAQ,ETF,2025-09-17,,Active
CDIO,Cardio Diagnostics Holdings Inc,NASDAQ,Stock,2022-01-14,,Active
CDIOW,Cardio Diagnostics Holdings Inc - Warrants (01/12/2026),NASDAQ,Stock,2022-01-14,,Active
CDL,VICTORYSHARES US LARGE CAP HIGH DIV VOLATILITY WTD ETF ,NASDAQ,ETF,2015-07-08,,Active
CDLR,Cadeler AS,NYSE,Stock,2023-12-19,,Active
CDLR-W,Cadeler AS American Depositary Share each representing four 4 WhenIssued,NYSE,Stock,2023-12-19,,Active
CDLX,Cardlytics Inc,NASDAQ,Stock,2018-02-09,,Active
CDMO,Avid Bioservices Inc,NASDAQ,Stock,2018-01-08,,Active
CDNA,Caredx Inc,NASDAQ,Stock,2014-07-17,,Active
CDNG,Leverage Shares 2X Long CDNS Daily,BATS,Stock,2026-06-23,,Active
CDNL,Cardinal Infrastructure Group Inc - Class A,NASDAQ,Stock,2025-12-10,,Active
CDNS,Cadence Design Systems Inc,NASDAQ,Stock,1990-03-26,,Active
CDP,COPT Defense Properties,NYSE,Stock,1991-12-31,,Active
CDPI,Columbia High Dividend Premium Income ETF,NYSE ARCA,ETF,2026-07-14,,Active
CDR-P-B,Cedar Realty Trust Inc,NYSE,Stock,2012-05-24,,Active
CDR-P-C,Cedar Realty Trust Inc,NYSE,Stock,2017-08-18,,Active
CDRE,Cadre Holdings Inc,NYSE,Stock,2021-11-04,,Active
CDRO,Codere Online Luxembourg S.A,NASDAQ,Stock,2021-12-01,,Active
CDROW,Codere Online Luxembourg S.A - Warrants (23/11/2026),NASDAQ,Stock,2021-01-27,,Active
CDT,CDT Equity Inc,NASDAQ,Stock,2023-09-25,,Active
CDTG,CDT Environmental Technology Investment Holdings Ltd,NASDAQ,Stock,2024-04-18,,Active
CDTTW,Conduit Pharmaceuticals Inc Wt Exp,NASDAQ,Stock,2023-09-25,,Active
CDTX,Cidara Therapeutics Inc,NASDAQ,Stock,2015-04-15,,Active
CDW,CDW Corp,NASDAQ,Stock,2013-06-27,,Active
CDX,SIMPLIFY HIGH YIELD ETF ,NYSE,ETF,2022-02-15,,Active
CDXS,Codexis Inc,NASDAQ,Stock,2010-04-22,,Active
CDZI,Cadiz Inc,NASDAQ,Stock,1990-03-26,,Active
CDZIP,Cadiz Inc,NASDAQ,Stock,2021-06-30,,Active
CE,Celanese Corp - Series A,NYSE,Stock,2005-01-21,,Active
CEADW,CEA Industries Inc. Warrant,NASDAQ,Stock,2026-05-28,,Active
CECO,Ceco Environmental Corp,NASDAQ,Stock,1992-09-29,,Active
CEE,Central and Eastern Europe Fund Inc (The),NYSE,ETF,1990-02-28,,Active
CEF,Sprott Physical Gold and Silver Trust,NYSE,ETF,1990-01-02,,Active
CEFA,GLOBAL X S&P CATHOLIC VALUES DEVELOPED EX-U.S. ETF ,NASDAQ,ETF,2020-06-24,,Active
CEFD,UBS AG London Branch,NYSE,Stock,2020-06-03,,Active
CEFS,SABA OPPORTUNISTICALLY HEDGED CLOSED-END FUNDS ETF ,BATS,ETF,2017-06-13,,Active
CEFZ,RIVERNORTH ACTIVE INCOME ETF ,BATS,ETF,2019-10-25,,Active
CEG,Constellation Energy Corporation,NASDAQ,Stock,2022-02-02,,Active
CEGX,TRADR 2X LONG CEG DAILY ETF ,BATS,Stock,2010-01-15,,Active
CELC,Celcuity Inc,NASDAQ,Stock,2017-09-20,,Active
CELG-R,BristolMyers Squibb Company. Contingent Value Rt 12312030,NYSE,Stock,2019-12-02,,Active
CELH,Celsius Holdings Inc,NASDAQ,Stock,2016-01-04,,Active
CELT,Celtic Investment Inc,BATS,Stock,2025-10-08,,Active
CELU,Celularity Inc - Class A,NASDAQ,Stock,2019-08-08,,Active
CELZ,Creative Medical Technology Holdings Inc,NASDAQ,Stock,2015-11-06,,Active
CEM,ClearBridge MLP and Midstream Fund Inc,NYSE,ETF,2010-06-25,,Active
CEMB,ISHARES J.P. MORGAN EM CORPORATE BOND ETF ,BATS,ETF,2012-04-19,,Active
CEN,Center Coast Brookfield MLP & Energy Infrastructure Fund,NYSE,ETF,2013-09-26,,Active
CENN,Cenntro Inc,NASDAQ,Stock,2024-02-27,,Active
CENT,Central Garden & Pet Company,NASDAQ,Stock,1993-07-15,,Active
CENTA,Central Garden & Pet Co. - Class A,NASDAQ,Stock,2007-02-06,,Active
CENX,Century Aluminum Company,NASDAQ,Stock,1996-03-29,,Active
CEPF,Cantor Equity Partners IV Inc - Class A,NASDAQ,Stock,2025-08-21,,Active
CEPI,REX CRYPTO EQUITY PREMIUM INCOME ETF ,NASDAQ,ETF,2024-12-04,,Active
CEPL,Capstone Energy+ Inc,NASDAQ,Stock,2026-07-08,,Active
CEPO,Cantor Equity Partners I Inc - Class A,NASDAQ,Stock,2025-01-07,,Active
CEPS,Cantor Equity Partners VI Inc - Class A,NASDAQ,Stock,2026-02-05,,Active
CEPU,Central Puerto,NYSE,Stock,2018-02-02,,Active
CEPV,Cantor Equity Partners V Inc - Class A,NASDAQ,Stock,2025-11-04,,Active
CEQP-P,Crestwood Equity Partners LP Preferred Units representing limited partner interests,NYSE,Stock,2018-06-15,,Active
CERS,Cerus Corp,NASDAQ,Stock,1997-01-31,,Active
CERT,Certara Inc,NASDAQ,Stock,2020-12-11,,Active
CERY,STATE STREET(R) SPDR(R) BLOOMBERG ENHANCED ROLL YIELD COMMODITY STRATEGY NO K-1 ETF SPDR BLOOMBERG ENHANCED ROLL YIELD COMMODITY STRATEGY NO K-1 ETF,NYSE,ETF,2024-09-05,,Active
CET,Central Securities Corp,AMEX,ETF,1992-03-17,,Active
CETX,Cemtrex Inc,NASDAQ,Stock,2015-06-25,,Active
CETY,Clean Energy Technologies Inc,NASDAQ,Stock,2013-02-07,,Active
CEV,Eaton Vance California Municipal Income Trust,AMEX,ETF,1999-01-27,,Active
CEVA,Ceva Inc,NASDAQ,Stock,2002-11-01,,Active
CEW,WISDOMTREE EMERGING CURRENCY STRATEGY FUND ,NYSE,ETF,2009-06-02,,Active
CF,CF Industries Holdings Inc,NYSE,Stock,2005-08-11,,Active
CFA,VICTORYSHARES US 500 VOLATILITY WTD ETF ,NASDAQ,ETF,2014-07-02,,Active
CFB,Crossfirst Bankshares Inc,NASDAQ,Stock,2019-08-15,,Active
CFBK,CF Bankshares Inc,NASDAQ,Stock,1998-12-30,,Active
CFFI,C & F Financial Corp,NASDAQ,Stock,1998-05-07,,Active
CFFN,Capitol Federal Financial,NASDAQ,Stock,1999-04-01,,Active
CFG,Citizens Financial Group Inc,NYSE,Stock,2014-09-24,,Active
CFG-P-E,Citizens Financial Group Inc,NYSE,Stock,2019-10-22,,Active
CFG-P-H,Citizens Financial Group Inc,NYSE,Stock,2024-05-29,,Active
CFG-P-I,Citizens Financial Group Inc,NYSE,Stock,2025-08-05,,Active
CFIT,CAMBRIA FIXED INCOME TREND ETF ,BATS,ETF,2025-03-28,,Active
CFMS,Conformis Inc,NASDAQ,Stock,2015-07-01,,Active
CFND,C1 Fund Inc,NYSE,Stock,2025-08-07,,Active
CFO,VictoryShares US 500 Enhanced Volatility Wtd ETF,NASDAQ,ETF,2014-07-02,,Active
CFR,Cullen Frost Bankers Inc,NYSE,Stock,1990-03-26,,Active
CFR-P-B,Cullen Frost Bankers Inc,NYSE,Stock,2020-11-13,,Active
CFTR-P-A,Cantor Fitzgerald Income Trust Inc,NYSE,Stock,2026-04-09,,Active
CG,Carlyle Group Inc (The),NASDAQ,Stock,2012-05-03,,Active
CGABL,Carlyle Finance LLC,NASDAQ,Stock,2021-05-19,,Active
CGAU,Vitalist Inc,NYSE,Stock,2016-01-04,,Active
CGBD,Carlyle Secured Lending Inc,NASDAQ,Stock,2017-06-14,,Active
CGBL,CAPITAL GROUP CORE BALANCED ETF SHARE CLASS,NYSE,ETF,2023-09-28,,Active
CGC,Canopy Growth Corporation,NASDAQ,Stock,2014-04-07,,Active
CGCB,CAPITAL GROUP CORE BOND ETF SHARE CLASS,NYSE,ETF,2023-09-28,,Active
CGCF,Cartesian Growth Corp IV - Class A,NASDAQ,Stock,2026-08-17,,Active
CGCFU,Cartesian Growth Corp IV - Units (1 Ord Cls A & 1/3 War),NASDAQ,Stock,2026-06-30,,Active
CGCFW,Cartesian Growth Corp IV - Warrants (14/08/2031),NASDAQ,Stock,2026-08-17,,Active
CGCP,CAPITAL GROUP CORE PLUS INCOME ETF SHARE CLASS,NYSE,ETF,2022-02-24,,Active
CGCV,CAPITAL GROUP CONSERVATIVE EQUITY ETF SHARE CLASS,NYSE,ETF,2024-06-27,,Active
CGDG,CAPITAL GROUP DIVIDEND GROWERS ETF SHARE CLASS,NYSE,ETF,2023-09-28,,Active
CGDV,CAPITAL GROUP DIVIDEND VALUE ETF SHARE CLASS,NYSE,ETF,2022-02-24,,Active
CGEM,Cullinan Oncology Inc,NASDAQ,Stock,2021-01-08,,Active
CGEN,Compugen Ltd,NASDAQ,Stock,2000-08-11,,Active
CGGE,CAPITAL GROUP GLOBAL EQUITY ETF SHARE CLASS,NYSE,ETF,2024-06-27,,Active
CGGG,CAPITAL GROUP U.S. LARGE GROWTH ETF SHARE CLASS,NYSE,ETF,2025-06-26,,Active
CGGO,CAPITAL GROUP GLOBAL GROWTH EQUITY ETF SHARE CLASS,NYSE,ETF,2022-02-24,,Active
CGGR,CAPITAL GROUP GROWTH ETF SHARE CLASS,NYSE,ETF,2022-02-24,,Active
CGHM,CAPITAL GROUP MUNICIPAL HIGH-INCOME ETF SHARE CLASS,NYSE,ETF,2024-06-27,,Active
CGHY,CAPITAL GROUP HIGH YIELD BOND ETF SHARE CLASS,NYSE,ETF,2025-06-26,,Active
CGIB,CAPITAL GROUP INTERNATIONAL BOND ETF (USD-HEDGED) SHARE CLASS,NYSE,ETF,2024-06-27,,Active
CGIC,CAPITAL GROUP INTERNATIONAL CORE EQUITY ETF SHARE CLASS,NYSE,ETF,2024-06-27,,Active
CGIE,CAPITAL GROUP INTERNATIONAL EQUITY ETF SHARE CLASS,NYSE,ETF,2023-09-28,,Active
CGMM,CAPITAL GROUP U.S. SMALL AND MID CAP ETF SHARE CLASS,NYSE,ETF,2025-01-16,,Active
CGMS,CAPITAL GROUP U.S. MULTI-SECTOR INCOME ETF SHARE CLASS,NYSE,ETF,2022-10-27,,Active
CGMU,CAPITAL GROUP MUNICIPAL INCOME ETF SHARE CLASS,NYSE,ETF,2022-10-27,,Active
CGNG,CAPITAL GROUP NEW GEOGRAPHY EQUITY ETF SHARE CLASS,NYSE,ETF,2024-06-27,,Active
CGNT,Cognyte Software Ltd,NASDAQ,Stock,2021-02-02,,Active
CGNX,Cognex Corp,NASDAQ,Stock,1989-10-09,,Active
CGO,Calamos Global Total Return Fund,NASDAQ,ETF,2005-10-27,,Active
CGON,Cg Oncology Inc,NASDAQ,Stock,2024-01-25,,Active
CGOV,Corgi 03 Month TBill,BATS,Stock,2026-06-04,,Active
CGPT,VegaShares AI Inference ETF,NASDAQ,ETF,2026-08-13,,Active
CGRO,COREVALUES ALPHA GREATER CHINA GROWTH ETF ,NYSE,ETF,2023-10-17,,Active
CGSD,CAPITAL GROUP SHORT DURATION INCOME ETF SHARE CLASS,NYSE,ETF,2022-10-27,,Active
CGSM,CAPITAL GROUP SHORT DURATION MUNICIPAL INCOME ETF SHARE CLASS,NYSE,ETF,2023-09-28,,Active
CGTL,Creative Global Technology Holdings Ltd,NASDAQ,Stock,2024-11-26,,Active
CGTX,Cognition Therapeutics Inc,NASDAQ,Stock,2021-10-08,,Active
CGUI,CAPITAL GROUP ULTRA SHORT INCOME ETF SHARE CLASS,NYSE,ETF,2024-06-27,,Active
CGUS,CAPITAL GROUP CORE EQUITY ETF SHARE CLASS,NYSE,ETF,2022-02-24,,Active
CGV,Conductor Global Equity Value ETF,NYSE,ETF,2022-08-01,,Active
CGVV,CAPITAL GROUP U.S. LARGE VALUE ETF SHARE CLASS,NYSE,ETF,2025-06-26,,Active
CGW,INVESCO S&P GLOBAL WATER INDEX ETF ,NYSE,ETF,2007-05-14,,Active
CGXU,CAPITAL GROUP INTERNATIONAL FOCUS EQUITY ETF SHARE CLASS,NYSE,ETF,2022-02-24,,Active
CHA,Chagee Holdings Ltd,NASDAQ,Stock,2025-04-17,,Active
CHAD,DeFi Development Corp,NASDAQ,Stock,2026-09-08,,Active
CHAI,Siyata Mobile Inc,NASDAQ,Stock,2017-09-22,,Active
CHAR,CHAPARRAL RESOURCES INC,NASDAQ,Stock,2024-11-26,,Active
CHARR,Charlton Aria Acquisition Corporation Rights,NASDAQ,Stock,2024-11-26,,Active
CHARU,Charlton Aria Acquisition Corp - Units (1 Ord Cls A & 1 Rts),NASDAQ,Stock,2024-10-24,,Active
CHAT,ROUNDHILL GENERATIVE AI & TECHNOLOGY ETF ,NYSE,ETF,2023-05-18,,Active
CHAU,DIREXION DAILY CSI 300 CHINA A SHARE BULL 2X SHARES ,NYSE,ETF,2015-04-16,,Active
CHCI,Comstock Holding Co. Inc - Class A,NASDAQ,Stock,2004-12-14,,Active
CHCO,City Holding Company,NASDAQ,Stock,1993-02-19,,Active
CHCT,Community Healthcare Trust Inc,NYSE,Stock,2015-05-21,,Active
CHD,Church & Dwight Co. Inc,NYSE,Stock,1986-03-06,,Active
CHDG,Calamos Active Hedged Equity ETF,BATS,ETF,2026-08-04,,Active
CHDN,Churchill Downs Inc,NASDAQ,Stock,1993-03-29,,Active
CHE,Chemed Corp,NYSE,Stock,1973-05-03,,Active
CHEB-U,Chenghe Acquisition II Co. Units each consisting of one Class A ordinary share and onehalf of one redeemable warrant,AMEX,Stock,2024-06-07,,Active
CHEC,Chenghe Acquisition III Company,NASDAQ,Stock,2025-11-11,,Active
CHECU,Chenghe Acquisition III Co - Units (1 Ord Cls A & 1/2 War),NASDAQ,Stock,2025-09-16,,Active
CHECW,Chenghe Acquisition III Co. Warrants,NASDAQ,Stock,2025-11-11,,Active
CHEF,Chefs` Warehouse Inc,NASDAQ,Stock,2011-07-28,,Active
CHEK,MBody AI Ltd,NASDAQ,Stock,2015-03-04,,Active
CHGA,Change Agents Corp,NASDAQ,Stock,2016-12-06,,Active
CHGG,Chegg Inc,NYSE,Stock,2013-11-13,,Active
CHGX,STANCE SUSTAINABLE BETA ETF ,NASDAQ,ETF,2017-10-10,,Active
CHH,Choice Hotels International Inc,NYSE,Stock,1996-10-16,,Active
CHI,Calamos Convertible Opportunities and Income Fund,NASDAQ,ETF,2002-06-27,,Active
CHIQ,GLOBAL X MSCI CHINA CONSUMER DISCRETIONARY ETF ,NYSE,ETF,2009-12-01,,Active
CHKP,Check Point Software Technologies Ltd,NASDAQ,Stock,1996-06-28,,Active
CHMG,Chemung Financial Corp,NASDAQ,Stock,1999-01-04,,Active
CHMI,Cherry Hill Mortgage Investment Corporation,NYSE,Stock,2013-10-04,,Active
CHMI-P-A,Cherry Hill Mortgage Investment Corporation,NYSE,Stock,2017-08-11,,Active
CHMI-P-B,Cherry Hill Mortgage Investment Corporation,NYSE,Stock,2019-02-05,,Active
CHNL,CHANNELL COMMERCIAL CORP,BATS,Stock,2026-04-01,,Active
CHNR,China Natural Resources Inc,NASDAQ,Stock,1995-08-07,,Active
CHNU,2x Chainlink,BATS,Stock,2026-04-01,,Active
CHOW,ChowChow Cloud International Holdings Ltd,AMEX,Stock,2025-09-16,,Active
CHPG,ChampionsGate Acquisition Corp - Class A,NASDAQ,Stock,2025-06-20,,Active
CHPGR,ChampionsGate Acquisition Corp,NASDAQ,Stock,2025-06-20,,Active
CHPGU,ChampionsGate Acquisition Corp - Units (1 Ord Shs & 1 Rts),NASDAQ,Stock,2025-05-28,,Active
CHPS,XTRACKERS SEMICONDUCTOR SELECT EQUITY ETF ,NASDAQ,ETF,2023-07-13,,Active
CHPT,ChargePoint Holdings Inc - Class A,NYSE,Stock,2019-09-16,,Active
CHPX,GLOBAL X AI SEMICONDUCTOR & QUANTUM ETF ,NASDAQ,ETF,2025-10-01,,Active
CHPY,YIELDMAX(R) SEMICONDUCTOR PORTFOLIO OPTION INCOME ETF ,NYSE,ETF,2025-04-03,,Active
CHR,Cheer Holding Inc - Class A,NASDAQ,Stock,2024-09-10,,Active
CHRD,Chord Energy Corp - New,NASDAQ,Stock,2020-11-20,,Active
CHRI,GLOBAL X S&P 500 CHRISTIAN VALUES ETF ,NASDAQ,ETF,2014-02-19,,Active
CHRN,ChronoScale Holdings Corp,NASDAQ,Stock,2014-01-16,,Active
CHRS,Coherus Biosciences Inc,NASDAQ,Stock,2014-11-06,,Active
CHRW,C.H. Robinson Worldwide Inc,NASDAQ,Stock,1997-10-16,,Active
CHSCL,CHS Inc,NASDAQ,Stock,2015-01-15,,Active
CHSCM,CHS Inc,NASDAQ,Stock,2014-09-16,,Active
CHSCN,CHS Inc,NASDAQ,Stock,2014-03-06,,Active
CHSCO,CHS Inc,NASDAQ,Stock,2013-09-23,,Active
CHSCP,CHS Inc,NASDAQ,Stock,2003-03-24,,Active
CHSN,Chanson International Holding - Class A,NASDAQ,Stock,2023-03-30,,Active
CHT,Chunghwa Telecom,NYSE,Stock,2003-10-09,,Active
CHTR,Charter Communications Inc - Class A,NASDAQ,Stock,2010-01-05,,Active
CHTRP,Charter Communications Inc,NASDAQ,Stock,2026-08-20,,Active
CHW,Calamos Global Dynamic Income Fund,NASDAQ,ETF,2007-07-26,,Active
CHWY,Chewy Inc - Class A,NYSE,Stock,2019-06-14,,Active
CHY,Calamos Convertible and High Income Fund,NASDAQ,ETF,2003-05-29,,Active
CHYG,Corgi 05 Year High Yield Corporate Bond,BATS,Stock,2026-06-04,,Active
CHYM,Chime Financial Inc - Class A,NASDAQ,Stock,2025-06-12,,Active
CI,Cigna Group (The),NYSE,Stock,1982-03-31,,Active
CIA,Citizens Inc - Class A,NYSE,Stock,1988-12-05,,Active
CIB,Bancolombia S.A.,NYSE,Stock,1995-07-26,,Active
CIBR,FIRST TRUST NASDAQ CYBERSECURITY ETF ,NASDAQ,ETF,2015-07-07,,Active
CICB,CION Investment Corporation 7.50 Notes due 2029,NYSE,Stock,2024-10-09,,Active
CICC,CION Invt Corp,NYSE,Stock,2026-02-12,,Active
CIEG,Leverage Shares 2X Long CIEN Daily,BATS,Stock,2026-05-12,,Active
CIEN,CIENA Corp,NYSE,Stock,1997-02-07,,Active
CIEX,Tradr 2X Long CIEN Daily ETF,BATS,ETF,2026-07-01,,Active
CIF,MFS Intermediate High Income Fund,NYSE,ETF,1988-10-05,,Active
CIFC,CIFC Corp,NASDAQ,Stock,2016-01-04,,Active
CIFG,Leverage Shares 2X Long CIFR Daily ETF,NASDAQ,ETF,2025-12-11,,Active
CIFR,Cipher Mining Inc,NASDAQ,Stock,2020-12-07,,Active
CIFU,TREX 2X Long CIFR Daily Target ETF,BATS,ETF,2025-11-21,,Active
CIG,Cia Energetica DE Minas Gerais - Cemig,NYSE,Stock,1996-11-18,,Active
CIG-C,Cia Energetica DE Minas Gerais - Cemig,NYSE,Stock,2014-09-22,,Active
CIGI,Colliers International Group Inc,NASDAQ,Stock,1995-01-20,,Active
CIGL,Concorde International Group Ltd - Class A,NASDAQ,Stock,2025-04-21,,Active
CIH,China Index Holdings Ltd,NASDAQ,Stock,2019-06-12,,Active
CII,BlackRock Enhanced Capital and Income Fund Inc,NYSE,ETF,2004-05-26,,Active
CIIGU,CIIG Capital Partners II Inc - Units (1 Ord Class A & 1/2 War),NASDAQ,Stock,2021-09-15,,Active
CIIT,Tianci International Inc,NASDAQ,Stock,2001-01-02,,Active
CIK,Credit Suisse Asset Management Income Fund Inc,AMEX,ETF,1987-11-05,,Active
CIM,Chimera Investment Corp,NYSE,Stock,2007-11-16,,Active
CIM-P-A,Chimera Investment Corp,NYSE,Stock,2016-10-18,,Active
CIM-P-B,Chimera Investment Corp,NYSE,Stock,2017-03-01,,Active
CIM-P-C,Chimera Investment Corp,NYSE,Stock,2018-09-14,,Active
CIM-P-D,Chimera Investment Corp,NYSE,Stock,2019-01-16,,Active
CIMN,Chimera Investment Corporation 9.000 Senior Notes due 2029,NYSE,Stock,2024-05-28,,Active
CIMO,Chimera Investment Corp,NYSE,Stock,2024-08-22,,Active
CIMP,Chimera Investment Corp,NYSE,Stock,2025-09-18,,Active
CINF,Cincinnati Financial Corp,NASDAQ,Stock,1990-03-26,,Active
CING,Cingulate Inc,NASDAQ,Stock,2021-12-08,,Active
CINGW,Cingulate Inc - Warrants (03/12/2026),NASDAQ,Stock,2021-12-08,,Active
CINT,CI&T Inc Class A,NYSE,Stock,2021-11-10,,Active
CION,CION Invt Corp,NYSE,Stock,2021-10-05,,Active
CIR,Corgi CRCL 2x Daily ETF,BATS,ETF,2026-07-07,,Active
CIRC,JPMorgan Sustainable Consumption ETF,NASDAQ,ETF,2022-09-08,,Active
CISO,CISO Global Inc,NASDAQ,Stock,2020-06-26,,Active
CISS,C3is Inc,NASDAQ,Stock,2023-06-22,,Active
CISSV,C3is Inc,NASDAQ,Stock,2023-06-14,,Active
CITR,General Enterprise Ventures Inc,AMEX,Stock,2025-12-04,,Active
CIVB,Civista Bancshares Inc,NASDAQ,Stock,2001-01-02,,Active
CIVG,Corgi 15 Year Investment Grade Corporate Bond,BATS,Stock,2026-06-04,,Active
CIX,Compx International Inc - Class A,AMEX,Stock,1998-03-06,,Active
CJMB,Callan Jmb Inc,NASDAQ,Stock,2025-02-05,,Active
CJUL,Corgi U.S. Equities 15% Structured Buffer ETF - July Series,BATS,ETF,2026-07-02,,Active
CJUN,Corgi U.S. Equities 15 Structured Buffer ETF June Series,BATS,Stock,2026-06-02,,Active
CKX,CKX Lands Inc,AMEX,Stock,1999-07-13,,Active
CL,Colgate-Palmolive Company,NYSE,Stock,1977-01-03,,Active
CLAR,Clarus Corp,NASDAQ,Stock,1998-05-27,,Active
CLB,Core Laboratories Inc,NYSE,Stock,1995-09-21,,Active
CLBK,Columbia Financial Inc,NASDAQ,Stock,2026-07-20,,Active
CLBR,Colombier Acquisition Corp II - Class A,NYSE,Stock,2024-01-11,,Active
CLBR-U,Colombier Acquisition Corp Units each consisting of one share of Class A common stock and onethird of one redeemable warrant,NYSE,Stock,2021-06-09,,Active
CLBR-WS,Colombier Acquisition Corp II - Warrants (31/12/2028),NYSE,Stock,2024-01-11,,Active
CLBT,Cellebrite DI Ltd,NASDAQ,Stock,2021-08-31,,Active
CLCG,Crossmark Large Cap Growth ETF,NYSE,ETF,2025-07-23,,Active
CLCV,Crossmark Large Cap Value ETF,NYSE,ETF,2025-07-23,,Active
CLDI,Calidi Biotherapeutics Inc,NYSE MKT,Stock,2021-11-01,,Active
CLDI-WS,Calidi Biotherapeutics Inc Wt Exp Red,AMEX,Stock,2023-09-13,,Active
CLDL,DIREXION DAILY CLOUD COMPUTING BULL 2X SHARES ,NYSE ARCA,ETF,2021-01-08,,Active
CLDT,Chatham Lodging Trust,NYSE,Stock,2010-04-16,,Active
CLDT-P-A,Chatham Lodging Trust,NYSE,Stock,2021-06-25,,Active
CLDX,Celldex Therapeutics Inc,NASDAQ,Stock,1990-03-26,,Active
CLF,Cleveland-Cliffs Inc,NYSE,Stock,1987-11-05,,Active
CLFD,Clearfield Inc,NASDAQ,Stock,1986-08-07,,Active
CLGN,CollPlant Biotechnologies Ltd New,NASDAQ,Stock,2018-01-30,,Active
CLH,Clean Harbors Inc,NYSE,Stock,1990-03-26,,Active
CLIK,Click Holdings Ltd,NASDAQ,Stock,2024-10-09,,Active
CLIM,CLIMATE GLOBAL - CLIMATE RESILIENT REIT INDEX ETF ,NYSE,ETF,2021-03-19,,Active
CLINW,Alternus Clean Energy Inc - Warrants (01/01/2022),NASDAQ,Stock,2022-04-18,,Active
CLIP,GLOBAL X 1-3 MONTH T-BILL ETF ,NYSE,ETF,2023-06-21,,Active
CLIR,ClearSign Technologies Corp,NASDAQ,Stock,2012-04-25,,Active
CLIX,PROSHARES LONG ONLINE/SHORT STORES RETAIL ETF ,NYSE,ETF,2017-11-16,,Active
CLLS,Cellectis,NASDAQ,Stock,2015-03-25,,Active
CLM,Cornerstone Strategic Value Fund,AMEX,ETF,2002-08-02,,Active
CLMB,Climb Global Solutions Inc,NASDAQ,Stock,1995-07-18,,Active
CLMT,Calumet Inc,NASDAQ,Stock,2024-07-11,,Active
CLNE,Clean Energy Fuels Corp,NASDAQ,Stock,2007-05-25,,Active
CLNK,Bitwise Chainlink ETF,NYSE,ETF,2026-01-14,,Active
CLNN,Clene Inc,NASDAQ,Stock,2020-12-31,,Active
CLNNW,Clene Inc - Warrants (30/12/2025),NASDAQ,Stock,2020-12-31,,Active
CLOA,BlackRock AAA CLO ETF,NASDAQ,ETF,2023-01-12,,Active
CLOB,VANECK AA-BB CLO ETF ,NYSE,ETF,2024-09-25,,Active
CLOC,AAM CRESCENT CLO ETF ,NYSE,ETF,2025-10-23,,Active
CLOD,THEMES CLOUD COMPUTING ETF ,NASDAQ,ETF,2023-12-15,,Active
CLOI,VANECK CLO ETF ,NYSE,ETF,2022-06-23,,Active
CLOO,NYLI INVESTMENT GRADE CLO ETF ,NYSE,ETF,2026-05-06,,Active
CLOU,GLOBAL X CLOUD COMPUTING ETF ,NASDAQ,ETF,2019-04-16,,Active
CLOV,Clover Health Investments Corp - Class A,NASDAQ,Stock,2020-06-12,,Active
CLOX,ELDRIDGE AAA CLO ETF ,NYSE,ETF,2023-07-19,,Active
CLOZ,ELDRIDGE BBB-B CLO ETF ,NYSE,ETF,2023-01-24,,Active
CLPR,Clipper Realty Inc,NYSE,Stock,2017-02-10,,Active
CLPS,CLPS Inc,NASDAQ,Stock,2018-05-24,,Active
CLPT,ClearPoint Neuro Inc,NASDAQ,Stock,2016-08-08,,Active
CLRB,Cellectar Biosciences Inc,NASDAQ,Stock,2005-11-10,,Active
CLRCU,ClimateRock - Units (1 Ord Class A 1 Rts & 1/2 War),NASDAQ,Stock,2022-04-28,,Active
CLRO,ClearOne Inc,NASDAQ,Stock,1995-08-18,,Active
CLS,Celestica Inc,NYSE,Stock,1998-06-30,,Active
CLSA,Cabana Target Leading Sector Aggressive ETF,NASDAQ,ETF,2021-07-13,,Active
CLSC,Cabana Target Leading Sector Conservative ETF,NASDAQ,ETF,2021-07-13,,Active
CLSE,CONVERGENCE LONG/SHORT EQUITY ETF ,BATS,ETF,2022-02-22,,Active
CLSK,Cleanspark Inc,NASDAQ,Stock,2016-01-29,,Active
CLSKW,CleanSpark Inc Warrant,NASDAQ,Stock,2024-11-04,,Active
CLSM,ETC CABANA TARGET LEADING SECTOR MODERATE ETF ,NASDAQ,ETF,2021-07-13,,Active
CLST,Catalyst Bancorp Inc,NASDAQ,Stock,2021-10-13,,Active
CLSX,TRADR 2X LONG CLSK DAILY ETF ,BATS,ETF,2025-09-16,,Active
CLSZ,Tradr 2X Short CLSK Daily,BATS,Stock,2026-02-19,,Active
CLUB,BILLIONAIRES CLUB ETF ,NYSE,Stock,2006-06-02,,Active
CLVS,,NASDAQ,Stock,2023-01-03,,Active
CLVT,Clarivate Plc,NYSE,Stock,2018-10-29,,Active
CLW,Clearwater Paper Corp,NYSE,Stock,2008-12-05,,Active
CLWT,Euro Tech Holdings Co. Ltd,NASDAQ,Stock,1997-03-14,,Active
CLX,Clorox Company,NYSE,Stock,1983-03-21,,Active
CLXT,Calyxt Inc,NASDAQ,Stock,2017-07-20,,Active
CLYM,Eliem Therapeutics Inc,NASDAQ,Stock,2021-08-10,,Active
CM,Canadian Imperial Bank Of Commerce,NYSE,Stock,1997-11-13,,Active
CMAG,CASINO MAGIC CORP,BATS,Stock,2026-05-06,,Active
CMAY,Corgi U.S. Equities 15 Structured Buffer ETF May Series,BATS,Stock,2026-05-01,,Active
CMBO,Wayfinder Dynamic U.S. Interest Rate ETF,NASDAQ,ETF,2025-11-04,,Active
CMBS,ISHARES CMBS ETF ,NYSE,ETF,2012-02-16,,Active
CMBT,Euronav NV,NYSE,Stock,2015-01-23,,Active
CMC,Commercial Metals Company,NYSE,Stock,1987-11-05,,Active
CMCI,VANECK CMCI COMMODITY STRATEGY ETF ,BATS,ETF,2023-08-23,,Active
CMCL,Caledonia Mining Corporation Plc,AMEX,Stock,2017-06-29,,Active
CMCM,Cheetah Mobile Inc,NYSE,Stock,2014-05-08,,Active
CMCO,Columbus Mckinnon Corp,NASDAQ,Stock,1996-02-28,,Active
CMCSA,Comcast Corp - Class A,NASDAQ,Stock,1988-07-07,,Active
CMCSV,Comcast Corporation,NASDAQ,Stock,2025-12-15,,Active
CMCT,Creative Media & Community Trust,NASDAQ,Stock,1995-08-18,,Active
CMDB,Costamare Bulkers Holdings Ltd,NYSE,Stock,2025-05-07,,Active
CMDB-W,Costamare Bulkers Holdings Ltd WhenIssued,NYSE,Stock,2025-05-01,,Active
CMDT,PIMCO COMMODITY STRATEGY ACTIVE EXCHANGE-TRADED FUND ,NYSE,ETF,2023-05-10,,Active
CMDY,ISHARES BLOOMBERG ROLL SELECT COMMODITY STRATEGY ETF ,NYSE,ETF,2018-04-05,,Active
CME,CME Group Inc - Class A,NASDAQ,Stock,2002-12-06,,Active
CMF,ISHARES CALIFORNIA MUNI BOND ETF ,NYSE,ETF,2007-10-05,,Active
CMG,Chipotle Mexican Grill,NYSE,Stock,2006-01-26,,Active
CMGG,Leverage Shares 2X Long CMG Daily ETF,NASDAQ,ETF,2025-11-17,,Active
CMI,Cummins Inc,NYSE,Stock,1984-12-18,,Active
CMII,Columbus Circle Capital Corp II,NASDAQ,Stock,2026-05-28,,Active
CMIIW,Columbus Circle Capital Corp II Warrant,NASDAQ,Stock,2026-05-28,,Active
CMMB,Chemomab Therapeutics Ltd,NASDAQ,Stock,2019-02-12,,Active
CMND,Clearmind Medicine Inc,NASDAQ,Stock,2021-08-16,,Active
CMP,Compass Minerals International Inc,NYSE,Stock,2003-12-12,,Active
CMPOV,CompoSecure Inc,NASDAQ,Stock,2025-02-20,,Active
CMPR,Cimpress plc,NASDAQ,Stock,2005-09-30,,Active
CMPS,Compass Pathways Plc,NASDAQ,Stock,2020-09-18,,Active
CMPX,Compass Therapeutics Inc,NASDAQ,Stock,2021-04-05,,Active
CMRC,Commerce.com Inc Series 1,NASDAQ,Stock,2020-08-05,,Active
CMRE,Costamare Inc,NYSE,Stock,2010-11-04,,Active
CMRE-P-B,Costamare Inc,NYSE,Stock,2014-09-22,,Active
CMRE-P-C,Costamare Inc,NYSE,Stock,2014-09-22,,Active
CMRE-P-D,Costamare Inc,NYSE,Stock,2015-05-15,,Active
CMRE-W,Costamare Inc WhenIssued,NYSE,Stock,2025-05-01,,Active
CMRX,Chimerix Inc,NASDAQ,Stock,2013-04-11,,Active
CMS,CMS Energy Corporation,NYSE,Stock,1984-12-31,,Active
CMS-P-B,Consumers Energy Company,NYSE,Stock,2014-09-22,,Active
CMS-P-C,CMS Energy Corporation,NYSE,Stock,2021-06-25,,Active
CMSA,CMS Energy Corporation,NYSE,Stock,2018-03-12,,Active
CMSC,CMS Energy Corporation,NYSE,Stock,2018-10-01,,Active
CMSD,CMS Energy Corporation,NYSE,Stock,2019-02-21,,Active
CMT,Core Molding Technologies,AMEX,Stock,1988-09-16,,Active
CMTG,Claros Mortgage Trust Inc,NYSE,Stock,2021-11-03,,Active
CMTL,Comtech Telecommunications Corp,NASDAQ,Stock,1992-02-18,,Active
CMTV,Community Bancorp Inc Vermont,NASDAQ,Stock,2001-01-02,,Active
CMU,MFS High Yield Municipal Trust,NYSE,ETF,1987-03-19,,Active
CNA,CNA Financial Corp,NYSE,Stock,1985-07-11,,Active
CNAV,MOHR COMPANY NAV ETF ,BATS,ETF,2024-10-01,,Active
CNBS,AMPLIFY SEYMOUR CANNABIS ETF ,NYSE,ETF,2019-07-23,,Active
CNC,Centene Corp,NYSE,Stock,2001-12-13,,Active
CNCG,Leverage Shares 2X Long CNC Daily ETF,NASDAQ,ETF,2026-05-28,,Active
CNCK,Coincheck Group N.V.,NASDAQ,Stock,2024-12-10,,Active
CNCKW,Coincheck Group N.V. Warrants,NASDAQ,Stock,2024-12-11,,Active
CNDT,Conduent Inc,NASDAQ,Stock,2017-01-03,,Active
CNEQ,ALGER CONCENTRATED EQUITY ETF ,NYSE,ETF,2024-04-05,,Active
CNET,ZW Data Action Technologies Inc,NASDAQ,Stock,2009-08-14,,Active
CNEY,CN Energy Group Inc - Class A,NASDAQ,Stock,2021-02-05,,Active
CNF,CNFinance Holdings Ltd,NYSE,Stock,2018-11-13,,Active
CNFRL,Conifer Holdings Inc,NASDAQ,Stock,2018-10-31,,Active
CNH,CNH Industrial NV,NYSE,Stock,2013-09-30,,Active
CNI,Canadian National Railway Company,NYSE,Stock,1996-11-26,,Active
CNK,Cinemark Holdings Inc,NYSE,Stock,2007-04-24,,Active
CNL,Collective Mining Ltd,NASDAQ,Stock,2026-08-11,,Active
CNM,Core & Main Inc Class A,NYSE,Stock,2021-07-22,,Active
CNMD,Conmed Corp,NYSE,Stock,1990-03-26,,Active
CNNE,Cannae Holdings Inc,NYSE,Stock,2017-11-20,,Active
CNO,CNO Financial Group Inc,NYSE,Stock,2003-09-10,,Active
CNO-P-A,CNO Financial Group Inc,NYSE,Stock,2020-11-30,,Active
CNOB,ConnectOne Bancorp Inc,NASDAQ,Stock,1996-05-30,,Active
CNOBP,ConnectOne Bancorp Inc,NASDAQ,Stock,2021-08-13,,Active
CNP,Centerpoint Energy Inc,NYSE,Stock,1970-01-02,,Active
CNQ,Canadian Natural Resources Ltd,NYSE,Stock,2000-07-31,,Active
CNQQ,RayliantChinaAMC Transformative China Tech ETF,NASDAQ,ETF,2025-09-26,,Active
CNR,Core Natural Resources Inc,NYSE,Stock,2017-11-14,,Active
CNRG,STATE STREET(R) SPDR(R) S&P KENSHO CLEAN POWER ETF ,NYSE,ETF,2018-10-23,,Active
CNS,Cohen & Steers Inc,NYSE,Stock,2004-08-16,,Active
CNSP,Cns Pharmaceuticals Inc,NASDAQ,Stock,2019-11-08,,Active
CNSY,Cerenome Inc,NASDAQ,Stock,2000-11-16,,Active
CNTB,Connect Biopharma Holdings Ltd,NASDAQ,Stock,2025-09-03,,Active
CNTN,Tharimmune Inc,NASDAQ,Stock,2022-01-12,,Active
CNTX,Context Therapeutics Inc,NASDAQ,Stock,2021-10-20,,Active
CNTY,Century Casinos Inc,NASDAQ,Stock,1993-11-10,,Active
CNVS,Cineverse Corp - Class A,NASDAQ,Stock,2003-11-10,,Active
CNX,CNX Resources Corp,NYSE,Stock,1999-04-30,,Active
CNXC,Concentrix Corp,NASDAQ,Stock,2020-11-24,,Active
CNXN,PC Connection Inc,NASDAQ,Stock,1998-03-03,,Active
CNXT,VANECK CHINEXT INNOVATORS ETF ,NYSE,ETF,2014-07-24,,Active
CNXU,Conexeu Sciences Inc,NASDAQ,Stock,2026-05-21,,Active
CNYA,ISHARES MSCI CHINA A ETF ,BATS,ETF,2016-06-15,,Active
COAG,Hemab Therapeutics Holdings Inc,NASDAQ,Stock,2026-05-01,,Active
COAL,RANGE GLOBAL COAL INDEX ETF ,NYSE,ETF,2024-01-24,,Active
COCH,Envoy Medical Inc - Class A,NASDAQ,Stock,2021-04-29,,Active
COCHW,Envoy Medical Inc - Warrants (29/09/2028),NASDAQ,Stock,2021-04-23,,Active
COCO,Vita Coco Company Inc (The),NASDAQ,Stock,2021-10-21,,Active
COCP,Cocrystal Pharma Inc,NASDAQ,Stock,2011-05-19,,Active
CODA,Coda Octopus Group Inc,NASDAQ,Stock,2003-10-17,,Active
CODI,Compass Diversified Holdings,NYSE,Stock,2006-05-18,,Active
CODI-P-A,Compass Diversified Holdings 7250 Series A Preferred Shares representing beneficial interest in,NYSE,Stock,2017-06-20,,Active
CODI-P-B,Compass Diversified Holdings,NYSE,Stock,2018-03-06,,Active
CODI-P-C,Compass Diversified Holdings 7.875 PRF PERPETUAL USD 25 Ser C,NYSE,Stock,2019-11-14,,Active
CODX,Co-Diagnostics Inc,NASDAQ,Stock,2017-07-12,,Active
COE,51 Talk Online Education Group,AMEX,Stock,2016-06-10,,Active
COEPW,Z Squared Inc - Warrants (31/10/2025),NASDAQ,Stock,2020-12-17,,Active
COF,Capital One Financial Corp,NYSE,Stock,1994-11-16,,Active
COF-P-I,Capital One Financial Corp,NYSE,Stock,2019-09-05,,Active
COF-P-J,Capital One Financial Corp,NYSE,Stock,2020-01-29,,Active
COF-P-K,Capital One Financial Corp,NYSE,Stock,2020-09-11,,Active
COF-P-L,Capital One Financial Corp,NYSE,Stock,2021-04-30,,Active
COF-P-N,Capital One Financial Corp,NYSE,Stock,2021-07-27,,Active
COFS,Choiceone Financial Services Inc,NASDAQ,Stock,2001-12-31,,Active
COGT,Cogent Biosciences Inc,NASDAQ,Stock,2018-03-29,,Active
COHC,Corgi COHR 2x Daily ETF,BATS,ETF,2026-07-07,,Active
COHH,Leverage Shares 2X Long COHR Daily,BATS,Stock,2026-05-12,,Active
COHN,Cohen & Company Inc,AMEX,Stock,2004-05-06,,Active
COHQ,Tradr 2X Short COHR Daily ETF,BATS,ETF,2026-08-18,,Active
COHR,Coherent Corp,NYSE,Stock,1990-03-26,,Active
COHU,Cohu Inc,NASDAQ,Stock,1986-11-12,,Active
COHX,Tradr 2X Long COHR Daily,BATS,ETF,2026-02-19,,Active
COIA,ProShares Trust Ultra COIN,NYSE,Stock,2025-09-10,,Active
COIG,LEVERAGE SHARES 2X LONG COIN DAILY ETF ,NASDAQ,ETF,2025-03-14,,Active
COII,REX COIN GROWTH & INCOME ETF ,BATS,ETF,2025-06-04,,Active
COIN,Coinbase Global Inc - Class A,NASDAQ,Stock,2021-04-14,,Active
COIO,LEVERAGE SHARES 2X CAPPED ACCELERATED COIN MONTHLY ETF ,BATS,ETF,2025-08-13,,Active
COIW,ROUNDHILL COIN WEEKLYPAY ETF ,BATS,ETF,2025-02-19,,Active
COIX,Corgi COIN 2x Daily ETF,BATS,ETF,2026-06-30,,Active
COKE,Coca-Cola Consolidated Inc,NASDAQ,Stock,1990-03-26,,Active
COLA,Columbus Acquisition Corp,NASDAQ,Stock,2025-03-17,,Active
COLAR,Columbus Acquisition Corp Rights,NASDAQ,Stock,2025-03-17,,Active
COLAU,Columbus Acquisition Corp - Units ( Ord Cls A & 1 Rts),NASDAQ,Stock,2025-01-23,,Active
COLB,Columbia Banking System Inc,NASDAQ,Stock,1992-06-16,,Active
COLD,Americold Realty Trust Inc,NYSE,Stock,2018-01-19,,Active
COLL,Collegium Pharmaceutical Inc,NASDAQ,Stock,2015-05-07,,Active
COLM,Columbia Sportswear Company,NASDAQ,Stock,1998-03-27,,Active
COLO,GLOBAL X MSCI COLOMBIA ETF ,NYSE,ETF,2009-02-09,,Active
COM,DIREXION AUSPICE BROAD COMMODITY STRATEGY ETF ,NYSE,ETF,2017-03-30,,Active
COMB,GRANITESHARES BLOOMBERG COMMODITY BROAD STRATEGY NO K-1 ETF ,NYSE,ETF,2017-05-24,,Active
COMD,GLOBAL X COMMODITY STRATEGY ETF ,BATS,ETF,2026-02-11,,Active
COMP,Compass Inc - Class A,NYSE,Stock,2021-04-01,,Active
COMT,ISHARES GSCI COMMODITY DYNAMIC ROLL STRATEGY ETF ,NASDAQ,ETF,2014-10-16,,Active
CON,Concentra Group Holdings Parent Inc,NYSE,Stock,2024-07-25,,Active
CON-W,Concentra Group Holdings Parent Inc WhenIssued Addl Shares,NYSE,Stock,2024-11-20,,Active
CONI,GRANITESHARES 2X SHORT COIN DAILY ETF ,NASDAQ,ETF,2024-09-04,,Active
CONL,GRANITESHARES 2X LONG COIN DAILY ETF ,NASDAQ,ETF,2022-08-09,,Active
CONN,Conns Inc,NASDAQ,Stock,2026-02-06,,Active
CONX,Direxion Daily COIN Bull 2X ETF,NASDAQ,ETF,2025-11-19,,Active
CONY,YIELDMAX(R) COIN OPTION INCOME STRATEGY ETF ,NYSE,ETF,2023-08-15,,Active
COO,Cooper Companies Inc,NASDAQ,Stock,1983-12-30,,Active
COOK,Traeger Inc,NYSE,Stock,2021-07-29,,Active
COOL,VegaShares AI Thermal Cooling & Power Management ETF,NASDAQ,ETF,2026-08-13,,Active
COOT,Australian Oilseeds Holdings Ltd,NASDAQ,Stock,2024-03-21,,Active
COOTW,Australian Oilseeds Holdings Ltd - Warrants (22/03/2029),NASDAQ,Stock,2020-12-10,,Active
COP,Conoco Phillips,NYSE,Stock,1981-12-31,,Active
COPA,THEMES COPPER MINERS ETF ,BATS,ETF,2024-09-24,,Active
COPJ,Sprott Junior Copper Miners ETF,NASDAQ,ETF,2023-02-02,,Active
COPL,AXS 2X COP BULL DAILY ETF ,NYSE,ETF,2025-06-02,,Active
COPL-U,Copley Acquisition Corp - Units (1 Ord Cls A & 1/2 War),NYSE,Stock,2025-05-01,,Active
COPL-WS,Copley Acquisition Corp Redeemable warrants each whole warrant exercisable for one Class A ordinary share at an exercise price of 11.50,NYSE,Stock,2025-06-02,,Active
COPP,Sprott Copper Miners ETF,NASDAQ,ETF,2024-03-06,,Active
COPR-WS,Idaho Copper Corporation Common Stock Purchase Warrant,AMEX,Stock,2026-07-02,,Active
COPX,GLOBAL X COPPER MINERS ETF ,NYSE,ETF,2010-04-20,,Active
COPZ,DEFIANCE DAILY TARGET 2X LONG COPPER MINERS ETF ,NYSE,ETF,2026-02-18,,Active
COR,Cencora Inc,NYSE,Stock,1995-04-04,,Active
CORB,AB CORE BOND ETF ,NYSE,ETF,2025-11-10,,Active
CORD,T-REX 2X INVERSE CRWV DAILY TARGET ETF ,BATS,ETF,2025-09-26,,Active
CORN,Teucrium Corn Fund,NYSE,ETF,2010-06-09,,Active
CORO,iShares International Country Rotation Active ETF,NASDAQ,ETF,2024-12-04,,Active
CORP,PIMCO INVESTMENT GRADE CORPORATE BOND INDEX EXCHANGE-TRADED FUND ,NYSE,ETF,2010-09-21,,Active
CORT,Corcept Therapeutics Inc,NASDAQ,Stock,2004-04-14,,Active
CORX,Core Lithium Corp,BATS,Stock,2014-03-12,,Active
CORZ,Core Scientific Inc - New,NASDAQ,Stock,2024-01-24,,Active
CORZW,Core Scientific Inc - Warrants Tranche 1 (23/01/2027),NASDAQ,Stock,2024-01-24,,Active
CORZZ,Core Scientific Inc - Warrants Tranche 2 (23/01/2029),NASDAQ,Stock,2024-01-24,,Active
COSM,Cosmos Health Inc,NASDAQ,Stock,2012-10-11,,Active
COSO,CoastalSouth Bancshares Inc,NYSE,Stock,2017-09-07,,Active
COST,Costco Wholesale Corp,NASDAQ,Stock,1986-07-09,,Active
COSW,ROUNDHILL COST WEEKLYPAY ETF ,BATS,ETF,2025-10-23,,Active
COTG,LEVERAGE SHARES 2X LONG COST DAILY ETF ,NASDAQ,ETF,2025-09-18,,Active
COTY,Coty Inc - Class A,NYSE,Stock,2013-06-13,,Active
COUR,Coursera Inc,NYSE,Stock,2021-03-31,,Active
COWG,PACER US LARGE CAP CASH COWS GROWTH LEADERS ETF ,NASDAQ,ETF,2022-12-22,,Active
COWNL,Cowen Inc,NASDAQ,Stock,2018-06-13,,Active
COWS,Amplify Cash Flow Dividend Leaders ETF,NASDAQ,ETF,2023-09-13,,Active
COWZ,PACER US CASH COWS 100 ETF ,BATS,ETF,2016-12-19,,Active
COYA,Coya Therapeutics Inc,NASDAQ,Stock,2022-12-29,,Active
COYY,GRANITESHARES YIELDBOOST COIN ETF ,NASDAQ,ETF,2025-07-29,,Active
COZX,TRADR 2X LONG CORZ DAILY ETF ,BATS,ETF,2025-11-05,,Active
CP,Canadian Pacific Kansas City Ltd,NYSE,Stock,1983-12-30,,Active
CPA,Copa Holdings S.A. - Class A,NYSE,Stock,2005-12-15,,Active
CPAA,Conyers Park III Acquisition Corp - Class A,NASDAQ,Stock,2021-09-30,,Active
CPAAU,Conyers Park III Acquisition Corp - Units (1 Ord Share Class A & 1/3 War),NASDAQ,Stock,2021-08-10,,Active
CPAAW,Conyers Park III Acquisition Corp - Warrants (31/07/2028),NASDAQ,Stock,2016-09-15,,Active
CPAC,Cementos Pacasmayo S.A.A.,NYSE,Stock,2012-02-22,,Active
CPAG,Fm Compoundr U.S. Aggregate Bond ETF,NASDAQ,ETF,2025-08-12,,Active
CPAI,COUNTERPOINT QUANTITATIVE EQUITY ETF ,NYSE,ETF,2016-01-19,,Active
CPARU,Catalyst Partners Acquisition Corp - Units (1 Ord Share Class A & 1/5 War),NASDAQ,Stock,2021-05-18,,Active
CPAY,Fleetcor Technologies Inc,NYSE,Stock,2010-12-15,,Active
CPB,Campbell Soup Company,NASDAQ,Stock,1985-07-01,,Active
CPBI,Central Plains Bancshares Inc,NASDAQ,Stock,2023-10-20,,Active
CPER,United States Copper Index Fund,NYSE,ETF,2011-11-15,,Active
CPF,Central Pacific Financial Corp,NYSE,Stock,1990-03-26,,Active
CPHC,Canterbury Park Holding Corp,NASDAQ,Stock,2008-09-08,,Active
CPHI,China Pharma Holdings Inc,AMEX,Stock,2002-04-17,,Active
CPHY,Fm Compoundr High Yield Bond ETF,NASDAQ,ETF,2025-08-12,,Active
CPII,AMERICAN BEACON IONIC INFLATION PROTECTION ETF ,NYSE ARCA,ETF,2022-06-29,,Active
CPIX,Cumberland Pharmaceuticals Inc,NASDAQ,Stock,2009-08-11,,Active
CPK,Chesapeake Utilities Corp,NYSE,Stock,1990-03-26,,Active
CPLB,NYLIM MacKay Core Plus Bond ETF,NYSE ARCA,ETF,2021-06-29,,Active
CPLP,Capital Product Partners L P,NASDAQ,Stock,2007-03-30,,Active
CPLS,AB CORE PLUS BOND ETF ,NASDAQ,ETF,2023-12-13,,Active
CPNG,Coupang Inc - Class A,NYSE,Stock,2021-03-11,,Active
CPNJ,CALAMOS NASDAQ-100 STRUCTURED ALT PROTECTION ETF - JUNE ,NYSE,ETF,2024-06-03,,Active
CPNM,CALAMOS NASDAQ-100 STRUCTURED ALT PROTECTION ETF - MARCH ,NYSE,ETF,2025-03-03,,Active
CPNQ,CALAMOS NASDAQ-100 STRUCTURED ALT PROTECTION ETF - DECEMBER ,NYSE,ETF,2024-12-02,,Active
CPNS,CALAMOS NASDAQ-100 STRUCTURED ALT PROTECTION ETF - SEPTEMBER ,NYSE,ETF,2024-09-03,,Active
CPNX,Tradr 2X Long CPNG Daily,BATS,Stock,2026-04-24,,Active
CPOP,Pop Culture Group Co Ltd - Class A,NASDAQ,Stock,2021-06-30,,Active
CPRA,Calamos ETF Trust Russell 2000 Structured Alt Protection ETF April,NYSE,ETF,2025-04-01,,Active
CPRI,Capri Holdings Ltd,NYSE,Stock,2011-12-15,,Active
CPRJ,Calamos Russell 2000 Structured Alt Protection ETF July,NYSE,ETF,2024-07-01,,Active
CPRO,Russell 2000 Structured Alt Protection ETF - October,NYSE,ETF,2024-10-01,,Active
CPRT,Copart Inc,NASDAQ,Stock,1994-03-17,,Active
CPRY,Corporate PPTY Assocs 18 Global Inc Class A,NYSE,Stock,2025-01-02,,Active
CPS,Cooper-Standard Holdings Inc,NYSE,Stock,2010-05-27,,Active
CPSA,CALAMOS S&P 500 STRUCTURED ALT PROTECTION ETF - AUGUST ,NYSE,ETF,2024-08-01,,Active
CPSD,Calamos S&P 500 Structured Alt Protection ETF December,NYSE,ETF,2024-12-02,,Active
CPSF,CALAMOS S&P 500 STRUCTURED ALT PROTECTION ETF &#150; FEBRUARY ,NYSE,ETF,2025-02-03,,Active
CPSH,CPS Technologies Corporation,NASDAQ,Stock,1997-05-09,,Active
CPSJ,CALAMOS S&P 500 STRUCTURED ALT PROTECTION ETF - JULY ,NYSE,ETF,2024-07-01,,Active
CPSL,Calamos Laddered S&P 500 Structured Alt Protection ETF,BATS,ETF,2024-09-09,,Active
CPSM,CALAMOS S&P 500 STRUCTURED ALT PROTECTION ETF - MAY ,NYSE,ETF,2024-05-01,,Active
CPSN,CALAMOS S&P 500 STRUCTURED ALT PROTECTION ETF - JULY ,NYSE,ETF,2018-08-07,,Active
CPSO,S&P 500 Structured Alt Protection ETF - October,NYSE,ETF,2024-10-01,,Active
CPSP,Calamos S&P 500 Structured Alt Protection ETF April,NYSE,ETF,2025-04-01,,Active
CPSR,Gelesis Holdings Inc - Class A,NYSE,Stock,2020-08-24,,Active
CPSS,Consumer Portfolio Service Inc,NASDAQ,Stock,1993-02-22,,Active
CPST,CALAMOS S&P 500 STRUCTURED ALT PROTECTION ETF - SEPTEMBER ,NYSE,ETF,2024-09-03,,Active
CPSU,Calamos S&P 500 Structured Alt Protection ETF June,NYSE,ETF,2025-06-02,,Active
CPSY,Calamos S&P 500 Structured Alt Protection ETF January,NYSE,ETF,2025-01-02,,Active
CPT,Camden Property Trust,NYSE,Stock,1993-07-22,,Active
CPTK,Crown PropTech Acquisitions - Class A,NYSE,Stock,2021-04-01,,Active
CPTK-U,Crown PropTech Acquisitions - Units (1 Ord Share Class A & 1/3 War),NYSE,Stock,2021-02-09,,Active
CPXR,USCF DAILY TARGET 2X COPPER INDEX ETF ,NYSE,ETF,2025-01-22,,Active
CPZ,Calamos Long/Short Equity & Dynamic Income Trust,NASDAQ,Stock,2019-11-26,,Active
CQP,Cheniere Energy Partners LP,NYSE,Stock,2007-03-21,,Active
CQQQ,INVESCO CHINA TECHNOLOGY ETF ,NYSE,ETF,2009-12-08,,Active
CQTM,Corgi Quantum Computing,BATS,Stock,2026-05-06,,Active
CR,Crane Company,NYSE,Stock,2023-03-29,,Active
CR-W,Crane Company When Issued,NYSE,Stock,2023-03-29,,Active
CRAC,Crown Reserve Acquisition Corp I - Class A,NASDAQ,Stock,2025-12-09,,Active
CRACR,Crown Reserve Acquisition Corp I,NASDAQ,Stock,2025-12-09,,Active
CRACU,Crown Reserve Acquisition Corp I - Units (1 Ord Shs & 1 Rts),NASDAQ,Stock,2025-11-07,,Active
CRACW,Crown Reserve Acquisition Corp I - Warrants(06/10/2030),NASDAQ,Stock,2025-12-09,,Active
CRAI,CRA International Inc,NASDAQ,Stock,1998-04-24,,Active
CRAK,VANECK OIL REFINERS ETF ,NYSE,ETF,2015-08-19,,Active
CRAM,Defiance China Memory ETF,NASDAQ,ETF,2026-09-10,,Active
CRAN,Crane Harbor Acquisition Corp II - Class A,NASDAQ,Stock,2026-01-12,,Active
CRANR,Crane Harbor Acquisition Corp II,NASDAQ,Stock,2026-01-12,,Active
CRANU,Crane Harbor Acquisition Corp II - Units (1 Ord Cls A & 1 Rts),NASDAQ,Stock,2025-12-16,,Active
CRAQ,Cal Redwood Acquisition Corp,NASDAQ,Stock,2025-06-23,,Active
CRAQR,Cal Redwood Acquisition Corp Right,NASDAQ,Stock,2025-06-23,,Active
CRAQU,Cal Redwood Acquisition Corp. Units,NASDAQ,ETF,2026-05-28,,Active
CRBD,Corebridge Financial Inc,NYSE,Stock,2024-12-06,,Active
CRBG,Corebridge Financial Inc,NYSE,Stock,2022-09-15,,Active
CRBN,ISHARES LOW CARBON OPTIMIZED MSCI ACWI ETF ,NYSE,ETF,2014-12-15,,Active
CRBP,Corbus Pharmaceuticals Holdings Inc,NASDAQ,Stock,2014-11-11,,Active
CRBU,Caribou Biosciences Inc,NASDAQ,Stock,2021-07-23,,Active
CRC,California Resources Corporation - New,NYSE,Stock,2020-10-28,,Active
CRCA,ProShares Ultra CRCL,NYSE,Stock,2025-08-07,,Active
CRCD,T-REX 2X INVERSE CRCL DAILY TARGET ETF ,BATS,ETF,2025-09-26,,Active
CRCG,LEVERAGE SHARES 2X LONG CRCL DAILY ETF ,NASDAQ,ETF,2025-08-11,,Active
CRCL,Circle Internet Group Inc - Class A,NYSE,Stock,2025-06-04,,Active
CRCO,Carolco Pictures Inc FL,NYSE,Stock,2017-10-02,,Active
CRCT,Cricut Inc - Class A,NASDAQ,Stock,2021-03-25,,Active
CRD,Corgi CRDO 2x Daily ETF,BATS,ETF,2026-07-14,,Active
CRD-A,Crawford & Co. - Class A,NYSE,Stock,1992-03-19,,Active
CRD-B,Crawford & Co. - Class B,NYSE,Stock,1990-01-12,,Active
CRDD,Cardano,BATS,Stock,2026-04-01,,Active
CRDF,Cardiff Oncology Inc,NASDAQ,Stock,2004-07-27,,Active
CRDL,Cardiol Therapeutics Inc - Class A,NASDAQ,Stock,2019-01-15,,Active
CRDO,Credo Technology Group Holding Ltd,NASDAQ,Stock,2022-01-27,,Active
CRDT,SIMPLIFY OPPORTUNISTIC INCOME ETF ,NYSE,ETF,2023-06-27,,Active
CRDU,TRADR 2X LONG CRDO DAILY ETF ,BATS,ETF,2025-09-16,,Active
CRDX,Credex Corp,BATS,Stock,2026-04-01,,Active
CRE,Cre8 Enterprise Ltd Class A,NASDAQ,Stock,2025-07-23,,Active
CRESY,Cresud,NASDAQ,Stock,1997-03-19,,Active
CREX,Creative Realities Inc,NASDAQ,Stock,2013-05-31,,Active
CRF,Cornerstone Total Return Fund,AMEX,ETF,1987-11-05,,Active
CRGO,Freightos Ltd,NASDAQ,Stock,2021-11-17,,Active
CRGOW,Freightos Ltd - Warrants (23/01/2027),NASDAQ,Stock,2021-11-11,,Active
CRGX,CARGO Therapeutics Inc,NASDAQ,Stock,2023-11-10,,Active
CRGY,Crescent Energy Co. - Class A,NYSE,Stock,2021-12-08,,Active
CRH,CRH Plc,NYSE,Stock,1993-02-19,,Active
CRHC-U,Cohn Robbins Holdings Corp Units each consisting of one Class A ordinary share and onethird of one redeemable warrant,NYSE,Stock,2020-09-09,,Active
CRI,Carters Inc,NYSE,Stock,2003-10-24,,Active
CRIS,Curis Inc,NASDAQ,Stock,2000-08-01,,Active
CRK,Comstock Resources Inc,NYSE,Stock,1990-03-26,,Active
CRL,Charles River Laboratories International Inc,NYSE,Stock,2000-06-23,,Active
CRM,Salesforce Inc,NYSE,Stock,2004-06-23,,Active
CRMD,CorMedix Inc,NASDAQ,Stock,2010-05-13,,Active
CRMG,LEVERAGE SHARES 2X LONG CRM DAILY ETF ,NASDAQ,ETF,2025-04-04,,Active
CRML,Critical Metals Corp,NASDAQ,Stock,2024-02-27,,Active
CRMLW,Critical Metals Corp - Warrants (27/02/2029),NASDAQ,Stock,2024-02-28,,Active
CRMT,Americas Car Mart Inc,NASDAQ,Stock,1993-11-09,,Active
CRMU,Leverage Shares 2x Long CRML Daily ETF,NASDAQ,ETF,2026-02-10,,Active
CRMX,Tradr 2X Long CRML Daily ETF,BATS,ETF,2026-01-13,,Active
CRNC,Cerence Inc,NASDAQ,Stock,2019-09-16,,Active
CRNT,Ceragon Networks Ltd,NASDAQ,Stock,2000-08-04,,Active
CROB,Defiance China Robotics ETF,NASDAQ,ETF,2026-08-18,,Active
CRON,Cronos Group Inc,NASDAQ,Stock,2016-07-12,,Active
CROX,Crocs Inc,NASDAQ,Stock,2006-02-08,,Active
CRPT,FIRST TRUST SKYBRIDGE CRYPTO INDUSTRY AND DIGITAL ECONOMY ETF ,NYSE,ETF,2021-09-21,,Active
CRS,Carpenter Technology Corp,NYSE,Stock,1987-11-05,,Active
CRSH,YIELDMAX(R) SHORT TSLA OPTION INCOME STRATEGY ETF ,NYSE,ETF,2024-05-02,,Active
CRSP,CRISPR Therapeutics AG,NASDAQ,Stock,2016-10-19,,Active
CRSR,Corsair Gaming Inc,NASDAQ,Stock,2020-09-23,,Active
CRT,Cross Timbers Royalty Trust,NYSE,Stock,1992-02-28,,Active
CRTC,XTRACKERS US NATIONAL CRITICAL TECHNOLOGIES ETF ,NYSE,ETF,2003-08-15,,Active
CRTO,Criteo S.A,NASDAQ,Stock,2026-07-27,,Active
CRUC,Corgi CRUS 2x Daily,BATS,Stock,2026-06-24,,Active
CRUS,Cirrus Logic Inc,NASDAQ,Stock,1990-03-26,,Active
CRUX,COLUMBIA CORE BOND ETF ,NYSE,Stock,2026-03-16,,Active
CRVL,Corvel Corp,NASDAQ,Stock,1991-06-28,,Active
CRVO,CervoMed Inc,NASDAQ,Stock,2016-01-04,,Active
CRVS,Corvus Pharmaceuticals Inc,NASDAQ,Stock,2016-03-23,,Active
CRWC,Corgi CRWD 2x Daily ETF,BATS,ETF,2026-07-14,,Active
CRWD,Crowdstrike Holdings Inc - Class A,NASDAQ,Stock,2019-06-12,,Active
CRWG,LEVERAGE SHARES 2X LONG CRWV DAILY ETF ,NASDAQ,ETF,2025-08-11,,Active
CRWL,GRANITESHARES 2X LONG CRWD DAILY ETF ,NASDAQ,ETF,2024-11-12,,Active
CRWS,Crown Crafts Inc,NASDAQ,Stock,2003-10-07,,Active
CRWU,T-REX 2X Long CRWV Daily Target ETF,BATS,ETF,2025-07-25,,Active
CRWV,CoreWeave Inc - Class A,NASDAQ,Stock,2025-03-28,,Active
CRWX,Corgi CRWV 2x Daily ETF,BATS,ETF,2026-07-07,,Active
CRXP,COLUMBIA CORE PLUS BOND ETF ,NYSE,Stock,2025-12-11,,Active
CRY,,NASDAQ,Stock,2026-04-28,,Active
CSAI,Cloudastructure Inc - Class A,NASDAQ,Stock,2025-01-30,,Active
CSAN,Cosan S.A,NYSE,Stock,2021-03-08,,Active
CSB,VICTORYSHARES US SMALL CAP HIGH DIV VOLATILITY WTD ETF ,NASDAQ,ETF,2015-07-08,,Active
CSBR,Champions Oncology Inc,NASDAQ,Stock,2007-02-02,,Active
CSCL,Direxion Daily CSCO Bull 2X ETF,NASDAQ,ETF,2025-06-25,,Active
CSCO,Cisco Systems Inc,NASDAQ,Stock,1990-03-26,,Active
CSCS,Direxion Daily CSCO Bear 1X ETF,NASDAQ,ETF,2025-06-25,,Active
CSD,INVESCO S&P SPIN-OFF ETF ,NYSE,ETF,2006-12-15,,Active
CSEN,Cohen& Steers Future of Energy Active ETF,NASDAQ,ETF,2026-06-15,,Active
CSEX,Tradr 2X Long CLS Daily ETF,BATS,ETF,2025-11-13,,Active
CSGP,Costar Group Inc,NASDAQ,Stock,1998-07-01,,Active
CSHI,NEOS ENHANCED INCOME 1-3 MONTH T-BILL ETF ,NYSE,ETF,2022-08-30,,Active
CSHP,Enhanced Short-Term Bond ETF,NYSE,ETF,2024-07-18,,Active
CSHR,CoinShares Plc.,NASDAQ,Stock,2026-04-01,,Active
CSHRW,CoinShares Plc. - Warrants(31/03/2031),NASDAQ,Stock,2026-04-01,,Active
CSIO,COHEN & STEERS INFRASTRUCTURE OPPORTUNITIES ACTIVE ETF ,NYSE,Stock,2025-12-10,,Active
CSIQ,Canadian Solar Inc,NASDAQ,Stock,2006-11-09,,Active
CSL,Carlisle Companies Inc,NYSE,Stock,1987-11-05,,Active
CSLMF,,NASDAQ,Stock,2025-01-21,,Active
CSM,PROSHARES LARGE CAP CORE PLUS ,BATS,ETF,2009-07-14,,Active
CSMD,CONGRESS SMID GROWTH ETF ,NYSE,ETF,2023-08-22,,Active
CSNR,COHEN & STEERS NATURAL RESOURCES ACTIVE ETF ,NYSE,Stock,2025-02-05,,Active
CSPF,COHEN & STEERS PREFERRED AND INCOME OPPORTUNITIES ACTIVE ETF ,NYSE,ETF,2025-02-05,,Active
CSPI,CSP Inc,NASDAQ,Stock,1990-03-27,,Active
CSQ,Calamos Strategic Total Return Fund,NASDAQ,ETF,2004-04-01,,Active
CSQR,Csquare Inc,NYSE,Stock,2026-07-16,,Active
CSR,Centerspace,NYSE,Stock,1997-10-17,,Active
CSRA,Cohen & Steers Real Assets Active ETF,NYSE ARCA,ETF,2026-08-12,,Active
CSRE,COHEN & STEERS REAL ESTATE ACTIVE ETF ,NYSE,Stock,2011-09-12,,Active
CSSD,COHEN & STEERS SHORT DURATION PREFERRED AND INCOME ACTIVE ETF ,NYSE,Stock,2025-12-10,,Active
CSTA,Constellation Acquisition Corp I Class A,NYSE,Stock,2024-01-12,,Active
CSTA-U,Constellation Acquisition Corp I Units each consisting of one Class A ordinary share and onethird of one redeemable warrant,NYSE,Stock,2024-01-12,,Active
CSTA-WS,Constellation Acquisition Corp I Redeemable warrants each whole warrant exercisable for one Class A ordinary share at an exercise price of 11.50,NYSE,Stock,2024-01-12,,Active
CSTE,Caesarstone Ltd,NASDAQ,Stock,2012-03-22,,Active
CSTK,Invesco Comstock Contrarian Equity ETF,BATS,ETF,2025-05-07,,Active
CSTL,Castle Biosciences Inc,NASDAQ,Stock,2019-07-25,,Active
CSTM,Constellium SE - Class A,NYSE,Stock,2013-05-23,,Active
CSV,Carriage Services Inc,NYSE,Stock,1996-08-09,,Active
CSW,CSW Industrials Inc,NYSE,Stock,2015-10-01,,Active
CSWC,Capital Southwest Corp,NASDAQ,Stock,1990-03-27,,Active
CSX,CSX Corp,NASDAQ,Stock,1980-11-03,,Active
CTA,SIMPLIFY MANAGED FUTURES STRATEGY ETF ,NYSE,ETF,2022-03-08,,Active
CTA-P-A,EIDP Inc,NYSE,Stock,2002-07-01,,Active
CTA-P-B,EIDP Inc,NYSE,Stock,1998-01-02,,Active
CTAA,Qwest Corporation,NASDAQ,Stock,2016-02-01,,Active
CTAAR,ClearThink 1 Acquisition Corp Rights,NASDAQ,Stock,2026-04-16,,Active
CTAAU,ClearThink 1 Acquisition Corp - Units (1 Ord Cls A & 1 Rts),NASDAQ,Stock,2026-02-24,,Active
CTAP,Simplify US Equity PLUS Managed Futures Strategy ETF,NYSE,ETF,2025-12-09,,Active
CTAS,Cintas Corporation,NASDAQ,Stock,1990-03-26,,Active
CTAU,Corgi U.S. Equities 30% Structured Buffer ETF - August Series,BATS,ETF,2026-08-04,,Active
CTBI,Community Trust Bancorp Inc,NASDAQ,Stock,1993-05-17,,Active
CTCXW,Carmell Therapeutics Corporation Warrant,NASDAQ,Stock,2023-07-17,,Active
CTEC,GLOBAL X CLEANTECH ETF ,NASDAQ,ETF,2020-10-29,,Active
CTEF,CASTELLAN TARGETED EQUITY ETF ,BATS,ETF,2025-06-18,,Active
CTEST,,NYSE,Stock,2019-07-25,,Active
CTEV,MultiPlan Corp - Class A,NYSE,Stock,2020-04-03,,Active
CTEX,PROSHARES S&P KENSHO CLEANTECH ETF ,NYSE,ETF,2021-09-30,,Active
CTGG,Qwest Corporation 6.500 Senior Notes due 2051 denominations of 25,NYSE,Stock,2026-06-17,,Active
CTGO,Contango Ore Inc,AMEX,Stock,2011-01-10,,Active
CTHH,Qwest Corporation 6.750 Senior Notes due 2052 denominations of 25,NYSE,Stock,2026-06-17,,Active
CTIF,CASTELLAN TARGETED INCOME ETF ,BATS,ETF,2025-06-25,,Active
CTJL,Corgi U.S. Equities 30% Structured Buffer ETF - July Series,BATS,ETF,2026-07-02,,Active
CTJN,Corgi U.S. Equities 30 Structured Buffer ETF June Series,BATS,Stock,2026-06-02,,Active
CTKB,Cytek BioSciences Inc,NASDAQ,Stock,2021-07-23,,Active
CTM,Castellum Inc,AMEX,Stock,2017-09-22,,Active
CTMA,Corgi U.S. Equities 30 Structured Buffer ETF May Series,BATS,Stock,2026-05-06,,Active
CTMX,CytomX Therapeutics Inc,NASDAQ,Stock,2015-10-08,,Active
CTNM,Contineum Therapeutics Inc - Class A,NASDAQ,Stock,2024-04-05,,Active
CTNT,Cheetah Net Supply Chain Service Inc - Class A,NASDAQ,Stock,2023-08-01,,Active
CTO,CTO Realty Growth Inc - New - New,NYSE,Stock,1992-09-08,,Active
CTO-P-A,CTO Realty Growth Inc,NYSE,Stock,2021-06-29,,Active
CTOR,Citius Oncology Inc,NASDAQ,Stock,2022-12-08,,Active
CTOS,Custom Truck One Source Inc,NYSE,Stock,2024-03-20,,Active
CTR,ClearBridge MLP and Midstream Total Return Fund Inc,NYSE,ETF,2012-06-27,,Active
CTRE,CareTrust REIT Inc,NYSE,Stock,2014-05-29,,Active
CTRI,Centuri Holdings Inc,NYSE,Stock,2024-04-18,,Active
CTRM,Castor Maritime Inc,NASDAQ,Stock,2019-02-11,,Active
CTRMV,Castor Maritime Inc,NASDAQ,Stock,2023-03-03,,Active
CTRN,Citi Trends Inc,NASDAQ,Stock,2005-05-18,,Active
CTS,CTS Corp,NYSE,Stock,1987-11-05,,Active
CTSH,Cognizant Technology Solutions Corp - Class A,NASDAQ,Stock,1998-06-19,,Active
CTSO,Cytosorbents Corp,NASDAQ,Stock,2013-01-02,,Active
CTVA,Corteva Inc,NYSE,Stock,2019-05-24,,Active
CTW,CTW Cayman - Class A,NASDAQ,Stock,2025-08-06,,Active
CTWO,COtwo Advisors Physical European Carbon Allowance Trust,NYSE,Stock,2025-06-20,,Active
CTXR,Citius Pharmaceuticals Inc,NASDAQ,Stock,2017-07-06,,Active
CUB,Lionheart Holdings - Class A,NASDAQ,Stock,2024-08-09,,Active
CUBA,Herzfeld Credit Income Fund Inc,NASDAQ,ETF,1994-05-27,,Active
CUBB,Customers Bancorp Inc,NYSE,Stock,2019-12-23,,Active
CUBE,CubeSmart,NYSE,Stock,2004-10-22,,Active
CUBI,Customers Bancorp Inc,NYSE,Stock,2012-02-21,,Active
CUBS,ASIAN GROWTH CUBS ETF ,NYSE ARCA,ETF,2021-06-17,,Active
CUBWU,Lionheart Holdings - Units (1 Ord Class A & 1 War),NASDAQ,Stock,2024-06-18,,Active
CUBWW,Lionheart Holdings - Warrants (01/06/2031),NASDAQ,Stock,2024-08-09,,Active
CUE,Cue Biopharma Inc,NASDAQ,Stock,2018-01-02,,Active
CULP,Culp Inc,NASDAQ,Stock,1990-03-26,,Active
CUPR,Cuprina Holdings (Cayman) Ltd - Class A,NASDAQ,Stock,2025-04-10,,Active
CURB,Curbline Properties Corp,NYSE,Stock,2024-09-26,,Active
CURB-W,Curbline Properties Corp WhenIssued,NYSE,Stock,2024-09-26,,Active
CURE,DIREXION DAILY HEALTHCARE BULL 3X SHARES ,NYSE,ETF,2011-06-15,,Active
CURI,CuriosityStream Inc - Class A,NASDAQ,Stock,2020-01-08,,Active
CURR,Currenc Group Inc,NASDAQ,Stock,2024-09-03,,Active
CURV,Torrid Holdings Inc,NYSE,Stock,2021-07-01,,Active
CURX,Curanex Pharmaceuticals Inc,NASDAQ,Stock,2025-08-26,,Active
CUST,Corgi 13 Year Treasury Bond,BATS,Stock,2026-06-04,,Active
CUT,INVESCO MSCI GLOBAL TIMBER ETF ,NYSE,ETF,2007-11-09,,Active
CUZ,Cousins Properties Inc,NYSE,Stock,1990-03-26,,Active
CV,CapsoVision Inc,NASDAQ,Stock,2025-07-02,,Active
CVAC,CureVac N.V.,NASDAQ,Stock,2020-08-14,,Active
CVAR,CULTIVAR ETF ,BATS,ETF,2021-12-23,,Active
CVBF,CVB Financial Corp,NASDAQ,Stock,1992-03-17,,Active
CVCO,Cavco Industries Inc,NASDAQ,Stock,2003-07-01,,Active
CVE,Cenovus Energy Inc,NYSE,Stock,2009-11-17,,Active
CVEO,Civeo Corp,NYSE,Stock,2014-05-19,,Active
CVGD,CRESALTA GLOBAL DIVIDEND ETF ,NYSE,ETF,2026-05-18,,Active
CVGI,Commercial Vehicle Group Inc,NASDAQ,Stock,2004-08-09,,Active
CVI,CVR Energy Inc,NYSE,Stock,2007-10-23,,Active
CVIE,CALVERT INTERNATIONAL RESPONSIBLE INDEX ETF ,NYSE,ETF,2023-02-01,,Active
CVII,Churchill Capital Corp VII - Class A,NASDAQ,Stock,2021-04-05,,Active
CVIIU,Churchill Capital Corp VII - Units (1 Ord Share Class A & 1/5 War),NASDAQ,Stock,2021-02-12,,Active
CVIIW,Churchill Capital Corp VII - Warrants (08/02/2029),NASDAQ,Stock,2021-04-05,,Active
CVKD,Cadrenal Therapeutics Inc,NASDAQ,Stock,2023-01-20,,Active
CVLC,CALVERT US LARGE-CAP CORE RESPONSIBLE INDEX ETF ,NYSE,ETF,2023-02-01,,Active
CVLG,Covenant Logistics Group Inc - Class A,NYSE,Stock,1994-10-28,,Active
CVLT,Commvault Systems Inc,NASDAQ,Stock,2006-09-22,,Active
CVM,Cel-Sci Corp,AMEX,Stock,1991-10-10,,Active
CVMC,CALVERT US MID-CAP CORE RESPONSIBLE INDEX ETF ,NYSE,ETF,2023-02-01,,Active
CVNA,Carvana Co. - Class A,NYSE,Stock,2017-04-28,,Active
CVNX,DEFIANCE DAILY TARGET 2X LONG CVNA ETF ,NASDAQ,ETF,2025-05-29,,Active
CVNY,YIELDMAX(R) CVNA OPTION INCOME STRATEGY ETF ,NYSE,ETF,2025-01-30,,Active
CVR,Chicago Rivet & Machine Company,AMEX,Stock,1992-02-28,,Active
CVRD,MADISON COVERED CALL ETF ,NYSE,ETF,2023-08-22,,Active
CVRT,Calamos Convertible Equity Alternative ETF,NYSE,ETF,2023-10-04,,Active
CVRX,CVRx Inc,NASDAQ,Stock,2021-06-30,,Active
CVS,CVS Health Corp,NYSE,Stock,1984-12-17,,Active
CVSA,Adtalem Global Education Inc,NYSE,Stock,1991-06-28,,Active
CVSB,CALVERT ULTRA-SHORT INVESTMENT GRADE ETF ,NYSE,ETF,2023-02-01,,Active
CVSM,CRESALTA SMALL AND MID-CAP ETF ,NYSE,ETF,2026-05-18,,Active
CVU,CPI Aerostructures Inc,AMEX,Stock,1993-02-19,,Active
CVV,CVD Equipment Corp,NASDAQ,Stock,1999-03-01,,Active
CVX,Chevron Corp,NYSE,Stock,1970-01-02,,Active
CVY,INVESCO ZACKS MULTI-ASSET INCOME ETF ,NYSE,ETF,2006-09-21,,Active
CW,Curtiss-Wright Corp,NYSE,Stock,1987-11-05,,Active
CWB,STATE STREET(R) SPDR(R) BLOOMBERG CONVERTIBLE SECURITIES ETF ,NYSE,ETF,2009-04-16,,Active
CWBC,Community West Bancshares.,NASDAQ,Stock,1999-03-08,,Active
CWCO,Consolidated Water Co. Ltd,NASDAQ,Stock,1995-06-01,,Active
CWD,CaliberCos Inc - Class A,NASDAQ,Stock,2023-05-17,,Active
CWEB,DIREXION DAILY CSI CHINA INTERNET INDEX BULL 2X SHARES ,NYSE,ETF,2016-11-02,,Active
CWEN,Clearway Energy Inc - Class C,NYSE,Stock,2013-07-17,,Active
CWH,Camping World Holdings Inc - Class A,NYSE,Stock,2016-10-07,,Active
CWI,STATE STREET(R) SPDR(R) MSCI ACWI EX-US ETF ,NYSE,ETF,2007-01-17,,Active
CWII,REX CRWV GROWTH & INCOME ETF ,BATS,ETF,2025-11-04,,Active
CWK,Cushman & Wakefield plc,NYSE,Stock,2018-08-02,,Active
CWS,ADVISORSHARES FOCUSED EQUITY ETF ,NYSE,ETF,2016-09-21,,Active
CWST,Casella Waste Systems Inc - Class A,NASDAQ,Stock,1997-10-29,,Active
CWT,California Water Service Group,NYSE,Stock,1990-03-26,,Active
CWVX,TRADR 2X LONG CRWV DAILY ETF ,BATS,ETF,2025-07-11,,Active
CWY,GraniteShares YieldBOOST CRWV ETF,NASDAQ,ETF,2026-05-26,,Active
CX,Cemex S.A.B. De C.V.,NYSE,Stock,1999-09-15,,Active
CXAI,CXApp Inc - Class A,NASDAQ,Stock,2021-02-04,,Active
CXAIW,CXApp Inc - Warrants (14/03/2028),NASDAQ,Stock,2021-02-04,,Active
CXDO,Crexendo Inc,NASDAQ,Stock,2016-01-04,,Active
CXE,MFS High Income Municipal Trust,NYSE,ETF,1989-06-30,,Active
CXH,MFS Investment Grade Municipal Trust,NYSE,ETF,1989-06-30,,Active
CXII,Churchill Capital Corp XII - Class A,NASDAQ,Stock,2026-06-17,,Active
CXIIU,Churchill Capital Corp XII - Units (1 Ord Cls A & 1/10 War),NASDAQ,Stock,2026-04-28,,Active
CXIIW,Churchill Capital Corp XII - Warrants (02/04/2031),NASDAQ,Stock,2026-06-17,,Active
CXM,Sprinklr Inc Class A,NYSE,Stock,2021-06-23,,Active
CXRN,TEUCRIUM 2X DAILY CORN ETF ,NYSE,ETF,2024-12-13,,Active
CXSE,WISDOMTREE CHINA EX-STATE-OWNED ENTERPRISES FUND ,NASDAQ,ETF,2012-09-20,,Active
CXT,Crane NXT Company,NYSE,Stock,1984-11-01,,Active
CXT-W,Crane NXT Co. ExDistribution WhenIssued,NYSE,Stock,2023-03-29,,Active
CXW,CoreCivic Inc,NYSE,Stock,1997-07-15,,Active
CYAB,Cyabra Inc,NASDAQ,Stock,2026-03-27,,Active
CYCC,,NASDAQ,Stock,2026-02-06,,Active
CYCCP,Cyclacel Pharmaceuticals Inc 6 Convertible Preferred Stock,NASDAQ,Stock,2026-02-06,,Active
CYCU,Cycurion Inc,NASDAQ,Stock,2025-02-18,,Active
CYCUW,Cycurion Inc Warrants,NASDAQ,Stock,2025-02-18,,Active
CYD,China Yuchai International,NYSE,Stock,1994-12-19,,Active
CYH,Community Health Systems Inc,NYSE,Stock,2000-06-09,,Active
CYN,Cyngn Inc,NASDAQ,Stock,2021-10-20,,Active
CYPH,Cypherpunk Technologies Inc,NASDAQ,Stock,2017-01-25,,Active
CYRX,CryoPort Inc,NASDAQ,Stock,2009-01-02,,Active
CYTK,Cytokinetics Inc,NASDAQ,Stock,2004-04-29,,Active
CZA,INVESCO ZACKS MID-CAP ETF ,NYSE,ETF,2007-04-03,,Active
CZFS,Citizens Financial Services Inc,NASDAQ,Stock,2001-01-02,,Active
CZNC,Citizens & Northern Corp,NASDAQ,Stock,1996-05-30,,Active
CZR,Caesars Entertainment Inc,NASDAQ,Stock,2014-09-22,,Active
CZWI,Citizens Community Bancorp Inc MD,NASDAQ,Stock,2004-03-30,,Active
D,Dominion Energy Inc,NYSE,Stock,1984-10-03,,Active
DAAQ,Digital Asset Acquisition Corp - Class A,NASDAQ,Stock,2025-06-02,,Active
DAAQU,Digital Asset Acquisition Corp - Units (1 Ord Cls A & 1/2 War),NASDAQ,Stock,2025-04-29,,Active
DAAQW,Digital Asset Acquisition Corp - Warrants (01/04/2030),NASDAQ,Stock,2025-06-02,,Active
DABS,DOUBLELINE ASSET-BACKED SECURITIES ETF ,NYSE,ETF,2025-03-04,,Active
DAC,Danaos Corporation,NYSE,Stock,2006-10-16,,Active
DACL,REX Defensive Autocallable Income,NYSE ARCA,Stock,2026-08-13,,Active
DADS,DIGITAL ASSET DEBT STRATEGY ETF ,NASDAQ,ETF,2025-08-05,,Active
DAIC,CID HoldCo Inc,NASDAQ,Stock,2025-06-23,,Active
DAICW,CID HoldCo Inc Warrants,NASDAQ,Stock,2025-06-23,,Active
DAIO,Data io Corp,NASDAQ,Stock,1990-03-26,,Active
DAK,DAKOTA ACTIVE EQUITY ETF ,NASDAQ,ETF,2025-07-30,,Active
DAKT,Daktronics Inc,NASDAQ,Stock,1994-02-10,,Active
DAL,Delta Air Lines Inc,NYSE,Stock,2007-05-03,,Active
DALI,FIRST TRUST DORSEY WRIGHT DALI EQUITY ETF ,NASDAQ,ETF,2018-05-15,,Active
DALN,DallasNews Corporation - Class A,NASDAQ,Stock,2008-02-11,,Active
DAMD,DEFIANCE DAILY TARGET 2X SHORT AMD ETF ,NYSE,ETF,2025-11-14,,Active
DAN,Dana Inc,NYSE,Stock,2008-01-02,,Active
DANA,Dana Ltd Volatility ETF,NYSE,ETF,2025-12-03,,Active
DAO,Youdao Inc,NYSE,Stock,2019-10-25,,Active
DAPP,VANECK DIGITAL TRANSFORMATION ETF ,NASDAQ,ETF,2021-04-14,,Active
DAPR,FT VEST U.S. EQUITY DEEP BUFFER ETF - APRIL ,BATS,ETF,2021-04-19,,Active
DAR,Darling Ingredients Inc,NYSE,Stock,1994-09-09,,Active
DARE,Dare Bioscience Inc,NASDAQ,Stock,2014-04-10,,Active
DARP,GRIZZLE GROWTH ETF ,NYSE,ETF,2023-08-28,,Active
DASH,DoorDash Inc - Class A,NASDAQ,Stock,2020-12-09,,Active
DASX,DEFIANCE DAILY TARGET 2X LONG DASH ETF ,BATS,ETF,2025-10-23,,Active
DAT,PROSHARES BIG DATA REFINERS ETF ,NYSE,ETF,2021-09-30,,Active
DAUG,FT VEST U.S. EQUITY DEEP BUFFER ETF - AUGUST ,BATS,ETF,2019-11-07,,Active
DAVA,Endava plc,NYSE,Stock,2018-07-27,,Active
DAVE,Dave Inc - Class A,NASDAQ,Stock,2021-04-26,,Active
DAVEW,Dave Inc - Warrants (05/01/2026),NASDAQ,Stock,2021-04-28,,Active
DAX,GLOBAL X DAX GERMANY ETF ,NASDAQ,ETF,2014-10-23,,Active
DB,Deutsche Bank AG,NYSE,Stock,1996-11-18,,Active
DBA,Invesco DB Agriculture Fund,NYSE,ETF,2007-01-05,,Active
DBAW,XTRACKERS MSCI ALL WORLD EX US HEDGED EQUITY ETF ,NYSE,ETF,2014-01-27,,Active
DBB,Invesco DB Base Metals Fund,NYSE,ETF,2007-01-05,,Active
DBC,Invesco DB Commodity Index Tracking Fund,NYSE,ETF,2006-02-03,,Active
DBCA,D. Boral Acquisition I Corp,NASDAQ,Stock,2026-02-25,,Active
DBCAU,D. Boral Acquisition I Corp - Units (1 Ord Cls A & 1/2 War),NASDAQ,Stock,2026-02-11,,Active
DBCAW,D. Boral Acquisition I Corp Warrants,NASDAQ,Stock,2026-02-25,,Active
DBD,Diebold Nixdorf Inc,NYSE,Stock,2023-08-15,,Active
DBE,Invesco DB Energy Fund,NYSE,ETF,2007-01-05,,Active
DBEF,XTRACKERS MSCI EAFE HEDGED EQUITY ETF ,NYSE,ETF,2011-06-09,,Active
DBEH,IMGP DBI HEDGE STRATEGY ETF ,NYSE ARCA,ETF,2019-12-18,,Active
DBEM,XTRACKERS MSCI EMERGING MARKETS HEDGED EQUITY ETF ,NYSE,ETF,2011-06-09,,Active
DBEU,XTRACKERS MSCI EUROPE HEDGED EQUITY ETF ,NYSE,ETF,2013-10-01,,Active
DBEZ,XTRACKERS MSCI EUROZONE HEDGED EQUITY ETF ,NYSE,ETF,2014-12-15,,Active
DBGI,Digital Brands Group Inc,NASDAQ,Stock,2021-05-14,,Active
DBI,Designer Brands Inc - Class A,NYSE,Stock,2005-06-29,,Active
DBJP,XTRACKERS MSCI JAPAN HEDGED EQUITY ETF ,NYSE,ETF,2011-06-09,,Active
DBL,DoubleLine Opportunistic Credit Fund,NYSE,ETF,2012-01-27,,Active
DBMF,IMGP DBI MANAGED FUTURES STRATEGY ETF ,NYSE,ETF,2019-05-08,,Active
DBND,DOUBLELINE OPPORTUNISTIC CORE BOND ETF ,NYSE,ETF,2022-04-05,,Active
DBO,Invesco DB Oil Fund,NYSE,ETF,2007-01-05,,Active
DBP,Invesco DB Precious Metals Fund,NYSE,ETF,2007-01-05,,Active
DBRG,DigitalBridge Group Inc - Class A,NYSE,Stock,2014-06-27,,Active
DBRG-P-H,DigitalBridge Group Inc 7.125 Cum Red Perp Pfd Ser H,NYSE,Stock,2021-06-22,,Active
DBRG-P-I,DigitalBridge Group Inc 7.15 Cum Red Perp Pfd Ser I,NYSE,Stock,2021-06-22,,Active
DBRG-P-J,DigitalBridge Group Inc 7.125 Cum Red Perp Pfd Ser J,NYSE,Stock,2021-06-22,,Active
DBSC,Deepwater Beachfront Small Cap ETF,NASDAQ,ETF,2025-12-16,,Active
DBTX,Decibel Therapeutics Inc,NASDAQ,Stock,2021-02-12,,Active
DBVT,DBV Technologies,NASDAQ,Stock,2014-10-22,,Active
DBX,Dropbox Inc - Class A,NASDAQ,Stock,2018-03-23,,Active
DC,Dakota Gold Corp,AMEX,Stock,2022-04-05,,Active
DCBG,Dime Community Bancshares Inc,NYSE,Stock,2026-04-07,,Active
DCBO,Docebo Inc,NASDAQ,Stock,2020-04-16,,Active
DCF,BNY Mellon Alcentra Global Credit Income 2024 Target Term Fund Inc,NYSE,ETF,2017-10-27,,Active
DCGO,DocGo Inc,NASDAQ,Stock,2021-11-05,,Active
DCH,Dauch Corp,NYSE,Stock,1999-01-29,,Active
DCI,Donaldson Co. Inc,NYSE,Stock,1987-06-18,,Active
DCMT,DOUBLELINE COMMODITY STRATEGY ETF ,NYSE,ETF,2024-02-01,,Active
DCO,Ducommun Inc,NYSE,Stock,1973-05-03,,Active
DCOM,Dime Community Bancshares Inc,NYSE,Stock,1999-01-12,,Active
DCOM-P,Dime Community Bancshares Inc FixedRate NonCumulative Perpetual Preferred Stock Series A,NYSE,Stock,2026-04-07,,Active
DCOMG,Dime Community Bancshares Inc 9.000 FixedtoFloating Rate Subordinated Notes due 2034,NYSE,Stock,2024-07-02,,Active
DCOMP,Dime Community Bancshares Inc,NYSE,Stock,2020-01-30,,Active
DCOR,DIMENSIONAL US CORE EQUITY 1 ETF ,NYSE,ETF,2023-09-13,,Active
DCOY,Decoy Therapeutics Inc Com Par 0.0001 New,NASDAQ,Stock,2026-01-07,,Active
DCPH,Deciphera Pharmaceuticals Inc,NASDAQ,Stock,2017-09-28,,Active
DCRE,DOUBLELINE COMMERCIAL REAL ESTATE DEBT ETF ,NYSE,ETF,2023-04-04,,Active
DCTH,Delcath Systems Inc,NASDAQ,Stock,2002-05-02,,Active
DCX,Digital Currency X Technology Inc,NASDAQ,Stock,2023-06-01,,Active
DD,DuPont de Nemours Inc,NYSE,Stock,1962-01-02,,Active
DDC,Dominion Diamond Corp,AMEX,Stock,1992-06-22,,Active
DDD,3D Systems Corp,NYSE,Stock,1990-11-05,,Active
DDDD,YIELDMAX(R) U.S. STOCKS TARGET DOUBLE DISTRIBUTION ETF ,NYSE,ETF,2026-03-12,,Active
DDEC,FT VEST U.S. EQUITY DEEP BUFFER ETF - DECEMBER ,BATS,ETF,2020-12-21,,Active
DDF,Delaware Investments Dividend and Income Fund Inc,NYSE,ETF,1994-10-27,,Active
DDFA,Innovator Equity Dual Directional 15 Buffer ETF April,BATS,ETF,2026-04-01,,Active
DDFD,Innovator Equity Dual Directional 15 Buffer ETF December,BATS,ETF,2025-12-01,,Active
DDFF,Innovator Equity Dual Directional 15 Buffer ETF February,BATS,ETF,2026-02-02,,Active
DDFG,Innovator Equity Dual Directional 15 Buffer ETF - August,BATS,ETF,2026-08-03,,Active
DDFJ,Innovator Equity Dual Directional 15 Buffer ETF January,BATS,ETF,2026-01-02,,Active
DDFL,Innovator Equity Dual Directional 15 Buffer ETF July,BATS,ETF,2025-07-01,,Active
DDFM,Innovator Equity Dual Directional 15 Buffer ETF March,BATS,ETF,2026-03-02,,Active
DDFN,Innovator Equity Dual Directional 15 Buffer ETF November,BATS,ETF,2025-11-03,,Active
DDFO,Innovator Equity Dual Directional 15 Buffer ETF October,BATS,ETF,2025-10-01,,Active
DDFS,Innovator Equity Dual Directional 15 Buffer ETF September,BATS,ETF,2025-09-02,,Active
DDFY,Innovator Equity Dual Directional 15 Buffer ETF May,BATS,Stock,2026-05-01,,Active
DDFZ,Innovator Equity Dual Directional 15 Buffer ETF June,BATS,Stock,2026-06-01,,Active
DDI,DoubleDown Interactive Co Ltd,NASDAQ,Stock,2021-08-31,,Active
DDIV,FIRST TRUST DORSEY WRIGHT MOMENTUM & DIVIDEND ETF ,NASDAQ,ETF,2014-03-11,,Active
DDL,Dingdong (Cayman) Ltd,NYSE,Stock,2021-06-29,,Active
DDLS,WISDOMTREE DYNAMIC INTERNATIONAL SMALLCAP EQUITY FUND ,BATS,ETF,2016-01-07,,Active
DDM,PROSHARES ULTRA DOW30 ,NYSE,ETF,2006-06-21,,Active
DDNQ,Innovator Growth100 Dual Directional 5 Buffer ETF Quarterly,BATS,ETF,2026-01-02,,Active
DDOG,Datadog Inc - Class A,NASDAQ,Stock,2019-09-19,,Active
DDS,Dillard`s Inc - Class A,NYSE,Stock,1989-06-30,,Active
DDSQ,Innovator Equity Dual Directional 5 Buffer ETF Quarterly,BATS,ETF,2026-01-02,,Active
DDT,Dillards Capital Trust I,NYSE,Stock,1998-10-14,,Active
DDTA,Innovator Equity Dual Directional 10 Buffer ETF April,BATS,ETF,2026-04-01,,Active
DDTD,Innovator Equity Dual Directional 10 Buffer ETF December,BATS,ETF,2025-12-01,,Active
DDTF,Innovator Equity Dual Directional 10 Buffer ETF February,BATS,ETF,2026-02-02,,Active
DDTG,Innovator Equity Dual Directional 10 Buffer ETF - August,BATS,ETF,2026-08-03,,Active
DDTJ,Innovator Equity Dual Directional 10 Buffer ETF January,BATS,ETF,2026-01-02,,Active
DDTL,Innovator Equity Dual Directional 10 Buffer ETF July,BATS,ETF,2025-07-01,,Active
DDTM,Innovator Equity Dual Directional 10 Buffer ETF March,BATS,ETF,2026-03-02,,Active
DDTN,Innovator Equity Dual Directional 10 Buffer ETF November,BATS,ETF,2025-11-03,,Active
DDTO,Innovator Equity Dual Directional 10 Buffer ETF October,BATS,ETF,2025-10-01,,Active
DDTS,Innovator Equity Dual Directional 10 Buffer ETF September,BATS,ETF,2025-09-02,,Active
DDTY,Innovator Equity Dual Directional 10 Buffer ETF May,BATS,Stock,2026-05-01,,Active
DDTZ,Innovator Equity Dual Directional 10 Buffer ETF June,BATS,Stock,2026-06-01,,Active
DDV,DEFINED DURATION 5 ETF ,BATS,ETF,2025-11-13,,Active
DDWM,WISDOMTREE DYNAMIC INTERNATIONAL EQUITY FUND ,BATS,ETF,2016-02-04,,Active
DDX,DEFINED DURATION 10 ETF ,BATS,ETF,2021-09-20,,Active
DDXX,DEFINED DURATION 20 ETF ,BATS,ETF,2025-11-13,,Active
DE,Deere & Company,NYSE,Stock,1972-06-01,,Active
DEA,Easterly Government Properties Inc,NYSE,Stock,2015-02-06,,Active
DEC,,NYSE,Stock,2023-12-18,,Active
DECK,Deckers Outdoor Corp,NYSE,Stock,1993-10-15,,Active
DECM,FT VEST U.S. EQUITY MAX BUFFER ETF - DECEMBER ,BATS,ETF,2024-12-23,,Active
DECO,SPDR GALAXY DIGITAL ASSET ECOSYSTEM ETF ,NASDAQ,ETF,2024-09-10,,Active
DECP,PGIM S&P 500 BUFFER 12 ETF - DECEMBER ,BATS,ETF,2024-05-24,,Active
DECT,ALLIANZIM U.S. EQUITY BUFFER10 DEC ETF ,BATS,ETF,2022-12-01,,Active
DECU,ALLIANZIM U.S. EQUITY BUFFER15 UNCAPPED DEC ETF ,BATS,ETF,2024-12-02,,Active
DECW,ALLIANZIM U.S. EQUITY BUFFER20 DEC ETF ,BATS,ETF,2022-12-01,,Active
DECZ,TRUESHARES STRUCTURED OUTCOME (DECEMBER) ETF ,BATS,ETF,2020-12-01,,Active
DEED,FIRST TRUST TCW SECURITIZED PLUS ETF ,NYSE,ETF,2020-04-30,,Active
DEEF,XTRACKERS FTSE DEVELOPED EX US MULTIFACTOR ETF ,NYSE,ETF,2015-11-24,,Active
DEEP,ACQUIRERS SMALL AND MICRO DEEP VALUE ETF ,NYSE,ETF,2014-09-23,,Active
DEFI,Hashdex Bitcoin Futures ETF,NYSE ARCA,ETF,2024-01-03,,Active
DEFR,APTUS DEFERRED INCOME ETF ,BATS,ETF,2025-05-14,,Active
DEFT,Defi Technologies Inc,NASDAQ,Stock,2025-05-12,,Active
DEHP,DIMENSIONAL EMERGING MARKETS HIGH PROFITABILITY ETF ,NYSE,ETF,2022-04-27,,Active
DEI,Douglas Emmett Inc,NYSE,Stock,2006-10-25,,Active
DELL,Dell Technologies Inc - Class C,NYSE,Stock,2018-12-21,,Active
DEM,WISDOMTREE EMERGING MARKETS HIGH DIVIDEND FUND ,NYSE,ETF,2007-07-13,,Active
DEMZ,DEMOCRATIC LARGE CAP CORE ETF ,NASDAQ,ETF,2020-11-03,,Active
DENN,Denny`s Corp,NASDAQ,Stock,1998-01-08,,Active
DEO,Diageo plc,NYSE,Stock,1996-05-13,,Active
DEPW,Google DeepMind AI Lab Ecosystem ETF,NYSE ARCA,ETF,2026-08-13,,Active
DERM,Journey Medical Corp,NASDAQ,Stock,2021-11-12,,Active
DES,WISDOMTREE U.S. SMALLCAP DIVIDEND FUND ,NYSE,ETF,2006-06-16,,Active
DESK,VANECK OFFICE AND COMMERCIAL REIT ETF ,NYSE,ETF,2023-09-21,,Active
DESP,Despegar.com Corp,NYSE,Stock,2017-09-20,,Active
DETX,Liberty Defense Holdings Ltd,NASDAQ,Stock,2026-03-13,,Active
DEUS,XTRACKERS RUSSELL US MULTIFACTOR ETF ,NYSE,ETF,2015-11-24,,Active
DEW,WISDOMTREE GLOBAL HIGH DIVIDEND FUND ,NYSE,ETF,2006-06-16,,Active
DEX,Delaware Enhanced Global Dividend & Income Fund,NYSE,ETF,2007-07-26,,Active
DEXC,DIMENSIONAL EMERGING MARKETS EX CHINA CORE EQUITY ETF ,NYSE,ETF,2024-11-14,,Active
DFAC,DIMENSIONAL U.S. CORE EQUITY 2 ETF ,NYSE,ETF,2021-06-14,,Active
DFAE,DIMENSIONAL EMERGING CORE EQUITY MARKET ETF ,NYSE,ETF,2020-12-02,,Active
DFAI,DIMENSIONAL INTERNATIONAL CORE EQUITY MARKET ETF ,NYSE,ETF,2020-11-18,,Active
DFAL,Dimensional US Large Cap Core Equity Market,BATS,Stock,2026-06-23,,Active
DFAR,DIMENSIONAL US REAL ESTATE ETF ,NYSE,ETF,2022-02-24,,Active
DFAS,DIMENSIONAL U.S. SMALL CAP ETF ,NYSE,ETF,2021-06-14,,Active
DFAT,DIMENSIONAL U.S. TARGETED VALUE ETF ,NYSE,ETF,2021-06-14,,Active
DFAU,DIMENSIONAL US CORE EQUITY MARKET ETF ,NYSE,ETF,2020-11-18,,Active
DFAW,DIMENSIONAL WORLD EQUITY ETF ,NYSE,ETF,2023-09-27,,Active
DFAX,DIMENSIONAL WORLD EX U.S. CORE EQUITY 2 ETF ,NYSE,ETF,2021-09-13,,Active
DFCA,DIMENSIONAL CALIFORNIA MUNICIPAL BOND ETF ,NYSE,ETF,2023-06-27,,Active
DFCF,DIMENSIONAL CORE FIXED INCOME ETF ,NYSE,ETF,2021-11-16,,Active
DFDV,DeFi Development Corp,NASDAQ,Stock,2023-07-25,,Active
DFDVW,DeFi Development Corp - Warrants (21/01/2028),NASDAQ,Stock,2025-11-06,,Active
DFE,WISDOMTREE EUROPE SMALLCAP DIVIDEND FUND ,NYSE,ETF,2006-06-16,,Active
DFEB,FT VEST U.S. EQUITY DEEP BUFFER ETF - FEBRUARY ,BATS,ETF,2020-02-24,,Active
DFEM,DIMENSIONAL EMERGING MARKETS CORE EQUITY 2 ETF ,NYSE,ETF,2022-04-27,,Active
DFEN,DIREXION DAILY AEROSPACE & DEFENSE BULL 3X SHARES ,NYSE,ETF,2017-05-03,,Active
DFEV,DIMENSIONAL EMERGING MARKETS VALUE ETF ,NYSE,ETF,2022-04-27,,Active
DFFN,,NASDAQ,Stock,2023-08-17,,Active
DFGP,DIMENSIONAL GLOBAL CORE PLUS FIXED INCOME ETF ,NASDAQ,ETF,2023-11-08,,Active
DFGR,DIMENSIONAL GLOBAL REAL ESTATE ETF ,NYSE,ETF,2022-12-07,,Active
DFGX,DIMENSIONAL INTERNATIONAL CORE FIXED INCOME ETF ,NASDAQ,ETF,2023-11-08,,Active
DFH,Dream Finders Homes Inc - Class A,NYSE,Stock,2021-01-21,,Active
DFIC,DIMENSIONAL INTERNATIONAL CORE EQUITY 2 ETF ,BATS,ETF,2022-03-24,,Active
DFII,FT VEST BITCOIN STRATEGY & TARGET INCOME ETF ,NYSE,ETF,2025-04-03,,Active
DFIN,Donnelley Financial Solutions Inc,NYSE,Stock,2016-10-03,,Active
DFIP,DIMENSIONAL INFLATION-PROTECTED SECURITIES ETF ,NYSE,ETF,2021-11-16,,Active
DFIS,DIMENSIONAL INTERNATIONAL SMALL CAP ETF ,BATS,ETF,2022-03-24,,Active
DFIV,DIMENSIONAL INTERNATIONAL VALUE ETF ,NYSE,ETF,2021-09-13,,Active
DFJ,WISDOMTREE JAPAN SMALLCAP DIVIDEND FUND ,NYSE,ETF,2006-06-16,,Active
DFLI,Dragonfly Energy Holdings Corp,NASDAQ,Stock,2022-10-07,,Active
DFLIW,Dragonfly Energy Holdings Corp - Warrants (10/07/2027),NASDAQ,Stock,2021-08-24,,Active
DFLV,DIMENSIONAL US LARGE CAP VALUE ETF ,NYSE,ETF,2022-12-07,,Active
DFMC,U.S. Micro Cap Portfolio ETF Class Shares,NYSE,ETF,2026-03-23,,Active
DFNL,DAVIS SELECT FINANCIAL ETF ,BATS,ETF,2017-01-12,,Active
DFNM,DIMENSIONAL NATIONAL MUNICIPAL BOND ETF ,NYSE,ETF,2021-11-16,,Active
DFNS,T3 Defense Inc - New,NASDAQ,Stock,2023-12-26,,Active
DFNSW,T3 Defense Inc - Warrants (22/12/2028),NASDAQ,Stock,2023-12-26,,Active
DFP,Flaherty & Crumrine Dynamic Preferred and Income Fund Inc,NYSE,ETF,2013-05-24,,Active
DFSB,DIMENSIONAL GLOBAL SUSTAINABILITY FIXED INCOME ETF ,NYSE,ETF,2022-11-16,,Active
DFSC,DEFSEC Technologies Inc Com,NASDAQ,Stock,2025-06-27,,Active
DFSCW,DEFSEC Technologies Inc Wt Exp,NASDAQ,Stock,2025-06-30,,Active
DFSD,DIMENSIONAL SHORT-DURATION FIXED INCOME ETF ,NYSE,ETF,2021-11-16,,Active
DFSE,DIMENSIONAL EMERGING MARKETS SUSTAINABILITY CORE 1 ETF ,NYSE,ETF,2022-11-02,,Active
DFSI,DIMENSIONAL INTERNATIONAL SUSTAINABILITY CORE 1 ETF ,NYSE,ETF,2022-11-02,,Active
DFSU,DIMENSIONAL US SUSTAINABILITY CORE 1 ETF ,NYSE,ETF,2022-11-02,,Active
DFSV,DIMENSIONAL US SMALL CAP VALUE ETF ,NYSE,ETF,2022-02-24,,Active
DFTT,DF Tactical 30 ETF,NYSE,ETF,2025-11-12,,Active
DFTX,Definium Therapeutics Inc,NASDAQ,Stock,2022-07-11,,Active
DFUS,DIMENSIONAL U.S. EQUITY MARKET ETF ,NYSE,ETF,2021-06-14,,Active
DFUV,DIMENSIONAL US MARKETWIDE VALUE ETF ,NYSE,ETF,2022-05-09,,Active
DFVE,DOUBLELINE FORTUNE 500 EQUAL WEIGHT ETF ,NYSE,ETF,2024-02-01,,Active
DFVX,DIMENSIONAL US LARGE CAP VECTOR ETF ,NYSE,ETF,2023-11-02,,Active
DG,Dollar General Corp,NYSE,Stock,2009-11-13,,Active
DGAC,Disciplined Growth Acquisition Corp - Class A,NYSE,Stock,2026-07-17,,Active
DGAC-R,Disciplined Growth Acquisition Corporation Rights each right entitling the holder to receive onefourth 14 of one Class A ordinary share,NYSE,Stock,2026-07-17,,Active
DGAC-U,Disciplined Growth Acquisition Corp - Units (1 Ord Cls A & 1 Rts),NYSE,Stock,2026-05-27,,Active
DGAC-UN,Disciplined Growth Acquisition Corp,NYSE,Stock,2026-05-27,,Active
DGACR,Disciplined Growth Acquisition Corp,NYSE,Stock,2026-07-17,,Active
DGAP,FT VEST U.S. EQUITY BUFFER & DIGITAL RETURN ETF - APRIL ,BATS,ETF,2026-04-20,,Active
DGCB,DIMENSIONAL GLOBAL CREDIT ETF ,NASDAQ,ETF,2023-11-08,,Active
DGHI,Digihost Technology Inc,NASDAQ,Stock,2021-11-15,,Active
DGICA,Donegal Group Inc - Class A,NASDAQ,Stock,2001-04-24,,Active
DGICB,Donegal Group Inc - Class B,NASDAQ,Stock,1990-03-26,,Active
DGII,Digi International Inc,NASDAQ,Stock,1990-03-26,,Active
DGIN,VANECK DIGITAL INDIA ETF ,NYSE,ETF,2022-02-17,,Active
DGJA,FT VEST U.S. EQUITY BUFFER & DIGITAL RETURN ETF - JANUARY ,BATS,ETF,2026-01-20,,Active
DGJL,FT Vest U.S. Equity Buffer & Digital Return ETF - July,BATS,ETF,2026-07-20,,Active
DGLO,FIRST TRUST RBA DEGLOBALIZATION ETF ,NASDAQ,ETF,2025-08-07,,Active
DGLY,Kustom Entertainment Inc (New),NASDAQ,Stock,2007-05-16,,Active
DGNU,Dragoneer Growth Opportunities Corp III - Class A,NASDAQ,Stock,2021-03-23,,Active
DGNX,Diginex Ltd,NASDAQ,Stock,2025-01-22,,Active
DGOC,FT VEST U.S. EQUITY BUFFER & DIGITAL RETURN ETF - OCTOBER ,BATS,ETF,2025-10-20,,Active
DGP,Deutsche Bank AG London,NYSE,ETF,2008-02-28,,Active
DGRE,WISDOMTREE EMERGING MARKETS QUALITY DIVIDEND GROWTH FUND ,NASDAQ,ETF,2013-08-01,,Active
DGRO,ISHARES CORE DIVIDEND GROWTH ETF ,NYSE,ETF,2014-06-12,,Active
DGRS,WISDOMTREE U.S. SMALLCAP QUALITY DIVIDEND GROWTH FUND ,NASDAQ,ETF,2013-07-25,,Active
DGRW,WISDOMTREE U.S. QUALITY DIVIDEND GROWTH FUND ,NASDAQ,ETF,2013-05-22,,Active
DGS,WISDOMTREE EMERGING MARKETS SMALLCAP DIVIDEND FUND ,NYSE,ETF,2007-10-30,,Active
DGT,STATE STREET(R) SPDR(R) GLOBAL DOW ETF ,NYSE,ETF,2000-10-02,,Active
DGX,Quest Diagnostics Inc,NYSE,Stock,1996-12-26,,Active
DGXX,Digi Power X Inc (Sub voting),NASDAQ,Stock,2017-12-20,,Active
DGZ,Deutsche Bank AG London,NYSE,ETF,2008-02-29,,Active
DH,Definitive Healthcare Corp - Class A,NASDAQ,Stock,2021-09-15,,Active
DHC,Diversified Healthcare Trust,NASDAQ,Stock,2000-02-23,,Active
DHCA,DHC Acquisition Corp - Class A,NASDAQ,Stock,2021-04-28,,Active
DHCNI,Diversified Healthcare Trust,NASDAQ,Stock,2012-07-23,,Active
DHCNL,Diversified Healthcare Trust,NASDAQ,Stock,2016-02-22,,Active
DHDG,FT VEST U.S. EQUITY QUARTERLY 2.5 TO 15 BUFFER ETF ,BATS,ETF,2024-10-21,,Active
DHF,BNY Mellon High Yield Strategies Fund,NYSE,ETF,1998-04-27,,Active
DHI,D.R. Horton Inc,NYSE,Stock,1992-06-05,,Active
DHLX,Diamond Hill Large Cap Concentrated ETF,NYSE,ETF,2025-09-29,,Active
DHR,Danaher Corp,NYSE,Stock,1987-11-05,,Active
DHS,WISDOMTREE U.S. HIGH DIVIDEND FUND ,NYSE,ETF,2006-06-16,,Active
DHSB,DAY HAGAN SMART BUFFER ETF ,NYSE,ETF,2025-02-14,,Active
DHT,DHT Holdings Inc,NYSE,Stock,2005-10-13,,Active
DHX,DHI Group Inc,NYSE,Stock,2007-07-26,,Active
DHY,Credit Suisse High Yield Bond Fund,AMEX,ETF,1998-07-29,,Active
DHY-R,Credit Suisse High Yield Fund Rights expiring May 14 2026 Rights,AMEX,Stock,2026-04-23,,Active
DHY-R-W,Credit Suisse High Yield Fund Rights expiring May 14 2026 Rights when issued,AMEX,Stock,2026-04-22,,Active
DIA,SPDR Dow Jones Industrial Average ETF,NYSE,ETF,1998-01-20,,Active
DIAL,COLUMBIA DIVERSIFIED FIXED INCOME ALLOCATION ETF ,NYSE,ETF,2017-10-12,,Active
DIAX,Nuveen Dow 30SM Dynamic Overwrite Fund,NYSE,ETF,2014-12-03,,Active
DIBS,1stdibs.com Inc,NASDAQ,Stock,2021-06-10,,Active
DICE,Tema Trading & Prediction Markets ETF,BATS,ETF,2026-09-09,,Active
DIEM,FRANKLIN EMERGING MARKET CORE DIVIDEND TILT INDEX ETF ,NYSE,ETF,2016-06-03,,Active
DIG,PROSHARES ULTRA ENERGY ,NYSE,ETF,2007-02-01,,Active
DIHP,DIMENSIONAL INTERNATIONAL HIGH PROFITABILITY ETF ,BATS,ETF,2022-03-24,,Active
DIM,WISDOMTREE INTERNATIONAL MIDCAP DIVIDEND FUND ,NYSE,ETF,2006-06-16,,Active
DIME,COINSHARES ALTCOINS ETF ,NASDAQ,ETF,2025-10-07,,Active
DIN,Dine Brands Global Inc,NYSE,Stock,1991-07-12,,Active
DINE,REWARDS NETWORK INC,NASDAQ,Stock,2001-01-02,,Active
DINO,HF Sinclair Corp,NYSE,Stock,1992-03-17,,Active
DINT,DAVIS SELECT INTERNATIONAL ETF ,BATS,ETF,2018-03-02,,Active
DIOD,Diodes Inc,NASDAQ,Stock,1992-03-17,,Active
DIPR,Corgi Space & Satellite Communications,BATS,Stock,2026-05-06,,Active
DIPS,YIELDMAX(R) SHORT NVDA OPTION INCOME STRATEGY ETF ,NYSE,ETF,2024-07-24,,Active
DIS,Walt Disney Co (The),NYSE,Stock,1962-01-02,,Active
DISK,Tema Memory ETF,NYSE ARCA,ETF,2026-06-30,,Active
DISTU,Distoken Acquisition Corp - Units (1 Ord Class A 1 Right & 1 War),NASDAQ,Stock,2023-02-15,,Active
DISV,DIMENSIONAL INTERNATIONAL SMALL CAP VALUE ETF ,BATS,ETF,2022-03-24,,Active
DIT,Amcon Distributing Company,AMEX,Stock,1995-08-04,,Active
DIV,GLOBAL X SUPERDIVIDEND U.S. ETF ,NYSE,ETF,2013-03-12,,Active
DIVB,ISHARES CORE DIVIDEND ETF ,BATS,ETF,2017-11-09,,Active
DIVD,ALTRIUS GLOBAL DIVIDEND ETF ,NASDAQ,ETF,2022-09-30,,Active
DIVE,CEANIC CORP,NYSE,Stock,2025-09-16,,Active
DIVG,Invesco S&P 500 High Dividend Growers ETF,NYSE,ETF,2023-12-06,,Active
DIVH,Integrity Dividend Harvest ETF,NYSE ARCA,ETF,2026-09-02,,Active
DIVI,FRANKLIN INTERNATIONAL CORE DIVIDEND TILT INDEX ETF ,NYSE,ETF,2016-06-03,,Active
DIVL,MADISON DIVIDEND VALUE ETF ,NYSE,ETF,2023-08-15,,Active
DIVN,HORIZON DIVIDEND INCOME ETF ,BATS,ETF,2025-06-26,,Active
DIVO,AMPLIFY CWP ENHANCED DIVIDEND INCOME ETF ,NYSE,ETF,2016-12-14,,Active
DIVP,CULLEN ENHANCED EQUITY INCOME ETF ,NYSE,ETF,2024-03-07,,Active
DIVS,GUINNESS ATKINSON DIVIDEND BUILDER ETF ,NYSE,ETF,2021-03-29,,Active
DIVY,SOUND EQUITY DIVIDEND INCOME ETF ,NYSE,ETF,2014-12-18,,Active
DIVZ,POLEN DIVIDEND INCOME ETF ,NYSE ARCA,ETF,2021-01-28,,Active
DJAN,FT VEST U.S. EQUITY DEEP BUFFER ETF - JANUARY ,BATS,ETF,2021-01-19,,Active
DJCO,Daily Journal Corporation,NASDAQ,Stock,1992-02-25,,Active
DJD,INVESCO DOW JONES INDUSTRIAL AVERAGE DIVIDEND ETF ,NYSE,ETF,2015-12-16,,Active
DJIA,GLOBAL X DOW 30 COVERED CALL ETF ,NYSE,ETF,2022-02-24,,Active
DJP,iPath Bloomberg Commodity Index Total Return ETN,NYSE,ETF,2006-10-30,,Active
DJT,Trump Media & Technology Group Corp,NASDAQ,Stock,2021-09-30,,Active
DJTU,T-REX 2X LONG DJT DAILY TARGET ETF ,BATS,ETF,2025-03-04,,Active
DJTWW,Trump Media & Technology Group Corp Wt Exp,NASDAQ,Stock,2024-03-26,,Active
DJUL,FT VEST U.S. EQUITY DEEP BUFFER ETF - JULY ,BATS,ETF,2020-07-20,,Active
DJUN,FT VEST U.S. EQUITY DEEP BUFFER ETF - JUNE ,BATS,ETF,2020-06-22,,Active
DK,Delek US Holdings Inc,NYSE,Stock,2006-05-04,,Active
DKI,Darkiris Inc - Class A,NASDAQ,Stock,2025-08-08,,Active
DKL,Delek Logistics Partners LP,NYSE,Stock,2012-11-02,,Active
DKNG,DraftKings Inc - Class A,NASDAQ,Stock,2019-07-25,,Active
DKNX,DEFIANCE DAILY TARGET 2X LONG DKNG ETF ,NASDAQ,ETF,2025-07-31,,Active
DKS,Dicks Sporting Goods Inc,NYSE,Stock,2002-10-16,,Active
DKUP,TREX 2X Long DKNG Daily Target ETF,BATS,ETF,2025-07-31,,Active
DLAG,FT VEST U.S. EQUITY DUAL DIRECTIONAL BUFFER ETF - AUGUST ,BATS,ETF,2025-09-22,,Active
DLB,Dolby Laboratories Inc - Class A,NYSE,Stock,2005-02-17,,Active
DLCAU,Deep Lake Capital Acquisition Corp - Units (1 Ord Class A & 1/2 War),NASDAQ,Stock,2021-01-13,,Active
DLCU,U.S. Large Company Portfolio ETF Class Shares,NASDAQ,ETF,2026-08-05,,Active
DLFE,FT VEST U.S. EQUITY DUAL DIRECTIONAL BUFFER ETF - FEBRUARY ,BATS,ETF,2026-02-23,,Active
DLHC,DLH Holdings Corp,NASDAQ,Stock,1995-08-18,,Active
DLLL,GRANITESHARES 2X LONG DELL DAILY ETF ,NASDAQ,ETF,2025-02-13,,Active
DLMY,FT VEST U.S. EQUITY DUAL DIRECTIONAL BUFFER ETF - MAY ,BATS,Stock,2026-05-18,,Active
DLN,WISDOMTREE U.S. LARGECAP DIVIDEND FUND ,NYSE,ETF,2006-06-16,,Active
DLNG,Dynagas LNG Partners LP,NYSE,Stock,2013-11-13,,Active
DLNG-P-A,Dynagas LNG Partners LP 900 Series A Cumulative Redeemable Preferred Units,NYSE,Stock,2015-07-27,,Active
DLNG-P-B,Dynagas LNG Partners LP Pfd Unit Ser B FixedFltg,NYSE,Stock,2018-10-17,,Active
DLNV,FT VEST U.S. EQUITY DUAL DIRECTIONAL BUFFER ETF - NOVEMBER ,BATS,ETF,2025-11-24,,Active
DLO,DLocal Ltd Class A,NASDAQ,Stock,2021-06-03,,Active
DLPN,Dolphin Entertainment Inc,NASDAQ,Stock,2017-12-21,,Active
DLR,Digital Realty Trust Inc,NYSE,Stock,2004-10-29,,Active
DLR-P-J,Digital Realty Trust Inc,NYSE,Stock,2017-08-02,,Active
DLR-P-K,Digital Realty Trust Inc,NYSE,Stock,2019-03-05,,Active
DLR-P-L,Digital Realty Trust Inc,NYSE,Stock,2019-10-01,,Active
DLS,WISDOMTREE INTERNATIONAL SMALLCAP DIVIDEND FUND ,NYSE,ETF,2006-06-16,,Active
DLTH,Duluth Holdings Inc - Class B,NASDAQ,Stock,2015-11-20,,Active
DLTR,Dollar Tree Inc,NASDAQ,Stock,1995-03-09,,Active
DLUX,DOUBLELINE ULTRASHORT INCOME ETF ,NYSE,Stock,2026-04-01,,Active
DLX,Deluxe Corp,NYSE,Stock,1987-07-23,,Active
DLXY,Delixy Holdings Ltd,NASDAQ,Stock,2025-07-09,,Active
DLY,DoubleLine Yield Opportunities Fund,NYSE,Stock,2020-02-26,,Active
DM,Desktop Metal Inc - Class A,NYSE,Stock,2019-05-03,,Active
DMA,Destra Multi-Alternative Fund,NYSE,Stock,2022-01-13,,Active
DMAA,Drugs Made In America Acquisition Corp,NASDAQ,Stock,2025-02-25,,Active
DMAAR,Drugs Made In America Acquisition Corp,NASDAQ,Stock,2025-02-25,,Active
DMAAU,Drugs Made In America Acquisition Corp - Units (1 Ord Shs & 1 Rts),NASDAQ,Stock,2025-01-28,,Active
DMAC,DiaMedica Therapeutics Inc,NASDAQ,Stock,2008-01-04,,Active
DMAR,FT VEST U.S. EQUITY DEEP BUFFER ETF - MARCH ,BATS,ETF,2021-03-22,,Active
DMAX,ISHARES LARGE CAP MAX BUFFER DEC ETF ,BATS,ETF,2025-01-02,,Active
DMAY,FT VEST U.S. EQUITY DEEP BUFFER ETF - MAY ,BATS,ETF,2020-05-18,,Active
DMB,BNY Mellon Municipal Bond Infrastructure Fund Inc,NYSE,ETF,2013-04-26,,Active
DMBS,DOUBLELINE MORTGAGE ETF ,NYSE,ETF,2023-04-04,,Active
DMC,Del Monte Corp,NYSE,Stock,1997-10-24,,Active
DMF,BNY Mellon Municipal Income Inc,NYSE MKT,ETF,1991-11-25,,Active
DMII,Drugs Made In America Acquisition II Corp,NASDAQ,Stock,2025-12-03,,Active
DMIIR,Drugs Made In America Acquisition II Corp Right,NASDAQ,Stock,2025-12-03,,Active
DMIIU,Drugs Made In America Acquisition II Corp - Units (1 Ord Shs & 1 Rts),NASDAQ,Stock,2025-09-25,,Active
DMLP,Dorchester Minerals LP,NASDAQ,Stock,2003-02-03,,Active
DMN,Damon Inc.,NASDAQ,Stock,2026-05-28,,Active
DMO,Western Asset Mortgage Opportunity Fund Inc,NYSE,ETF,2010-02-24,,Active
DMRA,Damora Therapeutics Inc,NASDAQ,Stock,2020-10-29,,Active
DMRC,Digimarc Corporation,NASDAQ,Stock,1999-12-02,,Active
DMX,DOUBLELINE MULTI-SECTOR INCOME ETF ,NYSE,ETF,2024-12-03,,Active
DMXF,ISHARES ESG ADVANCED MSCI EAFE ETF ,NASDAQ,ETF,2020-06-18,,Active
DNA,Ginkgo Bioworks Holdings Inc - Class A,NYSE,Stock,2021-04-19,,Active
DNAB,Social Capital Suvretta Holdings Corp II - Class A,NASDAQ,Stock,2021-06-30,,Active
DNAD,Social Capital Suvretta Holdings Corp IV - Class A,NASDAQ,Stock,2021-06-30,,Active
DNL,WISDOMTREE GLOBAL EX-U.S. QUALITY GROWTH FUND ,NYSE,ETF,2006-06-16,,Active
DNLI,Denali Therapeutics Inc,NASDAQ,Stock,2017-12-08,,Active
DNMX,Dynamix Corp III - Class A,NASDAQ,Stock,2025-11-19,,Active
DNMXU,Dynamix Corp III - Units (1 Ord Cls A & 1/2 War),NASDAQ,Stock,2025-10-30,,Active
DNMXW,Dynamix Corp III - Warrants (10/10/2030),NASDAQ,Stock,2025-11-19,,Active
DNN,Denison Mines Corp,AMEX,Stock,2005-02-09,,Active
DNNG,Leverage Shares 2x Long DNN Daily ETF,NASDAQ,ETF,2026-02-10,,Active
DNOV,FT VEST U.S. EQUITY DEEP BUFFER ETF - NOVEMBER ,BATS,ETF,2019-11-18,,Active
DNOW,NOW Inc,NYSE,Stock,2014-05-20,,Active
DNP,DNP Select Income Fund Inc,NYSE,ETF,1987-01-21,,Active
DNTH,Dianthus Therapeutics Inc,NASDAQ,Stock,2023-09-12,,Active
DNUT,Krispy Kreme Inc,NASDAQ,Stock,2021-07-01,,Active
DOC,Healthpeak OP LLC,NYSE,Stock,1987-11-05,,Active
DOCK,Corgi Ports Rail & Freight,BATS,Stock,2026-05-06,,Active
DOCN,DigitalOcean Holdings Inc,NYSE,Stock,2021-03-24,,Active
DOCS,Doximity Inc - Class A,NYSE,Stock,2021-06-24,,Active
DOCT,FT VEST U.S. EQUITY DEEP BUFFER ETF - OCTOBER ,BATS,ETF,2020-08-17,,Active
DOCU,DocuSign Inc,NASDAQ,Stock,2018-04-27,,Active
DOG,PROSHARES SHORT DOW30 ,NYSE,ETF,2006-06-21,,Active
DOGD,Tradr 2X Long DDOG Daily ETF,BATS,ETF,2025-08-12,,Active
DOGG,FT VEST DJIA DOGS 10 TARGET INCOME ETF ,BATS,ETF,2023-04-27,,Active
DOGZ,Dogness (International) Corp - Class A,NASDAQ,Stock,2017-12-19,,Active
DOJE,REX-OSPREY(TM) DOGE ETF ,BATS,ETF,2025-09-18,,Active
DOL,WISDOMTREE INTERNATIONAL LARGECAP DIVIDEND FUND ,NYSE,ETF,2006-06-16,,Active
DOLE,Dole plc,NYSE,Stock,2021-07-30,,Active
DOMH,Dominari Holdings Inc,NASDAQ,Stock,1984-09-07,,Active
DOMO,Domo Inc - Class B,NASDAQ,Stock,2018-06-29,,Active
DON,WISDOMTREE U.S. MIDCAP DIVIDEND FUND ,NYSE,ETF,2006-06-16,,Active
DOO,BRP Inc,NASDAQ,Stock,2013-07-16,,Active
DORM,Dorman Products Inc,NASDAQ,Stock,1991-03-12,,Active
DOUG,Douglas Elliman Inc,NYSE,Stock,2021-12-30,,Active
DOV,Dover Corp,NYSE,Stock,1985-07-01,,Active
DOW,Dow Inc,NYSE,Stock,2019-03-20,,Active
DOX,Amdocs Ltd,NASDAQ,Stock,1998-06-19,,Active
DOYU,DouYu International Holdings Ltd,NASDAQ,Stock,2019-07-17,,Active
DPC,DPC Holdings PLC,NYSE,Stock,2026-06-30,,Active
DPG,Duff & Phelps Utility and Infrastructure Fund Inc,NYSE,ETF,2011-08-01,,Active
DPK,DIREXION DAILY MSCI DEVELOPED MARKETS BEAR 3X SHARES ,NYSE ARCA,ETF,2008-12-17,,Active
DPRE,Virtus Duff & Phelps Real Estate Income,NYSE,Stock,2026-04-15,,Active
DPRO,Draganfly Inc,NASDAQ,Stock,2019-12-04,,Active
DPST,DIREXION DAILY REGIONAL BANKS BULL 3X SHARES ,NYSE,ETF,2015-08-19,,Active
DPU,Top KingWin Ltd - Class A,NASDAQ,Stock,2023-04-18,,Active
DPZ,Dominos Pizza Inc,NASDAQ,Stock,2004-07-13,,Active
DQ,Daqo New Energy Corp,NYSE,Stock,2010-10-07,,Active
DRAG,ROUNDHILL CHINA DRAGONS ETF ,BATS,ETF,2026-02-06,,Active
DRAI,DRACO EVOLUTION AI ETF ,NYSE,ETF,2024-07-10,,Active
DRAL,Defiance Daily Target 2X Long DRAM ETF,BATS,ETF,2026-06-29,,Active
DRAM,Roundhill Memory ETF,BATS,ETF,2026-04-02,,Active
DRAY,YIELDMAX(R) DKNG OPTION INCOME STRATEGY ETF ,NYSE,ETF,2021-08-26,,Active
DRCT,Direct Digital Holdings Inc Class A,NASDAQ,Stock,2022-02-11,,Active
DRD,DRDGold Ltd,NYSE,Stock,1996-09-30,,Active
DRDB,Roman DBDR Acquisition Corp II,NASDAQ,Stock,2025-02-03,,Active
DRDBU,Roman DBDR Acquisition Corp II - Units (1 Ord Cls A & 1/2 War),NASDAQ,Stock,2024-12-13,,Active
DRDBW,Roman DBDR Acquisition Corp II Warrants,NASDAQ,Stock,2025-02-03,,Active
DRES,GMO DOMESTIC RESILIENCE ETF ,NYSE,ETF,2025-10-01,,Active
DRGN,THEMES CHINA GENERATIVE ARTIFICIAL INTELLIGENCE ETF ,BATS,ETF,2009-01-26,,Active
DRH,Diamondrock Hospitality Company,NASDAQ,Stock,2005-05-26,,Active
DRI,Darden Restaurants Inc,NYSE,Stock,1995-05-09,,Active
DRIO,DarioHealth Corp,NASDAQ,Stock,2014-10-06,,Active
DRIP,Direxion Daily S&P Oil & Gas Exp. & Prod. Bear 2X ETF,NYSE ARCA,ETF,2015-05-29,,Active
DRIV,Global X Autonomous & Electric Vehicles ETF,NASDAQ,ETF,2018-04-17,,Active
DRKY,VistaShares Target 15 DRUKMacro Distribution ETF,NYSE,ETF,2025-10-08,,Active
DRLL,STRIVE U.S. ENERGY ETF ,NYSE,ETF,2022-08-09,,Active
DRMA,Dermata Therapeutics Inc,NASDAQ,Stock,2021-08-13,,Active
DRMP,Tuttle Capital Memory Stack Income Blast ETF,BATS,ETF,2026-06-11,,Active
DRMY,XFUNDS Memory Income ETF,NYSE ARCA,ETF,2026-07-16,,Active
DRN,DIREXION DAILY REAL ESTATE BULL 3X SHARES ,NYSE,ETF,2009-07-16,,Active
DRNL,Defiance 2X Daily Long Pure Drone and Aerial Automation,BATS,Stock,2026-03-03,,Active
DRNZ,REX DRONE ETF ,NASDAQ,ETF,2025-10-29,,Active
DRS,Leonardo DRS Inc,NASDAQ,Stock,2022-11-29,,Active
DRSK,APTUS DEFINED RISK ETF ,BATS,ETF,2018-08-08,,Active
DRTS,Alpha Tau Medical Ltd,NASDAQ,Stock,2021-03-08,,Active
DRTSW,Alpha Tau Medical Ltd - Warrants (07/03/2027),NASDAQ,Stock,2021-03-08,,Active
DRUG,Bright Minds Biosciences Inc,NASDAQ,Stock,2021-03-22,,Active
DRUP,Graniteshares Nasdaq Select Disruptors ETF,NYSE,ETF,2019-10-07,,Active
DRV,DIREXION DAILY REAL ESTATE BEAR 3X SHARES ,NYSE,ETF,2009-07-16,,Active
DRVN,Driven Brands Holdings Inc,NASDAQ,Stock,2021-01-15,,Active
DRVR,Amplify S&P 500 Dividend Drivers ETF,NYSE ARCA,ETF,2026-07-10,,Active
DSAC,,NASDAQ,Stock,2026-01-29,,Active
DSACU,Daedalus Special Acquisition Corp - Units (1 Ord Class A &1/4 War),NASDAQ,Stock,2025-12-09,,Active
DSACW,Daedalus Special Acquisition Corp Warrant,NASDAQ,Stock,2026-01-29,,Active
DSAQ-U,Direct Selling Acquisition Corp Units each consisting of one share of Class A common stock and onehalf of redeemable warrant,NYSE,Stock,2021-09-24,,Active
DSC,DSC Holdings Ltd,NASDAQ,Stock,2026-06-29,,Active
DSCO,DoubleLine Securitized Credit ETF,NYSE,ETF,2026-02-02,,Active
DSEP,FT VEST U.S. EQUITY DEEP BUFFER ETF - SEPTEMBER ,BATS,ETF,2020-09-21,,Active
DSGN,Design Therapeutics Inc,NASDAQ,Stock,2021-03-26,,Active
DSGR,Distribution Solutions Group Inc,NASDAQ,Stock,1990-03-26,,Active
DSGX,Descartes Systems Group Inc,NASDAQ,Stock,1999-01-27,,Active
DSI,ISHARES ESG MSCI KLD 400 ETF ,NYSE,ETF,2006-11-17,,Active
DSKE,Daseke Inc,NASDAQ,Stock,2015-10-12,,Active
DSL,Doubleline Income Solutions Fund,NYSE,ETF,2013-04-26,,Active
DSM,BNY Mellon Strategic Municipal Bond Fund Inc,NYSE,ETF,1990-01-11,,Active
DSMC,DISTILLATE SMALL/MID CASH FLOW ETF ,NYSE,ETF,2022-10-06,,Active
DSP,Viant Technology Inc - Class A,NASDAQ,Stock,2021-02-10,,Active
DSPC,Leverage Shares 1X Short SPCX Daily ETF,BATS,ETF,2026-08-27,,Active
DSPY,TEMA S&P 500 HISTORICAL WEIGHT ETF STRATEGY ,NYSE,ETF,2025-04-01,,Active
DSS,DSS Inc,AMEX,Stock,1997-01-03,,Active
DSTL,DISTILLATE U.S. FUNDAMENTAL STABILITY & VALUE ETF ,NYSE,ETF,2018-10-24,,Active
DSTX,DISTILLATE INTERNATIONAL FUNDAMENTAL STABILITY & VALUE ETF ,NYSE,ETF,2020-12-15,,Active
DSU,BlackRock Debt Strategies Fund Inc,NYSE,ETF,1998-03-30,,Active
DSWL,Deswell Industries Inc,NASDAQ,Stock,1995-07-19,,Active
DSX,Diana Shipping Inc,NYSE,Stock,2005-03-23,,Active
DSX-P-B,Diana Shipping Inc Perpetual Preferred Shares Series B Marshall Islands,NYSE,Stock,2014-09-22,,Active
DSX-WS,Diana Shipping Inc - Warrants (14/12/2026),NYSE,Stock,2023-12-14,,Active
DSY,Big Tree Cloud Holdings Ltd - Class A,NASDAQ,Stock,2026-02-20,,Active
DSYWW,Big Tree Cloud Holdings Ltd - Warrants (31/05/2029),NASDAQ,Stock,2024-06-07,,Active
DT,Dynatrace Inc,NYSE,Stock,2019-08-01,,Active
DTAN,SPARKLINE INTERNATIONAL INTANGIBLE VALUE ETF ,NYSE,ETF,2024-09-10,,Active
DTB,DTE Energy Company,NYSE,Stock,2020-10-07,,Active
DTCK,Davis Commodities Ltd,NASDAQ,Stock,2023-09-19,,Active
DTCR,GLOBAL X DATA CENTER & DIGITAL INFRASTRUCTURE ETF ,NASDAQ,ETF,2020-10-29,,Active
DTCX,Datacentrex Inc,NASDAQ,Stock,2022-03-21,,Active
DTD,WISDOMTREE U.S. TOTAL DIVIDEND FUND ,NYSE,ETF,2006-06-16,,Active
DTE,DTE Energy Company,NYSE,Stock,1970-01-02,,Active
DTEC,ALPS DISRUPTIVE TECHNOLOGIES ETF ,NYSE,ETF,2017-12-29,,Active
DTF,DTF Tax-Free Income 2028 Term Fund Inc,NYSE,ETF,1991-11-22,,Active
DTG,DTE Energy Company,NYSE,Stock,2021-11-29,,Active
DTH,WISDOMTREE INTERNATIONAL HIGH DIVIDEND FUND ,NYSE,ETF,2006-06-16,,Active
DTI,DTI GROUP LTD,NASDAQ,Stock,2023-06-21,,Active
DTIL,Precision Biosciences Inc,NASDAQ,Stock,2019-03-28,,Active
DTK,DTE Energy Company,NYSE,Stock,2025-09-22,,Active
DTM,DT Midstream Inc,NYSE,Stock,2021-07-01,,Active
DTRE,FIRST TRUST ALERIAN DISRUPTIVE TECHNOLOGY REAL ESTATE ETF ,NYSE,ETF,2007-08-30,,Active
DTSQ,DT Cloud Star Acquisition Corp,NASDAQ,Stock,2024-09-16,,Active
DTSQR,DT Cloud Star Acquisition Corp,NASDAQ,Stock,2024-09-16,,Active
DTSQU,DT Cloud Star Acquisition Corp - Units (1Ord & 1 Rts),NASDAQ,Stock,2024-07-25,,Active
DTSS,Datasea Inc,NASDAQ,Stock,2016-04-06,,Active
DTST,Data Storage Corp,NASDAQ,Stock,2010-09-20,,Active
DTW,DTE Energy Company,NYSE,Stock,2017-11-22,,Active
DUBS,APTUS LARGE CAP ENHANCED YIELD ETF ,BATS,ETF,2023-06-14,,Active
DUDE,Merlyn.AI SectorSurfer Momentum ETF,BATS,ETF,2020-12-30,,Active
DUET,DUET Acquisition Corp - Class A,NASDAQ,Stock,2022-03-17,,Active
DUETU,DUET Acquisition Corp - Units (1 Ord Share Class A & 1 War),NASDAQ,Stock,2022-01-20,,Active
DUETW,DUET Acquisition Corp - Warrants (18/01/2027),NASDAQ,Stock,2022-03-14,,Active
DUG,ProShares UltraShort Energy,NYSE,ETF,2007-02-01,,Active
DUHP,DIMENSIONAL US HIGH PROFITABILITY ETF ,NYSE,ETF,2022-02-24,,Active
DUK,Duke Energy Corp,NYSE,Stock,1983-04-06,,Active
DUK-P-A,Duke Energy Corp,NYSE,Stock,2019-03-26,,Active
DUKB,Duke Energy Corp,NYSE,Stock,2018-09-20,,Active
DUKH,Ocean Park High Income ETF,NASDAQ,ETF,2024-07-11,,Active
DUKQ,Ocean Park Domestic ETF,NYSE,ETF,2024-07-11,,Active
DUKR,DUKE Robotics Corp,NASDAQ,Stock,2017-06-26,,Active
DUKRW,DUKE Robotics Corp Warrant,NASDAQ,Stock,2026-05-15,,Active
DUKX,Ocean Park International ETF,NASDAQ,ETF,2024-07-11,,Active
DUKZ,Ocean Park Diversified Income ETF,NYSE,ETF,2024-07-11,,Active
DULL,Bank of Montreal,NYSE,ETF,2016-09-08,,Active
DUNK,Dana Unconstrained Equity ETF,NYSE,ETF,2025-09-16,,Active
DUO,Fangdd Network Group Ltd - Class A,NASDAQ,Stock,2024-09-27,,Active
DUOG,Leverage Shares 2X Long DUOL Daily ETF,NASDAQ,ETF,2025-12-11,,Active
DUOL,Duolingo Inc - Class A,NASDAQ,Stock,2021-07-28,,Active
DUOT,Duos Technologies Group Inc,NASDAQ,Stock,2015-04-10,,Active
DURA,VANECK DURABLE HIGH DIVIDEND ETF ,BATS,ETF,2018-10-31,,Active
DUSA,DAVIS SELECT U.S. EQUITY ETF ,BATS,ETF,2017-01-12,,Active
DUSB,DIMENSIONAL ULTRASHORT FIXED INCOME ETF ,NYSE,ETF,2023-09-27,,Active
DUSG,U.S. Small Cap Growth Portfolio ETF Class Shares,NASDAQ,Stock,2026-05-06,,Active
DUSL,DIREXION DAILY INDUSTRIALS BULL 3X SHARES ,NYSE,ETF,2017-05-03,,Active
DUST,Direxion Daily Gold Miners Index Bear -2X Shares,NYSE,ETF,2010-12-08,,Active
DUTY,U.S. DEFENSE ETF ,NYSE,ETF,2026-04-08,,Active
DV,DoubleVerify Holdings Inc,NYSE,Stock,2021-04-21,,Active
DVA,DaVita Inc,NYSE,Stock,1995-10-31,,Active
DVAL,BRANDYWINEGLOBAL-DYNAMIC US LARGE CAP VALUE ETF ,NASDAQ,ETF,2022-10-31,,Active
DVDN,KINGSBARN DIVIDEND OPPORTUNITY ETF ,NYSE,ETF,2023-11-02,,Active
DVGR,DAC 3D DIVIDEND GROWTH ETF ,NASDAQ,ETF,2025-12-05,,Active
DVIN,WEBs Defined Volatility XLI ETF,NASDAQ,ETF,2025-07-23,,Active
DVLT,Datavault AI Inc,NASDAQ,Stock,2018-07-27,,Active
DVLU,FIRST TRUST DORSEY WRIGHT MOMENTUM & VALUE ETF ,NASDAQ,ETF,2018-09-07,,Active
DVN,Devon Energy Corp,NYSE,Stock,1992-03-17,,Active
DVND,TOUCHSTONE DIVIDEND SELECT ETF ,NYSE,ETF,2022-08-04,,Active
DVOL,FIRST TRUST DORSEY WRIGHT MOMENTUM & LOW VOLATILITY ETF ,NASDAQ,ETF,2018-09-07,,Active
DVQQ,WEBs Defined Volatility QQQ ETF,NASDAQ,ETF,2024-12-17,,Active
DVRE,WEBs Defined Volatility XLRE ETF,NASDAQ,ETF,2025-07-23,,Active
DVS,Dolly Varden Silver Corporation,AMEX,Stock,2025-04-21,,Active
DVSP,WEBs Defined Volatility SPY ETF,NASDAQ,ETF,2024-12-17,,Active
DVUT,WEBS Defined Volatility XLU ETF,NASDAQ,ETF,2025-07-23,,Active
DVVY,Invesco Diversified Dividend Opportunities,BATS,Stock,2026-03-18,,Active
DVXB,WEBs Defined Volatility XLB ETF,NASDAQ,ETF,2025-07-23,,Active
DVXC,WEBs Defined Volatility XLC ETF,NASDAQ,ETF,2025-07-23,,Active
DVXE,DEVX ENERGY INC,NASDAQ,Stock,2025-07-23,,Active
DVXF,WEBs Defined Volatility XLF ETF,NASDAQ,ETF,2025-07-23,,Active
DVXK,WEBs Defined Volatility XLK ETF,NASDAQ,ETF,2025-07-23,,Active
DVXP,WEBs Defined Volatility XLP ETF,NASDAQ,ETF,2025-07-23,,Active
DVXV,WEBs Defined Volatility XLV ETF,NASDAQ,ETF,2025-07-23,,Active
DVXY,WEBs Defined Volatility XLY ETF,NASDAQ,ETF,2025-07-23,,Active
DVY,ISHARES SELECT DIVIDEND ETF ,NASDAQ,ETF,2003-11-07,,Active
DVYA,ISHARES ASIA/PACIFIC DIVIDEND ETF ,NYSE,ETF,2012-02-24,,Active
DVYE,ISHARES EMERGING MARKETS DIVIDEND ETF ,NYSE,ETF,2012-02-24,,Active
DWAS,INVESCO DORSEY WRIGHT SMALLCAP MOMENTUM ETF ,NASDAQ,ETF,2012-07-19,,Active
DWAW,ADVISORSHARES DORSEY WRIGHT FSM ALL CAP WORLD ETF ,NASDAQ,ETF,2019-12-27,,Active
DWCR,Arrow DWA Tactical: International ETF,BATS,ETF,2017-12-29,,Active
DWLD,DAVIS SELECT WORLDWIDE ETF ,BATS,ETF,2017-01-12,,Active
DWM,WISDOMTREE INTERNATIONAL EQUITY FUND ,NYSE,ETF,2006-06-16,,Active
DWMF,WISDOMTREE INTERNATIONAL MULTIFACTOR FUND ,NYSE,ETF,2018-08-10,,Active
DWSH,ADVISORSHARES DORSEY WRIGHT SHORT ETF ,NASDAQ,ETF,2018-07-11,,Active
DWSN,Dawson Geophysical Company,NASDAQ,Stock,1990-03-26,,Active
DWTX,Virios Therapeutics Inc,NASDAQ,Stock,2020-12-17,,Active
DWUS,ADVISORSHARES DORSEY WRIGHT FSM US CORE ETF ,NASDAQ,ETF,2019-12-27,,Active
DWWN,PRINCIPAL LONG DURATION ETF ,BATS,ETF,2026-05-21,,Active
DWX,STATE STREET(R) SPDR(R) S&P(R) INTERNATIONAL DIVIDEND ETF ,NYSE,ETF,2008-02-19,,Active
DX,Dynex Capital Inc,NYSE,Stock,1989-06-30,,Active
DX-P-C,Dynex Capital Inc,NYSE,Stock,2020-02-14,,Active
DXC,DXC Technology Company,NYSE,Stock,2017-02-01,,Active
DXCM,Dexcom Inc,NASDAQ,Stock,2005-04-14,,Active
DXD,PROSHARES ULTRASHORT DOW30 ,NYSE,ETF,2006-07-13,,Active
DXF,,AMEX,Stock,2025-01-24,,Active
DXIV,DIMENSIONAL INTERNATIONAL VECTOR EQUITY ETF ,NYSE,ETF,2024-09-12,,Active
DXJ,WISDOMTREE JAPAN HEDGED EQUITY FUND ,NYSE,ETF,2006-06-16,,Active
DXLG,Destination XL Group Inc,NASDAQ,Stock,1992-02-25,,Active
DXPE,DXP Enterprises Inc,NASDAQ,Stock,1998-05-07,,Active
DXR,Daxor Corp,NASDAQ,Stock,1992-03-17,,Active
DXST,Decent Holding Inc,NASDAQ,Stock,2025-01-22,,Active
DXUV,DIMENSIONAL US VECTOR EQUITY ETF ,NYSE,ETF,2024-09-12,,Active
DXYZ,Destiny Tech100 Inc,NYSE,Stock,2024-03-26,,Active
DY,Dycom Industries Inc,NYSE,Stock,1990-09-24,,Active
DYAI,Dyadic International Inc DE,NASDAQ,Stock,2016-01-04,,Active
DYCQ,DT Cloud Acquisition Corp,NASDAQ,Stock,2024-04-12,,Active
DYCQR,DT Cloud Acquisition Corp,NASDAQ,Stock,2024-04-12,,Active
DYCQU,DT Cloud Acquisition Corp - Units (1 Ord & 1 Right),NASDAQ,Stock,2024-02-21,,Active
DYFI,IDX DYNAMIC FIXED INCOME ETF ,NASDAQ,ETF,2024-01-10,,Active
DYLD,LEADERSHARES(R) DYNAMIC YIELD ETF ,NYSE,ETF,2021-06-29,,Active
DYLG,GLOBAL X DOW 30 COVERED CALL & GROWTH ETF ,NYSE,ETF,2023-07-26,,Active
DYN,Dyne Therapeutics Inc,NASDAQ,Stock,2020-09-17,,Active
DYNB,Hartford Dynamic Bond ETF,NASDAQ,ETF,2025-09-24,,Active
DYNC,Dynegy Inc 700 Tangible Equity Units,NASDAQ,Stock,2016-06-17,,Active
DYNCU,Dynamix Corp - Unit (1 Ord Class A & 1/2 War),NASDAQ,Stock,2024-11-21,,Active
DYNCW,Dynamix Corporation Warrant,NASDAQ,Stock,2026-05-01,,Active
DYNF,ISHARES U.S. EQUITY FACTOR ROTATION ACTIVE ETF ,NYSE,ETF,2019-03-21,,Active
DYNI,IDX DYNAMIC INNOVATION ETF ,NASDAQ,ETF,2023-11-14,,Active
DYNX,DYNATEC INTERNATIONAL INC,NASDAQ,Stock,2024-12-09,,Active
DYNXW,Dynamix Corporation Warrant,NASDAQ,Stock,2024-12-09,,Active
DYOR,Insight Digital Partners II,NASDAQ,Stock,2025-11-18,,Active
DYORU,Insight Digital Partners II - Units (1 Ord Cls A & 1/2 War),NASDAQ,Stock,2025-10-29,,Active
DYORW,Insight Digital Partners II Warrants,NASDAQ,Stock,2025-11-18,,Active
DYTA,SGI DYNAMIC TACTICAL ETF ,NASDAQ,ETF,2023-03-30,,Active
DZZ,PowerShares DB Gold Double Short ETN,NYSE,ETF,2008-02-28,,Active
E,Eni Spa,NYSE,Stock,1995-11-28,,Active
EAD,Allspring Income Opportunities Fund,AMEX,ETF,2003-02-26,,Active
EAF,GrafTech International Ltd,NYSE,Stock,2018-04-19,,Active
EAFG,PACER DEVELOPED MARKETS CASH COWS GROWTH LEADERS ETF ,NYSE,ETF,2024-03-21,,Active
EAGG,ISHARES ESG AWARE U.S. AGGREGATE BOND ETF ,NYSE,ETF,2018-10-23,,Active
EAGL,EAGLE CAPITAL SELECT EQUITY ETF ,NYSE,ETF,2024-03-25,,Active
EAI,Entergy Arkansas LLC,NYSE,Stock,2016-08-17,,Active
EALT,Innovator U.S. Equity 5 to 15 Buffer ETF - Quarterly,BATS,ETF,2023-10-02,,Active
EAPR,Innovator Emerging Markets Power Buffer ETF April,NYSE,ETF,2021-04-01,,Active
EARN,Ellington Residential Mortgage REIT,NYSE,Stock,2013-05-01,,Active
EART,Global X Disruptive Materials ETF,NASDAQ,ETF,2022-01-26,,Active
EASG,XTRACKERS MSCI EAFE SELECTION EQUITY ETF ,NYSE,ETF,2018-11-02,,Active
EASY,EASYLINK SERVICES CORP,NASDAQ,Stock,2025-09-30,,Active
EAT,Brinker International Inc,NYSE,Stock,1989-07-28,,Active
EBAY,EBay Inc,NASDAQ,Stock,1998-09-24,,Active
EBC,Eastern Bankshares Inc,NASDAQ,Stock,2020-10-15,,Active
EBF,Ennis Inc,NYSE,Stock,1987-09-24,,Active
EBI,LONGVIEW ADVANTAGE ETF ,NASDAQ,ETF,2025-02-27,,Active
EBIT,Harbor Small Cap Earners ETF,NYSE ARCA,ETF,2024-07-10,,Active
EBIZ,GLOBAL X E-COMMERCE ETF ,NASDAQ,ETF,2018-11-30,,Active
EBMT,Eagle Bancorp Montana Inc,NASDAQ,Stock,2000-04-06,,Active
EBND,SPDR(R) BLOOMBERG EMERGING MARKETS LOCAL BOND ETF ,NYSE,ETF,2011-02-24,,Active
EBON,Ebang International Holdings Inc - Class A,NASDAQ,Stock,2020-06-26,,Active
EBR-B,Centrais Eletricas Brasileiras S.A.,NYSE,Stock,2014-09-22,,Active
EBS,Emergent Biosolutions Inc,NYSE,Stock,2006-11-15,,Active
EBTC,Enterprise Bancorp Inc,NASDAQ,Stock,2005-02-14,,Active
EBUF,Innovator Emerging Markets 10 Buffer ETF - Quarterly,NYSE,ETF,2024-07-01,,Active
EC,Ecopetrol SA,NYSE,Stock,2008-09-18,,Active
ECAT,BlackRock ESG Capital Allocation Term Trust,NYSE,Stock,2021-09-28,,Active
ECBK,ECB Bancorp Inc,NASDAQ,Stock,2022-07-28,,Active
ECC,Eagle Point Credit Company Inc,NYSE,ETF,2014-10-08,,Active
ECC-P-D,Eagle Point Credit Company Inc,NYSE,Stock,2021-11-22,,Active
ECCC,Eagle Point Credit Company Inc,NYSE,Stock,2021-06-11,,Active
ECCU,Eagle Point Credit Company Inc,NYSE,Stock,2024-12-19,,Active
ECCV,Eagle Point Credit Company Inc,NYSE,Stock,2022-01-26,,Active
ECF,Ellsworth Growth and Income Fund Ltd,AMEX,ETF,1990-02-22,,Active
ECF-P-A,Ellsworth Growth and Income Fund Ltd,AMEX,ETF,2017-09-14,,Active
ECG,Everus Construction Group,NYSE,Stock,2024-10-28,,Active
ECG-W,Everus Construction Group Inc WhenIssued,NYSE,Stock,2024-10-28,,Active
ECH,ISHARES MSCI CHILE ETF ,BATS,ETF,2007-11-20,,Active
ECHO,EchoStar Corp - Class A,NASDAQ,Stock,2008-01-02,,Active
ECHX,Leverage Shares 2X Long ECHO Daily ETF,NASDAQ,Stock,2026-06-30,,Active
ECL,Ecolab Inc,NYSE,Stock,1988-01-05,,Active
ECML,EUCLIDEAN FUNDAMENTAL VALUE ETF ,NYSE,ETF,2023-05-18,,Active
ECNS,ISHARES MSCI CHINA SMALL-CAP ETF ,NYSE,ETF,2010-09-29,,Active
ECO,ECHO BAY MINES LTD,NYSE,Stock,2023-08-14,,Active
ECON,COLUMBIA RESEARCH ENHANCED EMERGING ECONOMIES ETF ,NYSE,ETF,2010-09-14,,Active
ECOR,ElectroCore Inc,NASDAQ,Stock,2018-06-22,,Active
ECOW,PACER EMERGING MARKETS CASH COWS 100 ETF ,NASDAQ,ETF,2019-05-06,,Active
ECPG,Encore Capital Group Inc,NASDAQ,Stock,1999-07-09,,Active
ECVT,Ecovyst Inc,NYSE,Stock,2021-08-03,,Active
ECX,ECARX Holdings Inc - Class A,NASDAQ,Stock,2022-12-20,,Active
ECXWW,ECARX Holdings Inc - Warrants (20/12/2027),NASDAQ,Stock,2022-12-21,,Active
ED,Consolidated Edison Inc,NYSE,Stock,1970-01-02,,Active
EDBL,Edible Garden AG Inc,NASDAQ,Stock,2022-05-05,,Active
EDBLW,Edible Garden AG Inc - Warrants(18/04/2027),NASDAQ,Stock,2022-05-05,,Active
EDC,Direxion Daily Emerging Markets Bull 3X Shares,NYSE,ETF,2008-12-30,,Active
EDD,Morgan Stanley Emerging Markets Domestic Debt Fund Inc,NYSE,ETF,2007-04-24,,Active
EDEN,ISHARES MSCI DENMARK ETF ,BATS,ETF,2012-01-26,,Active
EDF,Virtus Stone Harbor Emerging Markets Income Fund,NYSE,ETF,2010-12-27,,Active
EDGE,MRBL ENHANCED EQUITY ETF ,BATS,ETF,2025-01-22,,Active
EDGF,3EDGE DYNAMIC FIXED INCOME ETF ,NYSE,ETF,2024-10-03,,Active
EDGH,3EDGE DYNAMIC HARD ASSETS ETF ,NYSE,ETF,2024-10-03,,Active
EDGI,3EDGE DYNAMIC INTERNATIONAL EQUITY ETF ,NYSE,ETF,2024-10-03,,Active
EDGQ,GLOBAL X NASDAQ-100 INCOME EDGE ETF ,NYSE,ETF,2026-02-18,,Active
EDGU,3EDGE DYNAMIC US EQUITY ETF ,NYSE,ETF,2024-10-03,,Active
EDGX,GLOBAL X U.S. 500 INCOME EDGE ETF ,NYSE,ETF,2026-02-18,,Active
EDHL,Everbright Digital Holding Ltd,NASDAQ,Stock,2025-04-17,,Active
EDI,Virtus Stone Harbor Emerging Markets Total Income Fund,NYSE,ETF,2012-10-26,,Active
EDIT,Editas Medicine Inc,NASDAQ,Stock,2016-02-03,,Active
EDIV,STATE STREET(R) SPDR(R) S&P EMERGING MARKETS DIVIDEND ETF ,NYSE,ETF,2011-02-24,,Active
EDN,Empresa Distribuidora y Comercial Norte S.A.,NYSE,Stock,2007-04-26,,Active
EDOG,ALPS EMERGING SECTOR DIVIDEND DOGS ETF ,NYSE,ETF,2014-03-28,,Active
EDOW,FIRST TRUST DOW 30 EQUAL WEIGHT ETF ,NYSE,ETF,2017-08-09,,Active
EDRY,EuroDry Ltd,NASDAQ,Stock,2018-05-31,,Active
EDSA,Edesa Biotech Inc,NASDAQ,Stock,2015-11-05,,Active
EDTK,Skillful Craftsman Education Technology Ltd,NASDAQ,Stock,2020-07-23,,Active
EDU,New Oriental Education & Technology Group Inc,NYSE,Stock,2006-09-07,,Active
EDUC,Educational Development Corp,NASDAQ,Stock,1993-03-04,,Active
EDUT,Global X Education ETF,NASDAQ,ETF,2020-07-14,,Active
EDV,VANGUARD EXTENDED DURATION TREASURY INDEX FUND ETF SHARES,NYSE,ETF,2007-12-13,,Active
EDVA,Splash Beverage Group Inc NV,AMEX,Stock,2026-08-21,,Active
EDZ,DIREXION DAILY MSCI EMERGING MARKETS BEAR 3X SHARES ,NYSE,ETF,2008-12-30,,Active
EE,Excelerate Energy Inc - Class A,NYSE,Stock,2022-04-13,,Active
EEA,European Equity Fund Inc,NYSE,ETF,1987-11-05,,Active
EEE,CYBER HORNET S&P 500 and Ethereum 7525 Strategy ETF,NASDAQ,ETF,2026-01-30,,Active
EEFT,Euronet Worldwide Inc,NASDAQ,Stock,1997-03-07,,Active
EEIQ,EpicQuest Education Group International Ltd,NASDAQ,Stock,2021-03-24,,Active
EELV,INVESCO S&P EMERGING MARKETS LOW VOLATILITY ETF ,NYSE,ETF,2012-01-13,,Active
EEM,ISHARES MSCI EMERGING MARKETS ETF ,NYSE,ETF,2003-04-14,,Active
EEMA,ISHARES MSCI EMERGING MARKETS ASIA ETF ,NASDAQ,ETF,2012-02-09,,Active
EEMO,INVESCO S&P EMERGING MARKETS MOMENTUM ETF ,NYSE,ETF,2012-02-24,,Active
EEMS,ISHARES MSCI EMERGING MARKETS SMALL-CAP ETF ,NYSE,ETF,2011-08-18,,Active
EEMV,ISHARES MSCI EMERGING MARKETS MIN VOL FACTOR ETF ,BATS,ETF,2011-10-20,,Active
EEMX,STATE STREET(R) SPDR(R) MSCI EMERGING MARKETS FOSSIL FUEL RESERVES FREE ETF ,NYSE,ETF,2016-10-25,,Active
EES,WISDOMTREE U.S. SMALLCAP FUND ,NYSE,ETF,2007-02-23,,Active
EET,PROSHARES ULTRA MSCI EMERGING MARKETS ,NYSE,ETF,2009-06-04,,Active
EETH,PROSHARES ETHER STRATEGY ETF ,NYSE,ETF,2023-10-02,,Active
EEV,ProShares UltraShort MSCI Emerging Markets -2x Shares,NYSE,ETF,2007-11-01,,Active
EFA,ISHARES MSCI EAFE ETF ,NYSE,ETF,2001-08-17,,Active
EFAA,Invesco MSCI EAFE Income Advantage ETF,NYSE,ETF,2024-07-17,,Active
EFAD,PROSHARES MSCI EAFE DIVIDEND GROWERS ETF ,BATS,ETF,2014-08-21,,Active
EFAS,GLOBAL X MSCI SUPERDIVIDEND EAFE ETF ,NASDAQ,ETF,2016-11-16,,Active
EFAV,ISHARES MSCI EAFE MIN VOL FACTOR ETF ,BATS,ETF,2011-10-20,,Active
EFAX,STATE STREET(R) SPDR(R) MSCI EAFE FOSSIL FUEL RESERVES FREE ETF ,NYSE,ETF,2016-10-25,,Active
EFC,Ellington Financial Inc,NYSE,Stock,2010-10-08,,Active
EFC-P-B,Ellington Financial Inc,NYSE,Stock,2021-12-14,,Active
EFC-P-C,Ellington Financial Inc,NYSE,Stock,2023-02-03,,Active
EFC-P-D,Ellington Financial Inc,NYSE,Stock,2023-12-14,,Active
EFFE,HARBOR OSMOSIS EMERGING MARKETS RESOURCE EFFICIENT ETF ,NYSE,ETF,2014-10-23,,Active
EFFI,HARBOR OSMOSIS INTERNATIONAL RESOURCE EFFICIENT ETF ,NYSE,ETF,2024-12-12,,Active
EFG,ISHARES MSCI EAFE GROWTH ETF ,BATS,ETF,2005-08-05,,Active
EFIV,STATE STREET(R) SPDR(R) S&P 500(R) ESG ETF ,NYSE,ETF,2020-07-28,,Active
EFNL,ISHARES MSCI FINLAND ETF ,BATS,ETF,2012-01-26,,Active
EFO,PROSHARES ULTRA MSCI EAFE ,NYSE,ETF,2009-06-04,,Active
EFOI,Energy Focus Inc,NASDAQ,Stock,2014-07-21,,Active
EFOR,ASGN Inc,NYSE,Stock,1992-09-23,,Active
EFR,Eaton Vance Senior Floating-Rate Trust,NYSE,ETF,2003-11-25,,Active
EFRA,ISHARES ENVIRONMENTAL INFRASTRUCTURE AND INDUSTRIALS ETF ,NASDAQ,ETF,2022-11-03,,Active
EFSC,Enterprise Financial Services Corp,NASDAQ,Stock,2003-07-15,,Active
EFSCP,Enterprise Financial Services Corp,NASDAQ,Stock,2021-11-11,,Active
EFSI,Eagle Financial Services Inc,NASDAQ,Stock,2016-01-04,,Active
EFT,Eaton Vance Floating-Rate Income Trust,NYSE,ETF,2004-07-26,,Active
EFTY,Etoiles Capital Group Co Ltd - Class A,NASDAQ,Stock,2025-08-08,,Active
EFU,ProShares UltraShort MSCI EAFE -2x Shares,NYSE,ETF,2007-10-25,,Active
EFUT,VANECK ETHEREUM STRATEGY ETF ,BATS,ETF,2023-10-02,,Active
EFV,ISHARES MSCI EAFE VALUE ETF ,BATS,ETF,2005-08-05,,Active
EFX,Equifax Inc,NYSE,Stock,1986-03-27,,Active
EFXT,Enerflex Ltd,NYSE,Stock,2011-06-13,,Active
EFZ,ProShares Short MSCI EAFE -1X Shares,NYSE,ETF,2007-10-25,,Active
EG,Everest Group Ltd,NYSE,Stock,1995-10-03,,Active
EGAN,eGain Corp,NASDAQ,Stock,1999-09-23,,Active
EGBN,Eagle Bancorp Inc (MD),NASDAQ,Stock,1999-07-14,,Active
EGF,BlackRock Enhanced Government Fund Inc,NYSE,ETF,2005-10-27,,Active
EGG,Enigmatig Ltd - Class A,AMEX,Stock,2025-06-18,,Active
EGGQ,NESTYIELD VISIONARY ETF ,NASDAQ,ETF,2024-12-30,,Active
EGGS,NESTYIELD TOTAL RETURN GUARD ETF ,NYSE,ETF,2024-12-27,,Active
EGGY,NESTYIELD DYNAMIC INCOME ETF ,NYSE,ETF,2024-12-27,,Active
EGHA,EGH Acquisition Corp - Class A,NASDAQ,Stock,2025-06-30,,Active
EGHAR,EGH Acquisition Corp,NASDAQ,Stock,2025-06-30,,Active
EGHAU,EGH Acquisition Corp - Units (1 Ord Cls A & 1 Rts),NASDAQ,Stock,2025-05-09,,Active
EGHT,8X8 Inc,NASDAQ,Stock,1997-07-02,,Active
EGIS,2ndVote Society Defended ETF,BATS,ETF,2020-11-18,,Active
EGLE,GLOBAL X S&P 500 U.S. REVENUE LEADERS ETF ,NYSE,ETF,2005-06-23,,Active
EGO,Eldorado Gold Corp,NYSE,Stock,2003-01-23,,Active
EGP,Eastgroup Properties Inc,NYSE,Stock,1992-03-17,,Active
EGUS,ISHARES ESG AWARE MSCI USA GROWTH ETF ,BATS,ETF,2023-02-02,,Active
EGY,VAALCO Energy Inc,NYSE,Stock,1993-01-29,,Active
EH,EHang Holdings Ltd,NASDAQ,Stock,2019-12-12,,Active
EHC,Encompass Health Corp,NYSE,Stock,2017-12-29,,Active
EHCC,Global X Ethereum Covered Call ETF,BATS,ETF,2026-04-02,,Active
EHGO,Eshallgo Inc - Class A,NASDAQ,Stock,2024-07-02,,Active
EHI,Western Asset Global High Income Fund Inc,NYSE,ETF,2003-07-29,,Active
EHI-R,Western Asset Global High Income Fund Inc Rights expiring October 8 2024 Rights,NYSE,Stock,2024-09-12,,Active
EHI-R-W,Western Asset Global High Income Fund Inc Rights expiring October 8 2024 Rights when issued,NYSE,Stock,2024-09-06,,Active
EHLD,Euroholdings Ltd,NASDAQ,Stock,2025-03-18,,Active
EHLDV,Euroholdings Ltd,NASDAQ,Stock,2025-03-07,,Active
EHLS,EVEN HERD LONG SHORT ETF ,NASDAQ,ETF,2024-04-02,,Active
EHTH,eHealth Inc,NASDAQ,Stock,2006-10-20,,Active
EHY,Amplify Ethereum Max Income Covered Call ETF,BATS,ETF,2025-10-09,,Active
EIC,Eagle Point Income Company,NYSE,Stock,2019-07-24,,Active
EICA,Eagle Point Income Company,NYSE,Stock,2021-10-19,,Active
EIDO,ISHARES MSCI INDONESIA ETF ,NYSE,ETF,2010-05-07,,Active
EIG,Employers Holdings Inc,NYSE,Stock,2007-01-31,,Active
EIIA,Eagle Point Institutional Income Fund,NYSE,Stock,2024-10-16,,Active
EIKN,Eikon Therapeutics Inc,NASDAQ,Stock,2026-02-05,,Active
EIM,Eaton Vance Municipal Bond Fund,AMEX,ETF,2002-08-28,,Active
EINC,VANECK ENERGY INCOME ETF ,NYSE,ETF,2012-03-13,,Active
EIPI,FT ENERGY INCOME PARTNERS ENHANCED INCOME ETF ,NYSE,ETF,2024-05-06,,Active
EIPX,FT ENERGY INCOME PARTNERS STRATEGY ETF ,NYSE,ETF,2022-11-03,,Active
EIRL,ISHARES MSCI IRELAND ETF ,NYSE,ETF,2010-05-11,,Active
EIS,ISHARES MSCI ISRAEL ETF ,NYSE,ETF,2008-03-28,,Active
EIX,Edison International,NYSE,Stock,1980-01-02,,Active
EJAN,Innovator Emerging Markets Power Buffer ETF January,NYSE,ETF,2020-01-02,,Active
EJH,E-Home Household Service Holdings Ltd,NASDAQ,Stock,2021-05-14,,Active
EJUL,Innovator Emerging Markets Power Buffer ETF July,NYSE,ETF,2019-07-01,,Active
EKG,FIRST TRUST NASDAQ LUX DIGITAL HEALTH SOLUTIONS ETF ,NASDAQ,ETF,2022-03-23,,Active
EL,Estee Lauder Cos. Inc - Class A,NYSE,Stock,1995-11-17,,Active
ELA,Envela Corp,AMEX,Stock,1992-03-19,,Active
ELAB,PMGC Holdings Inc,NASDAQ,Stock,2023-11-21,,Active
ELAN,Elanco Animal Health Inc,NYSE,Stock,2018-09-20,,Active
ELBM,Electra Battery Materials Corp,NASDAQ,Stock,2017-03-14,,Active
ELC,Entergy Louisiana LLC,NYSE,Stock,2016-08-18,,Active
ELCV,EVENTIDE HIGH DIVIDEND ETF ,NYSE,ETF,2024-10-01,,Active
ELD,WisdomTree Emerging Market Local Debt Fund,NYSE,ETF,2010-08-09,,Active
ELDN,Eledon Pharmaceuticals Inc,NASDAQ,Stock,2014-09-17,,Active
ELE,Elemental Royalty Corporation,NASDAQ,Stock,2026-05-26,,Active
ELF,e.l.f. Beauty Inc,NYSE,Stock,2016-09-22,,Active
ELFY,ALPS Electrification Infrastructure ETF,NASDAQ,ETF,2025-04-10,,Active
ELIL,Direxion Daily LLY Bull 2X Shares,NASDAQ,ETF,2025-03-26,,Active
ELIQ-WS,Electriq Power Holdings Inc Warrants,AMEX,Stock,2023-08-01,,Active
ELIS,Direxion Daily LLY Bear 1X Shares,NASDAQ,ETF,2025-03-26,,Active
ELLA,Ellington Credit Company,NYSE,Stock,2026-04-07,,Active
ELLO,Ellomay Capital Ltd,AMEX,Stock,1995-10-09,,Active
ELM,ELM MARKET NAVIGATOR ETF ,NYSE,ETF,2025-02-11,,Active
ELMD,Electromed Inc,AMEX,Stock,2010-08-13,,Active
ELME,Elme Communities,NYSE,Stock,1992-03-17,,Active
ELMT,Elmet Group Co. (The),NASDAQ,Stock,2026-04-23,,Active
ELOG,Eastern International Ltd,NASDAQ,Stock,2025-08-28,,Active
ELOL,Leverage Shares 100% TSLA AND 100% SPCX Daily ETF,NASDAQ,ETF,2026-07-30,,Active
ELON,BATTLESHARES(TM) TSLA VS F ETF ,NASDAQ,ETF,1998-07-28,,Active
ELOX,Eloxx Pharmaceuticals Inc,NASDAQ,Stock,2026-06-09,,Active
ELPC,Cia Paranaense De Energia Copel ADR (Representing ),NYSE,Stock,2023-12-29,,Active
ELPW,Elong Power Holding Ltd,NASDAQ,Stock,2024-11-22,,Active
ELS,Equity Lifestyle Properties Inc,NYSE,Stock,1993-02-25,,Active
ELTK,Eltek Ltd,NASDAQ,Stock,1997-01-23,,Active
ELTX,Elicio Therapeutics Inc,NASDAQ,Stock,2021-02-05,,Active
ELUT,Elutia Inc - Class A,NASDAQ,Stock,2020-10-08,,Active
ELV,Elevance Health Inc,NYSE,Stock,2001-10-30,,Active
ELVA,Electrovaya Inc,NASDAQ,Stock,2016-01-08,,Active
ELVN,Enliven Therapeutics Inc,NASDAQ,Stock,2020-03-12,,Active
ELVR,Sayona Mining Ltd,NASDAQ,Stock,2025-09-02,,Active
ELWT,Elauwit Connection Inc,NASDAQ,Stock,2025-11-05,,Active
EMA,Emera Incorporated,NYSE,Stock,2025-05-28,,Active
EMAT,Evolution Metals & Technologies Corp,NASDAQ,Stock,2022-01-25,,Active
EMAU,Corgi Emerging Markets Equities 15% Structured Buffer ETF - August Ser,BATS,ETF,2026-08-04,,Active
EMB,ISHARES J.P. MORGAN USD EMERGING MARKETS BOND ETF ,NASDAQ,ETF,2007-12-19,,Active
EMBC,Embecta Corp,NASDAQ,Stock,2022-04-01,,Active
EMBD,GLOBAL X EMERGING MARKETS BOND ETF ,NYSE,ETF,2020-06-03,,Active
EMBJ,Embraer S.A.,NYSE,Stock,2000-07-21,,Active
EMBK,Embark Technology Inc - Class A,NASDAQ,Stock,2021-03-05,,Active
EMBKW,Embark Technology Inc Warrant,NASDAQ,Stock,2021-11-11,,Active
EMBX,VANECK EMERGING MARKETS BOND ETF ,NYSE,ETF,2025-10-06,,Active
EMC,GLOBAL X EMERGING MARKETS GREAT CONSUMER ETF ,NYSE,ETF,2023-05-15,,Active
EMCA,Emerge EMPWR Sustainable Dividend Equity ETF,BATS,ETF,2022-09-08,,Active
EMCB,WISDOMTREE EMERGING MARKETS CORPORATE BOND FUND ,NASDAQ,ETF,2012-03-08,,Active
EMCH,Emerge EMPWR Sustainable Emerging Markets Equity ETF,BATS,ETF,2022-09-08,,Active
EMCR,XTRACKERS EMERGING MARKETS CARBON REDUCTION AND CLIMATE IMPROVERS ETF ,NYSE,ETF,2018-12-06,,Active
EMCS,XTRACKERS MSCI EMERGING MARKETS CLIMATE SELECTION ETF ,NYSE,ETF,2018-12-06,,Active
EMD,Western Asset Emerging Markets Debt Fund Inc,NYSE,ETF,2003-12-02,,Active
EMDM,FIRST TRUST BLOOMBERG EMERGING MARKET DEMOCRACIES ETF ,NYSE,ETF,2023-03-03,,Active
EMDV,PROSHARES MSCI EMERGING MARKETS DIVIDEND GROWERS ETF ,BATS,ETF,2016-01-27,,Active
EME,Emcor Group Inc,NYSE,Stock,1995-12-28,,Active
EMEM,SOPHUS CAPITAL EMERGING MARKET ETF ,NASDAQ,ETF,2017-11-09,,Active
EMEQ,NOMURA FOCUSED EMERGING MARKETS EQUITY ETF ,NASDAQ,ETF,2024-09-05,,Active
EMES,HARBOR EMERGING MARKETS SELECT ETF ,NYSE,ETF,2025-05-15,,Active
EMET,VANECK COPPER AND ELECTRIFICATION METALS ETF ,NYSE,ETF,2021-11-11,,Active
EMF,Templeton Emerging Markets Fund,NYSE,ETF,1990-01-11,,Active
EMFI,Pictet Emerging Markets Debt,NYSE,Stock,2026-04-23,,Active
EMGC,Emerge EMPWR Sustainable Select Growth Equity ETF,BATS,ETF,2022-09-09,,Active
EMGF,ISHARES EMERGING MARKETS EQUITY FACTOR ETF ,BATS,ETF,2015-12-10,,Active
EMHC,STATE STREET(R) SPDR(R) BLOOMBERG EMERGING MARKETS USD BOND ETF ,NYSE,ETF,2021-04-07,,Active
EMHY,ISHARES J.P. MORGAN EM HIGH YIELD BOND ETF ,BATS,ETF,2012-04-03,,Active
EMIF,ISHARES EMERGING MARKETS INFRASTRUCTURE ETF ,NASDAQ,ETF,2009-06-19,,Active
EMIS,Emmis Acquisition Corp - Class A,NASDAQ,Stock,2025-10-22,,Active
EMISR,Emmis Acquisition Corp,NASDAQ,Stock,2025-10-23,,Active
EMJL,Corgi Emerging Markets Equities 15% Structured Buffer ETF -July Series,BATS,ETF,2026-07-02,,Active
EMJN,Corgi Emerging Markets Equities 15 Structured Buffer ETF June Series,BATS,Stock,2026-06-02,,Active
EMKT,LAZARD EMERGING MARKETS OPPORTUNITIES ETF ,NYSE,ETF,2025-10-27,,Active
EML,Eastern Company,NASDAQ,Stock,1992-03-17,,Active
EMLC,VANECK J.P. MORGAN EM LOCAL CURRENCY BOND ETF ,NYSE,ETF,2010-07-23,,Active
EMLP,FIRST TRUST NORTH AMERICAN ENERGY INFRASTRUCTURE FUND ,NYSE,ETF,2012-06-21,,Active
EMM,GLOBAL X EMERGING MARKETS EX-CHINA ETF ,NYSE,ETF,2023-05-15,,Active
EMMF,WISDOMTREE EMERGING MARKETS MULTIFACTOR FUND ,NYSE,ETF,2018-08-10,,Active
EMMY,Corgi Emerging Markets Equities 15 Structured Buffer ETF May Series,BATS,Stock,2026-05-06,,Active
EMN,Eastman Chemical Company,NYSE,Stock,1993-12-14,,Active
EMNT,PIMCO ENHANCED SHORT MATURITY ACTIVE ESG EXCHANGE-TRADED FUND ,NYSE,ETF,2019-12-12,,Active
EMO,ClearBridge Energy Midstream Opportunity Fund Inc,NYSE,ETF,2011-06-14,,Active
EMO-R,ClearBridge Energy Midstream Opportunity Fund Inc Rights expiring October 10 2025 Rights,NYSE,Stock,2025-09-17,,Active
EMO-R-W,ClearBridge Energy Midstream Opportunity Fund Inc Rights expiring October 10 2025 Rights when issued,NYSE,Stock,2025-09-12,,Active
EMOP,AB EMERGING MARKETS OPPORTUNITIES ETF ,NYSE,ETF,2025-06-18,,Active
EMOT,FIRST TRUST S&P 500 ECONOMIC MOAT ETF ,NYSE,ETF,2024-06-27,,Active
EMP,Entergy Utility Enterprises Inc,NYSE,Stock,2016-09-16,,Active
EMPB,EFFICIENT MARKET PORTFOLIO PLUS ETF ,NYSE,ETF,2024-12-12,,Active
EMPD,Empery Digital Inc,NASDAQ,Stock,2025-07-31,,Active
EMPG,Empro Group Inc,NASDAQ,Stock,2025-07-02,,Active
EMPW,Emerge EMPWR Unified Sustainable Equity ETF,BATS,ETF,2020-11-27,,Active
EMQQ,EMQQ THE EMERGING MARKETS INTERNET ETF ,NYSE,ETF,2014-11-13,,Active
EMR,Emerson Electric Company,NYSE,Stock,1972-06-01,,Active
EMSC,SOPHUS CAPITAL EMERGING MARKET SMALL CAP ETF ,NASDAQ,ETF,2026-05-21,,Active
EMSF,MATTHEWS EMERGING MARKETS SUSTAINABLE FUTURE ACTIVE ETF ,NYSE,ETF,2023-09-22,,Active
EMTY,ProShares Decline of the Retail Store ETF -1x Shares,NYSE,ETF,2017-11-16,,Active
EMXC,ISHARES MSCI EMERGING MARKETS EX CHINA ETF ,NASDAQ,ETF,2017-07-26,,Active
EMXF,ISHARES ESG ADVANCED MSCI EM ETF ,NASDAQ,ETF,2020-10-13,,Active
EMXX,Eurasian Minerals Inc Common Shares Canada,NYSE,Stock,2026-06-03,,Active
EMZA,Emerge EMPWR Sustainable Global Core Equity ETF,BATS,ETF,2022-09-08,,Active
ENB,Enbridge Inc,NYSE,Stock,1990-03-27,,Active
ENDW,CAMBRIA ENDOWMENT STYLE ETF ,NASDAQ,ETF,2025-04-10,,Active
ENFR,ALERIAN ENERGY INFRASTRUCTURE ETF ,NYSE,ETF,2013-11-01,,Active
ENGN,enGene Holdings Inc,NASDAQ,Stock,2023-11-01,,Active
ENGNW,enGene Holdings Inc - Warrants (31/10/2028),NASDAQ,Stock,2023-11-01,,Active
ENGS,Energys Group Ltd,NASDAQ,Stock,2025-04-01,,Active
ENHA,Enhanced Group Inc Class A,NYSE,Stock,2026-05-08,,Active
ENHI,iShares Enhanced International Active ETF,NASDAQ,ETF,2026-03-12,,Active
ENHU,iShares Enhanced Large Cap Core Active ETF,NASDAQ,ETF,2025-11-05,,Active
ENIC,Enel Chile S.A.,NYSE,Stock,2016-04-27,,Active
ENJ,Entergy New Orleans Inc,NYSE,Stock,2012-12-05,,Active
ENLT,Enlight Renewable Energy Ltd,NASDAQ,Stock,2023-02-10,,Active
ENLV,Enlivex Ltd,NASDAQ,Stock,2014-07-31,,Active
ENO,Entergy New Orleans Inc,NYSE,Stock,2016-03-24,,Active
ENOR,ISHARES MSCI NORWAY ETF ,BATS,ETF,2012-01-24,,Active
ENOV,Enovis Corp,NYSE,Stock,2008-05-08,,Active
ENPH,Enphase Energy Inc,NASDAQ,Stock,2012-03-30,,Active
ENPX,Tradr 2X Long ENPH Daily ETF,BATS,ETF,2025-09-16,,Active
ENR,Energizer Holdings Inc,NYSE,Stock,2000-03-27,,Active
ENRD,Einride AB,NASDAQ,Stock,2026-06-10,,Active
ENRDW,Einride AB - Warrants (08/06/2031),NASDAQ,Stock,2026-06-10,,Active
ENS,Enersys,NYSE,Stock,2004-08-02,,Active
ENSC,Ensysce Biosciences Inc,NASDAQ,Stock,2018-02-26,,Active
ENSG,Ensign Group Inc,NASDAQ,Stock,2007-11-09,,Active
ENTA,Enanta Pharmaceuticals Inc,NASDAQ,Stock,2013-03-21,,Active
ENTG,Entegris Inc,NASDAQ,Stock,2000-07-11,,Active
ENTL,Entellus Medical Inc,NASDAQ,Stock,2015-01-29,,Active
ENTX,Entera Bio Ltd,NASDAQ,Stock,2018-06-28,,Active
ENTXW,Entera Bio Ltd - Warrants (02/07/2023),NASDAQ,Stock,2018-06-28,,Active
ENVA,Enova International Inc,NYSE,Stock,2014-11-13,,Active
ENVB,Enveric Biosciences Inc,NASDAQ,Stock,2015-06-24,,Active
ENVX,Enovix Corporation,NASDAQ,Stock,2021-01-05,,Active
ENX,Eaton Vance New York Municipal Bond Fund,NYSE MKT,ETF,2002-08-28,,Active
ENZL,ISHARES MSCI NEW ZEALAND ETF ,NASDAQ,ETF,2010-09-02,,Active
EO,Corgi EOSE 2x Daily ETF,BATS,ETF,2026-06-30,,Active
EOCN,Eocene Ltd,NASDAQ,Stock,2014-03-13,,Active
EOCT,Innovator Emerging Markets Power Buffer ETF - October,NYSE,ETF,2021-10-01,,Active
EOCW,Elliott Opportunity II Corp - Class A,NYSE,Stock,2021-08-19,,Active
EOD,Allspring Global Dividend Opportunity Fund,NYSE,ETF,2007-03-28,,Active
EOG,EOG Resources Inc,NYSE,Stock,1989-10-04,,Active
EOI,Eaton Vance Enhanced Equity Income Fund,NYSE,ETF,2004-10-27,,Active
EOLS,Evolus Inc,NASDAQ,Stock,2018-02-08,,Active
EONR,HNR Acquisition Corp,AMEX,Stock,2022-04-06,,Active
EONR-WS,EON Resources Inc Wt Exp,AMEX,Stock,2024-09-18,,Active
EONRWS,HNR Acquisition Corp - Warrants (04/02/2026),NYSE MKT,Stock,2022-04-05,,Active
EOS,Eaton Vance Enhanced Equity Income Fund II,NYSE,ETF,2005-01-27,,Active
EOSE,Eos Energy Enterprises Inc - Class A,NASDAQ,Stock,2020-06-03,,Active
EOSEW,Eos Energy Enterprises Inc - Warrants (30/09/2036),NASDAQ,Stock,2026-08-04,,Active
EOSU,T-REX 2X LONG EOSE DAILY TARGET ETF ,BATS,ETF,2026-01-14,,Active
EOT,Eaton Vance National Municipal Opportunities Trust,NYSE,ETF,2009-05-27,,Active
EP,Empire Petroleum Corporation,AMEX,Stock,2011-02-23,,Active
EP-P-C,El Paso Corporation Preferred Stock,NYSE,Stock,2014-09-22,,Active
EPAC,Enerpac Tool Group Corp - Class A,NYSE,Stock,2000-07-24,,Active
EPAI,HARBOR AI INFLECTION STRATEGY ETF ,NYSE,ETF,2025-12-18,,Active
EPAM,EPAM Systems Inc,NYSE,Stock,2012-02-08,,Active
EPC,Edgewell Personal Care Company,NYSE,Stock,2000-03-27,,Active
EPD,Enterprise Products Partners L P,NYSE,Stock,1998-07-28,,Active
EPEM,HARBOR EMERGING MARKETS EQUITY ETF ,NYSE,ETF,2025-06-05,,Active
EPHE,ISHARES MSCI PHILIPPINES ETF ,NYSE,ETF,2010-09-29,,Active
EPI,WISDOMTREE INDIA EARNINGS FUND ,NYSE,ETF,2008-02-26,,Active
EPIN,HARBOR INTERNATIONAL EQUITY ETF ,NYSE,ETF,2025-06-05,,Active
EPM,Evolution Petroleum Corporation,AMEX,Stock,1997-01-13,,Active
EPMB,HARBOR MID CAP CORE ETF ,NYSE,ETF,2025-05-02,,Active
EPMV,HARBOR MID CAP VALUE ETF ,NYSE,ETF,2025-05-02,,Active
EPOL,ISHARES MSCI POLAND ETF ,NYSE,ETF,2010-05-26,,Active
EPOW,E-Power Inc - Class A,NASDAQ,Stock,2024-02-22,,Active
EPP,ISHARES MSCI PACIFIC EX JAPAN ETF ,NYSE,ETF,2001-10-26,,Active
EPR,EPR Properties,NYSE,Stock,1997-11-18,,Active
EPR-P-C,EPR Properties,NYSE,Stock,2014-09-22,,Active
EPR-P-E,EPR Properties,NYSE,Stock,2014-09-22,,Active
EPR-P-G,EPR Properties,NYSE,Stock,2017-11-20,,Active
EPRF,Innovator S&P Investment Grade Preferred ETF,BATS,ETF,2017-07-03,,Active
EPRT,Essential Properties Realty Trust Inc,NYSE,Stock,2018-06-21,,Active
EPRX,Eupraxia Pharmaceuticals Inc,NASDAQ,Stock,2021-08-03,,Active
EPS,WISDOMTREE U.S. LARGECAP FUND ,NYSE,ETF,2007-02-23,,Active
EPSB,HARBOR SMID CAP CORE ETF ,NYSE,ETF,2025-05-02,,Active
EPSM,Epsium Enterprise Ltd,NASDAQ,Stock,2025-03-26,,Active
EPSN,Epsilon Energy Ltd,NASDAQ,Stock,2016-01-04,,Active
EPSV,HARBOR SMID CAP VALUE ETF ,NYSE,ETF,2025-05-02,,Active
EPU,ISHARES MSCI PERU AND GLOBAL EXPOSURE ETF ,NYSE,ETF,2009-06-22,,Active
EPV,ProShares UltraShort FTSE Europe -2X Shares,NYSE,ETF,2009-06-19,,Active
EQ,Equillium Inc,NASDAQ,Stock,2018-10-12,,Active
EQAL,INVESCO RUSSELL 1000 EQUAL WEIGHT ETF ,NYSE,ETF,2014-12-29,,Active
EQBK,Equity Bancshares Inc - Class A,NYSE,Stock,2015-11-11,,Active
EQH,Equitable Holdings Inc,NYSE,Stock,2018-05-10,,Active
EQH-P-A,Equitable Holdings Inc,NYSE,Stock,2019-11-21,,Active
EQH-P-C,Equitable Holdings Inc,NYSE,Stock,2021-01-06,,Active
EQIN,COLUMBIA U.S. EQUITY INCOME ETF ,NYSE,ETF,2016-06-17,,Active
EQIX,Equinix Inc,NASDAQ,Stock,2000-08-11,,Active
EQL,ALPS EQUAL SECTOR WEIGHT ETF ,NYSE,ETF,2009-07-07,,Active
EQLT,ISHARES MSCI EMERGING MARKETS QUALITY FACTOR ETF ,BATS,ETF,2024-09-06,,Active
EQNR,Equinor ASA,NYSE,Stock,2018-05-16,,Active
EQPT,Equipmentshare.Com Inc - Class A,NASDAQ,Stock,2026-01-23,,Active
EQQQ,ProShares Ultra QQQ Equal Weight,NASDAQ,ETF,2026-07-23,,Active
EQRR,PROSHARES EQUITIES FOR RISING RATES ETF ,NASDAQ,ETF,2017-07-25,,Active
EQS,Equus Total Return Inc,NYSE,Stock,1992-09-11,,Active
EQT,EQT Corp,NYSE,Stock,1987-11-05,,Active
EQTY,KOVITZ CORE EQUITY ETF ,NYSE,ETF,2022-12-12,,Active
EQWL,INVESCO S&P 100 EQUAL WEIGHT ETF ,NYSE,ETF,2006-12-01,,Active
EQX,Equinox Gold Corp,AMEX,Stock,2018-08-03,,Active
ERAS,Erasca Inc,NASDAQ,Stock,2021-07-16,,Active
ERC,Allspring Multi-Sector Income Fund,AMEX,ETF,2003-06-25,,Active
ERET,ISHARES ENVIRONMENTALLY AWARE REAL ESTATE ETF ,NASDAQ,ETF,2022-11-17,,Active
ERH,Allspring Utilities and High Income Fund,AMEX,ETF,2004-04-28,,Active
ERIC,Telefonaktiebolaget L M Ericsson,NASDAQ,Stock,1989-09-28,,Active
ERIE,Erie Indemnity Co. - Class A,NASDAQ,Stock,1995-10-02,,Active
ERII,Energy Recovery Inc,NASDAQ,Stock,2008-07-02,,Active
ERNA,Ernexa Therapeutics Inc,NASDAQ,Stock,1992-10-19,,Active
ERNAW,Ernexa Therapeutics Inc Warrants,NASDAQ,Stock,2026-02-06,,Active
ERNZ,TRUESHARES ACTIVE YIELD ETF ,NASDAQ,ETF,2024-05-01,,Active
ERO,Ero Copper Corp,NYSE,Stock,2017-10-23,,Active
EROC,ERock Inc - Class A,NYSE,Stock,2026-06-10,,Active
EROK,EagleRock Land LLC - Class A,NYSE,Stock,2026-05-14,,Active
ERTH,INVESCO MSCI SUSTAINABLE FUTURE ETF ,NYSE,ETF,2006-10-24,,Active
ERX,DIREXION DAILY ENERGY BULL 2X SHARES ,NYSE,ETF,2008-11-19,,Active
ERY,DIREXION DAILY ENERGY BEAR 2X SHARES ,NYSE,ETF,2008-11-19,,Active
ES,Eversource Energy,NYSE,Stock,1984-08-29,,Active
ESAB,ESAB Corp,NYSE,Stock,2022-03-29,,Active
ESBA,Empire State Realty OP LP,NYSE,Stock,2013-10-02,,Active
ESCA,Escalade Inc,NASDAQ,Stock,1992-02-25,,Active
ESE,Esco Technologies Inc,NYSE,Stock,1990-10-01,,Active
ESEA,Euroseas Ltd,NASDAQ,Stock,2006-05-05,,Active
ESEAV,Euroseas Ltd ExDistribution When Issued,NASDAQ,Stock,2025-03-10,,Active
ESG,FLEXSHARES STOXX US ESG SELECT INDEX FUND ,BATS,ETF,2016-07-14,,Active
ESGD,ISHARES ESG AWARE MSCI EAFE ETF ,NASDAQ,ETF,2016-06-30,,Active
ESGE,ISHARES ESG AWARE MSCI EM ETF ,NASDAQ,ETF,2016-07-20,,Active
ESGG,FLEXSHARES STOXX GLOBAL ESG SELECT INDEX FUND ,BATS,ETF,2016-07-14,,Active
ESGR,Enstar Group Ltd,NASDAQ,Stock,1997-05-09,,Active
ESGU,ISHARES ESG AWARE MSCI USA ETF ,NASDAQ,ETF,2016-12-06,,Active
ESGV,VANGUARD ESG U.S. STOCK ETF ETF SHARES,BATS,ETF,2018-09-20,,Active
ESGX,Tuttle Capital Shareholders First Index ETF,BATS,ETF,2024-09-10,,Active
ESHA,ESH Acquisition Corp - Class A,NASDAQ,Stock,2023-07-21,,Active
ESHAR,ESH Acquisition Corp,NASDAQ,Stock,2023-07-21,,Active
ESI,Element Solutions Inc,NYSE,Stock,2013-10-22,,Active
ESIM,EVENTIDE INTERNATIONAL ETF ,NYSE,ETF,2025-12-17,,Active
ESLA,Estrella Immunopharma Inc,NASDAQ,Stock,2021-09-14,,Active
ESLAW,Estrella Immunopharma Inc - Warrants (29/09/2028),NASDAQ,Stock,2021-09-14,,Active
ESLG,EVENTIDE LARGE CAP GROWTH ETF ,NYSE,ETF,2025-09-30,,Active
ESLT,Elbit Systems Ltd,NASDAQ,Stock,1996-11-27,,Active
ESLV,EVENTIDE LARGE CAP VALUE ETF ,NYSE,ETF,2025-09-30,,Active
ESML,ISHARES ESG AWARE MSCI USA SMALL-CAP ETF ,BATS,ETF,2018-04-12,,Active
ESMV,ISHARES ESG OPTIMIZED MSCI USA MIN VOL FACTOR ETF ,NASDAQ,ETF,2021-11-04,,Active
ESN,ESSENTIAL 40 STOCK ETF ,NASDAQ,ETF,2024-10-21,,Active
ESNT,Essent Group Ltd,NYSE,Stock,2013-10-31,,Active
ESOA,Energy Services of America Corp,NASDAQ,Stock,2012-11-16,,Active
ESP,Espey Manufacturing & Electronics Corp,AMEX,Stock,1992-03-17,,Active
ESPO,VANECK VIDEO GAMING AND ESPORTS ETF ,NASDAQ,ETF,2018-10-17,,Active
ESQ,Esquire Financial Holdings Inc,NASDAQ,Stock,2017-06-27,,Active
ESRT,Empire State Realty Trust Inc - Class A,NYSE,Stock,2013-10-02,,Active
ESS,Essex Property Trust Inc,NYSE,Stock,1994-06-07,,Active
ESSC,EVENTIDE SMALL CAP ETF ,NYSE,ETF,2020-03-20,,Active
ESTA,Establishment Labs Holdings Inc,NASDAQ,Stock,2018-07-19,,Active
ESTC,Elastic N.V,NYSE,Stock,2018-10-05,,Active
ESUM,EVENTIDE US MARKET ETF ,NYSE,ETF,2025-08-29,,Active
ET,Energy Transfer LP,NYSE,Stock,2006-02-03,,Active
ET-P-I,Energy Transfer LP,NYSE,Stock,2023-11-02,,Active
ETB,Eaton Vance Tax-Managed Buy-Write Income Fund,NYSE,ETF,2005-04-27,,Active
ETCO,GRAYSCALE ETHEREUM COVERED CALL ETF ,NYSE,Stock,2025-09-04,,Active
ETD,Ethan Allen Interiors Inc,NYSE,Stock,1993-03-16,,Active
ETEC,ISHARES BREAKTHROUGH ENVIRONMENTAL SOLUTIONS ETF ,NASDAQ,ETF,2023-03-30,,Active
ETFT,Fundsmith Equity ETF,NYSE,ETF,2025-12-02,,Active
ETG,Eaton Vance Tax-Advantaged Global Dividend Income Fund,NYSE,ETF,2004-01-29,,Active
ETH,Grayscale Investments LLC,NYSE,ETF,2024-07-23,,Active
ETHA,iShares Ethereum Trust (The),NASDAQ,ETF,2024-07-23,,Active
ETHB,iShares Staked Ethereum Trust ETF,NASDAQ,ETF,2026-03-12,,Active
ETHD,ProShares UltraShort Ether ETF,NYSE,ETF,2024-06-07,,Active
ETHE,Grayscale Investments LLC,NYSE,ETF,2019-06-14,,Active
ETHI,Defiance Leveraged Long Income Ethereum ETF,NASDAQ,ETF,2025-09-18,,Active
ETHM,Dynamix Corporation,NASDAQ,Stock,2025-08-26,,Active
ETHMW,Dynamix Corporation Warrant,NASDAQ,Stock,2025-08-27,,Active
ETHO,Amplify Etho Climate Leadership U.S. ETF,NYSE,ETF,2024-01-29,,Active
ETHT,ProShares Ultra Ether ETF,NYSE,ETF,2024-06-07,,Active
ETHU,2X ETHER ETF ,BATS,ETF,2024-06-04,,Active
ETHV,VanEck Ethereum ETF,BATS,ETF,2024-07-23,,Active
ETHW,Bitwise Ethereum ETF (The),NYSE,ETF,2024-07-23,,Active
ETI-P,Entergy Texas Inc,NYSE,Stock,2019-09-04,,Active
ETJ,Eaton Vance Risk-Managed Diversified Equity Income Fund,NYSE,ETF,2007-07-27,,Active
ETN,Eaton Corporation plc,NYSE,Stock,1972-06-01,,Active
ETNG,Leverage Shares 2X Long ETN Daily,BATS,Stock,2026-05-12,,Active
ETO,Eaton Vance Tax-Advantaged Global Dividend Opportunities Fund,NYSE,ETF,2004-05-26,,Active
ETON,Eton Pharmaceuticals Inc,NASDAQ,Stock,2018-11-13,,Active
ETOR,Etoro Group Ltd - Class A,NASDAQ,Stock,2025-05-13,,Active
ETR,Entergy Corp,NYSE,Stock,1972-06-01,,Active
ETRL,GraniteShares 2x Long ETOR Daily ETF,NASDAQ,ETF,2025-09-03,,Active
ETS,Elite Express Holding Inc - Class A,NASDAQ,Stock,2025-08-21,,Active
ETSS,Energy Transition Special Opportunities - Class A,NYSE,Stock,2026-06-04,,Active
ETSS-U,Energy Transition Special Opportunities - Units (1 Ord Cls A & 1/2 War),NYSE,Stock,2026-05-15,,Active
ETSS-WS,Energy Transition Special Opportunities - Warrants(01/01/9999),NYSE,Stock,2026-06-04,,Active
ETSY,Etsy Inc,NYSE,Stock,2015-04-16,,Active
ETTY,Amplify Ethereum 3 Monthly Option Income ETF,BATS,ETF,2025-10-09,,Active
ETU,T-REX 2X LONG ETHER DAILY TARGET ETF ,BATS,ETF,2024-10-24,,Active
ETV,Eaton Vance Tax-Managed Buy-Write Opportunities Fund,NYSE,ETF,2005-06-28,,Active
ETW,Eaton Vance Tax-Managed Global Buy-Write Opportunities Fund,NYSE,ETF,2005-11-21,,Active
ETX,Eaton Vance Municipal Income 2028 Term Trust,NYSE,ETF,2013-03-26,,Active
ETY,Eaton Vance Tax-Managed Diversified Equity Income Fund,NYSE,ETF,2006-11-28,,Active
EU,enCore Energy Corp,NASDAQ,Stock,2014-08-18,,Active
EUAD,SELECT STOXX EUROPE AEROSPACE & DEFENSE ETF ,BATS,ETF,2024-10-22,,Active
EUDA,Euda Health Holdings Ltd,NASDAQ,Stock,2021-12-14,,Active
EUDAW,Euda Health Holdings Ltd - Warrants (17/11/2027),NASDAQ,Stock,2021-12-14,,Active
EUDG,WISDOMTREE EUROPE QUALITY DIVIDEND GROWTH FUND ,NYSE,ETF,2014-05-07,,Active
EUDV,PROSHARES MSCI EUROPE DIVIDEND GROWERS ,BATS,ETF,2015-09-11,,Active
EUFN,ISHARES MSCI EUROPE FINANCIALS ETF ,NASDAQ,ETF,2010-02-03,,Active
EUHY,ISHARES EURO HIGH YIELD CORPORATE BOND USD HEDGED ETF ,BATS,ETF,2012-04-03,,Active
EUIG,ISHARES EURO INVESTMENT GRADE CORPORATE BOND USD HEDGED ETF ,BATS,ETF,2025-11-06,,Active
EUM,ProShares Short MSCI Emerging Markets -1x Shares,NYSE,ETF,2007-11-01,,Active
EUO,ProShares UltraShort Euro -2X Shares,NYSE,ETF,2008-11-25,,Active
EURK,Eureka Acquisition Corp - Class A,NASDAQ,Stock,2024-09-12,,Active
EURKR,Eureka Acquisition Corp,NASDAQ,Stock,2024-09-12,,Active
EURKU,Eureka Acquisition Corp - Units (1 Ord Class A & 1 Rts),NASDAQ,Stock,2024-07-02,,Active
EURL,DIREXION DAILY FTSE EUROPE BULL 3X SHARES ,NYSE,ETF,2014-01-22,,Active
EUSA,ISHARES MSCI USA EQUAL WEIGHTED ETF ,NYSE,ETF,2010-05-07,,Active
EUSB,ISHARES ESG ADVANCED UNIVERSAL USD BOND ETF ,NYSE,ETF,2020-06-25,,Active
EUSC,WisdomTree Europe Hedged SmallCap Equity Fund,NYSE,ETF,2026-05-28,,Active
EUV,Corgi Lithography & Semiconductor Photonics,BATS,ETF,2026-05-06,,Active
EUVX,Corgi Lithography & Semiconductor Photonics 2x Daily,BATS,Stock,2026-06-03,,Active
EVAC,EDWARDS GROUP LTD Foreign,NYSE,Stock,2025-08-22,,Active
EVAC-U,Eqv Ventures Acquisition Corp II - Units (1 Ord Cls A & 1 War),NYSE,Stock,2025-07-02,,Active
EVAC-WS,EQV Ventures Acquisition Corp II Redeemable Warrants each whole warrant exercisable for one Class A ordinary share at an exercise price of 11.50 per share,NYSE,Stock,2025-08-25,,Active
EVAX,Evaxion Biotech A/S,NASDAQ,Stock,2021-02-05,,Active
EVC,Entravision Communications Corp - Class A,NYSE,Stock,2000-08-02,,Active
EVCM,EverCommerce Inc,NASDAQ,Stock,2021-07-01,,Active
EVER,EverQuote Inc - Class A,NASDAQ,Stock,2018-06-28,,Active
EVEX,Eve Holding Inc,NYSE,Stock,2021-01-07,,Active
EVEX-WS,Eve Holding Inc Warrants each exercisable for one share of Common Stock at an exercise price of 11.50 per share,NYSE,Stock,2022-05-10,,Active
EVF,Eaton Vance Senior Income Trust,NYSE,ETF,1998-10-28,,Active
EVG,Eaton Vance Short Duration Diversified Income Fund,NYSE,ETF,2005-02-24,,Active
EVGN,Evogene Ltd,NASDAQ,Stock,2008-03-05,,Active
EVGO,EVgo Inc - Class A,NASDAQ,Stock,2020-11-20,,Active
EVH,Evolent Health Inc - Class A,NYSE,Stock,2015-06-05,,Active
EVHY,EATON VANCE HIGH YIELD ETF ,NYSE,ETF,2023-10-19,,Active
EVI,EVI Industries Inc,AMEX,Stock,1990-03-27,,Active
EVIM,EATON VANCE INTERMEDIATE MUNICIPAL INCOME ETF ,NYSE,ETF,2023-10-19,,Active
EVIX,VelocityShares 1x Long VSTOXX Futures ETN,BATS,ETF,2017-05-03,,Active
EVLN,Eaton Vance Floating-Rate ETF,NYSE,ETF,2024-02-08,,Active
EVLU,ISHARES MSCI EMERGING MARKETS VALUE FACTOR ETF ,BATS,ETF,2024-09-06,,Active
EVLV,Evolv Technologies Holdings Inc - Class A,NASDAQ,Stock,2020-09-22,,Active
EVM,Eaton Vance California Municipal Bond Fund,NYSE MKT,ETF,2002-08-28,,Active
EVMN,Evommune Inc,NYSE,Stock,2025-11-06,,Active
EVMO,EATON VANCE MORTGAGE OPPORTUNITIES ETF ,NYSE,ETF,2025-08-04,,Active
EVMT,Invesco Electric Vehicle Metals Commodity Strategy No K-1 ETF,NASDAQ,ETF,2022-04-26,,Active
EVMU,DIREXION DAILY ETHER BULL 2X ETF ,NYSE,ETF,2026-05-27,,Active
EVN,Eaton Vance Municipal Income Trust,NYSE,ETF,1999-01-27,,Active
EVNT,ALTSHARES EVENT-DRIVEN ETF ,NYSE,ETF,2021-09-20,,Active
EVO,Evotec SE,NASDAQ,Stock,2009-12-04,,Active
EVOX,Evolution Global Acquisition Corp - Class A,NASDAQ,Stock,2025-12-03,,Active
EVOXU,Evolution Global Acquisition Corp - Units (1 Ord Cls A & 1/2 War),NASDAQ,Stock,2025-11-11,,Active
EVOXW,Evolution Global Acquisition Corp - Warrants (22/10/2030),NASDAQ,Stock,2025-12-03,,Active
EVPF,Eaton Vance Preferred Securities and Income ETF,NASDAQ,ETF,2026-03-05,,Active
EVR,Evercore Inc - Class A,NYSE,Stock,2006-08-14,,Active
EVRG,Evergy Inc,NASDAQ,Stock,2018-06-04,,Active
EVSB,EATON VANCE ULTRA-SHORT INCOME ETF ,NYSE,ETF,2023-10-19,,Active
EVSD,Eaton Vance Short Duration Income ETF,NASDAQ,ETF,2024-06-17,,Active
EVSM,EATON VANCE SHORT DURATION MUNICIPAL INCOME ETF ,NYSE,ETF,2024-03-25,,Active
EVT,Eaton Vance Tax Advantaged Dividend Income Fund,NYSE,ETF,2003-09-26,,Active
EVTC,Evertec Inc,NYSE,Stock,2013-04-12,,Active
EVTL,Vertical Aerospace Ltd,NYSE,Stock,2021-12-15,,Active
EVTL-WS,Vertical Aerospace Ltd Warrants each whole warrant exercisable for one ordinary share at an exercise price of 11.50 per share,NYSE,Stock,2021-12-16,,Active
EVTR,EATON VANCE TOTAL RETURN BOND ETF ,NYSE,ETF,2024-03-25,,Active
EVUS,ISHARES ESG AWARE MSCI USA VALUE ETF ,BATS,ETF,2023-02-02,,Active
EVV,Eaton Vance Ltd Duration Income Fund,AMEX,ETF,2003-06-11,,Active
EVX,VANECK ENVIRONMENTAL SERVICES ETF ,NYSE,ETF,2006-10-16,,Active
EVYM,EATON VANCE HIGH INCOME MUNICIPAL ETF ,NASDAQ,ETF,2025-02-27,,Active
EW,Edwards Lifesciences Corp,NYSE,Stock,2000-03-27,,Active
EWA,ISHARES MSCI AUSTRALIA ETF ,NYSE,ETF,1996-04-01,,Active
EWAV,East West Ave Acquisition Corp,NASDAQ,Stock,2026-08-14,,Active
EWAVR,East West Ave Acquisition Corp,NASDAQ,Stock,2026-08-14,,Active
EWAVU,East West Ave Acquisition Corp - Units (1 Ord Shs & 1 Rts),NASDAQ,Stock,2026-07-31,,Active
EWBC,East West Bancorp Inc,NASDAQ,Stock,1999-02-03,,Active
EWC,ISHARES MSCI CANADA ETF ,NYSE,ETF,1996-04-01,,Active
EWD,ISHARES MSCI SWEDEN ETF ,NYSE,ETF,1996-04-01,,Active
EWEB,Global X Emerging Markets Internet & E-commerce ETF,NASDAQ,ETF,2020-11-11,,Active
EWG,ISHARES MSCI GERMANY ETF ,NYSE,ETF,1996-04-01,,Active
EWGS,iShares MSCI Germany Small-Cap ETF,BATS,ETF,2012-01-26,,Active
EWH,ISHARES MSCI HONG KONG ETF ,NYSE,ETF,1996-04-01,,Active
EWI,ISHARES MSCI ITALY ETF ,NYSE,ETF,1996-04-01,,Active
EWJ,ISHARES MSCI JAPAN ETF ,NYSE,ETF,1996-04-01,,Active
EWJV,ISHARES MSCI JAPAN VALUE ETF ,NASDAQ,ETF,2019-03-07,,Active
EWK,ISHARES MSCI BELGIUM ETF ,NYSE,ETF,1996-04-01,,Active
EWL,ISHARES MSCI SWITZERLAND ETF ,NYSE,ETF,1996-04-01,,Active
EWM,ISHARES MSCI MALAYSIA ETF ,NYSE,ETF,1996-04-01,,Active
EWN,ISHARES MSCI NETHERLANDS ETF ,NYSE,ETF,1996-04-01,,Active
EWO,ISHARES MSCI AUSTRIA ETF ,NYSE,ETF,1996-04-01,,Active
EWP,ISHARES MSCI SPAIN ETF ,NYSE,ETF,1996-04-01,,Active
EWQ,ISHARES MSCI FRANCE ETF ,NYSE,ETF,1996-04-01,,Active
EWS,ISHARES MSCI SINGAPORE ETF ,NYSE,ETF,1996-04-01,,Active
EWT,ISHARES MSCI TAIWAN ETF ,NYSE,ETF,2000-06-23,,Active
EWTX,Edgewise Therapeutics Inc,NASDAQ,Stock,2021-03-26,,Active
EWU,ISHARES MSCI UNITED KINGDOM ETF ,NYSE,ETF,1996-04-01,,Active
EWUS,ISHARES MSCI UNITED KINGDOM SMALL-CAP ETF ,BATS,ETF,2012-01-26,,Active
EWV,ProShares UltraShort MSCI Japan -2x Shares,NYSE,ETF,2007-11-08,,Active
EWW,ISHARES MSCI MEXICO ETF ,NYSE,ETF,1996-04-01,,Active
EWX,STATE STREET(R) SPDR(R) S&P(R) EMERGING MARKETS SMALL CAP ETF ,NYSE,ETF,2008-05-16,,Active
EWY,ISHARES MSCI SOUTH KOREA ETF ,NYSE,ETF,2000-05-12,,Active
EWZ,ISHARES MSCI BRAZIL ETF ,NYSE,ETF,2000-07-14,,Active
EWZS,ISHARES MSCI BRAZIL SMALL-CAP ETF ,NASDAQ,ETF,2010-09-29,,Active
EXC,Exelon Corp,NASDAQ,Stock,1980-01-02,,Active
EXE,Expand Energy Corporation,NASDAQ,Stock,2021-02-10,,Active
EXEEL,Expand Energy Corp - Warrants - Class C (09/02/2026),NASDAQ,Stock,2021-02-10,,Active
EXEEW,Expand Energy Corp - Warrants - Class A (09/02/2026),NASDAQ,Stock,2021-02-10,,Active
EXEEZ,Expand Energy Corp - Warrants - Class B (09/02/2026),NASDAQ,Stock,2021-02-10,,Active
EXEL,Exelixis Inc,NASDAQ,Stock,2000-04-17,,Active
EXEQ,Wedbush ReturnOnLeadership U.S. LargeCap,NYSE,Stock,2026-02-13,,Active
EXFY,Expensify Inc - Class A,NASDAQ,Stock,2021-11-10,,Active
EXG,Eaton Vance Tax-Managed Global Diversified Equity Income Fund,NYSE,ETF,2007-04-23,,Active
EXI,ISHARES GLOBAL INDUSTRIALS ETF ,NYSE,ETF,2006-09-27,,Active
EXK,Endeavour Silver Corp,NYSE,Stock,2006-04-26,,Active
EXLS,ExlService Holdings Inc,NASDAQ,Stock,2006-10-20,,Active
EXOD,Exodus Movement Inc - Class A,AMEX,Stock,2021-09-16,,Active
EXOZ,Invizyne Technologies Inc,NASDAQ,Stock,2024-11-13,,Active
EXP,Eagle Materials Inc,NYSE,Stock,1994-04-12,,Active
EXPD,Expeditors International Of Washington Inc,NYSE,Stock,1990-03-26,,Active
EXPE,Expedia Group Inc,NASDAQ,Stock,2005-07-21,,Active
EXPN,Horizon Expansion Leaders ETF,BATS,ETF,2026-08-12,,Active
EXPO,Exponent Inc,NASDAQ,Stock,1990-08-17,,Active
EXR,Extra Space Storage Inc,NYSE,Stock,2004-08-16,,Active
EXTO-W,Almacenes Exito S.A. American Depositary Share each representing eight 8 WhenIssued,NYSE,Stock,2023-08-23,,Active
EXTR,Extreme Networks Inc,NASDAQ,Stock,1999-04-09,,Active
EXUS,NOMURA FOCUSED INTERNATIONAL CORE ETF ,NASDAQ,ETF,2025-06-18,,Active
EXYN,Exyn Technologies Inc,NASDAQ,Stock,2026-05-15,,Active
EXYNW,Exyn Technologies Inc Warrant,NASDAQ,Stock,2026-05-15,,Active
EYE,National Vision Holdings Inc,NASDAQ,Stock,2017-10-26,,Active
EYEG,AB CORPORATE BOND ETF ,NASDAQ,ETF,2023-12-13,,Active
EYES,,BATS,Stock,2026-05-05,,Active
EYLD,CAMBRIA EMERGING SHAREHOLDER YIELD ETF ,BATS,ETF,2016-07-14,,Active
EYPT,EyePoint Pharmaceuticals Inc,NASDAQ,Stock,2005-01-27,,Active
EZA,ISHARES MSCI SOUTH AFRICA ETF ,NYSE,ETF,2003-02-07,,Active
EZBC,Franklin Templeton Digital Holdings Trust,BATS,Stock,2024-01-11,,Active
EZET,Franklin Ethereum Trust,BATS,ETF,2024-07-23,,Active
EZFL,NextNRG Inc Com,NASDAQ,Stock,2026-05-28,,Active
EZGO,EZGO Technologies Ltd,NASDAQ,Stock,2021-01-26,,Active
EZJ,PROSHARES ULTRA MSCI JAPAN ,NYSE,ETF,2009-06-05,,Active
EZM,WISDOMTREE U.S. MIDCAP FUND ,NYSE,ETF,2007-02-23,,Active
EZMO,ALPHADROID BROAD MARKETS MOMENTUM ETF ,NASDAQ,ETF,2025-10-16,,Active
EZPW,EZCorp Inc - Class A,NASDAQ,Stock,1991-08-27,,Active
EZPZ,Franklin Crypto Index ETF,BATS,ETF,2025-02-20,,Active
EZRA,Reliance Global Group Inc,NASDAQ,Stock,2026-01-23,,Active
EZRAW,Reliance Global Group Inc Series A Warrants,NASDAQ,Stock,2026-01-26,,Active
EZRO,ALPHADROID DEFENSIVE SECTOR ROTATION ETF ,NASDAQ,ETF,2025-10-16,,Active
EZU,ISHARES MSCI EUROZONE ETF ,BATS,ETF,2001-01-02,,Active
F,Ford Motor Company,NYSE,Stock,1972-06-01,,Active
F-P-B,Ford Motor Company 620 Notes due June 1 2059,NYSE,Stock,2019-06-18,,Active
F-P-C,Ford Motor Company 6% Note,NYSE,Stock,2019-12-23,,Active
F-P-D,Ford Motor Company 6.500 Notes due August 15 2062,NYSE,Stock,2022-08-26,,Active
FA,First Advantage Corp,NASDAQ,Stock,2021-06-23,,Active
FAAA,FIDELITY AAA CLO ETF ,NASDAQ,ETF,2026-02-12,,Active
FAAR,FIRST TRUST ALTERNATIVE ABSOLUTE RETURN STRATEGY ETF ,NASDAQ,ETF,2016-05-23,,Active
FAB,FIRST TRUST MULTI CAP VALUE ALPHADEX FUND ,NASDAQ,ETF,2007-05-23,,Active
FABC,Fabric.AI Inc,NASDAQ,Stock,2018-01-30,,Active
FAC,Factorial Energy Inc - Class A,NASDAQ,Stock,2025-06-24,,Active
FACT,FACT II Acquisition Corp - Class A,NASDAQ,Stock,2024-12-20,,Active
FACTU,FACT II Acquisition Corp - Units (1 Ord Class A & 1/2 War),NASDAQ,Stock,2024-11-26,,Active
FACTW,FACT II Acquisition Corp - Warrants (01/01/9999),NASDAQ,Stock,2024-12-20,,Active
FACWW,Factorial Energy Inc - Warrants (04/06/2031),NASDAQ,Stock,2025-06-24,,Active
FAD,FIRST TRUST MULTI CAP GROWTH ALPHADEX FUND ,NASDAQ,ETF,2007-05-11,,Active
FAF,First American Financial Corp,NYSE,Stock,2010-05-28,,Active
FAI,FIRST TRUST BLOOMBERG ARTIFICIAL INTELLIGENCE ETF ,NYSE,ETF,2024-11-21,,Active
FALN,ISHARES FALLEN ANGELS USD BOND ETF ,NASDAQ,ETF,2016-06-17,,Active
FAM,First Trust-abrdn Global Opportunity Income Fund,NYSE,ETF,2004-11-24,,Active
FAMI,Farmmi Inc,NASDAQ,Stock,2018-02-16,,Active
FAN,FIRST TRUST GLOBAL WIND ENERGY ETF ,NYSE,ETF,2008-06-27,,Active
FANG,Diamondback Energy Inc,NASDAQ,Stock,2012-10-12,,Active
FAPR,FT VEST U.S. EQUITY BUFFER ETF - APRIL ,BATS,ETF,2021-04-19,,Active
FARO,Faro Technologies Inc,NASDAQ,Stock,1997-09-18,,Active
FARX,FRONTIER ASSET ABSOLUTE RETURN ETF ,NYSE,ETF,2024-12-20,,Active
FAS,DIREXION DAILY FINANCIAL BULL 3X SHARES ,NYSE,ETF,2008-11-19,,Active
FAST,Fastenal Company,NASDAQ,Stock,1990-03-26,,Active
FATAV,FAT Brands Inc,NASDAQ,Stock,2025-01-28,,Active
FATBV,FAT Brands Inc,NASDAQ,Stock,2025-01-28,,Active
FATBW,FAT Brands Inc - Warrants (16/07/2025),NASDAQ,Stock,2020-07-14,,Active
FATE,Fate Therapeutics Inc,NASDAQ,Stock,2013-10-01,,Active
FATN,Fatpipe Inc,NASDAQ,Stock,2025-04-08,,Active
FAUG,FT VEST U.S. EQUITY BUFFER ETF - AUGUST ,BATS,ETF,2019-11-07,,Active
FAX,abrdn Asia-Pacific Income Fund Inc,AMEX,ETF,1988-02-10,,Active
FAZ,DIREXION DAILY FINANCIAL BEAR 3X SHARES ,NYSE,ETF,2008-11-19,,Active
FB,PROSHARES S&P 500 DYNAMIC DAILY BUFFER ETF ,BATS,ETF,2025-06-26,,Active
FBCG,FIDELITY BLUE CHIP GROWTH ETF ,BATS,ETF,2020-06-04,,Active
FBCV,FIDELITY BLUE CHIP VALUE ETF ,BATS,ETF,2020-06-04,,Active
FBDC,FT CONFLUENCE BDC & SPECIALTY FINANCE INCOME ETF ,NYSE,Stock,2025-06-30,,Active
FBDT,First Breach Inc,NASDAQ,Stock,2026-08-20,,Active
FBGL,FBS Global Ltd,NASDAQ,Stock,2025-02-06,,Active
FBIN,Fortune Brands Innovations Inc,NYSE,Stock,2011-09-16,,Active
FBIO,Fortress Biotech Inc,NASDAQ,Stock,2011-11-17,,Active
FBIOP,Fortress Biotech Inc,NASDAQ,Stock,2017-11-14,,Active
FBIZ,First Business Financial Services Inc,NASDAQ,Stock,2005-10-07,,Active
FBK,FB Financial Corp,NYSE,Stock,2016-09-16,,Active
FBL,GRANITESHARES 2X LONG META DAILY ETF ,NASDAQ,ETF,2022-12-13,,Active
FBLA,FB Bancorp Inc,NASDAQ,Stock,2024-10-23,,Active
FBLG,FibroBiologics Inc,NASDAQ,Stock,2024-01-31,,Active
FBNC,First Bancorp,NASDAQ,Stock,1992-12-09,,Active
FBND,FIDELITY TOTAL BOND ETF ,NYSE,ETF,2014-10-09,,Active
FBOT,FIDELITY DISRUPTIVE AUTOMATION ETF ,NASDAQ,ETF,2023-06-12,,Active
FBP,First Bancorp PR,NYSE,Stock,1992-02-25,,Active
FBRT,Franklin BSP Realty Trust Inc,NYSE,Stock,2021-10-19,,Active
FBRT-P-E,Franklin BSP Realty Trust Inc,NYSE,Stock,2021-10-19,,Active
FBT,FIRST TRUST NYSE ARCA BIOTECHNOLOGY INDEX FUND ,NYSE,ETF,2006-06-23,,Active
FBTC,Fidelity Wise Origin Bitcoin Fund,BATS,ETF,2024-01-11,,Active
FBUF,Fidelity Dynamic Buffered Equity ETF,BATS,ETF,2024-04-11,,Active
FBX,Corgi META 2x Daily ETF,BATS,ETF,2026-06-30,,Active
FBY,YIELDMAX(R) META OPTION INCOME STRATEGY ETF ,NYSE,ETF,2023-07-28,,Active
FBYD,Falcon`s Beyond Global Inc - Class A,NASDAQ,Stock,2023-10-06,,Active
FBYDP,Falcon`s Beyond Global Inc,NASDAQ,Stock,2023-10-09,,Active
FBYDW,Falcon`s Beyond Global Inc - Warrants (16/03/2026),NASDAQ,Stock,2023-10-06,,Active
FBYY,GRANITESHARES YIELDBOOST META ETF ,NASDAQ,ETF,2025-10-21,,Active
FC,Franklin Covey Company,NYSE,Stock,1992-06-03,,Active
FCA,FIRST TRUST CHINA ALPHADEX FUND ,NASDAQ,ETF,2011-04-21,,Active
FCAL,FIRST TRUST CALIFORNIA MUNICIPAL HIGH INCOME ETF ,NASDAQ,ETF,2017-06-27,,Active
FCAP,First Capital Inc,NASDAQ,Stock,1999-01-04,,Active
FCBC,First Community Bankshares Inc,NASDAQ,Stock,1997-05-09,,Active
FCBD,FRONTIER ASSET CORE BOND ETF ,NYSE,ETF,2024-12-20,,Active
FCBM,First Carolina Financial Services Inc,NYSE,Stock,2026-06-18,,Active
FCCO,First Community Corp,NASDAQ,Stock,1999-03-09,,Active
FCEF,FIRST TRUST INCOME OPPORTUNITIES ETF ,NASDAQ,ETF,2016-09-29,,Active
FCEL,Fuelcell Energy Inc,NASDAQ,Stock,1997-02-27,,Active
FCF,First Commonwealth Financial Corp,NYSE,Stock,1992-06-10,,Active
FCFS,FirstCash Holdings Inc,NASDAQ,Stock,1992-08-17,,Active
FCFY,FIRST TRUST S&P 500 DIVERSIFIED FREE CASH FLOW ETF ,NYSE,ETF,2023-08-24,,Active
FCG,FIRST TRUST NATURAL GAS ETF ,NYSE,ETF,2007-05-11,,Active
FCHL,Fitness Champs Holdings Ltd,NASDAQ,Stock,2025-09-04,,Active
FCLD,FIDELITY CLOUD COMPUTING ETF ,BATS,ETF,2021-10-07,,Active
FCLO,FIDELITY CLO ETF ,NASDAQ,ETF,2026-02-12,,Active
FCN,FTI Consulting Inc,NYSE,Stock,1996-05-09,,Active
FCNCA,First Citizens Bancshares Inc (NC) - Class A,NASDAQ,Stock,1992-02-25,,Active
FCNCN,First Citizens Bancshares Inc (NC),NASDAQ,Stock,2026-02-09,,Active
FCNCO,First Citizens Bancshares Inc (NC),NASDAQ,Stock,2022-01-05,,Active
FCNCP,First Citizens Bancshares Inc (NC),NASDAQ,Stock,2020-03-06,,Active
FCO,abrdn Global Income Fund Inc,NYSE MKT,ETF,1992-03-12,,Active
FCOM,FIDELITY MSCI COMMUNICATION SERVICES INDEX ETF ,NYSE,ETF,2013-10-24,,Active
FCOR,FIDELITY CORPORATE BOND ETF ,NYSE,ETF,2014-10-09,,Active
FCPI,FIDELITY STOCKS FOR INFLATION ETF ,BATS,ETF,2019-11-07,,Active
FCPT,Four Corners Property Trust Inc,NYSE,Stock,2015-11-10,,Active
FCRS,FutureCrest Acquisition Corp Class A,NYSE,Stock,2025-11-17,,Active
FCRS-U,FutureCrest Acquisition Corp Units each consisting of one Class A ordinary share and onequarter of one redeemable warrant,NYSE,Stock,2025-09-26,,Active
FCRS-WS,FutureCrest Acquisition Corp Redeemable warrants each whole warrant exercisable for one Class A ordinary share at an exercise price of 11.50,NYSE,Stock,2025-11-17,,Active
FCSH,FEDERATED HERMES SHORT DURATION CORPORATE ETF ,NYSE,ETF,2021-12-17,,Active
FCT,First Trust Senior Floting Rate Income Fund II,NYSE,ETF,2004-05-26,,Active
FCTE,SMI 3FOURTEEN FULL-CYCLE TREND ETF ,NASDAQ,ETF,2024-07-02,,Active
FCTR,FIRST TRUST LUNT U.S. FACTOR ROTATION ETF ,BATS,ETF,2018-07-26,,Active
FCUS,PINNACLE FOCUSED OPPORTUNITIES ETF ,NYSE,ETF,2022-12-30,,Active
FCUV,Focus Universal Inc,NASDAQ,Stock,2017-09-27,,Active
FCVT,FIRST TRUST SSI STRATEGIC CONVERTIBLE SECURITIES ETF ,NASDAQ,ETF,2015-11-04,,Active
FCX,Freeport-McMoRan Inc,NYSE,Stock,1995-07-10,,Active
FCXG,Leverage Shares 2x Long FCX Daily ETF,NASDAQ,ETF,2026-02-19,,Active
FDAT,Tactical Advantage ETF,NYSE,ETF,2023-04-20,,Active
FDBC,Fidelity D&D Bancorp Inc,NASDAQ,Stock,2001-01-02,,Active
FDCF,FIDELITY DISRUPTIVE COMMUNICATIONS ETF ,NASDAQ,ETF,2023-06-12,,Active
FDD,FIRST TRUST STOXX EUROPEAN SELECT DIVIDEND INDEX FUND ,NYSE,ETF,2007-08-30,,Active
FDEC,FT VEST U.S. EQUITY BUFFER ETF - DECEMBER ,BATS,ETF,2020-12-21,,Active
FDEM,FIDELITY EMERGING MARKETS MULTIFACTOR ETF ,BATS,ETF,2019-02-28,,Active
FDEU,First Trust Dynamic Europe Equity Income Fund,NYSE,ETF,2015-09-25,,Active
FDEV,FIDELITY INTERNATIONAL MULTIFACTOR ETF ,BATS,ETF,2019-02-28,,Active
FDFF,FIDELITY DISRUPTIVE FINANCE ETF ,NASDAQ,ETF,2023-06-12,,Active
FDG,AMERICAN CENTURY FOCUSED DYNAMIC GROWTH ETF ,NYSE,ETF,2020-04-02,,Active
FDHY,FIDELITY ENHANCED HIGH YIELD ETF ,NYSE,ETF,2018-06-14,,Active
FDIF,FIDELITY DISRUPTORS ETF ,NASDAQ,ETF,2023-06-20,,Active
FDIG,FIDELITY CRYPTO INDUSTRY AND DIGITAL PAYMENTS ETF ,NASDAQ,ETF,2022-04-21,,Active
FDIQ,Invesco KBW Regional Banking ETF,NASDAQ,ETF,2011-11-01,,Active
FDIS,FIDELITY MSCI CONSUMER DISCRETIONARY INDEX ETF ,NYSE,ETF,2013-10-24,,Active
FDIV,MARKETDESK FOCUSED U.S. DIVIDEND ETF ,NASDAQ,ETF,2014-08-14,,Active
FDL,FIRST TRUST MORNINGSTAR DIVIDEND LEADERS INDEX FUND ,NYSE,ETF,2006-03-15,,Active
FDLO,FIDELITY LOW VOLATILITY FACTOR ETF ,NYSE,ETF,2016-09-15,,Active
FDLS,INSPIRE FIDELIS MULTI FACTOR ETF ,NYSE,ETF,2022-08-24,,Active
FDM,FIRST TRUST DOW JONES SELECT MICROCAP INDEX FUND ,NYSE,ETF,2005-09-30,,Active
FDMM,Freedom Metals Acquisition Corp - Class A,NASDAQ,Stock,2026-08-04,,Active
FDMMU,Freedom Metals Acquisition Corp - Units (1 Ord Cls A & 1/3 War),NASDAQ,Stock,2026-07-08,,Active
FDMMW,Freedom Metals Acquisition Corp - Warrants (01/07/2031),NASDAQ,Stock,2026-08-06,,Active
FDMO,FIDELITY MOMENTUM FACTOR ETF ,NYSE,ETF,2016-09-15,,Active
FDMT,4D Molecular Therapeutics Inc,NASDAQ,Stock,2020-12-11,,Active
FDN,FIRST TRUST DOW JONES INTERNET INDEX FUND ,NYSE,ETF,2006-06-23,,Active
FDND,FT VEST DOW JONES INTERNET & TARGET INCOME ETF ,BATS,ETF,2024-03-21,,Active
FDNI,FIRST TRUST DOW JONES INTERNATIONAL INTERNET ETF ,NASDAQ,ETF,2018-11-07,,Active
FDRR,FIDELITY DIVIDEND ETF FOR RISING RATES ,NYSE,ETF,2016-09-15,,Active
FDRS,FounderLed ETF,NASDAQ,ETF,2025-12-30,,Active
FDRV,FIDELITY ELECTRIC VEHICLES AND FUTURE TRANSPORTATION ETF ,BATS,ETF,2021-10-07,,Active
FDRX,FounderLed 2X Daily ETF,NASDAQ,ETF,2026-01-15,,Active
FDS,Factset Research Systems Inc,NYSE,Stock,1996-06-28,,Active
FDSB,Fifth District Bancorp Inc,NASDAQ,Stock,2024-08-01,,Active
FDT,FIRST TRUST DEVELOPED MARKETS EX-US ALPHADEX FUND ,NASDAQ,ETF,2011-04-19,,Active
FDTS,FIRST TRUST DEVELOPED MARKETS EX-US SMALL CAP ALPHADEX FUND ,NASDAQ,ETF,2012-02-16,,Active
FDTX,FIDELITY DISRUPTIVE TECHNOLOGY ETF ,NASDAQ,ETF,2023-06-12,,Active
FDUS,Fidus Investment Corp,NASDAQ,Stock,2011-06-21,,Active
FDVV,FIDELITY HIGH DIVIDEND ETF ,NYSE,ETF,2016-09-15,,Active
FDX,Fedex Corp,NYSE,Stock,1978-04-12,,Active
FDX-W,FedEx Corporation When-Issued,NYSE,Stock,2026-05-27,,Active
FDXF,FedEx Freight Holding Company Inc,NYSE,Stock,2026-05-27,,Active
FDXF-W,FedEx Freight Holding Company Inc. When-Issued,NYSE,Stock,2026-05-27,,Active
FE,Firstenergy Corp,NYSE,Stock,1997-11-10,,Active
FEAC,FIDELITY ENHANCED U.S. ALL-CAP EQUITY ETF ,NYSE,ETF,2024-11-21,,Active
FEAM,5E Advanced Materials Inc,NASDAQ,Stock,2022-03-15,,Active
FEAT,YieldMax Dorsey Wright Featured 5 Income ETF,NASDAQ,ETF,2024-12-17,,Active
FEBM,FT VEST U.S. EQUITY MAX BUFFER ETF - FEBRUARY ,BATS,ETF,2025-02-24,,Active
FEBO,Fenbo Holdings Ltd,NASDAQ,Stock,2023-11-30,,Active
FEBP,PGIM S&P 500 BUFFER 12 ETF - FEBRUARY ,BATS,ETF,2024-02-01,,Active
FEBT,ALLIANZIM U.S. EQUITY BUFFER10 FEB ETF ,BATS,ETF,2023-02-01,,Active
FEBU,ALLIANZIM U.S. EQUITY BUFFER15 UNCAPPED FEB ETF ,BATS,ETF,2025-02-03,,Active
FEBW,ALLIANZIM U.S. EQUITY BUFFER20 FEB ETF ,BATS,ETF,2023-02-01,,Active
FEBZ,TRUESHARES STRUCTURED OUTCOME (FEBRUARY) ETF ,BATS,ETF,2021-02-01,,Active
FECM,First Eagle Core Municipal ETF,NYSE ARCA,ETF,2026-07-01,,Active
FEDM,FLEXSHARES ESG & CLIMATE DEVELOPED MARKETS EX-US CORE INDEX FUND ,NYSE,ETF,2021-09-21,,Active
FEDU,Four Seasons Education (Cayman) Inc,NYSE,Stock,2017-11-07,,Active
FEED,ENvue Medical Inc,NASDAQ,Stock,2017-06-13,,Active
FEGE,FIRST EAGLE GLOBAL EQUITY ETF ,NYSE,ETF,2024-12-20,,Active
FEI,First Trust MLP and Energy Income Fund,NYSE,ETF,2012-11-28,,Active
FEIG,FLEXSHARES ESG & CLIMATE INVESTMENT GRADE CORPORATE CORE INDEX FUND ,NYSE,ETF,2021-09-21,,Active
FEIM,Frequency Electronics Inc,NASDAQ,Stock,1983-09-01,,Active
FELC,FIDELITY ENHANCED LARGE CAP CORE ETF ,NYSE,ETF,2023-11-20,,Active
FELE,Franklin Electric Co. Inc,NASDAQ,Stock,1990-03-26,,Active
FELG,FIDELITY ENHANCED LARGE CAP GROWTH ETF ,NYSE,ETF,2023-11-20,,Active
FELV,FIDELITY ENHANCED LARGE CAP VALUE ETF ,NYSE,ETF,2023-11-20,,Active
FEM,FIRST TRUST EMERGING MARKETS ALPHADEX FUND ,NASDAQ,ETF,2011-04-19,,Active
FEMB,FIRST TRUST EMERGING MARKETS LOCAL CURRENCY BOND ETF ,NASDAQ,ETF,2014-11-05,,Active
FEMD,First Eagle Mid Cap Equity,NYSE,Stock,2026-01-27,,Active
FEMG,FIDELITY ENHANCED MID CAP GROWTH ETF ,NYSE,ETF,2026-04-30,,Active
FEMR,FIDELITY ENHANCED EMERGING MARKETS ETF ,NYSE,ETF,2024-11-21,,Active
FEMS,FIRST TRUST EMERGING MARKETS SMALL CAP ALPHADEX FUND ,NASDAQ,ETF,2012-02-17,,Active
FEMV,FIDELITY ENHANCED MID CAP VALUE ETF ,NYSE,ETF,2026-04-30,,Active
FEMY,Femasys Inc,NASDAQ,Stock,2021-06-18,,Active
FEN,First Trust Energy Income and Growth Fund,NYSE MKT,ETF,2004-06-25,,Active
FENC,Fennec Pharmaceuticals Inc,NASDAQ,Stock,2014-09-09,,Active
FENG,Phoenix New Media Ltd,NYSE,Stock,2011-05-16,,Active
FENI,FIDELITY ENHANCED INTERNATIONAL ETF ,NYSE,ETF,2023-11-20,,Active
FENY,FIDELITY MSCI ENERGY INDEX ETF ,NYSE,ETF,2013-10-24,,Active
FEO,First Trust-abrdn Emerging Opportunity Fund,NYSE,ETF,2006-08-31,,Active
FEOE,FIRST EAGLE OVERSEAS EQUITY ETF ,NYSE,ETF,2024-12-20,,Active
FEP,FIRST TRUST EUROPE ALPHADEX FUND ,NASDAQ,ETF,2011-04-26,,Active
FEPI,REX FANG & INNOVATION EQUITY PREMIUM INCOME ETF ,NASDAQ,ETF,2023-10-11,,Active
FER,Ferrovial S.E.,NASDAQ,Stock,2023-06-29,,Active
FERA,Fifth Era Acquisition Corp I - Class A,NASDAQ,Stock,2025-04-21,,Active
FERAR,Fifth Era Acquisition Corp I,NASDAQ,Stock,2025-04-21,,Active
FERAU,Fifth Era Acquisition Corp I - Units (1 Ord Cls A & 1 Rts),NASDAQ,Stock,2025-02-28,,Active
FERG,Ferguson Plc.,NYSE,Stock,2010-01-05,,Active
FESC,First Eagle Small Cap Equity ETF,NYSE ARCA,ETF,2026-07-01,,Active
FESM,FIDELITY ENHANCED SMALL CAP ETF ,NYSE,ETF,2023-11-20,,Active
FET,Forum Energy Technologies Inc,NYSE,Stock,2012-04-12,,Active
FETH,Fidelity Ethereum Fund,BATS,ETF,2024-07-23,,Active
FEUS,FLEXSHARES ESG & CLIMATE US LARGE CAP CORE INDEX FUND ,NYSE,ETF,2021-09-21,,Active
FEUZ,FIRST TRUST EUROZONE ALPHADEX ETF ,NASDAQ,ETF,2014-10-27,,Active
FEVR,Inspire Faithward Large Cap Momentum ETF,NYSE ARCA,ETF,2020-12-08,,Active
FEX,First Trust Large Cap Core AlphaDEX Fund,NASDAQ,ETF,2007-05-10,,Active
FEZ,STATE STREET(R) SPDR(R) EURO STOXX 50(R) ETF ,NYSE,ETF,2002-10-21,,Active
FF,Futurefuel Corp,NYSE,Stock,2011-03-23,,Active
FFA,First Trust Enhanced Equity Income Fund,NYSE,ETF,2004-08-27,,Active
FFAI,Faraday Future Intelligent Electric Inc - Class A,NASDAQ,Stock,2020-09-02,,Active
FFBC,First Financial Bancorp,NASDAQ,Stock,1990-03-26,,Active
FFC,Flaherty & Crumrine Preferred and Income Securities Fund Inc,NYSE,ETF,2003-01-30,,Active
FFDI,FIDELITY FUNDAMENTAL DEVELOPED INTERNATIONAL ETF ,BATS,ETF,2024-11-21,,Active
FFEB,FT VEST U.S. EQUITY BUFFER ETF - FEBRUARY ,BATS,ETF,2020-02-24,,Active
FFEM,FIDELITY FUNDAMENTAL EMERGING MARKETS ETF ,BATS,ETF,2024-11-21,,Active
FFGX,FIDELITY FUNDAMENTAL GLOBAL EX-U.S. ETF ,BATS,ETF,2024-11-21,,Active
FFIN,First Financial Bankshares Inc,NASDAQ,Stock,1993-11-01,,Active
FFIU,UVA UNCONSTRAINED MEDIUM-TERM FIXED INCOME ETF ,NYSE,ETF,2017-08-21,,Active
FFIV,F5 Inc,NASDAQ,Stock,1999-06-04,,Active
FFLC,FIDELITY FUNDAMENTAL LARGE CAP CORE ETF ,BATS,ETF,2020-06-04,,Active
FFLG,FIDELITY FUNDAMENTAL LARGE CAP GROWTH ETF ,BATS,ETF,2021-02-04,,Active
FFLS,The Future Fund Long/Short ETF,NYSE,ETF,2023-06-21,,Active
FFLV,FIDELITY FUNDAMENTAL LARGE CAP VALUE ETF ,BATS,ETF,2024-02-26,,Active
FFLX,First Trust Flexible Income ETF,NYSE ARCA,ETF,2026-08-10,,Active
FFND,ONE GLOBAL ETF ,NYSE,ETF,2021-08-24,,Active
FFNW,First Financial Northwest Inc,NASDAQ,Stock,2007-10-10,,Active
FFOG,FRANKLIN FOCUSED DYNAMIC GROWTH ETF ,BATS,ETF,2023-11-06,,Active
FFOX,FUNDX FUTURE FUND OPPORTUNITIES ETF ,NYSE,ETF,2025-06-10,,Active
FFSM,FIDELITY FUNDAMENTAL SMALL-MID CAP ETF ,BATS,ETF,2021-02-04,,Active
FFTY,INNOVATOR IBD(R) 50 ETF ,NYSE,ETF,2015-04-09,,Active
FFUT,FIDELITY MANAGED FUTURES ETF ,NASDAQ,ETF,2025-06-05,,Active
FG,F&G Annuities & Life Inc,NYSE,Stock,2022-11-22,,Active
FG-W,F&G Annuities & Life Inc WhenIssued,NYSE,Stock,2022-11-22,,Active
FGB,First Trust Specialty Finance & Financial Opportunities Fund,NYSE,ETF,2007-05-25,,Active
FGBI,First Guaranty Bancshares Inc,NASDAQ,Stock,2001-01-02,,Active
FGBIP,First Guaranty Bancshares Inc,NASDAQ,Stock,2021-04-23,,Active
FGD,FIRST TRUST DOW JONES GLOBAL SELECT DIVIDEND INDEX FUND ,NYSE,ETF,2007-11-27,,Active
FGDL,Franklin Responsibly Sourced Gold ETF,NYSE,ETF,2022-06-30,,Active
FGI,FGI Industries Ltd,NASDAQ,Stock,2022-01-25,,Active
FGII,FG Imperii Acquisition Corp,NASDAQ,Stock,2026-03-10,,Active
FGIIU,FG Imperii Acquisition Corp - Units (1 Ord Cls A & 1/2 War),NASDAQ,Stock,2026-01-16,,Active
FGIIW,FG Imperii Acquisition Corp Warrants,NASDAQ,Stock,2026-03-10,,Active
FGIWW,FGI Industries Ltd - Warrants (21/01/2027),NASDAQ,Stock,2022-01-25,,Active
FGL,Founder Group Ltd,NASDAQ,Stock,2024-10-23,,Active
FGM,FIRST TRUST GERMANY ALPHADEX FUND ,NASDAQ,ETF,2012-02-17,,Active
FGN,F&G Annuities & Life Inc,NYSE,Stock,2023-12-12,,Active
FGNX,FG Nexus Inc,NASDAQ,Stock,2014-04-01,,Active
FGNXP,Fundamental Global Inc,NASDAQ,Stock,2018-02-28,,Active
FGRU,TREX 2X Long FIGR Daily Target,BATS,Stock,2026-02-18,,Active
FGSI,FT VEST GROWTH STRENGTH & TARGET INCOME ETF ,NASDAQ,ETF,2025-06-26,,Active
FGSM,FRONTIER ASSET GLOBAL SMALL CAP EQUITY ETF ,NYSE,ETF,2024-12-20,,Active
FGSN,F&G Annuities & Life Inc,NYSE,Stock,2025-01-21,,Active
FHB,First Hawaiian Inc,NASDAQ,Stock,2016-08-04,,Active
FHEQ,FIDELITY HEDGED EQUITY ETF ,BATS,ETF,2024-04-11,,Active
FHI,Federated Hermes Inc - Class B,NYSE,Stock,1998-05-14,,Active
FHIL,Federated Hermes International Leaders ETF,BATS,ETF,2026-06-17,,Active
FHLC,FIDELITY MSCI HEALTH CARE INDEX ETF ,NYSE,ETF,2013-10-24,,Active
FHN,First Horizon Corporation,NYSE,Stock,1990-03-26,,Active
FHN-P-E,First Horizon Corporation,NYSE,Stock,2020-05-21,,Active
FHN-P-F,First Horizon Corporation,NYSE,Stock,2021-04-29,,Active
FHN-P-H,First Horizon Corporation Depositary Shares Series H,NYSE,Stock,2026-03-17,,Active
FHTX,Foghorn Therapeutics Inc,NASDAQ,Stock,2020-10-23,,Active
FHYS,FEDERATED HERMES SHORT DURATION HIGH YIELD ETF ,NYSE,ETF,2021-12-17,,Active
FIAT,YIELDMAX(R) SHORT COIN OPTION INCOME STRATEGY ETF ,NYSE,ETF,2024-07-10,,Active
FIAX,NICHOLAS FIXED INCOME ALTERNATIVE ETF ,NYSE,ETF,2022-11-30,,Active
FIBK,First Interstate BancSystem Inc,NASDAQ,Stock,2010-03-24,,Active
FICO,Fair Isaac Corp,NYSE,Stock,1992-02-25,,Active
FICS,FIRST TRUST INTERNATIONAL DEVELOPED CAPITAL STRENGTH ETF ,NASDAQ,ETF,2020-12-16,,Active
FICV,Frontier Investment Corp - Class A,NASDAQ,Stock,2021-08-30,,Active
FICVU,Frontier Investment Corp - Units (1 Ord Share Class A & 1/3 War),NASDAQ,Stock,2021-07-01,,Active
FICVW,Frontier Investment Corp - Warrants (29/06/2026),NASDAQ,Stock,2021-09-10,,Active
FID,First Trust S&P International Dividend Aristocrats ETF,NASDAQ,ETF,2018-08-29,,Active
FIDI,FIDELITY INTERNATIONAL HIGH DIVIDEND ETF ,NYSE,ETF,2018-01-18,,Active
FIDU,FIDELITY MSCI INDUSTRIALS INDEX ETF ,NYSE,ETF,2013-10-24,,Active
FIEE,UBS AG London Branch,NASDAQ,ETF,2016-02-18,,Active
FIF,First Trust Energy Infrastructure Fund,NYSE,ETF,2011-09-28,,Active
FIG,Figma Inc - Class A,NYSE,Stock,2025-07-31,,Active
FIGB,FIDELITY INVESTMENT GRADE BOND ETF ,NYSE,ETF,2021-03-04,,Active
FIGG,LEVERAGE SHARES 2X LONG FIG DAILY ETF ,NASDAQ,ETF,2025-10-14,,Active
FIGR,Figure Technology Solutions Inc - Class A,NASDAQ,Stock,2025-09-11,,Active
FIGS,Figs Inc - Class A,NYSE,Stock,2021-05-27,,Active
FIGX,FIGX Capital Acquisition Corp - Class A,NASDAQ,Stock,2025-08-18,,Active
FIGXU,FIGX Capital Acquisition Corp - Units (1 Ord Cls A & 1/2 War),NASDAQ,Stock,2025-06-26,,Active
FIGXW,FIGX Capital Acquisition Corp - Warrants (17/06/2030),NASDAQ,Stock,2025-08-18,,Active
FIIG,FIRST TRUST INTERMEDIATE DURATION INVESTMENT GRADE CORPORATE ETF ,NYSE,ETF,2023-08-03,,Active
FINA,Fidelity MSCI North American Subset Index ETF,NYSE ARCA,ETF,2026-07-09,,Active
FINS,Angel Oak Financial Strategies Income Term Trust,NYSE,Stock,2019-05-29,,Active
FINT,FRONTIER ASSET TOTAL INTERNATIONAL EQUITY ETF ,NYSE,ETF,2024-12-20,,Active
FINV,FinVolution Group,NYSE,Stock,2017-11-10,,Active
FINW,FinWise Bancorp,NASDAQ,Stock,2021-11-19,,Active
FINX,GLOBAL X FINTECH ETF ,NASDAQ,ETF,2016-09-13,,Active
FINY,GRANITESHARES YIELDBOOST FINANCIALS ETF ,NASDAQ,ETF,2026-05-05,,Active
FIP,FTAI Infrastructure Inc,NASDAQ,Stock,2022-07-21,,Active
FIRI,FIRE Funds Income Target ETF,NYSE ARCA,ETF,2024-11-19,,Active
FIRS,FIRE Funds Wealth Builder ETF,NYSE ARCA,ETF,2024-11-19,,Active
FIRY,Firy Inc Cl A New,NYSE,Stock,2026-06-22,,Active
FIS,Fidelity National Information Services Inc,NYSE,Stock,2001-06-20,,Active
FISI,Financial Institutions Inc,NASDAQ,Stock,1999-06-25,,Active
FISK,Empire State Realty OP LP,NYSE,Stock,2013-10-08,,Active
FISN,Deep Fission Inc,NASDAQ,Stock,2026-06-18,,Active
FISR,STATE STREET(R) FIXED INCOME SECTOR ROTATION ETF ,NYSE,ETF,2019-04-03,,Active
FISV,Fiserv Inc,NASDAQ,Stock,1990-03-26,,Active
FITB,Fifth Third Bancorp,NASDAQ,Stock,1990-03-26,,Active
FITB-P-A,Fifth Third Bancorp,NASDAQ,Stock,2019-08-28,,Active
FITB-P-I,Fifth Third Bancorp,NASDAQ,Stock,2013-12-06,,Active
FITB-P-K,Fifth Third Bancorp,NASDAQ,Stock,2019-09-13,,Active
FITB-P-M,Fifth Third Bancorp,NASDAQ,Stock,2026-06-12,,Active
FITBI,Fifth Third Bancorp Depositary Share repstg 11000th Ownership Interest Perp Pfd Series I,NYSE,Stock,2026-06-12,,Active
FITBM,Fifth Third Bancorp Depositary Shares Representing a 140th Ownership Interest in a Share of 6.875 FixedRate Reset NonCumulative Perpetual Preferred Stock Se,NASDAQ,Stock,2026-02-02,,Active
FITBP,Fifth Third Bancorp Depositary Shares each representing 140th share of Fifth Third 6.00 NonCumulative Perpetual Class B Preferred Stock Series A,NYSE,Stock,2026-06-12,,Active
FITE,STATE STREET(R) SPDR(R) S&P KENSHO FUTURE SECURITY ETF ,NYSE,ETF,2017-12-27,,Active
FITZ,Fitz-Gerald Must Have Portfolio,NYSE,ETF,2026-05-28,,Active
FIVA,FIDELITY INTERNATIONAL VALUE FACTOR ETF ,NYSE,ETF,2018-01-18,,Active
FIVE,Five Below Inc,NASDAQ,Stock,2012-07-19,,Active
FIVN,Five9 Inc,NASDAQ,Stock,2014-04-04,,Active
FIVR,Strategy Shares Nasdaq 5HANDL Index ETF,NASDAQ,ETF,2021-12-29,,Active
FIVY,YieldMax Dorsey Wright Hybrid 5 Income ETF,NASDAQ,ETF,2024-12-17,,Active
FIW,FIRST TRUST WATER ETF ,NYSE,ETF,2007-05-11,,Active
FIX,Comfort Systems USA Inc,NYSE,Stock,1997-06-27,,Active
FIXD,FIRST TRUST TCW OPPORTUNISTIC FIXED INCOME ETF ,NASDAQ,ETF,2017-02-15,,Active
FIXP,FOLIOBEYOND ENHANCED FIXED INCOME PREMIUM ETF ,NYSE,ETF,2025-01-23,,Active
FIXT,Procure Disaster Recovery Strategy ETF,NYSE,ETF,2022-06-01,,Active
FIXX,Leverage Shares 2X Long FIX Daily ETF,BATS,ETF,2026-08-19,,Active
FIYY,GRANITESHARES YIELDBOOST 20Y+ TREASURIES ETF ,NASDAQ,ETF,2018-03-16,,Active
FIZY,Fitz-Gerald Must Have Portfolio and Options Overlay ETF,NYSE ARCA,ETF,2026-08-04,,Active
FIZZ,National Beverage Corp,NASDAQ,Stock,1991-09-16,,Active
FJAN,FT VEST U.S. EQUITY BUFFER ETF - JANUARY ,BATS,ETF,2021-01-19,,Active
FJDIU,ARC Group Securities Acquisition I - Units (1 Ord Cls A 1 Rts & 1 War),NASDAQ,Stock,2026-08-04,,Active
FJET,Starfighters Space Inc,AMEX,Stock,2025-12-18,,Active
FJP,FIRST TRUST JAPAN ALPHADEX FUND ,NASDAQ,ETF,2011-04-26,,Active
FJUL,FT VEST U.S. EQUITY BUFFER ETF - JULY ,BATS,ETF,2020-07-20,,Active
FJUN,FT VEST U.S. EQUITY BUFFER ETF - JUNE ,BATS,ETF,2020-06-22,,Active
FKU,FIRST TRUST UNITED KINGDOM ALPHADEX FUND ,NASDAQ,ETF,2012-02-27,,Active
FKWL,Franklin Wireless Corp,NASDAQ,Stock,2002-08-27,,Active
FLAC,Frazier Lifesciences Acquisition Corp - Class A,NASDAQ,Stock,2021-02-08,,Active
FLACW,Frazier Lifesciences Acquisition Corp - Warrants (09/12/2025),NASDAQ,Stock,2021-02-08,,Active
FLAG,GLOBAL X S&P 500 U.S. MARKET LEADERS TOP 50 ETF ,NYSE ARCA,ETF,2025-04-16,,Active
FLAG-WS,First Light Acquisition Group Inc Redeemable Warrants each whole warrant exercisable for one share of Class A common stock at an exercise price of 11.50 per s,NYSE,Stock,2021-11-01,,Active
FLAO,ALLIANZIM U.S. EQUITY 6 MONTH FLOOR5 APR/OCT ETF ,BATS,ETF,2024-04-01,,Active
FLAU,FRANKLIN FTSE AUSTRALIA ETF ,NYSE,ETF,2017-11-06,,Active
FLAX,FRANKLIN FTSE ASIA EX JAPAN ETF ,NYSE,ETF,2018-02-08,,Active
FLBL,FRANKLIN SENIOR LOAN ETF ,BATS,ETF,2018-06-01,,Active
FLBR,FRANKLIN FTSE BRAZIL ETF ,NYSE,ETF,2017-11-06,,Active
FLC,Flaherty & Crumrine Total Return Fund Inc,NYSE,ETF,2003-10-09,,Active
FLCA,FRANKLIN FTSE CANADA ETF ,NYSE,ETF,2017-11-06,,Active
FLCB,FRANKLIN U.S. CORE BOND ETF ,NYSE,ETF,2019-09-19,,Active
FLCC,FEDERATED HERMES MDT LARGE CAP CORE ETF ,NYSE,ETF,2024-07-31,,Active
FLCE,FRONTIER ASSET U.S. LARGE CAP EQUITY ETF ,NYSE,ETF,2024-12-20,,Active
FLCG,FEDERATED HERMES MDT LARGE CAP GROWTH ETF ,NYSE,ETF,2024-07-31,,Active
FLCH,FRANKLIN FTSE CHINA ETF ,NYSE,ETF,2017-11-06,,Active
FLCO,FRANKLIN INVESTMENT GRADE CORPORATE ETF ,NYSE,ETF,2016-10-05,,Active
FLCV,FEDERATED HERMES MDT LARGE CAP VALUE ETF ,NYSE,ETF,2024-07-31,,Active
FLD,Fold Holdings Inc - Class A,NASDAQ,Stock,2025-02-19,,Active
FLDB,FIDELITY LOW DURATION BOND ETF ,NASDAQ,ETF,2024-02-26,,Active
FLDDW,Fold Holdings Inc - Warrants (14/02/2030),NASDAQ,Stock,2025-02-19,,Active
FLDR,FIDELITY LOW DURATION BOND FACTOR ETF ,BATS,ETF,2018-06-14,,Active
FLDZ,TRUESHARES PATRIOT DEFENSE ETF ,BATS,ETF,2022-01-03,,Active
FLEE,FRANKLIN FTSE EUROPE ETF ,NYSE,ETF,2017-11-06,,Active
FLEL,Leverage Shares 2X Long FLEX Daily ETF,BATS,ETF,2026-08-19,,Active
FLEU,FRANKLIN FTSE EUROZONE ETF ,NYSE,ETF,2017-11-06,,Active
FLEX,Flex Ltd,NASDAQ,Stock,1994-03-18,,Active
FLFR,FRANKLIN FTSE FRANCE ETF ,NYSE ARCA,ETF,2017-11-06,,Active
FLG,New York Community Bancorp Inc,NYSE,Stock,1993-11-23,,Active
FLG-P-A,New York Community Bancorp Inc,NYSE,Stock,2017-03-23,,Active
FLG-P-U,Flagstar Financial Inc Bifurcated Option Note Unit SecuritiES,NYSE,Stock,2024-10-28,,Active
FLGB,Franklin FTSE United Kingdom ETF,NYSE,ETF,2017-11-06,,Active
FLGR,FRANKLIN FTSE GERMANY ETF ,NYSE,ETF,2017-11-06,,Active
FLGT,Fulgent Genetics Inc,NASDAQ,Stock,2016-09-29,,Active
FLGV,FRANKLIN U.S. TREASURY BOND ETF ,NYSE,ETF,2020-06-11,,Active
FLHY,FRANKLIN HIGH YIELD CORPORATE ETF ,BATS,ETF,2018-06-01,,Active
FLIA,FRANKLIN INTERNATIONAL AGGREGATE BOND ETF ,BATS,ETF,2018-06-01,,Active
FLIN,FRANKLIN FTSE INDIA ETF ,NYSE,ETF,2018-02-08,,Active
FLIY,FRANKLIN FTSE ITALY ETF ,NYSE ARCA,ETF,2017-11-06,,Active
FLJ,FLJ Group Limited,NASDAQ,Stock,2022-09-26,,Active
FLJH,FRANKLIN FTSE JAPAN HEDGED ETF ,NYSE,ETF,2017-11-06,,Active
FLJJ,ALLIANZIM U.S. EQUITY 6 MONTH FLOOR5 JAN/JUL ETF ,BATS,ETF,2024-02-01,,Active
FLJP,FRANKLIN FTSE JAPAN ETF ,NYSE,ETF,2017-11-06,,Active
FLKR,FRANKLIN FTSE SOUTH KOREA ETF ,NYSE,ETF,2017-11-06,,Active
FLL,Full House Resorts Inc,NASDAQ,Stock,1993-08-17,,Active
FLLA,FRANKLIN FTSE LATIN AMERICA ETF ,NYSE,ETF,2018-10-11,,Active
FLMB,FRANKLIN MUNICIPAL GREEN BOND ETF ,NYSE,ETF,2017-09-05,,Active
FLMI,FRANKLIN DYNAMIC MUNICIPAL BOND ETF ,NYSE,ETF,2017-09-05,,Active
FLMX,FRANKLIN FTSE MEXICO ETF ,NYSE,ETF,2017-11-06,,Active
FLN,First Trust Latin America AlphaDEX Fund,NASDAQ,ETF,2011-04-20,,Active
FLNA,Filana Therapeutics Inc,NASDAQ,Stock,2000-07-14,,Active
FLNC,Fluence Energy Inc - Class A,NASDAQ,Stock,2021-10-28,,Active
FLNG,Flex Lng Ltd,NYSE,Stock,2019-06-17,,Active
FLNT,Fluent Inc,NASDAQ,Stock,2007-12-27,,Active
FLO,Flowers Foods Inc,NYSE,Stock,1987-11-05,,Active
FLOC,Flowco Holdings Inc - Class A,NYSE,Stock,2025-01-16,,Active
FLOT,ISHARES FLOATING RATE BOND ETF ,BATS,ETF,2011-06-17,,Active
FLOW,GLOBAL X U.S. CASH FLOW KINGS 100 ETF ,NYSE,ETF,2023-07-12,,Active
FLQL,FRANKLIN U.S. LARGE CAP MULTIFACTOR INDEX ETF ,BATS,ETF,2017-04-28,,Active
FLQM,FRANKLIN U.S. MID CAP MULTIFACTOR INDEX ETF ,BATS,ETF,2017-04-28,,Active
FLQS,FRANKLIN U.S. SMALL CAP MULTIFACTOR INDEX ETF ,BATS,ETF,2017-04-28,,Active
FLR,Fluor Corporation,NYSE,Stock,2000-12-01,,Active
FLRG,FIDELITY U.S. MULTIFACTOR ETF ,NYSE,ETF,2020-09-17,,Active
FLRN,STATE STREET(R) SPDR(R) BLOOMBERG INVESTMENT GRADE FLOATING RATE ETF ,NYSE,ETF,2011-12-01,,Active
FLRT,PACER ARISTOTLE PACIFIC FLOATING RATE HIGH INCOME ETF ,NYSE,ETF,2015-02-19,,Active
FLS,Flowserve Corp,NYSE,Stock,1990-03-26,,Active
FLSA,FRANKLIN FTSE SAUDI ARABIA ETF ,NYSE,ETF,2018-10-11,,Active
FLSP,FRANKLIN SYSTEMATIC STYLE PREMIA ETF ,NYSE,ETF,2019-12-23,,Active
FLSW,FRANKLIN FTSE SWITZERLAND ETF ,NYSE,ETF,2018-02-08,,Active
FLTB,FIDELITY LIMITED TERM BOND ETF ,NYSE,ETF,2014-10-09,,Active
FLTR,VANECK IG FLOATING RATE ETF ,NYSE,ETF,2011-04-26,,Active
FLTW,FRANKLIN FTSE TAIWAN ETF ,NYSE,ETF,2017-11-06,,Active
FLUD,FRANKLIN ULTRA SHORT BOND ETF ,NYSE,ETF,2020-07-16,,Active
FLUT,Flutter Entertainment Plc,NYSE,Stock,2017-10-05,,Active
FLUX,Flux Power Holdings Inc,NASDAQ,Stock,2002-12-09,,Active
FLV,AMERICAN CENTURY FOCUSED LARGE CAP VALUE ETF ,NYSE,ETF,2020-04-02,,Active
FLWS,1-800 Flowers.com Inc - Class A,NASDAQ,Stock,1999-08-03,,Active
FLX,BingEx Ltd,NASDAQ,Stock,2024-10-04,,Active
FLXI,Flexiinternational Software Inc,BATS,Stock,1997-12-12,,Active
FLXN,HORIZON FLEXIBLE INCOME ETF ,BATS,ETF,2014-02-12,,Active
FLXR,TCW Flexible Income ETF,NYSE,ETF,2024-06-24,,Active
FLXS,Flexsteel Industries Inc,NASDAQ,Stock,1992-02-25,,Active
FLY,Firefly Aerospace Inc,NASDAQ,Stock,2025-08-07,,Active
FLYD,Bank of Montreal,NYSE,Stock,2022-06-22,,Active
FLYE,Fly-E Group Inc,NASDAQ,Stock,2024-06-06,,Active
FLYT,DIREXION FLIGHT TO SAFETY STRATEGY ETF ,BATS,ETF,2020-02-05,,Active
FLYU,MicroSectors Travel 3X Leveraged ETNs,NYSE,Stock,2022-06-22,,Active
FLYW,Flywire Corp,NASDAQ,Stock,2021-05-26,,Active
FLYX,flyExclusive Inc - Class A,AMEX,Stock,2021-07-19,,Active
FLYX-WS,flyExclusive Inc Redeemable warrants each whole warrant exercisable for one Class A common stock at an exercise price of 11.50 per share,AMEX,Stock,2023-12-28,,Active
FLZA,FRANKLIN FTSE SOUTH AFRICA ETF ,NYSE ARCA,ETF,2018-10-11,,Active
FMAC,Future Money Acquisition Corp,NASDAQ,Stock,2026-05-18,,Active
FMACR,Future Money Acquisition Corp,NASDAQ,Stock,2026-05-18,,Active
FMACU,Future Money Acquisition Corporation Units,NASDAQ,Stock,2026-03-27,,Active
FMAG,FIDELITY MAGELLAN ETF ,BATS,ETF,2021-02-04,,Active
FMAO,Farmers & Merchants Bancorp Inc,NASDAQ,Stock,2004-11-23,,Active
FMAR,FT VEST U.S. EQUITY BUFFER ETF - MARCH ,BATS,ETF,2021-03-22,,Active
FMAT,FIDELITY MSCI MATERIALS INDEX ETF ,NYSE,ETF,2013-10-24,,Active
FMAY,FT VEST U.S. EQUITY BUFFER ETF - MAY ,BATS,ETF,2020-05-18,,Active
FMB,FIRST TRUST MANAGED MUNICIPAL ETF ,NASDAQ,ETF,2014-05-15,,Active
FMBH,First Mid Bancshares Inc,NASDAQ,Stock,1999-03-16,,Active
FMC,FMC Corp,NYSE,Stock,1985-07-01,,Active
FMCE,FM COMPOUNDERS EQUITY ETF ,NYSE,ETF,2024-11-11,,Active
FMCX,FM FOCUS EQUITY ETF ,NYSE,ETF,2022-04-25,,Active
FMDE,FIDELITY ENHANCED MID CAP ETF ,NYSE,ETF,2023-11-20,,Active
FMED,FIDELITY DISRUPTIVE MEDICINE ETF ,NASDAQ,ETF,2023-06-12,,Active
FMET,FIDELITY METAVERSE ETF ,NASDAQ,ETF,2022-04-21,,Active
FMF,FIRST TRUST MANAGED FUTURES STRATEGY FUND ,NYSE,ETF,2013-08-02,,Active
FMFC,Kandal M Venture Ltd - Class A,NASDAQ,Stock,2025-06-25,,Active
FMHI,FIRST TRUST MUNICIPAL HIGH INCOME ETF ,NASDAQ,ETF,2017-11-03,,Active
FMKT,FREEMARKETS INC,NYSE,Stock,2025-06-10,,Active
FMN,Federated Hermes Premier Municipal Income Fund,NYSE,ETF,2002-12-20,,Active
FMNB,Farmers National Banc Corp,NASDAQ,Stock,1999-01-04,,Active
FMNY,FIRST TRUST NEW YORK MUNICIPAL HIGH INCOME ETF ,NYSE,ETF,2021-05-13,,Active
FMQQ,FMQQ THE NEXT FRONTIER INTERNET ETF ,NYSE,ETF,2021-09-28,,Active
FMS,Fresenius Medical Care AG & Co. KGaA,NYSE,Stock,1996-09-17,,Active
FMST,Foremost Clean Energy Ltd New,NASDAQ,Stock,2025-01-31,,Active
FMSTW,Foremost Clean Energy Ltd - Warrants (22/08/2028),NASDAQ,Stock,2023-08-22,,Active
FMTL,FIRST TRUST INDXX CRITICAL METALS ETF ,NYSE,ETF,2025-11-05,,Active
FMTM,MARKETDESK FOCUSED U.S. MOMENTUM ETF ,NASDAQ,ETF,2025-03-20,,Active
FMUB,FIDELITY MUNICIPAL BOND OPPORTUNITIES ETF ,NASDAQ,ETF,2025-04-07,,Active
FMUN,FIDELITY SYSTEMATIC MUNICIPAL BOND INDEX ETF ,NASDAQ,ETF,2025-04-07,,Active
FMX,Fomento Economico Mexicano S.A.B. de C.V.,NYSE,Stock,1998-05-11,,Active
FMY,First Trust Mortgage Income Fund,NYSE,ETF,2005-05-26,,Active
FN,Fabrinet,NYSE,Stock,2010-06-25,,Active
FNB,F.N.B. Corp,NYSE,Stock,1993-03-04,,Active
FNCL,FIDELITY MSCI FINANCIALS INDEX ETF ,NYSE,ETF,2013-10-24,,Active
FND,Floor & Decor Holdings Inc - Class A,NYSE,Stock,2017-04-27,,Active
FNDA,SCHWAB FUNDAMENTAL U.S. SMALL COMPANY ETF ,NYSE,ETF,2013-08-15,,Active
FNDB,SCHWAB FUNDAMENTAL U.S. BROAD MARKET ETF ,NYSE,ETF,2013-08-15,,Active
FNDC,SCHWAB FUNDAMENTAL INTERNATIONAL SMALL EQUITY ETF ,NYSE,ETF,2013-08-15,,Active
FNDE,SCHWAB FUNDAMENTAL EMERGING MARKETS EQUITY ETF ,NYSE,ETF,2013-08-15,,Active
FNDF,SCHWAB FUNDAMENTAL INTERNATIONAL EQUITY ETF ,NYSE,ETF,2013-08-15,,Active
FNDX,SCHWAB FUNDAMENTAL U.S. LARGE COMPANY INDEX ETF ,NYSE,ETF,2013-08-15,,Active
FNF,Fidelity National Financial Inc,NYSE,Stock,2005-10-14,,Active
FNG,Leverage Shares 2X Long FN Daily ETF,BATS,ETF,2026-06-16,,Active
FNGD,Bank of Montreal,NYSE,ETF,2018-01-23,,Active
FNGG,DIREXION DAILY NYSE FANG+ BULL 2X SHARES ,NYSE,ETF,2021-09-30,,Active
FNGO,Bank of Montreal,NYSE,ETF,2018-08-02,,Active
FNGR,FingerMotion Inc,NASDAQ,Stock,2015-01-28,,Active
FNGS,Bank of Montreal,NYSE,Stock,2019-11-13,,Active
FNGU,MicroSectors FANG 3X Leveraged ETNs,NYSE,Stock,2025-02-20,,Active
FNK,FIRST TRUST MID CAP VALUE ALPHADEX FUND ,NASDAQ,ETF,2011-04-20,,Active
FNKO,Funko Inc - Class A,NASDAQ,Stock,2017-11-02,,Active
FNLC,First Bancorp Inc (ME),NASDAQ,Stock,1999-07-14,,Active
FNOV,FT VEST U.S. EQUITY BUFFER ETF - NOVEMBER ,BATS,ETF,2019-11-18,,Active
FNRN,First Northern Community Bancorp,NASDAQ,Stock,2001-01-02,,Active
FNUC,Frontier Nuclear and Minerals Inc,NASDAQ,Stock,2021-11-19,,Active
FNV,Franco-Nevada Corporation,NYSE,Stock,2007-12-07,,Active
FNWB,First Northwest Bancorp,NASDAQ,Stock,2015-01-30,,Active
FNWD,Finward Bancorp,NASDAQ,Stock,1998-03-17,,Active
FNX,FIRST TRUST MID CAP CORE ALPHADEX FUND ,NASDAQ,ETF,2007-05-10,,Active
FNY,FIRST TRUST MID CAP GROWTH ALPHADEX FUND ,NASDAQ,ETF,2011-04-20,,Active
FOA,Finance of America Companies Inc - Class A,NYSE,Stock,2019-04-18,,Active
FOCL,FocalTherics,NASDAQ,Stock,1997-08-01,,Active
FOCT,FT VEST U.S. EQUITY BUFFER ETF - OCTOBER ,BATS,ETF,2020-10-19,,Active
FOF,Cohen & Steers Closed-End Opportunity Fund Inc,NYSE,ETF,2006-11-28,,Active
FOFO,Hang Feng Technology Innovation Co Ltd,NASDAQ,Stock,2025-09-12,,Active
FOIL,Londian Wason New Energy Tech Inc,NYSE,Stock,2026-08-12,,Active
FOMG,Leverage Shares 2X Long FORM Daily,BATS,Stock,2026-06-23,,Active
FOPC,FRONTIER ASSET OPPORTUNISTIC CREDIT ETF ,NYSE,ETF,2024-12-20,,Active
FOR,Forestar Group Inc New,NYSE,Stock,2007-12-13,,Active
FORH,FORMIDABLE ETF ,BATS,ETF,2021-04-30,,Active
FORM,FormFactor Inc,NASDAQ,Stock,2003-06-12,,Active
FORR,Forrester Research Inc,NASDAQ,Stock,1996-11-27,,Active
FORTY,Formula Systems (1985) Ltd,NASDAQ,Stock,1997-10-20,,Active
FOSL,Fossil Group Inc,NASDAQ,Stock,1993-04-08,,Active
FOTO,PHOTOWORKS INC,NASDAQ,Stock,2026-05-29,,Active
FOUR,Shift4 Payments Inc - Class A,NYSE,Stock,2020-06-05,,Active
FOUR-P-A,Shift4 Payments Inc,NYSE,Stock,2025-05-08,,Active
FOWF,PACER SOLACTIVE WHITNEY FUTURE OF WARFARE ETF ,BATS,ETF,2024-12-18,,Active
FOX,Fox Corporation - Class B,NASDAQ,Stock,2019-03-13,,Active
FOXA,Fox Corporation - Class A,NASDAQ,Stock,2019-03-12,,Active
FOXF,Fox Factory Holding Corp,NASDAQ,Stock,2013-08-08,,Active
FOXX,Foxx Development Holdings Inc,NASDAQ,Stock,2024-09-27,,Active
FOXXW,Foxx Development Holdings Inc - Warrants(26/09/2029),NASDAQ,Stock,2024-09-27,,Active
FOXY,Simplify Exchange Traded Funds Currency Strategy,NYSE,Stock,2025-02-04,,Active
FPA,FIRST TRUST ASIA PACIFIC EX-JAPAN ALPHADEX FUND ,NASDAQ,ETF,2011-04-20,,Active
FPAA,FPA Global Allocation,BATS,Stock,2026-06-08,,Active
FPAG,FPA GLOBAL EQUITY ETF ,BATS,ETF,2021-12-17,,Active
FPAS,FPA SHORT DURATION GOVERNMENT ETF ,BATS,ETF,2024-11-01,,Active
FPB,Ford Motor Company,NYSE,Stock,2026-06-10,,Active
FPC,Ford Motor Company,NYSE,Stock,2026-06-10,,Active
FPD,Ford Motor Company,NYSE,Stock,2026-06-10,,Active
FPE,FIRST TRUST PREFERRED SECURITIES AND INCOME ETF ,NYSE,ETF,2013-02-12,,Active
FPEI,FIRST TRUST INSTITUTIONAL PREFERRED SECURITIES AND INCOME ETF ,NYSE,ETF,2017-08-23,,Active
FPF,First Trust Intermediate Duration Preferred & Income Fund,NYSE,ETF,2013-05-24,,Active
FPFD,FIDELITY PREFERRED SECURITIES & INCOME ETF ,BATS,ETF,2021-06-17,,Active
FPH,Five Point Holdings LLC - Class A,NYSE,Stock,2017-05-10,,Active
FPI,Farmland Partners Inc,NYSE,Stock,2014-04-11,,Active
FPL,First Trust New Opportunities MLP & Energy Fund,NYSE,ETF,2014-03-27,,Active
FPRO,FIDELITY REAL ESTATE INVESTMENT ETF ,BATS,ETF,2021-02-04,,Active
FPS,Forgent Power Solutions Inc - Class A,NYSE,Stock,2026-02-05,,Active
FPSX,Leverage Shares 2X Long FPS Daily,BATS,Stock,2026-06-23,,Active
FPWR,FIRST TRUST EIP POWER SOLUTIONS ETF ,NYSE,ETF,2019-08-20,,Active
FPX,FIRST TRUST US EQUITY OPPORTUNITIES ETF ,NYSE,ETF,2006-05-24,,Active
FPXE,FIRST TRUST IPOX EUROPE EQUITY OPPORTUNITIES ETF ,NASDAQ,ETF,2018-10-05,,Active
FPXI,FIRST TRUST INTERNATIONAL EQUITY OPPORTUNITIES ETF ,NASDAQ,ETF,2014-11-07,,Active
FQAL,FIDELITY QUALITY FACTOR ETF ,NYSE,ETF,2016-09-15,,Active
FR,First Industrial Realty Trust Inc,NYSE,Stock,1994-06-24,,Active
FRA,Blackrock Floating Rate Income Strategies Fund Inc,NYSE,ETF,2003-10-29,,Active
FRAF,Franklin Financial Services Corp,NASDAQ,Stock,2001-01-02,,Active
FRBA,First Bank (NJ),NASDAQ,Stock,2007-03-28,,Active
FRBN,Forbion European Acquisition Corp - Class A,NASDAQ,Stock,2022-02-01,,Active
FRBNU,Forbion European Acquisition Corp - Units (1 Ord Share Class A & 1/3 War),NASDAQ,Stock,2021-12-10,,Active
FRBNW,Forbion European Acquisition Corp - Warrants (10/12/2026),NASDAQ,Stock,2022-02-01,,Active
FRBT,Forbright Inc - Class A,NASDAQ,Stock,2026-06-11,,Active
FRD,Friedman Industries Inc,NASDAQ,Stock,1992-03-17,,Active
FRDD,DIREXION DAILY F BEAR 1X ETF ,NASDAQ,ETF,2025-07-23,,Active
FRDM,FREEDOM 100 EMERGING MARKETS ETF ,BATS,ETF,2019-05-23,,Active
FRDU,DIREXION DAILY F BULL 2X ETF ,NASDAQ,ETF,2025-07-23,,Active
FREL,FIDELITY MSCI REAL ESTATE INDEX ETF ,NYSE,ETF,2015-02-05,,Active
FREQ,Frequency Therapeutics Inc,NASDAQ,Stock,2019-10-03,,Active
FRES,Fresh2 Group Limited,NASDAQ,Stock,2023-05-22,,Active
FREY-WS,FREYR Battery Warrants each whole warrant exercisable to purchase one Ordinary Share at an exercise price of 11.50 per share,NYSE,Stock,2021-07-08,,Active
FRGAP,Franchise Group Inc,NASDAQ,Stock,2020-09-21,,Active
FRGN,Horizon International Equity ETF,NYSE,ETF,2025-12-03,,Active
FRGT,Freight Technologies Inc,NASDAQ,Stock,2017-08-08,,Active
FRHC,Freedom Holding Corp,NASDAQ,Stock,2017-10-03,,Active
FRI,FIRST TRUST S&P REIT INDEX FUND ,NYSE,ETF,2007-05-10,,Active
FRIZ,FRISBY TECHNOLOGIES INC,NYSE,Stock,2025-08-29,,Active
FRLAW,Fortune Rise Acquisition Corp - Warrants (06/12/2027),NASDAQ,Stock,2021-12-27,,Active
FRME,First Merchants Corp,NASDAQ,Stock,1992-02-25,,Active
FRMEP,First Merchants Corp,NASDAQ,Stock,2022-04-01,,Active
FRMI,Fermi Inc,NASDAQ,Stock,2025-10-01,,Active
FRMM,Forum Markets Inc,NASDAQ,Stock,2017-06-27,,Active
FRNM,Freenome Inc,NASDAQ,Stock,2026-07-20,,Active
FRNW,FIDELITY CLEAN ENERGY ETF ,BATS,ETF,2021-10-07,,Active
FRO,Frontline Plc,NYSE,Stock,2001-08-06,,Active
FROG,JFrog Ltd,NASDAQ,Stock,2020-09-16,,Active
FRPH,FRP Holdings Inc,NASDAQ,Stock,1990-03-26,,Active
FRPT,Freshpet Inc,NASDAQ,Stock,2014-11-07,,Active
FRRSF,Foremost Lithium Resource & Technology Ltd,NASDAQ,Stock,2016-12-09,,Active
FRSH,Freshworks Inc Class A,NASDAQ,Stock,2021-09-22,,Active
FRST,Primis Financial Corp,NASDAQ,Stock,2006-11-01,,Active
FRSX,Foresight Autonomous Holdings Ltd,NASDAQ,Stock,2017-06-15,,Active
FRT,Federal Realty Investment Trust.,NYSE,Stock,1973-05-03,,Active
FRT-P-C,Federal Realty Investment Trust.,NYSE,Stock,2017-09-26,,Active
FRTT,Fort Technology Inc,NASDAQ,Stock,2026-06-08,,Active
FRTY,ALGER MID CAP 40 ETF ,NYSE,ETF,2021-03-01,,Active
FRUT,Yorkville America MANGOS Plus Index ETF,NYSE ARCA,ETF,2026-08-31,,Active
FRVO,Fervo Energy Co. - Class A,NASDAQ,Stock,2026-05-13,,Active
FRWD,NOMURA TRANSFORMATIONAL TECHNOLOGIES ETF ,NASDAQ,ETF,2026-01-13,,Active
FSBC,Five Star Bancorp,NASDAQ,Stock,2021-05-04,,Active
FSBW,FS Bancorp Inc,NASDAQ,Stock,2012-07-10,,Active
FSCC,FEDERATED HERMES MDT SMALL CAP CORE ETF ,NYSE,ETF,2024-07-31,,Active
FSCO,FS Credit Opportunities Corp,NYSE,Stock,2022-11-14,,Active
FSCS,FIRST TRUST SMID CAPITAL STRENGTH ETF ,NASDAQ,ETF,2017-06-22,,Active
FSD,First Trust High Income Long Short Fund,NYSE,ETF,2010-09-28,,Active
FSEA,First Seacoast Bancorp Inc,NASDAQ,Stock,2019-07-17,,Active
FSEC,FIDELITY INVESTMENT GRADE SECURITIZED ETF ,NYSE,ETF,2021-03-04,,Active
FSEG,FIDELITY ENHANCED SMALL CAP GROWTH ETF ,NYSE,ETF,2026-04-30,,Active
FSEP,FT VEST U.S. EQUITY BUFFER ETF - SEPTEMBER ,BATS,ETF,2020-09-21,,Active
FSEV,FIDELITY ENHANCED SMALL CAP VALUE ETF ,NYSE,ETF,2026-04-30,,Active
FSGS,First Trust Small Cap US Equity Select ETF,NASDAQ,ETF,2017-06-22,,Active
FSHP,Flag Ship Acquisition Corp,NASDAQ,Stock,2024-08-15,,Active
FSHPR,Flag Ship Acquisition Corp,NASDAQ,Stock,2024-08-15,,Active
FSHPU,Flag Ship Acquisition Corp - Units (1 & 1 Rights),NASDAQ,Stock,2024-06-18,,Active
FSI,Flexible Solutions International Inc,AMEX,Stock,1999-10-12,,Active
FSIG,FIRST TRUST LIMITED DURATION INVESTMENT GRADE CORPORATE ETF ,NYSE,ETF,2021-11-18,,Active
FSK,FS KKR Capital Corp,NYSE,Stock,2014-04-16,,Active
FSLR,First Solar Inc,NASDAQ,Stock,2006-11-17,,Active
FSLY,Fastly Inc - Class A,NASDAQ,Stock,2019-05-17,,Active
FSM,Fortuna Silver Mines Inc,NYSE,Stock,2007-01-08,,Active
FSMB,FIRST TRUST SHORT DURATION MANAGED MUNICIPAL ETF ,NYSE,ETF,2018-11-27,,Active
FSMD,FIDELITY SMALL-MID MULTIFACTOR ETF ,NYSE,ETF,2019-02-28,,Active
FSML,FRANKLIN SMALL CAP ENHANCED ETF ,NYSE,Stock,2025-12-11,,Active
FSNB,Fusion Acquisition Corp II - Class A,NYSE,Stock,2021-04-19,,Active
FSNB-U,Fusion Acquisition Corp II - Units (1 Ord Share Class A & 1/3 War),NYSE,Stock,2021-02-26,,Active
FSOL,Fidelity Solana Fund,NYSE,Stock,2025-11-18,,Active
FSP,Franklin Street Properties Corp,AMEX,Stock,2005-06-02,,Active
FSPC,First Trust Bloomberg Space Economy ETF,NYSE ARCA,ETF,2026-07-09,,Active
FSS,Federal Signal Corp,NYSE,Stock,1982-03-01,,Active
FSSL,FS Specialty Lending Fund of Beneficial Interest,NYSE,Stock,2025-11-13,,Active
FSTA,FIDELITY MSCI CONSUMER STAPLES INDEX ETF ,NYSE,ETF,2013-10-24,,Active
FSTR,L.B. Foster Co. - Class A,NASDAQ,Stock,1990-03-26,,Active
FSUN,Firstsun Capital Bancorp,NASDAQ,Stock,2022-08-03,,Active
FSV,FirstService Corp,NASDAQ,Stock,2015-06-02,,Active
FSYD,FIDELITY SUSTAINABLE HIGH YIELD ETF ,NYSE,ETF,2022-02-17,,Active
FSZ,FIRST TRUST SWITZERLAND ALPHADEX FUND ,NASDAQ,ETF,2012-02-16,,Active
FT,Franklin Universal Trust,NYSE,ETF,1989-06-30,,Active
FTA,FIRST TRUST LARGE CAP VALUE ALPHADEX FUND ,NASDAQ,ETF,2007-05-11,,Active
FTAA,FTAC Athena Acquisition Corp - Class A,NASDAQ,Stock,2021-04-28,,Active
FTAAW,FTAC Athena Acquisition Corp - Warrants (01/03/2026),NASDAQ,Stock,2021-04-23,,Active
FTAG,FIRST TRUST INDXX GLOBAL AGRICULTURE ETF ,NASDAQ,ETF,2010-03-12,,Active
FTAI,FTAI Aviation Ltd - Class A,NASDAQ,Stock,2015-05-15,,Active
FTAIM,FTAI Aviation Ltd,NASDAQ,Stock,2023-03-16,,Active
FTAIN,FTAI Aviation Ltd,NASDAQ,Stock,2021-03-18,,Active
FTBD,FIDELITY TACTICAL BOND ETF ,NYSE,ETF,2023-01-26,,Active
FTBI,FIRST TRUST BALANCED INCOME ETF ,NYSE,ETF,2025-05-29,,Active
FTC,First Trust Large Capital Growth AlphaDEX Fund,NASDAQ,ETF,2007-05-11,,Active
FTCA,Franklin California Municipal Income ETF,NYSE,ETF,2025-10-27,,Active
FTCB,FIRST TRUST CORE INVESTMENT GRADE ETF ,NYSE,ETF,2023-11-08,,Active
FTCE,FIRST TRUST NEW CONSTRUCTS CORE EARNINGS LEADERS ETF ,NYSE,ETF,2024-10-03,,Active
FTCI,FTC Solar Inc,NASDAQ,Stock,2021-04-28,,Active
FTCS,FIRST TRUST CAPITAL STRENGTH ETF ,NASDAQ,ETF,2006-07-11,,Active
FTDR,Frontdoor Inc,NASDAQ,Stock,2018-10-01,,Active
FTDS,FIRST TRUST DIVIDEND STRENGTH ETF ,NASDAQ,ETF,2004-04-28,,Active
FTEC,FIDELITY MSCI INFORMATION TECHNOLOGY INDEX ETF ,NYSE,ETF,2013-10-24,,Active
FTEK,Fuel Tech Inc,NASDAQ,Stock,1993-09-07,,Active
FTEL,Fitell Corp,NASDAQ,Stock,2023-08-08,,Active
FTF,Franklin Ltd Duration Income Trust,AMEX,ETF,2003-09-04,,Active
FTFT,Future FinTech Group Inc,NASDAQ,Stock,2005-03-15,,Active
FTG,FullerThaler Behavioral Growth ETF,NASDAQ,ETF,2026-08-18,,Active
FTGC,FIRST TRUST GLOBAL TACTICAL COMMODITY STRATEGY FUND ,NASDAQ,ETF,2013-10-23,,Active
FTGS,FIRST TRUST GROWTH STRENGTH ETF ,NASDAQ,ETF,2022-10-26,,Active
FTH,Faeth Therapeutics Inc,NASDAQ,Stock,2021-02-04,,Active
FTHAU,Forefront Tech Holdings Acquisition Corp - Units (1 Ord Cls A & 1/2 War),NASDAQ,Stock,2026-04-30,,Active
FTHAW,Forefront Tech Holdings Acquisition Corp Warrant,NASDAQ,Stock,2026-06-22,,Active
FTHB,FIS Faith Income,NYSE,Stock,2026-03-19,,Active
FTHF,FIRST TRUST EMERGING MARKETS HUMAN FLOURISHING ETF ,NYSE,ETF,2023-10-31,,Active
FTHI,FIRST TRUST BUYWRITE INCOME ETF ,NASDAQ,ETF,2014-01-07,,Active
FTHM,Fathom Holdings Inc,NASDAQ,Stock,2020-07-31,,Active
FTHY,First Trust High Yield Opportunities 2027 Term Fund,NYSE,Stock,2020-06-26,,Active
FTI,TechnipFMC plc,NYSE,Stock,2001-06-14,,Active
FTIF,FIRST TRUST BLOOMBERG INFLATION SENSITIVE EQUITY ETF ,NYSE,ETF,2023-03-14,,Active
FTK,Flotek Industries Inc,NYSE,Stock,2005-07-27,,Active
FTKI,FIRST TRUST SMALL CAP BUYWRITE INCOME ETF ,NYSE,ETF,2025-02-27,,Active
FTLF,FitLife Brands Inc,NASDAQ,Stock,2007-11-02,,Active
FTLS,FIRST TRUST LONG/SHORT EQUITY ETF ,NYSE,ETF,2014-09-10,,Active
FTMA,Franklin Massachusetts Municipal Income ETF,NYSE,ETF,2025-11-10,,Active
FTMH,Franklin Municipal High Yield ETF,NYSE,ETF,2025-10-27,,Active
FTMN,Franklin Minnesota Municipal Income ETF,NYSE,ETF,2025-11-10,,Active
FTMS,Franklin ShortTerm Municipal Income ETF,NYSE,ETF,2025-10-27,,Active
FTMU,Franklin Municipal Income ETF,NYSE,ETF,2025-10-27,,Active
FTNJ,Franklin New Jersey Municipal Income ETF,NYSE,ETF,2025-11-10,,Active
FTNT,Fortinet Inc,NASDAQ,Stock,2009-11-18,,Active
FTNY,Putnam ETF Trust Franklin New York Municipal Income,NYSE,ETF,2025-10-27,,Active
FTOH,Franklin Ohio Municipal Income ETF,NYSE,ETF,2025-11-10,,Active
FTPA,FTAC Parnassus Acquisition Corp - Class A,NYSE,Stock,2021-05-07,,Active
FTPAW,FTAC Parnassus Acquisition Corp - Warrants (10/03/2026),NASDAQ,Stock,2021-05-07,,Active
FTQI,FIRST TRUST NASDAQ BUYWRITE INCOME ETF ,NASDAQ,ETF,2014-01-07,,Active
FTRA,FutureCorp Space Acquisition 1 - Class A,NYSE,Stock,2026-07-27,,Active
FTRA-U,FutureCorp Space Acquisition 1 - Units (1 Ord Cls A & 1/2 War),NYSE,Stock,2026-06-05,,Active
FTRA-WS,FutureCorp Space Acquisition 1 Redeemable warrants each whole warrant exercisable for one Class A ordinary share at an exercise price of 11.50,NYSE,Stock,2026-07-27,,Active
FTRB,FEDERATED HERMES TOTAL RETURN BOND ETF ,NYSE,ETF,2024-01-04,,Active
FTRE,Fortrea Holdings Inc,NASDAQ,Stock,2023-07-07,,Active
FTRI,FIRST TRUST INDXX GLOBAL NATURAL RESOURCES INCOME ETF ,NASDAQ,ETF,2015-12-21,,Active
FTRK,,NASDAQ,Stock,2026-08-17,,Active
FTS,Fortis Inc,NYSE,Stock,2016-01-04,,Active
FTSD,FRANKLIN SHORT DURATION U.S. GOVERNMENT ETF ,NYSE,ETF,2013-11-05,,Active
FTSL,FIRST TRUST SENIOR LOAN FUND ,NASDAQ,ETF,2013-05-02,,Active
FTSM,FIRST TRUST ENHANCED SHORT MATURITY ETF ,NASDAQ,ETF,2014-08-06,,Active
FTV,Fortive Corp,NYSE,Stock,2016-07-01,,Active
FTW,Presidio Production Co. - Class A,NYSE,Stock,2026-03-23,,Active
FTW-U,EQV Ventures Acquisition Corp Units each consisting of one Class A ordinary share and onethird of one redeemable warrant,NYSE,Stock,2025-11-06,,Active
FTW-WS,EQV Ventures Acquisition Corp Redeemable warrants each whole warrant exercisable for one Class A ordinary share at an exercise price of 11.50 per share,NYSE,Stock,2025-11-03,,Active
FTWO,STRIVE NATURAL RESOURCES AND SECURITY ETF ,NYSE,ETF,2023-08-31,,Active
FTWWS,EQV Ventures Acquisition Corp - Warrants (01/07/2031),NYSE,Stock,2024-09-27,,Active
FTXG,FIRST TRUST NASDAQ FOOD & BEVERAGE ETF ,NASDAQ,ETF,2016-10-10,,Active
FTXH,FIRST TRUST NASDAQ PHARMACEUTICALS ETF ,NASDAQ,ETF,2016-09-22,,Active
FTXL,FIRST TRUST NASDAQ SEMICONDUCTOR ETF ,NASDAQ,ETF,2016-09-21,,Active
FTXN,FIRST TRUST NASDAQ OIL & GAS ETF ,NASDAQ,ETF,2016-09-23,,Active
FTXO,FIRST TRUST NASDAQ BANK ETF ,NASDAQ,ETF,2016-10-07,,Active
FTXR,FIRST TRUST NASDAQ TRANSPORTATION ETF ,NASDAQ,ETF,2016-09-22,,Active
FUBO,fuboTV Inc - Class A,NYSE,Stock,2017-11-30,,Active
FUFU,BitFuFu Inc - Class A,NASDAQ,Stock,2024-02-29,,Active
FUFUW,BitFuFu Inc - Warrants (01/03/2029),NASDAQ,Stock,2024-03-01,,Active
FUL,H.B. Fuller Company,NYSE,Stock,1990-03-26,,Active
FULC,Fulcrum Therapeutics Inc,NASDAQ,Stock,2019-07-18,,Active
FULT,Fulton Financial Corp,NASDAQ,Stock,1990-03-26,,Active
FULTP,Fulton Financial Corp,NASDAQ,Stock,2020-10-23,,Active
FUMB,FIRST TRUST ULTRA SHORT DURATION MUNICIPAL ETF ,NYSE,ETF,2018-11-05,,Active
FUN,Six Flags Entertainment Corp,NYSE,Stock,1987-04-23,,Active
FUNC,First United Corporation,NASDAQ,Stock,1992-09-08,,Active
FUND,Sprott Focus Trust Inc,NASDAQ,Stock,1992-02-25,,Active
FUNL,CORNERCAP FUNDAMETRICS LARGE-CAP ETF ,BATS,ETF,2020-08-20,,Active
FURY,Fury Gold Mines Ltd,AMEX,Stock,2011-03-11,,Active
FUSB,First US Bancshares Inc,NASDAQ,Stock,1999-01-11,,Active
FUSE,Fuisz Technologies Ltd,NASDAQ,Stock,2025-10-23,,Active
FUSEW,Fusemachines Inc Warrants,NASDAQ,Stock,2025-10-23,,Active
FUSI,AMERICAN CENTURY MULTISECTOR FLOATING INCOME ETF ,NYSE,ETF,2023-03-16,,Active
FUTG,LEVERAGE SHARES 2X LONG FUTU DAILY ETF ,NASDAQ,ETF,2025-10-14,,Active
FUTU,Futu Holdings Ltd,NASDAQ,Stock,2019-03-08,,Active
FUTY,FIDELITY MSCI UTILITIES INDEX ETF ,NYSE,ETF,2013-10-24,,Active
FV,FIRST TRUST DORSEY WRIGHT FOCUS 5 ETF ,NASDAQ,ETF,2014-03-06,,Active
FVAL,FIDELITY VALUE FACTOR ETF ,NYSE,ETF,2016-09-15,,Active
FVAV,Fortress Value Acquisition Corp V - Class A,NASDAQ,Stock,2026-02-26,,Active
FVC,FIRST TRUST DORSEY WRIGHT DYNAMIC FOCUS 5 ETF ,NASDAQ,ETF,2016-03-18,,Active
FVCB,FVCBankcorp Inc,NASDAQ,Stock,2013-11-07,,Active
FVD,FIRST TRUST VALUE LINE DIVIDEND INDEX FUND ,NYSE,ETF,2003-10-09,,Active
FVN,Future Vision II Acquisition Corporation,NASDAQ,Stock,2024-11-04,,Active
FVNNR,Future Vision II Acquisition Corporation Right,NASDAQ,Stock,2024-11-04,,Active
FVNNU,Future Vision II Acquisition Corp - Units (1 Ord Shs & 1 Rts),NASDAQ,Stock,2024-09-12,,Active
FVR,FrontView REIT Inc,NYSE,Stock,2024-10-02,,Active
FVRR,Fiverr International Ltd,NYSE,Stock,2019-06-13,,Active
FWAC,Futurewave Acquisition Corp,NASDAQ,Stock,2026-07-31,,Active
FWACR,Futurewave Acquisition Corp,NASDAQ,Stock,2026-07-31,,Active
FWACU,Futurewave Acquisition Corp - Units (1 Ord Shs1 War & 1 Rts),NASDAQ,Stock,2026-06-30,,Active
FWACW,Futurewave Acquisition Corp - Warrants (04/06/2031),NASDAQ,Stock,2026-07-31,,Active
FWD,AB DISRUPTORS ETF ,NYSE,ETF,2023-03-22,,Active
FWDI,Forward Industries Inc,NASDAQ,Stock,1995-06-15,,Active
FWONA,Liberty Media Corp (New Liberty Formula One) Series A,NASDAQ,Stock,2013-01-10,,Active
FWONK,Liberty Media Corp (New Liberty Formula One) Series C,NASDAQ,Stock,2014-07-08,,Active
FWP,,NASDAQ,Stock,2022-12-27,,Active
FWRD,Forward Air Corp,NASDAQ,Stock,1993-11-16,,Active
FWRG,First Watch Restaurant Group Inc,NASDAQ,Stock,2021-10-01,,Active
FXA,Invesco CurrencyShares Australian Dollar Trust,NYSE,ETF,2006-06-26,,Active
FXAC,FortuneX Acquisition Corp - Class A,NASDAQ,Stock,2026-07-07,,Active
FXACU,FortuneX Acquisition Corp - Units (1 Ord Cls & 1/2 War),NASDAQ,Stock,2026-05-22,,Active
FXACW,FortuneX Acquisition Corp - Warrants (01/01/9999),NASDAQ,Stock,2026-07-07,,Active
FXB,Invesco CurrencyShares British Pound Sterling Trust,NYSE,ETF,2006-06-26,,Active
FXC,Invesco CurrencyShares Canadian Dollar Trust,NYSE,ETF,2006-06-26,,Active
FXCO,Financial Strategies Acquisition Corp - Class A,NASDAQ,Stock,2022-01-10,,Active
FXCOR,Financial Strategies Acquisition Corp,NASDAQ,Stock,2022-01-12,,Active
FXCOW,Financial Strategies Acquisition Corp - Warrants (31/03/2028),NASDAQ,Stock,2022-01-10,,Active
FXD,FIRST TRUST CONSUMER DISCRETIONARY ALPHADEX FUND ,NYSE,ETF,2007-05-10,,Active
FXE,Invesco CurrencyShares Euro Trust,NYSE,ETF,2005-12-12,,Active
FXED,SOUND ENHANCED FIXED INCOME ETF ,NYSE,ETF,2020-12-31,,Active
FXF,Invesco CurrencyShares Swiss Franc Trust,NYSE,ETF,2006-06-26,,Active
FXG,FIRST TRUST CONSUMER STAPLES ALPHADEX FUND ,NYSE,ETF,2007-05-10,,Active
FXH,FIRST TRUST HEALTH CARE ALPHADEX FUND ,NYSE,ETF,2007-05-10,,Active
FXHO,UTime Ltd,NASDAQ,Stock,2026-07-01,,Active
FXI,ISHARES CHINA LARGE-CAP ETF ,NYSE,ETF,2004-10-08,,Active
FXL,FIRST TRUST TECHNOLOGY ALPHADEX FUND ,NYSE,ETF,2007-05-10,,Active
FXN,FIRST TRUST ENERGY ALPHADEX FUND ,NYSE,ETF,2007-05-10,,Active
FXNC,First National Corp (Strasburg VA),NASDAQ,Stock,2001-01-02,,Active
FXO,FIRST TRUST FINANCIALS ALPHADEX FUND ,NYSE,ETF,2007-05-10,,Active
FXP,ProShares UltraShort FTSE China 50 -2x Shares,NYSE,ETF,2007-11-08,,Active
FXR,FIRST TRUST INDUSTRIALS/PRODUCER DURABLES ALPHADEX FUND ,NYSE,ETF,2007-05-10,,Active
FXU,FIRST TRUST UTILITIES ALPHADEX FUND ,NYSE,ETF,2007-05-10,,Active
FXY,Invesco CurrencyShares Japanese Yen Trust,NYSE,ETF,2007-02-13,,Active
FXZ,FIRST TRUST MATERIALS ALPHADEX FUND ,NYSE,ETF,2007-05-10,,Active
FYC,FIRST TRUST SMALL CAP GROWTH ALPHADEX FUND ,NASDAQ,ETF,2011-04-20,,Active
FYEE,FIDELITY YIELD ENHANCED EQUITY ETF ,BATS,ETF,2024-04-11,,Active
FYLD,CAMBRIA FOREIGN SHAREHOLDER YIELD ETF ,BATS,ETF,2013-12-03,,Active
FYT,FIRST TRUST SMALL CAP VALUE ALPHADEX FUND ,NASDAQ,ETF,2011-04-20,,Active
FYX,FIRST TRUST SMALL CAP CORE ALPHADEX FUND ,NASDAQ,ETF,2007-05-10,,Active
G,Genpact Ltd,NYSE,Stock,2007-08-02,,Active
GAA,CAMBRIA GLOBAL ASSET ALLOCATION ETF ,BATS,ETF,2014-12-10,,Active
GAB,Gabelli Equity Trust Inc,NYSE,ETF,1987-11-05,,Active
GAB-P-G,Gabelli Equity Trust Inc,NYSE,Stock,2014-09-22,,Active
GAB-P-H,Gabelli Equity Trust Inc,NYSE,Stock,2014-09-22,,Active
GAB-P-K,Gabelli Equity Trust Inc,NYSE,Stock,2019-12-11,,Active
GAB-R-W,Gabelli Equity Trust Inc The Rights expiring April 14 2026 Rights when issued,NYSE,Stock,2026-02-27,,Active
GABC,German American Bancorp Inc,NASDAQ,Stock,1993-05-21,,Active
GABF,GABELLI FINANCIAL SERVICES OPPORTUNITIES ETF ,NYSE,ETF,2022-05-10,,Active
GAEM,Simplify Gamma Emerging Market Bond ETF,NYSE,ETF,2024-08-13,,Active
GAIA,Gaia Inc - Class A,NASDAQ,Stock,1999-10-29,,Active
GAID,GUINNESS ATKINSON INTERNATIONAL DIVIDEND BUILDER ETF ,NYSE,ETF,2025-12-22,,Active
GAIN,Gladstone Investment Corporation,NASDAQ,Stock,2005-06-23,,Active
GAING,Gladstone Investment Corporation,NASDAQ,Stock,2026-02-19,,Active
GAINI,Gladstone Investment Corporation,NASDAQ,Stock,2024-12-18,,Active
GAINZ,Gladstone Investment Corporation,NASDAQ,Stock,2021-08-19,,Active
GAIQ,Guinness Atkinson Global Innovators Fund ETF Class Shares,NYSE ARCA,ETF,2026-08-12,,Active
GAL,STATE STREET(R) GLOBAL ALLOCATION ETF ,NYSE,ETF,2012-04-26,,Active
GALT,Galectin Therapeutics Inc,NASDAQ,Stock,2002-09-09,,Active
GALX,VistaShares Space Supercycle ETF,NYSE ARCA,ETF,2026-07-16,,Active
GAM,General American Investors Co. Inc,NYSE,ETF,1985-07-01,,Active
GAM-P-B,General American Investors Co. Inc,NYSE,Stock,2003-10-06,,Active
GAME,GameSquare Holdings Inc,NASDAQ,Stock,2018-01-26,,Active
GAMR,Amplify Video Game Tech ETF,NYSE,ETF,2016-03-10,,Active
GANX,Gain Therapeutics Inc,NASDAQ,Stock,2021-03-18,,Active
GAP,Gap Inc,NYSE,Stock,1987-07-23,,Active
GAPR,FT VEST U.S. EQUITY MODERATE BUFFER ETF - APRIL ,BATS,ETF,2023-04-24,,Active
GARA,GUINNESS ATKINSON REAL ASSETS INCOME ETF ,NYSE,ETF,2025-12-22,,Active
GARP,ISHARES MSCI USA QUALITY GARP ETF ,BATS,ETF,2020-01-16,,Active
GARY,MANGO GROWTH ETF ,NASDAQ,ETF,2025-12-22,,Active
GASL,DIREXION DAILY NATURAL GAS RELATED BULL 3X SHARES ,NYSE ARCA,ETF,2010-07-14,,Active
GASS,StealthGas Inc,NASDAQ,Stock,2005-10-06,,Active
GATE,VISTASHARES TARGET 15 GATE ENDOWMENT DISTRIBUTION ETF ,NASDAQ,ETF,2021-11-22,,Active
GATEU,Marblegate Acquisition Corp - Units (1 Ord Share Class A & 1/2 War),NASDAQ,Stock,2021-10-01,,Active
GATEW,Marblegate Acquisition Corp - Warrants (31/08/2026),NASDAQ,Stock,2021-11-22,,Active
GATX,GATX Corp,NYSE,Stock,1987-11-05,,Active
GAU,Galiano Gold Inc,AMEX,Stock,2008-01-02,,Active
GAUD,GUINNESS ATKINSON US DIVIDEND BUILDER ETF ,NYSE,ETF,2025-12-22,,Active
GAUG,FT VEST U.S. EQUITY MODERATE BUFFER ETF - AUGUST ,BATS,ETF,2023-08-21,,Active
GAUZ,Gauzy Ltd,NASDAQ,Stock,2024-06-06,,Active
GAVA,Grayscale Avalanche Trust ETF,NASDAQ,ETF,2026-03-12,,Active
GBAB,Guggenheim Taxbl Muni Bnd & Invtmnt Grd Debt Trst Com Shrs Of benf Int,NYSE,ETF,2010-10-28,,Active
GBBKW,Global Blockchain Acquisition Corp - Warrants (09/05/2027),NASDAQ,Stock,2022-06-16,,Active
GBCI,Glacier Bancorp Inc,NYSE,Stock,1992-01-27,,Active
GBDC,Golub Capital BDC Inc,NASDAQ,Stock,2010-04-15,,Active
GBFH,GBank Financial Holdings Inc,NASDAQ,Stock,2021-02-18,,Active
GBHI,GABELLI HIGH INCOME ETF ,NYSE,ETF,2025-11-17,,Active
GBIL,GOLDMAN SACHS ACCESS TREASURY 0-1 YEAR ETF ,NYSE,ETF,2016-09-08,,Active
GBLI,Global Indemnity Group LLC - Class A,NASDAQ,Stock,2003-12-16,,Active
GBND,GENERAL BINDING LLC,NYSE,Stock,2025-06-26,,Active
GBR,New Concept Energy Inc,AMEX,Stock,1993-03-26,,Active
GBRG,SunCar Technology Group Inc,NASDAQ,Stock,2021-04-16,,Active
GBTC,Grayscale Investments LLC,NYSE,ETF,2015-05-04,,Active
GBTG,Global Business Travel Group Inc - Class A,NYSE,Stock,2020-11-23,,Active
GBUG,Sprott Active Gold & Silver Miners,NASDAQ,ETF,2025-02-20,,Active
GBX,Greenbrier Cos. Inc,NYSE,Stock,1994-07-14,,Active
GBXA,Goldman Sachs U.S. Large Cap Buffer 1 ETF,BATS,ETF,2025-01-02,,Active
GBXB,Goldman Sachs U.S. Large Cap Buffer 2 ETF,BATS,ETF,2025-02-03,,Active
GBXC,Goldman Sachs U.S. Large Cap Buffer 3 ETF,BATS,ETF,2025-03-03,,Active
GCAD,GABELLI COMMERCIAL AEROSPACE AND DEFENSE ETF ,NYSE,ETF,2023-01-04,,Active
GCAL,GOLDMAN SACHS DYNAMIC CALIFORNIA MUNICIPAL INCOME ETF ,NYSE,ETF,2024-07-25,,Active
GCBC,Greene County Bancorp Inc,NASDAQ,Stock,1999-06-30,,Active
GCC,WISDOMTREE ENHANCED COMMODITY STRATEGY FUND ,NYSE,ETF,2008-01-24,,Active
GCDT,Green Circle Decarbonize Technology Ltd - Class A,NYSE MKT,Stock,2026-08-12,,Active
GCGR,General Catalyst Global Resilience Merger Corp,NASDAQ,Stock,2026-06-22,,Active
GCGRU,General Catalyst Global Resilience Merger Corp - Units (1 Ord Cls A & 1/4 War),NASDAQ,Stock,2026-04-30,,Active
GCGRW,General Catalyst Global Resilience Merger Corp Warrants,NASDAQ,Stock,2026-06-23,,Active
GCL,GCL Global Holdings Ltd,NASDAQ,Stock,2025-02-13,,Active
GCLO,Guggenheim Investment Grade CLO ETF,NYSE ARCA,ETF,2026-08-20,,Active
GCLWW,GCL Global Holdings Ltd Warrants,NASDAQ,Stock,2025-02-14,,Active
GCMG,GCM Grosvenor Inc - Class A,NASDAQ,Stock,2020-11-18,,Active
GCMGW,GCM Grosvenor Inc - Warrants (17/11/2025),NASDAQ,Stock,2020-11-18,,Active
GCO,Genesco Inc,NYSE,Stock,1985-07-01,,Active
GCOR,GOLDMAN SACHS ACCESS U.S. AGGREGATE BOND ETF ,NYSE,ETF,2020-09-10,,Active
GCOW,PACER GLOBAL CASH COWS DIVIDEND ETF ,BATS,ETF,2016-02-23,,Active
GCPB,Goldman Sachs Core Plus Bond ETF,NYSE,ETF,2026-08-10,,Active
GCSH,Guggenheim Ultra Short Income ETF,NYSE ARCA,ETF,2026-06-15,,Active
GCT,GigaCloud Technology Inc - Class A,NASDAQ,Stock,2022-08-18,,Active
GCTK,GlucoTrack Inc,NASDAQ,Stock,2013-04-25,,Active
GCTS,GCT Semiconductor Holding Inc,NYSE,Stock,2024-03-27,,Active
GCTS-WS,GCT Semiconductor Holding Inc Wt Exp,NYSE,Stock,2024-03-27,,Active
GCTSW,GCT Semiconductor Holding Inc - Warrants (03/01/2029),NYSE,Stock,2021-12-27,,Active
GCV,Gabelli Convertible and Income Securities Fund Inc,NYSE,ETF,1995-03-31,,Active
GD,General Dynamics Corp,NYSE,Stock,1977-01-03,,Active
GDC,GD Culture Group Ltd,NASDAQ,Stock,2015-12-29,,Active
GDDY,Godaddy Inc - Class A,NYSE,Stock,2015-04-01,,Active
GDE,WISDOMTREE EFFICIENT GOLD PLUS EQUITY STRATEGY FUND ,BATS,ETF,2022-03-17,,Active
GDEC,FT VEST U.S. EQUITY MODERATE BUFFER ETF - DECEMBER ,BATS,ETF,2023-12-18,,Active
GDEV,GDEV Inc,NASDAQ,Stock,2020-10-05,,Active
GDFN,Tema International Defense Innovation ETF,NASDAQ,ETF,2025-09-25,,Active
GDHG,Golden Heaven Group Holdings Ltd - Class A,NASDAQ,Stock,2023-04-12,,Active
GDIV,HARBOR DIVIDEND GROWTH LEADERS ETF ,NYSE,ETF,2022-05-23,,Active
GDL,GDL Fund,NYSE,ETF,2007-04-23,,Active
GDLC,Grayscale CoinDesk Crypto 5 ETF,NYSE,ETF,2019-11-22,,Active
GDMA,GADSDEN DYNAMIC MULTI-ASSET ETF ,BATS,ETF,2018-11-15,,Active
GDMN,WISDOMTREE EFFICIENT GOLD PLUS GOLD MINERS STRATEGY FUND ,BATS,ETF,2021-12-16,,Active
GDO,Western Asset Global Corporate Defined Opportunity Fund Inc,NYSE,ETF,2009-11-24,,Active
GDOC,GOLDMAN SACHS FUTURE HEALTH CARE EQUITY ETF ,NYSE,ETF,2021-11-11,,Active
GDOG,Grayscale Dogecoin Trust ETF.,NYSE,ETF,2025-11-24,,Active
GDOT,Green Dot Corp - Class A,NYSE,Stock,2010-07-22,,Active
GDRX,GoodRx Holdings Inc - Class A,NASDAQ,Stock,2020-09-23,,Active
GDS,GDS Holdings Ltd,NASDAQ,Stock,2016-11-02,,Active
GDT,WISDOMTREE EFFICIENT TIPS PLUS GOLD FUND ,BATS,Stock,2026-01-22,,Active
GDTC,CytoMed Therapeutics Ltd,NASDAQ,Stock,2023-04-14,,Active
GDV,Gabelli Dividend & Income Trust,NYSE,ETF,2003-11-25,,Active
GDV-P-H,Gabelli Dividend & Income Trust,NYSE,Stock,2019-06-05,,Active
GDV-P-K,Gabelli Dividend & Income Trust,NYSE,Stock,2021-10-05,,Active
GDVD,COPPER PLACE GLOBAL DIVIDEND GROWTH ETF ,NYSE ARCA,ETF,2022-03-31,,Active
GDX,VANECK GOLD MINERS ETF ,NYSE,ETF,2006-05-22,,Active
GDXD,Bank of Montreal,NYSE,Stock,2020-12-03,,Active
GDXJ,VANECK JUNIOR GOLD MINERS ETF ,NYSE,ETF,2009-11-11,,Active
GDXU,Bank of Montreal,NYSE,Stock,2020-12-03,,Active
GDXW,ROUNDHILL GOLD MINERS WEEKLYPAY ETF ,BATS,ETF,2025-10-30,,Active
GDXY,YIELDMAX(R) GOLD MINERS OPTION INCOME STRATEGY ETF ,NYSE,ETF,2024-05-21,,Active
GDYN,Grid Dynamics Holdings Inc - Class A,NASDAQ,Stock,2018-10-30,,Active
GE,General Electric Company,NYSE,Stock,1962-01-02,,Active
GECC,Great Elm Capital Corp,NASDAQ,Stock,2016-11-04,,Active
GECCG,Great Elm Capital Corp,NASDAQ,Stock,2025-09-12,,Active
GECCH,Great Elm Capital Corp,NASDAQ,Stock,2024-09-26,,Active
GECCI,Great Elm Capital Corp,NASDAQ,Stock,2024-04-18,,Active
GEEQ,Guggenheim Enhanced Equity Income ETF,NYSE ARCA,ETF,2026-08-20,,Active
GEF,Greif Inc - Class A,NYSE,Stock,1996-02-28,,Active
GEF-B,Greif Inc - Class B,NYSE,Stock,2003-10-07,,Active
GEG,Great Elm Group Inc,NASDAQ,Stock,2020-12-29,,Active
GEGGL,Great Elm Group Inc,NASDAQ,Stock,2022-06-21,,Active
GEHC,GE HealthCare Technologies Inc,NASDAQ,Stock,2023-01-04,,Active
GEHCV,GE HealthCare Technologies Inc,NASDAQ,Stock,2022-12-15,,Active
GEL,Genesis Energy L.P.,NYSE,Stock,1996-11-27,,Active
GELS,Gelteq Ltd,NASDAQ,Stock,2024-10-29,,Active
GEM,GOLDMAN SACHS ACTIVEBETA(R) EMERGING MARKETS EQUITY ETF ,NYSE,ETF,2015-09-29,,Active
GEMD,GOLDMAN SACHS ACCESS EMERGING MARKETS USD BOND ETF ,BATS,ETF,2022-02-17,,Active
GEME,PACIFIC NOS GLOBAL EM EQUITY ACTIVE ETF ,NASDAQ,ETF,2025-01-23,,Active
GEMG,Leverage Shares 2X Long GEMI Daily ETF,NASDAQ,ETF,2025-11-05,,Active
GEMI,Gemini Space Station Inc - Class A,NASDAQ,Stock,2025-09-12,,Active
GEMQ,Goldman Sachs Data Enhanced Emerging Markets Equity ETF,NASDAQ,ETF,2026-09-11,,Active
GEN,Gen Digital Inc,NASDAQ,Stock,1990-03-26,,Active
GENB,Generate Biomedicines Inc,NASDAQ,Stock,2026-02-27,,Active
GENC,Gencor Industries Inc,AMEX,Stock,2003-07-15,,Active
GEND,GENTER CAPITAL DIVIDEND INCOME ETF ,NYSE,ETF,2025-01-13,,Active
GENI,Genius Sports Ltd,NYSE,Stock,2021-04-21,,Active
GENK,GEN Restaurant Group Inc - Class A,NASDAQ,Stock,2023-06-28,,Active
GENM,GENTER CAPITAL MUNICIPAL QUALITY INTERMEDIATE ETF ,NYSE,ETF,2024-05-22,,Active
GENQU,ESGL Holdings Ltd - Units (1 Ord Share Class A & 1 War),NASDAQ,Stock,2022-02-15,,Active
GENT,GENTER CAPITAL TAXABLE QUALITY INTERMEDIATE ETF ,NYSE,ETF,2024-05-22,,Active
GENVR,Gen Digital Inc,NASDAQ,Stock,2025-04-21,,Active
GENW,GENTER CAPITAL INTERNATIONAL DIVIDEND ETF ,NYSE,ETF,2025-01-13,,Active
GENY,Principal Millennial GlobalGrowth ETF,NASDAQ,ETF,2016-08-22,,Active
GENZ,VANECK DIGITAL NATIVE ECONOMY ETF ,NASDAQ,ETF,2008-01-24,,Active
GEO,Geo Group Inc,NYSE,Stock,1994-07-28,,Active
GEOA,WISDOMTREE GEOALPHA OPPORTUNITIES FUND ,NYSE,ETF,2025-07-08,,Active
GEOS,Geospace Technologies Corp,NASDAQ,Stock,1997-11-21,,Active
GEQ,Cambria Global EW 2 ETF,NASDAQ,ETF,2026-06-09,,Active
GER,Goldman Sachs MLP and Energy Renaissance Fund,NYSE,ETF,2014-09-26,,Active
GERM,ETFMG Treatments Testing and Advancements ETF,NYSE ARCA,ETF,2020-06-18,,Active
GERN,Geron Corp,NASDAQ,Stock,1996-07-31,,Active
GET,GetnetAdquirencia e Servicos para Meios de Pagamento S.A. - Instituica,NASDAQ,Stock,2021-10-22,,Active
GETR-WS,Getaround Inc Warrants each whole warrant exercisable for one share of Common Stock at an exercise price of 11.50 per share,NYSE,Stock,2022-12-09,,Active
GETY,Getty Images Holdings Inc - Class A,NYSE,Stock,2020-09-21,,Active
GEV,GE Vernova LLC,NYSE,Stock,2024-03-27,,Active
GEV-W,GE Vernova Inc WhenIssued,NYSE,Stock,2024-03-27,,Active
GEVC,Corgi GEV 2x Daily ETF,BATS,ETF,2026-07-10,,Active
GEVG,Leverage Shares 2X Long GEV Daily ETF,NASDAQ,ETF,2025-12-16,,Active
GEVO,Gevo Inc,NASDAQ,Stock,2011-02-09,,Active
GEVX,TRADR 2X LONG GEV DAILY ETF ,BATS,ETF,2025-07-11,,Active
GEW,CAMBRIA GLOBAL EW ETF ,NASDAQ,ETF,2025-09-24,,Active
GF,New Germany Fund Inc,NYSE,ETF,1990-01-25,,Active
GFAI,Guardforce AI Co Ltd,NASDAQ,Stock,2021-01-08,,Active
GFAIW,Guardforce AI Co Ltd - Warrants (01/09/2026),NASDAQ,Stock,2021-09-29,,Active
GFEB,FT VEST U.S. EQUITY MODERATE BUFFER ETF - FEBRUARY ,BATS,ETF,2023-02-21,,Active
GFF,Griffon Corp,NYSE,Stock,1973-05-03,,Active
GFGF,GURU FAVORITE STOCKS ETF ,NASDAQ,ETF,2021-12-16,,Active
GFI,Gold Fields Ltd,NYSE,Stock,1991-05-01,,Active
GFL,GFL Environmental Inc (Sub Voting),NYSE,Stock,2020-03-03,,Active
GFLW,VICTORYSHARES FREE CASH FLOW GROWTH ETF ,NASDAQ,ETF,2024-12-04,,Active
GFR,Greenfire Resources Ltd,NYSE,Stock,2023-09-21,,Active
GFR-R,Greenfire Resources Ltd Rights expiring December 16 2025 Rights,NYSE,Stock,2025-11-25,,Active
GFR-R-W,Greenfire Resources Ltd Rights expiring December 16 2025 Rights when issued,NYSE,Stock,2025-11-17,,Active
GFS,GlobalFoundries Inc,NASDAQ,Stock,2021-10-28,,Active
GFUZ,General Fusion Group Ltd,NASDAQ,Stock,2026-07-10,,Active
GFUZW,General Fusion Group Ltd Wt Exp,NASDAQ,Stock,2026-07-13,,Active
GGAL,Grupo Financiero Galicia,NASDAQ,Stock,2000-07-25,,Active
GGB,Gerdau S.A.,NYSE,Stock,1999-03-10,,Active
GGG,Graco Inc,NYSE,Stock,1986-07-09,,Active
GGLL,DIREXION DAILY GOOGL BULL 2X SHARES ,NASDAQ,ETF,2022-09-07,,Active
GGLS,Direxion Daily GOOGL Bear 1X ETF,NASDAQ,ETF,2022-09-07,,Active
GGM,GGM MACRO ALIGNMENT ETF ,NYSE,ETF,2013-06-26,,Active
GGME,INVESCO NEXT GEN MEDIA AND GAMING ETF ,NYSE,ETF,2005-06-23,,Active
GGN,GAMCO Global Gold Natural Resources & Income Trust,AMEX,ETF,2005-03-29,,Active
GGN-P-B,GAMCO Global Gold Natural Resources & Income Trust,AMEX,Stock,2014-09-22,,Active
GGOV,iShares Global Government Bond USD Hedged Active,NYSE,ETF,2025-06-26,,Active
GGR,Gogoro Inc - Class A,NASDAQ,Stock,2021-03-01,,Active
GGROW,Gogoro Inc - Warrants (04/04/2027),NASDAQ,Stock,2021-03-01,,Active
GGRW,GABELLI GROWTH INNOVATORS ETF ,NYSE,ETF,2021-02-16,,Active
GGT,Gabelli Multimedia Trust Inc,NYSE,ETF,1994-12-19,,Active
GGT-P-E,Gabelli Multimedia Trust Inc,NYSE,Stock,2017-09-22,,Active
GGT-P-G,Gabelli Multimedia Trust Inc,NYSE,Stock,2019-12-18,,Active
GGT-R-W,Gabelli MultiMedia Trust Inc The Rights expiring July 22 2024 Rights when issued,NYSE,Stock,2024-07-02,,Active
GGTL,GABELLI GLOBAL TECHNOLOGY LEADERS ETF ,NYSE,ETF,2022-01-05,,Active
GGUS,GOLDMAN SACHS MARKETBETA(R) RUSSELL 1000 GROWTH EQUITY ETF ,NYSE,ETF,2023-11-30,,Active
GGZ,Gabelli Global Small and Mid Cap Value Trust,NYSE,ETF,2014-07-03,,Active
GH,Guardant Health Inc,NASDAQ,Stock,2018-10-04,,Active
GHC,Graham Holdings Co. - Class B,NYSE,Stock,1990-01-24,,Active
GHEE,GOOSE HOLLOW ENHANCED EQUITY ETF ,BATS,ETF,2023-11-20,,Active
GHG,GreenTree Hospitality Group Ltd,NYSE,Stock,2018-03-27,,Active
GHI,Greystone Housing Impact Investors LP,NYSE,Stock,1986-04-02,,Active
GHM,Graham Corp,NYSE,Stock,1992-03-17,,Active
GHMS,GOOSE HOLLOW MULTI-STRATEGY INCOME ETF ,BATS,ETF,2023-11-15,,Active
GHRS,GH Research PLC,NASDAQ,Stock,2021-06-25,,Active
GHTA,GOOSE HOLLOW TACTICAL ALLOCATION ETF ,BATS,ETF,2021-11-17,,Active
GHXI,Gores Holdings XI Inc - Class A,NASDAQ,Stock,2026-08-13,,Active
GHXIU,Gores Holdings XI Inc Units,NASDAQ,Stock,2026-06-23,,Active
GHXIW,Gores Holdings XI Inc - Warrants (24/06/2031),NASDAQ,Stock,2026-08-14,,Active
GHY,PGIM Global High Yield Fund Inc,NYSE,ETF,2012-12-24,,Active
GHYB,GOLDMAN SACHS ACCESS HIGH YIELD CORPORATE BOND ETF ,NYSE,ETF,2017-09-07,,Active
GHYG,ISHARES US & INTL HIGH YIELD CORP BOND ETF ,BATS,ETF,2012-04-05,,Active
GIACU,Gesher I Acquisition Corp - Units (1 Ord Share & 1/2 War),NASDAQ,Stock,2021-10-12,,Active
GIAX,NICHOLAS GLOBAL EQUITY AND INCOME ETF ,NYSE,ETF,2024-07-30,,Active
GIB,CGI Inc - Class A,NYSE,Stock,1998-10-07,,Active
GIBO,GIBO Holdings Ltd,NASDAQ,Stock,2025-05-08,,Active
GIBOW,GIBO Holdings Ltd Warrants,NASDAQ,Stock,2025-05-09,,Active
GIC,Global Industrial Company,NYSE,Stock,1995-06-27,,Active
GIEQ,GOLDMAN SACHS DATA ENHANCED INTERNATIONAL EQUITY ETF ,NASDAQ,Stock,2026-05-21,,Active
GIF,REX GROWTH & INCOME UNIVERSE ETF ,BATS,ETF,2026-02-26,,Active
GIFI,Gulf Island Fabrication Inc,NASDAQ,Stock,1997-04-04,,Active
GIFT,RDE Inc,NASDAQ,Stock,2011-06-08,,Active
GIG,GigCapital7 Corp - Class A,NASDAQ,Stock,2024-09-11,,Active
GIGB,GOLDMAN SACHS ACCESS INVESTMENT GRADE CORPORATE BOND ETF ,NYSE,ETF,2017-06-08,,Active
GIGGW,GigCapital7 Corp - Warrants (29/08/2029),NASDAQ,Stock,2024-09-11,,Active
GIGL,Giggles N Hugs Inc,NYSE,Stock,2012-11-27,,Active
GIGM,Gigamedia,NASDAQ,Stock,2000-02-18,,Active
GII,STATE STREET(R) SPDR(R) S&P(R) GLOBAL INFRASTRUCTURE ETF ,NYSE,ETF,2007-01-31,,Active
GIII,G-III Apparel Group Ltd,NASDAQ,Stock,1990-03-26,,Active
GIL,Gildan Activewear Inc,NYSE,Stock,1998-06-19,,Active
GILD,Gilead Sciences Inc,NASDAQ,Stock,1992-01-22,,Active
GILT,Gilat Satellite Networks,NASDAQ,Stock,1993-03-26,,Active
GINC,Goldman Sachs Income ETF,NYSE ARCA,ETF,2026-08-10,,Active
GIND,Goldman Sachs India Equity ETF,NASDAQ,ETF,2025-04-03,,Active
GINN,GOLDMAN SACHS INNOVATE EQUITY ETF ,NYSE,ETF,2020-11-09,,Active
GINX,SGI ENHANCED GLOBAL INCOME ETF ,NASDAQ,ETF,2024-02-29,,Active
GIPR,Generation Income Properties Inc,NASDAQ,Stock,2021-10-05,,Active
GIPRW,Generation Income Properties Inc - Warrants (03/09/2026),NASDAQ,Stock,2021-10-05,,Active
GIS,General Mills Inc,NYSE,Stock,1983-06-10,,Active
GISC,Guggenheim Securitized Income ETF,NYSE ARCA,ETF,2026-06-15,,Active
GITS,Global Interactive Technologies Inc Common Stock,NASDAQ,Stock,2024-12-17,,Active
GIW,GigInternational1 Inc,NASDAQ,Stock,2021-07-12,,Active
GIWWR,GigCapital8 Corp Rights,NASDAQ,Stock,2025-10-27,,Active
GIWWU,GigCapital8 Corp - Units (1 Ord Cls A & 1 Rts),NASDAQ,Stock,2025-10-06,,Active
GIWWW,GigInternational1 Inc - Warrants (19/04/2026),NASDAQ,Stock,2021-07-12,,Active
GIX,GigCapital9 Corp,NASDAQ,Stock,2026-03-19,,Active
GIXI,Gix Internet Ltd,NASDAQ,Stock,2026-09-02,,Active
GIXXR,GigCapital9 Corp Rights,NASDAQ,Stock,2026-03-19,,Active
GIXXU,GigCapital9 Corp - Units (1 Ord Class A & 1 Rts),NASDAQ,Stock,2026-01-27,,Active
GJAN,FT VEST U.S. EQUITY MODERATE BUFFER ETF - JANUARY ,BATS,ETF,2023-01-23,,Active
GJH,Synthetic FixedIncome Securities Inc 6375 STRATS Cl A1,NYSE,Stock,2004-05-05,,Active
GJO,Synthetic FixedIncome Securities Inc Synthetic FixedIncome Securities Inc on behalf of STRATSSM Trust for WalMart Stores Inc Securities Series 2004,NYSE,Stock,2005-11-21,,Active
GJP,Synthetic FixedIncome Securities Inc Synthetic FixedIncome Securities Inc on behalf of STRATS SM Trust for Dominion Resources Inc Securities Series 2,NYSE,Stock,2007-12-27,,Active
GJR,Synthetic FixedIncome Securities Inc STRATS Trust for ProcterGamble Securities Series 20061,NYSE,Stock,2007-12-27,,Active
GJS,Synthetic Fixed-Income Securities Inc,NYSE,Stock,2006-04-28,,Active
GJT,Synthetic FixedIncome Securities Inc Synthetic FixedIncome Securities Inc Floating Rate Structured Repackaged AssetBacked Trust Securities Certificates,NYSE,Stock,2007-08-01,,Active
GJUL,FT VEST U.S. EQUITY MODERATE BUFFER ETF - JULY ,BATS,ETF,2023-07-24,,Active
GJUN,FT VEST U.S. EQUITY MODERATE BUFFER ETF - JUNE ,BATS,ETF,2023-06-20,,Active
GK,ADVISORSHARES GERBER KAWASAKI ETF ,NYSE,ETF,2021-07-02,,Active
GKAT,SCHARF GLOBAL OPPORTUNITY ETF ,NASDAQ,ETF,2025-08-25,,Active
GKOS,Glaukos Corporation,NYSE,Stock,2015-06-25,,Active
GL,Globe Life Inc,NYSE,Stock,1987-12-30,,Active
GL-P-D,Globe Life Inc,NYSE,Stock,2021-06-21,,Active
GLAD,Gladstone Capital Corp,NASDAQ,Stock,2002-08-02,,Active
GLAM,Corgi Beauty Skincare & Aesthetics,BATS,Stock,2026-05-06,,Active
GLAS,Glass House Brands Inc (sub voting),NYSE,Stock,2026-06-30,,Active
GLBAV,GCI Liberty Inc,NASDAQ,Stock,2025-07-11,,Active
GLBE,Global E Online Ltd,NASDAQ,Stock,2021-05-12,,Active
GLBKV,GCI Liberty Inc,NASDAQ,Stock,2025-07-11,,Active
GLBL,PACER MSCI WORLD INDUSTRY ADVANTAGE ETF ,BATS,ETF,2024-09-17,,Active
GLBLW,Cartesian Growth Corp - Warrants (26/02/2028),NASDAQ,Stock,2021-04-28,,Active
GLBS,Globus Maritime Ltd,NASDAQ,Stock,2008-03-11,,Active
GLCR,GLACIERSHARES NASDAQ ICELAND ETF ,NASDAQ,ETF,2025-03-27,,Active
GLD,SPDR Gold Shares ETF,NYSE,ETF,2004-11-18,,Active
GLDB,IDX ALTERNATIVE FIAT ETF ,NASDAQ,ETF,2025-10-24,,Active
GLDG,GoldMining Inc,AMEX,Stock,2011-07-05,,Active
GLDI,Credit Suisse AG Nassau Branch,NASDAQ,ETF,2013-01-29,,Active
GLDM,SPDR Gold MiniShares Trust,NYSE,ETF,2018-06-26,,Active
GLDN,NICHOLAS GOLD INCOME ETF ,NYSE,ETF,2016-01-05,,Active
GLDW,ROUNDHILL GOLD WEEKLYPAY ETF ,BATS,ETF,2017-01-30,,Active
GLDY,DEFIANCE GOLD ENHANCED OPTIONS INCOME ETF ,NASDAQ,ETF,2025-04-02,,Active
GLE,Global Engine Group Holding Ltd,NASDAQ,Stock,2024-09-20,,Active
GLED,GalaxyEdge Acquisition Corp,NYSE,Stock,2026-04-14,,Active
GLED-R,GalaxyEdge Acquisition Corporation Rights to receive onefourth 14 of one ordinary share,NYSE,Stock,2026-04-14,,Active
GLED-U,GalaxyEdge Acquisition Corp - Units (1 Ord Shs & 1 Rts),NYSE,Stock,2026-03-04,,Active
GLGG,LEVERAGE SHARES 2X LONG GLXY DAILY ETF ,NASDAQ,ETF,2025-08-21,,Active
GLIBA,GCI Liberty Inc - Class A,NASDAQ,Stock,2018-03-12,,Active
GLIBK,GCI Liberty Inc,NASDAQ,Stock,2025-07-15,,Active
GLIBR,GCI Liberty Inc,NASDAQ,Stock,2025-11-26,,Active
GLIN,VANECK INDIA GROWTH LEADERS ETF ,NYSE,ETF,2010-08-25,,Active
GLIX,LAZARD LISTED INFRASTRUCTURE ETF ,NYSE,ETF,2025-10-06,,Active
GLL,ProShares UltraShort Gold -2x Shares,NYSE,ETF,2008-12-03,,Active
GLND,Greenland Energy Company,NASDAQ,Stock,2026-01-02,,Active
GLNDW,Greenland Energy Company Warrant,NASDAQ,Stock,2026-04-28,,Active
GLNG,Golar Lng,NASDAQ,Stock,2003-07-15,,Active
GLNK,Grayscale Investments LLC,NYSE,Stock,2022-05-19,,Active
GLO,Clough Global Opportunities Fund.,AMEX,ETF,2006-05-02,,Active
GLOB,Globant S.A.,NYSE,Stock,2014-07-18,,Active
GLOF,ISHARES GLOBAL EQUITY FACTOR ETF ,NYSE,ETF,2015-05-04,,Active
GLOO,Gloo Holdings Inc - Class A,NASDAQ,Stock,2025-11-18,,Active
GLOP-P-A,Gaslog Partners LP,NYSE,Stock,2017-05-09,,Active
GLOP-P-B,Gaslog Partners LP,NYSE,Stock,2018-01-10,,Active
GLOP-P-C,Gaslog Partners LP,NYSE,Stock,2018-11-08,,Active
GLOW,VICTORYSHARES WESTEND GLOBAL EQUITY ETF ,NASDAQ,ETF,2024-06-21,,Active
GLP,Global Partners LP,NYSE,Stock,2005-09-29,,Active
GLPI,Gaming and Leisure Properties Inc,NASDAQ,Stock,2013-10-14,,Active
GLQ,Clough Global Equity Fund,AMEX,ETF,2005-04-27,,Active
GLRE,Greenlight Capital Re Ltd - Class A,NASDAQ,Stock,2007-05-24,,Active
GLRY,INSPIRE GROWTH ETF ,NYSE,ETF,2020-12-08,,Active
GLSI,Greenwich LifeSciences Inc,NASDAQ,Stock,2020-09-25,,Active
GLT,,NYSE,Stock,2026-02-06,,Active
GLTA,Galata Acquisition Corp - Class A,NYSE MKT,Stock,2021-08-30,,Active
GLTA-U,Galata Acquisition Corp - Units (1 Ord Class A & 1/2 War),NYSE MKT,Stock,2021-07-09,,Active
GLTR,abrdn Physical Precious Metals Basket Shares ETF,NYSE,ETF,2010-10-22,,Active
GLU,Gabelli Global Utility & Income Trust.,AMEX,ETF,2004-05-26,,Active
GLU-P-A,Gabelli Global Utility & Income Trust.,AMEX,Stock,2014-09-22,,Active
GLU-P-B,Gabelli Global Utility & Income Trust.,AMEX,Stock,2018-12-20,,Active
GLUE,Monte Rosa Therapeutics Inc,NASDAQ,Stock,2021-06-24,,Active
GLV,Clough Global Dividend and Income Fund,AMEX,ETF,2004-07-28,,Active
GLW,Corning Inc,NYSE,Stock,1981-12-31,,Active
GLWG,Leverage Shares 2X Long GLW Daily ETF,NASDAQ,ETF,2026-03-10,,Active
GLX,Corgi GLXY 2x Daily ETF,BATS,ETF,2026-06-30,,Active
GLXG,Galaxy Payroll Group Ltd,NASDAQ,Stock,2024-09-12,,Active
GLXU,T-REX 2X LONG GLXY DAILY TARGET ETF ,BATS,ETF,2025-08-08,,Active
GLXY,Galaxy Digital,NASDAQ,Stock,2025-05-16,,Active
GLYC,,NASDAQ,Stock,2026-02-06,,Active
GM,General Motors Company,NYSE,Stock,2010-11-18,,Active
GMAB,Genmab,NASDAQ,Stock,2009-06-01,,Active
GMAR,FT VEST U.S. EQUITY MODERATE BUFFER ETF - MARCH ,BATS,ETF,2023-03-20,,Active
GMAY,FT VEST U.S. EQUITY MODERATE BUFFER ETF - MAY ,BATS,ETF,2023-05-22,,Active
GME,Gamestop Corporation - Class A,NYSE,Stock,2002-02-13,,Active
GME-WS,Gamestop Corporation - Warrants (30/10/2026),NYSE,Stock,2025-10-08,,Active
GMEC,Corgi GME 2x Daily ETF,BATS,ETF,2026-06-30,,Active
GMED,Globus Medical Inc - Class A,NYSE,Stock,2012-08-03,,Active
GMEX,GMEX ROBOTICS Corp Cl A Ord,NASDAQ,Stock,2026-03-11,,Active
GMEY,YieldMax GME Option Income Strategy ETF,NYSE,ETF,2025-09-09,,Active
GMF,STATE STREET(R) SPDR(R) S&P(R) EMERGING ASIA PACIFIC ETF ,NYSE,ETF,2007-03-23,,Active
GMHS,Gamehaus Holdings Inc,NASDAQ,Stock,2025-01-24,,Active
GMM,Global Mofy AI Ltd - Class A,NASDAQ,Stock,2024-09-09,,Active
GMMA,GAMMAROAD MARKET NAVIGATION ETF ,NYSE,ETF,2024-09-17,,Active
GMMF,iShares Government Money Market ETF,NYSE,ETF,2025-02-05,,Active
GMNY,GOLDMAN SACHS DYNAMIC NEW YORK MUNICIPAL INCOME ETF ,NYSE,ETF,2024-07-25,,Active
GMOC,GMO ULTRA-SHORT INCOME ETF ,NYSE,ETF,2025-10-28,,Active
GMOD,GMO DYNAMIC ALLOCATION ETF ,NYSE,ETF,2025-10-14,,Active
GMOI,GMO INTERNATIONAL VALUE ETF ,NYSE,ETF,2024-10-29,,Active
GMOM,CAMBRIA GLOBAL MOMENTUM ETF ,BATS,ETF,2014-11-04,,Active
GMOV,GMO U.S. VALUE ETF ,NYSE,ETF,2024-10-29,,Active
GMRS,GMR Solutions Inc - Class A,NYSE,Stock,2026-05-13,,Active
GMTL,Guardian Metal Resources PLC ADS,AMEX,Stock,2026-03-23,,Active
GMUB,GOLDMAN SACHS MUNICIPAL INCOME ETF ,NYSE,ETF,2024-07-25,,Active
GNE,Genie Energy Ltd - Class B,NYSE,Stock,2011-10-26,,Active
GNK,Genco Shipping & Trading Ltd,NYSE,Stock,2014-08-18,,Active
GNL,Global Net Lease Inc,NYSE,Stock,2015-06-02,,Active
GNL-P-A,Global Net Lease Inc,NYSE,Stock,2017-09-07,,Active
GNL-P-B,Global Net Lease Inc,NYSE,Stock,2019-11-21,,Active
GNL-P-D,Global Net Lease Inc,NYSE,Stock,2023-09-12,,Active
GNL-P-E,Global Net Lease Inc,NYSE,Stock,2023-09-13,,Active
GNLN,Greenlane Holdings Inc - Class A,NASDAQ,Stock,2019-04-18,,Active
GNLX,Genelux Corp,NASDAQ,Stock,2023-01-26,,Active
GNMA,ISHARES GNMA BOND ETF ,NASDAQ,ETF,2012-02-21,,Active
GNMX,Medgenics Inc,NASDAQ,Stock,2011-04-08,,Active
GNOM,GLOBAL X GENOMICS & BIOTECHNOLOGY ETF ,NASDAQ,ETF,2019-04-10,,Active
GNOV,FT VEST U.S. EQUITY MODERATE BUFFER ETF - NOVEMBER ,BATS,ETF,2023-11-20,,Active
GNPX,Genprex Inc,NASDAQ,Stock,2018-03-29,,Active
GNR,STATE STREET(R) SPDR(R) S&P(R) GLOBAL NATURAL RESOURCES ETF ,NYSE,ETF,2010-09-14,,Active
GNRC,Generac Holdings Inc,NYSE,Stock,2010-02-11,,Active
GNS,Genius Group Ltd,AMEX,Stock,2022-04-12,,Active
GNS-R,Genius Group Ltd Rights expiring February 14 2025 Rights,AMEX,Stock,2025-01-27,,Active
GNS-R-W,Genius Group Ltd Rights expiring February 14 2025 Rights when issued,AMEX,Stock,2025-01-24,,Active
GNSS,Genasys Inc,NASDAQ,Stock,1997-05-09,,Active
GNT,GAMCO Natural Resources Gold & Income Trust,NYSE,ETF,2011-01-27,,Active
GNT-P-A,GAMCO Natural Resources Gold & Income Trust,NYSE,Stock,2017-10-24,,Active
GNTA,Genenta Science SpA,NASDAQ,Stock,2021-12-15,,Active
GNTX,Gentex Corp,NASDAQ,Stock,1990-03-26,,Active
GNW,Genworth Financial Inc - Class A,NYSE,Stock,2004-05-25,,Active
GO,Grocery Outlet Holding Corp,NASDAQ,Stock,2019-06-20,,Active
GOAI,Eva Live Inc,NASDAQ,Stock,2009-01-22,,Active
GOAU,U.S. GLOBAL GO GOLD AND PRECIOUS METAL MINERS ETF ,NYSE,ETF,2017-06-28,,Active
GOCT,FT VEST U.S. EQUITY MODERATE BUFFER ETF - OCTOBER ,BATS,ETF,2023-10-23,,Active
GODN,Golden Star Acquisition Corp,NASDAQ,Stock,2023-06-28,,Active
GODNR,Golden Star Acquisition Corp,NASDAQ,Stock,2023-06-28,,Active
GODNU,Golden Star Acquisition Corp - Units (1 Ord & 1 Right ),NASDAQ,Stock,2023-05-02,,Active
GOEX,GLOBAL X GOLD EXPLORERS ETF ,NYSE,ETF,2010-11-04,,Active
GOF,Guggenheim Strategic Opportunities Fund,NYSE,ETF,2007-07-27,,Active
GOGL,Corgi GOOGL 2x Daily ETF,BATS,ETF,2026-06-30,,Active
GOGO,Gogo Inc,NASDAQ,Stock,2013-06-21,,Active
GOIB,Direxion GOOGL Defined Income Boost ETF,BATS,ETF,2026-07-29,,Active
GOLD,Gold.com Inc,NYSE,Stock,2025-12-02,,Active
GOLF,Acushnet Holdings Corp,NYSE,Stock,2016-10-28,,Active
GOLI,Defiance Gold Enhanced Options Income ETF,NASDAQ,Stock,2026-06-30,,Active
GOLS,GABELLI OPPORTUNITIES IN LIVE AND SPORTS ETF ,NYSE,ETF,2026-01-02,,Active
GOLY,STRATEGY SHARES GOLD ENHANCED YIELD ETF ,BATS,ETF,2021-05-18,,Active
GOOD,Gladstone Commercial Corp,NASDAQ,Stock,2003-08-14,,Active
GOODN,Gladstone Commercial Corp,NASDAQ,Stock,2019-09-26,,Active
GOODO,Gladstone Commercial Corp,NASDAQ,Stock,2021-06-22,,Active
GOOG,Alphabet Inc - Class C,NASDAQ,Stock,2014-03-27,,Active
GOOGL,Alphabet Inc - Class A,NASDAQ,Stock,2004-08-19,,Active
GOOL,Leverage Shares 2X Long GOOGL Daily ETF,BATS,ETF,2026-07-07,,Active
GOOP,Kurv Yield Premium Strategy Google (GOOGL) ETF,BATS,ETF,2023-11-06,,Active
GOOS,Canada Goose Holdings Inc (Subord Vot Shs),NYSE,Stock,2017-03-16,,Active
GOOW,ROUNDHILL GOOGL WEEKLYPAY ETF ,BATS,ETF,2025-07-24,,Active
GOOX,T-REX 2X LONG ALPHABET DAILY TARGET ETF ,BATS,ETF,2024-01-11,,Active
GOOY,YIELDMAX(R) GOOGL OPTION INCOME STRATEGY ETF ,NYSE,ETF,2023-07-28,,Active
GOP,UNUSUAL WHALES SUBVERSIVE REPUBLICAN TRADING ETF ,BATS,ETF,2017-10-17,,Active
GORO,Goldgroup Mining Inc,NYSE MKT,Stock,2026-07-20,,Active
GOSS,Gossamer Bio Inc,NASDAQ,Stock,2019-02-08,,Active
GOTU,Gaotu Techedu Inc,NYSE,Stock,2019-06-06,,Active
GOU,GRANITESHARES 2X LONG GOOGL DAILY ETF ,NASDAQ,ETF,2025-12-02,,Active
GOVI,INVESCO EQUAL WEIGHT 0-30 YEAR TREASURY ETF ,NASDAQ,ETF,2007-10-11,,Active
GOVM,ISHARES 1-10 YEAR TREASURY BOND ETF ,BATS,Stock,2026-05-13,,Active
GOVT,ISHARES U.S. TREASURY BOND ETF ,BATS,ETF,2012-02-24,,Active
GOVX,Geovax Labs Inc,NASDAQ,Stock,2012-07-23,,Active
GOVZ,ISHARES 25+ YEAR TREASURY STRIPS BOND ETF ,BATS,ETF,2020-09-24,,Active
GP,GreenPower Motor Company Inc,NASDAQ,Stock,2015-02-10,,Active
GPACU,General Purpose Acquisition Corp - Units (1 Ord Cls A & 1/2 War),NASDAQ,Stock,2025-12-03,,Active
GPACW,Global Partner Acquisition Corp Wt Exp 07012020,NASDAQ,Stock,2015-08-25,,Active
GPAT,GP-Act III Acquisition Corp - Class A,NASDAQ,Stock,2024-07-01,,Active
GPATU,GP-Act III Acquisition Corp - Units (1 Ord Share Class A & 1/2 War),NASDAQ,Stock,2024-05-09,,Active
GPATW,GP-Act III Acquisition Corp - Warrants (09/05/2029),NASDAQ,Stock,2024-07-01,,Active
GPC,Genuine Parts Company,NYSE,Stock,1983-04-06,,Active
GPCR,Structure Therapeutics Inc,NASDAQ,Stock,2023-02-03,,Active
GPGI,CompoSecure Inc - Class A,NYSE,Stock,2020-11-19,,Active
GPI,Group 1 Automotive Inc,NYSE,Stock,1997-10-30,,Active
GPIQ,GOLDMAN SACHS NASDAQ-100 PREMIUM INCOME ETF ,NASDAQ,ETF,2023-10-26,,Active
GPIX,GOLDMAN SACHS S&P 500 PREMIUM INCOME ETF ,NASDAQ,ETF,2023-10-26,,Active
GPJA,Georgia Power Company,NYSE,Stock,2017-09-25,,Active
GPK,Graphic Packaging Holding Company,NYSE,Stock,1992-12-10,,Active
GPMT,Granite Point Mortgage Trust Inc,NYSE,Stock,2017-06-23,,Active
GPMT-P-A,Granite Point Mortgage Trust Inc,NYSE,Stock,2021-11-23,,Active
GPN,Global Payments Inc,NYSE,Stock,2001-01-16,,Active
GPOR,Gulfport Energy Corp (New),NYSE,Stock,2021-05-19,,Active
GPRE,Green Plains Inc,NASDAQ,Stock,2006-03-15,,Active
GPRF,GOLDMAN SACHS ACCESS U.S. PREFERRED STOCK AND HYBRID SECURITIES ETF ,NASDAQ,ETF,2024-08-01,,Active
GPRK,Geopark Ltd,NYSE,Stock,2010-10-15,,Active
GPRO,GoPro Inc - Class A,NASDAQ,Stock,2014-06-26,,Active
GPT,INTELLIGENT ALPHA ATLAS ETF ,NASDAQ,ETF,2024-09-18,,Active
GPTY,YIELDMAX(R) AI & TECH PORTFOLIO OPTION INCOME ETF ,NYSE,ETF,2025-01-23,,Active
GPUS,Hyperscale Data Inc Com Par,AMEX,Stock,2024-09-09,,Active
GPUS-P-D,Hyperscale Data Inc Pfd Ser D 13.00,AMEX,Stock,2024-09-10,,Active
GQGU,GQG US EQUITY ETF ,NYSE,Stock,2025-07-14,,Active
GQI,Natixis Gateway Quality Income ETF,NYSE,ETF,2023-12-13,,Active
GQQQ,ASTORIA US QUALITY GROWTH KINGS ETF ,NASDAQ,ETF,2024-10-01,,Active
GQRE,FLEXSHARES GLOBAL QUALITY REAL ESTATE INDEX FUND ,NYSE,ETF,2013-11-06,,Active
GRAB,Grab Holdings Ltd - Class A,NASDAQ,Stock,2020-12-01,,Active
GRABW,Grab Holdings Ltd - Warrants (01/12/2026),NASDAQ,Stock,2020-12-07,,Active
GRAG,Leverage Shares 2X Long GRAB Daily ETF,NASDAQ,ETF,2025-12-11,,Active
GRAL,GRAIL Inc,NASDAQ,Stock,2024-06-25,,Active
GRALV,GRAIL Inc,NASDAQ,Stock,2024-06-12,,Active
GRAN,Grande Group Ltd - Class A,NASDAQ,Stock,2025-07-01,,Active
GRBK,Green Brick Partners Inc,NYSE,Stock,2007-06-14,,Active
GRBK-P-A,Green Brick Partners Inc,NYSE,Stock,2021-12-21,,Active
GRC,Gorman-Rupp Company,NYSE,Stock,1992-03-17,,Active
GRCE,Acasti Pharma Inc,NASDAQ,Stock,2024-10-08,,Active
GRCL,Gracell Biotechnologies Inc,NASDAQ,Stock,2021-01-08,,Active
GRDN,Guardian Pharmacy Services Inc,NYSE,Stock,2024-09-26,,Active
GRDX,Entero Therapeutics Inc,NASDAQ,Stock,2016-10-11,,Active
GREEL,Greenidge Generation Holdings Inc,NASDAQ,Stock,2021-10-14,,Active
GREK,GLOBAL X MSCI GREECE ETF ,NYSE,ETF,2011-12-08,,Active
GRF,Eagle Capital Growth Fund Inc,AMEX,ETF,2004-01-23,,Active
GRFS,Grifols SA,NASDAQ,Stock,2011-06-02,,Active
GRI,GRI Bio Inc,NASDAQ,Stock,2021-02-10,,Active
GRID,FIRST TRUST NASDAQ CLEAN EDGE SMART GRID INFRASTRUCTURE INDEX FUND ,NASDAQ,ETF,2009-11-17,,Active
GRIN,VictoryShares International Free Cash Flow Growth ETF,NASDAQ,ETF,2025-06-26,,Active
GRML,Greenland Mines Ltd,NASDAQ,Stock,2022-04-29,,Active
GRMLW,Greenland Mines Ltd - Warrants(21/06/2029),NASDAQ,Stock,2022-04-29,,Active
GRMN,Garmin Ltd,NYSE,Stock,2000-12-08,,Active
GRN,iPath Series B Carbon ETN,NYSE,ETF,2019-09-10,,Active
GRNA,GreenLight Biosciences Inc,NASDAQ,Stock,2022-02-03,,Active
GRNAW,GreenLight Biosciences Holdings PBC - Warrants (30/09/2027),NASDAQ,Stock,2021-03-08,,Active
GRNB,VANECK GREEN BOND ETF ,NYSE,ETF,2017-03-06,,Active
GRND,Grindr Inc - Class A,NYSE,Stock,2021-01-14,,Active
GRND-WS,Grindr Inc Warrants each exercisable for one share of Common Stock at an exercise price of 11.50 per share,NYSE,Stock,2022-11-18,,Active
GRNI,FUNDSTRAT GRANNY SHOTS US LARGE CAP & INCOME ETF ,NYSE,ETF,2025-11-18,,Active
GRNJ,FUNDSTRAT GRANNY SHOTS US SMALL- & MID-CAP ETF ,NYSE,ETF,2025-11-18,,Active
GRNQ,Greenpro Capital Corp,NASDAQ,Stock,2015-07-09,,Active
GRNT,Granite Ridge Resources Inc - Class A,NYSE,Stock,2020-11-06,,Active
GRNT-WS,Granite Ridge Resources Inc Warrants to purchase Common Stock each whole warrant exercisable for one share of common stock at an exercise price of 11.50 per s,NYSE,Stock,2023-03-01,,Active
GRNY,FUNDSTRAT GRANNY SHOTS US LARGE CAP ETF ,NYSE,ETF,2024-11-07,,Active
GRO,Brazil Potash Corp,AMEX,Stock,2024-11-27,,Active
GROV,Grove Collaborative Holdings Inc - Class A,NYSE,Stock,2021-05-13,,Active
GROW,U.S. Global Investors Inc - Class A,NASDAQ,Stock,1996-06-03,,Active
GROY,Gold Royalty Corp,AMEX,Stock,2021-03-09,,Active
GROY-WS,Gold Royalty Corp - Warrants (11/03/2024),AMEX,Stock,2021-03-09,,Active
GROZ,ZACKS FOCUS GROWTH ETF ,BATS,ETF,2024-12-05,,Active
GRP-U,Granite Real Estate Investment Trust - Units,NYSE,Stock,2014-09-22,,Active
GRPM,INVESCO S&P MIDCAP 400 GARP ETF ,NYSE,ETF,2010-12-08,,Active
GRPN,Groupon Inc,NASDAQ,Stock,2011-11-04,,Active
GRPZ,Invesco S&P SmallCap 600 GARP ETF,NYSE,ETF,2024-03-27,,Active
GRRR,Gorilla Technology Group Inc,NASDAQ,Stock,2022-07-14,,Active
GRRRW,Gorilla Technology Group Inc - Warrants (13/07/2027),NASDAQ,Stock,2022-07-14,,Active
GRSD,,NASDAQ,Stock,2026-07-22,,Active
GRTS,,NASDAQ,Stock,2026-02-06,,Active
GRVY,Gravity Co Ltd,NASDAQ,Stock,2005-02-08,,Active
GRWG,GrowGeneration Corp,NASDAQ,Stock,2016-11-11,,Active
GRX,Gabelli Healthcare & WellnessRx Trust,NYSE,ETF,2007-06-19,,Active
GRYP,Akerna Corp,NASDAQ,Stock,2018-02-26,,Active
GS,Goldman Sachs Group Inc,NYSE,Stock,1999-05-04,,Active
GS-P-A,Goldman Sachs Group Inc,NYSE,Stock,2005-04-25,,Active
GS-P-C,Goldman Sachs Group Inc,NYSE,Stock,2014-09-22,,Active
GS-P-D,Goldman Sachs Group Inc,NYSE,Stock,2014-09-22,,Active
GSAT,Globalstar Inc,NASDAQ,Stock,2006-11-02,,Active
GSBC,Great Southern Bancorp Inc,NASDAQ,Stock,1990-03-26,,Active
GSBD,Goldman Sachs BDC Inc,NYSE,Stock,2015-03-18,,Active
GSC,GOLDMAN SACHS SMALL CAP CORE EQUITY ETF ,NYSE,ETF,2007-12-27,,Active
GSDWW,Global Systems Dynamics Inc Wt Exp,NASDAQ,Stock,2022-10-17,,Active
GSEE,GOLDMAN SACHS MARKETBETA EMERGING MARKETS EQUITY ETF ,BATS,ETF,2020-05-15,,Active
GSEP,FT VEST U.S. EQUITY MODERATE BUFFER ETF - SEPTEMBER ,BATS,ETF,2023-09-18,,Active
GSEU,GOLDMAN SACHS ACTIVEBETA(R) EUROPE EQUITY ETF ,NYSE,ETF,2016-03-04,,Active
GSEW,GOLDMAN SACHS EQUAL WEIGHT U.S. LARGE CAP EQUITY ETF ,BATS,ETF,2017-09-14,,Active
GSG,iShares S&P GSCI Commodity-Indexed Trust,NYSE,ETF,2006-07-21,,Active
GSGO,GOLDMAN SACHS GROWTH OPPORTUNITIES ETF ,NASDAQ,ETF,2025-11-17,,Active
GSHD,Goosehead Insurance Inc - Class A,NASDAQ,Stock,2018-04-27,,Active
GSHR,Gesher Acquisition Corp II - Class A,NASDAQ,Stock,2025-05-12,,Active
GSHRU,Gesher Acquisition Corp II - Units (1 Ord Cls A & 1/2 War),NASDAQ,Stock,2025-03-21,,Active
GSHRW,Gesher Acquisition Corp II - Warrants (11/03/2030),NASDAQ,Stock,2025-05-12,,Active
GSIB,THEMES GLOBAL SYSTEMICALLY IMPORTANT BANKS ETF ,NASDAQ,ETF,2023-12-15,,Active
GSID,GOLDMAN SACHS MARKETBETA INTERNATIONAL EQUITY ETF ,BATS,ETF,2020-05-15,,Active
GSIE,GOLDMAN SACHS ACTIVEBETA(R) INTERNATIONAL EQUITY ETF ,NYSE,ETF,2015-11-10,,Active
GSIT,GSI Technology Inc,NASDAQ,Stock,2007-03-29,,Active
GSIW,Garden Stage Ltd,NASDAQ,Stock,2023-12-01,,Active
GSJY,GOLDMAN SACHS ACTIVEBETA(R) JAPAN EQUITY ETF ,NYSE,ETF,2016-03-04,,Active
GSK,GSK Plc,NYSE,Stock,1986-07-09,,Active
GSKH,GSK PLC ADRHEDGED ,NYSE,ETF,2025-01-07,,Active
GSL,Global Ship Lease Inc - Class A,NYSE,Stock,2008-08-15,,Active
GSL-P-B,Global Ship Lease Inc,NYSE,Stock,2014-09-22,,Active
GSLC,GOLDMAN SACHS ACTIVEBETA(R) U.S. LARGE CAP EQUITY ETF ,NYSE,ETF,2015-09-21,,Active
GSM,Ferroglobe Plc,NASDAQ,Stock,2009-07-30,,Active
GSPY,GOTHAM ENHANCED 500 ETF ,NYSE,ETF,2020-12-29,,Active
GSRF,GSR IV Acquisition Corp - Class A,NASDAQ,Stock,2025-10-20,,Active
GSRFR,GSR IV Acquisition Corp,NASDAQ,Stock,2025-10-20,,Active
GSRFU,GSR IV Acquisition Corp - Units (1 Ord Cls A & 1 Rts),NASDAQ,Stock,2025-09-04,,Active
GSRT,GSR III Acquisition Corp - Class A,NASDAQ,Stock,2024-12-19,,Active
GSRTR,GSR III Acquisition Corp Right,NASDAQ,Stock,2024-12-19,,Active
GSRTU,GSR III Acquisition Corp - Units (1 Ord Class A & 1/7 Rts),NASDAQ,Stock,2024-11-07,,Active
GSRV,GSR V Acquisition Corp - Class A,NASDAQ,Stock,2026-07-02,,Active
GSRVR,GSR V Acquisition Corp,NASDAQ,Stock,2026-07-08,,Active
GSRVU,GSR V Acquisition Corp - Units (1 Ord Cls A & 1 Rts),NASDAQ,Stock,2026-05-14,,Active
GSSC,GOLDMAN SACHS ACTIVEBETA(R) U.S. SMALL CAP EQUITY ETF ,NYSE,ETF,2017-06-29,,Active
GSST,GOLDMAN SACHS ACCESS ULTRA SHORT BOND ETF ,BATS,ETF,2019-04-17,,Active
GSUI,Grayscale Sui Trust SUI,NYSE,Stock,2025-11-24,,Active
GSUN,Golden Sun Health Technology Group Ltd - Class A,NASDAQ,Stock,2022-06-22,,Active
GSUS,GOLDMAN SACHS MARKETBETA U.S. EQUITY ETF ,BATS,ETF,2020-05-15,,Active
GSWO,Goldman Sachs ActiveBeta World Low Vol Plus Equity ETF,BATS,ETF,2022-03-17,,Active
GSY,INVESCO ULTRA SHORT DURATION ETF ,NYSE,ETF,2008-02-12,,Active
GT,Goodyear Tire & Rubber Company,NASDAQ,Stock,1970-01-02,,Active
GTBP,GT Biopharma Inc,NASDAQ,Stock,2017-09-22,,Active
GTE,Gran Tierra Energy Inc,AMEX,Stock,2005-12-21,,Active
GTEC,Greenland Technologies Holding Corp,NASDAQ,Stock,2018-08-08,,Active
GTEK,GOLDMAN SACHS FUTURE TECH LEADERS EQUITY ETF ,NYSE,ETF,2021-09-16,,Active
GTEN,Gores Holdings X Inc - Class A,NASDAQ,Stock,2025-06-23,,Active
GTENU,Gores Holdings X Inc - Units (1 Ord Class A & 1/4 War),NASDAQ,Stock,2025-05-02,,Active
GTENW,Gores Holdings X Inc - Warrants(02/05/2030),NASDAQ,Stock,2025-06-23,,Active
GTERA,Globa Terra Acquisition Corporation Class A,NASDAQ,Stock,2025-07-25,,Active
GTERR,Globa Terra Acquisition Corporation Rights,NASDAQ,Stock,2025-07-25,,Active
GTERU,Globa Terra Acquisition Corp - Units (1 Ord Class A 3/4 War & 1 Rts),NASDAQ,Stock,2025-07-09,,Active
GTERW,Globa Terra Acquisition Corporation Warrants,NASDAQ,Stock,2025-07-25,,Active
GTES,Gates Industrial Corporation Ltd,NYSE,Stock,2026-07-20,,Active
GTIM,Good Times Restaurants Inc,NASDAQ,Stock,1995-08-18,,Active
GTIP,GOLDMAN SACHS ACCESS INFLATION PROTECTED USD BOND ETF ,BATS,ETF,2016-01-04,,Active
GTLB,Gitlab Inc - Class A,NASDAQ,Stock,2021-10-14,,Active
GTM,ZoomInfo Technologies Inc,NASDAQ,Stock,2020-06-04,,Active
GTN,Gray Television Inc,NYSE,Stock,2002-08-30,,Active
GTN-A,Gray Television Inc - Class A,NYSE,Stock,1993-03-17,,Active
GTND,GOALTENDER ETF ,NYSE,ETF,2026-05-14,,Active
GTO,INVESCO TOTAL RETURN BOND ETF ,NYSE,ETF,2016-02-10,,Active
GTOC,Invesco Core Fixed Income ETF,BATS,ETF,2025-07-23,,Active
GTOH,Invesco High Yield Select ETF,BATS,ETF,2022-12-09,,Active
GTOP,GOLDMAN SACHS TECHNOLOGY OPPORTUNITIES ETF ,NASDAQ,ETF,2025-12-08,,Active
GTOQ,INVESCO HIGH YIELD SYSTEMATIC BOND ETF ,NASDAQ,ETF,2020-12-03,,Active
GTOS,INVESCO SHORT DURATION TOTAL RETURN BOND ETF ,BATS,ETF,2022-12-09,,Active
GTPE,Goldman Sachs MSCI World Private Equity Return Tracker ETF,NASDAQ,ETF,2025-10-23,,Active
GTR,WISDOMTREE TARGET RANGE FUND ,NASDAQ,ETF,2021-10-07,,Active
GTX,Garrett Motion Inc - New,NASDAQ,Stock,2018-09-17,,Active
GTY,Getty Realty Corp,NYSE,Stock,1973-05-03,,Active
GUAC,Berto Acquisition Corp II,NASDAQ,Stock,2026-07-06,,Active
GUACU,Berto Acquisition Corp II - Units (1 Ord & 1/3 War),NASDAQ,Stock,2026-05-15,,Active
GUACW,Berto Acquisition Corp II - Warrants (12/05/2031),NASDAQ,Stock,2026-07-06,,Active
GUG,Guggenheim Active Allocation Fund,NYSE,Stock,2021-11-24,,Active
GUMI,GOLDMAN SACHS ULTRA SHORT MUNICIPAL INCOME ETF ,NYSE,ETF,2024-07-25,,Active
GUNR,FLEXSHARES MORNINGSTAR GLOBAL UPSTREAM NATURAL RESOURCES INDEX FUND ,NYSE,ETF,2011-09-22,,Active
GUNZ,TUTTLE CAPITAL SELF DEFENSE INDEX ETF ,BATS,ETF,2026-02-06,,Active
GURE,Gulf Resources Inc,NASDAQ,Stock,2006-08-14,,Active
GURU,GLOBAL X GURU INDEX ETF ,NYSE,ETF,2012-06-05,,Active
GUSA,GOLDMAN SACHS MARKETBETA(R) U.S. 1000 EQUITY ETF ,NYSE,ETF,2022-04-12,,Active
GUSE,GOLDMAN SACHS ENHANCED U.S. EQUITY ETF ,NASDAQ,ETF,2025-11-17,,Active
GUSH,DIREXION DAILY S&P OIL & GAS EXP. & PROD. BULL 2X SHARES ,NYSE,ETF,2015-05-29,,Active
GUT,Gabelli Utility Trust,NYSE,ETF,1999-07-12,,Active
GUT-P-C,Gabelli Utility Trust,NYSE,Stock,2016-06-02,,Active
GUTS,Fractyl Health Inc,NASDAQ,Stock,2024-02-02,,Active
GV,Goldfield Corp,NYSE MKT,Stock,1992-03-17,,Active
GVA,Granite Construction Inc,NYSE,Stock,1992-02-25,,Active
GVAL,CAMBRIA GLOBAL VALUE ETF ,BATS,ETF,2014-03-12,,Active
GVCI,Green Visor Financial Technology Acquisition Corp I - Class A,NASDAQ,Stock,2022-01-03,,Active
GVCIU,Green Visor Financial Technology Acquisition Corp I - Units (1 Ord Class A & 1/2 War),NASDAQ,Stock,2021-11-09,,Active
GVCIW,Green Visor Financial Technology Acquisition Corp I - Warrants (27/10/2026),NASDAQ,Stock,2021-12-31,,Active
GVH,Globavend Holdings Ltd,NASDAQ,Stock,2023-11-08,,Active
GVI,ISHARES INTERMEDIATE GOVERNMENT/CREDIT BOND ETF ,BATS,ETF,2007-01-11,,Active
GVIP,GOLDMAN SACHS HEDGE INDUSTRY VIP ETF ,NYSE,ETF,2016-11-03,,Active
GVLE,GOLDMAN SACHS VALUE OPPORTUNITIES ETF ,NASDAQ,ETF,2025-11-17,,Active
GVLU,GOTHAM 1000 VALUE ETF ,NYSE,ETF,2022-06-08,,Active
GVUS,GOLDMAN SACHS MARKETBETA(R) RUSSELL 1000 VALUE EQUITY ETF ,NYSE,ETF,2023-11-30,,Active
GWAV,Greenwave Technology Solutions Inc,NASDAQ,Stock,2016-01-04,,Active
GWH,ESS Tech Inc,NYSE,Stock,2021-01-04,,Active
GWH-WS,ESS Tech Inc Warrant,NYSE,Stock,2021-10-11,,Active
GWRE,Guidewire Software Inc,NYSE,Stock,2012-01-25,,Active
GWRS,Global Water Resources Inc,NASDAQ,Stock,2016-04-28,,Active
GWW,W.W. Grainger Inc,NYSE,Stock,1984-12-17,,Active
GWX,STATE STREET(R) SPDR(R) S&P(R) INTERNATIONAL SMALL CAP ETF ,NYSE,ETF,2007-04-26,,Active
GXAI,Gaxos.AI Inc,NASDAQ,Stock,2023-02-15,,Active
GXC,STATE STREET(R) SPDR(R) S&P(R) CHINA ETF ,NYSE,ETF,2007-03-23,,Active
GXDW,GLOBAL X DORSEY WRIGHT THEMATIC ETF ,NASDAQ,ETF,2019-11-04,,Active
GXIG,GLOBAL X INVESTMENT GRADE CORPORATE BOND ETF ,NYSE,ETF,2025-06-17,,Active
GXLC,GLOBAL X U.S. 500 ETF ,NYSE,ETF,2025-09-24,,Active
GXO,GXO Logistics Inc,NYSE,Stock,2021-07-22,,Active
GXPC,GLOBAL X PURECAP MSCI COMMUNICATION SERVICES ETF ,NYSE,ETF,2025-07-23,,Active
GXPD,GLOBAL X PURECAP MSCI CONSUMER DISCRETIONARY ETF ,NYSE,ETF,2025-07-23,,Active
GXPE,GLOBAL X PURECAP MSCI ENERGY ETF ,NYSE,ETF,2025-07-23,,Active
GXPS,GLOBAL X PURECAP MSCI CONSUMER STAPLES ETF ,NYSE,ETF,2025-07-23,,Active
GXPT,GLOBAL X PURECAP MSCI INFORMATION TECHNOLOGY ETF ,NYSE,ETF,2025-07-23,,Active
GXRP,Common Shares of Beneficial Interest,NYSE,Stock,2025-11-24,,Active
GXUS,GOLDMAN SACHS MARKETBETA(R) TOTAL INTERNATIONAL EQUITY ETF ,NYSE,ETF,2023-06-07,,Active
GYGY,Game Your Game Inc,NASDAQ,Stock,2026-07-30,,Active
GYLD,ARROW DOW JONES GLOBAL YIELD ETF ,NYSE,ETF,2012-05-08,,Active
GYRE,Gyre Therapeutics Inc,NASDAQ,Stock,2006-04-12,,Active
GYRO,Gyrodyne LLC,NASDAQ,Stock,1995-08-18,,Active
H,Hyatt Hotels Corporation - Class A,NYSE,Stock,2009-11-05,,Active
HACK,Amplify Cybersecurity ETF,NYSE,ETF,2014-11-12,,Active
HACQ,HCM IV Acquisition Corp,NASDAQ,Stock,2026-04-06,,Active
HACQU,HCM IV Acquisition Corp - Units (1 Ord Cls A & 1/4 War),NASDAQ,Stock,2026-02-12,,Active
HACQW,HCM IV Acquisition Corp Warrants,NASDAQ,Stock,2026-04-06,,Active
HAE,Haemonetics Corp,NYSE,Stock,1991-05-10,,Active
HAFC,Hanmi Financial Corp,NASDAQ,Stock,1997-05-09,,Active
HAFN,Hafnia Ltd,NYSE,Stock,2020-06-18,,Active
HAIL,STATE STREET(R) SPDR(R) S&P KENSHO SMART MOBILITY ETF ,NYSE,ETF,2017-12-27,,Active
HAIN,Hain Celestial Group Inc,NASDAQ,Stock,1994-01-20,,Active
HAKY,Amplify HACK Cybersecurity Covered Call ETF,NYSE,ETF,2026-01-21,,Active
HAL,Halliburton Company,NYSE,Stock,1972-06-01,,Active
HALO,Halozyme Therapeutics Inc,NASDAQ,Stock,2004-03-16,,Active
HALX,HALIFAX CORP OF VIRGINIA,NYSE,Stock,2026-05-19,,Active
HAO,Haoxi Health Technology Ltd - Class A,NASDAQ,Stock,2024-01-26,,Active
HAP,VANECK NATURAL RESOURCES ETF ,NYSE,ETF,2008-09-03,,Active
HAPI,HARBOR HUMAN CAPITAL FACTOR US LARGE CAP ETF ,NYSE,ETF,2022-10-13,,Active
HAPN,Happen Inc,NASDAQ,Stock,2014-12-11,,Active
HAPR,Innovator Premium Income 9 Buffer ETF - April,BATS,ETF,2024-04-01,,Active
HAPS,HARBOR HUMAN CAPITAL FACTOR US SMALL CAP ETF ,NYSE,ETF,2023-04-13,,Active
HARD,SIMPLIFY COMMODITIES STRATEGY NO K-1 ETF ,NYSE,ETF,2023-03-28,,Active
HAS,Hasbro Inc,NASDAQ,Stock,1984-12-18,,Active
HASI,Hannon Armstrong Sustainable Infrastructure capital Inc,NYSE,Stock,2013-04-18,,Active
HAUG,Corgi U.S. Equities 100% Structured Buffer ETF - August Series,BATS,ETF,2026-08-04,,Active
HAUS,RESIDENTIAL REIT ETF ,BATS,ETF,2022-03-01,,Active
HAUZ,XTRACKERS INTERNATIONAL REAL ESTATE ETF ,NYSE,ETF,2013-10-01,,Active
HAVA,Harvard Ave Acquisition Corp - Class A,NASDAQ,Stock,2025-12-15,,Active
HAVAR,Harvard Ave Acquisition Corp,NASDAQ,Stock,2025-12-15,,Active
HAVAU,Harvard Ave Acquisition Corp - Units (1 Ord Cls A & 1 Rts),NASDAQ,Stock,2025-10-23,,Active
HAWG,HCM Hedged Equity ETF,NYSE ARCA,ETF,2026-08-14,,Active
HAWK,HawkEye 360 Inc,NYSE,Stock,2026-05-07,,Active
HAWX,ISHARES CURRENCY HEDGED MSCI ACWI EX U.S. ETF ,NYSE,ETF,2015-07-01,,Active
HAYW,Hayward Holdings Inc,NYSE,Stock,2021-03-12,,Active
HBAN,Huntington Bancshares Inc,NASDAQ,Stock,1990-03-26,,Active
HBANL,Huntington Bancshares Inc,NASDAQ,Stock,2023-03-06,,Active
HBANM,Huntington Bancshares Inc,NASDAQ,Stock,2021-06-10,,Active
HBANP,Huntington Bancshares Inc,NASDAQ,Stock,2021-02-02,,Active
HBANZ,Huntington Bancshares Incorporated Depositary Shares Each Representing a 11000th Interest in a Share of 5.50 Series L NonCumulative Perpetual Preferred Stock,NASDAQ,Stock,2026-02-02,,Active
HBB,Hamilton Beach Brands Holding Co - Class A,NYSE,Stock,2017-09-26,,Active
HBCP,Home Bancorp Inc,NASDAQ,Stock,2008-10-08,,Active
HBDC,Hilton BDC Corporate Bond ETF,NASDAQ,ETF,2025-06-11,,Active
HBIL,Harbor Short Term Treasury ETF,NYSE ARCA,ETF,2026-08-13,,Active
HBIO,Harvard Bioscience Inc,NASDAQ,Stock,2001-03-19,,Active
HBIT,Hedgeye Hedged Bitcoin ETF,NYSE ARCA,ETF,2026-08-27,,Active
HBM,Hudbay Minerals Inc,NYSE,Stock,2009-02-13,,Active
HBMX,Tuttle Capital Concentrated Memory Stack,BATS,Stock,2026-06-02,,Active
HBNB,Hotel101 Global Holdings Corp,NASDAQ,Stock,2025-06-03,,Active
HBNC,Horizon Bancorp Inc (IN),NASDAQ,Stock,2001-12-17,,Active
HBR,Canary Capital Group LLX,NASDAQ,Stock,2025-10-28,,Active
HBRD,Invesco U.S. Hybrid Bond,NYSE,Stock,2026-02-25,,Active
HBT,HBT Financial Inc,NASDAQ,Stock,2019-10-11,,Active
HBTA,HORIZON EXPEDITION PLUS ETF ,NYSE ARCA,ETF,2025-01-23,,Active
HCA,HCA Healthcare Inc,NYSE,Stock,2011-03-10,,Active
HCAC,Hall Chadwick Acquisition Corp,NASDAQ,Stock,2026-01-27,,Active
HCACR,Hall Chadwick Acquisition Corp Rights,NASDAQ,Stock,2026-01-27,,Active
HCACU,Hall Chadwick Acquisition Corp - Units (1 Ord Cls A & 1 Rts),NASDAQ,Stock,2025-11-21,,Active
HCAI,Huachen AI Parking Management Technology Holding Co. Ltd,NASDAQ,Stock,2025-02-05,,Active
HCAT,Health Catalyst Inc,NASDAQ,Stock,2019-07-25,,Active
HCC,Warrior Met Coal Inc,NYSE,Stock,2017-04-10,,Active
HCHL,Happy City Holdings Ltd - Class A,NASDAQ,Stock,2025-06-24,,Active
HCI,HCI Group Inc,NYSE,Stock,2008-09-15,,Active
HCIC,Hennessy Capital Investment Corp V - Class A,NASDAQ,Stock,2021-03-08,,Active
HCICR,Hennessy Capital Investment Corp VIII Share Rights,NASDAQ,Stock,2026-03-31,,Active
HCICU,Hennessy Capital Investment Corp VIII - Units (1 Ord Class A & 1 Rts),NASDAQ,Stock,2026-02-05,,Active
HCKT,Hackett Group Inc (The),NASDAQ,Stock,1998-05-28,,Active
HCM,HUTCHMED (China) Ltd,NASDAQ,Stock,2016-03-17,,Active
HCMA,HCM III Acquisition Corp.,NASDAQ,Stock,2026-05-28,,Active
HCMAU,HCM III Acquisition Corp - Units (1 Ord Cls A & 1 War),NASDAQ,Stock,2025-08-04,,Active
HCMAW,HCM III Acquisition Corp. Warrants,NASDAQ,Stock,2026-05-28,,Active
HCMT,DIREXION HCM TACTICAL ENHANCED US ETF ,NYSE,ETF,2023-06-22,,Active
HCOW,Amplify Cash Flow High Income ETF,NASDAQ,ETF,2023-09-20,,Active
HCRB,HARTFORD CORE BOND ETF ,BATS,ETF,2020-02-20,,Active
HCSG,Healthcare Services Group Inc,NASDAQ,Stock,1990-03-26,,Active
HCTI,Healthcare Triangle Inc,NASDAQ,Stock,2021-10-13,,Active
HCWB,HCW Biologics Inc,NASDAQ,Stock,2021-07-20,,Active
HCWC,Healthy Choice Wellness Corp - Class A,AMEX,Stock,2024-09-16,,Active
HCXY,Hercules Capital Inc,NYSE,Stock,2018-09-27,,Active
HD,Home Depot Inc,NYSE,Stock,1981-09-22,,Active
HDB,HDFC Bank Ltd,NYSE,Stock,2001-07-20,,Active
HDEF,XTRACKERS MSCI EAFE HIGH DIVIDEND YIELD EQUITY ETF ,NYSE,ETF,2015-08-18,,Active
HDG,PROSHARES HEDGE REPLICATION ETF ,NYSE,ETF,2011-07-14,,Active
HDGE,AdvisorShares Active Bear ETF,NYSE ARCA,ETF,2011-01-27,,Active
HDL,Super Hi International Holding Ltd,NASDAQ,Stock,2024-05-17,,Active
HDLB,UBS AG London Branch ETRACS Monthly Pay 2X Leveraged US High Divid Low Volatility ETN Ser B 09302044,NYSE,ETF,2019-10-25,,Active
HDMV,FIRST TRUST HORIZON MANAGED VOLATILITY DEVELOPED INTERNATIONAL ETF ,NYSE,ETF,2016-08-26,,Active
HDRN,Hadron Energy Inc Com,NASDAQ,Stock,2026-05-26,,Active
HDRNW,Hadron Energy Inc Wt Exp,NASDAQ,Stock,2026-05-26,,Active
HDSN,Hudson Technologies Inc,NASDAQ,Stock,1994-11-02,,Active
HDUS,HARTFORD DISCIPLINED US EQUITY ETF ,NYSE,ETF,2022-11-17,,Active
HDV,ISHARES CORE HIGH DIVIDEND ETF ,NYSE,ETF,2011-03-31,,Active
HE,Hawaiian Electric Industries Inc,NYSE,Stock,1987-11-05,,Active
HEAL,GLOBAL X HEALTHTECH ETF ,NASDAQ,ETF,2020-07-30,,Active
HECA,HEDGEYE CAPITAL ALLOCATION ETF ,NYSE,ETF,2025-07-01,,Active
HECO,SPDR GALAXY HEDGED DIGITAL ASSET ECOSYSTEM ETF ,NASDAQ,ETF,2024-09-10,,Active
HEDG,EQUABLE SHARES HEDGED EQUITY ETF ,NYSE,ETF,2025-10-13,,Active
HEDJ,WISDOMTREE EUROPE HEDGED EQUITY FUND ,NYSE,ETF,2009-12-31,,Active
HEEM,ISHARES CURRENCY HEDGED MSCI EMERGING MARKETS ETF ,BATS,ETF,2014-09-25,,Active
HEFA,ISHARES CURRENCY HEDGED MSCI EAFE ETF ,BATS,ETF,2014-02-14,,Active
HEFT,Hedgeye Fourth Turning,NYSE,Stock,2025-11-21,,Active
HEGD,SWAN HEDGED EQUITY US LARGE CAP ETF ,BATS,ETF,2020-12-23,,Active
HEI,Heico Corp,NYSE,Stock,1992-03-17,,Active
HEI-A,Heico Corp - Class A,NYSE,Stock,2016-01-04,,Active
HEJD,VICTORYSHARES HEDGED EQUITY INCOME ETF ,NASDAQ,ETF,2026-02-09,,Active
HELE,Helen of Troy Ltd,NASDAQ,Stock,1990-03-26,,Active
HELO,JPMORGAN HEDGED EQUITY LADDERED OVERLAY ETF ,NYSE,ETF,2023-09-29,,Active
HELP,Cybin Inc,NASDAQ,Stock,2019-09-13,,Active
HELS,Hedgeye 13030 Equity,NYSE,Stock,2025-12-11,,Active
HELX,FRANKLIN GENOMIC ADVANCEMENTS ETF ,BATS,ETF,2020-02-27,,Active
HEMI,Hartford Equity Premium Income,BATS,Stock,2025-12-17,,Active
HEPS,D-MARKET Electronic Services & Trading,NASDAQ,Stock,2021-07-01,,Active
HEQ,John Hancock Hedged equity & Income Fund,NYSE,ETF,2011-05-27,,Active
HEQQ,JPMORGAN NASDAQ HEDGED EQUITY LADDERED OVERLAY ETF ,NASDAQ,ETF,2025-03-27,,Active
HEQT,SIMPLIFY HEDGED EQUITY ETF ,NYSE,ETF,2021-11-02,,Active
HERD,PACER CASH COWS FUND OF FUNDS ETF ,NASDAQ,ETF,2019-05-07,,Active
HERE,Here Group Ltd,NASDAQ,Stock,2023-01-25,,Active
HERO,GLOBAL X VIDEO GAMES & ESPORTS ETF ,NASDAQ,ETF,2019-10-31,,Active
HERZ,Herzfeld Credit Income Fund Inc Com,NASDAQ,Stock,2025-07-07,,Active
HES,Hess Corporation,NYSE,Stock,1983-04-06,,Active
HESM,Hess Midstream LP - Class A,NYSE,Stock,2017-04-05,,Active
HEWC,iShares Currency Hedged MSCI Canada ETF,NYSE ARCA,ETF,2015-07-01,,Active
HEWJ,ISHARES CURRENCY HEDGED MSCI JAPAN ETF ,NYSE,ETF,2014-02-05,,Active
HEWU,iShares Currency Hedged MSCI United Kingdom ETF,NYSE ARCA,ETF,2015-07-09,,Active
HEXO,HEXO Corp,NASDAQ,Stock,2017-03-23,,Active
HEZU,ISHARES CURRENCY HEDGED MSCI EUROZONE ETF ,NYSE,ETF,2014-08-07,,Active
HFBL,Home Federal Bancorp Inc (Louisiana),NASDAQ,Stock,2007-06-20,,Active
HFEQ,UNLIMITED HFEQ EQUITY LONG/SHORT ETF ,NYSE,ETF,2025-07-15,,Active
HFFG,HF Foods Group Inc,NASDAQ,Stock,2017-09-07,,Active
HFGM,UNLIMITED HFGM GLOBAL MACRO ETF ,NYSE,ETF,2025-04-15,,Active
HFGO,HARTFORD LARGE CAP GROWTH ETF ,BATS,ETF,2021-11-10,,Active
HFMF,UNLIMITED HFMF MANAGED FUTURES ETF ,NYSE,ETF,2025-07-15,,Active
HFND,UNLIMITED HFND MULTI-STRATEGY RETURN TRACKER ETF ,NYSE,ETF,2022-10-11,,Active
HFRO,Highland Opportunities and Income Fund,NYSE,ETF,2017-11-06,,Active
HFRO-P-A,Highland Opportunities and Income Fund,NYSE,Stock,2019-07-30,,Active
HFRO-P-B,Highland Opportunities and Income Fund 5.375 Series B Cumulative Preferred Shares,NYSE,Stock,2025-03-13,,Active
HFSI,HARTFORD STRATEGIC INCOME ETF ,BATS,ETF,2025-04-15,,Active
HFSP,TRADERSAI LARGE CAP EQUITY & CASH ETF ,NASDAQ,ETF,2024-10-24,,Active
HFWA,Heritage Financial Corp,NASDAQ,Stock,1998-05-07,,Active
HFXI,NYLIM FTSE International Equity Currency Neutral ETF,NYSE ARCA,ETF,2015-07-22,,Active
HG,Hamilton Insurance Group Ltd - Class B,NYSE,Stock,2023-11-10,,Active
HGBL,Heritage Global Inc,NASDAQ,Stock,2016-01-05,,Active
HGER,HARBOR COMMODITY ALL-WEATHER STRATEGY ETF ,NYSE,ETF,2022-02-10,,Active
HGLB,Highland Global Allocation Fund,NYSE,Stock,2019-02-19,,Active
HGRO,HEDGEYE QUALITY GROWTH ETF ,NYSE,ETF,2025-06-11,,Active
HGTY,Hagerty Inc - Class A,NYSE,Stock,2021-06-01,,Active
HGTY-WS,Hagerty Inc Wt Exp,NYSE,Stock,2021-12-03,,Active
HGV,Hilton Grand Vacations Inc,NYSE,Stock,2017-01-04,,Active
HHH,Howard Hughes Corporation,NYSE,Stock,2010-11-05,,Active
HHH-W,Howard Hughes Holdings Inc WhenIssued,NYSE,Stock,2024-07-31,,Active
HHS,Harte-Hanks Inc,NASDAQ,Stock,1993-11-04,,Active
HIAI,Ai Funds High Conviction US Equity AI-Managed ETF,BATS,ETF,2026-08-21,,Active
HIBL,DIREXION DAILY S&P 500(R) HIGH BETA BULL 3X SHARES ,NYSE,ETF,2019-11-07,,Active
HIBS,Direxion Daily S&P 500 High Beta Bear 3X Shares,NYSE,ETF,2019-11-07,,Active
HIDE,ALPHA ARCHITECT HIGH INFLATION AND DEFLATION ETF ,NASDAQ,ETF,2022-11-17,,Active
HIDV,AB US HIGH DIVIDEND ETF ,NYSE,ETF,2023-03-22,,Active
HIE,Miller/Howard High Income Equity Fund,NYSE,ETF,2014-11-25,,Active
HIFS,Hingham Institution For Savings,NASDAQ,Stock,1992-02-25,,Active
HIG,Hartford Financial Services Group Inc,NYSE,Stock,1995-12-15,,Active
HIG-P-G,Hartford Financial Services Group Inc,NYSE,Stock,2018-10-30,,Active
HIGH,SIMPLIFY ENHANCED INCOME ETF ,NYSE,ETF,2022-10-28,,Active
HIHO,Highway Holdings Ltd,NASDAQ,Stock,1996-12-11,,Active
HII,Huntington Ingalls Industries Inc,NYSE,Stock,2011-03-22,,Active
HIMC,Corgi HIMS 2x Daily ETF,BATS,ETF,2026-07-14,,Active
HIMS,Hims & Hers Health Inc - Class A,NYSE,Stock,2019-09-13,,Active
HIMU,iShares High Yield Muni Active ETF,BATS,ETF,2025-02-10,,Active
HIMX,Himax Technologies,NASDAQ,Stock,2006-03-31,,Active
HIMY,Defiance Leveraged Long Income HIMS ETF,NASDAQ,ETF,2025-08-19,,Active
HIMZ,DEFIANCE DAILY TARGET 2X LONG HIMS ETF ,NASDAQ,ETF,2025-03-13,,Active
HIND,ReShape Lifesciences Inc,NASDAQ,Stock,2016-10-06,,Active
HIO,Western Asset High Income Opportunity Fund Inc,NYSE,ETF,1994-10-27,,Active
HIPO,Hippo Holdings Inc,NYSE,Stock,2021-08-03,,Active
HIPS,GraniteShares HIPS US High Income ETF,NYSE,ETF,2015-01-07,,Active
HIS,HUMILIS US FOCUSED OPPORTUNITIES ETF ,NASDAQ,ETF,2026-05-19,,Active
HISF,FIRST TRUST HIGH INCOME STRATEGIC FOCUS ETF ,NASDAQ,ETF,2024-02-28,,Active
HIT,Health In Tech Inc - Class A,NASDAQ,Stock,2024-12-23,,Active
HITI,High Tide Inc,NASDAQ,Stock,2019-01-28,,Active
HIVE,HIVE Digital Technologies Ltd,NASDAQ,Stock,2018-01-12,,Active
HIW,Highwoods Properties Inc,NYSE,Stock,1994-06-08,,Active
HIX,Western Asset High Income Fund II Inc,NYSE,ETF,1998-05-22,,Active
HIYY,YieldMax HIMS Option Income Strategy ETF,NYSE,ETF,2025-09-23,,Active
HJLY,Corgi U.S. Equities 100% Structured Buffer ETF - July Series,BATS,ETF,2026-07-02,,Active
HJUN,Corgi U.S. Equities 100 Structured Buffer ETF June Series,BATS,Stock,2026-06-02,,Active
HKD,AMTD Digital Inc,NYSE,Stock,2022-07-15,,Active
HKIT,Hitek Global Inc - Class A,NASDAQ,Stock,2024-02-29,,Active
HKPD,Hong Kong Pharma Digital Technology Holdings Ltd,NASDAQ,Stock,2025-01-15,,Active
HL,Hecla Mining Company,NYSE,Stock,1985-02-14,,Active
HL-P-B,Hecla Mining Company,NYSE,Stock,2014-09-24,,Active
HLAL,WAHED FTSE USA SHARIAH ETF ,NASDAQ,ETF,2019-07-16,,Active
HLF,Herbalife Ltd,NYSE,Stock,2004-12-16,,Active
HLI,Houlihan Lokey Inc - Class A,NYSE,Stock,2015-08-13,,Active
HLIO,Helios Technologies Inc,NYSE,Stock,1997-01-09,,Active
HLIT,Harmonic Inc,NASDAQ,Stock,1995-05-24,,Active
HLLY,Holley Inc - Class A,NYSE,Stock,2022-09-08,,Active
HLLY-WS,Holley Inc Warrants,NYSE,Stock,2021-07-19,,Active
HLMN,Hillman Solutions Corp,NASDAQ,Stock,2020-12-03,,Active
HLN,Haleon plc,NYSE,Stock,2022-07-22,,Active
HLNE,Hamilton Lane Inc - Class A,NASDAQ,Stock,2017-03-01,,Active
HLP,Hongli Group Inc - Class A,NASDAQ,Stock,2026-07-14,,Active
HLSQ,Tessera Defense and Homeland Security Inc,NYSE MKT,Stock,2019-03-13,,Active
HLT,Hilton Worldwide Holdings Inc,NYSE,Stock,2013-12-12,,Active
HLTH,Tema Healthcare AI ETF,NASDAQ,ETF,2026-07-21,,Active
HLXC,Helix Acquisition Corp III - Class A,NASDAQ,Stock,2026-01-23,,Active
HLXX,Tradr 2X Long HL Daily,BATS,Stock,2026-03-24,,Active
HMAC,Hainan Manaslu Acquisition Corp,NASDAQ,Stock,2022-09-12,,Active
HMACR,Hainan Manaslu Acquisition Corp,NASDAQ,Stock,2022-09-12,,Active
HMACU,Hainan Manaslu Acquisition Corp - Units (1 Ord 1 War & 1 Rts),NASDAQ,Stock,2022-08-11,,Active
HMACW,Hainan Manaslu Acquisition Corp - Warrants (31/01/2029),NASDAQ,Stock,2022-09-12,,Active
HMAY,Corgi U.S. Equities 100 Structured Buffer ETF May Series,BATS,Stock,2026-05-06,,Active
HMC,Honda Motor,NYSE,Stock,1980-03-17,,Active
HMCO,HumanCo Acquisition Corp - Class A,NASDAQ,Stock,2021-01-29,,Active
HMCOU,HumanCo Acquisition Corp - Units (1 Ord Class A & 1/2 War),NASDAQ,Stock,2020-12-09,,Active
HMCOW,HumanCo Acquisition Corp - Warrants (08/12/2025),NASDAQ,Stock,2021-02-01,,Active
HMH,HMH Holding Inc - Class A,NASDAQ,Stock,2026-04-01,,Active
HMN,Horace Mann Educators Corp,NYSE,Stock,1991-11-15,,Active
HMOP,HARTFORD MUNICIPAL OPPORTUNITIES ETF ,NYSE,ETF,2017-12-14,,Active
HMR,Sports Properties Acquisition Corp,NASDAQ,Stock,2008-02-05,,Active
HMST,HomeStreet Inc,NASDAQ,Stock,2012-02-10,,Active
HMY,Harmony Gold Mining Co Ltd,NYSE,Stock,1996-09-30,,Active
HMYY,GRANITESHARES YIELDBOOST HIMS ETF ,NASDAQ,ETF,2025-12-02,,Active
HNDL,STRATEGY SHARES NASDAQ 7 HANDL(TM) INDEX ETF ,NASDAQ,ETF,2018-01-17,,Active
HNGE,Hinge Health Inc - Class A,NYSE,Stock,2025-05-22,,Active
HNI,HNI Corp,NYSE,Stock,1990-03-26,,Active
HNNA,Hennessy Advisors Inc,NASDAQ,Stock,2002-10-15,,Active
HNRG,Hallador Energy Company,NASDAQ,Stock,1997-01-20,,Active
HNST,Honest Company Inc (The ),NASDAQ,Stock,2021-05-04,,Active
HNVR,Hanover Bancorp Inc,NASDAQ,Stock,2022-05-11,,Active
HODL,VanEck Bitcoin Trust,BATS,Stock,2024-01-11,,Active
HODO,House of Doge Inc Com Par,NASDAQ,Stock,2026-06-30,,Active
HODU,Direxion Daily HOOD Bull 2X ETF,NASDAQ,ETF,2025-11-19,,Active
HOFT,Hooker Furnishings Corporation,NASDAQ,Stock,2001-01-02,,Active
HOG,Harley-Davidson Inc,NYSE,Stock,1987-11-05,,Active
HOII,REX HOOD GROWTH & INCOME ETF ,BATS,ETF,2025-11-04,,Active
HOLA,JPMORGAN INTERNATIONAL HEDGED EQUITY LADDERED OVERLAY ETF ,NYSE,Stock,2025-07-14,,Active
HOLD,HARBOR ALPHA LAYERING ETF ,NYSE,ETF,2014-01-15,,Active
HOLO,HOLOPAK TECHNOLOGIES INC,NASDAQ,Stock,2022-09-19,,Active
HOLOW,MicroCloud Hologram Inc - Warrants (31/01/2028),NASDAQ,Stock,2021-08-05,,Active
HOMB,Home Bancshares Inc,NYSE,Stock,2006-06-23,,Active
HOMZ,HOYA CAPITAL HOUSING ETF ,NYSE,ETF,2019-03-20,,Active
HON,Honeywell International Inc,NASDAQ,Stock,1970-01-02,,Active
HONA,Honeywell Aerospace Inc,NASDAQ,Stock,2026-06-29,,Active
HONAV,Honeywell Aerospace Inc,NASDAQ,Stock,2026-06-15,,Active
HONDU,HCM II Acquisition Corp Unit,NASDAQ,Stock,2024-08-16,,Active
HONDW,Terrestrial Energy Inc Wt Exp,NASDAQ,Stock,2026-05-28,,Active
HONG,Leverage Shares 2X Long HON Daily,BATS,Stock,2026-05-12,,Active
HONIV,Honeywell International Inc,NASDAQ,Stock,2025-10-21,,Active
HOOC,Corgi HOOD 2x Daily ETF,BATS,ETF,2026-07-10,,Active
HOOD,Robinhood Markets Inc - Class A,NASDAQ,Stock,2021-07-29,,Active
HOOG,LEVERAGE SHARES 2X LONG HOOD DAILY ETF ,NASDAQ,ETF,2025-03-21,,Active
HOOI,Defiance Leveraged Long Income HOOD ETF,NASDAQ,ETF,2025-08-19,,Active
HOOW,ROUNDHILL HOOD WEEKLYPAY ETF ,BATS,ETF,2025-06-18,,Active
HOOX,DEFIANCE DAILY TARGET 2X LONG HOOD ETF ,NASDAQ,ETF,2025-03-19,,Active
HOOY,YIELDMAX(R) HOOD OPTION INCOME STRATEGY ETF ,NYSE,ETF,2025-05-08,,Active
HOOZ,Tidal Trust II Defiance Daily Target 2X Short HOOD,NYSE,Stock,2025-11-13,,Active
HOPE,Hope Bancorp Inc,NASDAQ,Stock,1998-01-29,,Active
HORIU,Emerging Markets Horizon Corp - Units (1 Ord Share Class A & 1/2 War),NASDAQ,Stock,2021-12-09,,Active
HOS,Hornbeck Offshore Services Inc,NYSE,Stock,2026-09-02,,Active
HOTL,Kelly Hotel & Lodging Sector ETF,NYSE ARCA,ETF,2022-01-13,,Active
HOUR,Hour Loop Inc,NASDAQ,Stock,2022-01-07,,Active
HOV,Hovnanian Enterprises Inc - Class A,NYSE,Stock,1992-03-17,,Active
HOVNP,Hovnanian Enterprises Inc,NASDAQ,Stock,2005-11-30,,Active
HOVR,New Horizon Aircraft Ltd,NASDAQ,Stock,2024-01-16,,Active
HOVRW,New Horizon Aircraft Ltd Warrant,NASDAQ,Stock,2024-01-16,,Active
HOWL,Werewolf Therapeutics Inc,NASDAQ,Stock,2021-04-30,,Active
HOYY,GRANITESHARES YIELDBOOST HOOD ETF ,NASDAQ,ETF,2025-09-30,,Active
HP,Helmerich & Payne Inc,NYSE,Stock,1980-10-15,,Active
HPAI,Helport AI Ltd,NASDAQ,Stock,2024-08-05,,Active
HPAIW,Helport AI Ltd - Warrants (02/08/2029),NASDAQ,Stock,2024-08-05,,Active
HPE,Hewlett Packard Enterprise Company,NYSE,Stock,2015-10-19,,Active
HPE-P-C,Hewlett Packard Enterprise Company,NYSE,Stock,2024-09-11,,Active
HPF,John Hancock Preferred Income Fund II,NYSE,ETF,2002-11-26,,Active
HPI,John Hancock Preferred Income Fund,NYSE,ETF,2003-07-15,,Active
HPK,HighPeak Energy Inc,NASDAQ,Stock,2020-08-24,,Active
HPLT,Home Plate Acquisition Corp - Class A,NASDAQ,Stock,2021-11-29,,Active
HPLTU,Home Plate Acquisition Corp - Units (1 Ord Class A & 1/2 War),NASDAQ,Stock,2021-09-30,,Active
HPLTW,Home Plate Acquisition Corp - Warrants (30/09/2026),NASDAQ,Stock,2021-11-29,,Active
HPP,Hudson Pacific Properties Inc,NYSE,Stock,2010-06-24,,Active
HPP-P-C,Hudson Pacific Properties Inc,NYSE,Stock,2021-11-12,,Active
HPQ,HP Inc,NYSE,Stock,1962-01-02,,Active
HPS,John Hancock Preferred Income Fund III,NYSE,ETF,2003-06-17,,Active
HQ,HAMBRECHT & QUIST GROUP,NASDAQ,Stock,2026-03-20,,Active
HQGO,HARTFORD US QUALITY GROWTH ETF ,NASDAQ,ETF,2023-12-06,,Active
HQH,abrdn Healthcare Investors,NYSE,ETF,1988-01-05,,Active
HQI,HireQuest Inc,NASDAQ,Stock,2002-06-06,,Active
HQL,abrdn Life Sciences Investors,NYSE,ETF,1992-05-04,,Active
HQWWW,Horizon Quantum Holdings Ltd Warrant,NASDAQ,Stock,2026-03-23,,Active
HQY,Healthequity Inc,NASDAQ,Stock,2014-07-31,,Active
HR,Healthcare Realty Trust Inc,NYSE,Stock,1993-05-27,,Active
HRB,H&R Block Inc,NYSE,Stock,1986-11-12,,Active
HRI,Herc Holdings Inc,NYSE,Stock,2006-11-16,,Active
HRL,Hormel Foods Corp,NYSE,Stock,1990-01-02,,Active
HRMY,Harmony Biosciences Holdings Inc,NASDAQ,Stock,2020-08-19,,Active
HROW,Harrow Inc,NASDAQ,Stock,2007-09-28,,Active
HRSK,Toews Agility Shares Hedged Risk ETF,NYSE ARCA,ETF,2026-06-15,,Active
HRTG,Heritage Insurance Holdings Inc,NYSE,Stock,2014-05-23,,Active
HRTS,TEMA HEART & HEALTH ETF ,NASDAQ,ETF,2023-11-21,,Active
HRTX,Heron Therapeutics Inc,NASDAQ,Stock,1987-08-27,,Active
HRYU,Global Interactive Technologies Inc,NASDAQ,Stock,2023-08-01,,Active
HRZN,Horizon Technology Finance Corp,NASDAQ,Stock,2010-10-29,,Active
HSAI,Hesai Group,NASDAQ,Stock,2023-02-09,,Active
HSBC,HSBC Holdings plc,NYSE,Stock,1999-07-16,,Active
HSBH,HSBC HOLDINGS PLC ADRHEDGED ,NYSE,ETF,2025-04-23,,Active
HSCS,Heart Test Laboratories Inc,NASDAQ,Stock,2022-06-15,,Active
HSCSW,Heart Test Laboratories Inc - Warrants(15/06/2027),NASDAQ,Stock,2022-06-15,,Active
HSCZ,ISHARES CURRENCY HEDGED MSCI EAFE SMALL-CAP ETF ,NYSE,ETF,2015-07-14,,Active
HSDT,Helius Medical Technologies Inc - Class A,NASDAQ,Stock,2014-06-27,,Active
HSHP,Himalaya Shipping Ltd,NYSE,Stock,2022-10-25,,Active
HSIC,Henry Schein Inc,NASDAQ,Stock,1995-11-03,,Active
HSLV,Highlander Silver Corp,AMEX,Stock,2026-03-11,,Active
HSMV,FIRST TRUST HORIZON MANAGED VOLATILITY SMALL/MID ETF ,NYSE,ETF,2020-04-07,,Active
HSON,,NASDAQ,Stock,2025-09-05,,Active
HSPT,Horizon Space Acquisition II Corp,NASDAQ,Stock,2025-02-05,,Active
HSPTR,Horizon Space Acquisition II Corp Right,NASDAQ,Stock,2025-02-05,,Active
HSPTU,Horizon Space Acquisition II Corp - Unit (1 Ordinary share & 1 Rts),NASDAQ,Stock,2024-11-15,,Active
HSRT,HARTFORD AAA CLO ETF ,BATS,ETF,2018-05-31,,Active
HST,Host Hotels & Resorts Inc,NASDAQ,Stock,1983-04-06,,Active
HSTM,Healthstream Inc,NASDAQ,Stock,2000-04-11,,Active
HSUN,HARTFORD STRATEGIC INCOME ETF ,BATS,ETF,2021-09-22,,Active
HSY,Hershey Company,NYSE,Stock,1985-07-01,,Active
HT,Hersha Hospitality Trust - Class A,NYSE,Stock,1999-01-21,,Active
HT-P-C,Hersha Hospitality Trust,NYSE,Stock,2014-09-22,,Active
HT-P-D,Hersha Hospitality Trust,NYSE,Stock,2016-06-02,,Active
HT-P-E,Hersha Hospitality Trust,NYSE,Stock,2016-11-09,,Active
HTAB,HARTFORD SCHRODERS TAX-AWARE BOND ETF ,NYSE,ETF,2018-04-19,,Active
HTAX,NOMURA NATIONAL HIGH-YIELD MUNICIPAL BOND ETF ,NYSE,ETF,2025-03-06,,Active
HTB,HomeTrust Bancshares Inc,NYSE,Stock,2012-07-11,,Active
HTCO,Caravelle International Group,NASDAQ,Stock,2022-12-16,,Active
HTCR,HeartCore Enterprises Inc,NASDAQ,Stock,2022-02-10,,Active
HTD,John Hancock Tax- Advantaged Dividend Income,NYSE,ETF,2004-02-25,,Active
HTEC,ROBO GLOBAL(R) HEALTHCARE TECHNOLOGY AND INNOVATION ETF ,NYSE,ETF,2019-06-25,,Active
HTFC,Horizon Technology Finance Corp,NYSE,Stock,2022-06-27,,Active
HTFL,Heartflow Inc,NASDAQ,Stock,2025-08-08,,Active
HTGC,Hercules Capital Inc,NYSE,Stock,2005-06-09,,Active
HTH,Hilltop Holdings Inc,NYSE,Stock,2004-02-19,,Active
HTHT,H World Group Ltd,NASDAQ,Stock,2010-03-26,,Active
HTLD,Heartland Express Inc,NASDAQ,Stock,1990-03-26,,Active
HTLM,HomesToLife Ltd,NASDAQ,Stock,2024-10-01,,Active
HTO,H2O America,NASDAQ,Stock,1972-06-01,,Active
HTOO,Fusion Fuel Green Ltd - Class A,NASDAQ,Stock,2020-12-10,,Active
HTPA-U,Highland Transcend Partners I Corp Units each consisting of one Class A ordinary share and onethird of one redeemable warrant,NYSE,Stock,2020-12-03,,Active
HTRB,HARTFORD TOTAL RETURN BOND ETF ,NYSE,ETF,2017-09-28,,Active
HTT,Qudian Inc,NYSE,Stock,2017-10-18,,Active
HTUS,HULL TACTICAL US ETF ,BATS,ETF,2015-06-25,,Active
HTY,John Hancock Tax-Advantaged Global Shareholder Yield Fund,NYSE,ETF,2007-09-26,,Active
HTZ,Hertz Global Holdings Inc (New),NASDAQ,Stock,2021-07-01,,Active
HTZWW,Hertz Global Holdings Inc - Warrants (30/06/2051),NASDAQ,Stock,2021-07-01,,Active
HUBB,Hubbell Inc,NYSE,Stock,2015-12-24,,Active
HUBC,Hub Cyber Security Ltd,NASDAQ,Stock,2023-02-28,,Active
HUBCW,Hub Cyber Security Ltd - Warrants (27/02/2028),NASDAQ,Stock,2023-03-01,,Active
HUBCZ,Hub Cyber Security Ltd - Warrants (22/08/2025),NASDAQ,Stock,2023-03-03,,Active
HUBG,Hub Group Inc - Class A,NASDAQ,Stock,1996-03-13,,Active
HUBS,HubSpot Inc,NYSE,Stock,2014-10-09,,Active
HUDI,Huadi International Group Co Ltd,NASDAQ,Stock,2021-01-22,,Active
HUHU,HUHUTECH International Group Inc,NASDAQ,Stock,2024-10-22,,Active
HUIZ,Huize Holding Ltd,NASDAQ,Stock,2020-02-12,,Active
HULL,Corgi Shipping & Global Logistics,BATS,Stock,2026-05-06,,Active
HUM,Humana Inc,NYSE,Stock,1981-12-31,,Active
HUMA,Humacyte Inc,NASDAQ,Stock,2021-08-26,,Active
HUMN,ROUNDHILL HUMANOID ROBOTICS ETF ,BATS,ETF,2025-06-26,,Active
HUN,Huntsman Corp,NYSE,Stock,2005-02-14,,Active
HURA,TuHURA Biosciences Inc,NASDAQ,Stock,2013-02-22,,Active
HURC,Hurco Companies Inc,NASDAQ,Stock,1989-09-05,,Active
HURN,Huron Consulting Group Inc,NASDAQ,Stock,2004-10-13,,Active
HUSV,FIRST TRUST HORIZON MANAGED VOLATILITY DOMESTIC ETF ,NYSE,ETF,2016-08-25,,Active
HUT,Hut 8 Corp,NASDAQ,Stock,2018-03-08,,Active
HUTG,Leverage Shares 2X Long HUT Daily ETF,NASDAQ,ETF,2026-01-13,,Active
HUYA,HUYA Inc,NYSE,Stock,2018-05-11,,Active
HVAC,ADVISORSHARES HVAC AND INDUSTRIALS ETF ,NYSE,ETF,2025-02-04,,Active
HVAL,ALPS Hillman Active Value ETF,NYSE ARCA,ETF,2021-07-16,,Active
HVII,,NASDAQ,Stock,2025-02-10,,Active
HVIIR,Hennessy Capital Investment Corp VII Rights,NASDAQ,Stock,2025-02-06,,Active
HVIIU,Hennessy Capital Investment Corp VII - Units (1 Ord Shs & 1 Rts),NASDAQ,Stock,2025-01-17,,Active
HVMC,Highview Merger Corp - Class A,NASDAQ,Stock,2025-10-02,,Active
HVMCU,Highview Merger Corp - Units (1 Ord Cls A & 1/2 War),NASDAQ,Stock,2025-08-12,,Active
HVMCW,Highview Merger Corp - Warrants (24/07/2030),NASDAQ,Stock,2025-10-02,,Active
HVT,Haverty Furniture Cos. Inc,NYSE,Stock,1992-02-25,,Active
HVT-A,Haverty Furniture Cos. Inc - Class A,NYSE,Stock,1992-02-25,,Active
HWBK,Hawthorn Bancshares Inc,NASDAQ,Stock,1999-07-20,,Active
HWC,Hancock Whitney Corp,NASDAQ,Stock,2001-01-02,,Active
HWCPZ,Hancock Whitney Corp,NASDAQ,Stock,2020-06-17,,Active
HWGV,HOTCHKIS & WILEY GLOBAL VALUE FUND ETF CLASS,NASDAQ,ETF,2026-08-27,,Active
HWH,HWH International Inc,NASDAQ,Stock,2024-01-08,,Active
HWIV,HOTCHKIS AND WILEY INTERNATIONAL VALUE FUND ETF CLASS,NASDAQ,ETF,2026-07-22,,Active
HWKN,Hawkins Inc,NASDAQ,Stock,1993-10-27,,Active
HWM,Howmet Aerospace Inc,NYSE,Stock,1962-01-02,,Active
HWM-P,Howmet Aerospace Inc 375 Preferred Stock,AMEX,Stock,2014-09-22,,Active
HWO,HOTCHKIS & WILEY OPPORTUNITIES FUND ETF CLASS,NASDAQ,ETF,2026-07-22,,Active
HWSM,HOTCHKIS & WILEY SMID CAP DIVERSIFIED VALUE FUND ,NASDAQ,ETF,2025-03-31,,Active
HXA,Mast HedgeIndex Corporate Arbitrage ETF,NYSE ARCA,ETF,2026-08-21,,Active
HXC,Mast HedgeIndex Strategic Commodities ETF,NYSE ARCA,ETF,2026-08-21,,Active
HXE,Mast HedgeIndex Adaptive Equities ETF,NYSE ARCA,ETF,2026-08-21,,Active
HXF,Mast HedgeIndex Managed Futures Strategy ETF,NYSE ARCA,ETF,2026-09-01,,Active
HXHX,Haoxin Holdings Ltd - Class A,NASDAQ,Stock,2025-04-15,,Active
HXL,Hexcel Corp,NYSE,Stock,1987-11-05,,Active
HY,Hyster-Yale Materials Handling Inc - Class A,NYSE,Stock,2012-10-01,,Active
HYAC-WS,Haymaker Acquisition Corp 4 Warrants each whole warrant exercisable for one Class A ordinary share at an exercise price of 11.50 per share,NYSE,Stock,2023-09-15,,Active
HYBB,ISHARES BB RATED CORPORATE BOND ETF ,NYSE,ETF,2020-10-08,,Active
HYBI,NEOS ENHANCED INCOME CREDIT SELECT ETF ,NASDAQ,ETF,2024-09-30,,Active
HYBL,STATE STREET(R) BLACKSTONE HIGH INCOME ETF ,BATS,ETF,2022-02-17,,Active
HYBX,TCW High Yield Bond ETF,NYSE,ETF,2024-11-18,,Active
HYD,VANECK HIGH YIELD MUNI ETF ,BATS,ETF,2009-02-05,,Active
HYDB,ISHARES HIGH YIELD SYSTEMATIC BOND ETF ,BATS,ETF,2017-07-13,,Active
HYDR,GLOBAL X HYDROGEN ETF ,NASDAQ,ETF,2021-07-14,,Active
HYDW,XTRACKERS LOW BETA HIGH YIELD BOND ETF ,NYSE,ETF,2018-01-11,,Active
HYEM,VANECK EMERGING MARKETS HIGH YIELD BOND ETF ,NYSE,ETF,2012-05-14,,Active
HYFI,AB HIGH YIELD ETF ,NYSE,ETF,2023-05-15,,Active
HYFM,Hydrofarm Holdings Group Inc,NASDAQ,Stock,2020-12-10,,Active
HYFT,MindWalk Holdings Corp,NASDAQ,Stock,2017-01-03,,Active
HYG,ISHARES IBOXX $ HIGH YIELD CORPORATE BOND ETF ,NYSE,ETF,2007-04-11,,Active
HYGD,Bank of Montreal,BATS,Stock,2026-08-11,,Active
HYGH,ISHARES INTEREST RATE HEDGED HIGH YIELD BOND ETF ,NYSE,ETF,2014-05-29,,Active
HYGM,Amplify HYG High Yield 10 Target Income,BATS,Stock,2026-04-21,,Active
HYGU,Bank of Montreal,BATS,Stock,2026-08-11,,Active
HYGV,FLEXSHARES HIGH YIELD VALUE-SCORED BOND INDEX FUND ,NYSE,ETF,2018-07-18,,Active
HYGW,ISHARES HIGH YIELD CORPORATE BOND BUYWRITE STRATEGY ETF ,BATS,ETF,2022-08-22,,Active
HYHG,PROSHARES HIGH YIELD-INTEREST RATE HEDGED ,BATS,ETF,2013-05-23,,Active
HYI,Western Asset High Yield Defined Opportunity Fund Inc,NYSE,ETF,2010-10-27,,Active
HYIN,WISDOMTREE PRIVATE CREDIT AND ALTERNATIVE INCOME FUND ,BATS,ETF,2021-05-06,,Active
HYKE,VEST 2 YEAR INTEREST RATE HEDGE ETF ,BATS,ETF,2026-03-30,,Active
HYLB,XTRACKERS USD HIGH YIELD CORPORATE BOND ETF ,NYSE,ETF,2016-12-07,,Active
HYLN,Hyliion Holdings Corporation - Class A,AMEX,Stock,2019-04-22,,Active
HYLS,FIRST TRUST TACTICAL HIGH YIELD ETF ,NASDAQ,ETF,2013-02-27,,Active
HYMB,STATE STREET(R) SPDR NUVEEN ICE HIGH YIELD MUNICIPAL BOND ETF ,NYSE,ETF,2011-04-14,,Active
HYMC,Hycroft Mining Holding Corporation - Class A,NASDAQ,Stock,2018-03-12,,Active
HYMCL,Hycroft Mining Holding Corporation - Warrants (01/01/9999),NASDAQ,Stock,2021-01-26,,Active
HYMU,iShares High Yield Muni Income Active ETF,BATS,ETF,2026-05-28,,Active
HYNE,Hoyne Bancorp Inc,NASDAQ,Stock,2025-12-04,,Active
HYNX,T-REX 2X Long SKHY Daily Target ETF,NYSE ARCA,ETF,2026-07-14,,Active
HYP,GOLDEN EAGLE DYNAMIC HYPERGROWTH ETF ,NASDAQ,ETF,2025-09-23,,Active
HYPD,Eyenovia Inc,NASDAQ,Stock,2018-01-25,,Active
HYPG,Grayscale HYPE ETF,NASDAQ,ETF,2026-06-03,,Active
HYPR,Hyperfine Inc - Class A,NASDAQ,Stock,2021-01-27,,Active
HYS,PIMCO 0-5 YEAR HIGH YIELD CORPORATE BOND INDEX EXCHANGE-TRADED FUND ,NYSE,ETF,2011-06-17,,Active
HYSA,BONDBLOXX USD HIGH YIELD BOND SECTOR ROTATION ETF ,NYSE,ETF,2023-09-18,,Active
HYSD,COLUMBIA SHORT DURATION HIGH YIELD ETF ,NYSE,ETF,2024-09-05,,Active
HYT,BlackRock Corporate High Yield Fund Inc,NYSE,ETF,2003-05-29,,Active
HYTI,FT VEST HIGH YIELD & TARGET INCOME ETF ,NYSE,ETF,2025-02-13,,Active
HYTR,COUNTERPOINT HIGH YIELD TREND ETF ,NYSE,ETF,2020-01-22,,Active
HYUP,XTRACKERS HIGH BETA HIGH YIELD BOND ETF ,NYSE,ETF,2018-01-11,,Active
HYXF,ISHARES ESG ADVANCED HIGH YIELD CORPORATE BOND ETF ,NASDAQ,ETF,2016-06-17,,Active
HYXU,iShares Inc. Euro High Yield Corporate Bond USD Hedged ETF,BATS,ETF,2026-05-28,,Active
HYZD,WISDOMTREE INTEREST RATE HEDGED HIGH YIELD BOND FUND ,NASDAQ,ETF,2013-12-18,,Active
HYZN,Hyzon Motors Inc - Class A,NASDAQ,Stock,2020-12-14,,Active
HYZNW,Hyzon Motors Inc - Warrants (02/10/2025),NASDAQ,Stock,2020-12-14,,Active
HZO,Marinemax Inc,NYSE,Stock,1998-06-03,,Active
HZON-WS,Horizon Acquisition Corporation II Warrants each whole warrant exercisable for one Class A ordinary share at an exercise price of 11.50,NYSE,Stock,2020-12-10,,Active
IACL,GraniteShares US 100 Autocallable Income ETF,BATS,ETF,2026-08-18,,Active
IACO,Idea Acquisition Corp - Class A,NASDAQ,Stock,2026-04-06,,Active
IACOU,Idea Acquisition Corp - Units (1 Ord Cls A & 1/3 War),NASDAQ,Stock,2026-02-11,,Active
IACOW,Idea Acquisition Corp - Warrants (06/01/2031),NASDAQ,Stock,2026-04-06,,Active
IACQ,Irenic Acquisition Corp,NASDAQ,Stock,2026-06-18,,Active
IACQU,Irenic Acquisition Corp - Units (1 Ord Cls A & 1/3 War),NASDAQ,Stock,2026-04-28,,Active
IACQW,Irenic Acquisition Corp Warrants,NASDAQ,Stock,2026-06-18,,Active
IACVV,IAC Inc,NASDAQ,Stock,2025-03-26,,Active
IAE,Voya Asia Pacific High Dividend Equity Income Fund,NYSE,ETF,2007-03-28,,Active
IAF,abrdn Australia Equity Fund Inc,AMEX,ETF,1988-02-25,,Active
IAG,Iamgold Corp,NYSE,Stock,2003-07-15,,Active
IAGG,ISHARES CORE INTERNATIONAL AGGREGATE BOND ETF ,BATS,ETF,2015-11-12,,Active
IAI,ISHARES U.S. BROKER-DEALERS &AMP; SECURITIES EXCHANGES ETF ,NYSE,ETF,2006-05-05,,Active
IAK,ISHARES U.S. INSURANCE ETF ,NYSE,ETF,2006-05-05,,Active
IALT,iShares Systematic Alternatives Active ETF,NASDAQ,ETF,2025-12-10,,Active
IAPR,Innovator International Developed Power Buffer ETF April,NYSE,ETF,2021-04-01,,Active
IART,Integra Lifesciences Holdings Corp,NASDAQ,Stock,1995-08-16,,Active
IAS,Integral Ad Science Holding Corp,NASDAQ,Stock,2021-06-30,,Active
IAT,ISHARES U.S. REGIONAL BANKS ETF ,NYSE,ETF,2006-05-05,,Active
IAU,iShares Gold Trust,NYSE,ETF,2005-01-28,,Active
IAUG,International Developed Power Buffer ETF August,NYSE,ETF,2024-08-01,,Active
IAUI,NEOS GOLD HIGH INCOME ETF ,BATS,ETF,2025-06-05,,Active
IAUM,iShares Gold Trust Micro,NYSE,ETF,2021-06-29,,Active
IAUX,i80 Gold Corp,AMEX,Stock,2021-04-22,,Active
IAUX-WS,i80 Gold Corp Warrants each warrant exercisable for one Common Share at an exercise price of 0.70,AMEX,Stock,2025-07-28,,Active
IBAC,IB Acquisition Corp,NASDAQ,Stock,2024-05-01,,Active
IBACR,IB Acquisition Corp,NASDAQ,Stock,2024-05-01,,Active
IBAT,ISHARES ENERGY STORAGE & MATERIALS ETF ,NASDAQ,ETF,2024-03-21,,Active
IBB,ISHARES BIOTECHNOLOGY ETF ,NASDAQ,ETF,2001-02-12,,Active
IBBQ,INVESCO NASDAQ BIOTECHNOLOGY ETF ,NASDAQ,ETF,2021-06-11,,Active
IBCA,ISHARES IBONDS DEC 2035 TERM CORPORATE ETF ,NYSE,ETF,1998-06-03,,Active
IBCB,ISHARES IBONDS MAR 2016 CORPORATE EXFINANCIALS ETF,NYSE,ETF,2016-01-04,,Active
IBCP,Independent Bank Corporation (Ionia MI),NASDAQ,Stock,2001-01-02,,Active
IBD,INSPIRE CORPORATE BOND ETF ,NYSE,ETF,2017-07-11,,Active
IBDR,ISHARES IBONDS DEC 2026 TERM CORPORATE ETF ,NYSE,ETF,2016-09-19,,Active
IBDS,ISHARES IBONDS DEC 2027 TERM CORPORATE ETF ,NYSE,ETF,2017-09-14,,Active
IBDT,ISHARES IBONDS DEC 2028 TERM CORPORATE ETF ,NYSE,ETF,2018-09-20,,Active
IBDU,ISHARES IBONDS DEC 2029 TERM CORPORATE ETF ,NYSE,ETF,2019-09-19,,Active
IBDV,ISHARES IBONDS DEC 2030 TERM CORPORATE ETF ,NYSE,ETF,2020-06-25,,Active
IBDW,ISHARES IBONDS DEC 2031 TERM CORPORATE ETF ,NYSE,ETF,2021-06-24,,Active
IBDX,ISHARES IBONDS DEC 2032 TERM CORPORATE ETF ,NYSE,ETF,2022-06-30,,Active
IBDY,ISHARES IBONDS DEC 2033 TERM CORPORATE ETF ,NYSE,ETF,2023-06-23,,Active
IBDZ,ISHARES IBONDS DEC 2034 TERM CORPORATE ETF ,NYSE,ETF,2024-05-24,,Active
IBEX,IBEX Ltd,NASDAQ,Stock,2020-08-07,,Active
IBFR,Innovator International Developed Managed 10 Buffer,NYSE,Stock,2026-02-24,,Active
IBG,Innovation Beverage Group Ltd,NASDAQ,Stock,2024-09-26,,Active
IBGA,ISHARES IBONDS DEC 2044 TERM TREASURY ETF ,NASDAQ,ETF,2024-06-12,,Active
IBGB,ISHARES IBONDS DEC 2045 TERM TREASURY ETF ,NASDAQ,ETF,2025-03-26,,Active
IBGC,iShares iBonds Dec 2046 Term Treasury ETF,NASDAQ,ETF,2026-03-26,,Active
IBGK,ISHARES IBONDS DEC 2054 TERM TREASURY ETF ,NASDAQ,ETF,2024-06-12,,Active
IBGL,ISHARES IBONDS DEC 2055 TERM TREASURY ETF ,NASDAQ,ETF,2025-03-26,,Active
IBGM,iShares iBonds Dec 2056 Term Treasury ETF,NASDAQ,ETF,2026-03-26,,Active
IBHF,ISHARES IBONDS 2026 TERM HIGH YIELD AND INCOME ETF ,BATS,ETF,2020-11-12,,Active
IBHG,ISHARES IBONDS 2027 TERM HIGH YIELD AND INCOME ETF ,BATS,ETF,2021-07-09,,Active
IBHH,ISHARES IBONDS 2028 TERM HIGH YIELD AND INCOME ETF ,BATS,ETF,2022-03-10,,Active
IBHI,ISHARES IBONDS 2029 TERM HIGH YIELD AND INCOME ETF ,BATS,ETF,2022-03-10,,Active
IBHJ,ISHARES IBONDS 2030 TERM HIGH YIELD AND INCOME ETF ,BATS,ETF,2023-06-23,,Active
IBHK,ISHARES IBONDS 2031 TERM HIGH YIELD AND INCOME ETF ,BATS,ETF,2024-05-24,,Active
IBHL,ISHARES IBONDS 2032 TERM HIGH YIELD AND INCOME ETF ,BATS,ETF,2025-03-26,,Active
IBHM,ISHARES IBONDS 2033 TERM HIGH YIELD AND INCOME ETF ,BATS,Stock,2026-03-26,,Active
IBIC,ISHARES IBONDS OCT 2026 TERM TIPS ETF ,NYSE,ETF,2023-09-15,,Active
IBID,ISHARES IBONDS OCT 2027 TERM TIPS ETF ,NYSE,ETF,2023-09-15,,Active
IBIE,ISHARES IBONDS OCT 2028 TERM TIPS ETF ,NYSE,ETF,2023-09-15,,Active
IBIF,ISHARES IBONDS OCT 2029 TERM TIPS ETF ,NYSE,ETF,2023-09-21,,Active
IBIG,ISHARES IBONDS OCT 2030 TERM TIPS ETF ,NYSE,ETF,2023-09-21,,Active
IBIH,ISHARES IBONDS OCT 2031 TERM TIPS ETF ,NYSE,ETF,2023-09-21,,Active
IBII,ISHARES IBONDS OCT 2032 TERM TIPS ETF ,NYSE,ETF,2023-09-21,,Active
IBIJ,ISHARES IBONDS OCT 2033 TERM TIPS ETF ,NYSE,ETF,2023-09-21,,Active
IBIK,ISHARES IBONDS OCT 2034 TERM TIPS ETF ,NYSE,ETF,2024-05-24,,Active
IBIL,ISHARES IBONDS OCT 2035 TERM TIPS ETF ,NYSE,ETF,2025-03-26,,Active
IBIM,iShares iBonds Oct 2036 Term TIPS,NYSE,Stock,2026-03-26,,Active
IBIO,iBio Inc,NASDAQ,Stock,2008-08-19,,Active
IBIT,iShares Bitcoin Trust,NASDAQ,ETF,2024-01-11,,Active
IBKR,Interactive Brokers Group Inc - Class A,NASDAQ,Stock,2007-05-04,,Active
IBLC,ISHARES BLOCKCHAIN AND TECH ETF ,NYSE,ETF,2022-04-27,,Active
IBM,International Business Machines Corp,NYSE,Stock,1962-01-02,,Active
IBMK,iShares iBonds Dec 2022 Term Muni Bond ETF,NYSE ARCA,ETF,2015-09-04,,Active
IBMO,ISHARES IBONDS DEC 2026 TERM MUNI BOND ETF ,BATS,ETF,2019-04-04,,Active
IBMP,ISHARES IBONDS DEC 2027 TERM MUNI BOND ETF ,BATS,ETF,2019-04-11,,Active
IBMQ,ISHARES IBONDS DEC 2028 TERM MUNI BOND ETF ,BATS,ETF,2019-04-18,,Active
IBMR,ISHARES IBONDS DEC 2029 TERM MUNI BOND ETF ,BATS,ETF,2023-05-11,,Active
IBMS,ISHARES IBONDS DEC 2030 TERM MUNI BOND ETF ,BATS,ETF,2024-05-24,,Active
IBMT,ISHARES IBONDS DEC 2031 TERM MUNI BOND ETF ,BATS,ETF,2025-03-26,,Active
IBMU,iShares iBonds Dec 2032 Term Muni Bond,BATS,Stock,2026-03-26,,Active
IBMV,iShares iBonds Dec 2033 Term Muni Bond,BATS,Stock,2026-03-26,,Active
IBMW,ISHARES IBONDS DEC 2034 TERM MUNI BOND ETF ,BATS,Stock,2026-04-08,,Active
IBMX,ISHARES IBONDS DEC 2035 TERM MUNI BOND ETF ,BATS,Stock,2026-04-15,,Active
IBN,ICICI Bank Ltd,NYSE,Stock,2000-03-28,,Active
IBND,SPDR(R) BLOOMBERG INTERNATIONAL CORPORATE BOND ETF ,NYSE,ETF,2010-05-20,,Active
IBO,Impact BioMedical Inc,AMEX,Stock,2024-09-16,,Active
IBOC,International Bancshares Corp,NASDAQ,Stock,1996-05-30,,Active
IBOT,VANECK ROBOTICS ETF ,NASDAQ,ETF,2023-04-06,,Active
IBP,Installed Building Products Inc,NYSE,Stock,2014-02-13,,Active
IBRN,ISHARES NEUROSCIENCE AND HEALTHCARE ETF ,NYSE,ETF,2022-08-26,,Active
IBRX,ImmunityBio Inc,NASDAQ,Stock,2015-07-28,,Active
IBTA,Ibotta Inc - Class A,NYSE,Stock,2024-04-18,,Active
IBTE,iShares iBonds Dec 2024 Term Treasury ETF,NASDAQ,ETF,2020-02-28,,Active
IBTG,ISHARES IBONDS DEC 2026 TERM TREASURY ETF ,NASDAQ,ETF,2020-02-28,,Active
IBTH,ISHARES IBONDS DEC 2027 TERM TREASURY ETF ,NASDAQ,ETF,2020-02-28,,Active
IBTI,ISHARES IBONDS DEC 2028 TERM TREASURY ETF ,NASDAQ,ETF,2020-02-28,,Active
IBTJ,ISHARES IBONDS DEC 2029 TERM TREASURY ETF ,NASDAQ,ETF,2020-02-28,,Active
IBTK,ISHARES IBONDS DEC 2030 TERM TREASURY ETF ,NASDAQ,ETF,2020-07-20,,Active
IBTL,ISHARES IBONDS DEC 2031 TERM TREASURY ETF ,NASDAQ,ETF,2021-08-30,,Active
IBTM,ISHARES IBONDS DEC 2032 TERM TREASURY ETF ,NASDAQ,ETF,2022-07-08,,Active
IBTO,ISHARES IBONDS DEC 2033 TERM TREASURY ETF ,NASDAQ,ETF,2023-06-29,,Active
IBTP,ISHARES IBONDS DEC 2034 TERM TREASURY ETF ,NASDAQ,ETF,2024-06-12,,Active
IBTQ,ISHARES IBONDS DEC 2035 TERM TREASURY ETF ,NASDAQ,ETF,2025-03-26,,Active
IBTR,iShares iBonds Dec 2036 Term Treasury ETF,NASDAQ,ETF,2026-03-26,,Active
IBUF,Innovator International Developed 10 Buffer ETF - Quarterly,NYSE,ETF,2024-07-01,,Active
IBUY,AMPLIFY ONLINE RETAIL ETF ,NYSE,ETF,2016-04-20,,Active
IBX,TRADR 2X LONG IBM DAILY ETF ,BATS,ETF,2026-03-24,,Active
ICAP,INFRASTRUCTURE CAPITAL EQUITY INCOME ETF ,NYSE,ETF,2021-12-29,,Active
ICCC,Immucell Corp,NASDAQ,Stock,1995-07-10,,Active
ICCM,Icecure Medical Ltd,NASDAQ,Stock,2013-11-07,,Active
ICE,Intercontinental Exchange Inc,NYSE,Stock,2005-11-16,,Active
ICF,ISHARES SELECT U.S. REIT ETF ,BATS,ETF,2001-02-02,,Active
ICFI,ICF International Inc,NASDAQ,Stock,2006-09-28,,Active
ICG,Intchains Group Ltd,NASDAQ,Stock,2023-03-16,,Active
ICHR,Ichor Holdings Ltd,NASDAQ,Stock,2016-12-09,,Active
ICL,ICL Group Ltd,NYSE,Stock,2014-09-24,,Active
ICLK,iClick Interactive Asia Group Ltd,NASDAQ,Stock,2017-12-21,,Active
ICLN,ISHARES GLOBAL CLEAN ENERGY ETF ,NASDAQ,ETF,2008-06-25,,Active
ICLO,Invesco AAA CLO Floating Rate Note ETF,BATS,ETF,2022-12-09,,Active
ICLR,Icon Plc,NASDAQ,Stock,1998-05-15,,Active
ICMB,Investcorp Credit Management BDC Inc,NASDAQ,Stock,2014-02-06,,Active
ICNC-U,Iconic Sports Acquisition Corp Units,NYSE,Stock,2021-10-22,,Active
ICOI,BITWISE COIN OPTION INCOME STRATEGY ETF ,NYSE,ETF,2025-04-03,,Active
ICON,Icon Energy Corp,NASDAQ,Stock,2024-07-12,,Active
ICOP,ISHARES COPPER AND METALS MINING ETF ,NASDAQ,ETF,2023-06-23,,Active
ICOW,PACER DEVELOPED MARKETS INTERNATIONAL CASH COWS 100 ETF ,BATS,ETF,2017-06-19,,Active
ICPI,ISHARES 0-1 YEAR TIPS BOND ETF ,NYSE,ETF,2025-11-20,,Active
ICR-P-A,InPoint Commercial Real Estate Income Inc,NYSE,Stock,2021-09-23,,Active
ICRC,BITWISE CRCL OPTION INCOME STRATEGY ETF ,NYSE,ETF,2025-10-02,,Active
ICSH,ISHARES ULTRA SHORT DURATION BOND ACTIVE ETF ,BATS,ETF,2013-12-13,,Active
ICU,SeaStar Medical Holding Corp,NASDAQ,Stock,2022-10-28,,Active
ICUCW,SeaStar Medical Holding Corp - Warrants (28/10/2027),NASDAQ,Stock,2021-03-18,,Active
ICUI,ICU Medical Inc,NASDAQ,Stock,1992-03-31,,Active
ICVT,ISHARES CONVERTIBLE BOND ETF ,BATS,ETF,2015-06-04,,Active
ID,L1 IDENTITY SOLUTIONS INC.,NYSE MKT,Stock,2001-01-02,,Active
IDA,Idacorp Inc,NYSE,Stock,1986-10-17,,Active
IDAC,Iron Dome Acquisition I Corp - Class A,NASDAQ,Stock,2026-07-06,,Active
IDACU,Iron Dome Acquisition I Corp - Units (1 Ord Cls A & 1/2 War),NASDAQ,Stock,2026-05-15,,Active
IDACW,Iron Dome Acquisition I Corp - Warrants (27/02/2031),NASDAQ,Stock,2026-07-06,,Active
IDAI,T Stamp Inc - Class A,NASDAQ,Stock,2021-02-24,,Active
IDAU,Corgi International Developed Equities 15% Structured Buffer ETF- Aug,BATS,ETF,2026-08-04,,Active
IDCC,Interdigital Inc,NASDAQ,Stock,1990-03-26,,Active
IDE,Voya Infrastructure Industrials and Materials Fund,NYSE,ETF,2010-02-02,,Active
IDEC,Innovator International Developed Power Buffer ETF December,NYSE,ETF,2023-12-01,,Active
IDEF,iShares Defense Industrials Active ETF,NASDAQ,ETF,2025-05-21,,Active
IDEQ,LAZARD INTERNATIONAL DYNAMIC EQUITY ETF ,NYSE,ETF,2025-08-29,,Active
IDEV,ISHARES CORE MSCI INTERNATIONAL DEVELOPED MARKETS ETF ,NYSE,ETF,2017-03-23,,Active
IDGT,ISHARES U.S. DIGITAL INFRASTRUCTURE AND REAL ESTATE ETF ,NYSE,ETF,2001-07-13,,Active
IDHQ,INVESCO S&P INTERNATIONAL DEVELOPED QUALITY ETF ,NYSE,ETF,2007-06-13,,Active
IDIV,U.S. Equity Cumulative Dividends Fund Series 2027,NYSE ARCA,ETF,2018-02-06,,Active
IDJL,Corgi International Developed Equities 15% Structured Buffer ETF -July,BATS,ETF,2026-07-02,,Active
IDJN,Corgi International Developed Equities 15 Structured Buffer ETF June Series,BATS,Stock,2026-06-02,,Active
IDLV,INVESCO S&P INTERNATIONAL DEVELOPED LOW VOLATILITY ETF ,NYSE,ETF,2012-01-17,,Active
IDMO,INVESCO S&P INTERNATIONAL DEVELOPED MOMENTUM ETF ,NYSE,ETF,2012-02-24,,Active
IDMY,Corgi International Developed Equities 15 Structured Buffer ETF May Series,BATS,Stock,2026-05-06,,Active
IDN,Intellicheck Inc,NASDAQ,Stock,1999-11-19,,Active
IDNA,ISHARES GENOMICS IMMUNOLOGY AND HEALTHCARE ETF ,NYSE,ETF,2019-06-13,,Active
IDOG,ALPS INTERNATIONAL SECTOR DIVIDEND DOGS ETF ,NYSE,ETF,2013-06-28,,Active
IDR,Idaho Strategic Resources Inc,AMEX,Stock,2011-02-23,,Active
IDRV,ISHARES SELF-DRIVING EV AND TECH ETF ,NYSE,ETF,2019-04-18,,Active
IDT,IDT Corp - Class B,NYSE,Stock,2001-05-16,,Active
IDU,ISHARES U.S. UTILITIES ETF ,NYSE,ETF,2000-06-20,,Active
IDUB,APTUS INTERNATIONAL ENHANCED YIELD ETF ,BATS,ETF,2021-07-23,,Active
IDV,ISHARES INTERNATIONAL SELECT DIVIDEND ETF ,BATS,ETF,2007-06-21,,Active
IDVO,AMPLIFY CWP INTERNATIONAL ENHANCED DIVIDEND INCOME ETF ,NYSE,ETF,2022-09-08,,Active
IDVY,FIRST TRUST INTERNATIONAL RISING DIVIDEND ACHIEVERS ETF ,NASDAQ,ETF,2026-02-11,,Active
IDVZ,POLEN INTERNATIONAL DIVIDEND INCOME ETF ,BATS,ETF,2024-12-27,,Active
IDX,VANECK INDONESIA INDEX ETF ,NYSE,ETF,2009-01-20,,Active
IDXX,Idexx Laboratories Inc,NASDAQ,Stock,1991-06-24,,Active
IDYA,Ideaya Biosciences Inc,NASDAQ,Stock,2019-05-23,,Active
IDYN,INNERDYNE INC,NYSE,Stock,2025-08-07,,Active
IE,Ivanhoe Electric Inc,AMEX,Stock,2022-06-28,,Active
IEAG,Infinite Eagle Acquisition Corp,NASDAQ,Stock,2026-03-10,,Active
IEAGR,Infinite Eagle Acquisition Corp Rights,NASDAQ,Stock,2026-03-10,,Active
IEAGU,Infinite Eagle Acquisition Corp - Units (1 Ord Cls A & 1 Rts),NASDAQ,Stock,2026-01-16,,Active
IEF,ISHARES 7-10 YEAR TREASURY BOND ETF ,NASDAQ,ETF,2002-07-26,,Active
IEFA,ISHARES CORE MSCI EAFE ETF ,BATS,ETF,2012-10-24,,Active
IEI,ISHARES 3-7 YEAR TREASURY BOND ETF ,NASDAQ,ETF,2007-01-11,,Active
IEMG,ISHARES CORE MSCI EMERGING MARKETS ETF ,NYSE,ETF,2012-10-24,,Active
IEO,ISHARES U.S. OIL & GAS EXPLORATION & PRODUCTION ETF ,BATS,ETF,2006-05-05,,Active
IEP,Icahn Enterprises L P,NASDAQ,Stock,1987-07-24,,Active
IESC,IES Holdings Inc,NASDAQ,Stock,1998-01-28,,Active
IETC,ISHARES U.S. TECH INDEPENDENCE FOCUSED ETF ,BATS,ETF,2018-03-23,,Active
IETH,BITWISE ETHEREUM OPTION INCOME STRATEGY ETF ,NYSE,ETF,2025-10-02,,Active
IEUR,ISHARES CORE MSCI EUROPE ETF ,NYSE,ETF,2014-06-12,,Active
IEUS,ISHARES MSCI EUROPE SMALL-CAP ETF ,NASDAQ,ETF,2007-11-19,,Active
IEV,ISHARES EUROPE ETF ,NYSE,ETF,2000-07-28,,Active
IEX,Idex Corporation,NYSE,Stock,1989-06-30,,Active
IEZ,ISHARES U.S. OIL EQUIPMENT & SERVICES ETF ,NYSE,ETF,2006-05-05,,Active
IFBD,Infobird Co Ltd,NASDAQ,Stock,2021-04-20,,Active
IFEB,Innovator International Developed Power Buffer ETF-February,NYSE,ETF,2024-02-01,,Active
IFED,ETRACS IFED Invest with the Fed TR Index ETN,NYSE,Stock,2021-09-15,,Active
IFF,International Flavors & Fragrances Inc,NYSE,Stock,1981-12-31,,Active
IFGL,ISHARES INTERNATIONAL DEVELOPED REAL ESTATE ETF ,NASDAQ,ETF,2007-12-27,,Active
IFIN-WS,Infint Acquisition Corp - Warrants (01/01/9999),NYSE,Stock,2022-01-10,,Active
IFLN,Invesco Fundamental High Yield Corporate Bond ETF,NYSE,ETF,2007-11-15,,Active
IFLO,VICTORYSHARES INTERNATIONAL FREE CASH FLOW ETF ,NASDAQ,Stock,2025-06-26,,Active
IFLR,Innovator International Developed Managed Floor ETF,NYSE,ETF,2025-11-20,,Active
IFN,India Fund Inc,NYSE,ETF,1994-02-15,,Active
IFN-R,India Fund Inc The Rights expiring May 14 2024 Rights,NYSE,Stock,2024-04-22,,Active
IFN-R-W,India Fund Inc The Rights expiring May 14 2024 Rights when issued,NYSE,Stock,2024-04-17,,Active
IFRA,ISHARES U.S. INFRASTRUCTURE ETF ,BATS,ETF,2018-04-05,,Active
IFRX,InflaRx N.V.,NASDAQ,Stock,2017-11-07,,Active
IFS,Intercorp Financial Services Inc,NYSE,Stock,2019-08-08,,Active
IFV,FIRST TRUST DORSEY WRIGHT INTERNATIONAL FOCUS 5 ETF ,NASDAQ,ETF,2014-07-23,,Active
IGA,Voya Global Advantage and Premium Opportunity Fund,NYSE,ETF,2005-10-27,,Active
IGAC,Invest Green Acquisition Corp - Class A,NASDAQ,Stock,2025-12-22,,Active
IGACR,Invest Green Acquisition Corp,NASDAQ,Stock,2025-12-22,,Active
IGACU,Invest Green Acquisition Corp - Units (1 Ord Cls A & 1 Rts),NASDAQ,Stock,2025-11-25,,Active
IGBH,ISHARES INTEREST RATE HEDGED LONG-TERM CORPORATE BOND ETF ,NYSE,ETF,2015-09-11,,Active
IGC,IGC Pharma Inc,AMEX,Stock,2006-04-13,,Active
IGCB,TCW Corporate Bond ETF,NYSE,ETF,2024-11-18,,Active
IGD,Voya Global Equity Dividend and Premium Opportunity Fund,NYSE,ETF,2005-03-29,,Active
IGE,ISHARES NORTH AMERICAN NATURAL RESOURCES ETF ,BATS,ETF,2001-11-26,,Active
IGEB,ISHARES INVESTMENT GRADE SYSTEMATIC BOND ETF ,BATS,ETF,2017-07-13,,Active
IGF,ISHARES GLOBAL INFRASTRUCTURE ETF ,NASDAQ,ETF,2007-12-12,,Active
IGGY,AB INTERNATIONAL GROWTH ETF ,NYSE,ETF,2025-09-17,,Active
IGHG,PROSHARES INVESTMENT GRADE-INTEREST RATE HEDGED ,BATS,ETF,2013-11-07,,Active
IGI,Western Asset Investment Grade Defined Opportunity Trust Inc,NYSE,ETF,2009-07-01,,Active
IGIB,ISHARES 5-10 YEAR INVESTMENT GRADE CORPORATE BOND ETF ,NASDAQ,ETF,2007-01-11,,Active
IGIC,International General Insurance Holdings Ltd,NASDAQ,Stock,2020-03-18,,Active
IGLB,ISHARES 10+ YEAR INVESTMENT GRADE CORPORATE BOND ETF ,NYSE,ETF,2009-12-09,,Active
IGLD,FT VEST GOLD STRATEGY TARGET INCOME ETF ,BATS,ETF,2021-03-03,,Active
IGM,ISHARES EXPANDED TECH SECTOR ETF ,NYSE,ETF,2001-03-19,,Active
IGME,BITWISE GME OPTION INCOME STRATEGY ETF ,NYSE,ETF,2025-06-10,,Active
IGOV,ISHARES INTERNATIONAL TREASURY BOND ETF ,NASDAQ,ETF,2009-01-29,,Active
IGPT,INVESCO AI AND NEXT GEN SOFTWARE ETF ,NYSE,ETF,2005-06-23,,Active
IGR,CBRE Global Real Estate Income Fund,NYSE,ETF,2004-02-25,,Active
IGR-R,CBRE Global Real Estate Income Fund Rights expiring April 6 2023 Rights,NYSE,Stock,2023-03-14,,Active
IGR-R-W,CBRE Global Real Estate Income Fund Rights expiring April 6 2023 Rights when issued,NYSE,Stock,2023-03-09,,Active
IGRO,ISHARES INTERNATIONAL DIVIDEND GROWTH ETF ,BATS,ETF,2016-05-19,,Active
IGSB,ISHARES 1-5 YEAR INVESTMENT GRADE CORPORATE BOND ETF ,NASDAQ,ETF,2007-01-11,,Active
IGV,ISHARES EXPANDED TECH-SOFTWARE SECTOR ETF ,BATS,ETF,2001-07-13,,Active
IGZ,NYSE ARCA LISTED TEST STOCK FOR CTS CQS,NYSE ARCA,Stock,2013-02-19,,Active
IH,iHuman Inc,NYSE,Stock,2020-10-09,,Active
IHAK,ISHARES CYBERSECURITY AND TECH ETF ,NYSE,ETF,2019-06-13,,Active
IHD,Voya Emerging Markets High Dividend Equity Fund,NYSE,ETF,2011-04-28,,Active
IHDG,WISDOMTREE INTERNATIONAL HEDGED QUALITY DIVIDEND GROWTH FUND ,NYSE,ETF,2014-05-07,,Active
IHE,ISHARES U.S. PHARMACEUTICALS ETF ,NYSE,ETF,2006-05-05,,Active
IHF,ISHARES U.S. HEALTHCARE PROVIDERS ETF ,NYSE,ETF,2006-05-05,,Active
IHG,Intercontinental Hotels Group,NYSE,Stock,2003-04-10,,Active
IHI,ISHARES U.S. MEDICAL DEVICES ETF ,NYSE,ETF,2006-05-05,,Active
IHIT,Invesco High Income 2023 Target Term Fund,NYSE,ETF,2016-11-23,,Active
IHRT,iHeartMedia Inc - Class A New,NASDAQ,Stock,2019-05-07,,Active
IHS,IHS Holding Ltd,NYSE,Stock,2021-10-14,,Active
IHT,Innsuites Hospitality Trust,AMEX,Stock,1987-12-30,,Active
IHTA,Invesco High Income 2024 Target Term Fund,NYSE,ETF,2017-11-30,,Active
IHY,VANECK INTERNATIONAL HIGH YIELD BOND ETF ,NYSE,ETF,2012-04-03,,Active
IIF,Morgan Stanley India Investment Fund Inc,NYSE,ETF,1995-02-15,,Active
IIGD,INVESCO INVESTMENT GRADE DEFENSIVE ETF ,NYSE,ETF,2018-09-07,,Active
III,Information Services Group Inc,NASDAQ,Stock,2007-02-12,,Active
IIIN,Insteel Industries Inc,NYSE,Stock,1992-03-17,,Active
IIIV,i3 Verticals Inc - Class A,NASDAQ,Stock,2018-06-21,,Active
IIM,Invesco Value Municipal Income Trust,NYSE,ETF,1994-10-27,,Active
IIPR,Innovative Industrial Properties Inc,NYSE,Stock,2016-12-01,,Active
IIPR-P-A,Innovative Industrial Properties Inc,NYSE,Stock,2017-10-24,,Active
IIVI,Coherent Corp,NASDAQ,Stock,2020-07-02,,Active
IJAN,Innovator International Developed Power Buffer ETF January,NYSE,ETF,2020-01-02,,Active
IJH,ISHARES CORE S&P MID-CAP ETF ,NYSE,ETF,2000-05-26,,Active
IJJ,ISHARES S&P MID-CAP 400 VALUE ETF ,NYSE,ETF,2000-07-28,,Active
IJK,ISHARES S&P MID-CAP 400 GROWTH ETF ,NYSE,ETF,2000-07-28,,Active
IJR,ISHARES CORE S&P SMALL-CAP ETF ,NYSE,ETF,2000-05-26,,Active
IJS,ISHARES S&P SMALL-CAP 600 VALUE ETF ,NYSE,ETF,2000-07-28,,Active
IJT,ISHARES S&P SMALL-CAP 600 GROWTH ETF ,NASDAQ,ETF,2000-07-28,,Active
IJUL,Innovator International Developed Power Buffer ETF July,NYSE,ETF,2019-07-01,,Active
IJUN,Innovator International Developed Power Buffer ETF - June,NYSE,ETF,2024-06-03,,Active
IKT,Inhibikase Therapeutics Inc,NASDAQ,Stock,2020-12-23,,Active
ILAG,Intelligent Living Application Group Inc,NASDAQ,Stock,2022-07-13,,Active
ILCB,ISHARES MORNINGSTAR U.S. EQUITY ETF ,NYSE,ETF,2004-07-02,,Active
ILCG,ISHARES MORNINGSTAR GROWTH ETF ,NYSE,ETF,2004-07-02,,Active
ILCV,ISHARES MORNINGSTAR VALUE ETF ,NYSE,ETF,2004-07-02,,Active
ILDR,FIRST TRUST INNOVATION LEADERS ETF ,NYSE,ETF,2021-05-26,,Active
ILF,ISHARES LATIN AMERICA 40 ETF ,NYSE,ETF,2001-10-26,,Active
ILIT,ISHARES LITHIUM MINERS AND PRODUCERS ETF ,NASDAQ,ETF,2023-06-23,,Active
ILLR,Triller Corp - Class A,NASDAQ,Stock,2026-04-16,,Active
ILLRW,Triller Group Inc - Warrants (14/11/2027),NASDAQ,Stock,2019-07-30,,Active
ILLU,Illumination Acquisition Corp I,NASDAQ,Stock,2026-04-20,,Active
ILLUU,Illumination Acquisition Corp I - Unit (1 Ordinary share & 1/3 Warr),NASDAQ,Stock,2026-02-27,,Active
ILLUW,Illumination Acquisition Corp I Warrant,NASDAQ,Stock,2026-04-21,,Active
ILMN,Illumina Inc,NASDAQ,Stock,2000-07-28,,Active
ILMNV,Illumina Inc,NASDAQ,Stock,2024-06-18,,Active
ILOW,AB INTERNATIONAL LOW VOLATILITY EQUITY ETF ,NYSE,ETF,2024-07-15,,Active
ILPT,Industrial Logistics Properties Trust,NASDAQ,Stock,2018-01-12,,Active
ILS,BROOKMONT CATASTROPHIC BOND ETF ,NYSE,ETF,2025-04-01,,Active
ILTB,ISHARES CORE 10+ YEAR USD BOND ETF ,NYSE,ETF,2009-12-09,,Active
IMA,Ikena Oncology Inc,NASDAQ,Stock,2021-03-26,,Active
IMACW,IMAC Holdings Inc - Warrants (13/12/2023),NASDAQ,Stock,2019-02-13,,Active
IMAR,Innovator International Developed Power Buffer ETF March,NYSE,ETF,2024-03-01,,Active
IMAX,Imax Corp,NYSE,Stock,1994-06-10,,Active
IMAY,Innovator International Developed Power Buffer ETF - May,NYSE,ETF,2024-05-01,,Active
IMC,IMC Rare Earths Ltd,NYSE MKT,Stock,2026-07-29,,Active
IMCB,ISHARES MORNINGSTAR MID-CAP ETF ,NYSE,ETF,2004-07-02,,Active
IMCC,IM Cannabis Corp,NASDAQ,Stock,2020-05-20,,Active
IMCG,ISHARES MORNINGSTAR MID-CAP GROWTH ETF ,NYSE,ETF,2004-07-02,,Active
IMCR,Immunocore Holdings plc,NASDAQ,Stock,2021-02-05,,Active
IMCV,ISHARES MORNINGSTAR MID-CAP VALUE ETF ,NASDAQ,ETF,2004-07-02,,Active
IMDX,Insight Molecular Diagnostics Inc,NASDAQ,Stock,2016-01-04,,Active
IMF,INVESCO MANAGED FUTURES STRATEGY ETF ,BATS,ETF,2025-03-19,,Active
IMFL,INVESCO INTERNATIONAL DEVELOPED DYNAMIC MULTIFACTOR ETF ,BATS,ETF,2021-02-24,,Active
IMKTA,Ingles Markets Inc - Class A,NASDAQ,Stock,1990-03-26,,Active
IMMP,Immutep Ltd,NASDAQ,Stock,2012-04-17,,Active
IMMR,Immersion Corp,NASDAQ,Stock,1999-11-12,,Active
IMMX,Immix Biopharma Inc,NASDAQ,Stock,2021-12-16,,Active
IMNM,Immunome Inc,NASDAQ,Stock,2020-10-02,,Active
IMNN,Imunon Inc,NASDAQ,Stock,1999-03-01,,Active
IMO,Imperial Oil Ltd,AMEX,Stock,1986-07-16,,Active
IMOM,ALPHA ARCHITECT INTERNATIONAL QUANTITATIVE MOMENTUM ETF ,NASDAQ,ETF,2016-01-04,,Active
IMOS,Chipmos Technologies Inc,NASDAQ,Stock,2001-06-19,,Active
IMPP,Imperial Petroleum Inc,NASDAQ,Stock,2021-12-07,,Active
IMPPP,Imperial Petroleum Inc,NASDAQ,Stock,2021-12-06,,Active
IMPPV,Imperial Petroleum Inc Exdistribution When Issued,NASDAQ,Stock,2023-06-14,,Active
IMRA,BITWISE MARA OPTION INCOME STRATEGY ETF ,NYSE,Stock,2025-04-03,,Active
IMRN,Immuron Ltd,NASDAQ,Stock,2017-06-09,,Active
IMRX,Immuneering Corp Class A,NASDAQ,Stock,2021-07-30,,Active
IMSR,Terrestrial Energy Inc,NASDAQ,Stock,2025-10-28,,Active
IMSRW,Terrestrial Energy Inc - Warrants(28/10/2030),NASDAQ,Stock,2024-10-10,,Active
IMST,BITWISE MSTR OPTION INCOME STRATEGY ETF ,NYSE,ETF,2025-04-03,,Active
IMTB,ISHARES CORE 5-10 YEAR USD BOND ETF ,NYSE,ETF,2016-11-07,,Active
IMTE,Integrated Media Technology Ltd,NASDAQ,Stock,2017-08-11,,Active
IMTG,Invesco Agency MBS,BATS,Stock,2026-02-25,,Active
IMTM,ISHARES MSCI INTL MOMENTUM FACTOR ETF ,NYSE,ETF,2015-01-26,,Active
IMTX,Immatics N.V,NASDAQ,Stock,2020-07-02,,Active
IMTXW,Immatics N.V - Warrants (01/07/2025),NASDAQ,Stock,2020-07-02,,Active
IMUX,Immunic Inc,NASDAQ,Stock,2014-04-17,,Active
IMVP,Invesco India ETF,NYSE,ETF,2008-03-05,,Active
IMVT,Immunovant Inc,NASDAQ,Stock,2019-12-19,,Active
IMXI,International Money Express Inc,NASDAQ,Stock,2017-03-27,,Active
INAB,IN8bio Inc,NASDAQ,Stock,2021-07-30,,Active
INAC,Indigo Acquisition Corp,NASDAQ,Stock,2025-07-30,,Active
INACR,Indigo Acquisition Corp Right,NASDAQ,Stock,2025-07-30,,Active
INACU,Indigo Acquisition Corp - Units (1 Ord Shs & 1 Rts),NASDAQ,Stock,2025-07-01,,Active
INBK,First Internet Bancorp,NASDAQ,Stock,2004-12-28,,Active
INBKZ,First Internet Bancorp,NASDAQ,Stock,2019-06-17,,Active
INBS,Intelligent Bio Solutions Inc,NASDAQ,Stock,2020-12-23,,Active
INBX,Inhibrx Biosciences Inc,NASDAQ,Stock,2024-05-29,,Active
INBXV,Inhibrx Inc Exdistribution WhenIssued,NASDAQ,Stock,2024-05-28,,Active
INCE,FRANKLIN INCOME EQUITY FOCUS ETF ,NYSE,ETF,2016-09-22,,Active
INCM,Franklin Income Focus ETF,NYSE,ETF,2023-06-08,,Active
INCO,COLUMBIA INDIA CONSUMER ETF ,NYSE,ETF,2011-08-10,,Active
INCR,INC Research Holdings Inc,NASDAQ,Stock,2014-11-07,,Active
INCY,Incyte Corp,NASDAQ,Stock,1993-11-04,,Active
INDA,ISHARES MSCI INDIA ETF ,BATS,ETF,2012-02-03,,Active
INDB,Independent Bank Corp,NASDAQ,Stock,1990-03-27,,Active
INDE,MATTHEWS INDIA ACTIVE ETF ,NYSE,ETF,2023-09-22,,Active
INDH,WISDOMTREE INDIA HEDGED EQUITY FUND ,NASDAQ,ETF,2024-05-09,,Active
INDI,Indie Semiconductor Inc - Class A,NASDAQ,Stock,2021-06-10,,Active
INDL,DIREXION DAILY MSCI INDIA BULL 2X SHARES ,NYSE,ETF,2010-03-11,,Active
INDO,Indonesia Energy Corp Ltd,AMEX,Stock,2019-12-20,,Active
INDP,Indaptus Therapeutics Inc,NASDAQ,Stock,2015-08-04,,Active
INDQ,PACER ACTIVEALPHA INDIA QUALITY ETF ,NASDAQ,ETF,2026-04-01,,Active
INDS,PACER INDUSTRIAL REAL ESTATE ETF ,NYSE,ETF,2018-05-15,,Active
INDV,Indivior Plc,NASDAQ,Stock,2014-12-29,,Active
INDY,ISHARES INDIA 50 ETF ,NASDAQ,ETF,2009-11-20,,Active
INDZ,VANECK INDIA SELECT ETF ,NYSE,ETF,2026-02-19,,Active
INEO,INNEOVA Holdings Ltd - Class A,NASDAQ,Stock,2025-12-04,,Active
INEQ,COLUMBIA INTERNATIONAL EQUITY INCOME ETF ,NYSE,ETF,2016-06-13,,Active
INFH,Defiance Daily Target 2X Long INFQ,BATS,Stock,2026-06-05,,Active
INFL,HORIZON KINETICS INFLATION BENEFICIARIES ETF ,NYSE,ETF,2021-01-12,,Active
INFQ,Infleqtion Inc,NYSE,Stock,2026-02-17,,Active
INFQ-WS,Infleqtion Inc Warrants each whole warrant exercisable for one share of Common Stock at an exercise price of 11.50 per share,NYSE,Stock,2026-02-17,,Active
INFU,InfuSystem Holdings Inc,AMEX,Stock,2007-12-27,,Active
INFY,Infosys Ltd,NYSE,Stock,1999-03-11,,Active
ING,ING Groep N.V.,NYSE,Stock,1996-11-18,,Active
INGM,Ingram Micro Holding Corp,NYSE,Stock,2024-10-24,,Active
INGN,Inogen Inc,NASDAQ,Stock,2014-02-14,,Active
INGR,Ingredion Inc,NYSE,Stock,1997-12-11,,Active
INHD,Inno Holdings Inc,NASDAQ,Stock,2023-12-14,,Active
INIO,Innio N.V.,NASDAQ,Stock,2026-06-04,,Active
INKA,Near Intelligence Inc - Class A,NASDAQ,Stock,2021-03-01,,Active
INKM,STATE STREET(R)INCOME ALLOCATION ETF ,NYSE,ETF,2012-04-26,,Active
INKT,MiNK Therapeutics Inc,NASDAQ,Stock,2021-10-15,,Active
INLF,INLIF Ltd,NASDAQ,Stock,2025-01-02,,Active
INLX,Intellinetics Inc,AMEX,Stock,2015-03-10,,Active
INM,InMed Pharmaceuticals Inc,NASDAQ,Stock,2014-05-05,,Active
INMB,INmune Bio Inc,NASDAQ,Stock,2019-02-04,,Active
INMD,Inmode Ltd,NASDAQ,Stock,2019-08-08,,Active
INMU,BlackRock Intermediate Muni Income Bond ETF,NYSE,ETF,2021-03-18,,Active
INN,Summit Hotel Properties Inc,NYSE,Stock,2011-02-09,,Active
INN-P-E,Summit Hotel Properties Inc,NYSE,Stock,2017-11-03,,Active
INN-P-F,Summit Hotel Properties Inc,NYSE,Stock,2021-08-06,,Active
INNV,InnovAge Holding Corp,NASDAQ,Stock,2021-03-04,,Active
INO,Inovio Pharmaceuticals Inc,NASDAQ,Stock,1998-12-08,,Active
INOD,Innodata Inc,NASDAQ,Stock,1993-08-11,,Active
INOV,Innovator International Developed Power Buffer ETF November,NYSE,ETF,2023-11-01,,Active
INPX,XTI Aerospace Inc,NASDAQ,Stock,2011-07-14,,Active
INPXV,Inpixon,NASDAQ,Stock,2023-03-06,,Active
INQQ,INQQ THE INDIA INTERNET ETF ,NYSE,ETF,2022-04-06,,Active
INR,Infinity Natural Resources Inc - Class A,NYSE,Stock,2025-01-31,,Active
INRO,BlackRock U.S. Industry Rotation ETF,NASDAQ,ETF,2024-03-28,,Active
INSE,Inspired Entertainment Inc,NASDAQ,Stock,2016-12-29,,Active
INSG,Inseego Corp,NASDAQ,Stock,2000-11-21,,Active
INSM,Insmed Inc,NASDAQ,Stock,2000-06-01,,Active
INSP,Inspire Medical Systems Inc,NYSE,Stock,2018-05-03,,Active
INSW,International Seaways Inc,NYSE,Stock,2016-12-01,,Active
INT,Corgi INTC 2x Daily ETF,BATS,ETF,2026-07-10,,Active
INTA,Intapp Inc,NASDAQ,Stock,2021-06-30,,Active
INTC,Intel Corp,NASDAQ,Stock,1980-03-17,,Active
INTF,ISHARES INTERNATIONAL EQUITY FACTOR ETF ,NYSE,ETF,2015-05-04,,Active
INTG,Intergroup Corp,NASDAQ,Stock,1995-08-18,,Active
INTJ,Intelligent Group Ltd,NASDAQ,Stock,2024-03-20,,Active
INTL,MAIN INTERNATIONAL ETF ,BATS,ETF,1996-11-15,,Active
INTM,Intermedia Cloud Communications Inc,BATS,Stock,2025-07-23,,Active
INTR,Inter & Co Inc - Class A,NASDAQ,Stock,2022-06-23,,Active
INTS,Intensity Therapeutics Inc,NASDAQ,Stock,2023-06-30,,Active
INTT,Intest Corp,AMEX,Stock,1997-06-17,,Active
INTU,Intuit Inc,NASDAQ,Stock,1993-03-22,,Active
INTW,GRANITESHARES 2X LONG INTC DAILY ETF ,NASDAQ,ETF,2025-02-13,,Active
INTZ,Intrusion Inc,NASDAQ,Stock,2012-07-26,,Active
INUV,Inuvo Inc,AMEX,Stock,1998-08-04,,Active
INV,Innventure Inc,NASDAQ,Stock,2024-10-03,,Active
INVA,Innoviva Inc,NASDAQ,Stock,2004-10-05,,Active
INVE,Identiv Inc,NASDAQ,Stock,1997-10-07,,Active
INVG,GMO SYSTEMATIC INVESTMENT GRADE CREDIT ETF ,NYSE,ETF,2025-06-04,,Active
INVH,Invitation Homes Inc,NYSE,Stock,2017-02-01,,Active
INVN,ALGER RUSSELL INNOVATION ETF ,NYSE,Stock,2011-11-16,,Active
INVX,Innovex International Inc,NYSE,Stock,1997-10-23,,Active
INVZ,Innoviz Technologies Ltd,NASDAQ,Stock,2021-04-05,,Active
INXBV,Inhibrx Biosciences Inc,NASDAQ,Stock,2024-05-29,,Active
INZY,Inozyme Pharma Inc,NASDAQ,Stock,2020-07-24,,Active
IOCT,Innovator International Developed Power Buffer ETF - October,NYSE,ETF,2021-10-01,,Active
ION,PROSHARES S&P GLOBAL CORE BATTERY METALS ETF ,NYSE,ETF,2022-12-01,,Active
IONC,Corgi IONQ 2x Daily ETF,BATS,ETF,2026-06-30,,Active
IOND,Ionic Digital Inc - Class A,NASDAQ,Stock,2026-07-28,,Active
IONL,GRANITESHARES 2X LONG IONQ DAILY ETF ,NASDAQ,ETF,2025-03-25,,Active
IONQ,IonQ Inc,NYSE,Stock,2021-01-04,,Active
IONQ-WS,IonQ Inc Wt,NYSE,Stock,2021-10-01,,Active
IONR,ioneer Ltd,NASDAQ,Stock,2022-06-30,,Active
IONS,Ionis Pharmaceuticals Inc,NASDAQ,Stock,1991-05-17,,Active
IONX,DEFIANCE DAILY TARGET 2X LONG IONQ ETF ,NASDAQ,ETF,2025-03-12,,Active
IONZ,Defiance Daily Target 2x Short IONQ ETF,NASDAQ,ETF,2025-06-24,,Active
IOO,ISHARES GLOBAL 100 ETF ,NYSE,ETF,2000-12-08,,Active
IOPP,SIMPLIFY TARA INDIA OPPORTUNITIES ETF ,NYSE,ETF,2024-03-05,,Active
IOR,Income Opportunity Realty Investors Inc,AMEX,Stock,1992-03-17,,Active
IOSP,Innospec Inc,NASDAQ,Stock,1998-05-13,,Active
IOSX,Corgi AAPL 2x Daily ETF,BATS,ETF,2026-06-30,,Active
IOT,Samsara Inc - Class A,NYSE,Stock,2021-12-15,,Active
IOTR,iOThree Ltd,NASDAQ,Stock,2025-04-10,,Active
IOVA,Iovance Biotherapeutics Inc,NASDAQ,Stock,2010-10-15,,Active
IOYY,GRANITESHARES YIELDBOOST IONQ ETF ,NASDAQ,ETF,2025-11-04,,Active
IP,International Paper Company,NYSE,Stock,1970-01-02,,Active
IPAC,ISHARES CORE MSCI PACIFIC ETF ,NYSE,ETF,2014-06-12,,Active
IPAR,Inter Parfums Inc,NASDAQ,Stock,1991-08-20,,Active
IPAV,GLOBAL X INFRASTRUCTURE DEVELOPMENT EX-U.S. ETF ,BATS,ETF,2024-08-28,,Active
IPAY,Amplify Mobile Payments ETF,NYSE,ETF,2015-07-16,,Active
IPB,Merrill Lynch Depositor Inc,NYSE,Stock,2004-01-20,,Active
IPCX,Inflection Point Acquisition Corp III - Class A,NASDAQ,Stock,2025-06-16,,Active
IPCXR,Inflection Point Acquisition Corp III,NASDAQ,Stock,2025-06-16,,Active
IPCXU,Inflection Point Acquisition Corp III - Units (1 Ord Cls A & 1 Rts),NASDAQ,Stock,2025-04-25,,Active
IPDN,Professional Diversity Network Inc,NASDAQ,Stock,2013-03-05,,Active
IPEX,Inflection Point Acquisition Corp V - Class A,NASDAQ,Stock,2025-03-07,,Active
IPEXR,Inflection Point Acquisition Corp V,NASDAQ,Stock,2025-03-07,,Active
IPEXU,Inflection Point Acquisition Corp V - Units (1 Ord Cls A & 1 Rts),NASDAQ,Stock,2025-02-13,,Active
IPFX,Inflection Point Acquisition Corp VI,NASDAQ,Stock,2026-05-18,,Active
IPFXU,Inflection Point Acquisition Corp VI - Unit (1 Ord Cls A & 1/3 War),NASDAQ,Stock,2026-03-27,,Active
IPFXW,Inflection Point Acquisition Corp VI Warrant,NASDAQ,Stock,2026-05-18,,Active
IPGP,IPG Photonics Corp,NASDAQ,Stock,2006-12-13,,Active
IPHA,Innate Pharma,NASDAQ,Stock,2019-10-17,,Active
IPHXU,Inflection Point Acquisition Corp VIII - Units (1 Ord Cls A & 1/3 War),NASDAQ,Stock,2026-08-28,,Active
IPI,Intrepid Potash Inc,NYSE,Stock,2008-04-22,,Active
IPKW,INVESCO INTERNATIONAL BUYBACK ACHIEVERS ETF ,NASDAQ,ETF,2014-02-27,,Active
IPM,Paltalk Inc,NASDAQ,Stock,2018-03-12,,Active
IPO,RENAISSANCE IPO ETF ,NYSE,ETF,2013-10-16,,Active
IPOS,RENAISSANCE INTERNATIONAL IPO ETF ,NYSE,ETF,2014-10-07,,Active
IPSC,Century Therapeutics Inc,NASDAQ,Stock,2021-06-18,,Active
IPST,IP Strategy Holdings Inc,NASDAQ,Stock,2024-11-22,,Active
IPVV,InterPrivate Investment Partners V Inc - Class A,NASDAQ,Stock,2026-07-27,,Active
IPVVU,InterPrivate Investment Partners V Inc - Units (1 Ord Cls A & 1/3 War),NASDAQ,Stock,2026-06-04,,Active
IPVVW,InterPrivate Investment Partners V Inc - Warrants (27/05/2031),NASDAQ,Stock,2026-07-29,,Active
IPW,iPower Inc,NASDAQ,Stock,2021-05-12,,Active
IPWR,Ideal Power Inc,NASDAQ,Stock,2013-11-22,,Active
IPX,IperionX Ltd,NASDAQ,Stock,2022-06-21,,Active
IPXG,Inflection Point Acquisition Corp VII Cl A Ord,NASDAQ,Stock,2026-08-27,,Active
IPXGU,Inflection Point Acquisition Corp VII - Units (1 Ord Cls A & 1/3 War),NASDAQ,Stock,2026-02-11,,Active
IPXGW,Inflection Point Acquisition Corp VII Wt Exp,NASDAQ,Stock,2026-08-27,,Active
IPXXU,USA Rare Earth Inc - Units (1 Ord Class A & 1/2 Warr),NASDAQ,Stock,2023-05-25,,Active
IQ,iQIYI Inc,NASDAQ,Stock,2018-03-29,,Active
IQDF,FLEXSHARES INTERNATIONAL QUALITY DIVIDEND INDEX FUND ,NYSE,ETF,2013-04-16,,Active
IQDG,WISDOMTREE INTERNATIONAL QUALITY DIVIDEND GROWTH FUND ,BATS,ETF,2016-04-07,,Active
IQDY,FLEXSHARES INTERNATIONAL QUALITY DIVIDEND DYNAMIC INDEX FUND ,NYSE,ETF,2013-04-16,,Active
IQHI,NYLIM MacKay High Income ETF,NYSE ARCA,ETF,2022-10-25,,Active
IQI,Invesco Quality Municipal Income Trust,NYSE,ETF,1994-10-27,,Active
IQLT,ISHARES MSCI INTL QUALITY FACTOR ETF ,NYSE,ETF,2015-01-15,,Active
IQM,FRANKLIN INTELLIGENT MACHINES ETF ,BATS,ETF,2020-02-27,,Active
IQMDW,Intelligent Medicine Acquisition Corp - Warrants - (05/11/2026),NASDAQ,Stock,2021-12-27,,Active
IQMM,ProShares GENIUS Money Market,NYSE,Stock,2026-02-19,,Active
IQMX,IQM Quantum Computers Oy,NASDAQ,Stock,2026-07-01,,Active
IQMXW,IQM Quantum Computers Oy - Warrants (03/07/2031),NASDAQ,Stock,2026-07-02,,Active
IQQ,iShares Nasdaq 100 ETF,NASDAQ,ETF,2026-07-09,,Active
IQQQ,PROSHARES NASDAQ-100 HIGH INCOME ETF ,NASDAQ,ETF,2024-03-20,,Active
IQSI,NYLIM Candriam International Equity ETF,NYSE ARCA,ETF,2019-12-17,,Active
IQSM,NYLIM Candriam U.S. Mid Cap Equity ETF,NYSE ARCA,ETF,2022-10-25,,Active
IQST,iQSTEL Inc,NASDAQ,Stock,2025-05-14,,Active
IQSU,NYLIM Candriam U.S. Large Cap Equity ETF,NYSE ARCA,ETF,2019-12-17,,Active
IQSZ,Invesco Managed Futures Strategy ETF Global Equity Net Zero,NYSE,ETF,2025-07-16,,Active
IQV,IQVIA Holdings Inc,NYSE,Stock,2013-05-09,,Active
IR,Ingersoll-Rand Inc,NYSE,Stock,2017-05-12,,Active
IRAB,Iris Acquisition Corp II Class A,NYSE,Stock,2026-02-24,,Active
IRAB-U,Iris Acquisition Corp II - Units (1 Ord Cls A & 1/2 War),NYSE,Stock,2026-02-03,,Active
IRAB-WS,Iris Acquisition Corp II Redeemable Warrants each whole warrant exercisable for one Class A Ordinary Share at an exercise price of 11.50 per share,NYSE,Stock,2026-02-24,,Active
IRD,Ocuphire Pharma Inc,NASDAQ,Stock,2005-05-23,,Active
IRDM,Iridium Communications Inc,NASDAQ,Stock,2008-03-20,,Active
IRE,Daily Target 2X Long IREN (IREN Limited) ETF,NYSE,ETF,2025-10-21,,Active
IREC,Corgi IREN 2x Daily ETF,BATS,ETF,2026-07-14,,Active
IREG,Leverage Shares 2X Long IREN Daily ETF,NASDAQ,ETF,2025-12-16,,Active
IREN,Iris Energy Ltd,NASDAQ,Stock,2021-11-17,,Active
IREX,Tradr 2X Long IREN Daily ETF,BATS,ETF,2025-10-23,,Active
IREZ,Tradr 2X Short IREN Daily ETF,BATS,ETF,2026-01-22,,Active
IRHO,Iron Horse Acquisitions II Corp,NASDAQ,Stock,2026-02-06,,Active
IRHOR,Iron Horse Acquisitions II Corp Rights,NASDAQ,Stock,2026-02-06,,Active
IRHOU,Iron Horse Acquisitions Corp II - Units (1 Ord Shs & 1 Rts),NASDAQ,Stock,2025-12-17,,Active
IRIX,IRIDEX Corp,NASDAQ,Stock,1996-02-16,,Active
IRL,New Ireland Fund Inc,NYSE,ETF,1990-03-30,,Active
IRM,Iron Mountain Inc,NYSE,Stock,1996-02-01,,Active
IRMD,Iradimed Corp,NASDAQ,Stock,2014-07-16,,Active
IROC,INVESCO ROCHESTER HIGH YIELD MUNICIPAL ETF ,BATS,ETF,2022-12-09,,Active
IROHR,CN Healthy Food Tech Group Corp,NASDAQ,Stock,2024-02-16,,Active
IROHU,CN Healthy Food Tech Group Corp - Units (1 Ord 1 War & 1 Rts),NASDAQ,Stock,2023-12-27,,Active
IRON,Disc Medicine Inc,NASDAQ,Stock,2020-08-12,,Active
IRS,Irsa Inversiones Y Representaciones S.A.,NYSE,Stock,1994-12-20,,Active
IRT,Independence Realty Trust Inc,NYSE,Stock,2013-08-13,,Active
IRTC,iRhythm Technologies Inc,NASDAQ,Stock,2016-10-20,,Active
IRTR,ISHARES LIFEPATH RETIREMENT ETF ,NYSE,ETF,2023-10-19,,Active
IRVH,GLOBAL X INTEREST RATE VOLATILITY & INFLATION HEDGE ETF ,NYSE,ETF,2022-07-06,,Active
IRWD,Ironwood Pharmaceuticals Inc - Class A,NASDAQ,Stock,2010-02-03,,Active
ISBA,Isabella Bank Corp,NASDAQ,Stock,2007-07-13,,Active
ISBG,IncomeSTKd 1x Bitcoin & 1x Gold Premium ETF,BATS,ETF,2026-01-21,,Active
ISCB,ISHARES MORNINGSTAR SMALL-CAP ETF ,NYSE,ETF,2004-07-02,,Active
ISCF,ISHARES INTERNATIONAL SMALL-CAP EQUITY FACTOR ETF ,NYSE,ETF,2015-05-01,,Active
ISCG,ISHARES MORNINGSTAR SMALL-CAP GROWTH ETF ,NYSE,ETF,2004-07-07,,Active
ISCV,ISHARES MORNINGSTAR SMALL-CAP VALUE ETF ,NYSE,ETF,2004-07-13,,Active
ISD,PGIM High Yield Bond Fund Inc,NYSE,ETF,2012-04-27,,Active
ISEP,Innovator International Developed Power Buffer ETF September,NYSE,ETF,2023-09-01,,Active
ISG,ING Group NV Perpetual Dent Secs 6125,NYSE,Stock,2005-09-23,,Active
ISHG,ISHARES 1-3 YEAR INTERNATIONAL TREASURY BOND ETF ,NASDAQ,ETF,2009-01-28,,Active
ISHP,FIRST TRUST S-NETWORK E-COMMERCE ETF ,NASDAQ,ETF,2016-10-11,,Active
ISMD,INSPIRE SMALL/MID CAP ETF ,NYSE,ETF,2017-02-28,,Active
ISMF,iShares Managed Futures Active ETF,BATS,ETF,2025-03-13,,Active
ISNR,Snow Rothschild Acquisition Corp - Class A,NASDAQ,Stock,2026-07-30,,Active
ISNRU,Snow Rothschild Acquisition Corp - Units (1 Ord Cls A & 1/2 War),NASDAQ,Stock,2026-06-09,,Active
ISNRW,Snow Rothschild Acquisition Corp - Warrants (22/05/2031),NASDAQ,Stock,2026-07-30,,Active
ISO,IsoPlexis Corp,NASDAQ,Stock,2021-10-08,,Active
ISOU,IsoEnergy Ltd,AMEX,Stock,2025-05-05,,Active
ISPC,iSpecimen Inc,NASDAQ,Stock,2021-06-17,,Active
ISPR,Ispire Technology Inc,NASDAQ,Stock,2023-04-04,,Active
ISPY,PROSHARES S&P 500 HIGH INCOME ETF ,BATS,ETF,2023-12-20,,Active
ISRA,VANECK ISRAEL ETF ,NYSE,ETF,2013-06-26,,Active
ISRG,Intuitive Surgical Inc,NASDAQ,Stock,2000-06-16,,Active
ISRL,Defiance KSM Israel 120 ETF,NASDAQ,ETF,2026-09-01,,Active
ISSB,IncomeSTKd 1x US Stocks & 1x Bitcoin Premium ETF,BATS,ETF,2026-01-21,,Active
ISTB,ISHARES CORE 1-5 YEAR USD BOND ETF ,NASDAQ,ETF,2012-10-24,,Active
ISTM,iShares Transition-Enabling Metals ETF,NASDAQ,ETF,2023-09-28,,Active
ISTR,Investar Holding Corp,NASDAQ,Stock,2014-07-01,,Active
ISUL,GraniteShares 2x Long ISRG Daily ETF,NASDAQ,ETF,2025-10-07,,Active
ISVL,ISHARES INTERNATIONAL DEVELOPED SMALL CAP VALUE FACTOR ETF ,BATS,ETF,2021-03-25,,Active
ISWN,AMPLIFY BLACKSWAN ISWN ETF ,NYSE,ETF,2021-01-26,,Active
IT,Gartner Inc,NYSE,Stock,1993-10-05,,Active
ITA,ISHARES U.S. AEROSPACE & DEFENSE ETF ,BATS,ETF,2006-05-05,,Active
ITAN,SPARKLINE INTANGIBLE VALUE ETF ,NYSE,ETF,2021-06-29,,Active
ITB,ISHARES U.S. HOME CONSTRUCTION ETF ,BATS,ETF,2006-05-05,,Active
ITDB,ISHARES LIFEPATH TARGET DATE 2030 ETF ,NYSE,ETF,2023-10-19,,Active
ITDC,ISHARES LIFEPATH TARGET DATE 2035 ETF ,NYSE,ETF,2023-10-19,,Active
ITDD,ISHARES LIFEPATH TARGET DATE 2040 ETF ,NYSE,ETF,2023-10-19,,Active
ITDE,ISHARES LIFEPATH TARGET DATE 2045 ETF ,NYSE,ETF,2023-10-19,,Active
ITDF,ISHARES LIFEPATH TARGET DATE 2050 ETF ,NYSE,ETF,2023-10-19,,Active
ITDG,ISHARES LIFEPATH TARGET DATE 2055 ETF ,NYSE,ETF,2023-10-19,,Active
ITDH,ISHARES LIFEPATH TARGET DATE 2060 ETF ,NYSE,ETF,2023-10-19,,Active
ITDI,ISHARES LIFEPATH TARGET DATE 2065 ETF ,NYSE,ETF,2023-10-19,,Active
ITDJ,ISHARES LIFEPATH TARGET DATE 2070 ETF ,NYSE,ETF,2024-11-13,,Active
ITEQ,Amplify BlueStar Israel Technology ETF,NYSE,ETF,2015-11-03,,Active
ITG,ITG Inc - Class A,NASDAQ,Stock,2026-07-01,,Active
ITGR,Integer Holdings Corp,NYSE,Stock,2000-09-29,,Active
ITHA,ITHAX Acquisition Corp III - Class A,NASDAQ,Stock,2026-01-20,,Active
ITHAU,ITHAX Acquisition Corp III - Units (1 Ord Cls A & 1/2 War),NASDAQ,Stock,2025-12-12,,Active
ITHAW,ITHAX Acquisition Corp III - Warrants (17/11/2030),NASDAQ,Stock,2026-01-20,,Active
ITI,Iteris Inc,NASDAQ,Stock,1994-01-04,,Active
ITIC,Investors Title Company,NASDAQ,Stock,1990-03-27,,Active
ITM,VANECK INTERMEDIATE MUNI ETF ,BATS,ETF,2007-12-06,,Active
ITOC,Pheton Holdings Ltd - Class A,NASDAQ,Stock,2024-09-05,,Active
ITOL,TEMA INTERNATIONAL DURABLE QUALITY ETF ,BATS,ETF,2025-09-11,,Active
ITOT,ISHARES CORE S&P TOTAL U.S. STOCK MARKET ETF ,NYSE,ETF,2004-01-23,,Active
ITP,IT Tech Packaging Inc,AMEX,Stock,2007-10-01,,Active
ITRG,Integra Resources Corp,AMEX,Stock,2020-07-09,,Active
ITRI,Itron Inc,NASDAQ,Stock,1993-11-05,,Active
ITRN,Ituran Location And Control Ltd,NASDAQ,Stock,2005-09-28,,Active
ITT,ITT Inc,NYSE,Stock,1995-12-18,,Active
ITUB,Itau Unibanco Holding S.A.,NYSE,Stock,2002-02-25,,Active
ITW,Illinois Tool Works Inc,NYSE,Stock,1987-11-05,,Active
ITWO,ProShares Russell 2000 High Income ETF,BATS,ETF,2024-09-05,,Active
IUS,INVESCO RAFI(TM) STRATEGIC US ETF ,NASDAQ,ETF,2018-09-12,,Active
IUSB,ISHARES CORE UNIVERSAL USD BOND ETF ,NASDAQ,ETF,2014-06-12,,Active
IUSG,ISHARES CORE S&P U.S. GROWTH ETF ,NASDAQ,ETF,2000-07-28,,Active
IUSV,ISHARES CORE S&P U.S. VALUE ETF ,NASDAQ,ETF,2000-08-04,,Active
IVA,Inventiva,NASDAQ,Stock,2020-07-10,,Active
IVAL,ALPHA ARCHITECT INTERNATIONAL QUANTITATIVE VALUE ETF ,NASDAQ,ETF,2014-12-17,,Active
IVCPU,AleAnna Inc - Units (1 Ord Share Class A & 1/2 War),NASDAQ,Stock,2021-12-15,,Active
IVDA,Iveda Solutions Inc,NASDAQ,Stock,2015-10-15,,Active
IVDAW,Iveda Solutions Inc - Warrants (01/04/2027),NASDAQ,Stock,2022-04-01,,Active
IVE,ISHARES S&P 500 VALUE ETF ,NYSE,ETF,2000-05-26,,Active
IVEP,Dan IVES Wedbush AI Power & Infrastructure,NYSE,Stock,2026-04-08,,Active
IVES,DAN IVES WEDBUSH AI REVOLUTION ETF ,NYSE,ETF,2025-06-04,,Active
IVF,INVO Fertility Inc,NASDAQ,Stock,2012-05-21,,Active
IVH,Delaware Ivy High Income Opportunities Fund,NYSE,ETF,2013-05-29,,Active
IVLU,ISHARES MSCI INTL VALUE FACTOR ETF ,NYSE,ETF,2015-07-15,,Active
IVOG,VANGUARD S&P MID-CAP 400 GROWTH INDEX FUND ETF SHARES,NYSE,ETF,2010-09-09,,Active
IVOL,QUADRATIC INTEREST RATE VOLATILITY AND INFLATION HEDGE ETF ,NYSE,ETF,2019-05-14,,Active
IVOO,VANGUARD S&P MID-CAP 400 INDEX FUND ETF SHARES,NYSE,ETF,2010-09-09,,Active
IVOV,VANGUARD S&P MID-CAP 400 VALUE INDEX FUND ETF SHARES,NYSE,ETF,2010-09-09,,Active
IVR,Invesco Mortgage Capital Inc,NYSE,Stock,2009-07-01,,Active
IVR-P-C,Invesco Mortgage Capital Inc,NYSE,Stock,2017-08-10,,Active
IVSI,APPLIED FINANCE IVS INTERNATIONAL LARGE ETF ,NASDAQ,ETF,2025-12-11,,Active
IVSS,APPLIED FINANCE IVS US SMID ETF ,NASDAQ,ETF,2025-12-04,,Active
IVSX,APPLIED FINANCE IVS INTERNATIONAL SMID ETF ,NASDAQ,ETF,2026-02-20,,Active
IVT,InvenTrust Properties Corp,NYSE,Stock,2014-02-24,,Active
IVV,ISHARES CORE S&P 500 ETF ,NYSE,ETF,2000-05-19,,Active
IVVB,iShares Large Cap Deep Buffer ETF,BATS,ETF,2023-06-30,,Active
IVVD,Invivyd Inc,NASDAQ,Stock,2021-08-06,,Active
IVVM,iShares Large Cap Moderate Buffer ETF,BATS,ETF,2023-06-30,,Active
IVVW,ISHARES S&P 500 BUYWRITE ETF ,BATS,ETF,2024-03-15,,Active
IVW,ISHARES S&P 500 GROWTH ETF ,NYSE,ETF,2000-05-26,,Active
IVZ,Invesco Ltd,NYSE,Stock,1995-08-25,,Active
IWB,ISHARES RUSSELL 1000 ETF ,NYSE,ETF,2000-05-19,,Active
IWC,ISHARES MICRO-CAP ETF ,NYSE,ETF,2005-08-16,,Active
IWD,ISHARES RUSSELL 1000 VALUE ETF ,NYSE,ETF,2000-05-26,,Active
IWF,ISHARES RUSSELL 1000 GROWTH ETF ,NYSE,ETF,2000-05-26,,Active
IWFG,NYLIM Winslow Focused Large Cap Growth ETF,NYSE ARCA,ETF,2022-06-23,,Active
IWL,ISHARES RUSSELL TOP 200 ETF ,NYSE,ETF,2009-09-28,,Active
IWLG,NYLIM Winslow Large Cap Growth ETF,NYSE ARCA,ETF,2022-06-23,,Active
IWM,ISHARES RUSSELL 2000 ETF ,NYSE,ETF,2000-05-26,,Active
IWMI,NEOS RUSSELL 2000 HIGH INCOME ETF ,BATS,ETF,2024-06-25,,Active
IWMW,ISHARES RUSSELL 2000 BUYWRITE ETF ,BATS,ETF,2024-03-15,,Active
IWMY,DEFIANCE R2000 WEEKLY DISTRIBUTION ETF ,NYSE,ETF,2023-10-31,,Active
IWN,ISHARES RUSSELL 2000 VALUE ETF ,NYSE,ETF,2000-07-28,,Active
IWO,ISHARES RUSSELL 2000 GROWTH ETF ,NYSE,ETF,2000-07-28,,Active
IWP,ISHARES RUSSELL MID-CAP GROWTH ETF ,NYSE,ETF,2001-08-01,,Active
IWR,ISHARES RUSSELL MID-CAP ETF ,NYSE,ETF,2001-07-20,,Active
IWS,ISHARES RUSSELL MID-CAP VALUE ETF ,NYSE,ETF,2001-07-24,,Active
IWV,ISHARES RUSSELL 3000 ETF ,NYSE,ETF,2000-05-26,,Active
IWX,ISHARES RUSSELL TOP 200 VALUE ETF ,NYSE,ETF,2009-09-28,,Active
IWY,ISHARES RUSSELL TOP 200 GROWTH ETF ,NYSE,ETF,2009-09-28,,Active
IX,Orix Corporation,NYSE,Stock,1998-09-16,,Active
IXC,ISHARES GLOBAL ENERGY ETF ,NYSE,ETF,2001-11-16,,Active
IXG,ISHARES GLOBAL FINANCIALS ETF ,NYSE,ETF,2001-11-26,,Active
IXHL,Incannex Healthcare Inc,NASDAQ,Stock,2023-11-30,,Active
IXJ,ISHARES GLOBAL HEALTHCARE ETF ,NYSE,ETF,2001-11-26,,Active
IXN,ISHARES GLOBAL TECH ETF ,NYSE,ETF,2001-11-26,,Active
IXP,ISHARES GLOBAL COMM SERVICES ETF ,NYSE,ETF,2001-11-26,,Active
IXUS,ISHARES CORE MSCI TOTAL INTERNATIONAL STOCK ETF ,NASDAQ,ETF,2012-10-24,,Active
IYC,ISHARES U.S. CONSUMER DISCRETIONARY ETF ,NYSE,ETF,2000-06-28,,Active
IYE,ISHARES U.S. ENERGY ETF ,NYSE,ETF,2000-06-16,,Active
IYF,ISHARES U.S. FINANCIALS ETF ,NYSE,ETF,2000-05-26,,Active
IYG,ISHARES U.S. FINANCIAL SERVICES ETF ,NYSE,ETF,2000-06-21,,Active
IYH,ISHARES U.S. HEALTHCARE ETF ,NYSE,ETF,2000-06-16,,Active
IYJ,ISHARES U.S. INDUSTRIALS ETF ,BATS,ETF,2000-07-14,,Active
IYK,ISHARES U.S. CONSUMER STAPLES ETF ,NYSE,ETF,2000-06-16,,Active
IYLD,ISHARES MORNINGSTAR MULTI-ASSET INCOME ETF ,BATS,ETF,2012-04-05,,Active
IYM,ISHARES U.S. BASIC MATERIALS ETF ,NYSE,ETF,2000-06-20,,Active
IYR,ISHARES U.S. REAL ESTATE ETF ,NYSE,ETF,2000-06-19,,Active
IYRI,NEOS REAL ESTATE HIGH INCOME ETF ,BATS,ETF,2025-01-15,,Active
IYT,ISHARES U.S. TRANSPORTATION ETF ,BATS,ETF,2003-10-10,,Active
IYW,ISHARES U.S. TECHNOLOGY ETF ,NYSE,ETF,2000-05-19,,Active
IYY,ISHARES DOW JONES U.S. ETF ,NYSE,ETF,2000-06-16,,Active
IYZ,ISHARES U.S. TELECOMMUNICATIONS ETF ,BATS,ETF,2000-05-26,,Active
IZEA,IZEA Worldwide Inc,NASDAQ,Stock,2011-08-29,,Active
IZM,Iczoom Group Inc - Class A,NASDAQ,Stock,2023-03-15,,Active
IZRL,ARK ISRAEL INNOVATIVE TECHNOLOGY ETF ,BATS,ETF,2017-12-05,,Active
J,Jacobs Solutions Inc,NYSE,Stock,1990-01-12,,Active
J-W,Jacobs Solutions Inc WhenIssued,NYSE,Stock,2024-09-26,,Active
JA,Janus Henderson AAA CLO,NYSE,Stock,2026-02-19,,Active
JAAA,JANUS HENDERSON AAA CLO ETF ,NYSE,ETF,2020-10-19,,Active
JAB,,NASDAQ,Stock,2026-08-31,,Active
JABRR,JAB Acquisition Corp I Rights,NASDAQ,Stock,2026-08-31,,Active
JABRU,JAB Acquisition Corp I Units,NASDAQ,Stock,2026-08-31,,Active
JABRW,JAB Acquisition Corp I Warrants,NASDAQ,Stock,2026-08-31,,Active
JABS,JANUS HENDERSON ASSET-BACKED SECURITIES ETF ,NYSE,ETF,2025-07-23,,Active
JACK,Jack In The Box Inc,NASDAQ,Stock,1992-03-05,,Active
JACS,Jackson Acquisition Company II Class A,NYSE,Stock,2025-01-30,,Active
JACS-R,Jackson Acquisition Company II Rights each right to acquire onetenth 110 of one Class A ordinary share,NYSE,Stock,2025-01-30,,Active
JACS-U,Jackson Acquisition Company II - Units (1 Ord Cls A & 1 Rts),NYSE,Stock,2024-12-10,,Active
JADB,Aptus January Deep Buffer,BATS,Stock,2026-05-06,,Active
JADE,JPMORGAN ACTIVE DEVELOPING MARKETS EQUITY ETF ,NYSE,ETF,2024-05-17,,Active
JAGU,Jaguar Uranium Corp - Class A,AMEX,Stock,2026-02-09,,Active
JAGX,Jaguar Health Inc,NASDAQ,Stock,2015-05-13,,Active
JAJL,Innovator Equity Defined Protection ETF - 6mo Jan/Jul,BATS,ETF,2024-07-01,,Active
JAKK,Jakks Pacific Inc,NASDAQ,Stock,1996-05-02,,Active
JAN,Janus Living Inc - Class A-1,NYSE,Stock,2026-03-30,,Active
JANB,APTUS JANUARY BUFFER ETF ,BATS,ETF,2025-10-14,,Active
JANH,Innovator Premium Income 20 Barrier ETF - January,BATS,ETF,2024-01-02,,Active
JANI,AllianzIM International Equity Buffer15 Uncapped Jan,BATS,Stock,2026-02-02,,Active
JANJ,Innovator Premium Income 30 Barrier ETF - January,BATS,ETF,2024-01-02,,Active
JANM,FT VEST U.S. EQUITY MAX BUFFER ETF - JANUARY ,BATS,ETF,2025-01-21,,Active
JANP,PGIM S&P 500 BUFFER 12 ETF - JANUARY ,BATS,ETF,2024-01-02,,Active
JANT,ALLIANZIM U.S. EQUITY BUFFER10 JAN ETF ,BATS,ETF,2021-01-04,,Active
JANU,ALLIANZIM U.S. EQUITY BUFFER15 UNCAPPED JAN ETF ,BATS,ETF,2025-01-02,,Active
JANW,ALLIANZIM U.S. EQUITY BUFFER20 JAN ETF ALLIANZIM EQUITY LARGE CAP BUFFER20 JAN ETF,BATS,ETF,2021-01-04,,Active
JANX,Janux Therapeutics Inc,NASDAQ,Stock,2021-06-11,,Active
JANZ,TRUESHARES STRUCTURED OUTCOME (JANUARY) ETF ,BATS,ETF,2021-01-04,,Active
JAPN,HORIZON KINETICS JAPAN OWNER OPERATOR ETF ,NASDAQ,ETF,2025-05-13,,Active
JATT,Jatt II Acquisition Corp,NASDAQ,Stock,2026-04-17,,Active
JAVA,JPMORGAN ACTIVE VALUE ETF ,NYSE,ETF,2021-10-05,,Active
JAZZ,Jazz Pharmaceuticals plc,NASDAQ,Stock,2007-06-01,,Active
JBBB,JANUS HENDERSON B-BBB CLO ETF ,BATS,ETF,2022-01-12,,Active
JBDI,JBDI Holdings Ltd,NASDAQ,Stock,2024-08-27,,Active
JBGS,JBG SMITH Properties,NYSE,Stock,2017-07-18,,Active
JBHT,J.B. Hunt Transport Services Inc,NASDAQ,Stock,1990-03-26,,Active
JBI,Janus International Group Inc - Class A,NYSE,Stock,2019-12-20,,Active
JBIO,Jade Biosciences Inc,NASDAQ,Stock,2021-06-30,,Active
JBK,Lehman ABS Corp,NYSE,Stock,2004-04-05,,Active
JBL,Jabil Inc,NYSE,Stock,1993-05-03,,Active
JBLG,Leverage Shares 2X Long JBL Daily ETF,BATS,ETF,2026-07-07,,Active
JBLU,Jetblue Airways Corp,NASDAQ,Stock,2002-04-12,,Active
JBND,JPMORGAN ACTIVE BOND ETF ,NYSE,ETF,2023-10-12,,Active
JBS,JBS N.V. - Class A,NYSE,Stock,2025-06-13,,Active
JBSS,Sanfilippo (John B.) & Son Inc,NASDAQ,Stock,1991-12-04,,Active
JBTM,JBT Marel Corp,NYSE,Stock,2008-07-22,,Active
JCAL,JPMorgan California Tax Free Bond ETF,NYSE ARCA,ETF,2026-06-15,,Active
JCAP,Jefferson Capital Inc,NASDAQ,Stock,2025-06-26,,Active
JCE,Nuveen Core Equity Alpha Fund,NYSE,ETF,2007-03-28,,Active
JCHI,JPMORGAN ACTIVE CHINA ETF ,NYSE,ETF,2023-03-16,,Active
JCI,Johnson Controls International plc,NYSE,Stock,1985-03-27,,Active
JCICU,Jack Creek Investment Corp - Units (1 Ord Share Class A & 1/2 War),NASDAQ,Stock,2021-01-22,,Active
JCPB,JPMORGAN CORE PLUS BOND ETF ,NYSE,ETF,2019-01-30,,Active
JCPI,JPMORGAN INFLATION MANAGED BOND ETF ,NYSE,ETF,2022-04-11,,Active
JCSE,JE Cleantech Holdings Ltd,NASDAQ,Stock,2022-04-22,,Active
JCTC,Jewett-Cameron Trading Co. Ltd,NASDAQ,Stock,1996-04-12,,Active
JD,JD.com Inc,NASDAQ,Stock,2014-05-22,,Active
JDIV,JPMORGAN DIVIDEND LEADERS ETF ,NYSE,ETF,2024-09-26,,Active
JDOC,JPMORGAN HEALTHCARE LEADERS ETF ,NASDAQ,ETF,2023-11-02,,Active
JDST,Direxion Daily Junior Gold Miners Index Bear -2X Shares,NYSE,ETF,2013-10-03,,Active
JDVI,JOHN HANCOCK DISCIPLINED VALUE INTERNATIONAL SELECT ETF ,NYSE,ETF,2023-12-20,,Active
JDVL,JOHN HANCOCK DISCIPLINED VALUE SELECT ETF ,NYSE,ETF,2025-08-06,,Active
JDZG,Jiade Ltd,NASDAQ,Stock,2024-05-15,,Active
JEDI,DEFIANCE DRONE AND MODERN WARFARE ETF ,NYSE,ETF,2025-09-26,,Active
JEF,Jefferies Financial Group Inc,NYSE,Stock,1987-11-05,,Active
JELD,JELD-WEN Holding Inc,NYSE,Stock,2017-01-27,,Active
JELH,JANUS HENDERSON EQUITY LINKED HIGH INCOME ETF ,BATS,ETF,2026-04-22,,Active
JELM,JANUS HENDERSON EQUITY LINKED MODERATE INCOME ETF ,BATS,ETF,2026-04-22,,Active
JEM,707 Cayman Holdings Ltd,NASDAQ,Stock,2025-06-09,,Active
JEMA,JPMORGAN ACTIVEBUILDERS EMERGING MARKETS EQUITY ETF ,NASDAQ,ETF,2021-03-11,,Active
JEMB,JANUS HENDERSON EMERGING MARKETS DEBT HARD CURRENCY ETF ,NYSE,ETF,2024-08-14,,Active
JEMD,Nuveen Emerging Markets Debt 2022 Target Term Fund,NYSE,ETF,2017-09-27,,Active
JENA,Jena Acquisition Corporation II Class A,NYSE,Stock,2025-07-21,,Active
JENA-R,Jena Acquisition Corporation II Rights each right to acquire onetwentieth 120 of one Class A ordinary share,NYSE,Stock,2025-07-21,,Active
JENA-U,Jena Acquisition Corporation II Units each consisting of one Class A ordinary share and one right,NYSE,Stock,2025-05-29,,Active
JEPI,JPMORGAN EQUITY PREMIUM INCOME ETF ,NYSE,ETF,2020-05-21,,Active
JEPQ,JPMORGAN NASDAQ EQUITY PREMIUM INCOME ETF ,NASDAQ,ETF,2022-05-04,,Active
JEQ,abrdn Japan Equity Fund Inc,NYSE,ETF,1992-08-14,,Active
JETD,MAX Airlines Inverse 3X Inverse Leveraged ETN,NYSE,Stock,2023-06-21,,Active
JETS,U.S. GLOBAL JETS ETF ,NYSE,ETF,2015-04-30,,Active
JETU,MAX Airlines 3X Leveraged ETN,NYSE,Stock,2023-06-21,,Active
JF,Pintec Technology Holdings Ltd,NASDAQ,Stock,2018-10-25,,Active
JFB,JFB Construction Holdings,NASDAQ,Stock,2025-03-06,,Active
JFIN,Jiayin Group Inc,NASDAQ,Stock,2019-05-10,,Active
JFLI,JPMORGAN FLEXIBLE INCOME ETF ,NYSE,ETF,2025-02-13,,Active
JFLX,JPMORGAN FLEXIBLE DEBT ETF ,NYSE,ETF,2025-09-29,,Active
JFR,Nuveen Floating Rate Income Fund,NYSE,ETF,2004-03-25,,Active
JFR-R,Nuveen Floating Rate Income Fund Rights expiring February 19 2025 Rights,NYSE,Stock,2025-01-23,,Active
JFR-R-W,Nuveen Floating Rate Income Fund Rights expiring February 19 2025 Rights when issued,NYSE,Stock,2025-01-17,,Active
JFU,9F Inc,NASDAQ,Stock,2019-08-15,,Active
JG,Aurora Mobile Ltd,NASDAQ,Stock,2018-07-26,,Active
JGH,Nuveen Global High Income Fund,NYSE,ETF,2014-11-24,,Active
JGH-R,Nuveen Global High Income Fund Rights expiring November 20 2025 Rights,NYSE,Stock,2025-10-23,,Active
JGH-R-W,Nuveen Global High Income Fund Rights expiring November 20 2025 Rights when issued,NYSE,Stock,2025-10-20,,Active
JGLO,JPMORGAN GLOBAL SELECT EQUITY ETF ,NASDAQ,ETF,2023-09-14,,Active
JGRO,JPMORGAN ACTIVE GROWTH ETF ,NYSE,ETF,2022-08-09,,Active
JGRW,JENSEN QUALITY GROWTH ETF ,NYSE,ETF,2024-08-13,,Active
JHAA,Nuveen Corporate Income 2023 Target Term Fund,NYSE,Stock,2018-12-19,,Active
JHAC,JOHN HANCOCK FUNDAMENTAL ALL CAP CORE ETF ,NYSE,ETF,2023-11-02,,Active
JHAI,JANUS HENDERSON GLOBAL ARTIFICIAL INTELLIGENCE ETF ,NASDAQ,ETF,2025-08-20,,Active
JHCB,JOHN HANCOCK CORPORATE BOND ETF ,NYSE,ETF,2021-03-31,,Active
JHCP,JOHN HANCOCK CORE PLUS BOND ETF ,NYSE,ETF,2024-12-18,,Active
JHCR,JOHN HANCOCK CORE BOND ETF ,NYSE,ETF,2024-12-18,,Active
JHDG,JOHN HANCOCK HEDGED EQUITY ETF ,NYSE,ETF,2015-04-09,,Active
JHDV,JOHN HANCOCK U.S. HIGH DIVIDEND ETF ,NYSE,ETF,2022-09-28,,Active
JHEM,JOHN HANCOCK MULTIFACTOR EMERGING MARKETS ETF ,NYSE,ETF,2018-09-28,,Active
JHHY,JOHN HANCOCK HIGH YIELD ETF ,NYSE,ETF,2024-05-02,,Active
JHI,John Hancock Investors Trust,NYSE,ETF,1985-07-01,,Active
JHID,JOHN HANCOCK INTERNATIONAL HIGH DIVIDEND ETF ,NYSE,ETF,2022-12-21,,Active
JHLN,JOHN HANCOCK GLOBAL SENIOR LOAN ETF ,NYSE,ETF,2025-08-20,,Active
JHMB,JOHN HANCOCK MORTGAGE-BACKED SECURITIES ETF ,NYSE,ETF,2021-08-19,,Active
JHMD,JOHN HANCOCK MULTIFACTOR DEVELOPED INTERNATIONAL ETF ,NYSE,ETF,2016-12-16,,Active
JHML,JOHN HANCOCK MULTIFACTOR LARGE CAP ETF ,NYSE,ETF,2015-09-30,,Active
JHMM,JOHN HANCOCK MULTIFACTOR MID CAP ETF ,NYSE,ETF,2015-09-29,,Active
JHMU,JOHN HANCOCK DYNAMIC MUNICIPAL BOND ETF ,NYSE,ETF,2023-11-02,,Active
JHPI,JOHN HANCOCK PREFERRED INCOME ETF ,NYSE,ETF,2021-12-15,,Active
JHS,John Hancock Income Securities Trust,NYSE,ETF,1988-01-05,,Active
JHSC,JOHN HANCOCK MULTIFACTOR SMALL CAP ETF ,NYSE,ETF,2017-11-09,,Active
JHX,James Hardie Industries plc,NYSE,Stock,2000-01-03,,Active
JIDE,JPMORGAN INTERNATIONAL DYNAMIC ETF ,NYSE,Stock,2026-01-28,,Active
JIG,JPMORGAN INTERNATIONAL GROWTH ETF ,NYSE,ETF,2020-05-21,,Active
JIII,JANUS HENDERSON INCOME ETF ,NYSE,ETF,2024-11-13,,Active
JILL,J.Jill Inc,NYSE,Stock,2017-03-09,,Active
JIRE,JPMORGAN INTERNATIONAL RESEARCH ENHANCED EQUITY ETF ,NYSE,ETF,2022-06-13,,Active
JIVE,JPMORGAN INTERNATIONAL VALUE ETF ,NASDAQ,ETF,2023-09-14,,Active
JJE,Barclays Bank PLC,NYSE ARCA,ETF,2018-01-23,,Active
JJM,Barclays Bank PLC,NYSE ARCA,ETF,2018-01-29,,Active
JJP,Barclays Bank PLC,NYSE ARCA,ETF,2018-01-18,,Active
JJS,Barclays Bank PLC,NYSE ARCA,ETF,2018-01-18,,Active
JJSF,J&J Snack Foods Corp,NASDAQ,Stock,1990-03-26,,Active
JKHY,Jack Henry & Associates Inc,NASDAQ,Stock,1990-03-26,,Active
JKS,JinkoSolar Holding Co. Ltd,NYSE,Stock,2010-05-14,,Active
JL,J-Long Group Ltd,NASDAQ,Stock,2024-01-24,,Active
JLCO,John Hancock Large Cap Opportunities ETF,NYSE ARCA,ETF,2026-07-15,,Active
JLHL,Julong Holding Ltd - Class A,NASDAQ,Stock,2025-06-26,,Active
JLL,Jones Lang Lasalle Inc,NYSE,Stock,1997-07-17,,Active
JLQD,JANUS HENDERSON CORPORATE BOND ETF ,NYSE,ETF,2021-09-09,,Active
JLS,Nuveen Mortgage and Income Fund,NYSE,ETF,2009-11-27,,Active
JLVP,JPMorgan U.S. Large Cap Value Plus ETF,NASDAQ,ETF,2026-07-31,,Active
JMACU,Maxpro Capital Acquisition Corp - Units (1 Ord Share Class A & 1 War),NASDAQ,Stock,2021-10-08,,Active
JMBS,JANUS HENDERSON MORTGAGE-BACKED SECURITIES ETF ,NYSE,ETF,2018-09-13,,Active
JMEE,JPMORGAN SMALL & MID CAP ENHANCED EQUITY ETF ,NYSE,ETF,2022-05-09,,Active
JMHI,JPMORGAN HIGH YIELD MUNICIPAL ETF ,NYSE,ETF,2023-07-17,,Active
JMIA,Jumia Technologies Ag,NYSE,Stock,2019-04-12,,Active
JMID,JANUS HENDERSON MID CAP GROWTH ALPHA ETF ,NASDAQ,ETF,2024-09-18,,Active
JMKE,Jersey Mike`s Subs Inc - Class A,NYSE,Stock,2026-07-30,,Active
JMM,Nuveen Multi-Market Income Fund,NYSE,ETF,1989-06-30,,Active
JMMF,JPMORGAN 100% U.S. TREASURY SECURITIES MONEY MARKET ETF ,NYSE,Stock,2025-12-11,,Active
JMOM,JPMORGAN U.S. MOMENTUM FACTOR ETF ,NYSE,ETF,2017-11-09,,Active
JMSB,John Marshall Bancorp Inc,NASDAQ,Stock,2013-11-21,,Active
JMSI,JPMORGAN SUSTAINABLE MUNICIPAL INCOME ETF ,NYSE,ETF,2023-07-17,,Active
JMST,JPMORGAN ULTRA-SHORT MUNICIPAL INCOME ETF ,NYSE,ETF,2018-10-18,,Active
JMTG,JPMORGAN MORTGAGE-BACKED SECURITIES ETF ,NYSE,Stock,2025-06-30,,Active
JMUB,JPMORGAN MUNICIPAL ETF ,NYSE,ETF,2018-10-31,,Active
JNEU,ALLIANZIM U.S. EQUITY BUFFER15 UNCAPPED JUN ETF ,BATS,ETF,2024-06-03,,Active
JNJ,Johnson & Johnson,NYSE,Stock,1970-01-02,,Active
JNJ-WD,Johnson & Johnson WhenDistributed,NYSE,Stock,2023-08-21,,Active
JNK,STATE STREET(R) SPDR(R) BLOOMBERG HIGH YIELD BOND ETF ,NYSE,ETF,2007-12-04,,Active
JNPR,Juniper Networks Inc,NYSE,Stock,1999-06-25,,Active
JNUG,DIREXION DAILY JUNIOR GOLD MINERS INDEX BULL 2X SHARES ,NYSE,ETF,2013-10-03,,Active
JOB,GEE Group Inc,AMEX,Stock,1992-03-17,,Active
JOBC,Corgi JOBY 2x Daily ETF,BATS,ETF,2026-07-10,,Active
JOBX,TRADR 2X LONG JOBY DAILY ETF ,BATS,ETF,2025-09-09,,Active
JOBY,Joby Aviation Inc,NYSE,Stock,2020-11-09,,Active
JOBY-WS,Joby Aviation Inc Wt,NYSE,Stock,2021-08-11,,Active
JOE,St. Joe Company,NYSE,Stock,1992-03-10,,Active
JOET,VIRTUS TERRANOVA U.S. QUALITY MOMENTUM ETF ,NYSE,ETF,2020-11-18,,Active
JOF,Japan Smaller Capitalization Fund Inc,NYSE,ETF,1990-03-14,,Active
JOJO,ATAC CREDIT ROTATION ETF ,NYSE,ETF,2021-07-16,,Active
JONE,Jones Ventures INTL Acquisition1 Corp - Class A,NASDAQ,Stock,2026-09-03,,Active
JONER,Jones Ventures INTL Acquisition1 Corp,NASDAQ,Stock,2026-09-03,,Active
JONEU,Jones Ventures INTL Acquisition1 Corp - Units (1 Ord Cls A & 1 Rts),NASDAQ,Stock,2026-07-13,,Active
JOUL,Corgi High Voltage Grid Equipment,BATS,Stock,2026-05-06,,Active
JOUT,Johnson Outdoors Inc - Class A,NASDAQ,Stock,1990-03-26,,Active
JOYT,JPMORGAN EQUITY AND OPTIONS TOTAL RETURN ETF ,NASDAQ,ETF,2025-08-19,,Active
JOYY,JOYY Inc,NASDAQ,Stock,2012-11-21,,Active
JPAN,MATTHEWS JAPAN ACTIVE ETF ,NYSE,ETF,2023-09-22,,Active
JPC,Nuveen Preferred & Income Opportunities Fund,NYSE,ETF,2003-03-31,,Active
JPEF,JPMORGAN EQUITY FOCUS ETF ,NASDAQ,ETF,2023-07-31,,Active
JPEM,JPMORGAN DIVERSIFIED RETURN EMERGING MARKETS EQUITY ETF ,NYSE,ETF,2015-01-09,,Active
JPFP,JPMorgan Managed Futures Plus ETF,NASDAQ,ETF,2026-05-28,,Active
JPHY,JPMORGAN ACTIVE HIGH YIELD ETF ,NYSE,ETF,2025-06-25,,Active
JPI,Nuveen Preferred and Income Term Fund,NYSE,ETF,2012-07-27,,Active
JPIB,JPMORGAN INTERNATIONAL BOND OPPORTUNITIES ETF ,NYSE,ETF,2017-07-05,,Active
JPIE,JPMORGAN INCOME ETF ,NYSE,ETF,2021-11-02,,Active
JPIN,JPMORGAN DIVERSIFIED RETURN INTERNATIONAL EQUITY ETF ,NYSE,ETF,2014-11-07,,Active
JPLD,JPMORGAN LIMITED DURATION BOND ETF ,NYSE,ETF,2023-07-31,,Active
JPM,JPMorgan Chase & Company,NYSE,Stock,1983-12-30,,Active
JPM-P-C,JPMorgan Chase & Company,NYSE,Stock,2019-01-17,,Active
JPM-P-D,JPMorgan Chase & Company,NYSE,Stock,2014-09-22,,Active
JPM-P-J,JPMorgan Chase & Company,NYSE,Stock,2019-10-31,,Active
JPM-P-K,JPMorgan Chase & Company,NYSE,Stock,2021-03-11,,Active
JPM-P-L,JPMorgan Chase & Company,NYSE,Stock,2021-05-13,,Active
JPM-P-M,J P Morgan Chase & Co Depositary Shares Series M,NYSE,Stock,2021-08-04,,Active
JPMB,JPMORGAN USD EMERGING MARKETS SOVEREIGN BOND ETF ,NYSE,ETF,2018-01-31,,Active
JPME,JPMORGAN DIVERSIFIED RETURN U.S. MID CAP EQUITY ETF ,NYSE,ETF,2016-05-18,,Active
JPND,Bank of Montreal,BATS,Stock,2026-08-20,,Active
JPNU,Bank of Montreal,BATS,Stock,2026-08-20,,Active
JPO,YIELDMAX(R) JP OPTION INCOME STRATEGY ETF ,NYSE,ETF,2023-09-12,,Active
JPRE,JPMORGAN REALTY INCOME ETF ,NYSE,ETF,2022-05-23,,Active
JPRF,JPMorgan Preferred and Income Securities ETF,NYSE ARCA,ETF,2026-07-13,,Active
JPS,Nuveen Preferred & Income Securities Fund,NYSE,ETF,2002-09-24,,Active
JPSE,JPMORGAN DIVERSIFIED RETURN U.S. SMALL CAP EQUITY ETF ,NYSE,ETF,2016-11-17,,Active
JPST,JPMORGAN ULTRA-SHORT INCOME ETF ,NYSE,ETF,2017-05-19,,Active
JPSV,JPMORGAN ACTIVE SMALL CAP VALUE ETF ,NYSE,ETF,2023-03-08,,Active
JPT,Nuveen Preferred and Income Fund,NYSE,ETF,2017-01-27,,Active
JPUS,JPMORGAN DIVERSIFIED RETURN U.S. EQUITY ETF ,NYSE,ETF,2015-09-30,,Active
JPXN,ISHARES JPX-NIKKEI 400 ETF ,NYSE,ETF,2001-10-26,,Active
JPY,LAZARD JAPANESE EQUITY ETF ,NASDAQ,ETF,2025-04-07,,Active
JQC,Nuveen Credit Strategies Income Fund,NYSE,ETF,2003-06-26,,Active
JQC-R,Nuveen Credit Strategies Income Fund Rights expiring April 29 2025 Rights,NYSE,Stock,2025-04-02,,Active
JQC-R-W,Nuveen Credit Strategies Income Fund Rights expiring April 29 2025 Rights when issued,NYSE,Stock,2025-03-28,,Active
JQUA,JPMORGAN U.S. QUALITY FACTOR ETF ,NYSE,ETF,2017-11-09,,Active
JRI,Nuveen Real Asset Income and Growth Fund,NYSE,ETF,2012-04-27,,Active
JRI-R,Nuveen Real Asset Income and Growth Fund Rights expiring March 9 2026 Rights,NYSE,Stock,2026-02-10,,Active
JRI-R-W,Nuveen Real Asset Income and Growth Fund Rights expiring March 9 2026 Rights when issued,NYSE,Stock,2026-02-05,,Active
JRO,Nuveen Floating Rate Income Opportunity Fund,NYSE,ETF,2004-07-28,,Active
JRS,Nuveen Real Estate Income Fund.,NYSE,ETF,2001-11-19,,Active
JRSH,Jerash holdings (US) Inc,NASDAQ,Stock,2018-05-04,,Active
JRVR,James River Group Holdings Ltd,NASDAQ,Stock,2014-12-12,,Active
JSCP,JPMORGAN SHORT DURATION CORE PLUS ETF ,NYSE,ETF,2021-03-02,,Active
JSD,Nuveen Short Duration Credit Opportunities Fund,NYSE,ETF,2011-05-26,,Active
JSI,JANUS HENDERSON SECURITIZED INCOME ETF ,NYSE,ETF,2023-11-09,,Active
JSM,Navient Corp,NASDAQ,Stock,2003-12-30,,Active
JSMD,JANUS HENDERSON SMALL/MID CAP GROWTH ALPHA ETF ,NASDAQ,ETF,2016-02-25,,Active
JSML,JANUS HENDERSON SMALL CAP GROWTH ALPHA ETF ,NASDAQ,ETF,2016-02-25,,Active
JSPR,Jasper Therapeutics Inc,NASDAQ,Stock,2021-09-24,,Active
JSPRW,Jasper Therapeutics Inc - Warrants (24/09/2026),NASDAQ,Stock,2020-01-10,,Active
JSTC,ADASINA SOCIAL JUSTICE ALL CAP GLOBAL ETF ,NYSE,ETF,2020-12-10,,Active
JTAI,Jet.AI Inc,NASDAQ,Stock,2023-08-10,,Active
JTEK,JPMORGAN U.S. TECH LEADERS ETF ,NASDAQ,ETF,2023-10-05,,Active
JTNY,JPMorgan New York Tax Free Bond ETF,NYSE ARCA,ETF,2026-06-15,,Active
JTTT,Jatt III Acquisition Corp,NASDAQ,Stock,2026-08-26,,Active
JUCY,APTUS ENHANCED YIELD ETF ,BATS,ETF,2022-11-01,,Active
JUDB,Aptus July Deep Buffer,BATS,Stock,2026-05-06,,Active
JUDO,JANUS HENDERSON U.S. EQUITY ENHANCED INCOME ETF ,BATS,ETF,2026-03-25,,Active
JUGG,Jaws Juggernaut Acquisition Corp - Class A,NASDAQ,Stock,2021-08-11,,Active
JUGGU,Jaws Juggernaut Acquisition Corp - Units (1 Ord Share Class A & 1/4 War),NASDAQ,Stock,2021-06-18,,Active
JUGGW,Jaws Juggernaut Acquisition Corp - Warrants (17/06/2026),NASDAQ,Stock,2021-08-11,,Active
JULB,APTUS JULY BUFFER ETF ,BATS,ETF,2025-10-14,,Active
JULC,Corgi U.S. Equities 10% Structured Buffer ETF - July Series,BATS,ETF,2026-07-02,,Active
JULH,Innovator Premium Income 20 Barrier ETF - July,BATS,ETF,2023-07-03,,Active
JULI,AllianzIM International Equity Buffer15 Uncapped Jul ETF,BATS,ETF,2026-06-30,,Active
JULJ,Innovator Premium Income 30 Barrier ETF - July,BATS,ETF,2023-07-03,,Active
JULM,FT VEST U.S. EQUITY MAX BUFFER ETF - JULY ,BATS,ETF,2024-07-25,,Active
JULP,PGIM S&P 500 BUFFER 12 ETF - JULY ,BATS,ETF,2024-05-08,,Active
JULT,ALLIANZIM U.S. EQUITY BUFFER10 JUL ETF ,BATS,ETF,2020-07-01,,Active
JULU,ALLIANZIM U.S. EQUITY BUFFER15 UNCAPPED JUL ETF ,BATS,ETF,2024-07-01,,Active
JULV,VanEck U.S. Equity Buffer ETF - July,NYSE ARCA,ETF,2026-08-25,,Active
JULW,ALLIANZIM U.S. EQUITY BUFFER20 JUL ETF ,BATS,ETF,2020-07-01,,Active
JULZ,TRUESHARES STRUCTURED OUTCOME (JULY) ETF ,BATS,ETF,2020-07-01,,Active
JUNC,Corgi U.S. Equities 10 Structured Buffer ETF June Series,BATS,Stock,2026-06-02,,Active
JUNM,FT Vest U.S. Equity Max Buffer ETF - June,BATS,ETF,2024-06-24,,Active
JUNP,PGIM S&P 500 BUFFER 12 ETF - JUNE ,BATS,ETF,2024-06-03,,Active
JUNS,Jupiter Neurosciences Inc,NASDAQ,Stock,2024-12-03,,Active
JUNT,ALLIANZIM U.S. EQUITY BUFFER10 JUN ETF ,BATS,ETF,2023-06-01,,Active
JUNW,ALLIANZIM U.S. EQUITY BUFFER20 JUN ETF ,BATS,ETF,2023-06-01,,Active
JUNZ,TRUESHARES STRUCTURED OUTCOME (JUNE) ETF ,BATS,ETF,2021-06-01,,Active
JUSA,JPMORGAN U.S. RESEARCH ENHANCED LARGE CAP ETF ,NYSE,ETF,2021-07-08,,Active
JUST,GOLDMAN SACHS JUST U.S. LARGE CAP EQUITY ETF ,NYSE,ETF,2018-06-13,,Active
JVA,Coffee Holding Co Inc,NASDAQ,Stock,2005-05-03,,Active
JVAL,JPMORGAN U.S. VALUE FACTOR ETF ,NYSE,ETF,2017-11-09,,Active
JVSA,JVSPAC Acquisition Corp - Class A,NASDAQ,Stock,2024-03-11,,Active
JVSAR,JVSPAC Acquisition Corp,NASDAQ,Stock,2024-03-11,,Active
JVSAU,JVSPAC Acquisition Corp - Units (1 Ord Class A & 1 Rts),NASDAQ,Stock,2024-01-19,,Active
JW,Justworks Inc - Class A,NASDAQ,Stock,2024-09-26,,Active
JWEL,Jowell Global Ltd,NASDAQ,Stock,2021-03-17,,Active
JXG,JX Luxventure Group Inc,NASDAQ,Stock,2013-03-07,,Active
JXI,ISHARES GLOBAL UTILITIES ETF ,NYSE,ETF,2006-09-22,,Active
JXN,Jackson Financial Inc - Class A,NYSE,Stock,2021-09-01,,Active
JXN-P-A,Jackson Financial Inc,NYSE,Stock,2023-03-22,,Active
JXX,JANUS HENDERSON TRANSFORMATIONAL GROWTH ETF ,BATS,ETF,2025-02-05,,Active
JYD,Jayud Global Logistics Ltd - Class A,NASDAQ,Stock,2023-04-21,,Active
JYNT,Joint Corp,NASDAQ,Stock,2014-11-11,,Active
JZ,Jianzhi Education Technology Group Co Ltd,NASDAQ,Stock,2022-08-26,,Active
JZXN,Jiuzi Holdings Inc,NASDAQ,Stock,2021-05-18,,Active
K-W,Kellogg Company WhenIssued,NYSE,Stock,2023-09-27,,Active
KAI,Kadant Inc,NYSE,Stock,1992-11-03,,Active
KAIT,KraneShares Asia AI Technology ETF,NYSE ARCA,ETF,2026-08-19,,Active
KALA,Kala Bio Inc,NASDAQ,Stock,2017-07-20,,Active
KALU,Kaiser Aluminum Corp,NASDAQ,Stock,2006-07-07,,Active
KALV,KalVista Pharmaceuticals Inc,NASDAQ,Stock,2015-04-09,,Active
KAMO,KENSINGTON CREDIT OPPORTUNITIES ETF ,BATS,ETF,2025-12-17,,Active
KAPA,Kairos Pharma Ltd,AMEX,Stock,2024-09-16,,Active
KAPR,Innovator U.S. Small Cap Power Buffer ETF - April,BATS,ETF,2020-04-01,,Active
KARD,Kardigan Inc,NASDAQ,Stock,2026-06-18,,Active
KARO,Karooooo Ltd,NASDAQ,Stock,2021-04-01,,Active
KARS,KRANESHARES ELECTRIC VEHICLES AND FUTURE MOBILITY INDEX ETF ,NYSE,ETF,2018-01-19,,Active
KAT,SCHARF ETF ,NASDAQ,ETF,2025-08-25,,Active
KATT,T-REX 2X Long PURR Daily Target ETF,BATS,ETF,2026-09-09,,Active
KAUG,Innovator U.S. Small Cap Power Buffer ETF - August,BATS,ETF,2024-08-01,,Active
KAZR,Skyline Builders Group Holding Ltd - Class A,NASDAQ,Stock,2025-01-23,,Active
KB,KB Financial Group Inc,NYSE,Stock,2001-11-12,,Active
KBA,KRANESHARES BOSERA MSCI CHINA A 50 CONNECT INDEX ETF ,NYSE,ETF,2014-03-05,,Active
KBAB,KRANESHARES 2X LONG BABA DAILY ETF ,NASDAQ,ETF,2025-03-12,,Active
KBDC,Kayne Anderson BDC Inc,NYSE,Stock,2024-05-22,,Active
KBDU,KRANESHARES 2X LONG BIDU DAILY ETF ,NASDAQ,ETF,2025-11-20,,Active
KBE,STATE STREET(R) SPDR(R) S&P(R) BANK ETF ,NYSE,ETF,2005-11-15,,Active
KBFR,Innovator U.S. Small Cap Managed 10 Buffer,NYSE,Stock,2026-02-24,,Active
KBH,KB Home,NYSE,Stock,1987-11-05,,Active
KBON,Karbon Capital Partners Corp,NASDAQ,Stock,2026-01-27,,Active
KBONU,Karbon Capital Partners Corp - Units (1 Ord Cls A & 1/3 War),NASDAQ,Stock,2025-12-11,,Active
KBONW,Karbon Capital Partners Corp Warrant,NASDAQ,Stock,2026-01-27,,Active
KBR,KBR Inc,NYSE,Stock,2006-11-16,,Active
KBSX,FST Corp,NASDAQ,Stock,2025-01-16,,Active
KBUF,KRANESHARES 90% KWEB DEFINED OUTCOME JANUARY 2027 ETF ,NYSE,ETF,2024-02-08,,Active
KBWB,INVESCO KBW BANK ETF ,NASDAQ,ETF,2011-11-01,,Active
KBWD,INVESCO KBW HIGH DIVIDEND YIELD FINANCIAL ETF ,NASDAQ,ETF,2010-12-02,,Active
KBWP,INVESCO KBW PROPERTY & CASUALTY INSURANCE ETF ,NASDAQ,ETF,2010-12-22,,Active
KBWY,INVESCO KBW PREMIUM YIELD EQUITY REIT ETF ,NASDAQ,ETF,2010-12-02,,Active
KC,Kingsoft Cloud Holdings Ltd,NASDAQ,Stock,2020-05-08,,Active
KCA-U,Amprius Technologies Inc - Units (1Ord Class A &1Class 2 war),NYSE,Stock,2022-04-26,,Active
KCAC-U,Kensington Capital Acquisition Corp VI - Units (1 Ord Cls A & 1/4 War Cls 1 3/4 War Cls 2),NYSE,Stock,2026-03-04,,Active
KCAC-WS,Kensington Capital Acquisition Corp II - Warrants (23/02/2026),NYSE,Stock,2020-08-17,,Active
KCAI,KRANESHARES CHINA ALPHA INDEX ETF ,NYSE,ETF,2024-08-28,,Active
KCCA,KRANESHARES CALIFORNIA CARBON ALLOWANCE STRATEGY ETF ,NYSE,ETF,2021-10-05,,Active
KCE,STATE STREET(R) SPDR(R) S&P(R) CAPITAL MARKETS ETF ,NYSE,ETF,2005-11-15,,Active
KCGI-WS,Kensington Capital Acquisition Corp V Redeemable warrants each whole warrant exercisable for one Class A ordinary share at an exercise price of 11.50,NYSE,Stock,2021-10-04,,Active
KCHV,Kochav Defense Acquisition Corp - Class A,NASDAQ,Stock,2025-07-21,,Active
KCHVR,Kochav Defense Acquisition Corp,NASDAQ,Stock,2025-07-21,,Active
KCHVU,Kochav Defense Acquisition Corp - Units (1 Ord Cls A & 1 Rts),NASDAQ,Stock,2025-05-28,,Active
KCOP,Kurv Copper & Mining Enhanced Income,BATS,Stock,2026-02-13,,Active
KCSH,KRANESHARES SUSTAINABLE ULTRA SHORT DURATION INDEX ETF ,NYSE,ETF,2024-07-26,,Active
KD,Kyndryl Holdings Inc,NYSE,Stock,2021-10-22,,Active
KDEC,Innovator U.S. Small Cap Power Buffer ETF December,BATS,ETF,2024-12-02,,Active
KDEF,PLUS KOREA DEFENSE INDUSTRY INDEX ETF ,NYSE,ETF,2025-02-05,,Active
KDK,Kodiak AI Inc,NASDAQ,Stock,2025-09-25,,Active
KDKRW,Kodiak Robotics Inc - Warrants (25/09/2030),NASDAQ,Stock,2023-06-12,,Active
KDLYW,Kindly MD Inc. Warrants,NASDAQ,Stock,2026-05-28,,Active
KDNY,Chinook Therapeutics Inc,NASDAQ,Stock,2015-04-15,,Active
KDP,Keurig Dr Pepper Inc,NASDAQ,Stock,2008-04-28,,Active
KDRN,KINGSBARN TACTICAL BOND ETF ,NYSE,ETF,2021-12-21,,Active
KDVD,KEELEY DIVIDEND ETF ,NYSE,ETF,2025-12-08,,Active
KE,Kimball Electronics Inc,NASDAQ,Stock,2014-11-03,,Active
KEAT,KEATING ACTIVE ETF ,NASDAQ,ETF,2024-03-27,,Active
KEEL,Keel Infrastructure Corp,NASDAQ,Stock,2018-08-28,,Active
KEEX,DEFIANCE DAILY TARGET 2X LONG KEEL ETF ,BATS,Stock,2026-04-27,,Active
KELYA,Kelly Services Inc - Class A,NASDAQ,Stock,1990-03-26,,Active
KELYB,Kelly Services Inc - Class B,NASDAQ,Stock,1995-08-18,,Active
KEMQ,KRANESHARES PUBLIC-PRIVATE EMERGING MARKETS INTERNET AND TECHNOLOGY ETF ,NYSE,ETF,2017-10-12,,Active
KEMX,KRANESHARES MSCI EMERGING MARKETS EX CHINA INDEX ETF ,NYSE,ETF,2019-04-12,,Active
KEN,Kenon Holdings Ltd,NYSE,Stock,2015-01-14,,Active
KEO,Kurv Equity Option Income ETF,BATS,ETF,2026-08-05,,Active
KEP,Korea Electric Power,NYSE,Stock,1994-10-27,,Active
KEQU,Kewaunee Scientific Corporation,NASDAQ,Stock,1992-02-25,,Active
KEX,Kirby Corp,NYSE,Stock,1991-08-21,,Active
KEY,Keycorp,NYSE,Stock,1987-11-05,,Active
KEY-P-I,Keycorp,NYSE,Stock,2016-12-15,,Active
KEY-P-J,Keycorp,NYSE,Stock,2018-07-24,,Active
KEY-P-K,Keycorp,NYSE,Stock,2019-04-23,,Active
KEY-P-L,Keycorp,NYSE,Stock,2022-08-18,,Active
KEYG,Leverage Shares 2X Long KEYS Daily ETF,BATS,ETF,2026-06-16,,Active
KEYS,Keysight Technologies Inc,NYSE,Stock,2014-10-20,,Active
KEYX,Corgi KEYS 2x Daily,BATS,Stock,2026-06-24,,Active
KEYY,Keystone Acquisition Corp,NASDAQ,Stock,2026-06-22,,Active
KEYYU,Keystone Acquisition Corp - Units (1 Ord Cls A & 1/2 War),NASDAQ,Stock,2026-06-03,,Active
KEYYW,Keystone Acquisition Corp Warrants,NASDAQ,Stock,2026-06-22,,Active
KF,Korea Fund Inc,NYSE,ETF,1987-11-05,,Active
KFEB,Innovator U.S. Small Cap Power Buffer ETF February,BATS,ETF,2025-02-03,,Active
KFFB,Kentucky First Federal Bancorp,NASDAQ,Stock,2005-03-03,,Active
KFII,K&F Growth Acquisition Corp II,NASDAQ,Stock,2025-03-13,,Active
KFIIR,K&F Growth Acquisition Corp II Rights,NASDAQ,Stock,2025-03-13,,Active
KFIIU,K&F Growth Acquisition Corp II - Units (1 Ord Cls A & 1 Rts),NASDAQ,Stock,2025-02-05,,Active
KFRC,Kforce Inc,NYSE,Stock,1995-08-15,,Active
KFY,Korn Ferry,NYSE,Stock,1999-02-11,,Active
KFYP,KraneShares CICC China Leaders 100 Index ETF,NYSE ARCA,ETF,2013-07-23,,Active
KG,KING PHARMACEUTICALS INC,NASDAQ,Stock,2011-02-28,,Active
KGC,Kinross Gold Corp,NYSE,Stock,1994-10-19,,Active
KGEI,Kolibri Global Energy Inc,NASDAQ,Stock,2008-10-27,,Active
KGLD,Kurv Gold Enhanced Income ETF,BATS,ETF,2025-07-08,,Active
KGRN,KRANESHARES MSCI CHINA CLEAN TECHNOLOGY INDEX ETF ,NYSE,ETF,2017-10-13,,Active
KGS,Kodiak Gas Services Inc,NYSE,Stock,2023-06-29,,Active
KHC,Kraft Heinz Company,NASDAQ,Stock,2015-07-06,,Active
KHPI,KENSINGTON HEDGED PREMIUM INCOME ETF ,BATS,ETF,2024-09-05,,Active
KHYB,KRANESHARES ASIA PACIFIC HIGH INCOME USD BOND ETF ,NYSE,ETF,2018-06-28,,Active
KIDS,OrthoPediatrics Corp,NASDAQ,Stock,2017-10-12,,Active
KIDZ,Classover Holdings Inc,NASDAQ,Stock,2025-04-07,,Active
KIDZW,Classover Holdings Inc Warrants,NASDAQ,Stock,2025-04-07,,Active
KIE,STATE STREET(R) SPDR(R) S&P(R) INSURANCE ETF ,NYSE,ETF,2005-11-15,,Active
KIM,Kimco Realty Corporation,NYSE,Stock,1991-11-22,,Active
KIM-P-L,Kimco Realty Corporation,NYSE,Stock,2017-08-08,,Active
KIM-P-M,Kimco Realty Corporation,NYSE,Stock,2017-12-12,,Active
KIM-P-N,Kimco Realty Corporation,NYSE,Stock,2024-01-02,,Active
KINS,Kingstone Cos. Inc,NASDAQ,Stock,1999-10-26,,Active
KIO,KKR Income Opportunities Fund,NYSE,ETF,2013-07-26,,Active
KIO-R,KKR Income Opportunities Fund Rights expiring February 16 2023 Rights,NYSE,Stock,2023-01-24,,Active
KIO-R-W,KKR Income Opportunities Fund Rights expiring February 16 2023 Rights when issued,NYSE,Stock,2023-01-20,,Active
KIQQ,KRANESHARES INSPEREX NASDAQ DYNAMIC BUFFERED HIGH INCOME INDEX ETF ,NASDAQ,ETF,2026-01-07,,Active
KITT,Nauticus Robotics Inc,NASDAQ,Stock,2021-08-04,,Active
KITTW,Nauticus Robotics Inc - Warrants (30/07/2026),NASDAQ,Stock,2021-08-04,,Active
KJAN,Innovator U.S. Small Cap Power Buffer ETF - January,BATS,ETF,2020-01-02,,Active
KJD,KRANESHARES 2X LONG JD DAILY ETF ,NASDAQ,ETF,2025-10-15,,Active
KJUL,Innovator U.S. Small Cap Power Buffer ETF - July,BATS,ETF,2020-07-01,,Active
KJUN,Innovator U.S. Small Cap Power Buffer ETF - June,BATS,ETF,2024-06-03,,Active
KKR,KKR & Co. Inc,NYSE,Stock,2010-07-15,,Active
KKR-P-D,KKR & Co. Inc,NYSE,Stock,2025-03-05,,Active
KKRS,KKR Group Finance Co. IX LLC,NYSE,Stock,2021-04-21,,Active
KKRT,KKR & Co. Inc,NYSE,Stock,2025-05-30,,Active
KLAC,KLA Corp,NASDAQ,Stock,1990-03-26,,Active
KLAG,Leverage Shares 2x Long KLAC Daily ETF,NASDAQ,ETF,2025-12-18,,Active
KLAR,Klarna Group plc,NYSE,Stock,2025-09-10,,Active
KLC,KinderCare Learning Companies Inc,NYSE,Stock,2024-10-09,,Active
KLCD,KFA Large Cap Quality Dividend Index ETF,NYSE ARCA,ETF,2019-06-12,,Active
KLG,WK Kellogg Company,NYSE,Stock,2023-09-27,,Active
KLG-W,WK Kellogg Co WhenIssued,NYSE,Stock,2023-09-27,,Active
KLIC,Kulicke & Soffa Industries Inc,NASDAQ,Stock,1990-03-26,,Active
KLIP,KRANESHARES KWEB COVERED CALL STRATEGY ETF ,NYSE,ETF,2023-01-12,,Active
KLMN,,NYSE,Stock,2024-12-11,,Active
KLMT,Invesco MSCI Global Climate 500 ETF,NYSE,ETF,2024-06-26,,Active
KLRA,Kailera Therapeutics Inc,NASDAQ,Stock,2026-04-17,,Active
KLRS,Kalaris Therapeutics Inc,NASDAQ,Stock,2020-07-30,,Active
KLTO,Klotho Neurosciences Inc Com,NASDAQ,Stock,2024-09-17,,Active
KLTOW,Klotho Neurosciences Inc Wt Exp,NASDAQ,Stock,2024-09-17,,Active
KLTR,Kaltura Inc,NASDAQ,Stock,2021-07-21,,Active
KLXE,KLX Energy Services Holdings Inc,NASDAQ,Stock,2018-09-17,,Active
KLXER,KLX Energy Services Holdings Inc,NASDAQ,Stock,2026-08-25,,Active
KMAR,Innovator U.S. Small Cap Power Buffer ETF March,BATS,ETF,2025-03-03,,Active
KMAY,Innovator U.S. Small Cap Power Buffer ETF May,BATS,ETF,2025-05-01,,Active
KMB,Kimberly-Clark Corp,NASDAQ,Stock,1984-12-17,,Active
KMCA,PLUS Korea Manufacturing Core Alliance Index,NYSE,Stock,2026-05-07,,Active
KMDA,Kamada Ltd,NASDAQ,Stock,2013-05-31,,Active
KMED,KraneShares Emerging Markets Healthcare Index ETF,NYSE ARCA,ETF,2018-08-30,,Active
KMEM,Kurv Memory Select ETF,BATS,ETF,2026-07-01,,Active
KMF,Kayne Anderson NextGen Energy & Infrastructure Inc,NYSE,ETF,2010-11-24,,Active
KMI,Kinder Morgan Inc - Class P,NYSE,Stock,2011-02-11,,Active
KMID,VIRTUS KAR MID-CAP ETF ,NYSE,ETF,2024-10-16,,Active
KMLI,KRANESHARES 2X LONG MELI DAILY ETF ,NASDAQ,ETF,2025-06-12,,Active
KMLM,KRANESHARES MOUNT LUCAS MANAGED FUTURES INDEX STRATEGY ETF ,NYSE,ETF,2020-12-02,,Active
KMPB,Kemper Corporation,NYSE,Stock,2022-03-14,,Active
KMPR,Kemper Corporation,NYSE,Stock,1991-09-18,,Active
KMRK,KTech Solutions Company Ltd,NASDAQ,Stock,2025-07-16,,Active
KMT,Kennametal Inc,NYSE,Stock,1987-11-05,,Active
KMTS,Kestra Medical Technologies Ltd,NASDAQ,Stock,2025-03-06,,Active
KMX,Carmax Inc,NYSE,Stock,1997-02-04,,Active
KN,Knowles Corp,NYSE,Stock,2014-02-14,,Active
KNCT,INVESCO NEXT GEN CONNECTIVITY ETF ,NYSE,ETF,2005-06-23,,Active
KNDI,Kandi Technologies Group Inc,NASDAQ,Stock,2007-09-04,,Active
KNF,Knife River Corp,NYSE,Stock,2023-06-01,,Active
KNF-W,Knife Riv Holding Co. WhenIssued,NYSE,Stock,2023-05-25,,Active
KNG,FT VEST S&P 500 DIVIDEND ARISTOCRATS TARGET INCOME ETF ,BATS,ETF,2018-03-27,,Active
KNGZ,FIRST TRUST S&P 500 DIVERSIFIED DIVIDEND ARISTOCRATS ETF ,NASDAQ,ETF,2017-06-22,,Active
KNO,AXS KNOWLEDGE LEADERS ETF ,NYSE,ETF,2024-07-22,,Active
KNOP,KNOT Offshore Partners LP,NYSE,Stock,2013-04-10,,Active
KNOV,Innovator U.S. Small Cap Power Buffer ETF November,BATS,ETF,2024-11-01,,Active
KNOW,Fundamentals First ETF,BATS,ETF,2024-02-22,,Active
KNRG,Simplify Kayne Anderson Energy and Infrastructure Credit ETF,NYSE,ETF,2025-05-28,,Active
KNRX,Knorex Ltd - Class A,AMEX,Stock,2025-09-29,,Active
KNSA,Kiniksa Pharmaceuticals International plc. - Class A,NASDAQ,Stock,2018-05-24,,Active
KNSL,Kinsale Capital Group Inc,NYSE,Stock,2016-07-28,,Active
KNTK,Kinetik Holdings Inc - Class A,NYSE,Stock,2017-05-02,,Active
KNW,Know Labs Inc,NYSE MKT,Stock,2025-03-05,,Active
KNWND,Know Labs Inc,AMEX,Stock,2026-05-28,,Active
KNX,Knight-Swift Transportation Holdings Inc - Class A,NYSE,Stock,1994-10-25,,Active
KO,Coca-Cola Company,NYSE,Stock,1962-01-02,,Active
KOCT,Innovator U.S. Small Cap Power Buffer ETF - October,BATS,ETF,2019-10-01,,Active
KOD,Kodiak Sciences Inc,NASDAQ,Stock,2018-10-04,,Active
KODK,Eastman Kodak Company,NYSE,Stock,2013-09-23,,Active
KOF,Coca-Cola Femsa S.A.B. DE C.V.,NYSE,Stock,1993-09-14,,Active
KOID,KRANESHARES GLOBAL HUMANOID ROBOTICS AND PHYSICAL AI INDEX ETF ,NASDAQ,ETF,2025-06-05,,Active
KOKU,XTRACKERS MSCI KOKUSAI EQUITY ETF ,NYSE,ETF,2020-04-08,,Active
KOLD,ProShares UltraShort Bloomberg Natural Gas -2x Shares,NYSE,ETF,2011-10-06,,Active
KOMP,STATE STREET(R) SPDR(R) S&P KENSHO NEW ECONOMIES COMPOSITE ETF ,NYSE,ETF,2018-10-23,,Active
KONG,FORMIDABLE FORTRESS ETF ,BATS,ETF,2021-07-22,,Active
KOOL,NORTH SHORE EQUITY ROTATION ETF ,NYSE,ETF,2024-04-02,,Active
KOP,Koppers Holdings Inc,NYSE,Stock,2006-02-01,,Active
KOPN,Kopin Corp,NASDAQ,Stock,1992-04-15,,Active
KORP,AMERICAN CENTURY DIVERSIFIED CORPORATE BOND ETF ,NYSE,ETF,2018-01-16,,Active
KORU,DIREXION DAILY MSCI SOUTH KOREA BULL 3X SHARES ,NYSE,ETF,2013-04-10,,Active
KOS,Kosmos Energy Ltd,NYSE,Stock,2011-05-11,,Active
KOSS,Koss Corp,NASDAQ,Stock,1992-02-25,,Active
KOYN,CSLM Digital Asset Acquisition Corp III,NASDAQ,Stock,2025-09-19,,Active
KOYNU,CSLM Digital Asset Acquisition Corp III Ltd - Units (1 Ord Cls A & 1/2 War),NASDAQ,Stock,2025-08-27,,Active
KOYNW,CSLM Digital Asset Acquisition Corp III Warrants,NASDAQ,Stock,2025-09-19,,Active
KPDD,KRANESHARES 2X LONG PDD DAILY ETF ,NASDAQ,ETF,2025-03-12,,Active
KPET,KPET Ultra Paceline Corporation Class A,NYSE,Stock,2026-05-21,,Active
KPET-U,KPET Ultra Paceline Corp - Units (1 Ord Cls A & 1/6 War),NYSE,Stock,2026-03-31,,Active
KPET-WS,KPET Ultra Paceline Corporation Warrants each whole warrant exercisable for one Class A ordinary share at an exercise price of 11.50 per share,NYSE,Stock,2026-05-21,,Active
KPHO,KRANESHARES DRAGON CAPITAL GROWTH OF VIETNAM INDEX ETF ,NYSE,Stock,2025-12-04,,Active
KPLT,Katapult Holdings Inc,NASDAQ,Stock,2019-12-30,,Active
KPLTW,Katapult Holdings Inc - Warrants (09/06/2026),NASDAQ,Stock,2019-12-27,,Active
KPO,Kensington Premium Opportunities ETF,BATS,ETF,2026-08-28,,Active
KPOP,JAKOTA K-POP AND KOREAN ENTERTAINMENT ETF ,NYSE ARCA,ETF,2022-09-01,,Active
KPRO,KRANESHARES 100% KWEB DEFINED OUTCOME JANUARY 2027 ETF ,NYSE,ETF,2024-02-08,,Active
KPRX,Kiora Pharmaceuticals Inc,NASDAQ,Stock,2015-07-31,,Active
KPTI,Karyopharm Therapeutics Inc,NASDAQ,Stock,2013-11-06,,Active
KQQQ,Kurv Technology Titans Select ETF,NASDAQ,ETF,2024-07-23,,Active
KR,Kroger Company,NYSE,Stock,1977-01-03,,Active
KRAQ,,NASDAQ,Stock,2026-03-20,,Active
KRAQU,KRAKacquisition Corp - Units (1 Ord Cls A & 1/4 War),NASDAQ,Stock,2026-01-28,,Active
KRAQW,KRAKacquisition Corp Warrants,NASDAQ,Stock,2026-03-23,,Active
KRBN,KRANESHARES GLOBAL CARBON STRATEGY ETF ,NYSE,ETF,2020-07-30,,Active
KRC,Kilroy Realty Corp,NYSE,Stock,1997-01-30,,Active
KRE,STATE STREET(R) SPDR(R) S&P REGIONAL BANKING(SM) ETF ,NYSE,ETF,2006-06-22,,Active
KREF,KKR Real Estate Finance Trust Inc,NYSE,Stock,2017-05-05,,Active
KREF-P-A,KKR Real Estate Finance Trust Inc 6.50 Series A Cumulative Redeemable Preferred Stock,NYSE,Stock,2021-04-26,,Active
KRG,Kite Realty Group Trust,NYSE,Stock,2004-08-11,,Active
KRKR,36Kr Holdings Inc,NASDAQ,Stock,2019-11-08,,Active
KRMA,GLOBAL X CONSCIOUS COMPANIES ETF ,NASDAQ,ETF,2016-07-12,,Active
KRMD,KORU Medical Systems Inc,NASDAQ,Stock,1996-03-20,,Active
KRMN,Karman Holdings Inc,NYSE,Stock,2025-02-13,,Active
KRNT,Kornit Digital Ltd,NASDAQ,Stock,2015-04-02,,Active
KRNY,Kearny Financial Corp,NASDAQ,Stock,2005-02-24,,Active
KRO,Kronos Worldwide Inc,NYSE,Stock,2003-12-09,,Active
KRON,Kronos Bio Inc,NASDAQ,Stock,2020-10-09,,Active
KROP,GLOBAL X AGTECH & FOOD INNOVATION ETF ,NASDAQ,ETF,2021-07-14,,Active
KROS,Keros Therapeutics Inc,NASDAQ,Stock,2020-04-08,,Active
KRP,Kimbell Royalty Partners LP,NYSE,Stock,2017-02-03,,Active
KRRO,Korro Bio Inc,NASDAQ,Stock,2023-11-06,,Active
KRSA,Korsana Biosciences Inc,NASDAQ,Stock,2019-04-02,,Active
KRSP,Rice Acquisition Corporation 3 Class A,NYSE,Stock,2025-11-21,,Active
KRSP-U,Rice Acquisition Corp 3 - Units (1 Ord Cls A & 1/4 War),NYSE,Stock,2025-10-01,,Active
KRSP-WS,Rice Acquisition Corporation 3 Redeemable warrants each whole warrant exercisable for one Class A ordinary share at an exercise price of 11.50,NYSE,Stock,2025-11-24,,Active
KRT,Karat Packaging Inc,NASDAQ,Stock,2021-04-15,,Active
KRUS,Kura Sushi USA Inc - Class A,NASDAQ,Stock,2019-08-01,,Active
KRUZ,UNUSUAL WHALES SUBVERSIVE REPUBLICAN TRADING ETF ,BATS,ETF,2023-02-07,,Active
KRWX,Corgi South Korea 2x Daily,BATS,Stock,2026-06-03,,Active
KRYP,ProShares CoinDesk 20 Crypto,NYSE,Stock,2026-02-04,,Active
KRYS,Krystal Biotech Inc,NASDAQ,Stock,2017-09-20,,Active
KSA,ISHARES MSCI SAUDI ARABIA ETF ,NYSE,ETF,2015-09-17,,Active
KSCD,KFA Small Cap Quality Dividend Index ETF,NYSE ARCA,ETF,2019-06-12,,Active
KSCP,Knightscope Inc - Class A,NASDAQ,Stock,2022-01-27,,Active
KSEP,Innovator U.S. Small Cap Power Buffer ETF - September,BATS,ETF,2024-09-03,,Active
KSET,KraneShares Global Carbon Offset Strategy ETF,NYSE ARCA,ETF,2022-04-27,,Active
KSLV,Kurv Silver Enhanced Income ETF,BATS,ETF,2025-09-30,,Active
KSM,DWS Strategic Municipal Income Trust,NYSE,ETF,1989-06-30,,Active
KSMH,xETFs Korea AI Semiconductor,NASDAQ,ETF,2026-08-19,,Active
KSPI,Kaspi.kz JSC,NASDAQ,Stock,2024-01-19,,Active
KSPY,KRANESHARES HEDGEYE HEDGED EQUITY INDEX ETF ,NYSE,ETF,2024-07-16,,Active
KSS,Kohl`s Corp,NYSE,Stock,1992-05-19,,Active
KSTR,KRANESHARES CHINA TECHNOLOGY & SEMICONDUCTOR STAR 50 INDEX ETF ,NYSE,ETF,2021-01-27,,Active
KT,KT Corporation,NYSE,Stock,1999-05-26,,Active
KTB,Kontoor Brands Inc,NYSE,Stock,2019-05-09,,Active
KTCC,Key Tronic Corp,NASDAQ,Stock,1990-03-26,,Active
KTEC,KRANESHARES HANG SENG TECH INDEX ETF ,NYSE,ETF,2021-06-09,,Active
KTF,DWS Municipal Income Trust,NYSE,ETF,1989-06-30,,Active
KTH,Structures Products Cp 8 CorTS Issued by Peco Energy Cap Tr II Preferred Stock,NYSE,Stock,2001-02-12,,Active
KTN,Structured Products Corp 8205 CorTS 8205 Corporate Backed Trust Securities CorTS,NYSE,Stock,2003-12-04,,Active
KTOS,Kratos Defense & Security Solutions Inc,NASDAQ,Stock,1999-11-05,,Active
KTTA,Pasithea Therapeutics Corp,NASDAQ,Stock,2021-09-15,,Active
KTTAW,Pasithea Therapeutics Corp - Warrants (11/08/2026),NASDAQ,Stock,2021-09-15,,Active
KTUP,T-REX 2X LONG KTOS DAILY TARGET ETF ,BATS,ETF,2025-09-16,,Active
KTWO,K2 Capital Acquisition Corp - Class A,NASDAQ,Stock,2026-02-25,,Active
KTWOR,K2 Capital Acquisition Corporation Rights,NASDAQ,Stock,2026-02-25,,Active
KTWOU,K2 Capital Acquisition Corp - Units (1 Ord Cls A & 1 Rts),NASDAQ,Stock,2026-01-29,,Active
KULR,KULR Technology Group Inc,AMEX,Stock,2018-07-18,,Active
KURA,Kura Oncology Inc,NASDAQ,Stock,2015-11-05,,Active
KURE,KRANESHARES MSCI ALL CHINA HEALTH CARE INDEX ETF ,NYSE,ETF,2018-02-01,,Active
KUST,Kustom Entertainment Inc,NASDAQ,Stock,2026-01-07,,Active
KVHI,KVH Industries Inc,NASDAQ,Stock,1996-04-02,,Active
KVLE,KRANESHARES VALUE LINE(R) DYNAMIC DIVIDEND EQUITY INDEX ETF ,NYSE,ETF,2020-11-24,,Active
KVUE,Kenvue Inc,NYSE,Stock,2023-05-04,,Active
KVUE-W,Kenvue Inc When Issued,NYSE,Stock,2023-08-15,,Active
KVYO,Klaviyo Inc - Series A,NYSE,Stock,2023-09-20,,Active
KWE,KWESST Micro Systems Inc,NASDAQ,Stock,2020-12-15,,Active
KWEB,KRANESHARES CSI CHINA INTERNET ETF ,NYSE,ETF,2013-08-01,,Active
KWESW,KWESST Micro Systems Inc - Warrants (29/04/2023),NASDAQ,Stock,2022-12-07,,Active
KWH,GMO Power Infrastructure ETF,NYSE ARCA,ETF,2026-07-15,,Active
KWIN,KRANESHARES WAHED ALTERNATIVE INCOME INDEX ETF ,NYSE,ETF,2025-11-05,,Active
KWM,K Wave Media Ltd,NASDAQ,Stock,2025-05-14,,Active
KWMWW,K Wave Media Ltd Warrant,NASDAQ,Stock,2025-05-14,,Active
KWR,Quaker Houghton,NYSE,Stock,1990-03-26,,Active
KWT,ISHARES MSCI KUWAIT ETF ,BATS,ETF,2020-09-03,,Active
KWY,Kingsway Corp,NYSE,Stock,1998-05-06,,Active
KXI,ISHARES GLOBAL CONSUMER STAPLES ETF ,NYSE,ETF,2006-09-21,,Active
KXIN,Kaixin Holdings,NASDAQ,Stock,2017-11-06,,Active
KYC,Corgi Digital Banking & Fintech Infrastructure,BATS,Stock,2026-05-06,,Active
KYIV,Kyivstar Group Ltd,NASDAQ,Stock,2025-08-14,,Active
KYIVW,Kyivstar Group Ltd Warrant,NASDAQ,Stock,2025-08-15,,Active
KYLD,Kurv High Income ETF,BATS,ETF,2025-10-31,,Active
KYMR,Kymera Therapeutics Inc,NASDAQ,Stock,2020-08-21,,Active
KYN,Kayne Anderson Energy Infrastructure Fund Inc,NYSE,ETF,2004-09-28,,Active
KYNB,Kyntra Bio Inc,NASDAQ,Stock,2014-11-14,,Active
KYTX,Kyverna Therapeutics Inc,NASDAQ,Stock,2024-02-08,,Active
KZIA,Kazia Therapeutics Ltd,NASDAQ,Stock,2017-11-24,,Active
L,Loews Corp,NYSE,Stock,1987-07-10,,Active
LAAC-W,Lithium Americas Argentina Corp WhenIssued,NYSE,Stock,2023-10-02,,Active
LAB,Standard BioTools Inc,NASDAQ,Stock,2003-07-29,,Active
LABD,DIREXION DAILY S&P BIOTECH BEAR 3X SHARES DIREXION DAILY S&AMP;P BIOTECH BEAR 3X SHARES,NYSE,ETF,2015-05-28,,Active
LABT,Lakewood-Amedex Biotherapeutics Inc,NASDAQ,Stock,2026-04-23,,Active
LABU,DIREXION DAILY S&P BIOTECH BULL 3X SHARES DIREXION DAILY S&AMP;P BIOTECH BULL 3X SHARES,NYSE,ETF,2015-05-28,,Active
LABX,TRADR 2X LONG ALAB DAILY ETF ,BATS,ETF,2025-08-12,,Active
LAC,Lithium Americas Corp (NewCo),NYSE,Stock,2023-10-02,,Active
LAC-W,Lithium Americas Corp When Issued,NYSE,Stock,2023-10-02,,Active
LACG,Leverage Shares 2X Long LAC Daily ETF,NASDAQ,ETF,2025-12-11,,Active
LAD,Lithia Motors Inc - Class A,NYSE,Stock,1996-12-18,,Active
LADM,Pacer Swan SOS Laddered Moderate ETF,BATS,ETF,2026-06-30,,Active
LADR,Ladder Capital Corp - Class A,NYSE,Stock,2014-02-06,,Active
LAES,SEALSQ Corp,NASDAQ,Stock,2023-05-24,,Active
LAESV,SEALSQ Corp,NASDAQ,Stock,2023-05-22,,Active
LAFA,Lafayette Acquisition Corp,NASDAQ,Stock,2025-11-26,,Active
LAFAR,Lafayette Acquisition Corp,NASDAQ,Stock,2025-11-26,,Active
LAFAU,Lafayette Acquisition Corp - Units (1 Ord Shs & 1 Rts),NASDAQ,Stock,2025-10-24,,Active
LAKE,Lakeland Industries Inc,NASDAQ,Stock,1990-03-26,,Active
LALT,FIRST TRUST MULTI-STRATEGY ALTERNATIVE ETF ,NYSE,ETF,2023-02-01,,Active
LAMR,Lamar Advertising Co - Class A,NASDAQ,Stock,1996-08-02,,Active
LAND,Gladstone Land Corp,NASDAQ,Stock,2013-01-29,,Active
LANDO,Gladstone Land Corp,NASDAQ,Stock,2020-10-19,,Active
LANDP,Gladstone Land Corp,NASDAQ,Stock,2023-06-08,,Active
LANV,Lanvin Group Holdings Ltd - Class A,NYSE,Stock,2021-03-15,,Active
LANV-WS,Lanvin Group Holdings Ltd Redeemable Warrants each whole warrant exercisable for one Ordinary Share at an exercise price of 11.50,NYSE,Stock,2022-12-15,,Active
LAPR,Innovator Premium Income 15 Buffer ETF - April,BATS,ETF,2024-04-01,,Active
LAR,Lithium Argentina AG,NYSE,Stock,2023-10-04,,Active
LARK,Landmark Bancorp Inc,NASDAQ,Stock,1994-03-28,,Active
LASC,Corgi LASR 2x Daily,BATS,Stock,2026-06-24,,Active
LASE,Laser Photonics Corp,NASDAQ,Stock,2022-09-30,,Active
LASR,nLIGHT Inc,NASDAQ,Stock,2018-04-26,,Active
LATA,Galata Acquisition Corp II - Class A,NASDAQ,Stock,2025-11-10,,Active
LATAU,Galata Acquisition Corp II - Units (1 Ord Cls A & 1/3 War),NASDAQ,Stock,2025-09-19,,Active
LATAW,Galata Acquisition Corp II - Warrants (12/09/2030),NASDAQ,Stock,2025-11-10,,Active
LATR,Corgi Buy Now Pay Later,BATS,Stock,2026-05-06,,Active
LAUR,Laureate Education Inc,NASDAQ,Stock,2017-02-01,,Active
LAW,CS Disco Inc,NYSE,Stock,2021-07-21,,Active
LAWR,Robot Consulting Co. Ltd,NASDAQ,Stock,2025-07-17,,Active
LAYS,STKd 100 NVDA & 100 AMD ETF,NASDAQ,ETF,2025-03-06,,Active
LAZ,Lazard Ltd - Class A,NYSE,Stock,2005-05-05,,Active
LAZR,Tema Photonics & Optical ETF,NYSE ARCA,ETF,2026-06-30,,Active
LB,Landbridge Company LLC. - Class A,NYSE,Stock,2024-06-28,,Active
LBAY,LEATHERBACK LONG/SHORT ALTERNATIVE YIELD ETF ,NYSE,ETF,2020-11-17,,Active
LBBB,Lakeshore Acquisition II Corp,NASDAQ,Stock,2022-04-14,,Active
LBBBR,Lakeshore Acquisition II Corp,NASDAQ,Stock,2022-04-14,,Active
LBBBU,Lakeshore Acquisition II Corp - Units (1 Ord 1/2 War & 1 Right),NASDAQ,Stock,2022-03-09,,Active
LBBBW,Lakeshore Acquisition II Corp - Warrants (18/11/2026),NASDAQ,Stock,2022-04-14,,Active
LBDAV,Liberty Broadband Corporation,NASDAQ,Stock,2025-07-14,,Active
LBDKV,Liberty Broadband Corporation,NASDAQ,Stock,2025-07-11,,Active
LBGJ,Li Bang International Corp Inc,NASDAQ,Stock,2024-10-23,,Active
LBO,WHITEWOLF PUBLICLY LISTED PRIVATE EQUITY ETF ,BATS,ETF,2023-11-30,,Active
LBOX,GraniteShares Short Term Box ETF,BATS,ETF,2026-08-25,,Active
LBPH,Longboard Pharmaceuticals Inc,NASDAQ,Stock,2021-03-12,,Active
LBRT,Liberty Energy Inc - Class A,NYSE,Stock,2018-01-11,,Active
LBRX,LB Pharmaceuticals Inc,NASDAQ,Stock,2025-09-11,,Active
LBTYA,Liberty Global plc - Class A,NASDAQ,Stock,2004-06-03,,Active
LBTYB,Liberty Global plc - Class B,NASDAQ,Stock,2004-06-09,,Active
LBTYK,Liberty Global plc - Class C,NASDAQ,Stock,2005-09-08,,Active
LBYAV,Liberty Global Ltd,NASDAQ,Stock,2024-11-04,,Active
LBYKV,Liberty Global Ltd,NASDAQ,Stock,2024-11-04,,Active
LC,Happen Inc Com New,NASDAQ,Stock,2026-06-23,,Active
LCAA,L Catterton Asia Acquisition Corp - Class A,NASDAQ,Stock,2021-05-06,,Active
LCAAU,L Catterton Asia Acquisition Corp - Units (1 Ord Share Class A & 1/3 War),NASDAQ,Stock,2021-03-11,,Active
LCAAW,L Catterton Asia Acquisition Corp - Warrants (08/03/2026),NASDAQ,Stock,2021-05-11,,Active
LCAP,PRINCIPAL CAPITAL APPRECIATION SELECT ETF ,BATS,ETF,2025-03-26,,Active
LCCC,Lakeshore Acquisition III Corp,NASDAQ,Stock,2025-06-23,,Active
LCCCR,Lakeshore Acquisition III Corp,NASDAQ,Stock,2025-06-23,,Active
LCCCU,Lakeshore Acquisition III Corp - Units (1 Ord Shs & 1 Rts),NASDAQ,Stock,2025-04-30,,Active
LCDL,GRANITESHARES 2X LONG LCID DAILY ETF ,NASDAQ,ETF,2025-04-22,,Active
LCDS,JPMORGAN FUNDAMENTAL DATA SCIENCE LARGE CORE ETF ,NASDAQ,ETF,2024-08-08,,Active
LCF,TOUCHSTONE US LARGE CAP FOCUSED ETF ,BATS,ETF,2022-07-29,,Active
LCFY,Locafy Ltd,NASDAQ,Stock,2022-03-25,,Active
LCFYW,Locafy Ltd - Warrants (23/03/2027),NASDAQ,Stock,2022-03-25,,Active
LCID,Lucid Group Inc,NASDAQ,Stock,2020-09-18,,Active
LCII,LCI Industries,NYSE,Stock,1989-05-03,,Active
LCIZ,Tradr 2X Short LCID Daily ETF,BATS,ETF,2026-01-22,,Active
LCLG,Logan Capital Large Cap Growth ETF,NYSE ARCA,ETF,2022-08-08,,Active
LCLN,Lincoln International Inc - Class A,NYSE,Stock,2026-05-20,,Active
LCNB,LCNB Corp,NASDAQ,Stock,1999-10-26,,Active
LCO,LOGIQ Contrarian Opportunities ETF,NYSE,ETF,2026-01-08,,Active
LCOW,PACER S&P 500 QUALITY FCF ARISTOCRATS ETF ,BATS,ETF,2025-05-07,,Active
LCR,LEUTHOLD CORE ETF ,NYSE ARCA,ETF,2020-01-06,,Active
LCTD,BlackRock World ex U.S. Carbon Transition Readiness ETF,NYSE,ETF,2021-04-08,,Active
LCTO,Kurv U.S. Large Cap TaxOptimized ETF,BATS,ETF,2026-07-07,,Active
LCTU,BlackRock U.S. Carbon Transition Readiness ETF,NYSE,ETF,2021-04-08,,Active
LCTX,Lineage Cell Therapeutics Inc,AMEX,Stock,1992-03-06,,Active
LCUT,Lifetime Brands Inc,NASDAQ,Stock,1991-06-05,,Active
LCW-U,Learn CW Investment Corporation Units each consisting of one Class A ordinary share and onehalf of one redeemable warrant,NYSE,Stock,2021-10-08,,Active
LD,Barclays Bank PLC,NYSE ARCA,ETF,2008-06-25,,Active
LDDR,Stone Ridge 2035 Term Income ETF,BATS,ETF,2025-01-06,,Active
LDEM,ISHARES ESG MSCI EM LEADERS ETF ,NASDAQ,ETF,2020-02-12,,Active
LDER,Stone Ridge 2040 Term Income ETF,BATS,ETF,2025-01-06,,Active
LDI,LoanDepot Inc - Class A,NYSE,Stock,2021-02-11,,Active
LDOS,Leidos Holdings Inc,NYSE,Stock,2006-10-13,,Active
LDP,Cohen & Steers Ltd Duration Preferred and Income Fund Inc,NYSE,ETF,2012-07-30,,Active
LDRC,ISHARES IBONDS 1-5 YEAR CORPORATE LADDER ETF ,NYSE,ETF,2024-11-08,,Active
LDRH,ISHARES IBONDS 1-5 YEAR HIGH YIELD AND INCOME LADDER ETF ,NYSE,ETF,2013-10-08,,Active
LDRI,ISHARES IBONDS 1-5 YEAR TIPS LADDER ETF ,NYSE,ETF,2014-09-10,,Active
LDRR,Stone Ridge 2045 Term Income ETF,BATS,ETF,2025-01-06,,Active
LDRT,ISHARES IBONDS 1-5 YEAR TREASURY LADDER ETF ,NYSE,ETF,2024-11-08,,Active
LDRX,SGI ENHANCED MARKET LEADERS ETF ,NASDAQ,ETF,2025-05-05,,Active
LDSF,FIRST TRUST LOW DURATION STRATEGIC FOCUS ETF ,NASDAQ,ETF,2019-01-07,,Active
LDUR,PIMCO ENHANCED LOW DURATION ACTIVE EXCHANGE-TRADED FUND ,NYSE,ETF,2014-01-23,,Active
LE,Lands` End Inc,NASDAQ,Stock,2014-03-20,,Active
LEA,Lear Corp,NYSE,Stock,2009-11-09,,Active
LECO,Lincoln Electric Holdings Inc,NASDAQ,Stock,1995-06-13,,Active
LEDS,Semileds Corp,NASDAQ,Stock,2010-12-09,,Active
LEE,Lee Enterprises Inc,NASDAQ,Stock,1987-11-05,,Active
LEGH,Legacy Housing Corp,NASDAQ,Stock,2018-12-14,,Active
LEGN,Legend Biotech Corp,NASDAQ,Stock,2020-06-05,,Active
LEGO,Legato Merger Corp,AMEX,Stock,2021-03-04,,Active
LEGO-U,Legato Merger Corp IV - Units (1 Ord Shs & 1/3 War),AMEX,Stock,2026-01-23,,Active
LEGO-WS,Legato Merger Corp IV Redeemable Warrants each whole warrant exercisable to purchase one ordinary share at an exercise price of 11.50 per share,AMEX,Stock,2026-03-16,,Active
LEGR,FIRST TRUST INDXX INNOVATIVE TRANSACTION & PROCESS ETF ,NASDAQ,ETF,2018-01-25,,Active
LEMB,ISHARES J.P. MORGAN EM LOCAL CURRENCY BOND ETF ,NYSE,ETF,2011-10-20,,Active
LEN,Lennar Corp - Class A,NYSE,Stock,1987-11-05,,Active
LEN-B,Lennar Corp - Class B,NYSE,Stock,2003-04-23,,Active
LEND,SEI High Yield Bond & Alternative Credit ETF,NASDAQ,ETF,2026-05-18,,Active
LENS,SARMAYA THEMATIC ETF ,BATS,ETF,2025-01-29,,Active
LENZ,LENZ Therapeutics Inc,NASDAQ,Stock,2021-06-25,,Active
LEO,BNY Mellon Strategic Municipals Inc,NYSE,ETF,2001-01-02,,Active
LESL,Leslies Inc,NASDAQ,Stock,2020-10-29,,Active
LEU,Centrus Energy Corp - Class A,NYSE,Stock,1998-07-23,,Active
LEUX,Tradr 2X Long LEU Daily,BATS,Stock,2026-02-19,,Active
LEVI,Levi Strauss & Co. Cls A,NYSE,Stock,2019-03-21,,Active
LEXI,ALEXIS PRACTICAL TACTICAL ETF ,NASDAQ,ETF,2021-07-01,,Active
LEXX,Lexaria Bioscience Corp,NASDAQ,Stock,2016-05-12,,Active
LFAC,Leapfrog Acquisition Corp - Class A,NASDAQ,Stock,2026-01-26,,Active
LFACU,Leapfrog Acquisition Corp - Units (1 Ord Cls A & 1/2 War),NASDAQ,Stock,2025-12-05,,Active
LFACW,Leapfrog Acquisition Corp - Warrants (10/11/2030),NASDAQ,Stock,2026-01-26,,Active
LFAI,LifeX 2050 Longevity Income ETF,BATS,ETF,2024-09-16,,Active
LFAO,LifeX 2055 Longevity Income ETF,BATS,ETF,2024-09-16,,Active
LFAW,LifeX 2060 Longevity Income ETF,BATS,ETF,2024-09-16,,Active
LFBD,Stone Ridge 2064 Longevity Income ETF,BATS,ETF,2025-01-06,,Active
LFBE,Stone Ridge 2065 Longevity Income ETF,BATS,ETF,2025-01-06,,Active
LFCR,Lifecore Biomedical Inc,NASDAQ,Stock,1996-02-15,,Active
LFDR,Stone Ridge Durable Income ETF,BATS,ETF,2024-12-16,,Active
LFEQ,VANECK LONG/FLAT TREND ETF ,NYSE,ETF,2017-10-05,,Active
LFGY,YIELDMAX(R) CRYPTO INDUSTRY & TECH PORTFOLIO OPTION INCOME ETF ,NYSE,ETF,2025-01-14,,Active
LFMD,LifeMD Inc,NASDAQ,Stock,2001-01-02,,Active
LFMDP,LifeMD Inc,NASDAQ,Stock,2021-10-05,,Active
LFS,Leifras Co Ltd,NASDAQ,Stock,2025-10-09,,Active
LFSC,F/M EMERALD LIFE SCIENCES INNOVATION ETF ,NASDAQ,ETF,2024-10-31,,Active
LFST,LifeStance Health Group Inc,NASDAQ,Stock,2021-06-10,,Active
LFT,Lument Finance Trust Inc,NYSE,Stock,2013-03-22,,Active
LFT-P-A,Lument Finance Trust Inc,NYSE,Stock,2021-05-06,,Active
LFTO,Liftoff Mobile Inc,NASDAQ,Stock,2026-06-04,,Active
LFUS,Littelfuse Inc,NASDAQ,Stock,1992-09-23,,Active
LFVN,Lifevantage Corporation,NASDAQ,Stock,2004-10-05,,Active
LFWD,Lifeward Ltd,NASDAQ,Stock,2014-09-12,,Active
LGACU,Lazard Growth Acquisition Corp I - Units (1 Ord Class A & 1/5 War),NASDAQ,Stock,2021-02-10,,Active
LGCB,Linkage Global Inc,NASDAQ,Stock,2023-12-19,,Active
LGCF,THEMES US CASH FLOW CHAMPIONS ETF ,NASDAQ,ETF,2023-12-13,,Active
LGCL,Lucas GC Ltd,NASDAQ,Stock,2024-03-05,,Active
LGCY,Legacy Education Inc,AMEX,Stock,2024-09-26,,Active
LGDS,JPMorgan Fundamental Data Science Large Growth ETF,NASDAQ,ETF,2026-07-13,,Active
LGDX,INTECH S&P LARGE CAP DIVERSIFIED ALPHA ETF ,NYSE,ETF,2025-02-28,,Active
LGF-B,Lions Gate Entertainment Corp - Class B,NYSE,Stock,2016-12-09,,Active
LGH,HCM DEFENDER 500 INDEX ETF ,NYSE,ETF,2019-10-10,,Active
LGHL,Lion Group Holding Ltd,NASDAQ,Stock,2020-06-16,,Active
LGI,Lazard Global Total Return and Income Fund Inc,NYSE,ETF,2004-05-06,,Active
LGIH,LGI Homes Inc,NASDAQ,Stock,2013-11-07,,Active
LGL,LGL Group Inc,AMEX,Stock,1992-03-17,,Active
LGL-R,LGL Group Inc The Rights expiring June 23 2026 Rights,AMEX,Stock,2026-06-08,,Active
LGL-R-W,LGL Group Inc The Rights expiring June 23 2026 Rights when issued,AMEX,Stock,2026-06-04,,Active
LGLV,STATE STREET(R) SPDR(R) US LARGE CAP LOW VOLATILITY INDEX ETF ,NYSE,ETF,2013-02-21,,Active
LGN,Legence Corp - Class A,NASDAQ,Stock,2025-09-12,,Active
LGND,Ligand Pharmaceuticals Inc - Class B,NASDAQ,Stock,1992-11-18,,Active
LGO,Largo Inc,NASDAQ,Stock,2007-07-13,,Active
LGOV,FIRST TRUST LONG DURATION OPPORTUNITIES ETF ,NYSE,ETF,2019-01-23,,Active
LGPS,LogProstyle Inc,AMEX,Stock,2025-03-25,,Active
LGRO,LEVEL FOUR LARGE CAP GROWTH ACTIVE ETF ,NASDAQ,ETF,2023-08-23,,Active
LGV-WS,Longview Acquisition Corp II Redeemable Warrants each whole Warrant exercisable for one share of Class A Common Stock each at an exercise price of 11.50 per s,NYSE,Stock,2021-05-10,,Active
LGVN,Longeveron Inc - Class A,NASDAQ,Stock,2021-02-12,,Active
LGVNV,Longeveron Inc Subscription Right When Issued,NASDAQ,Stock,2023-08-17,,Active
LH,Laboratory Corp Of America Holdings,NYSE,Stock,1990-03-29,,Active
LH-W,Laboratory Corporation of America Holdings WhenIssued,NYSE,Stock,2023-06-21,,Active
LHAI,Linkhome Holdings Inc,NASDAQ,Stock,2025-07-24,,Active
LHC,Leo Holdings Corp II - Class A,NYSE,Stock,2018-04-16,,Active
LHC-U,Leo Holdings Corp II - Units (1 Ord Share Class A & 1/4 War),NYSE,Stock,2021-01-08,,Active
LHSW,Lianhe Sowell International Group Ltd,NASDAQ,Stock,2025-04-03,,Active
LHX,L3Harris Technologies Inc,NYSE,Stock,1981-12-31,,Active
LI,Li Auto Inc,NASDAQ,Stock,2020-07-30,,Active
LIAE,LifeX 2050 Inflation-Protected Longevity Income ETF,BATS,ETF,2024-09-16,,Active
LIAM,LifeX 2055 Inflation-Protected Longevity Income ETF,BATS,ETF,2024-09-16,,Active
LIAU,LifeX 2060 Inflation-Protected Longevity Income ETF,BATS,ETF,2024-09-16,,Active
LIAY,Stone Ridge 2064 InflationProtected Longevity Income ETF,BATS,ETF,2025-01-06,,Active
LIBD,Stone Ridge 2065 InflationProtected Longevity Income ETF,BATS,ETF,2025-01-06,,Active
LICN,Lichen China Ltd - Class A,NASDAQ,Stock,2023-02-06,,Active
LIDR,AEye Inc - Class A,NASDAQ,Stock,2021-01-11,,Active
LIEN,Chicago Atlantic BDC Inc,NASDAQ,Stock,2022-02-04,,Active
LIF,Life360 Inc,NASDAQ,Stock,2024-06-06,,Active
LIFE,Ethos Technologies Inc - Class A,NASDAQ,Stock,2026-01-29,,Active
LIFT,LifeX 2028 Income Bucket ETF,BATS,ETF,2025-09-24,,Active
LII,Lennox International Inc,NYSE,Stock,1999-07-29,,Active
LILA,Liberty Latin America Ltd - Class A,NASDAQ,Stock,2015-07-02,,Active
LILAK,Liberty Latin America Ltd - Class C,NASDAQ,Stock,2015-07-02,,Active
LILAP,Liberty Latin America Ltd,NASDAQ,Stock,2026-06-17,,Active
LILAV,Liberty Global plc,NASDAQ,Stock,2015-06-22,,Active
LILKV,Liberty Global plc,NASDAQ,Stock,2015-06-23,,Active
LILPV,Liberty Latin America Ltd 9.0 Fixed Rate Cumulative Perpetual Redeemable Series A Preference Shares,NASDAQ,Stock,2026-06-01,,Active
LIME,Neutron Holdings Inc,NASDAQ,Stock,2026-07-01,,Active
LIMI,THEMES LITHIUM & BATTERY METAL MINERS ETF ,BATS,ETF,2024-09-24,,Active
LIMN,Liminatus Pharma Inc,NASDAQ,Stock,2025-05-01,,Active
LIMNW,Liminatus Pharma Inc Warrants,NASDAQ,Stock,2025-05-01,,Active
LIN,Linde Plc.,NASDAQ,Stock,2018-10-01,,Active
LINC,Lincoln Educational Services Corp,NASDAQ,Stock,2005-06-23,,Active
LIND,Lindblad Expeditions Holdings Inc,NASDAQ,Stock,2015-07-09,,Active
LINE,Lineage Inc,NASDAQ,Stock,2024-07-25,,Active
LINK,Interlink Electronics,NASDAQ,Stock,2012-02-24,,Active
LINT,Direxion Daily INTC Bull 2X ETF,NASDAQ,ETF,2025-11-19,,Active
LION,Lionsgate Studios Corp - New,NYSE,Stock,2025-05-05,,Active
LIONU,Lionheart III Corp - Units (1 Ord Share Class A & 1/2 War),NASDAQ,Stock,2021-11-04,,Active
LIQT,LiqTech International Inc,NASDAQ,Stock,2011-08-31,,Active
LIT,Global X Lithium & Battery Tech ETF,NYSE,ETF,2010-07-23,,Active
LITB,LightInTheBox Holding Co Ltd,NYSE,Stock,2013-06-06,,Active
LITC,Corgi LITE 2x Daily ETF,BATS,ETF,2026-07-10,,Active
LITE,Lumentum Holdings Inc,NASDAQ,Stock,2015-08-04,,Active
LITG,Leverage Shares 2X Long LITE Daily ETF,BATS,ETF,2026-08-11,,Active
LITL,Simplify Piper Sandler US SmallCap PLUS Income ETF,NYSE,ETF,2025-04-29,,Active
LITP,Sprott Lithium Miners ETF,NASDAQ,ETF,2023-02-02,,Active
LITS,Lite Strategy Inc,NASDAQ,Stock,2003-12-18,,Active
LITT,Logistics Innovation Technologies Corp - Class A,NASDAQ,Stock,2021-08-12,,Active
LITTU,Logistics Innovation Technologies Corp - Units (1 Ord Share Class A & 1/3 War),NASDAQ,Stock,2021-06-11,,Active
LITTW,Logistics Innovation Technologies Corp - Warrants (10/06/2026),NASDAQ,Stock,2021-08-11,,Active
LITU,T-REX 2X LONG LITE DAILY TARGET ETF ,BATS,ETF,2026-05-21,,Active
LITX,Tradr 2X Long LITE Daily,BATS,ETF,2026-01-27,,Active
LITZ,Tradr 2X Short LITE Daily,BATS,Stock,2026-04-23,,Active
LIVE,Live Ventures Inc,NASDAQ,Stock,2001-01-02,,Active
LIVN,LivaNova PLC,NASDAQ,Stock,2015-10-19,,Active
LIXT,Nomad Power Solutions Inc,NASDAQ,Stock,2010-04-08,,Active
LJAN,Innovator Premium Income 15 Buffer ETF - January,BATS,ETF,2024-01-02,,Active
LJUL,Innovator Premium Income 15 Buffer ETF - July,BATS,ETF,2024-07-01,,Active
LKFN,Lakeland Financial Corp,NASDAQ,Stock,1997-08-14,,Active
LKFT,Lakefront Biotherapeutics NV,NASDAQ,Stock,2015-05-14,,Active
LKOR,FLEXSHARES CREDIT-SCORED US LONG CORPORATE BOND INDEX FUND ,BATS,ETF,2015-09-24,,Active
LKQ,LKQ Corp,NASDAQ,Stock,2003-10-03,,Active
LKSP,Lake Superior Acquisition Corp - Class A,NASDAQ,Stock,2025-11-06,,Active
LKSPR,Lake Superior Acquisition Corp,NASDAQ,Stock,2025-11-06,,Active
LKSPU,Lake Superior Acquisition Corp - Units (1 Ord Cls A & 1 Rts),NASDAQ,Stock,2025-10-07,,Active
LLDR,GLOBAL X LONG-TERM TREASURY LADDER ETF ,NYSE,ETF,2024-09-10,,Active
LLII,REX LLY GROWTH & INCOME ETF ,BATS,ETF,2025-11-04,,Active
LLY,Lilly(Eli) & Company,NYSE,Stock,1972-06-01,,Active
LLYVA,Liberty Live Holdings Inc (Liberty Live Group) Series A,NASDAQ,Stock,2025-12-16,,Active
LLYVK,Liberty Live Holdings Inc (Liberty Live Group) Series C,NASDAQ,Stock,2025-12-16,,Active
LLYX,DEFIANCE DAILY TARGET 2X LONG LLY ETF ,NYSE,ETF,2024-08-08,,Active
LLYZ,Defiance Daily Target 2X Short LLY ETF,NASDAQ,ETF,2025-09-03,,Active
LMACA,Liberty Media Acquisition Corp - Series A,NASDAQ,Stock,2021-03-16,,Active
LMACU,Liberty Media Acquisition Corp - Units (1 Ord Share Ser A & 1/5 War),NASDAQ,Stock,2021-01-22,,Active
LMACW,Liberty Media Acquisition Corp - Warrants (22/01/2026),NASDAQ,Stock,2021-03-15,,Active
LMAT,Lemaitre Vascular Inc,NASDAQ,Stock,2006-10-19,,Active
LMB,Limbach Holdings Inc,NASDAQ,Stock,2016-01-21,,Active
LMBS,FIRST TRUST LOW DURATION OPPORTUNITIES ETF ,NASDAQ,ETF,2014-11-05,,Active
LMND,Lemonade Inc,NYSE,Stock,2020-07-02,,Active
LMNL,Liminal Biosciences Inc,NASDAQ,Stock,2019-11-18,,Active
LMNR,Limoneira Company,NASDAQ,Stock,2001-11-08,,Active
LMNX,Luminex Corp,NASDAQ,Stock,2000-04-06,,Active
LMRI,Lumexa Imaging Holdings Inc,NASDAQ,Stock,2025-12-11,,Active
LMT,Lockheed Martin Corp,NYSE,Stock,1977-01-03,,Active
LMTL,Direxion Daily LMT Bull 2X ETF,NASDAQ,ETF,2025-08-06,,Active
LMTS,Direxion Daily LMT Bear 1X ETF,NASDAQ,ETF,2025-08-06,,Active
LMUB,ISHARES LONG-TERM NATIONAL MUNI BOND ETF ,NYSE,ETF,2025-03-18,,Active
LNAI,Lunai Bioworks Inc,NASDAQ,Stock,2015-02-02,,Active
LNC,Lincoln National Corp,NYSE,Stock,1984-10-05,,Active
LNC-P-D,Lincoln National Corporation Depositary Shares Series D,NYSE,Stock,2022-11-17,,Active
LND,Brasilagro Companhia Brasileira De Propriedade Agricola,NYSE,Stock,2012-05-15,,Active
LNG,Cheniere Energy Inc,NYSE,Stock,1994-04-04,,Active
LNGX,GLOBAL X U.S. NATURAL GAS ETF ,NYSE,ETF,2025-10-29,,Active
LNKS,Linkers Industries Ltd - Class A,NASDAQ,Stock,2024-12-05,,Active
LNN,Lindsay Corporation,NYSE,Stock,1990-03-26,,Active
LNOK,DEFIANCE DAILY TARGET 2X LONG NOK ETF ,BATS,ETF,2026-01-21,,Active
LNSR,LENSAR Inc,NASDAQ,Stock,2020-10-02,,Active
LNT,Alliant Energy Corp,NASDAQ,Stock,1988-01-05,,Active
LNTH,Lantheus Holdings Inc,NASDAQ,Stock,2015-06-25,,Active
LNZA,LanzaTech Global Inc - Class A,NASDAQ,Stock,2021-09-24,,Active
LNZAW,LanzaTech Global Inc - Warrants (06/02/2028),NASDAQ,Stock,2023-02-10,,Active
LOAN,Manhattan Bridge Capital Inc,NASDAQ,Stock,1999-05-13,,Active
LOAR,Loar Holdings Inc,NYSE,Stock,2024-04-25,,Active
LOB,Live Oak Bancshares Inc,NYSE,Stock,2015-07-23,,Active
LOB-P-A,Live Oak Bancshares Inc,NYSE,Stock,2025-08-06,,Active
LOBO,Lobo Ev Technologies Ltd,NASDAQ,Stock,2024-03-21,,Active
LOCL,Local Bounti Corp - Class A,NYSE,Stock,2021-04-19,,Active
LOCO,El Pollo Loco Holdings Inc,NASDAQ,Stock,2014-07-25,,Active
LOCT,Innovator Premium Income 15 Buffer ETF - October,BATS,ETF,2023-10-02,,Active
LODE,Comstock Inc,AMEX,Stock,2003-03-18,,Active
LODI,AAM SLC LOW DURATION INCOME ETF ,NYSE,ETF,2024-12-04,,Active
LOEV,Harding Loevner International Developed Markets Select Equity ETF,NYSE ARCA,ETF,2026-07-20,,Active
LOFD,Direxion Daily SpaceX Bear 2X ETF,NYSE ARCA,ETF,2026-08-06,,Active
LOFF,Direxion Daily SpaceX Bull 2X ETF,NYSE ARCA,ETF,2026-06-15,,Active
LOGI,Logitech International S.A.,NASDAQ,Stock,1997-03-31,,Active
LOGO,ALPHA BRANDS(TM) CONSUMPTION LEADERS ETF ,NASDAQ,ETF,2017-10-18,,Active
LOHA,Loha Co Ltd - Class A,BATS,Stock,2026-05-14,,Active
LOKV,Live Oak Acquisition Corp V - Class A,NASDAQ,Stock,2025-04-21,,Active
LOKVW,Live Oak Acquisition Corp V - Warrants (20/02/2030),NASDAQ,Stock,2025-04-21,,Active
LOMA,Loma Negra Compania Industrial Argentina Sociedad Anonima,NYSE,Stock,2017-11-01,,Active
LONA,Athira Pharma Inc,NASDAQ,Stock,2020-09-18,,Active
LONZ,PIMCO Senior Loan Active ExchangeTraded Fund,NYSE,ETF,2022-06-09,,Active
LOOP,Loop Industries Inc,NASDAQ,Stock,2017-11-20,,Active
LOPE,Grand Canyon Education Inc,NASDAQ,Stock,2008-11-20,,Active
LOPP,GABELLI LOVE OUR PLANET & PEOPLE ETF ,NYSE,ETF,2021-02-01,,Active
LOT,Lotus Technology Inc,NASDAQ,Stock,2024-02-22,,Active
LOTI,Liberty One Tactical Income ETF,NASDAQ,ETF,2025-09-30,,Active
LOTWW,Lotus Technology Inc - Warrants (23/02/2029),NASDAQ,Stock,2024-02-23,,Active
LOUP,Innovator Deepwater Frontier Tech ETF,NYSE,ETF,2018-07-25,,Active
LOVE,Lovesac Company,NASDAQ,Stock,2018-06-27,,Active
LOW,Lowe`s Cos. Inc,NYSE,Stock,1985-07-01,,Active
LOWV,AB US LOW VOLATILITY EQUITY ETF ,NYSE,ETF,2023-03-22,,Active
LPA,Logistic Properties of the Americas,AMEX,Stock,2024-03-28,,Active
LPAA,Launch One Acquisition Corp - Class A,NASDAQ,Stock,2024-09-03,,Active
LPAAU,Launch One Acquisition Corp - Units (1 Ord Class A & 1/2 War),NASDAQ,Stock,2024-07-12,,Active
LPAAW,Launch One Acquisition Corp - Warrants(13/06/2029),NASDAQ,Stock,2024-09-03,,Active
LPBB,Launch Two Acquisition Corp,NASDAQ,Stock,2024-11-29,,Active
LPBBU,Launch Two Acquisition Corp - Units (1 Ord Class A & 1/2 War),NASDAQ,Stock,2024-10-08,,Active
LPBBW,Launch Two Acquisition Corp Warrant,NASDAQ,Stock,2024-11-29,,Active
LPCN,Lipocine Inc,NASDAQ,Stock,2013-10-22,,Active
LPCV,Launchpad Cadenza Acquisition Corp I,NASDAQ,Stock,2026-02-09,,Active
LPCVU,Launchpad Cadenza Acquisition Corp I - Units (1 Ord Cls A & 1/3 War),NASDAQ,Stock,2025-12-18,,Active
LPCVW,Launchpad Cadenza Acquisition Corp I Warrant,NASDAQ,Stock,2026-02-09,,Active
LPG,Dorian LPG Ltd,NYSE,Stock,2014-05-08,,Active
LPL,LG Display Co Ltd,NYSE,Stock,2004-07-22,,Active
LPLA,LPL Financial Holdings Inc,NASDAQ,Stock,2010-11-18,,Active
LPRE,LONG POND REAL ESTATE SELECT ETF ,NYSE,ETF,2025-04-04,,Active
LPSN,Liveperson Inc,NASDAQ,Stock,2000-04-07,,Active
LPTH,Lightpath Technologies Inc - Class A,NASDAQ,Stock,1996-02-28,,Active
LPX,Louisiana-Pacific Corp,NYSE,Stock,1982-01-04,,Active
LQ,La Quinta Holdings Inc,NASDAQ,Stock,2014-04-09,,Active
LQAI,LG QRAFT AI-POWERED U.S. LARGE CAP CORE ETF ,NYSE,ETF,2023-11-07,,Active
LQD,ISHARES IBOXX $ INVESTMENT GRADE CORPORATE BOND ETF ,NYSE,ETF,2002-07-26,,Active
LQDA,Liquidia Corp,NASDAQ,Stock,2018-07-26,,Active
LQDB,ISHARES BBB RATED CORPORATE BOND ETF ,NYSE,ETF,2021-05-20,,Active
LQDD,Bank of Montreal,BATS,Stock,2026-08-11,,Active
LQDH,ISHARES INTEREST RATE HEDGED CORPORATE BOND ETF ,NYSE,ETF,2014-06-17,,Active
LQDI,ISHARES INFLATION HEDGED CORPORATE BOND ETF ,BATS,ETF,2018-05-10,,Active
LQDM,Amplify LQD Investment Grade 12 Target Income,BATS,Stock,2026-04-21,,Active
LQDT,Liquidity Services Inc,NASDAQ,Stock,2006-02-27,,Active
LQDU,Bank of Montreal,BATS,Stock,2026-08-11,,Active
LQDW,ISHARES INVESTMENT GRADE CORPORATE BOND BUYWRITE STRATEGY ETF ,BATS,ETF,2022-08-22,,Active
LQID,KURV ENHANCED SHORT MATURITY ETF ,BATS,ETF,2026-05-13,,Active
LQTI,FT VEST INVESTMENT GRADE & TARGET INCOME ETF ,NYSE,ETF,2025-02-13,,Active
LRCC,Corgi LRCX 2x Daily ETF,BATS,ETF,2026-07-07,,Active
LRCU,TRADR 2X LONG LRCX DAILY ETF ,BATS,ETF,2025-08-19,,Active
LRCX,Lam Research Corp,NASDAQ,Stock,1990-03-26,,Active
LRE,Lead Real Estate Co Ltd,NASDAQ,Stock,2023-09-27,,Active
LRFC,Logan Ridge Finance Corporation,NASDAQ,Stock,2013-09-25,,Active
LRGC,AB US LARGE CAP STRATEGIC EQUITIES ETF ,NYSE,ETF,2023-09-20,,Active
LRGE,CLEARBRIDGE LARGE CAP GROWTH SELECT ETF ,NASDAQ,ETF,2017-05-25,,Active
LRGF,ISHARES U.S. EQUITY FACTOR ETF ,NYSE,ETF,2015-04-30,,Active
LRGG,NOMURA FOCUSED LARGE GROWTH ETF ,NYSE,ETF,2024-05-15,,Active
LRHC,La Rosa Holdings Corp,NASDAQ,Stock,2023-10-09,,Active
LRMR,Larimar Therapeutics Inc,NASDAQ,Stock,2014-06-19,,Active
LRN,Stride Inc,NYSE,Stock,2007-12-13,,Active
LRND,NYLIM U.S. Large Cap R&D Leaders ETF,NASDAQ,ETF,2022-02-08,,Active
LRNX,Corgi LRN 2x Daily,BATS,Stock,2026-06-24,,Active
LRNZ,TrueShares Technology AI & Deep Learning ETF,BATS,ETF,2026-07-10,,Active
LSAF,LEADERSHARES(R) ALPHAFACTOR(R) US CORE EQUITY ETF ,NYSE,ETF,2018-10-02,,Active
LSAK,Lesaka Technologies Inc,NASDAQ,Stock,1999-04-19,,Active
LSAT,LEADERSHARES(R) ALPHAFACTOR(R) TACTICAL FOCUSED ETF ,NYSE,ETF,2020-10-27,,Active
LSBK,Lake Shore Bancorp Inc,NASDAQ,Stock,2025-07-21,,Active
LSCC,Lattice Semiconductor Corp,NASDAQ,Stock,1990-03-26,,Active
LSCP,LASERSCOPE,NASDAQ,Stock,2026-06-24,,Active
LSE,Leishen Energy Holding Co Ltd,NASDAQ,Stock,2024-12-19,,Active
LSEA,Landsea Homes Corporation - Class A,NASDAQ,Stock,2018-06-29,,Active
LSEAW,Landsea Homes Corporation Warrant,NASDAQ,Stock,2023-10-12,,Active
LSEQ,HARBOR LONG-SHORT EQUITY ETF ,NYSE,ETF,2023-12-04,,Active
LSF,Laird Superfood Inc,AMEX,Stock,2020-09-23,,Active
LSGR,NATIXIS LOOMIS SAYLES FOCUSED GROWTH ETF ,NYSE,ETF,2023-06-29,,Active
LSPD,Lightspeed Commerce Inc (Sub Voting),NYSE,Stock,2019-08-13,,Active
LSPRU,ZyVersa Therapeutics Inc - Units (1 Ord Share Class A & 3/4 War),NASDAQ,Stock,2021-12-21,,Active
LST,LEUTHOLD SELECT INDUSTRIES ETF ,NYSE,ETF,2025-01-21,,Active
LSTA,Lisata Therapeutics Inc,NASDAQ,Stock,1999-03-01,,Active
LSTB,Natixis Loomis Sayles Total Return Bond,NYSE ARCA,Stock,2026-06-24,,Active
LSTR,Landstar System Inc,NASDAQ,Stock,1993-03-05,,Active
LSVD,LSV DISCIPLINED VALUE ETF ,NYSE,ETF,2024-12-18,,Active
LTAX,NOMURA TAX-FREE USA ETF ,NYSE,ETF,2026-01-13,,Active
LTBR,Lightbridge Corp,NASDAQ,Stock,2000-11-13,,Active
LTC,LTC Properties Inc,NYSE,Stock,1992-08-25,,Active
LTCC,Canary Capital Group LLC,NASDAQ,Stock,2025-10-28,,Active
LTGO,Latigo Biotherapeutics Inc,NASDAQ,Stock,2026-08-07,,Active
LTGR,Long Table Growth Corp - Class A,NASDAQ,Stock,2026-07-27,,Active
LTGRU,Long Table Growth Corp - Units (1 Ord Cls A & 1/2 War),NASDAQ,Stock,2026-06-04,,Active
LTGRW,Long Table Growth Corp - Warrants (05/06/2033),NASDAQ,Stock,2026-07-27,,Active
LTH,Life Time Group Holdings Inc,NYSE,Stock,2021-10-07,,Active
LTL,PROSHARES ULTRA COMMUNICATION SERVICES ,NYSE,ETF,2008-05-22,,Active
LTM,LATAM Airlines Group SA,NYSE,Stock,1997-11-07,,Active
LTPZ,PIMCO 15+ YEAR U.S. TIPS INDEX EXCHANGE-TRADED FUND ,NYSE,ETF,2009-09-08,,Active
LTRN,Lantern Pharma Inc,NASDAQ,Stock,2020-06-11,,Active
LTRX,Lantronix Inc,NASDAQ,Stock,2000-08-04,,Active
LTRY,Sports Entertainment Gaming Global Corp,NASDAQ,Stock,2018-06-13,,Active
LTRYW,Lottery.com Inc - Warrants (29/10/2026),NASDAQ,Stock,2018-06-13,,Active
LTTI,FT VEST 20+ YEAR TREASURY & TARGET INCOME ETF ,NYSE,ETF,2025-02-13,,Active
LU,Lufax Holding Ltd,NYSE,Stock,2020-10-30,,Active
LUCD,Lucid Diagnostics Inc,NASDAQ,Stock,2021-10-14,,Active
LUCK,Lucky Strike Entertainment Corp - Class A,NYSE,Stock,2021-04-23,,Active
LUCY,Innovative Eyewear Inc,NASDAQ,Stock,2022-08-15,,Active
LUCYW,Innovative Eyewear Inc - Warrants(31/12/2023),NASDAQ,Stock,2022-08-15,,Active
LUD,Luda Technology Group Ltd,AMEX,Stock,2025-02-27,,Active
LULG,Leverage Shares 2X Long LULU Daily ETF,NASDAQ,ETF,2025-11-05,,Active
LULU,Lululemon Athletica Inc,NASDAQ,Stock,2007-07-27,,Active
LUMA,KraneShares Photonic and Optical ETF,NYSE ARCA,ETF,2026-07-15,,Active
LUMN,Lumen Technologies Inc,NYSE,Stock,1987-11-05,,Active
LUNG,Pulmonx Corp,NASDAQ,Stock,2020-10-01,,Active
LUNL,Defiance Daily Target 2X Long LUNR ETF,BATS,ETF,2026-01-13,,Active
LUNR,Intuitive Machines Inc - Class A,NASDAQ,Stock,2021-11-17,,Active
LUV,Southwest Airlines Company,NYSE,Stock,1980-01-02,,Active
LUXE,MYT Netherlands Parent BV,NYSE,Stock,2021-01-21,,Active
LVAC,Lava Medtech Acquisition Corp - Class A,NASDAQ,Stock,2021-12-22,,Active
LVACW,Lava Medtech Acquisition Corp - Warrants (21/10/2026),NASDAQ,Stock,2021-12-17,,Active
LVDS,JPMORGAN FUNDAMENTAL DATA SCIENCE LARGE VALUE ETF ,NASDAQ,ETF,2025-07-14,,Active
LVHD,FRANKLIN U.S. LOW VOLATILITY HIGH DIVIDEND INDEX ETF ,NASDAQ,ETF,2015-12-29,,Active
LVHI,FRANKLIN INTERNATIONAL LOW VOLATILITY HIGH DIVIDEND INDEX ETF ,BATS,ETF,2016-07-28,,Active
LVIG,Longview Advantage Fixed Income ETF,NASDAQ,ETF,2026-03-10,,Active
LVLN,STATE STREET(R) SPDR(R) S&P(R) LEVERAGED LOAN ETF ,NYSE,ETF,2025-11-18,,Active
LVLU,Lulus Fashion Lounge Holdings Inc,NASDAQ,Stock,2021-11-11,,Active
LVO,LiveOne Inc,NASDAQ,Stock,2017-08-18,,Active
LVS,Las Vegas Sands Corp,NYSE,Stock,2004-12-15,,Active
LVWR,LiveWire Group Inc,NYSE,Stock,2022-09-26,,Active
LVWR-WS,LiveWire Group Inc - Warrants (01/01/9999),NYSE,Stock,2022-09-27,,Active
LW,Lamb Weston Holdings Inc,NYSE,Stock,2016-11-10,,Active
LWAC,LightWave Acquisition Corp - Class A,NASDAQ,Stock,2025-08-15,,Active
LWACU,LightWave Acquisition Corp - Units (1 Ord Cls A & 1/2 War),NASDAQ,Stock,2025-06-25,,Active
LWACW,LightWave Acquisition Corp - Warrants (06/06/2030),NASDAQ,Stock,2025-08-15,,Active
LWAY,Lifeway Foods Inc,NASDAQ,Stock,1995-08-18,,Active
LWLG,Lightwave Logic Inc,NASDAQ,Stock,2007-07-13,,Active
LWLX,Tradr 2X Long LWLG Daily ETF,BATS,ETF,2026-08-18,,Active
LX,LexinFintech Holdings Ltd,NASDAQ,Stock,2017-12-21,,Active
LXEH,Lixiang Education Holding Co Ltd,NASDAQ,Stock,2020-10-01,,Active
LXEO,Lexeo Therapeutics Inc,NASDAQ,Stock,2023-11-03,,Active
LXFR,Luxfer Holdings PLC,NYSE,Stock,2012-10-03,,Active
LXP,LXP Industrial Trust,NYSE,Stock,1993-10-22,,Active
LXP-P-C,LXP Industrial Trust,NYSE,Stock,2014-09-22,,Active
LXRX,Lexicon Pharmaceuticals Inc,NASDAQ,Stock,2000-04-07,,Active
LXU,LSB Industries Inc,NYSE,Stock,1980-01-02,,Active
LYB,LyondellBasell Industries NV - Class A,NYSE,Stock,2010-04-28,,Active
LYEL,Lyell Immunopharma Inc,NASDAQ,Stock,2021-06-17,,Active
LYFE,2ndVote Life Neutral Plus ETF,BATS,ETF,2020-11-18,,Active
LYFT,Lyft Inc Cls A,NASDAQ,Stock,2019-03-29,,Active
LYFX,Tradr 2X Long LYFT Daily ETF,BATS,ETF,2025-10-08,,Active
LYG,Lloyds Banking Group plc,NYSE,Stock,2001-11-27,,Active
LYLD,CAMBRIA LARGECAP SHAREHOLDER YIELD ETF ,BATS,ETF,2024-07-12,,Active
LYNX,Lyntris Inc,NYSE,Stock,2026-08-19,,Active
LYTE,Roundhill Photonics & Optics ETF,BATS,ETF,2026-08-06,,Active
LYTS,LSI Industries Inc,NASDAQ,Stock,1990-03-26,,Active
LYV,Live Nation Entertainment Inc,NYSE,Stock,2005-12-21,,Active
LZ,LegalZoom.com Inc,NASDAQ,Stock,2021-06-30,,Active
LZB,La-Z-Boy Inc,NYSE,Stock,1988-01-05,,Active
LZM,Lifezone Metals Ltd,NYSE,Stock,2023-07-05,,Active
LZM-WS,Lifezone Metals Ltd - Warrants (05/07/2028),NYSE,Stock,2023-07-06,,Active
LZMH,LZ Technology Holdings Ltd - Class B,NASDAQ,Stock,2025-02-27,,Active
M,Macy`s Inc,NYSE,Stock,1992-02-05,,Active
MA,Mastercard Incorporated - Class A,NYSE,Stock,2006-05-25,,Active
MAA,Mid-America Apartment Communities Inc,NYSE,Stock,1994-01-28,,Active
MAA-P-I,Mid-America Apartment Communities Inc,NYSE,Stock,2016-12-05,,Active
MAAS,Maase Inc,NASDAQ,Stock,2019-03-29,,Active
MAAY,GRANITESHARES YIELDBOOST MARA ETF ,NASDAQ,ETF,2025-11-04,,Active
MAC,Macerich Company,NYSE,Stock,1994-03-10,,Active
MACI,Melar Acquisition Corp I - Class A,NASDAQ,Stock,2024-07-17,,Active
MACIU,Melar Acquisition Corp I - Units (1 Ord Class A & 1 War),NASDAQ,Stock,2024-06-18,,Active
MACIW,Melar Acquisition Corp I - Warrants (01/06/2031),NASDAQ,Stock,2024-07-17,,Active
MACK,Merrimack Pharmaceuticals Inc,NASDAQ,Stock,2012-03-29,,Active
MADE,ISHARES U.S. MANUFACTURING ETF ,NYSE,ETF,2024-07-18,,Active
MAGA,Truth Social America First ETF,NYSE ARCA,ETF,2026-07-27,,Active
MAGC,ROUNDHILL CHINA MAGNIFICENT SEVEN ETF ,BATS,ETF,2024-10-03,,Active
MAGG,MADISON AGGREGATE BOND ETF ,NYSE,ETF,2023-08-29,,Active
MAGH,Magnitude International Ltd,NASDAQ,Stock,2025-08-12,,Active
MAGN,Magnera Corp,NYSE,Stock,1984-05-16,,Active
MAGO,Tuttle Capital Magnificent 7 Income Blast ETF,BATS,ETF,2025-12-30,,Active
MAGQ,ROUNDHILL DAILY 2X INVERSE MAGNIFICENT SEVEN ETF ,NASDAQ,ETF,2026-02-06,,Active
MAGS,ROUNDHILL MAGNIFICENT SEVEN ETF ,BATS,ETF,2023-04-11,,Active
MAGX,ROUNDHILL DAILY 2X LONG MAGNIFICENT SEVEN ETF ,BATS,ETF,2024-02-29,,Active
MAGY,ROUNDHILL MAGNIFICENT SEVEN COVERED CALL ETF ,BATS,ETF,2025-04-23,,Active
MAIA,MAIA Biotechnology Inc,AMEX,Stock,2022-07-28,,Active
MAIN,Main Street Capital Corporation,NYSE,Stock,2007-10-09,,Active
MAIR,Madison Air Solutions Corp - Class A,NYSE,Stock,2026-04-16,,Active
MAKO,MAKO Surgical Corp,NASDAQ,Stock,2026-03-30,,Active
MAKX,PROSHARES S&P KENSHO SMART FACTORIES ETF ,NYSE,ETF,2021-09-30,,Active
MAMA,Mama`s Creations Inc,NASDAQ,Stock,2014-07-17,,Active
MAMB,MONARCH AMBASSADOR INCOME INDEX ETF ,BATS,ETF,2021-03-24,,Active
MAMK,MaxsMaking Inc - Class A,NASDAQ,Stock,2025-07-07,,Active
MAMO,Massimo Group,NASDAQ,Stock,2024-04-02,,Active
MAN,ManpowerGroup,NYSE,Stock,1988-10-05,,Active
MANE,Veradermics Inc,NYSE,Stock,2026-02-04,,Active
MANH,Manhattan Associates Inc,NASDAQ,Stock,1998-04-23,,Active
MANI,Man Active Income ETF,NYSE,ETF,2025-09-18,,Active
MANU,Manchester United Plc. - Class A,NYSE,Stock,2012-08-10,,Active
MAR,Marriott International Inc - Class A,NASDAQ,Stock,1993-10-13,,Active
MARA,MARA Holdings Inc,NASDAQ,Stock,2012-05-04,,Active
MARB,FIRST TRUST MERGER ARBITRAGE ETF ,NYSE,ETF,2020-02-05,,Active
MARM,FT VEST U.S. EQUITY MAX BUFFER ETF - MARCH ,BATS,ETF,2024-03-27,,Active
MARO,YIELDMAX(R) MARA OPTION INCOME STRATEGY ETF ,NYSE,ETF,2024-12-10,,Active
MARPS,Marine Petroleum Trust,NASDAQ,Stock,1995-08-18,,Active
MARS,Roundhill Space & Technology,BATS,ETF,2026-03-05,,Active
MART,ALLIANZIM U.S. EQUITY BUFFER10 MAR ETF ,BATS,ETF,2023-03-01,,Active
MARU,T-REX 2X LONG MARA DAILY TARGET ETF ,BATS,ETF,2025-03-03,,Active
MARW,ALLIANZIM U.S. EQUITY BUFFER20 MAR ETF ,BATS,ETF,2023-03-01,,Active
MARZ,TRUESHARES STRUCTURED OUTCOME (MARCH) ETF ,BATS,ETF,2021-03-01,,Active
MAS,Masco Corp,NYSE,Stock,1983-06-10,,Active
MASI,Masimo Corp,NASDAQ,Stock,2007-08-08,,Active
MASK,3 E Network Technology Group Ltd - Class A,NASDAQ,Stock,2025-01-08,,Active
MASS,908 Devices Inc,NASDAQ,Stock,2020-12-18,,Active
MAT,Mattel Inc,NASDAQ,Stock,1982-01-04,,Active
MATE,Man ETF Series Trust - Man Active Trend Enhanced ETF,NASDAQ,ETF,2025-12-17,,Active
MATH,Metalpha Technology Holding Ltd,NASDAQ,Stock,2017-10-20,,Active
MATR,Harbor Multi-Asset Explorer ETF,NYSE ARCA,ETF,2023-09-14,,Active
MATV,Mativ Holdings Inc,NYSE,Stock,1995-11-09,,Active
MATW,Matthews International Corp - Class A,NASDAQ,Stock,1994-08-10,,Active
MATX,Matson Inc,NYSE,Stock,1973-05-03,,Active
MAUG,PACER SWAN SOS MODERATE (AUGUST) ETF ,BATS,ETF,2026-05-01,,Active
MAVF,MATRIX ADVISORS VALUE ETF ,NYSE,ETF,2025-02-24,,Active
MAX,MediaAlpha Inc - Class A,NYSE,Stock,2020-10-28,,Active
MAXI,SIMPLIFY BITCOIN STRATEGY PLUS INCOME ETF ,NASDAQ,ETF,2022-09-30,,Active
MAXJ,ISHARES LARGE CAP MAX BUFFER JUN ETF ,BATS,ETF,2024-07-01,,Active
MAYA,Inflection Point Acquisition Corp. V Cl A Ord,NASDAQ,Stock,2026-05-28,,Active
MAYAR,Inflection Point Acquisition Corp. V Rt,NASDAQ,Stock,2026-05-28,,Active
MAYC,Corgi U.S. Equities 10 Structured Buffer ETF May Series,BATS,Stock,2026-05-01,,Active
MAYM,FT VEST U.S. EQUITY MAX BUFFER ETF - MAY ,BATS,ETF,2025-05-19,,Active
MAYP,PGIM S&P 500 BUFFER 12 ETF - MAY ,BATS,ETF,2024-05-01,,Active
MAYS,J.W. Mays Inc,NASDAQ,Stock,1992-02-26,,Active
MAYT,ALLIANZIM U.S. EQUITY BUFFER10 MAY ETF ,BATS,ETF,2023-05-01,,Active
MAYU,ALLIANZIM U.S. EQUITY BUFFER15 UNCAPPED MAY ETF ,BATS,ETF,2024-05-01,,Active
MAYW,ALLIANZIM U.S. EQUITY BUFFER20 MAY ETF ,BATS,ETF,2023-05-01,,Active
MAYZ,TRUESHARES STRUCTURED OUTCOME (MAY) ETF ,BATS,ETF,2021-05-03,,Active
MAZE,Maze Therapeutics Inc,NASDAQ,Stock,2025-01-31,,Active
MB,Masterbeef Group,NASDAQ,Stock,2025-04-10,,Active
MBAI,CheckCap Ltd,NASDAQ,Stock,2025-11-28,,Active
MBB,ISHARES MBS ETF ,NASDAQ,ETF,2007-03-16,,Active
MBBA,iShares MortgageBacked Securities Active ETF,BATS,ETF,2026-01-26,,Active
MBBB,VANECK MOODY'S ANALYTICS BBB CORPORATE BOND ETF ,BATS,ETF,2020-12-02,,Active
MBBC,Marathon Bancorp Inc,NASDAQ,Stock,2021-04-19,,Active
MBC,MasterBrand Inc,NYSE,Stock,2022-12-09,,Active
MBC-W,MasterBrand Inc WhenIssued,NYSE,Stock,2022-12-09,,Active
MBCC,MONARCH BLUE CHIPS CORE INDEX ETF ,BATS,ETF,2026-06-03,,Active
MBCE,MONARCH BLUE CHIPS ELITE INDEX ETF ,BATS,ETF,2021-03-24,,Active
MBGL,Mobility Global Inc,NYSE,Stock,2026-07-01,,Active
MBGL-W,Mobility Global Inc WhenIssued,NYSE,Stock,2026-06-26,,Active
MBI,MBIA Inc,NYSE,Stock,1987-07-02,,Active
MBIEL,,NASDAQ,Stock,2024-11-22,,Active
MBIN,Merchants Bancorp,NASDAQ,Stock,2017-10-27,,Active
MBINL,Merchants Bancorp,NASDAQ,Stock,2024-11-25,,Active
MBINM,Merchants Bancorp,NASDAQ,Stock,2022-09-23,,Active
MBINN,Merchants Bancorp Depositary Shares 6.00 Fixed Rate Series C NonCumulative Perpetual Preferred Stock,NASDAQ,Stock,2021-03-17,,Active
MBIO,Mustang Bio Inc,NASDAQ,Stock,2017-08-22,,Active
MBLY,Mobileye Global Inc - Class A,NASDAQ,Stock,2022-10-26,,Active
MBND,STATE STREET(R) NUVEEN MUNICIPAL BOND ETF ,BATS,ETF,2021-02-04,,Active
MBNKO,Medallion Bank,NASDAQ,Stock,2025-05-21,,Active
MBNKP,Medallion Bank,NASDAQ,Stock,2019-12-17,,Active
MBOT,Microbot Medical Inc,NASDAQ,Stock,1992-03-25,,Active
MBOX,FREEDOM DAY DIVIDEND ETF ,NYSE,ETF,2021-05-05,,Active
MBRX,Moleculin Biotech Inc,NASDAQ,Stock,2016-06-02,,Active
MBS,ANGEL OAK MORTGAGE-BACKED SECURITIES ETF ,NASDAQ,ETF,2024-02-20,,Active
MBSD,FLEXSHARES DISCIPLINED DURATION MBS INDEX FUND ,NYSE,ETF,2014-09-04,,Active
MBSF,REGAN FLOATING RATE MBS ETF ,NYSE,ETF,2024-02-28,,Active
MBSX,REGAN FIXED RATE MBS ETF ,NYSE,ETF,2025-05-01,,Active
MBUU,Malibu Boats Inc - Class A,NASDAQ,Stock,2014-01-31,,Active
MBVI,M3 Brigade Acquisition VI Corp - Class A,NASDAQ,Stock,2025-10-17,,Active
MBVIU,M3 Brigade Acquisition VI Corp - Units (1 Ord Cls A & 1/3 War),NASDAQ,Stock,2025-08-27,,Active
MBVIW,M3 Brigade Acquisition VI Corp - Warrants (18/08/2030),NASDAQ,Stock,2025-10-17,,Active
MBWM,Mercantile Bank Corp,NASDAQ,Stock,1999-07-20,,Active
MBX,MBX Biosciences Inc,NASDAQ,Stock,2024-09-13,,Active
MC,Moelis & Co - Class A,NYSE,Stock,2014-04-16,,Active
MCACR,ConnectM Technology Solutions Inc,NASDAQ,Stock,2022-07-01,,Active
MCACU,ConnectM Technology Solutions Inc - Units (1 Ord Class A 1 War & 1 Right),NASDAQ,Stock,2022-05-11,,Active
MCACW,ConnectM Technology Solutions Inc - Warrants (10/05/2027),NASDAQ,Stock,2022-07-05,,Active
MCAH,Mountain Crest Acquisition 6 Corp,NASDAQ,Stock,2026-06-22,,Active
MCAHR,Mountain Crest Acquisition 6 Corp Rights,NASDAQ,Stock,2026-06-22,,Active
MCAHU,Mountain Crest Acquisition 6 Corp - Units (1 Ord Shs & 1 Rts),NASDAQ,Stock,2026-04-30,,Active
MCB,Metropolitan Bank Holding Corp,NYSE,Stock,2017-11-08,,Active
MCBS,MetroCity Bankshares Inc,NASDAQ,Stock,2017-01-19,,Active
MCD,McDonald`s Corp,NYSE,Stock,1970-01-02,,Active
MCDS,JPMORGAN FUNDAMENTAL DATA SCIENCE MID CORE ETF ,NASDAQ,ETF,2024-08-08,,Active
MCFT,MasterCraft Boat Holdings Inc,NASDAQ,Stock,2015-07-17,,Active
MCGA,Yorkville Acquisition Corp - Class A,NASDAQ,Stock,2025-07-25,,Active
MCGAU,Yorkville Acquisition Corp - Units (1 Ord Cls A & 1/3 War),NASDAQ,Stock,2025-06-26,,Active
MCGAW,Yorkville Acquisition Corp - Warrants (06/06/2030),NASDAQ,Stock,2025-07-25,,Active
MCH,MATTHEWS CHINA ACTIVE ETF ,NYSE,ETF,2022-07-14,,Active
MCHB,Mechanics Bank,NASDAQ,Stock,2012-07-25,,Active
MCHG,Leverage Shares 2X Long MCHP Daily ETF,BATS,ETF,2026-06-16,,Active
MCHI,ISHARES MSCI CHINA ETF ,NASDAQ,ETF,2011-03-31,,Active
MCHP,Microchip Technology Inc,NASDAQ,Stock,1993-03-19,,Active
MCHPP,Microchip Technology Inc,NASDAQ,Stock,2025-03-26,,Active
MCHS,MATTHEWS CHINA DISCOVERY ACTIVE ETF ,NASDAQ,ETF,2024-01-11,,Active
MCHU,Tradr 2X Long MCHP Daily,BATS,ETF,2026-05-28,,Active
MCHX,Marchex Inc - Class B,NASDAQ,Stock,2004-03-31,,Active
MCI,Barings Corporate Investors,NYSE,ETF,1985-07-01,,Active
MCK,Mckesson Corporation,NYSE,Stock,1994-11-15,,Active
MCN,Madison Covered Call & Equity Strategy Fund,NYSE,ETF,2004-08-02,,Active
MCO,Moody`s Corp,NYSE,Stock,1994-10-31,,Active
MCOW,PACER S&P MIDCAP 400 QUALITY FCF ARISTOCRATS ETF ,BATS,ETF,2025-08-28,,Active
MCR,MFS Charter Income Trust,NYSE,ETF,1990-01-11,,Active
MCRB,Seres Therapeutics Inc,NASDAQ,Stock,2015-06-26,,Active
MCRI,Monarch Casino & Resort Inc,NASDAQ,Stock,1993-08-10,,Active
MCRP,Micropolis Holding Company,AMEX,Stock,2025-03-07,,Active
MCS,Marcus Corp,NYSE,Stock,1990-03-29,,Active
MCSE,FRANKLIN SUSTAINABLE INTERNATIONAL EQUITY ETF ,NASDAQ,ETF,2022-10-31,,Active
MCTA,Charming Medical Ltd - Class A,NASDAQ,Stock,2025-10-21,,Active
MCVT,Mill City Ventures III Ltd,NYSE,Stock,2022-08-10,,Active
MCY,Mercury General Corp,NYSE,Stock,1990-03-26,,Active
MD,Pediatrix Medical Group Inc,NYSE,Stock,1995-09-20,,Active
MDA,MacDonald Dettwiler and Associates Ltd,NYSE,Stock,2017-10-05,,Active
MDAA,MYRIAD DYNAMIC ASSET ALLOCATION ETF ,NYSE,ETF,2025-10-03,,Active
MDAI,Spectral AI Inc - Class A,NASDAQ,Stock,2021-04-06,,Active
MDAIW,Spectral AI Inc - Warrants (11/09/2028),NASDAQ,Stock,2021-04-05,,Active
MDB,MongoDB Inc - Class A,NASDAQ,Stock,2017-10-19,,Active
MDBH,MDB Capital Holdings LLC - Class A,NASDAQ,Stock,2023-09-21,,Active
MDBX,TRADR 2X LONG MDB DAILY ETF ,BATS,ETF,2025-08-19,,Active
MDCR,Pacer Swan SOS Moderate December ETF,BATS,ETF,2026-06-12,,Active
MDCX,MDCorp,NASDAQ,Stock,2016-02-03,,Active
MDCXW,Medicus Pharma Ltd warrant,NASDAQ,Stock,2024-11-14,,Active
MDEV,FIRST TRUST INDXX MEDICAL DEVICES ETF ,BATS,ETF,2021-06-23,,Active
MDGL,Madrigal Pharmaceuticals Inc,NASDAQ,Stock,2007-02-06,,Active
MDIA,MediaCo Holding Inc - Class A,NASDAQ,Stock,2020-01-06,,Active
MDIV,MULTI-ASSET DIVERSIFIED INCOME INDEX FUND ,NASDAQ,ETF,2012-08-14,,Active
MDLN,Medline Inc - Class A,NASDAQ,Stock,2025-12-17,,Active
MDLV,MORGAN DEMPSEY LARGE CAP VALUE ETF ,BATS,ETF,2023-04-26,,Active
MDLZ,Mondelez International Inc - Class A,NASDAQ,Stock,2001-06-13,,Active
MDPL,MONARCH DIVIDEND PLUS INDEX ETF ,BATS,ETF,2024-03-07,,Active
MDRR,Medalist Diversified REIT Inc,NASDAQ,Stock,2018-11-28,,Active
MDRRP,Medalist Diversified REIT Inc,NASDAQ,Stock,2020-02-13,,Active
MDST,Westwood Salient Enhanced Midstream Income ETF,NYSE,ETF,2024-04-09,,Active
MDT,Medtronic Plc,NYSE,Stock,1981-12-31,,Active
MDU,MDU Resources Group Inc,NYSE,Stock,1987-11-05,,Active
MDU-W,MDU Resources Group Inc WhenIssued,NYSE,Stock,2023-05-25,,Active
MDWD,MediWound Ltd,NASDAQ,Stock,2014-03-20,,Active
MDXG,Mimedx Group Inc,NASDAQ,Stock,2007-08-22,,Active
MDXH,MDxHealth SA,NASDAQ,Stock,2021-11-04,,Active
MDY,S&P MidCap 400 ETF,NYSE,ETF,1995-05-04,,Active
MDYG,STATE STREET(R) SPDR(R) S & P 400(TM) MID CAP GROWTH ETF ,NYSE,ETF,2005-11-15,,Active
MDYV,STATE STREET(R) SPDR(R) S & P 400(TM) MID CAP VALUE ETF ,NYSE,ETF,2005-11-15,,Active
MEAR,ISHARES SHORT MATURITY MUNICIPAL BOND ACTIVE ETF ,BATS,ETF,2015-03-05,,Active
MEC,Mayville Engineering Company Inc,NYSE,Stock,2019-05-09,,Active
MED,Medifast Inc,NYSE,Stock,1993-12-31,,Active
MEDI,HARBOR HEALTH CARE ETF ,NYSE,ETF,2022-11-17,,Active
MEDP,Medpace Holdings Inc,NASDAQ,Stock,2016-08-11,,Active
MEDS,DataMEDS AI Inc,NASDAQ,Stock,2025-02-21,,Active
MEDX,HORIZON KINETICS MEDICAL ETF ,NASDAQ,ETF,2023-01-31,,Active
MEGI,NYLIM CBRE Global Infrastructure Megatrends Term Fund,NYSE,Stock,2021-10-27,,Active
MEGL,Magic Empire Global Ltd,NASDAQ,Stock,2022-08-05,,Active
MEGX,Corgi U.S. MegaCap Growth 2x Daily,BATS,Stock,2026-08-19,,Active
MEI,Methode Electronics Inc,NYSE,Stock,1990-03-23,,Active
MEIB,Direxion META Defined Income Boost ETF,BATS,ETF,2026-07-29,,Active
MEKA,MELI Kaszek Pioneer Corp - Class A,NASDAQ,Stock,2021-09-29,,Active
MELI,MercadoLibre Inc,NASDAQ,Stock,2007-08-10,,Active
MEM,MATTHEWS EMERGING MARKETS EQUITY ACTIVE ETF ,NYSE,ETF,2022-07-14,,Active
MEMA,Man Active Emerging Markets Alternative ETF,NASDAQ,ETF,2025-12-17,,Active
MEME,ROUNDHILL MEME STOCK ETF ,NYSE,ETF,2021-12-08,,Active
MEMS,MATTHEWS EMERGING MARKETS DISCOVERY ACTIVE ETF ,NASDAQ,ETF,2024-01-11,,Active
MEMX,MATTHEWS EMERGING MARKETS EX CHINA ACTIVE ETF ,NYSE,ETF,2023-01-11,,Active
MEMY,MEMORY PHARMACEUTICALS CORP,BATS,Stock,2026-01-20,,Active
MENS,Jyong Biotech Ltd,NASDAQ,Stock,2025-06-17,,Active
MEOA,Minority Equality Opportunities Acquisition Inc - Class A,NASDAQ,Stock,2021-10-18,,Active
MEOAW,Minority Equality Opportunities Acquisition Inc - Warrants (26/08/2026),NASDAQ,Stock,2021-10-18,,Active
MEOH,Methanex Corp,NASDAQ,Stock,1992-05-19,,Active
MER-P-K,Bank Of America Corp,NYSE,Stock,2014-09-22,,Active
MERC,Mercer International Inc,NASDAQ,Stock,1990-03-26,,Active
MESA,,NASDAQ,Stock,2026-02-06,,Active
MESH,Meshflow Acquisition Corp - Class A,NASDAQ,Stock,2026-01-30,,Active
MESHU,Meshflow Acquisition Corp - Units (1 Ord Cls A & 1/3 War),NASDAQ,Stock,2025-12-10,,Active
MESHW,Meshflow Acquisition Corp - Warrants (20/11/2030),NASDAQ,Stock,2026-01-30,,Active
MESO,Mesoblast Ltd,NASDAQ,Stock,2015-11-13,,Active
MET,Metlife Inc,NYSE,Stock,2000-04-05,,Active
MET-P-A,Metlife Inc,NYSE,Stock,2014-09-22,,Active
MET-P-E,Metlife Inc,NYSE,Stock,2018-05-31,,Active
MET-P-F,Metlife Inc 4.75 PRF PERPETUAL USD 25 11000th int Ser F,NYSE,Stock,2020-01-08,,Active
META,Meta Platforms Inc - Class A,NASDAQ,Stock,2012-05-18,,Active
METBV,Ramaco Resources Inc,NASDAQ,Stock,2023-06-16,,Active
METC,Ramaco Resources Inc - Class A,NASDAQ,Stock,2017-02-03,,Active
METCB,Ramaco Resources Inc - Class B,NASDAQ,Stock,2023-06-16,,Active
METCI,Ramaco Resources Inc,NASDAQ,Stock,2025-08-05,,Active
METCV,Ramaco Resources Inc,NASDAQ,Stock,2023-06-16,,Active
METCZ,Ramaco Resources Inc,NASDAQ,Stock,2024-12-03,,Active
METD,DIREXION DAILY META BEAR 1X SHARES ,NASDAQ,ETF,2024-06-05,,Active
METG,Leverage Shares 2X Long META Daily ETF,BATS,ETF,2026-07-07,,Active
METL,Sprott Active Metals & Miners ETF,NASDAQ,ETF,2025-09-10,,Active
METQ,Tradr 2X Short META Daily ETF,BATS,ETF,2026-08-18,,Active
METU,DIREXION DAILY META BULL 2X SHARES ,NASDAQ,ETF,2024-06-05,,Active
METV,ROUNDHILL BALL METAVERSE ETF ,NYSE,ETF,2021-06-30,,Active
METW,ROUNDHILL META WEEKLYPAY ETF ,BATS,ETF,2025-06-18,,Active
MEVO,M Evo Global Acquisition Corp II,NASDAQ,Stock,2026-02-19,,Active
MEVOU,M Evo Global Acquisition Corp II - Units (1 Ord Cls A & 1/3 War),NASDAQ,Stock,2026-01-30,,Active
MEVOW,M Evo Global Acquisition Corp II Warrants,NASDAQ,Stock,2026-02-19,,Active
MEXX,DIREXION DAILY MSCI MEXICO BULL 3X SHARES ,NYSE,ETF,2017-05-03,,Active
MFA,MFA Financial Inc,NYSE,Stock,1998-04-13,,Active
MFA-P-B,MFA Financial Inc,NYSE,Stock,2014-09-22,,Active
MFA-P-C,MFA Financial Inc,NYSE,Stock,2020-02-25,,Active
MFAN,MFA Financial Inc 8.875 Senior Notes due 2029,NYSE,Stock,2024-01-24,,Active
MFAO,MFA Financial Inc,NYSE,Stock,2024-04-24,,Active
MFC,Manulife Financial Corp,NYSE,Stock,1999-09-24,,Active
MFD,Macquarie-First Tr. Global Inf. Utilities Div. & Income Fund,NYSE,ETF,2004-05-06,,Active
MFDX,PIMCO RAFI DYNAMIC MULTI-FACTOR INTERNATIONAL EQUITY ETF ,NYSE,ETF,2017-09-06,,Active
MFEB,PACER SWAN SOS MODERATE (FEBRUARY) ETF ,BATS,ETF,2026-05-01,,Active
MFEM,PIMCO RAFI DYNAMIC MULTI-FACTOR EMERGING MARKETS EQUITY ETF ,NYSE,ETF,2017-09-06,,Active
MFG,Mizuho Financial Group Inc,NYSE,Stock,2006-11-08,,Active
MFI,mF International Ltd - Class A,NASDAQ,Stock,2024-04-22,,Active
MFIC,MidCap Financial Investment Corporation,NASDAQ,Stock,2004-05-05,,Active
MFICL,MidCap Financial Investment Corporation 8.00 Notes due 2028,NASDAQ,Stock,2023-12-19,,Active
MFIG,MOTLEY FOOL INNOVATIVE GROWTH FACTOR ETF ,NASDAQ,ETF,2025-12-09,,Active
MFIN,Medallion Financial Corp,NASDAQ,Stock,1996-05-23,,Active
MFLX,FIRST TRUST FLEXIBLE MUNICIPAL HIGH INCOME ETF ,NASDAQ,ETF,2016-09-29,,Active
MFM,MFS Municipal Income Trust,NYSE,ETF,1987-11-05,,Active
MFMO,MOTLEY FOOL MOMENTUM FACTOR ETF ,NASDAQ,ETF,2025-12-09,,Active
MFP,Midera Food Processing Inc,NASDAQ,Stock,2026-07-07,,Active
MFPVV,Midera Food Processing Inc,NASDAQ,Stock,2026-06-26,,Active
MFSB,MFS ACTIVE CORE PLUS BOND ETF ,NYSE,ETF,2024-12-05,,Active
MFSD,MFS Active Short Duration Income ETF,NYSE ARCA,ETF,2026-09-10,,Active
MFSG,MFS ACTIVE GROWTH ETF ,NYSE,ETF,2024-12-05,,Active
MFSI,MFS ACTIVE INTERNATIONAL ETF ,NYSE,ETF,2024-12-05,,Active
MFSM,MFS ACTIVE INTERMEDIATE MUNI BOND ETF ,NYSE,ETF,2024-12-05,,Active
MFSV,MFS ACTIVE VALUE ETF ,NYSE,ETF,2024-12-05,,Active
MFSX,MFS Active Short Muni Bond ETF,NYSE ARCA,ETF,2026-09-10,,Active
MFUL,MINDFUL CONSERVATIVE ETF ,BATS,ETF,2021-11-03,,Active
MFUS,PIMCO RAFI DYNAMIC MULTI-FACTOR U.S. EQUITY ETF ,NYSE,ETF,2017-09-06,,Active
MFUT,CAMBRIA CHESAPEAKE PURE TREND ETF ,BATS,ETF,2024-05-29,,Active
MFV,MFS Special Value Trust,NYSE,ETF,1990-01-11,,Active
MFVL,MOTLEY FOOL VALUE FACTOR ETF ,NASDAQ,ETF,2025-12-09,,Active
MG,Mistras Group Inc,NYSE,Stock,2009-10-08,,Active
MGA,Magna International Inc,NYSE,Stock,1990-03-26,,Active
MGC,Vanguard Morningstar Mega Cap ETF,NYSE,ETF,2007-12-27,,Active
MGEE,MGE Energy Inc,NASDAQ,Stock,1990-03-26,,Active
MGF,MFS Government Markets Income Trust,NYSE,ETF,1987-05-20,,Active
MGI,Moneygram International Inc,NASDAQ,Stock,2004-07-01,,Active
MGIH,Millennium Group International Holdings Ltd,NASDAQ,Stock,2023-04-04,,Active
MGK,Vanguard Morningstar Mega Cap Growth ETF,NYSE,ETF,2007-12-27,,Active
MGKX,Corgi U.S. MegaCap Growth 2x Daily,BATS,Stock,2026-06-03,,Active
MGLD,Marygold Companies Inc (The),AMEX,Stock,2002-02-21,,Active
MGM,MGM Resorts International,NYSE,Stock,1990-01-12,,Active
MGMT,BALLAST SMALL/MID CAP ETF ,NYSE,ETF,2020-12-03,,Active
MGN,Megan Holdings Ltd,NASDAQ,Stock,2025-09-26,,Active
MGNI,Magnite Inc,NASDAQ,Stock,2014-04-02,,Active
MGNR,AMERICAN BEACON GLG NATURAL RESOURCES ETF ,NYSE,ETF,2024-02-06,,Active
MGNX,Macrogenics Inc,NASDAQ,Stock,2013-10-10,,Active
MGOV,FIRST TRUST INTERMEDIATE GOVERNMENT OPPORTUNITIES ETF ,NYSE,ETF,2023-08-03,,Active
MGPI,MGP Ingredients Inc,NASDAQ,Stock,1990-03-26,,Active
MGR,Affiliated Managers Group Inc,NYSE,Stock,2019-03-29,,Active
MGRB,Affiliated Managers Group Inc,NYSE,Stock,2020-09-29,,Active
MGRC,McGrath Rentcorp,NASDAQ,Stock,1990-03-26,,Active
MGRD,Affiliated Managers Group Inc,NYSE,Stock,2021-07-23,,Active
MGRE,Affiliated Managers Group Inc,NYSE,Stock,2024-03-27,,Active
MGRO,VANECK MORNINGSTAR WIDE MOAT GROWTH ETF ,BATS,ETF,2026-02-06,,Active
MGRT,Mega Fortune Company Ltd,NASDAQ,Stock,2025-07-16,,Active
MGRX,Mangoceuticals Inc,NASDAQ,Stock,2023-03-21,,Active
MGTA,Magenta Therapeutics Inc,NASDAQ,Stock,2018-06-21,,Active
MGTX,MeiraGTx Holdings plc,NASDAQ,Stock,2018-06-08,,Active
MGU,Macquarie Global Infrastructure Total Return Fund Inc,NYSE,ETF,2005-08-26,,Active
MGV,Vanguard Morningstar Mega Cap Value ETF,NYSE,ETF,2007-12-27,,Active
MGX,Metagenomi Inc,NASDAQ,Stock,2024-02-09,,Active
MGY,Magnolia Oil & Gas Corp - Class A,NYSE,Stock,2017-06-29,,Active
MGYR,Magyar Bancorp Inc,NASDAQ,Stock,2006-01-24,,Active
MH,McGraw Hill Inc,NYSE,Stock,2025-07-24,,Active
MHD,BlackRock MuniHoldings Fund Inc,NYSE,ETF,1997-05-27,,Active
MHF,Western Asset Municipal High Income Fund Inc,NYSE,ETF,1989-06-30,,Active
MHH,Mastech Digital Inc,AMEX,Stock,2008-09-19,,Active
MHIG,Milliman Healthcare Inflation Guard,NYSE,Stock,2026-04-21,,Active
MHIP,Milliman Healthcare Inflation Plus,NYSE,Stock,2026-04-21,,Active
MHK,Mohawk Industries Inc,NYSE,Stock,1992-04-01,,Active
MHLA,Maiden Holdings Ltd,NYSE,Stock,2016-06-15,,Active
MHN,BlackRock MuniHoldings New York Quality Fund Inc,NYSE,ETF,1997-09-22,,Active
MHNC,Maiden Holdings North American Ltd 775 Nts 12012043,NYSE,Stock,2013-11-27,,Active
MHO,MI Homes Inc,NYSE,Stock,1993-11-03,,Active
MHX,Corgi MARA 2x Daily ETF,BATS,ETF,2026-07-14,,Active
MHY,Western Asset Managed High Incm Fnd Inc,NYSE,ETF,1994-10-26,,Active
MI,NFT Ltd -Class A,AMEX,Stock,2023-09-18,,Active
MIAC,Meridian3 Industrials Acquisition Corp - Class A,NASDAQ,Stock,2026-08-24,,Active
MIACU,Meridian3 Industrials Acquisition Corp - Units (1 Ord Cls A & 1/2 War),NASDAQ,Stock,2026-07-02,,Active
MIACW,Meridian3 Industrials Acquisition Corp - Warrants (26/06/2031),NASDAQ,Stock,2026-08-24,,Active
MIAX,Miami International Holdings Inc,NYSE,Stock,2025-08-14,,Active
MIC,Macquarie Infrastructure Holdings LLC,NYSE,Stock,2004-12-16,,Active
MICC,The Magnum Ice Cream Company N.V.,NYSE,Stock,2025-12-08,,Active
MID,AMERICAN CENTURY MID CAP GROWTH IMPACT ETF ,NYSE,ETF,2020-07-15,,Active
MIDD,Middleby Corp,NASDAQ,Stock,1992-03-17,,Active
MIDDV,Middleby Corp,NASDAQ,Stock,2026-06-30,,Active
MIDE,XTRACKERS S&P MIDCAP 400 SCORED & SCREENED ETF ,NYSE,ETF,2021-02-24,,Active
MIDU,DIREXION DAILY MID CAP BULL 3X SHARES ,NYSE,ETF,2009-01-08,,Active
MIDZ,DIREXION DAILY MID CAP BEAR 3X SHARES ,NYSE ARCA,ETF,2009-01-09,,Active
MIG,VANECK MOODY'S ANALYTICS IG CORPORATE BOND ETF ,BATS,ETF,2020-12-02,,Active
MIGO,MIG CORE ETF ,NYSE,ETF,2026-02-23,,Active
MILK,PACER US CASH COWS BOND ETF ,BATS,ETF,2024-12-18,,Active
MILN,GLOBAL X MILLENNIAL CONSUMER ETF ,NASDAQ,ETF,2016-05-06,,Active
MIMI,Mint Inc Ltd - Class A,NASDAQ,Stock,2025-01-10,,Active
MIMO-WS-A,Airspan Networks Holdings Inc Warrants each whole warrant exercisable for one share of common stock at an exercise price of 12.50,AMEX,Stock,2021-08-20,,Active
MIMO-WS-B,Airspan Networks Holdings Inc Warrants each whole warrant exercisable for one share of common stock at an exercise price of 15.00,AMEX,Stock,2021-08-20,,Active
MIMO-WS-C,Airspan Networks Holdings Inc Warrants each whole warrant exercisable for one share of common stock at an exercise price of 17.50,AMEX,Stock,2021-08-20,,Active
MIN,MFS Intermediate Income Trust,NYSE,ETF,1988-03-11,,Active
MIND,MIND Technology Inc,NASDAQ,Stock,1994-12-28,,Active
MINE,Minerco Inc,AMEX,Stock,2010-03-03,,Active
MINM,FiEE Inc,NASDAQ,Stock,2012-07-23,,Active
MINN,MAIRS & POWER MINNESOTA MUNICIPAL BOND ETF ,BATS,ETF,2021-03-12,,Active
MINO,PIMCO MUNICIPAL INCOME OPPORTUNITIES ACTIVE EXCHANGE-TRADED FUND ,NYSE,ETF,2021-09-09,,Active
MINT,PIMCO ENHANCED SHORT MATURITY ACTIVE EXCHANGE-TRADED FUND ,NYSE,ETF,2009-11-17,,Active
MINV,MATTHEWS ASIA INNOVATORS ACTIVE ETF ,NYSE,ETF,2022-07-14,,Active
MINY,YIELDMAX(R) STRATEGIC METALS & MINING PORTFOLIO OPTION INCOME ETF ,NYSE,ETF,2026-02-27,,Active
MIR,Mirion Technologies Inc - Class A,NYSE,Stock,2020-08-20,,Active
MIRA,Mira Pharmaceuticals Inc,NASDAQ,Stock,2023-08-03,,Active
MIRM,Mirum Pharmaceuticals Inc,NASDAQ,Stock,2019-07-18,,Active
MISL,FIRST TRUST INDXX AEROSPACE & DEFENSE ETF ,NYSE,ETF,2022-10-26,,Active
MIST,Milestone Pharmaceuticals Inc,NASDAQ,Stock,2019-05-09,,Active
MITK,Mitek Systems Inc,NASDAQ,Stock,1995-05-26,,Active
MITN,AG Mortgage Investment Trust Inc,NYSE,Stock,2024-02-06,,Active
MITP,AG Mortgage Investment Trust Inc,NYSE,Stock,2024-05-20,,Active
MITQ,Moving iMage Technologies Inc,AMEX,Stock,2021-07-08,,Active
MITT,AG Mortgage Investment Trust Inc,NYSE,Stock,2011-06-30,,Active
MITT-P-A,AG Mortgage Investment Trust Inc,NYSE,Stock,2014-09-22,,Active
MITT-P-B,AG Mortgage Investment Trust Inc,NYSE,Stock,2014-09-22,,Active
MITT-P-C,AG Mortgage Investment Trust Inc,NYSE,Stock,2019-09-13,,Active
MIY,BlackRock MuniYield Michigan Quality Fund Inc,NYSE,ETF,1994-10-27,,Active
MJ,Amplify Alternative Harvest ETF,NYSE,ETF,2018-02-07,,Active
MJSC,MUFG JAPAN SMALL CAP ACTIVE ETF ,NYSE,ETF,2025-09-17,,Active
MJUN,Pacer Swan SOS Moderate June ETF,BATS,ETF,2026-06-12,,Active
MJUS,ETFMG U.S. Alternative Harvest ETF,NYSE ARCA,ETF,2021-05-13,,Active
MKAM,MKAM ETF ,NASDAQ,ETF,2023-04-12,,Active
MKC,McCormick & Co. Inc (Non Voting),NYSE,Stock,1990-03-26,,Active
MKC-V,McCormick & Co. Inc,NYSE,Stock,2003-10-07,,Active
MKDW,MKDWELL Tech Inc,NASDAQ,Stock,2024-07-31,,Active
MKDWW,MKDWELL Tech Inc - Warrants (10/06/2029),NASDAQ,Stock,2024-08-01,,Active
MKFG-WS,Markforged Holding Corporation Warrants,NYSE,Stock,2021-07-15,,Active
MKL,Markel Group Inc,NYSE,Stock,1990-01-02,,Active
MKLY,McKinley Acquisition Corporation,NASDAQ,Stock,2025-10-02,,Active
MKLYR,McKinley Acquisition Corporation Rights,NASDAQ,Stock,2025-10-02,,Active
MKLYU,McKinley Acquisition Corp - Units (1 Ord Cls A & 1 Rts),NASDAQ,Stock,2025-08-12,,Active
MKOR,MATTHEWS KOREA ACTIVE ETF ,NYSE,ETF,2023-07-17,,Active
MKSI,MKS Instruments Inc,NASDAQ,Stock,1999-03-30,,Active
MKTN,FEDERATED HERMES MDT MARKET NEUTRAL ETF ,NYSE,ETF,2025-09-25,,Active
MKTW,Marketwise Inc - Class A,NASDAQ,Stock,2020-09-14,,Active
MKTX,MarketAxess Holdings Inc,NASDAQ,Stock,2004-11-05,,Active
MKZR,Mackenzie Realty Capital Inc,NASDAQ,Stock,2024-05-14,,Active
ML-WS,MoneyLion Inc Wt Exp 06012027,NYSE,Stock,2021-09-23,,Active
MLAA,Mountain Lake Acquisition Corp II,NASDAQ,Stock,2026-03-19,,Active
MLAAU,Mountain Lake Acquisition Corp II - Units (1 Ord Cls A & 1/2 War),NASDAQ,Stock,2026-01-27,,Active
MLAAW,Mountain Lake Acquisition Corp II Warrants,NASDAQ,Stock,2026-03-19,,Active
MLAB,Mesa Laboratories Inc,NASDAQ,Stock,1995-01-25,,Active
MLAC,Mountain Lake Acquisition Corp - Class A,NASDAQ,Stock,2025-02-03,,Active
MLACR,Mountain Lake Acquisition Corp,NASDAQ,Stock,2025-02-03,,Active
MLACU,Mountain Lake Acquisition Corp - Units (1 Ord Cls A & 1Rts),NASDAQ,Stock,2024-12-13,,Active
MLAIU,McLaren Technology Acquisition Corp - Units (1 Ord Class A & 1/2 War),NASDAQ,Stock,2021-11-03,,Active
MLCC,Global X MLCC & Electronic Components ETF,BATS,ETF,2026-09-11,,Active
MLCI,Mount Logan Capital Inc,NASDAQ,Stock,2025-09-12,,Active
MLCIL,Mount Logan Capital Inc,NASDAQ,Stock,2026-02-02,,Active
MLCO,Melco Resorts & Entertainment Ltd,NASDAQ,Stock,2006-12-19,,Active
MLDR,GLOBAL X INTERMEDIATE-TERM TREASURY LADDER ETF ,NYSE,ETF,2024-09-10,,Active
MLEC,Moolec Science SA,NASDAQ,Stock,2023-01-03,,Active
MLECW,Moolec Science SA - Warrants (30/12/2027),NASDAQ,Stock,2023-01-03,,Active
MLGO,MicroAlgo Inc,NASDAQ,Stock,2021-04-13,,Active
MLI,Mueller Industries Inc,NYSE,Stock,1991-02-25,,Active
MLKN,MillerKnoll Inc,NASDAQ,Stock,1990-03-26,,Active
MLM,Martin Marietta Materials Inc,NYSE,Stock,1994-02-17,,Active
MLN,VANECK LONG MUNI ETF ,BATS,ETF,2008-01-10,,Active
MLP,Maui Land & Pineapple Co. Inc,NYSE,Stock,1996-01-02,,Active
MLPA,GLOBAL X MLP ETF ,NYSE,ETF,2012-04-19,,Active
MLPB,UBS AG London Branch,NYSE,ETF,2015-10-09,,Active
MLPD,GLOBAL X MLP & ENERGY INFRASTRUCTURE COVERED CALL ETF ,NYSE,ETF,2024-05-08,,Active
MLPI,NEOS MLP & ENERGY INFRASTRUCTURE HIGH INCOME ETF ,BATS,ETF,2025-12-18,,Active
MLPR,UBS AG London Branch,NYSE,Stock,2020-06-03,,Active
MLPX,GLOBAL X MLP & ENERGY INFRASTRUCTURE ETF ,NYSE,ETF,2013-08-07,,Active
MLR,Miller Industries Inc,NYSE,Stock,1994-08-02,,Active
MLSS,Milestone Scientific Inc,AMEX,Stock,1995-11-03,,Active
MLTX,MoonLake Immunotherapeutics - Class A,NASDAQ,Stock,2020-10-20,,Active
MLYS,Mineralys Therapeutics Inc,NASDAQ,Stock,2023-02-10,,Active
MMA,Alta Global Group Ltd,AMEX,Stock,2024-03-28,,Active
MMAR,Pacer Swan SOS Moderate March ETF,BATS,ETF,2026-06-12,,Active
MMAX,ISHARES LARGE CAP MAX BUFFER MAR ETF ,BATS,ETF,2025-04-01,,Active
MMAY,PACER SWAN SOS MODERATE (MAY) ETF ,BATS,ETF,2026-05-01,,Active
MMCA,NYLIM MacKay California Muni Intermediate ETF,NYSE ARCA,ETF,2021-12-21,,Active
MMD,MainStay MacKay DefinedTerm Municipal Opportunities Fund,NYSE,ETF,2012-08-03,,Active
MMED,MiniMed Group Inc,NASDAQ,Stock,2026-03-06,,Active
MMI,Marcus & Millichap Inc,NYSE,Stock,2013-10-31,,Active
MMID,MFS ACTIVE MID CAP ETF ,NYSE,Stock,2025-09-24,,Active
MMIN,NYLIM MacKay Muni Insured ETF,NYSE ARCA,ETF,2017-10-18,,Active
MMIT,NYLIM MacKay Muni Intermediate ETF,NYSE ARCA,ETF,2017-10-18,,Active
MMK,STATE STREET PRIME MONEY MARKET ETF ,NYSE,Stock,2026-02-12,,Active
MMKT,TEXAS CAPITAL GOVERNMENT MONEY MARKET ETF ,NYSE,ETF,2024-09-25,,Active
MMLP,Martin Midstream Partners LP,NASDAQ,Stock,2002-11-01,,Active
MMM,3M Company,NYSE,Stock,1970-01-02,,Active
MMM-W,3M Company WhenIssued,NYSE,Stock,2024-03-26,,Active
MMMA,NYLI MACKAY MUNI ALLOCATION ETF ,NYSE,ETF,2025-12-16,,Active
MMS,Maximus Inc,NYSE,Stock,1997-06-13,,Active
MMSC,FIRST TRUST MULTI-MANAGER SMALL CAP OPPORTUNITIES ETF ,NYSE,ETF,2021-10-14,,Active
MMSD,NYLI MACKAY MUNI SHORT DURATION ETF ,NYSE,ETF,2025-05-06,,Active
MMSI,Merit Medical Systems Inc,NASDAQ,Stock,1992-02-26,,Active
MMT,MFS Multimarket Income Trust,NYSE,ETF,1987-03-05,,Active
MMTM,STATE STREET(R) SPDR(R) S&P(R) 1500 MOMENTUM TILT ETF ,NYSE,ETF,2012-10-25,,Active
MMTX,Miluna Acquisition Corp - Class A,NASDAQ,Stock,2025-12-15,,Active
MMTXU,Miluna Acquisition Corp - Units (1 Ord & 1/2 War),NASDAQ,Stock,2025-10-23,,Active
MMTXW,Miluna Acquisition Corp - Warrants (29/09/2030),NASDAQ,Stock,2025-12-15,,Active
MMU,Western Asset Managed Municipals Fund Inc,NYSE,ETF,1992-07-17,,Active
MMYT,MakeMyTrip Ltd,NASDAQ,Stock,2010-08-12,,Active
MNA,NYLIM Merger Arbitrage ETF,NYSE ARCA,ETF,2009-11-17,,Active
MNBD,ALPS | BBH INTERMEDIATE MUNICIPAL BOND ETF ,NYSE,ETF,2022-05-20,,Active
MNDO,Mind C.T.I Ltd,NASDAQ,Stock,2000-08-08,,Active
MNDR,Mobile health Network Solutions - Class A,NASDAQ,Stock,2024-04-10,,Active
MNDY,Monday.Com Ltd,NASDAQ,Stock,2021-06-10,,Active
MNGU,Bank of Montreal,NYSE ARCA,Stock,2026-08-27,,Active
MNKD,Mannkind Corp,NASDAQ,Stock,2004-07-28,,Active
MNOV,Medicinova Inc,NASDAQ,Stock,2006-12-08,,Active
MNP,Western Asset Municipal Partners Fund Inc,NYSE,ETF,1993-01-25,,Active
MNPR,Monopar Therapeutics Inc,NASDAQ,Stock,2019-12-19,,Active
MNR,Mach Natural Resources LP,NYSE,Stock,2023-10-25,,Active
MNRO,Monro Inc,NASDAQ,Stock,1991-07-30,,Active
MNRS,GRAYSCALE BITCOIN MINERS ETF ,NYSE,ETF,2025-01-30,,Active
MNSB,MainStreet Bancshares Inc,NASDAQ,Stock,2016-01-04,,Active
MNSBP,MainStreet Bancshares Inc,NASDAQ,Stock,2020-09-16,,Active
MNSO,MINISO Group Holding Ltd,NYSE,Stock,2020-10-15,,Active
MNST,Monster Beverage Corp,NASDAQ,Stock,1995-08-18,,Active
MNSX,Corgi MNST 2x Daily,BATS,Stock,2026-06-24,,Active
MNTK,Montauk Renewables Inc,NASDAQ,Stock,2021-01-22,,Active
MNTN,MNTN Inc - Class A,NYSE,Stock,2025-05-22,,Active
MNTS,Momentus Inc - Class A,NASDAQ,Stock,2020-01-02,,Active
MNTSW,Momentus Inc - Warrants (12/08/2026),NASDAQ,Stock,2019-12-30,,Active
MNVR,PACER SWAN SOS MODERATE (NOVEMBER) ETF ,BATS,ETF,2026-05-01,,Active
MNVT,MOONVEST ETF ,NASDAQ,ETF,2026-03-18,,Active
MNY,MoneyHero Ltd - Class A,NASDAQ,Stock,2023-10-13,,Active
MNYWW,MoneyHero Ltd - Warrants (13/09/2028),NASDAQ,Stock,2023-10-13,,Active
MNZL,MANZIL RUSSELL HALAL USA BROAD MARKET ETF ,NASDAQ,ETF,2025-11-19,,Active
MO,Altria Group Inc,NYSE,Stock,1970-01-02,,Active
MOAT,VANECK MORNINGSTAR WIDE MOAT ETF ,BATS,ETF,2012-04-25,,Active
MOB,Mobilicom Ltd,NASDAQ,Stock,2025-12-08,,Active
MOBBW,Mobilicom Ltd - Warrants (31/08/2027),NASDAQ,Stock,2022-08-25,,Active
MOBI,Mobia Medical Inc,NASDAQ,Stock,2026-05-08,,Active
MOBX,Mobix Labs Inc - Class A,NASDAQ,Stock,2023-12-21,,Active
MOBXW,Mobix Labs Inc - Warrants (16/07/2021),NASDAQ,Stock,2021-08-13,,Active
MOD,Modine Manufacturing Company,NYSE,Stock,1990-03-26,,Active
MODD,Modular Medical Inc,NASDAQ,Stock,2007-01-25,,Active
MODL,VICTORYSHARES WESTEND U.S. SECTOR ETF ,NASDAQ,ETF,2022-10-12,,Active
MOG-A,Moog Inc - Class A,NYSE,Stock,1992-02-21,,Active
MOG-B,Moog Inc - Class B,NYSE,Stock,1995-08-18,,Active
MOGU,MOGU Inc,NYSE,Stock,2018-12-06,,Active
MOH,Molina Healthcare Inc,NYSE,Stock,2003-07-02,,Active
MOLN,Molecular Partners AG,NASDAQ,Stock,2021-06-16,,Active
MOMO,Hello Group Inc,NASDAQ,Stock,2014-12-15,,Active
MONCU,Monument Circle Acquisition Corp - Units (1 Ord Class A & 1/2 War),NASDAQ,Stock,2021-01-14,,Active
MOO,VANECK AGRIBUSINESS ETF ,NYSE,ETF,2007-09-05,,Active
MOOD,RELATIVE SENTIMENT TACTICAL ALLOCATION ETF ,NASDAQ,ETF,2022-05-19,,Active
MORN,Morningstar Inc,NASDAQ,Stock,2005-05-03,,Active
MORT,VANECK MORTGAGE REIT INCOME ETF ,NYSE,ETF,2011-08-17,,Active
MOS,Mosaic Company,NYSE,Stock,1988-01-26,,Active
MOTG,VANECK MORNINGSTAR GLOBAL WIDE MOAT ETF ,BATS,ETF,2018-10-31,,Active
MOTI,VANECK MORNINGSTAR INTERNATIONAL MOAT ETF ,BATS,ETF,2015-07-14,,Active
MOTO,GUINNESS ATKINSON SMART TRANSPORTATION & TECHNOLOGY ETF ,NYSE,ETF,2019-11-15,,Active
MOV,Movado Group Inc,NYSE,Stock,1993-09-30,,Active
MOVE,Movano Inc,NASDAQ,Stock,2021-03-23,,Active
MP,MP Materials Corporation,NYSE,Stock,2020-06-22,,Active
MPA,BlackRock MuniYield Pennsylvania Quality Fund,NYSE,ETF,1994-10-27,,Active
MPAA,Motorcar Parts of America Inc,NASDAQ,Stock,1994-03-23,,Active
MPACW,Model Performance Acquisition Corp Warrant,NASDAQ,Stock,2022-11-14,,Active
MPB,Mid Penn Bancorp Inc,NASDAQ,Stock,1997-12-04,,Active
MPC,Marathon Petroleum Corp,NYSE,Stock,2011-06-23,,Active
MPDB,m+ DynaBuffer ETF,BATS,ETF,2026-08-12,,Active
MPDY,m+ DualYield Autocall ETF,NYSE ARCA,ETF,2026-08-12,,Active
MPIA,m+ Nasdaq-100 Accelerator Autocall ETF,NASDAQ,ETF,2026-08-12,,Active
MPIM,m+ Income Momentum Autocall ETF,NYSE ARCA,ETF,2026-08-12,,Active
MPL,DEFIANCE DAILY TARGET 2X LONG MP ETF ,NYSE,ETF,2026-05-26,,Active
MPLN-WS,MultiPlan Corp Wt Exp 10082025,NYSE,Stock,2020-10-09,,Active
MPLT,MapLight Therapeutics Inc,NASDAQ,Stock,2025-10-27,,Active
MPLX,MPLX LP,NYSE,Stock,2012-10-26,,Active
MPLY,MONOPOLY ETF ,BATS,ETF,2025-05-16,,Active
MPRA,Mercato Partners Acquisition Corp - Class A,NASDAQ,Stock,2021-12-29,,Active
MPRAU,Mercato Partners Acquisition Corp - Units (1 Ord Class A & 1/2 War),NASDAQ,Stock,2021-11-04,,Active
MPRAW,Mercato Partners Acquisition Corp - Warrants - (29/10/2026),NASDAQ,Stock,2021-12-29,,Active
MPRO,MONARCH PROCAP INDEX ETF ,BATS,ETF,2021-03-24,,Active
MPT,Medical Properties Trust Inc,NYSE,Stock,2005-07-08,,Active
MPTI,M-tron Industries Inc,AMEX,Stock,2022-10-03,,Active
MPTI-R,Mtron Industries Inc Rights expiring April 15 2026 Rights,AMEX,Stock,2026-03-31,,Active
MPTI-R-W,Mtron Industries Inc Rights expiring April 15 2026 Rights when issued,AMEX,Stock,2026-03-27,,Active
MPTI-WS,Mtron Industries Inc Warrants to Purchase Shares of Common Stock Expiring on or before April 25 2028,AMEX,Stock,2025-04-30,,Active
MPU,Mega Matrix Inc - Class A,AMEX,Stock,2024-10-09,,Active
MPV,Barings Participation Investors,NYSE,ETF,1989-06-30,,Active
MPWC,Corgi MPWR 2x Daily ETF,BATS,ETF,2026-07-07,,Active
MPWR,Monolithic Power System Inc,NASDAQ,Stock,2004-11-19,,Active
MPWX,Tradr 2X Long MPWR Daily,BATS,Stock,2026-04-24,,Active
MQ,Marqeta Inc - Class A,NASDAQ,Stock,2021-06-09,,Active
MQQQ,TRADR 2X LONG INNOVATION 100 MONTHLY ETF ,NASDAQ,ETF,2024-09-03,,Active
MQT,BlackRock MuniYield Quality Fund II Inc,NYSE,ETF,1994-10-27,,Active
MQY,BlackRock MuniYield Quality Fund Inc,NYSE,ETF,1994-10-27,,Active
MRA,GraniteShares Autocallable MARA ETF,NASDAQ,ETF,2026-05-27,,Active
MRAL,DEFIANCE DAILY TARGET 2X LONG MRAM ETF ,NASDAQ,ETF,2025-03-07,,Active
MRAM,Everspin Technologies Inc,NASDAQ,Stock,2016-10-07,,Active
MRAX,Tradr 2X Long MRAM Daily ETF,BATS,ETF,2026-08-11,,Active
MRBK,Meridian Corp,NASDAQ,Stock,2017-11-07,,Active
MRCO,Mercator Acquisition Corp - Class A,NASDAQ,Stock,2026-08-17,,Active
MRCOU,Mercator Acquisition Corp - Units (1 Ord Cls A & 1/3 War),NASDAQ,Stock,2026-07-09,,Active
MRCOW,Mercator Acquisition Corp - Warrants (13/04/2031),NASDAQ,Stock,2026-08-17,,Active
MRCP,PGIM S&P 500 BUFFER 12 ETF - MARCH ,BATS,ETF,2024-03-01,,Active
MRCY,Mercury Systems Inc,NASDAQ,Stock,1998-01-30,,Active
MRDB-WS,MariaDB plc Warrants each whole warrant exercisable for one Ordinary Share at an exercise price of 11.50 per share,NYSE,Stock,2022-12-19,,Active
MRDN,Golden Matrix Group Inc,NASDAQ,Stock,2009-10-30,,Active
MREO,Mereo Biopharma Group Plc,NASDAQ,Stock,2019-04-24,,Active
MRGR,PROSHARES MERGER ETF ,BATS,ETF,2012-12-13,,Active
MRK,Merck & Co Inc,NYSE,Stock,1970-01-02,,Active
MRKR,Marker Therapeutics Inc,NASDAQ,Stock,2014-03-25,,Active
MRLN,Marlin Business Services Corp,NASDAQ,Stock,2003-11-12,,Active
MRM,MEDIROM Healthcare Technologies Inc,NASDAQ,Stock,2020-12-29,,Active
MRNA,Moderna Inc,NASDAQ,Stock,2018-12-07,,Active
MRNO,Murano Global Investments PLC - Class A,NASDAQ,Stock,2022-03-16,,Active
MRNOW,Murano Global Investments PLC - Warrants (20/03/2029),NASDAQ,Stock,2022-03-14,,Active
MRNX,DEFIANCE DAILY TARGET 2X LONG MRNA ETF ,NYSE,ETF,2026-02-04,,Active
MRNY,YIELDMAX(R) MRNA OPTION INCOME STRATEGY ETF ,NYSE,ETF,2023-10-24,,Active
MRP,Millrose Properties Inc Class A,NYSE,Stock,2025-02-07,,Active
MRP-W,Millrose Properties Inc Class A WhenIssued,NYSE,Stock,2025-02-05,,Active
MRSH,Marsh & McLennan Cos. Inc,NYSE,Stock,1987-12-30,,Active
MRSK,TOEWS AGILITY SHARES MANAGED RISK ETF ,NYSE,ETF,2020-06-25,,Active
MRT,MedEquities Realty Trust Inc,AMEX,Stock,2016-09-29,,Active
MRT-WS,Marti Technologies Inc Wt Exp,AMEX,Stock,2023-07-11,,Active
MRTN,Marten Transport Ltd,NASDAQ,Stock,1992-02-26,,Active
MRVI,Maravai LifeSciences Holdings Inc - Class A,NASDAQ,Stock,2020-11-20,,Active
MRVL,Marvell Technology Inc,NASDAQ,Stock,2000-06-30,,Active
MRVU,Direxion Daily MRVL Bull 2X ETF,NASDAQ,ETF,2026-02-11,,Active
MRVX,DEFIANCE DAILY TARGET 2X LONG MRVL ETF ,BATS,ETF,2026-07-14,,Active
MRX,Marex Group Ltd,NASDAQ,Stock,2026-07-01,,Active
MS,Morgan Stanley,NYSE,Stock,1993-02-23,,Active
MS-P-A,Morgan Stanley,NYSE,Stock,2014-09-22,,Active
MS-P-E,Morgan Stanley,NYSE,Stock,2014-09-22,,Active
MS-P-F,Morgan Stanley,NYSE,Stock,2014-09-22,,Active
MS-P-I,Morgan Stanley,NYSE,Stock,2014-09-24,,Active
MS-P-K,Morgan Stanley,NYSE,Stock,2017-01-25,,Active
MS-P-L,Morgan Stanley,NYSE,Stock,2019-11-18,,Active
MS-P-O,Morgan Stanley Depositary Shares Series O,NYSE,Stock,2021-10-29,,Active
MS-P-P,Morgan Stanley,NYSE,Stock,2022-07-28,,Active
MS-P-Q,Morgan Stanley,NYSE,Stock,2024-08-01,,Active
MSA,MSA Safety Inc,NYSE,Stock,1990-03-26,,Active
MSAI,MultiSensor AI Holdings Inc,NASDAQ,Stock,2021-11-16,,Active
MSAIW,MultiSensor AI Holdings Inc - Warrants - (19/12/2028),NASDAQ,Stock,2021-11-16,,Active
MSB,Mesabi Trust,NYSE,Stock,1987-12-30,,Active
MSBI,Midland States Bancorp Inc,NASDAQ,Stock,2016-05-24,,Active
MSBIP,Midland States Bancorp Inc,NASDAQ,Stock,2022-08-18,,Active
MSBT,Morgan Stanley Bitcoin Trust,NYSE,Stock,2026-04-08,,Active
MSC,Studio City International Holdings Ltd,NYSE,Stock,2018-10-18,,Active
MSCI,MSCI Inc,NYSE,Stock,2007-11-15,,Active
MSD,Morgan Stanley Emerging Markets Debt Fund Inc,NYSE,ETF,1994-10-27,,Active
MSDD,GRANITESHARES 2X SHORT MSTR DAILY ETF ,NASDAQ,ETF,2025-06-10,,Active
MSDL,Morgan Stanley Direct Lending Fund,NYSE,Stock,2024-01-24,,Active
MSEP,Pacer Swan SOS Moderate September ETF,BATS,ETF,2026-01-02,,Active
MSEX,Middlesex Water Company,NASDAQ,Stock,1990-03-26,,Active
MSFC,Corgi MSFT 2x Daily ETF,BATS,ETF,2026-06-30,,Active
MSFD,DIREXION DAILY MSFT BEAR 1X SHARES ,NASDAQ,ETF,2022-09-07,,Active
MSFL,GRANITESHARES 2X LONG MSFT DAILY ETF ,NASDAQ,ETF,2024-03-18,,Active
MSFO,YIELDMAX(R) MSFT OPTION INCOME STRATEGY ETF ,NYSE,ETF,2023-08-25,,Active
MSFT,Microsoft Corporation,NASDAQ,Stock,1986-03-13,,Active
MSFU,DIREXION DAILY MSFT BULL 2X SHARES ,NASDAQ,ETF,2022-09-07,,Active
MSFW,ROUNDHILL MSFT WEEKLYPAY ETF ,BATS,ETF,2025-07-24,,Active
MSFX,T-REX 2X LONG MICROSOFT DAILY TARGET ETF ,BATS,ETF,2024-01-11,,Active
MSFY,Kurv Yield Premium Strategy Microsoft (MSFT) ETF,BATS,ETF,2023-11-06,,Active
MSGE,Madison Square Garden Entertainment Corp - Class A,NYSE,Stock,2023-04-17,,Active
MSGM,Motorsport Games Inc - Class A,NASDAQ,Stock,2021-01-13,,Active
MSGS,Madison Square Garden Sports Corp - Class A,NYSE,Stock,2015-10-01,,Active
MSGY,Masonglory Ltd,NASDAQ,Stock,2025-07-08,,Active
MSI,Motorola Solutions Inc,NYSE,Stock,1977-01-03,,Active
MSIF,MSC Income Fund Inc,NYSE,Stock,2025-01-29,,Active
MSII,REX MSTR GROWTH & INCOME ETF ,BATS,ETF,2025-06-04,,Active
MSIX,Corgi MSI 2x Daily,BATS,Stock,2026-06-24,,Active
MSLC,MORGAN STANLEY PATHWAY LARGE CAP EQUITY ETF ,NYSE,ETF,2024-12-09,,Active
MSLE,Satellos Bioscience Inc,NASDAQ,Stock,2026-02-06,,Active
MSM,MSC Industrial Direct Co. Inc - Class A,NYSE,Stock,1995-12-15,,Active
MSMR,MCELHENNY SHEFFIELD MANAGED RISK ETF ,BATS,ETF,2021-11-17,,Active
MSN,Emerson Radio Corp,AMEX,Stock,1994-12-28,,Active
MSOL,Morgan Stanley Solana Trust,NYSE ARCA,ETF,2026-07-28,,Active
MSOO,LEVERAGE SHARES 2X CAPPED ACCELERATED MSTR MONTHLY ETF ,BATS,ETF,2025-08-13,,Active
MSOS,ADVISORSHARES PURE US CANNABIS ETF ,NYSE,ETF,2020-09-02,,Active
MSOX,ADVISORSHARES MSOS DAILY LEVERAGED ETF ,NYSE,ETF,2022-08-24,,Active
MSR,MSR EXPLORATION LTD,NASDAQ,Stock,2026-05-12,,Active
MSS,Maison Solutions Inc - Class A,NASDAQ,Stock,2023-10-05,,Active
MSSE,Morgan Stanley Ethereum Trust,NYSE ARCA,ETF,2026-07-28,,Active
MSSM,MORGAN STANLEY PATHWAY SMALL-MID CAP EQUITY ETF ,NYSE,ETF,2024-12-09,,Active
MSSS,MONARCH SELECT SUBSECTOR INDEX ETF ,BATS,ETF,2024-03-07,,Active
MSST,YieldMax MSTR Performance & Distribution Target 25 ETF,BATS,ETF,2025-11-18,,Active
MST,DEFIANCE LEVERAGED LONG + INCOME MSTR ETF ,NASDAQ,ETF,2025-05-02,,Active
MSTB,LHA MARKET STATE TACTICAL BETA ETF ,BATS,ETF,2020-09-30,,Active
MSTC,Corgi MSTR 2x Daily ETF,BATS,ETF,2026-06-30,,Active
MSTI,MADISON SHORT-TERM STRATEGIC INCOME ETF ,NYSE,ETF,2023-09-06,,Active
MSTK,Tuttle Capital MSTR 0DTE Covered Call ETF,BATS,ETF,2025-10-23,,Active
MSTP,GRANITESHARES 2X LONG MSTR DAILY ETF ,NASDAQ,ETF,2025-06-10,,Active
MSTQ,LHA MARKET STATE TACTICAL Q ETF ,BATS,ETF,2022-03-15,,Active
MSTR,Strategy Inc - Class A,NASDAQ,Stock,1998-06-11,,Active
MSTU,T-Rex 2X Long MSTR Daily Target ETF,BATS,ETF,2024-09-18,,Active
MSTW,ROUNDHILL MSTR WEEKLYPAY ETF ,BATS,ETF,2025-07-24,,Active
MSTX,Defiance Daily Target 2x Long MSTR ETF,NASDAQ,ETF,2024-08-15,,Active
MSTY,YIELDMAX(R) MSTR OPTION INCOME STRATEGY ETF ,NYSE,ETF,2024-02-22,,Active
MSTZ,T-REX 2X INVERSE MSTR DAILY TARGET ETF ,BATS,ETF,2024-09-18,,Active
MSW,PMA Graphene Technology Group Inc - Class A,NASDAQ,Stock,2024-11-22,,Active
MT,ArcelorMittal,NYSE,Stock,1997-08-07,,Active
MTA,Metalla Royalty and Streaming Ltd,AMEX,Stock,2017-09-22,,Active
MTAC,MedTech Acquisition Corp - Class A,NASDAQ,Stock,2021-02-08,,Active
MTAKU,Market Technology Acquisition Corp - Units (1 Ord Cls A & 1/2 War),NASDAQ,Stock,2026-07-24,,Active
MTAL,MAC Copper Ltd,NYSE,Stock,2021-09-20,,Active
MTAL-U,Metals Acquisition Corp - Units (1 Ord Share Class A & 1/3 War),NYSE,Stock,2021-07-29,,Active
MTAW,Meta AI Lab Ecosystem ETF,NYSE ARCA,ETF,2026-08-13,,Active
MTB,M & T Bank Corp,NYSE,Stock,1991-10-04,,Active
MTB-P-H,M & T Bank Corp,NYSE,Stock,2022-04-04,,Active
MTB-P-J,M & T Bank Corp,NYSE,Stock,2024-05-07,,Active
MTB-P-K,M & T Bank Corp,NYSE,Stock,2025-11-06,,Active
MTBA,SIMPLIFY MBS ETF ,NYSE,ETF,2023-11-07,,Active
MTC,Mmtec Inc,NASDAQ,Stock,2019-01-08,,Active
MTCH,Match Group Inc - New,NASDAQ,Stock,2015-11-19,,Active
MTCR,Metacrine Inc,NASDAQ,Stock,2020-09-16,,Active
MTD,Mettler-Toledo International Inc,NYSE,Stock,1997-11-14,,Active
MTDR,Matador Resources Company,NYSE,Stock,2012-02-02,,Active
MTEK,Maris Tech Ltd,NASDAQ,Stock,2022-02-02,,Active
MTEKW,Maris Tech Ltd - Warrant (06/01/2027),NASDAQ,Stock,2022-02-02,,Active
MTEN,Mingteng International Corporation Inc,NASDAQ,Stock,2024-04-18,,Active
MTEST,,NYSE,Stock,2019-10-09,,Active
MTEST-A,,NYSE,Stock,2025-08-15,,Active
MTEX,Mannatech Inc,NASDAQ,Stock,1999-02-16,,Active
MTG,MGIC Investment Corp,NYSE,Stock,1991-08-07,,Active
MTGP,WISDOMTREE MORTGAGE PLUS BOND FUND ,NYSE,ETF,2019-11-14,,Active
MTH,Meritage Homes Corp,NYSE,Stock,1988-12-16,,Active
MTLS,Materialise Nv,NASDAQ,Stock,2014-06-25,,Active
MTN,Vail Resorts Inc,NYSE,Stock,1997-02-04,,Active
MTNB,Matinas Biopharma Holdings Inc,AMEX,Stock,2014-08-18,,Active
MTNE,CH4 Natural Solutions Corporation Class A,NYSE,Stock,2026-06-22,,Active
MTNE-U,CH4 Natural Solutions Corp - Units (1 Ord Share Class A & 1/4 War),NYSE,Stock,2026-05-01,,Active
MTNE-WS,CH4 Natural Solutions Corporation Warrants each whole warrant exercisable for one Class A Ordinary Share at an exercise price of 11.50 per share,NYSE,Stock,2026-06-22,,Active
MTR,Mesa Royalty Trust,NYSE,Stock,1987-12-30,,Active
MTRA,INVESCO INTERNATIONAL GROWTH FOCUS ETF ,BATS,ETF,2025-06-11,,Active
MTRN,Materion Corp,NYSE,Stock,1984-09-07,,Active
MTRX,Matrix Service Company,NASDAQ,Stock,1992-02-26,,Active
MTSI,MACOM Technology Solutions Holdings Inc,NASDAQ,Stock,2012-03-15,,Active
MTUM,ISHARES MSCI USA MOMENTUM FACTOR ETF ,BATS,ETF,2013-04-18,,Active
MTUS,TimkenSteel Corp,NYSE,Stock,2014-06-19,,Active
MTVA,MetaVia Inc,NASDAQ,Stock,2016-08-05,,Active
MTW,Manitowoc Co. Inc,NYSE,Stock,1990-03-26,,Active
MTX,Minerals Technologies Inc,NYSE,Stock,1992-10-26,,Active
MTYY,GRANITESHARES YIELDBOOST MSTR ETF ,NASDAQ,ETF,2025-09-23,,Active
MTZ,Mastec Inc,NYSE,Stock,1990-03-26,,Active
MU,Micron Technology Inc,NASDAQ,Stock,1989-05-16,,Active
MUA,BlackRock Muniassets Fund Inc,NYSE,ETF,1994-10-27,,Active
MUA-R,Blackrock MuniAssets Fund Inc Rights expiring August 20 2026 Rights,NYSE,Stock,2026-07-28,,Active
MUA-R-W,Blackrock MuniAssets Fund Inc Rights expiring August 20 2026 Rights when issued,NYSE,Stock,2026-07-28,,Active
MUB,ISHARES NATIONAL MUNI BOND ETF ,NYSE,ETF,2007-09-10,,Active
MUC,BlackRock MuniHoldings California Quality Fund Inc,NYSE,ETF,1998-03-02,,Active
MUD,Direxion Daily MU Bear 1X Shares,NASDAQ,ETF,2024-10-10,,Active
MUE,BlackRock MuniHoldings Quality Fund II Inc,NYSE,ETF,1999-03-09,,Active
MUFG,Mitsubishi UFJ Financial Group Inc,NYSE,Stock,2001-04-02,,Active
MUG,Leverage Shares 2X Long MU Daily ETF,BATS,ETF,2026-08-19,,Active
MUI,BlackRock Municipal Income Fund Inc,NYSE,ETF,2003-07-30,,Active
MUIB,Direxion MU Defined Income Boost ETF,BATS,ETF,2026-07-29,,Active
MUJ,BlackRock MuniHoldings New Jersey Quality Fund Inc,NYSE,ETF,1998-03-12,,Active
MULL,GRANITESHARES 2X LONG MU DAILY ETF ,NASDAQ,ETF,2024-11-12,,Active
MULT,Franklin Multisector Income ETF,NASDAQ,ETF,2025-08-28,,Active
MUNA,NORTHERN TRUST 2030 TAX-EXEMPT DISTRIBUTING LADDER ETF ,NYSE,ETF,2025-08-19,,Active
MUNB,NORTHERN TRUST 2035 TAX-EXEMPT DISTRIBUTING LADDER ETF ,NYSE,ETF,2025-08-19,,Active
MUNC,NORTHERN TRUST 2045 TAX-EXEMPT DISTRIBUTING LADDER ETF ,NYSE,ETF,2025-08-19,,Active
MUND,NORTHERN TRUST 2055 TAX-EXEMPT DISTRIBUTING LADDER ETF ,NYSE,ETF,2025-08-19,,Active
MUNF,Northern Trust 2036 Tax-Exempt Distributing Ladder ETF,NYSE ARCA,ETF,2026-08-26,,Active
MUNG,Northern Trust 2046 Tax-Exempt Distributing Ladder ETF,NYSE ARCA,ETF,2026-08-26,,Active
MUNH,Northern Trust 2056 Tax-Exempt Distributing Ladder ETF,NYSE ARCA,ETF,2026-08-26,,Active
MUNI,PIMCO INTERMEDIATE MUNICIPAL BOND ACTIVE EXCHANGE-TRADED FUND ,NYSE,ETF,2009-12-15,,Active
MUNJ,Northern Trust 2031 Tax-Exempt Distributing Ladder ETF,NYSE ARCA,ETF,2026-08-26,,Active
MUNX,AMG GW&K MUNI INCOME ETF ,NYSE,ETF,2025-10-30,,Active
MUNY,VANGUARD NEW YORK TAX-EXEMPT BOND ETF ETF SHARES,BATS,ETF,2025-05-22,,Active
MUR,Murphy Oil Corp,NYSE,Stock,1983-04-06,,Active
MURFW,Murphy Canyon Acquisition Corp - Warrants (25/01/2027),NASDAQ,Stock,2022-03-31,,Active
MUSA,Murphy USA Inc,NYSE,Stock,2013-08-19,,Active
MUSE,,NYSE,Stock,2024-11-18,,Active
MUSI,AMERICAN CENTURY MULTISECTOR INCOME ETF ,NYSE,ETF,2021-07-01,,Active
MUSQ,MUSQ GLOBAL MUSIC INDUSTRY INDEX ETF ,NYSE,ETF,2023-07-07,,Active
MUST,COLUMBIA MULTI-SECTOR MUNICIPAL INCOME ETF ,NYSE,ETF,2018-10-10,,Active
MUU,DIREXION DAILY MU BULL 2X SHARES ,NASDAQ,ETF,2024-10-10,,Active
MUX,McEwen Mining Inc,NYSE,Stock,1980-05-07,,Active
MUYY,GRANITESHARES YIELDBOOST MU ETF ,NASDAQ,ETF,2026-04-14,,Active
MUZ,DEFIANCE DAILY TARGET 2X SHORT MU ETF ,NYSE ARCA,ETF,2026-06-09,,Active
MUZE,MUSE TECHNOLOGIES INC,NASDAQ,Stock,2026-03-23,,Active
MUZEU,Muzero Acquisition Corp - Units (1 Ord Cls A & 1/2 War),NASDAQ,Stock,2026-01-30,,Active
MUZEW,Muzero Acquisition Corp Warrant,NASDAQ,Stock,2026-03-23,,Active
MVAL,VANECK MORNINGSTAR WIDE MOAT VALUE ETF ,BATS,ETF,2024-03-28,,Active
MVBF,MVB Financial Corp,NASDAQ,Stock,2008-08-22,,Active
MVF,BlackRock MuniVest Fund Inc,NYSE,ETF,1990-02-22,,Active
MVFD,MONARCH VOLUME FACTOR DIVIDEND TREE INDEX ETF ,BATS,ETF,2024-03-07,,Active
MVFG,MONARCH VOLUME FACTOR GLOBAL UNCONSTRAINED INDEX ETF ,BATS,ETF,2024-03-07,,Active
MVIS,Microvision Inc,NASDAQ,Stock,1996-08-27,,Active
MVLL,GRANITESHARES 2X LONG MRVL DAILY ETF ,NASDAQ,ETF,2025-03-07,,Active
MVPL,MILLER VALUE PARTNERS LEVERAGE ETF ,NYSE,ETF,2024-02-28,,Active
MVRK,Maverick Lifestyle Inc - Class A,NASDAQ,Stock,2012-09-05,,Active
MVRL,UBS AG London Branch,NYSE,Stock,2020-06-03,,Active
MVST,Microvast Holdings Inc,NASDAQ,Stock,2019-03-27,,Active
MVT,BlackRock Munivest Fund II Inc,NYSE,ETF,1994-10-27,,Active
MVV,PROSHARES ULTRA MIDCAP400 ,NYSE,ETF,2006-06-21,,Active
MWA,Mueller Water Products Inc - Series A,NYSE,Stock,2006-05-26,,Active
MWC,Micware Co. Ltd,NASDAQ,Stock,2026-05-14,,Active
MWG,Multi Ways Holdings Ltd - Class A,AMEX,Stock,2023-04-03,,Active
MWH,SOLV Energy Inc - Class A,NASDAQ,Stock,2026-02-11,,Active
MWHS,Skylar Electricity Futures ETF,NYSE ARCA,ETF,2026-06-29,,Active
MWYN,Marwynn Holdings Inc,NASDAQ,Stock,2025-03-13,,Active
MX,MagnaChip Semiconductor Corp,NYSE,Stock,2011-03-11,,Active
MXC,Mexco Energy Corp,AMEX,Stock,1997-03-05,,Active
MXCT,MaxCyte Inc,NASDAQ,Stock,2019-12-05,,Active
MXE,Mexico Equity And Income Fund Inc,NYSE,ETF,1990-08-15,,Active
MXF,Mexico Fund Inc,NYSE,ETF,1987-12-30,,Active
MXI,ISHARES GLOBAL MATERIALS ETF ,NYSE,ETF,2006-09-22,,Active
MXL,MaxLinear Inc,NASDAQ,Stock,2010-03-24,,Active
MXLL,Leverage Shares 2X Long MXL Daily ETF,BATS,ETF,2026-08-11,,Active
MYCF,SPDR SSGA MY2026 CORPORATE BOND ETF ,NASDAQ,ETF,2024-09-24,,Active
MYCG,SPDR SSGA My2027 Corporate Bond ETF,NASDAQ,ETF,2024-09-24,,Active
MYCH,SPDR SSGA MY2028 CORPORATE BOND ETF ,NASDAQ,ETF,2024-09-24,,Active
MYCI,SPDR SSGA MY2029 CORPORATE BOND ETF ,NASDAQ,ETF,2024-09-24,,Active
MYCJ,SPDR SSGA My2030 Corporate Bond ETF,NASDAQ,ETF,2024-09-24,,Active
MYCK,SPDR SSGA MY2031 CORPORATE BOND ETF ,NASDAQ,ETF,2024-09-24,,Active
MYCL,SPDR SSGA My2032 Corporate Bond ETF,NASDAQ,ETF,2024-09-24,,Active
MYCM,SPDR SSGA My2033 Corporate Bond ETF,NASDAQ,ETF,2024-09-24,,Active
MYCN,SPDR SSGA MY2034 CORPORATE BOND ETF ,NASDAQ,ETF,2024-09-24,,Active
MYCO,SPDR SSGA MY2035 CORPORATE BOND ETF ,NASDAQ,Stock,2025-09-17,,Active
MYD,BlackRock MuniYield Fund Inc,NYSE,ETF,1991-12-19,,Active
MYE,Myers Industries Inc,NYSE,Stock,1987-09-08,,Active
MYFW,First Western Financial Inc,NASDAQ,Stock,2018-07-19,,Active
MYGN,Myriad Genetics Inc,NASDAQ,Stock,1995-10-06,,Active
MYHA,STATE STREET(R) MY2027 HIGH YIELD CORPORATE BOND ETF ,NASDAQ,Stock,2017-09-26,,Active
MYHB,STATE STREET(R) MY2028 HIGH YIELD CORPORATE BOND ETF ,NASDAQ,ETF,2026-02-26,,Active
MYHC,STATE STREET(R) MY2029 HIGH YIELD CORPORATE BOND ETF ,NASDAQ,ETF,2026-02-26,,Active
MYHD,STATE STREET(R) MY2030 HIGH YIELD CORPORATE BOND ETF ,NASDAQ,ETF,2026-02-26,,Active
MYHE,STATE STREET(R) MY2031 HIGH YIELD CORPORATE BOND ETF ,NASDAQ,ETF,2026-02-26,,Active
MYI,BlackRock MuniYield Quality Fund III Inc,NYSE,ETF,1992-04-21,,Active
MYLD,CAMBRIA MICRO AND SMALLCAP SHAREHOLDER YIELD ETF ,BATS,ETF,2024-01-04,,Active
MYMF,SPDR SSGA My2026 Municipal Bond ETF,NASDAQ,ETF,2024-09-24,,Active
MYMG,SPDR SSGA My2027 Municipal Bond ETF,NASDAQ,ETF,2024-09-24,,Active
MYMH,SPDR SSGA My2028 Municipal Bond ETF,NASDAQ,ETF,2024-09-24,,Active
MYMI,SPDR SSGA MY2029 MUNICIPAL BOND ETF ,NASDAQ,ETF,2024-09-24,,Active
MYMJ,SPDR SSGA My2030 Municipal Bond ETF,NASDAQ,ETF,2024-09-24,,Active
MYMK,SPDR SSGA MY2031 MUNICIPAL BOND ETF ,NASDAQ,ETF,2025-09-17,,Active
MYN,BlackRock MuniYield New York Quality Fund Inc,NYSE,ETF,1992-03-16,,Active
MYND,Mynd.ai Inc,AMEX,Stock,2017-09-27,,Active
MYO,Myomo Inc,AMEX,Stock,2017-06-12,,Active
MYPS,PLAYSTUDIOS Inc - Class A,NASDAQ,Stock,2020-12-21,,Active
MYPSW,PLAYSTUDIOS Inc Warrant,NASDAQ,Stock,2024-10-07,,Active
MYRG,MYR Group Inc,NASDAQ,Stock,2008-08-13,,Active
MYSE,Myseum Inc,NASDAQ,Stock,2021-08-13,,Active
MYSZ,My Size Inc,NASDAQ,Stock,2016-07-25,,Active
MYX,Maywood Acquisition Corp. 2,NASDAQ,Stock,2026-05-26,,Active
MYXXR,Maywood Acquisition Corp 2 Rights,NASDAQ,Stock,2026-05-15,,Active
MYXXU,Maywood Acquisition Corp 2 - Units (1 Ord Cls A & 1 Rts),NASDAQ,Stock,2026-04-14,,Active
MYXXW,Maywood Acquisition Corp 2 Warrants,NASDAQ,Stock,2026-05-15,,Active
MYY,PROSHARES SHORT MIDCAP400 ,NYSE,ETF,2006-06-21,,Active
MZTI,The Marzetti Company,NASDAQ,Stock,1990-03-26,,Active
MZYX,MOZAYYX Acquisition Corp - Class A,NYSE,Stock,2026-04-20,,Active
MZYX-U,MOZAYYX Acquisition Corp - Units (1 Ord Cls A & 1/4 War),NYSE,Stock,2026-02-25,,Active
MZYX-WS,MOZAYYX Acquisition Corp - Warrants(01/01/9999),NYSE,Stock,2026-04-20,,Active
MZZ,PROSHARES ULTRASHORT MIDCAP400 ,NYSE,ETF,2006-07-13,,Active
,Nano Labs Ltd,NASDAQ,Stock,2022-07-12,,Active
NAACU,North Atlantic Acquisition Corp - Units (1 Ord Share Class A & 1/3 War),NASDAQ,Stock,2021-01-22,,Active
NAAS,Naas Technology Inc,NASDAQ,Stock,2017-10-20,,Active
NABL,N-able Inc,NYSE,Stock,2021-07-19,,Active
NAC,Nuveen California Quality Municipal Income Fund,NYSE,ETF,1999-05-26,,Active
NACP,IMPACT SHARES NAACP MINORITY EMPOWERMENT ETF ,NYSE,ETF,2018-07-19,,Active
NAD,Nuveen Quality Municipal Income Fund,NYSE,ETF,1999-05-26,,Active
NAGE,Niagen Bioscience Inc,NASDAQ,Stock,2008-07-15,,Active
NAII,Natural Alternatives International Inc,NASDAQ,Stock,1993-10-28,,Active
NAIL,DIREXION DAILY HOMEBUILDERS & SUPPLIES BULL 3X SHARES ,NYSE,ETF,2015-08-19,,Active
NAK,Northern Dynasty Minerals Ltd,AMEX,Stock,2003-10-09,,Active
NAKA,Nakamoto Inc,NASDAQ,Stock,2024-05-31,,Active
NAMI,Jinxin Technology Holding Company,NASDAQ,Stock,2024-12-06,,Active
NAMM,Namib Minerals.,NASDAQ,Stock,2025-06-06,,Active
NAMMW,Namib Minerals Warrants,NASDAQ,Stock,2025-06-06,,Active
NAMS,NewAmsterdam Pharma Company NV,NASDAQ,Stock,2022-11-23,,Active
NAMSW,NewAmsterdam Pharma Company NV - Warrants (15/11/2027),NASDAQ,Stock,2022-11-23,,Active
NAN,Nuveen New York Quality Municipal Income Fund,NYSE,ETF,1999-05-26,,Active
NANC,UNUSUAL WHALES SUBVERSIVE DEMOCRATIC TRADING ETF ,BATS,ETF,2023-02-07,,Active
NANR,STATE STREET(R) SPDR(R) S&P(R) NORTH AMERICAN NATURAL RESOURCES ETF ,NYSE,ETF,2015-12-16,,Active
NAPR,Innovator Growth-100 Power Buffer ETF - April,BATS,ETF,2020-04-01,,Active
NASA,TEMA SPACE INNOVATORS ETF ,NYSE,ETF,2026-03-31,,Active
NAT,Nordic American Tankers Ltd,NYSE,Stock,1997-09-30,,Active
NATH,Nathan`s Famous Inc,NASDAQ,Stock,1993-02-26,,Active
NATL,NCR Atleos Corp,NASDAQ,Stock,2023-10-11,,Active
NATL-W,NCR Atleos Corporation WhenIssued,NYSE,Stock,2023-10-11,,Active
NATO,THEMES TRANSATLANTIC DEFENSE ETF ,NASDAQ,ETF,2024-10-11,,Active
NATR,Nature`s Sunshine Products Inc,NASDAQ,Stock,2009-06-25,,Active
NAUG,Innovator Growth-100 Power Buffer ETF - August,BATS,ETF,2024-08-01,,Active
NAUT,Nautilus Biotechnology Inc,NASDAQ,Stock,2021-06-10,,Active
NAVI,Navient Corp,NASDAQ,Stock,2014-04-17,,Active
NAVN,Navan Inc - Class A,NASDAQ,Stock,2025-10-30,,Active
NAZ,Nuveen Arizona Quality Municipal Income Fund,NYSE,ETF,1994-10-27,,Active
NB,NioCorp Developments Ltd,NASDAQ,Stock,2016-01-04,,Active
NBB,Nuveen Taxable Municipal Income Fund,NYSE,ETF,2010-04-28,,Active
NBBK,NB Bancorp Inc,NASDAQ,Stock,2023-12-28,,Active
NBCE,NEUBERGER BERMAN CHINA EQUITY ETF ,NYSE,ETF,2023-10-16,,Active
NBCM,NEUBERGER BERMAN COMMODITY STRATEGY ETF ,NYSE,ETF,2022-10-24,,Active
NBCR,NEUBERGER BERMAN CORE EQUITY ETF ,NYSE,ETF,2024-08-01,,Active
NBDS,NEUBERGER BERMAN DISRUPTERS ETF ,NYSE,ETF,2022-04-07,,Active
NBET,NEUBERGER BERMAN ENERGY TRANSITION & INFRASTRUCTURE ETF ,NYSE,ETF,2022-04-07,,Active
NBFC,NEUBERGER BERMAN FLEXIBLE CREDIT INCOME ETF ,NYSE,ETF,2024-06-25,,Active
NBFR,Innovator Nasdaq100 Managed 10 Buffer,NYSE,Stock,2026-02-24,,Active
NBGX,NEUBERGER BERMAN GROWTH ETF ,NYSE,ETF,2024-12-19,,Active
NBH,Neuberger Berman Municipal Fund Inc,AMEX,ETF,2002-10-22,,Active
NBHC,National Bank Holdings Corp - Class A,NYSE,Stock,2012-09-20,,Active
NBIC,Corgi NBIS 2x Daily ETF,BATS,ETF,2026-07-14,,Active
NBIE,Neuberger International Core Equity,NYSE,Stock,2026-03-09,,Active
NBIG,LEVERAGE SHARES 2X LONG NBIS DAILY ETF ,NASDAQ,ETF,2025-10-27,,Active
NBIL,GraniteShares 2x Long NBIS Daily ETF,NASDAQ,ETF,2025-10-07,,Active
NBIS,Nebius Group N.V. - Class A,NASDAQ,Stock,2011-05-24,,Active
NBIX,Neurocrine Biosciences Inc,NASDAQ,Stock,1996-05-23,,Active
NBIZ,Tradr 2X Short NBIS Daily ETF,BATS,ETF,2026-01-22,,Active
NBJP,NEUBERGER BERMAN JAPAN EQUITY ETF ,NYSE,ETF,2024-09-12,,Active
NBN,Northeast Bank,NASDAQ,Stock,1987-08-20,,Active
NBO,Neuberger Berman New York Municipal Fund Inc,NYSE MKT,ETF,2002-09-26,,Active
NBOS,NEUBERGER BERMAN OPTION STRATEGY ETF ,NYSE,ETF,2024-01-29,,Active
NBP,NovaBridge Biosciences.,NASDAQ,Stock,2020-01-17,,Active
NBR,Nabors Industries Ltd,NYSE,Stock,1991-02-28,,Active
NBRG,Newbridge Acquisition Ltd,NASDAQ,Stock,2026-03-23,,Active
NBRGR,Newbridge Acquisition Ltd Rights,NASDAQ,Stock,2026-03-24,,Active
NBRGU,Newbridge Acquisition Ltd - Units (1 Ord Cls A & 1 Rts),NASDAQ,Stock,2026-01-30,,Active
NBSD,NEUBERGER BERMAN SHORT DURATION INCOME ETF ,NYSE,ETF,2024-06-24,,Active
NBSM,NEUBERGER BERMAN SMALL-MID CAP ETF ,NYSE,ETF,2024-03-21,,Active
NBTB,NBT Bancorp. Inc,NASDAQ,Stock,1992-03-17,,Active
NBTR,NEUBERGER BERMAN TOTAL RETURN BOND ETF ,NYSE,ETF,2024-12-18,,Active
NBTX,Nanobiotix,NASDAQ,Stock,2020-12-11,,Active
NBW,Neuberger Berman California Municipal Fund Inc,NYSE MKT,ETF,2002-10-22,,Active
NBXG,Neuberger Berman Next Generation Connectivity Fund Inc,NYSE,Stock,2021-05-26,,Active
NC,Nacco Industries Inc - Class A,NYSE,Stock,1977-06-17,,Active
NCA,Nuveen California Municipal Value Fund.,NYSE,ETF,1987-10-07,,Active
NCDL,Nuveen Churchill Direct Lending Corp,NYSE,Stock,2024-01-25,,Active
NCEL,NLS Pharmaceutics Ltd,NASDAQ,Stock,2021-01-29,,Active
NCEW,New Century Logistics (BVI) Ltd,NASDAQ,Stock,2024-12-18,,Active
NCI,Neo Concept International Group Holdings Ltd,NASDAQ,Stock,2024-04-23,,Active
NCIQ,Hashdex Nasdaq Crypto Index US ETF,NASDAQ,ETF,2025-02-14,,Active
NCLD,Roundhill Neocloud ETF,NASDAQ,ETF,2026-08-06,,Active
NCLH,Norwegian Cruise Line Holdings Ltd,NYSE,Stock,2013-01-18,,Active
NCLO,NUVEEN AA-BBB CLO ETF ,NYSE,ETF,2024-12-11,,Active
NCMI,National Cinemedia Inc,NASDAQ,Stock,2007-02-08,,Active
NCNA,NuCana plc,NASDAQ,Stock,2017-09-28,,Active
NCNO,Ncino Inc,NASDAQ,Stock,2020-07-14,,Active
NCO,Southern Cross Acquisition I Corp,NASDAQ,Stock,2026-07-31,,Active
NCOOR,Southern Cross Acquisition I Corp,NASDAQ,Stock,2026-07-31,,Active
NCOOU,Southern Cross Acquisition I Corp - Units (1 Ord shares 1 War & 1 Rts),NASDAQ,Stock,2026-07-21,,Active
NCOOW,Southern Cross Acquisition I Corp - Warrants (12/06/2031),NASDAQ,Stock,2026-07-31,,Active
NCPB,NUVEEN CORE PLUS BOND ETF ,NASDAQ,ETF,2024-03-06,,Active
NCPL,Netcapital Inc,NASDAQ,Stock,2017-09-22,,Active
NCPLW,Netcapital Inc - Warrants(05/07/2027),NASDAQ,Stock,2022-07-13,,Active
NCRA,Nocera Inc,NASDAQ,Stock,2017-11-08,,Active
NCT,Intercont (Cayman) Ltd,NASDAQ,Stock,2025-03-28,,Active
NCTY,The9 Ltd,NASDAQ,Stock,2004-12-15,,Active
NCV,Virtus Convertible & Income Fund,NYSE,ETF,2003-03-31,,Active
NCV-P-A,Virtus Convertible & Income Fund,NYSE,Stock,2018-09-17,,Active
NCZ,Virtus Convertible & Income Fund II,NYSE,ETF,2003-07-29,,Active
NCZ-P-A,Virtus Convertible & Income Fund II,NYSE,Stock,2018-09-05,,Active
NDAA,NED DAVIS RESEARCH 360 DYNAMIC ALLOCATION ETF ,NASDAQ,ETF,2024-10-17,,Active
NDAC,NightDragon Acquisition Corp - Class A,NASDAQ,Stock,2021-04-23,,Active
NDACU,NightDragon Acquisition Corp - Units (1 Ord Share Class A & 1/5 War),NASDAQ,Stock,2021-03-02,,Active
NDACW,NightDragon Acquisition Corp - Warrants (26/02/2026),NASDAQ,Stock,2021-04-22,,Active
NDAQ,Nasdaq Inc - 144A,NASDAQ,Stock,2002-07-01,,Active
NDEC,Innovator Growth100 Power Buffer ETF December,BATS,ETF,2024-12-02,,Active
NDIA,GLOBAL X INDIA ACTIVE ETF ,NYSE,ETF,2023-08-18,,Active
NDIV,Amplify Natural Resources Dividend Income ETF,NYSE,ETF,2022-08-24,,Active
NDLS,Noodles & Company - Class A,NASDAQ,Stock,2013-06-28,,Active
NDMO,Nuveen Dynamic Municipal Opportunities Fund,NYSE,Stock,2020-08-27,,Active
NDOW,ANYDRUS ADVANTAGE ETF ,BATS,ETF,2024-05-14,,Active
NDP,Tortoise Energy Independence Fund Inc,NYSE,ETF,2012-07-27,,Active
NDRA,ENDRA Life Sciences Inc,NASDAQ,Stock,2017-06-30,,Active
NDSN,Nordson Corp,NASDAQ,Stock,1990-03-26,,Active
NE,Noble Corp Plc - Class A,NYSE,Stock,2021-06-09,,Active
NE-WS,Noble Corporation plc Tranche 1 Warrants,NYSE,Stock,2023-06-29,,Active
NE-WS-A,Noble Corporation plc Tranche 2 Warrants,NYSE,Stock,2023-06-29,,Active
NEA,Nuveen AMT-Free Quality Municipal Income Fund,NYSE,ETF,2002-11-22,,Active
NEAR,ISHARES SHORT DURATION BOND ACTIVE ETF ,BATS,ETF,2013-09-26,,Active
NEBX,TRADR 2X LONG NBIS DAILY ETF ,BATS,ETF,2025-09-09,,Active
NECB,NorthEast Community Bancorp Inc,NASDAQ,Stock,2006-07-06,,Active
NEE,NextEra Energy Inc,NYSE,Stock,1983-06-10,,Active
NEE-P-N,NextEra Energy Capital Holdings Inc. Series N Junior Subordinated Debentures due March 1 2079,NYSE,Stock,2026-05-28,,Active
NEE-P-Q,NextEra Energy Inc. Corporate Units,NYSE,Stock,2015-09-18,,Active
NEE-P-R,NextEra Energy Inc Corporate Units expiring 09012019,NYSE,Stock,2016-08-03,,Active
NEE-P-S,NextEra Energy Inc 7.299 Corporate Units,NYSE,Stock,2024-06-26,,Active
NEE-P-T,NextEra Energy Inc 7.234 Corporate Units,NYSE,Stock,2024-11-04,,Active
NEE-P-U,NextEra Energy Inc Series U Junior Subordinated Debentures due June 1 2085,NYSE,Stock,2025-05-20,,Active
NEE-P-V,NextEra Energy Inc 7.375 Corporate Units,NYSE,Stock,2026-03-05,,Active
NEE-P-W,NextEra Energy Capital Holdings Inc Series Z Junior Subordinated Debentures due April 15 2086,NYSE,Stock,2026-03-18,,Active
NEEPN,NextEra Energy Capital Holdings Inc,NYSE,Stock,2019-03-18,,Active
NEEPU,NextEra Energy Capital Holdings Inc,NYSE,Stock,2026-06-10,,Active
NEGG,Newegg Commerce Inc,NASDAQ,Stock,2010-04-22,,Active
NEHCW,New Era Helium Inc Warrants,NASDAQ,Stock,2024-12-09,,Active
NEHI,NEOS ETHEREUM HIGH INCOME ETF ,BATS,ETF,2025-12-03,,Active
NELS,Nelson Select ETF,BATS,ETF,2025-10-15,,Active
NEM,Newmont Corp,NYSE,Stock,1983-04-06,,Active
NEMD,iNeedMD Holdings Inc,NYSE,Stock,2016-01-25,,Active
NEMG,Leverage Shares 2x Long NEM Daily ETF,NASDAQ,ETF,2025-11-17,,Active
NEN,New England Realty Associates LP,AMEX,Stock,1995-08-18,,Active
NEO,Neogenomics Inc,NASDAQ,Stock,2004-03-16,,Active
NEOG,Neogen Corp,NASDAQ,Stock,1994-02-10,,Active
NEON,Neonode Inc,NASDAQ,Stock,1992-03-03,,Active
NEOV,NeoVolta Inc,NASDAQ,Stock,2020-05-20,,Active
NEOVW,NeoVolta Inc - Warrants(01/04/2027),NASDAQ,Stock,2022-07-28,,Active
NEPH,Nephros Inc,NASDAQ,Stock,2009-01-22,,Active
NERD,ROUNDHILL VIDEO GAMES ETF ,BATS,ETF,2019-06-04,,Active
NERV,Minerva Neurosciences Inc,NASDAQ,Stock,2014-07-01,,Active
NESR,National Energy Services Reunited Corp,NASDAQ,Stock,2017-06-05,,Active
NET,Cloudflare Inc - Class A,NYSE,Stock,2019-09-13,,Active
NETG,NETGRAVITY INC,NASDAQ,Stock,2025-11-17,,Active
NETL,COLTERPOINT NET LEASE REAL ESTATE ETF ,NYSE,ETF,2019-03-22,,Active
NETX,NETLOJIX COMMUNICATIONS INC,BATS,Stock,2025-10-08,,Active
NEU,NewMarket Corp,NYSE,Stock,1985-08-06,,Active
NEUP,Neuphoria Therapeutics Inc,NASDAQ,Stock,2024-12-23,,Active
NEWP,New Pacific Metals Corp - New,AMEX,Stock,2017-10-30,,Active
NEWT,NewtekOne Inc,NASDAQ,Stock,2000-09-27,,Active
NEWTG,NewtekOne Inc,NASDAQ,Stock,2024-05-31,,Active
NEWTH,NewtekOne Inc,NASDAQ,Stock,2024-09-17,,Active
NEWTI,NewtekOne Inc,NASDAQ,Stock,2023-09-01,,Active
NEWTO,NewtekOne Inc 8.50 Fixed Rate Senior Notes due 2031,NASDAQ,Stock,2026-02-05,,Active
NEWTP,NewtekOne Inc,NASDAQ,Stock,2025-08-27,,Active
NEWTZ,NewtekOne Inc,NASDAQ,Stock,2021-01-25,,Active
NEWZ,STOCKSNIPS AI-POWERED SENTIMENT US ALL CAP ETF ,NASDAQ,ETF,2024-04-12,,Active
NEXA,Nexa Resources S.A.,NYSE,Stock,2017-10-27,,Active
NEXM,NexMetals Mining Corp,NASDAQ,Stock,2025-07-16,,Active
NEXN,Nexxen International Ltd,NASDAQ,Stock,2021-06-18,,Active
NEXR,Nexera Technologies Ltd,NASDAQ,Stock,2022-08-26,,Active
NEXRW,Nexera Technologies Ltd - Warrants (26/08/2027),NASDAQ,Stock,2022-08-26,,Active
NEXT,NextDecade Corporation,NASDAQ,Stock,2015-06-04,,Active
NFE,New Fortress Energy Inc - Class A,NASDAQ,Stock,2019-01-31,,Active
NFEB,Innovator Growth100 Power Buffer ETF February,BATS,ETF,2025-02-03,,Active
NFG,National Fuel Gas Company,NYSE,Stock,1987-09-01,,Active
NFGC,New Found Gold Corp,AMEX,Stock,2020-09-15,,Active
NFJ,Virtus AllianzGI Dividend Interest & Premium Strategy Fund,NYSE,ETF,2005-03-01,,Active
NFLP,Kurv Yield Premium Strategy Netflix (NFLX) ETF,BATS,ETF,2023-10-27,,Active
NFLT,VIRTUS NEWFLEET MULTI-SECTOR BOND ETF ,NYSE,ETF,2015-08-11,,Active
NFLU,T-REX 2X LONG NFLX DAILY TARGET ETF ,BATS,ETF,2024-09-27,,Active
NFLW,ROUNDHILL NFLX WEEKLYPAY ETF ,BATS,ETF,2025-06-18,,Active
NFLX,Netflix Inc,NASDAQ,Stock,2002-05-23,,Active
NFLY,YIELDMAX(R) NFLX OPTION INCOME STRATEGY ETF ,NYSE,ETF,2023-08-08,,Active
NFRA,FLEXSHARES STOXX GLOBAL BROAD INFRASTRUCTURE INDEX FUND ,NYSE,ETF,2013-10-09,,Active
NFRX,Harrison Street Infrastructure Active ETF,NASDAQ,ETF,2026-01-30,,Active
NFTY,FIRST TRUST INDIA NIFTY 50 EQUAL WEIGHT ETF ,NASDAQ,ETF,2012-02-28,,Active
NFX,Corgi NFLX 2x Daily ETF,BATS,ETF,2026-07-07,,Active
NFXL,DIREXION DAILY NFLX BULL 2X SHARES ,NASDAQ,ETF,2024-10-03,,Active
NFXS,DIREXION DAILY NFLX BEAR 1X SHARES ,NASDAQ,ETF,2024-10-03,,Active
NFYS-U,Enphys Acquisition Corp Units each consisting of one Class A ordinary share and onehalf of one redeemable warrant,NYSE,Stock,2021-10-06,,Active
NG,Novagold Resources Inc,AMEX,Stock,2003-12-04,,Active
NGEN,NANOGEN INC,NASDAQ,Stock,2026-01-08,,Active
NGG,National Grid Plc,NYSE,Stock,2001-01-02,,Active
NGHT,NightCulture Inc,NASDAQ,Stock,2017-09-25,,Active
NGIF,NUVEEN GLOBAL INFRASTRUCTURE FUND ETF CLASS,NYSE ARCA,Stock,2026-06-03,,Active
NGIO,NuGenerex Immuno-Oncology Inc,NASDAQ,Stock,2021-03-15,,Active
NGL,NGL Energy Partners LP,NYSE,Stock,2011-05-16,,Active
NGL-P-B,NGL Energy Partners LP,NYSE,Stock,2017-06-07,,Active
NGL-P-C,NGL ENERGY PARTNERS LP 9625 Class C FixedtoFloating Rate Cumulative Redeemable Perpetual Preferred Units representing limited partner interests,NYSE,Stock,2019-03-27,,Active
NGNE,Neoleukin Therapeutics Inc,NASDAQ,Stock,2014-03-07,,Active
NGS,Natural Gas Services Group Inc,NYSE,Stock,2002-10-22,,Active
NGVC,Natural Grocers by Vitamin Cottage Inc,NYSE,Stock,2012-07-25,,Active
NGVT,Ingevity Corp,NYSE,Stock,2016-05-02,,Active
NHC,National Healthcare Corp,AMEX,Stock,1987-01-20,,Active
NHI,National Health Investors Inc,NYSE,Stock,1991-10-09,,Active
NHIC,NewHold Investment Corp III - Class A,NASDAQ,Stock,2025-04-17,,Active
NHICU,NewHold Investment Corp III - Units (1 Ord Cls A & 1/2 War),NASDAQ,Stock,2025-02-28,,Active
NHICW,NewHold Investment Corp III - Warrants (01/01/9999),NASDAQ,Stock,2025-04-17,,Active
NHIV,NewHold Investment Corp IV,NASDAQ,Stock,2026-06-08,,Active
NHIVU,NewHold Investment Corp IV - Units (1 Ord Cls A & 1/3 War),NASDAQ,Stock,2026-04-15,,Active
NHIVW,NewHold Investment Corp IV Warrants,NASDAQ,Stock,2026-06-08,,Active
NHPAP,National Healthcare Properties Inc,NASDAQ,Stock,2019-12-09,,Active
NHPBP,National Healthcare Properties Inc,NASDAQ,Stock,2021-10-04,,Active
NHS,Neuberger Berman High Yield Strategies Fund,AMEX,ETF,2003-07-29,,Active
NHTC,Natural Health Trends Corp,NASDAQ,Stock,1995-06-22,,Active
NHYB,Nuveen High Yield Corporate Bond ETF,NYSE,ETF,2025-09-24,,Active
NHYM,NUVEEN HIGH YIELD MUNICIPAL INCOME ETF ,NYSE,ETF,2025-01-23,,Active
NI,NiSource Inc,NYSE,Stock,1984-10-19,,Active
NIC,Nicolet Bankshares Inc,NYSE,Stock,2016-01-04,,Active
NICE,NICE Ltd,NASDAQ,Stock,1996-01-25,,Active
NICM,Nicola Mining Inc,NASDAQ,Stock,2026-04-14,,Active
NICO,HEXIS ACTIVE NICOTINE ENGAGEMENT ETF ,NYSE,ETF,2026-05-06,,Active
NID,Nuveen Intermediate Duration Municipal Term Fund,NYSE,ETF,2012-12-06,,Active
NIE,Virtus Equity & Convertible Income Fund,NYSE,ETF,2007-02-23,,Active
NIHI,NEOS MSCI EAFE HIGH INCOME ETF ,BATS,ETF,2025-09-17,,Active
NIKI,Niki BioSolutions Inc,NASDAQ,Stock,2026-07-17,,Active
NIKL,Sprott Nickel Miners ETF,NASDAQ,ETF,2023-03-22,,Active
NIM,Nuveen Select Maturities Municipal Fund,NYSE,ETF,1994-10-27,,Active
NINE,Nine Energy Service Inc,AMEX,Stock,2018-01-19,,Active
NIO,NIO Inc,NYSE,Stock,2018-09-12,,Active
NIOBW,NioCorp Developments Ltd - Warrants (17/03/2028),NASDAQ,Stock,2023-03-21,,Active
NIOG,Leverage Shares 2X Long NIO Daily ETF,NASDAQ,ETF,2025-12-18,,Active
NIPG,NIP Group Inc,NASDAQ,Stock,2024-07-26,,Active
NIQ,NIQ Global Intelligence plc,NYSE,Stock,2025-07-23,,Active
NISM,NYLI INTERNATIONAL SMALL-MID CAP EQUITY ETF ,NYSE,ETF,2026-05-13,,Active
NITE,THE NIGHTVIEW FUND ,NYSE,ETF,2024-06-24,,Active
NIU,Niu Technologies,NASDAQ,Stock,2018-10-19,,Active
NIVF,NewGenIvf Group Ltd - Class A,NASDAQ,Stock,2024-04-03,,Active
NIVFW,NewGenIvf Group Ltd - Warrants (03/04/2029),NASDAQ,Stock,2024-04-04,,Active
NIXT,RESEARCH AFFILIATES DELETIONS ETF ,NASDAQ,ETF,2024-09-10,,Active
NIXX,Nixxy Inc,NASDAQ,Stock,2008-11-20,,Active
NJAN,Innovator Growth-100 Power Buffer ETF - January,BATS,ETF,2020-01-02,,Active
NJNK,COLUMBIA U.S. HIGH YIELD ETF ,NYSE,ETF,2024-09-05,,Active
NJR,New Jersey Resources Corporation,NYSE,Stock,1987-12-30,,Active
NJUL,Innovator Growth-100 Power Buffer ETF - July,BATS,ETF,2020-07-01,,Active
NJUN,Innovator Growth-100 Power Buffer ETF - June,BATS,ETF,2024-06-03,,Active
NKE,Nike Inc - Class B,NYSE,Stock,1980-12-02,,Active
NKEL,AXS 2X NKE Bull Daily ETF,NASDAQ,ETF,2022-07-14,,Active
NKEQ,AXS 2X NKE Bear Daily ETF,NASDAQ,ETF,2022-07-14,,Active
NKG,Nuveen Georgia Quality Municipal Income Fund,NYSE,ETF,2002-09-26,,Active
NKLR,Terra Innovatum Global N.V.,NASDAQ,Stock,2025-01-02,,Active
NKSH,National Bankshares Inc,NASDAQ,Stock,1999-12-01,,Active
NKTR,Nektar Therapeutics,NASDAQ,Stock,1994-05-03,,Active
NKTX,Nkarta Inc,NASDAQ,Stock,2020-07-10,,Active
NKX,Nuveen California AMT-Free Quality Municipal Income Fund,NYSE,ETF,2003-01-16,,Active
NL,NL Industries Inc,NYSE,Stock,1983-04-06,,Active
NLOP,Net Lease Office Properties,NYSE,Stock,2023-10-27,,Active
NLOP-W,Net Lease Office Properties of Beneficial Interest WhenIssued,NYSE,Stock,2023-10-27,,Active
NLR,VANECK URANIUM AND NUCLEAR ETF ,NYSE,ETF,2007-08-15,,Active
NLSI,NEOS LONG/SHORT EQUITY INCOME ETF ,BATS,ETF,2025-12-10,,Active
NLY,Annaly Capital Management Inc,NYSE,Stock,1997-10-08,,Active
NLY-P-F,Annaly Capital Management Inc,NYSE,Stock,2017-07-26,,Active
NLY-P-G,Annaly Capital Management Inc,NYSE,Stock,2018-01-09,,Active
NLY-P-I,Annaly Capital Management Inc,NYSE,Stock,2019-06-21,,Active
NMAD,Nomad Power Solutions Inc Com,NASDAQ,Stock,2026-07-06,,Active
NMAI,Nuveen Multi-Asset Income Fund,NYSE,Stock,2021-11-22,,Active
NMAR,Innovator Growth100 Power Buffer ETF March,BATS,ETF,2025-03-03,,Active
NMAX,Newsmax Inc Class B,NYSE,Stock,2025-03-31,,Active
NMAY,Innovator Growth100 Power Buffer ETF May,BATS,ETF,2025-05-01,,Active
NMB,Simplify National Muni Bond ETF,NYSE,ETF,2024-09-10,,Active
NMBL,Nimble Storage Inc,NYSE,Stock,2013-12-13,,Active
NMCO,Nuveen Municipal Credit Opportunities Fund,NYSE,Stock,2019-09-17,,Active
NMCO-R,Nuveen Municipal Credit Opportunities Fund Rights expiring October 7 2026 Rights,NYSE,Stock,2026-09-10,,Active
NMCO-R-W,Nuveen Municipal Credit Opportunities Fund Rights expiring October 7 2026 Rights when issued,NYSE,Stock,2026-09-08,,Active
NMFC,New Mountain Finance Corp,NASDAQ,Stock,2011-05-20,,Active
NMFCZ,New Mountain Finance Corp,NASDAQ,Stock,2023-11-27,,Active
NMG,Nouveau Monde Graphite Inc,NYSE,Stock,2017-09-28,,Active
NMI,Nuveen Municipal Income Fund,NYSE,ETF,1988-12-16,,Active
NMIH,NMI Holdings Inc - Class A,NASDAQ,Stock,2013-11-08,,Active
NML,Neuberger Berman Energy Infrastructure and Income Fund Inc,AMEX,ETF,2013-03-26,,Active
NMM,Navios Maritime Partners L.P.,NYSE,Stock,2007-11-13,,Active
NMP,NMP Acquisition Corp - Class A,NASDAQ,Stock,2025-09-03,,Active
NMPAR,NMP Acquisition Corp,NASDAQ,Stock,2025-09-03,,Active
NMPAU,NMP Acquisition Corp - Units (1 Ord Cls A & 1 Rts),NASDAQ,Stock,2025-07-01,,Active
NMR,Nomura Holdings Inc,NYSE,Stock,1995-05-16,,Active
NMRA,Neumora Therapeutics Inc,NASDAQ,Stock,2023-09-14,,Active
NMRK,Newmark Group Inc - Class A,NASDAQ,Stock,2017-12-15,,Active
NMS,Nuveen Minnesota Quality Municipal Income Fund,NYSE,ETF,2014-10-08,,Active
NMT,Nuveen Massachusetts Quality Municipal Income Fund,NYSE,ETF,1994-10-27,,Active
NMTC,NeuroOne Medical Technologies Corp,NASDAQ,Stock,2017-09-18,,Active
NMZ,Nuveen Municipal High Income Opportunity Fund,NYSE,ETF,2003-11-20,,Active
NN,NextNav Inc,NASDAQ,Stock,2021-10-28,,Active
NNBR,NN Inc,NASDAQ,Stock,1994-03-15,,Active
NNDM,Nano Dimension Ltd,NASDAQ,Stock,2016-01-07,,Active
NNE,Nano Nuclear Energy Inc,NASDAQ,Stock,2024-05-08,,Active
NNEX,Tradr 2X Long NNE Daily ETF,BATS,ETF,2025-11-13,,Active
NNI,Nelnet Inc - Class A,NYSE,Stock,2003-12-12,,Active
NNN,NNN REIT Inc,NYSE,Stock,1990-03-26,,Active
NNNN,Anbio Biotechnology - Class A,NASDAQ,Stock,2025-02-19,,Active
NNOV,Innovator Growth100 Power Buffer ETF November,BATS,ETF,2024-11-01,,Active
NNOX,Nano X Imaging Ltd,NASDAQ,Stock,2020-08-21,,Active
NNVC,NanoViricides Inc,AMEX,Stock,2005-10-26,,Active
NNY,Nuveen New York Municipal Value Fund,NYSE,ETF,1987-10-07,,Active
NOA,North American Construction Group Ltd,NYSE,Stock,2006-11-22,,Active
NOAC,Natural Order Acquisition Corp,NASDAQ,Stock,2021-01-29,,Active
NOACU,Natural Order Acquisition Corp - Units (1 Ord & 1 War),NASDAQ,Stock,2020-11-11,,Active
NOACW,Natural Order Acquisition Corp - Warrants (15/09/2025),NASDAQ,Stock,2021-01-29,,Active
NOAH,Noah Holdings Ltd,NYSE,Stock,2010-11-10,,Active
NOBL,PROSHARES S&P 500 DIVIDEND ARISTOCRATS ETF ,BATS,ETF,2013-10-10,,Active
NOC,Northrop Grumman Corp,NYSE,Stock,1981-12-31,,Active
NOCT,Innovator Growth-100 Power Buffer ETF- October,BATS,ETF,2019-10-01,,Active
NODE,ONCHAIN ECONOMY ETF ,BATS,ETF,2025-05-14,,Active
NODK,NI Holdings Inc,NASDAQ,Stock,2017-03-16,,Active
NOEM,CO2 Energy Transition Corp,NASDAQ,Stock,2025-01-16,,Active
NOEMR,CO2 Energy Transition Corp,NASDAQ,Stock,2025-01-16,,Active
NOEMU,CO2 Energy Transition Corp - Units (1 Ord1 War & 1 Rts),NASDAQ,Stock,2024-11-21,,Active
NOEMW,CO2 Energy Transition Corp - Warrants(23/10/2029),NASDAQ,Stock,2025-01-16,,Active
NOEQ,Northern Trust US Equity,NYSE,Stock,2026-03-23,,Active
NOG,Northern Oil and Gas Inc,NYSE,Stock,2007-04-13,,Active
NOK,Nokia Corp,NYSE,Stock,1994-01-03,,Active
NOM,Nuveen Missouri Quality Municipal Income Fund,NYSE,ETF,1995-08-18,,Active
NOMA,Nomadar Corp - Class A,NASDAQ,Stock,2025-10-31,,Active
NOMD,Nomad Foods Ltd,NYSE,Stock,2016-01-04,,Active
NORW,GLOBAL X MSCI NORWAY ETF ,NYSE,ETF,2009-08-19,,Active
NOTE-WS,FiscalNote Holdings Inc Warrants to purchase one share of Class A common stock each at an exercise price of 11.50 per share,NYSE,Stock,2022-08-01,,Active
NOV,NOV Inc,NYSE,Stock,1996-10-29,,Active
NOVM,FT VEST U.S. EQUITY MAX BUFFER ETF - NOVEMBER ,BATS,ETF,2024-11-18,,Active
NOVP,PGIM S&P 500 BUFFER 12 ETF - NOVEMBER ,BATS,ETF,2024-05-22,,Active
NOVT,Novanta Inc,NASDAQ,Stock,2016-01-04,,Active
NOVTU,Novanta Inc,NASDAQ,Stock,2025-11-12,,Active
NOVV,Nova Vision Acquisition Corp,NASDAQ,Stock,2021-10-01,,Active
NOVVR,Nova Vision Acquisition Corp,NASDAQ,Stock,2021-09-30,,Active
NOVVU,Nova Vision Acquisition Corp - Unit (1 Ordinary share 1 Wrt & 1 Rts),NASDAQ,Stock,2021-08-06,,Active
NOVVW,Nova Vision Acquisition Corp - Warrants (31/12/2028),NASDAQ,Stock,2021-10-01,,Active
NOW,ServiceNow Inc,NYSE,Stock,2012-06-29,,Active
NOWL,GRANITESHARES 2X LONG NOW DAILY ETF ,NASDAQ,ETF,2025-07-15,,Active
NOWX,Corgi NOW 2x Daily ETF,BATS,ETF,2026-07-14,,Active
NP,Neptune Insurance Holdings Inc - Class A,NYSE,Stock,2025-10-01,,Active
NPAC,New Providence Acquisition Corp III - Class A,NASDAQ,Stock,2025-06-16,,Active
NPACU,New Providence Acquisition Corp III - Units (1 Ord Share Class A & 1/3 War),NASDAQ,Stock,2025-04-24,,Active
NPACW,New Providence Acquisition Corp III - Warrants (24/04/2030),NASDAQ,Stock,2025-06-17,,Active
NPB,Northpointe Bancshares Inc,NYSE,Stock,2025-02-14,,Active
NPCE,NeuroPace Inc,NASDAQ,Stock,2021-04-22,,Active
NPCT,Nuveen Core Plus Impact Fund,NYSE,Stock,2021-04-28,,Active
NPFD,Nuveen Variable Rate Preferred & Income Fund,NYSE,Stock,2021-12-16,,Active
NPFE,NPF Core Equity,BATS,Stock,2026-03-11,,Active
NPFI,NUVEEN PREFERRED AND INCOME ETF ,NASDAQ,ETF,2024-03-06,,Active
NPK,National Presto Industries Inc,NYSE,Stock,1987-12-30,,Active
NPKI,Newpark Resources Inc,NYSE,Stock,1991-09-26,,Active
NPO,EnPro Industries Inc,NYSE,Stock,2002-05-24,,Active
NPT,Texxon Holding Ltd,NASDAQ,Stock,2025-10-22,,Active
NPV,Nuveen Virginia Quality Municipal Income Fund,NYSE,ETF,1994-10-27,,Active
NPWR,NET Power Inc - Class A,NYSE,Stock,2021-08-06,,Active
NPWR-WS,NET Power Inc - Warrants (01/01/9999),NYSE,Stock,2021-08-06,,Active
NQLT,Neuberger Quality Select ETF,NYSE ARCA,ETF,2026-07-13,,Active
NQP,Nuveen Pennsylvania Quality Municipal Income Fund,NYSE,ETF,1991-02-21,,Active
NRC,National Research Corp,NASDAQ,Stock,2013-05-23,,Active
NRDS,Nerdwallet Inc - Class A,NASDAQ,Stock,2021-11-04,,Active
NRDY,Nerdy Inc - Class A,NYSE,Stock,2020-11-27,,Active
NREF,NexPoint Real Estate Finance Inc,NYSE,Stock,2020-02-07,,Active
NREF-P-A,NexPoint Real Estate Finance Inc,NYSE,Stock,2020-07-20,,Active
NRES,XTRACKERS RREEF GLOBAL NATURAL RESOURCES ETF ,NASDAQ,ETF,2024-02-27,,Active
NRGD,Bank of Montreal,NYSE ARCA,Stock,2019-04-10,,Active
NRGU,Bank of Montreal,NYSE ARCA,Stock,2019-04-10,,Active
NRGV,Energy Vault Holdings Inc,NYSE,Stock,2022-02-14,,Active
NRIM,Northrim Bancorp Inc,NASDAQ,Stock,1993-10-25,,Active
NRIX,Nurix Therapeutics Inc,NASDAQ,Stock,2020-07-24,,Active
NRK,Nuveen New York AMT-Free Quality Municipal Income Fund,NYSE,ETF,2003-01-16,,Active
NRO,Neuberger Berman Real Estate Securities Income Fund Inc,AMEX,ETF,2003-10-29,,Active
NRO-R,Neuberger Berman Real Estate Securities Income Fund Inc Rights expiring February 19 2025 Rights,AMEX,Stock,2025-01-24,,Active
NRO-R-W,Neuberger Berman Real Estate Securities Income Fund Inc Rights expiring February 19 2025 Rights when issued,AMEX,Stock,2025-01-23,,Active
NRP,Natural Resource Partners LP,NYSE,Stock,2002-10-11,,Active
NRSH,AZTLAN NORTH AMERICA NEARSHORING STOCK SELECTION ETF ,NYSE,ETF,2023-11-30,,Active
NRSN,NeuroSense Therapeutics Ltd,NASDAQ,Stock,2021-12-09,,Active
NRSNW,NeuroSense Therapeutics Ltd - Warrants (09/11/2026),NASDAQ,Stock,2021-12-09,,Active
NRT,North European Oil Royalty Trust,NYSE,Stock,1987-12-30,,Active
NRUC,National Rural Utilities Coop Finance Corp,NYSE,Stock,2019-05-08,,Active
NRXP,NRX Pharmaceuticals Inc,NASDAQ,Stock,2017-12-04,,Active
NRXS,Neuraxis Inc,AMEX,Stock,2023-08-09,,Active
NSAI,NorthStrive Acquisition Corp I. - Class A,NASDAQ,Stock,2026-09-02,,Active
NSAIR,NorthStrive Acquisition Corp I.,NASDAQ,Stock,2026-09-02,,Active
NSAIU,NorthStrive Acquisition Corp I. - Unit (1 Ord Class A 1 RTS & 1 War),NASDAQ,Stock,2026-08-18,,Active
NSAIW,NorthStrive Acquisition Corp I. - Warrants (11/08/2031),NASDAQ,Stock,2026-09-02,,Active
NSC,Norfolk Southern Corp,NYSE,Stock,1982-06-02,,Active
NSCI,Nuveen Securitized Income ETF,NYSE,ETF,2025-09-24,,Active
NSEP,Innovator Growth-100 Power Buffer ETF - September,BATS,ETF,2024-09-03,,Active
NSI,NATIONAL SECURITY EMERGING MARKETS INDEX ETF ,NASDAQ,ETF,2023-12-07,,Active
NSIG,North Square Growth Opportunities ETF,NYSE ARCA,ETF,2026-07-09,,Active
NSIT,Insight Enterprises Inc,NASDAQ,Stock,1995-01-25,,Active
NSIV,North Square Disciplined Value ETF,NYSE ARCA,ETF,2026-07-09,,Active
NSL,Nuveen Senior Income Fund,NYSE,ETF,1999-10-27,,Active
NSLR,Neostellar Capital Corp Com,NASDAQ,Stock,2026-06-30,,Active
NSLRL,Neostellar Capital Corp 6.00 Notes due 2026,NASDAQ,Stock,2026-07-01,,Active
NSP,Insperity Inc,NYSE,Stock,1997-01-29,,Active
NSPL,NightShares 500 1x/1.5x ETF,NYSE ARCA,ETF,2022-10-06,,Active
NSPR,InspireMD Inc,NASDAQ,Stock,2011-04-12,,Active
NSRX,Nasus Pharma Ltd,AMEX,Stock,2025-08-13,,Active
NSSC,NAPCO Security Technologies Inc,NASDAQ,Stock,1990-03-26,,Active
NSTS,NSTS Bancorp Inc,NASDAQ,Stock,2022-01-19,,Active
NSYS,Nortech Systems Inc,NASDAQ,Stock,1993-06-24,,Active
NTAL,GraniteShares 2x Long NTAP Daily ETF,NASDAQ,ETF,2026-07-14,,Active
NTAP,Netapp Inc,NASDAQ,Stock,1995-11-21,,Active
NTB,Bank of N T Butterfield & Son Ltd,NYSE,Stock,2016-09-16,,Active
NTBL,Notable Labs Inc Ord,NASDAQ,Stock,2023-10-17,,Active
NTCL,NetClass Technology Inc - Class A,NASDAQ,Stock,2024-12-13,,Active
NTCT,Netscout Systems Inc,NASDAQ,Stock,1999-08-12,,Active
NTES,NetEase Inc,NASDAQ,Stock,2000-06-30,,Active
NTEST,NTEST,NYSE,Stock,2016-09-19,,Active
NTEST-A,NTESTA,NYSE,Stock,2016-09-19,,Active
NTEST-B,NTESTB,NYSE,Stock,2016-09-21,,Active
NTEST-C,NTESTC,NYSE,Stock,2016-09-27,,Active
NTEST-G,,NYSE,Stock,2019-07-17,,Active
NTEST-H,,NYSE,Stock,2019-07-12,,Active
NTEST-I,,NYSE,Stock,2019-07-12,,Active
NTEST-J,,NYSE,Stock,2019-07-12,,Active
NTEST-K,,NYSE,Stock,2019-07-12,,Active
NTEST-L,,NYSE,Stock,2019-07-17,,Active
NTEST-M,,NYSE,Stock,2019-07-15,,Active
NTEST-N,,NYSE,Stock,2019-07-16,,Active
NTEST-O,,NYSE,Stock,2019-07-17,,Active
NTEST-P,,NYSE,Stock,2019-06-24,,Active
NTEST-Q,,NYSE,Stock,2019-07-17,,Active
NTEST-Y,,NYSE,Stock,2019-07-30,,Active
NTEST-Z,,NYSE,Stock,2019-07-30,,Active
NTG,Tortoise Midstream Energy Fund Inc,NYSE,ETF,2010-07-29,,Active
NTGR,Netgear Inc,NASDAQ,Stock,2003-07-31,,Active
NTHI,NeOnc Technologies Holdings Inc,NASDAQ,Stock,2025-03-26,,Active
NTIC,Northern Technologies International Corp,NASDAQ,Stock,1993-09-13,,Active
NTIP,Network-1 Technologies Inc,AMEX,Stock,2013-10-25,,Active
NTLA,Intellia Therapeutics Inc,NASDAQ,Stock,2016-05-06,,Active
NTNX,Nutanix Inc - Class A,NASDAQ,Stock,2016-09-30,,Active
NTR,Nutrien Ltd,NYSE,Stock,2018-01-02,,Active
NTRA,Natera Inc,NASDAQ,Stock,2015-07-02,,Active
NTRB,Nutriband Inc,NASDAQ,Stock,2017-11-30,,Active
NTRBW,Nutriband Inc - Warrants (30/09/2026),NASDAQ,Stock,2021-10-01,,Active
NTRP,Neurotrope Inc,NASDAQ,Stock,2013-10-02,,Active
NTRS,Northern Trust Corp,NASDAQ,Stock,1990-03-26,,Active
NTRSO,Northern Trust Corp,NASDAQ,Stock,2019-10-30,,Active
NTSD,WISDOMTREE EFFICIENT U.S. PLUS INTERNATIONAL EQUITY FUND ,NYSE,ETF,2026-03-19,,Active
NTSE,WISDOMTREE EMERGING MARKETS EFFICIENT CORE FUND ,NYSE,ETF,2021-05-20,,Active
NTSI,WISDOMTREE INTERNATIONAL EFFICIENT CORE FUND ,NYSE,ETF,2021-05-20,,Active
NTSK,Netskope Inc - Class A,NASDAQ,Stock,2025-09-18,,Active
NTST,Netstreit Corp,NYSE,Stock,2020-08-13,,Active
NTSX,WISDOMTREE U.S. EFFICIENT CORE FUND ,NYSE,ETF,2018-08-02,,Active
NTWK,Netsol Technologies Inc,NASDAQ,Stock,1998-09-25,,Active
NTWO,,NASDAQ,Stock,2024-12-27,,Active
NTWOU,Newbury Street II Acquisition Corp - Units (1 Ord Cls A & 1/2 War),NASDAQ,Stock,2024-11-01,,Active
NTWOW,Newbury Street II Acquisition Corp Warrant,NASDAQ,Stock,2024-12-30,,Active
NU,Nu Holdings Ltd Class A,NYSE,Stock,2021-12-09,,Active
NUAG,NUVEEN ENHANCED YIELD U.S. AGGREGATE BOND ETF ,NYSE,ETF,2016-09-15,,Active
NUAI,New Era Energy & Digital Inc,NASDAQ,Stock,2024-12-09,,Active
NUAIW,New Era Energy & Digital Inc Warrants,NASDAQ,Stock,2025-08-13,,Active
NUBD,NUVEEN ESG U.S. AGGREGATE BOND ETF ,NYSE,ETF,2017-10-02,,Active
NUCL,Eagle Nuclear Energy Corp,NASDAQ,Stock,2026-02-25,,Active
NUCLW,Eagle Nuclear Energy Corp - Warrants (25/02/2031),NASDAQ,Stock,2026-02-25,,Active
NUDG,NUVEEN DIVIDEND GROWTH FUND ETF CLASS,NYSE ARCA,Stock,2026-06-03,,Active
NUDM,NUVEEN ESG INTERNATIONAL DEVELOPED MARKETS EQUITY ETF ,BATS,ETF,2017-06-13,,Active
NUDV,NUVEEN ESG DIVIDEND ETF ,BATS,ETF,2021-09-28,,Active
NUE,Nucor Corp,NYSE,Stock,1983-09-01,,Active
NUEM,NUVEEN ESG EMERGING MARKETS EQUITY ETF ,BATS,ETF,2017-06-13,,Active
NUG,Leverage Shares 2X Long NU Daily ETF,NASDAQ,ETF,2025-11-17,,Active
NUGO,NUVEEN GROWTH OPPORTUNITIES ETF ,NYSE,ETF,2021-09-28,,Active
NUGT,DIREXION DAILY GOLD MINERS INDEX BULL 2X SHARES ,NYSE,ETF,2010-12-08,,Active
NUGY,GRANITESHARES YIELDBOOST GOLD MINERS ETF ,NASDAQ,ETF,2025-11-18,,Active
NUHY,NUVEEN ESG HIGH YIELD CORPORATE BOND ETF ,NYSE,ETF,2019-09-26,,Active
NUIF,Nuveen US Infrastructure ETF,NASDAQ,Stock,2026-06-18,,Active
NUKX,NICHOLAS NUCLEAR INCOME ETF ,NYSE,ETF,2026-03-03,,Active
NUKZ,RANGE NUCLEAR RENAISSANCE INDEX ETF ,NYSE,ETF,2024-01-24,,Active
NULC,NUVEEN ESG LARGE-CAP ETF ,BATS,ETF,2019-06-04,,Active
NULG,NUVEEN ESG LARGE-CAP GROWTH ETF ,BATS,ETF,2016-12-14,,Active
NULV,NUVEEN ESG LARGE-CAP VALUE ETF ,BATS,ETF,2016-12-14,,Active
NUMG,NUVEEN ESG MID-CAP GROWTH ETF ,BATS,ETF,2016-12-14,,Active
NUMI,NUVEEN MUNICIPAL INCOME ETF ,NYSE,ETF,2025-01-23,,Active
NUMV,NUVEEN ESG MID-CAP VALUE ETF ,BATS,ETF,2016-12-14,,Active
NUO,Nuveen Ohio Quality Municipal Income Fund,NYSE,ETF,1991-10-17,,Active
NUR,Nuran Wireless Inc,NASDAQ,Stock,2026-06-15,,Active
NURE,NUVEEN SHORT-TERM REIT ETF ,BATS,ETF,2016-12-20,,Active
NUS,Nu Skin Enterprises Inc - Class A,NYSE,Stock,1996-11-22,,Active
NUSA,NUVEEN ESG 1-5 YEAR U.S. AGGREGATE BOND ETF ,NYSE,ETF,2017-04-03,,Active
NUSB,NUVEEN ULTRA SHORT INCOME ETF ,NASDAQ,ETF,2024-03-06,,Active
NUSC,NUVEEN ESG SMALL-CAP ETF ,BATS,ETF,2016-12-14,,Active
NUTR,Nusatrip Inc,NASDAQ,Stock,2025-08-15,,Active
NUTX,Nutex Health Inc,NASDAQ,Stock,2013-04-08,,Active
NUV,Nuveen Municipal Value Fund Inc,NYSE,ETF,1987-06-17,,Active
NUVB,Nuvation Bio Inc - Class A,NYSE,Stock,2020-08-24,,Active
NUVB-WS,Nuvation Bio Inc Warrants,NYSE,Stock,2021-02-11,,Active
NUVO,Nuvo Group Ltd,NYSE MKT,Stock,2024-08-30,,Active
NUW,Nuveen AMT-Free Municipal Value Fund,NYSE,ETF,2009-02-25,,Active
NUWE,Nuwellis Inc,NASDAQ,Stock,2012-02-16,,Active
NVA,Nova Minerals Corp,NYSE MKT,Stock,2026-06-17,,Active
NVA-WS,Nova Minerals Corp - Warrants (01/01/9999),NYSE MKT,Stock,2026-06-17,,Active
NVAX,Novavax Inc,NASDAQ,Stock,1995-12-13,,Active
NVBT,ALLIANZIM U.S. EQUITY BUFFER10 NOV ETF ,BATS,ETF,2022-11-01,,Active
NVBU,ALLIANZIM U.S. EQUITY BUFFER15 UNCAPPED NOV ETF ,BATS,ETF,2024-11-01,,Active
NVBW,ALLIANZIM U.S. EQUITY BUFFER20 NOV ETF ,BATS,ETF,2022-11-01,,Active
NVC,Corgi NVDA 2x Daily ETF,BATS,ETF,2026-06-30,,Active
NVCR,NovoCure Ltd,NASDAQ,Stock,2015-10-02,,Active
NVCT,Nuvectis Pharma Inc,NASDAQ,Stock,2022-02-04,,Active
NVD,GRANITESHARES 2X SHORT NVDA DAILY ETF ,NASDAQ,ETF,2023-08-22,,Active
NVDA,NVIDIA Corp,NASDAQ,Stock,1999-01-22,,Active
NVDB,AXS 1.25X NVDA BULL DAILY ETF ,NYSE,ETF,2025-09-10,,Active
NVDD,DIREXION DAILY NVDA BEAR 1X SHARES ,NASDAQ,ETF,2023-09-13,,Active
NVDG,LEVERAGE SHARES 2X LONG NVDA DAILY ETF ,NASDAQ,ETF,2024-12-13,,Active
NVDL,GRANITESHARES 2X LONG NVDA DAILY ETF ,NASDAQ,ETF,2022-12-13,,Active
NVDO,LEVERAGE SHARES 2X CAPPED ACCELERATED NVDA MONTHLY ETF ,BATS,ETF,2025-08-13,,Active
NVDQ,T-REX 2X INVERSE NVIDIA DAILY TARGET ETF ,BATS,ETF,2023-10-19,,Active
NVDS,TRADR 1.5X SHORT NVDA DAILY ETF ,NASDAQ,ETF,2022-07-14,,Active
NVDU,DIREXION DAILY NVDA BULL 2X SHARES ,NASDAQ,ETF,2023-09-13,,Active
NVDW,ROUNDHILL NVDA WEEKLYPAY ETF ,BATS,ETF,2025-06-02,,Active
NVDX,T-REX 2X LONG NVIDIA DAILY TARGET ETF ,BATS,ETF,2023-10-19,,Active
NVDY,YIELDMAX(R) NVDA OPTION INCOME STRATEGY ETF ,NYSE,ETF,2023-05-11,,Active
NVEC,NVE Corp,NASDAQ,Stock,1996-09-11,,Active
NVG,Nuveen AMT-Free Municipal Credit Income Fund,NYSE,ETF,2002-09-12,,Active
NVGS,Navigator Holdings Ltd,NYSE,Stock,2007-01-09,,Active
NVIB,Direxion NVDA Defined Income Boost ETF,BATS,ETF,2026-07-29,,Active
NVII,REX NVDA GROWTH & INCOME ETF ,BATS,ETF,2025-05-28,,Active
NVIR,HORIZON KINETICS ENERGY AND REMEDIATION ETF ,NYSE,ETF,2023-02-22,,Active
NVIT,YIELDMAX(R) NVDA PERFORMANCE & DISTRIBUTION TARGET 25(TM) ETF ,BATS,ETF,2025-11-18,,Active
NVMI,Nova Ltd,NASDAQ,Stock,2000-04-11,,Active
NVNI,Nvni Group Ltd,NASDAQ,Stock,2023-09-29,,Active
NVNIW,Nvni Group Ltd - Warrants (01/11/2028),NASDAQ,Stock,2023-10-02,,Active
NVNO,enVVeno Medical Corporation,NASDAQ,Stock,2018-05-31,,Active
NVO,Novo Nordisk,NYSE,Stock,1982-01-04,,Active
NVOC,Corgi NVO 2x Daily ETF,BATS,ETF,2026-07-14,,Active
NVOH,NOVO NORDISK A/S (B SHARES) ADRHEDGED ,NYSE,ETF,2025-01-07,,Active
NVOX,DEFIANCE DAILY TARGET 2X LONG NVO ETF ,NYSE,ETF,2024-12-03,,Active
NVR,NVR Inc,NYSE,Stock,1985-07-22,,Active
NVRI,Enviri Corp,NYSE,Stock,2026-05-27,,Active
NVRI-W,Enviri Corporation When-Issued,NYSE,Stock,2026-05-27,,Active
NVS,Novartis AG,NYSE,Stock,1996-11-07,,Active
NVSAU,New Vista Acquisition Corp - Units (1 Ord Share Class A & 1/3 War),NASDAQ,Stock,2021-02-17,,Active
NVST,Envista Holdings Corp,NYSE,Stock,2019-09-18,,Active
NVTC,Corgi NVTS 2x Daily ETF,BATS,ETF,2026-07-07,,Active
NVTS,Navitas Semiconductor Corp,NASDAQ,Stock,2021-01-25,,Active
NVTX,TRADR 2X LONG NVTS DAILY ETF ,BATS,ETF,2025-09-09,,Active
NVW,Roundhill NVDA WeeklyPay ETF,AMEX,ETF,2025-02-19,,Active
NVX,Novonix Ltd,NASDAQ,Stock,2022-02-02,,Active
NVYY,GraniteShares YieldBOOST NVDA ETF,NASDAQ,ETF,2025-05-13,,Active
NWAX,New America Acquisition I Corp Class A,NYSE,Stock,2026-01-26,,Active
NWAX-U,New America Acquisition I Corp - Units (1 Ord Cls A & 1/2 War),NYSE,Stock,2025-12-04,,Active
NWAX-WS,New America Acquisition I Corp Warrants each whole warrant is exercisable to purchase one share of Class A common stock,NYSE,Stock,2026-01-26,,Active
NWBI,Northwest Bancshares Inc,NASDAQ,Stock,1994-11-08,,Active
NWE,NorthWestern Energy Group Inc,NASDAQ,Stock,2007-12-28,,Active
NWFL,Norwood Financial Corp,NASDAQ,Stock,1998-03-04,,Active
NWG,NatWest Group Plc,NYSE,Stock,2007-10-18,,Active
NWGL,Nature Wood Group Ltd,NASDAQ,Stock,2023-09-12,,Active
NWL,Newell Brands Inc,NASDAQ,Stock,1984-07-19,,Active
NWMX,Tradr 2X Long NEM Daily ETF,BATS,ETF,2025-10-23,,Active
NWN,Northwest Natural Holding Company,NYSE,Stock,1990-03-26,,Active
NWPX,Northwest Pipe Company,NASDAQ,Stock,1995-11-30,,Active
NWS,News Corp - Class B,NASDAQ,Stock,2013-06-19,,Active
NWSA,News Corp - Class A,NASDAQ,Stock,2013-06-19,,Active
NWTG,Newton Golf Company,NASDAQ,Stock,2023-08-15,,Active
NX,Quanex Building Products Corp,NYSE,Stock,1987-12-30,,Active
NXAT,Nexus Advanced Technologies Inc Ord New,NASDAQ,Stock,2026-09-08,,Active
NXATW,Nexus Advanced Technologies Inc Wt Exp,NASDAQ,Stock,2026-09-09,,Active
NXB,Off The Hook YS Inc,NYSE MKT,Stock,2025-11-13,,Active
NXC,Nuveen California Select Tax-Free Income Portfolio,NYSE,ETF,1992-06-19,,Active
NXDR,Nextdoor Holdings Inc - Class A,NYSE,Stock,2021-03-24,,Active
NXDT,NexPoint Diversified Real Estate Trust,NYSE,Stock,2021-11-08,,Active
NXDT-P-A,NexPoint Diversified Real Estate Trust,NYSE,Stock,2021-11-08,,Active
NXE,NexGen Energy Ltd,NYSE,Stock,2016-01-04,,Active
NXG,Cushing NextGen Infrastructure Income Fund,NYSE,ETF,2012-09-26,,Active
NXG-R,NXG NextGen Infrastructure Income Fund Rights expiring July 17 2024 Rights,NYSE,Stock,2024-06-24,,Active
NXG-R-W,NXG NextGen Infrastructure Income Fund Rights expiring August 13 2025 Rights when issued,NYSE,Stock,2025-07-18,,Active
NXGL,Nexgel Inc,NASDAQ,Stock,2021-12-22,,Active
NXGLW,Nexgel Inc - Warrants (17/12/2026),NASDAQ,Stock,2021-12-22,,Active
NXH,Bed Bath,NASDAQ,Stock,2026-08-14,,Active
NXJ,Nuveen New Jersey Quality Municipal Income Fund,NYSE,ETF,2002-09-12,,Active
NXL,Nexalin Technology Inc,NASDAQ,Stock,2022-09-16,,Active
NXN,Nuveen New York Select Tax-Free Income Portfolio,NYSE,ETF,1992-06-19,,Active
NXP,Nuveen Select Tax-Free Income Portfolio,NYSE,ETF,1992-03-19,,Active
NXPG,Leverage Shares 2X Long NXPI Daily,BATS,Stock,2026-06-02,,Active
NXPI,NXP Semiconductors NV,NASDAQ,Stock,2010-08-06,,Active
NXPL,NextPlat Corp,NASDAQ,Stock,2014-05-20,,Active
NXPX,Tradr 2X Long NXPI Daily,BATS,ETF,2026-05-28,,Active
NXRT,NexPoint Residential Trust Inc,NYSE,Stock,2015-03-19,,Active
NXST,Nexstar Media Group Inc,NASDAQ,Stock,2003-11-25,,Active
NXT,Nextpower Inc,NASDAQ,Stock,2023-02-09,,Active
NXT(EXP20091224),Nextracker Inc,NASDAQ,Stock,2023-02-09,,Active
NXTC,Nextcure Inc,NASDAQ,Stock,2019-05-09,,Active
NXTE,AXS GREEN ALPHA ETF ,NYSE,ETF,2022-09-29,,Active
NXTG,FIRST TRUST INDXX NEXTG ETF ,NASDAQ,ETF,2011-02-18,,Active
NXTI,SIMPLIFY NEXT INTANGIBLE CORE INDEX ETF ,BATS,ETF,2024-04-16,,Active
NXTS,Nexentis Technologies Inc,NASDAQ,Stock,2017-10-18,,Active
NXTT,Next Technology Holding Inc,NASDAQ,Stock,2020-07-23,,Active
NXUS,NUVEEN INTERNATIONAL AGGREGATE BOND ETF ,NYSE,ETF,2025-09-24,,Active
NXXT,NextNRG Inc,NASDAQ,Stock,2021-09-15,,Active
NYAX,Nayax Ltd,NASDAQ,Stock,2022-06-03,,Active
NYC,American Strategic Investment Co - Class A,NYSE,Stock,2020-08-18,,Active
NYCB- PR-U,New York Community Capital Trust V Bifurcated Opt Nts Unit Secs Bonuses,NYSE,Stock,2026-02-06,,Active
NYCB-P-U,New York Community Bancorp Inc Capital Tr V BONUSES,NYSE,Stock,2003-05-02,,Active
NYF,ISHARES NEW YORK MUNI BOND ETF ,NYSE,ETF,2007-10-11,,Active
NYMT,,NASDAQ,Stock,2026-02-06,,Active
NYMTH,New York Mortgage Trust Inc 9.875 Senior Notes Due 2030,NASDAQ,Stock,2025-07-09,,Active
NYNY,Corgi NYC Based ETF,BATS,ETF,2026-05-06,,Active
NYSX,GLOBAL X NYSE 100 ETF ,NYSE,ETF,2026-03-26,,Active
NYT,New York Times Co. - Class A,NYSE,Stock,1973-05-03,,Active
NYXH,Nyxoah SA,NASDAQ,Stock,2021-04-28,,Active
NYYY,XETFS NVDA DAILY INCOME ETF ,NYSE,ETF,2026-05-15,,Active
NZAC,STATE STREET(R) SPDR(R) MSCI ACWI CLIMATE PARIS ALIGNED ETF ,NASDAQ,ETF,2014-11-26,,Active
NZF,Nuveen Municipal Credit Income Fund,NYSE,ETF,2001-10-03,,Active
NZRO,STRATEGY SHARES HALT CLIMATE CHANGE ETF ,NASDAQ,ETF,2022-01-11,,Active
O,Realty Income Corp,NYSE,Stock,1994-10-18,,Active
OABI,OmniAb Inc,NASDAQ,Stock,2022-11-02,,Active
OABIW,OmniAb Inc - Warrants (01/11/2027),NASDAQ,Stock,2021-09-30,,Active
OACC,Oaktree Acquisition Corp III Life Sciences - Class A,NASDAQ,Stock,2024-12-16,,Active
OACCU,Oaktree Acquisition Corp III Life Sciences - Units (1 Ordinary Cls A & 1/5 Warr),NASDAQ,Stock,2024-10-24,,Active
OACCW,Oaktree Acquisition Corp III Life Sciences - Warrants(04/10/2029),NASDAQ,Stock,2024-12-16,,Active
OACP,ONEASCENT CORE PLUS BOND ETF ,NYSE,ETF,2022-03-31,,Active
OAEM,ONEASCENT EMERGING MARKETS ETF ,NYSE,ETF,2022-09-15,,Active
OAIM,ONEASCENT INTERNATIONAL EQUITY ETF ,NYSE,ETF,2022-09-16,,Active
OAIW,OpenAI Lab Ecosystem ETF,NYSE ARCA,ETF,2026-08-13,,Active
OAK-P-A,Oaktree Capital Group LLC,NYSE,Stock,2018-05-11,,Active
OAK-P-B,Oaktree Capital Group LLC,NYSE,Stock,2018-08-03,,Active
OAKG,OAKMARK GLOBAL LARGE CAP ETF ,NYSE,ETF,2025-12-11,,Active
OAKI,OAKMARK INTERNATIONAL LARGE CAP ETF ,NYSE,ETF,2025-12-11,,Active
OAKM,OAKMARK U.S. LARGE CAP ETF ,NYSE,ETF,2024-12-03,,Active
OALC,ONEASCENT LARGE CAP CORE ETF ,NYSE,ETF,2021-11-16,,Active
OARK,YIELDMAX(R) INNOVATION OPTION INCOME STRATEGY ETF ,NYSE,ETF,2022-11-23,,Active
OASC,ONEASCENT SMALL CAP CORE ETF ,NYSE,ETF,2024-06-13,,Active
OBA,Oxley Bridge Acquisition Ltd - Class A,NASDAQ,Stock,2025-08-15,,Active
OBAI,TG-17 Inc,NASDAQ,Stock,2026-02-04,,Active
OBAWU,Oxley Bridge Acquisition Ltd - Units (1 Ord Cls A & 1/2 War),NASDAQ,Stock,2025-06-25,,Active
OBAWW,Oxley Bridge Acquisition Ltd - Warrants (17/06/2030),NASDAQ,Stock,2025-08-15,,Active
OBDC,Blue Owl Capital Corp,NYSE,Stock,2019-07-18,,Active
OBE,Obsidian Energy Ltd,AMEX,Stock,2020-04-02,,Active
OBIL,F/M US TREASURY 12 MONTH BILL ETF ,NASDAQ,ETF,2022-11-15,,Active
OBIO,Orchestra BioMed Holdings Inc,NASDAQ,Stock,2020-08-04,,Active
OBK,Origin Bancorp Inc,NYSE,Stock,2018-05-08,,Active
OBND,STATE STREET(R) LOOMIS SAYLES OPPORTUNISTIC BOND ETF ,BATS,ETF,2021-09-28,,Active
OBOR,KRANESHARES MSCI ONE BELT ONE ROAD INDEX ETF ,NYSE,ETF,2017-09-08,,Active
OBT,Orange County Bancorp Inc,NASDAQ,Stock,2007-10-04,,Active
OBTC,Osprey Funds LLC,NASDAQ,Stock,2021-02-12,,Active
OBX,Obsidian Therapeutics Inc,NASDAQ,Stock,2026-07-13,,Active
OC,Owens Corning,NYSE,Stock,2006-11-01,,Active
OCAC,Ocean Capital Acquisition Corp,NYSE,Stock,2026-08-03,,Active
OCAC-R,Ocean Capital Acquisition Corporation Rights each entitling the holder to receive one ordinary share,NYSE,Stock,2026-08-03,,Active
OCAC-U,Ocean Capital Acquisition Corp - Units (1 Ord Shs1 Rts & 1 War ),NYSE,Stock,2026-06-09,,Active
OCAC-WS,Ocean Capital Acquisition Corporation Warrants each exercisable for one ordinary share,NYSE,Stock,2026-08-03,,Active
OCC,Optical Cable Corp,NASDAQ,Stock,1996-04-02,,Active
OCCI,OFS Credit Company Inc,NASDAQ,Stock,2018-10-05,,Active
OCCIM,OFS Credit Company Inc,NASDAQ,Stock,2024-10-03,,Active
OCCIN,OFS Credit Company Inc,NASDAQ,Stock,2021-12-06,,Active
OCDB,Aptus October Deep Buffer,BATS,Stock,2026-05-06,,Active
OCFC,OceanFirst Financial Corp,NASDAQ,Stock,1996-07-03,,Active
OCG,Oriental Culture Holding Ltd,NASDAQ,Stock,2020-12-15,,Active
OCGN,Ocugen Inc,NASDAQ,Stock,2014-12-03,,Active
OCIO,CLEARSHARES OCIO ETF ,NYSE,ETF,2017-06-27,,Active
OCLT,Oceanlight Acquisition Corp,NASDAQ,Stock,2026-09-11,,Active
OCLTR,Oceanlight Acquisition Corp,NASDAQ,Stock,2026-09-11,,Active
OCLTU,Oceanlight Acquisition Corp - Units (1 Ord 1War & 1 Rts),NASDAQ,Stock,2026-08-07,,Active
OCLTW,Oceanlight Acquisition Corp - Warrants (09/07/2031),NASDAQ,Stock,2026-09-11,,Active
OCNL,T-REX 2X Long DOCN Daily Target ETF,BATS,ETF,2026-08-06,,Active
OCS,Oculis Holding AG,NASDAQ,Stock,2023-03-02,,Active
OCSAW,Oculis Holding AG - Warrants (02/03/2028),NASDAQ,Stock,2023-03-03,,Active
OCSL,Oaktree Specialty Lending Corp,NASDAQ,Stock,2008-06-12,,Active
OCTA,OCTANE ALL-CAP VALUE ENERGY ETF ,NASDAQ,ETF,2026-02-06,,Active
OCTB,APTUS OCTOBER BUFFER ETF ,BATS,ETF,2025-10-14,,Active
OCTH,Innovator Premium Income 20 Barrier ETF - October,BATS,ETF,2023-10-02,,Active
OCTJ,Innovator Premium Income 30 Barrier ETF - October,BATS,ETF,2023-10-02,,Active
OCTM,FT VEST U.S. EQUITY MAX BUFFER ETF - OCTOBER ,BATS,ETF,2024-10-21,,Active
OCTP,PGIM S&P 500 BUFFER 12 ETF - OCTOBER ,BATS,ETF,2024-05-17,,Active
OCTT,ALLIANZIM U.S. EQUITY BUFFER10 OCT ETF ,BATS,ETF,2020-10-01,,Active
OCTU,ALLIANZIM U.S. EQUITY BUFFER15 UNCAPPED OCT ETF ,BATS,ETF,2024-10-01,,Active
OCTV,Octave Intelligence Plc. - Class B,NASDAQ,Stock,2026-05-28,,Active
OCTVV,Octave Intelligence plc,NASDAQ,Stock,2026-05-21,,Active
OCTW,ALLIANZIM U.S. EQUITY BUFFER20 OCT ETF ,BATS,ETF,2020-10-01,,Active
OCTZ,TRUESHARES STRUCTURED OUTCOME (OCTOBER) ETF ,BATS,ETF,2020-10-01,,Active
OCUL,Ocular Therapeutix Inc,NASDAQ,Stock,2014-07-25,,Active
ODC,Oil-Dri Corp Of America,NYSE,Stock,1990-03-26,,Active
ODD,ODDITY Tech Ltd - Class A,NASDAQ,Stock,2023-07-19,,Active
ODDS,PACER BLUESTAR DIGITAL ENTERTAINMENT ETF ,NASDAQ,ETF,2022-04-11,,Active
ODDZ,Corgi Sports Betting & Gambling,BATS,Stock,2026-05-06,,Active
ODFL,Old Dominion Freight Line Inc,NASDAQ,Stock,1991-10-24,,Active
ODHY,OBRA DEFENSIVE HIGH YIELD ETF ,NYSE,ETF,2025-06-30,,Active
ODP,ODP Corporation (The),NASDAQ,Stock,1990-03-26,,Active
ODTE,VegaShares SPX NDX RTY Premium Income ETF,NASDAQ,ETF,2026-04-02,,Active
ODTX,Odyssey Therapeutics Inc,NASDAQ,Stock,2026-05-08,,Active
ODV,Osisko Development Corp,NYSE,Stock,2017-10-17,,Active
ODYS,Odysight.ai Inc,NASDAQ,Stock,2020-04-28,,Active
OEC,Orion S.A,NYSE,Stock,2014-07-25,,Active
OEF,ISHARES S&P 100 ETF ,NYSE,ETF,2000-10-27,,Active
OEFA,ALPS | O'SHARES INTERNATIONAL DEVELOPED QUALITY DIVIDEND ETF ,NYSE,ETF,2025-10-01,,Active
OEI,OPTIMIZED EQUITY INCOME ETF ,NYSE,ETF,2025-10-22,,Active
OESX,Orion Energy Systems Inc,NASDAQ,Stock,2007-12-19,,Active
OEUR,ALPS OShares Europe Quality Dividend ETF,NYSE,ETF,2026-02-06,,Active
OFAL,OFA Group,NASDAQ,Stock,2025-05-21,,Active
OFG,OFG Bancorp,NYSE,Stock,1990-03-28,,Active
OFIX,Orthofix Medical Inc,NASDAQ,Stock,1992-04-24,,Active
OFLX,Omega Flex Inc,NASDAQ,Stock,2005-08-01,,Active
OFRM,Once Upon a Farm,NYSE,Stock,2026-02-06,,Active
OFS,OFS Capital Corp,NASDAQ,Stock,2012-11-08,,Active
OFSSH,OFS Capital Corp,NASDAQ,Stock,2021-10-28,,Active
OFSSO,OFS Capital Corp,NASDAQ,Stock,2025-07-24,,Active
OGC,OceanaGold Corporation,NYSE,Stock,2026-05-26,,Active
OGCP,Empire State Realty OP LP,NYSE,Stock,2013-10-08,,Active
OGE,Oge Energy Corp,NYSE,Stock,1987-12-30,,Active
OGEN,Oragenics Inc,AMEX,Stock,2004-02-25,,Active
OGG,Osisko Gold Group Inc Com,NYSE,Stock,2026-07-20,,Active
OGGWZ,Osisko Gold Group Inc - Warrants (27/05/2027),NASDAQ,Stock,2023-11-17,,Active
OGI,OrganiGram Holdings Inc,NASDAQ,Stock,2014-08-27,,Active
OGIG,ALPS | O'SHARES GLOBAL INTERNET GIANTS ETF SHARES,NYSE,ETF,2018-06-05,,Active
OGN,Organon & Company,NYSE,Stock,2021-05-14,,Active
OGS,ONE Gas Inc,NYSE,Stock,2014-01-16,,Active
OGSP,OBRA HIGH GRADE STRUCTURED PRODUCTS ETF ,NYSE,ETF,2024-04-10,,Active
OHAC,Oceanhawk Acquisition Corp,NASDAQ,Stock,2026-06-05,,Active
OHACR,Oceanhawk Acquisition Corp Rights,NASDAQ,Stock,2026-06-05,,Active
OHACU,Oceanhawk Acquisition Corp - Units (1 Ord Cls A & 1 Rts),NASDAQ,Stock,2026-05-21,,Active
OHI,Omega Healthcare Investors Inc,NYSE,Stock,1992-08-07,,Active
OHPA,Orion Acquisition Corp - Class A,NASDAQ,Stock,2021-04-26,,Active
OHPAU,Orion Acquisition Corp - Units (1 Ord Share Class A & 1/4 War),NASDAQ,Stock,2021-03-02,,Active
OHPAW,Orion Acquisition Corp - Warrants (19/02/2026),NASDAQ,Stock,2021-04-23,,Active
OI,O-I Glass Inc,NYSE,Stock,1991-12-11,,Active
OIA,Invesco Municipal Income Opportunities Trust,NYSE,ETF,1988-10-05,,Active
OIH,VANECK OIL SERVICES ETF ,NYSE,ETF,2001-02-26,,Active
OII,Oceaneering International Inc,NYSE,Stock,1990-03-26,,Active
OILD,Bank of Montreal,NYSE,ETF,2017-03-27,,Active
OILK,PROSHARES K-1 FREE CRUDE OIL STRATEGY ETF ,BATS,ETF,2016-09-28,,Active
OILT,Texas Capital Texas Oil Index ETF,NYSE,ETF,2023-12-21,,Active
OILU,Bank of Montreal,NYSE,ETF,2021-11-09,,Active
OIM,OneIM Acquisition Corp,NASDAQ,Stock,2026-03-09,,Active
OIMAU,Oneim Acquisition Corp - Units (1 Ord Cls A & 1/6 War),NASDAQ,Stock,2026-01-14,,Active
OIMAW,OneIM Acquisition Corp Warrant,NASDAQ,Stock,2026-03-09,,Active
OIO,OIO Group.,NASDAQ,ETF,2016-11-01,,Active
OIOWW,OIO Group. - Warrants (02/08/2028),NASDAQ,Stock,2023-08-04,,Active
OIS,Oil States International Inc,NYSE,Stock,2001-02-09,,Active
OKE,Oneok Inc,NYSE,Stock,1985-07-01,,Active
OKLC,Corgi OKLO 2x Daily ETF,BATS,ETF,2026-07-07,,Active
OKLL,DEFIANCE DAILY TARGET 2X LONG OKLO ETF ,NASDAQ,ETF,2025-06-24,,Active
OKLO,Oklo Inc,NYSE,Stock,2021-07-08,,Active
OKLS,Defiance Daily Target 2X Short OKLO ETF,NYSE,ETF,2025-11-26,,Active
OKTA,Okta Inc - Class A,NASDAQ,Stock,2017-04-07,,Active
OKTG,Leverage Shares 2X Long OKTA Daily ETF,NASDAQ,ETF,2025-11-17,,Active
OKTX,Tradr 2X Long OKTA Daily ETF,BATS,ETF,2025-10-08,,Active
OKUR,Reneo Pharmaceuticals Inc - Class A,NASDAQ,Stock,2024-10-07,,Active
OKYO,OKYO Pharma Ltd - New,NASDAQ,Stock,2022-05-17,,Active
OLB,OLB Group Inc,NASDAQ,Stock,2007-07-13,,Active
OLED,Universal Display Corp,NASDAQ,Stock,1996-04-12,,Active
OLK,Olink Holding AB (publ),NASDAQ,Stock,2021-03-25,,Active
OLLI,Ollies Bargain Outlet Holdings Inc,NASDAQ,Stock,2015-07-16,,Active
OLMA,Olema Pharmaceuticals Inc,NASDAQ,Stock,2020-11-19,,Active
OLN,Olin Corp,NYSE,Stock,1987-12-30,,Active
OLOX,Olenox Industries Inc,NASDAQ,Stock,2017-06-22,,Active
OLP,One Liberty Properties Inc,NYSE,Stock,1992-03-17,,Active
OM,Outset Medical Inc,NASDAQ,Stock,2020-09-15,,Active
OMAB,Grupo Aeroportuario del Centro Norte S.A.B de C.V.,NASDAQ,Stock,2006-11-29,,Active
OMAH,VISTASHARES TARGET 15 BERKSHIRE SELECT INCOME ETF ,NYSE,ETF,2025-03-05,,Active
OMC,Omnicom Group Inc,NYSE,Stock,1990-03-26,,Active
OMCL,Omnicell Inc,NASDAQ,Stock,2001-08-09,,Active
OMDA,Omada Health Inc,NASDAQ,Stock,2025-06-06,,Active
OMER,Omeros Corporation,NASDAQ,Stock,2009-10-08,,Active
OMEX,Odyssey Marine Exploration Inc,NASDAQ,Stock,1999-10-26,,Active
OMF,OneMain Holdings Inc,NYSE,Stock,2015-11-27,,Active
OMFL,INVESCO RUSSELL 1000(R) DYNAMIC MULTIFACTOR ETF ,BATS,ETF,2017-11-10,,Active
OMFS,INVESCO RUSSELL 2000(R) DYNAMIC MULTIFACTOR ETF ,BATS,ETF,2017-11-10,,Active
OMH,Ohmyhome Ltd,NASDAQ,Stock,2023-03-21,,Active
OMSE,OMS Energy Technologies Inc,NASDAQ,Stock,2025-05-13,,Active
ON,ON Semiconductor Corp,NASDAQ,Stock,2000-05-02,,Active
ONB,Old National Bancorp,NASDAQ,Stock,1990-03-26,,Active
ONBPO,Old National Bancorp,NASDAQ,Stock,2022-02-16,,Active
ONBPP,Old National Bancorp,NASDAQ,Stock,2022-02-16,,Active
ONC,BeiGene Ltd,NASDAQ,Stock,2016-02-03,,Active
ONCH,1RT Acquisition Corp,NASDAQ,Stock,2025-09-12,,Active
ONCHU,1RT Acquisition Corp - Units (1 Ord Cls A & 1 War),NASDAQ,Stock,2025-07-02,,Active
ONCHW,1RT Acquisition Corp Warrant,NASDAQ,Stock,2025-09-12,,Active
ONCO,Onconetix Inc,NASDAQ,Stock,2022-02-18,,Active
ONCT,Oncternal Therapeutics Inc,NASDAQ,Stock,2004-02-03,,Active
ONCY,Oncolytics Biotech Inc,NASDAQ,Stock,2018-05-31,,Active
OND,PROSHARES ON-DEMAND ETF PROSHARE ON-DEMAND ETF,NYSE,ETF,2021-10-27,,Active
ONDC,Corgi ONDS 2x Daily ETF,BATS,ETF,2026-07-07,,Active
ONDG,Leverage Shares 2X Long ONDS Daily ETF,NASDAQ,ETF,2026-01-13,,Active
ONDL,Defiance Daily Target 2X Long ONDS ETF,BATS,ETF,2025-12-30,,Active
ONDS,Ondas Holdings Inc,NASDAQ,Stock,2018-10-25,,Active
ONDU,Tradr 2X Long ONDS Daily ETF,BATS,ETF,2026-01-13,,Active
ONEG,OneConstruction Group Ltd,NASDAQ,Stock,2024-12-31,,Active
ONEH,TrueShares Equity Hedge ETF,BATS,ETF,2026-01-29,,Active
ONEO,STATE STREET(R) SPDR(R) RUSSELL 1000 MOMENTUM FOCUS ETF ,NYSE,ETF,2015-12-03,,Active
ONEQ,FIDELITY NASDAQ COMPOSITE INDEX ETF ,NASDAQ,ETF,2003-10-01,,Active
ONEV,STATE STREET(R) SPDR(R) RUSSELL 1000 LOW VOLATILITY FOCUS ETF ,NYSE,ETF,2015-12-03,,Active
ONEW,Onewater Marine Inc - Class A,NASDAQ,Stock,2020-02-07,,Active
ONEY,STATE STREET(R) SPDR(R) RUSSELL 1000 YIELD FOCUS ETF ,NYSE,ETF,2015-12-03,,Active
ONEZ,TRUESHARES SEASONALITY LADDERED BUFFERED ETF ,BATS,ETF,2025-01-27,,Active
ONFO,Onfolio Holdings Inc,NASDAQ,Stock,2022-08-26,,Active
ONFOW,Onfolio Holdings Inc - Warrants (02/01/2027),NASDAQ,Stock,2022-08-26,,Active
ONIT,Ocwen Financial Corp,NYSE,Stock,1996-09-25,,Active
ONL,Orion Office REIT Inc,NYSE,Stock,2021-11-15,,Active
ONLN,PROSHARES ONLINE RETAIL ETF ,NYSE,ETF,2018-07-16,,Active
ONMD,OneMedNet Corp - Class A,NASDAQ,Stock,2021-06-24,,Active
ONMDW,OneMedNet Corp - Warrants (05/05/2026),NASDAQ,Stock,2021-06-24,,Active
ONOF,GLOBAL X ADAPTIVE U.S. RISK MANAGEMENT ETF ,NYSE,ETF,2021-01-13,,Active
ONON,On Holding AG Class A,NYSE,Stock,2021-09-15,,Active
ONT,Onterris Inc,NYSE,Stock,2020-07-23,,Active
ONTO,Onto Innovation Inc,NYSE,Stock,1992-02-26,,Active
ONTX,Corgi ONTO 2x Daily,BATS,Stock,2026-06-24,,Active
OOMA,Ooma Inc,NYSE,Stock,2015-07-17,,Active
OOQB,One One Nasdaq100 and Bitcoin ETF,NASDAQ,ETF,2025-02-19,,Active
OOSB,One One S&P 500 and Bitcoin ETF,NASDAQ,ETF,2025-02-19,,Active
OOSP,OBRA OPPORTUNISTIC STRUCTURED PRODUCTS ETF ,NYSE,ETF,2024-04-10,,Active
OOTO,DIREXION DAILY TRAVEL & VACATION BULL 2X SHARES ,NYSE ARCA,ETF,2021-06-10,,Active
OPAD,Offerpad Solutions Inc - Class A,NYSE,Stock,2020-12-11,,Active
OPAL,OPAL Fuels Inc - Class A,NASDAQ,Stock,2022-07-22,,Active
OPBK,OP Bancorp,NASDAQ,Stock,2005-07-22,,Active
OPCH,Option Care Health Inc,NASDAQ,Stock,1996-08-15,,Active
OPEG,Leverage Shares 2X Long OPEN Daily ETF,NASDAQ,ETF,2025-12-11,,Active
OPEN,Opendoor Technologies Inc,NASDAQ,Stock,2020-06-18,,Active
OPENL,Opendoor Technologies Inc - Warrants - Series A (20/11/2026),NASDAQ,Stock,2025-11-24,,Active
OPENW,Opendoor Technologies Inc - Warrants - Series K (20/11/2026),NASDAQ,Stock,2025-11-24,,Active
OPENZ,Opendoor Technologies Inc - Warrants - Series Z (20/11/2026),NASDAQ,Stock,2025-11-24,,Active
OPER,CLEARSHARES ULTRA-SHORT MATURITY ETF ,NYSE,ETF,2018-07-11,,Active
OPEX,Tradr 2X Long OPEN Daily ETF,BATS,ETF,2025-10-23,,Active
OPFI,OppFi Inc - Class A,NYSE,Stock,2020-11-20,,Active
OPFI-WS,OppFi Inc Wt Exp 08312027,NYSE,Stock,2021-07-21,,Active
OPHC,Optimumbank Holdings Inc,AMEX,Stock,2003-06-23,,Active
OPK,Opko Health Inc,NASDAQ,Stock,1995-11-02,,Active
OPLN,Openlane Inc,NYSE,Stock,2009-12-11,,Active
OPP,RiverNorth/DoubleLine Strategic opportunity fund Inc,NYSE,ETF,2016-09-28,,Active
OPP-P-A,RiverNorth/DoubleLine Strategic opportunity fund Inc,NYSE,Stock,2020-10-19,,Active
OPP-P-B,RiverNorth/DoubleLine Strategic opportunity fund Inc,NYSE,Stock,2021-11-16,,Active
OPP-P-C,RiverNorthDoubleLine Strategic Opportunity Fund Inc 6.00 Series C Term Preferred Stock Liquidation Preference 10.00 per share,AMEX,Stock,2024-12-05,,Active
OPPE,WISDOMTREE EUROPEAN OPPORTUNITIES FUND ,NYSE,ETF,2015-03-04,,Active
OPPJ,WISDOMTREE JAPAN OPPORTUNITIES FUND ,NASDAQ,ETF,2013-06-28,,Active
OPRA,Opera Ltd,NASDAQ,Stock,2018-07-27,,Active
OPRT,Oportun Financial Corp,NASDAQ,Stock,2019-09-26,,Active
OPRX,OptimizeRx Corp,NASDAQ,Stock,2007-07-13,,Active
OPTH,Optimi Health Corp,NASDAQ,Stock,2026-05-20,,Active
OPTN,OptiNose Inc,NASDAQ,Stock,2017-10-13,,Active
OPTT,Ocean Power Technologies - Reg S,AMEX,Stock,2007-04-25,,Active
OPTU,Altice USA Inc - Class A,NYSE,Stock,2017-06-22,,Active
OPTX,Syntec Optics Holdings Inc - Class A,NASDAQ,Stock,2022-01-26,,Active
OPTXW,Syntec Optics Holdings Inc - Warrants (08/11/2026),NASDAQ,Stock,2022-01-25,,Active
OPTZ,OPTIMIZE STRATEGY INDEX ETF ,NASDAQ,ETF,2024-04-23,,Active
OPXS,Optex Systems Holdings Inc,NASDAQ,Stock,2009-05-04,,Active
OPY,Oppenheimer Holdings Inc - Class A,NYSE,Stock,1993-08-16,,Active
OR,Osisko Gold Royalties Ltd,NYSE,Stock,2016-01-04,,Active
ORA,Ormat Technologies Inc,NYSE,Stock,2004-11-11,,Active
ORAC,Corgi ORCL 2x Daily ETF,BATS,ETF,2026-06-30,,Active
ORBS,Eightco Holdings Inc,NASDAQ,Stock,2022-06-30,,Active
ORBX,GLOBAL X SPACE TECH ETF ,NASDAQ,ETF,2026-04-15,,Active
ORC,Orchid Island Capital Inc,NYSE,Stock,2013-02-14,,Active
ORCL,Oracle Corp,NYSE,Stock,1986-03-12,,Active
ORCL-P-D,Oracle Corp,NYSE,Stock,2026-02-03,,Active
ORCS,Direxion Daily ORCL Bear 1X ETF,NASDAQ,ETF,2025-11-19,,Active
ORCU,Direxion Daily ORCL Bull 2X ETF,NASDAQ,ETF,2025-11-19,,Active
ORCX,DEFIANCE DAILY TARGET 2X LONG ORCL ETF ,NASDAQ,ETF,2025-02-07,,Active
ORCZ,Tradr 2X Short ORCL Daily ETF,BATS,ETF,2026-07-15,,Active
ORGO,Organogenesis Holdings Inc - Class A,NASDAQ,Stock,2017-01-05,,Active
ORI,Old Republic International Corp,NYSE,Stock,1990-03-26,,Active
ORIC,ORIC Pharmaceuticals Inc,NASDAQ,Stock,2020-04-24,,Active
ORIO,Mogo Inc (Sub Voting),NASDAQ,Stock,2017-03-02,,Active
ORIQ,Origin Investment Corp I,NASDAQ,Stock,2025-09-09,,Active
ORIQU,Origin Investment Corp I - Units (1 Ord Cls & 1/2 War),NASDAQ,Stock,2025-07-02,,Active
ORIQW,Origin Investment Corp I onehalf of one redeemable warrant.,NASDAQ,Stock,2025-09-09,,Active
ORIS,Oriental Rise Holdings Ltd,NASDAQ,Stock,2024-10-17,,Active
ORKA,ARCA biopharma Inc,NASDAQ,Stock,1997-08-08,,Active
ORKT,Orangekloud Technology Inc - Class A,NASDAQ,Stock,2024-07-25,,Active
ORLA,Orla Mining Ltd,AMEX,Stock,2017-10-03,,Active
ORLG,Leverage Shares 2X Long ORLY Daily ETF,NASDAQ,ETF,2026-01-15,,Active
ORLY,O`Reilly Automotive Inc,NASDAQ,Stock,1993-04-23,,Active
ORMP,Oramed Pharmaceuticals Inc,NASDAQ,Stock,2006-04-21,,Active
ORN,Orion Group Holdings Inc,NYSE,Stock,2007-12-20,,Active
ORO,Arrow Valtoro ETF,BATS,ETF,2025-10-17,,Active
ORR,MILITIA LONG/SHORT EQUITY ETF ,NASDAQ,ETF,2025-01-15,,Active
ORRF,Orrstown Financial Services Inc,NASDAQ,Stock,1999-05-13,,Active
OSBC,Old Second Bancorporation Inc,NASDAQ,Stock,1995-08-18,,Active
OSCG,Leverage Shares 2X Long OSCR Daily ETF,NASDAQ,ETF,2025-11-05,,Active
OSCR,Oscar Health Inc - Class A,NYSE,Stock,2021-03-03,,Active
OSCV,OPUS SMALL CAP VALUE ETF ,BATS,ETF,2018-07-18,,Active
OSCX,DEFIANCE DAILY TARGET 2X LONG OSCR ETF ,NASDAQ,ETF,2025-09-25,,Active
OSEA,HARBOR INTERNATIONAL COMPOUNDERS ETF ,NYSE,ETF,2022-09-08,,Active
OSG,Overseas Shipholding Group Inc - Class A,NYSE,Stock,2015-12-01,,Active
OSIS,OSI Systems Inc,NASDAQ,Stock,1997-10-02,,Active
OSK,Oshkosh Corp,NYSE,Stock,1990-03-26,,Active
OSPN,OneSpan Inc,NASDAQ,Stock,2001-01-02,,Active
OSPR,Osprey Acquisition Corp III - Class A,NASDAQ,Stock,2026-08-21,,Active
OSPRU,Osprey Acquisition Corp III - Units (1 Ord Cls A & 1/3 War),NASDAQ,Stock,2026-06-30,,Active
OSPRW,Osprey Acquisition Corp III - Warrants (15/06/2031),NASDAQ,Stock,2026-08-21,,Active
OSS,One Stop Systems Inc,NASDAQ,Stock,2018-02-01,,Active
OSSL,Defiance Daily Target 2X Long OSS,BATS,Stock,2026-05-27,,Active
OST,Ostin Technology Group Co Ltd - Class A,NASDAQ,Stock,2024-07-29,,Active
OSTX,OS Therapies Inc,AMEX,Stock,2024-08-01,,Active
OSUR,Orasure Technologies Inc,NASDAQ,Stock,1992-03-17,,Active
OSW,OneSpaWorld Holdings Ltd,NASDAQ,Stock,2019-03-20,,Active
OTAI,Starlink AI Acquisition Corp,NYSE,Stock,2026-06-30,,Active
OTAI-R,Starlink AI Acquisition Corporation Rights each entitling the holder to receive onefourth 14 of one ordinary share,NYSE,Stock,2026-06-29,,Active
OTAI-U,Starlink AI Acquisition Corp - Units (1 Ord Shs & 1 Rts),NYSE,Stock,2026-05-08,,Active
OTAX,Optimal Tax Managed Equity ETF,NYSE,ETF,2026-08-26,,Active
OTEX,Open Text Corp,NASDAQ,Stock,1996-01-24,,Active
OTF,Blue Owl Technology Finance Corp,NYSE,Stock,2025-06-12,,Active
OTGA,OTG Acquisition Corp I - Class A,NASDAQ,Stock,2025-11-03,,Active
OTGAU,OTG Acquisition Corp I - Units (1 Ord Cls A & 1/2 War),NASDAQ,Stock,2025-09-12,,Active
OTGAW,OTG Acquisition Corp I - Warrants (05/09/2030),NASDAQ,Stock,2025-11-03,,Active
OTGL,OTG LATIN AMERICA ETF ,NASDAQ,ETF,2025-07-14,,Active
OTIS,Otis Worldwide Corp,NYSE,Stock,2020-03-19,,Active
OTLK,Outlook Therapeutics Inc,NASDAQ,Stock,2016-06-14,,Active
OTLY,Oatly Group AB,NASDAQ,Stock,2021-05-20,,Active
OTMO,Otonomo Technologies Ltd,NASDAQ,Stock,2021-08-16,,Active
OTMOW,Otonomo Technologies Ltd - Warrants (13/08/2026),NASDAQ,Stock,2021-08-16,,Active
OTTR,Otter Tail Corporation,NASDAQ,Stock,1990-03-26,,Active
OUNZ,VanEck Merk Gold Trust,NYSE,ETF,2014-05-16,,Active
OUSA,ALPS | O'SHARES U.S. QUALITY DIVIDEND ETF SHARES,NYSE,ETF,2015-07-14,,Active
OUSL,Defiance Daily Target 2X Long OUST ETF,BATS,ETF,2026-07-14,,Active
OUSM,ALPS | O'SHARES U.S. SMALL-CAP QUALITY DIVIDEND ETF SHARES,NYSE,ETF,2016-12-30,,Active
OUST,Ouster Inc - Class A,NASDAQ,Stock,2020-10-09,,Active
OUST-WS,Ouster Inc Warrants,NYSE,Stock,2021-03-12,,Active
OUST-WS-A,Ouster Inc Warrants to purchase Common Stock,AMEX,Stock,2023-02-14,,Active
OUSTW,Ouster Inc Warrants,NASDAQ,Stock,2024-12-23,,Active
OUT,Outfront Media Inc,NYSE,Stock,2014-03-28,,Active
OVB,OVERLAY SHARES CORE BOND ETF ,BATS,ETF,2019-10-01,,Active
OVBC,Ohio Valley Banc Corp,NASDAQ,Stock,1996-02-09,,Active
OVF,OVERLAY SHARES FOREIGN EQUITY ETF ,BATS,ETF,2019-10-01,,Active
OVID,Ovid Therapeutics Inc,NASDAQ,Stock,2017-05-05,,Active
OVL,OVERLAY SHARES LARGE CAP EQUITY ETF ,BATS,ETF,2019-10-01,,Active
OVLH,OVERLAY SHARES HEDGED LARGE CAP EQUITY ETF ,BATS,ETF,2021-01-15,,Active
OVLY,Oak Valley Bancorp,NASDAQ,Stock,2003-10-15,,Active
OVM,OVERLAY SHARES MUNICIPAL BOND ETF ,BATS,ETF,2019-10-01,,Active
OVS,OVERLAY SHARES SMALL CAP EQUITY ETF ,BATS,ETF,2019-10-01,,Active
OVV,Ovintiv Inc,NYSE,Stock,2002-04-08,,Active
OWL,Blue Owl Capital Inc - Class A,NYSE,Stock,2020-12-14,,Active
OWL-WS,Blue Owl Capital Inc Redeemable Warrants,NYSE,Stock,2021-05-20,,Active
OWLS,OBOOK Holdings Inc - Class A,NASDAQ,Stock,2025-10-16,,Active
OWLT,Owlet Inc - Class A,NYSE,Stock,2020-11-05,,Active
OWNB,BITWISE BITCOIN STANDARD CORPORATIONS ETF ,NYSE,ETF,2025-03-11,,Active
OWNS,CCM Affordable Housing MBS ETF,NYSE,ETF,2024-03-18,,Active
OXBR,Oxbridge Re Holdings Ltd,NASDAQ,Stock,2014-03-27,,Active
OXBRW,Oxbridge Re Holdings Ltd - Warrants (26/03/2024),NASDAQ,Stock,2014-09-24,,Active
OXLC,Oxford Lane Capital Corp,NASDAQ,ETF,2011-01-21,,Active
OXLCG,Oxford Lane Capital Corp,NASDAQ,Stock,2025-02-28,,Active
OXLCI,Oxford Lane Capital Corp,NASDAQ,Stock,2024-07-09,,Active
OXLCL,Oxford Lane Capital Corp,NASDAQ,Stock,2021-03-18,,Active
OXLCM,Oxford Lane Capital Corp,NASDAQ,Stock,2017-06-08,,Active
OXLCN,Oxford Lane Capital Corp,NASDAQ,Stock,2014-06-02,,Active
OXLCO,Oxford Lane Capital Corp,NASDAQ,Stock,2021-08-11,,Active
OXLCZ,Oxford Lane Capital Corp,NASDAQ,Stock,2022-01-14,,Active
OXM,Oxford Industries Inc,NYSE,Stock,1987-12-30,,Active
OXSQ,Oxford Square Capital Corp,NASDAQ,Stock,2018-03-21,,Active
OXSQG,Oxford Square Capital Corp,NASDAQ,Stock,2021-05-21,,Active
OXSQH,Oxford Square Capital Corp,NASDAQ,Stock,2025-08-12,,Active
OXUSU,Borealis Foods Inc - Units (1 Ord Class A & 1 War),NASDAQ,Stock,2021-09-03,,Active
OXY,Occidental Petroleum Corp,NYSE,Stock,1981-12-31,,Active
OXY-WS,Occidental Petroleum Corp - Warrants (03/08/2027),NYSE,Stock,2020-07-30,,Active
OYSE,Oyster Enterprises II Acquisition Corp,NASDAQ,Stock,2025-07-11,,Active
OYSER,Oyster Enterprises II Acquisition Corp Rights,NASDAQ,Stock,2025-07-11,,Active
OYSEU,Oyster Enterprises II Acquisition Corp - Units (1 Ord Cls A & 1 Rts),NASDAQ,Stock,2025-05-22,,Active
OZ,Belpointe REIT Inc,AMEX,Stock,2019-11-27,,Active
OZEM,ROUNDHILL GLP-1 & WEIGHT LOSS ETF ,NASDAQ,ETF,2024-05-21,,Active
OZK,Bank OZK,NASDAQ,Stock,2001-01-02,,Active
OZKAP,Bank OZK,NASDAQ,Stock,2021-10-29,,Active
OZON,Ozon Holdings PLC,NASDAQ,Stock,2020-11-24,,Active
P,Everpure Inc - Class A,NYSE,Stock,2015-10-07,,Active
PAA,Plains All American Pipeline LP,NASDAQ,Stock,1998-11-18,,Active
PAAA,PGIM AAA CLO ETF ,NYSE,ETF,2023-07-26,,Active
PAAC,Proem Acquisition Corp I,NASDAQ,Stock,2026-04-06,,Active
PAACU,Proem Acquisition Corp I - Units (1 Ord Shs & 1/2 War),NASDAQ,Stock,2026-02-12,,Active
PAACW,Proem Acquisition Corp I - Warrants (29/01/2031),NASDAQ,Stock,2026-04-06,,Active
PAAI,Paradium.AI Inc Com,AMEX,Stock,2026-08-28,,Active
PAAS,Pan American Silver Corp,NYSE,Stock,1995-06-12,,Active
PAAU,T-REX 2X LONG PAAS DAILY TARGET ETF ,BATS,ETF,2026-03-12,,Active
PAB,PGIM ACTIVE AGGREGATE BOND ETF ,NYSE,ETF,2021-04-15,,Active
PABD,ISHARES PARIS-ALIGNED CLIMATE OPTIMIZED MSCI WORLD EX USA ETF ,NASDAQ,ETF,2024-01-19,,Active
PABU,ISHARES PARIS-ALIGNED CLIMATE OPTIMIZED MSCI USA ETF ,NASDAQ,ETF,2022-02-11,,Active
PAC,Grupo Aeroportuario Del Pacifico SAB de CV,NYSE,Stock,2006-02-27,,Active
PACB,Pacific Biosciences of California Inc,NASDAQ,Stock,2010-10-27,,Active
PACH,Pioneer Acquisition I Corp - Class A,NASDAQ,Stock,2025-08-15,,Active
PACHU,Pioneer Acquisition I Corp - Units (1 Ord Cls A & 1/2 War),NASDAQ,Stock,2025-06-18,,Active
PACHW,Pioneer Acquisition I Corp - Warrants (16/06/2030),NASDAQ,Stock,2025-08-15,,Active
PACI-U,PROOF Acquisition Corp I Units each consisting of one share of Class A common stock 0.0001 par value and onehalf of one redeemable warrant,NYSE,Stock,2021-12-01,,Active
PACK,Ranpak Holdings Corp - Class A,NYSE,Stock,2019-06-03,,Active
PACS,PACS Group Inc,NYSE,Stock,2024-04-11,,Active
PACWP,PacWest Bancorp Depositary Shares Each Representing a 140th Interest in a Share of 7.75 Fixed Rate NonCumulative Perpetual Preferred Stock Series A,NASDAQ,Stock,2022-12-23,,Active
PACX,Pioneer Merger Corp - Class A,NASDAQ,Stock,2021-03-01,,Active
PACXW,Pioneer Merger Corp - Warrants(07/01/2026),NASDAQ,Stock,2021-03-01,,Active
PAG,Penske Automotive Group Inc,NYSE,Stock,1996-10-23,,Active
PAGP,Plains GP Holdings LP - Class A,NASDAQ,Stock,2013-10-16,,Active
PAGS,PagSeguro Digital Ltd - Class A,NYSE,Stock,2018-01-24,,Active
PAHC,Phibro Animal Health Corp - Class A,NASDAQ,Stock,2014-04-11,,Active
PAI,Western Asset Investment Grade Income Fund Inc,NYSE,ETF,1987-12-30,,Active
PAII,Pyrophyte Acquisition Corp II Class A,NYSE,Stock,2025-09-10,,Active
PAII-U,Pyrophyte Acquisition Corp II Units each consisting of one Class A ordinary share and onehalf of one redeemable warrant,NYSE,Stock,2025-07-17,,Active
PAII-WS,Pyrophyte Acquisition Corp II Warrants each whole warrant exercisable for one Class A Ordinary Share at an exercise price of 11.50 per share,NYSE,Stock,2025-09-10,,Active
PAL,Proficient Auto Logistics Inc,NASDAQ,Stock,2024-05-09,,Active
PALC,PACER LUNT LARGE CAP MULTI-FACTOR ALTERNATOR ETF ,NYSE,ETF,2020-06-25,,Active
PALD,Direxion Daily PANW Bear 1X Shares,NASDAQ,ETF,2025-03-26,,Active
PALI,Palisade Bio Inc,NASDAQ,Stock,2006-12-20,,Active
PALL,abrdn Physical Palladium Shares ETF,NYSE,ETF,2010-01-14,,Active
PALO,Paloma Acquisition Corp I - Class A,NASDAQ,Stock,2026-04-13,,Active
PALOU,Paloma Acquisition Corp I,NASDAQ,Stock,2026-02-19,,Active
PALOW,Paloma Acquisition Corp I - Warrants(12/02/2031),NASDAQ,Stock,2026-04-15,,Active
PALU,Direxion Daily PANW Bull 2X Shares,NASDAQ,ETF,2025-03-26,,Active
PAM,Pampa Energia SA,NYSE,ETF,2009-10-09,,Active
PAMC,PACER LUNT MIDCAP MULTI-FACTOR ALTERNATOR ETF ,NYSE,ETF,2020-06-25,,Active
PAMT,P.A.M. Transportation Services Inc,NASDAQ,Stock,1990-03-26,,Active
PANG,LEVERAGE SHARES 2X LONG PANW DAILY ETF ,NASDAQ,ETF,1997-11-04,,Active
PANL,Pangaea Logistics Solutions Ltd,NASDAQ,Stock,2013-12-19,,Active
PANW,Palo Alto Networks Inc,NASDAQ,Stock,2012-07-20,,Active
PAPI,PARAMETRIC EQUITY PREMIUM INCOME ETF ,NYSE,ETF,2023-10-19,,Active
PAPL,Pineapple Financial Inc,AMEX,Stock,2023-11-01,,Active
PAPR,Innovator U.S. Equity Power Buffer ETF - April,BATS,ETF,2019-04-01,,Active
PAR,Par Technology Corp,NYSE,Stock,1988-12-16,,Active
PARA,Banzai International Inc - Class A,NASDAQ,Stock,2021-02-12,,Active
PARAP,Paramount Global Conv Pfd,NASDAQ,Stock,2022-02-17,,Active
PARAW,Banzai International Inc - Warrants (14/12/2028),NASDAQ,Stock,2021-02-12,,Active
PARK,Park Dental Partners Inc,NASDAQ,Stock,2025-12-03,,Active
PARR,Par Pacific Holdings Inc,NYSE,Stock,2012-09-05,,Active
PASG,Passage Bio Inc,NASDAQ,Stock,2020-02-28,,Active
PASW,Ping An Biomedical Co Ltd - Class A,NASDAQ,Stock,2026-06-09,,Active
PATH,UiPath Inc - Class A,NYSE,Stock,2021-04-21,,Active
PATK,Patrick Industries Inc,NASDAQ,Stock,1990-03-27,,Active
PATN,PACER NASDAQ INTERNATIONAL PATENT LEADERS ETF ,NASDAQ,ETF,2024-09-17,,Active
PATX,Tradr 2X Long PATH Daily ETF,BATS,ETF,2026-01-13,,Active
PAUG,Innovator U.S. Equity Power Buffer ETF - August,BATS,ETF,2019-08-01,,Active
PAVE,GLOBAL X U.S. INFRASTRUCTURE DEVELOPMENT ETF ,BATS,ETF,2017-03-08,,Active
PAVM,PAVmed Inc,NASDAQ,Stock,2016-07-28,,Active
PAVS,Paranovus Entertainment Technology Ltd - Class A,NASDAQ,Stock,2019-10-25,,Active
PAWZ,PROSHARES PET CARE ETF ,BATS,ETF,2018-11-06,,Active
PAX,Patria Investments Ltd - Class A,NASDAQ,Stock,2021-01-22,,Active
PAXS,PIMCO Access Income Fund,NYSE,Stock,2022-01-27,,Active
PAY,Paymentus Holdings Inc - Class A,NYSE,Stock,2021-05-26,,Active
PAYC,Paycom Software Inc,NYSE,Stock,2014-04-15,,Active
PAYH,TrueShares S&P Autocallable High Income ETF,BATS,ETF,2025-12-30,,Active
PAYM,TrueShares S&P Autocallable Defensive Income ETF,BATS,ETF,2026-05-28,,Active
PAYO,Payoneer Global Inc,NASDAQ,Stock,2021-06-25,,Active
PAYP,PayPay Corp,NASDAQ,Stock,2026-03-12,,Active
PAYR,FEDERATED HERMES ENHANCED INCOME ETF ,BATS,ETF,2025-10-08,,Active
PAYS,PaySign Inc,NASDAQ,Stock,2007-10-10,,Active
PAYX,Paychex Inc,NASDAQ,Stock,1990-03-26,,Active
PB,Prosperity Bancshares Inc,NYSE,Stock,1998-11-12,,Active
PBA,Pembina Pipeline Corporation,NYSE,Stock,2010-10-06,,Active
PBAP,PGIM S&P 500 BUFFER 20 ETF - APRIL ,BATS,ETF,2024-04-01,,Active
PBAU,PGIM S&P 500 BUFFER 20 ETF - AUGUST ,BATS,ETF,2024-05-10,,Active
PBD,INVESCO GLOBAL CLEAN ENERGY ETF ,NYSE,ETF,2007-06-13,,Active
PBDC,Putnam BDC Income ETF,NYSE,ETF,2022-09-30,,Active
PBDE,PGIM S&P 500 BUFFER 20 ETF - DECEMBER ,BATS,ETF,2024-05-24,,Active
PBE,INVESCO BIOTECHNOLOGY & GENOME ETF ,NYSE,ETF,2005-06-23,,Active
PBEU,Portfolio Building Block European Banks Index ETF,NASDAQ,ETF,2025-11-25,,Active
PBF,PBF Energy Inc - Class A,NYSE,Stock,2012-12-13,,Active
PBFB,PGIM S&P 500 BUFFER 20 ETF - FEBRUARY ,BATS,ETF,2024-02-01,,Active
PBFR,PGIM LADDERED S&P 500 BUFFER 20 ETF ,BATS,ETF,2024-06-13,,Active
PBFS,Pioneer Bancorp Inc,NASDAQ,Stock,2019-07-18,,Active
PBH,Prestige Consumer Healthcare Inc,NYSE,Stock,2005-02-10,,Active
PBHC,Pathfinder Bancorp Inc,NASDAQ,Stock,1996-05-30,,Active
PBI,Pitney Bowes Inc,NYSE,Stock,1972-06-01,,Active
PBI-P-B,Pitney Bowes Inc,NYSE,Stock,2014-09-22,,Active
PBJ,INVESCO FOOD & BEVERAGE ETF ,NYSE,ETF,2005-06-23,,Active
PBJA,PGIM S&P 500 BUFFER 20 ETF - JANUARY ,BATS,ETF,2024-01-02,,Active
PBJL,PGIM S&P 500 BUFFER 20 ETF - JULY ,BATS,ETF,2024-05-08,,Active
PBJN,PGIM S&P 500 BUFFER 20 ETF - JUNE ,BATS,ETF,2024-06-03,,Active
PBK,PowerBank Corporation,NASDAQ,Stock,2023-05-11,,Active
PBL,PGIM PORTFOLIO BALLAST ETF ,BATS,ETF,2022-12-14,,Active
PBLS,Parabilis Medicines Inc,NASDAQ,Stock,2026-06-10,,Active
PBM,Psyence Biomedical Ltd,NASDAQ,Stock,2024-01-25,,Active
PBMR,PGIM S&P 500 BUFFER 20 ETF - MARCH ,BATS,ETF,2024-03-01,,Active
PBMWW,Psyence Biomedical Ltd - Warrants (25/01/2029),NASDAQ,Stock,2024-01-26,,Active
PBMY,PGIM S&P 500 BUFFER 20 ETF - MAY ,BATS,ETF,2024-05-01,,Active
PBNV,PGIM S&P 500 BUFFER 20 ETF - NOVEMBER ,BATS,ETF,2024-05-22,,Active
PBOC,PGIM S&P 500 BUFFER 20 ETF - OCTOBER ,BATS,ETF,2024-05-17,,Active
PBOG,Portfolio Building Block Integrated Oil and Gas and Exploration and Production Index ETF,NASDAQ,ETF,2025-11-25,,Active
PBOT,Pictet AI & Automation ETF,NYSE,ETF,2025-10-16,,Active
PBP,INVESCO S&P 500 BUYWRITE ETF ,BATS,ETF,2007-12-20,,Active
PBPH,Portfolio Building Block World Pharma and Biotech Index ETF,NASDAQ,ETF,2025-11-25,,Active
PBQQ,PGIM LADDERED NASDAQ-100 BUFFER 12 ETF ,NASDAQ,ETF,2025-01-02,,Active
PBR,Petroleo Brasileiro S.A. Petrobras,NYSE,Stock,2000-08-10,,Active
PBR-A,Petroleo Brasileiro S.A. Petrobras,NYSE,Stock,2003-10-07,,Active
PBRG,Leverage Shares 2X Long PBR Daily ETF,NASDAQ,ETF,2025-12-18,,Active
PBSC,PACER BARINGS SECURED CREDIT FLEX ETF ,NASDAQ,Stock,2026-06-23,,Active
PBSE,PGIM S&P 500 BUFFER 20 ETF - SEPTEMBER ,BATS,ETF,2024-05-15,,Active
PBT,Permian Basin Royalty Trust,NYSE,Stock,1987-12-30,,Active
PBTP,INVESCO 0-5 YR US TIPS ETF ,BATS,ETF,2017-09-22,,Active
PBUS,INVESCO MSCI USA ETF ,BATS,ETF,2017-09-22,,Active
PBW,INVESCO WILDERHILL CLEAN ENERGY ETF ,NYSE,ETF,2005-03-03,,Active
PBYI,Puma Biotechnology Inc,NASDAQ,Stock,2012-04-24,,Active
PC,Premium Catering (Holdings) Ltd,NASDAQ,Stock,2024-09-25,,Active
PCAP,Patriot Capital Funding Inc,NASDAQ,Stock,2005-07-28,,Active
PCAPU,ProCap Acquisition Corp - Units (1 Ord Share Class A & 1/3 War),NASDAQ,Stock,2025-05-21,,Active
PCAPW,ProCap Acquisition Corp Warrant,NASDAQ,Stock,2025-07-11,,Active
PCAR,Paccar Inc,NASDAQ,Stock,1986-07-09,,Active
PCB,PCB Bancorp.,NASDAQ,Stock,2014-06-04,,Active
PCCT,Spectaire Holdings Inc - Class A,NASDAQ,Stock,2021-12-27,,Active
PCCTU,Perception Capital Corp II - Units (1 Ord Share Class A & 1/2 War),NASDAQ,Stock,2021-10-28,,Active
PCEB,Polen Euro High Yield Bond,NYSE,Stock,2026-05-06,,Active
PCEF,INVESCO CEF INCOME COMPOSITE ETF ,NYSE,ETF,2010-02-19,,Active
PCF,High Income Securities Fund,NYSE,ETF,1987-07-09,,Active
PCFI,Polen Floating Rate Income ETF,NYSE,ETF,2025-03-24,,Active
PCG,PG&E Corp,NYSE,Stock,1972-06-01,,Active
PCG-P-A,Pacific Gas & Electric Company,AMEX,Stock,2014-09-22,,Active
PCG-P-B,Pacific Gas & Electric Company,AMEX,Stock,2014-09-22,,Active
PCG-P-C,Pacific Gas & Electric Company,AMEX,Stock,2014-09-22,,Active
PCG-P-D,Pacific Gas & Electric Company,AMEX,Stock,2014-09-22,,Active
PCG-P-E,Pacific Gas & Electric Company,AMEX,Stock,2014-09-24,,Active
PCG-P-G,Pacific Gas & Electric Company,AMEX,Stock,2014-09-22,,Active
PCG-P-H,Pacific Gas & Electric Company,AMEX,Stock,2014-09-22,,Active
PCG-P-I,Pacific Gas & Electric Company,AMEX,Stock,2014-09-22,,Active
PCG-P-X,PG&E Corp,NYSE,Stock,2024-12-09,,Active
PCHI,FundVantage Trust Polen High Income,NYSE,Stock,2025-03-25,,Active
PCLA,PicoCELA Inc,NASDAQ,Stock,2025-01-16,,Active
PCLC,Polen 5Perspectives Large Growth,NYSE,Stock,2026-05-18,,Active
PCLG,Polen Focus Growth ETF,NYSE,ETF,2025-09-30,,Active
PCLN,Priceline.com Inc,NYSE,Stock,1999-03-31,,Active
PCLO,VIRTUS SEIX AAA Private Credit CLO ETF,NYSE,ETF,2024-12-03,,Active
PCM,PCM Fund Inc,NYSE,ETF,1993-08-27,,Active
PCMM,BondBloxx Private Credit CLO ETF,NASDAQ,ETF,2024-12-03,,Active
PCN,PIMCO Corporate & Income Strategy Fund,NYSE,ETF,2001-12-19,,Active
PCOR,Procore Technologies Inc,NYSE,Stock,2021-05-20,,Active
PCOV,Principal Equity Premium Income ETF,BATS,ETF,2026-08-19,,Active
PCPI,PIMCO Inflation PLUS Active Exchange-Traded Fund,NASDAQ,ETF,2026-04-06,,Active
PCPP,Porter & Company Porter Portfolio Index,BATS,Stock,2026-06-05,,Active
PCQ,Pimco California Municipal Income Fund,NYSE,ETF,2001-06-27,,Active
PCR,Simplify VettaFi Private Credit Strategy ETF,NYSE,ETF,2025-09-23,,Active
PCRX,Pacira BioSciences Inc,NASDAQ,Stock,2011-02-03,,Active
PCS,PGIM CORPORATE BOND 0-5 YEAR ETF ,BATS,Stock,2007-04-19,,Active
PCSA,Processa Pharmaceuticals Inc,NASDAQ,Stock,2017-10-10,,Active
PCSG,Polen 5Perspectives SmallMid Growth,NYSE,Stock,2026-05-18,,Active
PCT,PureCycle Technologies Inc,NASDAQ,Stock,2020-07-14,,Active
PCTTU,PureCycle Technologies Inc - Units (1 Ord Class A & 3/4 War),NASDAQ,Stock,2020-05-05,,Active
PCTTW,PureCycle Technologies Inc - Warrants (17/03/2026),NASDAQ,Stock,2020-07-13,,Active
PCTY,Paylocity Holding Corp,NASDAQ,Stock,2014-03-19,,Active
PCVX,Vaxcyte Inc,NASDAQ,Stock,2020-06-12,,Active
PCY,INVESCO EMERGING MARKETS SOVEREIGN DEBT ETF ,NYSE,ETF,2007-10-11,,Active
PCYO,Pure Cycle Corp,NASDAQ,Stock,1997-01-02,,Active
PD,Pagerduty Inc,NYSE,Stock,2019-04-11,,Active
PDBA,Invesco Agriculture Commodity Strategy No K-1 ETF,NASDAQ,ETF,2022-08-24,,Active
PDBC,INVESCO OPTIMUM YIELD DIVERSIFIED COMMODITY STRATEGY NO K-1 ETF ,NASDAQ,ETF,2014-11-07,,Active
PDC,Earlyworks Co Ltd,NASDAQ,Stock,2023-07-25,,Active
PDCC,Pearl Diver Credit Company Inc,NYSE,Stock,2024-07-18,,Active
PDD,PDD Holdings Inc,NASDAQ,Stock,2018-07-26,,Active
PDDL,GRANITESHARES 2X LONG PDD DAILY ETF ,NASDAQ,ETF,2025-07-15,,Active
PDEC,Innovator U.S. Equity Power Buffer ETF - December,BATS,ETF,2019-12-02,,Active
PDEX,Pro-Dex Inc (co),NASDAQ,Stock,1995-08-18,,Active
PDFS,PDF Solutions Inc,NASDAQ,Stock,2001-07-31,,Active
PDI,PIMCO Dynamic Income Fund,NYSE,ETF,2012-05-25,,Active
PDLB,Ponce Financial Group Inc,NASDAQ,Stock,2017-10-02,,Active
PDM,Piedmont Office Realty Trust Inc - Class A,NYSE,Stock,2010-02-10,,Active
PDN,INVESCO FTSE RAFI DEVELOPED MARKETS EX-U.S. SMALL-MID ETF ,NYSE,ETF,2007-09-28,,Active
PDO,PIMCO Dynamic Income Opportunities Fund,NYSE,ETF,2021-01-27,,Active
PDP,INVESCO DORSEY WRIGHT MOMENTUM ETF ,NASDAQ,ETF,2007-03-01,,Active
PDPA,Pearl Diver Credit Company Inc,NYSE,Stock,2024-12-16,,Active
PDS,Precision Drilling Corp,NYSE,Stock,1996-11-15,,Active
PDSB,PDS Biotechnology Corporation,NASDAQ,Stock,2015-10-01,,Active
PDT,John Hancock Premium Dividend Fund,NYSE,ETF,1989-12-15,,Active
PDX,PIMCO Energy and Tactical Credit Opportunities Fund,NYSE,Stock,2019-01-30,,Active
PDYN,Palladyne AI Corp,NASDAQ,Stock,2021-09-27,,Active
PDYNW,Palladyne AI Corp - Warrants (24/09/2026),NASDAQ,Stock,2021-03-08,,Active
PEB,Pebblebrook Hotel Trust,NYSE,Stock,2009-12-09,,Active
PEB-P-E,Pebblebrook Hotel Trust,NYSE,Stock,2018-12-04,,Active
PEB-P-F,Pebblebrook Hotel Trust,NYSE,Stock,2018-12-03,,Active
PEB-P-G,Pebblebrook Hotel Trust,NYSE,Stock,2021-05-07,,Active
PEB-P-H,Pebblebrook Hotel Trust,NYSE,Stock,2021-07-23,,Active
PEBK,Peoples Bancorp Of North Carolina Inc,NASDAQ,Stock,1995-08-18,,Active
PEBO,Peoples Bancorp Inc (Marietta OH),NASDAQ,Stock,1993-02-11,,Active
PECE,Peace Acquisition Corp,NASDAQ,Stock,2026-06-04,,Active
PECER,Peace Acquisition Corp Right,NASDAQ,Stock,2026-06-04,,Active
PECEU,Peace Acquisition Corp - Units (1 Ord Shs1 Rts & 1 War),NASDAQ,Stock,2026-05-22,,Active
PECEW,Peace Acquisition Corp Warrant,NASDAQ,Stock,2026-06-04,,Active
PECO,Phillips Edison & Company Inc - New,NASDAQ,Stock,2021-07-15,,Active
PED,PEDEVCO Corp,AMEX,Stock,2003-05-02,,Active
PEG,Public Service Enterprise Group Inc,NYSE,Stock,1980-01-02,,Active
PEGA,Pegasystems Inc,NASDAQ,Stock,1996-07-19,,Active
PEJ,INVESCO LEISURE AND ENTERTAINMENT ETF ,NYSE,ETF,2005-06-23,,Active
PELI,Pelican Acquisition Corp,NASDAQ,Stock,2025-06-12,,Active
PEMX,Putnam Emerging Markets ex-China ETF,NYSE,ETF,2023-05-18,,Active
PEN,Penumbra Inc,NYSE,Stock,2015-09-18,,Active
PENG,Penguin Solutions Inc,NASDAQ,Stock,2017-05-24,,Active
PENN,PENN Entertainment Inc,NASDAQ,Stock,1994-05-26,,Active
PENU,T-REX 2X Long PENG Daily Target ETF,BATS,ETF,2026-08-06,,Active
PEO,Adams Natural Resources Fund Inc,NYSE,ETF,1987-12-30,,Active
PEP,PepsiCo Inc,NASDAQ,Stock,1972-06-01,,Active
PEPG,PepGen Inc,NASDAQ,Stock,2022-05-06,,Active
PEPLW,PepperLime Health Acquisition Corp - Warrants (01/10/2026),NASDAQ,Stock,2021-12-09,,Active
PEPS,PARAMETRIC EQUITY PLUS ETF ,NASDAQ,ETF,2024-11-08,,Active
PERF,Perfect Corp - Class A,NYSE,Stock,2021-03-01,,Active
PERF-WS,Perfect Corp Warrants each exercisable for one Class A Ordinary Share at a price of 11.50 per share,NYSE,Stock,2022-10-31,,Active
PERI,Perion Network Ltd,NASDAQ,Stock,2006-01-31,,Active
PESI,Perma-Fix Environmental Services Inc,NASDAQ,Stock,1995-08-18,,Active
PETS,Petmed Express Inc,NASDAQ,Stock,1999-04-26,,Active
PETZ,TDH Holdings Inc,NASDAQ,Stock,2017-09-21,,Active
PEVC,PACER PE/VC ETF ,NYSE,ETF,2025-02-03,,Active
PEW,GrabAGun Digital Holdings Inc,NYSE,Stock,2025-07-15,,Active
PEW-WS,GrabAGun Digital Holdings Inc Warrants each whole warrant exercisable to purchase one share of Common Stock at an exercise price of 11.50 per share,NYSE,Stock,2025-07-16,,Active
PEX,ProShares Global Listed Private Equity ETF,BATS,ETF,2013-02-28,,Active
PEXL,PACER US EXPORT LEADERS ETF ,NYSE,ETF,2018-07-24,,Active
PEY,INVESCO HIGH YIELD EQUITY DIVIDEND ACHIEVERS ETF ,NASDAQ,ETF,2004-12-09,,Active
PEZ,INVESCO DORSEY WRIGHT CONSUMER CYCLICALS MOMENTUM ETF ,NASDAQ,ETF,2006-10-12,,Active
PFAI,Pinnacle Food Group Ltd - Class A,NASDAQ,Stock,2025-04-21,,Active
PFBC,Preferred Bank,NASDAQ,Stock,1999-08-19,,Active
PFD,Flaherty & Crumrine Preferred and Income Fund Inc,NYSE,ETF,1991-01-25,,Active
PFDE,PATHFINDER DISCIPLINED US EQUITY ETF ,NASDAQ,ETF,2025-12-31,,Active
PFE,Pfizer Inc,NYSE,Stock,1972-06-01,,Active
PFEB,Innovator U.S. Equity Power Buffer ETF - February,BATS,ETF,2020-02-03,,Active
PFEL,AXS 2X PFE Bull Daily ETF,NASDAQ,ETF,2022-07-14,,Active
PFES,AXS 2X PFE Bear Daily ETF,NASDAQ,ETF,2022-07-14,,Active
PFF,ISHARES PREFERRED AND INCOME SECURITIES ETF ,NASDAQ,ETF,2007-03-30,,Active
PFFA,VIRTUS INFRACAP U.S. PREFERRED STOCK ETF ,NYSE,ETF,2018-05-16,,Active
PFFD,GLOBAL X U.S. PREFERRED ETF ,NYSE,ETF,2017-09-13,,Active
PFFL,ETRACS 2xMonthly Pay Leveraged Preferred Stock Index ETN due September 25 2048,NYSE,ETF,2018-09-26,,Active
PFFR,INFRACAP REIT PREFERRED ETF ,NYSE,ETF,2017-02-08,,Active
PFFV,GLOBAL X VARIABLE RATE PREFERRED ETF ,NYSE,ETF,2020-06-24,,Active
PFG,Principal Financial Group Inc,NASDAQ,Stock,2001-10-23,,Active
PFGC,Performance Food Group Company,NYSE,Stock,2015-10-01,,Active
PFH,Prudential Financial Inc,NYSE,Stock,2020-09-02,,Active
PFI,INVESCO DORSEY WRIGHT FINANCIAL MOMENTUM ETF ,NASDAQ,ETF,2006-10-12,,Active
PFIG,INVESCO FUNDAMENTAL INVESTMENT GRADE CORPORATE BOND ETF ,NYSE,ETF,2011-09-15,,Active
PFIS,Peoples Financial Services Corp,NASDAQ,Stock,2002-06-05,,Active
PFIX,SIMPLIFY INTEREST RATE HEDGE ETF ,NYSE,ETF,2021-05-11,,Active
PFL,Pimco Income Strategy Fund,NYSE,ETF,2003-10-09,,Active
PFLA,PennantPark Floating Rate Capital Ltd,NYSE,Stock,2026-06-03,,Active
PFLD,AAM LOW DURATION PREFERRED AND INCOME SECURITIES ETF ,NYSE,ETF,2019-11-20,,Active
PFLT,PennantPark Floating Rate Capital Ltd,NYSE,Stock,2011-04-08,,Active
PFM,INVESCO DIVIDEND ACHIEVERS ETF ,NASDAQ,ETF,2005-09-15,,Active
PFN,Pimco Income Strategy Fund II,NYSE,ETF,2004-10-27,,Active
PFO,Flaherty & Crumrine Preferred and Income Opportunity Fund Inc,NYSE,ETF,1992-02-06,,Active
PFOE,PATHFINDER FOCUSED OPPORTUNITIES ETF ,NASDAQ,ETF,2025-12-31,,Active
PFRL,PGIM FLOATING RATE INCOME ETF ,NYSE,ETF,2022-05-24,,Active
PFS,Provident Financial Services Inc,NYSE,Stock,2003-01-16,,Active
PFSA,Profusa Inc,NASDAQ,Stock,2025-07-11,,Active
PFSI,PennyMac Financial Services Inc,NYSE,Stock,2013-05-09,,Active
PFX,PhenixFIN Corp,NASDAQ,ETF,2011-01-21,,Active
PFXF,VANECK PREFERRED SECURITIES EX FINANCIALS ETF ,NYSE,ETF,2012-07-19,,Active
PFXNL,PhenixFIN Corp,NASDAQ,Stock,2013-03-22,,Active
PFXNZ,PhenixFIN Corp,NASDAQ,Stock,2021-11-16,,Active
PG,Procter & Gamble Company,NYSE,Stock,1970-01-02,,Active
PGAC,Pantages Capital Acquisition Corp Cl A Ord Shs,NASDAQ,Stock,2025-08-08,,Active
PGACR,Pantages Capital Acquisition Corporation Right,NASDAQ,Stock,2025-08-12,,Active
PGACU,Aifeex Nexus Acquisition Corp - Units ( Ord Cls A & 1 Rts),NASDAQ,Stock,2024-12-05,,Active
PGC,Peapack-Gladstone Financial Corp,NASDAQ,Stock,1999-04-27,,Active
PGEN,Precigen Inc,NASDAQ,Stock,2013-08-08,,Active
PGF,INVESCO FINANCIAL PREFERRED ETF ,NYSE,ETF,2006-12-01,,Active
PGHY,INVESCO GLOBAL EX-US HIGH YIELD CORPORATE BOND ETF ,NYSE,ETF,2013-06-21,,Active
PGJ,INVESCO GOLDEN DRAGON CHINA ETF ,NASDAQ,ETF,2004-12-09,,Active
PGNY,Progyny Inc,NASDAQ,Stock,2019-10-25,,Active
PGP,Pimco Global StocksPLUS & Income Fund,NYSE,ETF,2005-05-26,,Active
PGR,Progressive Corp,NYSE,Stock,1986-07-09,,Active
PGRI,Putnam International Stock ETF,NYSE,ETF,2025-10-23,,Active
PGRO,Putnam Focused Large Cap Growth ETF,NYSE,ETF,2021-05-26,,Active
PGX,INVESCO PREFERRED ETF ,NYSE,ETF,2008-01-31,,Active
PGY,Pagaya Technologies Ltd - Class A,NASDAQ,Stock,2022-06-23,,Active
PGYWW,Pagaya Technologies Ltd - Warrants(01/09/2027),NASDAQ,Stock,2022-06-23,,Active
PGZ,Principal Real Estate Income Fund,NYSE,ETF,2013-06-26,,Active
PH,Parker-Hannifin Corp,NYSE,Stock,1985-07-01,,Active
PHAR,Pharming Group N.V.,NASDAQ,Stock,2020-12-23,,Active
PHAT,Phathom Pharmaceuticals Inc,NASDAQ,Stock,2019-10-25,,Active
PHD,Pioneer Floating Rate Fund Inc,NYSE,ETF,2004-12-23,,Active
PHDG,INVESCO S&P 500 DOWNSIDE HEDGED ETF ,NYSE,ETF,2012-12-06,,Active
PHEQ,PARAMETRIC HEDGED EQUITY ETF ,NYSE,ETF,2023-10-19,,Active
PHG,Koninklijke Philips N.V.,NYSE,Stock,1987-12-30,,Active
PHGE-U,BiomX Inc - Units (1 Ord & 1 War),NYSE MKT,Stock,2018-12-14,,Active
PHI,PLDT Inc,NYSE,Stock,1973-05-03,,Active
PHIN,PHINIA Inc,NYSE,Stock,2023-06-28,,Active
PHIN-W,PHINIA Inc WhenIssued,NYSE,Stock,2023-06-28,,Active
PHIO,Phio Pharmaceuticals Corp,NASDAQ,Stock,2012-05-10,,Active
PHK,Pimco High Income Fund,NYSE,ETF,2003-04-25,,Active
PHM,PulteGroup Inc,NYSE,Stock,1985-07-01,,Active
PHO,INVESCO WATER RESOURCES ETF ,NASDAQ,ETF,2005-12-06,,Active
PHOE,Phoenix Asia Holdings Ltd,NASDAQ,Stock,2025-04-25,,Active
PHOX,Aura AI Photonics ETF,NYSE ARCA,ETF,2026-08-10,,Active
PHR,Phreesia Inc,NYSE,Stock,2019-07-18,,Active
PHUN,Phunware Inc,NASDAQ,Stock,2016-10-28,,Active
PHVS,Pharvaris NV,NASDAQ,Stock,2021-02-05,,Active
PHX,PHX Minerals Inc - Class A,NYSE,Stock,1995-08-18,,Active
PHXE-P,Phoenix Energy One LLC.,AMEX,Stock,2025-09-30,,Active
PHXM,PHAXIAM Therapeutics SA ADR,NASDAQ,Stock,2023-06-29,,Active
PHYL,PGIM ACTIVE HIGH YIELD BOND ETF ,NYSE,ETF,2018-09-27,,Active
PHYS,Sprott Physical Gold Trust,NYSE,ETF,2010-02-26,,Active
PI,Impinj Inc,NASDAQ,Stock,2016-07-21,,Active
PICB,INVESCO INTERNATIONAL CORPORATE BOND ETF ,NYSE,ETF,2010-06-03,,Active
PICK,ISHARES MSCI GLOBAL METALS & MINING PRODUCERS ETF ,BATS,ETF,2012-02-02,,Active
PICS,PicS N.V. - Class A,NASDAQ,Stock,2026-01-29,,Active
PID,INVESCO INTERNATIONAL DIVIDEND ACHIEVERS ETF ,NASDAQ,ETF,2005-09-15,,Active
PIE,INVESCO DORSEY WRIGHT EMERGING MARKETS MOMENTUM ETF ,NASDAQ,ETF,2007-12-28,,Active
PIEL,PACER INTERNATIONAL EXPORT LEADERS ETF ,BATS,ETF,2025-12-23,,Active
PIEQ,PRINCIPAL INTERNATIONAL EQUITY ETF ,BATS,ETF,2024-11-06,,Active
PIFI,CLEARSHARES PITON INTERMEDIATE FIXED INCOME ETF ,NYSE,ETF,2020-10-02,,Active
PII,Polaris Inc,NYSE,Stock,1987-09-16,,Active
PIII,P3 Health Partners Inc - Class A,NASDAQ,Stock,2021-04-06,,Active
PIIIW,P3 Health Partners Inc - Warrants (19/11/2026),NASDAQ,Stock,2021-04-07,,Active
PIK,Kidpik Corp,NASDAQ,Stock,2021-11-11,,Active
PILL,DIREXION DAILY PHARMACEUTICAL & MEDICAL BULL 3X SHARES ,NYSE,ETF,2017-11-15,,Active
PIM,Putnam Master Intermediate Income Trust,NYSE,ETF,1988-04-19,,Active
PINC,PGIM Securitized Income ETF,BATS,ETF,2026-06-11,,Active
PINE,Alpine Income Property Trust Inc,NYSE,Stock,2019-11-22,,Active
PINE-P-A,Alpine Income Property Trust Inc,NYSE,Stock,2025-11-17,,Active
PINK,SIMPLIFY HEALTH CARE ETF ,NYSE,ETF,2021-10-08,,Active
PINS,Pinterest Inc - Class A,NYSE,Stock,2019-04-18,,Active
PIO,INVESCO GLOBAL WATER ETF ,NASDAQ,ETF,2007-06-13,,Active
PIPE,Invesco SteelPath MLP & Energy Infrastructure ETF,BATS,ETF,2025-02-20,,Active
PIPR,Piper Sandler Co`s,NYSE,Stock,2004-01-02,,Active
PIRS,Pieris Pharmaceuticals Inc,NASDAQ,Stock,2015-04-13,,Active
PIT,VANECK COMMODITY STRATEGY ETF ,BATS,ETF,2022-12-22,,Active
PIZ,INVESCO DORSEY WRIGHT DEVELOPED MARKETS MOMENTUM ETF ,NASDAQ,ETF,2008-01-07,,Active
PJAN,Innovator U.S. Equity Power Buffer ETF - January,BATS,ETF,2019-01-02,,Active
PJFG,PGIM JENNISON FOCUSED GROWTH ETF ,NYSE,ETF,2022-12-14,,Active
PJFM,PGIM JENNISON FOCUSED MID-CAP ETF ,BATS,ETF,2023-12-19,,Active
PJFV,PGIM JENNISON FOCUSED VALUE ETF ,NYSE,ETF,2022-12-14,,Active
PJIO,PGIM JENNISON INTERNATIONAL OPPORTUNITIES ETF ,NYSE,ETF,2023-12-19,,Active
PJP,INVESCO PHARMACEUTICALS ETF ,NYSE,ETF,2005-06-23,,Active
PJSM,PGIM Jennison Small-Mid Cap Core Equity ETF,NYSE ARCA,ETF,2026-09-03,,Active
PJT,PJT Partners Inc - Class A,NYSE,Stock,2015-10-01,,Active
PJUL,Innovator U.S. Equity Power Buffer ETF - July,BATS,ETF,2018-08-08,,Active
PJUN,Innovator U.S. Equity Power Buffer ETF - June,BATS,ETF,2019-06-03,,Active
PJUS,PGIM JENNISON U.S. CORE EQUITY ETF ,BATS,Stock,2026-05-21,,Active
PK,Park Hotels & Resorts Inc,NYSE,Stock,2017-01-04,,Active
PKB,INVESCO BUILDING & CONSTRUCTION ETF ,NYSE,ETF,2005-10-26,,Active
PKBK,Parke Bancorp Inc,NASDAQ,Stock,2001-09-05,,Active
PKE,Park Aerospace Corp,NYSE,Stock,1987-12-30,,Active
PKG,Packaging Corp Of America,NYSE,Stock,2000-01-28,,Active
PKOH,Park-Ohio Holdings Corp,NASDAQ,Stock,1990-03-26,,Active
PKW,INVESCO BUYBACK ACHIEVERS ETF ,NASDAQ,ETF,2006-12-20,,Active
PKX,POSCO Holdings Inc,NYSE,Stock,1994-10-14,,Active
PL,Planet Labs PBC - Class A,NYSE,Stock,2021-04-26,,Active
PL-WS,Planet Labs PBC Wt Exp 06122026,NYSE,Stock,2021-12-08,,Active
PLA,,NASDAQ,Stock,2026-05-19,,Active
PLAB,Photronics Inc,NASDAQ,Stock,1990-03-26,,Active
PLAG,Planet Green Holdings Corp,AMEX,Stock,2008-04-29,,Active
PLAY,Dave & Buster`s Entertainment Inc,NASDAQ,Stock,2014-10-10,,Active
PLBC,Plumas Bancorp.,NASDAQ,Stock,2002-06-26,,Active
PLBL,Polibeli Group Ltd,NASDAQ,Stock,2025-08-08,,Active
PLBY,PLBY Group Inc,NASDAQ,Stock,2020-08-31,,Active
PLCE,Childrens Place Inc,NASDAQ,Stock,1997-09-19,,Active
PLCI,Pelican Acquisition II Corp,NASDAQ,Stock,2026-08-12,,Active
PLCIR,Pelican Acquisition II Corp,NASDAQ,Stock,2026-08-12,,Active
PLCIU,Pelican Acquisition II Corp - Units (1 Ord Shs & 1 Rts),NASDAQ,Stock,2026-07-24,,Active
PLD,Prologis Inc,NYSE,Stock,1997-11-21,,Active
PLG,Platinum Group Metals Ltd,AMEX,Stock,2002-04-26,,Active
PLGI,PL Growth and Income ETF,BATS,ETF,2025-12-10,,Active
PLGO,Pelagos Insurance Capital Ltd,NYSE,Stock,2023-06-29,,Active
PLIB,Direxion PLTR Defined Income Boost ETF,BATS,ETF,2026-07-29,,Active
PLM-R-W,Polymet Mining Corp Rights expiring April 4 2023 Rights when issued,AMEX,Stock,2023-03-13,,Active
PLMI,Plum Acquisition Corp I - Class A,NASDAQ,Stock,2021-05-06,,Active
PLMIU,Plum Acquisition Corp I - Units (1 Ord Share Class A & 1/5 War),NASDAQ,Stock,2021-03-16,,Active
PLMIW,Plum Acquisition Corp I - Warrants (15/03/2026),NASDAQ,Stock,2021-05-06,,Active
PLMK,Plum Acquisition Corp IV - Class A,NASDAQ,Stock,2025-01-31,,Active
PLMKU,Plum Acquisition Corp IV - Units (1 Ord cls A & 1/2 Warr),NASDAQ,Stock,2025-01-15,,Active
PLMKW,Plum Acquisition Corp IV - Warrants (19/08/2029),NASDAQ,Stock,2025-01-31,,Active
PLMR,Palomar Holdings Inc,NASDAQ,Stock,2019-04-17,,Active
PLNT,Planet Fitness Inc - Class A,NYSE,Stock,2015-08-06,,Active
PLOO,LEVERAGE SHARES 2X CAPPED ACCELERATED PLTR MONTHLY ETF ,BATS,ETF,2025-08-13,,Active
PLOW,Douglas Dynamics Inc,NYSE,Stock,2010-05-05,,Active
PLPC,Preformed Line Products Company,NASDAQ,Stock,1999-04-28,,Active
PLRX,Pliant Therapeutics Inc,NASDAQ,Stock,2020-06-03,,Active
PLRZ,Polyrizon Ltd,NASDAQ,Stock,2024-10-29,,Active
PLSE,Pulse Biosciences Inc,NASDAQ,Stock,2016-05-18,,Active
PLSM,Pulsenmore Ltd,NASDAQ,Stock,2026-01-21,,Active
PLT,,NASDAQ,Stock,2025-08-19,,Active
PLTA,ProShares Trust Ultra PLTR,NYSE,Stock,2025-09-10,,Active
PLTD,T-REX 2X INVERSE PLTR DAILY TARGET ETF ,NASDAQ,ETF,2024-12-11,,Active
PLTG,LEVERAGE SHARES 2X LONG PLTR DAILY ETF ,NASDAQ,ETF,2025-04-25,,Active
PLTI,REX PLTR GROWTH & INCOME ETF ,BATS,ETF,2025-11-04,,Active
PLTK,Playtika Holding Corp,NASDAQ,Stock,2021-01-15,,Active
PLTL,Corgi PLTR 2x Daily ETF,BATS,ETF,2026-06-30,,Active
PLTM,GraniteShares Platinum Shares,NYSE,ETF,2018-02-05,,Active
PLTR,Palantir Technologies Inc - Class A,NASDAQ,Stock,2020-09-30,,Active
PLTS,Platinum Analytics Cayman Ltd - Class A,NASDAQ,Stock,2025-09-19,,Active
PLTU,T-REX 2X LONG PLTR DAILY TARGET ETF,NASDAQ,ETF,2024-12-11,,Active
PLTW,ROUNDHILL PLTR WEEKLYPAY ETF ,BATS,ETF,2025-02-19,,Active
PLTY,YieldMax PLTR Option Income Strategy ETF,NYSE,ETF,2024-10-08,,Active
PLTZ,Defiance Daily Target 2x Short PLTR ETF,NASDAQ,ETF,2025-06-06,,Active
PLU,PLUMA INC,BATS,Stock,2026-01-07,,Active
PLUG,Plug Power Inc,NASDAQ,Stock,1999-10-29,,Active
PLUL,Leverage Shares 2X Long PLUG Daily ETF,NASDAQ,ETF,2026-01-13,,Active
PLUN,Plutonian Acquisition Corp II Class A,NYSE,Stock,2026-06-18,,Active
PLUN-R,Plutonian Acquisition Corp II Rights each entitling the holder to receive onefourth of one Class A Ordinary Share,NYSE,Stock,2026-06-18,,Active
PLUN-U,Plutonian Acquisition Corp II - Units (1 Ord Class A & 1 RTS),NYSE,Stock,2026-04-28,,Active
PLUR,Pluri Inc,NASDAQ,Stock,2003-06-30,,Active
PLUS,ePlus Inc,NASDAQ,Stock,1996-11-15,,Active
PLUT,Plutus Financial Group Ltd,NASDAQ,Stock,2025-02-05,,Active
PLX,Protalix BioTherapeutics Inc,AMEX,Stock,1998-05-15,,Active
PLXS,Plexus Corp,NASDAQ,Stock,1990-03-26,,Active
PLYX,Polaryx Therapeutics Inc,NASDAQ,Stock,2026-02-02,,Active
PLYY,GRANITESHARES YIELDBOOST PLTR ETF ,NASDAQ,ETF,2025-09-23,,Active
PM,Philip Morris International Inc,NYSE,Stock,2008-03-17,,Active
PMA,PMA Graphene Technology Group Inc - Class A,NASDAQ,Stock,2026-07-09,,Active
PMAP,PGIM S&P 500 MAX BUFFER ETF - APRIL ,BATS,ETF,2025-04-01,,Active
PMAR,Innovator U.S. Equity Power Buffer ETF - March,BATS,ETF,2020-03-02,,Active
PMAU,PGIM S&P 500 MAX BUFFER ETF - AUGUST ,BATS,ETF,2025-08-01,,Active
PMAX,Powell Max Ltd - Class A,NASDAQ,Stock,2024-09-05,,Active
PMAY,Innovator U.S. Equity Power Buffer ETF - May,BATS,ETF,2020-05-01,,Active
PMBS,PIMCO Mortgage-Backed Securities Active Exchange-Traded Fund,NASDAQ,ETF,2024-09-23,,Active
PMCB,PharmaCyte Biotech Inc,NASDAQ,Stock,2010-09-17,,Active
PMDE,PGIM S&P 500 MAX BUFFER ETF - DECEMBER ,BATS,ETF,2025-12-01,,Active
PMEC,Primech Holdings Ltd,NASDAQ,Stock,2023-10-09,,Active
PMF,Pimco Municipal Income Fund,NYSE,ETF,2001-06-27,,Active
PMFB,PGIM S&P 500 MAX BUFFER ETF - FEBRUARY ,BATS,ETF,2025-02-03,,Active
PMI,Picard Medical Inc,NYSE MKT,Stock,2025-08-29,,Active
PMIO,PGIM MUNICIPAL INCOME OPPORTUNITIES ETF ,NYSE,ETF,2024-06-28,,Active
PMJA,PGIM S&P 500 MAX BUFFER ETF - JANUARY ,BATS,ETF,2025-01-02,,Active
PMJL,PGIM S&P 500 MAX BUFFER ETF - JULY ,BATS,ETF,2025-07-01,,Active
PMJN,PGIM S&P 500 MAX BUFFER ETF - JUNE ,BATS,ETF,2025-06-02,,Active
PML,Pimco Municipal Income Fund II,NYSE,ETF,2002-06-26,,Active
PMM,Putnam Managed Municipal Income Trust.,NYSE,ETF,1989-06-30,,Active
PMMF,iShares Prime Money Market ETF,NYSE,ETF,2025-02-06,,Active
PMMR,PGIM S&P 500 MAX BUFFER ETF - MARCH ,BATS,ETF,2025-03-03,,Active
PMMY,PGIM S&P 500 MAX BUFFER ETF - MAY ,BATS,ETF,2025-05-01,,Active
PMN,ProMIS Neurosciences Inc,NASDAQ,Stock,2007-07-17,,Active
PMNT,Perfect Moment Ltd,AMEX,Stock,2024-02-08,,Active
PMNV,PGIM S&P 500 MAX BUFFER ETF - NOVEMBER ,BATS,ETF,2025-11-03,,Active
PMO,Putnam Municipal Opportunities Trust,NYSE,ETF,1994-10-27,,Active
PMOC,PGIM S&P 500 MAX BUFFER ETF - OCTOBER ,BATS,ETF,2025-10-01,,Active
PMSE,PGIM S&P 500 MAX BUFFER ETF - SEPTEMBER ,BATS,ETF,2025-09-02,,Active
PMT,Pennymac Mortgage Investment Trust,NYSE,Stock,2009-07-30,,Active
PMT-P-A,Pennymac Mortgage Investment Trust,NYSE,Stock,2017-03-13,,Active
PMT-P-B,Pennymac Mortgage Investment Trust,NYSE,Stock,2017-06-28,,Active
PMT-P-C,Pennymac Mortgage Investment Trust,NYSE,Stock,2021-08-17,,Active
PMTL,First Trust Indxx Quality Precious Metals Miners ETF,NYSE ARCA,ETF,2026-07-23,,Active
PMTR,Perimeter Acquisition Corp I - Class A,NASDAQ,Stock,2025-06-20,,Active
PMTRU,Perimeter Acquisition Corp I - Units (1 Ord Cls A & 1/2 War),NASDAQ,Stock,2025-05-13,,Active
PMTRW,Perimeter Acquisition Corp I - Warrants (13/05/2030),NASDAQ,Stock,2025-06-20,,Active
PMTS,CPI Card Group Inc,NASDAQ,Stock,2015-10-09,,Active
PMTU,Pennymac Mortgage Investment Trust,NYSE,Stock,2023-09-28,,Active
PMTV,Pennymac Mortgage Investment Trust,NYSE,Stock,2025-02-14,,Active
PMTW,Pennymac Mortgage Investment Trust,NYSE,Stock,2025-06-12,,Active
PMVP,PMV Pharmaceuticals Inc,NASDAQ,Stock,2020-09-25,,Active
PMX,Pimco Municipal Income Fund III,NYSE,ETF,2002-10-29,,Active
PN,Skycorp Solar Group Ltd - Series A,NASDAQ,Stock,2025-03-04,,Active
PNAQ-U,Pinnacle Acquisition Corporation Units each consisting of one Class A ordinary share and one right,NYSE,Stock,2026-08-07,,Active
PNBK,Patriot National Bancorp Inc,NASDAQ,Stock,1994-09-01,,Active
PNC,PNC Financial Services Group Inc,NYSE,Stock,1988-09-07,,Active
PNF,Pimco New York Municipal Income Fund,NYSE,ETF,2001-06-27,,Active
PNFP,Pinnacle Financial Partners Inc,NYSE,Stock,2026-01-02,,Active
PNFP-P-A,Pinnacle Financial Partners Inc,NYSE,Stock,2026-01-02,,Active
PNFP-P-B,Pinnacle Financial Partners Inc,NYSE,Stock,2026-01-02,,Active
PNFP-P-C,Pinnacle Financial Partners Inc,NYSE,Stock,2026-01-02,,Active
PNI,Pimco New York Municipal Income Fund II,NYSE,ETF,2002-06-26,,Active
PNNT,PennantPark Investment Corporation,NYSE,Stock,2007-04-19,,Active
PNOV,Innovator U.S. Equity Power Buffer ETF - November,BATS,ETF,2019-11-01,,Active
PNQI,INVESCO NASDAQ INTERNET ETF ,NASDAQ,ETF,2008-06-13,,Active
PNR,Pentair plc,NYSE,Stock,1973-05-03,,Active
PNRG,PrimeEnergy Resources Corp,NASDAQ,Stock,1995-08-18,,Active
PNST-WS,Pinstripes Holdings Inc Warrants,NYSE,Stock,2024-01-02,,Active
PNTG,Pennant Group Inc,NASDAQ,Stock,2019-10-01,,Active
PNW,Pinnacle West Capital Corp,NYSE,Stock,1984-07-19,,Active
POAS,Phaos Technology (Cayman) Holdings Ltd - Class A,AMEX,Stock,2025-11-13,,Active
POCI,Precision Optics Corp Inc,NASDAQ,Stock,1995-08-18,,Active
POCT,Innovator U.S. Equity Power Buffer ETF - October,BATS,ETF,2018-10-01,,Active
PODC,PodcastOne Inc,NASDAQ,Stock,2023-09-08,,Active
PODD,Insulet Corporation,NASDAQ,Stock,2007-05-15,,Active
POEL,DEFIANCE DAILY TARGET 2X LONG POET ETF ,BATS,Stock,2026-05-01,,Active
POET,POET Technologies Inc,NASDAQ,Stock,2014-02-18,,Active
POL-WS,Polished Inc Wt Exp 06022026,AMEX,Stock,2022-07-22,,Active
POLA,Polar Power Inc,NASDAQ,Stock,2016-12-07,,Active
POLE,Andretti Acquisition Corp II - Class A,NASDAQ,Stock,2024-10-28,,Active
POLEU,Andretti Acquisition Corp II - Units (1 Ord Class A & 1/2 War),NASDAQ,Stock,2024-09-06,,Active
POLEW,Andretti Acquisition Corp II - Warrants(09/09/2029),NASDAQ,Stock,2024-10-28,,Active
POM,Pomdoctor Ltd,NASDAQ,Stock,2025-10-08,,Active
PONO,Pono Capital Four Inc,NASDAQ,Stock,2026-05-05,,Active
PONOR,Pono Capital Four Inc Rights,NASDAQ,Stock,2026-05-05,,Active
PONOU,PONO Capital Corp - Units (1 Ord Share Class A & 3/4 War),NASDAQ,Stock,2021-08-11,,Active
PONX,TRADR 2X LONG PONY DAILY ETF ,BATS,Stock,2025-09-09,,Active
PONY,Pony AI Inc,NASDAQ,Stock,2024-11-27,,Active
POOL,Pool Corporation,NASDAQ,Stock,1995-10-13,,Active
POR,Portland General Electric Company,NYSE,Stock,2006-03-31,,Active
POST,Post Holdings Inc,NYSE,Stock,2012-01-27,,Active
POWA,INVESCO BLOOMBERG PRICING POWER ETF ,NYSE,ETF,2006-12-15,,Active
POWI,Power Integrations Inc,NASDAQ,Stock,1997-12-12,,Active
POWL,Powell Industries Inc,NASDAQ,Stock,1990-03-26,,Active
POWR,ISHARES U.S. POWER INFRASTRUCTURE ETF ,NYSE,ETF,2012-02-02,,Active
POWW,AMMO Inc,NASDAQ,Stock,2016-01-07,,Active
POWWP,AMMO Inc,NASDAQ,Stock,2021-05-21,,Active
PPA,INVESCO AEROSPACE & DEFENSE ETF ,NYSE,ETF,2005-10-26,,Active
PPBT,Purple Biotech Ltd,NASDAQ,Stock,2015-11-20,,Active
PPC,Pilgrim`s Pride Corp,NASDAQ,Stock,1987-12-30,,Active
PPCB,Propanc Biopharma Inc,NASDAQ,Stock,2012-11-12,,Active
PPG,PPG Industries Inc,NYSE,Stock,1983-04-06,,Active
PPH,VanEck Pharmaceutical ETF,NASDAQ,ETF,2000-02-01,,Active
PPHC,Public Policy Holding Company Inc - Reg S,NASDAQ,Stock,2026-01-28,,Active
PPIH,Perma-Pipe International Holdings Inc,NASDAQ,Stock,2016-01-04,,Active
PPL,PPL Corp,NYSE,Stock,1985-04-08,,Active
PPLC,PPL Corporation,NYSE,Stock,2026-02-24,,Active
PPLI,People Inc - New,NASDAQ,Stock,1993-01-19,,Active
PPLT,abrdn Physical Platinum Shares ETF,NYSE,ETF,2010-01-08,,Active
PPSI,Pioneer Power Solutions Inc,NASDAQ,Stock,2013-05-03,,Active
PPT,Putnam Premier Income Trust,NYSE,ETF,1988-02-19,,Active
PPTA,Perpetua Resources Corp Com,NASDAQ,Stock,2021-02-18,,Active
PPTY,U.S. DIVERSIFIED REAL ESTATE ETF ,NYSE,ETF,2018-03-27,,Active
PQAP,PGIM NASDAQ-100 BUFFER 12 ETF - APRIL ,NASDAQ,ETF,2025-01-02,,Active
PQDI,PRINCIPAL SPECTRUM TAX-ADVANTAGED DIVIDEND ACTIVE ETF ,NYSE,ETF,2020-06-17,,Active
PQJA,PGIM NASDAQ-100 BUFFER 12 ETF - JANUARY ,NASDAQ,ETF,2025-01-02,,Active
PQJL,PGIM Nasdaq-100 Buffer 12 ETF - July,NASDAQ,ETF,2025-01-02,,Active
PQNT,Pictet AI Enhanced International Equity ETF,NYSE,ETF,2025-10-16,,Active
PQOC,PGIM NASDAQ-100 BUFFER 12 ETF - OCTOBER ,NASDAQ,ETF,2025-01-02,,Active
PQUS,PICTET AI ENHANCED US EQUITY ETF ,NYSE,ETF,2026-02-26,,Active
PQV,PGIM S&P 500 Quarterly Buffer 5 ETF,BATS,ETF,2026-07-01,,Active
PQX,PGIM S&P 500 Quarterly Buffer 10 ETF,BATS,ETF,2026-07-01,,Active
PQXV,PGIM S&P 500 Quarterly Buffer 15 ETF,BATS,ETF,2026-07-01,,Active
PQXX,PGIM S&P 500 Quarterly Buffer 20 ETF,BATS,ETF,2026-07-01,,Active
PR,Permian Resources Corp - Class A,NYSE,Stock,2016-04-15,,Active
PRAA,PRA Group Inc,NASDAQ,Stock,2002-11-08,,Active
PRAB,STATE STREET(R) IG PUBLIC & PRIVATE ABS ETF ,NYSE,Stock,2026-03-11,,Active
PRAE,PLANROCK ALTERNATIVE GROWTH ETF ,NYSE,ETF,2023-12-19,,Active
PRAM,Defiance Memory & Photonics ETF,BATS,ETF,2026-08-27,,Active
PRAX,Praxis Precision Medicines Inc,NASDAQ,Stock,2020-10-16,,Active
PRAY,FIS CHRISTIAN STOCK FUND ,NYSE ARCA,ETF,2022-02-08,,Active
PRCH,Porch Group Inc - Class A,NASDAQ,Stock,2020-01-13,,Active
PRCS,PARNASSUS CORE SELECT ETF ,NYSE,ETF,2024-12-12,,Active
PRCT,Procept BioRobotics Corp,NASDAQ,Stock,2021-09-15,,Active
PRDO,Perdoceo Education Corporation,NASDAQ,Stock,1998-01-29,,Active
PRDS,Pardes Biosciences Inc,NASDAQ,Stock,2021-12-27,,Active
PRE,Prenetics Global Ltd - Class A,NASDAQ,Stock,2022-05-18,,Active
PRE-P-J,PartnerRe Ltd 4.875 Fixed Rate NonCumulative Redeemable Preferred Shares Series J,NYSE,Stock,2021-03-19,,Active
PREF,PRINCIPAL SPECTRUM PREFERRED SECURITIES ACTIVE ETF ,NYSE,ETF,2017-07-26,,Active
PRENW,Prenetics Global Ltd - Warrants(17/05/2027),NASDAQ,Stock,2022-05-18,,Active
PRF,INVESCO RAFI US 1000 ETF ,NYSE,ETF,2005-12-19,,Active
PRFD,PIMCO PREFERRED AND CAPITAL SECURITIES ACTIVE EXCHANGE-TRADED FUND ,NYSE,ETF,2023-01-19,,Active
PRFX,PRF Technologies Ltd,NASDAQ,Stock,2020-09-01,,Active
PRFZ,INVESCO RAFI US 1500 SMALL-MID ETF ,NASDAQ,ETF,2006-09-20,,Active
PRG,PROG Holdings Inc,NYSE,Stock,1984-09-07,,Active
PRGO,Perrigo Company plc,NYSE,Stock,1991-12-17,,Active
PRGS,Progress Software Corp,NASDAQ,Stock,1991-08-05,,Active
PRH,Prudential Financial Inc,NYSE,Stock,2013-03-27,,Active
PRHI,Presurance Holdings Inc,NASDAQ,Stock,2015-08-13,,Active
PRHIZ,Presurance Holdings Inc Sr Nt,NASDAQ,Stock,2025-09-30,,Active
PRI,Primerica Inc,NYSE,Stock,2010-04-01,,Active
PRIF-P-D,Priority Income Fund Inc 700 Series D Term Preferred Stock due 2029,NYSE,Stock,2019-06-21,,Active
PRIF-P-I,Priority Income Fund Inc,NYSE,Stock,2021-06-17,,Active
PRIF-P-K,Priority Income Fund Inc,NYSE,Stock,2021-10-05,,Active
PRIF-P-L,Priority Income Fund Inc 6.375 Series L Term Preferred Stock Due 2029,NYSE,Stock,2022-02-24,,Active
PRIM,Primoris Services Corp,NYSE,Stock,2008-08-06,,Active
PRIV,SPDR SSGA IG PUBLIC & PRIVATE CREDIT ETF ,NYSE,ETF,2025-02-27,,Active
PRIZ,Zacks Preferred Income,NYSE ARCA,Stock,2026-06-02,,Active
PRK,Park National Corp,AMEX,Stock,1991-05-08,,Active
PRKS,SeaWorld Entertainment Inc,NYSE,Stock,2013-04-19,,Active
PRLB,Proto Labs Inc,NYSE,Stock,2012-02-24,,Active
PRLD,Prelude Therapeutics Inc,NASDAQ,Stock,2020-09-25,,Active
PRM,Perimeter Solutions Inc,NYSE,Stock,2021-11-09,,Active
PRMB,Primo Brands Corp - Class A,NYSE,Stock,2024-11-11,,Active
PRME,Prime Medicine Inc,NASDAQ,Stock,2022-10-20,,Active
PRMR,PeakShares RMR Prime Equity ETF,NASDAQ,ETF,2025-12-09,,Active
PRN,Invesco Dorsey Wright Industrials Momentum ETF,NASDAQ,ETF,2006-10-12,,Active
PRNT,THE 3D PRINTING ETF ,BATS,ETF,2016-07-19,,Active
PROF,Profound Medical Corp,NASDAQ,Stock,2016-06-09,,Active
PROK,ProKidney Corp - Class A,NASDAQ,Stock,2022-07-12,,Active
PROV,Provident Financial Holdings Inc,NASDAQ,Stock,1996-06-28,,Active
PRPL,Purple Innovation Inc - Class A,NASDAQ,Stock,2018-02-05,,Active
PRPO,Precipio Inc,NASDAQ,Stock,2000-07-18,,Active
PRQR,ProQR Therapeutics N.V,NASDAQ,Stock,2014-09-18,,Active
PRS,Prudential Financial Inc,NYSE,Stock,2018-08-22,,Active
PRSD,STATE STREET(R) SHORT DURATION IG PUBLIC & PRIVATE CREDIT ETF ,NYSE,Stock,2025-09-10,,Active
PRSO,Peraso Inc,NASDAQ,Stock,2001-06-28,,Active
PRSU,Pursuit Attractions and Hospitality Inc,NYSE,Stock,2004-08-12,,Active
PRT,PermRock Royalty Trust,NYSE,Stock,2018-05-02,,Active
PRTA,Prothena Corporation plc,NASDAQ,Stock,2012-12-21,,Active
PRTH,Priority Technology Holdings Inc,NASDAQ,Stock,2016-12-06,,Active
PRTO,RCN PARETO STRATEGIC ALLOCATION ETF ,NYSE,ETF,2026-03-25,,Active
PRTS,CarParts.com Inc,NASDAQ,Stock,2007-02-09,,Active
PRU,Prudential Financial Inc,NYSE,Stock,2001-12-13,,Active
PRVA,Privia Health Group Inc,NASDAQ,Stock,2021-04-28,,Active
PRVS,PARNASSUS VALUE SELECT ETF ,NYSE,ETF,2024-12-12,,Active
PRXI,Premier Exhibitions Inc,NASDAQ,Stock,2026-06-24,,Active
PRZO,ParaZero Technologies Ltd,NASDAQ,Stock,2023-07-27,,Active
PS,Pluralsight Inc - Class A,NYSE,Stock,2018-05-17,,Active
PSA,Public Storage.,NYSE,Stock,1980-11-18,,Active
PSA-P-F,Public Storage.,NYSE,Stock,2017-05-23,,Active
PSA-P-G,Public Storage.,NYSE,Stock,2017-08-01,,Active
PSA-P-H,Public Storage.,NYSE,Stock,2019-03-01,,Active
PSA-P-I,Public Storage.,NYSE,Stock,2019-09-06,,Active
PSA-P-J,Public Storage.,NYSE,Stock,2019-11-06,,Active
PSA-P-K,Public Storage.,NYSE,Stock,2019-12-11,,Active
PSA-P-L,Public Storage.,NYSE,Stock,2020-06-09,,Active
PSA-P-M,Public Storage.,NYSE,Stock,2020-08-20,,Active
PSA-P-N,Public Storage.,NYSE,Stock,2020-09-30,,Active
PSA-P-O,Public Storage.,NYSE,Stock,2020-11-11,,Active
PSA-P-P,Public Storage.,NYSE,Stock,2021-06-07,,Active
PSA-P-Q,Public Storage.,NYSE,Stock,2021-08-19,,Active
PSA-P-R,Public Storage.,NYSE,Stock,2021-11-10,,Active
PSA-P-S,Public Storage.,NYSE,Stock,2022-01-05,,Active
PSA-P-T,Public Storage,NYSE,Stock,2026-07-23,,Active
PSA-P-U,Public Storage,NYSE,Stock,2026-07-23,,Active
PSAI,PACER S&P 500 3AI TOP 100 ETF ,BATS,ETF,2026-05-07,,Active
PSBD,Palmer Square Capital BDC Inc,NYSE,Stock,2024-01-18,,Active
PSC,Principal U.S. Small-Cap ETF,NASDAQ,ETF,2016-09-22,,Active
PSCC,INVESCO S&P SMALLCAP CONSUMER STAPLES ETF ,NASDAQ,ETF,2010-04-07,,Active
PSCD,INVESCO S&P SMALLCAP CONSUMER DISCRETIONARY ETF ,NASDAQ,ETF,2010-04-07,,Active
PSCE,INVESCO S&P SMALLCAP ENERGY ETF ,NASDAQ,ETF,2010-04-07,,Active
PSCF,INVESCO S&P SMALLCAP FINANCIALS ETF ,NASDAQ,ETF,2010-04-07,,Active
PSCH,INVESCO S&P SMALLCAP HEALTH CARE ETF ,NASDAQ,ETF,2010-04-07,,Active
PSCI,INVESCO S&P SMALLCAP INDUSTRIALS ETF ,NASDAQ,ETF,2010-04-07,,Active
PSCJ,PACER SWAN SOS CONSERVATIVE (JULY) ETF ,BATS,ETF,2021-07-01,,Active
PSCM,INVESCO S&P SMALLCAP MATERIALS ETF ,NASDAQ,ETF,2010-04-07,,Active
PSCQ,PACER SWAN SOS CONSERVATIVE (OCTOBER) ETF ,BATS,ETF,2021-10-01,,Active
PSCT,INVESCO S&P SMALLCAP INFORMATION TECHNOLOGY ETF ,NASDAQ,ETF,2010-04-07,,Active
PSCU,INVESCO S&P SMALLCAP UTILITIES & COMMUNICATION SERVICES ETF ,NASDAQ,ETF,2010-04-07,,Active
PSCW,PACER SWAN SOS CONSERVATIVE (APRIL) ETF ,BATS,ETF,2021-04-01,,Active
PSCX,PACER SWAN SOS CONSERVATIVE (JANUARY) ETF ,BATS,ETF,2020-12-23,,Active
PSDM,PGIM SHORT DURATION MULTI-SECTOR BOND ETF ,BATS,ETF,2023-07-26,,Active
PSEC,Prospect Capital Corp,NASDAQ,Stock,2004-07-27,,Active
PSEC-P-A,Prospect Capital Corp,NYSE,Stock,2021-07-13,,Active
PSEP,Innovator U.S. Equity Power Buffer ETF - September,BATS,ETF,2019-09-03,,Active
PSET,PRINCIPAL QUALITY ETF ,NASDAQ,ETF,2016-03-22,,Active
PSF,Cohen & Steers Select Preferred and Income Fund Inc,NYSE,ETF,2010-11-26,,Active
PSFD,PACER SWAN SOS FLEX (JANUARY) ETF ,BATS,ETF,2020-12-23,,Active
PSFE,Paysafe Ltd - Class A,NYSE,Stock,2020-10-09,,Active
PSFF,PACER SWAN SOS FUND OF FUNDS ETF ,BATS,ETF,2020-12-30,,Active
PSFJ,PACER SWAN SOS FLEX (JULY) ETF ,BATS,ETF,2021-07-01,,Active
PSFM,PACER SWAN SOS FLEX (APRIL) ETF ,BATS,ETF,2021-04-01,,Active
PSFO,PACER SWAN SOS FLEX (OCTOBER) ETF ,BATS,ETF,2021-10-01,,Active
PSH,PGIM SHORT DURATION HIGH YIELD ETF ,BATS,ETF,2023-12-19,,Active
PSHG,Performance Shipping Inc,NASDAQ,Stock,2011-01-03,,Active
PSI,INVESCO SEMICONDUCTORS ETF ,NYSE,ETF,2005-06-23,,Active
PSIG,PS International Group Ltd,NASDAQ,Stock,2024-07-19,,Active
PSIL,ADVISORSHARES PSYCHEDELICS ETF ,NYSE,ETF,2021-09-16,,Active
PSIX,Power Solutions International Inc,NASDAQ,Stock,2012-04-17,,Active
PSK,STATE STREET(R) SPDR(R) ICE PREFERRED SECURITIES ETF ,NYSE,ETF,2009-09-17,,Active
PSKY,Paramount Skydance Corp - Class B,NASDAQ,Stock,2025-08-06,,Active
PSL,Invesco Dorsey Wright Consumer Staples Momentum ETF,NASDAQ,ETF,2006-10-12,,Active
PSLV,Sprott Physical Silver Trust,NYSE,ETF,2010-10-29,,Active
PSMD,PACER SWAN SOS MODERATE (JANUARY) ETF ,BATS,ETF,2020-12-23,,Active
PSMJ,PACER SWAN SOS MODERATE (JULY) ETF ,BATS,ETF,2021-07-01,,Active
PSMO,PACER SWAN SOS MODERATE (OCTOBER) ETF ,BATS,ETF,2021-10-01,,Active
PSMR,PACER SWAN SOS MODERATE (APRIL) ETF ,BATS,ETF,2021-04-01,,Active
PSMT,Pricesmart Inc,NASDAQ,Stock,1997-09-02,,Active
PSN,Parsons Corp,NYSE,Stock,2019-05-08,,Active
PSNL,Personalis Inc,NASDAQ,Stock,2019-06-20,,Active
PSNY,Polestar Automotive Holding UK PLC,NASDAQ,Stock,2022-06-24,,Active
PSNYW,Polestar Automotive Holding UK PLC,NASDAQ,Stock,2022-06-24,,Active
PSO,Pearson plc,NYSE,Stock,1996-11-18,,Active
PSOX,Tema MLCC & PowerSemi ETF,BATS,ETF,2026-08-17,,Active
PSP,INVESCO GLOBAL LISTED PRIVATE EQUITY ETF ,NYSE,ETF,2006-10-24,,Active
PSQ,ProShares Short QQQ -1x Shares,NYSE,ETF,2006-06-21,,Active
PSQA,Palmer Square CLO Senior Debt ETF,NYSE,ETF,2024-09-12,,Active
PSQH,PSQ Holdings Inc - Class A,NYSE,Stock,2021-07-07,,Active
PSQH-WS,PSQ Holdings Inc - Warrants (01/01/9999),NYSE,Stock,2021-07-07,,Active
PSQL,Pasqal Holding SA,NASDAQ,Stock,2026-08-28,,Active
PSQLW,Pasqal Holding SA - Warrants (28/08/2031),NASDAQ,Stock,2026-08-28,,Active
PSQO,Palmer Square Credit Opportunities ETF,NYSE,ETF,2024-09-12,,Active
PSR,INVESCO ACTIVE U.S. REAL ESTATE ETF ,NYSE,ETF,2008-11-21,,Active
PST,PROSHARES ULTRASHORT 7-10 YEAR TREASURY ,NYSE,ETF,2008-05-01,,Active
PSTL,Postal Realty Trust Inc Cls A,NYSE,Stock,2019-05-15,,Active
PSTP,Innovator Power Buffer Step-Up Strategy ETF,NYSE,ETF,2022-03-08,,Active
PSTR,PeakShares Sector Rotation ETF,NASDAQ,ETF,2024-04-30,,Active
PSTX,Poseida Therapeutics Inc,NASDAQ,Stock,2020-07-10,,Active
PSUS,Pershing Square USA Ltd (New),NYSE,Stock,2026-04-29,,Active
PSWD,XTRACKERS CYBERSECURITY SELECT EQUITY ETF ,NASDAQ,ETF,2023-07-13,,Active
PSX,Phillips 66,NYSE,Stock,2012-04-12,,Active
PTA,Cohen & Steers Tax-Advantaged Preferred Securities & Income Fund,NYSE,Stock,2020-10-28,,Active
PTAC,Patriot Acquisition Corp - Class A,NASDAQ,Stock,2026-07-06,,Active
PTACU,Patriot Acquisition Corp - Units (1 Ord Cls A & 1/2 War),NASDAQ,Stock,2026-05-15,,Active
PTACW,Patriot Acquisition Corp - Warrants (11/05/2031),NASDAQ,Stock,2026-07-20,,Active
PTBD,PACER TRENDPILOT US BOND ETF ,NYSE,ETF,2019-10-23,,Active
PTC,PTC Inc,NASDAQ,Stock,1990-03-26,,Active
PTCT,PTC Therapeutics Inc,NASDAQ,Stock,2013-06-20,,Active
PTEN,Patterson-UTI Energy Inc,NASDAQ,Stock,1993-11-02,,Active
PTEST,PTEST,NYSE,Stock,2017-03-17,,Active
PTEST-A,,NYSE,Stock,2021-09-13,,Active
PTEST-W,,NYSE,Stock,2018-10-29,,Active
PTEST-X,,NYSE,Stock,2019-08-30,,Active
PTEST-Y,,NYSE,Stock,2019-08-30,,Active
PTEU,PACER TRENDPILOT EUROPEAN INDEX ETF ,BATS,ETF,2016-01-04,,Active
PTF,INVESCO DORSEY WRIGHT TECHNOLOGY MOMENTUM ETF ,NASDAQ,ETF,2006-10-12,,Active
PTGX,Protagonist Therapeutics Inc,NASDAQ,Stock,2016-08-11,,Active
PTH,INVESCO DORSEY WRIGHT HEALTHCARE MOMENTUM ETF ,NASDAQ,ETF,2006-10-12,,Active
PTHR,Pono Capital Three Inc - Class A,NASDAQ,Stock,2023-04-03,,Active
PTHRW,Pono Capital Three Inc - Warrants (11/01/2028),NASDAQ,Stock,2023-04-03,,Active
PTHS,Channel Therapeutics Corporation,AMEX,Stock,2024-02-16,,Active
PTIN,PACER TRENDPILOT INTERNATIONAL ETF ,NYSE,ETF,2019-05-03,,Active
PTIR,GRANITESHARES 2X LONG PLTR DAILY ETF ,NASDAQ,ETF,2024-09-04,,Active
PTL,INSPIRE 500 ETF ,NYSE,ETF,2024-03-26,,Active
PTLC,PACER TRENDPILOT US LARGE CAP ETF ,BATS,ETF,2005-12-22,,Active
PTLE,PTL Ltd,NASDAQ,Stock,2024-10-16,,Active
PTLO,Portillos Inc - Class A,NASDAQ,Stock,2021-10-21,,Active
PTMC,PACER TRENDPILOT US MID CAP ETF ,BATS,ETF,2016-01-04,,Active
PTN,Palatin Technologies Inc,NASDAQ,Stock,2025-11-12,,Active
PTNM,Pitanium Ltd - Class A,NASDAQ,Stock,2025-05-30,,Active
PTNQ,PACER TRENDPILOT 100 ETF ,NASDAQ,ETF,2015-06-12,,Active
PTNT,Corgi IP Licensing & Royalties,BATS,ETF,2025-05-08,,Active
PTON,Peloton Interactive Inc - Class A,NASDAQ,Stock,2019-09-26,,Active
PTOR,Praetorian Acquisition Corp,NASDAQ,Stock,2026-03-16,,Active
PTORU,Praetorian Acquisition Corp - Units (1 Ord cls A & 1/3 War),NASDAQ,Stock,2026-01-23,,Active
PTORW,Praetorian Acquisition Corp Warrant,NASDAQ,Stock,2026-03-17,,Active
PTRB,PGIM TOTAL RETURN BOND ETF ,NYSE,ETF,2021-12-08,,Active
PTRN,Pattern Group Inc - Class A,NASDAQ,Stock,2025-09-19,,Active
PTWOU,SBC Medical Group Holdings Inc - Units (1 Ord Class A & 1 War),NASDAQ,Stock,2022-08-05,,Active
PTY,PIMCO Corporate & Income Opportunity Fund,NYSE,ETF,2002-12-26,,Active
PUBM,PubMatic Inc - Class A,NASDAQ,Stock,2020-12-09,,Active
PUI,INVESCO DORSEY WRIGHT UTILITIES MOMENTUM ETF ,NASDAQ,ETF,2005-10-26,,Active
PUK,Prudential plc,NYSE,Stock,2000-06-29,,Active
PUL,GraniteShares 2x Long P Daily ETF,NASDAQ,ETF,2026-07-07,,Active
PULM,Pulmatrix Inc,NASDAQ,Stock,2014-03-21,,Active
PULS,PGIM ULTRA SHORT BOND ETF ,NYSE,ETF,2018-04-10,,Active
PUMP,ProPetro Holding Corp,NYSE,Stock,2017-03-17,,Active
PUR,Defiance Daily Target 2X Long PURR ETF,NASDAQ,ETF,2026-07-08,,Active
PURR,Hyperliquid Strategies Inc,NASDAQ,Stock,2025-12-03,,Active
PUSA,Aureus Greenway Holdings Inc,NASDAQ,Stock,2025-02-12,,Active
PUSH,PGIM ULTRA SHORT MUNICIPAL BOND ETF ,NYSE,ETF,2024-06-28,,Active
PVAL,Putnam Focused Large Cap Value ETF,NYSE,ETF,2021-05-26,,Active
PVEX,TRUESHARES CONVEQUITY ETF ,BATS,ETF,2025-06-30,,Active
PVH,PVH Corp,NYSE,Stock,1987-07-10,,Active
PVI,INVESCO FLOATING RATE MUNICIPAL INCOME ETF ,NYSE,ETF,2007-11-15,,Active
PVL,Permianville Royalty Trust,NYSE,Stock,2011-11-03,,Active
PVLA,Palvella Therapeutics Inc,NASDAQ,Stock,2024-12-16,,Active
PW,Power REIT,NYSE MKT,Stock,1980-03-17,,Active
PW-P-A,Power REIT,AMEX,Stock,2014-09-24,,Active
PWB,INVESCO LARGE CAP GROWTH ETF ,NYSE,ETF,2005-03-03,,Active
PWCM,PowerCompute Inc,NASDAQ,Stock,2015-12-08,,Active
PWER,MACQUARIE ENERGY TRANSITION ETF ,NYSE,ETF,2023-11-29,,Active
PWM,Prestige Wealth Inc,NASDAQ,Stock,2023-07-06,,Active
PWP,Perella Weinberg Partners - Class A,NASDAQ,Stock,2020-11-20,,Active
PWR,Quanta Services Inc,NYSE,Stock,1998-02-12,,Active
PWRD,TCW Transform Systems ETF,NASDAQ,ETF,2022-02-03,,Active
PWRL,Powerlaw Corp,NASDAQ,Stock,2026-05-27,,Active
PWRZ,TrueShares Eagle Global Next Gen Power Infrastructure ETF,BATS,ETF,2026-07-10,,Active
PWS,PACER WEALTHSHIELD ETF ,BATS,ETF,2017-12-12,,Active
PWV,INVESCO LARGE CAP VALUE ETF ,NYSE,ETF,2005-03-03,,Active
PWZ,INVESCO CALIFORNIA AMT-FREE MUNICIPAL BOND ETF ,NYSE,ETF,2007-10-18,,Active
PXDT,Pixie Dust Technologies Inc,NASDAQ,Stock,2023-08-01,,Active
PXE,INVESCO ENERGY EXPLORATION & PRODUCTION ETF ,NYSE,ETF,2005-10-26,,Active
PXED,Phoenix Education Partners Inc,NYSE,Stock,2025-10-09,,Active
PXF,INVESCO FTSE RAFI DEVELOPED MARKETS EX-U.S. ETF ,NYSE,ETF,2007-06-25,,Active
PXH,INVESCO FTSE RAFI EMERGING MARKETS ETF ,NYSE,ETF,2007-09-28,,Active
PXI,INVESCO DORSEY WRIGHT ENERGY MOMENTUM ETF ,NASDAQ,ETF,2006-10-12,,Active
PXIU,TREX 2X Long UPXI Daily Target ETF,BATS,ETF,2025-09-17,,Active
PXJ,INVESCO OIL & GAS SERVICES ETF ,NYSE,ETF,2005-10-26,,Active
PXLW,Pixelworks Inc,NASDAQ,Stock,2000-05-19,,Active
PXS,Pyxis Tankers Inc,NASDAQ,Stock,2015-11-03,,Active
PY,PRINCIPAL VALUE ETF ,NASDAQ,ETF,2016-03-22,,Active
PYLD,PIMCO Multisector Bond Active Exchange-Traded Fund,NYSE,ETF,2023-06-22,,Active
PYN,Pimco New York Municipal Income Fund III,NYSE,ETF,2002-10-29,,Active
PYPD,Polypid Ltd,NASDAQ,Stock,2020-06-26,,Active
PYPG,LEVERAGE SHARES 2X LONG PYPL DAILY ETF ,NASDAQ,ETF,2025-04-04,,Active
PYPL,PayPal Holdings Inc,NASDAQ,Stock,2015-07-20,,Active
PYPS,AXS 1.5X PYPL Bear Daily ETF,NASDAQ,ETF,2022-07-14,,Active
PYPT,AXS 1.5X PYPL Bull Daily ETF,NASDAQ,ETF,2022-07-14,,Active
PYPU,Direxion Daily PYPL Bull 2X,NYSE,ETF,2026-03-25,,Active
PYPY,YIELDMAX(R) PYPL OPTION INCOME STRATEGY ETF ,NYSE,ETF,2023-09-26,,Active
PYR,PyroGenesis Canada Inc,NASDAQ,Stock,2021-03-11,,Active
PYT,PPLUS Trust Series GSC-2,NYSE,Stock,2004-07-27,,Active
PYXS,Pyxis Oncology Inc,NASDAQ,Stock,2021-10-08,,Active
PYZ,INVESCO DORSEY WRIGHT BASIC MATERIALS MOMENTUM ETF ,NASDAQ,ETF,2006-10-12,,Active
PZA,INVESCO NATIONAL AMT-FREE MUNICIPAL BOND ETF ,NYSE,ETF,2007-10-18,,Active
PZC,Pimco California Municipal Income Fund III,NYSE,ETF,2002-10-29,,Active
PZG,Paramount Gold Nevada Corp,AMEX,Stock,2006-05-08,,Active
PZIV,Pzena International Value,NYSE,ETF,2026-04-01,,Active
PZLV,Pzena U.S. Large Cap Value,NYSE,ETF,2026-04-01,,Active
PZT,INVESCO NEW YORK AMT-FREE MUNICIPAL BOND ETF ,NYSE,ETF,2007-10-11,,Active
PZZA,Papa John`s International Inc,NASDAQ,Stock,1993-06-08,,Active
Q,Qnity Electronics Inc,NYSE,Stock,2025-11-03,,Active
Q-W,Qnity Electronics Inc WhenIssued,NYSE,Stock,2025-10-27,,Active
QABA,FIRST TRUST NASDAQ ABA COMMUNITY BANK INDEX FUND ,NASDAQ,ETF,2009-07-01,,Active
QADR,QDRO Acquisition Corp - Class A,NASDAQ,Stock,2026-05-20,,Active
QADRU,QDRO Acquisition Corp - Units (1 Ord Cls A & 1/2 War),NASDAQ,Stock,2026-03-27,,Active
QADRW,QDRO Acquisition Corp - Warrants (27/03/2031),NASDAQ,Stock,2026-05-20,,Active
QAI,NYLIM Hedge Multi-Strategy Tracker ETF,NYSE ARCA,ETF,2009-03-25,,Active
QALT,SEI DBI MULTI-STRATEGY ALTERNATIVE ETF ,NASDAQ,ETF,2025-08-25,,Active
QARP,XTRACKERS RUSSELL 1000 US QUALITY AT A REASONABLE PRICE ETF ,NYSE,ETF,2018-04-05,,Active
QAT,ISHARES MSCI QATAR ETF ,NASDAQ,ETF,2014-05-01,,Active
QAU,Corgi Growth & Technology 10% Structured Buffer ETF - August Series,BATS,ETF,2026-08-04,,Active
QB,ProShares Nasdaq100 Dynamic Buffer ETF,NASDAQ,ETF,2025-06-26,,Active
QBER,TRUESHARES QUARTERLY BEAR HEDGE ETF ,BATS,ETF,2024-07-01,,Active
QBF,Innovator Uncapped Bitcoin 20 Floor ETF - Quarterly,BATS,ETF,2025-02-06,,Active
QBIF,ALLIANZIM INTERNATIONAL EQUITY BUFFER15 ETF ,BATS,ETF,2026-04-01,,Active
QBIG,Invesco Top QQQ ETF,NASDAQ,ETF,2024-12-04,,Active
QBIV,ALLIANZIM INTERNATIONAL EQUITY BUFFER5 ETF ,BATS,ETF,2026-04-01,,Active
QBKF,AllianzIM U.S. Small Cap Buffer15,BATS,Stock,2026-04-01,,Active
QBKV,AllianzIM U.S. Small Cap Buffer5,BATS,Stock,2026-04-01,,Active
QBQF,ALLIANZIM GROWTH-100 BUFFER15 ETF ,BATS,ETF,2026-04-01,,Active
QBQV,ALLIANZIM GROWTH-100 BUFFER5 ETF ,BATS,ETF,2026-04-01,,Active
QBSF,ALLIANZIM U.S. EQUITY BUFFER15 ETF ,BATS,ETF,2025-07-01,,Active
QBSV,ALLIANZIM U.S. EQUITY BUFFER5 ETF ,BATS,ETF,2026-04-01,,Active
QBTS,D-Wave Quantum Inc,NYSE,Stock,2022-08-08,,Active
QBTX,TRADR 2X LONG QBTS DAILY ETF ,BATS,ETF,2025-04-25,,Active
QBTZ,DEFIANCE DAILY TARGET 2X SHORT QBTS ETF ,NASDAQ,ETF,2025-10-07,,Active
QBUF,Innovator Nasdaq-100 10 Buffer ETF Quarterly,NASDAQ,ETF,2024-07-01,,Active
QBUL,TRUESHARES QUARTERLY BULL HEDGE ETF ,BATS,ETF,2024-07-01,,Active
QBY,GraniteShares YieldBoost QBTS ETF,NASDAQ,ETF,2025-11-25,,Active
QCAP,FT VEST NASDAQ-100 CONSERVATIVE BUFFER ETF - APRIL ,BATS,ETF,2024-04-22,,Active
QCJA,FT VEST NASDAQ-100 CONSERVATIVE BUFFER ETF - JANUARY ,BATS,ETF,2025-01-21,,Active
QCJL,FT VEST NASDAQ-100 CONSERVATIVE BUFFER ETF - JULY ,BATS,ETF,2024-07-22,,Active
QCLN,FIRST TRUST NASDAQ CLEAN EDGE GREEN ENERGY INDEX FUND ,NASDAQ,ETF,2007-02-14,,Active
QCLR,GLOBAL X NASDAQ 100 COLLAR 95-110 ETF ,NASDAQ,ETF,2021-08-26,,Active
QCLS,Q/C Technologies Inc,NASDAQ,Stock,2014-01-23,,Active
QCMD,Direxion Daily QCOM Bear 1X ETF,NASDAQ,ETF,2025-06-25,,Active
QCML,GRANITESHARES 2X LONG QCOM DAILY ETF ,NASDAQ,ETF,2025-02-13,,Active
QCMU,Direxion Daily QCOM Bull 2X ETF,NASDAQ,ETF,2025-06-25,,Active
QCOC,FT Vest Nasdaq-100 Conservative Buffer ETF - October,BATS,ETF,2024-10-21,,Active
QCOM,Qualcomm Inc,NASDAQ,Stock,1991-12-16,,Active
QCRH,QCR Holding Inc,NASDAQ,Stock,1993-10-06,,Active
QDEC,FT VEST NASDAQ-100 BUFFER ETF - DECEMBER ,BATS,ETF,2020-12-21,,Active
QDEF,FLEXSHARES QUALITY DIVIDEND DEFENSIVE INDEX FUND ,NYSE,ETF,2012-12-19,,Active
QDEL,QuidelOrtho Corporation,NASDAQ,Stock,1992-03-03,,Active
QDF,FLEXSHARES QUALITY DIVIDEND INDEX FUND ,NYSE,ETF,2012-12-19,,Active
QDIV,GLOBAL X S&P 500 QUALITY DIVIDEND ETF ,NYSE,ETF,2018-07-17,,Active
QDPL,PACER METAURUS US LARGE CAP DIVIDEND MULTIPLIER 400 ETF ,NYSE,ETF,2021-07-13,,Active
QDTE,Roundhill Nasdaq-100 0DTE Covered Call ETF Strategy ETF,BATS,ETF,2024-03-07,,Active
QDTY,YieldMax Nasdaq 100 0DTE Covered Call Strategy ETF,NASDAQ,ETF,2025-02-13,,Active
QDVO,CWP Growth & Income ETF,NYSE,ETF,2024-08-22,,Active
QDYN,FlexShares Quality Dividend Dynamic Index Fund,NYSE ARCA,ETF,2012-12-19,,Active
QEFA,STATE STREET(R) SPDR(R) MSCI EAFE STRATEGICFACTORS(SM) ETF ,NYSE,ETF,2014-06-05,,Active
QEMM,STATE STREET(R) SPDR(R) MSCI EMERGING MARKETS STRATEGICFACTORS(SM) ETF ,NYSE,ETF,2014-06-06,,Active
QETA,Quetta Acquisition Corp,NASDAQ,Stock,2023-11-30,,Active
QETAR,Quetta Acquisition Corp,NASDAQ,Stock,2023-11-30,,Active
QETAU,Quetta Acquisition Corp - Units (1 1 Rights),NASDAQ,Stock,2023-10-06,,Active
QETH,Invesco Galaxy Ethereum ETF,BATS,ETF,2024-07-23,,Active
QEW,Invesco QQQ Equal Weight ETF,NASDAQ,ETF,2026-03-18,,Active
QFF,Qualivian Focus Fund ETF,NASDAQ,ETF,2026-07-14,,Active
QFHD,PACER S&P 500 QUALITY FCF HIGH DIVIDEND ETF ,BATS,ETF,2026-01-13,,Active
QFIN,360 DigiTech Inc,NASDAQ,Stock,2018-12-14,,Active
QFLR,INNOVATOR NASDAQ-100 MANAGED FLOOR ETF ,NYSE,ETF,2024-01-25,,Active
QFRD,PACER S&P 500 QUALITY FCF R&D LEADERS ETF ,BATS,ETF,2026-01-13,,Active
QGEN,Qiagen NV,NYSE,Stock,1996-06-28,,Active
QGRD,HORIZON NASDAQ-100 DEFINED RISK ETF ,NASDAQ,ETF,2025-07-10,,Active
QGRO,AMERICAN CENTURY U.S. QUALITY GROWTH ETF ,NYSE,ETF,2018-09-12,,Active
QGRW,WISDOMTREE U.S. QUALITY GROWTH FUND ,NYSE,ETF,2022-12-15,,Active
QH,Quhuo Ltd Class A,NASDAQ,Stock,2026-07-17,,Active
QHY,WISDOMTREE U.S. HIGH YIELD CORPORATE BOND FUND ,BATS,ETF,2016-04-27,,Active
QID,PROSHARES ULTRASHORT QQQ ,NYSE,ETF,2006-07-13,,Active
QIDX,INDEXPERTS QUALITY EARNINGS FOCUSED ETF ,NYSE,ETF,2025-01-02,,Active
QIG,WISDOMTREE U.S. CORPORATE BOND FUND ,BATS,ETF,2016-04-27,,Active
QINT,AMERICAN CENTURY QUALITY DIVERSIFIED INTERNATIONAL ETF ,NYSE,ETF,2018-09-12,,Active
QIPT,Quipt Home Medical Corp,NASDAQ,Stock,2021-05-27,,Active
QIS,SIMPLIFY MULTI-QIS ALTERNATIVE ETF ,NYSE,ETF,2023-07-11,,Active
QJL,Corgi Growth & Technology 10% Structured Buffer ETF - July Series,BATS,ETF,2026-07-02,,Active
QJN,Corgi Growth & Technology 10 Structured Buffer ETF June Series,BATS,Stock,2026-06-02,,Active
QJUN,FT VEST NASDAQ-100 BUFFER ETF - JUNE ,BATS,ETF,2021-06-21,,Active
QLC,FLEXSHARES US QUALITY LARGE CAP INDEX FUND ,BATS,ETF,2015-09-24,,Active
QLD,PROSHARES ULTRA QQQ ,NYSE,ETF,2006-06-21,,Active
QLDY,DEFIANCE NASDAQ 100 LIGHTNINGSPREAD(TM) INCOME ETF ,NASDAQ,ETF,2025-09-18,,Active
QLEP,Quantum Leap Acquisition Corp Class A,NYSE,Stock,2026-06-23,,Active
QLEP-U,Quantum Leap Acquisition Corp - Units (1 Ord Cls A & 1 War),NYSE,Stock,2026-05-01,,Active
QLEP-WS,Quantum Leap Acquisition Corp Warrants each whole warrant exercisable for one Class A Ordinary Share at an exercise price of 11.50 per share,NYSE,Stock,2026-06-23,,Active
QLTA,ISHARES AAA - A RATED CORPORATE BOND ETF ,NYSE,ETF,2012-02-16,,Active
QLTI,GMO INTERNATIONAL QUALITY ETF ,NYSE,ETF,2024-10-29,,Active
QLTY,GMO U.S. QUALITY ETF ,NYSE,ETF,2023-11-15,,Active
QLV,FLEXSHARES US QUALITY LOW VOLATILITY INDEX FUND ,NYSE,ETF,2019-07-16,,Active
QLVD,FLEXSHARES DEVELOPED MARKETS EX-US QUALITY LOW VOLATILITY INDEX FUND ,NYSE,ETF,2019-07-16,,Active
QLVE,FLEXSHARES EMERGING MARKETS QUALITY LOW VOLATILITY INDEX FUND ,NYSE,ETF,2019-07-16,,Active
QLYS,Qualys Inc,NASDAQ,Stock,2012-09-28,,Active
QMAG,FT VEST NASDAQ-100 MODERATE BUFFER ETF - AUGUST ,BATS,ETF,2024-08-19,,Active
QMAR,FT VEST NASDAQ-100 BUFFER ETF - MARCH ,BATS,ETF,2021-03-22,,Active
QMCO,Quantum Corp,NASDAQ,Stock,1999-08-02,,Active
QMFE,FT VEST NASDAQ-100 MODERATE BUFFER ETF - FEBRUARY ,BATS,ETF,2025-02-24,,Active
QMID,WISDOMTREE U.S. MIDCAP QUALITY GROWTH FUND ,NASDAQ,ETF,2024-01-25,,Active
QMLS,QumulusAI Inc,NASDAQ,Stock,2026-07-16,,Active
QMMM,QMMM Holdings Ltd,NASDAQ,Stock,2024-07-19,,Active
QMMY,FT VEST NASDAQ-100 MODERATE BUFFER ETF - MAY ,BATS,ETF,2024-05-20,,Active
QMNV,FT VEST NASDAQ-100 MODERATE BUFFER ETF - NOVEMBER ,BATS,ETF,2024-11-18,,Active
QMOM,ALPHA ARCHITECT U.S. QUANTITATIVE MOMENTUM ETF ,NASDAQ,ETF,2016-01-04,,Active
QMY,Corgi Growth & Technology 10 Structured Buffer ETF May Series,BATS,Stock,2026-05-06,,Active
QNC,Quantum eMotion Corp,AMEX,Stock,2026-02-24,,Active
QNCX,Quince Therapeutics Inc,NASDAQ,Stock,2019-05-09,,Active
QNME,Quanome Technologies Inc,NASDAQ,Stock,2024-06-28,,Active
QNRX,Quoin Pharmaceuticals Ltd,NASDAQ,Stock,2016-07-29,,Active
QNST,QuinStreet Inc,NASDAQ,Stock,2010-02-11,,Active
QNT,Quantinuum Inc - Class A,NASDAQ,Stock,2026-06-04,,Active
QNTM,FSD Pharma Inc - Class B - Class B (Sub Voting),NASDAQ,Stock,2018-06-08,,Active
QNTU,Tradr 2X Long QNT Daily ETF,BATS,ETF,2026-07-01,,Active
QNXT,ISHARES NASDAQ-100 EX TOP 30 ETF ,NASDAQ,ETF,2024-10-24,,Active
QOWZ,Invesco Nasdaq Free Cash Flow Achievers ETF,NASDAQ,ETF,2023-12-06,,Active
QPUX,DEFIANCE 2X DAILY LONG PURE QUANTUM ETF ,NASDAQ,ETF,2025-08-07,,Active
QPX,ADVISORSHARES Q DYNAMIC GROWTH ETF ,NYSE,ETF,2020-12-29,,Active
QQA,Invesco QQQ Income Advantage ETF,NASDAQ,ETF,2024-07-17,,Active
QQAU,Corgi Growth & Technology 15% Structured Buffer ETF - August Series,BATS,ETF,2026-08-04,,Active
QQDN,ProShares UltraShort Top QQQ,NASDAQ,Stock,2025-06-12,,Active
QQEW,FIRST TRUST NASDAQ-100 SELECT EQUAL WEIGHT ETF ,NASDAQ,ETF,2006-05-02,,Active
QQH,HCM DEFENDER 100 INDEX ETF ,NYSE,ETF,2019-10-10,,Active
QQHG,Invesco QQQ Hedged Advantage ETF,NASDAQ,ETF,2025-05-07,,Active
QQJL,Corgi Growth & Technology 15% Structured Buffer ETF - July Series,BATS,ETF,2026-07-02,,Active
QQJN,Corgi Growth & Technology 15 Structured Buffer ETF June Series,BATS,Stock,2026-06-02,,Active
QQLV,Invesco QQQ Low Volatility ETF,NASDAQ,ETF,2024-12-04,,Active
QQMG,Invesco ESG NASDAQ 100 ETF,NASDAQ,ETF,2021-10-28,,Active
QQMY,Corgi Growth & Technology 15 Structured Buffer ETF May Series,BATS,Stock,2026-05-01,,Active
QQQ,Invesco QQQ Trust Series 1,NASDAQ,ETF,1999-03-10,,Active
QQQA,PROSHARES NASDAQ-100 DORSEY WRIGHT MOMENTUM ETF ,NASDAQ,ETF,2021-05-20,,Active
QQQD,DIREXION DAILY MAGNIFICENT 7 BEAR 1X SHARES ,NYSE,ETF,2024-03-07,,Active
QQQE,DIREXION NASDAQ-100(R) EQUAL WEIGHTED INDEX SHARES ,NASDAQ,ETF,2012-03-21,,Active
QQQG,PACER NASDAQ 100 TOP 50 CASH COWS GROWTH LEADERS ETF ,NASDAQ,ETF,2024-08-20,,Active
QQQH,NEOS NASDAQ-100(R) HEDGED EQUITY INCOME ETF ,NASDAQ,ETF,2019-12-20,,Active
QQQI,NEOS NASDAQ-100(R) HIGH INCOME ETF ,NASDAQ,ETF,2024-01-30,,Active
QQQJ,INVESCO NASDAQ NEXT GEN 100 ETF ,NASDAQ,ETF,2020-10-13,,Active
QQQM,INVESCO NASDAQ 100 ETF ,NASDAQ,ETF,2020-10-13,,Active
QQQP,TRADR 2X LONG INNOVATION 100 QUARTERLY ETF ,NASDAQ,ETF,2024-10-01,,Active
QQQS,INVESCO NASDAQ FUTURE GEN 200 ETF ,NASDAQ,ETF,2022-10-13,,Active
QQQT,DEFIANCE NASDAQ 100 INCOME TARGET ETF ,NASDAQ,ETF,2024-06-21,,Active
QQQU,DIREXION DAILY MAGNIFICENT 7 BULL 2X SHARES ,NYSE,ETF,2024-03-07,,Active
QQQW,TRADR 2X LONG TRIPLE Q WEEKLY ETF ,NASDAQ,ETF,2026-02-06,,Active
QQQX,Nuveen NASDAQ 100 Dynamic Overwrite Fund,NASDAQ,ETF,2007-02-01,,Active
QQQY,DEFIANCE NASDAQ 100 WEEKLY DISTRIBUTION ETF ,NASDAQ,ETF,2023-09-14,,Active
QQUP,ProShares Ultra Top QQQ,NASDAQ,Stock,2025-06-12,,Active
QQWZ,PACER CASH COWZ 100-NASDAQ 100 ROTATOR ETF ,NASDAQ,ETF,2025-05-07,,Active
QQXL,ProShares Ultra QQQ Top 30,NASDAQ,Stock,2025-08-15,,Active
QQXT,FIRST TRUST NASDAQ-100 EX-TECHNOLOGY SECTOR INDEX FUND ,NASDAQ,ETF,2007-05-07,,Active
QRED,QuasarEdge Acquisition Corporation,NYSE,Stock,2026-05-07,,Active
QRED-R,QuasarEdge Acquisition Corporation Rights to receive onefourth 14 of one Ordinary Share,NYSE,Stock,2026-05-07,,Active
QRED-U,Quasaredge Acquisition Corp - Units (1 Ord Shs & 1 Rts),NYSE,Stock,2026-04-15,,Active
QRHC,Quest Resource Holding Corp,NASDAQ,Stock,2010-01-05,,Active
QRMI,GLOBAL X NASDAQ 100 RISK MANAGED INCOME ETF ,NASDAQ,ETF,2021-08-26,,Active
QRTEA,,NASDAQ,Stock,2026-02-06,,Active
QRTEB,QVC Group Inc Com Ser B,NASDAQ,Stock,2026-02-06,,Active
QRTEP,QVC Group Inc Cum Red Pfd Ser A 8%,NASDAQ,Stock,2026-05-28,,Active
QRVO,Qorvo Inc,NASDAQ,Stock,2015-01-02,,Active
QS,QuantumScape Corp - Class A,NASDAQ,Stock,2020-08-17,,Active
QSEA,Quartzsea Acquisition Corp,NASDAQ,Stock,2025-05-12,,Active
QSEAR,Quartzsea Acquisition Corp,NASDAQ,Stock,2025-05-12,,Active
QSEAU,Quartzsea Acquisition Corp - Units (1 Ord Shs & 1 Rts),NASDAQ,Stock,2025-03-18,,Active
QSI,Quantum-Si Incorporated - Class A,NASDAQ,Stock,2020-11-13,,Active
QSIAW,Quantum-Si Incorporated - Warrants (10/06/2026),NASDAQ,Stock,2020-11-04,,Active
QSIG,WISDOMTREE U.S. SHORT-TERM CORPORATE BOND FUND ,BATS,ETF,2016-04-27,,Active
QSIX,PACER METARUS NASDAQ 100 DIVIDEND MULTIPLIER 600 ETF ,NASDAQ,ETF,2024-09-24,,Active
QSML,WISDOMTREE U.S. SMALLCAP QUALITY GROWTH FUND ,NASDAQ,ETF,2024-01-25,,Active
QSOL,Common Shares of Beneficial Interest,BATS,Stock,2025-12-15,,Active
QSPT,FT VEST NASDAQ-100 BUFFER ETF - SEPTEMBER ,BATS,ETF,2021-09-20,,Active
QSR,Restaurant Brands International Inc,NYSE,Stock,2014-12-15,,Active
QSU,DEFIANCE DAILY TARGET 2X LONG QS ETF ,NYSE,ETF,2025-10-21,,Active
QSX,Tradr 2X Long QS Daily ETF,BATS,ETF,2025-10-23,,Active
QTAC,Q3 AllSeason Tactical Advantage ETF,BATS,ETF,2025-12-16,,Active
QTAP,Innovator Growth Accelerated Plus ETF - April,BATS,ETF,2021-04-01,,Active
QTEC,FIRST TRUST NASDAQ-100-TECHNOLOGY SECTOR INDEX FUND ,NASDAQ,ETF,2006-05-02,,Active
QTEX,QTREX Quantum Ltd,NASDAQ,Stock,2021-07-14,,Active
QTI,QT Imaging Holdings Inc Com,NASDAQ,Stock,2026-01-28,,Active
QTJA,Innovator Growth Accelerated Plus ETF - January,BATS,ETF,2022-01-03,,Active
QTJL,Innovator Growth Accelerated Plus ETF - July,BATS,ETF,2021-07-01,,Active
QTNT,,NASDAQ,Stock,2023-01-03,,Active
QTOC,Innovator Growth Accelerated Plus ETF - October,BATS,ETF,2021-10-01,,Active
QTOP,ISHARES NASDAQ TOP 30 STOCKS ETF ,NASDAQ,ETF,2024-10-24,,Active
QTPI,NORTH SQUARE RCIM TAX-ADVANTAGED PREFERRED AND INCOME SECURITIES ETF ,NYSE,ETF,2024-12-19,,Active
QTR,GLOBAL X NASDAQ 100 TAIL RISK ETF ,NASDAQ,ETF,2021-08-26,,Active
QTRX,Quanterix Corp,NASDAQ,Stock,2017-12-07,,Active
QTTB,Q32 Bio Inc,NASDAQ,Stock,2018-03-28,,Active
QTUM,DEFIANCE QUANTUM ETF ,NASDAQ,ETF,2018-09-05,,Active
QTUP,Defiance Long Pure Quantum ETF,BATS,ETF,2026-06-10,,Active
QTWO,Q2 Holdings Inc,NYSE,Stock,2014-03-20,,Active
QUA,Corgi QBTS 2x Daily ETF,BATS,ETF,2026-07-10,,Active
QUAD,Quad/Graphics Inc - Class A,NYSE,Stock,1995-02-09,,Active
QUAL,ISHARES MSCI USA QUALITY FACTOR ETF ,BATS,ETF,2013-07-18,,Active
QUBT,Quantum Computing Inc,NASDAQ,Stock,2018-08-01,,Active
QUBX,TRADR 2X LONG QUBT DAILY ETF ,BATS,ETF,2025-06-24,,Active
QUCY,Mainz Biomed N.V.,NASDAQ,Stock,2021-11-05,,Active
QUIK,Quicklogic Corp,NASDAQ,Stock,1999-10-18,,Active
QUIZ,QUIZNOS CORP,NYSE,Stock,2025-08-19,,Active
QUMS,Quantumsphere Acquisition Corp,NASDAQ,Stock,2025-09-30,,Active
QUMSR,Quantumsphere Acquisition Corp,NASDAQ,Stock,2025-09-30,,Active
QUMSU,Quantumsphere Acquisition Corp - Units (1 Ord Shs & 1 Rts),NASDAQ,Stock,2025-08-06,,Active
QURE,uniQure N.V.,NASDAQ,Stock,2014-02-05,,Active
QUS,STATE STREET(R) SPDR(R) MSCI USA STRATEGICFACTORS(SM) ETF ,NYSE,ETF,2015-04-16,,Active
QUSA,VISTASHARES TARGET 15 USA QUALITY INCOME ETF ,NYSE,ETF,2025-05-06,,Active
QVAL,ALPHA ARCHITECT U.S. QUANTITATIVE VALUE ETF ,NASDAQ,ETF,2016-01-04,,Active
QVCG,QVC Group Inc,NASDAQ,Stock,2026-08-10,,Active
QVML,INVESCO S&P 500 QVM MULTI-FACTOR ETF ,NYSE,ETF,2021-06-30,,Active
QVMM,INVESCO S&P MIDCAP 400 QVM MULTI-FACTOR ETF ,NYSE,ETF,2021-06-30,,Active
QVMS,INVESCO S&P SMALLCAP 600 QVM MULTI-FACTOR ETF ,NYSE,ETF,2021-06-30,,Active
QVMT,Invesco S&P 500 Enhanced Value ETF,NYSE,ETF,2015-10-09,,Active
QVOL,INFRASTRUCTURE CAPITAL NASDAQ OPTION INCOME ETF ,NASDAQ,ETF,2026-05-12,,Active
QVOY,Q3 ALL-SEASON ACTIVE ROTATION ETF ,BATS,ETF,2022-12-07,,Active
QWLD,STATE STREET(R) SPDR(R) MSCI WORLD STRATEGICFACTORS(SM) ETF ,NYSE,ETF,2014-06-05,,Active
QWST,Harbor Small Cap Explorer ETF,NYSE ARCA,ETF,2023-04-27,,Active
QXAS,Quantify 2X Daily Alt Season Crypto ETF,NYSE ARCA,ETF,2026-01-21,,Active
QXL,ViewBix Inc,NASDAQ,Stock,2018-03-05,,Active
QXO,QXO Inc,NYSE,Stock,2012-03-15,,Active
QXO-P-B,QXO Inc,NYSE,Stock,2025-05-30,,Active
QXQ,SGI ENHANCED NASDAQ-100 ETF ,NASDAQ,ETF,2024-06-14,,Active
QYLD,GLOBAL X NASDAQ 100 COVERED CALL ETF ,NASDAQ,ETF,2013-12-12,,Active
QYLG,GLOBAL X NASDAQ 100 COVERED CALL & GROWTH ETF ,NASDAQ,ETF,2020-09-22,,Active
R,Ryder System Inc,NYSE,Stock,1980-01-02,,Active
RA,Brookfield Real Assets Income Fund Inc,NYSE,ETF,2016-12-05,,Active
RAA,SMI 3FOURTEEN REAL ASSET ALLOCATION ETF ,NASDAQ,ETF,2025-02-26,,Active
RAAA,RECKONER LEVERAGED AAA CLO ETF ,NYSE,Stock,2025-07-09,,Active
RAAR,RECKONER YIELD ENHANCED AAA CLO REINVESTING ETF ,NYSE,ETF,2026-02-11,,Active
RAAX,VANECK REAL ASSETS ETF ,NYSE,ETF,2018-04-10,,Active
RAAY,RECKONER YIELD ENHANCED AAA CLO ANNUAL ETF ,NYSE,ETF,2026-02-11,,Active
RAC-U,Rithm Acquisition Corp Units each consists of one Class A Ordinary Share and onethird of one redeemable Warrant,NYSE,Stock,2025-02-27,,Active
RAC-WS,Rithm Acquisition Corp Redeemable warrants each whole warrant exercisable for one Class A ordinary share at an exercise price of 11.50,NYSE,Stock,2025-04-21,,Active
RACC,Research Alliance Corp III - Class A,NASDAQ,Stock,2026-05-20,,Active
RACD,Research Alliance Corp IV - Class A,NASDAQ,Stock,2026-07-13,,Active
RACE,Ferrari N.V.,NYSE,Stock,2015-10-21,,Active
RADX,Radiopharm Theranostics Ltd,NASDAQ,Stock,2024-12-05,,Active
RAFE,PIMCO RAFI ESG U.S. ETF ,NYSE,ETF,2019-12-19,,Active
RAIL,FreightCar America Inc,NASDAQ,Stock,2005-04-06,,Active
RAINW,Rain Enhancement Technologies Holdco Inc Warrants,NASDAQ,Stock,2025-01-02,,Active
RAL,RALSTON PURINA CO,NYSE,Stock,2025-06-30,,Active
RAL-W,Ralliant Corporation WhenIssued,NYSE,Stock,2025-06-25,,Active
RAM,Roundhill T-REX 2X Long DRAM ETF,NASDAQ,ETF,2026-06-24,,Active
RAML,Leverage Shares 2X Long Memory Daily ETF,BATS,ETF,2026-07-23,,Active
RAMMU,Aries I Acquisition Corp - Units (1 Ord Share Class A & 1/2 War),NASDAQ,Stock,2021-05-19,,Active
RAMP,LiveRamp Holdings Inc,NYSE,Stock,2018-08-01,,Active
RAMZ,T-REX 2X Inverse DRAM Daily Target ETF,BATS,ETF,2026-07-28,,Active
RAND,Rand Capital Corp,NASDAQ,Stock,1995-08-18,,Active
RANG,Range Capital Acquisition Corp,NASDAQ,Stock,2025-01-13,,Active
RANGR,Range Capital Acquisition Corp,NASDAQ,Stock,2025-01-13,,Active
RANGU,Range Capital Acquisition Corp - Units (1 Ord & 1 Rts),NASDAQ,Stock,2024-12-20,,Active
RANI,Rani Therapeutics Holdings Inc Class A,NASDAQ,Stock,2021-07-30,,Active
RANK,Defiance KSM TipRanks Analyst ETF,NYSE ARCA,ETF,2026-06-30,,Active
RAPP,Rapport Therapeutics Inc,NASDAQ,Stock,2024-06-07,,Active
RARE,Ultragenyx Pharmaceutical Inc,NASDAQ,Stock,2014-01-31,,Active
RAUS,RACWI US ETF ,NASDAQ,ETF,2025-09-12,,Active
RAVE,Rave Restaurant Group Inc,NASDAQ,Stock,1993-09-01,,Active
RAVI,FLEXSHARES ULTRA-SHORT INCOME FUND ,NYSE,ETF,2016-01-04,,Active
RAYA,Erayak Power Solution Group Inc - Class A,NASDAQ,Stock,2022-12-14,,Active
RB,PROSHARES RUSSELL 2000 DYNAMIC DAILY BUFFER ETF ,BATS,ETF,2025-06-26,,Active
RBA,RB Global Inc,NYSE,Stock,1998-03-10,,Active
RBB,RBB Bancorp,NASDAQ,Stock,2017-07-26,,Active
RBBN,Ribbon Communications Inc - New,NASDAQ,Stock,2017-11-29,,Active
RBC,RBC Bearings Inc,NYSE,Stock,2005-08-10,,Active
RBCAA,Republic Bancorp Inc (KY) - Class A,NASDAQ,Stock,1998-07-22,,Active
RBCP,RBC Bearings Incorporated 5.00 Series A Mandatory Convertible Preferred Stock,NYSE,Stock,2022-09-26,,Active
RBIL,F/M ULTRASHORT TREASURY INFLATION-PROTECTED SECURITY (TIPS) ETF ,NASDAQ,ETF,2025-02-25,,Active
RBKB,Rhinebeck Bancorp Inc,NASDAQ,Stock,2026-07-22,,Active
RBLD,FIRST TRUST ALERIAN U.S. NEXTGEN INFRASTRUCTURE ETF ,NYSE,ETF,2008-10-17,,Active
RBLU,T-REX 2X LONG RBLX DAILY TARGET ETF ,BATS,ETF,2025-03-04,,Active
RBLX,Roblox Corporation - Class A,NYSE,Stock,2021-03-10,,Active
RBLY,YIELDMAX(R) RBLX OPTION INCOME STRATEGY ETF ,NYSE,ETF,2025-07-29,,Active
RBNE,Robin Energy Ltd,NASDAQ,Stock,2025-04-15,,Active
RBNEV,Robin Energy Ltd,NASDAQ,Stock,2025-04-11,,Active
RBOT-WS,Vicarious Surgical Inc Warrants each whole warrant exercisable for one share of Class A Common Stock at an exercise price of 11.50 per share,NYSE,Stock,2021-09-20,,Active
RBRK,Rubrik Inc - Class A,NYSE,Stock,2024-04-25,,Active
RBT-WS,Rubicon Technologies Inc Warrants each whole warrant exercisable to purchase one share of Class A Common Stock at an exercise price of 11.50 per share,NYSE,Stock,2022-08-16,,Active
RBUF,Innovator U.S. Small Cap 10 Buffer ETF - Quarterly,BATS,ETF,2024-07-01,,Active
RC,Ready Capital Corp,NYSE,Stock,2013-02-08,,Active
RC-P-C,Ready Capital Corp,NYSE,Stock,2021-03-22,,Active
RC-P-E,Ready Capital Corp,NYSE,Stock,2021-06-04,,Active
RCAT,Red Cat Holdings Inc,NASDAQ,Stock,2017-09-22,,Active
RCAX,DEFIANCE DAILY TARGET 2X LONG RCAT ETF ,NASDAQ,ETF,2026-02-03,,Active
RCD,Ready Capital Corp,NYSE,Stock,2024-12-19,,Active
RCEL,AVITA Medical Inc,NASDAQ,Stock,2019-10-01,,Active
RCFA-U,RCF Acquisition Corp Units each consisting of one Class A ordinary share and onehalf of one redeemable warrant,NYSE,Stock,2021-11-11,,Active
RCG,RENN Fund Inc,AMEX,ETF,1996-05-15,,Active
RCGE,ROCKCREEK GLOBAL EQUALITY ETF ,NASDAQ,ETF,2025-02-27,,Active
RCI,Rogers Communications Inc - Class B,NYSE,Stock,1996-01-11,,Active
RCKT,Rocket Pharmaceuticals Inc,NASDAQ,Stock,2015-02-18,,Active
RCKTW,Rocket Pharmaceuticals Inc - Warrants (02/09/2026),NASDAQ,Stock,2023-02-27,,Active
RCKY,Rocky Brands Inc,NASDAQ,Stock,1993-02-03,,Active
RCL,Royal Caribbean Group,NYSE,Stock,1993-04-28,,Active
RCLFU,Spectral AI Inc - Units (1 Ord Share Class A & 1/3 War),NASDAQ,Stock,2021-02-12,,Active
RCLO,RECKONER BBB-B CLO ETF ,NYSE,ETF,2025-10-22,,Active
RCLR,RECKONER BBB-B CLO REINVESTING ETF ,NYSE,ETF,2026-02-11,,Active
RCLY,RECKONER BBB-B CLO ANNUAL ETF ,NYSE,ETF,2026-02-11,,Active
RCM,R1 RCM Inc,NASDAQ,Stock,2016-01-04,,Active
RCMT,RCM Technologies Inc,NASDAQ,Stock,1995-08-18,,Active
RCON,Recon Technology Ltd - Class A,NASDAQ,Stock,2009-07-30,,Active
RCOR-WS,Renovacor Inc Wt,AMEX,Stock,2021-09-03,,Active
RCS,PIMCO Strategic Income Fund Inc,NYSE,ETF,1994-10-27,,Active
RCT,RedCloud Holdings PLC,NASDAQ,Stock,2025-03-21,,Active
RCTR,FIRST TRUST BLOOMBERG NUCLEAR POWER ETF ,NYSE,ETF,2025-07-31,,Active
RCUS,Arcus Biosciences Inc,NYSE,Stock,2018-03-15,,Active
RDAC,Rising Dragon Acquisition Corp,NASDAQ,Stock,2024-12-02,,Active
RDACR,Rising Dragon Acquisition Corp,NASDAQ,Stock,2024-12-02,,Active
RDACU,Rising Dragon Acquisition Corp - Units (1 Ord Shs & 1 Rts),NASDAQ,Stock,2024-10-11,,Active
RDAG,Republic Digital Acquisition Co. - Class A,NASDAQ,Stock,2025-06-23,,Active
RDAGU,Republic Digital Acquisition Co. - Units (1 Ord Cls A & 1/2 War),NASDAQ,Stock,2025-05-01,,Active
RDAGW,Republic Digital Acquisition Co. - Warrants (01/05/2030),NASDAQ,Stock,2025-06-23,,Active
RDCM,Radcom,NASDAQ,Stock,1997-09-25,,Active
RDDC,Corgi RDDT 2x Daily ETF,BATS,ETF,2026-07-14,,Active
RDDT,Reddit Inc - Class A,NYSE,Stock,2024-03-21,,Active
RDFI,RAREVIEW DYNAMIC FIXED INCOME ETF ,BATS,ETF,2020-10-21,,Active
RDFN,Redfin Corp,NASDAQ,Stock,2017-07-28,,Active
RDGT,Ridgetech Inc,NASDAQ,Stock,2008-05-16,,Active
RDHL,Redhill Biopharma Ltd,NASDAQ,Stock,2013-01-07,,Active
RDI,Reading International Inc - Class A,NASDAQ,Stock,1992-03-17,,Active
RDIB,Reading International Inc - Class B,NASDAQ,Stock,2000-01-05,,Active
RDIV,INVESCO S&P ULTRA DIVIDEND REVENUE ETF ,NYSE,ETF,2013-10-01,,Active
RDN,Radian Group Inc,NYSE,Stock,1992-10-30,,Active
RDNT,Radnet Inc,NASDAQ,Stock,1997-01-03,,Active
RDNW,RideNow Group Inc - Class B,NASDAQ,Stock,2017-01-09,,Active
RDOG,ALPS REIT DIVIDEND DOGS ETF ,NYSE,ETF,2008-05-22,,Active
RDTE,ROUNDHILL RUSSELL 2000 0DTE COVERED CALL STRATEGY ETF ,BATS,ETF,2024-09-10,,Active
RDTL,GRANITESHARES 2X LONG RDDT DAILY ETF ,NASDAQ,ETF,2025-03-25,,Active
RDTY,YIELDMAX(R) R2000 0DTE COVERED CALL STRATEGY ETF ,NASDAQ,ETF,2025-03-06,,Active
RDVI,FT VEST RISING DIVIDEND ACHIEVERS TARGET INCOME ETF ,BATS,ETF,2022-10-20,,Active
RDVT,Red Violet Inc,NASDAQ,Stock,2018-03-26,,Active
RDVY,FIRST TRUST RISING DIVIDEND ACHIEVERS ETF ,NASDAQ,ETF,2014-01-07,,Active
RDW,Redwire Corporation,NYSE,Stock,2021-09-02,,Active
RDW-WS,Redwire Corporation Redeemable Warrants,NYSE,Stock,2021-09-03,,Active
RDWR,Radware,NASDAQ,Stock,1999-09-30,,Active
RDWU,TREX 2X Long RDW Daily Target,BATS,Stock,2026-01-30,,Active
RDY,Dr. Reddy`s Laboratories Ltd,NYSE,Stock,2001-04-11,,Active
RDYY,YieldMax RDDT Option Income Strategy ETF,NYSE,ETF,2025-09-09,,Active
RDZN,Roadzen Inc,NASDAQ,Stock,2023-09-21,,Active
RDZNW,Roadzen Inc - Warrants (30/11/2028),NASDAQ,Stock,2022-01-13,,Active
REA,Rare Earths Americas Inc,AMEX,Stock,2026-05-05,,Active
REAI,INTELLIGENT REAL ESTATE ETF ,NASDAQ,ETF,2023-06-13,,Active
REAL,Therealreal Inc,NASDAQ,Stock,2019-06-28,,Active
REAX,The Real Brokerage Inc,NASDAQ,Stock,2020-06-24,,Active
REBN,Reborn Coffee Inc,NASDAQ,Stock,2022-08-12,,Active
RECI,Columbia Research Enhanced Core Premium Income ETF,NYSE ARCA,ETF,2026-07-14,,Active
RECS,COLUMBIA RESEARCH ENHANCED CORE ETF ,NYSE,ETF,2001-08-15,,Active
RECT,Rectitude Holdings Ltd,NASDAQ,Stock,2024-06-21,,Active
REED,Reeds Inc,AMEX,Stock,2007-05-01,,Active
REEDD,Reeds Inc,AMEX,Stock,2026-02-06,,Active
REET,ISHARES GLOBAL REIT ETF ,NYSE,ETF,2014-07-10,,Active
REF,Reformation Inc,NYSE,Stock,2026-07-30,,Active
REFA,COLUMBIA RESEARCH ENHANCED INTERNATIONAL EQUITY ETF ,NYSE,ETF,2017-07-13,,Active
REFI,Chicago Atlantic Real Estate Finance Inc,NASDAQ,Stock,2021-12-08,,Active
REFR,Research Frontiers Inc,NASDAQ,Stock,1993-12-20,,Active
REG,Regency Centers Corporation,NASDAQ,Stock,1993-10-29,,Active
REGCO,Regency Centers Corporation,NASDAQ,Stock,2023-08-22,,Active
REGCP,Regency Centers Corporation,NASDAQ,Stock,2023-08-21,,Active
REGL,PROSHARES S&P MIDCAP 400 DIVIDEND ARISTOCRATS ETF ,BATS,ETF,2015-02-05,,Active
REGN,Regeneron Pharmaceuticals Inc,NASDAQ,Stock,1991-04-02,,Active
REGS,COLUMBIA LARGE CAP GROWTH ETF ,NYSE,Stock,2026-03-16,,Active
REI,Ring Energy Inc,AMEX,Stock,2007-04-10,,Active
REIT,ALPS ACTIVE REIT ETF ,NASDAQ,ETF,2021-02-26,,Active
REIX,NYLI CBRE Real Assets ETF,NYSE ARCA,ETF,2023-05-10,,Active
REK,PROSHARES SHORT REAL ESTATE ,NYSE,ETF,2010-03-18,,Active
REKR,Rekor Systems Inc,NASDAQ,Stock,2017-08-29,,Active
RELI,Reliance Global Group Inc,NASDAQ,Stock,2016-02-02,,Active
RELL,Richardson Electronics Ltd,NASDAQ,Stock,1990-03-26,,Active
RELX,RELX Plc,NYSE,Stock,1994-10-07,,Active
RELY,Remitly Global Inc,NASDAQ,Stock,2021-09-23,,Active
REM,iShares Mortgage Real Estate ETF,BATS,ETF,2007-05-04,,Active
REMC,COLUMBIA RESEARCH ENHANCED MID CAP ETF ,NYSE,Stock,2025-12-11,,Active
REMG,RUSSELL INVESTMENTS EMERGING MARKETS EQUITY ETF ,NASDAQ,ETF,2022-01-11,,Active
REMX,VANECK RARE EARTH AND STRATEGIC METALS ETF ,NYSE,ETF,2010-10-28,,Active
RENB,,NASDAQ,Stock,2025-09-29,,Active
RENE,Cartesian Growth Corp II - Class A,NASDAQ,Stock,2022-07-08,,Active
RENEU,Cartesian Growth Corp II - Units (1 Ord Share Class A & 1/3 War),NASDAQ,Stock,2022-05-06,,Active
RENT,Rent the Runway Inc - Class A,NASDAQ,Stock,2021-10-27,,Active
RENX,RenX Enterprises Corp,NASDAQ,Stock,2023-09-19,,Active
REPL,Replimune Group Inc,NASDAQ,Stock,2018-07-20,,Active
REPX,Riley Exploration Permian Inc,AMEX,Stock,1998-12-28,,Active
RERE,ATRenew Inc,NYSE,Stock,2021-06-18,,Active
RES,RPC Inc,NYSE,Stock,1987-12-30,,Active
RESM,COLUMBIA RESEARCH ENHANCED SMALL CAP ETF ,NYSE,Stock,2025-12-11,,Active
RETL,DIREXION DAILY RETAIL BULL 3X SHARES ,NYSE,ETF,2010-07-14,,Active
RETO,ReTo Eco-Solutions Inc - Class A,NASDAQ,Stock,2024-08-12,,Active
REUN,Reunion Neuroscience Inc,NASDAQ,Stock,2021-07-29,,Active
REVB,Revelation Biosciences Inc,NASDAQ,Stock,2020-11-17,,Active
REVBW,Revelation Biosciences Inc - Warrants(10/01/2027),NASDAQ,Stock,2020-11-16,,Active
REVS,COLUMBIA RESEARCH ENHANCED VALUE ETF ,NYSE,ETF,2019-09-25,,Active
REW,ProShares UltraShort Technology -2x Shares,NYSE,ETF,2007-02-02,,Active
REX,REX American Resources Corp,NYSE,Stock,1987-11-05,,Active
REXC,Sprott Rare Earths ExChina ETF,NASDAQ,ETF,2026-04-15,,Active
REXR,Rexford Industrial Realty Inc,NYSE,Stock,2013-07-19,,Active
REXR-P-B,Rexford Industrial Realty Inc,NYSE,Stock,2017-11-07,,Active
REXR-P-C,Rexford Industrial Realty Inc,NYSE,Stock,2019-09-16,,Active
REYN,Reynolds Consumer Products Inc,NASDAQ,Stock,2020-01-31,,Active
REZ,ISHARES RESIDENTIAL AND MULTISECTOR REAL ESTATE ETF ,NYSE,ETF,2007-05-04,,Active
REZI,Resideo Technologies Inc,NYSE,Stock,2018-10-15,,Active
RF,Regions Financial Corp,NYSE,Stock,1990-03-26,,Active
RF-P-C,Regions Financial Corp,NYSE,Stock,2019-04-24,,Active
RF-P-E,Regions Financial Corp,NYSE,Stock,2021-04-27,,Active
RF-P-F,Regions Financial Corp,NYSE,Stock,2024-07-29,,Active
RFAI,RF Acquisition Corp II,NASDAQ,Stock,2024-07-05,,Active
RFAIR,RF Acquisition Corp II,NASDAQ,Stock,2024-07-05,,Active
RFAIU,RF Acquisition Corp II - Units (1 Ord & 1 Rts),NASDAQ,Stock,2024-05-17,,Active
RFAM,RF Acquisition Corp III,NASDAQ,Stock,2026-02-26,,Active
RFAMR,RF Acquisition Corp III Rights,NASDAQ,Stock,2026-02-26,,Active
RFAMU,RF Acquisition Corp III - Units (1 Ord Shs & 1 Rts),NASDAQ,Stock,2026-02-13,,Active
RFCI,ALPS DYNAMIC CORE INCOME ETF ,NYSE,ETF,2016-06-17,,Active
RFDA,ALPS DYNAMIC US DIVIDEND ADVANTAGE ETF ,NYSE,ETF,2016-06-07,,Active
RFDI,FIRST TRUST RIVERFRONT DYNAMIC DEVELOPED INTERNATIONAL ETF ,NASDAQ,ETF,2016-04-14,,Active
RFEM,FIRST TRUST RIVERFRONT DYNAMIC EMERGING MARKETS ETF ,NASDAQ,ETF,2016-06-15,,Active
RFEU,First Trust RiverFront Dynamic Europe ETF,NASDAQ,ETF,2016-04-14,,Active
RFFC,ALPS ACTIVE EQUITY OPPORTUNITY ETF ,NYSE,ETF,2016-06-07,,Active
RFG,INVESCO S&P MIDCAP 400 PURE GROWTH ETF ,NYSE,ETF,2006-03-07,,Active
RFI,Cohen & Steers Total Return Realty Fund Inc,NYSE,ETF,1994-10-27,,Active
RFIL,RF Industries Ltd,NASDAQ,Stock,1997-05-28,,Active
RFIX,Simplify Downside Interest Rate Hedge Strategy ETF,NYSE,ETF,2024-12-10,,Active
RFL,Rafael Holdings Inc - Class B,NYSE,Stock,2018-03-26,,Active
RFL-WS,Rafael Holdings Inc Warrants to Purchase Shares of Class B Common Stock,NYSE,Stock,2025-04-01,,Active
RFLR,Innovator U.S. Small Cap Managed Floor ETF,NYSE,ETF,2024-09-17,,Active
RFM,RiverNorth Flexible Municipal Income Fund Inc,NYSE,Stock,2020-03-27,,Active
RFMZ,RiverNorth Flexible Municipal Income Fund II Inc,NYSE,Stock,2021-02-24,,Active
RFV,INVESCO S&P MIDCAP 400 PURE VALUE ETF ,NYSE,ETF,2006-03-07,,Active
RGA,Reinsurance Group Of America Inc,NYSE,Stock,2008-09-12,,Active
RGC,Regencell Bioscience Holdings Ltd,NASDAQ,Stock,2021-07-16,,Active
RGCO,RGC Resources Inc,NASDAQ,Stock,1994-02-01,,Active
RGEF,ROCKEFELLER GLOBAL EQUITY ETF ,NYSE,ETF,2024-10-28,,Active
RGEN,Repligen Corp,NASDAQ,Stock,1990-03-26,,Active
RGLD,Royal Gold Inc,NASDAQ,Stock,1990-03-26,,Active
RGLO,RUSSELL INVESTMENTS GLOBAL EQUITY ETF ,NASDAQ,ETF,2025-05-30,,Active
RGLS,Regulus Therapeutics Inc,NASDAQ,Stock,2012-10-09,,Active
RGNT,Regentis Biomaterials Ltd,AMEX,Stock,2025-12-04,,Active
RGNX,Regenxbio Inc,NASDAQ,Stock,2015-09-17,,Active
RGP,Resources Connection Inc,NASDAQ,Stock,2000-12-15,,Active
RGR,Sturm Ruger & Co. Inc,NYSE,Stock,1990-03-26,,Active
RGT,Royce Global Value Trust Inc,NYSE,ETF,2013-10-09,,Active
RGTC,Corgi RGTI 2x Daily ETF,BATS,ETF,2026-07-14,,Active
RGTI,Rigetti Computing Inc,NASDAQ,Stock,2021-04-22,,Active
RGTIW,Rigetti Computing Inc - Warrants (03/03/2027),NASDAQ,Stock,2021-04-22,,Active
RGTU,TRADR 2X LONG RGTI DAILY ETF ,BATS,ETF,2025-06-24,,Active
RGTX,DEFIANCE DAILY TARGET 2X LONG RGTI ETF ,NASDAQ,ETF,2025-04-01,,Active
RGTZ,DEFIANCE DAILY TARGET 2X SHORT RGTI ETF ,NASDAQ,ETF,2025-10-09,,Active
RGYY,GRANITESHARES YIELDBOOST RGTI ETF ,NASDAQ,ETF,2025-11-25,,Active
RH,RH - Class A,NYSE,Stock,2012-11-02,,Active
RHI,Robert Half Inc,NYSE,Stock,1992-03-10,,Active
RHLD,Resolute Holdings Management Inc,NYSE,Stock,2025-02-28,,Active
RHLDV,Resolute Holdings Management,NASDAQ,Stock,2025-02-20,,Active
RHP,Ryman Hospitality Properties Inc,NYSE,Stock,1991-10-24,,Active
RHRX,RH TACTICAL ROTATION ETF ,NYSE,ETF,2021-11-08,,Active
RHTX,RH TACTICAL OUTLOOK ETF ,NYSE,ETF,2021-11-08,,Active
RIBB,Ribbon Acquisition Corp,NASDAQ,Stock,2025-03-07,,Active
RIBBR,Ribbon Acquisition Corp Rights,NASDAQ,Stock,2025-03-07,,Active
RIBBU,Ribbon Acquisition Corp - Units (1 Ord Cls A & 1 Rts),NASDAQ,Stock,2025-01-15,,Active
RICK,RCI Hospitality Holdings Inc,NASDAQ,Stock,1995-10-13,,Active
RIET,HOYA CAPITAL HIGH DIVIDEND YIELD ETF ,NYSE,ETF,2021-09-22,,Active
RIFR,RUSSELL INVESTMENTS GLOBAL INFRASTRUCTURE ETF ,NASDAQ,ETF,2025-05-14,,Active
RIG,Transocean Ltd,NYSE,Stock,1993-05-28,,Active
RIGL,Rigel Pharmaceuticals,NASDAQ,Stock,2000-11-29,,Active
RIGS,RIVERFRONT STRATEGIC INCOME FUND ,NYSE,ETF,2013-10-09,,Active
RILA,INDEXPERTS GORILLA AGGRESSIVE GROWTH ETF ,NYSE,ETF,2025-01-02,,Active
RILY,B. Riley Financial Inc,NASDAQ,Stock,2015-07-16,,Active
RILYG,B. Riley Financial Inc,NASDAQ,Stock,2021-12-06,,Active
RILYL,B. Riley Financial Inc,NASDAQ,Stock,2016-11-22,,Active
RILYN,B. Riley Financial Inc,NASDAQ,Stock,2019-09-24,,Active
RILYP,B. Riley Financial Inc,NASDAQ,Stock,2019-10-04,,Active
RILYT,B. Riley Financial Inc,NASDAQ,Stock,2021-01-26,,Active
RILYZ,B. Riley Financial Inc,NASDAQ,Stock,2021-08-09,,Active
RIME,Algorhythm Holdings Inc,NASDAQ,Stock,2016-01-06,,Active
RINF,PROSHARES INFLATION EXPECTIATIONS ETF PROSHARES INFLATION EXPECTATIONS ETF,NYSE,ETF,2012-01-12,,Active
RING,ISHARES MSCI GLOBAL GOLD MINERS ETF ,NASDAQ,ETF,2012-02-02,,Active
RINT,RUSSELL INVESTMENTS INTERNATIONAL DEVELOPED EQUITY ETF ,NASDAQ,ETF,2025-05-14,,Active
RIO,Rio Tinto plc,NYSE,Stock,1990-06-28,,Active
RIOT,Riot Platforms Inc,NASDAQ,Stock,2003-01-24,,Active
RIOX,DEFIANCE DAILY TARGET 2X LONG RIOT ETF ,NYSE,ETF,2025-01-03,,Active
RISE,Rise Oil & Gas Inc,NYSE,Stock,2026-04-23,,Active
RISN,INSPIRE CAPITAL APPRECIATION ETF ,NYSE,ETF,2020-07-16,,Active
RISR,FOLIOBEYOND ALTERNATIVE INCOME AND INTEREST RATE HEDGE ETF ,NYSE,ETF,2021-10-01,,Active
RITA,ETFB GREEN SRI REITS ETF ,NYSE,ETF,2021-12-09,,Active
RITM,Rithm Capital Corporation,NYSE,Stock,2013-05-02,,Active
RITM-P-A,Rithm Capital Corporation,NYSE,Stock,2019-06-26,,Active
RITM-P-B,Rithm Capital Corporation,NYSE,Stock,2019-08-08,,Active
RITM-P-C,Rithm Capital Corporation,NYSE,Stock,2020-02-12,,Active
RITM-P-D,Rithm Capital Corporation,NYSE,Stock,2021-09-15,,Active
RITM-P-E,Rithm Capital Corporation,NYSE,Stock,2025-09-30,,Active
RITM-P-F,Rithm Capital Corporation,NYSE,Stock,2026-01-26,,Active
RITR,Reitar Logtech Holdings Ltd - Class A,NASDAQ,Stock,2024-08-23,,Active
RIV,RiverNorth Opportunities Fund Inc,NYSE,ETF,2015-12-24,,Active
RIV-P-A,RiverNorth Opportunities Fund Inc 6.00 Series A Perpetual Preferred Stock,NYSE,Stock,2022-05-04,,Active
RIVC,Corgi RIVN 2x Daily ETF,BATS,ETF,2026-07-14,,Active
RIVN,Rivian Automotive Inc - Class A,NASDAQ,Stock,2021-11-10,,Active
RIZE,PRINCIPAL INFLATION PROTECTION ETF ,BATS,ETF,2026-05-21,,Active
RJCA,RJ ClariVest Capital Appreciation ETF,NYSE ARCA,ETF,2026-08-03,,Active
RJDI,RJ EAGLE GCM DIVIDEND SELECT INCOME ETF ,NYSE,ETF,2025-10-02,,Active
RJET,Mesa Air Group Inc,NASDAQ,Stock,2018-08-10,,Active
RJF,Raymond James Financial Inc,NYSE,Stock,1987-12-30,,Active
RJMI,RJ EAGLE MUNICIPAL INCOME ETF ,NYSE,ETF,2025-10-02,,Active
RJVI,RJ EAGLE VERTICAL INCOME ETF ,NYSE,ETF,2025-10-02,,Active
RKDA,Arcadia Biosciences Inc,NASDAQ,Stock,2015-05-15,,Active
RKLB,Rocket Lab USA Inc,NASDAQ,Stock,2021-08-24,,Active
RKLX,DEFIANCE DAILY TARGET 2X LONG RKLB ETF ,NASDAQ,ETF,2025-03-13,,Active
RKLZ,DEFIANCE DAILY TARGET 2X SHORT RKLB ETF ,NASDAQ,ETF,2025-11-18,,Active
RKNG,Defiance Retail Kings ETF,NASDAQ,ETF,2026-01-22,,Active
RKSG,RUK STRATEGIC GROWTH ETF ,NYSE,ETF,2026-04-07,,Active
RKT,Rocket Companies Inc Class A,NYSE,Stock,2020-08-06,,Active
RKTL,Defiance Daily Target 2X Long RKT ETF,BATS,ETF,2026-01-13,,Active
RKTO,Rocket One Inc,NASDAQ,Stock,2019-02-15,,Active
RKX,Corgi RKLB 2x Daily ETF,BATS,ETF,2026-06-30,,Active
RL,Ralph Lauren Corp - Class A,NYSE,Stock,1997-06-12,,Active
RLAY,Relay Therapeutics Inc,NASDAQ,Stock,2020-07-16,,Active
RLGT,Radiant Logistics Inc,AMEX,Stock,2006-11-01,,Active
RLI,RLI Corp,NYSE,Stock,1987-12-30,,Active
RLJ,RLJ Lodging Trust,NYSE,Stock,2011-05-11,,Active
RLJ-P-A,RLJ Lodging Trust,NYSE,Stock,2017-09-01,,Active
RLMD,Relmada Therapeutics Inc,NASDAQ,Stock,2014-10-09,,Active
RLTY,Cohen & Steers Real Estate Opportunities and Income Fund,NYSE,Stock,2022-02-24,,Active
RLX,RLX Technology Inc,NYSE,Stock,2021-01-22,,Active
RLY,STATE STREET(R) MULTI-ASSET REAL RETURN ETF ,NYSE,ETF,2012-04-26,,Active
RLYB,Rallybio Corp,NASDAQ,Stock,2021-07-29,,Active
RM,Regional Management Corp,NYSE,Stock,2012-03-28,,Active
RMBC,Corgi RMBS 2x Daily,BATS,Stock,2026-06-24,,Active
RMBI,Richmond Mutual Bancorporation Inc,NASDAQ,Stock,2019-07-02,,Active
RMBS,Rambus Inc,NASDAQ,Stock,1997-05-14,,Active
RMBX,Tradr 2X Long RMBS Daily ETF,BATS,ETF,2026-07-01,,Active
RMCA,ROCKEFELLER CALIFORNIA MUNICIPAL BOND ETF ,NYSE,ETF,2024-08-13,,Active
RMCF,Rocky Mountain Chocolate Factory Inc,NASDAQ,Stock,1993-11-09,,Active
RMCO,Royalty Management Holding Corporation Class A Common Stock,NASDAQ,Stock,2023-11-06,,Active
RMCOW,Royalty Management Holding Corporation Warrant,NASDAQ,Stock,2023-11-06,,Active
RMD,Resmed Inc,NYSE,Stock,1995-06-02,,Active
RMI,RiverNorth Opportunistic Municipal Income Fund Inc,NYSE,Stock,2018-10-26,,Active
RMIX,Suncrete Inc,NASDAQ,Stock,2026-01-02,,Active
RMM,RiverNorth Managed Duration Municipal Income Fund Inc,NYSE,Stock,2019-07-26,,Active
RMME,Rareview Government Money Market ETF,BATS,ETF,2025-12-02,,Active
RMMZ,RiverNorth Managed Duration Municipal Income Fund II Inc,NYSE,Stock,2022-02-11,,Active
RMNI,Rimini Street Inc,NASDAQ,Stock,2015-08-28,,Active
RMNY,ROCKEFELLER NEW YORK MUNICIPAL BOND ETF ,NYSE,ETF,2024-08-13,,Active
RMOP,ROCKEFELLER OPPORTUNISTIC MUNICIPAL BOND ETF ,NYSE,ETF,2024-08-13,,Active
RMR,RMR Group Inc (The) - Class A,NASDAQ,Stock,2015-12-15,,Active
RMRC,ARMOR CORE RISK-MANAGED ETF ,NYSE,ETF,2026-02-24,,Active
RMSG,Real Messenger Corporation,NASDAQ,Stock,2024-11-20,,Active
RMSGW,Real Messenger Corporation Warrants,NASDAQ,Stock,2024-11-20,,Active
RMT,Royce Micro-Cap Trust Inc,NYSE,ETF,1993-12-15,,Active
RMTI,Rockwell Medical Inc,NASDAQ,Stock,1998-01-27,,Active
RNA,Atrium Therapeutics Inc,NASDAQ,Stock,2026-02-27,,Active
RNAC,Cartesian Therapeutics Inc,NASDAQ,Stock,2016-06-22,,Active
RNAQU,Rainier Acquisition Corp - Units (1 Ord Cls A & 1/4 War),NASDAQ,Stock,2026-08-27,,Active
RNAZ,TransCode Therapeutics Inc,NASDAQ,Stock,2021-07-08,,Active
RND,FIRST TRUST BLOOMBERG R&D LEADERS ETF ,NYSE,ETF,2024-05-01,,Active
RNDM,First Trust Developed International Equity Select ETF,NASDAQ,ETF,2017-06-23,,Active
RNEM,EMERGING MARKETS EQUITY SELECT ETF ,NASDAQ,ETF,2017-06-23,,Active
RNERU,Mount Rainier Acquisition Corp - Unit (1 Ordinary share & 1 Wrt),NASDAQ,Stock,2021-10-05,,Active
RNG,RingCentral Inc - Class A,NYSE,Stock,2013-09-27,,Active
RNGR,Ranger Energy Services Inc - Class A,NYSE,Stock,2017-08-11,,Active
RNGT,Range Capital Acquisition Corp II - Class A,NASDAQ,Stock,2025-11-24,,Active
RNGTU,Range Capital Acquisition Corp II - Units (1 Ord Cls A & 1/2 War),NASDAQ,Stock,2025-10-03,,Active
RNGTW,Range Capital Acquisition Corp II - Warrants (29/09/2030),NASDAQ,Stock,2025-11-24,,Active
RNIN,BUSHIDO CAPITAL US SMID CAP EQUITY ETF ,NASDAQ,ETF,2025-05-15,,Active
RNP,Cohen & Steers REIT & Preferred Income Fund Inc,NYSE,ETF,2003-06-25,,Active
RNR,RenaissanceRe Holdings Ltd,NYSE,Stock,1995-07-27,,Active
RNR-P-F,RenaissanceRe Holdings Ltd,NYSE,Stock,2018-06-12,,Active
RNR-P-G,RenaissanceRe Holdings Ltd Depositary Shares Series G,NYSE,Stock,2021-07-15,,Active
RNRG,GLOBAL X RENEWABLE ENERGY PRODUCERS ETF ,NASDAQ,ETF,2015-05-28,,Active
RNST,Renasant Corp,NYSE,Stock,1992-04-24,,Active
RNTX,Rein Therapeutics Inc,NASDAQ,Stock,1986-03-12,,Active
RNTY,YIELDMAX(R) TARGET 12(TM) REAL ESTATE OPTION INCOME ETF ,NYSE,ETF,2025-04-17,,Active
RNW,ReNew Energy Global plc - Class A,NASDAQ,Stock,2021-02-01,,Active
RNWK,Realnetworks Inc,NASDAQ,Stock,1997-11-21,,Active
RNWWW,ReNew Energy Global plc - Warrants (23/08/2026),NASDAQ,Stock,2021-02-01,,Active
RNWZ,TRUESHARES EAGLE GLOBAL RENEWABLE ENERGY INCOME ETF ,NYSE ARCA,ETF,2022-12-09,,Active
RNXT,RenovoRx Inc,NASDAQ,Stock,2021-08-26,,Active
ROAD,Construction Partners Inc - Class A,NASDAQ,Stock,2018-05-04,,Active
ROAM,HARTFORD MULTIFACTOR EMERGING MARKETS ETF ,NYSE,ETF,2015-02-26,,Active
ROBN,T-REX 2X LONG HOOD DAILY TARGET ETF ,BATS,ETF,2025-01-31,,Active
ROBO,ROBO GLOBAL(R) ROBOTICS AND AUTOMATION INDEX ETF ,NYSE,ETF,2013-10-22,,Active
ROBT,FIRST TRUST NASDAQ ARTIFICIAL INTELLIGENCE AND ROBOTICS ETF ,NASDAQ,ETF,2018-02-22,,Active
ROBX,Amplify Top 10 Robotics ETF,NYSE ARCA,ETF,2026-08-19,,Active
ROC,Rank One Computing Corp,NASDAQ,Stock,2026-02-20,,Active
ROCAU,ROC Energy Acquisition Corp - Units (1 Ord Share & 1 Right),NASDAQ,Stock,2021-12-02,,Active
ROCK,Gibraltar Industries Inc,NASDAQ,Stock,1993-11-05,,Active
ROCQ,JPMORGAN NASDAQ EQUITY PREMIUM YIELD ETF ,NASDAQ,ETF,2026-03-19,,Active
ROCY,JPMORGAN EQUITY PREMIUM YIELD ETF ,NASDAQ,ETF,2026-03-19,,Active
RODM,HARTFORD MULTIFACTOR DEVELOPED MARKETS (EX-US) ETF ,NYSE,ETF,2015-02-26,,Active
ROE,ASTORIA US EQUAL WEIGHT QUALITY KINGS ETF ,NASDAQ,ETF,2023-08-01,,Active
ROG,Rogers Corp,NYSE,Stock,1980-03-17,,Active
ROI,RiskOn International Inc Com Par 0.001,NASDAQ,Stock,2023-11-01,,Active
ROIS,HARTFORD MULTIFACTOR INTERNATIONAL SMALL COMPANY ETF ,BATS,ETF,2026-02-06,,Active
ROIV,Roivant Sciences Ltd,NASDAQ,Stock,2021-10-01,,Active
ROK,Rockwell Automation Inc,NYSE,Stock,1981-12-31,,Active
ROKT,STATE STREET(R) SPDR(R) S&P KENSHO FINAL FRONTIERS ETF ,NYSE,ETF,2018-10-23,,Active
ROKU,Roku Inc - Class A,NASDAQ,Stock,2017-09-28,,Active
ROL,Rollins Inc,NYSE,Stock,1987-12-30,,Active
ROLR,High Roller Technologies Inc,AMEX,Stock,2024-10-23,,Active
ROM,PROSHARES ULTRA TECHNOLOGY ,NYSE,ETF,2007-02-01,,Active
ROMA,Roma Green Finance Ltd,NASDAQ,Stock,2024-01-09,,Active
ROMO,STRATEGY SHARES NEWFOUND/RESOLVE ROBUST MOMENTUM ETF ,BATS,ETF,2019-11-04,,Active
RONB,BARON FIRST PRINCIPLES ETF ,NYSE,Stock,2025-12-15,,Active
ROOT,Root Inc - Class A,NASDAQ,Stock,2020-10-28,,Active
ROP,Roper Technologies Inc,NASDAQ,Stock,1992-02-13,,Active
ROPE,COASTAL COMPASS 100 ETF ,NYSE,ETF,2024-12-18,,Active
ROSC,HARTFORD MULTIFACTOR SMALL CAP ETF ,NYSE,ETF,2015-03-24,,Active
ROSS,Ross Acquisition Corp II - Class A,NYSE,Stock,2021-05-03,,Active
ROSS-U,Ross Acquisition Corp II - Units (1 Ord Share Class A & 1/3 War),NYSE,Stock,2021-03-12,,Active
ROSS-WS,Ross Acquisition Corp II - Warrants (01/02/2026),NYSE,Stock,2021-05-03,,Active
ROST,Ross Stores Inc,NASDAQ,Stock,1986-07-09,,Active
ROUS,HARTFORD MULTIFACTOR US EQUITY ETF ,NYSE,ETF,2015-02-26,,Active
RPAR,RPAR RISK PARITY ETF ,NYSE,ETF,2019-12-13,,Active
RPAY,Repay Holdings Corporation - Class A,NASDAQ,Stock,2018-07-17,,Active
RPC,P10 Inc - Class A,NYSE,Stock,2021-10-21,,Active
RPD,Rapid7 Inc,NASDAQ,Stock,2015-07-17,,Active
RPG,INVESCO S&P 500 PURE GROWTH ETF ,NYSE,ETF,2006-03-07,,Active
RPGL,Republic Power Group Ltd - Class A,NASDAQ,Stock,2025-10-14,,Active
RPID,Rapid Micro Biosystems Inc - Class A,NASDAQ,Stock,2021-07-15,,Active
RPM,RPM International Inc,NYSE,Stock,1990-03-26,,Active
RPRX,Royalty Pharma plc - Class A,NASDAQ,Stock,2020-06-16,,Active
RPT,Rithm Property Trust Inc,NYSE,Stock,2015-02-13,,Active
RPT-P-C,Rithm Property Trust Inc,NYSE,Stock,2025-03-12,,Active
RPV,INVESCO S&P 500 PURE VALUE ETF ,NYSE,ETF,2006-03-07,,Active
RQI,Cohen & Steers Quality Income Realty Fund Inc,NYSE,ETF,2002-02-26,,Active
RQI-R-W,Cohen & Steers Quality Income Realty Fund Inc Rights expiring July 15 2026 Rights when issued,NYSE,Stock,2026-06-18,,Active
RR,Richtech Robotics Inc - Class B,NASDAQ,Stock,2023-11-17,,Active
RRBI,Red River Bancshares Inc,NASDAQ,Stock,2019-05-03,,Active
RRC,Range Resources Corp,NYSE,Stock,1992-12-28,,Active
RREV,RRE Ventures Acquisition Corp,NASDAQ,Stock,2026-05-20,,Active
RREVU,RRE Ventures Acquisition Corp - Units (1 Ord Cls A & 1/3 War),NASDAQ,Stock,2026-04-30,,Active
RREVW,RRE Ventures Acquisition Corp Warrants,NASDAQ,Stock,2026-05-20,,Active
RRGB,Red Robin Gourmet Burgers Inc,NASDAQ,Stock,2002-07-19,,Active
RRR,Red Rock Resorts Inc - Class A,NASDAQ,Stock,2016-04-27,,Active
RRX,Regal Rexnord Corp,NYSE,Stock,1983-12-01,,Active
RS,Reliance Steel & Aluminum Company,NYSE,Stock,1994-09-16,,Active
RSBA,RETURN STACKED(R) BONDS & MERGER ARBITRAGE ETF ,BATS,ETF,2024-12-18,,Active
RSBT,RETURN STACKED(R) BONDS & MANAGED FUTURES ETF ,BATS,ETF,2023-02-08,,Active
RSBY,RETURN STACKED(R) BONDS & FUTURES YIELD ETF ,BATS,ETF,2024-08-21,,Active
RSDE,FT VEST U.S. EQUITY EQUAL WEIGHT BUFFER ETF - DECEMBER ,NYSE,ETF,2024-12-23,,Active
RSEE,RAREVIEW SYSTEMATIC EQUITY ETF ,BATS,ETF,2022-01-21,,Active
RSF,RiverNorth Capital and Income Fund,NYSE,ETF,2016-09-22,,Active
RSF-R,RiverNorth Capital and Income Fund Rights expiring January 27 2023 Rights,NYSE,Stock,2023-01-12,,Active
RSF-R-W,RiverNorth Capital and Income Fund Rights expiring January 27 2023 Rights when issued,NYSE,Stock,2023-01-05,,Active
RSG,Republic Services Inc,NYSE,Stock,1998-07-01,,Active
RSHO,TEMA U.S. MANUFACTURING & RESHORING ETF ,NYSE,ETF,2023-05-11,,Active
RSI,Rush Street Interactive Inc - Class A,NYSE,Stock,2020-04-23,,Active
RSIT,Return Stacked International Stocks & Managed Futures,BATS,Stock,2026-05-06,,Active
RSJN,FT VEST U.S. EQUITY EQUAL WEIGHT BUFFER ETF - JUNE ,NYSE,ETF,2024-06-24,,Active
RSKD,Riskified Ltd - Class A,NYSE,Stock,2021-07-29,,Active
RSMC,ROCKEFELLER U.S. SMALL-MID CAP ETF ,NYSE,ETF,2024-10-11,,Active
RSMR,FT VEST U.S. EQUITY EQUAL WEIGHT BUFFER ETF - MARCH ,NYSE,ETF,2025-03-24,,Active
RSMV,RELATIVE STRENGTH MANAGED VOLATILITY STRATEGY ETF ,NYSE,ETF,2025-01-14,,Active
RSP,INVESCO S&P 500 EQUAL WEIGHT ETF ,NYSE,ETF,2003-04-30,,Active
RSPA,Invesco S&P 500 Equal Weight Income Advantage ETF,NYSE,ETF,2024-07-17,,Active
RSPC,INVESCO S&P 500 (R) EQUAL WEIGHT COMMUNICATION SERVICES ETF ,NYSE,ETF,2018-11-14,,Active
RSPD,INVESCO S&P 500 EQUAL WEIGHT CONSUMER DISCRETIONARY ETF ,NYSE,ETF,2006-11-07,,Active
RSPE,Invesco ESG S&P 500 Equal Weight ETF,NYSE,ETF,2021-11-17,,Active
RSPF,INVESCO S&P 500 EQUAL WEIGHT FINANCIALS ETF ,NYSE,ETF,2006-11-07,,Active
RSPG,INVESCO S&P 500 EQUAL WEIGHT ENERGY ETF ,NYSE,ETF,2006-11-07,,Active
RSPH,INVESCO S&P 500 EQUAL WEIGHT HEALTH CARE ETF ,NYSE,ETF,2006-11-07,,Active
RSPM,INVESCO S&P 500 EQUAL WEIGHT MATERIALS ETF ,NYSE,ETF,2006-11-07,,Active
RSPN,INVESCO S&P 500 EQUAL WEIGHT INDUSTRIALS ETF ,NYSE,ETF,2006-11-07,,Active
RSPR,INVESCO S&P 500 (R) EQUAL WEIGHT REAL ESTATE ETF ,NYSE,ETF,2015-08-14,,Active
RSPS,INVESCO S&P 500 EQUAL WEIGHT CONSUMER STAPLES ETF ,NYSE,ETF,2006-11-07,,Active
RSPT,INVESCO S&P 500 EQUAL WEIGHT TECHNOLOGY ETF ,NYSE,ETF,2006-11-07,,Active
RSPU,INVESCO S&P 500 EQUAL WEIGHT UTILITIES ETF ,NYSE,ETF,2006-11-07,,Active
RSSB,RETURN STACKED(R) GLOBAL STOCKS & BONDS ETF ,BATS,ETF,2023-12-05,,Active
RSSE,FT VEST U.S. EQUITY EQUAL WEIGHT BUFFER ETF - SEPTEMBER ,NYSE,ETF,2024-09-23,,Active
RSSL,GLOBAL X RUSSELL 2000 ETF ,NYSE,ETF,2024-06-05,,Active
RSSS,Research Solutions Inc,NASDAQ,Stock,2013-09-18,,Active
RSST,RETURN STACKED(R) U.S. STOCKS & MANAGED FUTURES ETF ,BATS,ETF,2023-09-06,,Active
RSSX,RETURN STACKED(R) U.S. STOCKS & GOLD/BITCOIN ETF ,BATS,ETF,2025-05-30,,Active
RSSY,RETURN STACKED(R) U.S. STOCKS & FUTURES YIELD ETF ,BATS,ETF,2024-05-29,,Active
RSVR,Reservoir Media Inc,NASDAQ,Stock,2021-01-05,,Active
RTAC,Renatus Tactical Acquisition Corp I - Class A,NASDAQ,Stock,2025-06-09,,Active
RTACU,Renatus Tactical Acquisition Corp I - Units (1 Ord Cls A & 1/2 War),NASDAQ,Stock,2025-05-15,,Active
RTACW,Renatus Tactical Acquisition Corp I - Warrants (01/01/9999),NASDAQ,Stock,2025-06-09,,Active
RTAI,RAREVIEW TAX ADVANTAGED INCOME ETF ,BATS,ETF,2020-10-21,,Active
RTB,RTB Digital Inc,NASDAQ,Stock,2010-01-20,,Active
RTH,VANECK RETAIL ETF ,NASDAQ,ETF,2001-05-17,,Active
RTO,Rentokil Initial,NYSE,Stock,2007-07-13,,Active
RTOO,VistaShares Robotics Supercycle ETF,NYSE ARCA,ETF,2026-07-16,,Active
RTRE,RAREVIEW TOTAL RETURN BOND ETF ,BATS,ETF,2024-06-03,,Active
RTX,RTX Corp,NYSE,Stock,1970-01-02,,Active
RTXG,Leverage Shares 2X Long RTX Daily ETF,NASDAQ,ETF,2025-06-06,,Active
RTYY,GRANITESHARES YIELDBOOST RIOT ETF ,NASDAQ,ETF,2025-12-02,,Active
RUBI,Rubico Inc,NASDAQ,Stock,2025-08-04,,Active
RULE,ADAPTIVE CORE ETF ,BATS,ETF,2021-11-03,,Active
RUM,Rumble Inc - Class A,NASDAQ,Stock,2021-04-14,,Active
RUMBW,Rumble Inc Wt Exp 02182028,NASDAQ,Stock,2022-09-19,,Active
RUN,Sunrun Inc,NASDAQ,Stock,2015-08-05,,Active
RUNN,RUNNING OAK EFFICIENT GROWTH ETF ,NASDAQ,ETF,2023-06-08,,Active
RUSC,RUSSELL INVESTMENTS U.S. SMALL CAP EQUITY ETF ,NASDAQ,ETF,2025-05-14,,Active
RUSHA,Rush Enterprises Inc - Class A,NASDAQ,Stock,2002-07-10,,Active
RUSHB,Rush Enterprises Inc - Class B,NASDAQ,Stock,1996-06-10,,Active
RUSS,DIREXION DAILY RUSSIA BEAR 3X SHARES ,NYSE ARCA,ETF,2011-05-25,,Active
RVER,TRENCHLESS FUND ETF ,NYSE,ETF,2024-04-03,,Active
RVI,Robinhood Ventures Fund I,NYSE,Stock,2026-03-06,,Active
RVII,Robinhood Ventures Fund II,NYSE,Stock,2026-08-13,,Active
RVLV,Revolve Group Inc - Class A,NYSE,Stock,2019-06-07,,Active
RVMD,Revolution Medicines Inc,NASDAQ,Stock,2020-02-13,,Active
RVMDW,Revolution Medicines Inc - Warrants (17/12/2026),NASDAQ,Stock,2023-11-17,,Active
RVNC,Revance Therapeutics Inc,NASDAQ,Stock,2014-02-06,,Active
RVNL,GRANITESHARES 2X LONG RIVN DAILY ETF ,NASDAQ,ETF,2025-04-22,,Active
RVNU,XTRACKERS MUNICIPAL INFRASTRUCTURE REVENUE BOND ETF ,NYSE,ETF,2013-06-04,,Active
RVP,Retractable Technologies Inc,AMEX,Stock,2001-05-04,,Active
RVPHW,Reviva Pharmaceuticals Holdings Inc - Warrants (14/12/2025),NASDAQ,Stock,2018-10-18,,Active
RVSB,Riverview Bancorp Inc,NASDAQ,Stock,1993-10-25,,Active
RVSN,Rail Vision Ltd,NASDAQ,Stock,2022-03-31,,Active
RVSNW,Rail Vision Ltd - Warrants (27/03/2027),NASDAQ,Stock,2022-03-31,,Active
RVT,Royce Value Trust Inc,NYSE,ETF,1987-12-30,,Active
RVTY,Revvity Inc,NYSE,Stock,1983-04-06,,Active
RVYL,Ryvyl Inc Com New,NASDAQ,Stock,2022-10-24,,Active
RW,RAINWATER EQUITY ETF ,NYSE,ETF,2025-06-18,,Active
RWAY,Runway Growth Finance Corp,NASDAQ,Stock,2021-10-21,,Active
RWAYI,Runway Growth Finance Corp,NASDAQ,Stock,2026-02-04,,Active
RWAYL,Runway Growth Finance Corp,NASDAQ,Stock,2022-08-01,,Active
RWEM,RAYLIANT NXTGEN MULTIFACTOR EMERGING MARKETS EQUITY ETF ,NYSE,ETF,2021-12-16,,Active
RWIN,Rayliant NxtGen Multifactor International Equity ETF,NASDAQ,ETF,2026-04-08,,Active
RWJ,INVESCO S&P SMALLCAP 600 REVENUE ETF ,NYSE,ETF,2008-02-22,,Active
RWK,INVESCO S&P MIDCAP 400 REVENUE ETF ,NYSE,ETF,2008-02-22,,Active
RWL,INVESCO S&P 500 REVENUE ETF ,NYSE,ETF,2008-02-22,,Active
RWLC,RAYLIANT NXTGEN MULTIFACTOR US EQUITY ETF ,NYSE,ETF,2021-12-16,,Active
RWM,PROSHARES SHORT RUSSELL2000 ,NYSE,ETF,2007-01-25,,Active
RWO,STATE STREET(R) SPDR(R) DOW JONES(R) GLOBAL REAL ESTATE ETF ,NYSE,ETF,2008-05-22,,Active
RWR,STATE STREET(R) SPDR(R) DOW JONES(R) REIT ETF ,NYSE,ETF,2001-04-27,,Active
RWT,Redwood Trust Inc,NYSE,Stock,1995-08-04,,Active
RWT-P-A,Redwood Trust Inc,NYSE,Stock,2023-01-11,,Active
RWTN,Redwood Trust Inc 9.125 Senior Notes Due 2029,NYSE,Stock,2024-02-02,,Active
RWTO,Redwood Trust Inc,NYSE,Stock,2024-06-25,,Active
RWTP,Redwood Trust Inc,NYSE,Stock,2025-01-30,,Active
RWTQ,Redwood Trust Inc,NYSE,Stock,2025-11-25,,Active
RWTS,Redwood Trust Inc,NYSE,Stock,2026-05-29,,Active
RWX,STATE STREET(R) SPDR(R) DOW JONES(R) INTERNATIONAL REAL ESTATE ETF ,NYSE,ETF,2006-12-19,,Active
RXD,ProShares UltraShort Health Care -2x Shares,NYSE,ETF,2007-02-01,,Active
RXDX,Prometheus Biosciences Inc,NASDAQ,Stock,2021-03-12,,Active
RXI,ISHARES GLOBAL CONSUMER DISCRETIONARY ETF ,NYSE,ETF,2006-09-21,,Active
RXL,ProShares Ultra Health Care 2X Shares,NYSE,ETF,2007-02-01,,Active
RXO,RXO Inc,NYSE,Stock,2022-10-27,,Active
RXRX,Recursion Pharmaceuticals Inc - Class A,NASDAQ,Stock,2021-04-16,,Active
RXST,RxSight Inc,NASDAQ,Stock,2021-07-30,,Active
RXT,Rackspace Technology Inc,NASDAQ,Stock,2020-08-05,,Active
RY,Royal Bank Of Canada,NYSE,Stock,1995-10-16,,Active
RYAAY,Ryanair Holdings Plc,NASDAQ,Stock,1997-06-02,,Active
RYAM,Rayonier Advanced Materials Inc,NYSE,Stock,2014-06-16,,Active
RYAN,Ryan Specialty Holdings Inc Class A,NYSE,Stock,2021-07-22,,Active
RYDE,Ryde Group Ltd - Class A,AMEX,Stock,2024-03-06,,Active
RYET,Ruanyun Edai Technology Inc,NASDAQ,Stock,2025-04-08,,Active
RYI,Ryerson Holding Corp,NYSE,Stock,2014-08-08,,Active
RYLD,GLOBAL X RUSSELL 2000 COVERED CALL ETF ,NYSE,ETF,2019-04-22,,Active
RYLG,GLOBAL X RUSSELL 2000 COVERED CALL & GROWTH ETF ,NYSE,ETF,2022-10-05,,Active
RYM,Agrify Corp,NASDAQ,Stock,2021-01-28,,Active
RYN,Rayonier Inc,NYSE,Stock,1994-02-17,,Active
RYOJ,rYojbaba Co. Ltd,NASDAQ,Stock,2025-08-14,,Active
RYTM,Rhythm Pharmaceuticals Inc,NASDAQ,Stock,2017-10-05,,Active
RYZ,Ryerson Holding Corporation,NYSE,Stock,2026-02-24,,Active
RZC,Reinsurance Group Of America Inc,NYSE,Stock,2022-10-07,,Active
RZG,INVESCO S&P SMALLCAP 600 PURE GROWTH ETF ,NYSE,ETF,2006-03-07,,Active
RZLT,Rezolute Inc,NASDAQ,Stock,2014-05-01,,Active
RZLV,Rezolve AI Ltd,NASDAQ,Stock,2024-08-16,,Active
RZLVW,Rezolve AI Ltd - Warrants (14/08/2029),NASDAQ,Stock,2024-08-16,,Active
RZV,INVESCO S&P SMALLCAP 600 PURE VALUE ETF ,NYSE,ETF,2006-03-07,,Active
S,SentinelOne Inc - Class A,NYSE,Stock,2021-06-30,,Active
SA,Seabridge Gold Inc,NYSE,Stock,2004-04-20,,Active
SAA,PROSHARES ULTRA SMALLCAP600 ,NYSE,ETF,2007-01-25,,Active
SAAQ,,NASDAQ,Stock,2026-03-23,,Active
SAAQU,Space Asset Acquisition Corp - Units (1 Ord Cls A & 1/3 War),NASDAQ,Stock,2026-01-28,,Active
SAAQW,Space Asset Acquisition Corp Warrants,NASDAQ,Stock,2026-03-23,,Active
SABA,Saba Capital Income & Opportunities Fund II,NYSE,ETF,1988-03-17,,Active
SABR,Sabre Corp,NASDAQ,Stock,2014-04-17,,Active
SABRP,Sabre Corp,NASDAQ,Stock,2020-08-20,,Active
SABS,SAB Biotherapeutics Inc,NASDAQ,Stock,2021-02-09,,Active
SABSW,SAB Biotherapeutics Inc - Warrants (25/07/2027),NASDAQ,Stock,2021-02-09,,Active
SAC,Safeguard Acquisition Corp Class A,NYSE,Stock,2026-01-26,,Active
SAC-U,Safeguard Acquisition Corp - Units (1 Ord Cls A & 1/2 War),NYSE,Stock,2025-12-04,,Active
SAC-WS,Safeguard Acquisition Corp Warrants each whole warrant exercisable for one Class A ordinary share at an exercise price of 11.50 per share,NYSE,Stock,2026-01-26,,Active
SACH,Sachem Capital Corp,AMEX,Stock,2017-02-10,,Active
SACH-P-A,Sachem Capital Corp 7.75 Series A Cumulative Redeemable Preferred Stock,AMEX,Stock,2021-07-06,,Active
SAFE,Safehold Inc,NYSE,Stock,2017-06-22,,Active
SAFT,Safety Insurance Group Inc,NASDAQ,Stock,2002-11-22,,Active
SAFX,XCF Global Inc,NASDAQ,Stock,2025-01-02,,Active
SAGP,STRATEGAS GLOBAL POLICY OPPORTUNITIES ETF ,NYSE,ETF,2022-01-25,,Active
SAGT,Sagtec Global Ltd,NASDAQ,Stock,2025-03-07,,Active
SAGU,Shreya Acquisition Group Class A,NYSE,Stock,2026-05-22,,Active
SAGU-R,Shreya Acquisition Group Rights each entitling the holder to receive onefourth of one Class A Ordinary Share,NYSE,Stock,2026-05-22,,Active
SAGU-U,Shreya Acquisition Group - Units (1 Ord Cls A & 1 Rts),NYSE,Stock,2026-05-07,,Active
SAGU-WS,Shreya Acquisition Group Redeemable warrants entitling the holder to purchase one Class A Ordinary Share at 11.50 per share,NYSE,Stock,2026-05-22,,Active
SAH,Sonic Automotive Inc - Class A,NYSE,Stock,1997-11-12,,Active
SAIA,Saia Inc,NASDAQ,Stock,2002-09-12,,Active
SAIC,Science Applications International Corp,NASDAQ,Stock,2013-09-16,,Active
SAIH,SAIHEAT Ltd - Class A,NASDAQ,Stock,2021-06-28,,Active
SAIHW,SAIHEAT Ltd - Warrants (29/04/2027),NASDAQ,Stock,2021-06-28,,Active
SAIL,Sailpoint Inc,NASDAQ,Stock,2025-02-13,,Active
SAJ,Saratoga Investment Corp,NYSE,Stock,2022-11-03,,Active
SAM,Boston Beer Co. Inc - Class A,NYSE,Stock,1995-11-21,,Active
SAMAU,Schultze Special Purpose Acquisition Corp II - Units (1 Ord Share Class A & 1/2 War),NASDAQ,Stock,2021-10-08,,Active
SAMG,Silvercrest Asset Management Group Inc - Class A,NASDAQ,Stock,2013-06-27,,Active
SAMM,STRATEGAS MACRO MOMENTUM ETF ,NYSE,ETF,2024-04-04,,Active
SAMO,Samos Energy Acquisition Corp - Class A,NYSE,Stock,2026-08-31,,Active
SAMO-U,Samos Energy Acquisition Corporation Units each consisting of one Class A Ordinary Share and onehalf of one Warrant,NYSE,Stock,2026-07-10,,Active
SAMO-WS,Samos Energy Acquisition Corporation Warrants each whole warrant exercisable for one Class A ordinary share at an exercise price of 11.50 per share,NYSE,Stock,2026-08-31,,Active
SAMT,STRATEGAS MACRO THEMATIC OPPORTUNITIES ETF ,NYSE,ETF,2022-01-25,,Active
SAN,Banco Santander S.A.,NYSE,Stock,1988-01-05,,Active
SANA,Sana Biotechnology Inc,NASDAQ,Stock,2021-02-04,,Active
SANG,SANGSTAT MEDICAL CORP,NASDAQ,Stock,2021-11-08,,Active
SANM,Sanmina Corp,NASDAQ,Stock,1993-06-22,,Active
SAP,Sap SE,NYSE,Stock,1995-09-18,,Active
SAPH,SAP SE ADRHEDGED ,NYSE,ETF,2025-01-07,,Active
SAR,Saratoga Investment Corp,NYSE,Stock,2007-03-27,,Active
SARK,TRADR 1X SHORT INNOVATION DAILY ETF ,NASDAQ,ETF,2021-11-09,,Active
SARO,StandardAero Inc,NYSE,Stock,2024-10-02,,Active
SASI,Sigma Additive Solutions Inc,NASDAQ,Stock,2010-09-20,,Active
SASS,M.D. SASS CONCENTRATED EQUITIES ETF ,NYSE,ETF,2026-03-04,,Active
SAT,Saratoga Investment Corp,NYSE,Stock,2022-05-03,,Active
SATA,Strive Inc,NASDAQ,Stock,2025-11-10,,Active
SATG,Themes ETF Trust Leverage Shares 2X Long SATS Daily ETF,NASDAQ,ETF,2025-12-16,,Active
SATL,Satellogic Inc - Class A,NASDAQ,Stock,2021-03-26,,Active
SATLW,Satellogic Inc - Warrants (25/01/2027),NASDAQ,Stock,2021-03-25,,Active
SATO,INVESCO ALERIAN GALAXY CRYPTO ECONOMY ETF ,BATS,ETF,2021-10-07,,Active
SATX,SatixFy Communications Ltd - Class A,NYSE MKT,Stock,2022-10-28,,Active
SATX-WS-A,SatixFy Communications Ltd Warrants each warrant to one Ordinary Share,AMEX,Stock,2022-10-28,,Active
SAUG,FT VEST U.S. SMALL CAP MODERATE BUFFER ETF - AUGUST ,BATS,ETF,2023-08-21,,Active
SAV,Saratoga Investment Corp,NYSE,Stock,2026-02-11,,Active
SAVA,Cassava Sciences Inc.,NASDAQ,Stock,2026-05-28,,Active
SAWG,AAM SAWGRASS U.S. LARGE CAP QUALITY GROWTH ETF ,NYSE,ETF,2024-07-31,,Active
SAWS,AAM SAWGRASS U.S. SMALL CAP QUALITY GROWTH ETF ,NYSE,ETF,2024-07-31,,Active
SAX,Saratoga Investment Corp 8.00 Notes due 2031,NYSE,Stock,2026-08-27,,Active
SAY,Saratoga Investment Corp,NYSE,Stock,2022-12-16,,Active
SAZ,Saratoga Investment Corp,NYSE,Stock,2023-04-24,,Active
SB,Safe Bulkers Inc,NYSE,Stock,2008-05-30,,Active
SB-P-C,Safe Bulkers Inc,NYSE,Stock,2014-09-22,,Active
SB-P-D,Safe Bulkers Inc,NYSE,Stock,2014-09-22,,Active
SBAC,SBA Communications Corp - Class A,NASDAQ,Stock,1999-06-16,,Active
SBAR,Simplify Exchange Traded Funds Barrier Income,NYSE,Stock,2025-04-15,,Active
SBB,ProShares Short SmallCap600 -1x Shares,NYSE,ETF,2007-01-25,,Active
SBC,SBC Medical Group Holdings Inc,NASDAQ,Stock,2024-09-18,,Active
SBCF,Seacoast Banking Corp Of Florida,NASDAQ,Stock,1990-03-26,,Active
SBCWW,SBC Medical Group Holdings Inc - Warrants (18/09/2029),NASDAQ,Stock,2022-09-26,,Active
SBET,SharpLink Gaming Inc,NASDAQ,Stock,2024-02-13,,Active
SBFG,SB Financial Group Inc,NASDAQ,Stock,1999-01-04,,Active
SBFM,Sunshine Biopharma Inc,NASDAQ,Stock,2009-10-30,,Active
SBFMW,Sunshine Biopharma Inc - Warrants (15/02/2027),NASDAQ,Stock,2022-02-15,,Active
SBGI,Sinclair Inc - Class A,NASDAQ,Stock,1995-06-07,,Active
SBH,Sally Beauty Holdings Inc,NYSE,Stock,2006-11-17,,Active
SBI,Western Asset Intermediate Muni Fund Inc,NYSE,ETF,1992-03-17,,Active
SBIL,Simplify Government Money Market ETF,NYSE,ETF,2025-07-15,,Active
SBIO,ALPS MEDICAL BREAKTHROUGHS ETF ,NYSE,ETF,2014-12-31,,Active
SBIT,ProShares UltraShort Bitcoin ETF,NYSE,ETF,2024-04-02,,Active
SBLK,Star Bulk Carriers Corp,NASDAQ,Stock,2006-02-27,,Active
SBMT,Silver Bow Mining Corp,AMEX,Stock,2026-04-30,,Active
SBND,COLUMBIA SHORT DURATION BOND ETF ,NYSE,ETF,2021-09-21,,Active
SBR,Sabine Royalty Trust,NYSE,Stock,1987-12-30,,Active
SBRA,Sabra Healthcare REIT Inc,NASDAQ,Stock,2002-04-02,,Active
SBS,Companhia de Saneamento Basico do Estado de Sao Paulo.,NYSE,Stock,2002-05-10,,Active
SBSI,Southside Bancshares Inc,NYSE,Stock,1998-05-13,,Active
SBSW,Sibanye Stillwater Ltd,NYSE,Stock,2013-02-11,,Active
SBTU,T-REX 2X Long SBET Daily Target ETF,BATS,ETF,2025-10-21,,Active
SBU,Leverage Shares 2X Long SBUX Daily ETF,NASDAQ,ETF,2025-11-17,,Active
SBUX,Starbucks Corp,NASDAQ,Stock,1992-06-26,,Active
SBXD,SilverBox Corp IV - Class A,NYSE,Stock,2024-10-07,,Active
SBXD-U,SilverBox Corp IV Units each consisting of one Class A ordinary share and onethird of one redeemable warrant,NYSE,Stock,2024-08-16,,Active
SBXD-WS,SilverBox Corp IV - Warrants(01/01/9999),NYSE,Stock,2024-10-08,,Active
SBXE,SilverBox Corp V Class A,NYSE,Stock,2026-01-23,,Active
SBXE-U,SilverBox Corp V - Units (1 Ord Cls A & 1/3 War),NYSE,Stock,2025-12-03,,Active
SBXE-WS,SilverBox Corp V Redeemable warrants each whole warrant exercisable for one Class A Ordinary Share at an exercise price of 11.50,NYSE,Stock,2026-01-23,,Active
SCA,Stellus Capital Investment Corp,NASDAQ,Stock,2017-08-25,,Active
SCAG,Scage Future,NASDAQ,Stock,2025-06-27,,Active
SCAGW,Scage Future Warrants,NASDAQ,Stock,2025-06-30,,Active
SCAP,INFRASTRUCTURE CAPITAL SMALL CAP INCOME ETF ,NYSE,ETF,2023-12-12,,Active
SCAQU,Stratim Cloud Acquisition Corp - Units (1 Ord Share Class A & 1/3 War),NASDAQ,Stock,2021-03-12,,Active
SCATU,Southern Cross Acquisition II Corp - Units (1 Ord Shs 1 War & 1 Rts),NASDAQ,Stock,2026-08-26,,Active
SCAU,Corgi U.S. Small-Cap 15% Structured Buffer ETF - August Series,BATS,ETF,2026-08-04,,Active
SCC,ProShares UltraShort Consumer Discretionary,NYSE,ETF,2007-02-02,,Active
SCCC,Sachem Capital Corp,NYSE,Stock,2020-09-10,,Active
SCCD,Sachem Capital Corp,AMEX,Stock,2021-12-22,,Active
SCCE,Sachem Capital Corp,AMEX,Stock,2022-03-10,,Active
SCCF,Sachem Capital Corp,AMEX,Stock,2022-05-12,,Active
SCCG,Sachem Capital Corp,NYSE MKT,Stock,2022-08-25,,Active
SCCO,Southern Copper Corporation,NYSE,Stock,1996-01-05,,Active
SCCR,SCHWAB CORE BOND ETF ,NYSE,ETF,2025-02-05,,Active
SCD,LMP Capital and Income Fund Inc,NYSE,ETF,2004-02-25,,Active
SCD-R,LMP Capital and Income Fund Inc Rights expiring July 11 2025 Rights,NYSE,Stock,2025-06-17,,Active
SCD-R-W,LMP Capital and Income Fund Inc Rights expiring July 11 2025 Rights when issued,NYSE,Stock,2025-06-13,,Active
SCDS,JPMORGAN FUNDAMENTAL DATA SCIENCE SMALL CORE ETF ,NASDAQ,ETF,2024-08-08,,Active
SCDV,BAHL & GAYNOR SMALL CAP DIVIDEND ETF ,NYSE,ETF,2024-12-12,,Active
SCE-P-G,SCE Trust II Trust Preferred Securities,NYSE,Stock,2014-09-22,,Active
SCE-P-L,SCE Trust VI,NYSE,Stock,2017-06-20,,Active
SCE-P-M,SCE Trust VII,NYSE,Stock,2023-12-01,,Active
SCE-P-N,SCE Trust VIII,NYSE,Stock,2024-05-09,,Active
SCEC,STERLING CAPITAL ENHANCED CORE BOND ETF ,BATS,ETF,2025-03-14,,Active
SCEP,Sterling Capital Hedged Equity Premium Income,BATS,Stock,2025-12-11,,Active
SCHA,SCHWAB U.S. SMALL-CAP ETF ,NYSE,ETF,2009-11-03,,Active
SCHB,SCHWAB U.S. BROAD MARKET ETF ,NYSE,ETF,2009-11-03,,Active
SCHC,SCHWAB INTERNATIONAL SMALL-CAP EQUITY ETF ,NYSE,ETF,2010-01-14,,Active
SCHD,SCHWAB U.S. DIVIDEND EQUITY ETF ,NYSE,ETF,2011-10-20,,Active
SCHE,SCHWAB EMERGING MARKETS EQUITY ETF ,NYSE,ETF,2010-01-14,,Active
SCHF,SCHWAB INTERNATIONAL EQUITY ETF ,NYSE,ETF,2009-11-03,,Active
SCHG,SCHWAB U.S. LARGE-CAP GROWTH ETF ,NYSE,ETF,2009-12-11,,Active
SCHH,SCHWAB U.S. REIT ETF ,NYSE,ETF,2011-01-13,,Active
SCHI,SCHWAB 5-10 YEAR CORPORATE BOND ETF ,NYSE,ETF,2019-10-10,,Active
SCHJ,SCHWAB 1-5 YEAR CORPORATE BOND ETF ,NYSE,ETF,2019-10-10,,Active
SCHK,SCHWAB 1000 INDEX ETF ,NYSE,ETF,2017-10-11,,Active
SCHL,Scholastic Corp,NASDAQ,Stock,1992-02-25,,Active
SCHM,SCHWAB U.S. MID-CAP ETF ,NYSE,ETF,2011-01-13,,Active
SCHO,SCHWAB SHORT-TERM U.S. TREASURY ETF ,NYSE,ETF,2010-08-05,,Active
SCHP,SCHWAB U.S. TIPS ETF ,NYSE,ETF,2010-08-05,,Active
SCHQ,SCHWAB LONG-TERM U.S. TREASURY ETF ,NYSE,ETF,2019-10-10,,Active
SCHR,SCHWAB INTERMEDIATE-TERM U.S. TREASURY ETF ,NYSE,ETF,2010-08-05,,Active
SCHV,SCHWAB U.S. LARGE-CAP VALUE ETF ,NYSE,ETF,2009-12-11,,Active
SCHW,Charles Schwab Corp,NYSE,Stock,1989-06-30,,Active
SCHW-P-D,Charles Schwab Corp,NYSE,Stock,2016-03-09,,Active
SCHW-P-J,Charles Schwab Corp,NYSE,Stock,2021-03-24,,Active
SCHX,SCHWAB U.S. LARGE-CAP ETF ,NYSE,ETF,2009-11-03,,Active
SCHY,SCHWAB INTERNATIONAL DIVIDEND EQUITY ETF ,NYSE,ETF,2021-04-29,,Active
SCHZ,SCHWAB U.S. AGGREGATE BOND ETF ,NYSE,ETF,2011-07-14,,Active
SCI,Service Corp International,NYSE,Stock,1987-07-23,,Active
SCII,SC II Acquisition Corp,NASDAQ,Stock,2026-01-20,,Active
SCIIR,SC II Acquisition Corp Rights,NASDAQ,Stock,2026-01-20,,Active
SCIIU,SC II Acquisition Corp - Units (1 Ord Cls A & 1 Rts),NASDAQ,Stock,2025-11-26,,Active
SCIO,FIRST TRUST STRUCTURED CREDIT INCOME OPPORTUNITIES ETF ,NYSE,ETF,2024-02-28,,Active
SCJ,ISHARES MSCI JAPAN SMALL-CAP ETF ,NYSE,ETF,2007-12-27,,Active
SCJL,Corgi U.S. Small-Cap 15% Structured Buffer ETF - July Series,BATS,ETF,2026-07-02,,Active
SCJN,Corgi U.S. SmallCap 15 Structured Buffer ETF June Series,BATS,Stock,2026-06-02,,Active
SCKT,Socket Mobile Inc,NASDAQ,Stock,1995-06-07,,Active
SCL,Stepan Company,NYSE,Stock,1992-03-17,,Active
SCLS,Stoneport Advisors Commodity Long Short ETF,NASDAQ,ETF,2025-11-04,,Active
SCLX,Scilex Holding Company,NASDAQ,Stock,2021-03-05,,Active
SCLXW,Scilex Holding Company - Warrants (10/11/2027),NASDAQ,Stock,2021-03-08,,Active
SCLZ,SWAN ENHANCED DIVIDEND INCOME ETF ,BATS,ETF,2024-02-27,,Active
SCM,Stellus Capital Investment Corp,NYSE,Stock,2012-11-08,,Active
SCMA,Seaport Calibre Materials Acquisition Corp - Class A,NASDAQ,Stock,2021-12-27,,Active
SCMAU,Seaport Calibre Materials Acquisition Corp - Units (1 Ord Share Class A & 1/2 War),NASDAQ,Stock,2021-10-28,,Active
SCMAW,Seaport Calibre Materials Acquisition Corp - Warrants (28/10/2026),NASDAQ,Stock,2021-12-22,,Active
SCMB,SCHWAB MUNICIPAL BOND ETF ,NYSE,ETF,2022-10-12,,Active
SCMC,Sterling Capital MultiStrategy Income,BATS,Stock,2025-12-11,,Active
SCMY,Corgi U.S. SmallCap 15 Structured Buffer ETF May Series,BATS,Stock,2026-05-06,,Active
SCNI,Scinai Immunotherapeutics Ltd,NASDAQ,Stock,2015-05-12,,Active
SCNM,Sterling Capital National Municipal Bond,BATS,Stock,2025-12-11,,Active
SCNX,Scienture Holdings Inc,NASDAQ,Stock,2010-04-27,,Active
SCO,ProShares UltraShort Bloomberg Crude Oil -2x Shares,NYSE,ETF,2008-11-25,,Active
SCOP,Scopus Video Networks Ltd. Foreign,NYSE,Stock,2026-05-04,,Active
SCOR,Comscore Inc,NASDAQ,Stock,2007-06-27,,Active
SCOW,PACER S&P SMALLCAP 600 QUALITY FCF ARISTOCRATS ETF ,BATS,ETF,2025-08-28,,Active
SCPQ,Social Commerce Partners Corp - Class A,NASDAQ,Stock,2026-02-12,,Active
SCPQU,Social Commerce Partners Corp - Units (1 Ord Cls A & 1/2 War),NASDAQ,Stock,2025-12-23,,Active
SCPQW,Social Commerce Partners Corp - Warrants (24/11/2030),NASDAQ,Stock,2026-02-12,,Active
SCSB,Sterling Capital Short Duration Bond ETF,BATS,ETF,2026-03-30,,Active
SCSC,Scansource Inc,NASDAQ,Stock,1994-03-18,,Active
SCTX,Scribe Therapeutics Inc,NASDAQ,Stock,2026-07-24,,Active
SCU,Sculptor Capital Management Inc - Class A,NYSE,Stock,2007-11-14,,Active
SCUB,Sterling Capital Ultra Short Bond ETF,BATS,ETF,2026-03-30,,Active
SCUS,SCHWAB ULTRA-SHORT INCOME ETF ,NYSE,ETF,2024-08-13,,Active
SCWO,374Water Inc,NASDAQ,Stock,2006-06-30,,Active
SCY,SPORTS CLUB CO INC,NYSE,Stock,2024-12-03,,Active
SCYB,SCHWAB HIGH YIELD BOND ETF ,NYSE,ETF,2023-07-11,,Active
SCYX,Scynexis Inc,NASDAQ,Stock,2014-05-02,,Active
SCZ,ISHARES MSCI EAFE SMALL-CAP ETF ,NASDAQ,ETF,2007-12-12,,Active
SCZM,Santacruz Silver Mining Ltd,NASDAQ,Stock,2026-01-21,,Active
SD,Sandridge Energy Inc New,NYSE,Stock,2016-10-04,,Active
SDA,SunCar Technology Group Inc - Class A,NASDAQ,Stock,2023-05-17,,Active
SDACU,Sustainable Development Acquisition I Corp - Units (1 Ord Class A & 1/2 War),NASDAQ,Stock,2021-02-05,,Active
SDAWW,SunCar Technology Group Inc - Warrants (08/05/2028),NASDAQ,Stock,2021-04-16,,Active
SDCI,USCF SUMMERHAVEN DYNAMIC COMMODITY STRATEGY NO K-1 FUND ,NYSE,ETF,2018-05-03,,Active
SDCP,VIRTUS NEWFLEET SHORT DURATION CORE PLUS BOND ETF ,NYSE,ETF,2023-11-16,,Active
SDD,PROSHARES ULTRASHORT SMALLCAP600 ,NYSE,ETF,2007-01-25,,Active
SDEM,GLOBAL X MSCI SUPERDIVIDEND EMERGING MARKETS ETF ,NYSE,ETF,2015-03-17,,Active
SDEV,Stablecoin Development Corporation,AMEX,Stock,2007-10-26,,Active
SDFI,AB SHORT DURATION INCOME ETF ,NYSE,ETF,2024-06-10,,Active
SDG,iShares MSCI Global Sustainable Development Goals ETF,NASDAQ,ETF,2016-04-22,,Active
SDGR,Schrodinger Inc,NASDAQ,Stock,2020-02-06,,Active
SDHC,Smith Douglas Homes Corp - Class A,NYSE,Stock,2024-01-11,,Active
SDHI,Siddhi Acquisition Corp - Class A,NASDAQ,Stock,2025-06-04,,Active
SDHIR,Siddhi Acquisition Corp,NASDAQ,Stock,2025-06-04,,Active
SDHIU,Siddhi Acquisition Corp - Units (1 Ord class A & 1/10 Rts),NASDAQ,Stock,2025-04-01,,Active
SDHY,PGIM Short Duration High Yield Opportunities Fund,NYSE,Stock,2020-11-25,,Active
SDIV,GLOBAL X SUPERDIVIDEND ETF ,NYSE,ETF,2011-06-09,,Active
SDMF,SIMPLIFY DBI CTA MANAGED FUTURES INDEX ETF ,NYSE,ETF,2026-02-19,,Active
SDOG,ALPS SECTOR DIVIDEND DOGS ETF ,NYSE,ETF,2012-06-29,,Active
SDOT,Sadot Group Inc,NASDAQ,Stock,2020-02-13,,Active
SDOW,ProShares UltraPro Short Dow30 -3x Shares,NYSE,ETF,2010-02-11,,Active
SDP,ProShares UltraShort Utilities -2x Shares,NYSE,ETF,2007-03-14,,Active
SDRL,Seadrill Ltd,NYSE,Stock,2022-10-14,,Active
SDS,ProShares UltraShort S&P500 -2x Shares,NYSE,ETF,2006-07-13,,Active
SDSI,AMERICAN CENTURY SHORT DURATION STRATEGIC INCOME ETF ,NASDAQ,ETF,2022-10-13,,Active
SDST,Stardust Power Inc,NASDAQ,Stock,2024-07-08,,Active
SDSTW,Stardust Power Inc - Warrants (21/06/2029),NASDAQ,Stock,2021-03-08,,Active
SDTY,YieldMax S&P 500 0DTE Covered Call Strategy ETF,NASDAQ,ETF,2025-02-06,,Active
SDUR,Aristotle Short Term Income ETF,NYSE ARCA,ETF,2026-07-30,,Active
SDVD,FT VEST SMID RISING DIVIDEND ACHIEVERS TARGET INCOME ETF ,BATS,ETF,2023-08-10,,Active
SDVY,FIRST TRUST SMID CAP RISING DIVIDEND ACHIEVERS ETF ,NASDAQ,ETF,2017-11-03,,Active
SDY,STATE STREET(R) SPDR(R) S&P(R) DIVIDEND ETF ,NYSE,ETF,2005-11-15,,Active
SE,Sea Ltd,NYSE,Stock,2017-10-20,,Active
SEA,U.S. GLOBAL SEA TO SKY CARGO ETF ,NYSE,ETF,2010-06-11,,Active
SEAL-P-A,Seapeak LLC,NYSE,Stock,2016-09-30,,Active
SEAL-P-B,Seapeak LLC,NYSE,Stock,2017-10-17,,Active
SEAT,Vivid Seats Inc - Class A,NASDAQ,Stock,2020-10-12,,Active
SEATW,Vivid Seats Inc - Warrants (18/10/2026),NASDAQ,Stock,2020-10-13,,Active
SEB,Seaboard Corp,AMEX,Stock,1980-03-17,,Active
SECR,NYLIM MacKay Securitized Income ETF,NYSE ARCA,ETF,2024-05-31,,Active
SECT,MAIN SECTOR ROTATION ETF ,BATS,ETF,2017-09-06,,Active
SECU,iShares Securitized Income Active ETF,BATS,ETF,2026-01-26,,Active
SECZ,Securitize Corp,NYSE,Stock,2026-07-02,,Active
SEDA-U,SDCL EDGE Acquisition Corporation Units each consisting of one Class A ordinary share and onehalf of one redeemable warrant,NYSE,Stock,2021-10-29,,Active
SEDA-WS,SDCL EDGE Acquisition Corporation Redeemable warrants each whole warrant exercisable for one share of Class A ordinary share at an exercise price of 11.50,NYSE,Stock,2021-12-28,,Active
SEDG,Solaredge Technologies Inc,NASDAQ,Stock,2015-03-26,,Active
SEED,Origin Agritech Ltd,NASDAQ,Stock,2004-05-05,,Active
SEEM,SEI SELECT EMERGING MARKETS EQUITY ETF ,NASDAQ,ETF,2024-10-10,,Active
SEER,Seer Inc - Class A,NASDAQ,Stock,2020-12-04,,Active
SEF,ProShares Short Financials -1x Shares,NYSE,ETF,2008-06-12,,Active
SEG,Seaport Entertainment Group Inc,NYSE,Stock,2024-07-30,,Active
SEG-R,Seaport Entertainment Group Inc Rights,AMEX,Stock,2024-09-24,,Active
SEG-R-W,Seaport Entertainment Group Inc Rights WhenIssued,AMEX,Stock,2024-09-20,,Active
SEG-W,Seaport Entertainment Group Inc WhenIssued,AMEX,Stock,2024-07-29,,Active
SEGG,Lottery.com Inc,NASDAQ,Stock,2025-07-07,,Active
SEI,Solaris Energy Infrastructure Inc - Class A,NYSE,Stock,2017-05-12,,Active
SEIC,SEI Investments Company,NASDAQ,Stock,1990-03-26,,Active
SEIE,SEI SELECT INTERNATIONAL EQUITY ETF ,NASDAQ,ETF,2024-10-10,,Active
SEIM,SEI QIM U.S. LARGE CAP MOMENTUM ACTIVE ETF ,BATS,ETF,2022-05-18,,Active
SEIQ,SEI QIM U.S. LARGE CAP QUALITY ACTIVE ETF ,BATS,ETF,2022-05-18,,Active
SEIS,SEI SELECT SMALL CAP ETF ,NASDAQ,ETF,2024-10-10,,Active
SEIV,SEI QIM U.S. LARGE CAP VALUE ACTIVE ETF ,BATS,ETF,2022-05-18,,Active
SEIX,VIRTUS SEIX SENIOR LOAN ETF ,NYSE,ETF,2019-04-25,,Active
SELF,Global Self Storage Inc,NASDAQ,Stock,2008-06-24,,Active
SELV,SEI QIM U.S. LARGE CAP LOW VOLATILITY ACTIVE ETF ,BATS,ETF,2022-05-18,,Active
SELX,Semilux International Ltd,NASDAQ,Stock,2024-02-16,,Active
SEM-W,Select Medical Holdings Corporation WhenIssued,NYSE,Stock,2024-11-20,,Active
SEMG,SUNCOAST SELECT GROWTH ETF ,NYSE,ETF,2010-10-15,,Active
SEMI,COLUMBIA SELECT TECHNOLOGY ETF ,NYSE,ETF,2022-03-30,,Active
SEMY,GRANITESHARES YIELDBOOST SEMICONDUCTOR ETF ,NASDAQ,ETF,2025-11-18,,Active
SENEA,Seneca Foods Corp - Class A,NASDAQ,Stock,1998-06-03,,Active
SENEB,Seneca Foods Corp - Class B,NASDAQ,Stock,1990-03-26,,Active
SENS,Senseonics Holdings Inc,NASDAQ,Stock,2016-03-17,,Active
SENT,AdvisorShares Alpha DNA Equity Sentiment ETF,NYSE ARCA,ETF,2021-02-03,,Active
SEPI,SHELTON EQUITY PREMIUM INCOME ETF ,NYSE,ETF,2025-09-08,,Active
SEPM,FT VEST U.S. EQUITY MAX BUFFER ETF - SEPTEMBER ,BATS,ETF,2024-09-23,,Active
SEPN,Septerna Inc,NASDAQ,Stock,2024-10-25,,Active
SEPP,PGIM S&P 500 BUFFER 12 ETF - SEPTEMBER ,BATS,ETF,2024-05-15,,Active
SEPQ,STF Tactical Growth & Income ETF,NASDAQ,ETF,2022-05-19,,Active
SEPT,ALLIANZIM U.S. EQUITY BUFFER10 SEP ETF ,BATS,ETF,2023-09-01,,Active
SEPU,ALLIANZIM U.S. EQUITY BUFFER15 UNCAPPED SEP ETF ,BATS,ETF,2024-09-03,,Active
SEPW,ALLIANZIM U.S. EQUITY BUFFER20 SEP ETF ,BATS,ETF,2023-09-01,,Active
SEPZ,TRUESHARES STRUCTURED OUTCOME (SEPTEMBER) ETF ,BATS,ETF,2020-09-01,,Active
SER,AgeX Therapeutics Inc,AMEX,Stock,2018-11-29,,Active
SERA,Sera Prognostics Inc Class A,NASDAQ,Stock,2021-07-15,,Active
SERV,Serve Robotics Inc,NASDAQ,Stock,2024-03-07,,Active
SES,SES AI Corporation - Class A,NYSE,Stock,2021-03-01,,Active
SESG,Sprott ESG Gold ETF,NYSE ARCA,ETF,2022-08-02,,Active
SETH,ProShares Short Ether ETF,NYSE,ETF,2023-11-02,,Active
SETM,SPROTT CRITICAL MATERIALS ETF ,NASDAQ,ETF,2023-02-02,,Active
SEUS,SEI QIM U.S. EQUITY FACTOR ALLOCATION ACTIVE ETF ,NASDAQ,ETF,2026-07-14,,Active
SEV,Aptera Motors Corp - Class B,NASDAQ,Stock,2025-10-16,,Active
SEVN,Seven Hills Realty Trust .,NASDAQ,Stock,2020-07-30,,Active
SEZL,Sezzle Inc,NASDAQ,Stock,2023-08-17,,Active
SF,Stifel Financial Corp,NYSE,Stock,1983-07-19,,Active
SF-P-B,Stifel Financial Corp,NYSE,Stock,2019-03-11,,Active
SF-P-C,Stifel Financial Corp,NYSE,Stock,2020-05-13,,Active
SF-P-D,Stifel Financial Corporation Depositary Shares Series D,NYSE,Stock,2021-07-28,,Active
SFB,Stifel Financial Corp,NYSE,Stock,2017-10-17,,Active
SFBC,Sound Financial Bancorp Inc,NASDAQ,Stock,2008-01-09,,Active
SFBS,ServisFirst Bancshares Inc,NYSE,Stock,2014-05-14,,Active
SFD,Smithfield Foods Inc,NASDAQ,Stock,2025-01-28,,Active
SFEB,FT VEST U.S. SMALL CAP MODERATE BUFFER ETF - FEBRUARY ,BATS,ETF,2024-02-20,,Active
SFGV,SEQUOIA GLOBAL VALUE ETF ,NYSE,ETF,2024-01-18,,Active
SFHG,Samfine Creation Holdings Group Ltd,NASDAQ,Stock,2024-10-15,,Active
SFIX,Stitch Fix Inc - Class A,NASDAQ,Stock,2017-11-17,,Active
SFL,SFL Corporation Ltd,NYSE,Stock,2004-06-17,,Active
SFLO,VICTORYSHARES SMALL CAP FREE CASH FLOW ETF ,NASDAQ,ETF,2023-12-21,,Active
SFLR,Innovator Equity Managed Floor ETF,NYSE,ETF,2022-11-09,,Active
SFM,Sprouts Farmers Market Inc,NASDAQ,Stock,2013-08-01,,Active
SFNC,Simmons First National Corp - Class A,NASDAQ,Stock,1992-11-02,,Active
SFST,Southern First Bancshares Inc,NASDAQ,Stock,1999-10-28,,Active
SFTX,Horizon International Managed Risk ETF,NYSE,ETF,2025-12-03,,Active
SFTY,HORIZON MANAGED RISK ETF ,BATS,ETF,2025-06-26,,Active
SFWL,Shengfeng Development Ltd - Class A,NASDAQ,Stock,2023-03-31,,Active
SFY,SOFI SELECT 500 ETF ,NYSE,ETF,2019-04-11,,Active
SFYF,SOFI SOCIAL 50 ETF ,NYSE,ETF,2019-05-08,,Active
SFYI,SoFi Social 50 Income ETF,NYSE ARCA,ETF,2026-07-07,,Active
SG,Sweetgreen Inc - Class A,NYSE,Stock,2021-11-18,,Active
SGA,Saga Communications Inc - Class A,NASDAQ,Stock,1993-10-12,,Active
SGBXV,Safe & Green Holdings Corp,NASDAQ,Stock,2023-09-19,,Active
SGC,Superior Group of Companies Inc.,NASDAQ,Stock,1992-03-17,,Active
SGDJ,Sprott Junior Gold Miners ETF,NYSE,ETF,2015-03-31,,Active
SGDM,Sprott Gold Miners ETF,NYSE,ETF,2014-07-15,,Active
SGDVV,Safe and Green Development Corporation,NASDAQ,Stock,2023-09-19,,Active
SGHC,Super Group (SGHC) Ltd,NYSE,Stock,2022-01-28,,Active
SGHT,Sight Sciences Inc,NASDAQ,Stock,2021-07-15,,Active
SGI,Tempur Sealy International Inc,NYSE,Stock,2003-12-18,,Active
SGLC,SGI U.S. LARGE CAP CORE ETF ,NYSE,ETF,2023-03-31,,Active
SGLD,Scorpio Gold Corp,NASDAQ,Stock,2026-09-01,,Active
SGLY,Singularity Future Technology Ltd,NASDAQ,Stock,2008-05-21,,Active
SGML,Sigma Lithium Corporation,NASDAQ,Stock,2018-11-05,,Active
SGMT,Sagimet Biosciences Inc - Class A,NASDAQ,Stock,2023-07-14,,Active
SGOL,abrdn Physical Gold Shares ETF,NYSE,ETF,2009-09-09,,Active
SGOV,ISHARES 0-3 MONTH TREASURY BOND ETF ,NYSE,ETF,2020-05-28,,Active
SGP,SpyGlass Pharma Inc,NASDAQ,Stock,2026-02-06,,Active
SGRT,SMART EARNINGS GROWTH 30 ETF ,NYSE,ETF,2025-08-20,,Active
SGRW,HARBOR ACTIVE SMALL CAP GROWTH ETF ,NYSE,ETF,2026-01-15,,Active
SGRX,SANGRIX Inc Cl A Ord,NASDAQ,Stock,2026-09-03,,Active
SGRY,Surgery Partners Inc,NASDAQ,Stock,2015-10-01,,Active
SGTX,Sigilon Therapeutics Inc,NASDAQ,Stock,2020-12-04,,Active
SGU,Star Group L.P.,NYSE,Stock,1995-12-15,,Active
SGVA,F/m Accumulator Ultrashort Treasury Fund,NASDAQ,ETF,2026-06-11,,Active
SGVT,SCHWAB GOVERNMENT MONEY MARKET ETF ,NYSE,ETF,2025-06-12,,Active
SH,ProShares Short S&P500 -1x Shares,NYSE,ETF,2006-06-21,,Active
SHAG,WISDOMTREE YIELD ENHANCED U.S. SHORT-TERM AGGREGATE BOND FUND ,BATS,ETF,2017-08-24,,Active
SHAK,Shake Shack Inc - Class A,NYSE,Stock,2015-01-30,,Active
SHAZ,SharonAI Holdings Inc - Class A,NASDAQ,Stock,2021-12-27,,Active
SHBI,Shore Bancshares Inc,NASDAQ,Stock,2001-03-22,,Active
SHC,Sotera Health Company,NASDAQ,Stock,2020-11-20,,Active
SHCAU,Spindletop Health Acquisition Corp - Units (1 Ord Share Class A & 1/2 War),NASDAQ,Stock,2021-11-04,,Active
SHDG,SOUNDWATCH HEDGED EQUITY ETF ,BATS,ETF,2022-10-24,,Active
SHE,STATE STREET(R) SPDR(R) MSCI USA GENDER DIVERSITY ETF ,NYSE,ETF,2016-03-08,,Active
SHEH,SHELL PLC ADRHEDGED ,NYSE,ETF,2025-04-23,,Active
SHEL,Shell Plc ADR (Representing - ),NYSE,Stock,1987-12-30,,Active
SHEN,Shenandoah Telecommunications Company,NASDAQ,Stock,1999-04-26,,Active
SHFS,SHF Holdings Inc - Class A,NASDAQ,Stock,2021-08-20,,Active
SHFSW,SHF Holdings Inc - Warrants (28/12/2027),NASDAQ,Stock,2021-08-20,,Active
SHG,Shinhan Financial Group Co. Ltd,NYSE,Stock,2003-09-16,,Active
SHIM,Shimmick Corp,NASDAQ,Stock,2023-11-14,,Active
SHIP,Seanergy Maritime Holdings Corp,NASDAQ,Stock,2007-10-26,,Active
SHLD,GLOBAL X DEFENSE TECH ETF ,NYSE,ETF,2023-09-13,,Active
SHLS,Shoals Technologies Group Inc - Class A,NASDAQ,Stock,2021-01-27,,Active
SHLT,SHL Telemedicine Ltd ADR,NASDAQ,Stock,2023-04-03,,Active
SHM,STATE STREET(R) SPDR NUVEEN ICE SHORT TERM MUNICIPAL BOND ETF ,NYSE,ETF,2007-10-18,,Active
SHMD,SCHMID Group N.V. - Class A,NASDAQ,Stock,2024-05-01,,Active
SHMDW,SCHMID Group N.V. - Warrants (30/04/2029),NASDAQ,Stock,2024-05-01,,Active
SHNY,MicroSectors Gold 3X Leveraged ETN,NYSE,ETF,2023-02-22,,Active
SHO,Sunstone Hotel Investors Inc,NYSE,Stock,2004-10-21,,Active
SHO-P-H,Sunstone Hotel Investors Inc,NYSE,Stock,2021-05-12,,Active
SHO-P-I,Sunstone Hotel Investors Inc,NYSE,Stock,2021-07-20,,Active
SHOC,STRIVE U.S. SEMICONDUCTOR ETF ,NYSE,ETF,2022-10-06,,Active
SHOE,Shoe Carnival Inc,NASDAQ,Stock,1993-03-16,,Active
SHOO,Steven Madden Ltd,NASDAQ,Stock,1993-12-13,,Active
SHOP,Shopify Inc - Class A,NASDAQ,Stock,2015-05-21,,Active
SHOT,RMG ML Sports Holdings - Class A,NASDAQ,Stock,2026-07-17,,Active
SHOTR,RMG ML Sports Holdings,NASDAQ,Stock,2026-07-17,,Active
SHOTU,RMG ML Sports Holdings - Units (1 Ord Share Class A & 1 Rts),NASDAQ,Stock,2026-06-10,,Active
SHOTW,Safety Shot Inc Wt Exp,NASDAQ,Stock,2023-09-15,,Active
SHPD,DIREXION DAILY SHOP BEAR 1X ETF ,NASDAQ,ETF,2025-08-06,,Active
SHPH,Shuttle Pharmaceuticals Holdings Inc,NASDAQ,Stock,2022-08-31,,Active
SHPP,PACER INDUSTRIALS AND LOGISTICS ETF ,NYSE,ETF,2022-06-09,,Active
SHPU,DIREXION DAILY SHOP BULL 2X ETF ,NASDAQ,ETF,2025-08-06,,Active
SHRD,Arimathea Catholic Core Bond ETF,NYSE ARCA,ETF,2026-06-12,,Active
SHRT,GOTHAM SHORT STRATEGIES ETF ,NYSE,ETF,2023-11-06,,Active
SHRY,FIRST TRUST BLOOMBERG SHAREHOLDER YIELD ETF ,NASDAQ,ETF,2017-06-22,,Active
SHUS,STRATIFIED LARGECAP HEDGED ETF ,NYSE,ETF,2024-09-30,,Active
SHV,ISHARES 0-1 YEAR TREASURY BOND ETF ,NYSE,ETF,2007-01-11,,Active
SHW,Sherwin-Williams Company,NYSE,Stock,1985-07-01,,Active
SHY,ISHARES 1-3 YEAR TREASURY BOND ETF ,NASDAQ,ETF,2002-07-26,,Active
SHYD,VANECK SHORT HIGH YIELD MUNI ETF ,BATS,ETF,2014-01-14,,Active
SHYF,Shyft Group Inc (The),NASDAQ,Stock,1990-03-26,,Active
SHYG,ISHARES 0-5 YEAR HIGH YIELD CORPORATE BOND ETF ,NYSE,ETF,2013-10-17,,Active
SHYL,XTRACKERS SHORT DURATION HIGH YIELD BOND ETF ,NYSE,ETF,2018-01-10,,Active
SHYM,iShares High Yield Muni Income Active ETF,BATS,ETF,2021-03-18,,Active
SI,Shoulder Innovations Inc,NYSE,Stock,2025-07-31,,Active
SIBN,SI-BONE Inc,NASDAQ,Stock,2018-10-17,,Active
SID,Companhia Siderurgica Nacional,NYSE,Stock,1996-11-18,,Active
SIDU,Sidus Space Inc - Class A,NASDAQ,Stock,2021-12-14,,Active
SIEB,Siebert Financial Corp,NASDAQ,Stock,1980-03-18,,Active
SIF,SIFCO Industries Inc,AMEX,Stock,1980-03-17,,Active
SIFI,HARBOR SCIENTIFIC ALPHA INCOME ETF ,NYSE,ETF,2021-09-16,,Active
SIFY,Sify Technologies Ltd,NASDAQ,Stock,1999-10-19,,Active
SIFYR,Sify Technologies Ltd,NASDAQ,Stock,2024-06-07,,Active
SIG,Signet Jewelers Ltd,NYSE,Stock,1994-10-31,,Active
SIGA,SIGA Technologies Inc,NASDAQ,Stock,1997-09-10,,Active
SIGI,Selective Insurance Group Inc,NASDAQ,Stock,1990-03-26,,Active
SIGIP,Selective Insurance Group Inc Depositary Shares each representing a 11000th interest in a share of 4.60 NonCumulative Preferred Stock Series B,NASDAQ,Stock,2020-12-09,,Active
SIHY,HARBOR SCIENTIFIC ALPHA HIGH-YIELD ETF ,NYSE,ETF,2021-09-16,,Active
SII,Sprott Inc,NYSE,Stock,2020-06-29,,Active
SIJ,ProShares UltraShort Industrials -2x Shares,NYSE,ETF,2007-02-01,,Active
SIL,Global X Silver Miners ETF,NYSE,ETF,2010-04-20,,Active
SILC,Silicom Ltd,NASDAQ,Stock,1994-02-18,,Active
SILJ,Amplify Junior Silver Miners ETF,NYSE,ETF,2012-11-29,,Active
SILO,SILO Pharma Inc,NASDAQ,Stock,2014-05-13,,Active
SIM,Grupo Simec S.A.B. de C.V.,AMEX,Stock,1995-08-18,,Active
SIMA,SIM Acquisition Corp I - Class A,NASDAQ,Stock,2024-08-30,,Active
SIMAU,SIM Acquisition Corp I - Units (1 Ord Cl A & 1/2 War),NASDAQ,Stock,2024-07-10,,Active
SIMAW,SIM Acquisition Corp I - Warrants (01/06/2031),NASDAQ,Stock,2024-08-30,,Active
SIMO,Silicon Motion Technology Corp,NASDAQ,Stock,2005-06-30,,Active
SIMS,STATE STREET(R) SPDR(R) S&P KENSHO INTELLIGENT STRUCTURES ETF ,NYSE,ETF,2017-12-27,,Active
SIMX,Corgi SIMO 2x Daily,BATS,Stock,2026-06-24,,Active
SIND,Sinda Ltd,NYSE,Stock,2026-06-29,,Active
SINT,SINTX Technologies Inc,NASDAQ,Stock,2014-02-13,,Active
SIO,TOUCHSTONE STRATEGIC INCOME ETF ,NYSE,ETF,2022-07-25,,Active
SION,Sionna Therapeutics Inc,NASDAQ,Stock,2025-02-07,,Active
SIOO,VistaShares Target 15 S&P 100 Distribution,NYSE,Stock,2025-12-11,,Active
SIRI,Sirius XM Holdings Inc,NASDAQ,Stock,1994-09-13,,Active
SITC,SITE Centers Corp,NYSE,Stock,2001-01-02,,Active
SITC-W,SITE Centers Corp WhenIssued,NYSE,Stock,2024-09-26,,Active
SITE,SiteOne Landscape Supply Inc,NYSE,Stock,2016-05-12,,Active
SITM,SiTime Corp,NASDAQ,Stock,2019-11-20,,Active
SITX,Investment Managers Series Trust II - Tradr 2X Long SITM Daily ETF,BATS,Stock,2026-08-11,,Active
SIVR,abrdn Physical Silver Shares ETF,NYSE,ETF,2009-07-24,,Active
SIX,Six Flags Entertainment Corp,NYSE,Stock,2010-05-11,,Active
SIXA,ETC 6 MERIDIAN MEGA CAP EQUITY ETF ,NYSE,ETF,2020-05-11,,Active
SIXD,ALLIANZIM U.S. EQUITY 6 MONTH BUFFER10 JUN/DEC ETF ,BATS,ETF,2016-04-01,,Active
SIXF,ALLIANZIM U.S. EQUITY 6 MONTH BUFFER10 FEB/AUG ETF ,BATS,ETF,2024-02-01,,Active
SIXH,ETC 6 MERIDIAN HEDGED EQUITY-INDEX OPTION STRATEGY ETF ,NYSE,ETF,2020-05-11,,Active
SIXJ,ALLIANZIM U.S. EQUITY 6 MONTH BUFFER10 JAN/JUL ETF ,BATS,ETF,2022-01-03,,Active
SIXL,ETC 6 MERIDIAN LOW BETA EQUITY STRATEGY ETF ,NYSE,ETF,2020-05-11,,Active
SIXO,ALLIANZIM U.S. EQUITY 6 MONTH BUFFER10 APR/OCT ETF ,BATS,ETF,2021-10-01,,Active
SIXP,ALLIANZIM U.S. EQUITY 6 MONTH BUFFER10 MAR/SEP ETF ,BATS,ETF,2024-03-01,,Active
SIXS,ETC 6 MERIDIAN SMALL CAP EQUITY ETF ,NYSE,ETF,2020-05-11,,Active
SIXZ,ALLIANZIM U.S. EQUITY 6 MONTH BUFFER10 MAY/NOV ETF ,BATS,ETF,2024-05-01,,Active
SIZE,ISHARES MSCI USA SIZE FACTOR ETF ,NYSE,ETF,2013-04-18,,Active
SJ,Scienjoy Holding Corporation - Class A,NASDAQ,Stock,2019-03-07,,Active
SJB,PROSHARES SHORT HIGH YIELD ,NYSE,ETF,2011-03-22,,Active
SJCP,SANJAC ALPHA CORE PLUS BOND ETF ,NASDAQ,ETF,2024-09-10,,Active
SJLD,SANJAC ALPHA LOW DURATION ETF ,NASDAQ,ETF,2024-09-10,,Active
SJM,J.M. Smucker Company,NYSE,Stock,1994-10-31,,Active
SJNK,STATE STREET(R) SPDR BLOOMBERG SHORT TERM HIGH YIELD BOND ETF ,NYSE,ETF,2012-03-15,,Active
SJT,San Juan Basin Royalty Trust,NYSE,Stock,1987-10-29,,Active
SK,Corgi SK hynix 2x Daily ETF,BATS,ETF,2026-07-14,,Active
SKDD,GraniteShares 2x Short SK Hynix Daily ETF,NASDAQ,ETF,2026-07-14,,Active
SKE,Skeena Resources Ltd,NYSE,Stock,2017-09-22,,Active
SKF,ProShares UltraShort Financials -2x Shares,NYSE,ETF,2007-02-01,,Active
SKHA,Tradr 2X Long SK hynix Daily ETF,BATS,ETF,2026-07-28,,Active
SKHL,Direxion Daily SK Hynix Bull 2X ETF,NYSE ARCA,ETF,2026-07-15,,Active
SKHN,Tradr 2X Short SK hynix Daily ETF,BATS,ETF,2026-07-28,,Active
SKHQ,Leverage Shares 2X Short Sk Hynix Daily ETF,BATS,ETF,2026-09-02,,Active
SKHU,ProShares Ultra SK hynix,NYSE ARCA,ETF,2026-07-14,,Active
SKHX,Leverage Shares 2x Long SK Hynix Daily ETF,BATS,ETF,2026-07-14,,Active
SKHY,SK Hynix Inc,NASDAQ,Stock,2026-07-10,,Active
SKHZ,Leverage Shares 1x Short SK Hynix Daily ETF,BATS,ETF,2026-07-14,,Active
SKIL,Skillsoft Corp - Class A,NYSE,Stock,2019-07-26,,Active
SKIN,Beauty Health Company (The) - Class A,NASDAQ,Stock,2020-11-24,,Active
SKK,SKK Holdings Ltd,NASDAQ,Stock,2024-10-08,,Active
SKLZ,Skillz Inc - Class A,NYSE,Stock,2020-04-27,,Active
SKM,SK Telecom Co Ltd,NYSE,Stock,1996-06-27,,Active
SKOR,FLEXSHARES CREDIT-SCORED US CORPORATE BOND INDEX FUND ,NASDAQ,ETF,2014-11-13,,Active
SKRE,TUTTLE CAPITAL DAILY 2X INVERSE REGIONAL BANKS ETF ,NASDAQ,ETF,2024-01-04,,Active
SKT,Tanger Factory Outlet Centers Inc,NYSE,Stock,1993-05-28,,Active
SKUU,GraniteShares 2x Long SK Hynix Daily ETF,NASDAQ,ETF,2026-07-14,,Active
SKWD,Skyward Specialty Insurance Group Inc,NASDAQ,Stock,2023-01-13,,Active
SKY,Skyline Champion Corp,NYSE,Stock,1981-12-31,,Active
SKYA,Sharps Technology Inc,NASDAQ,Stock,2022-04-14,,Active
SKYAW,SkyAI Inc - Warrants (13/04/2027),NASDAQ,Stock,2022-04-14,,Active
SKYE,Skye Bioscience Inc,NASDAQ,Stock,2015-04-02,,Active
SKYH,Sky Harbour Group Corporation - Class A,NYSE,Stock,2020-12-08,,Active
SKYH-WS,Sky Harbour Group Corporation Warrants each whole warrant exercisable for one share of Class A common stock at an exercise price of 11.50 per share,NYSE,Stock,2022-01-26,,Active
SKYHWS,Sky Harbour Group Corporation - Warrants (22/10/2025),NYSE,Stock,2020-12-08,,Active
SKYQ,Sky Quarry Inc,NASDAQ,Stock,2024-10-10,,Active
SKYU,PROSHARES ULTRA NASDAQ CLOUD COMPUTING ,NASDAQ,ETF,2021-01-21,,Active
SKYW,Skywest Inc,NASDAQ,Stock,1990-03-26,,Active
SKYX,SKYX Platforms Corp,NASDAQ,Stock,2016-08-05,,Active
SKYY,FIRST TRUST CLOUD COMPUTING ETF ,NASDAQ,ETF,2011-07-06,,Active
SLAB,Silicon Laboratories Inc,NASDAQ,Stock,2000-03-24,,Active
SLB,SLB,NYSE,Stock,1981-12-31,,Active
SLBT,SL Science Holding Ltd,NASDAQ,Stock,2026-06-15,,Active
SLDB,Solid Biosciences Inc,NASDAQ,Stock,2018-01-26,,Active
SLDE,Slide Insurance Holdings Inc,NASDAQ,Stock,2025-06-18,,Active
SLDP,Solid Power Inc - Class A,NASDAQ,Stock,2021-05-18,,Active
SLDPW,Solid Power Inc - Warrants (08/12/2026),NASDAQ,Stock,2021-05-17,,Active
SLDR,GLOBAL X SHORT-TERM TREASURY LADDER ETF ,NYSE,ETF,2024-09-10,,Active
SLE,Super League Enterprise Inc,NASDAQ,Stock,2019-02-26,,Active
SLF,Sun Life Financial Inc,NYSE,Stock,2000-03-23,,Active
SLG,SL Green Realty Corp,NYSE,Stock,1997-08-15,,Active
SLG-P-I,SL Green Realty Corp,NYSE,Stock,2002-07-01,,Active
SLGB,Smart Logistics Global Ltd - Class A,NASDAQ,Stock,2026-07-09,,Active
SLGC,SomaLogic Inc - Class A,NASDAQ,Stock,2021-04-23,,Active
SLGCW,SomaLogic Inc - Warrants (31/08/2026),NASDAQ,Stock,2021-04-16,,Active
SLGL,Sol-Gel Technologies Ltd,NASDAQ,Stock,2018-02-01,,Active
SLGN,Silgan Holdings Inc,NYSE,Stock,1997-02-14,,Active
SLI,Standard Lithium Ltd,AMEX,Stock,2017-09-22,,Active
SLJY,Amplify SILJ Covered Call ETF,NYSE,ETF,2025-08-19,,Active
SLM,SLM Corp,NASDAQ,Stock,1988-01-05,,Active
SLMBP,SLM Corp,NASDAQ,Stock,2005-07-11,,Active
SLMT,Brera Holdings PLC - Class B,NASDAQ,Stock,2023-01-27,,Active
SLN,Silence Therapeutics Plc,NASDAQ,Stock,2020-09-08,,Active
SLND,Southland Holdings Inc,AMEX,Stock,2021-12-23,,Active
SLND-WS,Southland Holdings Inc - Warrants (13/02/2028),AMEX,Stock,2021-12-22,,Active
SLNG,Stabilis Solutions Inc,NASDAQ,Stock,2006-12-28,,Active
SLNH,Soluna Holdings Inc,NASDAQ,Stock,2009-04-28,,Active
SLNHP,Soluna Holdings Inc,NASDAQ,Stock,2021-08-20,,Active
SLNZ,TCW Senior Loan ETF,NYSE,ETF,2024-11-18,,Active
SLON,ProShares Ultra Solana ETF,NYSE,ETF,2025-07-15,,Active
SLP,Simulations Plus Inc,NASDAQ,Stock,1997-06-19,,Active
SLQD,ISHARES 0-5 YEAR INVESTMENT GRADE CORPORATE BOND ETF ,NASDAQ,ETF,2013-10-17,,Active
SLQT,SelectQuote Inc,NYSE,Stock,2020-05-21,,Active
SLRC,SLR Investment Corp,NASDAQ,Stock,2010-02-09,,Active
SLRN,Acelyrin Inc,NASDAQ,Stock,2023-05-04,,Active
SLRX,Decoy Therapeutics Inc,NASDAQ,Stock,2015-01-29,,Active
SLS,SELLAS Life Sciences Group Inc,NASDAQ,Stock,2017-12-29,,Active
SLSN,Solesence Inc,NASDAQ,Stock,2012-03-20,,Active
SLTY,YIELDMAX(R) ULTRA SHORT OPTION INCOME STRATEGY ETF ,NYSE,ETF,2025-08-21,,Active
SLV,iShares Silver Trust,NYSE,ETF,2006-04-28,,Active
SLVM,Sylvamo Corp,NYSE,Stock,2021-09-23,,Active
SLVO,UBS AG London Branch,NASDAQ,Stock,2024-06-03,,Active
SLVP,ISHARES MSCI GLOBAL SILVER AND METALS MINERS ETF ,BATS,ETF,2012-02-02,,Active
SLVR,SPROTT SILVER MINERS & PHYSICAL SILVER ETF ,NASDAQ,ETF,2025-01-15,,Active
SLVRU,SilverSPAC Inc - Units (1 Ord Share Class A & 1/4 War),NASDAQ,Stock,2021-09-10,,Active
SLVX,NICHOLAS SILVER INCOME ETF ,NYSE,ETF,2026-02-18,,Active
SLVY,FT Vest Silver Strategy & Target Income ETF,BATS,ETF,2026-07-09,,Active
SLWS,Wisdom Short Duration Income ETF,NYSE ARCA,Stock,2026-06-08,,Active
SLX,VANECK STEEL ETF ,NYSE,ETF,2006-10-17,,Active
SLXN,Silexion Therapeutics Corp,NASDAQ,Stock,2024-08-16,,Active
SLXNW,Biomotion Sciences. - Warrants(15/08/2029),NASDAQ,Stock,2024-08-16,,Active
SLYG,STATE STREET(R) SPDR(R) S & P 600(TM) SMALL CAP GROWTH ETF ,NYSE,ETF,2000-10-02,,Active
SLYV,STATE STREET(R) SPDR(R) S & P 600(TM) SMALL CAP VALUE ETF ,NYSE,ETF,2000-10-02,,Active
SM,SM Energy Company,NYSE,Stock,1992-12-21,,Active
SMA,Smartstop Self Storage REIT Inc,NYSE,Stock,2025-04-02,,Active
SMAX,ISHARES LARGE CAP MAX BUFFER SEP ETF ,BATS,ETF,2024-10-01,,Active
SMAY,FT VEST U.S. SMALL CAP MODERATE BUFFER ETF - MAY ,BATS,ETF,2023-05-22,,Active
SMB,VANECK SHORT MUNI ETF ,BATS,ETF,2008-02-28,,Active
SMBC,Southern Missouri Bancorp Inc,NASDAQ,Stock,1994-04-12,,Active
SMBK,SmartFinancial Inc,NYSE,Stock,2001-01-02,,Active
SMBS,SCHWAB MORTGAGE-BACKED SECURITIES ETF ,NYSE,ETF,2024-11-19,,Active
SMC,Summit Midstream Corp,NYSE,Stock,2024-08-01,,Active
SMCC,Corgi SMCI 2x Daily ETF,BATS,ETF,2026-06-30,,Active
SMCF,THEMES US SMALL CAP CASH FLOW CHAMPIONS ETF ,NASDAQ,ETF,2023-12-13,,Active
SMCI,Super Micro Computer Inc,NASDAQ,Stock,2007-03-29,,Active
SMCIP,Super Micro Computer Inc Depositary Shares Each Representing a 120th Interest in a Share of 7 Series A Mandatory Convertible Preferred Stock,NASDAQ,Stock,2026-06-16,,Active
SMCL,GRANITESHARES 2X LONG SMCI DAILY ETF ,NASDAQ,ETF,2024-12-12,,Active
SMCO,HILTON SMALL-MIDCAP OPPORTUNITY ETF ,NASDAQ,ETF,2023-11-29,,Active
SMCP,AlphaMark Actively Managed Small Cap ETF,NYSE,ETF,2015-04-21,,Active
SMCX,DEFIANCE DAILY TARGET 2X LONG SMCI ETF ,NASDAQ,ETF,2024-08-22,,Active
SMCY,YIELDMAX(R) SMCI OPTION INCOME STRATEGY ETF ,NYSE,ETF,2024-09-12,,Active
SMCZ,DEFIANCE DAILY TARGET 2X SHORT SMCI ETF ,NASDAQ,ETF,2025-04-01,,Active
SMDD,ProShares UltraPro Short MidCap400 -3x Shares,NYSE,ETF,2010-02-11,,Active
SMDV,PROSHARES RUSSELL 2000 DIVIDEND GROWERS ETF ,BATS,ETF,2015-02-05,,Active
SMDX,INTECH S&P SMALL-MID CAP DIVERSIFIED ALPHA ETF ,NYSE,ETF,2025-02-28,,Active
SMFG,Sumitomo Mitsui Financial Group Inc,NYSE,Stock,2006-01-27,,Active
SMG,Scotts Miracle-Gro Company - Class A,NYSE,Stock,1992-01-31,,Active
SMH,VANECK SEMICONDUCTOR ETF ,NASDAQ,ETF,2000-06-05,,Active
SMHB,UBS AG London Branch,NYSE,ETF,2018-11-14,,Active
SMHD,Bank of Montreal,BATS,Stock,2026-08-04,,Active
SMHI,SEACOR Marine Holdings Inc,NYSE,Stock,2017-06-02,,Active
SMHU,Bank of Montreal,BATS,Stock,2026-08-04,,Active
SMHX,VANECK FABLESS SEMICONDUCTOR ETF ,NASDAQ,ETF,2024-08-28,,Active
SMID,Smith-Midland Corp,NASDAQ,Stock,2016-01-04,,Active
SMIG,BAHL & GAYNOR SMALL/MID CAP INCOME GROWTH ETF ,NYSE,ETF,2021-08-26,,Active
SMIN,ISHARES MSCI INDIA SMALL-CAP ETF ,BATS,ETF,2012-02-09,,Active
SMIZ,ZACKS SMALL/MID CAP ETF ,NYSE,ETF,2023-10-03,,Active
SMJF,SMJ International Holdings Inc - Class A,AMEX,Stock,2025-12-04,,Active
SMLF,ISHARES U.S. SMALL-CAP EQUITY FACTOR ETF ,NYSE,ETF,2015-04-30,,Active
SMLL,HARBOR ACTIVE SMALL CAP ETF ,NYSE,ETF,2024-08-29,,Active
SMLR,Semler Scientific Inc,NASDAQ,Stock,2014-02-21,,Active
SMLV,STATE STREET(R) SPDR(R) US SMALL CAP LOW VOLATILITY INDEX ETF ,NYSE,ETF,2013-02-21,,Active
SMMD,ISHARES RUSSELL 2500 ETF ,BATS,ETF,2017-07-07,,Active
SMMT,Summit Therapeutics Inc,NASDAQ,Stock,2015-03-05,,Active
SMMU,PIMCO SHORT TERM MUNICIPAL BOND ACTIVE EXCHANGE-TRADED FUND ,NYSE,ETF,2010-02-03,,Active
SMMV,ISHARES MSCI USA SMALL-CAP MIN VOL FACTOR ETF ,BATS,ETF,2016-09-09,,Active
SMN,ProShares UltraShort Materials,NYSE,ETF,2007-02-02,,Active
SMOG,VANECK LOW CARBON ENERGY ETF ,NYSE,ETF,2007-05-09,,Active
SMOM,SYMMETRY PANORAMIC SECTOR MOMENTUM ETF ,NASDAQ,ETF,2025-09-10,,Active
SMOT,VANECK MORNINGSTAR SMID MOAT ETF ,BATS,ETF,2022-10-06,,Active
SMOX,Horizon SmallMid Cap Core Equity ETF,NYSE,ETF,2025-12-03,,Active
SMP,Standard Motor Products Inc,NYSE,Stock,1987-12-30,,Active
SMPL,Simply Good Foods Company,NASDAQ,Stock,2017-07-10,,Active
SMQ,Tradr 1X Short Innovation 100 Monthly ETF,BATS,ETF,2025-12-01,,Active
SMR,NuScale Power Corporation - Class A,NYSE,Stock,2020-12-09,,Active
SMR-WS,NuScale Power Corporation Warrants each exercisable for one share of Class A Common Stock at an exercise price of 11.50 per share,NYSE,Stock,2022-05-03,,Active
SMRF,ALPS Nautilus SMR Nuclear & Technology,NYSE,Stock,2026-02-19,,Active
SMRI,BUSHIDO CAPITAL US EQUITY ETF ,NASDAQ,ETF,2023-09-14,,Active
SMRT,SmartRent Inc - Class A,NYSE,Stock,2021-02-05,,Active
SMRX,Corgi SMR 2x Daily ETF,BATS,ETF,2026-07-10,,Active
SMSI,Smith Micro Software Inc,NASDAQ,Stock,1995-09-19,,Active
SMST,DEFIANCE DAILY TARGET 2X SHORT MSTR ETF ,NASDAQ,ETF,2024-08-21,,Active
SMTC,Semtech Corp,NASDAQ,Stock,1992-03-17,,Active
SMTH,ALPS | SMITH CORE PLUS BOND ETF ,NYSE,ETF,2023-12-06,,Active
SMTI,Sanara MedTech Inc,NASDAQ,Stock,2011-02-22,,Active
SMU,TRADR 2X LONG SMR DAILY ETF ,BATS,Stock,2025-07-11,,Active
SMUP,T-REX 2X LONG SMR DAILY TARGET ETF ,BATS,ETF,2025-07-25,,Active
SMWB,Similarweb Ltd,NYSE,Stock,2021-05-12,,Active
SMX,SMX (Security Matters) Plc,NASDAQ,Stock,2021-12-09,,Active
SMXT,SolarMax Technology Inc,NASDAQ,Stock,2024-02-27,,Active
SMXWW,SMX (Security Matters) Plc - Warrants (07/03/2028),NASDAQ,Stock,2021-12-07,,Active
SMYY,GRANITESHARES YIELDBOOST SMCI ETF ,NASDAQ,ETF,2025-09-30,,Active
SMZ,Tradr 2X Short SMR Daily,BATS,Stock,2026-02-11,,Active
SN,SharkNinja Inc,NYSE,Stock,2023-07-31,,Active
SNA,Snap-on Inc,NYSE,Stock,1985-07-01,,Active
SNAG,Leverage Shares 2x Long SNAP Daily ETF,NASDAQ,ETF,2025-12-18,,Active
SNAL,Snail Inc - Class A,NASDAQ,Stock,2022-11-10,,Active
SNAP,Snap Inc - Class A,NYSE,Stock,2017-03-02,,Active
SNAV,MOHR SECTOR NAV ETF ,BATS,ETF,2023-01-11,,Active
SND,Smart Sand Inc,NASDAQ,Stock,2016-11-04,,Active
SNDA,Sonida Senior Living Inc,NYSE,Stock,1997-10-31,,Active
SNDC,Corgi SNDK 2x Daily ETF,BATS,ETF,2026-06-30,,Active
SNDG,Leverage Shares 2X Long SNDK Daily,BATS,ETF,2026-05-12,,Active
SNDK,Sandisk Corp,NASDAQ,Stock,2025-02-24,,Active
SNDKV,Sandisk Corporation,NASDAQ,Stock,2025-02-13,,Active
SNDL,SNDL Inc,NASDAQ,Stock,2019-08-01,,Active
SNDQ,Tradr 2X Short SNDK Daily,BATS,ETF,2026-04-23,,Active
SNDR,Schneider National Inc - Class B,NYSE,Stock,2017-04-06,,Active
SNDU,TREX 2X Long SNDK Daily Target,BATS,ETF,2026-03-12,,Active
SNDX,Syndax Pharmaceuticals Inc,NASDAQ,Stock,2016-03-03,,Active
SNES,SenesTech Inc,NASDAQ,Stock,2016-12-08,,Active
SNEX,StoneX Group Inc,NASDAQ,Stock,1996-11-15,,Active
SNFCA,Security National Financial Corp - Class A,NASDAQ,Stock,2001-01-02,,Active
SNGX,Soligenix Inc,NASDAQ,Stock,2012-03-08,,Active
SNK,GraniteShares 2x Short SpaceX Daily ETF,BATS,ETF,2026-06-15,,Active
SNN,Smith & Nephew plc,NYSE,Stock,1999-11-16,,Active
SNOA,Sonoma Pharmaceuticals Inc,NASDAQ,Stock,2007-01-25,,Active
SNOU,T-REX 2X LONG SNOW DAILY TARGET ETF ,BATS,ETF,2025-04-24,,Active
SNOV,FT VEST U.S. SMALL CAP MODERATE BUFFER ETF - NOVEMBER ,BATS,ETF,2023-11-20,,Active
SNOW,Snowflake Inc - Class A,NYSE,Stock,2020-09-16,,Active
SNOY,YIELDMAX(R) SNOW OPTION INCOME STRATEGY ETF ,NYSE,ETF,2024-06-11,,Active
SNPD,XTRACKERS S&P DIVIDEND ARISTOCRATS SCREENED ETF ,BATS,ETF,2022-11-09,,Active
SNPE,XTRACKERS S&P 500 SCORED & SCREENED ETF ,NYSE,ETF,2019-06-26,,Active
SNPG,XTRACKERS S&P 500 GROWTH SCORED & SCREENED ETF ,BATS,ETF,2022-11-09,,Active
SNPS,Synopsys Inc,NASDAQ,Stock,1992-02-26,,Active
SNPX,Tradr 2X Long SNPS Daily ETF,BATS,ETF,2025-11-13,,Active
SNRE,Sunrise Communications AG,NASDAQ,Stock,2024-11-13,,Active
SNREV,Sunrise Communications AG American Depositary Shares representing Class A shares When Issued,NASDAQ,Stock,2024-11-04,,Active
SNSC,SunScout Holding Ltd - Class A,NYSE MKT,Stock,2026-08-12,,Active
SNSR,GLOBAL X INTERNET OF THINGS ETF ,NASDAQ,ETF,2016-09-16,,Active
SNT,Senstar Technologies Corp,NASDAQ,Stock,1993-03-23,,Active
SNTG,Sentage Holdings Inc,NASDAQ,Stock,2021-07-08,,Active
SNTH,MRP SYNTHEQUITY ETF ,NYSE,ETF,2025-03-11,,Active
SNTI,Senti Biosciences Inc,NASDAQ,Stock,2021-05-26,,Active
SNTQ,MRP SynthEquity Nasdaq 100 ETF,BATS,ETF,2026-07-08,,Active
SNUS-P-H,Santander Holdings USA Inc,NYSE,Stock,2026-08-20,,Active
SNUS-P-I,Santander Holdings USA Inc,NYSE,Stock,2026-08-20,,Active
SNWV,Sanuwave Health Inc,NASDAQ,Stock,2015-03-10,,Active
SNX,TD Synnex Corp,NYSE,Stock,2003-11-25,,Active
SNXX,Tradr 2X Long SNDK Daily,BATS,ETF,2026-01-27,,Active
SNY,Sanofi,NASDAQ,Stock,2002-07-01,,Active
SNYR,Synergy CHC Corp,NASDAQ,Stock,2016-01-04,,Active
SO,Southern Company,NYSE,Stock,1981-12-31,,Active
SOAR,Volato Group Inc - Class A,AMEX,Stock,2022-01-21,,Active
SOAR-WS,Volato Group Inc Warrants,AMEX,Stock,2023-12-04,,Active
SOBO,South Bow Corp,NYSE,Stock,2024-10-03,,Active
SOBR,Sobr Safe Inc,NASDAQ,Stock,2013-05-14,,Active
SOC,Flame Acquisition Corp,NYSE,Stock,2024-02-15,,Active
SOC-WS,Sable Offshore Corp Wt Exp,NYSE,Stock,2024-02-15,,Active
SOCA,Solarius Capital Acquisition Corp - Class A,NASDAQ,Stock,2025-09-05,,Active
SOCAU,Solarius Capital Acquisition Corp Units,NASDAQ,Stock,2025-07-16,,Active
SOCAW,Solarius Capital Acquisition Corp - Warrants(10/07/2030),NASDAQ,Stock,2025-09-05,,Active
SOCL,GLOBAL X SOCIAL MEDIA ETF ,NASDAQ,ETF,2011-11-15,,Active
SOEZ,Fractional Undivided Beneficial Interest,NYSE,Stock,2025-12-03,,Active
SOF,Amplify ETF Trust Samsung SOFR,NYSE,ETF,2023-11-15,,Active
SOFA,Direxion Daily SOFI Bull 2X ETF,NASDAQ,ETF,2026-02-11,,Active
SOFC,Corgi SOFI 2x Daily ETF,BATS,ETF,2026-07-10,,Active
SOFI,SoFi Technologies Inc,NASDAQ,Stock,2020-11-30,,Active
SOFL,Tidal Trust III 2x Daily Software Platform,NYSE,Stock,2025-07-02,,Active
SOFR,Amplify Samsung SOFR ETF,NYSE,ETF,2024-09-26,,Active
SOFX,DEFIANCE DAILY TARGET 2X LONG SOFI ETF ,NASDAQ,ETF,2025-01-16,,Active
SOGP,Sound Group Inc,NASDAQ,Stock,2020-01-17,,Active
SOGU,AXS Short De-SPAC Daily ETF,NASDAQ,ETF,2021-05-19,,Active
SOHU,Sohu.com Ltd,NASDAQ,Stock,2000-07-12,,Active
SOJC,Southern Company,NYSE,Stock,2017-11-28,,Active
SOJD,Southern Company,NYSE,Stock,2020-01-14,,Active
SOJE,Southern Company,NYSE,Stock,2020-09-23,,Active
SOJF,Southern Company,NYSE,Stock,2025-01-16,,Active
SOLC,Canary Marinade Solana ETF,NASDAQ,ETF,2025-11-18,,Active
SOLM,Amplify Solana 3 Monthly Option Income ETF,BATS,ETF,2025-11-04,,Active
SOLO,Electrameccanica Vehicles Corp,NASDAQ,Stock,2018-08-07,,Active
SOLOW,Electrameccanica Vehicles Corp - Warrants (03/08/2023),NASDAQ,Stock,2018-08-09,,Active
SOLS,Solstice Advanced Materials Inc,NASDAQ,Stock,2025-10-29,,Active
SOLSV,Solstice Advanced Materials Inc,NASDAQ,Stock,2025-10-20,,Active
SOLT,2x Solana ETF,NASDAQ,ETF,2025-03-20,,Active
SOLV,Solventum Corp,NYSE,Stock,2024-03-26,,Active
SOLV-W,Solventum Corporation WhenIssued,NYSE,Stock,2024-03-26,,Active
SOLX,TREX 2X Long SOL Daily Target ETF,BATS,ETF,2025-12-02,,Active
SOLZ,Solana ETF,NASDAQ,ETF,2025-03-20,,Active
SOMN,SOMNUS MEDICAL TECHNOLOGIES INC,NYSE,Stock,2025-11-12,,Active
SON,Sonoco Products Company,NYSE,Stock,1985-06-11,,Active
SONM,Sonim Technologies Inc,NASDAQ,Stock,2019-05-10,,Active
SONO,Sonos Inc,NASDAQ,Stock,2018-08-02,,Active
SONY,Sony Group Corporation,NYSE,Stock,1974-07-26,,Active
SOPH,SOPHiA Genetics SA,NASDAQ,Stock,2021-07-23,,Active
SOQ,Sonde Resources Corp,NYSE MKT,Stock,2017-09-22,,Active
SOR,Source Capital Inc,NYSE,ETF,1987-12-30,,Active
SORA,Top Win International Ltd,NASDAQ,Stock,2025-04-02,,Active
SORN,Soren Acquisition Corp,NASDAQ,Stock,2026-02-27,,Active
SORNU,Soren Acquisition Corp - Units (1 Ord Cls A & 1/3War),NASDAQ,Stock,2026-01-06,,Active
SORNW,Soren Acquisition Corp Warrant,NASDAQ,Stock,2026-03-03,,Active
SOTK,Sono-Tek Corp,NASDAQ,Stock,2016-01-04,,Active
SOUL,Soul Vibe Interactive Inc,NYSE,Stock,2017-09-25,,Active
SOUL-R,Soulpower Acquisition Corporation Rights each right entitling the holder to receive onetenth 110 of one Class A Ordinary Share,NYSE,Stock,2025-05-23,,Active
SOUL-U,Soulpower Acquisition Corp - Units (1 Ord Cls A & 1/2 War),NYSE,Stock,2025-04-02,,Active
SOUN,SoundHound AI Inc - Class A,NASDAQ,Stock,2022-04-28,,Active
SOUNW,SoundHound AI Inc - Warrants (26/04/2027),NASDAQ,Stock,2021-04-26,,Active
SOUX,DEFIANCE DAILY TARGET 2X LONG SOUN ETF ,NASDAQ,ETF,2025-06-24,,Active
SOVF,SOVEREIGN'S CAPITAL FLOURISH FUND ,NYSE,ETF,2023-10-03,,Active
SOWG,Sow Good Inc,NASDAQ,Stock,2016-01-04,,Active
SOXL,DIREXION DAILY SEMICONDUCTOR BULL 3X SHARES ,NYSE,ETF,2010-03-11,,Active
SOXM,TRADR 2X LONG SOXX MONTHLY ETF ,NASDAQ,ETF,2026-02-06,,Active
SOXQ,INVESCO PHLX SEMICONDUCTOR ETF ,NASDAQ,ETF,2021-06-11,,Active
SOXS,Direxion Daily Semiconductor Bear 3X ETF,NYSE ARCA,ETF,2010-03-11,,Active
SOXW,TRADR 2X LONG SOXX WEEKLY ETF ,NASDAQ,ETF,2026-02-06,,Active
SOXX,ISHARES SEMICONDUCTOR ETF ,NASDAQ,ETF,2001-07-13,,Active
SOXY,YIELDMAX(R) TARGET 12(TM) SEMICONDUCTOR OPTION INCOME ETF ,NYSE,ETF,2024-12-03,,Active
SOYB,Teucrium Soybean Fund,NYSE,ETF,2011-09-19,,Active
SPAB,STATE STREET(R) SPDR(R) PORTFOLIO AGGREGATE BOND ETF ,NYSE,ETF,2007-05-30,,Active
SPAI,Safe Pro Group Inc,NASDAQ,Stock,2024-08-28,,Active
SPAL,GraniteShares 2x Long SpaceX Daily ETF,BATS,ETF,2026-06-15,,Active
SPAM,THEMES CYBERSECURITY ETF ,NASDAQ,ETF,2023-12-08,,Active
SPAQ,HORIZON KINETICS SPAC ACTIVE ETF ,NASDAQ,ETF,2023-01-30,,Active
SPAX,T-REX 2X Long SpaceX Daily Target ETF,NYSE ARCA,ETF,2026-06-15,,Active
SPB,Spectrum Brands Holdings Inc,NYSE,Stock,2009-09-02,,Active
SPBC,SIMPLIFY US EQUITY PLUS BITCOIN STRATEGY ETF ,NASDAQ,ETF,2021-05-25,,Active
SPBO,STATE STREET(R) SPDR PORTFOLIO CORPORATE BOND ETF ,NYSE,ETF,2011-04-07,,Active
SPBU,ALLIANZIM BUFFER15 UNCAPPED ALLOCATION ETF ,BATS,ETF,2025-03-06,,Active
SPBW,ALLIANZIM BUFFER20 ALLOCATION ETF ,BATS,ETF,2025-01-08,,Active
SPBX,ALLIANZIM 6 MONTH BUFFER10 ALLOCATION ETF ,BATS,ETF,2025-01-08,,Active
SPCB,SuperCom Ltd,NASDAQ,Stock,2005-02-17,,Active
SPCE,Virgin Galactic Holdings Inc - Class A,NYSE,Stock,2017-09-29,,Active
SPCF,ProShares Ultra SpaceX ETF,NYSE ARCA,ETF,2026-06-15,,Active
SPCG,Tradr 2X Short SpaceX Daily ETF,BATS,ETF,2026-06-15,,Active
SPCH,Leverage Shares 2X Long SPCX Daily ETF,BATS,ETF,2026-06-15,,Active
SPCI,Tuttle Capital Space Industry Income Blast,BATS,Stock,2026-03-12,,Active
SPCK,The SPAC and New Issue ETF,NASDAQ,ETF,2020-12-16,,Active
SPCL,DEFIANCE DAILY 2X SPACE ETF ,BATS,Stock,2017-09-22,,Active
SPCM,Tradr 2X Long SpaceX Daily ETF,BATS,ETF,2026-06-15,,Active
SPCQ,Defiance Daily Target 2X Short SpaceX ETF,BATS,ETF,2026-06-15,,Active
SPCT,SPECTRIAN CORP,NASDAQ,Stock,2025-09-30,,Active
SPCU,Defiance Daily Target 2X Long SpaceX ETF,BATS,ETF,2026-06-15,,Active
SPCX,Space Exploration Technologies Corp - Class A,NASDAQ,Stock,2026-06-12,,Active
SPCY,STKd 100% SMCI & 100% NVDA ETF,NASDAQ,ETF,2025-04-01,,Active
SPCZ,RIVERNORTH ENHANCED PRE-MERGER SPAC ETF ,BATS,ETF,2022-07-12,,Active
SPD,SIMPLIFY US EQUITY PLUS DOWNSIDE CONVEXITY ETF ,NYSE,ETF,2020-09-04,,Active
SPDF,DEFENDER RISK ADAPTIVE 500 ETF ,BATS,ETF,2026-04-15,,Active
SPDG,STATE STREET(R) SPDR(R) PORTFOLIO S&P SECTOR NEUTRAL DIVIDEND ETF ,NYSE,ETF,2023-09-12,,Active
SPDN,DIREXION DAILY S&P 500 (R) BEAR 1X SHARES ,NYSE,ETF,2016-06-08,,Active
SPDV,AAM S&P 500 HIGH DIVIDEND VALUE ETF ,NYSE,ETF,2017-11-29,,Active
SPDW,STATE STREET(R) SPDR(R) PORTFOLIO DEVELOPED WORLD EX-US ETF ,NYSE,ETF,2007-04-26,,Active
SPE,Special Opportunities Fund Inc,NYSE,ETF,1994-10-27,,Active
SPE-P-C,Special Opportunities Fund Inc,NYSE,Stock,2022-01-27,,Active
SPEG,Silver Pegasus Acquisition Corp - Class A,NASDAQ,Stock,2025-09-09,,Active
SPEGR,Silver Pegasus Acquisition Corp,NASDAQ,Stock,2025-09-08,,Active
SPEGU,Silver Pegasus Acquisition Corp - Units (1 Ord Cls A & 1 Rts),NASDAQ,Stock,2025-07-15,,Active
SPEM,STATE STREET(R) SPDR(R) PORTFOLIO EMERGING MARKETS ETF ,NYSE,ETF,2007-03-23,,Active
SPEU,STATE STREET(R) SPDR(R) PORTFOLIO EUROPE ETF ,NYSE,ETF,2002-10-21,,Active
SPFF,GLOBAL X SUPERINCOME PREFERRED ETF ,NYSE,ETF,2012-07-19,,Active
SPFI,South Plains Financial Inc,NASDAQ,Stock,2019-05-09,,Active
SPG,Simon Property Group Inc,NYSE,Stock,1993-12-14,,Active
SPG-P-J,Simon Property Group Inc,NYSE,Stock,2002-07-01,,Active
SPGI,S&P Global Inc,NYSE,Stock,2001-01-02,,Active
SPGI-W,S&P Global Inc WhenIssued,NYSE,Stock,2026-06-30,,Active
SPGM,STATE STREET(R) SPDR(R) PORTFOLIO MSCI GLOBAL STOCK MARKET ETF ,NYSE,ETF,2012-03-05,,Active
SPGP,INVESCO S&P 500 GARP ETF ,NYSE,ETF,2011-06-16,,Active
SPH,Suburban Propane Partners LP,NYSE,Stock,1996-02-29,,Active
SPHA,Shepherd Ave Capital Acquisition Corporation,NASDAQ,Stock,2025-01-28,,Active
SPHAR,Shepherd Ave Capital Acquisition Corporation Right,NASDAQ,Stock,2025-01-27,,Active
SPHB,INVESCO S&P 500 HIGH BETA ETF ,NYSE,ETF,2011-05-05,,Active
SPHD,INVESCO S&P 500 HIGH DIVIDEND LOW VOLATILITY ETF ,NYSE,ETF,2012-10-26,,Active
SPHL,Springview Holdings Ltd - Class A,NASDAQ,Stock,2024-10-17,,Active
SPHQ,INVESCO S&P 500 QUALITY ETF ,NYSE,ETF,2005-12-06,,Active
SPHR,Sphere Entertainment Co - Class A,NYSE,Stock,2020-04-09,,Active
SPHR-W,Sphere Entertainment Co. Class A WhenIssued,NYSE,Stock,2023-04-17,,Active
SPHY,STATE STREET(R) SPDR(R) PORTFOLIO HIGH YIELD BOND ETF ,NYSE,ETF,2012-06-19,,Active
SPI,SPI Energy Co. Ltd.,NASDAQ,Stock,2026-05-28,,Active
SPIB,STATE STREET(R) SPDR(R) PORTFOLIO INTERMEDIATE TERM CORPORATE BOND ETF ,NYSE,ETF,2009-02-20,,Active
SPIN,SPDR SSGA US Equity Premium Income ETF,BATS,ETF,2024-09-05,,Active
SPIP,STATE STREET(R) SPDR(R) PORTFOLIO TIPS ETF ,NYSE,ETF,2007-05-30,,Active
SPIR,Spire Global Inc - Class A,NYSE,Stock,2020-11-03,,Active
SPIT,F/M EMERALD SPECIAL SITUATIONS ETF ,NASDAQ,ETF,2025-10-06,,Active
SPKBU,Silver Spike Acquisition Corp II - Units (1 Ord Share Class A & 1/4 War),NASDAQ,Stock,2021-03-11,,Active
SPKL,Spark I Acquisition Corp - Class A,NASDAQ,Stock,2023-11-27,,Active
SPKLU,Spark I Acquisition Corp - Units (1 Ord Class A & 1/2 War),NASDAQ,Stock,2023-10-06,,Active
SPKLW,Spark I Acquisition Corp - Warrants (28/09/2028),NASDAQ,Stock,2023-11-27,,Active
SPKX,ConvexityShares 1x SPIKES Futures ETF,NYSE ARCA,ETF,2022-08-16,,Active
SPKY,ConvexityShares Daily 1.5x SPIKES Futures ETF,NYSE ARCA,ETF,2022-08-16,,Active
SPLB,STATE STREET(R) SPDR(R) PORTFOLIO LONG TERM CORPORATE BOND ETF ,NYSE,ETF,2009-03-11,,Active
SPLS,PIMCO US Stocks PLUS Active Bond Exchange Traded Fund,BATS,ETF,2026-01-16,,Active
SPLV,INVESCO S&P 500 LOW VOLATILITY ETF ,NYSE,ETF,2011-05-05,,Active
SPMA,Sound Point Meridian Capital Inc,NYSE,Stock,2024-11-08,,Active
SPMB,STATE STREET(R) SPDR(R) PORTFOLIO MORTGAGE BACKED BOND ETF ,NYSE,ETF,2009-01-30,,Active
SPMC,Sound Point Meridian Capital Inc,NYSE,Stock,2024-06-14,,Active
SPMD,STATE STREET(R) SPDR(R) PORTFOLIO S&P 400(TM) MID CAP ETF ,NYSE,ETF,2005-11-15,,Active
SPME,Sound Point Meridian Capital Inc,NYSE,Stock,2025-07-15,,Active
SPMO,INVESCO S&P 500 MOMENTUM ETF ,NYSE,ETF,2015-10-12,,Active
SPNT,SiriusPoint Ltd,NYSE,Stock,2013-08-15,,Active
SPOG,Leverage Shares 2X Long SPOT Daily ETF,NASDAQ,ETF,2025-11-17,,Active
SPOK,Spok Holdings Inc,NASDAQ,Stock,2004-11-17,,Active
SPOT,Spotify Technology S.A.,NYSE,Stock,2018-04-03,,Active
SPPI,Spectrum Pharmaceuticals Inc,NASDAQ,Stock,1996-09-27,,Active
SPPL,Simpple Ltd,NASDAQ,Stock,2023-09-13,,Active
SPPP,Sprott Physical Platinum and Palladium Trust,NYSE,ETF,2012-12-19,,Active
SPRB,Spruce Biosciences Inc,NASDAQ,Stock,2020-10-09,,Active
SPRC,SciSparc Ltd,NASDAQ,Stock,2021-08-30,,Active
SPRE,SP FUNDS S&P GLOBAL REIT SHARIA ETF ,NYSE,ETF,2020-12-30,,Active
SPRO,Spero Therapeutics Inc,NASDAQ,Stock,2004-11-22,,Active
SPRU,Spruce Power Holding Corporation - Class A,NYSE,Stock,2019-09-03,,Active
SPRX,SPEAR ALPHA ETF ,NASDAQ,ETF,2021-08-04,,Active
SPRY,ARS Pharmaceuticals Inc,NASDAQ,Stock,2020-12-04,,Active
SPSB,STATE STREET(R) SPDR(R) PORTFOLIO SHORT TERM CORPORATE BOND ETF ,NYSE,ETF,2009-12-17,,Active
SPSC,SPS Commerce Inc,NASDAQ,Stock,2010-04-22,,Active
SPSK,SP FUNDS DOW JONES GLOBAL SUKUK ETF ,NYSE,ETF,2019-12-30,,Active
SPSM,STATE STREET(R) SPDR(R) PORTFOLIO S&P 600(TM) SMALL CAP ETF ,NYSE,ETF,2013-07-09,,Active
SPT,Sprout Social Inc Class A,NASDAQ,Stock,2019-12-13,,Active
SPTB,STATE STREET(R) SPDR(R) PORTFOLIO TREASURY ETF ,NYSE,ETF,2024-05-21,,Active
SPTE,SP FUNDS S&P GLOBAL TECHNOLOGY ETF ,NYSE,ETF,2023-12-01,,Active
SPTI,STATE STREET(R) SPDR(R) PORTFOLIO INTERMEDIATE TERM TREASURY ETF ,NYSE,ETF,2007-05-30,,Active
SPTK,SportsTek Acquisition Corp - Class A,NASDAQ,Stock,2021-04-09,,Active
SPTKW,SportsTek Acquisition Corp - Warrants (16/02/2028),NASDAQ,Stock,2021-04-09,,Active
SPTL,STATE STREET(R) SPDR(R) PORTFOLIO LONG TERM TREASURY ETF ,NYSE,ETF,2007-05-30,,Active
SPTM,STATE STREET(R) SPDR(R) PORTFOLIO S&P 1500(R) COMPOSITE STOCK MARKET ETF ,NYSE,ETF,2000-10-10,,Active
SPTS,STATE STREET(R) SPDR(R) PORTFOLIO SHORT TERM TREASURY ETF ,NYSE,ETF,2011-12-01,,Active
SPTU,STATE STREET SPDR PORTFOLIO ULTRA SHORT T-BILL ETF ,NYSE,ETF,2025-10-08,,Active
SPTX,Seaport Therapeutics Inc,NASDAQ,Stock,2026-05-01,,Active
SPUC,SIMPLIFY US EQUITY PLUS UPSIDE CONVEXITY ETF ,NYSE,ETF,2020-09-04,,Active
SPUS,SP FUNDS S&P 500 SHARIA INDUSTRY EXCLUSIONS ETF ,NYSE,ETF,2019-12-18,,Active
SPUT,Innovator Equity Premium Income Daily PutWrite ETF,NYSE,ETF,2025-03-14,,Active
SPUU,DIREXION DAILY S&P 500(R) BULL 2X SHARES ,NYSE,ETF,2014-06-06,,Active
SPVM,INVESCO S&P 500 VALUE WITH MOMENTUM ETF ,NYSE,ETF,2011-06-16,,Active
SPWH,Sportsman`s Warehouse Holdings Inc,NASDAQ,Stock,2014-04-17,,Active
SPWO,SP FUNDS S&P WORLD (EX-US) ETF ,NYSE,ETF,2023-12-20,,Active
SPWR,,NASDAQ,Stock,2024-08-21,,Active
SPWRW,Complete Solaria Inc - Warrants (31/07/2028),NASDAQ,Stock,2021-04-19,,Active
SPXC,SPX Technologies Inc,NYSE,Stock,1985-07-01,,Active
SPXD,XTRACKERS S&P 500 DIVERSIFIED SECTOR WEIGHT ETF ,NASDAQ,ETF,2025-07-24,,Active
SPXE,PROSHARES S&P 500 EX-ENERGY ETF ,NYSE ARCA,ETF,2015-09-24,,Active
SPXL,DIREXION DAILY S&P 500(R) BULL 3X SHARES ,NYSE,ETF,2008-11-05,,Active
SPXM,Azoria 500 Meritocracy ETF,BATS,ETF,2025-07-08,,Active
SPXN,PROSHARES S&P 500 EX-FINANCIALS ETF ,NYSE,ETF,2015-09-24,,Active
SPXS,DIREXION DAILY S&P 500(R) BEAR 3X SHARES ,NYSE,ETF,2008-11-19,,Active
SPXT,PROSHARES S&P 500 EX-TECHNOLOGY ETF ,NYSE,ETF,2015-09-24,,Active
SPXU,ProShares UltraPro Short S&P 500,NYSE,ETF,2009-06-25,,Active
SPXV,PROSHARES S&P 500 EX-HEALTH CARE ETF ,NYSE,ETF,2015-09-24,,Active
SPXX,Nuveen S&P 500 Dynamic Overwrite Fund,NYSE,ETF,2005-11-23,,Active
SPY,SPDR S&P 500 ETF Trust,NYSE,ETF,1993-01-29,,Active
SPYA,Twin Oak Endure ETF,BATS,ETF,2025-06-03,,Active
SPYC,SIMPLIFY US EQUITY PLUS CONVEXITY ETF ,NYSE,ETF,2020-09-04,,Active
SPYD,STATE STREET(R) SPDR(R) PORTFOLIO S&P 500(R) HIGH DIVIDEND ETF ,NYSE,ETF,2015-10-22,,Active
SPYG,STATE STREET(R) SPDR(R) PORTFOLIO S&P 500(R) GROWTH ETF ,NYSE,ETF,2000-10-02,,Active
SPYH,NEOS S&P 500(R) HEDGED EQUITY INCOME ETF ,BATS,ETF,2025-04-03,,Active
SPYI,NEOS S&P 500(R) HIGH INCOME ETF ,BATS,ETF,2022-08-30,,Active
SPYM,SPDR Portfolio S&P 500 ETF,NYSE ARCA,ETF,2005-11-15,,Active
SPYQ,TRADR 2X LONG SPY QUARTERLY ETF ,NASDAQ,ETF,2024-10-01,,Active
SPYT,DEFIANCE S&P 500 INCOME TARGET ETF ,NYSE,ETF,2024-03-07,,Active
SPYU,MAX S&P 500 4X Leveraged ETN,NYSE,ETF,2023-12-05,,Active
SPYV,STATE STREET(R) SPDR(R) PORTFOLIO S&P 500(R) VALUE ETF ,NYSE,ETF,2000-10-02,,Active
SPYX,STATE STREET(R) SPDR(R) S&P 500(R) FOSSIL FUEL RESERVES FREE ETF ,NYSE,ETF,2015-12-01,,Active
SQBA,FT Vest U.S. Equity Quarterly 15 Buffer ETF,BATS,ETF,2026-08-24,,Active
SQFT,Presidio Property Trust Inc - Class A,NASDAQ,Stock,2020-10-07,,Active
SQFTP,Presidio Property Trust Inc,NASDAQ,Stock,2021-06-11,,Active
SQFTW,Presidio Property Trust Inc - Warrants (24/01/2027),NASDAQ,Stock,2022-01-24,,Active
SQLT,ISHARES MSCI USA SMALL-CAP QUALITY FACTOR ETF ,BATS,Stock,2026-04-01,,Active
SQLV,ROYCE QUANT SMALL-CAP QUALITY VALUE ETF ,NASDAQ,ETF,2017-07-13,,Active
SQM,Sociedad Quimica Y Minera de Chile S.A.,NYSE,Stock,1993-09-21,,Active
SQMX,FT VEST U.S. EQUITY QUARTERLY MAX BUFFER ETF ,BATS,ETF,2024-12-23,,Active
SQNS,Sequans Communications S.A,NYSE,Stock,2011-04-19,,Active
SQQQ,ProShares UltraPro Short QQQ -3x Shares,NASDAQ,ETF,2010-02-11,,Active
SQS,SAPIENT QUALITY SELECT ETF ,NASDAQ,ETF,2026-03-16,,Active
SR,Spire Inc,NYSE,Stock,1987-11-05,,Active
SRAD,Sportradar Group AG - Class A,NASDAQ,Stock,2021-09-14,,Active
SRBK,SR Bancorp Inc,NASDAQ,Stock,2023-09-20,,Active
SRCE,1st Source Corp,NASDAQ,Stock,1996-09-03,,Active
SRE,Sempra,NYSE,Stock,1998-06-29,,Active
SREA,Sempra,NYSE,Stock,2019-06-27,,Active
SRET,GLOBAL X SUPERDIVIDEND REIT ETF ,NASDAQ,ETF,2015-03-17,,Active
SRFM,Surf Air Mobility Inc,NYSE,Stock,2023-07-27,,Active
SRG,Seritage Growth Properties - Class A,NYSE,Stock,2015-07-06,,Active
SRG-P-A,Seritage Growth Properties,NYSE,Stock,2017-12-11,,Active
SRHQ,SRH U.S. QUALITY GARP ETF ,NYSE,ETF,2022-10-05,,Active
SRHR,SRH REIT COVERED CALL ETF ,NYSE,ETF,2023-11-02,,Active
SRI,Stoneridge Inc,NYSE,Stock,1997-10-10,,Active
SRJN,Spire Inc 6.375 Junior Subordinated Notes due 2086,NYSE,Stock,2026-01-16,,Active
SRL,Scully Royalty Ltd,NYSE,Stock,2001-01-02,,Active
SRLN,STATE STREET(R) BLACKSTONE SENIOR LOAN ETF ,NYSE,ETF,2013-04-04,,Active
SRM,SRM Entertainment Inc,NASDAQ,Stock,2023-08-15,,Active
SROI,Calamos Antetokounmpo Global Sustainable Equities ETF,NYSE,ETF,2023-02-06,,Active
SRPT,Sarepta Therapeutics Inc,NASDAQ,Stock,1997-06-04,,Active
SRPU,Tradr 2X Long SRPT Daily ETF,BATS,ETF,2025-10-23,,Active
SRRK,Scholar Rock Holding Corp,NASDAQ,Stock,2018-05-24,,Active
SRS,ProShares UltraShort Real Estate -2x Shares,NYSE,ETF,2007-02-01,,Active
SRTA,Strata Critical Medical Inc Cl A Com,NASDAQ,Stock,2025-08-28,,Active
SRTAW,Strata Critical Medical Inc Wt Pur Cl A Exp,NASDAQ,Stock,2025-08-29,,Active
SRTS,Sensus Healthcare Inc,NASDAQ,Stock,2016-07-26,,Active
SRTY,ProShares UltraPro Short Russell2000 -3x Shares,NYSE,ETF,2010-02-11,,Active
SRV,NXG Cushing Midstream Energy Fund,NYSE,ETF,2007-08-27,,Active
SRV-R,NXG Cushing Midstream Energy Fund Rights expiring December 14 2023 Rights,NYSE,Stock,2023-11-22,,Active
SRV-R-W,NXG Cushing Midstream Energy Fund Rights expiring December 14 2023 Rights when issued,NYSE,Stock,2023-11-17,,Active
SRVR,PACER DATA & INFRASTRUCTURE REAL ESTATE ETF ,NYSE,ETF,2018-05-16,,Active
SRXH,SRX Global Inc,NYSE MKT,Stock,2017-09-22,,Active
SRZN,Surrozen Inc,NASDAQ,Stock,2021-01-11,,Active
SSAC,SPACSphere Acquisition Corp,NASDAQ,Stock,2026-02-27,,Active
SSACR,SPACSphere Acquisition Corp Rights,NASDAQ,Stock,2026-02-27,,Active
SSACU,SPACSphere Acquisition Corp - Units (1 Ord Cls A & 1 Rts),NASDAQ,Stock,2026-02-06,,Active
SSACW,SPACSphere Acquisition Corp Warrant,NASDAQ,Stock,2026-02-27,,Active
SSB,SouthState Corporation,NYSE,Stock,1997-01-28,,Active
SSBI,Summit State Bank,NASDAQ,Stock,2006-07-14,,Active
SSBK,Southern States Bancshares Inc,NASDAQ,Stock,2021-08-12,,Active
SSCP,SMART Small Cap,NYSE,Stock,2026-05-12,,Active
SSD,Simpson Manufacturing Co. Inc,NYSE,Stock,1994-05-26,,Active
SSEA,Starry Sea Acquisition Corp,NASDAQ,Stock,2025-10-02,,Active
SSEAR,Starry Sea Acquisition Corp Rights,NASDAQ,Stock,2025-10-02,,Active
SSEAU,Starry Sea Acquisition Corp - Units (1 Ord Shs & 1/6 Rts),NASDAQ,Stock,2025-08-08,,Active
SSFI,DAY HAGAN SMART SECTOR FIXED INCOME ETF ,NYSE,ETF,2021-09-29,,Active
SSG,ProShares UltraShort Semiconductors -2x Shares,NYSE,ETF,2007-02-01,,Active
SSII,SS Innovations International Inc,NASDAQ,Stock,2018-10-17,,Active
SSK,REX-OSPREY(TM) SOL + STAKING ETF ,BATS,ETF,2025-07-02,,Active
SSL,Sasol Ltd,NYSE,Stock,1982-04-26,,Active
SSMG,Virtus Silvant SmallMid Growth,NYSE,Stock,2026-04-22,,Active
SSMR,Sunshine Silver Mining & Refining Company,NYSE,Stock,2026-06-04,,Active
SSNC,SS&C Technologies Holdings Inc,NASDAQ,Stock,2010-03-31,,Active
SSO,PROSHARES ULTRA S&P500 ,NYSE,ETF,2006-06-21,,Active
SSP,E.W. Scripps Co. - Class A,NASDAQ,Stock,1990-03-26,,Active
SSPC,Leverage Shares 2X Short SPCX Daily ETF,BATS,ETF,2026-06-15,,Active
SSPX,Janus Henderson U.S. Sustainable Equity ETF,NYSE ARCA,ETF,2021-09-09,,Active
SSPY,STRATIFIED LARGECAP INDEX ETF ,NYSE,ETF,2024-09-30,,Active
SSRM,SSR Mining Inc,NASDAQ,Stock,1996-08-01,,Active
SSS,Sovran Self Storage Inc,NASDAQ,Stock,2026-01-30,,Active
SSSSL,SuRo Capital Corp 6.00 Notes due 2026,NASDAQ,Stock,2026-07-01,,Active
SST,System1 Inc - Class A,NYSE,Stock,2020-08-07,,Active
SST-WS,System1 Inc Warrants each whole warrant exercisable for one share of Class A Common Stock at an exercise price of 11.50 per share,NYSE,Stock,2022-01-28,,Active
SSTI,SoundThinking Inc,NASDAQ,Stock,2017-06-07,,Active
SSTK,Shutterstock Inc,NYSE,Stock,2012-10-11,,Active
SSUS,DAY HAGAN SMART SECTOR ETF ,NYSE,ETF,2020-01-17,,Active
SSXU,DAY HAGAN SMART SECTOR INTERNATIONAL ETF ,NYSE,ETF,2022-07-01,,Active
SSYS,Stratasys Ltd,NASDAQ,Stock,1994-10-21,,Active
ST,Sensata Technologies Holding Plc,NYSE,Stock,2010-03-11,,Active
STAA,Staar Surgical Company,NASDAQ,Stock,1992-03-02,,Active
STAF,Staffing 360 Solutions Inc.,NASDAQ,Stock,2026-05-28,,Active
STAG,STAG Industrial Inc,NYSE,Stock,2011-04-15,,Active
STAK,Stak Inc,NASDAQ,Stock,2025-02-26,,Active
STAX,NOMURA TAX-FREE USA SHORT TERM ETF ,NYSE,ETF,2023-11-29,,Active
STBA,S & T Bancorp Inc,NASDAQ,Stock,1992-04-21,,Active
STBF,PERFORMANCE TRUST SHORT TERM BOND ETF ,BATS,ETF,2024-04-09,,Active
STBQ,Amplify Stablecoin Technology ETF,NYSE,ETF,2025-12-23,,Active
STBX,Starbox Group Holdings Ltd,NASDAQ,Stock,2022-08-23,,Active
STC,Stewart Information Services Corp,NYSE,Stock,1990-03-28,,Active
STCE,SCHWAB CRYPTO THEMATIC ETF ,NYSE,ETF,2022-08-04,,Active
STDN,Standard Nuclear Inc - Class A,NYSE,Stock,2026-07-16,,Active
STE,Steris Plc,NYSE,Stock,1992-06-01,,Active
STEM,Stem Inc - Class A,NYSE,Stock,2020-10-08,,Active
STEN,STEN CORP,BATS,Stock,2025-10-01,,Active
STEP,StepStone Group Inc - Class A,NASDAQ,Stock,2020-09-16,,Active
STEW,SRH Total Return Fund Inc,NYSE,Stock,2022-04-04,,Active
STEX,Streamex Corp,NASDAQ,Stock,2014-10-30,,Active
STFS,Star Fashion Culture Holdings Ltd - Class A,NASDAQ,Stock,2024-10-11,,Active
STG,Sunlands Technology Group,NYSE,Stock,2018-03-23,,Active
STGW,Stagwell Inc - Class A,NASDAQ,Stock,2021-08-03,,Active
STHH,STMICROELECTRONICS NV ADRHEDGED(TM) ,NYSE,ETF,2025-04-23,,Active
STHO,Star Holdings,NASDAQ,Stock,2023-03-31,,Active
STHOV,Star Holdings Shares of Beneficial Interest,NASDAQ,Stock,2023-03-28,,Active
STI,Solidion Technology Inc,NASDAQ,Stock,2024-02-02,,Active
STIM,Neuronetics Inc,NASDAQ,Stock,2018-06-28,,Active
STIP,ISHARES 0-5 YEAR TIPS BOND ETF ,NYSE,ETF,2010-12-03,,Active
STK,Columbia Seligman Premium Technology Growth Fund Inc,NYSE,ETF,2009-11-27,,Active
STKE,Sol Strategies Inc,NASDAQ,Stock,2006-11-28,,Active
STKH,Steakholder Foods Ltd,NASDAQ,Stock,2021-03-12,,Active
STKS,ONE Group Hospitality Inc,NASDAQ,Stock,2014-06-27,,Active
STLA,Stellantis N.V,NYSE,Stock,2010-06-09,,Active
STLD,Steel Dynamics Inc,NASDAQ,Stock,1996-11-22,,Active
STLL,Leverage Shares 2X Long STRL Daily ETF,BATS,ETF,2026-08-11,,Active
STLN,Starling Oncology Inc,NASDAQ,Stock,2021-11-15,,Active
STLNW,Starling Oncology Inc - Warrants (15/11/2026),NASDAQ,Stock,2020-06-04,,Active
STLR,Stellar,BATS,ETF,2026-05-28,,Active
STLU,2x Stellar,BATS,Stock,2026-04-01,,Active
STLV,ISHARES FACTORS US VALUE STYLE ETF ,BATS,ETF,2020-01-16,,Active
STM,ST Microelectronics,NYSE,Stock,1994-12-08,,Active
STMX,Leverage Shares 2X Long STM Daily ETF,BATS,ETF,2026-08-19,,Active
STN,Stantec Inc,NYSE,Stock,2005-08-05,,Active
STNC,HENNESSY SUSTAINABLE ETF ,NASDAQ,ETF,2021-03-16,,Active
STNE,StoneCo Ltd - Class A,NASDAQ,Stock,2018-10-25,,Active
STNG,Scorpio Tankers Inc,NYSE,Stock,2010-03-31,,Active
STOK,Stoke Therapeutics Inc,NASDAQ,Stock,2019-06-19,,Active
STOT,STATE STREET(R) DOUBLELINE(R) SHORT DURATION TOTAL RETURN TACTICAL ETF ,BATS,ETF,2016-04-14,,Active
STOX,HORIZON CORE EQUITY ETF ,BATS,ETF,2025-06-26,,Active
STPZ,PIMCO 1-5 YEAR U.S. TIPS INDEX EXCHANGE-TRADED FUND ,NYSE,ETF,2009-08-21,,Active
STRA,Strategic Education Inc,NASDAQ,Stock,1996-07-26,,Active
STRC,Microstrategy Incorporated Variable Rate Series A Perpetual Stretch Preferred Stock,NASDAQ,Stock,2025-07-30,,Active
STRF,Microstrategy Inc,NASDAQ,Stock,2025-03-26,,Active
STRK,Microstrategy Inc,NASDAQ,Stock,2025-02-06,,Active
STRL,Sterling Infrastructure Inc,NASDAQ,Stock,1995-08-18,,Active
STRN,SMART TREND 25 ETF ,NYSE,ETF,2025-08-20,,Active
STRO,Sutro Biopharma Inc,NASDAQ,Stock,2018-09-27,,Active
STRR,Hudson Global Inc,NASDAQ,Stock,2003-03-18,,Active
STRRP,Hudson Global Inc,NASDAQ,Stock,2025-08-22,,Active
STRT,Strattec Security Corp,NASDAQ,Stock,1995-02-24,,Active
STRW,Strawberry Fields Reit Inc,AMEX,Stock,2022-09-21,,Active
STRZ,Starz Entertainment Corp,NASDAQ,Stock,2025-05-07,,Active
STSB,STANCE SUSTAINABLE BETA ETF ,NASDAQ,ETF,2020-04-16,,Active
STSM,DEFIANCE DAILY TARGET 2X SHORT TSM ETF ,NYSE,ETF,2025-11-18,,Active
STT,State Street Corp,NYSE,Stock,1986-07-09,,Active
STT-P-G,State Street Corp,NYSE,Stock,2007-02-12,,Active
STTK,Shattuck Labs Inc,NASDAQ,Stock,2020-10-09,,Active
STUB,Stubhub Holdings Inc - Class A,NYSE,Stock,2025-09-17,,Active
STVN,Stevanato Group Spa,NYSE,Stock,2021-07-16,,Active
STWD,Starwood Property Trust Inc,NYSE,Stock,2009-08-12,,Active
STX,Seagate Technology Holdings Plc,NASDAQ,Stock,2002-12-11,,Active
STXD,STRIVE 1000 DIVIDEND GROWTH ETF ,NYSE,ETF,2022-11-10,,Active
STXE,STRIVE EMERGING MARKETS EX-CHINA ETF ,NYSE,ETF,2023-01-31,,Active
STXF,Strive 500 ETF,NYSE,ETF,2022-09-15,,Active
STXG,STRIVE 1000 GROWTH ETF ,NYSE,ETF,2022-11-10,,Active
STXK,STRIVE SMALL-CAP ETF ,NYSE,ETF,2022-11-10,,Active
STXL,Defiance Daily Target 2x Long STX,BATS,Stock,2026-04-23,,Active
STXS,Stereotaxis Inc,AMEX,Stock,2004-08-12,,Active
STXT,STRIVE TOTAL RETURN BOND ETF ,NYSE,ETF,2023-08-10,,Active
STXU,Leverage Shares 2X Long STX Daily,BATS,Stock,2026-05-12,,Active
STXV,STRIVE 1000 VALUE ETF ,NYSE,ETF,2022-11-10,,Active
STXX,ALPS STOXX EUROPE 600 ETF,BATS,ETF,2016-01-04,,Active
STYL,STYLING TECHNOLOGY CORP,BATS,Stock,2026-05-06,,Active
STZ,Constellation Brands Inc - Class A,NYSE,Stock,1992-03-17,,Active
STZ-B,Constellation Brands Inc - Class B,NYSE,Stock,2002-07-17,,Active
SU,Suncor Energy Inc,NYSE,Stock,1993-12-01,,Active
SUB,ISHARES SHORT-TERM NATIONAL MUNI BOND ETF ,NYSE,ETF,2008-11-07,,Active
SUGP,SU Group Holdings Ltd - Class A,NASDAQ,Stock,2025-08-22,,Active
SUI,Sun Communities Inc,NYSE,Stock,1993-12-09,,Active
SUIG,Sui Group Holdings Ltd,NASDAQ,Stock,2016-03-21,,Active
SUIL,2x Sui,BATS,Stock,2026-05-15,,Active
SUIS,Canary Staked SUI ETF,NASDAQ,ETF,2026-02-18,,Active
SUJA,Suja Life Inc - Class A,NASDAQ,Stock,2026-05-07,,Active
SUMA,SUMA Acquisition Corp - Class A,NASDAQ,Stock,2026-04-20,,Active
SUMAR,SUMA Acquisition Corp,NASDAQ,Stock,2026-04-20,,Active
SUMAU,SUMA Acquisition Corp - Units (1 Ord Cls A & 1 Rts),NASDAQ,Stock,2026-03-11,,Active
SUN,Sunoco LP,NYSE,Stock,2012-09-20,,Active
SUNB,Sunbelt Rentals Holdings Inc,NYSE,Stock,2026-03-02,,Active
SUNC,SunocoCorp LLC.,NYSE,Stock,2025-11-06,,Active
SUNE,SUNation Energy Inc,NASDAQ,Stock,1990-03-26,,Active
SUNS,SLR Senior Investment Corp,NASDAQ,Stock,2011-02-25,,Active
SUNSV,Sunrise Realty Trust Inc,NASDAQ,Stock,2024-07-09,,Active
SUPL,PROSHARES SUPPLY CHAIN LOGISTICS ETF ,NYSE,ETF,2022-04-07,,Active
SUPN,Supernus Pharmaceuticals Inc,NASDAQ,Stock,2012-05-01,,Active
SUPP,TCW TRANSFORM SUPPLY CHAIN ETF ,NASDAQ,ETF,2023-02-15,,Active
SUPV,Grupo Supervielle S.A.,NYSE,Stock,2016-05-19,,Active
SUPX,Super X AI Technology Ltd,NASDAQ,Stock,2024-04-17,,Active
SURE,ADVISORSHARES INSIDER ADVANTAGE ETF ,NYSE,ETF,2011-10-05,,Active
SURF,Surface Oncology Inc,NASDAQ,Stock,2018-04-19,,Active
SURG,Surgepays Inc,NASDAQ,Stock,2005-09-22,,Active
SURI,SIMPLIFY PROPEL OPPORTUNITIES ETF ,NYSE,ETF,2023-02-08,,Active
SUSA,ISHARES ESG OPTIMIZED MSCI USA ETF ,NYSE,ETF,2005-01-28,,Active
SUSB,ISHARES ESG AWARE 1-5 YEAR USD CORPORATE BOND ETF ,NASDAQ,ETF,2017-07-18,,Active
SUSC,ISHARES ESG AWARE USD CORPORATE BOND ETF ,NASDAQ,ETF,2017-07-20,,Active
SUSL,ISHARES ESG MSCI USA LEADERS ETF ,NASDAQ,ETF,2019-05-10,,Active
SUZ,Suzano S.A.,NYSE,Stock,2007-08-16,,Active
SVA,Sinovac Biotech Ltd,NASDAQ,Stock,2003-11-03,,Active
SVAC,,NASDAQ,Stock,2025-09-30,,Active
SVACW,Spring Valley Acquisition Corp III Warrant,NASDAQ,Stock,2025-09-30,,Active
SVAL,ISHARES US SMALL CAP VALUE FACTOR ETF ,BATS,ETF,2020-10-29,,Active
SVAQ,Silicon Valley Acquisition Corp,NASDAQ,Stock,2026-02-12,,Active
SVAQU,Silicon Valley Acquisition Corp - Units (1 Ord Cls A & 1/2 War),NASDAQ,Stock,2025-12-23,,Active
SVAQW,Silicon Valley Acquisition Corp Warrants,NASDAQ,Stock,2026-02-12,,Active
SVC,Service Properties Trust,NASDAQ,Stock,1995-08-17,,Active
SVCC,Stellar V Capital Corp - Class A,NASDAQ,Stock,2025-03-24,,Active
SVCCU,Stellar V Capital Corp - Units (1 Ord Cls A & 1/2 War),NASDAQ,Stock,2025-01-30,,Active
SVCCW,Stellar V Capital Corp - Warrants (13/01/2030),NASDAQ,Stock,2025-03-24,,Active
SVCO,Silvaco Group Inc,NASDAQ,Stock,2024-05-09,,Active
SVFAU,SVF Investment Corp - Units (1 Ord Share Class A & 1/5 War),NASDAQ,Stock,2021-01-08,,Active
SVIV,Spring Valley Acquisition Corp IV - Class A,NASDAQ,Stock,2026-03-02,,Active
SVIVU,Spring Valley Acquisition Corp IV - Units (1 Ord Class A & 1/4 War),NASDAQ,Stock,2026-02-10,,Active
SVIVW,Spring Valley Acquisition Corp IV - Warrants (22/01/2031),NASDAQ,Stock,2026-03-02,,Active
SVIX,1x Short VIX Futures ETF,BATS,ETF,2022-03-30,,Active
SVM,Silvercorp Metals Inc,AMEX,Stock,2005-05-02,,Active
SVMH,SRIVARU Holding Ltd,NASDAQ,Stock,2023-12-08,,Active
SVMHW,SRIVARU Holding Ltd - Warrants (08/12/2028),NASDAQ,Stock,2023-12-11,,Active
SVNAU,7 Acquisition Corp - Units (1 Ord Share Class A & 1/2 War),NASDAQ,Stock,2021-11-05,,Active
SVOL,SIMPLIFY VOLATILITY PREMIUM ETF ,NYSE,ETF,2021-05-13,,Active
SVRA,Savara Inc,NASDAQ,Stock,2004-04-29,,Active
SVRE,SaverOne 2014 Ltd,NASDAQ,Stock,2022-06-03,,Active
SVREW,SaverOne 2014 Ltd - Warrants(04/05/2027),NASDAQ,Stock,2022-06-03,,Active
SVRN,OceanPal Inc,NASDAQ,Stock,2021-11-30,,Active
SVT,Servotronics Inc,NYSE MKT,Stock,1973-05-03,,Active
SVV,Savers Value Village Inc,NYSE,Stock,2023-06-29,,Active
SVXY,ProShares Short VIX Short-Term Futures ETF -1x Shares,BATS,ETF,2011-10-04,,Active
SW,Smurfit WestRock plc,NYSE,Stock,2024-07-08,,Active
SWAG,Stran & Company Inc,NASDAQ,Stock,2021-11-09,,Active
SWAGW,Stran & Company Inc - Warrants (01/11/2026),NASDAQ,Stock,2021-11-09,,Active
SWAN,Amplify BlackSwan Growth & Treasury Core ETF,NYSE,ETF,2018-11-06,,Active
SWBI,Smith & Wesson Brands Inc,NASDAQ,Stock,1999-08-17,,Active
SWEB,AXS Short China Internet ETF,NASDAQ,ETF,2022-05-02,,Active
SWET,Athlon Acquisition Corp - Class A,NASDAQ,Stock,2021-03-05,,Active
SWETU,Athlon Acquisition Corp - Units (1 Ord Class A & 1/2 War),NASDAQ,Stock,2021-01-12,,Active
SWETW,Athlon Acquisition Corp - Warrants (12/01/2026),NASDAQ,Stock,2021-03-05,,Active
SWIM,Latham Group Inc,NASDAQ,Stock,2021-04-23,,Active
SWIN,Solowin Holdings,NASDAQ,Stock,2023-09-07,,Active
SWK,Stanley Black & Decker Inc,NYSE,Stock,1985-07-01,,Active
SWKHL,Swk Holdings Corp,NASDAQ,Stock,2023-10-04,,Active
SWKS,Skyworks Solutions Inc,NASDAQ,Stock,1984-09-07,,Active
SWMR,Swarmer Inc,NASDAQ,Stock,2026-03-17,,Active
SWP,SWP GROWTH & INCOME ETF ,NASDAQ,ETF,2024-09-25,,Active
SWTX,SpringWorks Therapeutics Inc,NASDAQ,Stock,2019-09-13,,Active
SWVL,Swvl Holdings Corp - Class A,NASDAQ,Stock,2022-03-31,,Active
SWVLW,Swvl Holdings Corp - Warrants (31/03/2027),NASDAQ,Stock,2022-04-01,,Active
SWX,Southwest Gas Holdings Inc,NYSE,Stock,1987-12-30,,Active
SWZ,Swiss Helvetia Fund Inc,NYSE,ETF,1988-01-05,,Active
SXC,SunCoke Energy Inc,NYSE,Stock,2011-07-21,,Active
SXI,Standex International Corp,NYSE,Stock,1987-12-30,,Active
SXQG,ETC 6 MERIDIAN QUALITY GROWTH ETF ,NYSE,ETF,2021-05-11,,Active
SXT,Sensient Technologies Corp,NYSE,Stock,1988-01-05,,Active
SXTC,China SXT Pharmaceuticals Inc,NASDAQ,Stock,2019-01-04,,Active
SXTP,60 Degrees Pharmaceuticals Inc,NASDAQ,Stock,2023-07-12,,Active
SXTPW,60 Degrees Pharmaceuticals Inc - Warrants (16/05/2028),NASDAQ,Stock,2023-07-12,,Active
SY,So-Young International Inc,NASDAQ,Stock,2019-05-02,,Active
SYBT,Stock Yards Bancorp Inc,NASDAQ,Stock,1993-03-26,,Active
SYF,Synchrony Financial,NYSE,Stock,2014-07-31,,Active
SYF-P-A,Synchrony Financial,NYSE,Stock,2019-11-07,,Active
SYF-P-B,Synchrony Financial,NYSE,Stock,2024-02-29,,Active
SYFI,AB SHORT DURATION HIGH YIELD ETF ,NYSE,ETF,2024-06-10,,Active
SYK,Stryker Corp,NYSE,Stock,1988-02-01,,Active
SYLD,CAMBRIA SHAREHOLDER YIELD ETF ,BATS,ETF,2013-05-14,,Active
SYM,Symbotic Inc - Class A,NASDAQ,Stock,2021-03-09,,Active
SYNA,Synaptics Inc,NASDAQ,Stock,2002-01-29,,Active
SYNX,Silynxcom Ltd,AMEX,Stock,2024-01-12,,Active
SYPR,Sypris Solutions Inc,NASDAQ,Stock,1994-05-19,,Active
SYRE,Spyre Therapeutics Inc,NASDAQ,Stock,2016-04-07,,Active
SYSB,ISHARES SYSTEMATIC BOND ETF ,BATS,ETF,2015-02-26,,Active
SYY,Sysco Corp,NYSE,Stock,1973-05-08,,Active
SYZ,LAZARD US SYSTEMATIC SMALL CAP EQUITY ETF ,NASDAQ,ETF,2025-09-15,,Active
SZK,ProShares UltraShort Consumer Staples,NYSE,ETF,2007-02-01,,Active
SZZL,Sizzle Acquisition Corp II - Class A,NASDAQ,Stock,2025-05-23,,Active
SZZLR,Sizzle Acquisition Corp II,NASDAQ,Stock,2025-05-23,,Active
SZZLU,Sizzle Acquisition Corp II - Units (1 Ord Cls A & 1 Rts),NASDAQ,Stock,2025-04-02,,Active
T,AT&T Inc,NYSE,Stock,1984-07-19,,Active
T-P-A,AT&T Inc,NYSE,Stock,2019-12-06,,Active
T-P-C,AT&T Inc,NYSE,Stock,2020-02-13,,Active
TABD,Transamerica Bond Active,NYSE,Stock,2025-12-16,,Active
TAC,Transalta Corp,NYSE,Stock,2001-07-31,,Active
TACH,Titan Acquisition Corp - Class A,NASDAQ,Stock,2025-06-02,,Active
TACHU,Titan Acquisition Corp - Units (1 Ord Cls A & 1/2 War),NASDAQ,Stock,2025-04-09,,Active
TACHW,Titan Acquisition Corp - Warrants (16/05/2031),NASDAQ,Stock,2025-06-02,,Active
TACK,FAIRLEAD TACTICAL SECTOR ETF ,NYSE,ETF,2022-03-23,,Active
TACN,T. ROWE PRICE ACTIVE CORE INTERNATIONAL EQUITY ETF ,NYSE,ETF,2025-12-11,,Active
TACO,Berto Acquisition Corp,NASDAQ,Stock,2025-06-05,,Active
TACOU,Berto Acquisition Corp - Units (1 Ord & 1/2 War),NASDAQ,Stock,2025-04-30,,Active
TACOW,Berto Acquisition Corp - Warrants (01/05/2030),NASDAQ,Stock,2025-06-05,,Active
TACT,Transact Technologies Inc,NASDAQ,Stock,1996-08-22,,Active
TACU,T. ROWE PRICE ACTIVE CORE U.S. EQUITY ETF ,NYSE,ETF,2025-12-11,,Active
TAFI,AB TAX-AWARE SHORT DURATION MUNICIPAL ETF ,NYSE,ETF,2022-09-14,,Active
TAFL,AB TAX-AWARE LONG MUNICIPAL ETF ,NYSE,ETF,2023-12-13,,Active
TAFM,AB TAX-AWARE INTERMEDIATE MUNICIPAL ETF ,NYSE,ETF,2023-12-13,,Active
TAGG,T. ROWE PRICE QM U.S. BOND ETF ,NYSE,ETF,2021-09-29,,Active
TAGS,Teucrium Agricultural Fund,NYSE,ETF,2012-03-28,,Active
TAIL,CAMBRIA TAIL RISK ETF ,BATS,ETF,2017-06-13,,Active
TAJX,Corgi India 2x Daily,BATS,Stock,2026-06-03,,Active
TAK,Takeda Pharmaceutical Company,NYSE,Stock,2008-10-27,,Active
TAL,TAL Education Group,NYSE,Stock,2010-10-20,,Active
TALO,Talos Energy Inc,NYSE,Stock,2018-05-10,,Active
TALV,Transamerica Large Value Active,NYSE,Stock,2025-12-16,,Active
TAN,INVESCO SOLAR ETF ,NYSE,ETF,2008-04-15,,Active
TANH,Tantech Holdings Ltd,NASDAQ,Stock,2015-03-24,,Active
TANNI,TravelCenters of America Inc,NASDAQ,Stock,2013-01-22,,Active
TANNL,TravelCenters of America Inc,NASDAQ,Stock,2014-12-19,,Active
TANNZ,TravelCenters of America Inc,NASDAQ,Stock,2015-10-09,,Active
TAOP,Taoping Inc,NASDAQ,Stock,2006-09-12,,Active
TAOX,TAO Synergies Inc,NASDAQ,Stock,2020-12-08,,Active
TAOZ,THORNBURG AMERICAN OPPORTUNITIES FUND ETF CLASS,NASDAQ,ETF,2026-04-01,,Active
TAP,Molson Coors Beverage Company - Class B,NYSE,Stock,1984-09-07,,Active
TAP-A,Molson Coors Beverage Company - Class A,NYSE,Stock,2006-02-27,,Active
TAPR,Barclays Bank PLC,BATS,ETF,2014-07-15,,Active
TARA,Protara Therapeutics Inc,NASDAQ,Stock,2014-10-22,,Active
TARK,TRADR 2X LONG INNOVATION ETF ,NASDAQ,ETF,2022-05-02,,Active
TARS,Tarsus Pharmaceuticals Inc,NASDAQ,Stock,2020-10-16,,Active
TASK,TaskUs Inc Class A,NASDAQ,Stock,2021-06-11,,Active
TATT,TAT Technologies Ltd,NASDAQ,Stock,1993-03-11,,Active
TAVI,Tavia Acquisition Corp,NASDAQ,Stock,2024-12-20,,Active
TAVIR,Tavia Acquisition Corp,NASDAQ,Stock,2024-12-20,,Active
TAVIU,Tavia Acquisition Corp - Units (1 Ord Shs & 1 Rts),NASDAQ,Stock,2024-12-04,,Active
TAWN,Bank of Montreal,BATS,Stock,2026-08-20,,Active
TAX,CAMBRIA TAX AWARE ETF ,NASDAQ,ETF,2012-07-02,,Active
TAXE,T. ROWE PRICE INTERMEDIATE MUNICIPAL INCOME ETF ,NASDAQ,ETF,2024-07-10,,Active
TAXF,AMERICAN CENTURY DIVERSIFIED MUNICIPAL BOND ETF ,NYSE,ETF,2018-09-12,,Active
TAXI,NORTHERN TRUST INTERMEDIATE TAX-EXEMPT BOND ETF ,NASDAQ,ETF,2025-08-19,,Active
TAXM,BondBloxx ETF Trust IRM TaxAware ETF for Massachusetts Residents,NYSE,ETF,2025-03-13,,Active
TAXS,NORTHERN TRUST SHORT-TERM TAX-EXEMPT BOND ETF ,NASDAQ,ETF,2025-08-19,,Active
TAXT,NORTHERN TRUST TAX-EXEMPT BOND ETF ,NASDAQ,ETF,2025-08-19,,Active
TAXX,BONDBLOXX IR+M TAX-AWARE SHORT DURATION ETF ,NYSE,ETF,2024-03-14,,Active
TAYD,Taylor Devices Inc,NASDAQ,Stock,1995-08-18,,Active
TBB,AT&T Inc,NYSE,Stock,2017-11-06,,Active
TBBB,BBB Foods Inc - Class A,NYSE,Stock,2024-02-09,,Active
TBBK,Bancorp Inc (The),NASDAQ,Stock,2004-02-03,,Active
TBC,AT&T Inc,NYSE,Stock,2018-08-08,,Active
TBCH,Turtle Beach Corp,NASDAQ,Stock,2010-10-05,,Active
TBCVU,Thunder Bridge Capital Partners V Ltd - Units (1 Ord Cls A & 1/5 War),NASDAQ,Stock,2026-08-13,,Active
TBF,PROSHARES SHORT 20+ YEAR TREASURY ,NYSE,ETF,2009-08-20,,Active
TBFC,THE BRINSMERE FUND - CONSERVATIVE ETF ,NYSE,ETF,2024-01-16,,Active
TBFG,THE BRINSMERE FUND - GROWTH ETF ,NYSE,ETF,2024-01-16,,Active
TBG,TBG DIVIDEND FOCUS ETF ,NYSE,ETF,2023-11-07,,Active
TBHC,The Brand House Collective Inc Com,NASDAQ,Stock,2025-07-28,,Active
TBI,TrueBlue Inc,NYSE,Stock,1995-02-01,,Active
TBIL,F/M US TREASURY 3 MONTH BILL ETF ,NASDAQ,ETF,2022-08-09,,Active
TBJL,Innovator 20+ Year Treasury Bond 9 Buffer ETF - July,BATS,ETF,2020-08-18,,Active
TBLA,Taboola.com Ltd,NASDAQ,Stock,2021-06-30,,Active
TBLD,Thornburg Income Builder Opportunities Trust,NASDAQ,Stock,2021-07-28,,Active
TBLL,INVESCO SHORT TERM TREASURY ETF ,NYSE,ETF,2017-01-12,,Active
TBLU,TORTOISE GLOBAL WATER ETF ,NYSE,ETF,2017-02-15,,Active
TBMCU,Trailblazer Merger Corp I - Units (1 Ord Class A & 1 Right),NASDAQ,Stock,2023-03-29,,Active
TBN,Tamboran Resources Corp,NYSE,Stock,2024-06-27,,Active
TBPH,Theravance Biopharma Inc,NASDAQ,Stock,2014-05-16,,Active
TBSA,TB SA Acquisition Corp - Class A,NASDAQ,Stock,2021-06-09,,Active
TBSAU,TB SA Acquisition Corp - Units (1 Ord Share Class A & 1/3 War),NASDAQ,Stock,2021-03-23,,Active
TBSAW,TB SA Acquisition Corp - Warrants (01/03/2028),NASDAQ,Stock,2021-05-18,,Active
TBT,PROSHARES ULTRASHORT 20+ YEAR TREASURY ,NYSE,ETF,2008-05-01,,Active
TBUX,T. ROWE PRICE ULTRA SHORT-TERM BOND ETF ,NYSE,ETF,2021-09-29,,Active
TBX,PROSHARES SHORT 7-10 YEAR TREASURY ,NYSE,ETF,2011-04-05,,Active
TBXU,Trust Direxion Daily Biotech Top 5 Bull 2X ETF,NYSE,ETF,2025-10-01,,Active
TC,TuanChe Ltd,NASDAQ,Stock,2018-11-20,,Active
TCAF,T. ROWE PRICE CAPITAL APPRECIATION EQUITY ETF ,NYSE,ETF,2023-06-15,,Active
TCAI,TORTOISE AI INFRASTRUCTURE ETF ,NYSE,ETF,2025-08-05,,Active
TCAL,T. ROWE PRICE CAPITAL APPRECIATION PREMIUM INCOME ETF ,NYSE,ETF,2025-03-27,,Active
TCAN,21SHARES CANTON NETWORK ETF ,NASDAQ,ETF,2026-05-07,,Active
TCBI,Texas Capital Bancshares Inc,NASDAQ,Stock,2003-08-14,,Active
TCBIO,Texas Capital Bancshares Inc,NASDAQ,Stock,2021-02-25,,Active
TCBK,Trico Bancshares,NASDAQ,Stock,1993-04-20,,Active
TCBS,Texas Community Bancshares Inc,NASDAQ,Stock,2021-07-16,,Active
TCBX,Third Coast Bancshares Inc,NYSE,Stock,2021-11-09,,Active
TCDA,,NASDAQ,Stock,2023-01-23,,Active
TCGX,TCGX Acquisition Corp - Class A,NASDAQ,Stock,2026-08-04,,Active
TCHI,ISHARES MSCI CHINA MULTISECTOR TECH ETF ,NASDAQ,ETF,2022-02-01,,Active
TCHP,T. ROWE PRICE BLUE CHIP GROWTH ETF ,NYSE,ETF,2020-08-05,,Active
TCI,Transcontinental Realty Investors Inc,NYSE,Stock,1987-11-05,,Active
TCMD,Tactile Systems Technology Inc,NASDAQ,Stock,2016-07-28,,Active
TCOM,Trip.com Group Ltd,NASDAQ,Stock,2003-12-09,,Active
TCPA,Transcanada Pipelines Ltd,NYSE,Stock,2025-10-15,,Active
TCPB,THRIVENT CORE PLUS BOND ETF ,NYSE,ETF,2025-02-19,,Active
TCPC,BlackRock TCP Capital Corp,NASDAQ,Stock,2012-04-04,,Active
TCRT,Alaunos Therapeutics Inc,NASDAQ,Stock,2005-08-24,,Active
TCRX,Tscan Therapeutics Inc,NASDAQ,Stock,2021-07-16,,Active
TCV,TOWLE VALUE ETF ,NYSE,ETF,2025-07-17,,Active
TCVA,TCV Acquisition Corp - Class A,NASDAQ,Stock,2021-04-14,,Active
TCX,Tucows Inc - Class A,NASDAQ,Stock,1996-04-30,,Active
TD,Toronto Dominion Bank,NYSE,Stock,1996-08-30,,Active
TDAC,Translational Development Acquisition Corp. Ordinary Shares,NASDAQ,Stock,2025-02-13,,Active
TDACU,Translational Development Acquisition Corp - Units (1 Ord Cls A & 1/2 War),NASDAQ,Stock,2024-12-23,,Active
TDACW,Translational Development Acquisition Corp. Warrants,NASDAQ,Stock,2026-05-28,,Active
TDAQ,TAPPALPHA INNOVATION 100 GROWTH & DAILY INCOME ETF ,BATS,ETF,2025-09-04,,Active
TDAX,TDAQ Lift ETF,BATS,ETF,2026-01-07,,Active
TDAY,Gannett Co Inc,NYSE,Stock,2014-02-04,,Active
TDC,Teradata Corp,NYSE,Stock,2007-10-01,,Active
TDCL,GraniteShares 2x Long TDC Daily ETF,NASDAQ,ETF,2026-07-14,,Active
TDEC,FT VEST EMERGING MARKETS BUFFER ETF - DECEMBER ,BATS,ETF,2024-12-23,,Active
TDF,Templeton Dragon Fund Inc,NYSE,ETF,1995-02-15,,Active
TDG,Transdigm Group Incorporated,NYSE,Stock,2006-03-15,,Active
TDI,TOUCHSTONE DYNAMIC INTERNATIONAL ETF ,NASDAQ,ETF,2023-12-11,,Active
TDIC,Dreamland Ltd,NASDAQ,Stock,2025-07-23,,Active
TDIV,FIRST TRUST NASDAQ TECHNOLOGY DIVIDEND INDEX FUND ,NASDAQ,ETF,2012-08-14,,Active
TDOC,Teladoc Health Inc,NYSE,Stock,2015-07-01,,Active
TDOG,21Shares Dogecoin ETF,NASDAQ,ETF,2026-01-22,,Active
TDOT,21shares Polkadot ETF,NASDAQ,ETF,2026-03-06,,Active
TDS,Telephone And Data Systems Inc,NYSE,Stock,1991-09-18,,Active
TDS-P-U,Telephone And Data Systems Inc,NYSE,Stock,2021-02-24,,Active
TDS-P-V,Telephone And Data Systems Inc,NYSE,Stock,2021-08-10,,Active
TDSA,Cabana Target Drawdown 5 ETF,NASDAQ,ETF,2020-09-17,,Active
TDSB,ETC CABANA TARGET BETA ETF ,NASDAQ,ETF,2020-09-17,,Active
TDSC,ETC CABANA TARGET DRAWDOWN 10 ETF ,NASDAQ,ETF,2020-09-17,,Active
TDSD,Cabana Target Drawdown 13 ETF,NASDAQ,ETF,2020-09-17,,Active
TDSE,Cabana Target Drawdown 16 ETF,NASDAQ,ETF,2020-09-17,,Active
TDTF,FLEXSHARES IBOXX 5-YEAR TARGET DURATION TIPS INDEX FUND ,NYSE,ETF,2011-09-22,,Active
TDTH,Trident Digital Tech Holdings Ltd - Class B,NASDAQ,Stock,2026-07-15,,Active
TDTT,FLEXSHARES IBOXX 3-YEAR TARGET DURATION TIPS INDEX FUND ,NYSE,ETF,2011-09-23,,Active
TDUP,ThredUp Inc - Class A,NASDAQ,Stock,2021-03-26,,Active
TDV,PROSHARES S&P TECHNOLOGY DIVIDEND ARISTOCRATS ETF ,BATS,ETF,2019-11-07,,Active
TDVG,T. ROWE PRICE DIVIDEND GROWTH ETF ,NYSE,ETF,2020-08-05,,Active
TDVI,FT VEST TECHNOLOGY DIVIDEND TARGET INCOME ETF ,BATS,ETF,2023-08-10,,Active
TDW,Tidewater Inc - New,NYSE,Stock,1987-12-30,,Active
TDWD,Tailwind 2.0 Acquisition Corp - Class A,NASDAQ,Stock,2025-12-08,,Active
TDWDR,Tailwind 2.0 Acquisition Corp,NASDAQ,Stock,2025-12-08,,Active
TDWDU,Tailwind 2.0 Acquisition Corp - Units (1 Ord Cls A & 1 Rts),NASDAQ,Stock,2025-11-07,,Active
TDY,Teledyne Technologies Inc,NYSE,Stock,1999-11-23,,Active
TE,T1 Energy Inc,NYSE,Stock,2021-07-08,,Active
TE-WS,T1 Energy Inc Wt Exp,NYSE,Stock,2025-03-03,,Active
TEAD,Outbrain Inc,NASDAQ,Stock,2021-07-23,,Active
TEAM,Atlassian Corporation - Class A,NASDAQ,Stock,2015-12-10,,Active
TEC,HARBOR TRANSFORMATIVE TECHNOLOGIES ETF ,NYSE,ETF,2025-04-17,,Active
TECB,ISHARES U.S. TECH BREAKTHROUGH MULTISECTOR ETF ,NYSE,ETF,2020-01-10,,Active
TECH,Bio-Techne Corp,NASDAQ,Stock,1992-12-09,,Active
TECK,Teck Resources Ltd - Class B - Class B (Sub Voting),NYSE,Stock,2002-07-18,,Active
TECL,DIREXION DAILY TECHNOLOGY BULL 3X SHARES ,NYSE,ETF,2008-12-30,,Active
TECS,Direxion Technology Bear 3X ETF,NYSE ARCA,ETF,2008-12-30,,Active
TECX,AvroBio Inc,NASDAQ,Stock,2018-06-21,,Active
TECY,GRANITESHARES YIELDBOOST TECHNOLOGY ETF ,NASDAQ,ETF,2026-05-05,,Active
TEI,Templeton Emerging Markets Income Fund Inc,NYSE,ETF,1994-10-27,,Active
TEK,iShares Technology Opportunities Active ETF,NYSE,ETF,2024-10-22,,Active
TEKX,SPDR GALAXY TRANSFORMATIVE TECH ACCELERATORS ETF ,NASDAQ,ETF,2024-09-10,,Active
TEKY,LAZARD NEXT GEN TECHNOLOGIES ETF ,NASDAQ,ETF,2025-04-07,,Active
TEL,TE Connectivity plc,NYSE,Stock,2007-06-14,,Active
TELA,TELA Bio Inc,NASDAQ,Stock,2019-11-08,,Active
TELG,Leverage Shares 2X Long TEL Daily ETF,BATS,ETF,2026-06-16,,Active
TELO,Telomir Pharmaceuticals Inc,NASDAQ,Stock,2024-02-09,,Active
TEM,Tempus AI Inc - Class A,NASDAQ,Stock,2024-06-14,,Active
TEMC,Corgi TEM 2x Daily ETF,BATS,ETF,2026-07-10,,Active
TEMD,Templeton Emerging Markets Debt,NYSE,Stock,2026-01-22,,Active
TEMR,T. ROWE PRICE EMERGING MARKETS EQUITY RESEARCH ETF ,NYSE,ETF,2026-03-12,,Active
TEMT,TRADR 2X LONG TEM DAILY ETF ,BATS,ETF,2025-05-13,,Active
TEMX,TOUCHSTONE SANDS CAPITAL EMERGING MARKETS EX-CHINA GROWTH ETF ,BATS,ETF,2025-02-26,,Active
TEN,Tsakos Energy Navigation Ltd,NYSE,Stock,2002-03-05,,Active
TEN-P-E,Tsakos Energy Navigation Ltd,NYSE,Stock,2017-04-04,,Active
TEN-P-F,Tsakos Energy Navigation Ltd,NYSE,Stock,2018-06-22,,Active
TENB,Tenable Holdings Inc,NASDAQ,Stock,2018-07-26,,Active
TEND,iShares Large Cap 10 Target Buffer Dec ETF,BATS,ETF,2025-10-08,,Active
TENJ,iShares Large Cap 10 Target Buffer Jun ETF,BATS,ETF,2025-10-22,,Active
TENM,ISHARES LARGE CAP 10% TARGET BUFFER MAR ETF ,BATS,ETF,2025-10-22,,Active
TENX,Tenax Therapeutics Inc,NASDAQ,Stock,1997-01-02,,Active
TEO,Telecom Argentina S.A.,NYSE,Stock,1994-12-09,,Active
TEQI,T. ROWE PRICE EQUITY INCOME ETF ,NYSE,ETF,2020-08-05,,Active
TER,Teradyne Inc,NASDAQ,Stock,1987-03-11,,Active
TERC,Corgi TER 2x Daily ETF,BATS,ETF,2026-07-07,,Active
TERG,Leverage Shares 2X Long TER Daily ETF,NASDAQ,ETF,2025-11-17,,Active
TESC,Corgi TSLA 2x Daily ETF,BATS,ETF,2026-06-30,,Active
TESL,SIMPLIFY VOLT TSLA REVOLUTION ETF ,NYSE,ETF,2020-12-29,,Active
TEST,YIELDMAX(R) TSLA PERFORMANCE & DISTRIBUTION TARGET 25(TM) ETF ,BATS,ETF,2025-11-18,,Active
TETH,21Shares Ethereum Staking ETF,BATS,ETF,2024-07-23,,Active
TEUP,T-REX 2X Long TE Daily Target,BATS,ETF,2026-05-29,,Active
TEVA,Teva- Pharmaceutical Industries Ltd,NYSE,Stock,1990-03-26,,Active
TEX,Terex Corp,NYSE,Stock,1990-03-26,,Active
TEXN,ISHARES TEXAS EQUITY ETF ,NASDAQ,ETF,2025-06-24,,Active
TEXU,Direxion Daily Energy Top 5 Bull 2X ETF,NYSE,ETF,2025-10-01,,Active
TEXX,HORIZON KINETICS TEXAS ETF ,NASDAQ,ETF,2009-10-30,,Active
TFC,Truist Financial Corporation,NYSE,Stock,1990-03-26,,Active
TFC-P-I,Truist Financial Corporation,NYSE,Stock,2019-12-10,,Active
TFC-P-O,Truist Financial Corporation,NYSE,Stock,2020-05-20,,Active
TFC-P-R,Truist Financial Corporation,NYSE,Stock,2020-07-31,,Active
TFFI,CHESAPEAKE TREND-FOLLOWING FIXED INCOME ETF ,NYSE,ETF,2026-02-24,,Active
TFGZ,THORNBURG FOCUS GROWTH FUND ETF CLASS,NASDAQ,ETF,2026-04-01,,Active
TFI,STATE STREET(R) SPDR NUVEEN ICE MUNICIPAL BOND ETF ,NYSE,ETF,2007-09-13,,Active
TFII,TFI International Inc,NYSE,Stock,2008-05-20,,Active
TFIN,Triumph Financial Inc,NYSE,Stock,2014-11-07,,Active
TFIN-P,Triumph Financial Inc Depositary Shares Series C,NYSE,Stock,2025-08-19,,Active
TFINP,Triumph Financial Inc,NYSE,Stock,2020-06-18,,Active
TFJL,Innovator 20+ Year Treasury Bond 5 Floor ETF - July,BATS,ETF,2020-08-18,,Active
TFLO,ISHARES TREASURY FLOATING RATE BOND ETF ,NYSE,ETF,2014-02-04,,Active
TFLR,T. ROWE PRICE FLOATING RATE ETF ,NYSE,ETF,2022-11-17,,Active
TFNS,T. ROWE PRICE FINANCIALS ETF ,NASDAQ,ETF,2025-06-12,,Active
TFPM,Triple Flag Precious Metals Corp,NYSE,Stock,2021-09-30,,Active
TFPN,BLUEPRINT CHESAPEAKE MULTI-ASSET TREND ETF ,NYSE,ETF,2023-07-12,,Active
TFSL,TFS Financial Corporation,NASDAQ,Stock,2007-04-23,,Active
TFX,Teleflex Incorporated,NYSE,Stock,1988-02-18,,Active
TG,Tredegar Corp,NYSE,Stock,1990-01-12,,Active
TGB,Taseko Mines Ltd,AMEX,Stock,1994-06-02,,Active
TGE,Generation Essentials Group - Class A,NYSE,Stock,2025-06-05,,Active
TGE-WS,Generation Essentials Group - Warrants (01/01/9999),AMEX,Stock,2025-06-05,,Active
TGEN,Tecogen Inc,AMEX,Stock,2014-05-20,,Active
TGHL,Growhub Ltd (The) - Class A,NASDAQ,Stock,2025-08-28,,Active
TGI,Triumph Group Inc,NYSE,Stock,1996-10-25,,Active
TGL,Treasure Global Inc,NASDAQ,Stock,2022-08-11,,Active
TGLB,T. ROWE PRICE GLOBAL EQUITY ETF ,NYSE,ETF,2025-06-26,,Active
TGLR,LAFFER|TENGLER EQUITY INCOME ETF ,NYSE,ETF,2023-08-08,,Active
TGLS,Tecnoglass Holdings Inc,NYSE,Stock,2012-05-10,,Active
TGR-WS,Kimbell Tiger Acquisition Corporation Warrants each whole warrant exercisable for one share of Class A common stock at an exercise price of 11.50 per share,NYSE,Stock,2022-03-28,,Active
TGRT,T. ROWE PRICE GROWTH ETF ,NYSE,ETF,2023-06-15,,Active
TGRW,T. ROWE PRICE GROWTH STOCK ETF ,NYSE,ETF,2020-08-05,,Active
TGRZ,China AI Tigers LLM ETF,NASDAQ,ETF,2026-08-26,,Active
TGS,Transportadora de Gas del Sur,NYSE,Stock,1994-11-17,,Active
TGT,Target Corp,NYSE,Stock,1983-04-06,,Active
TGTX,TG Therapeutics Inc,NASDAQ,Stock,2010-05-03,,Active
TH,Target Hospitality Corp - Class A,NASDAQ,Stock,2013-07-25,,Active
THACU,Thrive Acquisition Corp - Units (1 Ord Share Class A & 1/2 War),NASDAQ,Stock,2021-10-21,,Active
THC,Tenet Healthcare Corp,NYSE,Stock,1982-01-04,,Active
THCH,TH International Ltd,NASDAQ,Stock,2022-09-29,,Active
THCHW,TH International Ltd - Warrants (28/09/2027),NASDAQ,Stock,2021-03-09,,Active
THD,ISHARES MSCI THAILAND ETF ,NYSE,ETF,2008-04-01,,Active
THEO,BOA Acquisition Corp II - Class A,NASDAQ,Stock,2026-08-14,,Active
THEOR,BOA Acquisition Corp II,NASDAQ,Stock,2026-08-14,,Active
THEOU,BOA Acquisition Corp II - Units (1 Ord Cls A & 1 Rts),NASDAQ,Stock,2026-08-04,,Active
THEQ,T. ROWE PRICE HEDGED EQUITY ETF ,NYSE,ETF,2025-03-27,,Active
THFF,First Financial Corp - Indiana,NASDAQ,Stock,1992-03-03,,Active
THG,Hanover Insurance Group Inc,NYSE,Stock,1995-10-11,,Active
THH,TryHard Holdings Ltd,NASDAQ,Stock,2025-08-28,,Active
THIR,THOR INDEX ROTATION ETF ,NYSE,ETF,2024-09-24,,Active
THLV,THOR EQUAL WEIGHT LOW VOLATILITY ETF ,NYSE,ETF,2022-09-13,,Active
THM,International Tower Hill Mines Ltd,AMEX,Stock,2007-05-01,,Active
THMR,THOR AdaptiveRisk Dynamic,NYSE,Stock,2026-04-09,,Active
THMZ,LAZARD EQUITY MEGATRENDS ETF ,NASDAQ,ETF,2025-04-07,,Active
THNQ,ROBO GLOBAL(R) ARTIFICIAL INTELLIGENCE ETF ,NYSE,ETF,2020-05-11,,Active
THNR,Amplify Weight Loss Drug & Treatment ETF,NYSE,ETF,2024-05-21,,Active
THO,Thor Industries Inc,NYSE,Stock,1987-12-30,,Active
THOR,THORNBURG PREMIUM INCOME BUILDER ETF ,NASDAQ,ETF,2026-06-23,,Active
THQ,abrdn Healthcare Opportunities Fund,NYSE,ETF,2014-07-29,,Active
THRD,Third Harmonic Bio Inc,NASDAQ,Stock,2022-09-14,,Active
THRM,Gentherm Inc - Class A,NASDAQ,Stock,1993-06-10,,Active
THRN,Thorne Healthtech Inc,NASDAQ,Stock,2021-09-23,,Active
THRO,BlackRock Future U.S. Themes ETF,NYSE,ETF,2021-12-16,,Active
THRV,PROSPERA INCOME ETF ,NASDAQ,ETF,2025-09-30,,Active
THRY,Thryv Holdings Inc,NASDAQ,Stock,2020-10-01,,Active
THTA,SOFI ENHANCED YIELD ETF ,NYSE,ETF,2023-11-15,,Active
THW,abrdn World Healthcare Fund,NYSE,ETF,2015-06-26,,Active
THY,TOEWS AGILITY SHARES DYNAMIC TACTICAL INCOME ETF ,NYSE,ETF,2020-06-25,,Active
THYF,T. ROWE PRICE U.S. HIGH YIELD ETF ,NYSE,ETF,2022-10-26,,Active
THYM,T. ROWE PRICE HIGH INCOME MUNICIPAL ETF ,NASDAQ,ETF,2025-11-20,,Active
THYP,21shares Hyperliquid Staking ETF,NASDAQ,ETF,2026-05-12,,Active
TIC,,NYSE,Stock,2025-02-20,,Active
TIER,T. ROWE PRICE INTERNATIONAL EQUITY RESEARCH ETF ,NYSE,ETF,2015-07-07,,Active
TIGO,Millicom International Cellular S.A.,NASDAQ,Stock,2011-05-31,,Active
TIGR,UP Fintech Holding Ltd,NASDAQ,Stock,2019-03-20,,Active
TIH,The Investment House ETF,NASDAQ,ETF,2026-08-06,,Active
TII,Titan Mining Corp,AMEX,Stock,2018-08-20,,Active
TIIV,AAM TODD INTERNATIONAL INTRINSIC VALUE ETF ,NYSE,ETF,2025-07-25,,Active
TIL,Instil Bio Inc,NASDAQ,Stock,2021-03-19,,Active
TILC,Thrivent International Large Cap ETF,NASDAQ,ETF,2026-06-15,,Active
TILE,Interface Inc,NASDAQ,Stock,1990-03-26,,Active
TILL,TEUCRIUM AGRICULTURAL STRATEGY NO K-1 ETF ,NYSE,ETF,2022-05-17,,Active
TILT,FLEXSHARES MORNINGSTAR US MARKET FACTOR TILT INDEX FUND ,BATS,ETF,2011-09-22,,Active
TIMB,TIM SA,NYSE,Stock,2020-10-16,,Active
TIME,CLOCKWISE U.S. CORE EQUITY ETF ,NYSE,ETF,2024-06-24,,Active
TINS,Templeton International Insights ETF,NYSE,ETF,2025-10-23,,Active
TINT,PROSHARES SMART MATERIALS ETF ,NYSE,ETF,2021-10-27,,Active
TINY,PROSHARES NANOTECHNOLOGY ETF ,NYSE,ETF,2021-10-27,,Active
TIP,ISHARES TIPS BOND ETF ,NYSE,ETF,2003-12-05,,Active
TIPA,NORTHERN TRUST 2030 INFLATION-LINKED DISTRIBUTING LADDER ETF ,NYSE,ETF,2025-08-19,,Active
TIPB,NORTHERN TRUST 2035 INFLATION-LINKED DISTRIBUTING LADDER ETF ,NYSE,ETF,2025-08-19,,Active
TIPC,NORTHERN TRUST 2045 INFLATION-LINKED DISTRIBUTING LADDER ETF ,NYSE,ETF,2025-08-19,,Active
TIPD,NORTHERN TRUST 2055 INFLATION-LINKED DISTRIBUTING LADDER ETF ,NYSE,ETF,2022-04-07,,Active
TIPE,Northern Trust 2031 Inflation-Linked Distributing Ladder ETF,NYSE ARCA,ETF,2026-08-26,,Active
TIPF,Northern Trust 2036 Inflation-Linked Distributing Ladder ETF,NYSE ARCA,ETF,2026-08-26,,Active
TIPG,Northern Trust 2046 Inflation-Linked Distributing Ladder ETF,NYSE ARCA,ETF,2026-08-26,,Active
TIPH,Northern Trust 2056 Inflation-Linked Distributing Ladder ETF,NYSE ARCA,ETF,2026-08-26,,Active
TIPT,Tiptree Inc,NASDAQ,Stock,2010-10-15,,Active
TIPX,STATE STREET(R) SPDR(R) BLOOMBERG 1-10 YEAR TIPS ETF ,NYSE,ETF,2013-05-30,,Active
TIPZ,PIMCO BROAD U.S. TIPS INDEX EXCHANGE-TRADED FUND ,NYSE,ETF,2009-09-09,,Active
TISC,Thrivent International Small Cap ETF,NASDAQ,ETF,2026-06-15,,Active
TISI,Team Inc,NYSE,Stock,1992-03-17,,Active
TITN,Titan Machinery Inc,NASDAQ,Stock,2007-12-13,,Active
TJAN,Innovator Equity Defined Protection ETF 2 Yr to January 2027,BATS,ETF,2025-01-02,,Active
TJGC,TJGC Group Ltd - Class A,NASDAQ,Stock,2026-08-12,,Active
TJUL,Innovator Equity Defined Protection ETF - 2 Yr to July 2025,BATS,ETF,2023-07-18,,Active
TJUN,FT VEST EMERGING MARKETS BUFFER ETF - JUNE ,BATS,ETF,2025-06-23,,Active
TJX,TJX Companies Inc,NYSE,Stock,1988-01-05,,Active
TK,Teekay Corp,NYSE,Stock,1995-07-20,,Active
TKC,Turkcell Iletisim Hizmetleri A.S.,NYSE,Stock,2000-07-11,,Active
TKLF,Yoshitsu Co Ltd,NASDAQ,Stock,2022-01-18,,Active
TKNO,Alpha Teknova Inc,NASDAQ,Stock,2021-06-25,,Active
TKNQ,Amplify Tokenization Technology ETF,NYSE,ETF,2025-12-23,,Active
TKNS,21SHARES ACTIVE CRYPTO ETF ,NASDAQ,ETF,2026-05-14,,Active
TKNZ,T. Rowe Price Active Crypto ETF,NYSE ARCA,ETF,2026-07-16,,Active
TKO,TKO Group Holdings Inc - Class A,NYSE,Stock,2023-09-12,,Active
TKR,Timken Company,NYSE,Stock,1985-07-01,,Active
TLA,GraniteShares Autocallable TSLA ETF,NASDAQ,ETF,2026-02-03,,Active
TLACU,Three Lions Acquisition Corp - Units (1 Ord Shs & 1/2 War),NASDAQ,Stock,2026-09-01,,Active
TLCI,TOUCHSTONE INTERNATIONAL EQUITY ETF ,NYSE,ETF,2025-03-05,,Active
TLDR,THE LADDERED T-BILL ETF ,BATS,ETF,2026-01-21,,Active
TLF,Tandy Leather Factory Inc,NASDAQ,Stock,1993-09-27,,Active
TLH,ISHARES 10-20 YEAR TREASURY BOND ETF ,NYSE,ETF,2007-01-11,,Active
TLIH,Ten League International Holdings Ltd,NASDAQ,Stock,2025-07-08,,Active
TLK,Telkom Indonesia (Persero) Tbk PT,NYSE,Stock,2001-01-02,,Active
TLN,Talen Energy Corp New,NASDAQ,Stock,2023-06-02,,Active
TLNC,Talon Capital Corp - Class A,NASDAQ,Stock,2025-10-08,,Active
TLNCU,Talon Capital Corp - Units (1 Ord Cls A & 1/3 War),NASDAQ,Stock,2025-09-09,,Active
TLNCW,Talon Capital Corp - Warrants (27/08/2030),NASDAQ,Stock,2025-10-08,,Active
TLPH,Talphera Inc,NASDAQ,Stock,2011-02-11,,Active
TLRY,Tilray Brands Inc,NASDAQ,Stock,2018-07-19,,Active
TLS,Telos Corp,NASDAQ,Stock,2020-11-19,,Active
TLSA,Tiziana Life Sciences Ltd,NASDAQ,Stock,2018-11-20,,Active
TLSI,TriSalus Life Sciences Inc,NASDAQ,Stock,2023-08-10,,Active
TLSIW,TriSalus Life Sciences Inc - Warrants (04/08/2028),NASDAQ,Stock,2021-02-08,,Active
TLT,ISHARES 20+ YEAR TREASURY BOND ETF ,NASDAQ,ETF,2002-07-26,,Active
TLTD,FLEXSHARES MORNINGSTAR DEVELOPED MARKETS EX-US FACTOR TILT INDEX FUND ,NYSE,ETF,2012-10-02,,Active
TLTE,FLEXSHARES MORNINGSTAR EMERGING MARKETS FACTOR TILT INDEX FUND ,NYSE,ETF,2012-10-02,,Active
TLTI,NEOS ENHANCED INCOME 20+ YEAR TREASURY BOND ETF ,BATS,ETF,2024-12-11,,Active
TLTM,TRADR 2X LONG TLT MONTHLY ETF ,NASDAQ,ETF,2026-02-06,,Active
TLTP,AMPLIFY TLT U.S. TREASURY 12% OPTION INCOME ETF ,BATS,ETF,2024-10-29,,Active
TLTQ,TRADR 1.75X LONG TLT QUARTERLY ETF ,NASDAQ,ETF,2026-02-06,,Active
TLTW,ISHARES 20+ YEAR TREASURY BOND BUYWRITE STRATEGY ETF ,BATS,ETF,2022-08-22,,Active
TLTX,GLOBAL X TREASURY BOND ENHANCED INCOME ETF ,BATS,ETF,2025-07-16,,Active
TLX,Telix Pharmaceuticals Ltd,NASDAQ,Stock,2024-11-14,,Active
TLYS,Tillys Inc - Class A,NYSE,Stock,2012-05-04,,Active
TM,Toyota Motor Corporation,NYSE,Stock,1976-08-18,,Active
TMAC,Music Acquisition Corporation - Series A,NYSE,Stock,2021-03-26,,Active
TMAC-U,Music Acquisition Corporation - Units (1 Ord Class A & 1/2 War),NYSE,Stock,2021-02-03,,Active
TMAR,FT VEST EMERGING MARKETS BUFFER ETF - MARCH ,BATS,ETF,2025-03-24,,Active
TMAT,MAIN THEMATIC INNOVATION ETF ,BATS,ETF,2021-01-29,,Active
TMB,THORNBURG MULTI SECTOR BOND ETF ,NASDAQ,ETF,2026-05-26,,Active
TMC,TMC the metals company Inc,NASDAQ,Stock,2021-09-10,,Active
TMCI,Treace Medical Concepts Inc,NASDAQ,Stock,2021-04-23,,Active
TMCR,Metals Royalty Co Inc (The),NASDAQ,Stock,2026-04-08,,Active
TMCWW,TMC the metals company Inc - Warrants (09/09/2026),NASDAQ,Stock,2020-06-26,,Active
TMDE,TMD Energy Ltd,AMEX,Stock,2025-04-21,,Active
TMDI,,NASDAQ,Stock,2023-03-09,,Active
TMDV,PROSHARES RUSSELL U.S. DIVIDEND GROWERS ETF PROSHARES RUSSELL US DIVIDEND GROWERS ETF,BATS,ETF,2019-11-07,,Active
TMDX,Transmedics Group Inc,NASDAQ,Stock,2019-05-02,,Active
TME,Tencent Music Entertainment Group,NYSE,Stock,2018-12-12,,Active
TMET,ISHARES TRANSITION-ENABLING METALS ETF ,NASDAQ,ETF,2026-05-28,,Active
TMF,DIREXION DAILY 20+ YEAR TREASURY BULL 3X SHARES ,NYSE,ETF,2009-04-16,,Active
TMFC,MOTLEY FOOL 100 INDEX ETF ,BATS,ETF,2018-01-30,,Active
TMFE,MOTLEY FOOL CAPITAL EFFICIENCY 100 INDEX ETF ,BATS,ETF,2021-12-31,,Active
TMFG,MOTLEY FOOL GLOBAL OPPORTUNITIES ETF ,BATS,ETF,2021-12-13,,Active
TMFM,MOTLEY FOOL MID-CAP GROWTH ETF ,BATS,ETF,2021-12-13,,Active
TMFS,MOTLEY FOOL SMALL-CAP GROWTH ETF ,BATS,ETF,2018-10-30,,Active
TMFX,MOTLEY FOOL NEXT INDEX ETF ,BATS,ETF,2021-12-31,,Active
TMGN,TappAlpha Cboe Magnificent 10 Growth & Daily Income ETF,BATS,ETF,2026-07-15,,Active
TMLP,Tortoise MLP ETF,NYSE,ETF,2025-12-23,,Active
TMNL,T. ROWE PRICE LONG MUNICIPAL INCOME ETF ,NASDAQ,ETF,2025-11-20,,Active
TMNS,T. ROWE PRICE SHORT MUNICIPAL INCOME ETF ,NASDAQ,ETF,2025-11-20,,Active
TMO,Thermo Fisher Scientific Inc,NYSE,Stock,1987-09-01,,Active
TMP,Tompkins Financial Corp,AMEX,Stock,1990-03-28,,Active
TMQ,Trilogy Metals Inc,AMEX,Stock,2012-04-25,,Active
TMSF,T. ROWE PRICE MULTI-SECTOR INCOME ETF ,NASDAQ,ETF,2025-11-20,,Active
TMSL,T. ROWE PRICE SMALL-MID CAP ETF ,NYSE,ETF,2023-06-15,,Active
TMSWW,Teamshares Inc Warrants,NASDAQ,Stock,2026-06-23,,Active
TMTS,Spartacus Acquisition Corp II - Class A,NASDAQ,Stock,2026-04-02,,Active
TMTSU,Spartacus Acquisition Corp II - Units (1 Ord Class A & 1/3War),NASDAQ,Stock,2026-02-11,,Active
TMTSW,Spartacus Acquisition Corp II - Warrants (30/01/2031),NASDAQ,Stock,2026-04-02,,Active
TMUS,T-Mobile US Inc,NASDAQ,Stock,2007-04-19,,Active
TMUSI,TMobile US Inc 5.500 Senior Notes due June 2070,NASDAQ,Stock,2025-08-06,,Active
TMUSL,TMobile US Inc 6.250 Senior Notes due 2069,NASDAQ,Stock,2025-08-06,,Active
TMUSZ,TMobile US Inc 5.500 Senior Notes due March 2070,NASDAQ,Stock,2025-08-06,,Active
TMV,DIREXION DAILY 20+ YEAR TREASURY BEAR 3X SHARES ,NYSE,ETF,2009-04-16,,Active
TMVE,THRIVENT MID CAP VALUE ETF ,NYSE,ETF,2025-11-17,,Active
TMYY,GRANITESHARES YIELDBOOST TSM ETF ,NASDAQ,ETF,2026-04-14,,Active
TNA,DIREXION DAILY SMALL CAP BULL 3X SHARES ,NYSE,ETF,2008-11-19,,Active
TNC,Tennant Company,NYSE,Stock,1992-03-03,,Active
TNDM,Tandem Diabetes Care Inc,NASDAQ,Stock,2013-11-14,,Active
TNET,TriNet Group Inc,NYSE,Stock,2014-03-27,,Active
TNGX,Tango Therapeutics Inc,NASDAQ,Stock,2020-09-03,,Active
TNGY,TORTOISE ENERGY ETF ,NYSE,ETF,2025-06-16,,Active
TNK,Teekay Tankers Ltd - Class A,NYSE,Stock,2007-12-13,,Active
TNL,Travel+Leisure Company,NYSE,Stock,2006-07-19,,Active
TNMG,TNL Mediagene,NASDAQ,Stock,2024-12-05,,Active
TNON,Tenon Medical Inc,NASDAQ,Stock,2022-04-27,,Active
TNONW,Tenon Medical Inc - Warrants (16/06/2028),NASDAQ,Stock,2023-06-15,,Active
TNUK,Tortoise Nuclear Renaissance ETF,NYSE,ETF,2025-12-18,,Active
TNXP,Tonix Pharmaceuticals Holding Corp,NASDAQ,Stock,2012-05-10,,Active
TNXT,T. ROWE PRICE INNOVATION LEADERS ETF ,NASDAQ,ETF,2026-01-29,,Active
TNYA,Tenaya Therapeutics Inc,NASDAQ,Stock,2021-07-30,,Active
TOACU,Talon 1 Acquisition Corp - Units (1 Ord Class A & 1/2 War),NASDAQ,Stock,2021-11-04,,Active
TOAK,TWIN OAK SHORT HORIZON ABSOLUTE RETURN ETF ,NYSE,ETF,2024-08-20,,Active
TOAO,Twin Oak Active Opportunities III,BATS,Stock,2026-04-24,,Active
TOCT,Innovator Equity Defined Protection ETF 2 Yr to October 2027,BATS,ETF,2025-10-01,,Active
TOGA,TREMBLANT GLOBAL ETF ,NYSE,ETF,2024-05-03,,Active
TOK,ISHARES MSCI KOKUSAI ETF ,NYSE,ETF,2007-12-12,,Active
TOL,Toll Brothers Inc,NYSE,Stock,1987-12-30,,Active
TOLL,TEMA DURABLE QUALITY ETF ,BATS,ETF,2023-05-11,,Active
TOLZ,PROSHARES DJ BROOKFIELD GLOBAL INFRASTRUCTURE ETF ,NYSE,ETF,2014-03-27,,Active
TOMZ,TOMI Environmental Solutions Inc,NASDAQ,Stock,2016-01-04,,Active
TONT,Graf Global Corp - Class A,NYSE MKT,Stock,2024-08-16,,Active
TONT-U,Graf Global Corp Units each consisting of one Class A ordinary share and onehalf of one redeemable warrant,AMEX,Stock,2026-07-27,,Active
TONT-WS,Graf Global Corp Warrants each whole warrant exercisable for one Class A ordinary share at an exercise price of 11.50 per share,AMEX,Stock,2026-07-27,,Active
TONTU,Graf Global Corp - Unit (1 Ord Class A & 1/2 War),NYSE MKT,Stock,2024-06-26,,Active
TONTWS,Graf Global Corp - Warrants (31/05/2032),NYSE MKT,Stock,2024-08-16,,Active
TONX,TON Strategy Company Com Par 0.001,NASDAQ,Stock,2025-09-02,,Active
TOON,Kartoon Studios Inc,AMEX,Stock,2014-05-05,,Active
TOP,TOP Financial Group Ltd - Class A,NASDAQ,Stock,2024-10-22,,Active
TOPC,iShares S&P 500 3 Capped ETF,NYSE,ETF,2025-04-16,,Active
TOPP,Toppoint Holdings Inc,AMEX,Stock,2025-01-22,,Active
TOPS,Top Ships Inc,AMEX,Stock,2004-08-02,,Active
TOPT,ISHARES TOP 20 U.S. STOCKS ETF ,NYSE,ETF,2024-10-24,,Active
TOPW,ROUNDHILL TOP WEEKLYPAY ETF ,BATS,ETF,2025-09-04,,Active
TORO,Toro Corp,NASDAQ,Stock,2023-03-03,,Active
TOROV,Toro Corp,NASDAQ,Stock,2023-03-03,,Active
TOS,Twin Oak Strategic Solutions ETF,BATS,ETF,2026-01-28,,Active
TOST,Toast Inc - Class A,NYSE,Stock,2021-09-22,,Active
TOT,LIONSHARES U.S. EQUITY TOTAL RETURN ETF ,NYSE,ETF,2026-05-26,,Active
TOTL,STATE STREET(R) DOUBLELINE(R) TOTAL RETURN TACTICAL ETF ,NYSE,ETF,2015-02-24,,Active
TOTR,T. ROWE PRICE TOTAL RETURN ETF ,NYSE,ETF,2021-09-29,,Active
TOUR,Tuniu Corp,NASDAQ,Stock,2014-05-09,,Active
TOUS,T. ROWE PRICE INTERNATIONAL EQUITY ETF ,NYSE,ETF,2023-06-15,,Active
TOV,JLENS 500 JEWISH ADVOCACY U.S. ETF ,NYSE,ETF,2025-02-27,,Active
TOVX,Theriva Biologics Inc,NYSE MKT,Stock,2006-12-18,,Active
TOWN,Townebank Portsmouth VA,NASDAQ,Stock,1999-05-05,,Active
TOXR,Shares of Beneficial Interest,BATS,Stock,2025-12-11,,Active
TOYO,TOYO Co Ltd,NASDAQ,Stock,2024-07-01,,Active
TP,Ticketplus Ltd,NYSE MKT,Stock,2026-08-07,,Active
TPAY,ROUNDHILL S&P 500 TARGET 10 MANAGED DISTRIBUTION ETF ,BATS,ETF,2026-02-18,,Active
TPB,Turning Point Brands Inc,NYSE,Stock,2016-05-11,,Active
TPC,Tutor Perini Corp,NYSE,Stock,1973-05-03,,Active
TPCS,Techprecision Corp,NASDAQ,Stock,2013-09-18,,Active
TPEI,Bank of Montreal,BATS,Stock,2026-08-20,,Active
TPET,Trio Petroleum Corp,NYSE MKT,Stock,2023-04-18,,Active
TPFC,Timothy Plan Free Cash Flow,NYSE,Stock,2026-05-05,,Active
TPFG,Timothy Plan Free Cash Flow Growth,NYSE,Stock,2026-05-05,,Active
TPFI,Timothy Plan Fixed Income,NYSE,Stock,2026-05-05,,Active
TPG,TPG Inc - Class A,NASDAQ,Stock,2022-01-13,,Active
TPGXL,TPG Operating Group II L.P.,NASDAQ,Stock,2024-03-05,,Active
TPHD,TIMOTHY PLAN HIGH DIVIDEND STOCK ETF ,NYSE,ETF,2019-05-01,,Active
TPIF,TIMOTHY PLAN INTERNATIONAL ETF ,NYSE,ETF,2019-12-03,,Active
TPL,Texas Pacific Land Corporation,NYSE,Stock,1987-12-31,,Active
TPLC,TIMOTHY PLAN US LARGE/MID CAP CORE ETF ,NYSE,ETF,2019-05-01,,Active
TPLS,THORNBURG CORE PLUS BOND ETF ,NASDAQ,ETF,2025-02-05,,Active
TPLX,Corgi TPL 2x Daily,BATS,Stock,2026-06-24,,Active
TPMN,TIMOTHY PLAN MARKET NEUTRAL ETF ,NYSE ARCA,ETF,2023-01-25,,Active
TPOR,DIREXION DAILY TRANSPORTATION BULL 3X SHARES ,NYSE,ETF,2017-05-03,,Active
TPR,Tapestry Inc,NYSE,Stock,2000-10-06,,Active
TPRY,VistaShares Target 15 TEPRTantrum Contrarian Distribution,NYSE,Stock,2026-02-26,,Active
TPSC,TIMOTHY PLAN US SMALL CAP CORE ETF ,NYSE,ETF,2019-12-03,,Active
TPST,Tempest Therapeutics Inc,NASDAQ,Stock,2012-11-12,,Active
TPTA,Terra Property Trust Inc,NYSE,Stock,2021-06-15,,Active
TPTS,Terra Property Trust Inc 7.00 Senior Secured Notes due 2029,NYSE,Stock,2026-06-24,,Active
TPUT,T. Rowe Price Capital Appreciation Market Opportunities ETF,NYSE ARCA,ETF,2026-06-11,,Active
TPVG,TriplePoint Venture Growth BDC Corp,NYSE,Stock,2014-03-06,,Active
TPYP,TORTOISE NORTH AMERICAN PIPELINE ETF ,NYSE,ETF,2015-06-30,,Active
TPZ,TORTOISE ELECTRIFICATION INFRASTRUCTURE ETF ,NYSE,ETF,2009-07-29,,Active
TQQQ,PROSHARES ULTRAPRO QQQ ,NASDAQ,ETF,2010-02-11,,Active
TQQY,GRANITESHARES YIELDBOOST QQQ ETF ,NASDAQ,ETF,2025-02-26,,Active
TR,Tootsie Roll Industries Inc,NYSE,Stock,1987-12-30,,Active
TRAD,TRADESTATION GROUP INC,NYSE,Stock,2026-04-20,,Active
TRAD-R,APEX Tech Acquisition Inc Rights each entitling the holder to receive onefourth 14 of one ordinary share,NYSE,Stock,2026-04-20,,Active
TRAD-U,APEX Tech Acquisition Inc Units each consisting of one Class A ordinary share and one right to receive one sixth 16 of a Class A ordinary share,NYSE,Stock,2026-02-26,,Active
TRAK,DealerTrack Technologies Inc,NYSE,Stock,2005-12-13,,Active
TRAW,Traws Pharma Inc,NASDAQ,Stock,2001-01-02,,Active
TRAX,First Tracks Biotherapeutics Inc,NASDAQ,Stock,2026-04-20,,Active
TRAXV,First Tracks Biotherapeutics Inc,NASDAQ,Stock,2026-04-06,,Active
TRBF,ANGEL OAK TOTAL RETURN ETF ,NASDAQ,ETF,2025-10-07,,Active
TRC,Tejon Ranch Company,NYSE,Stock,1992-03-17,,Active
TRDA,Entrada Therapeutics Inc,NASDAQ,Stock,2021-10-29,,Active
TREE,LendingTree Inc,NASDAQ,Stock,2008-08-12,,Active
TREO,Tactical Resources Corp,NASDAQ,Stock,2026-08-20,,Active
TREX,TREX Co. Inc,NYSE,Stock,1999-04-08,,Active
TRFK,PACER DATA AND DIGITAL REVOLUTION ETF ,NYSE,ETF,2022-06-09,,Active
TRFM,AAM TRANSFORMERS ETF ,NYSE,ETF,2022-07-12,,Active
TRGP,Targa Resources Corp,NYSE,Stock,2010-12-07,,Active
TRGS,TRG Latin America Acquisitions Corp - Class A,NASDAQ,Stock,2026-04-20,,Active
TRGSR,TRG Latin America Acquisitions Corp,NASDAQ,Stock,2026-04-20,,Active
TRGSU,TRG Latin America Acquisitions Corp - Units (1 Ord Class A & 1 Rts),NASDAQ,Stock,2026-02-26,,Active
TRI,Thomson-Reuters Corp,NASDAQ,Stock,2002-06-12,,Active
TRIB,Trinity Biotech Plc,NASDAQ,Stock,1995-08-18,,Active
TRIL,Trillium Therapeutics Inc,NASDAQ,Stock,2005-03-23,,Active
TRIN,Trinity Capital Inc,NASDAQ,Stock,2021-01-29,,Active
TRINI,Trinity Capital Inc 7.875 Notes Due 2029,NYSE,Stock,2026-07-27,,Active
TRINZ,Trinity Capital Inc 7.875 Notes due 2029,NYSE,Stock,2026-07-27,,Active
TRIO,MC TRIO EQUITY BUFFERED ETF ,BATS,ETF,2025-03-06,,Active
TRIP,TripAdvisor Inc,NASDAQ,Stock,2011-12-07,,Active
TRLV,Trulieve Cannabis Corp (Sub Voting),NYSE,Stock,2026-06-10,,Active
TRMB,Trimble Inc,NASDAQ,Stock,1992-03-03,,Active
TRMD,Torm Plc - Class A,NASDAQ,Stock,2018-02-23,,Active
TRMK,Trustmark Corp,NASDAQ,Stock,1992-03-03,,Active
TRN,Trinity Industries Inc,NYSE,Stock,1987-12-30,,Active
TRND,PACER TRENDPILOT FUND OF FUNDS ETF ,NYSE,ETF,2019-05-06,,Active
TRNI,Trinity Capital Inc,NASDAQ,Stock,2024-07-22,,Active
TRNO,Terreno Realty Corp,NYSE,Stock,2010-02-10,,Active
TRNR,Interactive Strength Inc,NASDAQ,Stock,2023-04-28,,Active
TRNS,Transcat Inc,NASDAQ,Stock,1990-03-27,,Active
TRNZ,Trinity Capital Inc,NASDAQ,Stock,2024-03-27,,Active
TRON,Corner Growth Acquisition Corp 2 - Class A,NASDAQ,Stock,2021-08-11,,Active
TROO,TROOPS Inc,NASDAQ,Stock,2008-04-09,,Active
TROT,Invesco MSCI Treasury Duration Rotation,NYSE,Stock,2026-02-25,,Active
TROW,T. Rowe Price Group Inc,NASDAQ,Stock,1989-09-13,,Active
TROX,Tronox Holdings plc - Class A,NYSE,Stock,2010-12-01,,Active
TRP,TC Energy Corporation,NYSE,Stock,1987-12-30,,Active
TRPA,HARTFORD AAA CLO ETF ,BATS,ETF,2025-04-15,,Active
TRS,Trimas Corporation,NASDAQ,Stock,2007-05-18,,Active
TRSG,Tungray Technologies Inc - Class A,NASDAQ,Stock,2024-04-19,,Active
TRST,Trustco Bank Corp,NASDAQ,Stock,1990-03-26,,Active
TRSY,XTRACKERS US 0-1 YEAR TREASURY ETF ,BATS,ETF,2024-10-09,,Active
TRT,Trio-Tech International,AMEX,Stock,1995-04-24,,Active
TRTN-P-A,Triton International Limited 8.50 Series A Cumulative Redeemable Perpetual Preference Shares,NYSE,Stock,2019-03-13,,Active
TRTN-P-B,Triton International Ltd 8 PRF PERPETUAL USD 25 Ser B,NYSE,Stock,2019-06-18,,Active
TRTN-P-C,Triton International Ltd,NYSE,Stock,2019-11-01,,Active
TRTN-P-D,Triton International Ltd,NYSE,Stock,2020-01-17,,Active
TRTN-P-E,Triton International Ltd,NYSE,Stock,2021-08-12,,Active
TRTN-P-F,Triton International Ltd,NYSE,Stock,2025-02-14,,Active
TRTN-P-G,Triton International Ltd,NYSE,Stock,2026-01-16,,Active
TRTX,TPG RE Finance Trust Inc,NYSE,Stock,2017-07-20,,Active
TRTX-P-C,TPG RE Finance Trust Inc,NYSE,Stock,2021-06-08,,Active
TRTY,CAMBRIA TRINITY ETF ,BATS,ETF,2018-09-12,,Active
TRU,TransUnion,NYSE,Stock,2015-06-25,,Active
TRUC,VANECK COMMUNICATION SERVICES TRUSECTOR ETF ,NASDAQ,ETF,2026-02-19,,Active
TRUD,VANECK CONSUMER DISCRETIONARY TRUSECTOR ETF ,NASDAQ,ETF,2025-08-21,,Active
TRUF,VANECK FINANCIALS TRUSECTOR ETF ,NASDAQ,ETF,2026-04-02,,Active
TRUG,TruGolf Holdings Inc - Class A,NASDAQ,Stock,2021-12-02,,Active
TRUH,VANECK HEALTHCARE TRUSECTOR ETF ,NASDAQ,ETF,2026-04-02,,Active
TRUM,VanEck Materials TruSector ETF,NASDAQ,ETF,2026-07-08,,Active
TRUN,VanEck Energy TruSector ETF,NASDAQ,ETF,2026-07-08,,Active
TRUP,Trupanion Inc,NASDAQ,Stock,2014-07-18,,Active
TRUR,VanEck Real Estate TruSector ETF,NASDAQ,ETF,2026-07-08,,Active
TRUT,VANECK TECHNOLOGY TRUSECTOR ETF ,NASDAQ,ETF,2025-08-21,,Active
TRUU,VanEck Utilities TruSector ETF,NASDAQ,ETF,2026-07-08,,Active
TRV,Travelers Companies Inc,NYSE,Stock,1986-07-09,,Active
TRVG,Trivago NV,NASDAQ,Stock,2016-12-16,,Active
TRVI,Trevi Therapeutics Inc,NASDAQ,Stock,2019-05-07,,Active
TRX,TRX Gold Corp,AMEX,Stock,2005-05-12,,Active
TRXS,Canary Staked TRX ETF,BATS,ETF,2026-09-09,,Active
TS,Tenaris S.A.,NYSE,Stock,2002-12-16,,Active
TSAT,Telesat Corp - Class A,NASDAQ,Stock,2021-11-19,,Active
TSBK,Timberland Bancorp Inc,NASDAQ,Stock,1998-01-13,,Active
TSCM,TimesSquare Quality Mid Cap Growth ETF,NASDAQ,ETF,2025-12-30,,Active
TSCO,Tractor Supply Company,NASDAQ,Stock,1994-02-18,,Active
TSCV,THRIVENT SMALL CAP VALUE ETF ,NYSE,ETF,2025-11-17,,Active
TSCZ,T. Rowe Price Securitized Income ETF,NYSE ARCA,ETF,2026-09-03,,Active
TSDD,GRANITESHARES 2X SHORT TSLA DAILY ETF ,NASDAQ,ETF,2023-08-22,,Active
TSEC,TOUCHSTONE SECURITIZED INCOME ETF ,NYSE,ETF,2023-07-19,,Active
TSEG,Leverage Shares 2X Long TSEM Daily ETF,BATS,ETF,2026-06-16,,Active
TSEL,TOUCHSTONE SANDS CAPITAL US SELECT GROWTH ETF ,NASDAQ,ETF,2025-01-03,,Active
TSEM,Tower Semiconductor Ltd,NASDAQ,Stock,1994-10-26,,Active
TSEP,FT VEST EMERGING MARKETS BUFFER ETF - SEPTEMBER ,BATS,ETF,2024-09-23,,Active
TSES,Truth Social American Energy Security ETF,NYSE,ETF,2025-12-30,,Active
TSEU,Tradr 2X Long TSEM Daily ETF,BATS,ETF,2026-07-01,,Active
TSHA,Taysha Gene Therapies Inc,NASDAQ,Stock,2020-09-24,,Active
TSI,TCW Strategic Income Fund Inc,NYSE,ETF,1988-01-05,,Active
TSI-R,TCW Strategic Income Fund Inc Rights expiring March 18 2026 Rights,NYSE,Stock,2026-02-25,,Active
TSI-R-W,TCW Strategic Income Fund Inc Rights expiring March 18 2026 Rights when issued,NYSE,Stock,2026-02-19,,Active
TSIB,Direxion TSLA Defined Income Boost ETF,BATS,ETF,2026-07-29,,Active
TSIBU,Tishman Speyer Innovation Corp II - Units (1 Ord Share Class A & 1/5 War),NASDAQ,Stock,2021-02-12,,Active
TSIBW,Tishman Speyer Innovation Corp II - Warrants (11/02/2026),NASDAQ,Stock,2021-04-06,,Active
TSIC,TROPICAL SPORTSWEAR INTERNATIONAL CORP,NYSE,Stock,2025-12-30,,Active
TSII,REX TSLA GROWTH & INCOME ETF ,BATS,ETF,2025-06-04,,Active
TSL,GRANITESHARES 1.25X LONG TSLA DAILY ETF ,NASDAQ,ETF,2022-08-09,,Active
TSLA,Tesla Inc,NASDAQ,Stock,2010-06-29,,Active
TSLG,LEVERAGE SHARES 2X LONG TSLA DAILY ETF ,NASDAQ,ETF,2024-12-13,,Active
TSLI,GRANITESHARES 1X SHORT TSLA DAILY ETF ,NYSE,ETF,2022-08-09,,Active
TSLL,DIREXION DAILY TSLA BULL 2X SHARES ,NASDAQ,ETF,2022-08-09,,Active
TSLO,LEVERAGE SHARES 2X CAPPED ACCELERATED TSLA MONTHLY ETF ,BATS,ETF,2025-08-13,,Active
TSLP,Kurv Yield Premium Strategy Tesla (TSLA) ETF,BATS,ETF,2023-10-27,,Active
TSLQ,TRADR 2X SHORT TSLA DAILY ETF ,NASDAQ,ETF,2022-07-14,,Active
TSLR,GRANITESHARES 2X LONG TSLA DAILY ETF ,NASDAQ,ETF,2023-08-22,,Active
TSLS,Direxion Daily TSLA Bear 1X Shares,NASDAQ,ETF,2022-08-09,,Active
TSLT,T-REX 2X LONG TESLA DAILY TARGET ETF ,BATS,ETF,2023-10-19,,Active
TSLV,Azoria TSLA Convexity ETF,BATS,ETF,2025-09-30,,Active
TSLW,ROUNDHILL TSLA WEEKLYPAY ETF ,BATS,ETF,2025-06-02,,Active
TSLX,Sixth Street Specialty Lending Inc,NYSE,Stock,2014-03-21,,Active
TSLY,YIELDMAX(R) TSLA OPTION INCOME STRATEGY ETF ,NYSE,ETF,2022-11-23,,Active
TSLZ,T-REX 2X INVERSE TESLA DAILY TARGET ETF ,BATS,ETF,2023-10-19,,Active
TSM,Taiwan Semiconductor Manufacturing,NYSE,Stock,1997-10-09,,Active
TSME,THRIVENT SMALL-MID CAP EQUITY ETF ,NYSE,ETF,2022-10-05,,Active
TSMG,LEVERAGE SHARES 2X LONG TSM DAILY ETF ,NASDAQ,ETF,2025-01-14,,Active
TSMU,T-REX 2X LONG TSM DAILY TARGET ETF ,NASDAQ,ETF,2024-11-12,,Active
TSMX,DIREXION DAILY TSM BULL 2X SHARES ,NASDAQ,ETF,2024-10-03,,Active
TSMY,YIELDMAX(R) TSM OPTION INCOME STRATEGY ETF ,NYSE,ETF,2024-08-21,,Active
TSMZ,DIREXION DAILY TSM BEAR 1X SHARES ,NASDAQ,ETF,2024-10-03,,Active
TSN,Tyson Foods Inc - Class A,NYSE,Stock,1986-07-09,,Active
TSNF,Truth Social American Next Frontiers ETF,NYSE,ETF,2025-12-30,,Active
TSOL,Common shares of beneficial interest,BATS,Stock,2025-11-19,,Active
TSPA,T. ROWE PRICE U.S. EQUITY RESEARCH ETF ,NYSE,ETF,2021-06-09,,Active
TSPX,TWIN OAK ACTIVE OPPORTUNITIES ETF ,BATS,ETF,2025-02-21,,Active
TSPY,TAPPALPHA S&P 500 GROWTH & DAILY INCOME ETF ,NASDAQ,ETF,2024-08-15,,Active
TSQ,Townsquare Media Inc - Class A,NYSE,Stock,2014-07-24,,Active
TSRS,Truth Social American Red State REITs ETF,NYSE,ETF,2025-12-30,,Active
TSSD,Truth Social American Security & Defense ETF,NYSE,ETF,2025-12-30,,Active
TSSI,TSS Inc,NASDAQ,Stock,2010-04-01,,Active
TSUI,21Shares Sui ETF,NASDAQ,ETF,2026-02-24,,Active
TSW,Roundhill TSLA WeeklyPay ETF,AMEX,ETF,2025-02-19,,Active
TSXD,Direxion Daily Semiconductors Top 5 Bear 2X ETF,NYSE,ETF,2025-10-01,,Active
TSXU,Direxion Daily Semiconductors Top 5 Bull 2X ETF,NYSE,ETF,2025-10-01,,Active
TSYW,ROUNDHILL TREASURY BOND WEEKLYPAY ETF ,BATS,ETF,2025-11-13,,Active
TSYX,TSPY Lift ETF,NASDAQ,ETF,2026-01-07,,Active
TSYY,GRANITESHARES YIELDBOOST TSLA ETF ,NASDAQ,ETF,2024-12-18,,Active
TT,Trane Technologies plc - Class A,NYSE,Stock,1985-07-01,,Active
TTAM,Titan America SA,NYSE,Stock,2025-02-07,,Active
TTAN,ServiceTitan Inc - Class A,NASDAQ,Stock,2024-12-12,,Active
TTC,Toro Company,NYSE,Stock,1987-12-30,,Active
TTD,Trade Desk Inc - Class A,NASDAQ,Stock,2016-09-21,,Active
TTDU,T-REX 2X LONG TTD DAILY TARGET ETF ,BATS,ETF,2025-09-17,,Active
TTE,TotalEnergies SE,NYSE,Stock,2007-07-13,,Active
TTEC,TTEC Holdings Inc,NASDAQ,Stock,1996-08-01,,Active
TTEK,Tetra Tech Inc,NASDAQ,Stock,1991-12-17,,Active
TTEQ,T. ROWE PRICE TECHNOLOGY ETF ,NASDAQ,ETF,2024-10-24,,Active
TTGT,Techtarget Inc,NASDAQ,Stock,2024-12-03,,Active
TTI,Tetra Technologies Inc,NYSE,Stock,1990-04-03,,Active
TTMI,TTM Technologies Inc,NASDAQ,Stock,2000-09-25,,Active
TTMX,Tradr 2X Long TTMI Daily ETF,BATS,ETF,2026-07-01,,Active
TTOP,21SHARES FTSE CRYPTO 10 INDEX ETF ,NYSE,ETF,2025-11-13,,Active
TTP,Tortoise Pipeline & Energy Fund Inc,NYSE,ETF,2011-10-27,,Active
TTRX,Turn Therapeutics Inc,NASDAQ,Stock,2025-10-08,,Active
TTT,ProShares UltraPro Short 20+ Year Treasury -3x Shares,NYSE,ETF,2012-03-29,,Active
TTWO,Take-Two Interactive Software Inc,NASDAQ,Stock,1997-04-15,,Active
TTXD,Direxion Daily Technology Top 5 Bear 2X ETF,NYSE,ETF,2025-10-01,,Active
TTXU,Direxion Daily Technology Top 5 Bull 2X ETF,NYSE,ETF,2025-10-01,,Active
TU,Telus Corp,NYSE,Stock,1996-06-11,,Active
TUA,SIMPLIFY SHORT TERM TREASURY FUTURES STRATEGY ETF ,NYSE,ETF,2022-11-15,,Active
TUG,STF TACTICAL GROWTH ETF ,NASDAQ,ETF,2022-05-19,,Active
TULP,Bloomia Holdings Inc,NASDAQ,Stock,1993-03-18,,Active
TUNE,Clouty Tune ETF,NYSE ARCA,ETF,2023-06-22,,Active
TUR,ISHARES MSCI TURKEY ETF ,NASDAQ,ETF,2008-03-28,,Active
TURB,Turbo Energy S.A.,NASDAQ,Stock,2023-09-22,,Active
TURF,T. ROWE PRICE NATURAL RESOURCES ETF ,NASDAQ,ETF,2025-06-12,,Active
TUSB,THRIVENT ULTRA SHORT BOND ETF ,NYSE,ETF,2025-02-19,,Active
TUSI,TOUCHSTONE ULTRA SHORT INCOME ETF ,BATS,ETF,2022-08-08,,Active
TUSK,Mammoth Energy Services Inc,NASDAQ,Stock,2016-10-14,,Active
TUYA,Tuya Inc,NYSE,Stock,2021-03-18,,Active
TV,Grupo Televisa SAB,NYSE,Stock,1993-12-14,,Active
TVA,Texas Ventures Acquisition III Corp - Class A,NASDAQ,Stock,2025-05-16,,Active
TVACU,Texas Ventures Acquisition III Corp - Units (1 Ord Cls A & 1/2 War),NASDAQ,Stock,2025-04-23,,Active
TVACW,Texas Ventures Acquisition III Corp - Warrants (23/04/2030),NASDAQ,Stock,2025-05-16,,Active
TVAI,Thayer Ventures Acquisition Corporation II,NASDAQ,Stock,2025-07-02,,Active
TVAIR,Thayer Ventures Acquisition Corporation II Rights,NASDAQ,Stock,2025-07-02,,Active
TVAIU,Thayer Ventures Acquisition Corp II - Units (1 Ord Cls A & 1 Rts),NASDAQ,Stock,2025-05-15,,Active
TVAL,T. ROWE PRICE VALUE ETF ,NYSE,ETF,2023-06-15,,Active
TVC,Tennessee Valley Authority,NYSE,Stock,1998-10-14,,Active
TVE,Tennessee Valley Authority,NYSE,Stock,1999-05-19,,Active
TVGN,Tevogen Inc,NASDAQ,Stock,2024-02-15,,Active
TVGNW,Tevogen Inc - Warrants (14/02/2029),NASDAQ,Stock,2022-01-03,,Active
TVIV,Texas Ventures Acquisition IV Corp - Class A,NASDAQ,Stock,2026-07-13,,Active
TVIVU,Texas Ventures Acquisition IV Corp - Units (1 Ord Cls A & 1/2 War),NASDAQ,Stock,2026-06-18,,Active
TVIVW,Texas Ventures Acquisition IV Corp - Warrants (31/12/2032),NASDAQ,Stock,2026-07-13,,Active
TVRD,Cara Therapeutics Inc,NASDAQ,Stock,2014-01-31,,Active
TVTX,Travere Therapeutics Inc,NASDAQ,Stock,2012-11-08,,Active
TW,Tradeweb Markets Inc Cls A,NASDAQ,Stock,2019-04-04,,Active
TWAV,Oblong Inc,NASDAQ,Stock,1995-06-19,,Active
TWCB,Bilander Acquisition Corp - Class A,NASDAQ,Stock,2021-09-13,,Active
TWCBU,Bilander Acquisition Corp - Units (1 Ord Share Class A & 1/4 War),NASDAQ,Stock,2021-07-16,,Active
TWCBW,Bilander Acquisition Corp - Warrants (19/05/2026),NASDAQ,Stock,2021-09-13,,Active
TWFG,TWFG Inc - Class A,NASDAQ,Stock,2024-07-18,,Active
TWG,Top Wealth Group Holding Ltd,NASDAQ,Stock,2024-04-16,,Active
TWI,Titan International Inc,NYSE,Stock,1993-05-20,,Active
TWIN,Twin Disc Incorporated,NASDAQ,Stock,1987-12-31,,Active
TWKS,Thoughtworks Holding Inc,NASDAQ,Stock,2021-09-15,,Active
TWLO,Twilio Inc Class A,NYSE,Stock,2016-06-23,,Active
TWLV,Twelve Seas Investment Company III - Class A,NASDAQ,Stock,2026-01-09,,Active
TWLVR,Twelve Seas Investment Company III,NASDAQ,Stock,2026-01-09,,Active
TWLVU,Twelve Seas Investment Company III - Units (1 Ord Cls A & 1 Rts),NASDAQ,Stock,2025-12-12,,Active
TWM,ProShares UltraShort Russell2000 -2x Shares,NYSE,ETF,2007-01-25,,Active
TWN,Taiwan Fund Inc,NYSE,ETF,1989-06-30,,Active
TWNPV,Twin Hospitality Group Inc,NASDAQ,Stock,2025-01-28,,Active
TWO-P-A,Two Harbors Investment Corp,NYSE,Stock,2017-03-17,,Active
TWO-P-B,Two Harbors Investment Corp,NYSE,Stock,2017-07-13,,Active
TWO-P-C,Two Harbors Investment Corp,NYSE,Stock,2017-11-17,,Active
TWOD,Two Harbors Investment Corp,NYSE,Stock,2025-05-16,,Active
TWOU,2U Inc,NASDAQ,Stock,2026-02-06,,Active
TWOX,ISHARES LARGE CAP ACCELERATED OUTCOME ETF ,BATS,ETF,2025-01-16,,Active
TWSC,Corgi TSM 2x Daily ETF,BATS,ETF,2026-06-30,,Active
TWST,Twist Bioscience Corp,NASDAQ,Stock,2018-10-31,,Active
TX,Ternium S.A.,NYSE,Stock,2006-02-01,,Active
TXBC,21SHARES FTSE CRYPTO 10 EX-BTC INDEX ETF ,NYSE,ETF,2025-11-13,,Active
TXG,10x Genomics Inc - Class A,NASDAQ,Stock,2019-09-12,,Active
TXMD,TherapeuticsMD Inc,NASDAQ,Stock,2003-12-11,,Active
TXN,Texas Instruments Inc,NASDAQ,Stock,1972-06-01,,Active
TXNM,PNM Resources Inc,NYSE,Stock,1984-08-10,,Active
TXNU,Direxion Daily TXN Bull 2X,NYSE,ETF,2026-03-25,,Active
TXO,TXO Partners L.P.,NYSE,Stock,2023-01-27,,Active
TXRH,Texas Roadhouse Inc,NASDAQ,Stock,2004-10-05,,Active
TXS,Texas Capital Texas Equity Index ETF,NYSE,ETF,2023-07-13,,Active
TXT,Textron Inc,NYSE,Stock,1984-10-24,,Active
TXUE,THORNBURG INTERNATIONAL EQUITY ETF ,NASDAQ,ETF,2025-01-22,,Active
TXUG,THORNBURG INTERNATIONAL GROWTH ETF ,NASDAQ,ETF,2025-01-23,,Active
TXXD,21SHARES 2X LONG DOGECOIN ETF ,NASDAQ,ETF,2025-11-20,,Active
TXXH,21SHARES 2X LONG HYPE ETF ,NASDAQ,ETF,2026-04-30,,Active
TXXI,BondBloxx ETF Trust IRM TaxAware Intermediate Duration,NYSE,ETF,2025-03-13,,Active
TXXS,21SHARES 2X LONG SUI ETF ,NASDAQ,ETF,2025-12-04,,Active
TY,Tri-Continental Corp,NYSE,ETF,1983-04-06,,Active
TY-P,Tri-Continental Corp,NYSE,Stock,2014-09-22,,Active
TYA,SIMPLIFY INTERMEDIATE TERM TREASURY FUTURES STRATEGY ETF ,BATS,ETF,2021-09-28,,Active
TYD,DIREXION DAILY 7-10 YEAR TREASURY BULL 3X SHARES ,NYSE,ETF,2009-04-16,,Active
TYG,Tortoise Energy Infrastructure Corp,NYSE,ETF,2004-02-25,,Active
TYG-R,Tortoise Energy Infrastructure Corporation Rights expiring June 17 2026 Rights,NYSE,Stock,2026-05-21,,Active
TYG-R-W,Tortoise Energy Infrastructure Corporation Rights expiring June 17 2026 Rights when issued,NYSE,Stock,2026-05-19,,Active
TYGO,Tigo Energy Inc,NASDAQ,Stock,2021-09-03,,Active
TYL,Tyler Technologies Inc,NYSE,Stock,1987-12-30,,Active
TYLD,CAMBRIA TACTICAL YIELD ETF ,BATS,ETF,2024-01-04,,Active
TYLG,GLOBAL X INFORMATION TECHNOLOGY COVERED CALL & GROWTH ETF ,NYSE,ETF,2022-11-22,,Active
TYO,DIREXION DAILY 7-10 YEAR TREASURY BEAR 3X SHARES ,NYSE,ETF,2009-04-16,,Active
TYRA,Tyra Biosciences Inc,NASDAQ,Stock,2021-09-15,,Active
TYYY,XETFS TSLA DAILY INCOME ETF ,NYSE,ETF,2026-05-15,,Active
TZA,Direxion Small Cap Bear 3X ETF,NYSE ARCA,ETF,2008-11-19,,Active
TZOO,Travelzoo,NASDAQ,Stock,2002-08-28,,Active
U,Unity Software Inc,NYSE,Stock,2020-09-18,,Active
UA,Under Armour Inc - Class C,NYSE,Stock,2016-04-07,,Active
UAA,Under Armour Inc - Class A,NYSE,Stock,2005-11-18,,Active
UAC,United Acquisition Corp I Class A,AMEX,Stock,2026-02-18,,Active
UAC-U,United Acquisition Corp I Units each consisting of one Class A ordinary share and onequarter of one redeemable warrant,AMEX,Stock,2026-01-29,,Active
UAC-WS,United Acquisition Corp I Warrants each whole warrant exercisable for one Class A ordinary share at an exercise price of 11.50,AMEX,Stock,2026-02-18,,Active
UAE,ISHARES MSCI UAE ETF ,NASDAQ,ETF,2014-05-01,,Active
UAL,United Airlines Holdings Inc,NASDAQ,Stock,2006-02-06,,Active
UAMY,United States Antimony Corp,NYSE,Stock,2000-02-24,,Active
UAN,CVR Partners LP,NYSE,Stock,2011-04-08,,Active
UAPR,Innovator U.S. Equity Ultra Buffer ETF - April,BATS,ETF,2019-04-01,,Active
UAUG,Innovator U.S. Equity Ultra Buffer ETF - August,BATS,ETF,2019-08-01,,Active
UAVS,AgEagle Aerial Systems Inc,AMEX,Stock,2018-03-26,,Active
UBCP,United Bancorp Inc (Martins Ferry OH),NASDAQ,Stock,1995-08-18,,Active
UBER,Uber Technologies Inc,NYSE,Stock,2019-05-10,,Active
UBEW,ROUNDHILL UBER WEEKLYPAY ETF ,BATS,ETF,2025-10-23,,Active
UBFO,United Security Bancshares (CA),NASDAQ,Stock,1999-03-03,,Active
UBR,PROSHARES ULTRA MSCI BRAZIL CAPPED ,NYSE,ETF,2010-05-07,,Active
UBRL,GRANITESHARES 2X LONG UBER DAILY ETF ,NASDAQ,ETF,2024-09-04,,Active
UBS,UBS Group AG,NYSE,Stock,2014-11-21,,Active
UBSI,United Bankshares Inc,NASDAQ,Stock,1990-03-26,,Active
UBT,PROSHARES ULTRA 20+ YEAR TREASURY ,NYSE,ETF,2010-01-21,,Active
UBXG,U-BX Technology Ltd,NASDAQ,Stock,2024-03-28,,Active
UCAR,U Power Ltd - Class A,NASDAQ,Stock,2024-08-30,,Active
UCB,United Community Banks Inc,NYSE,Stock,2002-03-18,,Active
UCBG,State Street SPDR UC Investments 90/10 Endowment Strategy Index ETF,NYSE ARCA,ETF,2026-09-02,,Active
UCBI,,NASDAQ,Stock,2024-07-29,,Active
UCC,PROSHARES ULTRA CONSUMER DISCRETIONARY ,NYSE,ETF,2007-02-02,,Active
UCFI,CN Healthy Food Tech Group Corp,NASDAQ,Stock,2024-02-16,,Active
UCFIW,CN Healthy Food Tech Group Corp - Warrants (30/09/2030),NASDAQ,Stock,2024-02-16,,Active
UCIB,UBS AG London Branch,NYSE,ETF,2015-10-09,,Active
UCL,Ucloudlink Group Inc,NASDAQ,Stock,2020-06-10,,Active
UCO,ProShares Ultra Bloomberg Crude Oil 2x Shares,NYSE,ETF,2008-11-25,,Active
UCON,FIRST TRUST TCW UNCONSTRAINED PLUS BOND ETF ,NYSE,ETF,2018-06-05,,Active
UCOP,PROSHARES ULTRA COPPER K-1 FREE ETF ,NYSE,Stock,2026-04-21,,Active
UCTT,Ultra Clean Hldgs Inc,NASDAQ,Stock,2004-03-25,,Active
UCTX,Corgi UCTT 2x Daily ETF,BATS,ETF,2026-06-30,,Active
UCYB,PROSHARES ULTRA NASDAQ CYBERSECURITY ,NASDAQ,ETF,2021-01-21,,Active
UDEC,Innovator U.S. Equity Ultra Buffer ETF - December,BATS,ETF,2019-12-02,,Active
UDI,USCF DIVIDEND INCOME FUND ,NYSE,ETF,2022-06-08,,Active
UDIV,FRANKLIN U.S. CORE DIVIDEND TILT INDEX ETF ,NYSE,ETF,2016-06-03,,Active
UDN,Invesco DB US Dollar Index Bearish Fund -1x Shares,NYSE,ETF,2007-03-01,,Active
UDOW,PROSHARES ULTRAPRO DOW30 ,NYSE,ETF,2010-02-11,,Active
UDR,UDR Inc,NYSE,Stock,1990-03-07,,Active
UE,Urban Edge Properties,NYSE,Stock,2015-01-16,,Active
UEC,Uranium Energy Corp,AMEX,Stock,2007-04-05,,Active
UECG,Leverage Shares 2x Long UEC Daily ETF,NASDAQ,ETF,2026-02-10,,Active
UEIC,Universal Electronics Inc,NASDAQ,Stock,1993-02-12,,Active
UEVM,VICTORYSHARES EMERGING MARKETS VALUE MOMENTUM ETF FORMERLY VICTORYSHARES USAA MSCI EMERGING MARKETS VALUE MOMENTUM ETF ,NASDAQ,ETF,2017-10-26,,Active
UFCS,United Fire Group Inc,NASDAQ,Stock,1990-03-26,,Active
UFEB,Innovator U.S. Equity Ultra Buffer ETF - February,BATS,ETF,2020-02-03,,Active
UFG,Uni Fuels Holdings Ltd - Class A,NASDAQ,Stock,2025-01-14,,Active
UFI,UNIFI Inc,NYSE,Stock,1990-03-26,,Active
UFIV,F/M US TREASURY 5 YEAR NOTE ETF ,NASDAQ,ETF,2023-03-28,,Active
UFO,PROCURE SPACE ETF ,NASDAQ,ETF,2019-04-11,,Active
UFOD,TUTTLE CAPITAL UFO DISCLOSURE ETF ,BATS,ETF,2026-02-05,,Active
UFOX,Defiance Connective Technologies ETF,NASDAQ,ETF,2019-03-05,,Active
UFPI,UFP Industries Inc,NASDAQ,Stock,1993-11-10,,Active
UFPT,UFP Technologies Inc,NASDAQ,Stock,1993-12-17,,Active
UG,United-Guardian Inc,NASDAQ,Stock,1992-03-17,,Active
UGA,United States Gasoline Fund LP,NYSE,ETF,2008-02-28,,Active
UGE,PROSHARES ULTRA CONSUMER STAPLES ,NYSE,ETF,2007-02-01,,Active
UGI,UGI Corp,NYSE,Stock,1988-01-05,,Active
UGL,ProShares Ultra Gold 2x Shares,NYSE,ETF,2008-12-03,,Active
UGLD,DIREXION DAILY GOLD BULL 2X ETF ,NYSE,ETF,2026-05-28,,Active
UGP,Ultrapar Participacoes S.A.,NYSE,Stock,1999-10-07,,Active
UHAL,U-Haul Holding Company,NYSE,Stock,1994-11-04,,Active
UHAL-B,U-Haul Holding Company - Series N,NYSE,Stock,2022-11-10,,Active
UHS,Universal Health Services Inc - Class B,NYSE,Stock,1990-03-26,,Active
UHT,Universal Health Realty Income Trust,NYSE,Stock,1987-11-05,,Active
UI,Ubiquiti Inc,NYSE,Stock,2011-10-14,,Active
UIS,Unisys Corp,NYSE,Stock,1972-06-01,,Active
UITB,VICTORYSHARES CORE INTERMEDIATE BOND ETF FORMERLY VICTORYSHARES USAA CORE INTERMEDIATE-TERM BOND ETF VICTORYSHARES CORE INTERMEDIATE BOND ETF,NASDAQ,ETF,2017-10-26,,Active
UIVM,VICTORYSHARES INTERNATIONAL VALUE MOMENTUM ETF FORMERLY VICTORYSHARES USAA MSCI INTERNATIONAL VALUE MOMENTUM ETF ,NASDAQ,ETF,2017-10-26,,Active
UJAN,Innovator U.S. Equity Ultra Buffer ETF - January,BATS,ETF,2019-01-02,,Active
UJB,PROSHARES ULTRA HIGH YIELD ,NYSE,ETF,2011-04-14,,Active
UJUL,Innovator U.S. Equity Ultra Buffer ETF - July,BATS,ETF,2018-08-08,,Active
UJUN,Innovator U.S. Equity Ultra Buffer ETF - June,BATS,ETF,2019-06-03,,Active
UK,Ucommune International Ltd - Class A,NASDAQ,Stock,2020-11-18,,Active
UKOMW,Ucommune International Ltd - Warrants (18/11/2025),NASDAQ,Stock,2020-11-18,,Active
UL,Unilever plc,NYSE,Stock,1988-01-04,,Active
ULBI,Ultralife Corp,NASDAQ,Stock,1992-12-23,,Active
ULCC,Frontier Group Holdings Inc,NASDAQ,Stock,2021-04-01,,Active
ULE,ProShares Ultra Euro 2x Shares,NYSE,ETF,2008-11-25,,Active
ULH,Universal Logistics Holdings Inc,NASDAQ,Stock,2016-05-02,,Active
ULS,UL Solutions Inc - Class A,NYSE,Stock,2024-04-12,,Active
ULST,STATE STREET(R) ULTRA SHORT TERM BOND ETF ,NYSE,ETF,2013-10-10,,Active
ULTA,Ulta Beauty Inc,NASDAQ,Stock,2007-10-25,,Active
ULTI,REX IncomeMax Option Strategy ETF,NASDAQ,ETF,2025-10-31,,Active
ULTY,YIELDMAX(R) ULTRA OPTION INCOME STRATEGY ETF ,NYSE,ETF,2024-02-29,,Active
ULVM,VICTORYSHARES US VALUE MOMENTUM ETF FORMERLY VICTORYSHARES USAA MSCI USA VALUE MOMENTUM ETF ,NASDAQ,ETF,2017-10-26,,Active
UMAC,Unusual Machines Inc,AMEX,Stock,2024-02-14,,Active
UMAL,Defiance Daily Target 2X Long UMAC,BATS,Stock,2026-06-18,,Active
UMAR,Innovator U.S. Equity Ultra Buffer ETF - March,BATS,ETF,2020-03-02,,Active
UMAY,Innovator U.S. Equity Ultra Buffer ETF - May,BATS,ETF,2020-05-01,,Active
UMBF,UMB Financial Corp,NASDAQ,Stock,1990-03-27,,Active
UMBFO,UMB Financial Corp,NASDAQ,Stock,2025-06-13,,Active
UMBFP,UMB Financial Corporation Depositary Shares each representing a 1400th of 7.00 FixedRate Reset NonCumulative Perpetual Preferred Stock,NASDAQ,Stock,2025-02-04,,Active
UMC,United Micro Electronics,NYSE,Stock,2000-09-19,,Active
UMCU,Tradr 2X Long UMC Daily ETF,BATS,ETF,2026-08-11,,Active
UMCX,Corgi UMC 2x Daily,BATS,Stock,2026-06-24,,Active
UMDD,PROSHARES ULTRAPRO MIDCAP400 ,NYSE,ETF,2010-02-11,,Active
UMH,UMH Properties Inc,NYSE,Stock,1993-12-06,,Active
UMH-P-D,UMH Properties Inc,NYSE,Stock,2018-01-18,,Active
UMI,USCF MIDSTREAM ENERGY INCOME FUND ,NYSE,ETF,2017-11-30,,Active
UMMA,WAHED DOW JONES ISLAMIC WORLD ETF ,NASDAQ,ETF,2022-01-07,,Active
UN,Corgi UNH 2x Daily ETF,BATS,ETF,2026-07-07,,Active
UNAMQ,Unico American Corp,NASDAQ,Stock,1990-03-26,,Active
UNB,Union Bankshares Inc,NASDAQ,Stock,1999-08-09,,Active
UNCY,Unicycive Therapeutics Inc,NASDAQ,Stock,2021-07-12,,Active
UNF,Unifirst Corp,NYSE,Stock,1988-01-05,,Active
UNFI,United Natural Foods Inc,NYSE,Stock,1996-11-01,,Active
UNG,United States Natural Gas Fund,NYSE,ETF,2007-04-18,,Active
UNH,Unitedhealth Group Inc,NYSE,Stock,1990-03-26,,Active
UNHG,LEVERAGE SHARES 2X LONG UNH DAILY ETF ,NASDAQ,ETF,2025-07-22,,Active
UNHU,Direxion Daily UNH Bull 2X,NYSE,ETF,2026-03-25,,Active
UNHW,ROUNDHILL UNH WEEKLYPAYTM ETF ,BATS,ETF,2025-12-03,,Active
UNIT,Uniti Group Inc,NASDAQ,Stock,2015-04-20,,Active
UNIY,WISDOMTREE VOYA YIELD ENHANCED USD UNIVERSAL BOND FUND ,NASDAQ,ETF,2023-02-07,,Active
UNL,United States 12 Month Natural Gas Fund,NYSE,ETF,2010-01-04,,Active
UNM,Unum Group,NYSE,Stock,1986-11-06,,Active
UNMA,Unum Group 6250 Junior Subordinated Notes due 2058,NYSE,Stock,2018-06-19,,Active
UNOV,Innovator U.S. Equity Ultra Buffer ETF - November,BATS,ETF,2019-11-01,,Active
UNP,Union Pacific Corp,NYSE,Stock,1980-01-02,,Active
UNTY,Unity Bancorp Inc,NASDAQ,Stock,1997-01-14,,Active
UNX,TRADR 2X LONG U DAILY ETF ,BATS,ETF,2025-09-16,,Active
UOCT,Innovator U.S. Equity Ultra Buffer ETF - October,BATS,ETF,2018-10-01,,Active
UONE,Urban One Inc - Class A,NASDAQ,Stock,1999-05-06,,Active
UONEK,Urban One Inc - Class D,NASDAQ,Stock,2000-06-07,,Active
UP,Wheels Up Experience Inc - Class A,NYSE,Stock,2020-11-13,,Active
UPAL,PROSHARES ULTRA PALLADIUM K-1 FREE ETF ,NYSE,Stock,2026-04-21,,Active
UPAR,UPAR ULTRA RISK PARITY ETF ,NYSE,ETF,2022-01-04,,Active
UPB,Upstream Bio Inc,NASDAQ,Stock,2024-10-11,,Active
UPBD,Upbound Group Inc,NASDAQ,Stock,1995-01-25,,Active
UPC,Universe Pharmaceuticals Inc,NASDAQ,Stock,2021-03-23,,Active
UPGD,INVESCO BLOOMBERG ANALYST RATING IMPROVERS ETF ,NYSE,ETF,2006-05-19,,Active
UPGR,XTRACKERS US GREEN INFRASTRUCTURE SELECT EQUITY ETF ,NASDAQ,ETF,2023-07-13,,Active
UPLD,Upland Software Inc,NASDAQ,Stock,2014-11-06,,Active
UPLT,PROSHARES ULTRA PLATINUM K-1 FREE ETF ,NYSE,Stock,2026-04-21,,Active
UPRO,PROSHARES ULTRAPRO S&P500 ,NYSE,ETF,2009-06-25,,Active
UPS,United Parcel Service Inc - Class B,NYSE,Stock,1999-11-10,,Active
UPSC,Corgi UPST 2x Daily ETF,BATS,ETF,2026-07-10,,Active
UPSD,APTUS LARGE CAP UPSIDE ETF ,BATS,ETF,2024-11-21,,Active
UPSG,Leverage Shares 2X Long UPS Daily ETF,NASDAQ,ETF,2025-12-11,,Active
UPST,Upstart Holdings Inc,NASDAQ,Stock,2020-12-16,,Active
UPSX,TRADR 2X LONG UPST DAILY ETF ,BATS,ETF,2025-06-10,,Active
UPV,PROSHARES ULTRA FTSE EUROPE ,NYSE,ETF,2010-05-07,,Active
UPW,PROSHARES ULTRA UTILITIES ,NYSE,ETF,2007-02-01,,Active
UPWK,Upwork Inc,NASDAQ,Stock,2018-10-03,,Active
UPXI,Upexi Inc,NASDAQ,Stock,2021-06-24,,Active
URA,GLOBAL X URANIUM ETF ,NYSE,ETF,2010-11-05,,Active
URAA,DIREXION DAILY URANIUM INDUSTRY BULL 2X SHARES ,NYSE,ETF,2024-06-26,,Active
URAN,THEMES URANIUM & NUCLEAR ETF ,BATS,ETF,2024-09-24,,Active
URBN,Urban Outfitters Inc,NASDAQ,Stock,1993-11-09,,Active
URE,PROSHARES ULTRA REAL ESTATE ,NYSE,ETF,2007-02-02,,Active
URG,Ur-Energy Inc,AMEX,Stock,2008-07-25,,Active
URGN,UroGen Pharma Ltd,NASDAQ,Stock,2017-05-04,,Active
URI,United Rentals Inc,NYSE,Stock,1997-12-18,,Active
URNJ,Sprott Junior Uranium Miners ETF,NASDAQ,ETF,2023-02-02,,Active
URNM,Sprott Uranium Miners ETF,NYSE,ETF,2019-12-04,,Active
UROY,Uranium Royalty Corp,NASDAQ,Stock,2026-07-27,,Active
URSP,ProShares Trust Ultra S&P 500 Equal Weight,NYSE,Stock,2025-08-27,,Active
URTH,ISHARES MSCI WORLD ETF ,NYSE,ETF,2012-01-12,,Active
URTY,PROSHARES ULTRAPRO RUSSELL2000 ,NYSE,ETF,2010-02-11,,Active
USA,Liberty All-Star Equity Fund,NYSE,ETF,1987-11-05,,Active
USAC,USA Compression Partners LP,NYSE,Stock,2013-01-15,,Active
USAF,ATLAS AMERICA FUND ,NASDAQ,ETF,2024-11-20,,Active
USAI,PACER AMERICAN ENERGY INDEPENDENCE ETF ,NYSE,ETF,2017-12-13,,Active
USAR,USA Rare Earth Inc - Class A,NASDAQ,Stock,2023-07-17,,Active
USAS,Americas Gold and Silver Corp,AMEX,Stock,2016-12-28,,Active
USAU,U.S. Gold Corp,NASDAQ,Stock,1992-03-17,,Active
USAX,Tradr 2X Long USAR Daily ETF,BATS,ETF,2026-01-13,,Active
USB,U.S. Bancorp.,NYSE,Stock,1987-11-05,,Active
USB-P-A,U.S. Bancorp.,NYSE,Stock,2014-09-22,,Active
USB-P-H,US Bancorp Depositary Shares repstg 11000th Pfd Ser B,NYSE,Stock,2014-09-22,,Active
USB-P-P,U.S. Bancorp.,NYSE,Stock,2018-08-08,,Active
USB-P-Q,U.S. Bancorp.,NYSE,Stock,2020-10-21,,Active
USB-P-R,U.S. Bancorp.,NYSE,Stock,2021-01-27,,Active
USB-P-S,U.S. Bancorp.,NYSE,Stock,2022-02-03,,Active
USBC,USBC Inc,AMEX,Stock,2006-04-18,,Active
USCA,XTRACKERS MSCI USA CLIMATE ACTION EQUITY ETF ,NYSE,ETF,2023-04-04,,Active
USCB,USCB Financial Holdings Inc - Class A,NASDAQ,Stock,2021-07-23,,Active
USCI,United States Commodity Index Fund,NYSE,ETF,2010-08-10,,Active
USCL,ISHARES CLIMATE CONSCIOUS & TRANSITION MSCI USA ETF ,NASDAQ,ETF,2023-06-08,,Active
USD,PROSHARES ULTRA SEMICONDUCTORS ,NYSE,ETF,2007-02-01,,Active
USDE,StableCoinX Inc - Class A,NASDAQ,Stock,2026-06-29,,Active
USDEW,StableCoinX Inc - Warrants (25/06/2031),NASDAQ,Stock,2026-06-30,,Active
USDU,WISDOMTREE BLOOMBERG U.S. DOLLAR BULLISH FUND ,NYSE,ETF,2013-12-18,,Active
USDX,SGI ENHANCED CORE ETF ,NASDAQ,ETF,2024-02-29,,Active
USE,USCF ENERGY COMMODITY STRATEGY ABSOLUTE RETURN FUND ,NYSE,ETF,2023-05-04,,Active
USEA,United Maritime Corp,NASDAQ,Stock,2022-07-06,,Active
USEP,Innovator U.S. Equity Ultra Buffer ETF - September,BATS,ETF,2019-09-03,,Active
USEW,Cambria US EW ETF,BATS,ETF,2025-12-18,,Active
USFD,US Foods Holding Corp,NYSE,Stock,2016-05-26,,Active
USFE,First Eagle US Equity ETF,NYSE,ETF,2026-01-27,,Active
USFI,BrandywineGLOBAL - U.S. Fixed Income ETF,NASDAQ,ETF,2023-07-27,,Active
USFR,WISDOMTREE FLOATING RATE TREASURY FUND ,NYSE,ETF,2014-02-04,,Active
USG,USCF GOLD STRATEGY PLUS INCOME FUND ,NYSE,ETF,2021-11-03,,Active
USGG,Leverage Shares 2X Long USAR Daily ETF,NASDAQ,ETF,2026-01-13,,Active
USGO,U.S. GoldMining Inc,NASDAQ,Stock,2023-04-20,,Active
USGX,Corgi U.S. Growth 2x Daily,BATS,Stock,2026-08-19,,Active
USHY,ISHARES BROAD USD HIGH YIELD CORPORATE BOND ETF ,BATS,ETF,2017-10-26,,Active
USIG,ISHARES BROAD USD INVESTMENT GRADE CORPORATE BOND ETF ,NASDAQ,ETF,2007-01-11,,Active
USIN,WISDOMTREE 7-10 YEAR LADDERED TREASURY FUND ,NASDAQ,ETF,2024-03-14,,Active
USIO,Usio Inc,NASDAQ,Stock,2001-01-02,,Active
USL,United States 12 Month Oil Fund LP,NYSE,ETF,2007-12-06,,Active
USLM,United States Lime & Minerals Inc,NASDAQ,Stock,1990-03-26,,Active
USLN,ISHARES BROAD USD FLOATING RATE LOAN ETF ,BATS,Stock,2026-03-04,,Active
USLV,DIREXION DAILY SILVER BULL 2X ETF ,NYSE,ETF,2026-05-28,,Active
USLX,Corgi U.S. LargeCap 2x Daily,BATS,Stock,2026-08-19,,Active
USMC,PRINCIPAL U.S. MEGA-CAP ETF ,NASDAQ,ETF,2017-10-12,,Active
USMD,USMD Holdings Inc,NYSE,Stock,2016-01-04,,Active
USMF,WISDOMTREE U.S. MULTIFACTOR FUND ,BATS,ETF,2017-08-24,,Active
USMV,ISHARES MSCI USA MIN VOL FACTOR ETF ,BATS,ETF,2011-10-20,,Active
USMX,Corgi U.S. MidCap 2x Daily,BATS,Stock,2026-08-19,,Active
USNA,Usana Health Sciences Inc,NYSE,Stock,1995-02-01,,Active
USNG,AMPLIFY SAMSUNG U.S. NATURAL GAS INFRASTRUCTURE ETF ,NYSE,ETF,2025-05-20,,Active
USNZ,XTRACKERS NET ZERO PATHWAY PARIS ALIGNED US EQUITY ETF ,NYSE,ETF,2022-06-28,,Active
USO,United States Oil Fund,NYSE,ETF,2006-04-10,,Active
USOI,UBS AG London Branch,NASDAQ,Stock,2024-06-03,,Active
USOY,DEFIANCE OIL ENHANCED OPTIONS INCOME ETF ,NASDAQ,ETF,2024-05-10,,Active
USPH,U.S. Physical Therapy Inc,NYSE,Stock,1992-05-29,,Active
USPX,FRANKLIN U.S. EQUITY INDEX ETF ,NYSE,ETF,2016-06-03,,Active
USRT,ISHARES CORE U.S. REIT ETF ,NYSE,ETF,2007-05-04,,Active
USSE,SEGALL BRYANT & HAMILL SELECT EQUITY ETF ,NYSE,ETF,2023-08-30,,Active
USSG,XTRACKERS MSCI USA SELECTION EQUITY ETF ,NYSE,ETF,2019-03-07,,Active
USSH,WISDOMTREE 1-3 YEAR LADDERED TREASURY FUND ,NASDAQ,ETF,2024-03-14,,Active
UST,PROSHARES ULTRA 7-10 YEAR TREASURY ,NYSE,ETF,2010-02-02,,Active
USTB,VICTORYSHARES SHORT-TERM BOND ETF FORMERLY VICTORYSHARES USAA CORE SHORT-TERM BOND ETF VICTORYSHARES SHORT-TERM BOND ETF,NASDAQ,ETF,2017-10-26,,Active
USVM,VICTORYSHARES US SMALL MID CAP VALUE MOMENTUM ETF FORMERLY VICTORYSHARES USAA MSCI USA SMALL CAP VALUE MOMENTUM ETF ,NASDAQ,ETF,2017-10-26,,Active
USVN,F/M US TREASURY 7 YEAR NOTE ETF ,NASDAQ,ETF,2023-03-28,,Active
USX,U.S. Xpress Enterprises Inc - Class A,NYSE,Stock,2018-06-14,,Active
USXF,ISHARES ESG ADVANCED MSCI USA ETF ,NASDAQ,ETF,2020-06-18,,Active
UTAA,UTA Acquisition Corp - Class A,NASDAQ,Stock,2022-01-25,,Active
UTAAU,UTA Acquisition Corp - Units (1 Ord Class A & 1/2 War),NASDAQ,Stock,2021-12-02,,Active
UTEN,F/M US TREASURY 10 YEAR NOTE ETF ,NASDAQ,ETF,2022-08-09,,Active
UTES,VIRTUS REAVES UTILITIES ETF ,NYSE,ETF,2015-09-24,,Active
UTF,Cohen & Steers Infrastructure Fund Inc,NYSE,ETF,2004-05-11,,Active
UTF-R,Cohen & Steers Infrastructure Fund Inc Rights expiring October 16 2025 Rights,NYSE,Stock,2025-09-25,,Active
UTF-R-W,Cohen & Steers Infrastructure Fund Inc Rights expiring October 16 2025 Rights when issued,NYSE,Stock,2025-09-19,,Active
UTG,Reaves Utility Income Fund,AMEX,ETF,2004-02-25,,Active
UTHR,United Therapeutics Corp,NASDAQ,Stock,1999-06-17,,Active
UTHY,F/M US TREASURY 30 YEAR BOND ETF ,NASDAQ,ETF,2023-03-28,,Active
UTI,Universal Technical Institute Inc,NYSE,Stock,2003-12-18,,Active
UTL,Unitil Corp,NYSE,Stock,1992-03-17,,Active
UTMD,Utah Medical Products Inc,NASDAQ,Stock,1999-03-08,,Active
UTRE,F/M US TREASURY 3 YEAR NOTE ETF ,NASDAQ,ETF,2023-03-28,,Active
UTSI,UTStarcom Holdings Corp,NASDAQ,Stock,2000-03-03,,Active
UTSL,DIREXION DAILY UTILITIES BULL 3X SHARES ,NYSE,ETF,2017-05-03,,Active
UTWO,F/M US TREASURY 2 YEAR NOTE ETF ,NASDAQ,ETF,2022-08-09,,Active
UTWY,F/M US TREASURY 20 YEAR BOND ETF ,NASDAQ,ETF,2023-03-28,,Active
UTZ,Utz Brands Inc - Class A,NYSE,Stock,2018-11-26,,Active
UUP,Invesco DB US Dollar Index Bullish Fund,NYSE,ETF,2007-03-01,,Active
UUPP,PRINCIPAL CLO ETF ,BATS,ETF,2026-05-21,,Active
UUU,Universal Security Instruments Inc,AMEX,Stock,1995-08-18,,Active
UUUC,Corgi UUUU 2x Daily ETF,BATS,ETF,2026-07-10,,Active
UUUG,Leverage Shares 2X Long UUUU Daily ETF,NASDAQ,ETF,2026-01-13,,Active
UUUU,Energy Fuels Inc,AMEX,Stock,2006-11-24,,Active
UVE,Universal Insurance Holdings Inc,NYSE,Stock,2003-06-06,,Active
UVIX,2x Long VIX Futures ETF,BATS,ETF,2022-03-30,,Active
UVSP,Univest Financial Corp,NASDAQ,Stock,1998-04-16,,Active
UVV,Universal Corp,NYSE,Stock,1988-01-05,,Active
UVXY,ProShares Ultra VIX Short-Term Futures ETF 2x Shares,BATS,ETF,2011-10-04,,Active
UWM,PROSHARES ULTRA RUSSELL2000 ,NYSE,ETF,2007-01-25,,Active
UWMC,UWM Holdings Corporation Class A,NYSE,Stock,2021-03-04,,Active
UWMC-WS,UWM Holdings Corporation Warrant,NYSE,Stock,2021-01-22,,Active
UX,ROUNDHILL URANIUM ETF ,BATS,ETF,2025-01-29,,Active
UXAP,FT VEST U.S. EQUITY UNCAPPED ACCELERATOR ETF - APRIL ,BATS,ETF,2025-04-21,,Active
UXI,PROSHARES ULTRA INDUSTRIALS ,NYSE,ETF,2007-02-01,,Active
UXIN,Uxin Ltd,NASDAQ,Stock,2018-06-27,,Active
UXJA,FT VEST U.S. EQUITY UNCAPPED ACCELERATOR ETF - JANUARY ,BATS,ETF,2025-01-21,,Active
UXJL,FT Vest U.S. Equity Uncapped Accelerator ETF July,BATS,ETF,2025-07-21,,Active
UXOC,FT Vest U.S. Equity Uncapped Accelerator ETF - October,BATS,ETF,2024-10-21,,Active
UXRP,ProShares Ultra XRP ETF,NYSE,ETF,2025-07-15,,Active
UYG,PROSHARES ULTRA FINANCIALS ,NYSE,ETF,2007-02-01,,Active
UYLD,ANGEL OAK ULTRASHORT INCOME ETF ,NASDAQ,ETF,2022-10-25,,Active
UYM,PROSHARES ULTRA MATERIALS ,NYSE,ETF,2007-02-01,,Active
UYSC,UY Scuti Acquisition Corp,NASDAQ,Stock,2025-05-27,,Active
UYSCR,UY Scuti Acquisition Corp,NASDAQ,Stock,2025-05-27,,Active
UYSCU,UY Scuti Acquisition Corp - Units (1 Ord Shs & 1 Rts),NASDAQ,Stock,2025-03-31,,Active
UZD,United States Cellular Corporation,NYSE,Stock,2020-08-19,,Active
UZE,United States Cellular Corporation,NYSE,Stock,2020-12-15,,Active
UZF,United States Cellular Corporation,NYSE,Stock,2021-05-26,,Active
UZX,Linkage Global Inc,NASDAQ,Stock,2026-05-15,,Active
V,Visa Inc - Class A,NYSE,Stock,2008-03-19,,Active
VABK,Virginia National Bankshares Corp,NASDAQ,Stock,2001-06-04,,Active
VABS,VIRTUS NEWFLEET SECURITIZED INCOME ETF ,NYSE,ETF,2021-02-10,,Active
VAC,Marriott Vacations Worldwide Corp,NYSE,Stock,2011-11-08,,Active
VACH,Voyager Acquisition Corp - Class A,NASDAQ,Stock,2024-09-30,,Active
VACHU,Voyager Acquisition Corp - Units (1 Ord Class A & 1/2 War),NASDAQ,Stock,2024-08-09,,Active
VACHW,Voyager Acquisition Corp - Warrants (16/05/2031),NASDAQ,Stock,2024-09-30,,Active
VACI,Viking Acquisition Corp I Class A,NYSE,Stock,2025-11-20,,Active
VACI-U,Viking Acquisition Corp I - Units (1 Ord Cls A & 1/3 War),NYSE,Stock,2025-10-31,,Active
VACI-WS,Viking Acquisition Corp I Warrants to purchase one Class A Ordinary Share,NYSE,Stock,2025-11-20,,Active
VAI,Valor Energy Inc,NASDAQ,Stock,2018-03-16,,Active
VAIE,VegaShares US Equity Autocallable Income,NYSE,Stock,2026-05-12,,Active
VAL,Valaris Ltd,NYSE,Stock,2021-05-03,,Active
VAL-WS,Valaris Ltd Warrants,NYSE,Stock,2021-05-03,,Active
VALE,Vale S.A.,NYSE,Stock,2002-03-21,,Active
VALG,Leverage Shares 2X Long VALE Daily ETF,NASDAQ,ETF,2025-12-18,,Active
VALN,Valneva SE,NASDAQ,Stock,2021-05-05,,Active
VALQ,AMERICAN CENTURY U.S. QUALITY VALUE ETF ,NYSE,ETF,2018-01-16,,Active
VALU,Value Line Inc,NASDAQ,Stock,1995-08-18,,Active
VAMO,CAMBRIA VALUE AND MOMENTUM HEDGED EQUITY ETF ,BATS,ETF,2015-09-09,,Active
VANI,Vivani Medical Inc,NASDAQ,Stock,2014-11-19,,Active
VATE,Innovate Corp,NYSE,Stock,2009-07-13,,Active
VATE-R,INNOVATE Corp Rights expiring March 25 2024,NYSE,Stock,2024-03-11,,Active
VAVX,VanEck Avalanche ETF,NASDAQ,ETF,2026-01-26,,Active
VAW,VANGUARD MATERIALS INDEX FUND ETF SHARES,NYSE,ETF,2004-01-30,,Active
VB,Vanguard Morningstar Small-Cap ETF,NYSE,ETF,2004-01-30,,Active
VBCA,VANGUARD TARGET MATURITY 2027 CORPORATE BOND ETF ETF SHARES,NASDAQ,ETF,2026-03-26,,Active
VBCB,VANGUARD TARGET MATURITY 2028 CORPORATE BOND ETF ETF SHARES,NASDAQ,ETF,2026-03-26,,Active
VBCC,VANGUARD TARGET MATURITY 2029 CORPORATE BOND ETF ETF SHARES,NASDAQ,ETF,2026-03-26,,Active
VBCD,VANGUARD TARGET MATURITY 2030 CORPORATE BOND ETF ETF SHARES,NASDAQ,ETF,2026-03-26,,Active
VBCE,VANGUARD TARGET MATURITY 2031 CORPORATE BOND ETF ETF SHARES,NASDAQ,ETF,2026-03-26,,Active
VBCF,VANGUARD TARGET MATURITY 2032 CORPORATE BOND ETF ETF SHARES,NASDAQ,ETF,2026-03-26,,Active
VBCG,VANGUARD TARGET MATURITY 2033 CORPORATE BOND ETF ETF SHARES,NASDAQ,ETF,2026-03-26,,Active
VBCH,VANGUARD TARGET MATURITY 2034 CORPORATE BOND ETF ETF SHARES,NASDAQ,ETF,2026-03-26,,Active
VBCI,VANGUARD TARGET MATURITY 2035 CORPORATE BOND ETF ETF SHARES,NASDAQ,ETF,2026-03-26,,Active
VBCJ,VANGUARD TARGET MATURITY 2036 CORPORATE BOND ETF ETF SHARES,NASDAQ,ETF,2026-03-26,,Active
VBF,Invesco Bond Fund,NYSE,ETF,1994-10-27,,Active
VBIL,VANGUARD 0-3 MONTH TREASURY BILL ETF ETF SHARES,NASDAQ,ETF,2025-02-11,,Active
VBIO,Valion Bio Inc,NASDAQ,Stock,2021-11-11,,Active
VBIV,VBI Vaccines Inc,NASDAQ,Stock,2026-02-06,,Active
VBK,Vanguard Morningstar Small-Cap Growth ETF,NYSE,ETF,2004-01-30,,Active
VBNB,VanEck BNB ETF,NASDAQ,ETF,2026-05-28,,Active
VBND,VIDENT U.S. BOND STRATEGY ETF ,NYSE,ETF,2014-10-16,,Active
VBNK,VILLAGE BANCORP INC,NASDAQ,Stock,2021-08-27,,Active
VBR,Vanguard Morningstar Small-Cap Value ETF,NYSE,ETF,2004-01-30,,Active
VBX,Corgi U.S. SmallCap 2x Daily,BATS,Stock,2026-06-03,,Active
VC,Visteon Corp,NASDAQ,Stock,2010-10-05,,Active
VCEB,VANGUARD ESG U.S. CORPORATE BOND ETF ETF SHARES,BATS,ETF,2020-09-24,,Active
VCEL,Vericel Corp,NASDAQ,Stock,1997-02-04,,Active
VCIG,VCI Global Ltd,NASDAQ,Stock,2023-04-13,,Active
VCIT,VANGUARD INTERMEDIATE-TERM CORPORATE BOND INDEX FUND ETF SHARES,NASDAQ,ETF,2009-11-23,,Active
VCKAU,Scilex Holding Company - Units (1 Ord & 1/2 War),NASDAQ,Stock,2021-01-07,,Active
VCLN,VIRTUS DUFF & PHELPS CLEAN ENERGY ETF ,NYSE,ETF,2021-08-04,,Active
VCLT,VANGUARD LONG-TERM CORPORATE BOND INDEX FUND ETF SHARES,NASDAQ,ETF,2009-11-23,,Active
VCOB,VOYA CORE BOND ETF ,NYSE,ETF,2025-11-19,,Active
VCR,VANGUARD CONSUMER DISCRETIONARY INDEX FUND ETF SHARES,NYSE,ETF,2004-01-30,,Active
VCRB,VANGUARD CORE BOND ETF ETF SHARES,NASDAQ,ETF,2023-12-14,,Active
VCRE,Vicore Pharma Holding AB,NASDAQ,Stock,2026-07-06,,Active
VCRM,VANGUARD CORE TAX-EXEMPT BOND ETF ETF SHARES,BATS,ETF,2024-11-21,,Active
VCSH,VANGUARD SHORT-TERM CORPORATE BOND INDEX FUND ETF SHARES,NASDAQ,ETF,2009-11-23,,Active
VCTR,Victory Capital Holdings Inc - Class A,NASDAQ,Stock,2018-02-08,,Active
VCV,Invesco California Value Municipal Income Trust,NYSE,ETF,1994-10-27,,Active
VCX,Fundrise Innovation Fund LLC of Limited Liability Company Interests,NYSE,ETF,2026-05-26,,Active
VCXA,10X Capital Venture Acquisition Corp II - Class A,NASDAQ,Stock,2021-10-05,,Active
VCXAW,10X Capital Venture Acquisition Corp II - Warrants (19/04/2028),NASDAQ,Stock,2021-10-01,,Active
VCXB-WS,10X Capital Venture Acquisition Corp III - Warrants (30/06/2028),NYSE MKT,Stock,2022-03-04,,Active
VCYT,Veracyte Inc,NASDAQ,Stock,2013-10-30,,Active
VDC,VANGUARD CONSUMER STAPLES INDEX FUND ETF SHARES,NYSE,ETF,2004-01-30,,Active
VDE,VANGUARD ENERGY INDEX FUND ETF SHARES,NYSE,ETF,2004-09-29,,Active
VDG,VANGUARD DEVELOPED MARKETS EX-US GROWTH INDEX ETF ETF SHARES,BATS,Stock,2026-04-16,,Active
VDI,Virtus International Dividend ETF,NYSE,ETF,2025-12-03,,Active
VDIG,VANGUARD WELLINGTON DIVIDEND GROWTH ACTIVE ETF ETF SHARES,BATS,ETF,2025-11-18,,Active
VDV,VANGUARD DEVELOPED MARKETS EX-US VALUE INDEX ETF ETF SHARES,BATS,Stock,2026-04-16,,Active
VEA,VANGUARD DEVELOPED MARKETS INDEX FUND ETF SHARES,NYSE,ETF,2007-07-26,,Active
VECA,Vernal Capital Acquisition Corp,NYSE,Stock,2026-05-19,,Active
VECA-R,Vernal Capital Acquisition Corp Rights each right entitling the holder to receive onefourth 14 of one Ordinary Share,NYSE,Stock,2026-05-19,,Active
VECA-U,Vernal Capital Acquisition Corp - Units (1 Ord Shs & 1 Rts),NYSE,Stock,2026-05-06,,Active
VECO,Veeco Instruments Inc,NASDAQ,Stock,1994-11-29,,Active
VECT,VectivBio Holding AG,NASDAQ,Stock,2021-04-08,,Active
VEEA,Veea Inc,NASDAQ,Stock,2024-09-17,,Active
VEEAW,Veea Inc Warrant,NASDAQ,Stock,2024-09-17,,Active
VEEE,Twin Vee PowerCats Company,NASDAQ,Stock,2021-07-21,,Active
VEEV,Veeva Systems Inc - Class A,NYSE,Stock,2013-10-16,,Active
VEFA,VanEck MSCI EAFE Analyst Sentiment ETF,NASDAQ,ETF,2026-04-02,,Active
VEGA,ADVISORSHARES STAR GLOBAL BUY-WRITE ETF ,NYSE,ETF,2012-09-18,,Active
VEGI,ISHARES MSCI AGRICULTURE PRODUCERS ETF ,NYSE,ETF,2012-02-02,,Active
VEGN,US VEGAN CLIMATE ETF ,BATS,ETF,2019-09-10,,Active
VEGX,International Vegan Climate ETF,BATS,ETF,2026-09-10,,Active
VEL,Velocity Financial Inc,NYSE,Stock,2020-01-17,,Active
VELL,Defiance Daily Target 2X Long VELO ETF,BATS,ETF,2026-06-05,,Active
VELO,Velocity Acquisition Corp - Class A,NASDAQ,Stock,2021-04-19,,Active
VEM,Virtus Emerging Markets Dividend,NYSE,Stock,2026-02-04,,Active
VEMY,VIRTUS STONE HARBOR EMERGING MARKETS HIGH YIELD BOND ETF ,NYSE,ETF,2022-12-13,,Active
VENU,Venu Holding Corp,AMEX,Stock,2024-11-27,,Active
VEON,VEON Ltd,NASDAQ,Stock,1996-11-15,,Active
VERA,Vera Therapeutics Inc - Class A,NASDAQ,Stock,2021-05-14,,Active
VERB,Verb Technology Company Inc,NASDAQ,Stock,2015-02-02,,Active
VERI,Veritone Inc,NASDAQ,Stock,2017-05-12,,Active
VERS,PROSHARES METAVERSE ETF ,NYSE,ETF,2022-03-17,,Active
VERU,Veru Inc,NASDAQ,Stock,1999-02-11,,Active
VERX,Vertex Inc Class A,NASDAQ,Stock,2020-07-29,,Active
VET,Vermilion Energy Inc,NYSE,Stock,2010-09-14,,Active
VETZ,ACADEMY VETERAN BOND ETF ,NYSE,ETF,2023-08-02,,Active
VEU,VANGUARD FTSE ALL-WORLD EX-US INDEX FUND ETF SHARES,NYSE,ETF,2007-03-08,,Active
VEXC,VANGUARD EMERGING MARKETS EX-CHINA ETF ETF SHARES,NYSE,ETF,2025-10-02,,Active
VFC,VF Corp,NYSE,Stock,1985-07-01,,Active
VFF,Village Farms International Inc,NASDAQ,Stock,2010-03-25,,Active
VFH,VANGUARD FINANCIALS INDEX FUND ETF SHARES,NYSE,ETF,2004-01-30,,Active
VFL,abrdn National Municipal Income Fund,AMEX,ETF,1995-08-18,,Active
VFLO,VICTORYSHARES FREE CASH FLOW ETF ,NASDAQ,ETF,2023-06-22,,Active
VFMF,VANGUARD U.S. MULTIFACTOR ETF ETF SHARES,BATS,ETF,2018-02-15,,Active
VFMO,VANGUARD U.S. MOMENTUM FACTOR ETF ETF SHARES,BATS,ETF,2018-02-15,,Active
VFMV,VANGUARD U.S. MINIMUM VOLATILITY ETF ETF SHARES,BATS,ETF,2018-02-15,,Active
VFQY,VANGUARD U.S. QUALITY FACTOR ETF ETF SHARES,BATS,ETF,2018-02-15,,Active
VFS,VinFast Auto Ltd,NASDAQ,Stock,2021-09-07,,Active
VFSWW,VinFast Auto Ltd - Warrants (15/08/2028),NASDAQ,Stock,2023-08-15,,Active
VFVA,VANGUARD U.S. VALUE FACTOR ETF ETF SHARES,BATS,ETF,2018-02-15,,Active
VG,Venture Global Inc - Class A,NYSE,Stock,2025-01-24,,Active
VGAS,Verde Clean Fuels Inc - Class A,NASDAQ,Stock,2021-10-04,,Active
VGASW,Verde Clean Fuels Inc - Warrants (14/02/2028),NASDAQ,Stock,2021-10-04,,Active
VGFC,The Very Good Food Company Inc,NASDAQ,Stock,2020-07-31,,Active
VGHY,VANGUARD HIGH-YIELD ACTIVE ETF ETF SHARES,BATS,ETF,2025-09-17,,Active
VGI,Virtus Global Multi-Sector Income Fund,NYSE,ETF,2012-02-24,,Active
VGIT,VANGUARD INTERMEDIATE-TERM TREASURY INDEX FUND ETF SHARES,NASDAQ,ETF,2009-11-23,,Active
VGK,VANGUARD EUROPEAN STOCK INDEX FUND ETF SHARES,NYSE,ETF,2005-03-10,,Active
VGLT,VANGUARD LONG-TERM TREASURY INDEX FUND ETF SHARES,NASDAQ,ETF,2009-11-24,,Active
VGM,Invesco Trust for Investment Grade Municipals,NYSE,ETF,1992-02-19,,Active
VGMS,VANGUARD MULTI-SECTOR INCOME BOND ETF ETF SHARES,BATS,ETF,2025-06-11,,Active
VGNT,Versigent PLC,NYSE,Stock,2026-04-01,,Active
VGNT-W,Versigent PLC WhenIssued,NYSE,Stock,2026-03-27,,Active
VGRO,Virtus Silvant Growth Opportunities ETF,NYSE,ETF,2025-12-23,,Active
VGSH,VANGUARD SHORT-TERM TREASURY INDEX FUND ETF SHARES,NASDAQ,ETF,2009-11-23,,Active
VGSR,VERT GLOBAL SUSTAINABLE REAL ESTATE ETF ,NASDAQ,ETF,2023-12-04,,Active
VGT,VANGUARD INFORMATION TECHNOLOGY INDEX FUND ETF SHARES,NYSE,ETF,2004-01-30,,Active
VGUS,VANGUARD ULTRA-SHORT TREASURY ETF ETF SHARES,NASDAQ,ETF,2025-02-11,,Active
VGVT,VANGUARD GOVERNMENT SECURITIES ACTIVE ETF ETF SHARES,NYSE,Stock,2025-07-09,,Active
VGZ,Vista Gold Corp,AMEX,Stock,1990-04-30,,Active
VHAI,Vocodia Holdings Corp,BATS,Stock,2024-02-22,,Active
VHAI-WS-A,Vocodia Holdings Corp Warrants Series A,BATS,Stock,2024-02-23,,Active
VHAI-WS-B,Vocodia Holdings Corp Warrants Series B,BATS,Stock,2024-02-23,,Active
VHAQ-R,Viveon Health Acquisition Corp Rights each exchangeable into onetwentieth of a share of Common Stock,AMEX,Stock,2021-02-04,,Active
VHC,Virnetx Holding Corp,NASDAQ,Stock,1999-07-30,,Active
VHCP,Vine Hill Capital Investment Corp II,NASDAQ,Stock,2026-02-09,,Active
VHCPU,Vine Hill Capital Investment Corp II - Units (1 Ord Cls A & 1/3 War),NASDAQ,Stock,2025-12-18,,Active
VHCPW,Vine Hill Capital Investment Corp II Warrants,NASDAQ,Stock,2026-02-09,,Active
VHI,Valhi Inc,NYSE,Stock,1986-06-04,,Active
VHT,VANGUARD HEALTH CARE INDEX FUND ETF SHARES,NYSE,ETF,2004-01-30,,Active
VHUB,Venhub Global Inc,NASDAQ,Stock,2026-01-30,,Active
VIA,Via Transportation Inc - Class A,NYSE,Stock,2025-09-12,,Active
VIAG,Leverage Shares 2X Long VIAV Daily ETF,BATS,ETF,2026-07-07,,Active
VIAV,Viavi Solutions Inc,NASDAQ,Stock,2015-08-04,,Active
VICI,VICI Properties Inc,NYSE,Stock,2017-10-17,,Active
VICR,Vicor Corp,NASDAQ,Stock,1991-11-27,,Active
VIDA,VIDA Global Inc - Class A,AMEX,Stock,2026-05-15,,Active
VIDI,VIDENT INTERNATIONAL EQUITY STRATEGY ETF ,NYSE,ETF,2013-10-30,,Active
VIG,VANGUARD DIVIDEND APPRECIATION INDEX FUND ETF SHARES,NYSE,ETF,2006-04-27,,Active
VIGI,VANGUARD INTERNATIONAL DIVIDEND APPRECIATION INDEX FUND ETF SHARES,NASDAQ,ETF,2016-03-02,,Active
VII,Viking Acquisition Corp II - Class A,NYSE,Stock,2026-07-20,,Active
VII-U,Viking Acquisition Corp II Units each consisting of one Class A ordinary share and onethird of one Warrant,NYSE,Stock,2026-07-02,,Active
VII-WS,Viking Acquisition Corp II Warrants to purchase one Class A Ordinary Share,NYSE,Stock,2026-07-20,,Active
VIK,Viking Holdings Ltd,NYSE,Stock,2024-05-01,,Active
VINP,Vinci Partners Investments Ltd - Class A,NASDAQ,Stock,2021-01-28,,Active
VIOG,VANGUARD S&P SMALL-CAP 600 GROWTH INDEX FUND ETF SHARES,NYSE,ETF,2010-09-09,,Active
VIOO,VANGUARD S&P SMALL-CAP 600 INDEX FUND ETF SHARES,NYSE,ETF,2010-09-09,,Active
VIOT,Viomi Technology Co Ltd,NASDAQ,Stock,2018-09-25,,Active
VIOV,VANGUARD S&P SMALL-CAP 600 VALUE INDEX FUND ETF SHARES,NYSE,ETF,2010-09-09,,Active
VIP,Vulcan Infrastructure and Power Inc - Class A,NASDAQ,Stock,2021-09-14,,Active
VIPS,Vipshop Holdings Ltd,NYSE,Stock,2012-03-23,,Active
VIR,Vir Biotechnology Inc,NASDAQ,Stock,2019-10-11,,Active
VIRC,Virco Manufacturing Corp,NASDAQ,Stock,1992-03-17,,Active
VIRT,Virtu Financial Inc - Class A,NYSE,Stock,2015-04-16,,Active
VIS,VANGUARD INDUSTRIALS INDEX FUND ETF SHARES,NYSE,ETF,2004-09-29,,Active
VISN,Vistance Networks Inc,NASDAQ,Stock,2013-10-25,,Active
VIST,Vista Energy S.A.B. de C.V,NYSE,Stock,2019-07-26,,Active
VITL,Vital Farms Inc,NASDAQ,Stock,2020-07-31,,Active
VIV,Telefonica Brasil S.A.,NYSE,Stock,1998-11-16,,Active
VIVK,Vivakor Inc,NASDAQ,Stock,2026-04-27,,Active
VIVO,VivoPower PLC.,NASDAQ,Stock,2016-12-29,,Active
VIVS,VivoSim Labs Inc,NASDAQ,Stock,2012-02-14,,Active
VIXI,Defiance Enhanced Long Vol ETF,NASDAQ,ETF,2025-08-08,,Active
VIXM,ProShares VIX Mid-Term Futures ETF,BATS,ETF,2011-01-04,,Active
VIXY,ProShares VIX Short-Term Futures ETF,BATS,ETF,2011-01-04,,Active
VKI,Invesco Advantage Municipal Income Trust II,AMEX,ETF,1995-08-18,,Active
VKQ,Invesco Municipal Trust,NYSE,ETF,1991-11-21,,Active
VKTX,Viking Therapeutics Inc,NASDAQ,Stock,2015-04-29,,Active
VLCN,Empery Digital Inc,NASDAQ,Stock,2021-10-06,,Active
VLD-WS,Velo3D Inc Redeemable warrants each whole warrant exercisable for one share of Common Stock at an exercise price of 11.50,NYSE,Stock,2021-09-30,,Active
VLDRW,Velodyne Lidar Inc Warrant,NASDAQ,Stock,2020-10-01,,Active
VLGEA,Village Super Market Inc - Class A,NASDAQ,Stock,1990-03-27,,Active
VLN,Valens Semiconductor Ltd,NYSE,Stock,2021-10-01,,Active
VLN-WS,Valens Semiconductor Ltd Warrants each warrant to purchase onehalf of one Ordinary Share,NYSE,Stock,2021-09-30,,Active
VLO,Valero Energy Corp,NYSE,Stock,1982-01-04,,Active
VLOS,,NASDAQ,Stock,2026-07-23,,Active
VLOSU,Velos Acquisition I Corp - Units (1 Ord Share Class A & 0.5 War),NASDAQ,Stock,2024-08-01,,Active
VLOSW,Velos Acquisition I Corp - Warrants(02/07/2029),NASDAQ,Stock,2024-09-23,,Active
VLRS,Controladora Vuela Cia De Aviacion,NYSE,Stock,2013-09-18,,Active
VLT,Invesco High Income Trust II,NYSE,ETF,1989-06-30,,Active
VLTO,Veralto Corp,NYSE,Stock,2023-10-02,,Active
VLTO-W,Veralto Corp WhenIssued,NYSE,Stock,2023-09-27,,Active
VLU,STATE STREET(R) SPDR(R) S&P(R) 1500 VALUE TILT ETF ,NYSE,ETF,2012-10-25,,Active
VLUE,ISHARES MSCI USA VALUE FACTOR ETF ,BATS,ETF,2013-04-18,,Active
VLY,Valley National Bancorp,NASDAQ,Stock,1990-03-23,,Active
VLYPN,Valley National Bancorp,NASDAQ,Stock,2024-07-30,,Active
VLYPO,Valley National Bancorp,NASDAQ,Stock,2017-07-28,,Active
VLYPP,Valley National Bancorp 625 FixedtoFloating Rate Series A NonCumulative Perpetual Preferred Stock,NASDAQ,Stock,2015-06-17,,Active
VMAR,Vision Marine Technologies Inc,NASDAQ,Stock,2020-11-24,,Active
VMAX,HARTFORD US VALUE ETF ,BATS,ETF,2023-12-06,,Active
VMBS,VANGUARD MORTGAGE-BACKED SECURITIES INDEX FUND ETF SHARES,NASDAQ,ETF,2009-11-23,,Active
VMC,Vulcan Materials Company,NYSE,Stock,1988-01-05,,Active
VMCAU,Valuence Merger Corp I Unit,NASDAQ,Stock,2026-02-06,,Active
VMD,Viemed Healthcare Inc,NASDAQ,Stock,2018-01-04,,Active
VMET,Versamet Royalties Corporation,NASDAQ,Stock,2025-08-28,,Active
VMGA,VMG Consumer Acquisition Corp - Class A,NASDAQ,Stock,2022-01-03,,Active
VMGAW,VMG Consumer Acquisition Corp - Warrants (08/11/2026),NASDAQ,Stock,2022-01-03,,Active
VMI,Valmont Industries Inc,NYSE,Stock,1990-03-26,,Active
VMO,Invesco Municipal Opportunity Trust,NYSE,ETF,1992-06-04,,Active
VMRK,Vivmark Residential,NYSE,Stock,1993-08-12,,Active
VMSB,VOYA MULTI-SECTOR INCOME ETF ,NYSE,ETF,2025-12-03,,Active
VMW,Vmware Inc - Class A,NYSE,Stock,2007-08-15,,Active
VNAM,GLOBAL X MSCI VIETNAM ETF ,NYSE,ETF,2021-12-09,,Active
VNCE,Vince Holding Corp,NASDAQ,Stock,2013-11-22,,Active
VNDA,Vanda Pharmaceuticals Inc,NASDAQ,Stock,2006-04-12,,Active
VNET,VNET Group Inc,NASDAQ,Stock,2011-04-21,,Active
VNIE,VONTOBEL INTERNATIONAL EQUITY ACTIVE ETF ,NYSE,ETF,2025-05-15,,Active
VNLA,JANUS HENDERSON SHORT DURATION INCOME ETF ,NYSE,ETF,2016-11-17,,Active
VNM,VANECK VIETNAM ETF ,BATS,ETF,2009-08-14,,Active
VNME,Vendome Acquisition Corporation I,NASDAQ,Stock,2025-08-22,,Active
VNMEU,Vendome Acquisition Corp I - Units (1 Ord Cls A & 1/2 War),NASDAQ,Stock,2025-07-02,,Active
VNMEW,Vendome Acquisition Corporation I Warrant,NASDAQ,Stock,2025-08-22,,Active
VNO,Vornado Realty Trust,NYSE,Stock,1988-01-05,,Active
VNO-P-L,Vornado Realty Trust,NYSE,Stock,2014-09-22,,Active
VNO-P-M,Vornado Realty Trust,NYSE,Stock,2017-12-04,,Active
VNO-P-N,Vornado Realty Trust,NYSE,Stock,2020-11-23,,Active
VNO-P-O,Vornado Realty Trust 4.45 Series O Cumulative Redeemable Preferred Shares Liquidation Preference 25.00 Per Share,NYSE,Stock,2021-09-23,,Active
VNOM,Viper Energy Inc - Class A,NASDAQ,Stock,2014-06-18,,Active
VNQ,VANGUARD REAL ESTATE INDEX FUND ETF SHARES,NYSE,ETF,2004-09-29,,Active
VNQI,VANGUARD GLOBAL EX-U.S. REAL ESTATE INDEX FUND ETF SHARES,NASDAQ,ETF,2010-11-01,,Active
VNRX,VolitionRX Ltd,AMEX,Stock,2011-10-11,,Active
VNSE,NATIXIS VAUGHAN NELSON SELECT ETF ,NYSE,ETF,2020-09-17,,Active
VNT,Vontier Corporation,NYSE,Stock,2020-09-25,,Active
VNTG,Vantage Corp - Class A,AMEX,Stock,2025-06-11,,Active
VO,Vanguard Morningstar Mid-Cap ETF,NYSE,ETF,2004-01-30,,Active
VOC,VOC Energy Trust,NYSE,Stock,2011-05-06,,Active
VOD,Vodafone Group plc,NASDAQ,Stock,1988-12-16,,Active
VOE,Vanguard Morningstar Mid-Cap Value ETF,NYSE,ETF,2006-08-25,,Active
VOGX,Vogenx Inc,NASDAQ,Stock,2026-08-12,,Active
VOLT,Tema Electrification ETF,NASDAQ,ETF,2024-12-04,,Active
VONE,VANGUARD RUSSELL 1000 INDEX FUND ETF SHARES,NASDAQ,ETF,2010-09-22,,Active
VONG,VANGUARD RUSSELL 1000 GROWTH INDEX FUND ETF SHARES,NASDAQ,ETF,2010-09-22,,Active
VONV,VANGUARD RUSSELL 1000 VALUE INDEX FUND ETF SHARES,NASDAQ,ETF,2010-09-22,,Active
VOO,VANGUARD 500 INDEX FUND ETF SHARES,NYSE,ETF,2010-09-09,,Active
VOOG,VANGUARD S&P 500 GROWTH INDEX FUND ETF SHARES,NYSE,ETF,2010-09-09,,Active
VOOV,VANGUARD S&P 500 VALUE INDEX FUND ETF SHARES,NYSE,ETF,2010-09-09,,Active
VOOX,Corgi U.S. LargeCap 2x Daily,BATS,Stock,2026-06-03,,Active
VOOY,XFUNDS Large Cap Income ETF,NYSE ARCA,ETF,2026-09-02,,Active
VOR,Vor Biopharma Inc,NASDAQ,Stock,2021-02-05,,Active
VOT,Vanguard Morningstar Mid-Cap Growth ETF,NYSE,ETF,2006-08-25,,Active
VOTE,TCW TRANSFORM 500 ETF ,NASDAQ,ETF,2021-06-23,,Active
VOX,VANGUARD COMMUNICATION SERVICES INDEX FUND ETF SHARES,NYSE,ETF,2004-09-29,,Active
VOXP,VOX POPULI ETF ,BATS,Stock,2026-03-27,,Active
VOXR,Vox Royalty Corp,NASDAQ,Stock,2020-07-28,,Active
VOYA,Voya Financial Inc,NYSE,Stock,2013-05-02,,Active
VOYA-P-B,Voya Financial Inc,NYSE,Stock,2019-06-12,,Active
VOYG,Voyager Technologies Inc - Class A,NYSE,Stock,2025-06-11,,Active
VOYX,Tradr 2X Long VOYG Daily ETF,BATS,ETF,2025-09-09,,Active
VPC,VIRTUS PRIVATE CREDIT STRATEGY ETF ,NYSE,ETF,2019-02-08,,Active
VPFF,Virtus InfraCap Preferred and Income Securities ETF,NYSE ARCA,ETF,2026-07-15,,Active
VPG,Vishay Precision Group Inc,NYSE,Stock,2010-06-23,,Active
VPL,VANGUARD PACIFIC STOCK INDEX FUND ETF SHARES,NYSE,ETF,2005-03-10,,Active
VPLS,VANGUARD CORE-PLUS BOND ETF ETF SHARES,NASDAQ,ETF,2023-12-07,,Active
VPU,VANGUARD UTILITIES INDEX FUND ETF SHARES,NYSE,ETF,2004-01-30,,Active
VPV,Invesco Pennsylvania Value Municipal Income Trust,NYSE,ETF,1994-10-27,,Active
VPX,VARIANT PERCEPTION CYCLE AWARE US EQUITY ETF ,NYSE,ETF,2026-03-12,,Active
VRA,Vera Bradley Inc,NASDAQ,Stock,2010-10-21,,Active
VRAI,VIRTUS REAL ASSET INCOME ETF ,NYSE,ETF,2019-02-08,,Active
VRAX,Virax Biolabs Group Ltd - Class A,NASDAQ,Stock,2022-07-21,,Active
VRC,Corgi VRT 2x Daily ETF,BATS,ETF,2026-07-14,,Active
VRCA,Verrica Pharmaceuticals Inc,NASDAQ,Stock,2018-06-15,,Active
VRDN,Viridian Therapeutics Inc,NASDAQ,Stock,2014-06-18,,Active
VREX,Varex Imaging Corp,NASDAQ,Stock,2017-01-20,,Active
VRIG,INVESCO VARIABLE RATE INVESTMENT GRADE ETF ,NASDAQ,ETF,2016-09-22,,Active
VRM,Vroom Inc,NASDAQ,Stock,2020-06-09,,Active
VRME,VerifyMe Inc,NASDAQ,Stock,2009-05-07,,Active
VRNS,Varonis Systems Inc,NASDAQ,Stock,2014-02-28,,Active
VRP,INVESCO VARIABLE RATE PREFERRED ETF ,NYSE,ETF,2014-05-01,,Active
VRRM,Verra Mobility Corp - Class A,NASDAQ,Stock,2017-03-24,,Active
VRSK,Verisk Analytics Inc,NASDAQ,Stock,2009-10-07,,Active
VRSN,Verisign Inc,NASDAQ,Stock,1998-01-30,,Active
VRT,Vertiv Holdings Co - Class A,NYSE,Stock,2018-07-30,,Active
VRTL,GRANITESHARES 2X LONG VRT DAILY ETF ,NASDAQ,ETF,2025-03-25,,Active
VRTS,Virtus Investment Partners Inc,NYSE,Stock,2009-01-02,,Active
VRTX,Vertex Pharmaceuticals Inc,NASDAQ,Stock,1991-07-24,,Active
VRXA,Veraxa Biotech AG,NASDAQ,Stock,2026-06-11,,Active
VRXAW,Veraxa Biotech AG - Warrants (08/06/2031),NASDAQ,Stock,2026-06-11,,Active
VS,Versus Systems Inc,NASDAQ,Stock,2021-01-15,,Active
VSA,VisionSys AI Inc,NASDAQ,Stock,2014-04-03,,Active
VSAT,Viasat Inc,NASDAQ,Stock,1996-12-03,,Active
VSDA,VICTORYSHARES DIVIDEND ACCELERATOR ETF ,NASDAQ,ETF,2017-04-18,,Active
VSDB,VANGUARD SHORT DURATION BOND ETF ETF SHARES,BATS,ETF,2025-04-03,,Active
VSDM,VANGUARD SHORT DURATION TAX-EXEMPT BOND ETF ETF SHARES,BATS,ETF,2024-11-21,,Active
VSEC,VSE Corp,NASDAQ,Stock,1995-08-18,,Active
VSECU,VSE Corporation Tangible Equity Units,NASDAQ,Stock,2026-02-05,,Active
VSEE,VSee Health Inc,NASDAQ,Stock,2021-12-31,,Active
VSEEW,VSee Health Inc - Warrants(24/04/2029),NASDAQ,Stock,2021-12-31,,Active
VSGX,VANGUARD ESG INTERNATIONAL STOCK ETF ETF SHARES,BATS,ETF,2018-09-20,,Active
VSH,Vishay Intertechnology Inc,NYSE,Stock,1988-01-04,,Active
VSHY,VIRTUS NEWFLEET SHORT DURATION HIGH YIELD BOND ETF ,NYSE,ETF,2023-11-28,,Active
VSLU,APPLIED FINANCE VALUATION LARGE CAP ETF ,NYSE,ETF,2021-04-30,,Active
VSME,Vs Media Holdings Ltd - Class A,NASDAQ,Stock,2023-09-27,,Active
VSMV,VICTORYSHARES US MULTI-FACTOR MINIMUM VOLATILITY ETF ,NASDAQ,ETF,2017-06-22,,Active
VSNT,VERSANT CORP,NASDAQ,Stock,2025-12-15,,Active
VSNTV,Versant Media Group Inc,NASDAQ,Stock,2025-12-15,,Active
VSOL,VanEck Solana ETF,NASDAQ,ETF,2025-11-17,,Active
VSS,VANGUARD FTSE ALL-WORLD EX-US SMALL-CAP INDEX FUND ETF SHARES,NYSE,ETF,2009-04-06,,Active
VSSYW,Versus Systems Inc - Warrants- Unit A (20/01/2026),NASDAQ,Stock,2021-01-15,,Active
VST,Vistra Corp,NYSE,Stock,2016-10-04,,Active
VSTL,DEFIANCE DAILY TARGET 2X LONG VST ETF ,NASDAQ,ETF,2025-07-22,,Active
VSTM,Verastem Inc,NASDAQ,Stock,2012-01-27,,Active
VSTS,Vestis Corp,NYSE,Stock,2023-09-27,,Active
VSTS-W,Vestis Corporation WhenIssued,NYSE,Stock,2023-09-27,,Active
VSXY,Victoria`s Secret & Company,NYSE,Stock,2021-07-21,,Active
VT,VANGUARD TOTAL WORLD STOCK INDEX FUND ETF SHARES,NYSE,ETF,2008-06-26,,Active
VTA,Invesco Dynamic Credit Opportu,NYSE,ETF,2007-07-26,,Active
VTAK,Catheter Precision Inc,AMEX,Stock,2018-09-27,,Active
VTC,VANGUARD TOTAL CORPORATE BOND ETF ETF SHARES,NASDAQ,ETF,2017-11-09,,Active
VTEB,VANGUARD TAX-EXEMPT BOND INDEX FUND ETF SHARES,NYSE,ETF,2015-08-25,,Active
VTEC,VANGUARD CALIFORNIA TAX-EXEMPT BOND ETF ETF SHARES,BATS,ETF,2024-01-30,,Active
VTEI,VANGUARD INTERMEDIATE-TERM TAX-EXEMPT BOND ETF ETF SHARES,BATS,ETF,2024-01-30,,Active
VTEL,VANGUARD LONG-TERM TAX-EXEMPT BOND ETF ETF SHARES,BATS,ETF,2025-05-22,,Active
VTES,VANGUARD SHORT-TERM TAX-EXEMPT BOND ETF ETF SHARES,NYSE,ETF,2023-03-09,,Active
VTEX,Vtex - Class A,NYSE,Stock,2021-07-21,,Active
VTGN,VistaGen Therapeutics Inc,NASDAQ,Stock,2016-05-06,,Active
VTHR,VANGUARD RUSSELL 3000 INDEX FUND ETF SHARES,NASDAQ,ETF,2010-09-22,,Active
VTI,Vanguard Morningstar Total Stock Market ETF,NYSE,ETF,2001-05-31,,Active
VTIP,VANGUARD SHORT-TERM INFLATION-PROTECTED SECURITIES INDEX FUND ETF SHARES,NASDAQ,ETF,2012-10-16,,Active
VTIX,Virtuix Holdings Inc - Class A,NASDAQ,Stock,2026-01-27,,Active
VTMX,Corporacion Inmobiliaria Vesta Sab,NYSE,Stock,2023-06-30,,Active
VTN,Invesco Trust For Investment Grade New York Municipals,NYSE,ETF,1992-05-13,,Active
VTOL,Bristow Group Inc,NYSE,Stock,2013-01-22,,Active
VTP,VANGUARD TOTAL INFLATION-PROTECTED SECURITIES ETF ETF SHARES,NYSE,Stock,2025-07-09,,Active
VTR,Ventas Inc,NYSE,Stock,1997-05-05,,Active
VTRS,Viatris Inc,NASDAQ,Stock,2020-11-16,,Active
VTS,Vitesse Energy Inc,NYSE,Stock,2023-01-10,,Active
VTS-W,Vitesse Energy Inc WhenIssued,NYSE,Stock,2023-01-10,,Active
VTSI,VirTra Inc,NASDAQ,Stock,2016-01-04,,Active
VTV,Vanguard Morningstar Value ETF,NYSE,ETF,2004-01-30,,Active
VTVT,vTv Therapeutics Inc - Class A,NASDAQ,Stock,2015-07-30,,Active
VTWG,VANGUARD RUSSELL 2000 GROWTH INDEX FUND ETF SHARES,NASDAQ,ETF,2010-09-22,,Active
VTWO,VANGUARD RUSSELL 2000 INDEX FUND ETF SHARES,NASDAQ,ETF,2010-09-22,,Active
VTWV,VANGUARD RUSSELL 2000 VALUE INDEX FUND ETF SHARES,NASDAQ,ETF,2010-09-22,,Active
VUG,Vanguard Morningstar Growth ETF,NYSE,ETF,2004-01-30,,Active
VUS,Virtus US Dividend ETF,NYSE,ETF,2025-12-03,,Active
VUSB,VANGUARD ULTRA-SHORT BOND ETF ETF SHARES,BATS,ETF,2021-04-07,,Active
VUSE,VIDENT U.S. EQUITY STRATEGY ETF ,NYSE,ETF,2014-01-22,,Active
VUSG,VANGUARD WELLINGTON U.S. GROWTH ACTIVE ETF ETF SHARES,BATS,ETF,2025-11-18,,Active
VUSI,VOYA ULTRA SHORT INCOME ETF ,NYSE,ETF,2025-11-19,,Active
VUSV,VANGUARD WELLINGTON U.S. VALUE ACTIVE ETF ETF SHARES,BATS,ETF,2025-11-18,,Active
VUZI,Vuzix Corporation,NASDAQ,Stock,2010-04-05,,Active
VV,Vanguard Morningstar Large-Cap ETF,NYSE,ETF,2004-01-30,,Active
VVOS,Vivos Therapeutics Inc,NASDAQ,Stock,2020-12-11,,Active
VVR,Invesco Senior Income Trust,NYSE,ETF,1998-06-24,,Active
VVV,Valvoline Inc,NYSE,Stock,2016-09-23,,Active
VVX,V2X Inc,NYSE,Stock,2014-09-16,,Active
VWAV,VisionWave Holdings Inc,NASDAQ,Stock,2025-07-15,,Active
VWAVW,VisionWave Holdings Inc Warrant,NASDAQ,Stock,2025-07-15,,Active
VWO,VANGUARD EMERGING MARKETS STOCK INDEX FUND ETF SHARES,NYSE,ETF,2005-03-10,,Active
VWOB,VANGUARD EMERGING MARKETS GOVERNMENT BOND INDEX FUND ETF SHARES,NASDAQ,ETF,2013-06-04,,Active
VXF,VANGUARD EXTENDED MARKET INDEX FUND ETF SHARES,NYSE,ETF,2002-01-04,,Active
VXUS,VANGUARD TOTAL INTERNATIONAL STOCK INDEX FUND ETF SHARES,NASDAQ,ETF,2011-01-28,,Active
VXX,iPath Series B S&P 500 VIX Short-Term Futures ETN,BATS,ETF,2009-01-30,,Active
VXZ,iPath Series B S&P 500 VIX Mid-Term Futures ETN,BATS,ETF,2018-01-18,,Active
VYGR,Voyager Therapeutics Inc,NASDAQ,Stock,2015-11-11,,Active
VYLD,J P Morgan Chase & Co Inverse VIX ShortTerm Futures ETNs due March 22 2045,NYSE,Stock,2025-03-20,,Active
VYM,VANGUARD HIGH DIVIDEND YIELD INDEX FUND ETF SHARES,NYSE,ETF,2006-11-16,,Active
VYMI,VANGUARD INTERNATIONAL HIGH DIVIDEND YIELD INDEX FUND ETF SHARES,NASDAQ,ETF,2016-03-02,,Active
VYNE,VYNE Therapeutics Inc,NASDAQ,Stock,2026-07-24,,Active
VYX,NCR Voyix Corp,NYSE,Stock,1996-12-11,,Active
VYX-W,NCR Corporation WhenIssued,NYSE,Stock,2023-10-11,,Active
VZ,Verizon Communications Inc,NYSE,Stock,1983-11-21,,Active
VZLA,Vizsla Silver Corp (New Shares),AMEX,Stock,2024-06-21,,Active
W,Wayfair Inc - Class A,NYSE,Stock,2014-10-02,,Active
WAB,Westinghouse Air Brake Technologies Corp,NYSE,Stock,1995-06-16,,Active
WABC,Westamerica Bancorporation,NASDAQ,Stock,1992-03-17,,Active
WABF,Western Asset Bond ETF,NASDAQ,ETF,2023-09-21,,Active
WAFD,WaFd Inc,NASDAQ,Stock,1990-03-26,,Active
WAFDP,WaFd Inc,NASDAQ,Stock,2021-02-02,,Active
WAFU,Wah Fu Education Group Ltd,NASDAQ,Stock,2019-04-30,,Active
WAGN,Pabrai Wagons ETF,NYSE,ETF,2026-06-30,,Active
WAL,Western Alliance Bancorp,NYSE,Stock,2005-07-01,,Active
WAL-P-A,Western Alliance Bancorporation Depositary Shares Series A,NYSE,Stock,2021-09-20,,Active
WALD,Waldencast plc - Class A,NASDAQ,Stock,2021-05-12,,Active
WALDW,Waldencast plc - Warrants (27/07/2027),NASDAQ,Stock,2021-05-11,,Active
WAMA,WISDOMTREE U.S. ADAPTIVE MOVING AVERAGE FUND ,NASDAQ,ETF,2026-03-12,,Active
WANT,DIREXION DAILY CONSUMER DISCRETIONARY BULL 3X SHARES ,NYSE,ETF,2018-11-29,,Active
WAR,U.S. Global Technology and Aerospace & Defense ETF,NYSE,ETF,2026-05-26,,Active
WARP,VANECK SPACE ETF ,NASDAQ,ETF,2026-05-07,,Active
WASH,Washington Trust Bancorp Inc,NASDAQ,Stock,1995-08-18,,Active
WAT,Waters Corp,NYSE,Stock,1995-11-17,,Active
WATR,Air Water Ventures Ltd,NASDAQ,Stock,2026-08-14,,Active
WATS,Corgi Battery Energy Storage Systems,BATS,Stock,2026-05-06,,Active
WATT,Energous Corp,NASDAQ,Stock,2014-03-28,,Active
WAVE,Eco Wave Power Global AB,NASDAQ,Stock,2021-07-01,,Active
WAY,Waystar Holding Corp,NASDAQ,Stock,2024-06-07,,Active
WB,Weibo Corp,NASDAQ,Stock,2014-04-17,,Active
WBD,Warner Bros. Discovery Inc - Class A,NASDAQ,Stock,2005-07-08,,Active
WBI,WaterBridge Infrastructure LLC. - Class A,NYSE,Stock,2025-09-17,,Active
WBIF,WBI BULLBEAR VALUE 3000 ETF ,NYSE,ETF,2014-08-27,,Active
WBIG,WBI BULLBEAR YIELD 3000 ETF ,NYSE,ETF,2014-08-27,,Active
WBIL,WBI BULLBEAR QUALITY 3000 ETF ,NYSE,ETF,2014-08-27,,Active
WBIY,WBI POWER FACTOR HIGH DIVIDEND ETF ,NYSE,ETF,2016-12-22,,Active
WBTN,Webtoon Entertainment Inc,NASDAQ,Stock,2024-06-27,,Active
WBUY,Webuy Global Ltd - Class A,NASDAQ,Stock,2023-10-19,,Active
WBX,Wallbox N.V - Class A,NYSE,Stock,2021-10-04,,Active
WCAP,WINFIELD CAPITAL CORP,NYSE,Stock,2025-09-11,,Active
WCBR,WISDOMTREE CYBERSECURITY FUND ,NASDAQ,ETF,2021-01-28,,Active
WCC,Wesco International Inc,NYSE,Stock,1999-05-12,,Active
WCEO,Hypatia Women CEO ETF,NYSE,ETF,2023-01-09,,Active
WCLD,WISDOMTREE CLOUD COMPUTING FUND ,NASDAQ,ETF,2019-09-06,,Active
WCME,FIRST TRUST WCM DEVELOPING WORLD EQUITY ETF ,NYSE,ETF,2024-10-07,,Active
WCMG,FIRST TRUST WCM GLOBAL EQUITY ETF ,NYSE,Stock,2026-04-22,,Active
WCMI,FIRST TRUST WCM INTERNATIONAL EQUITY ETF ,NYSE,ETF,2024-10-07,,Active
WCN,Waste Connections Inc,NYSE,Stock,1998-05-22,,Active
WCPB,Weitz Core Plus Bond ETF,NYSE,ETF,2025-08-13,,Active
WCT,Wellchange Holdings Co. Ltd,NASDAQ,Stock,2024-10-02,,Active
WD,Walker & Dunlop Inc,NYSE,Stock,2010-12-15,,Active
WDAF,WISDOMTREE ASIA DEFENSE FUND ,NASDAQ,Stock,2025-09-12,,Active
WDAI,PACER S&P WORLD 3AI TOP 300 ETF ,BATS,ETF,2026-05-07,,Active
WDAY,Workday Inc - Class A,NASDAQ,Stock,2012-10-12,,Active
WDC,Western Digital Corp,NASDAQ,Stock,1987-01-02,,Active
WDCC,Corgi WDC 2x Daily ETF,BATS,ETF,2026-07-10,,Active
WDCVV,Western Digital Corporation,NASDAQ,Stock,2025-02-13,,Active
WDCX,Tradr 2X Long WDC Daily,BATS,ETF,2026-01-27,,Active
WDE,PRINCIPAL SECURITIZED DEBT ETF ,BATS,ETF,2026-05-21,,Active
WDFC,WD-40 Company,NASDAQ,Stock,1990-03-26,,Active
WDGF,WISDOMTREE GLOBAL DEFENSE FUND ,NASDAQ,Stock,2025-09-12,,Active
WDH,Waterdrop Inc,NYSE,Stock,2021-05-07,,Active
WDI,Western Asset Diversified Income Fund,NYSE,Stock,2021-06-25,,Active
WDIG,WISDOMTREE EFFICIENT RARE EARTH PLUS STRATEGIC METALS FUND ,BATS,ETF,2026-05-07,,Active
WDIV,STATE STREET(R) SPDR(R) S&P(R) GLOBAL DIVIDEND ETF ,NYSE,ETF,2013-05-30,,Active
WDNA,WISDOMTREE BIOREVOLUTION FUND ,BATS,ETF,2021-06-03,,Active
WDS,Woodside Energy Group Ltd,NYSE,Stock,2007-07-13,,Active
WDTE,DEFIANCE S&P 500 WEEKLY DISTRIBUTION ETF ,NYSE,ETF,2023-09-19,,Active
WEA,Western Asset Premier Bond Fund,NYSE,ETF,2002-03-27,,Active
WEAT,Teucrium Wheat Fund,NYSE,ETF,2011-09-19,,Active
WEAV,Weave Communications Inc,NYSE,Stock,2021-11-11,,Active
WEBL,DIREXION DAILY DOW JONES INTERNET BULL 3X SHARES ,NYSE,ETF,2019-11-07,,Active
WEBS,DIREXION DAILY DOW JONES INTERNET BEAR 3X SHARES ,NYSE,ETF,2019-11-07,,Active
WEBX,WEBEX COMMUNICATIONS INC,NASDAQ,Stock,2026-06-03,,Active
WEC,WEC Energy Group Inc,NYSE,Stock,1984-10-26,,Active
WEED,ROUNDHILL CANNABIS ETF ,BATS,ETF,2022-04-20,,Active
WEEI,Westwood Salient Enhanced Energy Income ETF,NASDAQ,ETF,2024-05-01,,Active
WEEK,ROUNDHILL WEEKLY T-BILL ETF ,BATS,ETF,2025-03-06,,Active
WEEL,PEERLESS OPTION INCOME WHEEL ETF ,NYSE,ETF,2024-05-16,,Active
WELD,Tema U.S. Manufacturing & Reshoring,NYSE ARCA,Stock,2026-06-22,,Active
WELL,Welltower Inc,NYSE,Stock,2001-01-02,,Active
WEN,Wendy`s Co - Class A,NASDAQ,Stock,1992-03-17,,Active
WENC,West Enclave Merger Corp,NYSE,Stock,2026-05-13,,Active
WENC-R,West Enclave Merger Corp Rights each Right to acquire onetenth 110 of one Ordinary Share,NYSE,Stock,2026-05-13,,Active
WENC-U,West Enclave Merger Corp - Units (1 Ord Shs & 1 Rts),NYSE,Stock,2026-04-30,,Active
WENN,Wen Acquisition Corp - Class A,NASDAQ,Stock,2025-07-07,,Active
WENNU,Wen Acquisition Corp - Units (1 Ord Cls A & 1/2 War),NASDAQ,Stock,2025-05-16,,Active
WENNW,Wen Acquisition Corp - Warrants (01/01/9999),NASDAQ,Stock,2025-07-07,,Active
WEPN,NICHOLAS DEFENSE AND RARE EARTH INCOME ETF ,NYSE,ETF,2026-03-03,,Active
WERN,Werner Enterprises Inc,NASDAQ,Stock,1990-03-26,,Active
WES,Western Midstream Partners LP,NYSE,Stock,2012-12-10,,Active
WEST,Westrock Coffee Company,NASDAQ,Stock,2022-08-26,,Active
WETH,Wetouch Technology Inc,NASDAQ,Stock,2017-09-25,,Active
WETO,Wetour Robotics Ltd,NASDAQ,Stock,2025-02-27,,Active
WEX,WEX Inc,NYSE,Stock,2005-02-16,,Active
WEYS,Weyco Group Inc,NASDAQ,Stock,1990-03-26,,Active
WF,Woori Financial Group Inc,NYSE,Stock,2003-10-01,,Active
WFC,Wells Fargo & Company,NYSE,Stock,1972-06-01,,Active
WFC-P-A,Wells Fargo & Company,NYSE,Stock,2020-10-23,,Active
WFC-P-C,Wells Fargo & Company,NYSE,Stock,2021-01-26,,Active
WFC-P-D,Wells Fargo & Company,NYSE,Stock,2021-07-21,,Active
WFC-P-L,Wells Fargo & Company,NYSE,Stock,2014-09-22,,Active
WFC-P-Y,Wells Fargo & Company,NYSE,Stock,1998-01-02,,Active
WFC-P-Z,Wells Fargo & Company DEP REP 1/1000TH,NYSE,Stock,2020-01-16,,Active
WFCF,Where Food Comes From Inc,NASDAQ,Stock,2011-02-23,,Active
WFF,WF Holding Ltd,NASDAQ,Stock,2025-03-27,,Active
WFG,West Fraser Timber Co. Ltd,NYSE,Stock,2007-07-13,,Active
WFRD,Weatherford International plc - New,NASDAQ,Stock,2021-01-04,,Active
WGMI,COINSHARES BITCOIN MINING AND DIGITAL POWER ETF ,NASDAQ,ETF,2022-02-08,,Active
WGO,Winnebago Industries Inc,NYSE,Stock,1984-11-01,,Active
WGS,GeneDx Holdings Corp - Class A,NASDAQ,Stock,2020-11-04,,Active
WH,Wyndham Hotels & Resorts Inc,NYSE,Stock,2018-05-21,,Active
WHD,Cactus Inc - Class A,NYSE,Stock,2018-02-08,,Active
WHF,WhiteHorse Finance Inc,NASDAQ,Stock,2012-12-06,,Active
WHFCL,WhiteHorse Finance Inc,NASDAQ,Stock,2023-08-28,,Active
WHG,Westwood Holdings Group Inc,NYSE,Stock,2002-06-13,,Active
WHK,WhiteHawk Minerals Corp - Class A,NYSE,Stock,2026-06-09,,Active
WHLR,Wheeler Real Estate Investment Trust Inc,NASDAQ,Stock,2012-11-19,,Active
WHLRD,Wheeler Real Estate Investment Trust Inc,NASDAQ,Stock,2016-09-21,,Active
WHLRL,Wheeler Real Estate Investment Trust Inc,NASDAQ,Stock,2021-09-03,,Active
WHLRP,Wheeler Real Estate Investment Trust Inc,NASDAQ,Stock,2014-09-24,,Active
WHR,Whirlpool Corp,NYSE,Stock,1983-06-10,,Active
WHR-P-A,Whirlpool Corp,NYSE,Stock,2026-03-03,,Active
WHTX,2x Wheat ETF,BATS,ETF,2024-12-05,,Active
WHWK,Whitehawk Therapeutics Inc,NASDAQ,Stock,2017-08-08,,Active
WIA,Western Asset Inflation-Linked Income Fund,NYSE,ETF,2003-09-29,,Active
WILC,,NASDAQ,Stock,2026-08-27,,Active
WIMA,WISDOMTREE INTERNATIONAL ADAPTIVE MOVING AVERAGE FUND ,NASDAQ,ETF,2026-03-12,,Active
WIMI,Wimi Hologram Cloud Inc,NASDAQ,Stock,2020-04-01,,Active
WINA,Winmark Corporation,NASDAQ,Stock,1993-08-25,,Active
WING,Wingstop Inc,NASDAQ,Stock,2015-06-12,,Active
WINN,HARBOR LONG-TERM GROWERS ETF ,NYSE,ETF,2022-02-03,,Active
WIP,SPDR(R) FTSE INTERNATIONAL GOVERNMENT INFLATION-PROTECTED BOND ETF ,NYSE,ETF,2008-03-19,,Active
WISD,Wisdom Short Duration Income ETF,NYSE,ETF,2025-11-05,,Active
WISE,THEMES GENERATIVE ARTIFICIAL INTELLIGENCE ETF ,NASDAQ,ETF,2023-12-08,,Active
WIT,Wipro Ltd,NYSE,Stock,2000-10-19,,Active
WIW,Western Asset Inflation-Linked Opportunities & Income Fund,NYSE,ETF,2004-02-25,,Active
WIX,Wix.com Ltd,NASDAQ,Stock,2013-11-06,,Active
WK,Workiva Inc - Class A,NYSE,Stock,2014-12-12,,Active
WKC,World Kinect Corp,NYSE,Stock,1990-07-30,,Active
WKEY,WISeKey International Holding Ltd,NASDAQ,Stock,2019-01-11,,Active
WKEYV,WISeKey International Holding Ltd Exdistribution When Issued,NASDAQ,Stock,2023-05-22,,Active
WKHS,Workhorse Group Inc,NASDAQ,Stock,2014-08-07,,Active
WKSP,Worksport Ltd,NASDAQ,Stock,2003-07-15,,Active
WLAC,Willow Lane Acquisition Corp,NASDAQ,Stock,2024-12-30,,Active
WLCO,Wilco 63 Corp - Class A,NASDAQ,Stock,2026-08-10,,Active
WLCOU,Wilco 63 Corporation Units,NASDAQ,Stock,2026-06-18,,Active
WLCOW,Wilco 63 Corp - Warrants (29/05/2031),NASDAQ,Stock,2026-08-12,,Active
WLDN,Willdan Group Inc,NASDAQ,Stock,2006-11-21,,Active
WLDR,AFFINITY WORLD LEADERS EQUITY ETF ,BATS,ETF,2018-01-17,,Active
WLDS,Wearable Devices Ltd,NASDAQ,Stock,2022-09-13,,Active
WLDSW,Wearable Devices Ltd - Warrants (25/08/2027),NASDAQ,Stock,2022-09-13,,Active
WLDU,Leverage Shares 2x Long World Stock Daily,BATS,Stock,2026-03-10,,Active
WLFC,Willis Lease Finance Corp,NASDAQ,Stock,1996-11-15,,Active
WLII,Willow Lane Acquisition Corp II - Class A,NASDAQ,Stock,2026-04-06,,Active
WLIIU,Willow Lane Acquisition Corp II - Units (1 Ord Cls A & 1/4 War),NASDAQ,Stock,2026-02-13,,Active
WLIIW,Willow Lane Acquisition Corp II - Warrants (31/12/2032),NASDAQ,Stock,2026-04-06,,Active
WLK,Westlake Corporation,NYSE,Stock,2004-08-11,,Active
WLKP,Westlake Chemical Partners LP,NYSE,Stock,2014-07-30,,Active
WLTG,WEALTHTRUST DBS LONG TERM GROWTH ETF ,NYSE,ETF,2021-12-07,,Active
WLTH,Wealthfront Corp,NASDAQ,Stock,2025-12-12,,Active
WLY,John Wiley & Sons Inc - Class A,NYSE,Stock,1990-03-26,,Active
WLYB,John Wiley & Sons Inc - Class B,NYSE,Stock,1995-10-19,,Active
WM,Waste Management Inc,NYSE,Stock,1991-09-30,,Active
WMB,Williams Cos Inc,NYSE,Stock,1981-12-31,,Active
WMG,Warner Music Group Corp - Class A,NASDAQ,Stock,2020-06-03,,Active
WMK,Weis Markets Inc,NYSE,Stock,1988-01-05,,Active
WMS,Advanced Drainage Systems Inc,NYSE,Stock,2014-07-25,,Active
WMSB,Weitz Multisector Bond ETF,NYSE,ETF,2025-11-05,,Active
WMT,Walmart Inc,NASDAQ,Stock,1972-08-25,,Active
WMTI,REX WMT GROWTH & INCOME ETF ,BATS,ETF,2025-11-04,,Active
WNC,Wabash National Corp,NYSE,Stock,1991-11-08,,Active
WNDR,Corgi Travel & Leisure,BATS,Stock,2026-05-06,,Active
WNEB,Western New England Bancorp Inc,NASDAQ,Stock,2002-05-02,,Active
WNS,WNS Holdings Ltd,NYSE,Stock,2006-07-26,,Active
WNTR,YieldMax Short MSTR Option Income Strategy ETF,NYSE,ETF,2025-03-27,,Active
WNW,Meiwu Technology Company Ltd,NASDAQ,Stock,2020-12-15,,Active
WOK,Work Medical Technology Group Ltd,NASDAQ,Stock,2024-08-23,,Active
WOLF,Wolfspeed Inc (New),NYSE,Stock,2025-09-29,,Active
WOMN,IMPACT SHARES WOMEN'S EMPOWERMENT ETF ,NYSE,ETF,2018-08-28,,Active
WOOD,ISHARES GLOBAL TIMBER & FORESTRY ETF ,NASDAQ,ETF,2008-06-25,,Active
WOOF,Petco Health and Wellness Co Inc - Class A,NASDAQ,Stock,2021-01-14,,Active
WOR,Worthington Enterprises Inc,NYSE,Stock,1990-03-26,,Active
WOR-W,Worthington Industries Inc WhenIssued,NYSE,Stock,2023-11-28,,Active
WPAC,White Pearl Acquisition Corp Class A,NYSE,Stock,2026-02-24,,Active
WPAC-R,White Pearl Acquisition Corp Rights each right entitles the holder to receive onefifth of one Class A ordinary share upon consummation of the initial business,NYSE,Stock,2026-02-24,,Active
WPAC-U,White Pearl Acquisition Corp Units each consisting of one Class A ordinary share and one right to receive onefifth 15 of one Class A ordinary share,NYSE,Stock,2026-02-02,,Active
WPC,W. P. Carey Inc,NYSE,Stock,1998-01-21,,Active
WPC-W,W. P. Carey Inc WhenIssued,NYSE,Stock,2023-10-27,,Active
WPM,Wheaton Precious Metals Corp,NYSE,Stock,2016-01-04,,Active
WPP,WPP Plc.,NYSE,Stock,1990-03-26,,Active
WPRT,Westport Fuel Systems Inc,NASDAQ,Stock,2008-08-15,,Active
WQTM,WISDOMTREE QUANTUM COMPUTING FUND ,BATS,ETF,2025-10-09,,Active
WR,Corgi U.S. War Machine ETF,BATS,ETF,2026-05-06,,Active
WRAP,Wrap Technologies Inc,NASDAQ,Stock,2018-05-29,,Active
WRB,W.R. Berkley Corp,NYSE,Stock,1984-09-07,,Active
WRB-P-E,W.R. Berkley Corp,NYSE,Stock,2018-04-02,,Active
WRB-P-F,W.R. Berkley Corp,NYSE,Stock,2019-12-19,,Active
WRB-P-G,W.R. Berkley Corp,NYSE,Stock,2020-09-24,,Active
WRB-P-H,W.R. Berkley Corp,NYSE,Stock,2021-02-19,,Active
WRBY,Warby Parker Inc - Class A,NYSE,Stock,2021-09-29,,Active
WRD,WeRide Inc,NASDAQ,Stock,2024-10-25,,Active
WRLD,World Acceptance Corp,NASDAQ,Stock,1991-12-02,,Active
WRN,Western Copper & Gold Corp,AMEX,Stock,2006-05-19,,Active
WRND,NYLIM Global Equity R&D Leaders ETF,NASDAQ,ETF,2022-02-08,,Active
WRTH,Worth Charting Options Income ETF,NASDAQ,Stock,2026-04-28,,Active
WS,Worthington Steel Inc,NYSE,Stock,2023-11-28,,Active
WS-W,Worthington Steel Inc WhenIssued,NYSE,Stock,2023-11-28,,Active
WSBC,Wesbanco Inc,NASDAQ,Stock,1995-08-18,,Active
WSBCO,Wesbanco Inc,NASDAQ,Stock,2025-10-06,,Active
WSBF,Waterstone Financial Inc,NASDAQ,Stock,2005-10-05,,Active
WSBK,Winchester Bancorp Inc,NASDAQ,Stock,2025-05-02,,Active
WSC,WillScot Mobile Mini Holdings Corp,NASDAQ,Stock,2017-11-30,,Active
WSDB,Weitz Short Duration Bond,NYSE,Stock,2026-04-01,,Active
WSE,Wise Group plc,NASDAQ,Stock,2026-05-11,,Active
WSFS,WSFS Financial Corp,NASDAQ,Stock,1990-03-26,,Active
WSGE,WARREN STREET GLOBAL EQUITY ETF ,NASDAQ,ETF,2025-12-09,,Active
WSHP,WeShop Holdings Ltd - Class A,NASDAQ,Stock,2025-11-14,,Active
WSM,Williams-Sonoma Inc,NYSE,Stock,1990-03-26,,Active
WSMD,Wasatch Small/Mid Cap ETF,NYSE ARCA,ETF,2026-07-29,,Active
WSML,ISHARES MSCI WORLD SMALL-CAP ETF ,NASDAQ,ETF,2013-01-22,,Active
WSO,Watsco Inc - Class A,NYSE,Stock,1984-06-07,,Active
WSO-B,Watsco Inc - Class B,NYSE,Stock,1992-03-17,,Active
WSPC,WisdomTree Space Economy Fund,NASDAQ,ETF,2026-07-09,,Active
WST,West Pharmaceutical Services Inc,NYSE,Stock,1988-01-05,,Active
WSTN,Westin Acquisition Corp - Class A,NASDAQ,Stock,2025-12-31,,Active
WSTNR,Westin Acquisition Corp,NASDAQ,Stock,2025-12-31,,Active
WSTNU,Westin Acquisition Corp - Units (1 Ord Cls A & 1 Rts),NASDAQ,Stock,2025-11-04,,Active
WT,WisdomTree Inc,NYSE,Stock,1993-03-04,,Active
WTAI,WISDOMTREE ARTIFICIAL INTELLIGENCE AND INNOVATION FUND ,BATS,ETF,2021-12-09,,Active
WTBA,West Bancorporation,NASDAQ,Stock,1999-05-03,,Active
WTBN,WISDOMTREE BIANCO TOTAL RETURN FUND ,NASDAQ,ETF,2023-12-20,,Active
WTF,Waton Financial Ltd,NASDAQ,Stock,2025-04-01,,Active
WTFC,Wintrust Financial Corp,NASDAQ,Stock,1998-04-16,,Active
WTFCN,Wintrust Financial Corp,NASDAQ,Stock,2025-05-22,,Active
WTG,Wintergreen Acquisition Corp,NASDAQ,Stock,2025-07-21,,Active
WTGUR,Wintergreen Acquisition Corp,NASDAQ,Stock,2025-07-21,,Active
WTGUU,Wintergreen Acquisition Corp - Units (1 Ord Shs & 1 Rts),NASDAQ,Stock,2025-05-29,,Active
WTI,W & T Offshore Inc,NYSE,Stock,2005-01-28,,Active
WTIB,USCF Oil Plus Bitcoin Strategy Fund,NYSE,Stock,2025-12-10,,Active
WTID,Bank of Montreal,NYSE,ETF,2017-01-05,,Active
WTIP,WISDOMTREE INFLATION PLUS FUND ,NASDAQ,ETF,2025-06-18,,Active
WTIU,MicroSectors Energy 3X Leveraged ETN,NYSE,ETF,2017-01-05,,Active
WTLS,WISDOMTREE EFFICIENT LONG/SHORT U.S. EQUITY FUND ,BATS,ETF,2026-01-22,,Active
WTM,White Mountains Insurance Group Ltd,NYSE,Stock,1986-05-09,,Active
WTMA,Evolution Metals & Technologies Corp.,NASDAQ,Stock,2026-05-28,,Active
WTMF,WISDOMTREE MANAGED FUTURES STRATEGY FUND ,NYSE,ETF,2011-01-05,,Active
WTMU,WISDOMTREE CORE LADDERED MUNICIPAL FUND ,NASDAQ,ETF,2025-04-03,,Active
WTMY,WISDOMTREE HIGH INCOME LADDERED MUNICIPAL FUND ,NASDAQ,ETF,2025-04-03,,Active
WTO,UTime Ltd,NASDAQ,Stock,2021-04-06,,Active
WTPI,WISDOMTREE EQUITY PREMIUM INCOME FUND ,NYSE,ETF,2016-02-24,,Active
WTRE,WISDOMTREE NEW ECONOMY REAL ESTATE FUND ,NYSE,ETF,2007-06-05,,Active
WTRG,Essential Utilities Inc,NYSE,Stock,1987-12-30,,Active
WTS,Watts Water Technologies Inc - Class A,NYSE,Stock,1986-01-02,,Active
WTTR,Select Water Solutions Inc - Class A,NYSE,Stock,2017-04-21,,Active
WTV,WISDOMTREE U.S. VALUE FUND ,NYSE,ETF,2017-12-15,,Active
WTW,Willis Towers Watson Public Ltd Company,NASDAQ,Stock,2016-01-05,,Active
WU,Western Union Company,NYSE,Stock,2006-10-02,,Active
WUGI,AXS ESOTERICA NEXTG ECONOMY ETF ,BATS,ETF,2020-03-31,,Active
WULF,TeraWulf Inc,NASDAQ,Stock,1996-05-30,,Active
WULX,Tradr 2X Long WULF Daily ETF,BATS,ETF,2025-10-23,,Active
WUSA,WISDOMTREE U.S. DOMESTIC ECONOMY FUND NA,NYSE ARCA,ETF,2015-07-21,,Active
WVE,Wave Life Sciences Ltd,NASDAQ,Stock,2015-11-11,,Active
WVVI,Willamette Valley Vineyard Inc,NASDAQ,Stock,1994-09-15,,Active
WVVIP,Willamette Valley Vineyard Inc,NASDAQ,Stock,2016-06-29,,Active
WW,WW International Inc,NASDAQ,Stock,2001-11-15,,Active
WWACU,Aeries Technology Inc - Units (1 Ord Class A & 1/2 War),NASDAQ,Stock,2021-10-20,,Active
WWD,Woodward Inc,NASDAQ,Stock,1996-05-30,,Active
WWJD,INSPIRE INTERNATIONAL ETF ,NYSE,ETF,2019-10-01,,Active
WWR,Westwater Resources Inc,AMEX,Stock,2017-08-22,,Active
WWW,Wolverine World Wide Inc,NYSE,Stock,1984-12-18,,Active
WX,WuXi PharmaTech Cayman Inc. ADR,NYSE,Stock,2007-08-15,,Active
WXET,TEUCRIUM 2X DAILY WHEAT ETF ,NYSE,ETF,2024-12-13,,Active
WXM,WF International Ltd,NASDAQ,Stock,2025-04-01,,Active
WY,Weyerhaeuser Company,NYSE,Stock,1973-05-03,,Active
WYFI,Whitefiber Inc,NASDAQ,Stock,2025-08-07,,Active
WYFL,Defiance Daily Target 2X Long WYFI,BATS,Stock,2026-06-04,,Active
WYHG,Wing Yip Food Holdings Group Ltd,NASDAQ,Stock,2024-11-26,,Active
WYNN,Wynn Resorts Ltd,NASDAQ,Stock,2002-10-25,,Active
WYY,Widepoint Corp,AMEX,Stock,1998-05-19,,Active
WZRD,Opportunistic Trader ETF,BATS,ETF,2024-03-20,,Active
XA,Corgi AI Cybersecurity,BATS,Stock,2026-05-06,,Active
XAGG,EATON VANCE INCOME OPPORTUNITIES ETF ,NYSE,ETF,2025-11-10,,Active
XAGI,Corgi AGIX 2x Daily,BATS,Stock,2026-06-03,,Active
XAIL,Defiance Pure Space Daily 2X Strategy,BATS,Stock,2026-04-08,,Active
XAIR,Beyond Air Inc,NASDAQ,Stock,2017-09-22,,Active
XAIW,SpaceXAI Lab Ecosystem ETF,NYSE ARCA,ETF,2026-08-13,,Active
XAIX,XTRACKERS ARTIFICIAL INTELLIGENCE AND BIG DATA ETF ,NASDAQ,ETF,2024-08-02,,Active
XAPR,FT VEST U.S. EQUITY ENHANCE & MODERATE BUFFER ETF - APRIL ,BATS,ETF,2024-04-22,,Active
XAR,STATE STREET(R) SPDR(R) S&P(R) AEROSPACE & DEFENSE ETF ,NYSE,ETF,2011-09-29,,Active
XAUG,FT VEST U.S. EQUITY ENHANCE & MODERATE BUFFER ETF - AUGUST ,BATS,ETF,2023-08-21,,Active
XB,BONDBLOXX B RATED USD HIGH YIELD CORPORATE BOND ETF ,NYSE,ETF,2022-05-26,,Active
XBAP,Innovator U.S. Equity Accelerated 9 Buffer ETF - April,BATS,ETF,2021-04-01,,Active
XBB,BONDBLOXX BB RATED USD HIGH YIELD CORPORATE BOND ETF ,NYSE,ETF,2022-05-26,,Active
XBCI,NEOS BOOSTED BITCOIN HIGH INCOME ETF ,NASDAQ,ETF,2026-02-03,,Active
XBFR,Innovator Equity Managed 10 Buffer,NYSE,Stock,2026-02-24,,Active
XBI,STATE STREET(R) SPDR(R) S&P(R) BIOTECH ETF ,NYSE,ETF,2006-02-06,,Active
XBIL,F/M US TREASURY 6 MONTH BILL ETF ,NASDAQ,ETF,2023-03-07,,Active
XBIO,Xenetic Biosciences Inc,NASDAQ,Stock,2014-04-17,,Active
XBIT,XBiotech Inc,NASDAQ,Stock,2015-04-15,,Active
XBIX,Corgi U.S. Biotech 2x Daily,BATS,Stock,2026-06-03,,Active
XBJA,Innovator U.S. Equity Accelerated 9 Buffer ETF - January,BATS,ETF,2022-01-03,,Active
XBJL,Innovator U.S. Equity Accelerated 9 Buffer ETF - July,BATS,ETF,2021-07-01,,Active
XBNB,TEUCRIUM XETFS 2X LONG DAILY BNB ETF ,NYSE,ETF,2026-04-28,,Active
XBOC,Innovator U.S. Equity Accelerated 9 Buffer ETF - October,BATS,ETF,2021-10-01,,Active
XBOX,ROUNDHILL ULTRA SHORT DURATION NO DIVIDEND TARGET ETF ,BATS,ETF,2026-03-18,,Active
XBP,XBP Global Holdings Inc,NASDAQ,Stock,2023-11-29,,Active
XBPEW,XBP Europe Holdings Inc - Warrants (30/11/2028),NASDAQ,Stock,2021-05-07,,Active
XBTY,GRANITESHARES YIELDBOOST BITCOIN ETF ,NASDAQ,ETF,2025-05-13,,Active
XC,WISDOMTREE TRUE EMERGING MARKETS FUND ,NYSE,ETF,2022-09-22,,Active
XCBE,,NASDAQ,Stock,2026-03-13,,Active
XCBEU,X3 Acquisition Corp Ltd - Units (1 Ord Cls A & 1/2 War),NASDAQ,Stock,2026-01-21,,Active
XCBEW,X3 Acquisition Corp Ltd Warrant,NASDAQ,Stock,2026-03-16,,Active
XCCC,BONDBLOXX CCC RATED USD HIGH YIELD CORPORATE BOND ETF ,NYSE,ETF,2022-05-26,,Active
XCEM,COLUMBIA EM CORE EX-CHINA ETF ,NYSE,ETF,2015-09-02,,Active
XCH,XCHG Ltd,NASDAQ,Stock,2024-09-10,,Active
XCHG,AB US EQUITY ETF ,NYSE,ETF,2025-12-15,,Active
XCLR,GLOBAL X S&P 500 COLLAR 95-110 ETF ,NYSE,ETF,2021-08-26,,Active
XCNY,SPDR S&P EMERGING MARKETS EX-CHINA ETF ,NASDAQ,ETF,2024-09-05,,Active
XCOM,Ultra Communication Services Select Sector ETF,NYSE ARCA,ETF,2019-01-16,,Active
XCOR,FUNDX ETF ,NYSE,ETF,2022-10-17,,Active
XCSH,XFUNDS 1-3 Month BOX ETF,NASDAQ,ETF,2026-08-18,,Active
XCUR,Exicure Inc,NASDAQ,Stock,2018-05-22,,Active
XDAP,Innovator U.S. Equity Accelerated ETF - April,BATS,ETF,2021-04-01,,Active
XDAT,FRANKLIN EXPONENTIAL DATA ETF ,BATS,ETF,2021-01-14,,Active
XDEC,FT VEST U.S. EQUITY ENHANCE & MODERATE BUFFER ETF - DECEMBER ,BATS,ETF,2021-12-20,,Active
XDEF,Xtrackers Europe Defense Technologies ETF,NASDAQ,ETF,2026-01-02,,Active
XDIV,ROUNDHILL S&P 500 NO DIVIDEND TARGET ETF ,BATS,ETF,2025-07-10,,Active
XDNA,Kelly CRISPR & Gene Editing Technology ETF,NASDAQ,ETF,2022-01-13,,Active
XDQQ,Innovator Growth Accelerated ETF - Quarterly,BATS,ETF,2021-04-01,,Active
XDSQ,Innovator U.S. Equity Accelerated ETF - Quarterly,BATS,ETF,2021-04-01,,Active
XDTE,ROUNDHILL S&P 500 0DTE COVERED CALL STRATEGY ETF ,BATS,ETF,2024-03-07,,Active
XE,X-Energy Inc - Class A,NASDAQ,Stock,2026-04-24,,Active
XEL,Xcel Energy Inc,NASDAQ,Stock,1985-09-24,,Active
XELB,Xcel Brands Inc,NASDAQ,Stock,2001-06-14,,Active
XELLL,Xcel Energy Inc,NASDAQ,Stock,2025-10-08,,Active
XEMD,BONDBLOXX JP MORGAN USD EMERGING MARKETS 1-10 YEAR BOND ETF ,BATS,ETF,2022-06-30,,Active
XEML,Xtrackers Europe Market Leaders ETF,BATS,ETF,2025-12-23,,Active
XENE,Xenon Pharmaceuticals Inc,NASDAQ,Stock,2014-11-05,,Active
XERS,Xeris Biopharma Holdings Inc,NASDAQ,Stock,2018-06-21,,Active
XES,STATE STREET(R) SPDR(R) S&P(R) OIL & GAS EQUIPMENT & SERVICES ETF ,NYSE,ETF,2006-06-22,,Active
XEUR,Corgi Europe Equities 2x Daily,BATS,Stock,2026-06-03,,Active
XEY,GraniteShares YieldBOOST Ether ETF,NASDAQ,Stock,2026-04-28,,Active
XFEB,FT VEST U.S. EQUITY ENHANCE & MODERATE BUFFER ETF - FEBRUARY ,BATS,ETF,2024-02-20,,Active
XFIV,BONDBLOXX BLOOMBERG FIVE YEAR TARGET DURATION US TREASURY ETF ,NYSE,ETF,2022-09-15,,Active
XFLH,XFLH Capital Corporation,NYSE,Stock,2026-03-09,,Active
XFLH-R,XFLH Capital Corporation Rights to receive oneseventh 17 of one Ordinary Share,NYSE,Stock,2026-03-09,,Active
XFLH-U,XFLH Capital Corporation Units each consisting of one Ordinary Share and one Right,NYSE,Stock,2026-02-12,,Active
XFLT,XAI Octagon Floating Rate & Alternative Income Term Trust,NYSE,ETF,2017-09-27,,Active
XFLX,FUNDX FLEXIBLE ETF ,NYSE,ETF,2023-10-09,,Active
XFOR,X4 Pharmaceuticals Inc,NASDAQ,Stock,2017-11-16,,Active
XGN,Exagen Inc,NASDAQ,Stock,2019-09-19,,Active
XHB,STATE STREET(R) SPDR(R) S&P(R) HOMEBUILDERS ETF ,NYSE,ETF,2006-02-06,,Active
XHE,STATE STREET(R) SPDR(R) S&P(R) HEALTH CARE EQUIPMENT ETF ,NYSE,ETF,2011-01-27,,Active
XHG,XChange TEC.Inc American Depositary Shares,NASDAQ,Stock,2024-05-29,,Active
XHLD,TEN Holdings Inc,NASDAQ,Stock,2025-02-13,,Active
XHLF,BONDBLOXX BLOOMBERG SIX MONTH TARGET DURATION US TREASURY ETF ,NYSE,ETF,2022-09-15,,Active
XHOA,Corgi U.S. Real Estate 2x Daily,BATS,Stock,2026-06-03,,Active
XHR,Xenia Hotels & Resorts Inc,NYSE,Stock,2015-02-04,,Active
XHS,STATE STREET(R) SPDR(R) S&P(R) HEALTH CARE SERVICES ETF ,NYSE,ETF,2011-09-29,,Active
XIDE,FT VEST U.S. EQUITY BUFFER & PREMIUM INCOME ETF - DECEMBER ,BATS,ETF,2023-12-18,,Active
XIDV,FRANKLIN INTERNATIONAL DIVIDEND BOOSTER INDEX ETF ,NYSE,ETF,2025-01-23,,Active
XIFR,NextEra Energy Partners LP,NYSE,Stock,2014-06-27,,Active
XIGV,Defiance US 100 Tech Ex Software ETF,BATS,ETF,2026-06-29,,Active
XIIIU,Churchill Capital Corp XIII - Units (1 Ord Cls A & 1/10 War),NASDAQ,Stock,2026-07-31,,Active
XIJN,FT VEST U.S. EQUITY BUFFER & PREMIUM INCOME ETF - JUNE ,BATS,ETF,2024-06-24,,Active
XIMR,FT VEST U.S. EQUITY BUFFER & PREMIUM INCOME ETF - MARCH ,BATS,ETF,2024-03-19,,Active
XISE,FT VEST U.S. EQUITY BUFFER & PREMIUM INCOME ETF - SEPTEMBER ,BATS,ETF,2023-09-18,,Active
XITK,STATE STREET(R) SPDR(R) FACTSET INNOVATIVE TECHNOLOGY ETF ,NYSE,ETF,2016-01-14,,Active
XIWC,Corgi U.S. MicroCap 2x Daily,BATS,Stock,2026-06-03,,Active
XJH,ISHARES ESG SELECT SCREENED S&P MID-CAP ETF ,BATS,ETF,2020-09-24,,Active
XJR,ISHARES ESG SELECT SCREENED S&P SMALL-CAP ETF ,BATS,ETF,2020-09-24,,Active
XJUL,FT VEST U.S. EQUITY ENHANCE & MODERATE BUFFER ETF - JULY ,BATS,ETF,2023-07-24,,Active
XJUN,FT VEST U.S. EQUITY ENHANCE & MODERATE BUFFER ETF - JUNE ,BATS,ETF,2021-07-13,,Active
XKRE,Corgi U.S. Regional Banks 2x Daily,BATS,Stock,2026-06-03,,Active
XLAB,Exascale Labs Holdings Inc - Class A,NASDAQ,Stock,2026-08-28,,Active
XLABW,Exascale Labs Holdings Inc - Warrants (28/08/2031),NASDAQ,Stock,2026-08-28,,Active
XLB,STATE STREET(R) MATERIALS SELECT SECTOR SPDR(R) ETF ,NYSE,ETF,1998-12-22,,Active
XLBI,STATE STREET(R) MATERIALS SELECT SECTOR SPDR(R) PREMIUM INCOME ETF ,NYSE,ETF,2025-07-30,,Active
XLBX,Corgi U.S. Materials 2x Daily,BATS,Stock,2026-06-03,,Active
XLC,STATE STREET(R) COMMUNICATION SERVICES SELECT SECTOR SPDR(R) ETF ,NYSE,ETF,2018-06-19,,Active
XLCD,ZC SP ETN REDEEM 31/07/2046 USD - XLCD,BATS,ETF,2026-09-10,,Active
XLCI,STATE STREET(R) COMMUNICATION SERVICES SELECT SECTOR SPDR(R) PREMIUM INCOME ETF STATE STREET(R ) COMMUNICATION SERVICES SELECT SECTOR SPDR(R) PREMIUM INCOME ETF,NYSE,ETF,2025-07-30,,Active
XLCU,ZC SP ETN REDEEM 31/07/2046 USD - XLCU,BATS,ETF,2026-09-10,,Active
XLE,STATE STREET(R) ENERGY SELECT SECTOR SPDR(R) ETF ,NYSE,ETF,1998-12-22,,Active
XLEI,STATE STREET(R) ENERGY SELECT SECTOR SPDR(R) PREMIUM INCOME ETF STATE STREET(R)ENERGY SELECT SECTOR SPDR(R) PREMIUM INCOME ETF,NYSE,ETF,2025-07-30,,Active
XLEX,Corgi U.S. Energy 2x Daily,BATS,Stock,2026-06-03,,Active
XLF,STATE STREET(R) FINANCIAL SELECT SECTOR SPDR(R) ETF ,NYSE,ETF,1998-12-22,,Active
XLFI,STATE STREET(R) FINANCIAL SELECT SECTOR SPDR(R) PREMIUM INCOME ETF ,NYSE,ETF,2025-07-30,,Active
XLFX,Corgi U.S. Financials 2x Daily,BATS,Stock,2026-06-03,,Active
XLG,INVESCO S&P 500 TOP 50 ETF ,NYSE,ETF,2005-05-10,,Active
XLI,STATE STREET(R) INDUSTRIAL SELECT SECTOR SPDR(R) ETF ,NYSE,ETF,1998-12-22,,Active
XLII,STATE STREET(R) INDUSTRIAL SELECT SECTOR SPDR(R) PREMIUM INCOME ETF ,NYSE,ETF,2025-07-30,,Active
XLIX,Corgi U.S. Industrials 2x Daily,BATS,Stock,2026-06-03,,Active
XLK,STATE STREET(R) TECHNOLOGY SELECT SECTOR SPDR(R) ETF ,NYSE,ETF,1998-12-22,,Active
XLKI,STATE STREET(R) TECHNOLOGY SELECT SECTOR SPDR(R) PREMIUM INCOME ETF ,NYSE,ETF,2025-07-30,,Active
XLKX,Corgi U.S. Technology 2x Daily,BATS,Stock,2026-06-03,,Active
XLO,Xilio Therapeutics Inc,NASDAQ,Stock,2021-10-22,,Active
XLP,STATE STREET(R) CONSUMER STAPLES SELECT SECTOR SPDR(R) ETF ,NYSE,ETF,1998-12-22,,Active
XLPD,ZC SP ETN REDEEM 31/07/2046 USD - XLPD,BATS,ETF,2026-09-10,,Active
XLPU,ZC SP ETN REDEEM 31/07/2046 USD - XLPU,BATS,ETF,2026-09-10,,Active
XLPX,Corgi U.S. Consumer Staples 2x Daily,BATS,Stock,2026-06-03,,Active
XLRE,STATE STREET(R) REAL ESTATE SELECT SECTOR SPDR(R) ETF ,NYSE,ETF,2015-10-08,,Active
XLRI,STATE STREET(R) REAL ESTATE SELECT SECTOR SPDR(R) PREMIUM INCOME ETF ,NYSE,ETF,2025-07-30,,Active
XLSI,STATE STREET(R) CONSUMER STAPLES SELECT SECTOR SPDR(R) PREMIUM INCOME ETF ,NYSE,ETF,2025-07-30,,Active
XLSR,STATE STREET(R) US SECTOR ROTATION ETF ,NYSE,ETF,2019-04-03,,Active
XLU,STATE STREET(R) UTILITIES SELECT SECTOR SPDR(R) ETF ,NYSE,ETF,1998-12-22,,Active
XLUI,STATE STREET(R) UTILITIES SELECT SECTOR SPDR(R) PREMIUM INCOME ETF ,NYSE,ETF,2025-07-30,,Active
XLUX,Corgi U.S. Utilities 2x Daily,BATS,Stock,2026-06-03,,Active
XLV,STATE STREET(R) HEALTH CARE SELECT SECTOR SPDR(R) ETF ,NYSE,ETF,1998-12-22,,Active
XLVI,STATE STREET(R) HEALTH CARE SELECT SECTOR SPDR(R) PREMIUM INCOME ETF STATE STREET(R)HEALTH CARE SELECT SECTOR SPDR(R) PREMIUM INCOME ETF,NYSE,ETF,2025-07-30,,Active
XLVX,Corgi U.S. Healthcare 2x Daily,BATS,Stock,2026-06-03,,Active
XLY,STATE STREET(R) CONSUMER DISCRETIONARY SELECT SECTOR SPDR(R) ETF ,NYSE,ETF,1998-12-22,,Active
XLYI,STATE STREET(R) CONSUMER DISCRETIONARY SELECT SECTOR SPDR(R) PREMIUM INCOME ETF ,NYSE,ETF,2025-07-30,,Active
XLYO,Xylo Technologies Ltd,NASDAQ,Stock,2024-04-17,,Active
XLYX,Corgi U.S. Consumer Discretionary 2x Daily,BATS,Stock,2026-06-03,,Active
XM,Qualtrics International Inc - Class A,NASDAQ,Stock,2021-01-28,,Active
XMAG,DEFIANCE LARGE CAP EX-MAG 7 ETF ,NASDAQ,ETF,2024-10-22,,Active
XMAR,FT VEST U.S. EQUITY ENHANCE & MODERATE BUFFER ETF - MARCH ,BATS,ETF,2023-03-20,,Active
XMAX,XMax Inc,NASDAQ,Stock,2011-10-17,,Active
XMAY,FT VEST U.S. EQUITY ENHANCE & MODERATE BUFFER ETF - MAY ,BATS,ETF,2024-05-20,,Active
XME,STATE STREET(R) SPDR(R) S&P(R) METALS & MINING ETF ,NYSE,ETF,2006-06-22,,Active
XMHQ,INVESCO S&P MIDCAP QUALITY ETF ,NYSE,ETF,2006-12-01,,Active
XMLV,INVESCO S&P MIDCAP LOW VOLATILITY ETF ,NYSE,ETF,2013-02-15,,Active
XMMO,INVESCO S&P MIDCAP MOMENTUM ETF ,NYSE,ETF,2005-03-03,,Active
XMPT,VANECK CEF MUNI INCOME ETF ,BATS,ETF,2011-07-13,,Active
XMTR,Xometry Inc - Class A,NASDAQ,Stock,2021-06-30,,Active
XMVM,INVESCO S&P MIDCAP VALUE WITH MOMENTUM ETF ,NYSE,ETF,2005-03-03,,Active
XNAV,FUNDX AGGRESSIVE ETF ,NYSE,ETF,2022-10-17,,Active
XNCR,Xencor Inc,NASDAQ,Stock,2013-12-03,,Active
XNDU,Xanadu Quantum Technologies Ltd,NASDAQ,Stock,2026-01-02,,Active
XNDX,TRADR 2X LONG XNDU DAILY ETF ,BATS,ETF,2026-05-07,,Active
XNET,Xunlei Ltd,NASDAQ,Stock,2014-06-24,,Active
XNOV,FT VEST U.S. EQUITY ENHANCE & MODERATE BUFFER ETF - NOVEMBER ,BATS,ETF,2023-11-20,,Active
XNTK,STATE STREET(R) SPDR(R) NYSE TECHNOLOGY ETF ,NYSE,ETF,2001-01-02,,Active
XOCT,FT VEST U.S. EQUITY ENHANCE & MODERATE BUFFER ETF - OCTOBER ,BATS,ETF,2023-10-23,,Active
XOEF,ISHARES S&P 500 EX S&P 100 ETF ,NYSE,Stock,2025-07-09,,Active
XOEX,Xtrackers S&P 500 Value Scored & Screened ETF,BATS,ETF,2022-11-09,,Active
XOM,Exxon Mobil Corp,NYSE,Stock,1970-01-02,,Active
XOMO,YIELDMAX(R) XOM OPTION INCOME STRATEGY ETF ,NYSE,ETF,2023-08-31,,Active
XOMX,Direxion Daily XOM Bull 2X Shares,NASDAQ,ETF,2025-04-23,,Active
XOMZ,Direxion Daily XOM Bear 1X Shares,NASDAQ,ETF,2025-04-23,,Active
XONE,BONDBLOXX BLOOMBERG ONE YEAR TARGET DURATION US TREASURY ETF ,NYSE,ETF,2022-09-15,,Active
XOP,STATE STREET(R) SPDR(R) S&P(R) OIL & GAS EXPLORATION & PRODUCTION ETF ,NYSE,ETF,2006-06-22,,Active
XOS,Xos Inc,NASDAQ,Stock,2021-08-20,,Active
XOVL,Defiance Daily Target 2X Long XOVR,BATS,Stock,2026-05-05,,Active
XOVR,ERSHARES PRIVATE-PUBLIC CROSSOVER ETF ,NASDAQ,ETF,2017-11-08,,Active
XP,XP Inc - Class A,NASDAQ,Stock,2019-12-11,,Active
XPAV,Corgi U.S. Infrastructure 2x Daily,BATS,Stock,2026-06-03,,Active
XPAY,ROUNDHILL S&P 500 TARGET 20 MANAGED DISTRIBUTION ETF ,NYSE,ETF,2024-10-31,,Active
XPDB,Power & Digital Infrastructure Acquisition II Corp - Class A,NASDAQ,Stock,2022-02-01,,Active
XPDBW,Power & Digital Infrastructure Acquisition II Corp - Warrants (09/12/2026),NASDAQ,Stock,2022-01-31,,Active
XPEG,Leverage Shares 2X Long XPEV Daily ETF,NASDAQ,ETF,2026-01-15,,Active
XPEL,XPEL Inc - Reg S,NASDAQ,Stock,2007-07-18,,Active
XPER,Xperi Inc,NYSE,Stock,2022-09-20,,Active
XPEV,XPeng Inc,NYSE,Stock,2020-08-27,,Active
XPH,STATE STREET(R) SPDR(R) S&P(R) PHARMACEUTICALS ETF ,NYSE,ETF,2006-06-22,,Active
XPL,Solitario Resources Corp,AMEX,Stock,2006-09-06,,Active
XPM,Defiance Daily Target 2x Long PM ETF,NASDAQ,ETF,2025-10-29,,Active
XPND,FIRST TRUST EXPANDED TECHNOLOGY ETF ,NYSE,ETF,2021-06-15,,Active
XPO,XPO Inc,NYSE,Stock,2003-10-07,,Active
XPOF,Xponential Fitness Inc - Class A,NYSE,Stock,2021-07-23,,Active
XPON,Expion360 Inc,NASDAQ,Stock,2022-04-01,,Active
XPP,PROSHARES ULTRA FTSE CHINA 50 ,NYSE,ETF,2009-06-04,,Active
XPRO,Expro Ltd,NYSE,Stock,2026-07-14,,Active
XPVVV,XP Inc,NASDAQ,Stock,2021-10-04,,Active
XQBT,Amplify Top 10 Quantum ETF,NYSE ARCA,ETF,2026-08-19,,Active
XQQI,NEOS Boosted Nasdaq100 High Income ETF,NASDAQ,ETF,2026-02-03,,Active
XQTM,Corgi Quantum Computing 2x Daily ETF,BATS,ETF,2026-06-30,,Active
XRAY,DENTSPLY Sirona Inc,NASDAQ,Stock,1991-04-25,,Active
XRLX,FUNDX CONSERVATIVE ETF ,NYSE,ETF,2023-10-09,,Active
XRMI,GLOBAL X S&P 500 RISK MANAGED INCOME ETF ,NYSE,ETF,2021-08-26,,Active
XRN,Global Medical REIT Inc,NYSE,Stock,2016-06-29,,Active
XRN-P-A,Global Medical REIT Inc,NYSE,Stock,2017-09-14,,Active
XRN-P-B,Global Medical REIT Inc,NYSE,Stock,2025-11-24,,Active
XRP,Common Shares Of Beneficial Interest,NYSE,ETF,2025-11-20,,Active
XRPC,Canary XRP ETF,NASDAQ,ETF,2025-11-13,,Active
XRPI,Volatility Shares Trust XRP ETF,NASDAQ,ETF,2025-05-22,,Active
XRPK,TREX 2X Long XRP Daily Target ETF,BATS,ETF,2025-12-02,,Active
XRPM,Amplify XRP 3 Monthly Premium Income ETF,BATS,ETF,2025-11-18,,Active
XRPN,Armada Acquisition Corp II - Class A,NASDAQ,Stock,2025-06-24,,Active
XRPNU,Armada Acquisition Corp II - Units (1 Ord Cls A & 1/2 War),NASDAQ,Stock,2025-05-21,,Active
XRPNW,Armada Acquisition Corp II - Warrants(21/05/2030),NASDAQ,Stock,2025-06-24,,Active
XRPR,REX-OSPREY(TM) XRP ETF ,BATS,ETF,2025-09-18,,Active
XRPT,Volatility Shares Trust XRP 2X ETF,NASDAQ,ETF,2025-05-22,,Active
XRPZ,Common Shares of Beneficial Interest,NYSE,Stock,2025-11-24,,Active
XRT,STATE STREET(R) SPDR(R) S&P(R) RETAIL ETF ,NYSE,ETF,2006-06-22,,Active
XRTX,XORTX Therapeutics Inc,NASDAQ,Stock,2018-11-28,,Active
XRX,Xerox Holdings Corp,NASDAQ,Stock,1977-01-03,,Active
XRXDW,Xerox Holdings Corp - Warrants (14/02/2028),NASDAQ,Stock,2026-02-13,,Active
XSD,STATE STREET(R) SPDR(R) S&P(R) SEMICONDUCTOR ETF ,NYSE,ETF,2006-02-06,,Active
XSEM,Corgi U.S. Semiconductors 2x Daily,BATS,Stock,2026-06-03,,Active
XSEP,FT VEST U.S. EQUITY ENHANCE & MODERATE BUFFER ETF - SEPTEMBER ,BATS,ETF,2022-09-22,,Active
XSHD,INVESCO S&P SMALLCAP HIGH DIVIDEND LOW VOLATILITY ETF ,BATS,ETF,2016-12-01,,Active
XSHP,Kurv SpaceX Enhanced Income ETF,BATS,ETF,2026-06-17,,Active
XSHQ,INVESCO S&P SMALLCAP QUALITY ETF ,BATS,ETF,2017-08-24,,Active
XSLL,Xsolla SPAC 1,NASDAQ,Stock,2026-03-18,,Active
XSLLU,Xsolla SPAC 1 - Units (1 Ord Cls A & 1/3 War),NASDAQ,Stock,2026-01-29,,Active
XSLLW,Xsolla SPAC 1 Warrants,NASDAQ,Stock,2026-03-18,,Active
XSLV,INVESCO S&P SMALLCAP LOW VOLATILITY ETF ,NYSE,ETF,2013-02-15,,Active
XSMO,INVESCO S&P SMALLCAP MOMENTUM ETF ,NYSE,ETF,2005-03-03,,Active
XSOE,WISDOMTREE EMERGING MARKETS EX-STATE-OWNED ENTERPRISES FUND ,NYSE,ETF,2014-12-10,,Active
XSPC,VEGASHARES SPACE & AI ETF ,NASDAQ,ETF,2026-06-16,,Active
XSPI,NEOS Boosted S&P 500 High Income ETF,NASDAQ,ETF,2026-02-03,,Active
XSVM,INVESCO S&P SMALLCAP VALUE WITH MOMENTUM ETF ,NYSE,ETF,2005-03-03,,Active
XSVN,BONDBLOXX BLOOMBERG SEVEN YEAR TARGET DURATION US TREASURY ETF ,NYSE,ETF,2022-09-15,,Active
XSW,STATE STREET(R) SPDR(R) S&P(R) SOFTWARE & SERVICES ETF ,NYSE,ETF,2011-09-29,,Active
XT,ISHARES FUTURE EXPONENTIAL TECHNOLOGIES ETF ,NASDAQ,ETF,2015-03-24,,Active
XTAI,Corgi Taiwan 2x Daily,BATS,Stock,2026-06-03,,Active
XTAP,Innovator U.S. Equity Accelerated Plus ETF - April,BATS,ETF,2021-04-01,,Active
XTEN,BONDBLOXX BLOOMBERG TEN YEAR TARGET DURATION US TREASURY ETF ,NYSE,ETF,2022-09-15,,Active
XTER,Karman Line Acquisition Corp - Class A,NASDAQ,Stock,2026-08-27,,Active
XTERU,Karman Line Acquisition Corp - Units (1 Ord & 1/2 War),NASDAQ,Stock,2026-08-18,,Active
XTERW,Karman Line Acquisition Corp - Warrants (11/08/2031),NASDAQ,Stock,2026-08-27,,Active
XTIA,XTI Aerospace Inc Common Stock,NASDAQ,Stock,2024-03-12,,Active
XTJA,Innovator U.S. Equity Accelerated Plus ETF - January,BATS,ETF,2022-01-03,,Active
XTJL,Innovator U.S. Equity Accelerated Plus ETF - July,BATS,ETF,2021-07-01,,Active
XTKG,X3 Holdings Co Ltd,NASDAQ,Stock,2019-04-02,,Active
XTL,STATE STREET(R) SPDR(R) S&P(R) TELECOM ETF ,NYSE,ETF,2011-01-27,,Active
XTLB,X.T.L. Biopharmaceuticals Ltd,NASDAQ,Stock,2005-09-01,,Active
XTN,STATE STREET(R) SPDR(R) S&P(R) TRANSPORTATION ETF ,NYSE,ETF,2011-01-27,,Active
XTND,Xtend AI Robotics Inc,NYSE,Stock,2026-09-04,,Active
XTNT,Xtant Medical Holdings Inc,AMEX,Stock,2015-10-19,,Active
XTOC,Innovator U.S. Equity Accelerated Plus ETF - October,BATS,ETF,2021-10-01,,Active
XTR,GLOBAL X S&P 500 TAIL RISK ETF ,NYSE,ETF,2021-08-26,,Active
XTRE,BONDBLOXX BLOOMBERG THREE YEAR TARGET DURATION US TREASURY ETF ,NYSE,ETF,2022-09-15,,Active
XTWO,BONDBLOXX BLOOMBERG TWO YEAR TARGET DURATION US TREASURY ETF ,NYSE,ETF,2022-09-15,,Active
XTWY,BONDBLOXX BLOOMBERG TWENTY YEAR TARGET DURATION US TREASURY ETF ,NYSE,ETF,2022-09-15,,Active
XUDV,FRANKLIN U.S. DIVIDEND BOOSTER INDEX ETF ,NYSE,ETF,2025-01-23,,Active
XUSP,Innovator Uncapped Accelerated U.S. Equity ETF,BATS,ETF,2022-08-11,,Active
XV,Simplify Exchange Traded Funds Target 15 Distribution,NYSE,Stock,2025-04-15,,Active
XVAP,FT Vest AAPL & Target Income ETF,BATS,ETF,2026-08-19,,Active
XVNV,FT Vest NVDA & Target Income ETF,BATS,ETF,2026-08-19,,Active
XVO,Corgi U.S. MidCap 2x Daily,BATS,Stock,2026-06-03,,Active
XVSP,FT Vest SPCX & Target Income ETF,BATS,ETF,2026-08-26,,Active
XVTS,FT Vest TSLA & Target Income ETF,BATS,ETF,2026-08-19,,Active
XVUG,Corgi U.S. Growth 2x Daily,BATS,Stock,2026-06-03,,Active
XVV,ISHARES ESG SELECT SCREENED S&P 500 ETF ,BATS,ETF,2020-09-24,,Active
XW,Corgi ExU.S. Equities 2x Daily,BATS,Stock,2026-06-03,,Active
XWEL,XWELL Inc,NASDAQ,Stock,2018-01-05,,Active
XWNG,Amplify Top 10 Space ETF,NYSE ARCA,ETF,2026-08-19,,Active
XXI,Twenty One Capital Inc Class A,NYSE,Stock,2025-12-08,,Active
XXII,22nd Century Group Inc,NASDAQ,Stock,2011-01-26,,Active
XXRP,TEUCRIUM 2X LONG DAILY XRP ETF ,NYSE,ETF,2025-04-08,,Active
XXV,SIMPLIFY ANCORATO TARGET 25 DISTRIBUTION ETF ,NYSE,ETF,2010-07-19,,Active
XXX,CYBER HORNET S&P 500 and XRP 7525 Strategy ETF,NASDAQ,ETF,2026-01-30,,Active
XYF,X Financial,NYSE,Stock,2018-09-19,,Active
XYL,Xylem Inc,NYSE,Stock,2011-10-13,,Active
XYLD,GLOBAL X S&P 500 COVERED CALL ETF ,NYSE,ETF,2013-06-24,,Active
XYLG,GLOBAL X S&P 500 COVERED CALL & GROWTH ETF ,NYSE,ETF,2020-09-21,,Active
XYZ,Block Inc - Class A,NYSE,Stock,2015-11-19,,Active
XYZG,LEVERAGE SHARES 2X LONG XYZ DAILY ETF ,NASDAQ,ETF,2025-04-04,,Active
XYZY,YIELDMAX(R) XYZ OPTION INCOME STRATEGY ETF ,NYSE,ETF,2023-10-11,,Active
XZO,Exzeo Group Inc,NYSE,Stock,2025-11-05,,Active
YAAS,Youxin Technology Ltd - Class A,NASDAQ,Stock,2024-12-20,,Active
YALA,Yalla Group Ltd,NYSE,Stock,2020-09-30,,Active
YALL,GOD BLESS AMERICA ETF ,NYSE,ETF,2022-10-11,,Active
YANG,DIREXION DAILY FTSE CHINA BEAR 3X SHARES ,NYSE,ETF,2009-12-03,,Active
YARW,Yarrow Bioscience Inc,NASDAQ,Stock,2018-01-25,,Active
YB,Yuanbao Inc,NASDAQ,Stock,2025-04-30,,Active
YBIT,YIELDMAX(R) BITCOIN OPTION INCOME STRATEGY ETF ,NYSE,ETF,2024-04-23,,Active
YBMN,DEFIANCE BMNR OPTION INCOME ETF ,NASDAQ,ETF,2025-11-25,,Active
YBST,GraniteShares YieldBoost Single Stock Universe ETF,NASDAQ,ETF,2025-12-16,,Active
YBTC,ROUNDHILL BITCOIN COVERED CALL STRATEGY ETF ,BATS,ETF,2024-01-18,,Active
YBTY,GraniteShares YieldBoost TopYielders ETF,NASDAQ,ETF,2025-12-16,,Active
YCBD,cbdMD Inc,AMEX,Stock,2019-04-29,,Active
YCL,ProShares Ultra Yen 2x Shares,NYSE,ETF,2008-12-09,,Active
YCLO,Franklin BSP CLO,NYSE ARCA,Stock,2026-06-04,,Active
YCS,ProShares UltraShort Yen -2x Shares,NYSE,ETF,2008-11-25,,Active
YCY,AA Mission Acquisition Corp II Class A,NYSE,Stock,2025-10-29,,Active
YCY-U,AA Mission Acquisition Corp II - Units (1 Ord Cls A & 1/2 War),NYSE,Stock,2025-10-01,,Active
YCY-WS,AA Mission Acquisition Corp II Warrants each whole warrant entitles to purchase one Class A ordinary share at a price of 11.50 per share,NYSE,Stock,2025-10-29,,Active
YDDL,One and one Green Technologies. Inc - Class A,NASDAQ,Stock,2025-10-09,,Active
YDEC,FT VEST INTERNATIONAL EQUITY MODERATE BUFFER ETF - DECEMBER ,BATS,ETF,2020-12-21,,Active
YDES,YD Bio Ltd,NASDAQ,Stock,2025-08-18,,Active
YDESW,YD Bio Ltd Warrants,NASDAQ,Stock,2025-08-29,,Active
YDKG,Yueda Digital Holding Cl A Ord,NASDAQ,Stock,2025-09-18,,Active
YEAR,AB ULTRA SHORT INCOME ETF ,NYSE,ETF,2022-09-14,,Active
YELP,Yelp Inc,NYSE,Stock,2012-03-02,,Active
YETH,ROUNDHILL ETHER COVERED CALL STRATEGY ETF ,BATS,ETF,2024-09-04,,Active
YETI,YETI Holdings Inc,NYSE,Stock,2018-10-25,,Active
YEXT,Yext Inc,NYSE,Stock,2017-04-13,,Active
YFFI,INDEXPERTS YIELD FOCUSED FIXED INCOME ETF ,NYSE,ETF,2025-01-02,,Active
YFOR,YYForce Inc - Class A,NASDAQ,Stock,2024-04-22,,Active
YFYA,YIELDS FOR YOU INCOME STRATEGY A ETF ,NYSE,ETF,2025-01-31,,Active
YGLD,SIMPLIFY GOLD STRATEGY ETF ,NYSE,ETF,2024-12-03,,Active
YHC,LQR House Inc,NASDAQ,Stock,2023-08-10,,Active
YHGJ,Yunhong Green CTI Ltd,NASDAQ,Stock,2003-05-29,,Active
YHNA,YHN Acquisition I Ltd,NASDAQ,Stock,2024-11-08,,Active
YHNAR,YHN Acquisition I Ltd,NASDAQ,Stock,2024-11-08,,Active
YHNAU,YHN Acquisition I Ltd - Units (1 Ord & 1 Rts),NASDAQ,Stock,2024-09-18,,Active
YI,111 Inc,NASDAQ,Stock,2018-09-12,,Active
YIBO,Planet Image International Ltd - Class A,NASDAQ,Stock,2024-01-25,,Active
YICC,Yorkville International Capital Corp - Class A,NASDAQ,Stock,2026-07-13,,Active
YICCU,Yorkville International Capital Corp - Units (1 Ord Cls A & 1/3 War),NASDAQ,Stock,2026-06-16,,Active
YICCW,Yorkville International Capital Corp - Warrants (11/06/2031),NASDAQ,Stock,2026-07-14,,Active
YINN,DIREXION DAILY FTSE CHINA BULL 3X SHARES ,NYSE,ETF,2009-12-03,,Active
YJ,Yunji Inc,NASDAQ,Stock,2019-05-03,,Active
YJUN,FT VEST INTERNATIONAL EQUITY MODERATE BUFFER ETF - JUNE ,BATS,ETF,2021-06-21,,Active
YLD,PRINCIPAL ACTIVE HIGH YIELD ETF (FORMERLY PRINCIPAL ACTIVE INCOME ETF) ,NYSE,ETF,2015-07-09,,Active
YLDE,FRANKLIN CLEARBRIDGE ENHANCED INCOME ETF ,NASDAQ,ETF,2017-05-23,,Active
YLDW,Westwood Enhanced Income Opportunity ETF,NYSE,ETF,2025-12-12,,Active
YLDY,Horizon High Income ETF,BATS,ETF,2026-08-12,,Active
YMAG,YIELDMAX(R) MAGNIFICENT 7 FUND OF OPTION INCOME ETFS ,NYSE,ETF,2024-01-30,,Active
YMAR,FT VEST INTERNATIONAL EQUITY MODERATE BUFFER ETF - MARCH ,BATS,ETF,2021-03-22,,Active
YMAT,J-Star Holding Co Ltd - Class A,NASDAQ,Stock,2025-12-11,,Active
YMAX,YIELDMAX(R) UNIVERSE FUND OF OPTION INCOME ETFS ,NYSE,ETF,2024-01-17,,Active
YMM,Full Truck Alliance Co Ltd,NYSE,Stock,2021-06-22,,Active
YMT,Yimutian Inc,NASDAQ,Stock,2025-08-19,,Active
YNOT,HORIZON DIGITAL FRONTIER ETF ,NASDAQ,ETF,2025-07-10,,Active
YOKE,YOKE CORE ETF ,NASDAQ,ETF,2025-02-24,,Active
YOLO,ADVISORSHARES PURE CANNABIS ETF ,NYSE,ETF,2019-04-18,,Active
YOOV,Concorde International Group Ltd,NASDAQ,Stock,2026-07-20,,Active
YORW,York Water Company,NASDAQ,Stock,1999-05-03,,Active
YOU,Clear Secure Inc Class A,NYSE,Stock,2021-06-30,,Active
YOUL,Youlife Group Inc,NASDAQ,Stock,2025-07-10,,Active
YPF,YPF,NYSE,Stock,1993-06-29,,Active
YQ,17 Education & Technology Group Inc,NASDAQ,Stock,2020-12-04,,Active
YQQQ,YIELDMAX(R) SHORT N100 OPTION INCOME STRATEGY ETF ,NASDAQ,ETF,2024-08-15,,Active
YRAM,YieldMax Memory and Storage Portfolio Option Income ETF,NASDAQ,ETF,2026-08-25,,Active
YRD,Yiren Digital Ltd,NYSE,Stock,2015-12-18,,Active
YSAG,Y`all Street Physical Silver ETF,NASDAQ,ETF,2026-07-15,,Active
YSAU,Y`all Street Physical Gold ETF,NASDAQ,ETF,2026-07-15,,Active
YSEP,FT VEST INTERNATIONAL EQUITY MODERATE BUFFER ETF - SEPTEMBER ,BATS,ETF,2021-09-20,,Active
YSG,Yatsen Holding Ltd,NYSE,Stock,2020-11-19,,Active
YSPC,YieldMax SPCX Option Income Strategy ETF,NYSE ARCA,ETF,2026-07-15,,Active
YSPY,GRANITESHARES YIELDBOOST SPY ETF ,NASDAQ,ETF,2025-02-26,,Active
YSS,York Space Systems Inc,NYSE,Stock,2026-01-29,,Active
YSWY,Yesway Inc - Class A,NASDAQ,Stock,2026-04-22,,Active
YSXT,Ysx Tech Co.Ltd - Class A,NASDAQ,Stock,2024-12-18,,Active
YTRA,Yatra Online Inc,NASDAQ,Stock,2016-12-19,,Active
YUM,Yum Brands Inc,NYSE,Stock,1997-09-17,,Active
YUMC,Yum China Holdings Inc,NYSE,Stock,2016-10-17,,Active
YUNG,Corgi Longevity Consumer,BATS,Stock,2026-05-06,,Active
YXI,ProShares Short FTSE China 50 -1x Shares,NYSE,ETF,2010-03-18,,Active
YXT,Yxt.Com Group Holding Ltd,NASDAQ,Stock,2024-08-16,,Active
YYAI,AiRWA Inc,NASDAQ,Stock,2019-05-24,,Active
YYY,AMPLIFY CEF HIGH INCOME ETF ,NYSE,ETF,2012-06-12,,Active
YYYM,Amplify Municipal CEF High Income,NYSE,Stock,2026-03-10,,Active
Z,Zillow Group Inc - Class C,NASDAQ,Stock,2015-08-03,,Active
ZALT,Innovator U.S. Equity 10 Buffer ETF - Quarterly,BATS,ETF,2023-10-02,,Active
ZAP,GLOBAL X U.S. ELECTRIFICATION ETF ,NASDAQ,ETF,2024-12-18,,Active
ZAPR,Innovator Equity Defined Protection ETF 1 Yr April,BATS,ETF,2025-04-01,,Active
ZAUG,Innovator Equity Defined Protection ETF - 1 Yr August,BATS,ETF,2024-08-01,,Active
ZAZZT,ZAZZT,NASDAQ,Stock,2016-08-30,,Active
ZBAI,ATIF Holdings Ltd,NASDAQ,Stock,2024-12-17,,Active
ZBAO,Zhibao Technology Inc,NASDAQ,Stock,2024-04-02,,Active
ZBH,Zimmer Biomet Holdings Inc,NYSE,Stock,2001-07-25,,Active
ZBIO,Zenas Biopharma Inc,NASDAQ,Stock,2024-09-13,,Active
ZBRA,Zebra Technologies Corp - Class A,NASDAQ,Stock,1991-08-15,,Active
ZBZX,Bats Listed Test,BATS,Stock,2011-10-06,,Active
ZBZZT,ZBZZT,NASDAQ,Stock,2016-08-31,,Active
ZCBA,GLOBAL X ZERO COUPON BOND 2030 ETF ,NYSE,ETF,2026-01-07,,Active
ZCBB,GLOBAL X ZERO COUPON BOND 2031 ETF ,NYSE,ETF,2026-01-07,,Active
ZCBC,GLOBAL X ZERO COUPON BOND 2032 ETF ,NYSE,ETF,2026-01-07,,Active
ZCBE,GLOBAL X ZERO COUPON BOND 2033 ETF ,NYSE,ETF,2026-01-07,,Active
ZCBF,GLOBAL X ZERO COUPON BOND 2034 ETF ,NYSE,ETF,2026-01-07,,Active
ZCBG,GLOBAL X ZERO COUPON BOND 2035 ETF ,NYSE,ETF,2026-01-07,,Active
ZCMD,Zhongchao Inc - Class A,NASDAQ,Stock,2020-02-24,,Active
ZCSH,Grayscale Investments LLC,NYSE ARCA,Stock,2021-10-18,,Active
ZCZZT,Super Montage IPO X Tst Security SM IPO X 3,NASDAQ,Stock,2016-08-26,,Active
ZD,Ziff Davis Inc,NASDAQ,Stock,1999-07-23,,Active
ZDAI,Primega Group Holdings Ltd,NASDAQ,Stock,2024-07-23,,Active
ZDEK,Innovator Equity Defined Protection ETF 1 Yr December,BATS,ETF,2024-12-02,,Active
ZDGE,Zedge Inc - Class B,AMEX,Stock,2016-05-26,,Active
ZDIS,Virtus Zevenbergen Discovery Growth ETF,NYSE ARCA,ETF,2026-08-17,,Active
ZECP,ZACKS EARNINGS CONSISTENT PORTFOLIO ETF ,BATS,ETF,2021-08-24,,Active
ZENA,ZenaTech Inc,NASDAQ,Stock,2024-10-01,,Active
ZEO,Zeo Energy Corp - Class A,NASDAQ,Stock,2021-12-16,,Active
ZEOWW,Zeo Energy Corp - Warrants (14/03/2029),NASDAQ,Stock,2021-12-13,,Active
ZEPP,Zepp Health Corporation,NYSE,Stock,2018-02-08,,Active
ZETA,Zeta Global Holdings Corp - Class A,NYSE,Stock,2021-06-10,,Active
ZEV-WS,Lightning eMotors Inc Wt Exp 05182025,NYSE,Stock,2021-05-07,,Active
ZFEB,Innovator Equity Defined Protection ETF 1 Yr February,BATS,ETF,2025-02-03,,Active
ZG,Zillow Group Inc - Class A,NASDAQ,Stock,2011-07-20,,Active
ZGEN,The Generation Z ETF,NASDAQ,ETF,2021-12-16,,Active
ZGM,Zenta Group Co. Ltd,NASDAQ,Stock,2025-09-09,,Active
ZGN,Ermenegildo Zegna N.V.,NYSE,Stock,2021-12-20,,Active
ZH,Zhihu Inc,NYSE,Stock,2021-03-26,,Active
ZHDG,ZEGA BUY AND HEDGE ETF ,NYSE,ETF,2021-07-07,,Active
ZHOG,F/m Opportunistic Income ETF,NASDAQ,ETF,2023-09-06,,Active
ZIG,THE ACQUIRERS FUND ,NYSE,ETF,2019-05-15,,Active
ZIM,Zim Integrated Shipping Services Ltd,NYSE,Stock,2021-01-28,,Active
ZINC,HORSEHEAD HOLDING CORP.,NASDAQ,Stock,2026-06-02,,Active
ZINGU,FTAC Zeus Acquisition Corp - Units (1 Ord Share Class A & 1/2 War),NASDAQ,Stock,2021-11-19,,Active
ZINN,Virtus Zevenbergen Innovative Growth ETF,NYSE ARCA,ETF,2026-08-17,,Active
ZION,Zions Bancorporation N.A,NASDAQ,Stock,1990-03-26,,Active
ZIONP,Zions Bancorporation N.A,NASDAQ,Stock,2014-09-22,,Active
ZIP,ZipRecruiter Inc - Class A,NYSE,Stock,2021-05-26,,Active
ZIPP,STKd 100 UBER & 100 TSLA ETF,NASDAQ,ETF,2025-03-06,,Active
ZIVB,-1x Short VIX Mid-Term Futures Strategy ETF,BATS,ETF,2026-05-28,,Active
ZJAN,Innovator Equity Defined Protection ETF 1 Yr January,BATS,ETF,2025-01-02,,Active
ZJK,ZJK Industrial Co Ltd,NASDAQ,Stock,2024-09-30,,Active
ZJUL,Innovator Equity Defined Protection ETF - 1 Yr July,BATS,ETF,2024-07-01,,Active
ZJUN,Innovator Equity Defined Protection ETF 1 Yr June,BATS,ETF,2025-06-02,,Active
ZJYL,Jin Medical International Ltd,NASDAQ,Stock,2023-03-28,,Active
ZJZZT,NASDAQ TEST STOCK,NASDAQ,Stock,2014-09-24,,Active
ZKH,ZKH Group Ltd,NYSE,Stock,2023-12-15,,Active
ZKIN,ZK International Group Co Ltd,NASDAQ,Stock,2017-09-01,,Active
ZKP,Lafayette Digital Acquisition Corp I - Class A,NASDAQ,Stock,2026-02-04,,Active
ZKPU,Lafayette Digital Acquisition Corp I - Units (1 Ord Cls A & 1/4 War),NASDAQ,Stock,2026-01-09,,Active
ZKPW,Lafayette Digital Acquisition Corp I - Warrants (23/12/2030),NASDAQ,Stock,2026-02-04,,Active
ZLAB,Zai Lab Ltd,NASDAQ,Stock,2017-09-20,,Active
ZM,Zoom Video Communications Inc - Class A,NASDAQ,Stock,2019-04-18,,Active
ZMAR,Innovator Equity Defined Protection ETF 1 Yr March,BATS,ETF,2025-03-03,,Active
ZMAY,Innovator Equity Defined Protection ETF 1 Yr May,BATS,ETF,2025-05-01,,Active
ZMUN,F/M CALLABLE TAX-FREE MUNICIPAL ETF ,NASDAQ,ETF,2025-09-30,,Active
ZNB,Zeta Network Group - Class A,NASDAQ,Stock,2008-09-11,,Active
ZNOV,Innovator Equity Defined Protection ETF 1 Yr November,BATS,ETF,2024-11-01,,Active
ZNTL,Zentalis Pharmaceuticals Inc,NASDAQ,Stock,2020-04-03,,Active
ZOCT,Innovator Equity Defined Protection ETF - 1 Yr October,BATS,ETF,2024-10-01,,Active
ZONE,Zone Frontier Inc - Class B,NYSE MKT,Stock,2024-04-26,,Active
ZOOZ,ZOOZ Power Ltd,NASDAQ,Stock,2024-04-05,,Active
ZOOZW,Zooz Power Ltd - Warrants (05/04/2029),NASDAQ,Stock,2024-04-05,,Active
ZROZ,PIMCO 25+ YEAR ZERO COUPON U.S. TREASURY INDEX EXCHANGE-TRADED FUND ,NYSE,ETF,2009-11-04,,Active
ZS,Zscaler Inc,NASDAQ,Stock,2018-03-16,,Active
ZSB,USCF SUSTAINABLE BATTERY METALS STRATEGY FUND ,NYSE,ETF,2023-01-11,,Active
ZSC,USCF SUSTAINABLE COMMODITY STRATEGY FUND ,NYSE,ETF,2023-08-09,,Active
ZSEP,Innovator Equity Defined Protection ETF - 1 Yr September,BATS,ETF,2024-09-03,,Active
ZSL,ProShares UltraShort Silver -2x Shares,NYSE,ETF,2008-12-03,,Active
ZSQR,Z Squared Inc,NASDAQ,Stock,2020-12-17,,Active
ZSTK,Flora Growth Corp,NASDAQ,Stock,2021-05-11,,Active
ZTAQU,Zimmer Energy Transition Acquisition Corp - Units (1 Ord Share Class A & 1/3 War),NASDAQ,Stock,2021-06-16,,Active
ZTAX,X-Square Municipal Income Tax Free ETF,NYSE,ETF,2023-05-19,,Active
ZTEK,Zentek Ltd,NASDAQ,Stock,2016-01-04,,Active
ZTEN,F/M 10-YEAR INVESTMENT GRADE CORPORATE BOND ETF ,NASDAQ,ETF,2024-12-19,,Active
ZTEST,,BATS,Stock,2011-10-05,,Active
ZTG,Zenta Group Company Ltd,NASDAQ,Stock,2026-04-14,,Active
ZTO,ZTO Express (Cayman) Inc,NYSE,Stock,2016-10-27,,Active
ZTOP,F/M HIGH YIELD 100 ETF ,NASDAQ,ETF,2025-04-15,,Active
ZTR,Virtus Total Return Fund Inc,NYSE,ETF,1989-06-30,,Active
ZTRE,F/M 3-YEAR INVESTMENT GRADE CORPORATE BOND ETF ,NASDAQ,ETF,2024-12-19,,Active
ZTS,Zoetis Inc - Class A,NYSE,Stock,2013-02-01,,Active
ZTST,,BATS,Stock,2015-10-19,,Active
ZTWO,F/M 2-YEAR INVESTMENT GRADE CORPORATE BOND ETF ,NASDAQ,ETF,2024-12-19,,Active
ZUMZ,Zumiez Inc,NASDAQ,Stock,2005-05-06,,Active
ZURA,Zura Bio Ltd - Class A,NASDAQ,Stock,2021-09-03,,Active
ZVIA,Zevia PBC - Class A,NYSE,Stock,2021-07-22,,Active
ZVOL,VOLATILITY PREMIUM PLUS ETF ,BATS,ETF,2023-04-19,,Active
ZVRA,Zevra Therapeutics Inc,NASDAQ,Stock,2015-04-16,,Active
ZVV,LISTED TEST SYMBOL,NYSE,Stock,2017-10-11,,Active
ZVZZT,NASDAQ TEST STOCK,NASDAQ,Stock,2017-09-22,,Active
ZWS,Zurn Elkay Water Solutions Corp,NYSE,Stock,2012-03-29,,Active
ZWZZT,NASDAQ TEST STOCK,NASDAQ,Stock,2017-09-22,,Active
ZXYZ-A,NASDAQ SYMBOLOGY TEST,NASDAQ,Stock,2016-01-19,,Active
ZXZZT,NASDAQ TEST STOCK,NASDAQ,Stock,2006-07-10,,Active
ZYBT,Zhengye Biotechnology Holding Ltd,NASDAQ,Stock,2025-01-07,,Active
ZYME,Zymeworks BC Inc,NASDAQ,Stock,2017-04-28,,Active
ZYN,Defiance Daily Target 2x Long PM ETF,NASDAQ,ETF,2025-09-04,,Active
ZYNE,Zynerba Pharmaceuticals Inc,NASDAQ,Stock,2015-08-05,,Active
ZZK,,NYSE,Stock,2020-07-22,,Active
ZZZ,CYBER HORNET S&P 500(R) AND BITCOIN 75/25 STRATEGY ETF ,NYSE ARCA,Stock,2014-10-31,,Active
