tag,start,end,dims,val,accn,days
RevenueFromContractWithCustomerExcludingAssessedTax,2026-03-29,2026-06-27,ProductOrServiceAxis=ProductMember,78678000000.0,0000320193-26-000020,90.0
RevenueFromContractWithCustomerExcludingAssessedTax,2025-03-30,2025-06-28,ProductOrServiceAxis=ProductMember,66613000000.0,0000320193-26-000020,90.0
RevenueFromContractWithCustomerExcludingAssessedTax,2025-09-28,2026-06-27,ProductOrServiceAxis=ProductMember,272629000000.0,0000320193-26-000020,272.0
RevenueFromContractWithCustomerExcludingAssessedTax,2024-09-29,2025-06-28,ProductOrServiceAxis=ProductMember,233287000000.0,0000320193-26-000020,272.0
RevenueFromContractWithCustomerExcludingAssessedTax,2026-03-29,2026-06-27,ProductOrServiceAxis=ServiceMember,30739000000.0,0000320193-26-000020,90.0
RevenueFromContractWithCustomerExcludingAssessedTax,2025-03-30,2025-06-28,ProductOrServiceAxis=ServiceMember,27423000000.0,0000320193-26-000020,90.0
RevenueFromContractWithCustomerExcludingAssessedTax,2025-09-28,2026-06-27,ProductOrServiceAxis=ServiceMember,91728000000.0,0000320193-26-000020,272.0
RevenueFromContractWithCustomerExcludingAssessedTax,2024-09-29,2025-06-28,ProductOrServiceAxis=ServiceMember,80408000000.0,0000320193-26-000020,272.0
RevenueFromContractWithCustomerExcludingAssessedTax,2026-03-29,2026-06-27,,109417000000.0,0000320193-26-000020,90.0
RevenueFromContractWithCustomerExcludingAssessedTax,2025-03-30,2025-06-28,,94036000000.0,0000320193-26-000020,90.0
RevenueFromContractWithCustomerExcludingAssessedTax,2025-09-28,2026-06-27,,364357000000.0,0000320193-26-000020,272.0
RevenueFromContractWithCustomerExcludingAssessedTax,2024-09-29,2025-06-28,,313695000000.0,0000320193-26-000020,272.0
CostOfGoodsAndServicesSold,2026-03-29,2026-06-27,ProductOrServiceAxis=ProductMember,47153000000.0,0000320193-26-000020,90.0
CostOfGoodsAndServicesSold,2025-03-30,2025-06-28,ProductOrServiceAxis=ProductMember,43620000000.0,0000320193-26-000020,90.0
CostOfGoodsAndServicesSold,2025-09-28,2026-06-27,ProductOrServiceAxis=ProductMember,163810000000.0,0000320193-26-000020,272.0
CostOfGoodsAndServicesSold,2024-09-29,2025-06-28,ProductOrServiceAxis=ProductMember,147097000000.0,0000320193-26-000020,272.0
CostOfGoodsAndServicesSold,2026-03-29,2026-06-27,ProductOrServiceAxis=ServiceMember,7494000000.0,0000320193-26-000020,90.0
CostOfGoodsAndServicesSold,2025-03-30,2025-06-28,ProductOrServiceAxis=ServiceMember,6698000000.0,0000320193-26-000020,90.0
CostOfGoodsAndServicesSold,2025-09-28,2026-06-27,ProductOrServiceAxis=ServiceMember,21765000000.0,0000320193-26-000020,272.0
CostOfGoodsAndServicesSold,2024-09-29,2025-06-28,ProductOrServiceAxis=ServiceMember,19738000000.0,0000320193-26-000020,272.0
CostOfGoodsAndServicesSold,2026-03-29,2026-06-27,,54647000000.0,0000320193-26-000020,90.0
CostOfGoodsAndServicesSold,2025-03-30,2025-06-28,,50318000000.0,0000320193-26-000020,90.0
CostOfGoodsAndServicesSold,2025-09-28,2026-06-27,,185575000000.0,0000320193-26-000020,272.0
CostOfGoodsAndServicesSold,2024-09-29,2025-06-28,,166835000000.0,0000320193-26-000020,272.0
GrossProfit,2026-03-29,2026-06-27,,54770000000.0,0000320193-26-000020,90.0
GrossProfit,2025-03-30,2025-06-28,,43718000000.0,0000320193-26-000020,90.0
GrossProfit,2025-09-28,2026-06-27,,178782000000.0,0000320193-26-000020,272.0
GrossProfit,2024-09-29,2025-06-28,,146860000000.0,0000320193-26-000020,272.0
ResearchAndDevelopmentExpense,2026-03-29,2026-06-27,,11729000000.0,0000320193-26-000020,90.0
ResearchAndDevelopmentExpense,2025-03-30,2025-06-28,,8866000000.0,0000320193-26-000020,90.0
ResearchAndDevelopmentExpense,2025-09-28,2026-06-27,,34035000000.0,0000320193-26-000020,272.0
ResearchAndDevelopmentExpense,2024-09-29,2025-06-28,,25684000000.0,0000320193-26-000020,272.0
OperatingIncomeLoss,2026-03-29,2026-06-27,,35695000000.0,0000320193-26-000020,90.0
OperatingIncomeLoss,2025-03-30,2025-06-28,,28202000000.0,0000320193-26-000020,90.0
OperatingIncomeLoss,2025-09-28,2026-06-27,,122432000000.0,0000320193-26-000020,272.0
OperatingIncomeLoss,2024-09-29,2025-06-28,,100623000000.0,0000320193-26-000020,272.0
CommonStockSharesOutstanding,,2026-06-27,,14608963000.0,0000320193-26-000020,
CommonStockSharesOutstanding,,2025-09-27,,14773260000.0,0000320193-26-000020,
ShareBasedCompensation,2025-09-28,2026-06-27,,10523000000.0,0000320193-26-000020,272.0
ShareBasedCompensation,2024-09-29,2025-06-28,,9680000000.0,0000320193-26-000020,272.0
NetCashProvidedByUsedInOperatingActivities,2025-09-28,2026-06-27,,116996000000.0,0000320193-26-000020,272.0
NetCashProvidedByUsedInOperatingActivities,2024-09-29,2025-06-28,,81754000000.0,0000320193-26-000020,272.0
PaymentsToAcquirePropertyPlantAndEquipment,2025-09-28,2026-06-27,,6799000000.0,0000320193-26-000020,272.0
PaymentsToAcquirePropertyPlantAndEquipment,2024-09-29,2025-06-28,,9473000000.0,0000320193-26-000020,272.0
PaymentsForRepurchaseOfCommonStock,2025-09-28,2026-06-27,,62094000000.0,0000320193-26-000020,272.0
PaymentsForRepurchaseOfCommonStock,2024-09-29,2025-06-28,,70579000000.0,0000320193-26-000020,272.0
RevenueFromContractWithCustomerExcludingAssessedTax,2026-03-29,2026-06-27,ProductOrServiceAxis=IPhoneMember,54252000000.0,0000320193-26-000020,90.0
RevenueFromContractWithCustomerExcludingAssessedTax,2025-03-30,2025-06-28,ProductOrServiceAxis=IPhoneMember,44582000000.0,0000320193-26-000020,90.0
RevenueFromContractWithCustomerExcludingAssessedTax,2025-09-28,2026-06-27,ProductOrServiceAxis=IPhoneMember,196515000000.0,0000320193-26-000020,272.0
RevenueFromContractWithCustomerExcludingAssessedTax,2024-09-29,2025-06-28,ProductOrServiceAxis=IPhoneMember,160561000000.0,0000320193-26-000020,272.0
RevenueFromContractWithCustomerExcludingAssessedTax,2026-03-29,2026-06-27,ProductOrServiceAxis=MacMember,10352000000.0,0000320193-26-000020,90.0
RevenueFromContractWithCustomerExcludingAssessedTax,2025-03-30,2025-06-28,ProductOrServiceAxis=MacMember,8046000000.0,0000320193-26-000020,90.0
RevenueFromContractWithCustomerExcludingAssessedTax,2025-09-28,2026-06-27,ProductOrServiceAxis=MacMember,27137000000.0,0000320193-26-000020,272.0
RevenueFromContractWithCustomerExcludingAssessedTax,2024-09-29,2025-06-28,ProductOrServiceAxis=MacMember,24982000000.0,0000320193-26-000020,272.0
RevenueFromContractWithCustomerExcludingAssessedTax,2026-03-29,2026-06-27,ProductOrServiceAxis=IPadMember,6191000000.0,0000320193-26-000020,90.0
RevenueFromContractWithCustomerExcludingAssessedTax,2025-03-30,2025-06-28,ProductOrServiceAxis=IPadMember,6581000000.0,0000320193-26-000020,90.0
RevenueFromContractWithCustomerExcludingAssessedTax,2025-09-28,2026-06-27,ProductOrServiceAxis=IPadMember,21700000000.0,0000320193-26-000020,272.0
RevenueFromContractWithCustomerExcludingAssessedTax,2024-09-29,2025-06-28,ProductOrServiceAxis=IPadMember,21071000000.0,0000320193-26-000020,272.0
RevenueFromContractWithCustomerExcludingAssessedTax,2026-03-29,2026-06-27,ProductOrServiceAxis=WearablesHomeandAccessoriesMember,7883000000.0,0000320193-26-000020,90.0
RevenueFromContractWithCustomerExcludingAssessedTax,2025-03-30,2025-06-28,ProductOrServiceAxis=WearablesHomeandAccessoriesMember,7404000000.0,0000320193-26-000020,90.0
RevenueFromContractWithCustomerExcludingAssessedTax,2025-09-28,2026-06-27,ProductOrServiceAxis=WearablesHomeandAccessoriesMember,27277000000.0,0000320193-26-000020,272.0
RevenueFromContractWithCustomerExcludingAssessedTax,2024-09-29,2025-06-28,ProductOrServiceAxis=WearablesHomeandAccessoriesMember,26673000000.0,0000320193-26-000020,272.0
RevenueFromContractWithCustomerExcludingAssessedTax,2026-03-29,2026-06-27,ConsolidationItemsAxis=OperatingSegmentsMember;StatementBusinessSegmentsAxis=AmericasSegmentMember,45781000000.0,0000320193-26-000020,90.0
RevenueFromContractWithCustomerExcludingAssessedTax,2026-03-29,2026-06-27,ConsolidationItemsAxis=OperatingSegmentsMember;StatementBusinessSegmentsAxis=EuropeSegmentMember,29395000000.0,0000320193-26-000020,90.0
RevenueFromContractWithCustomerExcludingAssessedTax,2026-03-29,2026-06-27,ConsolidationItemsAxis=OperatingSegmentsMember;StatementBusinessSegmentsAxis=GreaterChinaSegmentMember,18816000000.0,0000320193-26-000020,90.0
RevenueFromContractWithCustomerExcludingAssessedTax,2026-03-29,2026-06-27,ConsolidationItemsAxis=OperatingSegmentsMember;StatementBusinessSegmentsAxis=JapanSegmentMember,6554000000.0,0000320193-26-000020,90.0
RevenueFromContractWithCustomerExcludingAssessedTax,2026-03-29,2026-06-27,ConsolidationItemsAxis=OperatingSegmentsMember;StatementBusinessSegmentsAxis=RestOfAsiaPacificSegmentMember,8871000000.0,0000320193-26-000020,90.0
CostOfGoodsAndServicesSold,2026-03-29,2026-06-27,ConsolidationItemsAxis=OperatingSegmentsMember;StatementBusinessSegmentsAxis=AmericasSegmentMember,21507000000.0,0000320193-26-000020,90.0
CostOfGoodsAndServicesSold,2026-03-29,2026-06-27,ConsolidationItemsAxis=OperatingSegmentsMember;StatementBusinessSegmentsAxis=EuropeSegmentMember,14732000000.0,0000320193-26-000020,90.0
CostOfGoodsAndServicesSold,2026-03-29,2026-06-27,ConsolidationItemsAxis=OperatingSegmentsMember;StatementBusinessSegmentsAxis=GreaterChinaSegmentMember,10771000000.0,0000320193-26-000020,90.0
CostOfGoodsAndServicesSold,2026-03-29,2026-06-27,ConsolidationItemsAxis=OperatingSegmentsMember;StatementBusinessSegmentsAxis=JapanSegmentMember,3310000000.0,0000320193-26-000020,90.0
CostOfGoodsAndServicesSold,2026-03-29,2026-06-27,ConsolidationItemsAxis=OperatingSegmentsMember;StatementBusinessSegmentsAxis=RestOfAsiaPacificSegmentMember,4327000000.0,0000320193-26-000020,90.0
ResearchAndDevelopmentExpense,2026-03-29,2026-06-27,ConsolidationItemsAxis=CorporateNonSegmentMember,11729000000.0,0000320193-26-000020,90.0
OperatingIncomeLoss,2026-03-29,2026-06-27,ConsolidationItemsAxis=OperatingSegmentsMember;StatementBusinessSegmentsAxis=AmericasSegmentMember,21701000000.0,0000320193-26-000020,90.0
OperatingIncomeLoss,2026-03-29,2026-06-27,ConsolidationItemsAxis=OperatingSegmentsMember;StatementBusinessSegmentsAxis=EuropeSegmentMember,13443000000.0,0000320193-26-000020,90.0
OperatingIncomeLoss,2026-03-29,2026-06-27,ConsolidationItemsAxis=OperatingSegmentsMember;StatementBusinessSegmentsAxis=GreaterChinaSegmentMember,7406000000.0,0000320193-26-000020,90.0
OperatingIncomeLoss,2026-03-29,2026-06-27,ConsolidationItemsAxis=OperatingSegmentsMember;StatementBusinessSegmentsAxis=JapanSegmentMember,3004000000.0,0000320193-26-000020,90.0
OperatingIncomeLoss,2026-03-29,2026-06-27,ConsolidationItemsAxis=OperatingSegmentsMember;StatementBusinessSegmentsAxis=RestOfAsiaPacificSegmentMember,4182000000.0,0000320193-26-000020,90.0
OperatingIncomeLoss,2026-03-29,2026-06-27,ConsolidationItemsAxis=CorporateNonSegmentMember,-14041000000.0,0000320193-26-000020,90.0
RevenueFromContractWithCustomerExcludingAssessedTax,2025-03-30,2025-06-28,ConsolidationItemsAxis=OperatingSegmentsMember;StatementBusinessSegmentsAxis=AmericasSegmentMember,41198000000.0,0000320193-26-000020,90.0
RevenueFromContractWithCustomerExcludingAssessedTax,2025-03-30,2025-06-28,ConsolidationItemsAxis=OperatingSegmentsMember;StatementBusinessSegmentsAxis=EuropeSegmentMember,24014000000.0,0000320193-26-000020,90.0
RevenueFromContractWithCustomerExcludingAssessedTax,2025-03-30,2025-06-28,ConsolidationItemsAxis=OperatingSegmentsMember;StatementBusinessSegmentsAxis=GreaterChinaSegmentMember,15369000000.0,0000320193-26-000020,90.0
RevenueFromContractWithCustomerExcludingAssessedTax,2025-03-30,2025-06-28,ConsolidationItemsAxis=OperatingSegmentsMember;StatementBusinessSegmentsAxis=JapanSegmentMember,5782000000.0,0000320193-26-000020,90.0
RevenueFromContractWithCustomerExcludingAssessedTax,2025-03-30,2025-06-28,ConsolidationItemsAxis=OperatingSegmentsMember;StatementBusinessSegmentsAxis=RestOfAsiaPacificSegmentMember,7673000000.0,0000320193-26-000020,90.0
CostOfGoodsAndServicesSold,2025-03-30,2025-06-28,ConsolidationItemsAxis=OperatingSegmentsMember;StatementBusinessSegmentsAxis=AmericasSegmentMember,22174000000.0,0000320193-26-000020,90.0
CostOfGoodsAndServicesSold,2025-03-30,2025-06-28,ConsolidationItemsAxis=OperatingSegmentsMember;StatementBusinessSegmentsAxis=EuropeSegmentMember,12379000000.0,0000320193-26-000020,90.0
CostOfGoodsAndServicesSold,2025-03-30,2025-06-28,ConsolidationItemsAxis=OperatingSegmentsMember;StatementBusinessSegmentsAxis=GreaterChinaSegmentMember,8970000000.0,0000320193-26-000020,90.0
CostOfGoodsAndServicesSold,2025-03-30,2025-06-28,ConsolidationItemsAxis=OperatingSegmentsMember;StatementBusinessSegmentsAxis=JapanSegmentMember,2695000000.0,0000320193-26-000020,90.0
CostOfGoodsAndServicesSold,2025-03-30,2025-06-28,ConsolidationItemsAxis=OperatingSegmentsMember;StatementBusinessSegmentsAxis=RestOfAsiaPacificSegmentMember,4100000000.0,0000320193-26-000020,90.0
ResearchAndDevelopmentExpense,2025-03-30,2025-06-28,ConsolidationItemsAxis=CorporateNonSegmentMember,8866000000.0,0000320193-26-000020,90.0
OperatingIncomeLoss,2025-03-30,2025-06-28,ConsolidationItemsAxis=OperatingSegmentsMember;StatementBusinessSegmentsAxis=AmericasSegmentMember,16511000000.0,0000320193-26-000020,90.0
OperatingIncomeLoss,2025-03-30,2025-06-28,ConsolidationItemsAxis=OperatingSegmentsMember;StatementBusinessSegmentsAxis=EuropeSegmentMember,10501000000.0,0000320193-26-000020,90.0
OperatingIncomeLoss,2025-03-30,2025-06-28,ConsolidationItemsAxis=OperatingSegmentsMember;StatementBusinessSegmentsAxis=GreaterChinaSegmentMember,5822000000.0,0000320193-26-000020,90.0
OperatingIncomeLoss,2025-03-30,2025-06-28,ConsolidationItemsAxis=OperatingSegmentsMember;StatementBusinessSegmentsAxis=JapanSegmentMember,2872000000.0,0000320193-26-000020,90.0
OperatingIncomeLoss,2025-03-30,2025-06-28,ConsolidationItemsAxis=OperatingSegmentsMember;StatementBusinessSegmentsAxis=RestOfAsiaPacificSegmentMember,3243000000.0,0000320193-26-000020,90.0
OperatingIncomeLoss,2025-03-30,2025-06-28,ConsolidationItemsAxis=CorporateNonSegmentMember,-10747000000.0,0000320193-26-000020,90.0
RevenueFromContractWithCustomerExcludingAssessedTax,2025-09-28,2026-06-27,ConsolidationItemsAxis=OperatingSegmentsMember;StatementBusinessSegmentsAxis=AmericasSegmentMember,149403000000.0,0000320193-26-000020,272.0
RevenueFromContractWithCustomerExcludingAssessedTax,2025-09-28,2026-06-27,ConsolidationItemsAxis=OperatingSegmentsMember;StatementBusinessSegmentsAxis=EuropeSegmentMember,95596000000.0,0000320193-26-000020,272.0
RevenueFromContractWithCustomerExcludingAssessedTax,2025-09-28,2026-06-27,ConsolidationItemsAxis=OperatingSegmentsMember;StatementBusinessSegmentsAxis=GreaterChinaSegmentMember,64839000000.0,0000320193-26-000020,272.0
RevenueFromContractWithCustomerExcludingAssessedTax,2025-09-28,2026-06-27,ConsolidationItemsAxis=OperatingSegmentsMember;StatementBusinessSegmentsAxis=JapanSegmentMember,24368000000.0,0000320193-26-000020,272.0
RevenueFromContractWithCustomerExcludingAssessedTax,2025-09-28,2026-06-27,ConsolidationItemsAxis=OperatingSegmentsMember;StatementBusinessSegmentsAxis=RestOfAsiaPacificSegmentMember,30151000000.0,0000320193-26-000020,272.0
CostOfGoodsAndServicesSold,2025-09-28,2026-06-27,ConsolidationItemsAxis=OperatingSegmentsMember;StatementBusinessSegmentsAxis=AmericasSegmentMember,76470000000.0,0000320193-26-000020,272.0
CostOfGoodsAndServicesSold,2025-09-28,2026-06-27,ConsolidationItemsAxis=OperatingSegmentsMember;StatementBusinessSegmentsAxis=EuropeSegmentMember,47549000000.0,0000320193-26-000020,272.0
CostOfGoodsAndServicesSold,2025-09-28,2026-06-27,ConsolidationItemsAxis=OperatingSegmentsMember;StatementBusinessSegmentsAxis=GreaterChinaSegmentMember,34434000000.0,0000320193-26-000020,272.0
CostOfGoodsAndServicesSold,2025-09-28,2026-06-27,ConsolidationItemsAxis=OperatingSegmentsMember;StatementBusinessSegmentsAxis=JapanSegmentMember,12088000000.0,0000320193-26-000020,272.0
CostOfGoodsAndServicesSold,2025-09-28,2026-06-27,ConsolidationItemsAxis=OperatingSegmentsMember;StatementBusinessSegmentsAxis=RestOfAsiaPacificSegmentMember,15034000000.0,0000320193-26-000020,272.0
ResearchAndDevelopmentExpense,2025-09-28,2026-06-27,ConsolidationItemsAxis=CorporateNonSegmentMember,34035000000.0,0000320193-26-000020,272.0
OperatingIncomeLoss,2025-09-28,2026-06-27,ConsolidationItemsAxis=OperatingSegmentsMember;StatementBusinessSegmentsAxis=AmericasSegmentMember,65027000000.0,0000320193-26-000020,272.0
OperatingIncomeLoss,2025-09-28,2026-06-27,ConsolidationItemsAxis=OperatingSegmentsMember;StatementBusinessSegmentsAxis=EuropeSegmentMember,44285000000.0,0000320193-26-000020,272.0
OperatingIncomeLoss,2025-09-28,2026-06-27,ConsolidationItemsAxis=OperatingSegmentsMember;StatementBusinessSegmentsAxis=GreaterChinaSegmentMember,28387000000.0,0000320193-26-000020,272.0
OperatingIncomeLoss,2025-09-28,2026-06-27,ConsolidationItemsAxis=OperatingSegmentsMember;StatementBusinessSegmentsAxis=JapanSegmentMember,11456000000.0,0000320193-26-000020,272.0
OperatingIncomeLoss,2025-09-28,2026-06-27,ConsolidationItemsAxis=OperatingSegmentsMember;StatementBusinessSegmentsAxis=RestOfAsiaPacificSegmentMember,13995000000.0,0000320193-26-000020,272.0
OperatingIncomeLoss,2025-09-28,2026-06-27,ConsolidationItemsAxis=CorporateNonSegmentMember,-40718000000.0,0000320193-26-000020,272.0
RevenueFromContractWithCustomerExcludingAssessedTax,2024-09-29,2025-06-28,ConsolidationItemsAxis=OperatingSegmentsMember;StatementBusinessSegmentsAxis=AmericasSegmentMember,134161000000.0,0000320193-26-000020,272.0
RevenueFromContractWithCustomerExcludingAssessedTax,2024-09-29,2025-06-28,ConsolidationItemsAxis=OperatingSegmentsMember;StatementBusinessSegmentsAxis=EuropeSegmentMember,82329000000.0,0000320193-26-000020,272.0
RevenueFromContractWithCustomerExcludingAssessedTax,2024-09-29,2025-06-28,ConsolidationItemsAxis=OperatingSegmentsMember;StatementBusinessSegmentsAxis=GreaterChinaSegmentMember,49884000000.0,0000320193-26-000020,272.0
RevenueFromContractWithCustomerExcludingAssessedTax,2024-09-29,2025-06-28,ConsolidationItemsAxis=OperatingSegmentsMember;StatementBusinessSegmentsAxis=JapanSegmentMember,22067000000.0,0000320193-26-000020,272.0
RevenueFromContractWithCustomerExcludingAssessedTax,2024-09-29,2025-06-28,ConsolidationItemsAxis=OperatingSegmentsMember;StatementBusinessSegmentsAxis=RestOfAsiaPacificSegmentMember,25254000000.0,0000320193-26-000020,272.0
CostOfGoodsAndServicesSold,2024-09-29,2025-06-28,ConsolidationItemsAxis=OperatingSegmentsMember;StatementBusinessSegmentsAxis=AmericasSegmentMember,71763000000.0,0000320193-26-000020,272.0
CostOfGoodsAndServicesSold,2024-09-29,2025-06-28,ConsolidationItemsAxis=OperatingSegmentsMember;StatementBusinessSegmentsAxis=EuropeSegmentMember,43447000000.0,0000320193-26-000020,272.0
CostOfGoodsAndServicesSold,2024-09-29,2025-06-28,ConsolidationItemsAxis=OperatingSegmentsMember;StatementBusinessSegmentsAxis=GreaterChinaSegmentMember,27523000000.0,0000320193-26-000020,272.0
CostOfGoodsAndServicesSold,2024-09-29,2025-06-28,ConsolidationItemsAxis=OperatingSegmentsMember;StatementBusinessSegmentsAxis=JapanSegmentMember,10698000000.0,0000320193-26-000020,272.0
CostOfGoodsAndServicesSold,2024-09-29,2025-06-28,ConsolidationItemsAxis=OperatingSegmentsMember;StatementBusinessSegmentsAxis=RestOfAsiaPacificSegmentMember,13404000000.0,0000320193-26-000020,272.0
ResearchAndDevelopmentExpense,2024-09-29,2025-06-28,ConsolidationItemsAxis=CorporateNonSegmentMember,25684000000.0,0000320193-26-000020,272.0
OperatingIncomeLoss,2024-09-29,2025-06-28,ConsolidationItemsAxis=OperatingSegmentsMember;StatementBusinessSegmentsAxis=AmericasSegmentMember,54794000000.0,0000320193-26-000020,272.0
OperatingIncomeLoss,2024-09-29,2025-06-28,ConsolidationItemsAxis=OperatingSegmentsMember;StatementBusinessSegmentsAxis=EuropeSegmentMember,35424000000.0,0000320193-26-000020,272.0
OperatingIncomeLoss,2024-09-29,2025-06-28,ConsolidationItemsAxis=OperatingSegmentsMember;StatementBusinessSegmentsAxis=GreaterChinaSegmentMember,20608000000.0,0000320193-26-000020,272.0
OperatingIncomeLoss,2024-09-29,2025-06-28,ConsolidationItemsAxis=OperatingSegmentsMember;StatementBusinessSegmentsAxis=JapanSegmentMember,10620000000.0,0000320193-26-000020,272.0
OperatingIncomeLoss,2024-09-29,2025-06-28,ConsolidationItemsAxis=OperatingSegmentsMember;StatementBusinessSegmentsAxis=RestOfAsiaPacificSegmentMember,10813000000.0,0000320193-26-000020,272.0
OperatingIncomeLoss,2024-09-29,2025-06-28,ConsolidationItemsAxis=CorporateNonSegmentMember,-31636000000.0,0000320193-26-000020,272.0
RevenueFromContractWithCustomerExcludingAssessedTax,2025-12-28,2026-03-28,ProductOrServiceAxis=ProductMember,80208000000.0,0000320193-26-000013,90.0
RevenueFromContractWithCustomerExcludingAssessedTax,2024-12-29,2025-03-29,ProductOrServiceAxis=ProductMember,68714000000.0,0000320193-26-000013,90.0
RevenueFromContractWithCustomerExcludingAssessedTax,2025-09-28,2026-03-28,ProductOrServiceAxis=ProductMember,193951000000.0,0000320193-26-000013,181.0
RevenueFromContractWithCustomerExcludingAssessedTax,2024-09-29,2025-03-29,ProductOrServiceAxis=ProductMember,166674000000.0,0000320193-26-000013,181.0
RevenueFromContractWithCustomerExcludingAssessedTax,2025-12-28,2026-03-28,ProductOrServiceAxis=ServiceMember,30976000000.0,0000320193-26-000013,90.0
RevenueFromContractWithCustomerExcludingAssessedTax,2024-12-29,2025-03-29,ProductOrServiceAxis=ServiceMember,26645000000.0,0000320193-26-000013,90.0
RevenueFromContractWithCustomerExcludingAssessedTax,2025-09-28,2026-03-28,ProductOrServiceAxis=ServiceMember,60989000000.0,0000320193-26-000013,181.0
RevenueFromContractWithCustomerExcludingAssessedTax,2024-09-29,2025-03-29,ProductOrServiceAxis=ServiceMember,52985000000.0,0000320193-26-000013,181.0
RevenueFromContractWithCustomerExcludingAssessedTax,2025-12-28,2026-03-28,,111184000000.0,0000320193-26-000013,90.0
RevenueFromContractWithCustomerExcludingAssessedTax,2024-12-29,2025-03-29,,95359000000.0,0000320193-26-000013,90.0
RevenueFromContractWithCustomerExcludingAssessedTax,2025-09-28,2026-03-28,,254940000000.0,0000320193-26-000013,181.0
RevenueFromContractWithCustomerExcludingAssessedTax,2024-09-29,2025-03-29,,219659000000.0,0000320193-26-000013,181.0
CostOfGoodsAndServicesSold,2025-12-28,2026-03-28,ProductOrServiceAxis=ProductMember,49179000000.0,0000320193-26-000013,90.0
CostOfGoodsAndServicesSold,2024-12-29,2025-03-29,ProductOrServiceAxis=ProductMember,44030000000.0,0000320193-26-000013,90.0
CostOfGoodsAndServicesSold,2025-09-28,2026-03-28,ProductOrServiceAxis=ProductMember,116657000000.0,0000320193-26-000013,181.0
CostOfGoodsAndServicesSold,2024-09-29,2025-03-29,ProductOrServiceAxis=ProductMember,103477000000.0,0000320193-26-000013,181.0
CostOfGoodsAndServicesSold,2025-12-28,2026-03-28,ProductOrServiceAxis=ServiceMember,7224000000.0,0000320193-26-000013,90.0
CostOfGoodsAndServicesSold,2024-12-29,2025-03-29,ProductOrServiceAxis=ServiceMember,6462000000.0,0000320193-26-000013,90.0
CostOfGoodsAndServicesSold,2025-09-28,2026-03-28,ProductOrServiceAxis=ServiceMember,14271000000.0,0000320193-26-000013,181.0
CostOfGoodsAndServicesSold,2024-09-29,2025-03-29,ProductOrServiceAxis=ServiceMember,13040000000.0,0000320193-26-000013,181.0
CostOfGoodsAndServicesSold,2025-12-28,2026-03-28,,56403000000.0,0000320193-26-000013,90.0
CostOfGoodsAndServicesSold,2024-12-29,2025-03-29,,50492000000.0,0000320193-26-000013,90.0
CostOfGoodsAndServicesSold,2025-09-28,2026-03-28,,130928000000.0,0000320193-26-000013,181.0
CostOfGoodsAndServicesSold,2024-09-29,2025-03-29,,116517000000.0,0000320193-26-000013,181.0
GrossProfit,2025-12-28,2026-03-28,,54781000000.0,0000320193-26-000013,90.0
GrossProfit,2024-12-29,2025-03-29,,44867000000.0,0000320193-26-000013,90.0
GrossProfit,2025-09-28,2026-03-28,,124012000000.0,0000320193-26-000013,181.0
GrossProfit,2024-09-29,2025-03-29,,103142000000.0,0000320193-26-000013,181.0
ResearchAndDevelopmentExpense,2025-12-28,2026-03-28,,11419000000.0,0000320193-26-000013,90.0
ResearchAndDevelopmentExpense,2024-12-29,2025-03-29,,8550000000.0,0000320193-26-000013,90.0
ResearchAndDevelopmentExpense,2025-09-28,2026-03-28,,22306000000.0,0000320193-26-000013,181.0
ResearchAndDevelopmentExpense,2024-09-29,2025-03-29,,16818000000.0,0000320193-26-000013,181.0
OperatingIncomeLoss,2025-12-28,2026-03-28,,35885000000.0,0000320193-26-000013,90.0
OperatingIncomeLoss,2024-12-29,2025-03-29,,29589000000.0,0000320193-26-000013,90.0
OperatingIncomeLoss,2025-09-28,2026-03-28,,86737000000.0,0000320193-26-000013,181.0
OperatingIncomeLoss,2024-09-29,2025-03-29,,72421000000.0,0000320193-26-000013,181.0
CommonStockSharesOutstanding,,2026-03-28,,14667688000.0,0000320193-26-000013,
CommonStockSharesOutstanding,,2025-09-27,,14773260000.0,0000320193-26-000013,
ShareBasedCompensation,2025-09-28,2026-03-28,,7122000000.0,0000320193-26-000013,181.0
ShareBasedCompensation,2024-09-29,2025-03-29,,6512000000.0,0000320193-26-000013,181.0
NetCashProvidedByUsedInOperatingActivities,2025-09-28,2026-03-28,,82627000000.0,0000320193-26-000013,181.0
NetCashProvidedByUsedInOperatingActivities,2024-09-29,2025-03-29,,53887000000.0,0000320193-26-000013,181.0
PaymentsToAcquirePropertyPlantAndEquipment,2025-09-28,2026-03-28,,4344000000.0,0000320193-26-000013,181.0
PaymentsToAcquirePropertyPlantAndEquipment,2024-09-29,2025-03-29,,6011000000.0,0000320193-26-000013,181.0
PaymentsForRepurchaseOfCommonStock,2025-09-28,2026-03-28,,36989000000.0,0000320193-26-000013,181.0
PaymentsForRepurchaseOfCommonStock,2024-09-29,2025-03-29,,49504000000.0,0000320193-26-000013,181.0
RevenueFromContractWithCustomerExcludingAssessedTax,2025-12-28,2026-03-28,ProductOrServiceAxis=IPhoneMember,56994000000.0,0000320193-26-000013,90.0
RevenueFromContractWithCustomerExcludingAssessedTax,2024-12-29,2025-03-29,ProductOrServiceAxis=IPhoneMember,46841000000.0,0000320193-26-000013,90.0
RevenueFromContractWithCustomerExcludingAssessedTax,2025-09-28,2026-03-28,ProductOrServiceAxis=IPhoneMember,142263000000.0,0000320193-26-000013,181.0
RevenueFromContractWithCustomerExcludingAssessedTax,2024-09-29,2025-03-29,ProductOrServiceAxis=IPhoneMember,115979000000.0,0000320193-26-000013,181.0
RevenueFromContractWithCustomerExcludingAssessedTax,2025-12-28,2026-03-28,ProductOrServiceAxis=MacMember,8399000000.0,0000320193-26-000013,90.0
RevenueFromContractWithCustomerExcludingAssessedTax,2024-12-29,2025-03-29,ProductOrServiceAxis=MacMember,7949000000.0,0000320193-26-000013,90.0
RevenueFromContractWithCustomerExcludingAssessedTax,2025-09-28,2026-03-28,ProductOrServiceAxis=MacMember,16785000000.0,0000320193-26-000013,181.0
RevenueFromContractWithCustomerExcludingAssessedTax,2024-09-29,2025-03-29,ProductOrServiceAxis=MacMember,16936000000.0,0000320193-26-000013,181.0
RevenueFromContractWithCustomerExcludingAssessedTax,2025-12-28,2026-03-28,ProductOrServiceAxis=IPadMember,6914000000.0,0000320193-26-000013,90.0
RevenueFromContractWithCustomerExcludingAssessedTax,2024-12-29,2025-03-29,ProductOrServiceAxis=IPadMember,6402000000.0,0000320193-26-000013,90.0
RevenueFromContractWithCustomerExcludingAssessedTax,2025-09-28,2026-03-28,ProductOrServiceAxis=IPadMember,15509000000.0,0000320193-26-000013,181.0
RevenueFromContractWithCustomerExcludingAssessedTax,2024-09-29,2025-03-29,ProductOrServiceAxis=IPadMember,14490000000.0,0000320193-26-000013,181.0
RevenueFromContractWithCustomerExcludingAssessedTax,2025-12-28,2026-03-28,ProductOrServiceAxis=WearablesHomeandAccessoriesMember,7901000000.0,0000320193-26-000013,90.0
RevenueFromContractWithCustomerExcludingAssessedTax,2024-12-29,2025-03-29,ProductOrServiceAxis=WearablesHomeandAccessoriesMember,7522000000.0,0000320193-26-000013,90.0
RevenueFromContractWithCustomerExcludingAssessedTax,2025-09-28,2026-03-28,ProductOrServiceAxis=WearablesHomeandAccessoriesMember,19394000000.0,0000320193-26-000013,181.0
RevenueFromContractWithCustomerExcludingAssessedTax,2024-09-29,2025-03-29,ProductOrServiceAxis=WearablesHomeandAccessoriesMember,19269000000.0,0000320193-26-000013,181.0
RevenueFromContractWithCustomerExcludingAssessedTax,2025-12-28,2026-03-28,ConsolidationItemsAxis=OperatingSegmentsMember;StatementBusinessSegmentsAxis=AmericasSegmentMember,45093000000.0,0000320193-26-000013,90.0
RevenueFromContractWithCustomerExcludingAssessedTax,2025-12-28,2026-03-28,ConsolidationItemsAxis=OperatingSegmentsMember;StatementBusinessSegmentsAxis=EuropeSegmentMember,28055000000.0,0000320193-26-000013,90.0
RevenueFromContractWithCustomerExcludingAssessedTax,2025-12-28,2026-03-28,ConsolidationItemsAxis=OperatingSegmentsMember;StatementBusinessSegmentsAxis=GreaterChinaSegmentMember,20497000000.0,0000320193-26-000013,90.0
RevenueFromContractWithCustomerExcludingAssessedTax,2025-12-28,2026-03-28,ConsolidationItemsAxis=OperatingSegmentsMember;StatementBusinessSegmentsAxis=JapanSegmentMember,8401000000.0,0000320193-26-000013,90.0
RevenueFromContractWithCustomerExcludingAssessedTax,2025-12-28,2026-03-28,ConsolidationItemsAxis=OperatingSegmentsMember;StatementBusinessSegmentsAxis=RestOfAsiaPacificSegmentMember,9138000000.0,0000320193-26-000013,90.0
CostOfGoodsAndServicesSold,2025-12-28,2026-03-28,ConsolidationItemsAxis=OperatingSegmentsMember;StatementBusinessSegmentsAxis=AmericasSegmentMember,23114000000.0,0000320193-26-000013,90.0
CostOfGoodsAndServicesSold,2025-12-28,2026-03-28,ConsolidationItemsAxis=OperatingSegmentsMember;StatementBusinessSegmentsAxis=EuropeSegmentMember,13756000000.0,0000320193-26-000013,90.0
CostOfGoodsAndServicesSold,2025-12-28,2026-03-28,ConsolidationItemsAxis=OperatingSegmentsMember;StatementBusinessSegmentsAxis=GreaterChinaSegmentMember,10633000000.0,0000320193-26-000013,90.0
CostOfGoodsAndServicesSold,2025-12-28,2026-03-28,ConsolidationItemsAxis=OperatingSegmentsMember;StatementBusinessSegmentsAxis=JapanSegmentMember,4267000000.0,0000320193-26-000013,90.0
CostOfGoodsAndServicesSold,2025-12-28,2026-03-28,ConsolidationItemsAxis=OperatingSegmentsMember;StatementBusinessSegmentsAxis=RestOfAsiaPacificSegmentMember,4633000000.0,0000320193-26-000013,90.0
ResearchAndDevelopmentExpense,2025-12-28,2026-03-28,ConsolidationItemsAxis=CorporateNonSegmentMember,11419000000.0,0000320193-26-000013,90.0
OperatingIncomeLoss,2025-12-28,2026-03-28,ConsolidationItemsAxis=OperatingSegmentsMember;StatementBusinessSegmentsAxis=AmericasSegmentMember,19373000000.0,0000320193-26-000013,90.0
OperatingIncomeLoss,2025-12-28,2026-03-28,ConsolidationItemsAxis=OperatingSegmentsMember;StatementBusinessSegmentsAxis=EuropeSegmentMember,13052000000.0,0000320193-26-000013,90.0
OperatingIncomeLoss,2025-12-28,2026-03-28,ConsolidationItemsAxis=OperatingSegmentsMember;StatementBusinessSegmentsAxis=GreaterChinaSegmentMember,9189000000.0,0000320193-26-000013,90.0
OperatingIncomeLoss,2025-12-28,2026-03-28,ConsolidationItemsAxis=OperatingSegmentsMember;StatementBusinessSegmentsAxis=JapanSegmentMember,3839000000.0,0000320193-26-000013,90.0
OperatingIncomeLoss,2025-12-28,2026-03-28,ConsolidationItemsAxis=OperatingSegmentsMember;StatementBusinessSegmentsAxis=RestOfAsiaPacificSegmentMember,4127000000.0,0000320193-26-000013,90.0
OperatingIncomeLoss,2025-12-28,2026-03-28,ConsolidationItemsAxis=CorporateNonSegmentMember,-13695000000.0,0000320193-26-000013,90.0
RevenueFromContractWithCustomerExcludingAssessedTax,2024-12-29,2025-03-29,ConsolidationItemsAxis=OperatingSegmentsMember;StatementBusinessSegmentsAxis=AmericasSegmentMember,40315000000.0,0000320193-26-000013,90.0
RevenueFromContractWithCustomerExcludingAssessedTax,2024-12-29,2025-03-29,ConsolidationItemsAxis=OperatingSegmentsMember;StatementBusinessSegmentsAxis=EuropeSegmentMember,24454000000.0,0000320193-26-000013,90.0
RevenueFromContractWithCustomerExcludingAssessedTax,2024-12-29,2025-03-29,ConsolidationItemsAxis=OperatingSegmentsMember;StatementBusinessSegmentsAxis=GreaterChinaSegmentMember,16002000000.0,0000320193-26-000013,90.0
RevenueFromContractWithCustomerExcludingAssessedTax,2024-12-29,2025-03-29,ConsolidationItemsAxis=OperatingSegmentsMember;StatementBusinessSegmentsAxis=JapanSegmentMember,7298000000.0,0000320193-26-000013,90.0
RevenueFromContractWithCustomerExcludingAssessedTax,2024-12-29,2025-03-29,ConsolidationItemsAxis=OperatingSegmentsMember;StatementBusinessSegmentsAxis=RestOfAsiaPacificSegmentMember,7290000000.0,0000320193-26-000013,90.0
CostOfGoodsAndServicesSold,2024-12-29,2025-03-29,ConsolidationItemsAxis=OperatingSegmentsMember;StatementBusinessSegmentsAxis=AmericasSegmentMember,21094000000.0,0000320193-26-000013,90.0
CostOfGoodsAndServicesSold,2024-12-29,2025-03-29,ConsolidationItemsAxis=OperatingSegmentsMember;StatementBusinessSegmentsAxis=EuropeSegmentMember,13025000000.0,0000320193-26-000013,90.0
CostOfGoodsAndServicesSold,2024-12-29,2025-03-29,ConsolidationItemsAxis=OperatingSegmentsMember;StatementBusinessSegmentsAxis=GreaterChinaSegmentMember,8794000000.0,0000320193-26-000013,90.0
CostOfGoodsAndServicesSold,2024-12-29,2025-03-29,ConsolidationItemsAxis=OperatingSegmentsMember;StatementBusinessSegmentsAxis=JapanSegmentMember,3610000000.0,0000320193-26-000013,90.0
CostOfGoodsAndServicesSold,2024-12-29,2025-03-29,ConsolidationItemsAxis=OperatingSegmentsMember;StatementBusinessSegmentsAxis=RestOfAsiaPacificSegmentMember,3969000000.0,0000320193-26-000013,90.0
ResearchAndDevelopmentExpense,2024-12-29,2025-03-29,ConsolidationItemsAxis=CorporateNonSegmentMember,8550000000.0,0000320193-26-000013,90.0
OperatingIncomeLoss,2024-12-29,2025-03-29,ConsolidationItemsAxis=OperatingSegmentsMember;StatementBusinessSegmentsAxis=AmericasSegmentMember,16774000000.0,0000320193-26-000013,90.0
OperatingIncomeLoss,2024-12-29,2025-03-29,ConsolidationItemsAxis=OperatingSegmentsMember;StatementBusinessSegmentsAxis=EuropeSegmentMember,10316000000.0,0000320193-26-000013,90.0
OperatingIncomeLoss,2024-12-29,2025-03-29,ConsolidationItemsAxis=OperatingSegmentsMember;StatementBusinessSegmentsAxis=GreaterChinaSegmentMember,6626000000.0,0000320193-26-000013,90.0
OperatingIncomeLoss,2024-12-29,2025-03-29,ConsolidationItemsAxis=OperatingSegmentsMember;StatementBusinessSegmentsAxis=JapanSegmentMember,3434000000.0,0000320193-26-000013,90.0
OperatingIncomeLoss,2024-12-29,2025-03-29,ConsolidationItemsAxis=OperatingSegmentsMember;StatementBusinessSegmentsAxis=RestOfAsiaPacificSegmentMember,2986000000.0,0000320193-26-000013,90.0
OperatingIncomeLoss,2024-12-29,2025-03-29,ConsolidationItemsAxis=CorporateNonSegmentMember,-10547000000.0,0000320193-26-000013,90.0
RevenueFromContractWithCustomerExcludingAssessedTax,2025-09-28,2026-03-28,ConsolidationItemsAxis=OperatingSegmentsMember;StatementBusinessSegmentsAxis=AmericasSegmentMember,103622000000.0,0000320193-26-000013,181.0
RevenueFromContractWithCustomerExcludingAssessedTax,2025-09-28,2026-03-28,ConsolidationItemsAxis=OperatingSegmentsMember;StatementBusinessSegmentsAxis=EuropeSegmentMember,66201000000.0,0000320193-26-000013,181.0
RevenueFromContractWithCustomerExcludingAssessedTax,2025-09-28,2026-03-28,ConsolidationItemsAxis=OperatingSegmentsMember;StatementBusinessSegmentsAxis=GreaterChinaSegmentMember,46023000000.0,0000320193-26-000013,181.0
RevenueFromContractWithCustomerExcludingAssessedTax,2025-09-28,2026-03-28,ConsolidationItemsAxis=OperatingSegmentsMember;StatementBusinessSegmentsAxis=JapanSegmentMember,17814000000.0,0000320193-26-000013,181.0
RevenueFromContractWithCustomerExcludingAssessedTax,2025-09-28,2026-03-28,ConsolidationItemsAxis=OperatingSegmentsMember;StatementBusinessSegmentsAxis=RestOfAsiaPacificSegmentMember,21280000000.0,0000320193-26-000013,181.0
CostOfGoodsAndServicesSold,2025-09-28,2026-03-28,ConsolidationItemsAxis=OperatingSegmentsMember;StatementBusinessSegmentsAxis=AmericasSegmentMember,54963000000.0,0000320193-26-000013,181.0
CostOfGoodsAndServicesSold,2025-09-28,2026-03-28,ConsolidationItemsAxis=OperatingSegmentsMember;StatementBusinessSegmentsAxis=EuropeSegmentMember,32817000000.0,0000320193-26-000013,181.0
CostOfGoodsAndServicesSold,2025-09-28,2026-03-28,ConsolidationItemsAxis=OperatingSegmentsMember;StatementBusinessSegmentsAxis=GreaterChinaSegmentMember,23663000000.0,0000320193-26-000013,181.0
CostOfGoodsAndServicesSold,2025-09-28,2026-03-28,ConsolidationItemsAxis=OperatingSegmentsMember;StatementBusinessSegmentsAxis=JapanSegmentMember,8778000000.0,0000320193-26-000013,181.0
CostOfGoodsAndServicesSold,2025-09-28,2026-03-28,ConsolidationItemsAxis=OperatingSegmentsMember;StatementBusinessSegmentsAxis=RestOfAsiaPacificSegmentMember,10707000000.0,0000320193-26-000013,181.0
ResearchAndDevelopmentExpense,2025-09-28,2026-03-28,ConsolidationItemsAxis=CorporateNonSegmentMember,22306000000.0,0000320193-26-000013,181.0
OperatingIncomeLoss,2025-09-28,2026-03-28,ConsolidationItemsAxis=OperatingSegmentsMember;StatementBusinessSegmentsAxis=AmericasSegmentMember,43326000000.0,0000320193-26-000013,181.0
OperatingIncomeLoss,2025-09-28,2026-03-28,ConsolidationItemsAxis=OperatingSegmentsMember;StatementBusinessSegmentsAxis=EuropeSegmentMember,30842000000.0,0000320193-26-000013,181.0
OperatingIncomeLoss,2025-09-28,2026-03-28,ConsolidationItemsAxis=OperatingSegmentsMember;StatementBusinessSegmentsAxis=GreaterChinaSegmentMember,20981000000.0,0000320193-26-000013,181.0
OperatingIncomeLoss,2025-09-28,2026-03-28,ConsolidationItemsAxis=OperatingSegmentsMember;StatementBusinessSegmentsAxis=JapanSegmentMember,8452000000.0,0000320193-26-000013,181.0
OperatingIncomeLoss,2025-09-28,2026-03-28,ConsolidationItemsAxis=OperatingSegmentsMember;StatementBusinessSegmentsAxis=RestOfAsiaPacificSegmentMember,9813000000.0,0000320193-26-000013,181.0
OperatingIncomeLoss,2025-09-28,2026-03-28,ConsolidationItemsAxis=CorporateNonSegmentMember,-26677000000.0,0000320193-26-000013,181.0
RevenueFromContractWithCustomerExcludingAssessedTax,2024-09-29,2025-03-29,ConsolidationItemsAxis=OperatingSegmentsMember;StatementBusinessSegmentsAxis=AmericasSegmentMember,92963000000.0,0000320193-26-000013,181.0
RevenueFromContractWithCustomerExcludingAssessedTax,2024-09-29,2025-03-29,ConsolidationItemsAxis=OperatingSegmentsMember;StatementBusinessSegmentsAxis=EuropeSegmentMember,58315000000.0,0000320193-26-000013,181.0
RevenueFromContractWithCustomerExcludingAssessedTax,2024-09-29,2025-03-29,ConsolidationItemsAxis=OperatingSegmentsMember;StatementBusinessSegmentsAxis=GreaterChinaSegmentMember,34515000000.0,0000320193-26-000013,181.0
RevenueFromContractWithCustomerExcludingAssessedTax,2024-09-29,2025-03-29,ConsolidationItemsAxis=OperatingSegmentsMember;StatementBusinessSegmentsAxis=JapanSegmentMember,16285000000.0,0000320193-26-000013,181.0
RevenueFromContractWithCustomerExcludingAssessedTax,2024-09-29,2025-03-29,ConsolidationItemsAxis=OperatingSegmentsMember;StatementBusinessSegmentsAxis=RestOfAsiaPacificSegmentMember,17581000000.0,0000320193-26-000013,181.0
CostOfGoodsAndServicesSold,2024-09-29,2025-03-29,ConsolidationItemsAxis=OperatingSegmentsMember;StatementBusinessSegmentsAxis=AmericasSegmentMember,49589000000.0,0000320193-26-000013,181.0
CostOfGoodsAndServicesSold,2024-09-29,2025-03-29,ConsolidationItemsAxis=OperatingSegmentsMember;StatementBusinessSegmentsAxis=EuropeSegmentMember,31068000000.0,0000320193-26-000013,181.0
CostOfGoodsAndServicesSold,2024-09-29,2025-03-29,ConsolidationItemsAxis=OperatingSegmentsMember;StatementBusinessSegmentsAxis=GreaterChinaSegmentMember,18553000000.0,0000320193-26-000013,181.0
CostOfGoodsAndServicesSold,2024-09-29,2025-03-29,ConsolidationItemsAxis=OperatingSegmentsMember;StatementBusinessSegmentsAxis=JapanSegmentMember,8003000000.0,0000320193-26-000013,181.0
CostOfGoodsAndServicesSold,2024-09-29,2025-03-29,ConsolidationItemsAxis=OperatingSegmentsMember;StatementBusinessSegmentsAxis=RestOfAsiaPacificSegmentMember,9304000000.0,0000320193-26-000013,181.0
ResearchAndDevelopmentExpense,2024-09-29,2025-03-29,ConsolidationItemsAxis=CorporateNonSegmentMember,16818000000.0,0000320193-26-000013,181.0
OperatingIncomeLoss,2024-09-29,2025-03-29,ConsolidationItemsAxis=OperatingSegmentsMember;StatementBusinessSegmentsAxis=AmericasSegmentMember,38283000000.0,0000320193-26-000013,181.0
OperatingIncomeLoss,2024-09-29,2025-03-29,ConsolidationItemsAxis=OperatingSegmentsMember;StatementBusinessSegmentsAxis=EuropeSegmentMember,24923000000.0,0000320193-26-000013,181.0
OperatingIncomeLoss,2024-09-29,2025-03-29,ConsolidationItemsAxis=OperatingSegmentsMember;StatementBusinessSegmentsAxis=GreaterChinaSegmentMember,14786000000.0,0000320193-26-000013,181.0
OperatingIncomeLoss,2024-09-29,2025-03-29,ConsolidationItemsAxis=OperatingSegmentsMember;StatementBusinessSegmentsAxis=JapanSegmentMember,7748000000.0,0000320193-26-000013,181.0
OperatingIncomeLoss,2024-09-29,2025-03-29,ConsolidationItemsAxis=OperatingSegmentsMember;StatementBusinessSegmentsAxis=RestOfAsiaPacificSegmentMember,7570000000.0,0000320193-26-000013,181.0
OperatingIncomeLoss,2024-09-29,2025-03-29,ConsolidationItemsAxis=CorporateNonSegmentMember,-20889000000.0,0000320193-26-000013,181.0
RevenueFromContractWithCustomerExcludingAssessedTax,2025-09-28,2025-12-27,ProductOrServiceAxis=ProductMember,113743000000.0,0000320193-26-000006,90.0
RevenueFromContractWithCustomerExcludingAssessedTax,2024-09-29,2024-12-28,ProductOrServiceAxis=ProductMember,97960000000.0,0000320193-26-000006,90.0
RevenueFromContractWithCustomerExcludingAssessedTax,2025-09-28,2025-12-27,ProductOrServiceAxis=ServiceMember,30013000000.0,0000320193-26-000006,90.0
RevenueFromContractWithCustomerExcludingAssessedTax,2024-09-29,2024-12-28,ProductOrServiceAxis=ServiceMember,26340000000.0,0000320193-26-000006,90.0
RevenueFromContractWithCustomerExcludingAssessedTax,2025-09-28,2025-12-27,,143756000000.0,0000320193-26-000006,90.0
RevenueFromContractWithCustomerExcludingAssessedTax,2024-09-29,2024-12-28,,124300000000.0,0000320193-26-000006,90.0
CostOfGoodsAndServicesSold,2025-09-28,2025-12-27,ProductOrServiceAxis=ProductMember,67478000000.0,0000320193-26-000006,90.0
CostOfGoodsAndServicesSold,2024-09-29,2024-12-28,ProductOrServiceAxis=ProductMember,59447000000.0,0000320193-26-000006,90.0
CostOfGoodsAndServicesSold,2025-09-28,2025-12-27,ProductOrServiceAxis=ServiceMember,7047000000.0,0000320193-26-000006,90.0
CostOfGoodsAndServicesSold,2024-09-29,2024-12-28,ProductOrServiceAxis=ServiceMember,6578000000.0,0000320193-26-000006,90.0
CostOfGoodsAndServicesSold,2025-09-28,2025-12-27,,74525000000.0,0000320193-26-000006,90.0
CostOfGoodsAndServicesSold,2024-09-29,2024-12-28,,66025000000.0,0000320193-26-000006,90.0
GrossProfit,2025-09-28,2025-12-27,,69231000000.0,0000320193-26-000006,90.0
GrossProfit,2024-09-29,2024-12-28,,58275000000.0,0000320193-26-000006,90.0
ResearchAndDevelopmentExpense,2025-09-28,2025-12-27,,10887000000.0,0000320193-26-000006,90.0
ResearchAndDevelopmentExpense,2024-09-29,2024-12-28,,8268000000.0,0000320193-26-000006,90.0
OperatingIncomeLoss,2025-09-28,2025-12-27,,50852000000.0,0000320193-26-000006,90.0
OperatingIncomeLoss,2024-09-29,2024-12-28,,42832000000.0,0000320193-26-000006,90.0
CommonStockSharesOutstanding,,2025-12-27,,14702703000.0,0000320193-26-000006,
CommonStockSharesOutstanding,,2025-09-27,,14773260000.0,0000320193-26-000006,
ShareBasedCompensation,2025-09-28,2025-12-27,,3594000000.0,0000320193-26-000006,90.0
ShareBasedCompensation,2024-09-29,2024-12-28,,3286000000.0,0000320193-26-000006,90.0
NetCashProvidedByUsedInOperatingActivities,2025-09-28,2025-12-27,,53925000000.0,0000320193-26-000006,90.0
NetCashProvidedByUsedInOperatingActivities,2024-09-29,2024-12-28,,29935000000.0,0000320193-26-000006,90.0
PaymentsToAcquirePropertyPlantAndEquipment,2025-09-28,2025-12-27,,2373000000.0,0000320193-26-000006,90.0
PaymentsToAcquirePropertyPlantAndEquipment,2024-09-29,2024-12-28,,2940000000.0,0000320193-26-000006,90.0
PaymentsForRepurchaseOfCommonStock,2025-09-28,2025-12-27,,24701000000.0,0000320193-26-000006,90.0
PaymentsForRepurchaseOfCommonStock,2024-09-29,2024-12-28,,23606000000.0,0000320193-26-000006,90.0
RevenueFromContractWithCustomerExcludingAssessedTax,2025-09-28,2025-12-27,ProductOrServiceAxis=IPhoneMember,85269000000.0,0000320193-26-000006,90.0
RevenueFromContractWithCustomerExcludingAssessedTax,2024-09-29,2024-12-28,ProductOrServiceAxis=IPhoneMember,69138000000.0,0000320193-26-000006,90.0
RevenueFromContractWithCustomerExcludingAssessedTax,2025-09-28,2025-12-27,ProductOrServiceAxis=MacMember,8386000000.0,0000320193-26-000006,90.0
RevenueFromContractWithCustomerExcludingAssessedTax,2024-09-29,2024-12-28,ProductOrServiceAxis=MacMember,8987000000.0,0000320193-26-000006,90.0
RevenueFromContractWithCustomerExcludingAssessedTax,2025-09-28,2025-12-27,ProductOrServiceAxis=IPadMember,8595000000.0,0000320193-26-000006,90.0
RevenueFromContractWithCustomerExcludingAssessedTax,2024-09-29,2024-12-28,ProductOrServiceAxis=IPadMember,8088000000.0,0000320193-26-000006,90.0
RevenueFromContractWithCustomerExcludingAssessedTax,2025-09-28,2025-12-27,ProductOrServiceAxis=WearablesHomeandAccessoriesMember,11493000000.0,0000320193-26-000006,90.0
RevenueFromContractWithCustomerExcludingAssessedTax,2024-09-29,2024-12-28,ProductOrServiceAxis=WearablesHomeandAccessoriesMember,11747000000.0,0000320193-26-000006,90.0
RevenueFromContractWithCustomerExcludingAssessedTax,2025-09-28,2025-12-27,ConsolidationItemsAxis=OperatingSegmentsMember;StatementBusinessSegmentsAxis=AmericasSegmentMember,58529000000.0,0000320193-26-000006,90.0
RevenueFromContractWithCustomerExcludingAssessedTax,2025-09-28,2025-12-27,ConsolidationItemsAxis=OperatingSegmentsMember;StatementBusinessSegmentsAxis=EuropeSegmentMember,38146000000.0,0000320193-26-000006,90.0
RevenueFromContractWithCustomerExcludingAssessedTax,2025-09-28,2025-12-27,ConsolidationItemsAxis=OperatingSegmentsMember;StatementBusinessSegmentsAxis=GreaterChinaSegmentMember,25526000000.0,0000320193-26-000006,90.0
RevenueFromContractWithCustomerExcludingAssessedTax,2025-09-28,2025-12-27,ConsolidationItemsAxis=OperatingSegmentsMember;StatementBusinessSegmentsAxis=JapanSegmentMember,9413000000.0,0000320193-26-000006,90.0
RevenueFromContractWithCustomerExcludingAssessedTax,2025-09-28,2025-12-27,ConsolidationItemsAxis=OperatingSegmentsMember;StatementBusinessSegmentsAxis=RestOfAsiaPacificSegmentMember,12142000000.0,0000320193-26-000006,90.0
CostOfGoodsAndServicesSold,2025-09-28,2025-12-27,ConsolidationItemsAxis=OperatingSegmentsMember;StatementBusinessSegmentsAxis=AmericasSegmentMember,31849000000.0,0000320193-26-000006,90.0
CostOfGoodsAndServicesSold,2025-09-28,2025-12-27,ConsolidationItemsAxis=OperatingSegmentsMember;StatementBusinessSegmentsAxis=EuropeSegmentMember,19061000000.0,0000320193-26-000006,90.0
CostOfGoodsAndServicesSold,2025-09-28,2025-12-27,ConsolidationItemsAxis=OperatingSegmentsMember;StatementBusinessSegmentsAxis=GreaterChinaSegmentMember,13030000000.0,0000320193-26-000006,90.0
CostOfGoodsAndServicesSold,2025-09-28,2025-12-27,ConsolidationItemsAxis=OperatingSegmentsMember;StatementBusinessSegmentsAxis=JapanSegmentMember,4511000000.0,0000320193-26-000006,90.0
CostOfGoodsAndServicesSold,2025-09-28,2025-12-27,ConsolidationItemsAxis=OperatingSegmentsMember;StatementBusinessSegmentsAxis=RestOfAsiaPacificSegmentMember,6074000000.0,0000320193-26-000006,90.0
ResearchAndDevelopmentExpense,2025-09-28,2025-12-27,ConsolidationItemsAxis=CorporateNonSegmentMember,10887000000.0,0000320193-26-000006,90.0
OperatingIncomeLoss,2025-09-28,2025-12-27,ConsolidationItemsAxis=OperatingSegmentsMember;StatementBusinessSegmentsAxis=AmericasSegmentMember,23953000000.0,0000320193-26-000006,90.0
OperatingIncomeLoss,2025-09-28,2025-12-27,ConsolidationItemsAxis=OperatingSegmentsMember;StatementBusinessSegmentsAxis=EuropeSegmentMember,17790000000.0,0000320193-26-000006,90.0
OperatingIncomeLoss,2025-09-28,2025-12-27,ConsolidationItemsAxis=OperatingSegmentsMember;StatementBusinessSegmentsAxis=GreaterChinaSegmentMember,11792000000.0,0000320193-26-000006,90.0
OperatingIncomeLoss,2025-09-28,2025-12-27,ConsolidationItemsAxis=OperatingSegmentsMember;StatementBusinessSegmentsAxis=JapanSegmentMember,4613000000.0,0000320193-26-000006,90.0
OperatingIncomeLoss,2025-09-28,2025-12-27,ConsolidationItemsAxis=OperatingSegmentsMember;StatementBusinessSegmentsAxis=RestOfAsiaPacificSegmentMember,5686000000.0,0000320193-26-000006,90.0
OperatingIncomeLoss,2025-09-28,2025-12-27,ConsolidationItemsAxis=CorporateNonSegmentMember,-12982000000.0,0000320193-26-000006,90.0
RevenueFromContractWithCustomerExcludingAssessedTax,2024-09-29,2024-12-28,ConsolidationItemsAxis=OperatingSegmentsMember;StatementBusinessSegmentsAxis=AmericasSegmentMember,52648000000.0,0000320193-26-000006,90.0
RevenueFromContractWithCustomerExcludingAssessedTax,2024-09-29,2024-12-28,ConsolidationItemsAxis=OperatingSegmentsMember;StatementBusinessSegmentsAxis=EuropeSegmentMember,33861000000.0,0000320193-26-000006,90.0
RevenueFromContractWithCustomerExcludingAssessedTax,2024-09-29,2024-12-28,ConsolidationItemsAxis=OperatingSegmentsMember;StatementBusinessSegmentsAxis=GreaterChinaSegmentMember,18513000000.0,0000320193-26-000006,90.0
RevenueFromContractWithCustomerExcludingAssessedTax,2024-09-29,2024-12-28,ConsolidationItemsAxis=OperatingSegmentsMember;StatementBusinessSegmentsAxis=JapanSegmentMember,8987000000.0,0000320193-26-000006,90.0
RevenueFromContractWithCustomerExcludingAssessedTax,2024-09-29,2024-12-28,ConsolidationItemsAxis=OperatingSegmentsMember;StatementBusinessSegmentsAxis=RestOfAsiaPacificSegmentMember,10291000000.0,0000320193-26-000006,90.0
CostOfGoodsAndServicesSold,2024-09-29,2024-12-28,ConsolidationItemsAxis=OperatingSegmentsMember;StatementBusinessSegmentsAxis=AmericasSegmentMember,28495000000.0,0000320193-26-000006,90.0
CostOfGoodsAndServicesSold,2024-09-29,2024-12-28,ConsolidationItemsAxis=OperatingSegmentsMember;StatementBusinessSegmentsAxis=EuropeSegmentMember,18043000000.0,0000320193-26-000006,90.0
CostOfGoodsAndServicesSold,2024-09-29,2024-12-28,ConsolidationItemsAxis=OperatingSegmentsMember;StatementBusinessSegmentsAxis=GreaterChinaSegmentMember,9759000000.0,0000320193-26-000006,90.0
CostOfGoodsAndServicesSold,2024-09-29,2024-12-28,ConsolidationItemsAxis=OperatingSegmentsMember;StatementBusinessSegmentsAxis=JapanSegmentMember,4393000000.0,0000320193-26-000006,90.0
CostOfGoodsAndServicesSold,2024-09-29,2024-12-28,ConsolidationItemsAxis=OperatingSegmentsMember;StatementBusinessSegmentsAxis=RestOfAsiaPacificSegmentMember,5335000000.0,0000320193-26-000006,90.0
ResearchAndDevelopmentExpense,2024-09-29,2024-12-28,ConsolidationItemsAxis=CorporateNonSegmentMember,8268000000.0,0000320193-26-000006,90.0
OperatingIncomeLoss,2024-09-29,2024-12-28,ConsolidationItemsAxis=OperatingSegmentsMember;StatementBusinessSegmentsAxis=AmericasSegmentMember,21509000000.0,0000320193-26-000006,90.0
OperatingIncomeLoss,2024-09-29,2024-12-28,ConsolidationItemsAxis=OperatingSegmentsMember;StatementBusinessSegmentsAxis=EuropeSegmentMember,14607000000.0,0000320193-26-000006,90.0
OperatingIncomeLoss,2024-09-29,2024-12-28,ConsolidationItemsAxis=OperatingSegmentsMember;StatementBusinessSegmentsAxis=GreaterChinaSegmentMember,8160000000.0,0000320193-26-000006,90.0
OperatingIncomeLoss,2024-09-29,2024-12-28,ConsolidationItemsAxis=OperatingSegmentsMember;StatementBusinessSegmentsAxis=JapanSegmentMember,4314000000.0,0000320193-26-000006,90.0
OperatingIncomeLoss,2024-09-29,2024-12-28,ConsolidationItemsAxis=OperatingSegmentsMember;StatementBusinessSegmentsAxis=RestOfAsiaPacificSegmentMember,4584000000.0,0000320193-26-000006,90.0
OperatingIncomeLoss,2024-09-29,2024-12-28,ConsolidationItemsAxis=CorporateNonSegmentMember,-10342000000.0,0000320193-26-000006,90.0
RevenueFromContractWithCustomerExcludingAssessedTax,2024-09-29,2025-09-27,ProductOrServiceAxis=ProductMember,307003000000.0,0000320193-25-000079,363.0
RevenueFromContractWithCustomerExcludingAssessedTax,2023-10-01,2024-09-28,ProductOrServiceAxis=ProductMember,294866000000.0,0000320193-25-000079,363.0
RevenueFromContractWithCustomerExcludingAssessedTax,2022-09-25,2023-09-30,ProductOrServiceAxis=ProductMember,298085000000.0,0000320193-25-000079,370.0
RevenueFromContractWithCustomerExcludingAssessedTax,2024-09-29,2025-09-27,ProductOrServiceAxis=ServiceMember,109158000000.0,0000320193-25-000079,363.0
RevenueFromContractWithCustomerExcludingAssessedTax,2023-10-01,2024-09-28,ProductOrServiceAxis=ServiceMember,96169000000.0,0000320193-25-000079,363.0
RevenueFromContractWithCustomerExcludingAssessedTax,2022-09-25,2023-09-30,ProductOrServiceAxis=ServiceMember,85200000000.0,0000320193-25-000079,370.0
RevenueFromContractWithCustomerExcludingAssessedTax,2024-09-29,2025-09-27,,416161000000.0,0000320193-25-000079,363.0
RevenueFromContractWithCustomerExcludingAssessedTax,2023-10-01,2024-09-28,,391035000000.0,0000320193-25-000079,363.0
RevenueFromContractWithCustomerExcludingAssessedTax,2022-09-25,2023-09-30,,383285000000.0,0000320193-25-000079,370.0
CostOfGoodsAndServicesSold,2024-09-29,2025-09-27,ProductOrServiceAxis=ProductMember,194116000000.0,0000320193-25-000079,363.0
CostOfGoodsAndServicesSold,2023-10-01,2024-09-28,ProductOrServiceAxis=ProductMember,185233000000.0,0000320193-25-000079,363.0
CostOfGoodsAndServicesSold,2022-09-25,2023-09-30,ProductOrServiceAxis=ProductMember,189282000000.0,0000320193-25-000079,370.0
CostOfGoodsAndServicesSold,2024-09-29,2025-09-27,ProductOrServiceAxis=ServiceMember,26844000000.0,0000320193-25-000079,363.0
CostOfGoodsAndServicesSold,2023-10-01,2024-09-28,ProductOrServiceAxis=ServiceMember,25119000000.0,0000320193-25-000079,363.0
CostOfGoodsAndServicesSold,2022-09-25,2023-09-30,ProductOrServiceAxis=ServiceMember,24855000000.0,0000320193-25-000079,370.0
CostOfGoodsAndServicesSold,2024-09-29,2025-09-27,,220960000000.0,0000320193-25-000079,363.0
CostOfGoodsAndServicesSold,2023-10-01,2024-09-28,,210352000000.0,0000320193-25-000079,363.0
CostOfGoodsAndServicesSold,2022-09-25,2023-09-30,,214137000000.0,0000320193-25-000079,370.0
GrossProfit,2024-09-29,2025-09-27,,195201000000.0,0000320193-25-000079,363.0
GrossProfit,2023-10-01,2024-09-28,,180683000000.0,0000320193-25-000079,363.0
GrossProfit,2022-09-25,2023-09-30,,169148000000.0,0000320193-25-000079,370.0
ResearchAndDevelopmentExpense,2024-09-29,2025-09-27,,34550000000.0,0000320193-25-000079,363.0
ResearchAndDevelopmentExpense,2023-10-01,2024-09-28,,31370000000.0,0000320193-25-000079,363.0
ResearchAndDevelopmentExpense,2022-09-25,2023-09-30,,29915000000.0,0000320193-25-000079,370.0
OperatingIncomeLoss,2024-09-29,2025-09-27,,133050000000.0,0000320193-25-000079,363.0
OperatingIncomeLoss,2023-10-01,2024-09-28,,123216000000.0,0000320193-25-000079,363.0
OperatingIncomeLoss,2022-09-25,2023-09-30,,114301000000.0,0000320193-25-000079,370.0
CommonStockSharesOutstanding,,2025-09-27,,14773260000.0,0000320193-25-000079,
CommonStockSharesOutstanding,,2024-09-28,,15116786000.0,0000320193-25-000079,
ShareBasedCompensation,2024-09-29,2025-09-27,,12863000000.0,0000320193-25-000079,363.0
ShareBasedCompensation,2023-10-01,2024-09-28,,11688000000.0,0000320193-25-000079,363.0
ShareBasedCompensation,2022-09-25,2023-09-30,,10833000000.0,0000320193-25-000079,370.0
NetCashProvidedByUsedInOperatingActivities,2024-09-29,2025-09-27,,111482000000.0,0000320193-25-000079,363.0
NetCashProvidedByUsedInOperatingActivities,2023-10-01,2024-09-28,,118254000000.0,0000320193-25-000079,363.0
NetCashProvidedByUsedInOperatingActivities,2022-09-25,2023-09-30,,110543000000.0,0000320193-25-000079,370.0
PaymentsToAcquirePropertyPlantAndEquipment,2024-09-29,2025-09-27,,12715000000.0,0000320193-25-000079,363.0
PaymentsToAcquirePropertyPlantAndEquipment,2023-10-01,2024-09-28,,9447000000.0,0000320193-25-000079,363.0
PaymentsToAcquirePropertyPlantAndEquipment,2022-09-25,2023-09-30,,10959000000.0,0000320193-25-000079,370.0
PaymentsForRepurchaseOfCommonStock,2024-09-29,2025-09-27,,90711000000.0,0000320193-25-000079,363.0
PaymentsForRepurchaseOfCommonStock,2023-10-01,2024-09-28,,94949000000.0,0000320193-25-000079,363.0
PaymentsForRepurchaseOfCommonStock,2022-09-25,2023-09-30,,77550000000.0,0000320193-25-000079,370.0
RevenueFromContractWithCustomerExcludingAssessedTax,2024-09-29,2025-09-27,ProductOrServiceAxis=IPhoneMember,209586000000.0,0000320193-25-000079,363.0
RevenueFromContractWithCustomerExcludingAssessedTax,2023-10-01,2024-09-28,ProductOrServiceAxis=IPhoneMember,201183000000.0,0000320193-25-000079,363.0
RevenueFromContractWithCustomerExcludingAssessedTax,2022-09-25,2023-09-30,ProductOrServiceAxis=IPhoneMember,200583000000.0,0000320193-25-000079,370.0
RevenueFromContractWithCustomerExcludingAssessedTax,2024-09-29,2025-09-27,ProductOrServiceAxis=MacMember,33708000000.0,0000320193-25-000079,363.0
RevenueFromContractWithCustomerExcludingAssessedTax,2023-10-01,2024-09-28,ProductOrServiceAxis=MacMember,29984000000.0,0000320193-25-000079,363.0
RevenueFromContractWithCustomerExcludingAssessedTax,2022-09-25,2023-09-30,ProductOrServiceAxis=MacMember,29357000000.0,0000320193-25-000079,370.0
RevenueFromContractWithCustomerExcludingAssessedTax,2024-09-29,2025-09-27,ProductOrServiceAxis=IPadMember,28023000000.0,0000320193-25-000079,363.0
RevenueFromContractWithCustomerExcludingAssessedTax,2023-10-01,2024-09-28,ProductOrServiceAxis=IPadMember,26694000000.0,0000320193-25-000079,363.0
RevenueFromContractWithCustomerExcludingAssessedTax,2022-09-25,2023-09-30,ProductOrServiceAxis=IPadMember,28300000000.0,0000320193-25-000079,370.0
RevenueFromContractWithCustomerExcludingAssessedTax,2024-09-29,2025-09-27,ProductOrServiceAxis=WearablesHomeandAccessoriesMember,35686000000.0,0000320193-25-000079,363.0
RevenueFromContractWithCustomerExcludingAssessedTax,2023-10-01,2024-09-28,ProductOrServiceAxis=WearablesHomeandAccessoriesMember,37005000000.0,0000320193-25-000079,363.0
RevenueFromContractWithCustomerExcludingAssessedTax,2022-09-25,2023-09-30,ProductOrServiceAxis=WearablesHomeandAccessoriesMember,39845000000.0,0000320193-25-000079,370.0
CommonStockSharesOutstanding,,2024-09-28,StatementEquityComponentsAxis=CommonStockMember,15116786000.0,0000320193-25-000079,
CommonStockSharesOutstanding,,2023-09-30,StatementEquityComponentsAxis=CommonStockMember,15550061000.0,0000320193-25-000079,
CommonStockSharesOutstanding,,2022-09-24,StatementEquityComponentsAxis=CommonStockMember,15943425000.0,0000320193-25-000079,
CommonStockSharesOutstanding,,2025-09-27,StatementEquityComponentsAxis=CommonStockMember,14773260000.0,0000320193-25-000079,
RevenueFromContractWithCustomerExcludingAssessedTax,2024-09-29,2025-09-27,ConsolidationItemsAxis=OperatingSegmentsMember;StatementBusinessSegmentsAxis=AmericasSegmentMember,178353000000.0,0000320193-25-000079,363.0
RevenueFromContractWithCustomerExcludingAssessedTax,2024-09-29,2025-09-27,ConsolidationItemsAxis=OperatingSegmentsMember;StatementBusinessSegmentsAxis=EuropeSegmentMember,111032000000.0,0000320193-25-000079,363.0
RevenueFromContractWithCustomerExcludingAssessedTax,2024-09-29,2025-09-27,ConsolidationItemsAxis=OperatingSegmentsMember;StatementBusinessSegmentsAxis=GreaterChinaSegmentMember,64377000000.0,0000320193-25-000079,363.0
RevenueFromContractWithCustomerExcludingAssessedTax,2024-09-29,2025-09-27,ConsolidationItemsAxis=OperatingSegmentsMember;StatementBusinessSegmentsAxis=JapanSegmentMember,28703000000.0,0000320193-25-000079,363.0
RevenueFromContractWithCustomerExcludingAssessedTax,2024-09-29,2025-09-27,ConsolidationItemsAxis=OperatingSegmentsMember;StatementBusinessSegmentsAxis=RestOfAsiaPacificSegmentMember,33696000000.0,0000320193-25-000079,363.0
CostOfGoodsAndServicesSold,2024-09-29,2025-09-27,ConsolidationItemsAxis=OperatingSegmentsMember;StatementBusinessSegmentsAxis=AmericasSegmentMember,95699000000.0,0000320193-25-000079,363.0
CostOfGoodsAndServicesSold,2024-09-29,2025-09-27,ConsolidationItemsAxis=OperatingSegmentsMember;StatementBusinessSegmentsAxis=EuropeSegmentMember,58617000000.0,0000320193-25-000079,363.0
CostOfGoodsAndServicesSold,2024-09-29,2025-09-27,ConsolidationItemsAxis=OperatingSegmentsMember;StatementBusinessSegmentsAxis=GreaterChinaSegmentMember,35141000000.0,0000320193-25-000079,363.0
CostOfGoodsAndServicesSold,2024-09-29,2025-09-27,ConsolidationItemsAxis=OperatingSegmentsMember;StatementBusinessSegmentsAxis=JapanSegmentMember,13779000000.0,0000320193-25-000079,363.0
CostOfGoodsAndServicesSold,2024-09-29,2025-09-27,ConsolidationItemsAxis=OperatingSegmentsMember;StatementBusinessSegmentsAxis=RestOfAsiaPacificSegmentMember,17724000000.0,0000320193-25-000079,363.0
ResearchAndDevelopmentExpense,2024-09-29,2025-09-27,ConsolidationItemsAxis=CorporateNonSegmentMember,34550000000.0,0000320193-25-000079,363.0
OperatingIncomeLoss,2024-09-29,2025-09-27,ConsolidationItemsAxis=OperatingSegmentsMember;StatementBusinessSegmentsAxis=AmericasSegmentMember,72480000000.0,0000320193-25-000079,363.0
OperatingIncomeLoss,2024-09-29,2025-09-27,ConsolidationItemsAxis=OperatingSegmentsMember;StatementBusinessSegmentsAxis=EuropeSegmentMember,47739000000.0,0000320193-25-000079,363.0
OperatingIncomeLoss,2024-09-29,2025-09-27,ConsolidationItemsAxis=OperatingSegmentsMember;StatementBusinessSegmentsAxis=GreaterChinaSegmentMember,26917000000.0,0000320193-25-000079,363.0
OperatingIncomeLoss,2024-09-29,2025-09-27,ConsolidationItemsAxis=OperatingSegmentsMember;StatementBusinessSegmentsAxis=JapanSegmentMember,13955000000.0,0000320193-25-000079,363.0
OperatingIncomeLoss,2024-09-29,2025-09-27,ConsolidationItemsAxis=OperatingSegmentsMember;StatementBusinessSegmentsAxis=RestOfAsiaPacificSegmentMember,14586000000.0,0000320193-25-000079,363.0
OperatingIncomeLoss,2024-09-29,2025-09-27,ConsolidationItemsAxis=CorporateNonSegmentMember,-42627000000.0,0000320193-25-000079,363.0
RevenueFromContractWithCustomerExcludingAssessedTax,2023-10-01,2024-09-28,ConsolidationItemsAxis=OperatingSegmentsMember;StatementBusinessSegmentsAxis=AmericasSegmentMember,167045000000.0,0000320193-25-000079,363.0
RevenueFromContractWithCustomerExcludingAssessedTax,2023-10-01,2024-09-28,ConsolidationItemsAxis=OperatingSegmentsMember;StatementBusinessSegmentsAxis=EuropeSegmentMember,101328000000.0,0000320193-25-000079,363.0
RevenueFromContractWithCustomerExcludingAssessedTax,2023-10-01,2024-09-28,ConsolidationItemsAxis=OperatingSegmentsMember;StatementBusinessSegmentsAxis=GreaterChinaSegmentMember,66952000000.0,0000320193-25-000079,363.0
RevenueFromContractWithCustomerExcludingAssessedTax,2023-10-01,2024-09-28,ConsolidationItemsAxis=OperatingSegmentsMember;StatementBusinessSegmentsAxis=JapanSegmentMember,25052000000.0,0000320193-25-000079,363.0
RevenueFromContractWithCustomerExcludingAssessedTax,2023-10-01,2024-09-28,ConsolidationItemsAxis=OperatingSegmentsMember;StatementBusinessSegmentsAxis=RestOfAsiaPacificSegmentMember,30658000000.0,0000320193-25-000079,363.0
CostOfGoodsAndServicesSold,2023-10-01,2024-09-28,ConsolidationItemsAxis=OperatingSegmentsMember;StatementBusinessSegmentsAxis=AmericasSegmentMember,89587000000.0,0000320193-25-000079,363.0
CostOfGoodsAndServicesSold,2023-10-01,2024-09-28,ConsolidationItemsAxis=OperatingSegmentsMember;StatementBusinessSegmentsAxis=EuropeSegmentMember,55197000000.0,0000320193-25-000079,363.0
CostOfGoodsAndServicesSold,2023-10-01,2024-09-28,ConsolidationItemsAxis=OperatingSegmentsMember;StatementBusinessSegmentsAxis=GreaterChinaSegmentMember,37519000000.0,0000320193-25-000079,363.0
CostOfGoodsAndServicesSold,2023-10-01,2024-09-28,ConsolidationItemsAxis=OperatingSegmentsMember;StatementBusinessSegmentsAxis=JapanSegmentMember,11744000000.0,0000320193-25-000079,363.0
CostOfGoodsAndServicesSold,2023-10-01,2024-09-28,ConsolidationItemsAxis=OperatingSegmentsMember;StatementBusinessSegmentsAxis=RestOfAsiaPacificSegmentMember,16305000000.0,0000320193-25-000079,363.0
ResearchAndDevelopmentExpense,2023-10-01,2024-09-28,ConsolidationItemsAxis=CorporateNonSegmentMember,31370000000.0,0000320193-25-000079,363.0
OperatingIncomeLoss,2023-10-01,2024-09-28,ConsolidationItemsAxis=OperatingSegmentsMember;StatementBusinessSegmentsAxis=AmericasSegmentMember,67656000000.0,0000320193-25-000079,363.0
OperatingIncomeLoss,2023-10-01,2024-09-28,ConsolidationItemsAxis=OperatingSegmentsMember;StatementBusinessSegmentsAxis=EuropeSegmentMember,41790000000.0,0000320193-25-000079,363.0
OperatingIncomeLoss,2023-10-01,2024-09-28,ConsolidationItemsAxis=OperatingSegmentsMember;StatementBusinessSegmentsAxis=GreaterChinaSegmentMember,27082000000.0,0000320193-25-000079,363.0
OperatingIncomeLoss,2023-10-01,2024-09-28,ConsolidationItemsAxis=OperatingSegmentsMember;StatementBusinessSegmentsAxis=JapanSegmentMember,12454000000.0,0000320193-25-000079,363.0
OperatingIncomeLoss,2023-10-01,2024-09-28,ConsolidationItemsAxis=OperatingSegmentsMember;StatementBusinessSegmentsAxis=RestOfAsiaPacificSegmentMember,13062000000.0,0000320193-25-000079,363.0
OperatingIncomeLoss,2023-10-01,2024-09-28,ConsolidationItemsAxis=CorporateNonSegmentMember,-38828000000.0,0000320193-25-000079,363.0
RevenueFromContractWithCustomerExcludingAssessedTax,2022-09-25,2023-09-30,ConsolidationItemsAxis=OperatingSegmentsMember;StatementBusinessSegmentsAxis=AmericasSegmentMember,162560000000.0,0000320193-25-000079,370.0
RevenueFromContractWithCustomerExcludingAssessedTax,2022-09-25,2023-09-30,ConsolidationItemsAxis=OperatingSegmentsMember;StatementBusinessSegmentsAxis=EuropeSegmentMember,94294000000.0,0000320193-25-000079,370.0
RevenueFromContractWithCustomerExcludingAssessedTax,2022-09-25,2023-09-30,ConsolidationItemsAxis=OperatingSegmentsMember;StatementBusinessSegmentsAxis=GreaterChinaSegmentMember,72559000000.0,0000320193-25-000079,370.0
RevenueFromContractWithCustomerExcludingAssessedTax,2022-09-25,2023-09-30,ConsolidationItemsAxis=OperatingSegmentsMember;StatementBusinessSegmentsAxis=JapanSegmentMember,24257000000.0,0000320193-25-000079,370.0
RevenueFromContractWithCustomerExcludingAssessedTax,2022-09-25,2023-09-30,ConsolidationItemsAxis=OperatingSegmentsMember;StatementBusinessSegmentsAxis=RestOfAsiaPacificSegmentMember,29615000000.0,0000320193-25-000079,370.0
CostOfGoodsAndServicesSold,2022-09-25,2023-09-30,ConsolidationItemsAxis=OperatingSegmentsMember;StatementBusinessSegmentsAxis=AmericasSegmentMember,92394000000.0,0000320193-25-000079,370.0
CostOfGoodsAndServicesSold,2022-09-25,2023-09-30,ConsolidationItemsAxis=OperatingSegmentsMember;StatementBusinessSegmentsAxis=EuropeSegmentMember,54101000000.0,0000320193-25-000079,370.0
CostOfGoodsAndServicesSold,2022-09-25,2023-09-30,ConsolidationItemsAxis=OperatingSegmentsMember;StatementBusinessSegmentsAxis=GreaterChinaSegmentMember,39787000000.0,0000320193-25-000079,370.0
CostOfGoodsAndServicesSold,2022-09-25,2023-09-30,ConsolidationItemsAxis=OperatingSegmentsMember;StatementBusinessSegmentsAxis=JapanSegmentMember,11542000000.0,0000320193-25-000079,370.0
CostOfGoodsAndServicesSold,2022-09-25,2023-09-30,ConsolidationItemsAxis=OperatingSegmentsMember;StatementBusinessSegmentsAxis=RestOfAsiaPacificSegmentMember,16313000000.0,0000320193-25-000079,370.0
ResearchAndDevelopmentExpense,2022-09-25,2023-09-30,ConsolidationItemsAxis=CorporateNonSegmentMember,29915000000.0,0000320193-25-000079,370.0
OperatingIncomeLoss,2022-09-25,2023-09-30,ConsolidationItemsAxis=OperatingSegmentsMember;StatementBusinessSegmentsAxis=AmericasSegmentMember,60508000000.0,0000320193-25-000079,370.0
OperatingIncomeLoss,2022-09-25,2023-09-30,ConsolidationItemsAxis=OperatingSegmentsMember;StatementBusinessSegmentsAxis=EuropeSegmentMember,36098000000.0,0000320193-25-000079,370.0
OperatingIncomeLoss,2022-09-25,2023-09-30,ConsolidationItemsAxis=OperatingSegmentsMember;StatementBusinessSegmentsAxis=GreaterChinaSegmentMember,30328000000.0,0000320193-25-000079,370.0
OperatingIncomeLoss,2022-09-25,2023-09-30,ConsolidationItemsAxis=OperatingSegmentsMember;StatementBusinessSegmentsAxis=JapanSegmentMember,11888000000.0,0000320193-25-000079,370.0
OperatingIncomeLoss,2022-09-25,2023-09-30,ConsolidationItemsAxis=OperatingSegmentsMember;StatementBusinessSegmentsAxis=RestOfAsiaPacificSegmentMember,12066000000.0,0000320193-25-000079,370.0
OperatingIncomeLoss,2022-09-25,2023-09-30,ConsolidationItemsAxis=CorporateNonSegmentMember,-36587000000.0,0000320193-25-000079,370.0
RevenueFromContractWithCustomerExcludingAssessedTax,2024-09-29,2025-09-27,StatementGeographicalAxis=US,151790000000.0,0000320193-25-000079,363.0
RevenueFromContractWithCustomerExcludingAssessedTax,2023-10-01,2024-09-28,StatementGeographicalAxis=US,142196000000.0,0000320193-25-000079,363.0
RevenueFromContractWithCustomerExcludingAssessedTax,2022-09-25,2023-09-30,StatementGeographicalAxis=US,138573000000.0,0000320193-25-000079,370.0
RevenueFromContractWithCustomerExcludingAssessedTax,2024-09-29,2025-09-27,StatementGeographicalAxis=CN,64377000000.0,0000320193-25-000079,363.0
RevenueFromContractWithCustomerExcludingAssessedTax,2023-10-01,2024-09-28,StatementGeographicalAxis=CN,66952000000.0,0000320193-25-000079,363.0
RevenueFromContractWithCustomerExcludingAssessedTax,2022-09-25,2023-09-30,StatementGeographicalAxis=CN,72559000000.0,0000320193-25-000079,370.0
RevenueFromContractWithCustomerExcludingAssessedTax,2024-09-29,2025-09-27,StatementGeographicalAxis=OtherCountriesMember,199994000000.0,0000320193-25-000079,363.0
RevenueFromContractWithCustomerExcludingAssessedTax,2023-10-01,2024-09-28,StatementGeographicalAxis=OtherCountriesMember,181887000000.0,0000320193-25-000079,363.0
RevenueFromContractWithCustomerExcludingAssessedTax,2022-09-25,2023-09-30,StatementGeographicalAxis=OtherCountriesMember,172153000000.0,0000320193-25-000079,370.0
RevenueFromContractWithCustomerExcludingAssessedTax,2025-03-30,2025-06-28,ProductOrServiceAxis=ProductMember,66613000000.0,0000320193-25-000073,90.0
RevenueFromContractWithCustomerExcludingAssessedTax,2024-03-31,2024-06-29,ProductOrServiceAxis=ProductMember,61564000000.0,0000320193-25-000073,90.0
RevenueFromContractWithCustomerExcludingAssessedTax,2024-09-29,2025-06-28,ProductOrServiceAxis=ProductMember,233287000000.0,0000320193-25-000073,272.0
RevenueFromContractWithCustomerExcludingAssessedTax,2023-10-01,2024-06-29,ProductOrServiceAxis=ProductMember,224908000000.0,0000320193-25-000073,272.0
RevenueFromContractWithCustomerExcludingAssessedTax,2025-03-30,2025-06-28,ProductOrServiceAxis=ServiceMember,27423000000.0,0000320193-25-000073,90.0
RevenueFromContractWithCustomerExcludingAssessedTax,2024-03-31,2024-06-29,ProductOrServiceAxis=ServiceMember,24213000000.0,0000320193-25-000073,90.0
RevenueFromContractWithCustomerExcludingAssessedTax,2024-09-29,2025-06-28,ProductOrServiceAxis=ServiceMember,80408000000.0,0000320193-25-000073,272.0
RevenueFromContractWithCustomerExcludingAssessedTax,2023-10-01,2024-06-29,ProductOrServiceAxis=ServiceMember,71197000000.0,0000320193-25-000073,272.0
RevenueFromContractWithCustomerExcludingAssessedTax,2025-03-30,2025-06-28,,94036000000.0,0000320193-25-000073,90.0
RevenueFromContractWithCustomerExcludingAssessedTax,2024-03-31,2024-06-29,,85777000000.0,0000320193-25-000073,90.0
RevenueFromContractWithCustomerExcludingAssessedTax,2024-09-29,2025-06-28,,313695000000.0,0000320193-25-000073,272.0
RevenueFromContractWithCustomerExcludingAssessedTax,2023-10-01,2024-06-29,,296105000000.0,0000320193-25-000073,272.0
CostOfGoodsAndServicesSold,2025-03-30,2025-06-28,ProductOrServiceAxis=ProductMember,43620000000.0,0000320193-25-000073,90.0
CostOfGoodsAndServicesSold,2024-03-31,2024-06-29,ProductOrServiceAxis=ProductMember,39803000000.0,0000320193-25-000073,90.0
CostOfGoodsAndServicesSold,2024-09-29,2025-06-28,ProductOrServiceAxis=ProductMember,147097000000.0,0000320193-25-000073,272.0
CostOfGoodsAndServicesSold,2023-10-01,2024-06-29,ProductOrServiceAxis=ProductMember,140667000000.0,0000320193-25-000073,272.0
CostOfGoodsAndServicesSold,2025-03-30,2025-06-28,ProductOrServiceAxis=ServiceMember,6698000000.0,0000320193-25-000073,90.0
CostOfGoodsAndServicesSold,2024-03-31,2024-06-29,ProductOrServiceAxis=ServiceMember,6296000000.0,0000320193-25-000073,90.0
CostOfGoodsAndServicesSold,2024-09-29,2025-06-28,ProductOrServiceAxis=ServiceMember,19738000000.0,0000320193-25-000073,272.0
CostOfGoodsAndServicesSold,2023-10-01,2024-06-29,ProductOrServiceAxis=ServiceMember,18634000000.0,0000320193-25-000073,272.0
CostOfGoodsAndServicesSold,2025-03-30,2025-06-28,,50318000000.0,0000320193-25-000073,90.0
CostOfGoodsAndServicesSold,2024-03-31,2024-06-29,,46099000000.0,0000320193-25-000073,90.0
CostOfGoodsAndServicesSold,2024-09-29,2025-06-28,,166835000000.0,0000320193-25-000073,272.0
CostOfGoodsAndServicesSold,2023-10-01,2024-06-29,,159301000000.0,0000320193-25-000073,272.0
GrossProfit,2025-03-30,2025-06-28,,43718000000.0,0000320193-25-000073,90.0
GrossProfit,2024-03-31,2024-06-29,,39678000000.0,0000320193-25-000073,90.0
GrossProfit,2024-09-29,2025-06-28,,146860000000.0,0000320193-25-000073,272.0
GrossProfit,2023-10-01,2024-06-29,,136804000000.0,0000320193-25-000073,272.0
ResearchAndDevelopmentExpense,2025-03-30,2025-06-28,,8866000000.0,0000320193-25-000073,90.0
ResearchAndDevelopmentExpense,2024-03-31,2024-06-29,,8006000000.0,0000320193-25-000073,90.0
ResearchAndDevelopmentExpense,2024-09-29,2025-06-28,,25684000000.0,0000320193-25-000073,272.0
ResearchAndDevelopmentExpense,2023-10-01,2024-06-29,,23605000000.0,0000320193-25-000073,272.0
OperatingIncomeLoss,2025-03-30,2025-06-28,,28202000000.0,0000320193-25-000073,90.0
OperatingIncomeLoss,2024-03-31,2024-06-29,,25352000000.0,0000320193-25-000073,90.0
OperatingIncomeLoss,2024-09-29,2025-06-28,,100623000000.0,0000320193-25-000073,272.0
OperatingIncomeLoss,2023-10-01,2024-06-29,,93625000000.0,0000320193-25-000073,272.0
CommonStockSharesOutstanding,,2025-06-28,,14856722000.0,0000320193-25-000073,
CommonStockSharesOutstanding,,2024-09-28,,15116786000.0,0000320193-25-000073,
ShareBasedCompensation,2024-09-29,2025-06-28,,9680000000.0,0000320193-25-000073,272.0
ShareBasedCompensation,2023-10-01,2024-06-29,,8830000000.0,0000320193-25-000073,272.0
NetCashProvidedByUsedInOperatingActivities,2024-09-29,2025-06-28,,81754000000.0,0000320193-25-000073,272.0
NetCashProvidedByUsedInOperatingActivities,2023-10-01,2024-06-29,,91443000000.0,0000320193-25-000073,272.0
PaymentsToAcquirePropertyPlantAndEquipment,2024-09-29,2025-06-28,,9473000000.0,0000320193-25-000073,272.0
PaymentsToAcquirePropertyPlantAndEquipment,2023-10-01,2024-06-29,,6539000000.0,0000320193-25-000073,272.0
PaymentsForRepurchaseOfCommonStock,2024-09-29,2025-06-28,,70579000000.0,0000320193-25-000073,272.0
PaymentsForRepurchaseOfCommonStock,2023-10-01,2024-06-29,,69866000000.0,0000320193-25-000073,272.0
RevenueFromContractWithCustomerExcludingAssessedTax,2025-03-30,2025-06-28,ProductOrServiceAxis=IPhoneMember,44582000000.0,0000320193-25-000073,90.0
RevenueFromContractWithCustomerExcludingAssessedTax,2024-03-31,2024-06-29,ProductOrServiceAxis=IPhoneMember,39296000000.0,0000320193-25-000073,90.0
RevenueFromContractWithCustomerExcludingAssessedTax,2024-09-29,2025-06-28,ProductOrServiceAxis=IPhoneMember,160561000000.0,0000320193-25-000073,272.0
RevenueFromContractWithCustomerExcludingAssessedTax,2023-10-01,2024-06-29,ProductOrServiceAxis=IPhoneMember,154961000000.0,0000320193-25-000073,272.0
RevenueFromContractWithCustomerExcludingAssessedTax,2025-03-30,2025-06-28,ProductOrServiceAxis=MacMember,8046000000.0,0000320193-25-000073,90.0
RevenueFromContractWithCustomerExcludingAssessedTax,2024-03-31,2024-06-29,ProductOrServiceAxis=MacMember,7009000000.0,0000320193-25-000073,90.0
RevenueFromContractWithCustomerExcludingAssessedTax,2024-09-29,2025-06-28,ProductOrServiceAxis=MacMember,24982000000.0,0000320193-25-000073,272.0
RevenueFromContractWithCustomerExcludingAssessedTax,2023-10-01,2024-06-29,ProductOrServiceAxis=MacMember,22240000000.0,0000320193-25-000073,272.0
RevenueFromContractWithCustomerExcludingAssessedTax,2025-03-30,2025-06-28,ProductOrServiceAxis=IPadMember,6581000000.0,0000320193-25-000073,90.0
RevenueFromContractWithCustomerExcludingAssessedTax,2024-03-31,2024-06-29,ProductOrServiceAxis=IPadMember,7162000000.0,0000320193-25-000073,90.0
RevenueFromContractWithCustomerExcludingAssessedTax,2024-09-29,2025-06-28,ProductOrServiceAxis=IPadMember,21071000000.0,0000320193-25-000073,272.0
RevenueFromContractWithCustomerExcludingAssessedTax,2023-10-01,2024-06-29,ProductOrServiceAxis=IPadMember,19744000000.0,0000320193-25-000073,272.0
RevenueFromContractWithCustomerExcludingAssessedTax,2025-03-30,2025-06-28,ProductOrServiceAxis=WearablesHomeandAccessoriesMember,7404000000.0,0000320193-25-000073,90.0
RevenueFromContractWithCustomerExcludingAssessedTax,2024-03-31,2024-06-29,ProductOrServiceAxis=WearablesHomeandAccessoriesMember,8097000000.0,0000320193-25-000073,90.0
RevenueFromContractWithCustomerExcludingAssessedTax,2024-09-29,2025-06-28,ProductOrServiceAxis=WearablesHomeandAccessoriesMember,26673000000.0,0000320193-25-000073,272.0
RevenueFromContractWithCustomerExcludingAssessedTax,2023-10-01,2024-06-29,ProductOrServiceAxis=WearablesHomeandAccessoriesMember,27963000000.0,0000320193-25-000073,272.0
RevenueFromContractWithCustomerExcludingAssessedTax,2025-03-30,2025-06-28,StatementBusinessSegmentsAxis=AmericasSegmentMember,41198000000.0,0000320193-25-000073,90.0
RevenueFromContractWithCustomerExcludingAssessedTax,2024-03-31,2024-06-29,StatementBusinessSegmentsAxis=AmericasSegmentMember,37678000000.0,0000320193-25-000073,90.0
RevenueFromContractWithCustomerExcludingAssessedTax,2024-09-29,2025-06-28,StatementBusinessSegmentsAxis=AmericasSegmentMember,134161000000.0,0000320193-25-000073,272.0
RevenueFromContractWithCustomerExcludingAssessedTax,2023-10-01,2024-06-29,StatementBusinessSegmentsAxis=AmericasSegmentMember,125381000000.0,0000320193-25-000073,272.0
OperatingIncomeLoss,2025-03-30,2025-06-28,StatementBusinessSegmentsAxis=AmericasSegmentMember,16511000000.0,0000320193-25-000073,90.0
OperatingIncomeLoss,2024-03-31,2024-06-29,StatementBusinessSegmentsAxis=AmericasSegmentMember,15209000000.0,0000320193-25-000073,90.0
OperatingIncomeLoss,2024-09-29,2025-06-28,StatementBusinessSegmentsAxis=AmericasSegmentMember,54794000000.0,0000320193-25-000073,272.0
OperatingIncomeLoss,2023-10-01,2024-06-29,StatementBusinessSegmentsAxis=AmericasSegmentMember,50640000000.0,0000320193-25-000073,272.0
RevenueFromContractWithCustomerExcludingAssessedTax,2025-03-30,2025-06-28,StatementBusinessSegmentsAxis=EuropeSegmentMember,24014000000.0,0000320193-25-000073,90.0
RevenueFromContractWithCustomerExcludingAssessedTax,2024-03-31,2024-06-29,StatementBusinessSegmentsAxis=EuropeSegmentMember,21884000000.0,0000320193-25-000073,90.0
RevenueFromContractWithCustomerExcludingAssessedTax,2024-09-29,2025-06-28,StatementBusinessSegmentsAxis=EuropeSegmentMember,82329000000.0,0000320193-25-000073,272.0
RevenueFromContractWithCustomerExcludingAssessedTax,2023-10-01,2024-06-29,StatementBusinessSegmentsAxis=EuropeSegmentMember,76404000000.0,0000320193-25-000073,272.0
OperatingIncomeLoss,2025-03-30,2025-06-28,StatementBusinessSegmentsAxis=EuropeSegmentMember,10501000000.0,0000320193-25-000073,90.0
OperatingIncomeLoss,2024-03-31,2024-06-29,StatementBusinessSegmentsAxis=EuropeSegmentMember,9170000000.0,0000320193-25-000073,90.0
OperatingIncomeLoss,2024-09-29,2025-06-28,StatementBusinessSegmentsAxis=EuropeSegmentMember,35424000000.0,0000320193-25-000073,272.0
OperatingIncomeLoss,2023-10-01,2024-06-29,StatementBusinessSegmentsAxis=EuropeSegmentMember,31872000000.0,0000320193-25-000073,272.0
RevenueFromContractWithCustomerExcludingAssessedTax,2025-03-30,2025-06-28,StatementBusinessSegmentsAxis=GreaterChinaSegmentMember,15369000000.0,0000320193-25-000073,90.0
RevenueFromContractWithCustomerExcludingAssessedTax,2024-03-31,2024-06-29,StatementBusinessSegmentsAxis=GreaterChinaSegmentMember,14728000000.0,0000320193-25-000073,90.0
RevenueFromContractWithCustomerExcludingAssessedTax,2024-09-29,2025-06-28,StatementBusinessSegmentsAxis=GreaterChinaSegmentMember,49884000000.0,0000320193-25-000073,272.0
RevenueFromContractWithCustomerExcludingAssessedTax,2023-10-01,2024-06-29,StatementBusinessSegmentsAxis=GreaterChinaSegmentMember,51919000000.0,0000320193-25-000073,272.0
OperatingIncomeLoss,2025-03-30,2025-06-28,StatementBusinessSegmentsAxis=GreaterChinaSegmentMember,5822000000.0,0000320193-25-000073,90.0
OperatingIncomeLoss,2024-03-31,2024-06-29,StatementBusinessSegmentsAxis=GreaterChinaSegmentMember,5562000000.0,0000320193-25-000073,90.0
OperatingIncomeLoss,2024-09-29,2025-06-28,StatementBusinessSegmentsAxis=GreaterChinaSegmentMember,20608000000.0,0000320193-25-000073,272.0
OperatingIncomeLoss,2023-10-01,2024-06-29,StatementBusinessSegmentsAxis=GreaterChinaSegmentMember,20884000000.0,0000320193-25-000073,272.0
RevenueFromContractWithCustomerExcludingAssessedTax,2025-03-30,2025-06-28,StatementBusinessSegmentsAxis=JapanSegmentMember,5782000000.0,0000320193-25-000073,90.0
RevenueFromContractWithCustomerExcludingAssessedTax,2024-03-31,2024-06-29,StatementBusinessSegmentsAxis=JapanSegmentMember,5097000000.0,0000320193-25-000073,90.0
RevenueFromContractWithCustomerExcludingAssessedTax,2024-09-29,2025-06-28,StatementBusinessSegmentsAxis=JapanSegmentMember,22067000000.0,0000320193-25-000073,272.0
RevenueFromContractWithCustomerExcludingAssessedTax,2023-10-01,2024-06-29,StatementBusinessSegmentsAxis=JapanSegmentMember,19126000000.0,0000320193-25-000073,272.0
OperatingIncomeLoss,2025-03-30,2025-06-28,StatementBusinessSegmentsAxis=JapanSegmentMember,2872000000.0,0000320193-25-000073,90.0
OperatingIncomeLoss,2024-03-31,2024-06-29,StatementBusinessSegmentsAxis=JapanSegmentMember,2544000000.0,0000320193-25-000073,90.0
OperatingIncomeLoss,2024-09-29,2025-06-28,StatementBusinessSegmentsAxis=JapanSegmentMember,10620000000.0,0000320193-25-000073,272.0
OperatingIncomeLoss,2023-10-01,2024-06-29,StatementBusinessSegmentsAxis=JapanSegmentMember,9498000000.0,0000320193-25-000073,272.0
RevenueFromContractWithCustomerExcludingAssessedTax,2025-03-30,2025-06-28,StatementBusinessSegmentsAxis=RestOfAsiaPacificSegmentMember,7673000000.0,0000320193-25-000073,90.0
RevenueFromContractWithCustomerExcludingAssessedTax,2024-03-31,2024-06-29,StatementBusinessSegmentsAxis=RestOfAsiaPacificSegmentMember,6390000000.0,0000320193-25-000073,90.0
RevenueFromContractWithCustomerExcludingAssessedTax,2024-09-29,2025-06-28,StatementBusinessSegmentsAxis=RestOfAsiaPacificSegmentMember,25254000000.0,0000320193-25-000073,272.0
RevenueFromContractWithCustomerExcludingAssessedTax,2023-10-01,2024-06-29,StatementBusinessSegmentsAxis=RestOfAsiaPacificSegmentMember,23275000000.0,0000320193-25-000073,272.0
OperatingIncomeLoss,2025-03-30,2025-06-28,StatementBusinessSegmentsAxis=RestOfAsiaPacificSegmentMember,3243000000.0,0000320193-25-000073,90.0
OperatingIncomeLoss,2024-03-31,2024-06-29,StatementBusinessSegmentsAxis=RestOfAsiaPacificSegmentMember,2610000000.0,0000320193-25-000073,90.0
OperatingIncomeLoss,2024-09-29,2025-06-28,StatementBusinessSegmentsAxis=RestOfAsiaPacificSegmentMember,10813000000.0,0000320193-25-000073,272.0
OperatingIncomeLoss,2023-10-01,2024-06-29,StatementBusinessSegmentsAxis=RestOfAsiaPacificSegmentMember,9995000000.0,0000320193-25-000073,272.0
OperatingIncomeLoss,2025-03-30,2025-06-28,ConsolidationItemsAxis=OperatingSegmentsMember,38949000000.0,0000320193-25-000073,90.0
OperatingIncomeLoss,2024-03-31,2024-06-29,ConsolidationItemsAxis=OperatingSegmentsMember,35095000000.0,0000320193-25-000073,90.0
OperatingIncomeLoss,2024-09-29,2025-06-28,ConsolidationItemsAxis=OperatingSegmentsMember,132259000000.0,0000320193-25-000073,272.0
OperatingIncomeLoss,2023-10-01,2024-06-29,ConsolidationItemsAxis=OperatingSegmentsMember,122889000000.0,0000320193-25-000073,272.0
ResearchAndDevelopmentExpense,2025-03-30,2025-06-28,ConsolidationItemsAxis=MaterialReconcilingItemsMember,8866000000.0,0000320193-25-000073,90.0
ResearchAndDevelopmentExpense,2024-03-31,2024-06-29,ConsolidationItemsAxis=MaterialReconcilingItemsMember,8006000000.0,0000320193-25-000073,90.0
ResearchAndDevelopmentExpense,2024-09-29,2025-06-28,ConsolidationItemsAxis=MaterialReconcilingItemsMember,25684000000.0,0000320193-25-000073,272.0
ResearchAndDevelopmentExpense,2023-10-01,2024-06-29,ConsolidationItemsAxis=MaterialReconcilingItemsMember,23605000000.0,0000320193-25-000073,272.0
RevenueFromContractWithCustomerExcludingAssessedTax,2024-12-29,2025-03-29,ProductOrServiceAxis=ProductMember,68714000000.0,0000320193-25-000057,90.0
RevenueFromContractWithCustomerExcludingAssessedTax,2023-12-31,2024-03-30,ProductOrServiceAxis=ProductMember,66886000000.0,0000320193-25-000057,90.0
RevenueFromContractWithCustomerExcludingAssessedTax,2024-09-29,2025-03-29,ProductOrServiceAxis=ProductMember,166674000000.0,0000320193-25-000057,181.0
RevenueFromContractWithCustomerExcludingAssessedTax,2023-10-01,2024-03-30,ProductOrServiceAxis=ProductMember,163344000000.0,0000320193-25-000057,181.0
RevenueFromContractWithCustomerExcludingAssessedTax,2024-12-29,2025-03-29,ProductOrServiceAxis=ServiceMember,26645000000.0,0000320193-25-000057,90.0
RevenueFromContractWithCustomerExcludingAssessedTax,2023-12-31,2024-03-30,ProductOrServiceAxis=ServiceMember,23867000000.0,0000320193-25-000057,90.0
RevenueFromContractWithCustomerExcludingAssessedTax,2024-09-29,2025-03-29,ProductOrServiceAxis=ServiceMember,52985000000.0,0000320193-25-000057,181.0
RevenueFromContractWithCustomerExcludingAssessedTax,2023-10-01,2024-03-30,ProductOrServiceAxis=ServiceMember,46984000000.0,0000320193-25-000057,181.0
RevenueFromContractWithCustomerExcludingAssessedTax,2024-12-29,2025-03-29,,95359000000.0,0000320193-25-000057,90.0
RevenueFromContractWithCustomerExcludingAssessedTax,2023-12-31,2024-03-30,,90753000000.0,0000320193-25-000057,90.0
RevenueFromContractWithCustomerExcludingAssessedTax,2024-09-29,2025-03-29,,219659000000.0,0000320193-25-000057,181.0
RevenueFromContractWithCustomerExcludingAssessedTax,2023-10-01,2024-03-30,,210328000000.0,0000320193-25-000057,181.0
CostOfGoodsAndServicesSold,2024-12-29,2025-03-29,ProductOrServiceAxis=ProductMember,44030000000.0,0000320193-25-000057,90.0
CostOfGoodsAndServicesSold,2023-12-31,2024-03-30,ProductOrServiceAxis=ProductMember,42424000000.0,0000320193-25-000057,90.0
CostOfGoodsAndServicesSold,2024-09-29,2025-03-29,ProductOrServiceAxis=ProductMember,103477000000.0,0000320193-25-000057,181.0
CostOfGoodsAndServicesSold,2023-10-01,2024-03-30,ProductOrServiceAxis=ProductMember,100864000000.0,0000320193-25-000057,181.0
CostOfGoodsAndServicesSold,2024-12-29,2025-03-29,ProductOrServiceAxis=ServiceMember,6462000000.0,0000320193-25-000057,90.0
CostOfGoodsAndServicesSold,2023-12-31,2024-03-30,ProductOrServiceAxis=ServiceMember,6058000000.0,0000320193-25-000057,90.0
CostOfGoodsAndServicesSold,2024-09-29,2025-03-29,ProductOrServiceAxis=ServiceMember,13040000000.0,0000320193-25-000057,181.0
CostOfGoodsAndServicesSold,2023-10-01,2024-03-30,ProductOrServiceAxis=ServiceMember,12338000000.0,0000320193-25-000057,181.0
CostOfGoodsAndServicesSold,2024-12-29,2025-03-29,,50492000000.0,0000320193-25-000057,90.0
CostOfGoodsAndServicesSold,2023-12-31,2024-03-30,,48482000000.0,0000320193-25-000057,90.0
CostOfGoodsAndServicesSold,2024-09-29,2025-03-29,,116517000000.0,0000320193-25-000057,181.0
CostOfGoodsAndServicesSold,2023-10-01,2024-03-30,,113202000000.0,0000320193-25-000057,181.0
GrossProfit,2024-12-29,2025-03-29,,44867000000.0,0000320193-25-000057,90.0
GrossProfit,2023-12-31,2024-03-30,,42271000000.0,0000320193-25-000057,90.0
GrossProfit,2024-09-29,2025-03-29,,103142000000.0,0000320193-25-000057,181.0
GrossProfit,2023-10-01,2024-03-30,,97126000000.0,0000320193-25-000057,181.0
ResearchAndDevelopmentExpense,2024-12-29,2025-03-29,,8550000000.0,0000320193-25-000057,90.0
ResearchAndDevelopmentExpense,2023-12-31,2024-03-30,,7903000000.0,0000320193-25-000057,90.0
ResearchAndDevelopmentExpense,2024-09-29,2025-03-29,,16818000000.0,0000320193-25-000057,181.0
ResearchAndDevelopmentExpense,2023-10-01,2024-03-30,,15599000000.0,0000320193-25-000057,181.0
OperatingIncomeLoss,2024-12-29,2025-03-29,,29589000000.0,0000320193-25-000057,90.0
OperatingIncomeLoss,2023-12-31,2024-03-30,,27900000000.0,0000320193-25-000057,90.0
OperatingIncomeLoss,2024-09-29,2025-03-29,,72421000000.0,0000320193-25-000057,181.0
OperatingIncomeLoss,2023-10-01,2024-03-30,,68273000000.0,0000320193-25-000057,181.0
CommonStockSharesOutstanding,,2025-03-29,,14939315000.0,0000320193-25-000057,
CommonStockSharesOutstanding,,2024-09-28,,15116786000.0,0000320193-25-000057,
ShareBasedCompensation,2024-09-29,2025-03-29,,6512000000.0,0000320193-25-000057,181.0
ShareBasedCompensation,2023-10-01,2024-03-30,,5961000000.0,0000320193-25-000057,181.0
NetCashProvidedByUsedInOperatingActivities,2024-09-29,2025-03-29,,53887000000.0,0000320193-25-000057,181.0
NetCashProvidedByUsedInOperatingActivities,2023-10-01,2024-03-30,,62585000000.0,0000320193-25-000057,181.0
PaymentsToAcquirePropertyPlantAndEquipment,2024-09-29,2025-03-29,,6011000000.0,0000320193-25-000057,181.0
PaymentsToAcquirePropertyPlantAndEquipment,2023-10-01,2024-03-30,,4388000000.0,0000320193-25-000057,181.0
PaymentsForRepurchaseOfCommonStock,2024-09-29,2025-03-29,,49504000000.0,0000320193-25-000057,181.0
PaymentsForRepurchaseOfCommonStock,2023-10-01,2024-03-30,,43344000000.0,0000320193-25-000057,181.0
RevenueFromContractWithCustomerExcludingAssessedTax,2024-12-29,2025-03-29,ProductOrServiceAxis=IPhoneMember,46841000000.0,0000320193-25-000057,90.0
RevenueFromContractWithCustomerExcludingAssessedTax,2023-12-31,2024-03-30,ProductOrServiceAxis=IPhoneMember,45963000000.0,0000320193-25-000057,90.0
RevenueFromContractWithCustomerExcludingAssessedTax,2024-09-29,2025-03-29,ProductOrServiceAxis=IPhoneMember,115979000000.0,0000320193-25-000057,181.0
RevenueFromContractWithCustomerExcludingAssessedTax,2023-10-01,2024-03-30,ProductOrServiceAxis=IPhoneMember,115665000000.0,0000320193-25-000057,181.0
RevenueFromContractWithCustomerExcludingAssessedTax,2024-12-29,2025-03-29,ProductOrServiceAxis=MacMember,7949000000.0,0000320193-25-000057,90.0
RevenueFromContractWithCustomerExcludingAssessedTax,2023-12-31,2024-03-30,ProductOrServiceAxis=MacMember,7451000000.0,0000320193-25-000057,90.0
RevenueFromContractWithCustomerExcludingAssessedTax,2024-09-29,2025-03-29,ProductOrServiceAxis=MacMember,16936000000.0,0000320193-25-000057,181.0
RevenueFromContractWithCustomerExcludingAssessedTax,2023-10-01,2024-03-30,ProductOrServiceAxis=MacMember,15231000000.0,0000320193-25-000057,181.0
RevenueFromContractWithCustomerExcludingAssessedTax,2024-12-29,2025-03-29,ProductOrServiceAxis=IPadMember,6402000000.0,0000320193-25-000057,90.0
RevenueFromContractWithCustomerExcludingAssessedTax,2023-12-31,2024-03-30,ProductOrServiceAxis=IPadMember,5559000000.0,0000320193-25-000057,90.0
RevenueFromContractWithCustomerExcludingAssessedTax,2024-09-29,2025-03-29,ProductOrServiceAxis=IPadMember,14490000000.0,0000320193-25-000057,181.0
RevenueFromContractWithCustomerExcludingAssessedTax,2023-10-01,2024-03-30,ProductOrServiceAxis=IPadMember,12582000000.0,0000320193-25-000057,181.0
RevenueFromContractWithCustomerExcludingAssessedTax,2024-12-29,2025-03-29,ProductOrServiceAxis=WearablesHomeandAccessoriesMember,7522000000.0,0000320193-25-000057,90.0
RevenueFromContractWithCustomerExcludingAssessedTax,2023-12-31,2024-03-30,ProductOrServiceAxis=WearablesHomeandAccessoriesMember,7913000000.0,0000320193-25-000057,90.0
RevenueFromContractWithCustomerExcludingAssessedTax,2024-09-29,2025-03-29,ProductOrServiceAxis=WearablesHomeandAccessoriesMember,19269000000.0,0000320193-25-000057,181.0
RevenueFromContractWithCustomerExcludingAssessedTax,2023-10-01,2024-03-30,ProductOrServiceAxis=WearablesHomeandAccessoriesMember,19866000000.0,0000320193-25-000057,181.0
RevenueFromContractWithCustomerExcludingAssessedTax,2024-12-29,2025-03-29,StatementBusinessSegmentsAxis=AmericasSegmentMember,40315000000.0,0000320193-25-000057,90.0
RevenueFromContractWithCustomerExcludingAssessedTax,2023-12-31,2024-03-30,StatementBusinessSegmentsAxis=AmericasSegmentMember,37273000000.0,0000320193-25-000057,90.0
RevenueFromContractWithCustomerExcludingAssessedTax,2024-09-29,2025-03-29,StatementBusinessSegmentsAxis=AmericasSegmentMember,92963000000.0,0000320193-25-000057,181.0
RevenueFromContractWithCustomerExcludingAssessedTax,2023-10-01,2024-03-30,StatementBusinessSegmentsAxis=AmericasSegmentMember,87703000000.0,0000320193-25-000057,181.0
OperatingIncomeLoss,2024-12-29,2025-03-29,StatementBusinessSegmentsAxis=AmericasSegmentMember,16774000000.0,0000320193-25-000057,90.0
OperatingIncomeLoss,2023-12-31,2024-03-30,StatementBusinessSegmentsAxis=AmericasSegmentMember,15074000000.0,0000320193-25-000057,90.0
OperatingIncomeLoss,2024-09-29,2025-03-29,StatementBusinessSegmentsAxis=AmericasSegmentMember,38283000000.0,0000320193-25-000057,181.0
OperatingIncomeLoss,2023-10-01,2024-03-30,StatementBusinessSegmentsAxis=AmericasSegmentMember,35431000000.0,0000320193-25-000057,181.0
RevenueFromContractWithCustomerExcludingAssessedTax,2024-12-29,2025-03-29,StatementBusinessSegmentsAxis=EuropeSegmentMember,24454000000.0,0000320193-25-000057,90.0
RevenueFromContractWithCustomerExcludingAssessedTax,2023-12-31,2024-03-30,StatementBusinessSegmentsAxis=EuropeSegmentMember,24123000000.0,0000320193-25-000057,90.0
RevenueFromContractWithCustomerExcludingAssessedTax,2024-09-29,2025-03-29,StatementBusinessSegmentsAxis=EuropeSegmentMember,58315000000.0,0000320193-25-000057,181.0
RevenueFromContractWithCustomerExcludingAssessedTax,2023-10-01,2024-03-30,StatementBusinessSegmentsAxis=EuropeSegmentMember,54520000000.0,0000320193-25-000057,181.0
OperatingIncomeLoss,2024-12-29,2025-03-29,StatementBusinessSegmentsAxis=EuropeSegmentMember,10316000000.0,0000320193-25-000057,90.0
OperatingIncomeLoss,2023-12-31,2024-03-30,StatementBusinessSegmentsAxis=EuropeSegmentMember,9991000000.0,0000320193-25-000057,90.0
OperatingIncomeLoss,2024-09-29,2025-03-29,StatementBusinessSegmentsAxis=EuropeSegmentMember,24923000000.0,0000320193-25-000057,181.0
OperatingIncomeLoss,2023-10-01,2024-03-30,StatementBusinessSegmentsAxis=EuropeSegmentMember,22702000000.0,0000320193-25-000057,181.0
RevenueFromContractWithCustomerExcludingAssessedTax,2024-12-29,2025-03-29,StatementBusinessSegmentsAxis=GreaterChinaSegmentMember,16002000000.0,0000320193-25-000057,90.0
RevenueFromContractWithCustomerExcludingAssessedTax,2023-12-31,2024-03-30,StatementBusinessSegmentsAxis=GreaterChinaSegmentMember,16372000000.0,0000320193-25-000057,90.0
RevenueFromContractWithCustomerExcludingAssessedTax,2024-09-29,2025-03-29,StatementBusinessSegmentsAxis=GreaterChinaSegmentMember,34515000000.0,0000320193-25-000057,181.0
RevenueFromContractWithCustomerExcludingAssessedTax,2023-10-01,2024-03-30,StatementBusinessSegmentsAxis=GreaterChinaSegmentMember,37191000000.0,0000320193-25-000057,181.0
OperatingIncomeLoss,2024-12-29,2025-03-29,StatementBusinessSegmentsAxis=GreaterChinaSegmentMember,6626000000.0,0000320193-25-000057,90.0
OperatingIncomeLoss,2023-12-31,2024-03-30,StatementBusinessSegmentsAxis=GreaterChinaSegmentMember,6700000000.0,0000320193-25-000057,90.0
OperatingIncomeLoss,2024-09-29,2025-03-29,StatementBusinessSegmentsAxis=GreaterChinaSegmentMember,14786000000.0,0000320193-25-000057,181.0
OperatingIncomeLoss,2023-10-01,2024-03-30,StatementBusinessSegmentsAxis=GreaterChinaSegmentMember,15322000000.0,0000320193-25-000057,181.0
RevenueFromContractWithCustomerExcludingAssessedTax,2024-12-29,2025-03-29,StatementBusinessSegmentsAxis=JapanSegmentMember,7298000000.0,0000320193-25-000057,90.0
RevenueFromContractWithCustomerExcludingAssessedTax,2023-12-31,2024-03-30,StatementBusinessSegmentsAxis=JapanSegmentMember,6262000000.0,0000320193-25-000057,90.0
RevenueFromContractWithCustomerExcludingAssessedTax,2024-09-29,2025-03-29,StatementBusinessSegmentsAxis=JapanSegmentMember,16285000000.0,0000320193-25-000057,181.0
RevenueFromContractWithCustomerExcludingAssessedTax,2023-10-01,2024-03-30,StatementBusinessSegmentsAxis=JapanSegmentMember,14029000000.0,0000320193-25-000057,181.0
OperatingIncomeLoss,2024-12-29,2025-03-29,StatementBusinessSegmentsAxis=JapanSegmentMember,3434000000.0,0000320193-25-000057,90.0
OperatingIncomeLoss,2023-12-31,2024-03-30,StatementBusinessSegmentsAxis=JapanSegmentMember,3135000000.0,0000320193-25-000057,90.0
OperatingIncomeLoss,2024-09-29,2025-03-29,StatementBusinessSegmentsAxis=JapanSegmentMember,7748000000.0,0000320193-25-000057,181.0
OperatingIncomeLoss,2023-10-01,2024-03-30,StatementBusinessSegmentsAxis=JapanSegmentMember,6954000000.0,0000320193-25-000057,181.0
RevenueFromContractWithCustomerExcludingAssessedTax,2024-12-29,2025-03-29,StatementBusinessSegmentsAxis=RestOfAsiaPacificSegmentMember,7290000000.0,0000320193-25-000057,90.0
RevenueFromContractWithCustomerExcludingAssessedTax,2023-12-31,2024-03-30,StatementBusinessSegmentsAxis=RestOfAsiaPacificSegmentMember,6723000000.0,0000320193-25-000057,90.0
RevenueFromContractWithCustomerExcludingAssessedTax,2024-09-29,2025-03-29,StatementBusinessSegmentsAxis=RestOfAsiaPacificSegmentMember,17581000000.0,0000320193-25-000057,181.0
RevenueFromContractWithCustomerExcludingAssessedTax,2023-10-01,2024-03-30,StatementBusinessSegmentsAxis=RestOfAsiaPacificSegmentMember,16885000000.0,0000320193-25-000057,181.0
OperatingIncomeLoss,2024-12-29,2025-03-29,StatementBusinessSegmentsAxis=RestOfAsiaPacificSegmentMember,2986000000.0,0000320193-25-000057,90.0
OperatingIncomeLoss,2023-12-31,2024-03-30,StatementBusinessSegmentsAxis=RestOfAsiaPacificSegmentMember,2806000000.0,0000320193-25-000057,90.0
OperatingIncomeLoss,2024-09-29,2025-03-29,StatementBusinessSegmentsAxis=RestOfAsiaPacificSegmentMember,7570000000.0,0000320193-25-000057,181.0
OperatingIncomeLoss,2023-10-01,2024-03-30,StatementBusinessSegmentsAxis=RestOfAsiaPacificSegmentMember,7385000000.0,0000320193-25-000057,181.0
OperatingIncomeLoss,2024-12-29,2025-03-29,ConsolidationItemsAxis=OperatingSegmentsMember,40136000000.0,0000320193-25-000057,90.0
OperatingIncomeLoss,2023-12-31,2024-03-30,ConsolidationItemsAxis=OperatingSegmentsMember,37706000000.0,0000320193-25-000057,90.0
OperatingIncomeLoss,2024-09-29,2025-03-29,ConsolidationItemsAxis=OperatingSegmentsMember,93310000000.0,0000320193-25-000057,181.0
OperatingIncomeLoss,2023-10-01,2024-03-30,ConsolidationItemsAxis=OperatingSegmentsMember,87794000000.0,0000320193-25-000057,181.0
ResearchAndDevelopmentExpense,2024-12-29,2025-03-29,ConsolidationItemsAxis=MaterialReconcilingItemsMember,8550000000.0,0000320193-25-000057,90.0
ResearchAndDevelopmentExpense,2023-12-31,2024-03-30,ConsolidationItemsAxis=MaterialReconcilingItemsMember,7903000000.0,0000320193-25-000057,90.0
ResearchAndDevelopmentExpense,2024-09-29,2025-03-29,ConsolidationItemsAxis=MaterialReconcilingItemsMember,16818000000.0,0000320193-25-000057,181.0
ResearchAndDevelopmentExpense,2023-10-01,2024-03-30,ConsolidationItemsAxis=MaterialReconcilingItemsMember,15599000000.0,0000320193-25-000057,181.0
RevenueFromContractWithCustomerExcludingAssessedTax,2024-09-29,2024-12-28,ProductOrServiceAxis=ProductMember,97960000000.0,0000320193-25-000008,90.0
RevenueFromContractWithCustomerExcludingAssessedTax,2023-10-01,2023-12-30,ProductOrServiceAxis=ProductMember,96458000000.0,0000320193-25-000008,90.0
RevenueFromContractWithCustomerExcludingAssessedTax,2024-09-29,2024-12-28,ProductOrServiceAxis=ServiceMember,26340000000.0,0000320193-25-000008,90.0
RevenueFromContractWithCustomerExcludingAssessedTax,2023-10-01,2023-12-30,ProductOrServiceAxis=ServiceMember,23117000000.0,0000320193-25-000008,90.0
RevenueFromContractWithCustomerExcludingAssessedTax,2024-09-29,2024-12-28,,124300000000.0,0000320193-25-000008,90.0
RevenueFromContractWithCustomerExcludingAssessedTax,2023-10-01,2023-12-30,,119575000000.0,0000320193-25-000008,90.0
CostOfGoodsAndServicesSold,2024-09-29,2024-12-28,ProductOrServiceAxis=ProductMember,59447000000.0,0000320193-25-000008,90.0
CostOfGoodsAndServicesSold,2023-10-01,2023-12-30,ProductOrServiceAxis=ProductMember,58440000000.0,0000320193-25-000008,90.0
CostOfGoodsAndServicesSold,2024-09-29,2024-12-28,ProductOrServiceAxis=ServiceMember,6578000000.0,0000320193-25-000008,90.0
CostOfGoodsAndServicesSold,2023-10-01,2023-12-30,ProductOrServiceAxis=ServiceMember,6280000000.0,0000320193-25-000008,90.0
CostOfGoodsAndServicesSold,2024-09-29,2024-12-28,,66025000000.0,0000320193-25-000008,90.0
CostOfGoodsAndServicesSold,2023-10-01,2023-12-30,,64720000000.0,0000320193-25-000008,90.0
GrossProfit,2024-09-29,2024-12-28,,58275000000.0,0000320193-25-000008,90.0
GrossProfit,2023-10-01,2023-12-30,,54855000000.0,0000320193-25-000008,90.0
ResearchAndDevelopmentExpense,2024-09-29,2024-12-28,,8268000000.0,0000320193-25-000008,90.0
ResearchAndDevelopmentExpense,2023-10-01,2023-12-30,,7696000000.0,0000320193-25-000008,90.0
OperatingIncomeLoss,2024-09-29,2024-12-28,,42832000000.0,0000320193-25-000008,90.0
OperatingIncomeLoss,2023-10-01,2023-12-30,,40373000000.0,0000320193-25-000008,90.0
CommonStockSharesOutstanding,,2024-12-28,,15040731000.0,0000320193-25-000008,
CommonStockSharesOutstanding,,2024-09-28,,15116786000.0,0000320193-25-000008,
ShareBasedCompensation,2024-09-29,2024-12-28,,3286000000.0,0000320193-25-000008,90.0
ShareBasedCompensation,2023-10-01,2023-12-30,,2997000000.0,0000320193-25-000008,90.0
NetCashProvidedByUsedInOperatingActivities,2024-09-29,2024-12-28,,29935000000.0,0000320193-25-000008,90.0
NetCashProvidedByUsedInOperatingActivities,2023-10-01,2023-12-30,,39895000000.0,0000320193-25-000008,90.0
PaymentsToAcquirePropertyPlantAndEquipment,2024-09-29,2024-12-28,,2940000000.0,0000320193-25-000008,90.0
PaymentsToAcquirePropertyPlantAndEquipment,2023-10-01,2023-12-30,,2392000000.0,0000320193-25-000008,90.0
PaymentsForRepurchaseOfCommonStock,2024-09-29,2024-12-28,,23606000000.0,0000320193-25-000008,90.0
PaymentsForRepurchaseOfCommonStock,2023-10-01,2023-12-30,,20139000000.0,0000320193-25-000008,90.0
RevenueFromContractWithCustomerExcludingAssessedTax,2024-09-29,2024-12-28,ProductOrServiceAxis=IPhoneMember,69138000000.0,0000320193-25-000008,90.0
RevenueFromContractWithCustomerExcludingAssessedTax,2023-10-01,2023-12-30,ProductOrServiceAxis=IPhoneMember,69702000000.0,0000320193-25-000008,90.0
RevenueFromContractWithCustomerExcludingAssessedTax,2024-09-29,2024-12-28,ProductOrServiceAxis=MacMember,8987000000.0,0000320193-25-000008,90.0
RevenueFromContractWithCustomerExcludingAssessedTax,2023-10-01,2023-12-30,ProductOrServiceAxis=MacMember,7780000000.0,0000320193-25-000008,90.0
RevenueFromContractWithCustomerExcludingAssessedTax,2024-09-29,2024-12-28,ProductOrServiceAxis=IPadMember,8088000000.0,0000320193-25-000008,90.0
RevenueFromContractWithCustomerExcludingAssessedTax,2023-10-01,2023-12-30,ProductOrServiceAxis=IPadMember,7023000000.0,0000320193-25-000008,90.0
RevenueFromContractWithCustomerExcludingAssessedTax,2024-09-29,2024-12-28,ProductOrServiceAxis=WearablesHomeandAccessoriesMember,11747000000.0,0000320193-25-000008,90.0
RevenueFromContractWithCustomerExcludingAssessedTax,2023-10-01,2023-12-30,ProductOrServiceAxis=WearablesHomeandAccessoriesMember,11953000000.0,0000320193-25-000008,90.0
RevenueFromContractWithCustomerExcludingAssessedTax,2024-09-29,2024-12-28,StatementBusinessSegmentsAxis=AmericasSegmentMember,52648000000.0,0000320193-25-000008,90.0
RevenueFromContractWithCustomerExcludingAssessedTax,2023-10-01,2023-12-30,StatementBusinessSegmentsAxis=AmericasSegmentMember,50430000000.0,0000320193-25-000008,90.0
OperatingIncomeLoss,2024-09-29,2024-12-28,StatementBusinessSegmentsAxis=AmericasSegmentMember,21509000000.0,0000320193-25-000008,90.0
OperatingIncomeLoss,2023-10-01,2023-12-30,StatementBusinessSegmentsAxis=AmericasSegmentMember,20357000000.0,0000320193-25-000008,90.0
RevenueFromContractWithCustomerExcludingAssessedTax,2024-09-29,2024-12-28,StatementBusinessSegmentsAxis=EuropeSegmentMember,33861000000.0,0000320193-25-000008,90.0
RevenueFromContractWithCustomerExcludingAssessedTax,2023-10-01,2023-12-30,StatementBusinessSegmentsAxis=EuropeSegmentMember,30397000000.0,0000320193-25-000008,90.0
OperatingIncomeLoss,2024-09-29,2024-12-28,StatementBusinessSegmentsAxis=EuropeSegmentMember,14607000000.0,0000320193-25-000008,90.0
OperatingIncomeLoss,2023-10-01,2023-12-30,StatementBusinessSegmentsAxis=EuropeSegmentMember,12711000000.0,0000320193-25-000008,90.0
RevenueFromContractWithCustomerExcludingAssessedTax,2024-09-29,2024-12-28,StatementBusinessSegmentsAxis=GreaterChinaSegmentMember,18513000000.0,0000320193-25-000008,90.0
RevenueFromContractWithCustomerExcludingAssessedTax,2023-10-01,2023-12-30,StatementBusinessSegmentsAxis=GreaterChinaSegmentMember,20819000000.0,0000320193-25-000008,90.0
OperatingIncomeLoss,2024-09-29,2024-12-28,StatementBusinessSegmentsAxis=GreaterChinaSegmentMember,8160000000.0,0000320193-25-000008,90.0
OperatingIncomeLoss,2023-10-01,2023-12-30,StatementBusinessSegmentsAxis=GreaterChinaSegmentMember,8622000000.0,0000320193-25-000008,90.0
RevenueFromContractWithCustomerExcludingAssessedTax,2024-09-29,2024-12-28,StatementBusinessSegmentsAxis=JapanSegmentMember,8987000000.0,0000320193-25-000008,90.0
RevenueFromContractWithCustomerExcludingAssessedTax,2023-10-01,2023-12-30,StatementBusinessSegmentsAxis=JapanSegmentMember,7767000000.0,0000320193-25-000008,90.0
OperatingIncomeLoss,2024-09-29,2024-12-28,StatementBusinessSegmentsAxis=JapanSegmentMember,4314000000.0,0000320193-25-000008,90.0
OperatingIncomeLoss,2023-10-01,2023-12-30,StatementBusinessSegmentsAxis=JapanSegmentMember,3819000000.0,0000320193-25-000008,90.0
RevenueFromContractWithCustomerExcludingAssessedTax,2024-09-29,2024-12-28,StatementBusinessSegmentsAxis=RestOfAsiaPacificSegmentMember,10291000000.0,0000320193-25-000008,90.0
RevenueFromContractWithCustomerExcludingAssessedTax,2023-10-01,2023-12-30,StatementBusinessSegmentsAxis=RestOfAsiaPacificSegmentMember,10162000000.0,0000320193-25-000008,90.0
OperatingIncomeLoss,2024-09-29,2024-12-28,StatementBusinessSegmentsAxis=RestOfAsiaPacificSegmentMember,4584000000.0,0000320193-25-000008,90.0
OperatingIncomeLoss,2023-10-01,2023-12-30,StatementBusinessSegmentsAxis=RestOfAsiaPacificSegmentMember,4579000000.0,0000320193-25-000008,90.0
OperatingIncomeLoss,2024-09-29,2024-12-28,ConsolidationItemsAxis=OperatingSegmentsMember,53174000000.0,0000320193-25-000008,90.0
OperatingIncomeLoss,2023-10-01,2023-12-30,ConsolidationItemsAxis=OperatingSegmentsMember,50088000000.0,0000320193-25-000008,90.0
ResearchAndDevelopmentExpense,2024-09-29,2024-12-28,ConsolidationItemsAxis=MaterialReconcilingItemsMember,8268000000.0,0000320193-25-000008,90.0
ResearchAndDevelopmentExpense,2023-10-01,2023-12-30,ConsolidationItemsAxis=MaterialReconcilingItemsMember,7696000000.0,0000320193-25-000008,90.0
RevenueFromContractWithCustomerExcludingAssessedTax,2023-10-01,2024-09-28,ProductOrServiceAxis=ProductMember,294866000000.0,0000320193-24-000123,363.0
RevenueFromContractWithCustomerExcludingAssessedTax,2022-09-25,2023-09-30,ProductOrServiceAxis=ProductMember,298085000000.0,0000320193-24-000123,370.0
RevenueFromContractWithCustomerExcludingAssessedTax,2021-09-26,2022-09-24,ProductOrServiceAxis=ProductMember,316199000000.0,0000320193-24-000123,363.0
RevenueFromContractWithCustomerExcludingAssessedTax,2023-10-01,2024-09-28,ProductOrServiceAxis=ServiceMember,96169000000.0,0000320193-24-000123,363.0
RevenueFromContractWithCustomerExcludingAssessedTax,2022-09-25,2023-09-30,ProductOrServiceAxis=ServiceMember,85200000000.0,0000320193-24-000123,370.0
RevenueFromContractWithCustomerExcludingAssessedTax,2021-09-26,2022-09-24,ProductOrServiceAxis=ServiceMember,78129000000.0,0000320193-24-000123,363.0
RevenueFromContractWithCustomerExcludingAssessedTax,2023-10-01,2024-09-28,,391035000000.0,0000320193-24-000123,363.0
RevenueFromContractWithCustomerExcludingAssessedTax,2022-09-25,2023-09-30,,383285000000.0,0000320193-24-000123,370.0
RevenueFromContractWithCustomerExcludingAssessedTax,2021-09-26,2022-09-24,,394328000000.0,0000320193-24-000123,363.0
CostOfGoodsAndServicesSold,2023-10-01,2024-09-28,ProductOrServiceAxis=ProductMember,185233000000.0,0000320193-24-000123,363.0
CostOfGoodsAndServicesSold,2022-09-25,2023-09-30,ProductOrServiceAxis=ProductMember,189282000000.0,0000320193-24-000123,370.0
CostOfGoodsAndServicesSold,2021-09-26,2022-09-24,ProductOrServiceAxis=ProductMember,201471000000.0,0000320193-24-000123,363.0
CostOfGoodsAndServicesSold,2023-10-01,2024-09-28,ProductOrServiceAxis=ServiceMember,25119000000.0,0000320193-24-000123,363.0
CostOfGoodsAndServicesSold,2022-09-25,2023-09-30,ProductOrServiceAxis=ServiceMember,24855000000.0,0000320193-24-000123,370.0
CostOfGoodsAndServicesSold,2021-09-26,2022-09-24,ProductOrServiceAxis=ServiceMember,22075000000.0,0000320193-24-000123,363.0
CostOfGoodsAndServicesSold,2023-10-01,2024-09-28,,210352000000.0,0000320193-24-000123,363.0
CostOfGoodsAndServicesSold,2022-09-25,2023-09-30,,214137000000.0,0000320193-24-000123,370.0
CostOfGoodsAndServicesSold,2021-09-26,2022-09-24,,223546000000.0,0000320193-24-000123,363.0
GrossProfit,2023-10-01,2024-09-28,,180683000000.0,0000320193-24-000123,363.0
GrossProfit,2022-09-25,2023-09-30,,169148000000.0,0000320193-24-000123,370.0
GrossProfit,2021-09-26,2022-09-24,,170782000000.0,0000320193-24-000123,363.0
ResearchAndDevelopmentExpense,2023-10-01,2024-09-28,,31370000000.0,0000320193-24-000123,363.0
ResearchAndDevelopmentExpense,2022-09-25,2023-09-30,,29915000000.0,0000320193-24-000123,370.0
ResearchAndDevelopmentExpense,2021-09-26,2022-09-24,,26251000000.0,0000320193-24-000123,363.0
OperatingIncomeLoss,2023-10-01,2024-09-28,,123216000000.0,0000320193-24-000123,363.0
OperatingIncomeLoss,2022-09-25,2023-09-30,,114301000000.0,0000320193-24-000123,370.0
OperatingIncomeLoss,2021-09-26,2022-09-24,,119437000000.0,0000320193-24-000123,363.0
CommonStockSharesOutstanding,,2024-09-28,,15116786000.0,0000320193-24-000123,
CommonStockSharesOutstanding,,2023-09-30,,15550061000.0,0000320193-24-000123,
ShareBasedCompensation,2023-10-01,2024-09-28,,11688000000.0,0000320193-24-000123,363.0
ShareBasedCompensation,2022-09-25,2023-09-30,,10833000000.0,0000320193-24-000123,370.0
ShareBasedCompensation,2021-09-26,2022-09-24,,9038000000.0,0000320193-24-000123,363.0
NetCashProvidedByUsedInOperatingActivities,2023-10-01,2024-09-28,,118254000000.0,0000320193-24-000123,363.0
NetCashProvidedByUsedInOperatingActivities,2022-09-25,2023-09-30,,110543000000.0,0000320193-24-000123,370.0
NetCashProvidedByUsedInOperatingActivities,2021-09-26,2022-09-24,,122151000000.0,0000320193-24-000123,363.0
PaymentsToAcquirePropertyPlantAndEquipment,2023-10-01,2024-09-28,,9447000000.0,0000320193-24-000123,363.0
PaymentsToAcquirePropertyPlantAndEquipment,2022-09-25,2023-09-30,,10959000000.0,0000320193-24-000123,370.0
PaymentsToAcquirePropertyPlantAndEquipment,2021-09-26,2022-09-24,,10708000000.0,0000320193-24-000123,363.0
PaymentsForRepurchaseOfCommonStock,2023-10-01,2024-09-28,,94949000000.0,0000320193-24-000123,363.0
PaymentsForRepurchaseOfCommonStock,2022-09-25,2023-09-30,,77550000000.0,0000320193-24-000123,370.0
PaymentsForRepurchaseOfCommonStock,2021-09-26,2022-09-24,,89402000000.0,0000320193-24-000123,363.0
RevenueFromContractWithCustomerExcludingAssessedTax,2023-10-01,2024-09-28,ProductOrServiceAxis=IPhoneMember,201183000000.0,0000320193-24-000123,363.0
RevenueFromContractWithCustomerExcludingAssessedTax,2022-09-25,2023-09-30,ProductOrServiceAxis=IPhoneMember,200583000000.0,0000320193-24-000123,370.0
RevenueFromContractWithCustomerExcludingAssessedTax,2021-09-26,2022-09-24,ProductOrServiceAxis=IPhoneMember,205489000000.0,0000320193-24-000123,363.0
RevenueFromContractWithCustomerExcludingAssessedTax,2023-10-01,2024-09-28,ProductOrServiceAxis=MacMember,29984000000.0,0000320193-24-000123,363.0
RevenueFromContractWithCustomerExcludingAssessedTax,2022-09-25,2023-09-30,ProductOrServiceAxis=MacMember,29357000000.0,0000320193-24-000123,370.0
RevenueFromContractWithCustomerExcludingAssessedTax,2021-09-26,2022-09-24,ProductOrServiceAxis=MacMember,40177000000.0,0000320193-24-000123,363.0
RevenueFromContractWithCustomerExcludingAssessedTax,2023-10-01,2024-09-28,ProductOrServiceAxis=IPadMember,26694000000.0,0000320193-24-000123,363.0
RevenueFromContractWithCustomerExcludingAssessedTax,2022-09-25,2023-09-30,ProductOrServiceAxis=IPadMember,28300000000.0,0000320193-24-000123,370.0
RevenueFromContractWithCustomerExcludingAssessedTax,2021-09-26,2022-09-24,ProductOrServiceAxis=IPadMember,29292000000.0,0000320193-24-000123,363.0
RevenueFromContractWithCustomerExcludingAssessedTax,2023-10-01,2024-09-28,ProductOrServiceAxis=WearablesHomeandAccessoriesMember,37005000000.0,0000320193-24-000123,363.0
RevenueFromContractWithCustomerExcludingAssessedTax,2022-09-25,2023-09-30,ProductOrServiceAxis=WearablesHomeandAccessoriesMember,39845000000.0,0000320193-24-000123,370.0
RevenueFromContractWithCustomerExcludingAssessedTax,2021-09-26,2022-09-24,ProductOrServiceAxis=WearablesHomeandAccessoriesMember,41241000000.0,0000320193-24-000123,363.0
CommonStockSharesOutstanding,,2023-09-30,StatementEquityComponentsAxis=CommonStockMember,15550061000.0,0000320193-24-000123,
CommonStockSharesOutstanding,,2022-09-24,StatementEquityComponentsAxis=CommonStockMember,15943425000.0,0000320193-24-000123,
CommonStockSharesOutstanding,,2021-09-25,StatementEquityComponentsAxis=CommonStockMember,16426786000.0,0000320193-24-000123,
CommonStockSharesOutstanding,,2024-09-28,StatementEquityComponentsAxis=CommonStockMember,15116786000.0,0000320193-24-000123,
RevenueFromContractWithCustomerExcludingAssessedTax,2023-10-01,2024-09-28,StatementBusinessSegmentsAxis=AmericasSegmentMember,167045000000.0,0000320193-24-000123,363.0
RevenueFromContractWithCustomerExcludingAssessedTax,2022-09-25,2023-09-30,StatementBusinessSegmentsAxis=AmericasSegmentMember,162560000000.0,0000320193-24-000123,370.0
RevenueFromContractWithCustomerExcludingAssessedTax,2021-09-26,2022-09-24,StatementBusinessSegmentsAxis=AmericasSegmentMember,169658000000.0,0000320193-24-000123,363.0
OperatingIncomeLoss,2023-10-01,2024-09-28,StatementBusinessSegmentsAxis=AmericasSegmentMember,67656000000.0,0000320193-24-000123,363.0
OperatingIncomeLoss,2022-09-25,2023-09-30,StatementBusinessSegmentsAxis=AmericasSegmentMember,60508000000.0,0000320193-24-000123,370.0
OperatingIncomeLoss,2021-09-26,2022-09-24,StatementBusinessSegmentsAxis=AmericasSegmentMember,62683000000.0,0000320193-24-000123,363.0
RevenueFromContractWithCustomerExcludingAssessedTax,2023-10-01,2024-09-28,StatementBusinessSegmentsAxis=EuropeSegmentMember,101328000000.0,0000320193-24-000123,363.0
RevenueFromContractWithCustomerExcludingAssessedTax,2022-09-25,2023-09-30,StatementBusinessSegmentsAxis=EuropeSegmentMember,94294000000.0,0000320193-24-000123,370.0
RevenueFromContractWithCustomerExcludingAssessedTax,2021-09-26,2022-09-24,StatementBusinessSegmentsAxis=EuropeSegmentMember,95118000000.0,0000320193-24-000123,363.0
OperatingIncomeLoss,2023-10-01,2024-09-28,StatementBusinessSegmentsAxis=EuropeSegmentMember,41790000000.0,0000320193-24-000123,363.0
OperatingIncomeLoss,2022-09-25,2023-09-30,StatementBusinessSegmentsAxis=EuropeSegmentMember,36098000000.0,0000320193-24-000123,370.0
OperatingIncomeLoss,2021-09-26,2022-09-24,StatementBusinessSegmentsAxis=EuropeSegmentMember,35233000000.0,0000320193-24-000123,363.0
RevenueFromContractWithCustomerExcludingAssessedTax,2023-10-01,2024-09-28,StatementBusinessSegmentsAxis=GreaterChinaSegmentMember,66952000000.0,0000320193-24-000123,363.0
RevenueFromContractWithCustomerExcludingAssessedTax,2022-09-25,2023-09-30,StatementBusinessSegmentsAxis=GreaterChinaSegmentMember,72559000000.0,0000320193-24-000123,370.0
RevenueFromContractWithCustomerExcludingAssessedTax,2021-09-26,2022-09-24,StatementBusinessSegmentsAxis=GreaterChinaSegmentMember,74200000000.0,0000320193-24-000123,363.0
OperatingIncomeLoss,2023-10-01,2024-09-28,StatementBusinessSegmentsAxis=GreaterChinaSegmentMember,27082000000.0,0000320193-24-000123,363.0
OperatingIncomeLoss,2022-09-25,2023-09-30,StatementBusinessSegmentsAxis=GreaterChinaSegmentMember,30328000000.0,0000320193-24-000123,370.0
OperatingIncomeLoss,2021-09-26,2022-09-24,StatementBusinessSegmentsAxis=GreaterChinaSegmentMember,31153000000.0,0000320193-24-000123,363.0
RevenueFromContractWithCustomerExcludingAssessedTax,2023-10-01,2024-09-28,StatementBusinessSegmentsAxis=JapanSegmentMember,25052000000.0,0000320193-24-000123,363.0
RevenueFromContractWithCustomerExcludingAssessedTax,2022-09-25,2023-09-30,StatementBusinessSegmentsAxis=JapanSegmentMember,24257000000.0,0000320193-24-000123,370.0
RevenueFromContractWithCustomerExcludingAssessedTax,2021-09-26,2022-09-24,StatementBusinessSegmentsAxis=JapanSegmentMember,25977000000.0,0000320193-24-000123,363.0
OperatingIncomeLoss,2023-10-01,2024-09-28,StatementBusinessSegmentsAxis=JapanSegmentMember,12454000000.0,0000320193-24-000123,363.0
OperatingIncomeLoss,2022-09-25,2023-09-30,StatementBusinessSegmentsAxis=JapanSegmentMember,11888000000.0,0000320193-24-000123,370.0
OperatingIncomeLoss,2021-09-26,2022-09-24,StatementBusinessSegmentsAxis=JapanSegmentMember,12257000000.0,0000320193-24-000123,363.0
RevenueFromContractWithCustomerExcludingAssessedTax,2023-10-01,2024-09-28,StatementBusinessSegmentsAxis=RestOfAsiaPacificSegmentMember,30658000000.0,0000320193-24-000123,363.0
RevenueFromContractWithCustomerExcludingAssessedTax,2022-09-25,2023-09-30,StatementBusinessSegmentsAxis=RestOfAsiaPacificSegmentMember,29615000000.0,0000320193-24-000123,370.0
RevenueFromContractWithCustomerExcludingAssessedTax,2021-09-26,2022-09-24,StatementBusinessSegmentsAxis=RestOfAsiaPacificSegmentMember,29375000000.0,0000320193-24-000123,363.0
OperatingIncomeLoss,2023-10-01,2024-09-28,StatementBusinessSegmentsAxis=RestOfAsiaPacificSegmentMember,13062000000.0,0000320193-24-000123,363.0
OperatingIncomeLoss,2022-09-25,2023-09-30,StatementBusinessSegmentsAxis=RestOfAsiaPacificSegmentMember,12066000000.0,0000320193-24-000123,370.0
OperatingIncomeLoss,2021-09-26,2022-09-24,StatementBusinessSegmentsAxis=RestOfAsiaPacificSegmentMember,11569000000.0,0000320193-24-000123,363.0
OperatingIncomeLoss,2023-10-01,2024-09-28,ConsolidationItemsAxis=OperatingSegmentsMember,162044000000.0,0000320193-24-000123,363.0
OperatingIncomeLoss,2022-09-25,2023-09-30,ConsolidationItemsAxis=OperatingSegmentsMember,150888000000.0,0000320193-24-000123,370.0
OperatingIncomeLoss,2021-09-26,2022-09-24,ConsolidationItemsAxis=OperatingSegmentsMember,152895000000.0,0000320193-24-000123,363.0
ResearchAndDevelopmentExpense,2023-10-01,2024-09-28,ConsolidationItemsAxis=MaterialReconcilingItemsMember,31370000000.0,0000320193-24-000123,363.0
ResearchAndDevelopmentExpense,2022-09-25,2023-09-30,ConsolidationItemsAxis=MaterialReconcilingItemsMember,29915000000.0,0000320193-24-000123,370.0
ResearchAndDevelopmentExpense,2021-09-26,2022-09-24,ConsolidationItemsAxis=MaterialReconcilingItemsMember,26251000000.0,0000320193-24-000123,363.0
RevenueFromContractWithCustomerExcludingAssessedTax,2023-10-01,2024-09-28,StatementGeographicalAxis=US,142196000000.0,0000320193-24-000123,363.0
RevenueFromContractWithCustomerExcludingAssessedTax,2022-09-25,2023-09-30,StatementGeographicalAxis=US,138573000000.0,0000320193-24-000123,370.0
RevenueFromContractWithCustomerExcludingAssessedTax,2021-09-26,2022-09-24,StatementGeographicalAxis=US,147859000000.0,0000320193-24-000123,363.0
RevenueFromContractWithCustomerExcludingAssessedTax,2023-10-01,2024-09-28,StatementGeographicalAxis=CN,66952000000.0,0000320193-24-000123,363.0
RevenueFromContractWithCustomerExcludingAssessedTax,2022-09-25,2023-09-30,StatementGeographicalAxis=CN,72559000000.0,0000320193-24-000123,370.0
RevenueFromContractWithCustomerExcludingAssessedTax,2021-09-26,2022-09-24,StatementGeographicalAxis=CN,74200000000.0,0000320193-24-000123,363.0
RevenueFromContractWithCustomerExcludingAssessedTax,2023-10-01,2024-09-28,StatementGeographicalAxis=OtherCountriesMember,181887000000.0,0000320193-24-000123,363.0
RevenueFromContractWithCustomerExcludingAssessedTax,2022-09-25,2023-09-30,StatementGeographicalAxis=OtherCountriesMember,172153000000.0,0000320193-24-000123,370.0
RevenueFromContractWithCustomerExcludingAssessedTax,2021-09-26,2022-09-24,StatementGeographicalAxis=OtherCountriesMember,172269000000.0,0000320193-24-000123,363.0
