d,end,avail,ttm_ni,ttm_rev,sh,eps,eps_norm,raw,adj,pe,pe_norm,pe_divadj,ps,ps_divadj
2010-10-27,2010-09-25,2010-10-27,14013000000.0,65225000000.0,25863138000.0,0.5418136035928819,0.5418136035928819,10.993928909301758,9.207079887390137,20.2909798432499,20.2909798432499,16.993076265224833,4.359333086139683,3.650808397157464
2010-10-28,2010-09-25,2010-10-27,14013000000.0,65225000000.0,25863138000.0,0.5418136035928819,0.5418136035928819,10.901429176330566,9.129617691040039,20.120257417017324,20.120257417017324,16.850107916264175,4.322654920424128,3.620092943359293
2010-10-29,2010-09-25,2010-10-27,14013000000.0,65225000000.0,25863138000.0,0.5418136035928819,0.5418136035928819,10.749285697937012,9.002199172973633,19.839453322427122,19.839453322427122,16.614937523307137,4.262326706127578,3.5695687161993552
2010-11-01,2010-09-25,2010-10-27,14013000000.0,65225000000.0,25863138000.0,0.5418136035928819,0.5418136035928819,10.863571166992188,9.097915649414062,20.050384661724113,20.050384661724113,16.791596942350356,4.307643392330242,3.6075223910027674
2010-11-02,2010-09-25,2010-10-27,14013000000.0,65225000000.0,25863138000.0,0.5418136035928819,0.5418136035928819,11.04857063293457,9.252842903137207,20.39182951418926,20.39182951418926,17.07753892072777,4.3809997237613505,3.6689544330572357
2010-11-03,2010-09-25,2010-10-27,14013000000.0,65225000000.0,25863138000.0,0.5418136035928819,0.5418136035928819,11.171428680419922,9.355735778808594,20.61858286011977,20.61858286011977,17.267443483826742,4.429715624666284,3.709753706996767
2010-11-04,2010-09-25,2010-10-27,14013000000.0,65225000000.0,25863138000.0,0.5418136035928819,0.5418136035928819,11.366786003112793,9.51933479309082,20.97914472382606,20.97914472382606,17.569390524649208,4.507179072671132,3.774624291635252
2010-11-05,2010-09-25,2010-10-27,14013000000.0,65225000000.0,25863138000.0,0.5418136035928819,0.5418136035928819,11.326070785522461,9.485241889953613,20.90399855303902,20.90399855303902,17.50646684958618,4.491034599060725,3.761105710436966
2010-11-08,2010-09-25,2010-10-27,14013000000.0,65225000000.0,25863138000.0,0.5418136035928819,0.5418136035928819,11.37928581237793,9.529806137084961,21.00221503653554,21.00221503653554,17.58871699398239,4.512135520229552,3.7787764083813764
2010-11-09,2010-09-25,2010-10-27,14013000000.0,65225000000.0,25863138000.0,0.5418136035928819,0.5418136035928819,11.28857135772705,9.453836441040039,20.83478761491059,20.83478761491059,17.448503282954928,4.476165256385467,3.7486527635729767
2010-11-10,2010-09-25,2010-10-27,14013000000.0,65225000000.0,25863138000.0,0.5418136035928819,0.5418136035928819,11.358214378356934,9.512161254882812,20.963324477344578,20.963324477344578,17.55615066104955,4.503780236121573,3.771779826957261
2010-11-11,2010-09-25,2010-10-27,14013000000.0,65225000000.0,25863138000.0,0.5418136035928819,0.5418136035928819,11.308929443359375,9.4708833694458,20.872361580380126,20.872361580380126,17.47996600056246,4.4842376822670245,3.755412243248474
2010-11-12,2010-09-25,2010-10-27,14013000000.0,65225000000.0,25863138000.0,0.5418136035928819,0.5418136035928819,11.001070976257324,9.213064193725586,20.304161621832435,20.304161621832435,17.004121219238105,4.362165071778274,3.653181305407184
2010-11-15,2010-09-25,2010-10-27,14013000000.0,65225000000.0,25863138000.0,0.5418136035928819,0.5418136035928819,10.965714454650879,9.183453559875488,20.23890574532437,20.23890574532437,16.94947025873482,4.348145438240405,3.6414400419417556
2010-11-16,2010-09-25,2010-10-27,14013000000.0,65225000000.0,25863138000.0,0.5418136035928819,0.5418136035928819,10.771071434020996,9.0204439163208,19.879662235491537,19.879662235491537,16.648610991869358,4.2709652266146865,3.5768031556775055
2010-11-17,2010-09-25,2010-10-27,14013000000.0,65225000000.0,25863138000.0,0.5418136035928819,0.5418136035928819,10.73214340209961,8.98784351348877,19.807814589616193,19.807814589616193,16.588441954739523,4.255529411181168,3.5638763834689904
2010-11-18,2010-09-25,2010-10-27,14013000000.0,65225000000.0,25863138000.0,0.5418136035928819,0.5418136035928819,11.01535701751709,9.225028038024902,20.33052869930157,20.33052869930157,17.02620232650448,4.367829799360873,3.6579252311430785
2010-11-19,2010-09-25,2010-10-27,14013000000.0,65225000000.0,25863138000.0,0.5418136035928819,0.5418136035928819,10.954643249511719,9.174179077148438,20.218472140361808,20.218472140361808,16.932352780204287,4.343755463440245,3.6377625068455757
2010-11-22,2010-09-25,2010-10-27,14013000000.0,65225000000.0,25863138000.0,0.5418136035928819,0.5418136035928819,11.191429138183594,9.372482299804688,20.655496768576562,20.655496768576562,17.298351753543567,4.437646243281922,3.7163940685688925
2010-11-23,2010-09-25,2010-10-27,14013000000.0,65225000000.0,25863138000.0,0.5418136035928819,0.5418136035928819,11.026070594787598,9.234003067016602,20.35030224725139,20.35030224725139,17.04276711729634,4.372077966895112,3.661484026288595
2010-11-24,2010-09-25,2010-10-27,14013000000.0,65225000000.0,25863138000.0,0.5418136035928819,0.5418136035928819,11.242856979370117,9.415552139282227,20.750414727161385,20.750414727161385,17.377843739702524,4.45803850627386,3.733472201218113
2010-11-26,2010-09-25,2010-10-27,14013000000.0,65225000000.0,25863138000.0,0.5418136035928819,0.5418136035928819,11.25,9.421537399291992,20.763598265895954,20.763598265895954,17.38889045386783,4.460870870065159,3.7358454876205425
2010-11-29,2010-09-25,2010-10-27,14013000000.0,65225000000.0,25863138000.0,0.5418136035928819,0.5418136035928819,11.31678581237793,9.477470397949219,20.886861712836115,20.886861712836115,17.49212337066121,4.487352904284745,3.7580241440103572
2010-11-30,2010-09-25,2010-10-27,14013000000.0,65225000000.0,25863138000.0,0.5418136035928819,0.5418136035928819,11.112500190734863,9.30638313293457,20.509821305787632,20.509821305787632,17.176355616067877,4.406349190617126,3.690184304299872
2010-12-01,2010-09-25,2010-10-27,14013000000.0,65225000000.0,25863138000.0,0.5418136035928819,0.5418136035928819,11.300000190734863,9.463406562805176,20.8558812768859,20.8558812768859,17.466166408615994,4.480697038451546,3.752447526008983
2010-12-02,2010-09-25,2010-10-27,14013000000.0,65225000000.0,25863138000.0,0.5418136035928819,0.5418136035928819,11.362500190734863,9.515748023986816,20.97123460058532,20.97123460058532,17.56277059284938,4.5054796543963525,3.7732020592962563
2010-12-03,2010-09-25,2010-10-27,14013000000.0,65225000000.0,25863138000.0,0.5418136035928819,0.5418136035928819,11.337142944335938,9.494515419006348,20.924433918153618,20.924433918153618,17.523582567964674,4.495424952013594,3.7647828673804367
2010-12-06,2010-09-25,2010-10-27,14013000000.0,65225000000.0,25863138000.0,0.5418136035928819,0.5418136035928819,11.433929443359375,9.575568199157715,21.10306822777897,21.10306822777897,17.673177889333296,4.533802914156638,3.7969220661284395
2010-12-07,2010-09-25,2010-10-27,14013000000.0,65225000000.0,25863138000.0,0.5418136035928819,0.5418136035928819,11.364643096923828,9.517542839050293,20.97518966220569,20.97518966220569,17.566083198977342,4.506329363533743,3.7739137426948184
2010-12-08,2010-09-25,2010-10-27,14013000000.0,65225000000.0,25863138000.0,0.5418136035928819,0.5418136035928819,11.464642524719238,9.601292610168457,21.159753924033545,21.159753924033545,17.72065623029808,4.545981322153807,3.8071223573042086
2010-12-09,2010-09-25,2010-10-27,14013000000.0,65225000000.0,25863138000.0,0.5418136035928819,0.5418136035928819,11.420000076293945,9.563902854919434,21.077359447170544,21.077359447170544,17.651647709653556,4.528279615687249,3.7922965021904993
2010-12-10,2010-09-25,2010-10-27,14013000000.0,65225000000.0,25863138000.0,0.5418136035928819,0.5418136035928819,11.44857120513916,9.587833404541016,21.130091841956784,21.130091841956784,17.69581520464241,4.539608692699738,3.801785488120416
2010-12-13,2010-09-25,2010-10-27,14013000000.0,65225000000.0,25863138000.0,0.5418136035928819,0.5418136035928819,11.488213539123535,9.621031761169434,21.203257841705586,21.203257841705586,17.75708785709756,4.555327744512386,3.8149493620775488
2010-12-14,2010-09-25,2010-10-27,14013000000.0,65225000000.0,25863138000.0,0.5418136035928819,0.5418136035928819,11.438928604125977,9.579752922058105,21.112294944741134,21.112294944741134,17.680901436458434,4.535785190657838,3.7985814002160527
2010-12-15,2010-09-25,2010-10-27,14013000000.0,65225000000.0,25863138000.0,0.5418136035928819,0.5418136035928819,11.441429138183594,9.58184814453125,21.11691006337425,21.11691006337425,17.684768490477104,4.536776707061148,3.7994122017179865
2010-12-16,2010-09-25,2010-10-27,14013000000.0,65225000000.0,25863138000.0,0.5418136035928819,0.5418136035928819,11.473214149475098,9.608469009399414,21.175574170515027,21.175574170515027,17.733901374353838,4.549380158703366,3.8099679564403273
2010-12-17,2010-09-25,2010-10-27,14013000000.0,65225000000.0,25863138000.0,0.5418136035928819,0.5418136035928819,11.450357437133789,9.589330673217773,21.133388606716444,21.133388606716444,17.69857864333577,4.540316972723917,3.8023791878737323
2010-12-20,2010-09-25,2010-10-27,14013000000.0,65225000000.0,25863138000.0,0.5418136035928819,0.5418136035928819,11.507499694824219,9.63718032836914,21.23885339628892,21.23885339628892,17.786892511489075,4.562975126748895,3.8213526219010565
2010-12-21,2010-09-25,2010-10-27,14013000000.0,65225000000.0,25863138000.0,0.5418136035928819,0.5418136035928819,11.578571319580078,9.696698188781738,21.370026966469826,21.370026966469826,17.896741839778215,4.59115657924326,3.8449527543244484
2010-12-22,2010-09-25,2010-10-27,14013000000.0,65225000000.0,25863138000.0,0.5418136035928819,0.5418136035928819,11.6128568649292,9.72541332244873,21.43330619224372,21.43330619224372,17.949740017521588,4.604751547288789,3.856338932396014
2010-12-23,2010-09-25,2010-10-27,14013000000.0,65225000000.0,25863138000.0,0.5418136035928819,0.5418136035928819,11.557143211364746,9.678759574890137,21.330478110418156,21.330478110418156,17.863633380018907,4.582659866022071,3.837839701865925
2010-12-27,2010-09-25,2010-10-27,14013000000.0,65225000000.0,25863138000.0,0.5418136035928819,0.5418136035928819,11.59571361541748,9.71106243133545,21.401665699280755,21.401665699280755,17.92325324971414,4.59795387418967,3.850648490429195
2010-12-28,2010-09-25,2010-10-27,14013000000.0,65225000000.0,25863138000.0,0.5418136035928819,0.5418136035928819,11.623929023742676,9.734689712524414,21.453741557358317,21.453741557358317,17.966861016356187,4.609141900241657,3.860017223797612
2010-12-29,2010-09-25,2010-10-27,14013000000.0,65225000000.0,25863138000.0,0.5418136035928819,0.5418136035928819,11.617500305175781,9.7293062210083,21.441876372497205,21.441876372497205,17.956924958124326,4.6065927728294875,3.8578825517546367
2010-12-30,2010-09-25,2010-10-27,14013000000.0,65225000000.0,25863138000.0,0.5418136035928819,0.5418136035928819,11.559286117553711,9.680549621582031,21.334433172038526,21.334433172038526,17.866937185386703,4.583509575159462,3.8385494945009406
2010-12-31,2010-09-25,2010-10-27,14013000000.0,65225000000.0,25863138000.0,0.5418136035928819,0.5418136035928819,11.520000457763672,9.647651672363281,21.261925469150434,21.261925469150434,17.80621898082226,4.5679319524600235,3.8255047386471803
2011-01-03,2010-09-25,2010-10-27,14013000000.0,65225000000.0,25863138000.0,0.5418136035928819,0.5418136035928819,11.770357131958008,9.857318878173828,21.72399706080883,21.72399706080883,18.193191925798537,4.667203845352459,3.9086423680523557
2011-01-04,2010-09-25,2010-10-27,14013000000.0,65225000000.0,25863138000.0,0.5418136035928819,0.5418136035928819,11.831786155700684,9.908760070800781,21.837373733774086,21.837373733774086,18.288134526511836,4.691561795804926,3.929039925182221
2011-01-05,2010-09-25,2010-10-27,14013000000.0,65225000000.0,25863138000.0,0.5418136035928819,0.5418136035928819,11.928570747375488,9.989818572998047,22.01600452309537,22.01600452309537,18.43774040879266,4.729939001642551,3.9611813928464783
2011-01-06,2010-09-25,2010-10-27,14013000000.0,65225000000.0,25863138000.0,0.5418136035928819,0.5418136035928819,11.918929100036621,9.981743812561035,21.998209386031753,21.998209386031753,18.42283720152089,4.726115877753361,3.9579795738583696
2011-01-07,2010-09-25,2010-10-27,14013000000.0,65225000000.0,25863138000.0,0.5418136035928819,0.5418136035928819,12.00428581237793,10.053226470947266,22.15574827352976,22.15574827352976,18.55476939722844,4.759961679677616,3.986324010170366
2011-01-10,2010-09-25,2010-10-27,14013000000.0,65225000000.0,25863138000.0,0.5418136035928819,0.5418136035928819,12.23035717010498,10.242552757263184,22.572997593642658,22.572997593642658,18.90420005947179,4.849603913832343,4.061396020442748
2011-01-11,2010-09-25,2010-10-27,14013000000.0,65225000000.0,25863138000.0,0.5418136035928819,0.5418136035928819,12.20142936706543,10.218326568603516,22.519606901995708,22.519606901995708,18.8594869173524,4.8381334077066445,4.051789807173004
2011-01-12,2010-09-25,2010-10-27,14013000000.0,65225000000.0,25863138000.0,0.5418136035928819,0.5418136035928819,12.300713539123535,10.301471710205078,22.702851049798074,22.702851049798074,19.01294401228359,4.8775017517948696,4.0847586729648135
2011-01-13,2010-09-25,2010-10-27,14013000000.0,65225000000.0,25863138000.0,0.5418136035928819,0.5418136035928819,12.34571361541748,10.339159965515137,22.78590558367382,22.78590558367382,19.08250346051475,4.8953452655273475,4.099702889876477
2011-01-14,2010-09-25,2010-10-27,14013000000.0,65225000000.0,25863138000.0,0.5418136035928819,0.5418136035928819,12.445713996887207,10.422908782958984,22.970471605653707,22.970471605653707,19.237074731683457,4.934997602300121,4.132911126333158
2011-01-18,2010-09-25,2010-10-27,14013000000.0,65225000000.0,25863138000.0,0.5418136035928819,0.5418136035928819,12.166070938110352,10.188714981079102,22.454347505183577,22.454347505183577,18.80483419669708,4.824113017863357,4.040048165554867
2011-01-19,2010-12-25,2011-01-19,16639000000.0,76283000000.0,25956735000.0,0.6410282340980096,0.6410282340980096,12.101428985595703,10.134583473205566,18.878152851759513,18.878152851759513,15.809886264161099,4.1177403261595185,3.4484839026962297
2011-01-20,2010-12-25,2011-01-19,16639000000.0,76283000000.0,25956735000.0,0.6410282340980096,0.6410282340980096,11.881428718566895,9.950336456298828,18.534953823500842,18.534953823500842,15.522462080472852,4.042881070084166,3.38579036688368
2011-01-21,2010-12-25,2011-01-19,16639000000.0,76283000000.0,25956735000.0,0.6410282340980096,0.6410282340980096,11.668571472167969,9.772077560424805,18.20289786234893,18.20289786234893,15.244379327807751,3.9704523620154406,3.325134402624348
2011-01-24,2010-12-25,2011-01-19,16639000000.0,76283000000.0,25956735000.0,0.6410282340980096,0.6410282340980096,12.051786422729492,10.09300422668457,18.800710766956392,18.800710766956392,15.745022901973156,4.100848504272084,3.434335776856329
2011-01-25,2010-12-25,2011-01-19,16639000000.0,76283000000.0,25956735000.0,0.6410282340980096,0.6410282340980096,12.192856788635254,10.211148262023926,19.02077964754831,19.02077964754831,15.929326851557523,4.148850367127096,3.474536521676725
2011-01-26,2010-12-25,2011-01-19,16639000000.0,76283000000.0,25956735000.0,0.6410282340980096,0.6410282340980096,12.280357360839844,10.284424781799316,19.15727998801726,19.15727998801726,16.04363775999746,4.178624093449644,3.4994702448592436
2011-01-27,2010-12-25,2011-01-19,16639000000.0,76283000000.0,25956735000.0,0.6410282340980096,0.6410282340980096,12.257499694824219,10.265283584594727,19.121622173275625,19.121622173275625,16.013777613148353,4.170846339828443,3.49295709011412
2011-01-28,2010-12-25,2011-01-19,16639000000.0,76283000000.0,25956735000.0,0.6410282340980096,0.6410282340980096,12.003570556640625,10.05262565612793,18.7254943201228,18.7254943201228,15.682032586712772,4.084442142974492,3.420596203745445
2011-01-31,2010-12-25,2011-01-19,16639000000.0,76283000000.0,25956735000.0,0.6410282340980096,0.6410282340980096,12.118571281433105,10.148935317993164,18.90489472508982,18.90489472508982,15.832275051462787,4.123573316869677,3.4533673896056696
2011-02-01,2010-12-25,2011-01-19,16639000000.0,76283000000.0,25956735000.0,0.6410282340980096,0.6410282340980096,12.322500228881836,10.319718360900879,19.223022596221238,19.223022596221238,16.098695520676632,4.1929640021829915,3.5114795533544627
2011-02-02,2010-12-25,2011-01-19,16639000000.0,76283000000.0,25956735000.0,0.6410282340980096,0.6410282340980096,12.29714298248291,10.29848575592041,19.183465451855195,19.183465451855195,16.065572790894933,4.184335719012342,3.5042547575174123
2011-02-03,2010-12-25,2011-01-19,16639000000.0,76283000000.0,25956735000.0,0.6410282340980096,0.6410282340980096,12.265713691711426,10.272167205810547,19.134435956585445,19.134435956585445,16.02451601880611,4.173641307783192,3.495299372558956
2011-02-04,2010-12-25,2011-01-19,16639000000.0,76283000000.0,25956735000.0,0.6410282340980096,0.6410282340980096,12.375,10.363687515258789,19.30492190786706,19.30492190786706,16.167287124008705,4.210828043273075,3.5264408905834963
2011-02-07,2010-12-25,2011-01-19,16639000000.0,76283000000.0,25956735000.0,0.6410282340980096,0.6410282340980096,12.567143440246582,10.524602890014648,19.60466446213528,19.60466446213528,16.418314093175336,4.27620848662833,3.581195393421134
2011-02-08,2010-12-25,2011-01-19,16639000000.0,76283000000.0,25956735000.0,0.6410282340980096,0.6410282340980096,12.685713768005371,10.623900413513184,19.789633425203853,19.789633425203853,16.57321760321847,4.316554285515343,3.6149832557706456
2011-02-09,2010-12-25,2011-01-19,16639000000.0,76283000000.0,25956735000.0,0.6410282340980096,0.6410282340980096,12.791428565979004,10.712432861328125,19.95454784293209,19.95454784293209,16.711327663127946,4.352525747001914,3.645108097305899
2011-02-10,2010-12-25,2011-01-19,16639000000.0,76283000000.0,25956735000.0,0.6410282340980096,0.6410282340980096,12.662142753601074,10.604161262512207,19.752862791477458,19.752862791477458,16.542424652220376,4.308533801599221,3.6082666359253674
2011-02-11,2010-12-25,2011-01-19,16639000000.0,76283000000.0,25956735000.0,0.6410282340980096,0.6410282340980096,12.744643211364746,10.67325210571289,19.881562984971676,19.881562984971676,16.650205931617375,4.336606144317131,3.631776103406808
2011-02-14,2010-12-25,2011-01-19,16639000000.0,76283000000.0,25956735000.0,0.6410282340980096,0.6410282340980096,12.82785701751709,10.742942810058594,20.011375997450656,20.011375997450656,16.758922990615197,4.364921217329962,3.6554896849998855
2011-02-15,2010-12-25,2011-01-19,16639000000.0,76283000000.0,25956735000.0,0.6410282340980096,0.6410282340980096,12.853570938110352,10.764476776123047,20.051489551309082,20.051489551309082,16.79251584178618,4.373670865648071,3.662817024651367
2011-02-16,2010-12-25,2011-01-19,16639000000.0,76283000000.0,25956735000.0,0.6410282340980096,0.6410282340980096,12.968929290771484,10.861084938049316,20.231447853494405,20.231447853494405,16.943223964747734,4.412923729196457,3.6956897808087974
2011-02-17,2010-12-25,2011-01-19,16639000000.0,76283000000.0,25956735000.0,0.6410282340980096,0.6410282340980096,12.796428680419922,10.716617584228516,19.962347989906824,19.962347989906824,16.717855804444966,4.354227130606551,3.646532028501236
2011-02-18,2010-12-25,2011-01-19,16639000000.0,76283000000.0,25956735000.0,0.6410282340980096,0.6410282340980096,12.520000457763672,10.485118865966797,19.53112170695657,19.53112170695657,16.35671926482365,4.260167194290344,3.567760206696127
2011-02-22,2010-12-25,2011-01-19,16639000000.0,76283000000.0,25956735000.0,0.6410282340980096,0.6410282340980096,12.09321403503418,10.127700805664062,18.86533758072378,18.86533758072378,15.799149346229257,4.114945033699027,3.4461419447571355
2011-02-23,2010-12-25,2011-01-19,16639000000.0,76283000000.0,25956735000.0,0.6410282340980096,0.6410282340980096,12.236429214477539,10.247637748718262,19.088752356899555,19.088752356899555,15.98625022053468,4.163676709967511,3.486952760372252
2011-02-24,2010-12-25,2011-01-19,16639000000.0,76283000000.0,25956735000.0,0.6410282340980096,0.6410282340980096,12.24571418762207,10.255414962768555,19.103236856412426,19.103236856412426,15.99838262537522,4.166836097870382,3.4895991046972226
2011-02-25,2010-12-25,2011-01-19,16639000000.0,76283000000.0,25956735000.0,0.6410282340980096,0.6410282340980096,12.434286117553711,10.413337707519531,19.397407877127264,19.397407877127264,16.24474111061915,4.231001267222323,3.5433353085168644
2011-02-28,2010-12-25,2011-01-19,16639000000.0,76283000000.0,25956735000.0,0.6410282340980096,0.6410282340980096,12.614643096923828,10.56437873840332,19.67876362680637,19.67876362680637,16.48036416565715,4.292371144113775,3.5947298789031543
2011-03-01,2010-12-25,2011-01-19,16639000000.0,76283000000.0,25956735000.0,0.6410282340980096,0.6410282340980096,12.475357055664062,10.447734832763672,19.461478281402268,19.461478281402268,16.298400408937795,4.244976431501807,3.5550395816147233
2011-03-02,2010-12-25,2011-01-19,16639000000.0,76283000000.0,25956735000.0,0.6410282340980096,0.6410282340980096,12.575714111328125,10.531777381896973,19.618034654937475,19.618034654937475,16.429506255237307,4.279124819730538,3.583636650117241
2011-03-03,2010-12-25,2011-01-19,16639000000.0,76283000000.0,25956735000.0,0.6410282340980096,0.6410282340980096,12.841428756713867,10.754308700561523,20.032547824953504,20.032547824953504,16.776653708075596,4.36953925854255,3.6593571444315223
2011-03-04,2010-12-25,2011-01-19,16639000000.0,76283000000.0,25956735000.0,0.6410282340980096,0.6410282340980096,12.85714340209961,10.767467498779297,20.05706257258838,20.05706257258838,16.79718135025705,4.374886464157125,3.6638346746578794
2011-03-07,2010-12-25,2011-01-19,16639000000.0,76283000000.0,25956735000.0,0.6410282340980096,0.6410282340980096,12.691429138183594,10.62868881225586,19.798549366615177,19.798549366615177,16.580687475039973,4.318499048426385,3.616612599100587
2011-03-08,2010-12-25,2011-01-19,16639000000.0,76283000000.0,25956735000.0,0.6410282340980096,0.6410282340980096,12.705714225769043,10.640652656555176,19.820834013102786,19.820834013102786,16.599350996649363,4.323359819933894,3.6206835236323784
2011-03-09,2010-12-25,2011-01-19,16639000000.0,76283000000.0,25956735000.0,0.6410282340980096,0.6410282340980096,12.588213920593262,10.54224967956543,19.63753427851135,19.63753427851135,16.44584297351492,4.283378116489262,3.5872000476687433
2011-03-10,2010-12-25,2011-01-19,16639000000.0,76283000000.0,25956735000.0,0.6410282340980096,0.6410282340980096,12.381071090698242,10.368768692016602,19.31439277104485,19.31439277104485,16.175213727686252,4.2128938468258355,3.5281698571761932
2011-03-11,2010-12-25,2011-01-19,16639000000.0,76283000000.0,25956735000.0,0.6410282340980096,0.6410282340980096,12.571070671081543,10.527891159057617,19.610790917455123,19.610790917455123,16.423443772131826,4.27754480127336,3.5823142892191107
2011-03-14,2010-12-25,2011-01-19,16639000000.0,76283000000.0,25956735000.0,0.6410282340980096,0.6410282340980096,12.627142906188965,10.574848175048828,19.698263250380244,19.698263250380244,16.496696420757022,4.296624440872499,3.598292302937431
2011-03-15,2010-12-25,2011-01-19,16639000000.0,76283000000.0,25956735000.0,0.6410282340980096,0.6410282340980096,12.336786270141602,10.331685066223145,19.24530873043476,19.24530873043476,16.117363505463768,4.197825098196243,3.5155514514034794
2011-03-16,2010-12-25,2011-01-19,16639000000.0,76283000000.0,25956735000.0,0.6410282340980096,0.6410282340980096,11.786070823669434,9.870477676391602,18.38619610921445,18.38619610921445,15.397882887764444,4.010433740954331,3.358616905070757
2011-03-17,2010-12-25,2011-01-19,16639000000.0,76283000000.0,25956735000.0,0.6410282340980096,0.6410282340980096,11.95142936706543,10.008957862854004,18.644154393421186,18.644154393421186,15.613911104769983,4.066700116043353,3.4057374103308433
2011-03-18,2010-12-25,2011-01-19,16639000000.0,76283000000.0,25956735000.0,0.6410282340980096,0.6410282340980096,11.809642791748047,9.890215873718262,18.42296823066676,18.42296823066676,15.428674351036625,4.018454549376194,3.365333200410293
2011-03-21,2010-12-25,2011-01-19,16639000000.0,76283000000.0,25956735000.0,0.6410282340980096,0.6410282340980096,12.117856979370117,10.148336410522461,18.903780418379146,18.903780418379146,15.831340759587881,4.123330262069014,3.4531635999997734
2011-03-22,2010-12-25,2011-01-19,16639000000.0,76283000000.0,25956735000.0,0.6410282340980096,0.6410282340980096,12.185713768005371,10.205170631408691,19.009636580441548,19.009636580441548,15.920001785519448,4.146419819120472,3.472502519686668
2011-03-23,2010-12-25,2011-01-19,16639000000.0,76283000000.0,25956735000.0,0.6410282340980096,0.6410282340980096,12.11392879486084,10.145045280456543,18.897652475333388,18.897652475333388,15.826206617453645,4.121993622918241,3.4520437306845713
2011-03-24,2010-12-25,2011-01-19,16639000000.0,76283000000.0,25956735000.0,0.6410282340980096,0.6410282340980096,12.320357322692871,10.317927360534668,19.21967967608921,19.21967967608921,16.095901571407406,4.192234837781005,3.510870131571226
2011-03-25,2010-12-25,2011-01-19,16639000000.0,76283000000.0,25956735000.0,0.6410282340980096,0.6410282340980096,12.555000305175781,10.514432907104492,19.585721248053783,19.585721248053783,16.402448984012917,4.272076555017066,3.577734864189805
2011-03-28,2010-12-25,2011-01-19,16639000000.0,76283000000.0,25956735000.0,0.6410282340980096,0.6410282340980096,12.515713691711426,10.481526374816895,19.524434378966596,19.524434378966596,16.351115001300126,4.258708540980627,3.5665377935664933
2011-03-29,2010-12-25,2011-01-19,16639000000.0,76283000000.0,25956735000.0,0.6410282340980096,0.6410282340980096,12.534285545349121,10.497085571289062,19.553406353444178,19.553406353444178,16.375387249610785,4.265027965797853,3.571832104745144
2011-03-30,2010-12-25,2011-01-19,16639000000.0,76283000000.0,25956735000.0,0.6410282340980096,0.6410282340980096,12.451070785522461,10.427396774291992,19.42359185323928,19.42359185323928,16.26667316606479,4.23671256827928,3.5481191721635494
2011-03-31,2010-12-25,2011-01-19,16639000000.0,76283000000.0,25956735000.0,0.6410282340980096,0.6410282340980096,12.446785926818848,10.423805236816406,19.41690750070114,19.41690750070114,16.261070390267186,4.235254563981047,3.5468970835396574
2011-04-01,2010-12-25,2011-01-19,16639000000.0,76283000000.0,25956735000.0,0.6410282340980096,0.6410282340980096,12.305713653564453,10.305660247802734,19.19683564465739,19.19683564465739,16.076764952956903,4.187252052114552,3.5066960142135195
2011-04-04,2010-12-25,2011-01-19,16639000000.0,76283000000.0,25956735000.0,0.6410282340980096,0.6410282340980096,12.185357093811035,10.204865455627441,19.00908017094917,19.00908017094917,15.919525713226502,4.14629845397301,3.472398677849269
2011-04-05,2010-12-25,2011-01-19,16639000000.0,76283000000.0,25956735000.0,0.6410282340980096,0.6410282340980096,12.103214263916016,10.136075019836426,18.880937874673243,18.880937874673243,15.81221306749287,4.118347800908303,3.4489914296765183
2011-04-06,2010-12-25,2011-01-19,16639000000.0,76283000000.0,25956735000.0,0.6410282340980096,0.6410282340980096,12.072856903076172,10.110647201538086,18.833580583332466,18.833580583332466,15.772545831409081,4.108018134133016,3.4403391330809705
2011-04-07,2010-12-25,2011-01-19,16639000000.0,76283000000.0,25956735000.0,0.6410282340980096,0.6410282340980096,12.074286460876465,10.111848831176758,18.835810684479735,18.835810684479735,15.774420366062555,4.108504568240083,3.44074801031573
2011-04-08,2010-12-25,2011-01-19,16639000000.0,76283000000.0,25956735000.0,0.6410282340980096,0.6410282340980096,11.966428756713867,10.021520614624023,18.66755334661947,18.66755334661947,15.633508918254277,4.071803942351524,3.41001212446853
2011-04-11,2010-12-25,2011-01-19,16639000000.0,76283000000.0,25956735000.0,0.6410282340980096,0.6410282340980096,11.814286231994629,9.8941068649292,18.430211968149116,18.430211968149116,15.434744272771683,4.020034567833371,3.366657183837133
2011-04-12,2010-12-25,2011-01-19,16639000000.0,76283000000.0,25956735000.0,0.6410282340980096,0.6410282340980096,11.871429443359375,9.941959381103516,18.51935501727729,18.51935501727729,15.509393896031492,4.039478627380633,3.3829399084470717
2011-04-13,2010-12-25,2011-01-19,16639000000.0,76283000000.0,25956735000.0,0.6410282340980096,0.6410282340980096,12.004643440246582,10.053522109985352,18.727168011777685,18.727168011777685,15.6834310490733,4.084807211934099,3.4209012391428057
2011-04-14,2010-12-25,2011-01-19,16639000000.0,76283000000.0,25956735000.0,0.6410282340980096,0.6410282340980096,11.872142791748047,9.942562103271484,18.52046783626205,18.52046783626205,15.510334138810059,4.039721357675553,3.383144996075935
2011-04-15,2010-12-25,2011-01-19,16639000000.0,76283000000.0,25956735000.0,0.6410282340980096,0.6410282340980096,11.694999694824219,9.794209480285645,18.24412572291803,18.24412572291803,15.278904983127726,3.9794450651342124,3.3326652073759844
2011-04-18,2010-12-25,2011-01-19,16639000000.0,76283000000.0,25956735000.0,0.6410282340980096,0.6410282340980096,11.851785659790039,9.92551040649414,18.488710838870738,18.488710838870738,15.483733599441717,4.032794458109542,3.377342833411254
2011-04-19,2010-12-25,2011-01-19,16639000000.0,76283000000.0,25956735000.0,0.6410282340980096,0.6410282340980096,12.066429138183594,10.105264663696289,18.823553310662298,18.823553310662298,15.764149106342252,4.105830965432795,3.4385076226738422
2011-04-20,2010-12-25,2011-01-19,16639000000.0,76283000000.0,25956735000.0,0.6410282340980096,0.6410282340980096,12.228928565979004,10.24135684967041,19.077051392574496,19.077051392574496,15.97645205765549,4.161124472307683,3.48481556555628
2011-04-21,2011-03-26,2011-04-21,19552000000.0,87451000000.0,26048197000.0,0.750608573791115,0.750608573791115,12.524999618530273,10.489306449890137,16.686459568760302,16.686459568760302,13.974402659580038,3.730702421795079,3.1243498736447717
2011-04-25,2011-03-26,2011-04-21,19552000000.0,87451000000.0,26048197000.0,0.750608573791115,0.750608573791115,12.607500076293945,10.558398246765137,16.79637099349528,16.79637099349528,14.066450364985315,3.7552760478990486,3.1449295895552125
2011-04-26,2011-03-26,2011-04-21,19552000000.0,87451000000.0,26048197000.0,0.750608573791115,0.750608573791115,12.515000343322754,10.480929374694824,16.673138011351202,16.673138011351202,13.963242281870786,3.7277240328634176,3.121854673990436
2011-04-27,2011-03-26,2011-04-21,19552000000.0,87451000000.0,26048197000.0,0.750608573791115,0.750608573791115,12.505356788635254,10.472857475280762,16.660290363423613,16.660290363423613,13.95248847529848,3.7248515990172604,3.1194503741413584
2011-04-28,2011-03-26,2011-04-21,19552000000.0,87451000000.0,26048197000.0,0.750608573791115,0.750608573791115,12.383929252624512,10.371163368225098,16.498518249101167,16.498518249101167,13.817006267119009,3.6886831346288322,3.0891597184104342
2011-04-29,2011-03-26,2011-04-21,19552000000.0,87451000000.0,26048197000.0,0.750608573791115,0.750608573791115,12.504643440246582,10.472260475158691,16.65934000339099,16.65934000339099,13.951693120511825,3.72463912072247,3.1192725513973216
2011-05-02,2011-03-26,2011-04-21,19552000000.0,87451000000.0,26048197000.0,0.750608573791115,0.750608573791115,12.367142677307129,10.35710620880127,16.476154295499363,16.476154295499363,13.798278584123292,3.6836830772158526,3.0849726461307316
2011-05-03,2011-03-26,2011-04-21,19552000000.0,87451000000.0,26048197000.0,0.750608573791115,0.750608573791115,12.435713768005371,10.414535522460938,16.567508288902218,16.567508288902218,13.874788919423098,3.704107695333572,3.102078569170855
2011-05-04,2011-03-26,2011-04-21,19552000000.0,87451000000.0,26048197000.0,0.750608573791115,0.750608573791115,12.48464298248291,10.455516815185547,16.63269434750319,16.63269434750319,13.929386340976151,3.718681774735365,3.1142852767694564
2011-05-05,2011-03-26,2011-04-21,19552000000.0,87451000000.0,26048197000.0,0.750608573791115,0.750608573791115,12.383929252624512,10.371163368225098,16.498518249101167,16.498518249101167,13.817006267119009,3.6886831346288322,3.0891597184104342
2011-05-06,2011-03-26,2011-04-21,19552000000.0,87451000000.0,26048197000.0,0.750608573791115,0.750608573791115,12.380714416503906,10.368475914001465,16.49423527628037,16.49423527628037,13.813425900044251,3.6877255619928166,3.08835923200038
2011-05-09,2011-03-26,2011-04-21,19552000000.0,87451000000.0,26048197000.0,0.750608573791115,0.750608573791115,12.414285659790039,10.396589279174805,16.538960642414377,16.538960642414377,13.850879995500884,3.6977251086949936,3.0967330924978937
2011-05-10,2011-03-26,2011-04-21,19552000000.0,87451000000.0,26048197000.0,0.750608573791115,0.750608573791115,12.48035717010498,10.45191764831543,16.626984564098663,16.626984564098663,13.924591342629757,3.717405200595271,3.1132132271911934
2011-05-11,2011-03-26,2011-04-21,19552000000.0,87451000000.0,26048197000.0,0.750608573791115,0.750608573791115,12.401070594787598,10.385520935058594,16.52135484164968,16.52135484164968,13.836134168577662,3.6937888630654254,3.0934362701859377
2011-05-12,2011-03-26,2011-04-21,19552000000.0,87451000000.0,26048197000.0,0.750608573791115,0.750608573791115,12.3774995803833,10.365781784057617,16.48995230345957,16.48995230345957,13.809836639225873,3.6867679893568006,3.0875567571570857
2011-05-13,2011-03-26,2011-04-21,19552000000.0,87451000000.0,26048197000.0,0.750608573791115,0.750608573791115,12.160714149475098,10.184226989746094,16.201139414188564,16.201139414188564,13.567959846646032,3.6221961764441204,3.033478758637674
2011-05-16,2011-03-26,2011-04-21,19552000000.0,87451000000.0,26048197000.0,0.750608573791115,0.750608573791115,11.903571128845215,9.968877792358398,15.858560033125642,15.858560033125642,13.28106038278829,3.5456034324098358,2.9693347429334906
2011-05-17,2011-03-26,2011-04-21,19552000000.0,87451000000.0,26048197000.0,0.750608573791115,0.750608573791115,12.005000114440918,10.053824424743652,15.993689032629888,15.993689032629888,13.394230729292877,3.5758151189349414,2.994636987788983
2011-05-18,2011-03-26,2011-04-21,19552000000.0,87451000000.0,26048197000.0,0.750608573791115,0.750608573791115,12.138214111328125,10.165386199951172,16.171163686582187,16.171163686582187,13.542859161078637,3.6154943042395735,3.02786683191055
2011-05-19,2011-03-26,2011-04-21,19552000000.0,87451000000.0,26048197000.0,0.750608573791115,0.750608573791115,12.161786079406738,10.185125350952148,16.202567495307097,16.202567495307097,13.569156690430425,3.62251546201009,3.0337463449394027
2011-05-20,2011-03-26,2011-04-21,19552000000.0,87451000000.0,26048197000.0,0.750608573791115,0.750608573791115,11.972143173217773,10.026309967041016,15.949915297063303,15.949915297063303,13.357574529692506,3.5660283345894466,2.986441518159288
2011-05-23,2011-03-26,2011-04-21,19552000000.0,87451000000.0,26048197000.0,0.750608573791115,0.750608573791115,11.942856788635254,10.00178050994873,15.91089844379902,15.91089844379902,13.324895104025419,3.5573050779654714,2.979135162249774
2011-05-24,2011-03-26,2011-04-21,19552000000.0,87451000000.0,26048197000.0,0.750608573791115,0.750608573791115,11.86392879486084,9.93567943572998,15.805746442435952,15.805746442435952,13.236831795762242,3.5337955477068044,2.959446264430863
2011-05-25,2011-03-26,2011-04-21,19552000000.0,87451000000.0,26048197000.0,0.750608573791115,0.750608573791115,12.027856826782227,10.07296371459961,16.024139940252574,16.024139940252574,13.4197290922536,3.582623230286884,3.0003378258881246
2011-05-26,2011-03-26,2011-04-21,19552000000.0,87451000000.0,26048197000.0,0.750608573791115,0.750608573791115,11.964285850524902,10.019725799560547,15.939447360821665,15.939447360821665,13.348802757412829,3.563687948665941,2.984480354860844
2011-05-27,2011-03-26,2011-04-21,19552000000.0,87451000000.0,26048197000.0,0.750608573791115,0.750608573791115,12.0503568649292,10.091808319091797,16.054115667858948,16.054115667858948,13.444834859960208,3.589325102491431,3.0059508888628144
2011-05-31,2011-03-26,2011-04-21,19552000000.0,87451000000.0,26048197000.0,0.750608573791115,0.750608573791115,12.422499656677246,10.403467178344727,16.549903758672322,16.549903758672322,13.860043092499875,3.700171733765895,3.098781746858899
2011-06-01,2011-03-26,2011-04-21,19552000000.0,87451000000.0,26048197000.0,0.750608573791115,0.750608573791115,12.339642524719238,10.334074974060059,16.439517153921035,16.439517153921035,13.767595168631663,3.6754918685145292,3.078112551452657
2011-06-02,2011-03-26,2011-04-21,19552000000.0,87451000000.0,26048197000.0,0.750608573791115,0.750608573791115,12.360713958740234,10.35172176361084,16.46758962039257,16.46758962039257,13.791105144625746,3.681768216005712,3.0833688326917086
2011-06-03,2011-03-26,2011-04-21,19552000000.0,87451000000.0,26048197000.0,0.750608573791115,0.750608573791115,12.265713691711426,10.272167205810547,16.341025295995113,16.341025295995113,13.685118401897128,3.653471390690747,3.0596726737703706
2011-06-06,2011-03-26,2011-04-21,19552000000.0,87451000000.0,26048197000.0,0.750608573791115,0.750608573791115,12.072856903076172,10.110647201538086,16.084091395465325,16.084091395465325,13.469933004457998,3.596026974695979,3.0115622474661556
2011-06-07,2011-03-26,2011-04-21,19552000000.0,87451000000.0,26048197000.0,0.750608573791115,0.750608573791115,11.85857105255127,9.931194305419922,15.798608577912889,15.798608577912889,13.230856470583893,3.5321996880007416,2.9581103213554596
2011-06-08,2011-03-26,2011-04-21,19552000000.0,87451000000.0,26048197000.0,0.750608573791115,0.750608573791115,11.865714073181152,9.937176704406738,15.808124883587105,15.808124883587105,13.238826535402898,3.5343273115675644,2.9598922416004103
2011-06-09,2011-03-26,2011-04-21,19552000000.0,87451000000.0,26048197000.0,0.750608573791115,0.750608573791115,11.838929176330566,9.91474437713623,15.772440643111002,15.772440643111002,13.208941015767534,3.5263491492848145,2.953210537790155
2011-06-10,2011-03-26,2011-04-21,19552000000.0,87451000000.0,26048197000.0,0.750608573791115,0.750608573791115,11.639286041259766,9.747549057006836,15.506465616923307,15.506465616923307,12.986194665715951,3.4668833488706188,2.90340965917003
2011-06-13,2011-03-26,2011-04-21,19552000000.0,87451000000.0,26048197000.0,0.750608573791115,0.750608573791115,11.664285659790039,9.768485069274902,15.539771416248255,15.539771416248255,13.014086716245464,3.4743297472926082,2.909645669872629
2011-06-14,2011-03-26,2011-04-21,19552000000.0,87451000000.0,26048197000.0,0.750608573791115,0.750608573791115,11.872857093811035,9.943157196044922,15.81764118926132,15.81764118926132,13.246794059152299,3.5364549351343872,2.9616735937215783
2011-06-15,2011-03-26,2011-04-21,19552000000.0,87451000000.0,26048197000.0,0.750608573791115,0.750608573791115,11.66964340209961,9.772974967956543,15.546909280771319,15.546909280771319,13.020068394097827,3.475925606998672,2.9109830332574895
2011-06-16,2011-03-26,2011-04-21,19552000000.0,87451000000.0,26048197000.0,0.750608573791115,0.750608573791115,11.6128568649292,9.72541332244873,15.471255285928711,15.471255285928711,12.956704282404308,3.459011141673373,2.8968162986080097
2011-06-17,2011-03-26,2011-04-21,19552000000.0,87451000000.0,26048197000.0,0.750608573791115,0.750608573791115,11.437856674194336,9.578858375549316,15.238110879049655,15.238110879049655,12.761456117093319,3.406885500533772,2.8531633715041402
2011-06-20,2011-03-26,2011-04-21,19552000000.0,87451000000.0,26048197000.0,0.750608573791115,0.750608573791115,11.261428833007812,9.431103706359863,15.00306448157056,15.00306448157056,12.564609619000198,3.3543346187426972,2.80915309454085
2011-06-21,2011-03-26,2011-04-21,19552000000.0,87451000000.0,26048197000.0,0.750608573791115,0.750608573791115,11.617856979370117,9.729599952697754,15.477916699900662,15.477916699900662,12.962281930189329,3.46050047817015,2.8980633303113947
2011-06-22,2011-03-26,2011-04-21,19552000000.0,87451000000.0,26048197000.0,0.750608573791115,0.750608573791115,11.521785736083984,9.64914608001709,15.349925564919477,15.349925564919477,12.855097073141515,3.431884651351107,2.874099301026437
2011-06-23,2011-03-26,2011-04-21,19552000000.0,87451000000.0,26048197000.0,0.750608573791115,0.750608573791115,11.829643249511719,9.906966209411621,15.760069445734523,15.760069445734523,13.198578533914544,3.5235832386479444,2.950893729003638
2011-06-24,2011-03-26,2011-04-21,19552000000.0,87451000000.0,26048197000.0,0.750608573791115,0.750608573791115,11.655357360839844,9.761009216308594,15.52787666942289,15.52787666942289,13.004126993925013,3.4716703598650254,2.9074189087056963
2011-06-27,2011-03-26,2011-04-21,19552000000.0,87451000000.0,26048197000.0,0.750608573791115,0.750608573791115,11.85857105255127,9.931194305419922,15.798608577912889,15.798608577912889,13.230856470583893,3.5321996880007416,2.9581103213554596
2011-06-28,2011-03-26,2011-04-21,19552000000.0,87451000000.0,26048197000.0,0.750608573791115,0.750608573791115,11.973570823669434,10.02750301361084,15.951817287663342,15.951817287663342,13.359163968731016,3.56645357524092,2.986796879585469
2011-06-29,2011-03-26,2011-04-21,19552000000.0,87451000000.0,26048197000.0,0.750608573791115,0.750608573791115,11.930000305175781,9.991016387939453,15.893770364120236,15.893770364120236,13.310554577704341,3.5534756396070812,2.975928955681185
2011-06-30,2011-03-26,2011-04-21,19552000000.0,87451000000.0,26048197000.0,0.750608573791115,0.750608573791115,11.988213539123535,10.039766311645508,15.97132507902808,15.97132507902808,13.375501775762356,3.5708150615219614,2.9904496314473885
2011-07-01,2011-03-26,2011-04-21,19552000000.0,87451000000.0,26048197000.0,0.750608573791115,0.750608573791115,12.259285926818848,10.266777038574219,16.332461891423122,16.332461891423122,13.677937339190764,3.651556813542497,3.0580671559599986
2011-07-05,2011-03-26,2011-04-21,19552000000.0,87451000000.0,26048197000.0,0.750608573791115,0.750608573791115,12.479642868041992,10.451323509216309,16.62603293353124,16.62603293353124,13.92379979944751,3.717192438238589,3.113036256632831
2011-07-06,2011-03-26,2011-04-21,19552000000.0,87451000000.0,26048197000.0,0.750608573791115,0.750608573791115,12.562856674194336,10.521013259887695,16.73689471829884,16.73689471829884,14.016644130174248,3.74197854263735,3.1337940793491996
2011-07-07,2011-03-26,2011-04-21,19552000000.0,87451000000.0,26048197000.0,0.750608573791115,0.750608573791115,12.757143020629883,10.683719635009766,16.995733150498275,16.995733150498275,14.233410072908269,3.7998487674073735,3.1822578786463556
2011-07-08,2011-03-26,2011-04-21,19552000000.0,87451000000.0,26048197000.0,0.750608573791115,0.750608573791115,12.846785545349121,10.758790969848633,17.115159610372665,17.115159610372665,14.333424031528143,3.826549733016276,3.2046186626160735
2011-07-11,2011-03-26,2011-04-21,19552000000.0,87451000000.0,26048197000.0,0.750608573791115,0.750608573791115,12.64285659790039,10.588006019592285,16.843474800780438,16.843474800780438,14.105895388478196,3.765807358461986,3.1537485750366
2011-07-12,2011-03-26,2011-04-21,19552000000.0,87451000000.0,26048197000.0,0.750608573791115,0.750608573791115,12.633929252624512,10.580533981323242,16.831581324489875,16.831581324489875,14.095940748296957,3.763148255096294,3.1515229501172333
2011-07-13,2011-03-26,2011-04-21,19552000000.0,87451000000.0,26048197000.0,0.750608573791115,0.750608573791115,12.786429405212402,10.708245277404785,17.034750003762554,17.034750003762554,14.266084416436144,3.8085720240313488,3.189563098308304
2011-07-14,2011-03-26,2011-04-21,19552000000.0,87451000000.0,26048197000.0,0.750608573791115,0.750608573791115,12.77750015258789,10.700770378112793,17.022853986402385,17.022853986402385,14.256125964650497,3.8059123525418737,3.1873366212032623
2011-07-15,2011-03-26,2011-04-21,19552000000.0,87451000000.0,26048197000.0,0.750608573791115,0.750608573791115,13.032856941223145,10.914619445800781,17.36305365577935,17.36305365577935,14.541026877263173,3.881973048653508,3.2510338075522243
2011-07-18,2011-03-26,2011-04-21,19552000000.0,87451000000.0,26048197000.0,0.750608573791115,0.750608573791115,13.350000381469727,11.180220603942871,17.785568733970877,17.785568733970877,14.8948746314936,3.9764375465872153,3.330145896501617
2011-07-19,2011-03-26,2011-04-21,19552000000.0,87451000000.0,26048197000.0,0.750608573791115,0.750608573791115,13.458929061889648,11.27144718170166,17.930689219165647,17.930689219165647,15.016411449675717,4.0088830958265405,3.3573186889121867
2011-07-20,2011-06-25,2011-07-20,23607000000.0,100322000000.0,26121340000.0,0.9037438355000165,0.9037438355000165,13.817856788635254,11.572036743164062,15.289572383074919,15.289572383074919,12.804553999266368,3.5978243580396088,3.013068980489635
2011-07-21,2011-06-25,2011-07-20,23607000000.0,100322000000.0,26121340000.0,0.9037438355000165,0.9037438355000165,13.831786155700684,11.583702087402344,15.304985342498009,15.304985342498009,12.81746179877775,3.6014512168851347,3.016106344408468
2011-07-22,2011-06-25,2011-07-20,23607000000.0,100322000000.0,26121340000.0,0.9037438355000165,0.9037438355000165,14.046428680419922,11.763457298278809,15.542489064557127,15.542489064557127,13.016362420630413,3.6573387626542546,3.06291010609659
2011-07-25,2011-06-25,2011-07-20,23607000000.0,100322000000.0,26121340000.0,0.9037438355000165,0.9037438355000165,14.23214340209961,11.918988227844238,15.747983934214453,15.747983934214453,13.188458675626586,3.7056942319232133,3.103406470719452
2011-07-26,2011-06-25,2011-07-20,23607000000.0,100322000000.0,26121340000.0,0.9037438355000165,0.9037438355000165,14.407500267028809,12.065844535827637,15.942017750038136,15.942017750038136,13.350956390371325,3.7513527743181982,3.1416441808127415
2011-07-27,2011-06-25,2011-07-20,23607000000.0,100322000000.0,26121340000.0,0.9037438355000165,0.9037438355000165,14.021071434020996,11.742222785949707,15.514431062496294,15.514431062496294,12.992866257785382,3.650736369812703,3.0573811701076488
2011-07-28,2011-06-25,2011-07-20,23607000000.0,100322000000.0,26121340000.0,0.9037438355000165,0.9037438355000165,13.993571281433105,11.719191551208496,15.484001917081791,15.484001917081791,12.967382006788009,3.64357601778822,3.051384412534085
2011-07-29,2011-06-25,2011-07-20,23607000000.0,100322000000.0,26121340000.0,0.9037438355000165,0.9037438355000165,13.945713996887207,11.679112434387207,15.43104743743168,15.43104743743168,12.923034133810138,3.63111517768236,3.0409488127913713
2011-08-01,2011-06-25,2011-07-20,23607000000.0,100322000000.0,26121340000.0,0.9037438355000165,0.9037438355000165,14.16964340209961,11.866647720336914,15.678827169271852,15.678827169271852,13.130543472832018,3.689420794890459,3.089778311468526
2011-08-02,2011-06-25,2011-07-20,23607000000.0,100322000000.0,26121340000.0,0.9037438355000165,0.9037438355000165,13.889642715454102,11.63215446472168,15.369004102550084,15.369004102550084,12.871074753484686,3.6165156181983997,3.0287221317907638
2011-08-03,2011-06-25,2011-07-20,23607000000.0,100322000000.0,26121340000.0,0.9037438355000165,0.9037438355000165,14.020357131958008,11.74162483215332,15.513640681378405,15.513640681378405,12.99220461698309,3.6505503834183926,3.0572254778923846
2011-08-04,2011-06-25,2011-07-20,23607000000.0,100322000000.0,26121340000.0,0.9037438355000165,0.9037438355000165,13.477499961853027,11.286994934082031,14.912964750012707,14.912964750012707,12.489152889034369,3.509203951810669,2.938851221580853
2011-08-05,2011-06-25,2011-07-20,23607000000.0,100322000000.0,26121340000.0,0.9037438355000165,0.9037438355000165,13.343570709228516,11.174834251403809,14.76477092852964,14.76477092852964,12.365046169549894,3.4743321236598073,2.9096473846670157
2011-08-08,2011-06-25,2011-07-20,23607000000.0,100322000000.0,26121340000.0,0.9037438355000165,0.9037438355000165,12.614643096923828,10.56437873840332,13.958206519820404,13.958206519820404,11.689572114822052,3.2845376020553845,2.7507000350332347
2011-08-09,2011-06-25,2011-07-20,23607000000.0,100322000000.0,26121340000.0,0.9037438355000165,0.9037438355000165,13.357500076293945,11.186497688293457,14.78018388795273,14.78018388795273,12.377951858564298,3.4779589825053336,2.912684251959963
2011-08-10,2011-06-25,2011-07-20,23607000000.0,100322000000.0,26121340000.0,0.9037438355000165,0.9037438355000165,12.98892879486084,10.87783432006836,14.372356728358124,14.372356728358124,12.036413298520541,3.3819922378576006,2.8323160297658982
2011-08-11,2011-06-25,2011-07-20,23607000000.0,100322000000.0,26121340000.0,0.9037438355000165,0.9037438355000165,13.346428871154785,11.177231788635254,14.767933508249685,14.767933508249685,12.367699064249994,3.4750763175499926,2.91027164340573
2011-08-12,2011-06-25,2011-07-20,23607000000.0,100322000000.0,26121340000.0,0.9037438355000165,0.9037438355000165,13.463929176330566,11.275630950927734,14.897948564021293,14.897948564021293,12.476578548045353,3.505670458631713,2.935892324552009
2011-08-15,2011-06-25,2011-07-20,23607000000.0,100322000000.0,26121340000.0,0.9037438355000165,0.9037438355000165,13.693214416503906,11.467650413513184,15.151654571372903,15.151654571372903,12.68904966546018,3.565370601327726,2.9858893906871717
2011-08-16,2011-06-25,2011-07-20,23607000000.0,100322000000.0,26121340000.0,0.9037438355000165,0.9037438355000165,13.588570594787598,11.380014419555664,15.03586532047482,15.03586532047482,12.592079716106076,3.538123967030652,2.963071169415643
2011-08-17,2011-06-25,2011-07-20,23607000000.0,100322000000.0,26121340000.0,0.9037438355000165,0.9037438355000165,13.587142944335938,11.378820419311523,15.03428561348753,15.03428561348753,12.590758544998469,3.537752242554974,2.9627602816110015
2011-08-18,2011-06-25,2011-07-20,23607000000.0,100322000000.0,26121340000.0,0.9037438355000165,0.9037438355000165,13.073213577270508,10.948418617248535,14.465618534523625,14.465618534523625,12.114515404900192,3.4039378874474115,2.8506944156165037
2011-08-19,2011-06-25,2011-07-20,23607000000.0,100322000000.0,26121340000.0,0.9037438355000165,0.9037438355000165,12.715356826782227,10.648726463317871,14.069647091697362,14.069647091697362,11.782903567387793,3.310760938714336,2.7726620732772833
2011-08-22,2011-06-25,2011-07-20,23607000000.0,100322000000.0,26121340000.0,0.9037438355000165,0.9037438355000165,12.729999542236328,10.660990715026855,14.085849376989854,14.085849376989854,11.796474062949956,3.3145735356412303,2.7758553777243233
2011-08-23,2011-06-25,2011-07-20,23607000000.0,100322000000.0,26121340000.0,0.9037438355000165,0.9037438355000165,13.342857360839844,11.174239158630371,14.763981602660238,14.763981602660238,12.364387694493068,3.47414638557844,2.9094924373905804
2011-08-24,2011-06-25,2011-07-20,23607000000.0,100322000000.0,26121340000.0,0.9037438355000165,0.9037438355000165,13.4350004196167,11.251407623291016,14.86593865637101,14.86593865637101,12.44977523643735,3.4981381338186086,2.9295851757996902
2011-08-25,2011-06-25,2011-07-20,23607000000.0,100322000000.0,26121340000.0,0.9037438355000165,0.9037438355000165,13.347143173217773,11.177826881408691,14.768723889367575,14.768723889367575,12.368357539306821,3.475262303944303,2.9104265906821647
2011-08-26,2011-06-25,2011-07-20,23607000000.0,100322000000.0,26121340000.0,0.9037438355000165,0.9037438355000165,13.699286460876465,11.47274112701416,15.15837333849921,15.15837333849921,12.694682581891815,3.5669516098358365,2.987214885176931
2011-08-29,2011-06-25,2011-07-20,23607000000.0,100322000000.0,26121340000.0,0.9037438355000165,0.9037438355000165,13.927499771118164,11.663862228393555,15.41089324654974,15.41089324654974,12.90615965523047,3.626372648783913,3.036978040519783
2011-08-30,2011-06-25,2011-07-20,23607000000.0,100322000000.0,26121340000.0,0.9037438355000165,0.9037438355000165,13.928214073181152,11.664456367492676,15.41168362766763,15.41168362766763,12.906817075038807,3.6265586351782235,3.0371327394832757
2011-08-31,2011-06-25,2011-07-20,23607000000.0,100322000000.0,26121340000.0,0.9037438355000165,0.9037438355000165,13.743928909301758,11.510122299194336,15.207770575494573,15.207770575494573,12.736045156895708,3.578575387010829,2.9969480076038852
2011-09-01,2011-06-25,2011-07-20,23607000000.0,100322000000.0,26121340000.0,0.9037438355000165,0.9037438355000165,13.608214378356934,11.396467208862305,15.057601328841026,15.057601328841026,12.610284863029749,3.543238717030662,2.96735506430836
2011-09-02,2011-06-25,2011-07-20,23607000000.0,100322000000.0,26121340000.0,0.9037438355000165,0.9037438355000165,13.358928680419922,11.187698364257812,14.781764650188508,14.781764650188508,12.379280416411326,3.4783309552939548,2.912996877955206
2011-09-06,2011-06-25,2011-07-20,23607000000.0,100322000000.0,26121340000.0,0.9037438355000165,0.9037438355000165,13.562143325805664,11.357885360717773,15.006623329609884,15.006623329609884,12.567593730178828,3.5312429670670493,2.9573093158861625
2011-09-07,2011-06-25,2011-07-20,23607000000.0,100322000000.0,26121340000.0,0.9037438355000165,0.9037438355000165,13.711786270141602,11.48320484161377,15.172204480438031,15.172204480438031,12.706260768307681,3.570206247579799,2.9899393747875784
2011-09-08,2011-06-25,2011-07-20,23607000000.0,100322000000.0,26121340000.0,0.9037438355000165,0.9037438355000165,13.71928596496582,11.489484786987305,15.180502954551628,15.180502954551628,12.71320957960448,3.572158980563588,2.991574515517264
2011-09-09,2011-06-25,2011-07-20,23607000000.0,100322000000.0,26121340000.0,0.9037438355000165,0.9037438355000165,13.481429100036621,11.29028606414795,14.917312373785343,14.917312373785343,12.492794551568196,3.5102270011358483,2.9397081495471618
2011-09-12,2011-06-25,2011-07-20,23607000000.0,100322000000.0,26121340000.0,0.9037438355000165,0.9037438355000165,13.569286346435547,11.363862991333008,15.014527140788779,15.014527140788779,12.574208027704772,3.5331028310101544,2.958865741412916
2011-09-13,2011-06-25,2011-07-20,23607000000.0,100322000000.0,26121340000.0,0.9037438355000165,0.9037438355000165,13.736429214477539,11.503844261169434,15.199472101380977,15.199472101380977,12.729098456095885,3.57662265402704,2.995313363500085
2011-09-14,2011-06-25,2011-07-20,23607000000.0,100322000000.0,26121340000.0,0.9037438355000165,0.9037438355000165,13.903571128845215,11.643819808959961,15.384416006724686,15.384416006724686,12.883982552996068,3.6201422287309826,3.031759495709597
2011-09-15,2011-06-25,2011-07-20,23607000000.0,100322000000.0,26121340000.0,0.9037438355000165,0.9037438355000165,14.034285545349121,11.753289222717285,15.529052585553005,15.529052585553005,13.005111361245984,3.654176993950976,3.0602625934982752
2011-09-16,2011-06-25,2011-07-20,23607000000.0,100322000000.0,26121340000.0,0.9037438355000165,0.9037438355000165,14.303570747375488,11.97880744934082,15.827018880257942,15.827018880257942,13.254649137068002,3.724292126415435,3.11898190006942
2011-09-19,2011-06-25,2011-07-20,23607000000.0,100322000000.0,26121340000.0,0.9037438355000165,0.9037438355000165,14.701070785522461,12.311702728271484,16.26685594750283,16.26685594750283,13.62300050595616,3.827791195876271,3.2056595058322905
2011-09-20,2011-06-25,2011-07-20,23607000000.0,100322000000.0,26121340000.0,0.9037438355000165,0.9037438355000165,14.766071319580078,12.366135597229004,16.33877957398229,16.33877957398229,13.683230923934506,3.844715709445584,3.2198324636801687
2011-09-21,2011-06-25,2011-07-20,23607000000.0,100322000000.0,26121340000.0,0.9037438355000165,0.9037438355000165,14.71928596496582,12.326952934265137,16.287011193633255,16.287011193633255,13.639874984535828,3.8325339730876604,3.209630278103878
2011-09-22,2011-06-25,2011-07-20,23607000000.0,100322000000.0,26121340000.0,0.9037438355000165,0.9037438355000165,14.350713729858398,12.01828670501709,15.879182978790164,15.879182978790164,13.298333258746606,3.7365669801269847,3.129261310970984
2011-09-23,2011-06-25,2011-07-20,23607000000.0,100322000000.0,26121340000.0,0.9037438355000165,0.9037438355000165,14.439286231994629,12.092466354370117,15.977189182159977,15.977189182159977,13.380413651927917,3.7596290447085448,3.1485758366167174
2011-09-26,2011-06-25,2011-07-20,23607000000.0,100322000000.0,26121340000.0,0.9037438355000165,0.9037438355000165,14.39892864227295,12.058666229248047,15.932533176623462,15.932533176623462,13.343013534998356,3.749120937586472,3.1397751292907454
2011-09-27,2011-06-25,2011-07-20,23607000000.0,100322000000.0,26121340000.0,0.9037438355000165,0.9037438355000165,14.259285926818848,11.941719055175781,15.778017361445768,15.778017361445768,13.21361052335008,3.7127614665940696,3.109325009715968
2011-09-28,2011-06-25,2011-07-20,23607000000.0,100322000000.0,26121340000.0,0.9037438355000165,0.9037438355000165,14.178929328918457,11.874420166015625,15.689102123804416,15.689102123804416,13.139143748013327,3.6918386180164955,3.091802061954014
2011-09-29,2011-06-25,2011-07-20,23607000000.0,100322000000.0,26121340000.0,0.9037438355000165,0.9037438355000165,13.948928833007812,11.681806564331055,15.434604680086426,15.434604680086426,12.926015210790162,3.6319522406132285,3.041650296855359
2011-09-30,2011-06-25,2011-07-20,23607000000.0,100322000000.0,26121340000.0,0.9037438355000165,0.9037438355000165,13.618571281433105,11.40514087677002,15.06906132742618,15.06906132742618,12.619882348032693,3.545935395591693,2.9696134705249877
2011-10-03,2011-06-25,2011-07-20,23607000000.0,100322000000.0,26121340000.0,0.9037438355000165,0.9037438355000165,13.378570556640625,11.204145431518555,14.803498548057737,14.803498548057737,12.397479231844066,3.483445208668079,2.9172792829702647
2011-10-04,2011-06-25,2011-07-20,23607000000.0,100322000000.0,26121340000.0,0.9037438355000165,0.9037438355000165,13.303570747375488,11.141338348388672,14.720510641176313,14.720510641176313,12.327982676888167,3.4639171338913624,2.9009258891698626
2011-10-05,2011-06-25,2011-07-20,23607000000.0,100322000000.0,26121340000.0,0.9037438355000165,0.9037438355000165,13.508929252624512,11.313314437866211,14.947741519199846,14.947741519199846,12.518275636820103,3.517387353160331,2.945704162181896
2011-10-06,2011-06-25,2011-07-20,23607000000.0,100322000000.0,26121340000.0,0.9037438355000165,0.9037438355000165,13.477499961853027,11.286994934082031,14.912964750012707,14.912964750012707,12.489152889034369,3.509203951810669,2.938851221580853
2011-10-07,2011-06-25,2011-07-20,23607000000.0,100322000000.0,26121340000.0,0.9037438355000165,0.9037438355000165,13.20714282989502,11.060585975646973,14.613812356006692,14.613812356006692,12.238629511124085,3.4388097155982735,2.8798999907209417
2011-10-10,2011-06-25,2011-07-20,23607000000.0,100322000000.0,26121340000.0,0.9037438355000165,0.9037438355000165,13.88607120513916,11.62916374206543,15.365052196960637,15.365052196960637,12.867765494224738,3.615585686226847,3.027943422401501
2011-10-11,2011-06-25,2011-07-20,23607000000.0,100322000000.0,26121340000.0,0.9037438355000165,0.9037438355000165,14.29607105255127,11.972524642944336,15.818720406144346,15.818720406144346,13.247697160025737,3.722339393431646,3.1173460144009053
2011-10-12,2011-06-25,2011-07-20,23607000000.0,100322000000.0,26121340000.0,0.9037438355000165,0.9037438355000165,14.36392879486084,12.029354095458984,15.893805557095364,15.893805557095364,13.310579417455696,3.7400078525782003,3.1321429826745537
2011-10-13,2011-06-25,2011-07-20,23607000000.0,100322000000.0,26121340000.0,0.9037438355000165,0.9037438355000165,14.586786270141602,12.215994834899902,16.140399189634458,16.140399189634458,13.517098933395358,3.7980343660383626,3.1807395638111697
2011-10-14,2011-06-25,2011-07-20,23607000000.0,100322000000.0,26121340000.0,0.9037438355000165,0.9037438355000165,15.071429252624512,12.621865272521973,16.67666064276489,16.67666064276489,13.966197916623845,3.9242232789791944,3.286418075972759
2011-10-17,2011-06-25,2011-07-20,23607000000.0,100322000000.0,26121340000.0,0.9037438355000165,0.9037438355000165,14.999643325805664,12.561747550964355,16.597228923289723,16.597228923289723,13.899677162405526,3.9055320188204035,3.2707649246716297
2011-10-18,2011-06-25,2011-07-20,23607000000.0,100322000000.0,26121340000.0,0.9037438355000165,0.9037438355000165,15.079999923706055,12.629044532775879,16.686144160931075,16.686144160931075,13.974141827245303,3.9264548673979776,3.2882873758076983
2011-10-19,2011-06-25,2011-07-20,23607000000.0,100322000000.0,26121340000.0,0.9037438355000165,0.9037438355000165,14.236429214477539,11.922576904296875,15.75272622092179,15.75272622092179,13.192429575688827,3.7068101502890762,3.104340872323978
2011-10-20,2011-06-25,2011-07-20,23607000000.0,100322000000.0,26121340000.0,0.9037438355000165,0.9037438355000165,14.118213653564453,11.823573112487793,15.621919728783805,15.621919728783805,13.082881064351755,3.6760297745001025,3.0785627607718333
2011-10-21,2011-06-25,2011-07-20,23607000000.0,100322000000.0,26121340000.0,0.9037438355000165,0.9037438355000165,14.031070709228516,11.750596046447754,15.525495342898258,15.525495342898258,13.002131339514447,3.653339931020107,3.05956135774723
2011-10-24,2011-06-25,2011-07-20,23607000000.0,100322000000.0,26121340000.0,0.9037438355000165,0.9037438355000165,14.491786003112793,12.136429786682129,16.035280611452126,16.035280611452126,13.429059551999465,3.7732986722209514,3.16002281497629
2011-10-25,2011-06-25,2011-07-20,23607000000.0,100322000000.0,26121340000.0,0.9037438355000165,0.9037438355000165,14.206070899963379,11.897151947021484,15.719134495787241,15.719134495787241,13.164296650985309,3.6989056043744086,3.0977208492634736
2011-10-26,2011-09-24,2011-10-26,25922000000.0,108249000000.0,26204871000.0,0.9892054038350351,0.9892054038350351,14.307143211364746,11.981799125671387,14.463268352455016,14.463268352455016,12.11254920284436,3.4634670272458767,2.9005487388902575
2011-10-27,2011-09-24,2011-10-26,25922000000.0,108249000000.0,26204871000.0,0.9892054038350351,0.9892054038350351,14.453213691711426,12.10412883758545,14.610932810999602,14.610932810999602,12.236213824408095,3.4988277058146653,2.930162262527198
2011-10-28,2011-09-24,2011-10-26,25922000000.0,108249000000.0,26204871000.0,0.9892054038350351,0.9892054038350351,14.462499618530273,12.111903190612793,14.620320069482872,14.620320069482872,12.244073014215594,3.501075638954032,2.9320442745383017
2011-10-31,2011-09-24,2011-10-26,25922000000.0,108249000000.0,26204871000.0,0.9892054038350351,0.9892054038350351,14.456428527832031,12.106819152832031,14.614182728669018,14.614182728669018,12.238933497426613,3.4996059519492864,2.9308135328759866
2011-11-01,2011-09-24,2011-10-26,25922000000.0,108249000000.0,26204871000.0,0.9892054038350351,0.9892054038350351,14.161070823669434,11.859464645385742,14.315601965748062,14.315601965748062,11.988879760874706,3.428105886946958,2.870934060927991
2011-11-02,2011-09-24,2011-10-26,25922000000.0,108249000000.0,26204871000.0,0.9892054038350351,0.9892054038350351,14.193214416503906,11.886383056640625,14.348096322036307,14.348096322036307,12.016091916358818,3.4358871939678437,2.8774504582569196
2011-11-03,2011-09-24,2011-10-26,25922000000.0,108249000000.0,26204871000.0,0.9892054038350351,0.9892054038350351,14.395357131958008,12.055676460266113,14.55244489784313,14.55244489784313,12.18723271580164,3.484821814907201,2.918432932027179
2011-11-04,2011-09-24,2011-10-26,25922000000.0,108249000000.0,26204871000.0,0.9892054038350351,0.9892054038350351,14.294285774230957,11.971031188964844,14.450270609939718,14.450270609939718,12.101663762202005,3.4603545044375226,2.897942041439647
2011-11-07,2011-09-24,2011-10-26,25922000000.0,108249000000.0,26204871000.0,0.9892054038350351,0.9892054038350351,14.276070594787598,11.95577621459961,14.431856659335788,14.431856659335788,12.08624231959151,3.455944981693154,2.894249123857505
2011-11-08,2011-09-24,2011-10-26,25922000000.0,108249000000.0,26204871000.0,0.9892054038350351,0.9892054038350351,14.508213996887207,12.150188446044922,14.666533301011638,14.666533301011638,12.28277605332527,3.512142155852005,2.9413123525787546
2011-11-09,2011-09-24,2011-10-26,25922000000.0,108249000000.0,26204871000.0,0.9892054038350351,0.9892054038350351,14.117142677307129,11.822681427001953,14.271194458275902,14.271194458275902,11.951695149628968,3.4174717803160113,2.8620295953651502
2011-11-10,2011-09-24,2011-10-26,25922000000.0,108249000000.0,26204871000.0,0.9892054038350351,0.9892054038350351,13.757857322692871,11.521788597106934,13.907988441384617,13.907988441384617,11.647518859519257,3.3304961374014734,2.7891895895246903
2011-11-11,2011-09-24,2011-10-26,25922000000.0,108249000000.0,26204871000.0,0.9892054038350351,0.9892054038350351,13.736429214477539,11.503844261169434,13.886326501273638,13.886326501273638,11.629378707971426,3.3253088302526144,2.784845632458825
2011-11-14,2011-09-24,2011-10-26,25922000000.0,108249000000.0,26204871000.0,0.9892054038350351,0.9892054038350351,13.545000076293945,11.343528747558594,13.692808413481714,13.692808413481714,11.46731376878962,3.2789677474551544,2.7460365224118886
2011-11-15,2011-09-24,2011-10-26,25922000000.0,108249000000.0,26204871000.0,0.9892054038350351,0.9892054038350351,13.886786460876465,11.629762649536133,14.03832450473784,14.03832450473784,11.756671167028491,3.3617072472892526,2.8153279013359254
2011-11-16,2011-09-24,2011-10-26,25922000000.0,108249000000.0,26204871000.0,0.9892054038350351,0.9892054038350351,13.741786003112793,11.50832748413086,13.891741745281088,13.891741745281088,11.633910853614834,3.3266055993235626,2.785930929130095
2011-11-17,2011-09-24,2011-10-26,25922000000.0,108249000000.0,26204871000.0,0.9892054038350351,0.9892054038350351,13.478928565979004,11.288192749023438,13.626015905010986,13.626015905010986,11.41137392220101,3.2629731848764862,2.732640807871616
2011-11-18,2011-09-24,2011-10-26,25922000000.0,108249000000.0,26204871000.0,0.9892054038350351,0.9892054038350351,13.390713691711426,11.21432113647461,13.53683839554169,13.53683839554169,11.336696193730829,3.241618166350097,2.7147579999250846
2011-11-21,2011-09-24,2011-10-26,25922000000.0,108249000000.0,26204871000.0,0.9892054038350351,0.9892054038350351,13.178929328918457,11.036956787109375,13.32274295897017,13.32274295897017,11.157396375232453,3.1903494996020725,2.6718217151084596
2011-11-22,2011-09-24,2011-10-26,25922000000.0,108249000000.0,26204871000.0,0.9892054038350351,0.9892054038350351,13.446785926818848,11.261274337768555,13.593522512803926,13.593522512803926,11.384161766716897,3.2551921087206654,2.7261244105426874
2011-11-23,2011-09-24,2011-10-26,25922000000.0,108249000000.0,26204871000.0,0.9892054038350351,0.9892054038350351,13.106785774230957,10.97653579711914,13.249812145604404,13.249812145604404,11.096316047773676,3.1728850191535938,2.6571950280408068
2011-11-25,2011-09-24,2011-10-26,25922000000.0,108249000000.0,26204871000.0,0.9892054038350351,0.9892054038350351,12.98464298248291,10.874244689941406,13.126336483952624,13.126336483952624,10.992908700036631,3.143316745069422,2.632432441152801
2011-11-28,2011-09-24,2011-10-26,25922000000.0,108249000000.0,26204871000.0,0.9892054038350351,0.9892054038350351,13.432856559753418,11.249608993530273,13.579441143038428,13.579441143038428,11.372369125680914,3.2518200935790826,2.7233004690657707
2011-11-29,2011-09-24,2011-10-26,25922000000.0,108249000000.0,26204871000.0,0.9892054038350351,0.9892054038350351,13.328571319580078,11.162275314331055,13.474017901546784,13.474017901546784,11.284082427225128,3.2265747678398484,2.7021587698595804
2011-11-30,2011-09-24,2011-10-26,25922000000.0,108249000000.0,26204871000.0,0.9892054038350351,0.9892054038350351,13.649999618530273,11.431461334228516,13.798953751779763,13.798953751779763,11.556205910228615,3.304385991128186,2.7673232048789935
2011-12-01,2011-09-24,2011-10-26,25922000000.0,108249000000.0,26204871000.0,0.9892054038350351,0.9892054038350351,13.854642868041992,11.6028413772583,14.005830148449597,14.005830148449597,11.72945611930083,3.3539259402683665,2.8088108114118016
2011-12-02,2011-09-24,2011-10-26,25922000000.0,108249000000.0,26204871000.0,0.9892054038350351,0.9892054038350351,13.91785717010498,11.65578842163086,14.069734269694703,14.069734269694703,11.782980942524894,3.3692288311118443,2.8216282089638725
2011-12-05,2011-09-24,2011-10-26,25922000000.0,108249000000.0,26204871000.0,0.9892054038350351,0.9892054038350351,14.036070823669434,11.754783630371094,14.18923791687066,14.18923791687066,11.88305642569193,3.3978459411275974,2.8455929261867197
2011-12-06,2011-09-24,2011-10-26,25922000000.0,108249000000.0,26204871000.0,0.9892054038350351,0.9892054038350351,13.962499618530273,11.693168640136719,14.114863873973267,14.114863873973267,11.820769068591472,3.380035855676588,2.8306771960574983
2011-12-07,2011-09-24,2011-10-26,25922000000.0,108249000000.0,26204871000.0,0.9892054038350351,0.9892054038350351,13.896071434020996,11.63753890991211,14.047710799139928,14.047710799139928,11.764532284998358,3.3639549495635546,2.8172103750771593
2011-12-08,2011-09-24,2011-10-26,25922000000.0,108249000000.0,26204871000.0,0.9892054038350351,0.9892054038350351,13.952142715454102,11.684496879577637,14.10439395232098,14.10439395232098,11.812002678390344,3.377528661069058,2.828577940020088
2011-12-09,2011-09-24,2011-10-26,25922000000.0,108249000000.0,26204871000.0,0.9892054038350351,0.9892054038350351,14.057856559753418,11.773026466369629,14.211261387425434,14.211261387425434,11.90149833465018,3.403119822675887,2.8500091440179767
2011-12-12,2011-09-24,2011-10-26,25922000000.0,108249000000.0,26204871000.0,0.9892054038350351,0.9892054038350351,13.994285583496094,11.719791412353516,14.146996699817718,14.146996699817718,11.847682358908715,3.387730588298043,2.8371220252162304
2011-12-13,2011-09-24,2011-10-26,25922000000.0,108249000000.0,26204871000.0,0.9892054038350351,0.9892054038350351,13.88607120513916,11.62916374206543,14.037601443850253,14.037601443850253,11.756065724045284,3.36153409849039,2.8151829180750108
2011-12-14,2011-09-24,2011-10-26,25922000000.0,108249000000.0,26204871000.0,0.9892054038350351,0.9892054038350351,13.578213691711426,11.371342658996582,13.726384468857793,13.726384468857793,11.495431196504994,3.2870080850791386,2.752769702036993
2011-12-15,2011-09-24,2011-10-26,25922000000.0,108249000000.0,26204871000.0,0.9892054038350351,0.9892054038350351,13.533571243286133,11.333955764770508,13.681254864579227,13.681254864579227,11.45763632187013,3.276201060514395,2.743719098887911
2011-12-16,2011-09-24,2011-10-26,25922000000.0,108249000000.0,26204871000.0,0.9892054038350351,0.9892054038350351,13.607856750488281,11.396170616149902,13.756351004283026,13.756351004283026,11.520530086034979,3.294184063899201,2.758780043143112
2011-12-19,2011-09-24,2011-10-26,25922000000.0,108249000000.0,26204871000.0,0.9892054038350351,0.9892054038350351,13.650357246398926,11.4317626953125,13.799315282223558,13.799315282223558,11.556510559882586,3.3044725655276177,2.7673961582395807
2011-12-20,2011-09-24,2011-10-26,25922000000.0,108249000000.0,26204871000.0,0.9892054038350351,0.9892054038350351,14.141071319580078,11.842720031738281,14.295384219249893,14.295384219249893,11.971952423455658,3.4232644156656944,2.866880532114085
2011-12-21,2011-09-24,2011-10-26,25922000000.0,108249000000.0,26204871000.0,0.9892054038350351,0.9892054038350351,14.158928871154785,11.85767650604248,14.313436639410028,14.313436639410028,11.987072108655733,3.4275873640106305,2.8705011889308345
2011-12-22,2011-09-24,2011-10-26,25922000000.0,108249000000.0,26204871000.0,0.9892054038350351,0.9892054038350351,14.233928680419922,11.92048454284668,14.389254875920233,14.389254875920233,12.050565531316689,3.445743285329234,2.8857057312565586
2011-12-23,2011-09-24,2011-10-26,25922000000.0,108249000000.0,26204871000.0,0.9892054038350351,0.9892054038350351,14.404643058776855,12.063447952270508,14.5618321563264,14.5618321563264,12.19508901336559,3.4870697480465678,2.920314251443088
2011-12-27,2011-09-24,2011-10-26,25922000000.0,108249000000.0,26204871000.0,0.9892054038350351,0.9892054038350351,14.518928527832031,12.159160614013672,14.67736475310772,14.67736475310772,12.291846129099184,3.5147359248589667,2.943484331111687
2011-12-28,2011-09-24,2011-10-26,25922000000.0,108249000000.0,26204871000.0,0.9892054038350351,0.9892054038350351,14.380000114440918,12.042813301086426,14.536920298546004,14.536920298546004,12.174229188799242,3.4811041947630876,2.915319024028434
2011-12-29,2011-09-24,2011-10-26,25922000000.0,108249000000.0,26204871000.0,0.9892054038350351,0.9892054038350351,14.468570709228516,12.116989135742188,14.626457410296727,14.626457410296727,12.249214459166943,3.502545325958778,2.933275477930748
2011-12-30,2011-09-24,2011-10-26,25922000000.0,108249000000.0,26204871000.0,0.9892054038350351,0.9892054038350351,14.464285850524902,12.11340045928955,14.622125793539478,14.622125793539478,12.245586621673615,3.5015080492210586,2.9324067326905876
2012-01-03,2011-09-24,2011-10-26,25922000000.0,108249000000.0,26204871000.0,0.9892054038350351,0.9892054038350351,14.686785697937012,12.2997407913208,14.847053646288263,14.847053646288263,12.43396037227064,3.5553707158411103,2.9775159195004064
2012-01-04,2011-09-24,2011-10-26,25922000000.0,108249000000.0,26204871000.0,0.9892054038350351,0.9892054038350351,14.765713691711426,12.365837097167969,14.926842933193106,14.926842933193106,12.500777946852137,3.5744775703630673,2.993516484570768
2012-01-05,2011-09-24,2011-10-26,25922000000.0,108249000000.0,26204871000.0,0.9892054038350351,0.9892054038350351,14.929642677307129,12.503125190734863,15.092560775979011,15.092560775979011,12.639564181778315,3.6141614281418573,3.026751126754589
2012-01-06,2011-09-24,2011-10-26,25922000000.0,108249000000.0,26204871000.0,0.9892054038350351,0.9892054038350351,15.085714340209961,12.633825302124023,15.250335553894459,15.250335553894459,12.771690543889209,3.6519431886488753,3.058390953068352
2012-01-09,2011-09-24,2011-10-26,25922000000.0,108249000000.0,26204871000.0,0.9892054038350351,0.9892054038350351,15.061785697937012,12.613789558410645,15.226145792920468,15.226145792920468,12.751436162306069,3.646150553299193,3.0535407089146127
2012-01-10,2011-09-24,2011-10-26,25922000000.0,108249000000.0,26204871000.0,0.9892054038350351,0.9892054038350351,15.115714073181152,12.658952713012695,15.280662655682303,15.280662655682303,12.797092154910798,3.659205511003304,3.0644737858049287
2012-01-11,2011-09-24,2011-10-26,25922000000.0,108249000000.0,26204871000.0,0.9892054038350351,0.9892054038350351,15.091071128845215,12.638315200805664,15.255750797901907,15.255750797901907,12.7762294381009,3.6532399577198245,3.0594778657950794
2012-01-12,2011-09-24,2011-10-26,25922000000.0,108249000000.0,26204871000.0,0.9892054038350351,0.9892054038350351,15.049642562866211,12.603618621826172,15.213870147211574,15.213870147211574,12.741154236484554,3.643210948424636,3.051078532994786
2012-01-13,2011-09-24,2011-10-26,25922000000.0,108249000000.0,26204871000.0,0.9892054038350351,0.9892054038350351,14.993213653564453,12.556363105773926,15.15682546358673,15.15682546358673,12.693383049763332,3.629550662519702,3.039638938151531
2012-01-17,2011-09-24,2011-10-26,25922000000.0,108249000000.0,26204871000.0,0.9892054038350351,0.9892054038350351,15.16785717010498,12.702622413635254,15.333374758468716,15.333374758468716,12.841238396382241,3.671828289305454,3.075045328003219
2012-01-18,2011-09-24,2011-10-26,25922000000.0,108249000000.0,26204871000.0,0.9892054038350351,0.9892054038350351,15.325357437133789,12.834516525268555,15.492593729996974,15.492593729996974,12.974571788134817,3.709955885680067,3.1069741973785505
2012-01-19,2011-09-24,2011-10-26,25922000000.0,108249000000.0,26204871000.0,0.9892054038350351,0.9892054038350351,15.276785850524902,12.793843269348145,15.443492111242588,15.443492111242588,12.93345468974178,3.6981976970469046,3.0971280332149616
2012-01-20,2011-09-24,2011-10-26,25922000000.0,108249000000.0,26204871000.0,0.9892054038350351,0.9892054038350351,15.010713577270508,12.571020126342773,15.174516353303071,15.174516353303071,12.708200013471803,3.633787036465207,3.0431871033378237
2012-01-23,2011-09-24,2011-10-26,25922000000.0,108249000000.0,26204871000.0,0.9892054038350351,0.9892054038350351,15.264642715454102,12.783677101135254,15.431216465533694,15.431216465533694,12.923177584326181,3.6952580921723475,3.094667011620461
2012-01-24,2011-09-24,2011-10-26,25922000000.0,108249000000.0,26204871000.0,0.9892054038350351,0.9892054038350351,15.014642715454102,12.574308395385742,15.178488367778892,15.178488367778892,12.711524165392346,3.6347382005336257,3.0439831260824612
2012-01-25,2011-12-31,2012-01-25,32982000000.0,127841000000.0,26263797000.0,1.255797095903536,1.255797095903536,15.952142715454102,13.35943603515625,12.702802680059282,12.702802680059282,10.638212238852361,3.2772259133901898,2.744577373939727
2012-01-26,2011-12-31,2012-01-25,32982000000.0,127841000000.0,26263797000.0,1.255797095903536,1.255797095903536,15.879643440246582,13.298713684082031,12.645071000758529,12.645071000758529,10.589858606508173,3.2623315817853262,2.732102506706398
2012-01-27,2011-12-31,2012-01-25,32982000000.0,127841000000.0,26263797000.0,1.255797095903536,1.255797095903536,15.974286079406738,13.37797737121582,12.720435595460081,12.720435595460081,10.652976834279483,3.2817750706695383,2.748386526608881
2012-01-30,2011-12-31,2012-01-25,32982000000.0,127841000000.0,26263797000.0,1.255797095903536,1.255797095903536,16.17892837524414,13.549363136291504,12.883393685190464,12.883393685190464,10.78945251624654,3.323817011169749,2.78359620849996
2012-01-31,2011-12-31,2012-01-25,32982000000.0,127841000000.0,26263797000.0,1.255797095903536,1.255797095903536,16.3028564453125,13.653143882751465,12.98207847310136,12.98207847310136,10.87209384962635,3.349276931499512,2.8049170402951815
2012-02-01,2011-12-31,2012-01-25,32982000000.0,127841000000.0,26263797000.0,1.255797095903536,1.255797095903536,16.292499542236328,13.644474983215332,12.973831198832327,12.973831198832327,10.865190744368014,3.347149197830804,2.8031360919481694
2012-02-02,2011-12-31,2012-01-25,32982000000.0,127841000000.0,26263797000.0,1.255797095903536,1.255797095903536,16.25428581237793,13.61247444152832,12.943401338799163,12.943401338799163,10.83970848947875,3.339298526734569,2.796561865129248
2012-02-03,2011-12-31,2012-01-25,32982000000.0,127841000000.0,26263797000.0,1.255797095903536,1.255797095903536,16.417142868041992,13.748858451843262,13.07308554988335,13.07308554988335,10.94831202962057,3.372756061093489,2.8245807476548657
2012-02-06,2011-12-31,2012-01-25,32982000000.0,127841000000.0,26263797000.0,1.255797095903536,1.255797095903536,16.570356369018555,13.87717056274414,13.19509053100359,13.19509053100359,11.050487859871684,3.4042324128688013,2.850941330201483
2012-02-07,2011-12-31,2012-01-25,32982000000.0,127841000000.0,26263797000.0,1.255797095903536,1.255797095903536,16.743928909301758,14.02253532409668,13.333307557344392,13.333307557344392,11.166242834800933,3.4398913482867997,2.8808052281928678
2012-02-08,2011-12-31,2012-01-25,32982000000.0,127841000000.0,26263797000.0,1.255797095903536,1.255797095903536,17.0242862701416,14.25732707977295,13.556558082253536,13.556558082253536,11.353209150013932,3.497488275818291,2.929041107201598
2012-02-09,2011-12-31,2012-01-25,32982000000.0,127841000000.0,26263797000.0,1.255797095903536,1.255797095903536,17.61321449279785,14.750530242919922,14.025525739988499,14.025525739988499,11.745950274161952,3.6184783438513524,3.0303653127119587
2012-02-10,2011-12-31,2012-01-25,32982000000.0,127841000000.0,26263797000.0,1.255797095903536,1.255797095903536,17.622142791748047,14.758015632629395,14.03263540681232,14.03263540681232,11.751910942277757,3.6203125835020376,3.031903119485963
2012-02-13,2011-12-31,2012-01-25,32982000000.0,127841000000.0,26263797000.0,1.255797095903536,1.255797095903536,17.950000762939453,15.032578468322754,14.293710999566033,14.293710999566033,11.970547246334355,3.687668089170821,3.0883096133368775
2012-02-14,2011-12-31,2012-01-25,32982000000.0,127841000000.0,26263797000.0,1.255797095903536,1.255797095903536,18.19499969482422,15.237756729125977,14.488805360497398,14.488805360497398,12.133932128711074,3.738000941794301,3.1304616630748243
2012-02-15,2011-12-31,2012-01-25,32982000000.0,127841000000.0,26263797000.0,1.255797095903536,1.255797095903536,17.773929595947266,14.885127067565918,14.153504299322387,14.153504299322387,11.853130665870976,3.6514958331071488,3.0580170338291826
2012-02-16,2011-12-31,2012-01-25,32982000000.0,127841000000.0,26263797000.0,1.255797095903536,1.255797095903536,17.936071395874023,15.020919799804688,14.282618947266448,14.282618947266448,11.961263367150291,3.684806424533147,3.085914443530252
2012-02-17,2011-12-31,2012-01-25,32982000000.0,127841000000.0,26263797000.0,1.255797095903536,1.255797095903536,17.932857513427734,15.01822566986084,14.280059710223478,14.280059710223478,11.959118012655814,3.6841461609545516,3.085360958482913
2012-02-21,2011-12-31,2012-01-25,32982000000.0,127841000000.0,26263797000.0,1.255797095903536,1.255797095903536,18.387500762939453,15.398980140686035,14.642095305778511,14.642095305778511,12.26231545758321,3.777548574989142,3.1635835797749507
2012-02-22,2011-12-31,2012-01-25,32982000000.0,127841000000.0,26263797000.0,1.255797095903536,1.255797095903536,18.322856903076172,15.344833374023438,14.59061894859139,14.59061894859139,12.219198009040586,3.7642680686355807,3.1524596079049494
2012-02-23,2011-12-31,2012-01-25,32982000000.0,127841000000.0,26263797000.0,1.255797095903536,1.255797095903536,18.4424991607666,15.445036888122559,14.685890914166647,14.685890914166647,12.298990767302243,3.7888475069112757,3.173045529111651
2012-02-24,2011-12-31,2012-01-25,32982000000.0,127841000000.0,26263797000.0,1.255797095903536,1.255797095903536,18.657499313354492,15.625091552734375,14.857097037583584,14.857097037583584,12.442369554527632,3.833017377004105,3.2100361593497424
2012-02-27,2011-12-31,2012-01-25,32982000000.0,127841000000.0,26263797000.0,1.255797095903536,1.255797095903536,18.777143478393555,15.725285530090332,14.952370521993881,14.952370521993881,12.522154718614088,3.857597207127621,3.230620121317339
2012-02-28,2011-12-31,2012-01-25,32982000000.0,127841000000.0,26263797000.0,1.255797095903536,1.255797095903536,19.12178611755371,16.013917922973633,15.226811863102563,15.226811863102563,12.751994709345738,3.9284009736223027,3.28991708062078
2012-02-29,2011-12-31,2012-01-25,32982000000.0,127841000000.0,26263797000.0,1.255797095903536,1.255797095903536,19.37285614013672,16.224180221557617,15.426740675967324,15.426740675967324,12.919428046522475,3.979981077860423,3.333113600725935
2012-03-01,2011-12-31,2012-01-25,32982000000.0,127841000000.0,26263797000.0,1.255797095903536,1.255797095903536,19.445356369018555,16.284896850585938,15.484473114685597,15.484473114685597,12.967777122361541,3.994875605389198,3.345587292415801
2012-03-02,2011-12-31,2012-01-25,32982000000.0,127841000000.0,26263797000.0,1.255797095903536,1.255797095903536,19.470714569091797,16.306137084960938,15.504666026546886,15.504666026546886,12.984690869370741,4.000085222171052,3.3499509097518465
2012-03-05,2011-12-31,2012-01-25,32982000000.0,127841000000.0,26263797000.0,1.255797095903536,1.255797095903536,19.04142951965332,15.946619033813477,15.162823342853141,15.162823342853141,12.698404133782464,3.911892424918315,3.2760911221002127
2012-03-06,2011-12-31,2012-01-25,32982000000.0,127841000000.0,26263797000.0,1.255797095903536,1.255797095903536,18.937856674194336,15.859886169433594,15.080347562492728,15.080347562492728,12.629338147993193,3.8906143045355965,3.258272626130205
2012-03-07,2011-12-31,2012-01-25,32982000000.0,127841000000.0,26263797000.0,1.255797095903536,1.255797095903536,18.953214645385742,15.872747421264648,15.092577222237527,15.092577222237527,12.63957965267019,3.8937694631912936,3.2609148559880494
2012-03-08,2011-12-31,2012-01-25,32982000000.0,127841000000.0,26263797000.0,1.255797095903536,1.255797095903536,19.356786727905273,16.210716247558594,15.41394449075248,15.41394449075248,12.90870658997273,3.9766797599674466,3.3303475469566153
2012-03-09,2011-12-31,2012-01-25,32982000000.0,127841000000.0,26263797000.0,1.255797095903536,1.255797095903536,19.47035789489746,16.30583953857422,15.504382004394342,15.504382004394342,12.984453931104449,4.000011946628502,3.349889781491751
2012-03-12,2011-12-31,2012-01-25,32982000000.0,127841000000.0,26263797000.0,1.255797095903536,1.255797095903536,19.71428680419922,16.510122299194336,15.69862429886808,15.69862429886808,13.147125720429727,4.050124972624331,3.3918578586776804
2012-03-13,2011-12-31,2012-01-25,32982000000.0,127841000000.0,26263797000.0,1.255797095903536,1.255797095903536,20.28928565979004,16.99165916442871,16.156499904303455,16.156499904303455,13.530576890053522,4.168253376019717,3.4907853269901308
2012-03-14,2011-12-31,2012-01-25,32982000000.0,127841000000.0,26263797000.0,1.255797095903536,1.255797095903536,21.056428909301758,17.634119033813477,16.767381432867406,16.767381432867406,14.0421721720306,4.325856137067395,3.62277299597088
2012-03-15,2011-12-31,2012-01-25,32982000000.0,127841000000.0,26263797000.0,1.255797095903536,1.255797095903536,20.912857055664062,17.513887405395508,16.65305416287607,16.65305416287607,13.946430886427878,4.296360576027868,3.5980724767184573
2012-03-16,2011-12-31,2012-01-25,32982000000.0,127841000000.0,26263797000.0,1.255797095903536,1.255797095903536,20.9132137298584,17.514183044433594,16.653338185028616,16.653338185028616,13.94666630585913,4.296433851570418,3.598133213130732
2012-03-19,2011-12-31,2012-01-25,32982000000.0,127841000000.0,26263797000.0,1.255797095903536,1.255797095903536,21.467857360839844,17.978683471679688,17.09500478291351,17.09500478291351,14.31655124090263,4.410380455018761,3.6935606967048957
2012-03-20,2011-12-31,2012-01-25,32982000000.0,127841000000.0,26263797000.0,1.255797095903536,1.255797095903536,21.641429901123047,18.124040603637695,17.233221809254314,17.233221809254314,14.432300140491717,4.44603939043676,3.723423027304995
2012-03-21,2011-12-31,2012-01-25,32982000000.0,127841000000.0,26263797000.0,1.255797095903536,1.255797095903536,21.51785659790039,18.020559310913086,17.13481952466092,17.13481952466092,14.349897264213242,4.420652353801726,3.7021637156176905
2012-03-22,2011-12-31,2012-01-25,32982000000.0,127841000000.0,26263797000.0,1.255797095903536,1.255797095903536,21.405000686645508,17.926036834716797,17.04495157415918,17.04495157415918,14.27462835611923,4.397467110073593,3.6827449131462093
2012-03-23,2011-12-31,2012-01-25,32982000000.0,127841000000.0,26263797000.0,1.255797095903536,1.255797095903536,21.287500381469727,17.82763671875,16.951385260334224,16.951385260334224,14.196271656388214,4.373327716901022,3.6625294840543807
2012-03-26,2011-12-31,2012-01-25,32982000000.0,127841000000.0,26263797000.0,1.255797095903536,1.255797095903536,21.6778564453125,18.154544830322266,17.26222852085468,17.26222852085468,14.456590869291837,4.453522900124601,3.729689849508244
2012-03-27,2011-12-31,2012-01-25,32982000000.0,127841000000.0,26263797000.0,1.255797095903536,1.255797095903536,21.945714950561523,18.378873825073242,17.475526119744494,17.475526119744494,14.635225614891064,4.508552048884261,3.775776247294195
2012-03-28,2011-12-31,2012-01-25,32982000000.0,127841000000.0,26263797000.0,1.255797095903536,1.255797095903536,22.057857513427734,18.47278594970703,17.56482602594114,17.56482602594114,14.710008495772168,4.531590741527294,3.7950696584629164
2012-03-29,2011-12-31,2012-01-25,32982000000.0,127841000000.0,26263797000.0,1.255797095903536,1.255797095903536,21.78071403503418,18.240692138671875,17.344134738074967,17.344134738074967,14.525190572723726,4.474654077574398,3.7473880481971666
2012-03-30,2011-12-31,2012-01-25,32982000000.0,127841000000.0,26263797000.0,1.255797095903536,1.255797095903536,21.412500381469727,17.932321548461914,17.050923633537792,17.050923633537792,14.279632917577143,4.399007855706256,3.684036051716815
2012-04-02,2011-12-31,2012-01-25,32982000000.0,127841000000.0,26263797000.0,1.255797095903536,1.255797095903536,22.093929290771484,18.50299072265625,17.593550234224008,17.593550234224008,14.734060767470954,4.539001367520406,3.8012749605582483
2012-04-03,2011-12-31,2012-01-25,32982000000.0,127841000000.0,26263797000.0,1.255797095903536,1.255797095903536,22.4757137298584,18.82273292541504,17.897567850073184,17.897567850073184,14.98867371712803,4.6174355866358505,3.866963153748146
2012-04-04,2011-12-31,2012-01-25,32982000000.0,127841000000.0,26263797000.0,1.255797095903536,1.255797095903536,22.296785354614258,18.672874450683594,17.755085934939114,17.755085934939114,14.869340366843744,4.580676342536134,3.8361760622901917
2012-04-05,2011-12-31,2012-01-25,32982000000.0,127841000000.0,26263797000.0,1.255797095903536,1.255797095903536,22.63142967224121,18.95313835144043,18.021565542766346,18.021565542766346,15.092516468835912,4.649426042752479,3.893753789278448
2012-04-09,2011-12-31,2012-01-25,32982000000.0,127841000000.0,26263797000.0,1.255797095903536,1.255797095903536,22.72249984741211,19.029403686523438,18.094085359437347,18.094085359437347,15.153247087923813,4.668135600667725,3.9094218244061234
2012-04-10,2011-12-31,2012-01-25,32982000000.0,127841000000.0,26263797000.0,1.255797095903536,1.255797095903536,22.444286346435547,18.796409606933594,17.87254200511354,17.87254200511354,14.96771227473633,4.610979110087178,3.8615552619688027
2012-04-11,2011-12-31,2012-01-25,32982000000.0,127841000000.0,26263797000.0,1.255797095903536,1.255797095903536,22.364286422729492,18.729412078857422,17.808837507016662,17.808837507016662,14.914361675109433,4.59454383692574,3.8477912154039733
2012-04-12,2011-12-31,2012-01-25,32982000000.0,127841000000.0,26263797000.0,1.255797095903536,1.255797095903536,22.241785049438477,18.626821517944336,17.71128880771594,17.71128880771594,14.832668094794792,4.56937701876618,3.826714896649134
2012-04-13,2011-12-31,2012-01-25,32982000000.0,127841000000.0,26263797000.0,1.255797095903536,1.255797095903536,21.6153564453125,18.10220718383789,17.212459334252898,17.212459334252898,14.414914035784975,4.440682830721983,3.7189375452965794
2012-04-16,2011-12-31,2012-01-25,32982000000.0,127841000000.0,26263797000.0,1.255797095903536,1.255797095903536,20.718929290771484,17.351470947265625,16.498628128984784,16.498628128984784,13.81709752623801,4.2565198406628255,3.5647054592062175
2012-04-17,2011-12-31,2012-01-25,32982000000.0,127841000000.0,26263797000.0,1.255797095903536,1.255797095903536,21.774999618530273,18.235904693603516,17.339584308294114,17.339584308294114,14.521378296772479,4.473480101502307,3.746404510166143
2012-04-18,2011-12-31,2012-01-25,32982000000.0,127841000000.0,26263797000.0,1.255797095903536,1.255797095903536,21.726428985595703,18.19521713256836,17.300907173991916,17.300907173991916,14.488978507691996,4.463501696737365,3.7380456124459096
2012-04-19,2011-12-31,2012-01-25,32982000000.0,127841000000.0,26263797000.0,1.255797095903536,1.255797095903536,20.979999542236328,17.570112228393555,16.706520193966035,16.706520193966035,13.991203105746951,4.310154403027102,3.6096233667895743
2012-04-20,2011-12-31,2012-01-25,32982000000.0,127841000000.0,26263797000.0,1.255797095903536,1.255797095903536,20.463571548461914,17.137617111206055,16.295284974949347,16.295284974949347,13.646804222680316,4.204058862522817,3.5207710896538846
2012-04-23,2011-12-31,2012-01-25,32982000000.0,127841000000.0,26263797000.0,1.255797095903536,1.255797095903536,20.417856216430664,17.09932518005371,16.258881536702535,16.258881536702535,13.6163120904105,4.194667053946097,3.512904352796983
2012-04-24,2011-12-31,2012-01-25,32982000000.0,127841000000.0,26263797000.0,1.255797095903536,1.255797095903536,20.010000228881836,16.757770538330078,15.934102964686982,15.934102964686982,13.344329743232123,4.110876666963698,3.4427349879247022
2012-04-25,2012-03-31,2012-04-25,38617000000.0,142360000000.0,26326440000.0,1.4668523355227672,1.4668523355227672,21.78571319580078,18.244876861572266,14.852015208495159,14.852015208495159,12.438114198502488,4.02880213055955,3.3740001124162022
2012-04-26,2012-03-31,2012-04-25,38617000000.0,142360000000.0,26326440000.0,1.4668523355227672,1.4668523355227672,21.703571319580078,18.17608642578125,14.796016472813678,14.796016472813678,12.391217565402401,4.013611745789869,3.361278791255581
2012-04-27,2012-03-31,2012-04-25,38617000000.0,142360000000.0,26326440000.0,1.4668523355227672,1.4668523355227672,21.53571319580078,18.035512924194336,14.681582238559638,14.681582238559638,12.295384127923628,3.9825699726500248,3.3352827259625366
2012-04-30,2012-03-31,2012-04-25,38617000000.0,142360000000.0,26326440000.0,1.4668523355227672,1.4668523355227672,20.856428146362305,17.46662712097168,14.218491964925253,14.218491964925253,11.907556539934061,3.8569507179651477,3.230079452814229
2012-05-01,2012-03-31,2012-04-25,38617000000.0,142360000000.0,26326440000.0,1.4668523355227672,1.4668523355227672,20.79035758972168,17.411291122436523,14.173449560151033,14.173449560151033,11.869832225635285,3.844732380334029,3.219846242324795
2012-05-02,2012-03-31,2012-04-25,38617000000.0,142360000000.0,26326440000.0,1.4668523355227672,1.4668523355227672,20.9278564453125,17.52644920349121,14.267186913435348,14.267186913435348,11.948339160700188,3.8701598555502446,3.241142268676308
2012-05-03,2012-03-31,2012-04-25,38617000000.0,142360000000.0,26326440000.0,1.4668523355227672,1.4668523355227672,20.779285430908203,17.40201759338379,14.165901316510318,14.165901316510318,11.863510165242321,3.8426848211553732,3.2181313012866166
2012-05-04,2012-03-31,2012-04-25,38617000000.0,142360000000.0,26326440000.0,1.4668523355227672,1.4668523355227672,20.1875,16.906415939331055,13.762462322293292,13.762462322293292,11.525642718021667,3.7332467511941556,3.126480365565065
2012-05-07,2012-03-31,2012-04-25,38617000000.0,142360000000.0,26326440000.0,1.4668523355227672,1.4668523355227672,20.338571548461914,17.032936096191406,13.865452613001779,13.865452613001779,11.611895542383337,3.7611842059306664,3.1498775650478876
2012-05-08,2012-03-31,2012-04-25,38617000000.0,142360000000.0,26326440000.0,1.4668523355227672,1.4668523355227672,20.292142868041992,16.994054794311523,13.833800701425162,13.833800701425162,11.585388919365945,3.7525982135918476,3.142687299094933
2012-05-09,2012-03-31,2012-04-25,38617000000.0,142360000000.0,26326440000.0,1.4668523355227672,1.4668523355227672,20.327856063842773,17.023963928222656,13.858147525530025,13.858147525530025,11.605778929448638,3.7592026060227095,3.1482183543025997
2012-05-10,2012-03-31,2012-04-25,38617000000.0,142360000000.0,26326440000.0,1.4668523355227672,1.4668523355227672,20.375713348388672,17.064044952392578,13.890773362082852,13.890773362082852,11.633103441397987,3.7680527881676977,3.155630483256997
2012-05-11,2012-03-31,2012-04-25,38617000000.0,142360000000.0,26326440000.0,1.4668523355227672,1.4668523355227672,20.239643096923828,16.95008659362793,13.798009933774747,13.798009933774747,11.555414395265041,3.742889502757652,3.1345563199069266
2012-05-14,2012-03-31,2012-04-25,38617000000.0,142360000000.0,26326440000.0,1.4668523355227672,1.4668523355227672,19.93642807006836,16.69615364074707,13.591298583550522,13.591298583550522,11.382300205969115,3.6868163627491604,3.087596846402847
2012-05-15,2012-03-31,2012-04-25,38617000000.0,142360000000.0,26326440000.0,1.4668523355227672,1.4668523355227672,19.756071090698242,16.54510498046875,13.468343480979927,13.468343480979927,11.279325518865052,3.6534631933478634,3.059663624346809
2012-05-16,2012-03-31,2012-04-25,38617000000.0,142360000000.0,26326440000.0,1.4668523355227672,1.4668523355227672,19.502857208251953,16.33304786682129,13.295719504923028,13.295719504923028,11.13475942416549,3.6066366965553005,3.020448192490859
2012-05-17,2012-03-31,2012-04-25,38617000000.0,142360000000.0,26326440000.0,1.4668523355227672,1.4668523355227672,18.932857513427734,15.855690002441406,12.9071325415181,12.9071325415181,10.809329349972124,3.5012274329573225,2.932171055829401
2012-05-18,2012-03-31,2012-04-25,38617000000.0,142360000000.0,26326440000.0,1.4668523355227672,1.4668523355227672,18.942142486572266,15.8634672164917,12.913462403713275,12.913462403713275,10.814631324725788,3.502944490335737,2.9336092853816784
2012-05-21,2012-03-31,2012-04-25,38617000000.0,142360000000.0,26326440000.0,1.4668523355227672,1.4668523355227672,20.045713424682617,16.787677764892578,13.66580189377998,13.66580189377998,11.44469511916458,3.7070263538360595,3.1045222774429515
2012-05-22,2012-03-31,2012-04-25,38617000000.0,142360000000.0,26326440000.0,1.4668523355227672,1.4668523355227672,19.891786575317383,16.658769607543945,13.560865053419441,13.560865053419441,11.356814318741208,3.678560872210583,3.08068346829748
2012-05-23,2012-03-31,2012-04-25,38617000000.0,142360000000.0,26326440000.0,1.4668523355227672,1.4668523355227672,20.37714385986328,17.06523895263672,13.89174858735943,13.89174858735943,11.633917429428838,3.76831733069724,3.1558512880883214
2012-05-24,2012-03-31,2012-04-25,38617000000.0,142360000000.0,26326440000.0,1.4668523355227672,1.4668523355227672,20.190000534057617,16.90851402282715,13.76416701607675,13.76416701607675,11.527073048427313,3.733709171535795,3.12686836127506
2012-05-25,2012-03-31,2012-04-25,38617000000.0,142360000000.0,26326440000.0,1.4668523355227672,1.4668523355227672,20.081785202026367,16.817882537841797,13.690393174354172,13.690393174354172,11.465286675804434,3.7136970582609936,3.11010800477339
2012-05-29,2012-03-31,2012-04-25,38617000000.0,142360000000.0,26326440000.0,1.4668523355227672,1.4668523355227672,20.438213348388672,17.116384506225586,13.933381604566732,13.933381604566732,11.668784983817426,3.779610827645079,3.1653095653278838
2012-05-30,2012-03-31,2012-04-25,38617000000.0,142360000000.0,26326440000.0,1.4668523355227672,1.4668523355227672,20.684642791748047,17.3227596282959,14.101380412211913,14.101380412211913,11.809477483718421,3.825182687400867,3.2034742342564924
2012-05-31,2012-03-31,2012-04-25,38617000000.0,142360000000.0,26326440000.0,1.4668523355227672,1.4668523355227672,20.633214950561523,17.279691696166992,14.066320413368748,14.066320413368748,11.780116701391577,3.815672207102142,3.195509740500411
2012-06-01,2012-03-31,2012-04-25,38617000000.0,142360000000.0,26326440000.0,1.4668523355227672,1.4668523355227672,20.035356521606445,16.779003143310547,13.658741262777554,13.658741262777554,11.43878135308741,3.705111065922175,3.102918091543808
2012-06-04,2012-03-31,2012-04-25,38617000000.0,142360000000.0,26326440000.0,1.4668523355227672,1.4668523355227672,20.153213500976562,16.877708435058594,13.739088122864269,13.739088122864269,11.506071897171298,3.7269061958460905,3.1211715260822137
2012-06-05,2012-03-31,2012-04-25,38617000000.0,142360000000.0,26326440000.0,1.4668523355227672,1.4668523355227672,20.101070404052734,16.83403968811035,13.703540511382814,13.703540511382814,11.47630152022829,3.717263444282594,3.113095924463725
2012-06-06,2012-03-31,2012-04-25,38617000000.0,142360000000.0,26326440000.0,1.4668523355227672,1.4668523355227672,20.409286499023438,17.0921630859375,13.913661249173956,13.913661249173956,11.652272469434406,3.7742614249743647,3.1608303312176766
2012-06-07,2012-03-31,2012-04-25,38617000000.0,142360000000.0,26326440000.0,1.4668523355227672,1.4668523355227672,20.41857147216797,17.099937438964844,13.91999111136913,13.91999111136913,11.657572493737515,3.7759784823527798,3.162268031684895
2012-06-08,2012-03-31,2012-04-25,38617000000.0,142360000000.0,26326440000.0,1.4668523355227672,1.4668523355227672,20.7257137298584,17.357152938842773,14.129379780052654,14.129379780052654,11.832924499968096,3.8327778797857075,3.2098345421134304
2012-06-11,2012-03-31,2012-04-25,38617000000.0,142360000000.0,26326440000.0,1.4668523355227672,1.4668523355227672,20.398929595947266,17.083484649658203,13.90660061817153,13.90660061817153,11.6463561027565,3.77234613706048,3.1592254398717876
2012-06-12,2012-03-31,2012-04-25,38617000000.0,142360000000.0,26326440000.0,1.4668523355227672,1.4668523355227672,20.5771427154541,17.232725143432617,14.028094183127624,14.028094183127624,11.748098105110968,3.8053028453908366,3.1868242801704847
2012-06-13,2012-03-31,2012-04-25,38617000000.0,142360000000.0,26326440000.0,1.4668523355227672,1.4668523355227672,20.43428611755371,17.11309051513672,13.930704286107433,13.930704286107433,11.666539365080558,3.778884570220643,3.1647004120631914
2012-06-14,2012-03-31,2012-04-25,38617000000.0,142360000000.0,26326440000.0,1.4668523355227672,1.4668523355227672,20.411785125732422,17.09424591064453,13.915364642657044,13.915364642657044,11.653692397437103,3.774723492592632,3.16121550514069
2012-06-15,2012-03-31,2012-04-25,38617000000.0,142360000000.0,26326440000.0,1.4668523355227672,1.4668523355227672,20.504642486572266,17.172006607055664,13.97866846581028,13.97866846581028,11.706704343171518,3.7918954772702693,3.1755956843232265
2012-06-18,2012-03-31,2012-04-25,38617000000.0,142360000000.0,26326440000.0,1.4668523355227672,1.4668523355227672,20.920713424682617,17.520462036132812,14.262317288554302,14.262317288554302,11.944257517842617,3.8688389065193975,3.2400350700093306
2012-06-19,2012-03-31,2012-04-25,38617000000.0,142360000000.0,26326440000.0,1.4668523355227672,1.4668523355227672,20.97892951965332,17.569217681884766,14.302005056409923,14.302005056409923,11.977495795869135,3.8796047293016436,3.2490513848628715
2012-06-20,2012-03-31,2012-04-25,38617000000.0,142360000000.0,26326440000.0,1.4668523355227672,1.4668523355227672,20.919286727905273,17.519269943237305,14.261344663878461,14.261344663878461,11.943444830112135,3.868575069436601,3.239814617901379
2012-06-21,2012-03-31,2012-04-25,38617000000.0,142360000000.0,26326440000.0,1.4668523355227672,1.4668523355227672,20.631071090698242,17.277894973754883,14.064858875754249,14.064858875754249,11.778891818444196,3.8152757460312015,3.195177475083306
2012-06-22,2012-03-31,2012-04-25,38617000000.0,142360000000.0,26326440000.0,1.4668523355227672,1.4668523355227672,20.78928565979004,17.410396575927734,14.172718791343783,14.172718791343783,11.869222384762331,3.8445341497985592,3.2196808150629876
2012-06-25,2012-03-31,2012-04-25,38617000000.0,142360000000.0,26326440000.0,1.4668523355227672,1.4668523355227672,20.3846435546875,17.071516036987305,13.896861368409436,13.896861368409436,11.638196717942462,3.769704238998786,3.157012100707952
2012-06-26,2012-03-31,2012-04-25,38617000000.0,142360000000.0,26326440000.0,1.4668523355227672,1.4668523355227672,20.429643630981445,17.109210968017578,13.927539355009845,13.927539355009845,11.66389455413048,3.7780260415314357,3.163982972723073
2012-06-27,2012-03-31,2012-04-25,38617000000.0,142360000000.0,26326440000.0,1.4668523355227672,1.4668523355227672,20.51785659790039,17.18308448791504,13.987676946765124,13.987676946765124,11.714256487713339,3.794339144796493,3.1776443016720006
2012-06-28,2012-03-31,2012-04-25,38617000000.0,142360000000.0,26326440000.0,1.4668523355227672,1.4668523355227672,20.323213577270508,17.020076751708984,13.854982594432437,13.854982594432437,11.603128917297084,3.7583440773335024,3.1474995040689904
2012-06-29,2012-03-31,2012-04-25,38617000000.0,142360000000.0,26326440000.0,1.4668523355227672,1.4668523355227672,20.85714340209961,17.467226028442383,14.218979577563541,14.218979577563541,11.907964834249857,3.857082989229919,3.2301902079532643
2012-07-02,2012-03-31,2012-04-25,38617000000.0,142360000000.0,26326440000.0,1.4668523355227672,1.4668523355227672,21.161428451538086,17.722057342529297,14.426420396294645,14.426420396294645,12.081691465019473,3.913354007050508,3.2773158141658962
2012-07-03,2012-03-31,2012-04-25,38617000000.0,142360000000.0,26326440000.0,1.4668523355227672,1.4668523355227672,21.407499313354492,17.928142547607422,14.594174747470499,14.594174747470499,12.222186319264416,3.958859554812224,3.3154268691418514
2012-07-05,2012-03-31,2012-04-25,38617000000.0,142360000000.0,26326440000.0,1.4668523355227672,1.4668523355227672,21.783571243286133,18.243080139160156,14.85055497118103,14.85055497118103,12.436889315555106,4.028406022211982,3.3736678469990973
2012-07-06,2012-03-31,2012-04-25,38617000000.0,142360000000.0,26326440000.0,1.4668523355227672,1.4668523355227672,21.63857078552246,18.121639251708984,14.751703536546339,14.751703536546339,12.354099191075472,4.001591285970848,3.3512099498578354
2012-07-09,2012-03-31,2012-04-25,38617000000.0,142360000000.0,26326440000.0,1.4668523355227672,1.4668523355227672,21.92464256286621,18.36122703552246,14.946727787056052,14.946727787056052,12.517433821297873,4.054494148305307,3.395516590875667
2012-07-10,2012-03-31,2012-04-25,38617000000.0,142360000000.0,26326440000.0,1.4668523355227672,1.4668523355227672,21.721786499023438,18.19133949279785,14.808434341335438,14.808434341335438,12.401616067451462,4.016980253999372,3.3640995200672457
2012-07-11,2012-03-31,2012-04-25,38617000000.0,142360000000.0,26326440000.0,1.4668523355227672,1.4668523355227672,21.5867862701416,18.078269958496094,14.716400381534212,14.716400381534212,12.324532961290362,3.992014846401424,3.3431897258088643
2012-07-12,2012-03-31,2012-04-25,38617000000.0,142360000000.0,26326440000.0,1.4668523355227672,1.4668523355227672,21.389286041259766,17.912879943847656,14.581758179249107,14.581758179249107,12.211781315713512,3.955491399326094,3.312604376713323
2012-07-13,2012-03-31,2012-04-25,38617000000.0,142360000000.0,26326440000.0,1.4668523355227672,1.4668523355227672,21.60607147216797,18.094430923461914,14.729547718562854,14.729547718562854,12.335550406314956,3.995581232423024,3.3461783509459444
2012-07-16,2012-03-31,2012-04-25,38617000000.0,142360000000.0,26326440000.0,1.4668523355227672,1.4668523355227672,21.675357818603516,18.152454376220703,14.77678242975882,14.77678242975882,12.375106843833333,4.008394261660553,3.3569085486675454
2012-07-17,2012-03-31,2012-04-25,38617000000.0,142360000000.0,26326440000.0,1.4668523355227672,1.4668523355227672,21.676429748535156,18.153356552124023,14.77751319856607,14.77751319856607,12.37572188590776,4.008592492196024,3.357075386822843
2012-07-18,2012-03-31,2012-04-25,38617000000.0,142360000000.0,26326440000.0,1.4668523355227672,1.4668523355227672,21.652143478393555,18.13300895690918,14.760956473970511,14.760956473970511,12.361850281573714,4.004101265491144,3.353312533882636
2012-07-19,2012-03-31,2012-04-25,38617000000.0,142360000000.0,26326440000.0,1.4668523355227672,1.4668523355227672,21.940000534057617,18.374088287353516,14.957197805625395,14.957197805625395,12.526201746684494,4.057334276902472,3.397895004577937
2012-07-20,2012-03-31,2012-04-25,38617000000.0,142360000000.0,26326440000.0,1.4668523355227672,1.4668523355227672,21.582143783569336,18.07438850402832,14.713235450436624,14.713235450436624,12.321886850039913,3.9911563177122162,3.342471933745373
2012-07-23,2012-03-31,2012-04-25,38617000000.0,142360000000.0,26326440000.0,1.4668523355227672,1.4668523355227672,21.565357208251953,18.060331344604492,14.701791506891073,14.701791506891073,12.312303636322074,3.9880519993088828,3.339872362488406
2012-07-24,2012-03-31,2012-04-25,38617000000.0,142360000000.0,26326440000.0,1.4668523355227672,1.4668523355227672,21.461429595947266,17.97330093383789,14.630940740397492,14.630940740397492,12.252972230795432,3.968832808175962,3.3237779477144365
2012-07-25,2012-06-30,2012-07-25,40133000000.0,148812000000.0,26391183000.0,1.5206972722670296,1.5206972722670296,20.534643173217773,17.197145462036133,13.503439210228265,13.503439210228265,11.308723817462315,3.6417326951058446,3.049841497770443
2012-07-26,2012-06-30,2012-07-25,40133000000.0,148812000000.0,26391183000.0,1.5206972722670296,1.5206972722670296,20.531429290771484,17.1944522857666,13.501325783378029,13.501325783378029,11.306952803389596,3.641162726556396,3.0493638742738134
2012-07-27,2012-06-30,2012-07-25,40133000000.0,148812000000.0,26391183000.0,1.5206972722670296,1.5206972722670296,20.898571014404297,17.501924514770508,13.742755639489681,13.742755639489681,11.509144412864591,3.7062737687796643,3.103892782312547
2012-07-30,2012-06-30,2012-07-25,40133000000.0,148812000000.0,26391183000.0,1.5206972722670296,1.5206972722670296,21.25107192993164,17.797128677368164,13.974557801534624,13.974557801534624,11.703268626790202,3.7687883251954757,3.156246000315641
2012-07-31,2012-06-30,2012-07-25,40133000000.0,148812000000.0,26391183000.0,1.5206972722670296,1.5206972722670296,21.812856674194336,18.267606735229492,14.343983560696536,14.343983560696536,12.012651740998033,3.8684184893787736,3.239683307270073
2012-08-01,2012-06-30,2012-07-25,40133000000.0,148812000000.0,26391183000.0,1.5206972722670296,1.5206972722670296,21.671785354614258,18.14946174621582,14.25121603743415,14.25121603743415,11.934960414020413,3.8434000835305264,3.2187307898279793
2012-08-02,2012-06-30,2012-07-25,40133000000.0,148812000000.0,26391183000.0,1.5206972722670296,1.5206972722670296,21.706785202026367,18.17877197265625,14.274231694823955,14.274231694823955,11.95423461604271,3.849607159425113,3.2239288353468947
2012-08-03,2012-06-30,2012-07-25,40133000000.0,148812000000.0,26391183000.0,1.5206972722670296,1.5206972722670296,21.989286422729492,18.41535758972168,14.460002542089287,14.460002542089287,12.109811680182986,3.8997075640517527,3.2658863005724252
2012-08-06,2012-06-30,2012-07-25,40133000000.0,148812000000.0,26391183000.0,1.5206972722670296,1.5206972722670296,22.233928680419922,18.6202392578125,14.620877597336621,14.620877597336621,12.244540446931797,3.943093840643971,3.3022212036442884
2012-08-07,2012-06-30,2012-07-25,40133000000.0,148812000000.0,26391183000.0,1.5206972722670296,1.5206972722670296,22.175357818603516,18.571191787719727,14.582361804032745,14.582361804032745,12.212287170104613,3.932706544373076,3.2935228408852004
2012-08-08,2012-06-30,2012-07-25,40133000000.0,148812000000.0,26391183000.0,1.5206972722670296,1.5206972722670296,22.13785743713379,18.53977394104004,14.557701812755308,14.557701812755308,12.191627011601895,3.9260560092688013,3.2879510177715434
2012-08-09,2012-06-30,2012-07-25,40133000000.0,148812000000.0,26391183000.0,1.5206972722670296,1.5206972722670296,22.168928146362305,18.645523071289062,14.578133696073015,14.578133696073015,12.261166907659822,3.931566269013913,3.3067051817401265
2012-08-10,2012-06-30,2012-07-25,40133000000.0,148812000000.0,26391183000.0,1.5206972722670296,1.5206972722670296,22.203571319580078,18.67465591430664,14.60091480698152,14.60091480698152,12.280324463571098,3.937710090238619,3.3118717690542354
2012-08-13,2012-06-30,2012-07-25,40133000000.0,148812000000.0,26391183000.0,1.5206972722670296,1.5206972722670296,22.5,18.923973083496094,14.795844255350957,14.795844255350957,12.444273708260525,3.990280471332957,3.3560871215602215
2012-08-14,2012-06-30,2012-07-25,40133000000.0,148812000000.0,26391183000.0,1.5206972722670296,1.5206972722670296,22.56035614013672,18.974735260009766,14.835534035320602,14.835534035320602,12.477654564160922,4.000984379213516,3.3650895802991045
2012-08-15,2012-06-30,2012-07-25,40133000000.0,148812000000.0,26391183000.0,1.5206972722670296,1.5206972722670296,22.52964210510254,18.94890022277832,14.815336698484199,14.815336698484199,12.460665622507248,3.9955373741382845,3.3605078449861803
2012-08-16,2012-06-30,2012-07-25,40133000000.0,148812000000.0,26391183000.0,1.5206972722670296,1.5206972722670296,22.726428985595703,19.114412307739258,14.944742388940785,14.944742388940785,12.569505223905491,4.030436700638124,3.3898607178923683
2012-08-17,2012-06-30,2012-07-25,40133000000.0,148812000000.0,26391183000.0,1.5206972722670296,1.5206972722670296,23.146785736083984,19.467958450317383,15.221166078359008,15.221166078359008,12.80199472002398,4.104985204303296,3.4525606409343497
2012-08-20,2012-06-30,2012-07-25,40133000000.0,148812000000.0,26391183000.0,1.5206972722670296,1.5206972722670296,23.75535774230957,19.979801177978516,15.62135881712702,15.62135881712702,13.138578954766565,4.212912892829602,3.5433337982934616
2012-08-21,2012-06-30,2012-07-25,40133000000.0,148812000000.0,26391183000.0,1.5206972722670296,1.5206972722670296,23.430713653564453,19.706762313842773,15.407875111549549,15.407875111549549,12.959030487681659,4.155338627609455,3.494911502850093
2012-08-22,2012-06-30,2012-07-25,40133000000.0,148812000000.0,26391183000.0,1.5206972722670296,1.5206972722670296,23.888214111328125,20.091552734375,15.708724245763907,15.708724245763907,13.212066004710362,4.236474411709022,3.5631524673214594
2012-08-23,2012-06-30,2012-07-25,40133000000.0,148812000000.0,26391183000.0,1.5206972722670296,1.5206972722670296,23.66535758972168,19.90411376953125,15.562175339764876,15.562175339764876,13.088807438878703,4.196951743883449,3.529910954388887
2012-08-24,2012-06-30,2012-07-25,40133000000.0,148812000000.0,26391183000.0,1.5206972722670296,1.5206972722670296,23.68642807006836,19.921831130981445,15.576031141791315,15.576031141791315,13.100458253129053,4.200688505050069,3.5330530540065874
2012-08-27,2012-06-30,2012-07-25,40133000000.0,148812000000.0,26391183000.0,1.5206972722670296,1.5206972722670296,24.13142967224121,20.296110153198242,15.868661115086034,15.868661115086034,13.346581547385265,4.279607669621723,3.5994298661479776
2012-08-28,2012-06-30,2012-07-25,40133000000.0,148812000000.0,26391183000.0,1.5206972722670296,1.5206972722670296,24.100000381469727,20.269676208496094,15.847993431027765,15.847993431027765,13.329198768324485,4.274033816946465,3.5947419171112984
2012-08-29,2012-06-30,2012-07-25,40133000000.0,148812000000.0,26391183000.0,1.5206972722670296,1.5206972722670296,24.052499771118164,20.229721069335938,15.816757358459062,15.816757358459062,13.302924545381616,4.265609783263699,3.587656041043736
2012-08-30,2012-06-30,2012-07-25,40133000000.0,148812000000.0,26391183000.0,1.5206972722670296,1.5206972722670296,23.70964241027832,19.94135856628418,15.591296731224086,15.591296731224086,13.113299359415528,4.204805470756499,3.5365161626174193
2012-08-31,2012-06-30,2012-07-25,40133000000.0,148812000000.0,26391183000.0,1.5206972722670296,1.5206972722670296,23.75857162475586,19.982505798339844,15.623472243977256,15.623472243977256,13.140357494394834,4.21348286137905,3.5438134513516917
2012-09-04,2012-06-30,2012-07-25,40133000000.0,148812000000.0,26391183000.0,1.5206972722670296,1.5206972722670296,24.10607147216797,20.274776458740234,15.851985738246935,15.851985738246935,13.332552657581179,4.275110499375482,3.5956464250645475
2012-09-05,2012-06-30,2012-07-25,40133000000.0,148812000000.0,26391183000.0,1.5206972722670296,1.5206972722670296,23.936786651611328,20.132404327392578,15.740665212035776,15.740665212035776,13.238929729504633,4.245088547661693,3.5703973257143877
2012-09-06,2012-06-30,2012-07-25,40133000000.0,148812000000.0,26391183000.0,1.5206972722670296,1.5206972722670296,24.15250015258789,20.313825607299805,15.882516917112474,15.882516917112474,13.358231107376355,4.283344430788343,3.6025716275054114
2012-09-07,2012-06-30,2012-07-25,40133000000.0,148812000000.0,26391183000.0,1.5206972722670296,1.5206972722670296,24.301429748535156,20.439090728759766,15.980451988519055,15.980451988519055,13.440604584165209,4.3097564689355385,3.6247868705232262
2012-09-10,2012-06-30,2012-07-25,40133000000.0,148812000000.0,26391183000.0,1.5206972722670296,1.5206972722670296,23.669286727905273,19.90740966796875,15.564759113836974,15.564759113836974,13.090974798877046,4.197648560032922,3.530495468129805
2012-09-11,2012-06-30,2012-07-25,40133000000.0,148812000000.0,26391183000.0,1.5206972722670296,1.5206972722670296,23.592500686645508,19.842838287353516,15.514265144616331,15.514265144616331,13.048513105946558,4.184030878214709,3.5190440050597616
2012-09-12,2012-06-30,2012-07-25,40133000000.0,148812000000.0,26391183000.0,1.5206972722670296,1.5206972722670296,23.921070098876953,20.119190216064453,15.730330115747384,15.730330115747384,13.23024022136313,4.242301283063798,3.5680538585864485
2012-09-13,2012-06-30,2012-07-25,40133000000.0,148812000000.0,26391183000.0,1.5206972722670296,1.5206972722670296,24.39214324951172,20.515380859375,16.040104558843804,16.040104558843804,13.490772445978692,4.325844127221449,3.638316604672089
2012-09-14,2012-06-30,2012-07-25,40133000000.0,148812000000.0,26391183000.0,1.5206972722670296,1.5206972722670296,24.68857192993164,20.764707565307617,16.235034007213244,16.235034007213244,13.654727961964412,4.378414508315789,3.6825336484794087
2012-09-17,2012-06-30,2012-07-25,40133000000.0,148812000000.0,26391183000.0,1.5206972722670296,1.5206972722670296,24.992143630981445,21.020029067993164,16.434660656505017,16.434660656505017,13.82262561479897,4.4322516741090485,3.7278138443050763
2012-09-18,2012-06-30,2012-07-25,40133000000.0,148812000000.0,26391183000.0,1.5206972722670296,1.5206972722670296,25.068214416503906,21.084009170532227,16.484684278503796,16.484684278503796,13.864698487359384,4.445742508327237,3.739160446692432
2012-09-19,2012-06-30,2012-07-25,40133000000.0,148812000000.0,26391183000.0,1.5206972722670296,1.5206972722670296,25.075000762939453,21.089710235595703,16.489146932944827,16.489146932944827,13.868447468282444,4.44694603835628,3.7401715066297028
2012-09-20,2012-06-30,2012-07-25,40133000000.0,148812000000.0,26391183000.0,1.5206972722670296,1.5206972722670296,24.953571319580078,20.987581253051758,16.409295771524413,16.409295771524413,13.801288156296769,4.425411036734869,3.722059360647382
2012-09-21,2012-06-30,2012-07-25,40133000000.0,148812000000.0,26391183000.0,1.5206972722670296,1.5206972722670296,25.00321388244629,21.029333114624023,16.441940377240186,16.441940377240186,13.828743891460956,4.434214936697178,3.729463877886209
2012-09-24,2012-06-30,2012-07-25,40133000000.0,148812000000.0,26391183000.0,1.5206972722670296,1.5206972722670296,24.671070098876953,20.749984741210938,16.22352492425908,16.22352492425908,13.645046334749594,4.37531063210823,3.679922617480482
2012-09-25,2012-06-30,2012-07-25,40133000000.0,148812000000.0,26391183000.0,1.5206972722670296,1.5206972722670296,24.05500030517578,20.231822967529297,15.818401692346693,15.818401692346693,13.304306739084263,4.266053242473389,3.5880288038576773
2012-09-26,2012-06-30,2012-07-25,40133000000.0,148812000000.0,26391183000.0,1.5206972722670296,1.5206972722670296,23.75642967224121,19.98070526123047,15.622063710830185,15.622063710830185,13.139173473655,4.213102995099507,3.5434941336598937
2012-09-27,2012-06-30,2012-07-25,40133000000.0,148812000000.0,26391183000.0,1.5206972722670296,1.5206972722670296,24.332857131958008,20.46552276611328,16.001118418318065,16.001118418318065,13.45798610896673,4.315329983350529,3.6294744812996385
2012-09-28,2012-06-30,2012-07-25,40133000000.0,148812000000.0,26391183000.0,1.5206972722670296,1.5206972722670296,23.825000762939453,20.038381576538086,15.667155585425329,15.667155585425329,13.177101019366733,4.225263789948894,3.5537227858656903
2012-10-01,2012-06-30,2012-07-25,40133000000.0,148812000000.0,26391183000.0,1.5206972722670296,1.5206972722670296,23.54964256286621,19.806787490844727,15.48608193908233,15.48608193908233,13.024806351705429,4.176430170021176,3.5126505477582053
2012-10-02,2012-06-30,2012-07-25,40133000000.0,148812000000.0,26391183000.0,1.5206972722670296,1.5206972722670296,23.618213653564453,19.86446189880371,15.531173813677475,15.531173813677475,13.062732643157904,4.188590964870563,3.522878861703735
2012-10-03,2012-06-30,2012-07-25,40133000000.0,148812000000.0,26391183000.0,1.5206972722670296,1.5206972722670296,23.980356216430664,20.169042587280273,15.769316256273123,15.769316256273123,13.263022795597317,4.252815426934718,3.5768949671780983
2012-10-04,2012-06-30,2012-07-25,40133000000.0,148812000000.0,26391183000.0,1.5206972722670296,1.5206972722670296,23.814285278320312,20.029367446899414,15.660109156912199,15.660109156912199,13.171173390112008,4.223363443770377,3.5521241678451014
2012-10-05,2012-06-30,2012-07-25,40133000000.0,148812000000.0,26391183000.0,1.5206972722670296,1.5206972722670296,23.306785583496094,19.602529525756836,15.326380870500763,15.326380870500763,12.890487727734081,4.13336050503862,3.476426255793564
2012-10-08,2012-06-30,2012-07-25,40133000000.0,148812000000.0,26391183000.0,1.5206972722670296,1.5206972722670296,22.791786193847656,19.169384002685547,14.987720836685694,14.987720836685694,12.605654229988955,4.042027526938063,3.3996097170399344
2012-10-09,2012-06-30,2012-07-25,40133000000.0,148812000000.0,26391183000.0,1.5206972722670296,1.5206972722670296,22.70892906188965,19.099693298339844,14.933234560245882,14.933234560245882,12.55982610520919,4.027333162690832,3.387250363413975
2012-10-10,2012-06-30,2012-07-25,40133000000.0,148812000000.0,26391183000.0,1.5206972722670296,1.5206972722670296,22.8896427154541,19.251686096191406,15.052070607932777,15.052070607932777,12.6597755169846,4.059381969922897,3.414205647549546
2012-10-11,2012-06-30,2012-07-25,40133000000.0,148812000000.0,26391183000.0,1.5206972722670296,1.5206972722670296,22.43214225769043,18.866897583007812,14.751221473718418,14.751221473718418,12.406741254215156,3.9782461858233296,3.345965021338446
2012-10-12,2012-06-30,2012-07-25,40133000000.0,148812000000.0,26391183000.0,1.5206972722670296,1.5206972722670296,22.489643096923828,18.915264129638672,14.78903362757839,14.78903362757839,12.438546760487128,3.9884437180845866,3.35454262518231
2012-10-15,2012-06-30,2012-07-25,40133000000.0,148812000000.0,26391183000.0,1.5206972722670296,1.5206972722670296,22.670000076293945,19.066953659057617,14.90763512878398,14.90763512878398,12.53829674504047,4.020429270646772,3.38144412593547
2012-10-16,2012-06-30,2012-07-25,40133000000.0,148812000000.0,26391183000.0,1.5206972722670296,1.5206972722670296,23.206785202026367,19.51841926574707,15.260621311847352,15.260621311847352,12.835177402961566,4.115625857513977,3.4615096545510884
2012-10-17,2012-06-30,2012-07-25,40133000000.0,148812000000.0,26391183000.0,1.5206972722670296,1.5206972722670296,23.021785736083984,19.362821578979492,15.138966943607059,15.138966943607059,12.732857441187967,4.0828169794625575,3.4339150585113885
2012-10-18,2012-06-30,2012-07-25,40133000000.0,148812000000.0,26391183000.0,1.5206972722670296,1.5206972722670296,22.59428596496582,19.00327491760254,14.857846053266503,14.857846053266503,12.496422045442865,4.007001691098464,3.370150968670259
2012-10-19,2012-06-30,2012-07-25,40133000000.0,148812000000.0,26391183000.0,1.5206972722670296,1.5206972722670296,21.780000686645508,18.318405151367188,14.32237769071306,14.32237769071306,12.046056427824338,3.8625916180239983,3.2486921929540236
2012-10-22,2012-06-30,2012-07-25,40133000000.0,148812000000.0,26391183000.0,1.5206972722670296,1.5206972722670296,22.64392852783203,19.04503059387207,14.890490658982277,14.890490658982277,12.52388028912557,4.015805591060773,3.3775561624296193
2012-10-23,2012-06-30,2012-07-25,40133000000.0,148812000000.0,26391183000.0,1.5206972722670296,1.5206972722670296,21.90571403503418,18.424135208129883,14.405045918427614,14.405045918427614,12.115583781289683,3.884886352204496,3.2674429743199394
2012-10-24,2012-06-30,2012-07-25,40133000000.0,148812000000.0,26391183000.0,1.5206972722670296,1.5206972722670296,22.02964210510254,18.528369903564453,14.486540159476398,14.486540159476398,12.184127795496519,3.90686447477533,3.2859285596367354
2012-10-25,2012-06-30,2012-07-25,40133000000.0,148812000000.0,26391183000.0,1.5206972722670296,1.5206972722670296,21.769285202026367,18.309389114379883,14.31533126219993,14.31533126219993,12.040127544310353,3.860691271845482,3.2470932366731677
2012-10-26,2012-06-30,2012-07-25,40133000000.0,148812000000.0,26391183000.0,1.5206972722670296,1.5206972722670296,21.571428298950195,18.14298439025879,14.185221932299436,14.185221932299436,11.930700949579226,3.825602181336003,3.2175820579621477
2012-10-31,2012-09-29,2012-10-31,41733000000.0,156508000000.0,26452153000.0,1.577678762103032,1.577678762103032,21.261428833007812,17.882246017456055,13.47639921619184,13.47639921619184,11.334529212790555,3.593494060938317,3.0223624839457934
2012-11-01,2012-09-29,2012-10-31,41733000000.0,156508000000.0,26452153000.0,1.577678762103032,1.577678762103032,21.30500030517578,17.918899536132812,13.504016671160866,13.504016671160866,11.357761774169463,3.6008582803278837,3.0285574674867366
2012-11-02,2012-09-29,2012-10-31,41733000000.0,156508000000.0,26452153000.0,1.577678762103032,1.577678762103032,20.600000381469727,17.325944900512695,13.057157690333682,13.057157690333682,10.981921869454187,3.4817029282253658,2.9283394163744445
2012-11-05,2012-09-29,2012-10-31,41733000000.0,156508000000.0,26452153000.0,1.577678762103032,1.577678762103032,20.87928581237793,17.560842514038086,13.23418069249156,13.23418069249156,11.130809982273982,3.5289062721378475,2.9680405665540426
2012-11-06,2012-09-29,2012-10-31,41733000000.0,156508000000.0,26452153000.0,1.577678762103032,1.577678762103032,20.816070556640625,17.507678985595703,13.194112170777393,13.194112170777393,11.097112673468533,3.518221964519724,2.9590551486305
2012-11-07,2012-09-29,2012-10-31,41733000000.0,156508000000.0,26452153000.0,1.577678762103032,1.577678762103032,19.928571701049805,16.837791442871094,12.631577593454573,12.631577593454573,10.672509415304841,3.368221609806781,2.8458343051404205
2012-11-08,2012-09-29,2012-10-31,41733000000.0,156508000000.0,26452153000.0,1.577678762103032,1.577678762103032,19.20535659790039,16.22673797607422,12.173173056028098,12.173173056028098,10.285197700477454,3.245987624576511,2.7425572854679987
2012-11-09,2012-09-29,2012-10-31,41733000000.0,156508000000.0,26452153000.0,1.577678762103032,1.577678762103032,19.537857055664062,16.507671356201172,12.383926008879191,12.383926008879191,10.463265243043896,3.302185090401483,2.7900391570268033
2012-11-12,2012-09-29,2012-10-31,41733000000.0,156508000000.0,26452153000.0,1.577678762103032,1.577678762103032,19.38678550720215,16.380029678344727,12.288170426633451,12.288170426633451,10.38236051077362,3.2766517776388033,2.7684658368653072
2012-11-13,2012-09-29,2012-10-31,41733000000.0,156508000000.0,26452153000.0,1.577678762103032,1.577678762103032,19.389286041259766,16.382144927978516,12.28975537162839,12.28975537162839,10.383701246089705,3.277074404657702,2.7688233451520796
2012-11-14,2012-09-29,2012-10-31,41733000000.0,156508000000.0,26452153000.0,1.577678762103032,1.577678762103032,19.174285888671875,16.20048713684082,12.153479117074962,12.153479117074962,10.268558800427606,3.240736217911477,2.738120507694465
2012-11-15,2012-09-29,2012-10-31,41733000000.0,156508000000.0,26452153000.0,1.577678762103032,1.577678762103032,18.77214241027832,15.860709190368652,11.89858345133278,11.89858345133278,10.053193065251424,3.1727680576997397,2.680693039283217
2012-11-16,2012-09-29,2012-10-31,41733000000.0,156508000000.0,26452153000.0,1.577678762103032,1.577678762103032,18.845714569091797,15.92287540435791,11.945216619364658,11.945216619364658,10.092596659622176,3.185202834206209,2.6912000434227794
2012-11-19,2012-09-29,2012-10-31,41733000000.0,156508000000.0,26452153000.0,1.577678762103032,1.577678762103032,20.20464324951172,17.071033477783203,12.806563500023989,12.806563500023989,10.820348151880847,3.4148817603349424,2.885255638193852
2012-11-20,2012-09-29,2012-10-31,41733000000.0,156508000000.0,26452153000.0,1.577678762103032,1.577678762103032,20.032499313354492,16.92559242248535,12.697451340887259,12.697451340887259,10.728161416031034,3.3857869042429014,2.8606739615561065
2012-11-21,2012-09-29,2012-10-31,41733000000.0,156508000000.0,26452153000.0,1.577678762103032,1.577678762103032,20.060714721679688,16.94943618774414,12.715335468507499,12.715335468507499,10.743274610067445,3.390555723076287,2.8647039084388317
2012-11-23,2012-09-29,2012-10-31,41733000000.0,156508000000.0,26452153000.0,1.577678762103032,1.577678762103032,20.41071319580078,17.245159149169922,12.937179409446749,12.937179409446749,10.930716419217228,3.449710610923667,2.9146854366753945
2012-11-26,2012-09-29,2012-10-31,41733000000.0,156508000000.0,26452153000.0,1.577678762103032,1.577678762103032,21.054643630981445,17.789209365844727,13.345329947216753,13.345329947216753,11.275558620141318,3.55854432161421,3.006637921987104
2012-11-27,2012-09-29,2012-10-31,41733000000.0,156508000000.0,26452153000.0,1.577678762103032,1.577678762103032,20.885000228881836,17.645875930786133,13.237802733074961,13.237802733074961,11.184707783772366,3.5298720925410674,2.9824124641562872
2012-11-28,2012-09-29,2012-10-31,41733000000.0,156508000000.0,26452153000.0,1.577678762103032,1.577678762103032,20.819286346435547,17.590360641479492,13.19615047532466,13.19615047532466,11.149519828758864,3.518765480274006,2.973029564070806
2012-11-29,2012-09-29,2012-10-31,41733000000.0,156508000000.0,26452153000.0,1.577678762103032,1.577678762103032,21.04857063293457,17.78408432006836,13.341480622377784,13.341480622377784,11.272310147829037,3.557517895658319,3.0057717139018405
2012-11-30,2012-09-29,2012-10-31,41733000000.0,156508000000.0,26452153000.0,1.577678762103032,1.577678762103032,20.902856826782227,17.660968780517578,13.249121005418683,13.249121005418683,11.194274274805894,3.532890120116147,2.9849633776578472
2012-12-03,2012-09-29,2012-10-31,41733000000.0,156508000000.0,26452153000.0,1.577678762103032,1.577678762103032,20.93535614013672,17.68842124938965,13.26972045451767,13.26972045451767,11.211674818903653,3.5383829818819867,2.9896032485068247
2012-12-04,2012-09-29,2012-10-31,41733000000.0,156508000000.0,26452153000.0,1.577678762103032,1.577678762103032,20.566070556640625,17.376413345336914,13.03565152213004,13.03565152213004,11.013910919466461,3.475968288988761,2.9368693255430642
2012-12-05,2012-09-29,2012-10-31,41733000000.0,156508000000.0,26452153000.0,1.577678762103032,1.577678762103032,19.24250030517578,16.25813102722168,12.1967163198202,12.1967163198202,10.305095953468838,3.2522654571974368,2.747863172656446
2012-12-06,2012-09-29,2012-10-31,41733000000.0,156508000000.0,26452153000.0,1.577678762103032,1.577678762103032,19.544286727905273,16.513097763061523,12.388001409014919,12.388001409014919,10.466704730847558,3.3032717995400853,2.7909562995659085
2012-12-07,2012-09-29,2012-10-31,41733000000.0,156508000000.0,26452153000.0,1.577678762103032,1.577678762103032,19.04464340209961,16.0909481048584,12.071306187016974,12.071306187016974,10.199128296187055,3.21882473166087,2.719606800833021
2012-12-10,2012-09-29,2012-10-31,41733000000.0,156508000000.0,26452153000.0,1.577678762103032,1.577678762103032,18.922143936157227,15.987451553344727,11.993660807688237,11.993660807688237,10.133527773444573,3.1981205209142867,2.7021143620080914
2012-12-11,2012-09-29,2012-10-31,41733000000.0,156508000000.0,26452153000.0,1.577678762103032,1.577678762103032,19.335357666015625,16.33657455444336,12.255573270341653,12.255573270341653,10.354816802291772,3.2679597163797904,2.7611212820433626
2012-12-12,2012-09-29,2012-10-31,41733000000.0,156508000000.0,26452153000.0,1.577678762103032,1.577678762103032,19.25,16.264453887939453,12.201469945846211,12.201469945846211,10.30910365191142,3.253533015884172,2.7489318290772307
2012-12-13,2012-09-29,2012-10-31,41733000000.0,156508000000.0,26452153000.0,1.577678762103032,1.577678762103032,18.917499542236328,15.983524322509766,11.990716992995118,11.990716992995118,10.13103852726259,3.1973355500592002,2.701450602258349
2012-12-14,2012-09-29,2012-10-31,41733000000.0,156508000000.0,26452153000.0,1.577678762103032,1.577678762103032,18.206785202026367,15.383039474487305,11.540235971584535,11.540235971584535,9.750425653180402,3.077214377553463,2.5999598345399457
2012-12-17,2012-09-29,2012-10-31,41733000000.0,156508000000.0,26452153000.0,1.577678762103032,1.577678762103032,18.52964210510254,15.65582275390625,11.744876428711438,11.744876428711438,9.923327314767917,3.131781940855512,2.6460642192553063
2012-12-18,2012-09-29,2012-10-31,41733000000.0,156508000000.0,26452153000.0,1.577678762103032,1.577678762103032,19.06785774230957,16.110563278198242,12.086020424647337,12.086020424647337,10.211561228550103,3.2227482964564578,2.7229220535121623
2012-12-19,2012-09-29,2012-10-31,41733000000.0,156508000000.0,26452153000.0,1.577678762103032,1.577678762103032,18.796785354614258,15.881539344787598,11.914203199108993,11.914203199108993,10.066396104374027,3.176933077596133,2.684213641627529
2012-12-20,2012-09-29,2012-10-31,41733000000.0,156508000000.0,26452153000.0,1.577678762103032,1.577678762103032,18.633214950561523,15.743331909179688,11.810525309806168,11.810525309806168,9.97879434479676,3.149287274478882,2.6608545530669563
2012-12-21,2012-09-29,2012-10-31,41733000000.0,156508000000.0,26452153000.0,1.577678762103032,1.577678762103032,18.547500610351562,15.670909881591797,11.756195910013966,11.756195910013966,9.932890178925025,3.134800290800553,2.6486141656469835
2012-12-24,2012-09-29,2012-10-31,41733000000.0,156508000000.0,26452153000.0,1.577678762103032,1.577678762103032,18.577499389648438,15.696249961853027,11.775210414118014,11.775210414118014,9.948951801144908,3.1398705255474932,2.65289701176413
2012-12-26,2012-09-29,2012-10-31,41733000000.0,156508000000.0,26452153000.0,1.577678762103032,1.577678762103032,18.321428298950195,15.47990894317627,11.612901649590498,11.612901649590498,9.811825648550714,3.0965907464305995,2.6163321989353068
2012-12-27,2012-09-29,2012-10-31,41733000000.0,156508000000.0,26452153000.0,1.577678762103032,1.577678762103032,18.395000457763672,15.542057991027832,11.659534817622378,11.659534817622378,9.85121836229221,3.1090255229370687,2.6268363017452194
2012-12-28,2012-09-29,2012-10-31,41733000000.0,156508000000.0,26452153000.0,1.577678762103032,1.577678762103032,18.199642181396484,15.376998901367188,11.535708420855283,11.535708420855283,9.74659688064114,3.076007102049439,2.5989388888733913
2012-12-31,2012-09-29,2012-10-31,41733000000.0,156508000000.0,26452153000.0,1.577678762103032,1.577678762103032,19.006071090698242,16.0583553314209,12.046857413079021,12.046857413079021,10.178469608106566,3.212305443939139,2.7140981429390916
2013-01-02,2012-09-29,2012-10-31,41733000000.0,156508000000.0,26452153000.0,1.577678762103032,1.577678762103032,19.608213424682617,16.567121505737305,12.428520872363801,12.428520872363801,10.500947280074605,3.31407635115367,2.8000871063418713
2013-01-03,2012-09-29,2012-10-31,41733000000.0,156508000000.0,26452153000.0,1.577678762103032,1.577678762103032,19.360713958740234,16.35799789428711,12.271645168711387,12.271645168711387,10.368395827603106,3.2722453026416054,2.764742141445552
2013-01-04,2012-09-29,2012-10-31,41733000000.0,156508000000.0,26452153000.0,1.577678762103032,1.577678762103032,18.821428298950195,15.902353286743164,11.929822946885205,11.929822946885205,10.079588867346777,3.181098097492526,2.687731503827172
2013-01-07,2012-09-29,2012-10-31,41733000000.0,156508000000.0,26452153000.0,1.577678762103032,1.577678762103032,18.71071434020996,15.808807373046875,11.85964772402003,11.85964772402003,10.020295482696284,3.1623858107350933,2.6719208690888903
2013-01-08,2012-09-29,2012-10-31,41733000000.0,156508000000.0,26452153000.0,1.577678762103032,1.577678762103032,18.761070251464844,15.851354598999023,11.891565445462739,11.891565445462739,10.047263726786374,3.170896700076012,2.6791119758093886
2013-01-09,2012-09-29,2012-10-31,41733000000.0,156508000000.0,26452153000.0,1.577678762103032,1.577678762103032,18.467857360839844,15.60361099243164,11.705714626101928,11.705714626101928,9.890233276406766,3.121339410708154,2.6372396639423132
2013-01-10,2012-09-29,2012-10-31,41733000000.0,156508000000.0,26452153000.0,1.577678762103032,1.577678762103032,18.696786880493164,15.797043800354004,11.850819906817096,11.850819906817096,10.012839229258992,3.1600318652797164,2.6699326523542926
2013-01-11,2012-09-29,2012-10-31,41733000000.0,156508000000.0,26452153000.0,1.577678762103032,1.577678762103032,18.582143783569336,15.70018196105957,11.77815422881113,11.77815422881113,9.951444069723905,3.1406554964025797,2.653561577438775
2013-01-14,2012-09-29,2012-10-31,41733000000.0,156508000000.0,26452153000.0,1.577678762103032,1.577678762103032,17.91964340209961,15.14042854309082,11.358233268103882,11.358233268103882,9.5966485109483,3.028683191771535,2.558955020237978
2013-01-15,2012-09-29,2012-10-31,41733000000.0,156508000000.0,26452153000.0,1.577678762103032,1.577678762103032,17.354286193847656,14.662752151489258,10.999885788355638,10.999885788355638,9.293876867521458,2.933129511625258,2.4782206871998427
2013-01-16,2012-09-29,2012-10-31,41733000000.0,156508000000.0,26452153000.0,1.577678762103032,1.577678762103032,18.074642181396484,15.271390914916992,11.456478096531606,11.456478096531606,9.679658040500186,3.054880264283957,2.5810895865016117
2013-01-17,2012-09-29,2012-10-31,41733000000.0,156508000000.0,26452153000.0,1.577678762103032,1.577678762103032,17.952856063842773,15.168497085571289,11.379284867796391,11.379284867796391,9.614439548740464,3.034296619902796,2.563699016584365
2013-01-18,2012-09-29,2012-10-31,41733000000.0,156508000000.0,26452153000.0,1.577678762103032,1.577678762103032,17.85714340209961,15.087625503540039,11.318618105942045,11.318618105942045,9.563179695357226,3.0181197728887943,2.5500305302370685
2013-01-22,2012-09-29,2012-10-31,41733000000.0,156508000000.0,26452153000.0,1.577678762103032,1.577678762103032,18.02750015258789,15.231558799743652,11.426597470677358,11.426597470677358,9.654410749270731,3.0469125683273584,2.5743573734206264
2013-01-23,2012-09-29,2012-10-31,41733000000.0,156508000000.0,26452153000.0,1.577678762103032,1.577678762103032,18.357500076293945,15.5103759765625,11.635765478533513,11.635765478533513,9.831136952041685,3.1026874071334314,2.621481575507678
2013-01-24,2012-12-29,2013-01-24,41747000000.0,164687000000.0,26491668000.0,1.5758539628384292,1.5758539628384292,16.08928680419922,13.593950271606445,10.209884407828746,10.209884407828746,8.626402314032331,2.5881341233590187,2.1867325132154196
2013-01-25,2012-12-29,2013-01-24,41747000000.0,164687000000.0,26491668000.0,1.5758539628384292,1.5758539628384292,15.710000038146973,13.27348518371582,9.969197913396817,9.969197913396817,8.423042678274332,2.5271217842973455,2.1351822711563058
2013-01-28,2012-12-29,2013-01-24,41747000000.0,164687000000.0,26491668000.0,1.5758539628384292,1.5758539628384292,16.065357208251953,13.573728561401367,10.194699246949902,10.194699246949902,8.613570090563696,2.5842847915282787,2.183479634523445
2013-01-29,2012-12-29,2013-01-24,41747000000.0,164687000000.0,26491668000.0,1.5758539628384292,1.5758539628384292,16.366785049438477,13.828408241271973,10.385978292023085,10.385978292023085,8.775183847851126,2.6327726885369684,2.2244475890400635
2013-01-30,2012-12-29,2013-01-24,41747000000.0,164687000000.0,26491668000.0,1.5758539628384292,1.5758539628384292,16.315357208251953,13.784955978393555,10.353343389043944,10.353343389043944,8.747610059985561,2.6244999694111715,2.2174578271157848
2013-01-31,2012-12-29,2013-01-24,41747000000.0,164687000000.0,26491668000.0,1.5758539628384292,1.5758539628384292,16.267499923706055,13.744522094726562,10.322974277645006,10.322974277645006,8.72195166484204,2.6168016125671496,2.2109536038191275
2013-02-01,2012-12-29,2013-01-24,41747000000.0,164687000000.0,26491668000.0,1.5758539628384292,1.5758539628384292,16.200714111328125,13.688094139099121,10.280593566010005,10.280593566010005,8.686143806399494,2.6060583992678215,2.2018765627266252
2013-02-04,2012-12-29,2013-01-24,41747000000.0,164687000000.0,26491668000.0,1.5758539628384292,1.5758539628384292,15.79714298248291,13.347113609313965,10.024496783971712,10.024496783971712,8.469765551925342,2.5411396603281804,2.147026192086973
2013-02-05,2012-12-29,2013-01-24,41747000000.0,164687000000.0,26491668000.0,1.5758539628384292,1.5758539628384292,16.351428985595703,13.815436363220215,10.376233693725972,10.376233693725972,8.766952197991648,2.6303025011808954,2.2223609235067574
2013-02-06,2012-12-29,2013-01-24,41747000000.0,164687000000.0,26491668000.0,1.5758539628384292,1.5758539628384292,16.33392906188965,13.80064868927002,10.365128652193738,10.365128652193738,8.757568286602067,2.6274874510017914,2.2199821677532316
2013-02-07,2012-12-29,2013-01-24,41747000000.0,164687000000.0,26491668000.0,1.5758539628384292,1.5758539628384292,16.722143173217773,14.210991859436035,10.611480230755545,10.611480230755545,9.017962447382617,2.6899358491766305,2.285990262078258
2013-02-08,2012-12-29,2013-01-24,41747000000.0,164687000000.0,26491668000.0,1.5758539628384292,1.5758539628384292,16.963571548461914,14.416169166564941,10.764685020626606,10.764685020626606,9.148163158849142,2.7287721894023145,2.318995229693146
2013-02-11,2012-12-29,2013-01-24,41747000000.0,164687000000.0,26491668000.0,1.5758539628384292,1.5758539628384292,17.140356063842773,14.56640625,10.876868331739036,10.876868331739036,9.243500091698206,2.7572098723342435,2.3431624738329377
2013-02-12,2012-12-29,2013-01-24,41747000000.0,164687000000.0,26491668000.0,1.5758539628384292,1.5758539628384292,16.71071434020996,14.201282501220703,10.604227761124903,10.604227761124903,9.011801116165197,2.688097398967018,2.284428407807225
2013-02-13,2012-12-29,2013-01-24,41747000000.0,164687000000.0,26491668000.0,1.5758539628384292,1.5758539628384292,16.67892837524414,14.174272537231445,10.584057132554367,10.584057132554367,8.99466122590493,2.682984286025899,2.280083565781471
2013-02-14,2012-12-29,2013-01-24,41747000000.0,164687000000.0,26491668000.0,1.5758539628384292,1.5758539628384292,16.663928985595703,14.161519050598145,10.574538871343524,10.574538871343524,8.986568162122337,2.6805714735345116,2.2780320308471294
2013-02-15,2012-12-29,2013-01-24,41747000000.0,164687000000.0,26491668000.0,1.5758539628384292,1.5758539628384292,16.43428611755371,13.966364860534668,10.428812888189375,10.428812888189375,8.862727885887626,2.643630958383126,2.2466393889751513
2013-02-19,2012-12-29,2013-01-24,41747000000.0,164687000000.0,26491668000.0,1.5758539628384292,1.5758539628384292,16.428213119506836,13.961204528808594,10.424959105929034,10.424959105929034,8.85945326028921,2.642654051596176,2.245809294341956
2013-02-20,2012-12-29,2013-01-24,41747000000.0,164687000000.0,26491668000.0,1.5758539628384292,1.5758539628384292,16.030357360839844,13.623096466064453,10.172489163885436,10.172489163885436,8.644897806092718,2.5786546911700703,2.1914209907943722
2013-02-21,2012-12-29,2013-01-24,41747000000.0,164687000000.0,26491668000.0,1.5758539628384292,1.5758539628384292,15.930713653564453,13.53841495513916,10.109257602062339,10.109257602062339,8.591160903484838,2.562625933518107,2.1777990626933605
2013-02-22,2012-12-29,2013-01-24,41747000000.0,164687000000.0,26491668000.0,1.5758539628384292,1.5758539628384292,16.100357055664062,13.682581901550293,10.216909330014369,10.216909330014369,8.682645869611685,2.5899148918864867,2.20098986027239
2013-02-25,2012-12-29,2013-01-24,41747000000.0,164687000000.0,26491668000.0,1.5758539628384292,1.5758539628384292,15.814286231994629,13.439469337463379,10.035375488417674,10.035375488417674,8.52837233296428,2.543897335642599,2.161882600231104
2013-02-26,2012-12-29,2013-01-24,41747000000.0,164687000000.0,26491668000.0,1.5758539628384292,1.5758539628384292,16.034643173217773,13.626739501953125,10.175208839996927,10.175208839996927,8.647209591305424,2.579344109998675,2.192007012139559
2013-02-27,2012-12-29,2013-01-24,41747000000.0,164687000000.0,26491668000.0,1.5758539628384292,1.5758539628384292,15.8774995803833,13.493188858032227,10.075489198113726,10.075489198113726,8.562461481981671,2.554065879842694,2.1705239605329436
2013-02-28,2012-12-29,2013-01-24,41747000000.0,164687000000.0,26491668000.0,1.5758539628384292,1.5758539628384292,15.764286041259766,13.396981239318848,10.003646538962991,10.003646538962991,8.501410381446894,2.5358542693842745,2.155047934531951
2013-03-01,2012-12-29,2013-01-24,41747000000.0,164687000000.0,26491668000.0,1.5758539628384292,1.5758539628384292,15.373929023742676,13.065239906311035,9.75593512234544,9.75593512234544,8.290895104758258,2.473061161795133,2.101683787659882
2013-03-04,2012-12-29,2013-01-24,41747000000.0,164687000000.0,26491668000.0,1.5758539628384292,1.5758539628384292,15.001786231994629,12.748984336853027,9.519782026612036,9.519782026612036,8.090206730761745,2.4131980075231967,2.050810691731045
2013-03-05,2012-12-29,2013-01-24,41747000000.0,164687000000.0,26491668000.0,1.5758539628384292,1.5758539628384292,15.397856712341309,13.085575103759766,9.771119072865533,9.771119072865533,8.303799344572527,2.476910186808415,2.10495492199062
2013-03-06,2012-12-29,2013-01-24,41747000000.0,164687000000.0,26491668000.0,1.5758539628384292,1.5758539628384292,15.202142715454102,12.9192533493042,9.646923556337665,9.646923556337665,8.198255456383809,2.445427494012451,2.0782002862257185
2013-03-07,2012-12-29,2013-01-24,41747000000.0,164687000000.0,26491668000.0,1.5758539628384292,1.5758539628384292,15.377857208251953,13.06857967376709,9.758427856191284,9.758427856191284,8.293014442929696,2.4736930523503227,2.1022210250292135
2013-03-08,2012-12-29,2013-01-24,41747000000.0,164687000000.0,26491668000.0,1.5758539628384292,1.5758539628384292,15.418571472167969,13.103179931640625,9.784264174071073,9.784264174071073,8.314970955836015,2.480242377813337,2.107786847129926
2013-03-11,2012-12-29,2013-01-24,41747000000.0,164687000000.0,26491668000.0,1.5758539628384292,1.5758539628384292,15.638214111328125,13.289840698242188,9.923644246298409,9.923644246298409,8.433421504556499,2.5155742490313124,2.1378132308604822
2013-03-12,2012-12-29,2013-01-24,41747000000.0,164687000000.0,26491668000.0,1.5758539628384292,1.5758539628384292,15.301071166992188,13.003325462341309,9.709701233629472,9.709701233629472,8.251605649371031,2.4613411951175843,2.0917241861488307
2013-03-13,2012-12-29,2013-01-24,41747000000.0,164687000000.0,26491668000.0,1.5758539628384292,1.5758539628384292,15.298213958740234,13.000894546508789,9.707888116221811,9.707888116221811,8.25006304714402,2.460881582565181,2.091333147298338
2013-03-14,2012-12-29,2013-01-24,41747000000.0,164687000000.0,26491668000.0,1.5758539628384292,1.5758539628384292,15.446429252624512,13.126852035522461,9.801942068795762,9.801942068795762,8.329992718283595,2.4847236001992674,2.1115947586038075
2013-03-15,2012-12-29,2013-01-24,41747000000.0,164687000000.0,26491668000.0,1.5758539628384292,1.5758539628384292,15.845000267028809,13.465570449829102,10.05486589537065,10.05486589537065,8.54493548728012,2.5488380171722027,2.1660812437380197
2013-03-18,2012-12-29,2013-01-24,41747000000.0,164687000000.0,26491668000.0,1.5758539628384292,1.5758539628384292,16.275714874267578,13.831604957580566,10.328187292781719,10.328187292781719,8.777212409116306,2.618123075359673,2.2249618151000288
2013-03-19,2012-12-29,2013-01-24,41747000000.0,164687000000.0,26491668000.0,1.5758539628384292,1.5758539628384292,16.231786727905273,13.794275283813477,10.300311520408,10.300311520408,8.753523872838585,2.6110567624795693,2.218956937216613
2013-03-20,2012-12-29,2013-01-24,41747000000.0,164687000000.0,26491668000.0,1.5758539628384292,1.5758539628384292,16.145713806152344,13.721122741699219,10.245691661091916,10.245691661091916,8.707102983695725,2.5972110110427917,2.2071895672417705
2013-03-21,2012-12-29,2013-01-24,41747000000.0,164687000000.0,26491668000.0,1.5758539628384292,1.5758539628384292,16.168928146362305,13.740856170654297,10.26042293743947,10.26042293743947,8.719625355324334,2.600945286326702,2.210363900664442
2013-03-22,2012-12-29,2013-01-24,41747000000.0,164687000000.0,26491668000.0,1.5758539628384292,1.5758539628384292,16.49678611755371,14.019479751586914,10.468473923712885,10.468473923712885,8.896433351181233,2.653684752853849,2.2551834881427375
2013-03-25,2012-12-29,2013-01-24,41747000000.0,164687000000.0,26491668000.0,1.5758539628384292,1.5758539628384292,16.556428909301758,14.07016658782959,10.506321841828736,10.506321841828736,8.928598029785956,2.6632789347721695,2.2633370086860185
2013-03-26,2012-12-29,2013-01-24,41747000000.0,164687000000.0,26491668000.0,1.5758539628384292,1.5758539628384292,16.46928596496582,13.996106147766113,10.451022971253842,10.451022971253842,8.881601009878047,2.6492610587413346,2.251423593601066
2013-03-27,2012-12-29,2013-01-24,41747000000.0,164687000000.0,26491668000.0,1.5758539628384292,1.5758539628384292,16.145713806152344,13.721122741699219,10.245691661091916,10.245691661091916,8.707102983695725,2.5972110110427917,2.2071895672417705
2013-03-28,2012-12-29,2013-01-24,41747000000.0,164687000000.0,26491668000.0,1.5758539628384292,1.5758539628384292,15.809286117553711,13.43521785736084,10.032202532954269,10.032202532954269,8.52567444331029,2.5430930136758936,2.1611987041167473
2013-04-01,2012-12-29,2013-01-24,41747000000.0,164687000000.0,26491668000.0,1.5758539628384292,1.5758539628384292,15.318214416503906,13.017894744873047,9.720579938075435,9.720579938075435,8.260850974683724,2.4640988704320024,2.0940678113033906
2013-04-02,2012-12-29,2013-01-24,41747000000.0,164687000000.0,26491668000.0,1.5758539628384292,1.5758539628384292,15.349642753601074,13.044599533081055,9.740523624380325,9.740523624380325,8.277797207543975,2.4691544550997073,2.0983635625358303
2013-04-03,2012-12-29,2013-01-24,41747000000.0,164687000000.0,26491668000.0,1.5758539628384292,1.5758539628384292,15.428214073181152,13.11137580871582,9.790383142732239,9.790383142732239,8.320171867385225,2.481793493473333,2.109105241747867
2013-04-04,2012-12-29,2013-01-24,41747000000.0,164687000000.0,26491668000.0,1.5758539628384292,1.5758539628384292,15.275713920593262,12.98177433013916,9.693610119226172,9.693610119226172,8.23792980585357,2.4572622104193718,2.0882574556884816
2013-04-05,2012-12-29,2013-01-24,41747000000.0,164687000000.0,26491668000.0,1.5758539628384292,1.5758539628384292,15.114286422729492,12.84459114074707,9.59117201159023,9.59117201159023,8.15087656829024,2.431294868252244,2.0661900702327
2013-04-08,2012-12-29,2013-01-24,41747000000.0,164687000000.0,26491668000.0,1.5758539628384292,1.5758539628384292,15.221785545349121,12.935944557189941,9.659388435925644,9.659388435925644,8.208847305805996,2.448587253605858,2.08088524580254
2013-04-09,2012-12-29,2013-01-24,41747000000.0,164687000000.0,26491668000.0,1.5758539628384292,1.5758539628384292,15.249285697937012,12.959317207336426,9.676839388384687,9.676839388384687,8.22367904192981,2.4530109477183726,2.084644986935482
2013-04-10,2012-12-29,2013-01-24,41747000000.0,164687000000.0,26491668000.0,1.5758539628384292,1.5758539628384292,15.560357093811035,13.223673820495605,9.87423800729841,9.87423800729841,8.391433554335908,2.503050113795787,2.1271695798263446
2013-04-11,2012-12-29,2013-01-24,41747000000.0,164687000000.0,26491668000.0,1.5758539628384292,1.5758539628384292,15.511786460876465,13.182394027709961,9.843416221726933,9.843416221726933,8.365238365086714,2.4952370072223937,2.1205292829869697
2013-04-12,2012-12-29,2013-01-24,41747000000.0,164687000000.0,26491668000.0,1.5758539628384292,1.5758539628384292,15.350000381469727,13.044904708862305,9.74075056664597,9.74075056664597,8.277990864943991,2.469211983373122,2.0984126533291447
2013-04-15,2012-12-29,2013-01-24,41747000000.0,164687000000.0,26491668000.0,1.5758539628384292,1.5758539628384292,14.994643211364746,12.742915153503418,9.515249233092884,9.515249233092884,8.086355369218904,2.4120489761421893,2.0498343985790113
2013-04-16,2012-12-29,2013-01-24,41747000000.0,164687000000.0,26491668000.0,1.5758539628384292,1.5758539628384292,15.222857475280762,12.93685531616211,9.660068657543203,9.660068657543203,8.209425252109172,2.4487596850173734,2.0810317511388368
2013-04-17,2012-12-29,2013-01-24,41747000000.0,164687000000.0,26491668000.0,1.5758539628384292,1.5758539628384292,14.385713577270508,12.22542667388916,9.128836755506805,9.128836755506805,7.757969305651086,2.31409612192913,1.96659083353887
2013-04-18,2012-12-29,2013-01-24,41747000000.0,164687000000.0,26491668000.0,1.5758539628384292,1.5758539628384292,14.001786231994629,11.899147987365723,8.885205458235864,8.885205458235864,7.5509204964227585,2.2523372959916244,1.914105411867123
2013-04-19,2012-12-29,2013-01-24,41747000000.0,164687000000.0,26491668000.0,1.5758539628384292,1.5758539628384292,13.947500228881836,11.853017807006836,8.85075683266969,8.85075683266969,7.5216473648720426,2.2436048109046958,1.906684878231513
2013-04-22,2012-12-29,2013-01-24,41747000000.0,164687000000.0,26491668000.0,1.5758539628384292,1.5758539628384292,14.238213539123535,12.100075721740723,9.035236687464145,9.035236687464145,7.678424528594045,2.2903691608418737,1.9464267901851122
2013-04-23,2012-12-29,2013-01-24,41747000000.0,164687000000.0,26491668000.0,1.5758539628384292,1.5758539628384292,14.504643440246582,12.326493263244629,9.204306859831611,9.204306859831611,7.8221037951017625,2.3332272643098135,1.9828484770146597
2013-04-24,2013-03-30,2013-04-24,39672000000.0,169104000000.0,26499662000.0,1.4970756985504192,1.4970756985504192,14.480713844299316,12.306159973144531,9.67266642449719,9.67266642449719,8.2201320781977,2.2692190746088357,1.9284527853052509
2013-04-25,2013-03-30,2013-04-24,39672000000.0,169104000000.0,26499662000.0,1.4970756985504192,1.4970756985504192,14.585000038146973,12.394786834716797,9.74232635815895,9.74232635815895,8.279332064983993,2.2855613780920727,1.942341172781513
2013-04-26,2013-03-30,2013-04-24,39672000000.0,169104000000.0,26499662000.0,1.4970756985504192,1.4970756985504192,14.899999618530273,12.662479400634766,9.952736279773674,9.952736279773674,8.45814237242347,2.3349237965463923,1.9842902840783416
2013-04-29,2013-03-30,2013-04-24,39672000000.0,169104000000.0,26499662000.0,1.4970756985504192,1.4970756985504192,15.361429214477539,13.054617881774902,10.260956897070486,10.260956897070486,8.720078680333506,2.4072327208142936,2.045740854185536
2013-04-30,2013-03-30,2013-04-24,39672000000.0,169104000000.0,26499662000.0,1.4970756985504192,1.4970756985504192,15.813570976257324,13.438861846923828,10.562973530042074,10.562973530042074,8.97674169712082,2.478086182963319,2.1059543039087023
2013-05-01,2013-03-30,2013-04-24,39672000000.0,169104000000.0,26499662000.0,1.4970756985504192,1.4970756985504192,15.688928604125977,13.332934379577637,10.479716302466985,10.479716302466985,8.905985443813952,2.4585539381177868,2.0893548025297277
2013-05-02,2013-03-30,2013-04-24,39672000000.0,169104000000.0,26499662000.0,1.4970756985504192,1.4970756985504192,15.911429405212402,13.522024154663086,10.628339916691614,10.628339916691614,9.032291531921947,2.49342121519887,2.118986361377658
2013-05-03,2013-03-30,2013-04-24,39672000000.0,169104000000.0,26499662000.0,1.4970756985504192,1.4970756985504192,16.070714950561523,13.657388687133789,10.734737706398143,10.734737706398143,9.12271082909027,2.518382263507824,2.1401988362881372
2013-05-06,2013-03-30,2013-04-24,39672000000.0,169104000000.0,26499662000.0,1.4970756985504192,1.4970756985504192,16.453929901123047,13.98305892944336,10.990713373448633,10.990713373448633,9.340248420960146,2.578434460163297,2.1912334146816805
2013-05-07,2013-03-30,2013-04-24,39672000000.0,169104000000.0,26499662000.0,1.4970756985504192,1.4970756985504192,16.380714416503906,13.9208402633667,10.9418077070952,10.9418077070952,9.298688287336372,2.56696113253312,2.1814833577869743
2013-05-08,2013-03-30,2013-04-24,39672000000.0,169104000000.0,26499662000.0,1.4970756985504192,1.4970756985504192,16.56571388244629,14.078057289123535,11.065381595924945,11.065381595924945,9.403704370296682,2.5959517141731387,2.2061202560460424
2013-05-09,2013-03-30,2013-04-24,39672000000.0,169104000000.0,26499662000.0,1.4970756985504192,1.4970756985504192,16.313213348388672,13.955236434936523,10.896719093219097,10.896719093219097,9.321663860049982,2.5563832899646846,2.1868734545362782
2013-05-10,2013-03-30,2013-04-24,39672000000.0,169104000000.0,26499662000.0,1.4970756985504192,1.4970756985504192,16.177499771118164,13.839137077331543,10.806066644981566,10.806066644981566,9.244113100447514,2.5351161175354147,2.168679953880179
2013-05-13,2013-03-30,2013-04-24,39672000000.0,169104000000.0,26499662000.0,1.4970756985504192,1.4970756985504192,16.240713119506836,13.893216133117676,10.848291195450111,10.848291195450111,9.280236227580295,2.545022047413998,2.177154482570285
2013-05-14,2013-03-30,2013-04-24,39672000000.0,169104000000.0,26499662000.0,1.4970756985504192,1.4970756985504192,15.852143287658691,13.56081485748291,10.588738634264068,10.588738634264068,9.058202514818394,2.4841307071300744,2.125065108855351
2013-05-15,2013-03-30,2013-04-24,39672000000.0,169104000000.0,26499662000.0,1.4970756985504192,1.4970756985504192,15.316070556640625,13.102227210998535,10.23065872451927,10.23065872451927,8.75188023136378,2.400124733413334,2.0532015359699587
2013-05-16,2013-03-30,2013-04-24,39672000000.0,169104000000.0,26499662000.0,1.4970756985504192,1.4970756985504192,15.520713806152344,13.277288436889648,10.367354049752235,10.367354049752235,8.868815684968846,2.432193619676475,2.0806347327921513
2013-05-17,2013-03-30,2013-04-24,39672000000.0,169104000000.0,26499662000.0,1.4970756985504192,1.4970756985504192,15.473570823669434,13.236961364746094,10.33586400383902,10.33586400383902,8.84187845515301,2.42480601736388,2.0743152265637135
2013-05-20,2013-03-30,2013-04-24,39672000000.0,169104000000.0,26499662000.0,1.4970756985504192,1.4970756985504192,15.818928718566895,13.532400131225586,10.566552335251963,10.566552335251963,9.03922236152031,2.478925774932088,2.120612342264131
2013-05-21,2013-03-30,2013-04-24,39672000000.0,169104000000.0,26499662000.0,1.4970756985504192,1.4970756985504192,15.702142715454102,13.432493209838867,10.488542917808426,10.488542917808426,8.972487645644915,2.460624672599678,2.10495629836092
2013-05-22,2013-03-30,2013-04-24,39672000000.0,169104000000.0,26499662000.0,1.4970756985504192,1.4970756985504192,15.762499809265137,13.484132766723633,10.528859579063083,10.528859579063083,9.006981263392346,2.470083009394163,2.113048542206578
2013-05-23,2013-03-30,2013-04-24,39672000000.0,169104000000.0,26499662000.0,1.4970756985504192,1.4970756985504192,15.790714263916016,13.508264541625977,10.547705957157522,10.547705957157522,9.023100538406768,2.4745043921631256,2.1168301433418093
2013-05-24,2013-03-30,2013-04-24,39672000000.0,169104000000.0,26499662000.0,1.4970756985504192,1.4970756985504192,15.898214340209961,13.600221633911133,10.619512664325393,10.619512664325393,9.084525015722242,2.491350331270206,2.1312403989481785
2013-05-28,2013-03-30,2013-04-24,39672000000.0,169104000000.0,26499662000.0,1.4970756985504192,1.4970756985504192,15.765713691711426,13.486876487731934,10.531006352569193,10.531006352569193,9.008813983682279,2.4705866450180065,2.1134785005715027
2013-05-29,2013-03-30,2013-04-24,39672000000.0,169104000000.0,26499662000.0,1.4970756985504192,1.4970756985504192,15.891071319580078,13.594115257263184,10.614741348728726,10.614741348728726,9.080446146060632,2.4902309749430294,2.130283491262876
2013-05-30,2013-03-30,2013-04-24,39672000000.0,169104000000.0,26499662000.0,1.4970756985504192,1.4970756985504192,16.127857208251953,13.796672821044922,10.77290695712191,10.77290695712191,9.215748298101355,2.5273368152316937,2.162025537434223
2013-05-31,2013-03-30,2013-04-24,39672000000.0,169104000000.0,26499662000.0,1.4970756985504192,1.4970756985504192,16.061786651611328,13.740155220031738,10.7287738804147,10.7287738804147,9.177996298608003,2.516983142822239,2.153168873346442
2013-06-03,2013-03-30,2013-04-24,39672000000.0,169104000000.0,26499662000.0,1.4970756985504192,1.4970756985504192,16.097143173217773,13.770400047302246,10.752390937081026,10.752390937081026,9.19819890245749,2.5225237324716057,2.157908428294384
2013-06-04,2013-03-30,2013-04-24,39672000000.0,169104000000.0,26499662000.0,1.4970756985504192,1.4970756985504192,16.046785354614258,13.727322578430176,10.718753480636922,10.718753480636922,9.169424493178266,2.5146323450883954,2.1511579175736126
2013-06-05,2013-03-30,2013-04-24,39672000000.0,169104000000.0,26499662000.0,1.4970756985504192,1.4970756985504192,15.896785736083984,13.599003791809082,10.618558401206059,10.618558401206059,9.083711535079125,2.491126460004771,2.1310495554194997
2013-06-06,2013-03-30,2013-04-24,39672000000.0,169104000000.0,26499662000.0,1.4970756985504192,1.4970756985504192,15.659285545349121,13.395831108093262,10.459915661253211,10.459915661253211,8.94799850205578,2.453908684083389,2.0992111160797906
2013-06-07,2013-03-30,2013-04-24,39672000000.0,169104000000.0,26499662000.0,1.4970756985504192,1.4970756985504192,15.778928756713867,13.49818229675293,10.539833604935414,10.539833604935414,9.01636591244042,2.47265752894667,2.115250192061313
2013-06-10,2013-03-30,2013-04-24,39672000000.0,169104000000.0,26499662000.0,1.4970756985504192,1.4970756985504192,15.674642562866211,13.408968925476074,10.470173671273653,10.470173671273653,8.95677415541488,2.456315225463433,2.101269894819869
2013-06-11,2013-03-30,2013-04-24,39672000000.0,169104000000.0,26499662000.0,1.4970756985504192,1.4970756985504192,15.628570556640625,13.36955451965332,10.439399004187548,10.439399004187548,8.930446558312799,2.449095451876528,2.095093409152861
2013-06-12,2013-03-30,2013-04-24,39672000000.0,169104000000.0,26499662000.0,1.4970756985504192,1.4970756985504192,15.435357093811035,13.204269409179688,10.310338420934027,10.310338420934027,8.820041245719938,2.418817685183643,2.0691921911971414
2013-06-13,2013-03-30,2013-04-24,39672000000.0,169104000000.0,26499662000.0,1.4970756985504192,1.4970756985504192,15.569999694824219,13.319450378417969,10.400275490344448,10.400275490344448,8.896978550459979,2.4399170288872227,2.0872417746111758
2013-06-14,2013-03-30,2013-04-24,39672000000.0,169104000000.0,26499662000.0,1.4970756985504192,1.4970756985504192,15.358928680419922,13.138890266418457,10.259286618099264,10.259286618099264,8.776370011977694,2.4068408713763954,2.058946867697861
2013-06-17,2013-03-30,2013-04-24,39672000000.0,169104000000.0,26499662000.0,1.4970756985504192,1.4970756985504192,15.428570747375488,13.198464393615723,10.305805352604805,10.305805352604805,8.816163675888577,2.4177542219494383,2.068282508691998
2013-06-18,2013-03-30,2013-04-24,39672000000.0,169104000000.0,26499662000.0,1.4970756985504192,1.4970756985504192,15.420356750488281,13.19144058227539,10.300318658181029,10.300318658181029,8.811471988389318,2.416467036896571,2.0671818332114027
2013-06-19,2013-03-30,2013-04-24,39672000000.0,169104000000.0,26499662000.0,1.4970756985504192,1.4970756985504192,15.10714340209961,12.923501014709473,10.091101883977862,10.091101883977862,8.632496691532014,2.367384532247432,2.025194015200457
2013-06-20,2013-03-30,2013-04-24,39672000000.0,169104000000.0,26499662000.0,1.4970756985504192,1.4970756985504192,14.8871431350708,12.735298156738281,9.944148548724455,9.944148548724455,8.50678303646873,2.332909104604247,1.9957014418510945
2013-06-21,2013-03-30,2013-04-24,39672000000.0,169104000000.0,26499662000.0,1.4970756985504192,1.4970756985504192,14.76785659790039,12.633251190185547,9.864468852309697,9.864468852309697,8.438618836988676,2.314216152833938,1.9797100393900482
2013-06-24,2013-03-30,2013-04-24,39672000000.0,169104000000.0,26499662000.0,1.4970756985504192,1.4970756985504192,14.376428604125977,12.298404693603516,9.603007127860208,9.603007127860208,8.214951792692748,2.252876920572371,1.9272374841500304
2013-06-25,2013-03-30,2013-04-24,39672000000.0,169104000000.0,26499662000.0,1.4970756985504192,1.4970756985504192,14.379643440246582,12.301155090332031,9.605154538391098,9.605154538391098,8.216788972156138,2.2533807056429866,1.9276684886423638
2013-06-26,2013-03-30,2013-04-24,39672000000.0,169104000000.0,26499662000.0,1.4970756985504192,1.4970756985504192,14.21678638458252,12.161836624145508,9.496371090886237,9.496371090886237,8.123728570253,2.2278599791704443,1.9058364074124623
2013-06-27,2013-03-30,2013-04-24,39672000000.0,169104000000.0,26499662000.0,1.4970756985504192,1.4970756985504192,14.063570976257324,12.030768394470215,9.394027963899706,9.394027963899706,8.03617906971525,2.203850159569431,1.8852971902127882
2013-06-28,2013-03-30,2013-04-24,39672000000.0,169104000000.0,26499662000.0,1.4970756985504192,1.4970756985504192,14.161786079406738,12.11478328704834,9.45963259781669,9.45963259781669,8.092298404669036,2.2192410848979547,1.8984628530964966
2013-07-01,2013-03-30,2013-04-24,39672000000.0,169104000000.0,26499662000.0,1.4970756985504192,1.4970756985504192,14.614999771118164,12.50249195098877,9.762365246640167,9.762365246640167,8.351275732479404,2.2902625252194433,1.9592192429447144
2013-07-02,2013-03-30,2013-04-24,39672000000.0,169104000000.0,26499662000.0,1.4970756985504192,1.4970756985504192,14.946070671081543,12.785710334777832,9.983510309835,9.983510309835,8.540456803325252,2.3421434206865244,2.0036013477003465
2013-07-03,2013-03-30,2013-04-24,39672000000.0,169104000000.0,26499662000.0,1.4970756985504192,1.4970756985504192,15.028571128845215,12.856279373168945,10.038618049439318,10.038618049439318,8.587594725916237,2.3550717620952586,2.014659960536409
2013-07-05,2013-03-30,2013-04-24,39672000000.0,169104000000.0,26499662000.0,1.4970756985504192,1.4970756985504192,14.907856941223145,12.75301742553711,9.957984726930006,9.957984726930006,8.518618956867401,2.3361550885062874,1.9984781628870019
2013-07-08,2013-03-30,2013-04-24,39672000000.0,169104000000.0,26499662000.0,1.4970756985504192,1.4970756985504192,14.823213577270508,12.680608749389648,9.901445592646686,9.901445592646686,8.470252213477224,2.3228909401994002,1.98713126722649
2013-07-09,2013-03-30,2013-04-24,39672000000.0,169104000000.0,26499662000.0,1.4970756985504192,1.4970756985504192,15.083929061889648,12.903641700744629,10.075595426801089,10.075595426801089,8.619231287528681,2.363746698907493,2.0220819356067143
2013-07-10,2013-03-30,2013-04-24,39672000000.0,169104000000.0,26499662000.0,1.4970756985504192,1.4970756985504192,15.026070594787598,12.854144096374512,10.036947770468096,10.036947770468096,8.58616842743547,2.3546799126573608,2.014325349212437
2013-07-11,2013-03-30,2013-04-24,39672000000.0,169104000000.0,26499662000.0,1.4970756985504192,1.4970756985504192,15.260356903076172,13.0545654296875,10.193443736914835,10.193443736914835,8.720043643970648,2.3913940529548996,2.04573263461304
2013-07-12,2013-03-30,2013-04-24,39672000000.0,169104000000.0,26499662000.0,1.4970756985504192,1.4970756985504192,15.232500076293945,13.030735969543457,10.174836243112617,10.174836243112617,8.70412630581125,2.3870287127256824,2.0419984081047398
2013-07-15,2013-03-30,2013-04-24,39672000000.0,169104000000.0,26499662000.0,1.4970756985504192,1.4970756985504192,15.265713691711426,13.059152603149414,10.197021905099945,10.197021905099945,8.723107733158892,2.392233495476896,2.0464514735895047
2013-07-16,2013-03-30,2013-04-24,39672000000.0,169104000000.0,26499662000.0,1.4970756985504192,1.4970756985504192,15.364286422729492,13.143471717834473,10.262865423309151,10.262865423309151,8.779430279017264,2.407680463345164,2.0596648099936896
2013-07-17,2013-03-30,2013-04-24,39672000000.0,169104000000.0,26499662000.0,1.4970756985504192,1.4970756985504192,15.368213653564453,13.146833419799805,10.265488691350148,10.265488691350148,8.78167579136416,2.4082958851549527,2.060191609867294
2013-07-18,2013-03-30,2013-04-24,39672000000.0,169104000000.0,26499662000.0,1.4970756985504192,1.4970756985504192,15.420000076293945,13.191134452819824,10.300080410913585,10.300080410913585,8.811267503435175,2.416411143803599,2.0671338607973806
2013-07-19,2013-03-30,2013-04-24,39672000000.0,169104000000.0,26499662000.0,1.4970756985504192,1.4970756985504192,15.176786422729492,12.983075141906738,10.137621255508185,10.137621255508185,8.672290355442897,2.3782980322672476,2.034529656194594
2013-07-22,2013-03-30,2013-04-24,39672000000.0,169104000000.0,26499662000.0,1.4970756985504192,1.4970756985504192,15.225357055664062,13.024624824523926,10.170064927515952,10.170064927515952,8.700044251025744,2.385909356398505,2.041040753185574
2013-07-23,2013-03-30,2013-04-24,39672000000.0,169104000000.0,26499662000.0,1.4970756985504192,1.4970756985504192,14.963929176330566,12.800981521606445,9.995439235851443,9.995439235851443,8.550657481115561,2.3449419609512394,2.005994438870852
2013-07-24,2013-06-29,2013-07-24,37748000000.0,169404000000.0,26340104000.0,1.4330998844955205,1.4330998844955205,15.732500076293945,13.458464622497559,10.97795083685468,10.97795083685468,9.391156030436221,2.4461977768505494,2.0926150376431867
2013-07-25,2013-06-29,2013-07-24,37748000000.0,169404000000.0,26340104000.0,1.4330998844955205,1.4330998844955205,15.660714149475098,13.397050857543945,10.927859473652793,10.927859473652793,9.348302238025768,2.4350360051205735,2.083066001280942
2013-07-26,2013-06-29,2013-07-24,37748000000.0,169404000000.0,26340104000.0,1.4330998844955205,1.4330998844955205,15.749643325805664,13.473130226135254,10.989913191814853,10.989913191814853,9.401389513668171,2.448863327693721,2.094895346992669
2013-07-29,2013-06-29,2013-07-24,37748000000.0,169404000000.0,26340104000.0,1.4330998844955205,1.4330998844955205,15.992500305175781,13.680880546569824,11.15937589430862,11.15937589430862,9.546355208440872,2.4866244082687645,2.127197801753359
2013-07-30,2013-06-29,2013-07-24,37748000000.0,169404000000.0,26340104000.0,1.4330998844955205,1.4330998844955205,16.190000534057617,13.849838256835938,11.297189197497437,11.297189197497437,9.66425188270206,2.5173331079970556,2.1534685135429936
2013-07-31,2013-06-29,2013-07-24,37748000000.0,169404000000.0,26340104000.0,1.4330998844955205,1.4330998844955205,16.161785125732422,13.825697898864746,11.277500822227537,11.277500822227537,9.64740702894667,2.512945981425734,2.149715003947244
2013-08-01,2013-06-29,2013-07-24,37748000000.0,169404000000.0,26340104000.0,1.4330998844955205,1.4330998844955205,16.309999465942383,13.952486038208008,11.380923020368412,11.380923020368412,9.735878279775006,2.5359913707637767,2.169428899582931
2013-08-02,2013-06-29,2013-07-24,37748000000.0,169404000000.0,26340104000.0,1.4330998844955205,1.4330998844955205,16.519285202026367,14.131525993347168,11.526960109861067,11.526960109861067,9.860810224209699,2.5685325625548128,2.197267268443884
2013-08-05,2013-06-29,2013-07-24,37748000000.0,169404000000.0,26340104000.0,1.4330998844955205,1.4330998844955205,16.766071319580078,14.34263801574707,11.69916451809782,11.69916451809782,10.008121674502794,2.606904572673352,2.2300924238455497
2013-08-06,2013-06-29,2013-07-24,37748000000.0,169404000000.0,26340104000.0,1.4330998844955205,1.4330998844955205,16.616071701049805,14.21431827545166,11.59449657404654,11.59449657404654,9.918581690804743,2.5835815959310806,2.210140384314995
2013-08-07,2013-06-29,2013-07-24,37748000000.0,169404000000.0,26340104000.0,1.4330998844955205,1.4330998844955205,16.606428146362305,14.206067085266113,11.587767416650163,11.587767416650163,9.912824108744472,2.5820821494398616,2.208857432273655
2013-08-08,2013-06-29,2013-07-24,37748000000.0,169404000000.0,26340104000.0,1.4330998844955205,1.4330998844955205,16.464643478393555,14.177779197692871,11.488831767081912,11.488831767081912,9.89308515832009,2.5600364899518784,2.2044590361282306
2013-08-09,2013-06-29,2013-07-24,37748000000.0,169404000000.0,26340104000.0,1.4330998844955205,1.4330998844955205,16.230356216430664,13.976033210754395,11.325348911143113,11.325348911143113,9.75230921581871,2.5236078882306807,2.173090176611678
2013-08-12,2013-06-29,2013-07-24,37748000000.0,169404000000.0,26340104000.0,1.4330998844955205,1.4330998844955205,16.691429138183594,14.373067855834961,11.647080094531796,11.647080094531796,10.029355253834638,2.595298690753384,2.234823865562501
2013-08-13,2013-06-29,2013-07-24,37748000000.0,169404000000.0,26340104000.0,1.4330998844955205,1.4330998844955205,17.484643936157227,15.056105613708496,12.200575916110807,12.200575916110807,10.505970851437576,2.7186332063077066,2.34102729392497
2013-08-14,2013-06-29,2013-07-24,37748000000.0,169404000000.0,26340104000.0,1.4330998844955205,1.4330998844955205,17.803571701049805,15.330740928649902,12.423119905083945,12.423119905083945,10.69760809732158,2.7682222980396496,2.3837294896088346
2013-08-15,2013-06-29,2013-07-24,37748000000.0,169404000000.0,26340104000.0,1.4330998844955205,1.4330998844955205,17.782499313354492,15.312594413757324,12.408415844380787,12.408415844380787,10.684945675749363,2.764945817652983,2.380907944134654
2013-08-16,2013-06-29,2013-07-24,37748000000.0,169404000000.0,26340104000.0,1.4330998844955205,1.4330998844955205,17.940357208251953,15.448524475097656,12.518567199918039,12.518567199918039,10.779796050668054,2.789490653482244,2.402043288946056
2013-08-19,2013-06-29,2013-07-24,37748000000.0,169404000000.0,26340104000.0,1.4330998844955205,1.4330998844955205,18.13357162475586,15.614900588989258,12.65338991436681,12.65338991436681,10.89589131778209,2.819532965499742,2.4279125963001955
2013-08-20,2013-06-29,2013-07-24,37748000000.0,169404000000.0,26340104000.0,1.4330998844955205,1.4330998844955205,17.895357131958008,15.409773826599121,12.487166683610143,12.487166683610143,10.752756310509135,2.782493730802789,2.396018070465271
2013-08-21,2013-06-29,2013-07-24,37748000000.0,169404000000.0,26340104000.0,1.4330998844955205,1.4330998844955205,17.941429138183594,15.44944953918457,12.51931517983433,12.51931517983433,10.780441549350261,2.7896573245518774,2.402187124299743
2013-08-22,2013-06-29,2013-07-24,37748000000.0,169404000000.0,26340104000.0,1.4330998844955205,1.4330998844955205,17.96285629272461,15.467890739440918,12.534266792609428,12.534266792609428,10.793309598853202,2.7929889665381022,2.4050544894896855
2013-08-23,2013-06-29,2013-07-24,37748000000.0,169404000000.0,26340104000.0,1.4330998844955205,1.4330998844955205,17.893571853637695,15.40823745727539,12.485920937699738,12.485920937699738,10.751684250326623,2.78221614339856,2.395779185151055
2013-08-26,2013-06-29,2013-07-24,37748000000.0,169404000000.0,26340104000.0,1.4330998844955205,1.4330998844955205,17.963214874267578,15.4682035446167,12.534517006531603,12.534517006531603,10.793527870572548,2.7930447212731395,2.4051031265989735
2013-08-27,2013-06-29,2013-07-24,37748000000.0,169404000000.0,26340104000.0,1.4330998844955205,1.4330998844955205,17.449642181396484,15.025959968566895,12.176152109271227,12.176152109271227,10.484935579948308,2.7131908917190284,2.3363400408012134
2013-08-28,2013-06-29,2013-07-24,37748000000.0,169404000000.0,26340104000.0,1.4330998844955205,1.4330998844955205,17.532142639160156,15.097004890441895,12.233719944323223,12.233719944323223,10.53450987874187,2.7260186327259865,2.34738659596437
2013-08-29,2013-06-29,2013-07-24,37748000000.0,169404000000.0,26340104000.0,1.4330998844955205,1.4330998844955205,17.560714721679688,15.121607780456543,12.253657202590178,12.253657202590178,10.551677481838363,2.7304612174646055,2.3512120232369633
2013-08-30,2013-06-29,2013-07-24,37748000000.0,169404000000.0,26340104000.0,1.4330998844955205,1.4330998844955205,17.400714874267578,14.983833312988281,12.142011218145464,12.142011218145464,10.45554010233061,2.7055833360638175,2.329789897421406
2013-09-03,2013-06-29,2013-07-24,37748000000.0,169404000000.0,26340104000.0,1.4330998844955205,1.4330998844955205,17.44928550720215,15.025662422180176,12.175903226274169,12.175903226274169,10.484727955629907,2.7131354335517304,2.3362937762338416
2013-09-04,2013-06-29,2013-07-24,37748000000.0,169404000000.0,26340104000.0,1.4330998844955205,1.4330998844955205,17.81035614013672,15.33657455444336,12.42785400572851,12.42785400572851,10.701678731794845,2.7692771894892667,2.384636542040281
2013-09-05,2013-06-29,2013-07-24,37748000000.0,169404000000.0,26340104000.0,1.4330998844955205,1.4330998844955205,17.688213348388672,15.231401443481445,12.342624223024952,12.342624223024952,10.628290189865726,2.7502855845832794,2.368283500313165
2013-09-06,2013-06-29,2013-07-24,37748000000.0,169404000000.0,26340104000.0,1.4330998844955205,1.4330998844955205,17.79357147216797,15.322122573852539,12.41614186469051,12.41614186469051,10.691594312176104,2.7666673933811325,2.3823894482776296
2013-09-09,2013-06-29,2013-07-24,37748000000.0,169404000000.0,26340104000.0,1.4330998844955205,1.4330998844955205,18.077499389648438,15.566611289978027,12.61426337774919,12.61426337774919,10.862195621108281,2.810814467092137,2.4204042425538677
2013-09-10,2013-06-29,2013-07-24,37748000000.0,169404000000.0,26340104000.0,1.4330998844955205,1.4330998844955205,17.665714263916016,15.212018966674805,12.326924630333563,12.326924630333563,10.614765328817073,2.7467872715274213,2.365269778943749
2013-09-11,2013-06-29,2013-07-24,37748000000.0,169404000000.0,26340104000.0,1.4330998844955205,1.4330998844955205,16.703929901123047,14.383829116821289,11.655802977754869,11.655802977754869,10.036864333350136,2.5972423957184647,2.2364971007491024
2013-09-12,2013-06-29,2013-07-24,37748000000.0,169404000000.0,26340104000.0,1.4330998844955205,1.4330998844955205,16.881786346435547,14.536981582641602,11.779909083153871,11.779909083153871,10.143732296621394,2.6248967442970197,2.260310303964867
2013-09-13,2013-06-29,2013-07-24,37748000000.0,169404000000.0,26340104000.0,1.4330998844955205,1.4330998844955205,16.60357093811035,14.297404289245605,11.585773690823467,11.585773690823467,9.97655811986795,2.581637890966,2.223059171617998
2013-09-16,2013-06-29,2013-07-24,37748000000.0,169404000000.0,26340104000.0,1.4330998844955205,1.4330998844955205,16.075714111328125,13.84286880493164,11.217441495354732,11.217441495354732,9.659388682321055,2.4995630656103183,2.152384855022639
2013-09-17,2013-06-29,2013-07-24,37748000000.0,169404000000.0,26340104000.0,1.4330998844955205,1.4330998844955205,16.261428833007812,14.002788543701172,11.347031012239707,11.347031012239707,9.770978767910815,2.528439273275864,2.1772502805783653
2013-09-18,2013-06-29,2013-07-24,37748000000.0,169404000000.0,26340104000.0,1.4330998844955205,1.4330998844955205,16.595714569091797,14.290641784667969,11.580291610262615,11.580291610262615,9.971839324862243,2.5804163284467494,2.2220076906973856
2013-09-19,2013-06-29,2013-07-24,37748000000.0,169404000000.0,26340104000.0,1.4330998844955205,1.4330998844955205,16.867856979370117,14.52498722076416,11.770189337017452,11.770189337017452,10.135362774017139,2.622730910095008,2.25844533773464
2013-09-20,2013-06-29,2013-07-24,37748000000.0,169404000000.0,26340104000.0,1.4330998844955205,1.4330998844955205,16.693214416503906,14.374604225158691,11.648325840442201,11.648325840442201,10.03042731401715,2.595576278157613,2.235062750876717
2013-09-23,2013-06-29,2013-07-24,37748000000.0,169404000000.0,26340104000.0,1.4330998844955205,1.4330998844955205,17.522857666015625,15.089014053344727,12.227241000849022,12.227241000849022,10.528933967960201,2.724574940969805,2.3461441254194804
2013-09-24,2013-06-29,2013-07-24,37748000000.0,169404000000.0,26340104000.0,1.4330998844955205,1.4330998844955205,17.467857360839844,15.041650772094727,12.188862444147691,12.188862444147691,10.49588443543116,2.7160231136318327,2.3387797553107093
2013-09-25,2013-06-29,2013-07-24,37748000000.0,169404000000.0,26340104000.0,1.4330998844955205,1.4330998844955205,17.197500228881836,14.80884075164795,12.000210463303258,12.000210463303258,10.333432380996216,2.673986119387803,2.3025808453038015
2013-09-26,2013-06-29,2013-07-24,37748000000.0,169404000000.0,26340104000.0,1.4330998844955205,1.4330998844955205,17.364999771118164,14.953078269958496,12.117089645311768,12.117089645311768,10.434079600266157,2.7000301051405438,2.32500789090486
2013-09-27,2013-06-29,2013-07-24,37748000000.0,169404000000.0,26340104000.0,1.4330998844955205,1.4330998844955205,17.241071701049805,14.846363067626953,12.030614116697807,12.030614116697807,10.359615005379172,2.680760912830327,2.308415074160309
2013-09-30,2013-06-29,2013-07-24,37748000000.0,169404000000.0,26340104000.0,1.4330998844955205,1.4330998844955205,17.02678680419922,14.661845207214355,11.881088672470995,11.881088672470995,10.230860644005714,2.6474424169939024,2.279724962751338
2013-10-01,2013-06-29,2013-07-24,37748000000.0,169404000000.0,26340104000.0,1.4330998844955205,1.4330998844955205,17.427143096923828,15.006589889526367,12.160452516579838,12.160452516579838,10.471419369912924,2.7096925786631703,2.333328247122105
2013-10-02,2013-06-29,2013-07-24,37748000000.0,169404000000.0,26340104000.0,1.4330998844955205,1.4330998844955205,17.484285354614258,15.05579948425293,12.200325702188632,12.200325702188632,10.505757237956145,2.7185774515726693,2.3409796948027704
2013-10-03,2013-06-29,2013-07-24,37748000000.0,169404000000.0,26340104000.0,1.4330998844955205,1.4330998844955205,17.2646427154541,14.866660118103027,12.047061689305485,12.047061689305485,10.373778045021883,2.684425896955818,2.311570999760844
2013-10-04,2013-06-29,2013-07-24,37748000000.0,169404000000.0,26340104000.0,1.4330998844955205,1.4330998844955205,17.25107192993164,14.854971885681152,12.037592157091241,12.037592157091241,10.36562213589906,2.682315817488844,2.309753632652816
2013-10-07,2013-06-29,2013-07-24,37748000000.0,169404000000.0,26340104000.0,1.4330998844955205,1.4330998844955205,17.41964340209961,15.00013542175293,12.155219319016043,12.155219319016043,10.466915519313767,2.708526474311218,2.3323246618914313
2013-10-08,2013-06-29,2013-07-24,37748000000.0,169404000000.0,26340104000.0,1.4330998844955205,1.4330998844955205,17.176429748535156,14.790703773498535,11.985507733525218,11.985507733525218,10.320776614049588,2.670709935568876,2.2997607826683186
2013-10-09,2013-06-29,2013-07-24,37748000000.0,169404000000.0,26340104000.0,1.4330998844955205,1.4330998844955205,17.37821388244629,14.96445369720459,12.126310294528956,12.126310294528956,10.442017237669637,2.70208472644022,2.3267766209036
2013-10-10,2013-06-29,2013-07-24,37748000000.0,169404000000.0,26340104000.0,1.4330998844955205,1.4330998844955205,17.48714256286621,15.058256149291992,12.202319428015327,12.202319428015327,10.50747146950807,2.719021710046531,2.3413616740513246
2013-10-11,2013-06-29,2013-07-24,37748000000.0,169404000000.0,26340104000.0,1.4330998844955205,1.4330998844955205,17.600357055664062,15.155744552612305,12.28131915024174,12.28131915024174,10.57549771413695,2.736625081363635,2.3565198443557507
2013-10-14,2013-06-29,2013-07-24,37748000000.0,169404000000.0,26340104000.0,1.4330998844955205,1.4330998844955205,17.715713500976562,15.25507926940918,12.361813501375616,12.361813501375616,10.64481229428001,2.7545614982522655,2.371965092232071
2013-10-15,2013-06-29,2013-07-24,37748000000.0,169404000000.0,26340104000.0,1.4330998844955205,1.4330998844955205,17.809999465942383,15.336264610290527,12.427605122731451,12.427605122731451,10.701462456463176,2.7692217313219687,2.3845883497826024
2013-10-16,2013-06-29,2013-07-24,37748000000.0,169404000000.0,26340104000.0,1.4330998844955205,1.4330998844955205,17.896785736083984,15.411008834838867,12.488163546523491,12.488163546523491,10.75361808452301,2.78271586003972,2.396210098076637
2013-10-17,2013-06-29,2013-07-24,37748000000.0,169404000000.0,26340104000.0,1.4330998844955205,1.4330998844955205,18.01785659790039,15.515264511108398,12.572645349310758,12.572645349310758,10.826366451470394,2.8015407938760744,2.4124204907210243
2013-10-18,2013-06-29,2013-07-24,37748000000.0,169404000000.0,26340104000.0,1.4330998844955205,1.4330998844955205,18.17464256286621,15.65026569366455,12.68204872493172,12.68204872493172,10.92056866585664,2.8259189586357025,2.43341140704326
2013-10-21,2013-06-29,2013-07-24,37748000000.0,169404000000.0,26340104000.0,1.4330998844955205,1.4330998844955205,18.6200008392334,16.033761978149414,12.992814416273578,12.992814416273578,11.188167797385328,2.895166339552165,2.493040058178681
2013-10-22,2013-06-29,2013-07-24,37748000000.0,169404000000.0,26340104000.0,1.4330998844955205,1.4330998844955205,18.56678581237793,15.987940788269043,12.955681605482653,12.955681605482653,11.156194317814151,2.886892099618422,2.485915463087345
2013-10-23,2013-06-29,2013-07-24,37748000000.0,169404000000.0,26340104000.0,1.4330998844955205,1.4330998844955205,18.748571395874023,16.144474029541016,13.082529416624642,13.082529416624642,11.265421345856984,2.915157377740472,2.5102543326214812
2013-10-24,2013-06-29,2013-07-24,37748000000.0,169404000000.0,26340104000.0,1.4330998844955205,1.4330998844955205,18.99678611755371,16.358217239379883,13.255730687774744,13.255730687774744,11.414568807350298,2.953751517095942,2.543488603219871
2013-10-25,2013-06-29,2013-07-24,37748000000.0,169404000000.0,26340104000.0,1.4330998844955205,1.4330998844955205,18.784286499023438,16.17523193359375,13.107450989458336,13.107450989458336,11.286883844309116,2.920710608663746,2.515036783989637
2013-10-28,2013-06-29,2013-07-24,37748000000.0,169404000000.0,26340104000.0,1.4330998844955205,1.4330998844955205,18.924285888671875,16.295785903930664,13.205140893116182,13.205140893116182,11.371004966389417,2.9424786807475005,2.5337813479685702
2013-10-29,2013-06-29,2013-07-24,37748000000.0,169404000000.0,26340104000.0,1.4330998844955205,1.4330998844955205,18.452856063842773,15.8898344039917,12.876182786337006,12.876182786337006,11.087736853447055,2.8691775153989827,2.4706612048353014
2013-10-30,2013-09-28,2013-10-30,37037000000.0,170910000000.0,26244253000.0,1.411242301314501,1.411242301314501,18.746429443359375,16.142641067504883,13.283636286906948,13.283636286906948,11.43860345772574,2.8786263949340154,2.478799112186462
2013-10-31,2013-09-28,2013-10-30,37037000000.0,170910000000.0,26244253000.0,1.411242301314501,1.411242301314501,18.667856216430664,16.074974060058594,13.227959648773636,13.227959648773636,11.390654918071522,2.8665610058605644,2.4684084383629683
2013-11-01,2013-09-28,2013-10-30,37037000000.0,170910000000.0,26244253000.0,1.411242301314501,1.411242301314501,18.572500228881836,15.992866516113281,13.160390821322808,13.160390821322808,11.332473878664729,2.8519185234879925,2.4558003337669274
2013-11-04,2013-09-28,2013-10-30,37037000000.0,170910000000.0,26244253000.0,1.411242301314501,1.411242301314501,18.8125,16.19952964782715,13.33045358864109,13.33045358864109,11.47891445199602,2.8887719241852436,2.4875346940411713
2013-11-05,2013-09-28,2013-10-30,37037000000.0,170910000000.0,26244253000.0,1.411242301314501,1.411242301314501,18.766071319580078,16.159547805786133,13.297554432786226,13.297554432786226,11.450583497060943,2.881642522538783,2.4813952429971686
2013-11-06,2013-09-28,2013-10-30,37037000000.0,170910000000.0,26244253000.0,1.411242301314501,1.411242301314501,18.604286193847656,16.113771438598633,13.182914214319329,13.182914214319329,11.418146567452993,2.8567994485737813,2.4743660079501284
2013-11-07,2013-09-28,2013-10-30,37037000000.0,170910000000.0,26244253000.0,1.411242301314501,1.411242301314501,18.303213119506836,15.852999687194824,12.969575176749107,12.969575176749107,11.233364867555737,2.810567876784604,2.434322945407886
2013-11-08,2013-09-28,2013-10-30,37037000000.0,170910000000.0,26244253000.0,1.411242301314501,1.411242301314501,18.591428756713867,16.102638244628906,13.173803491715695,13.173803491715695,11.410257635864593,2.854825112179944,2.4726564394097297
2013-11-11,2013-09-28,2013-10-30,37037000000.0,170910000000.0,26244253000.0,1.411242301314501,1.411242301314501,18.537500381469727,16.05592918395996,13.135590085560063,13.135590085560063,11.37715980381588,2.846544087524943,2.465483983698606
2013-11-12,2013-09-28,2013-10-30,37037000000.0,170910000000.0,26244253000.0,1.411242301314501,1.411242301314501,18.571786880493164,16.085615158081055,13.159885345836418,13.159885345836418,11.398195152666636,2.851808984575176,2.4700424426266117
2013-11-13,2013-09-28,2013-10-30,37037000000.0,170910000000.0,26244253000.0,1.411242301314501,1.411242301314501,18.593929290771484,16.104799270629883,13.17557535899553,13.17557535899553,11.411788929249836,2.8552090841443887,2.4729882778809085
2013-11-14,2013-09-28,2013-10-30,37037000000.0,170910000000.0,26244253000.0,1.411242301314501,1.411242301314501,18.862857818603516,16.337724685668945,13.366136914287303,13.366136914287303,11.576838839404955,2.896504668506575,2.5087553688785986
2013-11-15,2013-09-28,2013-10-30,37037000000.0,170910000000.0,26244253000.0,1.411242301314501,1.411242301314501,18.749643325805664,16.23967170715332,13.285913629673173,13.285913629673173,11.507358936184726,2.8791199058112764,2.493698747407838
2013-11-18,2013-09-28,2013-10-30,37037000000.0,170910000000.0,26244253000.0,1.411242301314501,1.411242301314501,18.522499084472656,16.042930603027344,13.124960233419792,13.124960233419792,11.367949067345958,2.8442405486230693,2.4634879738300404
2013-11-19,2013-09-28,2013-10-30,37037000000.0,170910000000.0,26244253000.0,1.411242301314501,1.411242301314501,18.555356979370117,16.071392059326172,13.148243191184632,13.148243191184632,11.3881167283297,2.849286074962876,2.4678584007205377
2013-11-20,2013-09-28,2013-10-30,37037000000.0,170910000000.0,26244253000.0,1.411242301314501,1.411242301314501,18.39285659790039,15.930644035339355,13.033096145692609,13.033096145692609,11.288383306325755,2.824333169200264,2.4462456995868407
2013-11-21,2013-09-28,2013-10-30,37037000000.0,170910000000.0,26244253000.0,1.411242301314501,1.411242301314501,18.61214256286621,16.120574951171875,13.188481202363294,13.188481202363294,11.422967506115976,2.8580058410387297,2.475410728008995
2013-11-22,2013-09-28,2013-10-30,37037000000.0,170910000000.0,26244253000.0,1.411242301314501,1.411242301314501,18.564285278320312,16.079120635986328,13.154569743996914,13.154569743996914,11.393593163278508,2.8506570686818424,2.4690451699043128
2013-11-25,2013-09-28,2013-10-30,37037000000.0,170910000000.0,26244253000.0,1.411242301314501,1.411242301314501,18.704999923706055,16.200998306274414,13.25427951407302,13.25427951407302,11.479955136820942,2.8722646443316506,2.4877602153322638
2013-11-26,2013-09-28,2013-10-30,37037000000.0,170910000000.0,26244253000.0,1.411242301314501,1.411242301314501,19.049999237060547,16.499813079833984,13.498744488679536,13.498744488679536,11.691693952530505,2.9252413529180505,2.5336450115257874
2013-11-27,2013-09-28,2013-10-30,37037000000.0,170910000000.0,26244253000.0,1.411242301314501,1.411242301314501,19.498571395874023,16.888338088989258,13.816600719601508,13.816600719601508,11.967001041039248,2.9941222915679657,2.5933053511027477
2013-11-29,2013-09-28,2013-10-30,37037000000.0,170910000000.0,26244253000.0,1.411242301314501,1.411242301314501,19.859643936157227,17.20107078552246,14.072455111116616,14.072455111116616,12.188602034888362,3.0495671403102573,2.641327327635365
2013-12-02,2013-09-28,2013-10-30,37037000000.0,170910000000.0,26244253000.0,1.411242301314501,1.411242301314501,19.686786651611328,17.051359176635742,13.949969210300797,13.949969210300797,12.08251705660556,3.0230238701182524,2.61833821441402
2013-12-03,2013-09-28,2013-10-30,37037000000.0,170910000000.0,26244253000.0,1.411242301314501,1.411242301314501,20.2257137298584,17.518138885498047,14.331850534113928,14.331850534113928,12.413275076279094,3.1057793472118513,2.6900150313038957
2013-12-04,2013-09-28,2013-10-30,37037000000.0,170910000000.0,26244253000.0,1.411242301314501,1.411242301314501,20.178571701049805,17.477313995361328,14.298445902772674,14.298445902772674,12.384346741223737,3.098540406652574,2.68374612518111
2013-12-05,2013-09-28,2013-10-30,37037000000.0,170910000000.0,26244253000.0,1.411242301314501,1.411242301314501,20.282142639160156,17.567012786865234,14.371835807549393,14.371835807549393,12.447906904790516,3.114444343831296,2.6975199112557857
2013-12-06,2013-09-28,2013-10-30,37037000000.0,170910000000.0,26244253000.0,1.411242301314501,1.411242301314501,20.000713348388672,17.323261260986328,14.172416267397184,14.172416267397184,12.275185660783116,3.07122919253168,2.6600904061694703
2013-12-09,2013-09-28,2013-10-30,37037000000.0,170910000000.0,26244253000.0,1.411242301314501,1.411242301314501,20.229642868041992,17.521543502807617,14.334634703905277,14.334634703905277,12.415687572918685,3.106382689886722,2.690537830660519
2013-12-10,2013-09-28,2013-10-30,37037000000.0,170910000000.0,26244253000.0,1.411242301314501,1.411242301314501,20.198213577270508,17.49431610107422,14.31236404865195,14.31236404865195,12.396394357495623,3.1015565342573415,2.686356900231498
2013-12-11,2013-09-28,2013-10-30,37037000000.0,170910000000.0,26244253000.0,1.411242301314501,1.411242301314501,20.04857063293457,17.364704132080078,14.206327725763561,14.206327725763561,12.30455189438818,3.078577964888567,2.666454206965391
2013-12-12,2013-09-28,2013-10-30,37037000000.0,170910000000.0,26244253000.0,1.411242301314501,1.411242301314501,20.019285202026367,17.339344024658203,14.185576200046876,14.185576200046876,12.286581835385375,3.0740810117672233,2.662560010749331
2013-12-13,2013-09-28,2013-10-30,37037000000.0,170910000000.0,26244253000.0,1.411242301314501,1.411242301314501,19.801071166992188,17.150341033935547,14.03095070814451,14.03095070814451,12.152655159189084,3.0405729411827758,2.6335374707792765
2013-12-16,2013-09-28,2013-10-30,37037000000.0,170910000000.0,26244253000.0,1.411242301314501,1.411242301314501,19.91071319580078,17.24530601501465,14.108642560710486,14.108642560710486,12.21994692119951,3.057409130659612,2.6481199117691547
2013-12-17,2013-09-28,2013-10-30,37037000000.0,170910000000.0,26244253000.0,1.411242301314501,1.411242301314501,19.82107162475586,17.167665481567383,14.045122943305717,14.045122943305717,12.16493118550696,3.043644131128745,2.636197743359787
2013-12-18,2013-09-28,2013-10-30,37037000000.0,170910000000.0,26244253000.0,1.411242301314501,1.411242301314501,19.67035675048828,17.03713035583496,13.93832705564901,13.93832705564901,12.072434577652423,3.0205009605059523,2.6161532938535648
2013-12-19,2013-09-28,2013-10-30,37037000000.0,170910000000.0,26244253000.0,1.411242301314501,1.411242301314501,19.44499969482422,16.84193992614746,13.778640051189072,13.778640051189072,11.934123509804124,2.985896036369373,2.586180635612985
2013-12-20,2013-09-28,2013-10-30,37037000000.0,170910000000.0,26244253000.0,1.411242301314501,1.411242301314501,19.60785675048828,16.98299217224121,13.894039834424289,13.894039834424289,12.034072502236087,3.0109037115883934,2.607840051871265
2013-12-23,2013-09-28,2013-10-30,37037000000.0,170910000000.0,26244253000.0,1.411242301314501,1.411242301314501,20.3603572845459,17.634756088256836,14.427258356400777,14.427258356400777,12.495909505994081,3.1264546705635454,2.707922300471024
2013-12-24,2013-09-28,2013-10-30,37037000000.0,170910000000.0,26244253000.0,1.411242301314501,1.411242301314501,20.273929595947266,17.559904098510742,14.366016081762234,14.366016081762234,12.442869719930147,3.11318318190994,2.696428329629939
2013-12-26,2013-09-28,2013-10-30,37037000000.0,170910000000.0,26244253000.0,1.411242301314501,1.411242301314501,20.139286041259766,17.443281173706055,14.270608259475383,14.270608259475383,12.36023123559896,3.0925078585582453,2.6785201818084294
2013-12-27,2013-09-28,2013-10-30,37037000000.0,170910000000.0,26244253000.0,1.411242301314501,1.411242301314501,20.00321388244629,17.32542610168457,14.174188134677017,14.174188134677017,12.276719657245826,3.0716131644961244,2.6604228304102366
2013-12-30,2013-09-28,2013-10-30,37037000000.0,170910000000.0,26244253000.0,1.411242301314501,1.411242301314501,19.804285049438477,17.153127670288086,14.033228050910736,14.033228050910736,12.154629757278968,3.041066452060037,2.6339653754627648
2013-12-31,2013-09-28,2013-10-30,37037000000.0,170910000000.0,26244253000.0,1.411242301314501,1.411242301314501,20.036428451538086,17.354198455810547,14.197723830185053,14.197723830185053,12.297107619043155,3.0767134602923396,2.6648409975220955
2014-01-02,2013-09-28,2013-10-30,37037000000.0,170910000000.0,26244253000.0,1.411242301314501,1.411242301314501,19.754642486572266,17.11012840270996,13.998051552289647,13.998051552289647,12.124160668067233,3.0334435395363153,2.627362580675245
2014-01-03,2013-09-28,2013-10-30,37037000000.0,170910000000.0,26244253000.0,1.411242301314501,1.411242301314501,19.320714950561523,16.73429298400879,13.690572435764754,13.690572435764754,11.857845366753562,2.9668113703318655,2.5696508036302825
2014-01-06,2013-09-28,2013-10-30,37037000000.0,170910000000.0,26244253000.0,1.411242301314501,1.411242301314501,19.426071166992188,16.82554054260254,13.765227380796183,13.765227380796183,11.922502979772075,2.982989447677422,2.583662412157383
2014-01-07,2013-09-28,2013-10-30,37037000000.0,170910000000.0,26244253000.0,1.411242301314501,1.411242301314501,19.28714370727539,16.70521354675293,13.666784002513522,13.666784002513522,11.837239807220111,2.961656305079242,2.5651854820666506
2014-01-08,2013-09-28,2013-10-30,37037000000.0,170910000000.0,26244253000.0,1.411242301314501,1.411242301314501,19.409286499023438,16.81100845336914,13.753333839939936,13.753333839939936,11.912205606160285,2.9804120614935075,2.581430922914741
2014-01-09,2013-09-28,2013-10-30,37037000000.0,170910000000.0,26244253000.0,1.411242301314501,1.411242301314501,19.161428451538086,16.59632682800293,13.577702733038956,13.577702733038956,11.760083163992666,2.9423519754465146,2.5484652749680907
2014-01-10,2013-09-28,2013-10-30,37037000000.0,170910000000.0,26244253000.0,1.411242301314501,1.411242301314501,19.033571243286133,16.48558235168457,13.487103685566483,13.487103685566483,11.681610122038634,2.922718736190544,2.5314597980805384
2014-01-13,2013-09-28,2013-10-30,37037000000.0,170910000000.0,26244253000.0,1.411242301314501,1.411242301314501,19.133214950561523,16.57189178466797,13.557710772090589,13.557710772090589,11.74276860127569,2.9380196235791884,2.5447131278769395
2014-01-14,2013-09-28,2013-10-30,37037000000.0,170910000000.0,26244253000.0,1.411242301314501,1.411242301314501,19.51392936706543,16.901636123657227,13.827483309484975,13.827483309484975,11.976423969090357,2.996480599926248,2.5953473438839127
2014-01-15,2013-09-28,2013-10-30,37037000000.0,170910000000.0,26244253000.0,1.411242301314501,1.411242301314501,19.90571403503418,17.2409725189209,14.105100177689552,14.105100177689552,12.216876225196625,3.056641479615516,2.647454477518035
2014-01-16,2013-09-28,2013-10-30,37037000000.0,170910000000.0,26244253000.0,1.411242301314501,1.411242301314501,19.79464340209961,17.144777297973633,14.026396022612062,14.026396022612062,12.148712720702985,3.039585919428254,2.632683125836267
2014-01-17,2013-09-28,2013-10-30,37037000000.0,170910000000.0,26244253000.0,1.411242301314501,1.411242301314501,19.309642791748047,16.72469711303711,13.68272675341583,13.68272675341583,11.851045775384495,2.965111174104863,2.568177300233547
2014-01-21,2013-09-28,2013-10-30,37037000000.0,170910000000.0,26244253000.0,1.411242301314501,1.411242301314501,19.609643936157227,16.98454475402832,13.895306226217732,13.895306226217732,12.03517265476529,3.0111781446400214,2.608078460093277
2014-01-22,2013-09-28,2013-10-30,37037000000.0,170910000000.0,26244253000.0,1.411242301314501,1.411242301314501,19.696786880493164,17.06001091003418,13.957055327881399,13.957055327881399,12.088647636301463,3.024559465091237,2.6196667398379105
2014-01-23,2013-09-28,2013-10-30,37037000000.0,170910000000.0,26244253000.0,1.411242301314501,1.411242301314501,19.863571166992188,17.204479217529297,14.075237929369232,14.075237929369232,12.19101723460542,3.0501701901003346,2.641850712761576
2014-01-24,2013-09-28,2013-10-30,37037000000.0,170910000000.0,26244253000.0,1.411242301314501,1.411242301314501,19.502500534057617,16.89173698425293,13.819384889392857,13.819384889392857,11.969409483062638,2.9947256342428368,2.5938272718049906
2014-01-27,2013-09-28,2013-10-30,37037000000.0,170910000000.0,26244253000.0,1.411242301314501,1.411242301314501,19.66071319580078,17.028770446777344,13.931493675811602,13.931493675811602,12.066510783382771,3.019020134989376,2.614869579803099
2014-01-28,2013-12-28,2014-01-28,37031000000.0,173992000000.0,25923898000.0,1.4284503048114139,1.4284503048114139,18.08928680419922,15.667718887329102,12.663574464767532,12.663574464767532,10.968333189160246,2.6952091245850758,2.334408170075596
2014-01-29,2013-12-28,2014-01-28,37031000000.0,173992000000.0,25923898000.0,1.4284503048114139,1.4284503048114139,17.883928298950195,15.489847183227539,12.519811321900525,12.519811321900525,10.843812438594098,2.664611781353731,2.3079062164558026
2014-01-30,2013-12-28,2014-01-28,37031000000.0,173992000000.0,25923898000.0,1.4284503048114139,1.4284503048114139,17.849285125732422,15.459833145141602,12.495559044379155,12.495559044379155,10.82280083043045,2.659450129732427,2.3034342817581845
2014-01-31,2013-12-28,2014-01-28,37031000000.0,173992000000.0,25923898000.0,1.4284503048114139,1.4284503048114139,17.878570556640625,15.485200881958008,12.516060584271415,12.516060584271415,10.840559751921077,2.66381350577127,2.3072139418673814
2014-02-03,2013-12-28,2014-01-28,37031000000.0,173992000000.0,25923898000.0,1.4284503048114139,1.4284503048114139,17.911785125732422,15.513972282409668,12.53931275410884,12.53931275410884,10.860701439983133,2.668762302849582,2.3115007300566432
2014-02-04,2013-12-28,2014-01-28,37031000000.0,173992000000.0,25923898000.0,1.4284503048114139,1.4284503048114139,18.171070098876953,15.738542556762695,12.720827625344603,12.720827625344603,11.017913961550466,2.7073944077551615,2.3449605264045204
2014-02-05,2013-12-28,2014-01-28,37031000000.0,173992000000.0,25923898000.0,1.4284503048114139,1.4284503048114139,18.306785583496094,15.856088638305664,12.815836520062197,12.815836520062197,11.100203195657555,2.7276153051543934,2.3624742777736616
2014-02-06,2013-12-28,2014-01-28,37031000000.0,173992000000.0,25923898000.0,1.4284503048114139,1.4284503048114139,18.30392837524414,15.948508262634277,12.813836304694304,12.813836304694304,11.164902418316766,2.7271895960684103,2.376244318432389
2014-02-07,2013-12-28,2014-01-28,37031000000.0,173992000000.0,25923898000.0,1.4284503048114139,1.4284503048114139,18.559999465942383,16.1716365814209,12.993101267455504,12.993101267455504,11.32110548539937,2.765342849298501,2.4094892709424807
2014-02-10,2013-12-28,2014-01-28,37031000000.0,173992000000.0,25923898000.0,1.4284503048114139,1.4284503048114139,18.892499923706055,16.461347579956055,13.225871323679174,13.225871323679174,11.523920380365844,2.814883678486158,2.4526546944993313
2014-02-11,2013-12-28,2014-01-28,37031000000.0,173992000000.0,25923898000.0,1.4284503048114139,1.4284503048114139,19.141429901123047,16.678237915039062,13.4001370832779,13.4001370832779,11.675756488596184,2.851972943186261,2.484970220063022
2014-02-12,2013-12-28,2014-01-28,37031000000.0,173992000000.0,25923898000.0,1.4284503048114139,1.4284503048114139,19.139999389648438,16.676998138427734,13.399135640336699,13.399135640336699,11.674888571380476,2.851759804458299,2.4847854998321215
2014-02-13,2013-12-28,2014-01-28,37031000000.0,173992000000.0,25923898000.0,1.4284503048114139,1.4284503048114139,19.44392967224121,16.941816329956055,13.61190487813871,13.61190487813871,11.860277023912804,2.8970438269710943,2.524242025337459
2014-02-14,2013-12-28,2014-01-28,37031000000.0,173992000000.0,25923898000.0,1.4284503048114139,1.4284503048114139,19.428213119506836,16.928119659423828,13.60090235835805,13.60090235835805,11.850688541565122,2.894702142813216,2.522201293063463
2014-02-18,2013-12-28,2014-01-28,37031000000.0,173992000000.0,25923898000.0,1.4284503048114139,1.4284503048114139,19.499643325805664,16.9903621673584,13.65090774255534,13.65090774255534,11.894261991565392,2.905344869962796,2.5314751012095846
2014-02-19,2013-12-28,2014-01-28,37031000000.0,173992000000.0,25923898000.0,1.4284503048114139,1.4284503048114139,19.19178581237793,16.722122192382812,13.43538921006542,13.43538921006542,11.706478087517711,2.859475710595502,2.4915087478669617
2014-02-20,2013-12-28,2014-01-28,37031000000.0,173992000000.0,25923898000.0,1.4284503048114139,1.4284503048114139,18.969642639160156,16.5285701751709,13.27987580335499,13.27987580335499,11.570980187058748,2.826377539622734,2.462670509603732
2014-02-21,2013-12-28,2014-01-28,37031000000.0,173992000000.0,25923898000.0,1.4284503048114139,1.4284503048114139,18.758928298950195,16.344972610473633,13.132363258116127,13.132363258116127,11.442450994213285,2.7949822049938984,2.435315432702148
2014-02-24,2013-12-28,2014-01-28,37031000000.0,173992000000.0,25923898000.0,1.4284503048114139,1.4284503048114139,18.8410701751709,16.416536331176758,13.189867447057127,13.189867447057127,11.492549846418418,2.80722091493846,2.4459780527996715
2014-02-25,2013-12-28,2014-01-28,37031000000.0,173992000000.0,25923898000.0,1.4284503048114139,1.4284503048114139,18.645000457763672,16.245698928833008,13.052607007021649,13.052607007021649,11.372953524608466,2.7780075525140164,2.4205241733515113
2014-02-26,2013-12-28,2014-01-28,37031000000.0,173992000000.0,25923898000.0,1.4284503048114139,1.4284503048114139,18.47678565979004,16.099130630493164,12.934846663937233,12.934846663937233,11.270347016110298,2.752944427400453,2.3986862634694726
2014-02-27,2013-12-28,2014-01-28,37031000000.0,173992000000.0,25923898000.0,1.4284503048114139,1.4284503048114139,18.84535789489746,16.42027473449707,13.192869105366219,13.192869105366219,11.49516695063809,2.8078597627524053,2.4465350553420797
2014-02-28,2013-12-28,2014-01-28,37031000000.0,173992000000.0,25923898000.0,1.4284503048114139,1.4284503048114139,18.794286727905273,16.375774383544922,13.157116257108099,13.157116257108099,11.46401406362322,2.8002504259791836,2.4399047357926307
2014-03-03,2013-12-28,2014-01-28,37031000000.0,173992000000.0,25923898000.0,1.4284503048114139,1.4284503048114139,18.84857177734375,16.42306900024414,13.195119013840783,13.195119013840783,11.497123102516568,2.808338614427894,2.4469513863240326
2014-03-04,2013-12-28,2014-01-28,37031000000.0,173992000000.0,25923898000.0,1.4284503048114139,1.4284503048114139,18.972856521606445,16.5313663482666,13.282125711829554,13.282125711829554,11.572937674194481,2.826856391298222,2.463087124770655
2014-03-05,2013-12-28,2014-01-28,37031000000.0,173992000000.0,25923898000.0,1.4284503048114139,1.4284503048114139,19.01285743713379,16.566219329833984,13.310128726980036,13.310128726980036,11.597336830013894,2.8328163185019872,2.4682800367387268
2014-03-06,2013-12-28,2014-01-28,37031000000.0,173992000000.0,25923898000.0,1.4284503048114139,1.4284503048114139,18.95535659790039,16.51611328125,13.269874726515534,13.269874726515534,11.562259621926772,2.8242489941928177,2.4608144975606367
2014-03-07,2013-12-28,2014-01-28,37031000000.0,173992000000.0,25923898000.0,1.4284503048114139,1.4284503048114139,18.944286346435547,16.506473541259766,13.262124893407895,13.262124893407895,11.555511231760335,2.8225995846233607,2.459378226719142
2014-03-10,2013-12-28,2014-01-28,37031000000.0,173992000000.0,25923898000.0,1.4284503048114139,1.4284503048114139,18.961429595947266,16.521408081054688,13.274126185615243,13.274126185615243,11.565966296066469,2.82515383913926,2.4616033950390674
2014-03-11,2013-12-28,2014-01-28,37031000000.0,173992000000.0,25923898000.0,1.4284503048114139,1.4284503048114139,19.14607048034668,16.682289123535156,13.403385764179156,13.403385764179156,11.678592575005665,2.8526643652197707,2.485573828940611
2014-03-12,2013-12-28,2014-01-28,37031000000.0,173992000000.0,25923898000.0,1.4284503048114139,1.4284503048114139,19.164642333984375,16.698469161987305,13.41638716407045,13.41638716407045,11.689919562299272,2.8554314742786615,2.487984570046349
2014-03-13,2013-12-28,2014-01-28,37031000000.0,173992000000.0,25923898000.0,1.4284503048114139,1.4284503048114139,18.951786041259766,16.513002395629883,13.267375124934295,13.267375124934295,11.560081817343974,2.823716999927824,2.4603509918735615
2014-03-14,2013-12-28,2014-01-28,37031000000.0,173992000000.0,25923898000.0,1.4284503048114139,1.4284503048114139,18.738929748535156,16.327537536621094,13.118363085798142,13.118363085798142,11.43024540764593,2.7920025255769865,2.4327176978857445
2014-03-17,2013-12-28,2014-01-28,37031000000.0,173992000000.0,25923898000.0,1.4284503048114139,1.4284503048114139,18.812143325805664,16.391332626342773,13.169616935528794,13.169616935528794,11.474905757051717,2.802910965674093,2.442222832597948
2014-03-18,2013-12-28,2014-01-28,37031000000.0,173992000000.0,25923898000.0,1.4284503048114139,1.4284503048114139,18.97857093811035,16.536346435546875,13.286126142565339,13.286126142565339,11.576424030887114,2.8277078094701884,2.4638291317289345
2014-03-19,2013-12-28,2014-01-28,37031000000.0,173992000000.0,25923898000.0,1.4284503048114139,1.4284503048114139,18.97357177734375,16.53199005126953,13.282626433300155,13.282626433300155,11.573374303316845,2.8269629606622035,2.4631800532560466
2014-03-20,2013-12-28,2014-01-28,37031000000.0,173992000000.0,25923898000.0,1.4284503048114139,1.4284503048114139,18.882143020629883,16.452322006225586,13.21862087678488,13.21862087678488,11.517601943035496,2.813340554095711,2.451309931218375
2014-03-21,2013-12-28,2014-01-28,37031000000.0,173992000000.0,25923898000.0,1.4284503048114139,1.4284503048114139,19.031070709228516,16.582080841064453,13.322879098507403,13.322879098507403,11.608440829345929,2.8355300007864024,2.470643318954372
2014-03-24,2013-12-28,2014-01-28,37031000000.0,173992000000.0,25923898000.0,1.4284503048114139,1.4284503048114139,19.256786346435547,16.778751373291016,13.480893442056324,13.480893442056324,11.74612187541671,2.869160450209135,2.4999461996445596
2014-03-25,2013-12-28,2014-01-28,37031000000.0,173992000000.0,25923898000.0,1.4284503048114139,1.4284503048114139,19.46392822265625,16.959245681762695,13.625905050456694,13.625905050456694,11.872478604708395,2.9000235063880058,2.5268389075989504
2014-03-26,2013-12-28,2014-01-28,37031000000.0,173992000000.0,25923898000.0,1.4284503048114139,1.4284503048114139,19.277856826782227,16.797107696533203,13.495644028951583,13.495644028951583,11.758972391238197,2.8722998415795327,2.5026811958017707
2014-03-27,2013-12-28,2014-01-28,37031000000.0,173992000000.0,25923898000.0,1.4284503048114139,1.4284503048114139,19.19499969482422,16.72492218017578,13.437639118539984,13.437639118539984,11.708438245167955,2.8599545622709903,2.4919259314038267
2014-03-28,2013-12-28,2014-01-28,37031000000.0,173992000000.0,25923898000.0,1.4284503048114139,1.4284503048114139,19.17357063293457,16.706247329711914,13.422637503280797,13.422637503280797,11.695364741384894,2.8567617441261164,2.489143476356522
2014-03-31,2013-12-28,2014-01-28,37031000000.0,173992000000.0,25923898000.0,1.4284503048114139,1.4284503048114139,19.169286727905273,16.702512741088867,13.419638515486215,13.419638515486215,11.692750307679733,2.8561234646821125,2.4885870421840557
2014-04-01,2013-12-28,2014-01-28,37031000000.0,173992000000.0,25923898000.0,1.4284503048114139,1.4284503048114139,19.344642639160156,16.855314254760742,13.542398061733106,13.542398061733106,11.799720436887027,2.8822505783256624,2.5113536685500684
2014-04-02,2013-12-28,2014-01-28,37031000000.0,173992000000.0,25923898000.0,1.4284503048114139,1.4284503048114139,19.376785278320312,16.883319854736328,13.56489981699326,13.56489981699326,11.819326019161226,2.8870396634504885,2.5155263564736274
2014-04-03,2013-12-28,2014-01-28,37031000000.0,173992000000.0,25923898000.0,1.4284503048114139,1.4284503048114139,19.24250030517578,16.766313552856445,13.470892365216868,13.470892365216868,11.737414662857283,2.8670319047792185,2.4980930294511707
2014-04-04,2013-12-28,2014-01-28,37031000000.0,173992000000.0,25923898000.0,1.4284503048114139,1.4284503048114139,18.99357032775879,16.549407958984375,13.29662660561814,13.29662660561814,11.585567872568904,2.829942640079115,2.465775230407715
2014-04-07,2013-12-28,2014-01-28,37031000000.0,173992000000.0,25923898000.0,1.4284503048114139,1.4284503048114139,18.695356369018555,16.289567947387695,13.087859133809168,13.087859133809168,11.403664441471955,2.7855103199232576,2.427060427675686
2014-04-08,2013-12-28,2014-01-28,37031000000.0,173992000000.0,25923898000.0,1.4284503048114139,1.4284503048114139,18.694286346435547,16.28864097595215,13.08711005448915,13.08711005448915,11.403015506446057,2.7853508921547414,2.4269223137799667
2014-04-09,2013-12-28,2014-01-28,37031000000.0,173992000000.0,25923898000.0,1.4284503048114139,1.4284503048114139,18.940000534057617,16.502731323242188,13.259124570356057,13.259124570356057,11.552891457026153,2.821961020994386,2.4588206558067927
2014-04-10,2013-12-28,2014-01-28,37031000000.0,173992000000.0,25923898000.0,1.4284503048114139,1.4284503048114139,18.695714950561523,16.28989028930664,13.088110162173097,13.088110162173097,11.403890099948038,2.785563746697733,2.4271084549357202
2014-04-11,2013-12-28,2014-01-28,37031000000.0,173992000000.0,25923898000.0,1.4284503048114139,1.4284503048114139,18.5575008392334,16.16945457458496,12.99135208045154,12.99135208045154,11.319577951099724,2.7649705669869937,2.409164163336096
2014-04-14,2013-12-28,2014-01-28,37031000000.0,173992000000.0,25923898000.0,1.4284503048114139,1.4284503048114139,18.63142967224121,16.23386573791504,13.043106651652792,13.043106651652792,11.364669588598854,2.7759855764480816,2.4187610897938074
2014-04-15,2013-12-28,2014-01-28,37031000000.0,173992000000.0,25923898000.0,1.4284503048114139,1.4284503048114139,18.498571395874023,16.118112564086914,12.950097972303091,12.950097972303091,11.283635496311403,2.756190388134833,2.4015144722970456
2014-04-16,2013-12-28,2014-01-28,37031000000.0,173992000000.0,25923898000.0,1.4284503048114139,1.4284503048114139,18.53607177734375,16.150787353515625,12.976350465192354,12.976350465192354,11.306509788345682,2.76177774884212,2.406382845028674
2014-04-17,2013-12-28,2014-01-28,37031000000.0,173992000000.0,25923898000.0,1.4284503048114139,1.4284503048114139,18.74785614013672,16.33531951904297,13.124612089751235,13.124612089751235,11.435693257246063,2.7933325112394707,2.4338771725658592
2014-04-21,2013-12-28,2014-01-28,37031000000.0,173992000000.0,25923898000.0,1.4284503048114139,1.4284503048114139,18.97035789489746,16.52918243408203,13.280376524825591,13.280376524825591,11.571408804637581,2.826484108986715,2.4627617329792995
2014-04-22,2013-12-28,2014-01-28,37031000000.0,173992000000.0,25923898000.0,1.4284503048114139,1.4284503048114139,18.989286422729492,16.545682907104492,13.293627617823558,13.293627617823558,11.582960115150017,2.829304360635111,2.4652202171601014
2014-04-23,2013-12-28,2014-01-28,37031000000.0,173992000000.0,25923898000.0,1.4284503048114139,1.4284503048114139,18.741071701049805,16.329408645629883,13.119862579695434,13.119862579695434,11.431555295013021,2.7923216652989886,2.432996483341919
2014-04-24,2014-03-29,2014-04-24,37707000000.0,176035000000.0,25458349000.0,1.48112511145165,1.48112511145165,20.27750015258789,17.66811752319336,13.690605875093107,13.690605875093107,11.928848809994753,2.932551343381349,2.5551799476153727
2014-04-25,2014-03-29,2014-04-24,37707000000.0,176035000000.0,25458349000.0,1.48112511145165,1.48112511145165,20.426429748535156,17.797887802124023,13.7911575400374,13.7911575400374,12.016464824285048,2.954089683086831,2.5739474486852973
2014-04-28,2014-03-29,2014-04-24,37707000000.0,176035000000.0,25458349000.0,1.48112511145165,1.48112511145165,21.217500686645508,18.487165451049805,14.325258901221549,14.325258901221549,12.481839183004968,3.068495113973704,2.673631437348075
2014-04-29,2014-03-29,2014-04-24,37707000000.0,176035000000.0,25458349000.0,1.48112511145165,1.48112511145165,21.15464210510254,18.432395935058594,14.2828191498076,14.2828191498076,12.444860864584905,3.059404446171472,2.665710617893618
2014-04-30,2014-03-29,2014-04-24,37707000000.0,176035000000.0,25458349000.0,1.48112511145165,1.48112511145165,21.074642181396484,18.362680435180664,14.228806208505397,14.228806208505397,12.397791579661634,3.0478347811748403,2.6556282960451116
2014-05-01,2014-03-29,2014-04-24,37707000000.0,176035000000.0,25458349000.0,1.48112511145165,1.48112511145165,21.124286651611328,18.405941009521484,14.262324288666894,14.262324288666894,12.426999493298599,3.055014411638382,2.6618846814202306
2014-05-02,2014-03-29,2014-04-24,37707000000.0,176035000000.0,25458349000.0,1.48112511145165,1.48112511145165,21.163570404052734,18.44016456604004,14.288847201645464,14.288847201645464,12.450105952202001,3.060695665250919,2.6668341246892995
2014-05-05,2014-03-29,2014-04-24,37707000000.0,176035000000.0,25458349000.0,1.48112511145165,1.48112511145165,21.46285629272461,18.700939178466797,14.490913783568814,14.490913783568814,12.62617116803726,3.1039786749057248,2.7045475969732213
2014-05-06,2014-03-29,2014-04-24,37707000000.0,176035000000.0,25458349000.0,1.48112511145165,1.48112511145165,21.22892951965332,18.497114181518555,14.33297521966045,14.33297521966045,12.488556191846307,3.0701479626650188,2.675070232203532
2014-05-07,2014-03-29,2014-04-24,37707000000.0,176035000000.0,25458349000.0,1.48112511145165,1.48112511145165,21.15464210510254,18.432395935058594,14.2828191498076,14.2828191498076,12.444860864584905,3.059404446171472,2.665710617893618
2014-05-08,2014-03-29,2014-04-24,37707000000.0,176035000000.0,25458349000.0,1.48112511145165,1.48112511145165,20.999643325805664,18.3995418548584,14.178169800405264,14.178169800405264,12.422679024613267,3.036988375401944,2.660959229591232
2014-05-09,2014-03-29,2014-04-24,37707000000.0,176035000000.0,25458349000.0,1.48112511145165,1.48112511145165,20.91214370727539,18.322872161865234,14.11909334707006,14.11909334707006,12.370914529905578,3.02433409741228,2.64987118572528
2014-05-12,2014-03-29,2014-04-24,37707000000.0,176035000000.0,25458349000.0,1.48112511145165,1.48112511145165,21.172500610351562,18.550983428955078,14.29487654125343,14.29487654125343,12.524926682779194,3.061987160172938,2.682860853964013
2014-05-13,2014-03-29,2014-04-24,37707000000.0,176035000000.0,25458349000.0,1.48112511145165,1.48112511145165,21.205713272094727,18.58009147644043,14.317300482003859,14.317300482003859,12.544579342274531,3.0667904068788565,2.6870704874550273
2014-05-14,2014-03-29,2014-04-24,37707000000.0,176035000000.0,25458349000.0,1.48112511145165,1.48112511145165,21.20964241027832,18.583532333374023,14.319953288409756,14.319953288409756,12.54690247953484,3.067358642577139,2.6875681074548825
2014-05-15,2014-03-29,2014-04-24,37707000000.0,176035000000.0,25458349000.0,1.48112511145165,1.48112511145165,21.029285430908203,18.42550277709961,14.198183035528587,14.198183035528587,12.440206863443686,3.041275244813113,2.6647137228384756
2014-05-16,2014-03-29,2014-04-24,37707000000.0,176035000000.0,25458349000.0,1.48112511145165,1.48112511145165,21.339643478393555,18.697433471679688,14.407725122882146,14.407725122882146,12.623804246593552,3.0861595205982737,2.7040405983259186
2014-05-19,2014-03-29,2014-04-24,37707000000.0,176035000000.0,25458349000.0,1.48112511145165,1.48112511145165,21.592500686645508,18.918989181518555,14.578444805032513,14.578444805032513,12.77339033363364,3.1227279703658986,2.7360821956447507
2014-05-20,2014-03-29,2014-04-24,37707000000.0,176035000000.0,25458349000.0,1.48112511145165,1.48112511145165,21.596786499023438,18.92273712158203,14.5813384244471,14.5813384244471,12.775920801880043,3.123347788625142,2.736624226298695
2014-05-21,2014-03-29,2014-04-24,37707000000.0,176035000000.0,25458349000.0,1.48112511145165,1.48112511145165,21.653928756713867,18.972801208496094,14.619918728871502,14.619918728871502,12.80972219146353,3.131611756239144,2.743864542128073
2014-05-22,2014-03-29,2014-04-24,37707000000.0,176035000000.0,25458349000.0,1.48112511145165,1.48112511145165,21.688213348388672,19.002849578857422,14.643066396418103,14.643066396418103,12.830009721618142,3.1365700264705167,2.748210166007074
2014-05-23,2014-03-29,2014-04-24,37707000000.0,176035000000.0,25458349000.0,1.48112511145165,1.48112511145165,21.93321418762207,19.217510223388672,14.808481753526776,14.808481753526776,12.97494051974691,3.172002280684149,2.779254592428192
2014-05-27,2014-03-29,2014-04-24,37707000000.0,176035000000.0,25458349000.0,1.48112511145165,1.48112511145165,22.343929290771484,19.577373504638672,15.085781152459303,15.085781152459303,13.21790668004467,3.231400289236703,2.8312983621691394
2014-05-28,2014-03-29,2014-04-24,37707000000.0,176035000000.0,25458349000.0,1.48112511145165,1.48112511145165,22.28607177734375,19.526676177978516,15.04671793424742,15.04671793424742,13.183677750788002,3.223032880658207,2.8239664666058633
2014-05-29,2014-03-29,2014-04-24,37707000000.0,176035000000.0,25458349000.0,1.48112511145165,1.48112511145165,22.692142486572266,19.882478713989258,15.320881612986568,15.320881612986568,13.423902248542968,3.281759212547985,2.8754229675110614
2014-05-30,2014-03-29,2014-04-24,37707000000.0,176035000000.0,25458349000.0,1.48112511145165,1.48112511145165,22.60714340209961,19.80799674987793,15.263493426252397,15.263493426252397,13.373614826139923,3.2694665641701888,2.864651315075173
2014-06-02,2014-03-29,2014-04-24,37707000000.0,176035000000.0,25458349000.0,1.48112511145165,1.48112511145165,22.451786041259766,19.671875,15.158601976071273,15.158601976071273,13.281710537416792,3.2469986349971283,2.8449652582405487
2014-06-03,2014-03-29,2014-04-24,37707000000.0,176035000000.0,25458349000.0,1.48112511145165,1.48112511145165,22.769285202026367,19.950069427490234,15.372965474679045,15.372965474679045,13.469536957574896,3.2929156653717886,2.88519800073438
2014-06-04,2014-03-29,2014-04-24,37707000000.0,176035000000.0,25458349000.0,1.48112511145165,1.48112511145165,23.029285430908203,20.177867889404297,15.548507855853725,15.548507855853725,13.62333791615212,3.330517145571485,2.918142430791309
2014-06-05,2014-03-29,2014-04-24,37707000000.0,176035000000.0,25458349000.0,1.48112511145165,1.48112511145165,23.11964225769043,20.25704002380371,15.609513388798655,15.609513388798655,13.676791965230944,3.3435846357339787,2.9295923801117003
2014-06-06,2014-03-29,2014-04-24,37707000000.0,176035000000.0,25458349000.0,1.48112511145165,1.48112511145165,23.05607032775879,20.201332092285156,15.566592011367323,15.566592011367323,13.639180063921705,3.3343908028098257,2.9215358461118286
2014-06-09,2014-03-29,2014-04-24,37707000000.0,176035000000.0,25458349000.0,1.48112511145165,1.48112511145165,23.424999237060547,20.524595260620117,15.815678942950145,15.815678942950145,13.857435203771525,3.3877456522954024,2.9682864727390172
2014-06-10,2014-03-29,2014-04-24,37707000000.0,176035000000.0,25458349000.0,1.48112511145165,1.48112511145165,23.5625,20.645069122314453,15.908514289455539,15.908514289455539,13.938774626594665,3.407631143309569,2.9857095171131025
2014-06-11,2014-03-29,2014-04-24,37707000000.0,176035000000.0,25458349000.0,1.48112511145165,1.48112511145165,23.46500015258789,20.559633255004883,15.842686057486295,15.842686057486295,13.881091540507606,3.393530622715004,2.9733537007863227
2014-06-12,2014-03-29,2014-04-24,37707000000.0,176035000000.0,25458349000.0,1.48112511145165,1.48112511145165,23.072500228881836,20.215730667114258,15.577684863008292,15.577684863008292,13.648901440406227,3.3367669107248763,2.923618181687719
2014-06-13,2014-03-29,2014-04-24,37707000000.0,176035000000.0,25458349000.0,1.48112511145165,1.48112511145165,22.81999969482422,19.99449920654297,15.407205993866615,15.407205993866615,13.49953427428313,3.3002500435182123,2.8916234776061236
2014-06-16,2014-03-29,2014-04-24,37707000000.0,176035000000.0,25458349000.0,1.48112511145165,1.48112511145165,23.049999237060547,20.196020126342773,15.562493039139182,15.562493039139182,13.635593624193344,3.3335127959032076,2.9207676245488594
2014-06-17,2014-03-29,2014-04-24,37707000000.0,176035000000.0,25458349000.0,1.48112511145165,1.48112511145165,23.020000457763672,20.169740676879883,15.542238991007169,15.542238991007169,13.617850727756233,3.3291743439310784,2.916967065592094
2014-06-18,2014-03-29,2014-04-24,37707000000.0,176035000000.0,25458349000.0,1.48112511145165,1.48112511145165,23.045000076293945,20.191638946533203,15.559117793707212,15.559117793707212,13.632635616273758,3.332789812522043,2.920134014161017
2014-06-19,2014-03-29,2014-04-24,37707000000.0,176035000000.0,25458349000.0,1.48112511145165,1.48112511145165,22.96500015258789,20.121549606323242,15.505104852405012,15.505104852405012,13.585313928410898,3.3212201475254113,2.9099976271684023
2014-06-20,2014-03-29,2014-04-24,37707000000.0,176035000000.0,25458349000.0,1.48112511145165,1.48112511145165,22.727500915527344,19.913450241088867,15.344754295099442,15.344754295099442,13.444813059425956,3.2868727821473835,2.8799020991949016
2014-06-23,2014-03-29,2014-04-24,37707000000.0,176035000000.0,25458349000.0,1.48112511145165,1.48112511145165,22.707500457763672,19.89592742919922,15.331250737831366,15.331250737831366,13.432982315517716,3.2839802969375826,2.877367933486105
2014-06-24,2014-03-29,2014-04-24,37707000000.0,176035000000.0,25458349000.0,1.48112511145165,1.48112511145165,22.56999969482422,19.775449752807617,15.238415391325972,15.238415391325972,13.351640317154375,3.264094805923416,2.859944337426876
2014-06-25,2014-03-29,2014-04-24,37707000000.0,176035000000.0,25458349000.0,1.48112511145165,1.48112511145165,22.59000015258789,19.79297637939453,15.251918948594048,15.251918948594048,13.363473636602816,3.2669872911332165,2.8624790548208163
2014-06-26,2014-03-29,2014-04-24,37707000000.0,176035000000.0,25458349000.0,1.48112511145165,1.48112511145165,22.725000381469727,19.911264419555664,15.343066028498408,15.343066028498408,13.443337274891412,3.2865111525355157,2.8795859836074107
2014-06-27,2014-03-29,2014-04-24,37707000000.0,176035000000.0,25458349000.0,1.48112511145165,1.48112511145165,22.9950008392334,20.1478328704834,15.525360188307124,15.525360188307124,13.603059400388208,3.3255588753401124,2.9137987378103114
2014-06-30,2014-03-29,2014-04-24,37707000000.0,176035000000.0,25458349000.0,1.48112511145165,1.48112511145165,23.232500076293945,20.355932235717773,15.685710745612695,15.685710745612695,13.743560269373148,3.3599062407181406,2.943894265783812
2014-07-01,2014-03-29,2014-04-24,37707000000.0,176035000000.0,25458349000.0,1.48112511145165,1.48112511145165,23.3799991607666,20.48516273498535,15.785296582982026,15.785296582982026,13.83081184472516,3.3812376984946364,2.9625837034058655
2014-07-02,2014-03-29,2014-04-24,37707000000.0,176035000000.0,25458349000.0,1.48112511145165,1.48112511145165,23.3700008392334,20.476398468017578,15.778546092118088,15.778546092118088,13.824894541115889,3.379791731732307,2.9613162067876093
2014-07-03,2014-03-29,2014-04-24,37707000000.0,176035000000.0,25458349000.0,1.48112511145165,1.48112511145165,23.50749969482422,20.596878051757812,15.871380150853382,15.871380150853382,13.90623782724933,3.3996769469039028,2.978740078689411
2014-07-07,2014-03-29,2014-04-24,37707000000.0,176035000000.0,25458349000.0,1.48112511145165,1.48112511145165,23.99250030517578,21.021821975708008,16.19883433186866,16.19883433186866,14.193143991127481,3.4698181961074304,3.0401958728289484
2014-07-08,2014-03-29,2014-04-24,37707000000.0,176035000000.0,25458349000.0,1.48112511145165,1.48112511145165,23.837499618530273,20.88601303100586,16.094183694696223,16.094183694696223,14.101450896700745,3.4474018494953307,3.0205550541761297
2014-07-09,2014-03-29,2014-04-24,37707000000.0,176035000000.0,25458349000.0,1.48112511145165,1.48112511145165,23.84749984741211,20.894777297973633,16.100935473330264,16.100935473330264,14.107368200310015,3.4488480921002314,3.021822550794386
2014-07-10,2014-03-29,2014-04-24,37707000000.0,176035000000.0,25458349000.0,1.48112511145165,1.48112511145165,23.760000228881836,20.818111419677734,16.04185901999506,16.04185901999506,14.055606281142525,3.436193814110567,3.0107350586135784
2014-07-11,2014-03-29,2014-04-24,37707000000.0,176035000000.0,25458349000.0,1.48112511145165,1.48112511145165,23.80500030517578,20.857534408569336,16.072241379963177,16.072241379963177,14.082223201338392,3.4427017679113328,3.0164364487338697
2014-07-14,2014-03-29,2014-04-24,37707000000.0,176035000000.0,25458349000.0,1.48112511145165,1.48112511145165,24.112499237060547,21.12696075439453,16.27985309993691,16.27985309993691,14.264129742347025,3.487172555681093,3.0554011429243007
2014-07-15,2014-03-29,2014-04-24,37707000000.0,176035000000.0,25458349000.0,1.48112511145165,1.48112511145165,23.829999923706055,20.87944221496582,16.089120182663223,16.089120182663223,14.097014528706417,3.4463172365022987,3.0196047765156524
2014-07-16,2014-03-29,2014-04-24,37707000000.0,176035000000.0,25458349000.0,1.48112511145165,1.48112511145165,23.69499969482422,20.761154174804688,15.997973102758863,15.997973102758863,14.01715089041782,3.4267933751,3.002497847729058
2014-07-17,2014-03-29,2014-04-24,37707000000.0,176035000000.0,25458349000.0,1.48112511145165,1.48112511145165,23.272499084472656,20.390966415405273,15.712716572378746,15.712716572378746,13.767214030569031,3.3656909352951705,2.9489609421459737
2014-07-18,2014-03-29,2014-04-24,37707000000.0,176035000000.0,25458349000.0,1.48112511145165,1.48112511145165,23.607500076293945,20.68449592590332,15.938896649423658,15.938896649423658,13.96539412233073,3.4141390971103354,2.991411458918538
2014-07-21,2014-03-29,2014-04-24,37707000000.0,176035000000.0,25458349000.0,1.48112511145165,1.48112511145165,23.485000610351562,20.577159881591797,15.85618961475437,15.85618961475437,13.892924859956047,3.396423107924805,2.9758884181802636
2014-07-22,2014-03-29,2014-04-24,37707000000.0,176035000000.0,25458349000.0,1.48112511145165,1.48112511145165,23.68000030517578,20.748022079467773,15.987846078692856,15.987846078692856,14.008284593279665,3.4246241491139346,3.0005986716209634
2014-07-23,2014-06-28,2014-07-23,38555000000.0,178144000000.0,25040205000.0,1.5397238161588533,1.5397238161588533,24.297500610351562,21.289066314697266,15.780427863333633,15.780427863333633,13.826548690925017,3.4152954703544784,2.992425143583921
2014-07-24,2014-06-28,2014-07-23,38555000000.0,178144000000.0,25040205000.0,1.5397238161588533,1.5397238161588533,24.25749969482422,21.25401496887207,15.75444858373326,15.75444858373326,13.803783994128525,3.409672877817024,2.987498270464485
2014-07-25,2014-06-28,2014-07-23,38555000000.0,178144000000.0,25040205000.0,1.5397238161588533,1.5397238161588533,24.417499542236328,21.39420509338379,15.858363224614287,15.858363224614287,13.894832871232634,3.4321627117669062,3.0072036181424813
2014-07-28,2014-06-28,2014-07-23,38555000000.0,178144000000.0,25040205000.0,1.5397238161588533,1.5397238161588533,24.7549991607666,21.68991470336914,16.07755813151144,16.07755813151144,14.086886541431136,3.479602196876817,3.04876903294457
2014-07-29,2014-06-28,2014-07-23,38555000000.0,178144000000.0,25040205000.0,1.5397238161588533,1.5397238161588533,24.594999313354492,21.54971694946289,15.973643490630417,15.973643490630417,13.995832709286095,3.4571123629269342,3.0290626128666998
2014-07-30,2014-06-28,2014-07-23,38555000000.0,178144000000.0,25040205000.0,1.5397238161588533,1.5397238161588533,24.537500381469727,21.499340057373047,15.936299824655173,15.936299824655173,13.963114574019786,3.4490302212793034,3.021981556501105
2014-07-31,2014-06-28,2014-07-23,38555000000.0,178144000000.0,25040205000.0,1.5397238161588533,1.5397238161588533,23.899999618530273,20.940778732299805,15.522264037035919,15.522264037035919,13.600347356151659,3.3594220964383856,2.9434692850526947
2014-08-01,2014-06-28,2014-07-23,38555000000.0,178144000000.0,25040205000.0,1.5397238161588533,1.5397238161588533,24.032499313354492,21.056867599487305,15.608318232881746,15.608318232881746,13.675743258955258,3.3780464650437607,2.959786921529886
2014-08-04,2014-06-28,2014-07-23,38555000000.0,178144000000.0,25040205000.0,1.5397238161588533,1.5397238161588533,23.897499084472656,20.938587188720703,15.520640022370838,15.520640022370838,13.598924020644278,3.359070617379803,2.9431612381889933
2014-08-05,2014-06-28,2014-07-23,38555000000.0,178144000000.0,25040205000.0,1.5397238161588533,1.5397238161588533,23.780000686645508,20.83563804626465,15.444328675755266,15.444328675755266,13.53206193708381,3.342554855025958,2.928690542394166
2014-08-06,2014-06-28,2014-07-23,38555000000.0,178144000000.0,25040205000.0,1.5397238161588533,1.5397238161588533,23.739999771118164,20.800588607788086,15.418349396154893,15.418349396154893,13.50929847904755,3.3369322624885034,2.9237639373746984
2014-08-07,2014-06-28,2014-07-23,38555000000.0,178144000000.0,25040205000.0,1.5397238161588533,1.5397238161588533,23.6200008392334,20.798385620117188,15.34041403487424,15.34041403487424,13.50786771097877,3.320065021076075,2.923454281911187
2014-08-08,2014-06-28,2014-07-23,38555000000.0,178144000000.0,25040205000.0,1.5397238161588533,1.5397238161588533,23.684999465942383,20.85561752319336,15.382628506084497,15.382628506084497,13.545037950521436,3.329201331799487,2.931498889563241
2014-08-11,2014-06-28,2014-07-23,38555000000.0,178144000000.0,25040205000.0,1.5397238161588533,1.5397238161588533,23.997499465942383,21.13079071044922,15.585586982611536,15.585586982611536,13.723753889294361,3.373126830623472,2.9701776720054793
2014-08-12,2014-06-28,2014-07-23,38555000000.0,178144000000.0,25040205000.0,1.5397238161588533,1.5397238161588533,23.99250030517578,21.126394271850586,15.582340192041606,15.582340192041606,13.720898546957967,3.372424140606274,2.9695597015782984
2014-08-13,2014-06-28,2014-07-23,38555000000.0,178144000000.0,25040205000.0,1.5397238161588533,1.5397238161588533,24.309999465942383,21.40595817565918,15.788545459138575,15.788545459138575,13.902466111786588,3.417052329447457,3.0088556501478125
2014-08-14,2014-06-28,2014-07-23,38555000000.0,178144000000.0,25040205000.0,1.5397238161588533,1.5397238161588533,24.375,21.463191986083984,15.830761169109065,15.830761169109065,13.939637590089486,3.426188908270837,3.0169005258998345
2014-08-15,2014-06-28,2014-07-23,38555000000.0,178144000000.0,25040205000.0,1.5397238161588533,1.5397238161588533,24.4950008392334,21.568862915039062,15.908697769149951,15.908697769149951,14.008267384502028,3.4430564177832332,3.0317538003495805
2014-08-18,2014-06-28,2014-07-23,38555000000.0,178144000000.0,25040205000.0,1.5397238161588533,1.5397238161588533,24.790000915527344,21.82862091064453,16.100290620541884,16.100290620541884,14.176971663074198,3.4845220993970742,3.0682657988471447
2014-08-19,2014-06-28,2014-07-23,38555000000.0,178144000000.0,25040205000.0,1.5397238161588533,1.5397238161588533,25.13249969482422,22.130203247070312,16.32273231800897,16.32273231800897,14.372839476029212,3.5326642745241825,3.1106566934519617
2014-08-20,2014-06-28,2014-07-23,38555000000.0,178144000000.0,25040205000.0,1.5397238161588533,1.5397238161588533,25.142499923706055,22.139013290405273,16.329227137909065,16.329227137909065,14.378561309544095,3.5340699226585457,3.1118950472060387
2014-08-21,2014-06-28,2014-07-23,38555000000.0,178144000000.0,25040205000.0,1.5397238161588533,1.5397238161588533,25.145000457763672,22.141212463378906,16.330851152574144,16.330851152574144,14.379989600092408,3.534421401717129,3.112204166469613
2014-08-22,2014-06-28,2014-07-23,38555000000.0,178144000000.0,25040205000.0,1.5397238161588533,1.5397238161588533,25.329999923706055,22.304107666015625,16.451002223825288,16.451002223825288,14.485784679006686,3.560425221952937,3.1351009761715396
2014-08-25,2014-06-28,2014-07-23,38555000000.0,178144000000.0,25040205000.0,1.5397238161588533,1.5397238161588533,25.385000228881836,22.352537155151367,16.486723113895685,16.486723113895685,14.5172380400754,3.568156152641953,3.1419083024693903
2014-08-26,2014-06-28,2014-07-23,38555000000.0,178144000000.0,25040205000.0,1.5397238161588533,1.5397238161588533,25.22249984741211,22.209453582763672,16.381184458349576,16.381184458349576,14.42430996369827,3.5453148396334875,3.121796247139319
2014-08-27,2014-06-28,2014-07-23,38555000000.0,178144000000.0,25040205000.0,1.5397238161588533,1.5397238161588533,25.532499313354492,22.482421875,16.582518920211534,16.582518920211534,14.601593895642184,3.5888888593988892,3.1601651060180775
2014-08-28,2014-06-28,2014-07-23,38555000000.0,178144000000.0,25040205000.0,1.5397238161588533,1.5397238161588533,25.5625,22.50884437561035,16.602003379911814,16.602003379911814,14.618754441145901,3.5931058038019805,3.163879094880435
2014-08-29,2014-06-28,2014-07-23,38555000000.0,178144000000.0,25040205000.0,1.5397238161588533,1.5397238161588533,25.625,22.563867568969727,16.642595075217223,16.642595075217223,14.65449019633909,3.6018909035667774,3.1716132427690726
2014-09-02,2014-06-28,2014-07-23,38555000000.0,178144000000.0,25040205000.0,1.5397238161588533,1.5397238161588533,25.825000762939453,22.739973068237305,16.77248899569862,16.77248899569862,14.76886492862511,3.630003330054115,3.196366912852193
2014-09-03,2014-06-28,2014-07-23,38555000000.0,178144000000.0,25040205000.0,1.5397238161588533,1.5397238161588533,24.735000610351562,21.780187606811523,16.06456973047149,16.06456973047149,14.14551582448502,3.4767911687080577,3.0614579363493575
2014-09-04,2014-06-28,2014-07-23,38555000000.0,178144000000.0,25040205000.0,1.5397238161588533,1.5397238161588533,24.530000686645508,21.599681854248047,15.93142901942016,15.93142901942016,14.02828327234214,3.447976052203522,3.036085759639119
2014-09-05,2014-06-28,2014-07-23,38555000000.0,178144000000.0,25040205000.0,1.5397238161588533,1.5397238161588533,24.74250030517578,21.786792755126953,16.0694405357065,16.0694405357065,14.14980565117089,3.477845337783838,3.0623863665399544
2014-09-08,2014-06-28,2014-07-23,38555000000.0,178144000000.0,25040205000.0,1.5397238161588533,1.5397238161588533,24.59000015258789,21.652509689331055,15.970396700060487,15.970396700060487,14.06259321450748,3.456409672909736,3.0435113244641188
2014-09-09,2014-06-28,2014-07-23,38555000000.0,178144000000.0,25040205000.0,1.5397238161588533,1.5397238161588533,24.497499465942383,21.571056365966797,15.9103205450548,15.9103205450548,14.009691958769643,3.443407628741848,3.0320621153132503
2014-09-10,2014-06-28,2014-07-23,38555000000.0,178144000000.0,25040205000.0,1.5397238161588533,1.5397238161588533,25.25,22.23366355895996,16.399044903384773,16.399044903384773,14.440033547332046,3.5491803049779955,3.125199240038323
2014-09-11,2014-06-28,2014-07-23,38555000000.0,178144000000.0,25040205000.0,1.5397238161588533,1.5397238161588533,25.357500076293945,22.328327178955078,16.468862668860485,16.468862668860485,14.501514456441624,3.564290687297445,3.1385053095703856
2014-09-12,2014-06-28,2014-07-23,38555000000.0,178144000000.0,25040205000.0,1.5397238161588533,1.5397238161588533,25.415000915527344,22.378957748413086,16.50620757359596,16.50620757359596,14.534397346818885,3.5723730970450447,3.145622023231779
2014-09-15,2014-06-28,2014-07-23,38555000000.0,178144000000.0,25040205000.0,1.5397238161588533,1.5397238161588533,25.407499313354492,22.37235450744629,16.50133552960072,16.50133552960072,14.530108758893245,3.5713186598692954,3.1446938611411506
2014-09-16,2014-06-28,2014-07-23,38555000000.0,178144000000.0,25040205000.0,1.5397238161588533,1.5397238161588533,25.21500015258789,22.202848434448242,16.376313653114565,16.376313653114565,14.420020137012399,3.544260670557706,3.1208678169487216
2014-09-17,2014-06-28,2014-07-23,38555000000.0,178144000000.0,25040205000.0,1.5397238161588533,1.5397238161588533,25.395000457763672,22.361351013183594,16.493217933795776,16.493217933795776,14.522962351110747,3.569561800776317,3.1431471924234042
2014-09-18,2014-06-28,2014-07-23,38555000000.0,178144000000.0,25040205000.0,1.5397238161588533,1.5397238161588533,25.447500228881836,22.40757942199707,16.52731480920109,16.52731480920109,14.552986182870915,3.57694125240675,3.1496451313577114
2014-09-19,2014-06-28,2014-07-23,38555000000.0,178144000000.0,25040205000.0,1.5397238161588533,1.5397238161588533,25.239999771118164,22.2248592376709,16.392550083484682,16.392550083484682,14.434315430097861,3.547774656843632,3.1239616905841507
2014-09-22,2014-06-28,2014-07-23,38555000000.0,178144000000.0,25040205000.0,1.5397238161588533,1.5397238161588533,25.264999389648438,22.246877670288086,16.4087865138548,16.4087865138548,14.448615678224254,3.5512886431295567,3.127056636619454
2014-09-23,2014-06-28,2014-07-23,38555000000.0,178144000000.0,25040205000.0,1.5397238161588533,1.5397238161588533,25.65999984741211,22.594697952270508,16.66532632548743,16.66532632548743,14.674513516740598,3.6068105379870663,3.175946810658421
2014-09-24,2014-06-28,2014-07-23,38555000000.0,178144000000.0,25040205000.0,1.5397238161588533,1.5397238161588533,25.4375,22.398775100708008,16.520819989301,16.520819989301,14.54726806563673,3.5755356042723863,3.1484075819035393
2014-09-25,2014-06-28,2014-07-23,38555000000.0,178144000000.0,25040205000.0,1.5397238161588533,1.5397238161588533,24.467500686645508,21.54464340209961,15.890837324114752,15.890837324114752,13.99253760706709,3.439190952438725,3.0283494669507345
2014-09-26,2014-06-28,2014-07-23,38555000000.0,178144000000.0,25040205000.0,1.5397238161588533,1.5397238161588533,25.1875,22.178630828857422,16.358453208079368,16.358453208079368,14.404291598337693,3.540395205213198,3.117463751649844
2014-09-29,2014-06-28,2014-07-23,38555000000.0,178144000000.0,25040205000.0,1.5397238161588533,1.5397238161588533,25.02750015258789,22.03774642944336,16.254538567198342,16.254538567198342,14.312791812508877,3.517905371263315,3.097660815583347
2014-09-30,2014-06-28,2014-07-23,38555000000.0,178144000000.0,25040205000.0,1.5397238161588533,1.5397238161588533,25.1875,22.178630828857422,16.358453208079368,16.358453208079368,14.404291598337693,3.540395205213198,3.117463751649844
2014-10-01,2014-06-28,2014-07-23,38555000000.0,178144000000.0,25040205000.0,1.5397238161588533,1.5397238161588533,24.795000076293945,21.83302116394043,16.103537411111816,16.103537411111816,14.179829482931058,3.485224789414272,3.0688843054742625
2014-10-02,2014-06-28,2014-07-23,38555000000.0,178144000000.0,25040205000.0,1.5397238161588533,1.5397238161588533,24.975000381469727,21.991518020629883,16.220441691793027,16.220441691793027,14.282767980748709,3.510525919632882,3.0911628766490393
2014-10-03,2014-06-28,2014-07-23,38555000000.0,178144000000.0,25040205000.0,1.5397238161588533,1.5397238161588533,24.905000686645508,21.92987823486328,16.174979191252607,16.174979191252607,14.242734966308253,3.5006866507923045,3.0824986899699947
2014-10-06,2014-06-28,2014-07-23,38555000000.0,178144000000.0,25040205000.0,1.5397238161588533,1.5397238161588533,24.905000686645508,21.92987823486328,16.174979191252607,16.174979191252607,14.242734966308253,3.5006866507923045,3.0824986899699947
2014-10-07,2014-06-28,2014-07-23,38555000000.0,178144000000.0,25040205000.0,1.5397238161588533,1.5397238161588533,24.6875,21.73836326599121,16.033719645636104,16.033719645636104,14.118352290102177,3.470114407094822,3.0555790402421046
2014-10-08,2014-06-28,2014-07-23,38555000000.0,178144000000.0,25040205000.0,1.5397238161588533,1.5397238161588533,25.200000762939453,22.189645767211914,16.366572042644542,16.366572042644542,14.411445438681588,3.542152332406145,3.119012028967401
2014-10-09,2014-06-28,2014-07-23,38555000000.0,178144000000.0,25040205000.0,1.5397238161588533,1.5397238161588533,25.2549991607666,22.238075256347656,16.402291693954705,16.402291693954705,14.442898799750301,3.549882994995193,3.1258193552652505
2014-10-10,2014-06-28,2014-07-23,38555000000.0,178144000000.0,25040205000.0,1.5397238161588533,1.5397238161588533,25.1825008392334,22.174236297607422,16.355206417509436,16.355206417509436,14.401437494761531,3.5396925151960006,3.1168460493226315
2014-10-13,2014-06-28,2014-07-23,38555000000.0,178144000000.0,25040205000.0,1.5397238161588533,1.5397238161588533,24.952499389648438,21.971708297729492,16.20582803732776,16.20582803732776,14.269902216971794,3.5073631443055717,3.088378390377153
2014-10-14,2014-06-28,2014-07-23,38555000000.0,178144000000.0,25040205000.0,1.5397238161588533,1.5397238161588533,24.6875,21.73836326599121,16.033719645636104,16.033719645636104,14.118352290102177,3.470114407094822,3.0555790402421046
2014-10-15,2014-06-28,2014-07-23,38555000000.0,178144000000.0,25040205000.0,1.5397238161588533,1.5397238161588533,24.385000228881836,21.472003936767578,15.837255989009158,15.837255989009158,13.945360662364601,3.4275945564052006,3.01813914775388
2014-10-16,2014-06-28,2014-07-23,38555000000.0,178144000000.0,25040205000.0,1.5397238161588533,1.5397238161588533,24.065000534057617,21.190229415893555,15.629426707247108,15.629426707247108,13.762357374426271,3.3826148885054352,2.9785324713209813
2014-10-17,2014-06-28,2014-07-23,38555000000.0,178144000000.0,25040205000.0,1.5397238161588533,1.5397238161588533,24.417499542236328,21.5006103515625,15.858363224614287,15.858363224614287,13.963939588334771,3.4321627117669062,3.0221601110800647
2014-10-20,2014-06-28,2014-07-23,38555000000.0,178144000000.0,25040205000.0,1.5397238161588533,1.5397238161588533,24.940000534057617,21.9606990814209,16.197710441522815,16.197710441522815,14.262752092908597,3.5056062852125933,3.0868309173595008
2014-10-21,2014-06-28,2014-07-23,38555000000.0,178144000000.0,25040205000.0,1.5397238161588533,1.5397238161588533,25.61750030517578,22.557266235351562,16.63772426998221,16.63772426998221,14.650202847173684,3.6008367344909966,3.1706853487784117
2014-10-22,2014-06-28,2014-07-23,38555000000.0,178144000000.0,25040205000.0,1.5397238161588533,1.5397238161588533,25.747499465942383,22.671735763549805,16.722154451162957,16.722154451162957,14.724547042539713,3.6191096240377885,3.1867753683824245
2014-10-23,2014-06-28,2014-07-23,38555000000.0,178144000000.0,25040205000.0,1.5397238161588533,1.5397238161588533,26.207500457763672,23.0767879486084,17.02090997276608,17.02090997276608,14.987615120598722,3.683768097718678,3.2437101500734444
2014-10-24,2014-06-28,2014-07-23,38555000000.0,178144000000.0,25040205000.0,1.5397238161588533,1.5397238161588533,26.30500030517578,23.162639617919922,17.084232918341698,17.084232918341698,15.043372957433187,3.6974728319037635,3.2557775977514627
2014-10-27,2014-09-27,2014-10-27,39510000000.0,182795000000.0,24641234000.0,1.6034099590953927,1.6034099590953927,26.27750015258789,23.138429641723633,16.388510002403287,16.388510002403287,14.43076333065675,3.5422742974094144,3.119119555755071
2014-10-28,2014-09-27,2014-10-27,39510000000.0,182795000000.0,24641234000.0,1.6034099590953927,1.6034099590953927,26.684999465942383,23.497243881225586,16.6426554322997,16.6426554322997,14.654545300742795,3.5972062481477134,3.1674886338923267
2014-10-29,2014-09-27,2014-10-27,39510000000.0,182795000000.0,24641234000.0,1.6034099590953927,1.6034099590953927,26.834999084472656,23.629329681396484,16.73620581701535,16.73620581701535,14.736923359717444,3.6174265807613804,3.1852941379273845
2014-10-30,2014-09-27,2014-10-27,39510000000.0,182795000000.0,24641234000.0,1.6034099590953927,1.6034099590953927,26.7450008392334,23.55008316040039,16.680076537832107,16.680076537832107,14.687499617182626,3.6052945868855635,3.1746115040065948
2014-10-31,2014-09-27,2014-10-27,39510000000.0,182795000000.0,24641234000.0,1.6034099590953927,1.6034099590953927,27.0,23.774608612060547,16.839112072892938,16.839112072892938,14.82752958917234,3.6396691266172487,3.204878109730568
2014-11-03,2014-09-27,2014-10-27,39510000000.0,182795000000.0,24641234000.0,1.6034099590953927,1.6034099590953927,27.350000381469727,24.08280372619629,17.05739709693457,17.05739709693457,15.01974188795937,3.6868500741261236,3.2464236001710916
2014-11-04,2014-09-27,2014-10-27,39510000000.0,182795000000.0,24641234000.0,1.6034099590953927,1.6034099590953927,27.149999618530273,23.90669822692871,16.932662457608586,16.932662457608586,14.90991002726235,3.6598894592309157,3.2226841279965837
2014-11-05,2014-09-27,2014-10-27,39510000000.0,182795000000.0,24641234000.0,1.6034099590953927,1.6034099590953927,27.21500015258789,23.96392250061035,16.97320139382318,16.97320139382318,14.945599136811056,3.66865169763918,3.230398106597034
2014-11-06,2014-09-27,2014-10-27,39510000000.0,182795000000.0,24641234000.0,1.6034099590953927,1.6034099590953927,27.174999237060547,24.032468795776367,16.948253990134912,16.948253990134912,14.988349460754838,3.663259471813947,3.239638322680728
2014-11-07,2014-09-27,2014-10-27,39510000000.0,182795000000.0,24641234000.0,1.6034099590953927,1.6034099590953927,27.252500534057617,24.101001739501953,16.996589287391515,16.996589287391515,15.031091457794853,3.6737068450714667,3.248876738956069
2014-11-10,2014-09-27,2014-10-27,39510000000.0,182795000000.0,24641234000.0,1.6034099590953927,1.6034099590953927,27.207500457763672,24.06121253967285,16.968524053021053,16.968524053021053,15.006276095009188,3.667640719575819,3.243513052949003
2014-11-11,2014-09-27,2014-10-27,39510000000.0,182795000000.0,24641234000.0,1.6034099590953927,1.6034099590953927,27.424999237060547,24.253562927246094,17.10417169451355,17.10417169451355,15.126239418476233,3.696960111875218,3.2694423776580104
2014-11-12,2014-09-27,2014-10-27,39510000000.0,182795000000.0,24641234000.0,1.6034099590953927,1.6034099590953927,27.8125,24.596248626708984,17.345844612123514,17.345844612123514,15.3399624888108,3.749196206816379,3.3156372873049853
2014-11-13,2014-09-27,2014-10-27,39510000000.0,182795000000.0,24641234000.0,1.6034099590953927,1.6034099590953927,28.204999923706055,24.9433536529541,17.590635360415668,17.590635360415668,15.556441764292503,3.8021062014279554,3.3624279335167633
2014-11-14,2014-09-27,2014-10-27,39510000000.0,182795000000.0,24641234000.0,1.6034099590953927,1.6034099590953927,28.545000076293945,25.24403953552246,17.80268353353523,17.80268353353523,15.743970774488997,3.8479390924805217,3.402961160316531
2014-11-17,2014-09-27,2014-10-27,39510000000.0,182795000000.0,24641234000.0,1.6034099590953927,1.6034099590953927,28.497499465942383,25.2020320892334,17.773058789044832,17.773058789044832,15.717771956120199,3.8415358885919266,3.397298449007408
2014-11-18,2014-09-27,2014-10-27,39510000000.0,182795000000.0,24641234000.0,1.6034099590953927,1.6034099590953927,28.86750030517578,25.529245376586914,18.003817514930596,18.003817514930596,15.92184533454559,3.8914129490134184,3.4414076378888714
2014-11-19,2014-09-27,2014-10-27,39510000000.0,182795000000.0,24641234000.0,1.6034099590953927,1.6034099590953927,28.667499542236328,25.35237693786621,17.879082875604613,17.879082875604613,15.811537650776126,3.86445233411821,3.41756531952277
2014-11-20,2014-09-27,2014-10-27,39510000000.0,182795000000.0,24641234000.0,1.6034099590953927,1.6034099590953927,29.077499389648438,25.714963912963867,18.134787815620964,18.134787815620964,16.03767256595541,3.9197213632494563,3.4664429720774548
2014-11-21,2014-09-27,2014-10-27,39510000000.0,182795000000.0,24641234000.0,1.6034099590953927,1.6034099590953927,29.11750030517578,25.75033950805664,18.159735219309233,18.159735219309233,16.059735292266986,3.9251135890746895,3.471211692866153
2014-11-24,2014-09-27,2014-10-27,39510000000.0,182795000000.0,24641234000.0,1.6034099590953927,1.6034099590953927,29.657499313354492,26.22789764404297,18.4965168421971,18.4965168421971,16.357574365348302,3.9979068379069855,3.5355877522629804
2014-11-25,2014-09-27,2014-10-27,39510000000.0,182795000000.0,24641234000.0,1.6034099590953927,1.6034099590953927,29.399999618530273,26.00016975402832,18.33592179701633,18.33592179701633,16.215547126012005,3.963195219782353,3.5048894496497947
2014-11-26,2014-09-27,2014-10-27,39510000000.0,182795000000.0,24641234000.0,1.6034099590953927,1.6034099590953927,29.75,26.309690475463867,18.55420682105796,18.55420682105796,16.408586167387405,4.010376167291228,3.546613635348212
2014-11-28,2014-09-27,2014-10-27,39510000000.0,182795000000.0,24641234000.0,1.6034099590953927,1.6034099590953927,29.732500076293945,26.294218063354492,18.543292629333763,18.543292629333763,16.39893647547823,4.008017132771558,3.5445279145827016
2014-12-01,2014-09-27,2014-10-27,39510000000.0,182795000000.0,24641234000.0,1.6034099590953927,1.6034099590953927,28.767499923706055,25.44080924987793,17.941450195267603,17.941450195267603,15.866690303103177,3.8779326415658146,3.429486221590342
2014-12-02,2014-09-27,2014-10-27,39510000000.0,182795000000.0,24641234000.0,1.6034099590953927,1.6034099590953927,28.657499313354492,25.343530654907227,17.872846024682545,17.872846024682545,15.806020482251132,3.8631042776619022,3.4163728179312463
2014-12-03,2014-09-27,2014-10-27,39510000000.0,182795000000.0,24641234000.0,1.6034099590953927,1.6034099590953927,28.982500076293945,25.63095474243164,18.075539516197846,18.075539516197846,15.985278497890857,3.9069152125877453,3.455118320805644
2014-12-04,2014-09-27,2014-10-27,39510000000.0,182795000000.0,24641234000.0,1.6034099590953927,1.6034099590953927,28.872499465942383,25.533668518066406,18.00693534561279,18.00693534561279,15.924603918808087,3.892086848683833,3.442003888684633
2014-12-05,2014-09-27,2014-10-27,39510000000.0,182795000000.0,24641234000.0,1.6034099590953927,1.6034099590953927,28.75,25.42533302307129,17.930536003543406,17.930536003543406,15.857038232078638,3.8755736070461446,3.427399986593873
2014-12-08,2014-09-27,2014-10-27,39510000000.0,182795000000.0,24641234000.0,1.6034099590953927,1.6034099590953927,28.100000381469727,24.850502014160156,17.525150210070482,17.525150210070482,15.498532906818317,3.7879519943099362,3.349911294884388
2014-12-09,2014-09-27,2014-10-27,39510000000.0,182795000000.0,24641234000.0,1.6034099590953927,1.6034099590953927,28.530000686645508,25.23077964782715,17.79332885193097,17.79332885193097,15.73570096948991,3.8459171363537985,3.4011736935066406
2014-12-10,2014-09-27,2014-10-27,39510000000.0,182795000000.0,24641234000.0,1.6034099590953927,1.6034099590953927,27.987499237060547,24.751008987426758,17.45498652936549,17.45498652936549,15.436482009498501,3.7727865520130774,3.3364993801541933
2014-12-11,2014-09-27,2014-10-27,39510000000.0,182795000000.0,24641234000.0,1.6034099590953927,1.6034099590953927,27.905000686645508,24.67804718017578,17.403534590984375,17.403534590984375,15.390977859522945,3.7616655362006215,3.3266639417366535
2014-12-12,2014-09-27,2014-10-27,39510000000.0,182795000000.0,24641234000.0,1.6034099590953927,1.6034099590953927,27.4325008392334,24.260194778442383,17.10885022487336,17.10885022487336,15.130375510533458,3.6979713470540583,3.2703363681784343
2014-12-15,2014-09-27,2014-10-27,39510000000.0,182795000000.0,24641234000.0,1.6034099590953927,1.6034099590953927,27.0575008392334,23.928556442260742,16.874973668305405,16.874973668305405,14.923542358287888,3.647420386962152,3.22563067138573
2014-12-16,2014-09-27,2014-10-27,39510000000.0,182795000000.0,24641234000.0,1.6034099590953927,1.6034099590953927,26.6875,23.601348876953125,16.64421494241964,16.64421494241964,14.719472548535538,3.5975433265406602,3.1815222538507024
2014-12-17,2014-09-27,2014-10-27,39510000000.0,182795000000.0,24641234000.0,1.6034099590953927,1.6034099590953927,27.352500915527344,24.189441680908203,17.058956607054505,17.058956607054505,15.086248868352628,3.6871871525190705,3.2607986694855566
2014-12-18,2014-09-27,2014-10-27,39510000000.0,182795000000.0,24641234000.0,1.6034099590953927,1.6034099590953927,28.162500381469727,24.905771255493164,17.56412963616514,17.56412963616514,15.533002719743884,3.7963771543252536,3.357361730118881
2014-12-19,2014-09-27,2014-10-27,39510000000.0,182795000000.0,24641234000.0,1.6034099590953927,1.6034099590953927,27.94499969482422,24.71343231201172,17.428480805114962,17.428480805114962,15.413046533622925,3.767057504910376,3.331433948102748
2014-12-22,2014-09-27,2014-10-27,39510000000.0,182795000000.0,24641234000.0,1.6034099590953927,1.6034099590953927,28.235000610351562,24.96988868713379,17.60934591318187,17.60934591318187,15.572990890752125,3.80615037079688,3.366004924060376
2014-12-23,2014-09-27,2014-10-27,39510000000.0,182795000000.0,24641234000.0,1.6034099590953927,1.6034099590953927,28.135000228881836,24.881450653076172,17.546978593518876,17.546978593518876,15.51783466975203,3.792670063349276,3.354083250646368
2014-12-24,2014-09-27,2014-10-27,39510000000.0,182795000000.0,24641234000.0,1.6034099590953927,1.6034099590953927,28.002500534057617,24.76427459716797,17.46434240052743,17.46434240052743,15.444755383170632,3.7748087652552793,3.338287618310521
2014-12-26,2014-09-27,2014-10-27,39510000000.0,182795000000.0,24641234000.0,1.6034099590953927,1.6034099590953927,28.497499465942383,25.2020320892334,17.773058789044832,17.773058789044832,15.717771956120199,3.8415358885919266,3.397298449007408
2014-12-29,2014-09-27,2014-10-27,39510000000.0,182795000000.0,24641234000.0,1.6034099590953927,1.6034099590953927,28.477500915527344,25.184345245361328,17.760586276758378,17.760586276758378,15.706741187743251,3.8388400327947894,3.394914217170797
2014-12-30,2014-09-27,2014-10-27,39510000000.0,182795000000.0,24641234000.0,1.6034099590953927,1.6034099590953927,28.1299991607666,24.877023696899414,17.543859573279004,17.543859573279004,15.51507370637417,3.791995906563382,3.353486485619648
2014-12-31,2014-09-27,2014-10-27,39510000000.0,182795000000.0,24641234000.0,1.6034099590953927,1.6034099590953927,27.594999313354492,24.40390396118164,17.21019578107333,17.21019578107333,15.220002734016798,3.719876557401501,3.2897087339424145
2015-01-02,2014-09-27,2014-10-27,39510000000.0,182795000000.0,24641234000.0,1.6034099590953927,1.6034099590953927,27.332500457763672,24.17176055908203,17.04648290521037,17.04648290521037,15.075221668648725,3.6844910396064545,3.2584152089953835
2015-01-05,2014-09-27,2014-10-27,39510000000.0,182795000000.0,24641234000.0,1.6034099590953927,1.6034099590953927,26.5625,23.490795135498047,16.566256090230322,16.566256090230322,14.650523406222957,3.580693006510025,3.1666193264578855
2015-01-06,2014-09-27,2014-10-27,39510000000.0,182795000000.0,24641234000.0,1.6034099590953927,1.6034099590953927,26.565000534057617,23.493009567260742,16.567815600350258,16.567815600350258,14.651904482690728,3.581030084902972,3.1669178375289846
2015-01-07,2014-09-27,2014-10-27,39510000000.0,182795000000.0,24641234000.0,1.6034099590953927,1.6034099590953927,26.9375,23.82243537902832,16.80013264679828,16.80013264679828,14.857357748026208,3.631243966601931,3.2113252803660686
2015-01-08,2014-09-27,2014-10-27,39510000000.0,182795000000.0,24641234000.0,1.6034099590953927,1.6034099590953927,27.97249984741211,24.737747192382812,17.445631847761227,17.445631847761227,15.428211014941734,3.7707645958863543,3.334711656228824
2015-01-09,2014-09-27,2014-10-27,39510000000.0,182795000000.0,24641234000.0,1.6034099590953927,1.6034099590953927,28.002500534057617,24.76427459716797,17.46434240052743,17.46434240052743,15.444755383170632,3.7748087652552793,3.338287618310521
2015-01-12,2014-09-27,2014-10-27,39510000000.0,182795000000.0,24641234000.0,1.6034099590953927,1.6034099590953927,27.3125,24.154071807861328,17.034009203366235,17.034009203366235,15.064189710714098,3.6817949266938372,3.2560307200432943
2015-01-13,2014-09-27,2014-10-27,39510000000.0,182795000000.0,24641234000.0,1.6034099590953927,1.6034099590953927,27.55500030517578,24.368528366088867,17.185249566942744,17.185249566942744,15.197940007705224,3.7144845886917466,3.2849400131537156
2015-01-14,2014-09-27,2014-10-27,39510000000.0,182795000000.0,24641234000.0,1.6034099590953927,1.6034099590953927,27.450000762939453,24.27566909790039,17.119764416597558,17.119764416597558,15.140026392000314,3.7003303815737274,3.272422346059424
2015-01-15,2014-09-27,2014-10-27,39510000000.0,182795000000.0,24641234000.0,1.6034099590953927,1.6034099590953927,26.704999923706055,23.616825103759766,16.655129134143838,16.655129134143838,14.729124619560077,3.5999023610603302,3.1836084888471707
2015-01-16,2014-09-27,2014-10-27,39510000000.0,182795000000.0,24641234000.0,1.6034099590953927,1.6034099590953927,26.497499465942383,23.43331527709961,16.525717154015723,16.525717154015723,14.614674895944983,3.57193076810176,3.158870894383251
2015-01-20,2014-09-27,2014-10-27,39510000000.0,182795000000.0,24641234000.0,1.6034099590953927,1.6034099590953927,27.18000030517578,24.036897659301758,16.951373010374787,16.951373010374787,14.991111613690379,3.6639336285998403,3.2402353448229264
2015-01-21,2014-09-27,2014-10-27,39510000000.0,182795000000.0,24641234000.0,1.6034099590953927,1.6034099590953927,27.387500762939453,24.22039031982422,17.0807849905029,17.0807849905029,15.105550631286343,3.69190522155841,3.2649706252475363
2015-01-22,2014-09-27,2014-10-27,39510000000.0,182795000000.0,24641234000.0,1.6034099590953927,1.6034099590953927,28.100000381469727,24.850502014160156,17.525150210070482,17.525150210070482,15.498532906818317,3.7879519943099362,3.349911294884388
2015-01-23,2014-09-27,2014-10-27,39510000000.0,182795000000.0,24641234000.0,1.6034099590953927,1.6034099590953927,28.2450008392334,24.978736877441406,17.615582764103937,17.615582764103937,15.578509248834802,3.8074984272531887,3.3671976827673786
2015-01-26,2014-09-27,2014-10-27,39510000000.0,182795000000.0,24641234000.0,1.6034099590953927,1.6034099590953927,28.274999618530273,25.00526237487793,17.634292127312456,17.634292127312456,15.595052427506017,3.8115423395066346,3.3707733877335966
2015-01-27,2014-09-27,2014-10-27,39510000000.0,182795000000.0,24641234000.0,1.6034099590953927,1.6034099590953927,27.28499984741211,24.12975311279297,17.01685816071997,17.01685816071997,15.049022850279927,3.6780878357178595,3.2527524976862603
2015-01-28,2014-12-27,2015-01-28,44462000000.0,199800000000.0,24212873000.0,1.836295924073116,1.836295924073116,28.827499389648438,25.493865966796875,15.698722091429426,15.698722091429426,13.883310218457895,3.4934763845302057,3.089488182848223
2015-01-29,2014-12-27,2015-01-28,44462000000.0,199800000000.0,24212873000.0,1.836295924073116,1.836295924073116,29.725000381469727,26.287582397460938,16.187478277213756,16.187478277213756,14.31554797505189,3.602240536343734,3.1856751454792653
2015-01-30,2014-12-27,2015-01-28,44462000000.0,199800000000.0,24212873000.0,1.836295924073116,1.836295924073116,29.290000915527344,25.90288734436035,15.950588645080007,15.950588645080007,14.106052845178004,3.549524886574311,3.1390556636751974
2015-02-02,2014-12-27,2015-01-28,44462000000.0,199800000000.0,24212873000.0,1.836295924073116,1.836295924073116,29.657499313354492,26.22789764404297,16.150718914395203,16.150718914395203,14.28304517817938,3.5940603822414388,3.178442215776835
2015-02-03,2014-12-27,2015-01-28,44462000000.0,199800000000.0,24212873000.0,1.836295924073116,1.836295924073116,29.662500381469727,26.232316970825195,16.153442368741352,16.153442368741352,14.285451831009292,3.5946664394343246,3.178977774326002
2015-02-04,2014-12-27,2015-01-28,44462000000.0,199800000000.0,24212873000.0,1.836295924073116,1.836295924073116,29.889999389648438,26.43350601196289,16.277332535460282,16.277332535460282,14.395014259646302,3.6222360319901656,3.2033589790410106
2015-02-05,2014-12-27,2015-01-28,44462000000.0,199800000000.0,24212873000.0,1.836295924073116,1.836295924073116,29.985000610351562,26.622177124023438,16.329067781102175,16.329067781102175,14.497759742869972,3.6337488072240482,3.2262231916290527
2015-02-06,2014-12-27,2015-01-28,44462000000.0,199800000000.0,24212873000.0,1.836295924073116,1.836295924073116,29.732500076293945,26.397991180419922,16.191562420039485,16.191562420039485,14.375673786753355,3.603149390989968,3.199055094627766
2015-02-09,2014-12-27,2015-01-28,44462000000.0,199800000000.0,24212873000.0,1.836295924073116,1.836295924073116,29.93000030517578,26.573339462280273,16.2991160154555,16.2991160154555,14.471163995908428,3.6270835649608726,3.220304772703106
2015-02-10,2014-12-27,2015-01-28,44462000000.0,199800000000.0,24212873000.0,1.836295924073116,1.836295924073116,30.5049991607666,27.083852767944336,16.61224575018551,16.61224575018551,14.749176542236846,3.6967651178415832,3.2821716087133868
2015-02-11,2014-12-27,2015-01-28,44462000000.0,199800000000.0,24212873000.0,1.836295924073116,1.836295924073116,31.219999313354492,27.718669891357422,17.001616626205287,17.001616626205287,15.094881782384082,3.783412804976674,3.3591022713131187
2015-02-12,2014-12-27,2015-01-28,44462000000.0,199800000000.0,24212873000.0,1.836295924073116,1.836295924073116,31.614999771118164,28.069366455078125,17.216723817037316,17.216723817037316,15.285862200694229,3.8312811529184843,3.401601627463798
2015-02-13,2014-12-27,2015-01-28,44462000000.0,199800000000.0,24212873000.0,1.836295924073116,1.836295924073116,31.770000457763672,28.206987380981445,17.301133243978533,17.301133243978533,15.360807052501155,3.850064996465334,3.4182792951366685
2015-02-17,2014-12-27,2015-01-28,44462000000.0,199800000000.0,24212873000.0,1.836295924073116,1.836295924073116,31.957500457763672,28.373455047607422,17.403240969395746,17.403240969395746,15.451461104739495,3.872787287193562,3.438452770965603
2015-02-18,2014-12-27,2015-01-28,44462000000.0,199800000000.0,24212873000.0,1.836295924073116,1.836295924073116,32.18000030517578,28.571006774902344,17.52440872046202,17.52440872046202,15.559042744879898,3.8997510536996116,3.4623931858000505
2015-02-19,2014-12-27,2015-01-28,44462000000.0,199800000000.0,24212873000.0,1.836295924073116,1.836295924073116,32.11249923706055,28.51107406616211,17.48764935764347,17.48764935764347,15.526404917852924,3.891570899597317,3.455130207495379
2015-02-20,2014-12-27,2015-01-28,44462000000.0,199800000000.0,24212873000.0,1.836295924073116,1.836295924073116,32.375,28.744138717651367,17.63060058870496,17.63060058870496,15.65332599219278,3.9233821990740743,3.4833742755999766
2015-02-23,2014-12-27,2015-01-28,44462000000.0,199800000000.0,24212873000.0,1.836295924073116,1.836295924073116,33.25,29.520992279052734,18.10710330731861,18.10710330731861,16.076380659589862,4.029419555805806,3.577517702135558
2015-02-24,2014-12-27,2015-01-28,44462000000.0,199800000000.0,24212873000.0,1.836295924073116,1.836295924073116,33.04249954223633,29.336776733398438,17.99410384190379,17.99410384190379,15.976061564372525,4.004273498592224,3.5551934398154716
2015-02-25,2014-12-27,2015-01-28,44462000000.0,199800000000.0,24212873000.0,1.836295924073116,1.836295924073116,32.1974983215332,28.586545944213867,17.53393769459306,17.53393769459306,15.567504980790686,3.901871560445428,3.464276308588165
2015-02-26,2014-12-27,2015-01-28,44462000000.0,199800000000.0,24212873000.0,1.836295924073116,1.836295924073116,32.60499954223633,28.948341369628906,17.755852482596968,17.755852482596968,15.764529556553253,3.951254820226358,3.5081206864037573
2015-02-27,2014-12-27,2015-01-28,44462000000.0,199800000000.0,24212873000.0,1.836295924073116,1.836295924073116,32.1150016784668,28.513301849365234,17.48901212351004,17.48901212351004,15.527618111856091,3.891874159336854,3.4554001826293574
2015-03-02,2014-12-27,2015-01-28,44462000000.0,199800000000.0,24212873000.0,1.836295924073116,1.836295924073116,32.272499084472656,28.65313148498535,17.574781200237343,17.574781200237343,15.603765770731224,3.910960569193957,3.472345514005264
2015-03-03,2014-12-27,2015-01-28,44462000000.0,199800000000.0,24212873000.0,1.836295924073116,1.836295924073116,32.34000015258789,28.713064193725586,17.611540563055893,17.611540563055893,15.636403597758198,3.9191407232962523,3.479608492309935
2015-03-04,2014-12-27,2015-01-28,44462000000.0,199800000000.0,24212873000.0,1.836295924073116,1.836295924073116,32.1349983215332,28.53105354309082,17.499901786120656,17.499901786120656,15.537285232222079,3.894297463536019,3.457551431406697
2015-03-05,2014-12-27,2015-01-28,44462000000.0,199800000000.0,24212873000.0,1.836295924073116,1.836295924073116,31.602500915527344,28.05827522277832,17.20991725855893,17.20991725855893,15.279822198015792,3.829766472222459,3.4002575303712623
2015-03-06,2014-12-27,2015-01-28,44462000000.0,199800000000.0,24212873000.0,1.836295924073116,1.836295924073116,31.649999618530273,28.100444793701172,17.23578384268638,17.23578384268638,15.302786672515804,3.8355226286963062,3.4053678730400287
2015-03-09,2014-12-27,2015-01-28,44462000000.0,199800000000.0,24212873000.0,1.836295924073116,1.836295924073116,31.78499984741211,28.22030258178711,17.309301529629995,17.309301529629995,15.368058171795766,3.851882705757802,3.419892905076994
2015-03-10,2014-12-27,2015-01-28,44462000000.0,199800000000.0,24212873000.0,1.836295924073116,1.836295924073116,31.127500534057617,27.636539459228516,16.951244146429968,16.951244146429968,15.050155640452267,3.7722032894823285,3.349149249678622
2015-03-11,2014-12-27,2015-01-28,44462000000.0,199800000000.0,24212873000.0,1.836295924073116,1.836295924073116,30.559999465942383,27.1326847076416,16.642197515832187,16.642197515832187,14.775769173117903,3.703430360104759,3.288089334210051
2015-03-12,2014-12-27,2015-01-28,44462000000.0,199800000000.0,24212873000.0,1.836295924073116,1.836295924073116,31.112499237060547,27.623226165771484,16.943074822085013,16.943074822085013,15.042905559851151,3.7703853490467667,3.347535870881391
2015-03-13,2014-12-27,2015-01-28,44462000000.0,199800000000.0,24212873000.0,1.836295924073116,1.836295924073116,30.897499084472656,27.432327270507812,16.825991213844468,16.825991213844468,14.938946882624315,3.7443304371869504,3.324401683159371
2015-03-16,2014-12-27,2015-01-28,44462000000.0,199800000000.0,24212873000.0,1.836295924073116,1.836295924073116,31.237499237060547,27.734207153320312,17.01114663902982,17.01114663902982,15.103342979601372,3.7855335428655854,3.3609851629581393
2015-03-17,2014-12-27,2015-01-28,44462000000.0,199800000000.0,24212873000.0,1.836295924073116,1.836295924073116,31.760000228881836,28.198102951049805,17.29568737397973,17.29568737397973,15.35596881819743,3.8488531132226567,3.4172026306040744
2015-03-18,2014-12-27,2015-01-28,44462000000.0,199800000000.0,24212873000.0,1.836295924073116,1.836295924073116,32.11750030517578,28.515512466430664,17.49037281198962,17.49037281198962,15.528821957617795,3.8921769567902023,3.4556680774754875
2015-03-19,2014-12-27,2015-01-28,44462000000.0,199800000000.0,24212873000.0,1.836295924073116,1.836295924073116,31.875,28.300220489501953,17.358313320925735,17.358313320925735,15.411579429272381,3.862789423798799,3.429577800722265
2015-03-20,2014-12-27,2015-01-28,44462000000.0,199800000000.0,24212873000.0,1.836295924073116,1.836295924073116,31.475000381469727,27.9450740814209,17.14048371444105,17.14048371444105,15.218175739036388,3.8143152498071973,3.3865391877329123
2015-03-23,2014-12-27,2015-01-28,44462000000.0,199800000000.0,24212873000.0,1.836295924073116,1.836295924073116,31.802499771118164,28.235841751098633,17.318831542454525,17.318831542454525,15.376520407706554,3.8540034436467123,3.4217760278651093
2015-03-24,2014-12-27,2015-01-28,44462000000.0,199800000000.0,24212873000.0,1.836295924073116,1.836295924073116,31.672500610351562,28.12041664123535,17.248037309857065,17.248037309857065,15.313662832110973,3.8382494237781026,3.4077881723789694
2015-03-25,2014-12-27,2015-01-28,44462000000.0,199800000000.0,24212873000.0,1.836295924073116,1.836295924073116,30.844999313354492,27.385723114013672,16.79740117537087,16.79740117537087,14.913567445746425,3.7379682235202174,3.3187539327966844
2015-03-26,2014-12-27,2015-01-28,44462000000.0,199800000000.0,24212873000.0,1.836295924073116,1.836295924073116,31.059999465942383,27.576616287231445,16.914484783611414,16.914484783611414,15.017523006892773,3.7640231353800337,3.3418874270894223
2015-03-27,2014-12-27,2015-01-28,44462000000.0,199800000000.0,24212873000.0,1.836295924073116,1.836295924073116,30.8125,27.356870651245117,16.779702876894877,16.779702876894877,14.897855129234522,3.734029776338839,3.3152574312113376
2015-03-30,2014-12-27,2015-01-28,44462000000.0,199800000000.0,24212873000.0,1.836295924073116,1.836295924073116,31.592500686645508,28.049394607543945,17.20447138856013,17.20447138856013,15.274986041099059,3.8285545889797823,3.399181328124857
2015-03-31,2014-12-27,2015-01-28,44462000000.0,199800000000.0,24212873000.0,1.836295924073116,1.836295924073116,31.107500076293945,27.61878776550293,16.94035240643236,16.94035240643236,15.04048852008628,3.7697795229969753,3.3469980009012823
2015-04-01,2014-12-27,2015-01-28,44462000000.0,199800000000.0,24212873000.0,1.836295924073116,1.836295924073116,31.0625,27.57883071899414,16.91584651078449,16.91584651078449,15.018728930041469,3.7643261639764765,3.342155784221741
2015-04-02,2014-12-27,2015-01-28,44462000000.0,199800000000.0,24212873000.0,1.836295924073116,1.836295924073116,31.329999923706055,27.816328048706055,17.061520157498638,17.061520157498638,15.148063928065708,3.796743289503025,3.3709370288771647
2015-04-06,2014-12-27,2015-01-28,44462000000.0,199800000000.0,24212873000.0,1.836295924073116,1.836295924073116,31.837499618530273,28.26691246032715,17.337891568103593,17.337891568103593,15.393440724754145,3.8582449194245343,3.425541348868963
2015-04-07,2014-12-27,2015-01-28,44462000000.0,199800000000.0,24212873000.0,1.836295924073116,1.836295924073116,31.502500534057617,27.96949005126953,17.15545959726439,17.15545959726439,15.231472054476916,3.8176478709387847,3.389498050481244
2015-04-08,2014-12-27,2015-01-28,44462000000.0,199800000000.0,24212873000.0,1.836295924073116,1.836295924073116,31.399999618530273,27.878475189208984,17.099640208796767,17.099640208796767,15.181907678241377,3.8052262410586684,3.3784683643141546
2015-04-09,2014-12-27,2015-01-28,44462000000.0,199800000000.0,24212873000.0,1.836295924073116,1.836295924073116,31.639999389648438,28.09157371520996,17.23033797268758,17.23033797268758,15.29795570906655,3.8343107454536294,3.404292826509094
2015-04-10,2014-12-27,2015-01-28,44462000000.0,199800000000.0,24212873000.0,1.836295924073116,1.836295924073116,31.774999618530273,28.211427688598633,17.30385565963119,17.30385565963119,15.36322513095952,3.850670822515125,3.4188173962598714
2015-04-13,2014-12-27,2015-01-28,44462000000.0,199800000000.0,24212873000.0,1.836295924073116,1.836295924073116,31.712499618530273,28.155933380126953,17.269819751158785,17.269819751158785,15.333004343697418,3.8430967256057156,3.4120922879353084
2015-04-14,2014-12-27,2015-01-28,44462000000.0,199800000000.0,24212873000.0,1.836295924073116,1.836295924073116,31.575000762939453,28.033863067626953,17.194941375735596,17.194941375735596,15.266527959962255,3.8264338510908713,3.397299129909118
2015-04-15,2014-12-27,2015-01-28,44462000000.0,199800000000.0,24212873000.0,1.836295924073116,1.836295924073116,31.69499969482422,28.140396118164062,17.260289738334254,17.260289738334254,15.324543146480128,3.840975987716805,3.4102093962902873
2015-04-16,2014-12-27,2015-01-28,44462000000.0,199800000000.0,24212873000.0,1.836295924073116,1.836295924073116,31.542499542236328,28.005001068115234,17.17724203856611,17.17724203856611,15.250810449982874,3.822495172766398,3.3938014726083012
2015-04-17,2014-12-27,2015-01-28,44462000000.0,199800000000.0,24212873000.0,1.836295924073116,1.836295924073116,31.1875,27.6898193359375,16.983918327729295,16.983918327729295,15.079170504565674,3.779474357795295,3.355606000870866
2015-04-20,2014-12-27,2015-01-28,44462000000.0,199800000000.0,24212873000.0,1.836295924073116,1.836295924073116,31.899999618530273,28.32240867614746,17.371927476575998,17.371927476575998,15.423662550709743,3.8658190163339436,3.4322666883366195
2015-04-21,2014-12-27,2015-01-28,44462000000.0,199800000000.0,24212873000.0,1.836295924073116,1.836295924073116,31.727500915527344,28.169252395629883,17.27798907550374,17.27798907550374,15.340257540379023,3.8449146660412783,3.4137063601618225
2015-04-22,2014-12-27,2015-01-28,44462000000.0,199800000000.0,24212873000.0,1.836295924073116,1.836295924073116,32.154998779296875,28.548805236816406,17.510793526118263,17.510793526118263,15.546952352588065,3.8967212300213725,3.4597026801840367
2015-04-23,2014-12-27,2015-01-28,44462000000.0,199800000000.0,24212873000.0,1.836295924073116,1.836295924073116,32.41749954223633,28.781871795654297,17.653744757179755,17.653744757179755,15.673874465621417,3.92853252949813,3.487946979431729
2015-04-24,2014-12-27,2015-01-28,44462000000.0,199800000000.0,24212873000.0,1.836295924073116,1.836295924073116,32.56999969482422,28.917264938354492,17.7367924569479,17.7367924569479,15.747606123425175,3.9470133444485365,3.504354671970621
2015-04-27,2014-12-27,2015-01-28,44462000000.0,199800000000.0,24212873000.0,1.836295924073116,1.836295924073116,33.162498474121094,29.44331169128418,18.059452204502445,18.059452204502445,16.034077789583893,4.018815635218157,3.568103937339735
2015-04-28,2015-03-28,2015-04-28,47808000000.0,212164000000.0,23891035000.0,2.001085344356157,2.001085344356157,32.63999938964844,28.97942543029785,16.311148088564035,16.311148088564035,14.481853815995983,3.6754744811469875,3.263270240168624
2015-04-29,2015-03-28,2015-04-28,47808000000.0,212164000000.0,23891035000.0,2.001085344356157,2.001085344356157,32.15999984741211,28.55324363708496,16.071278488004463,16.071278488004463,14.268878495170767,3.6214234363724165,3.2152794210946443
2015-04-30,2015-03-28,2015-04-28,47808000000.0,212164000000.0,23891035000.0,2.001085344356157,2.001085344356157,31.287500381469727,27.77859878540039,15.635265367223196,15.635265367223196,13.881766144431019,3.523174368300968,3.1280494138164734
2015-05-01,2015-03-28,2015-04-28,47808000000.0,212164000000.0,23891035000.0,2.001085344356157,2.001085344356157,32.23749923706055,28.622055053710938,16.110007165852718,16.110007165852718,14.303265542589836,3.6301503675698363,3.2230280304864865
2015-05-04,2015-03-28,2015-04-28,47808000000.0,212164000000.0,23891035000.0,2.001085344356157,2.001085344356157,32.17499923706055,28.566556930541992,16.078774115160368,16.078774115160368,14.275531531481578,3.6231124644029467,3.2167785838175718
2015-05-05,2015-03-28,2015-04-28,47808000000.0,212164000000.0,23891035000.0,2.001085344356157,2.001085344356157,31.450000762939453,27.922876358032227,15.716471489654726,15.716471489654726,13.953865804267496,3.5414729594908336,3.1442959991818613
2015-05-06,2015-03-28,2015-04-28,47808000000.0,212164000000.0,23891035000.0,2.001085344356157,2.001085344356157,31.252500534057617,27.747528076171875,15.617774935088043,15.617774935088043,13.866239215848914,3.5192331597098905,3.124550651530443
2015-05-07,2015-03-28,2015-04-28,47808000000.0,212164000000.0,23891035000.0,2.001085344356157,2.001085344356157,31.315000534057617,27.91914939880371,15.649007985780397,15.649007985780397,13.952003335363294,3.52627106287678,3.143876319531346
2015-05-08,2015-03-28,2015-04-28,47808000000.0,212164000000.0,23891035000.0,2.001085344356157,2.001085344356157,31.905000686645508,28.44516944885254,15.94384806056877,15.94384806056877,14.214870709577198,3.5927088859546004,3.203109570348724
2015-05-11,2015-03-28,2015-04-28,47808000000.0,212164000000.0,23891035000.0,2.001085344356157,2.001085344356157,31.579999923706055,28.155412673950195,15.781435815705711,15.781435815705711,14.070070900953557,3.55611170357487,3.170481088369317
2015-05-12,2015-03-28,2015-04-28,47808000000.0,212164000000.0,23891035000.0,2.001085344356157,2.001085344356157,31.467500686645508,28.055110931396484,15.725216705722302,15.725216705722302,14.019947230398175,3.543443563786372,3.1591864651443036
2015-05-13,2015-03-28,2015-04-28,47808000000.0,212164000000.0,23891035000.0,2.001085344356157,2.001085344356157,31.502500534057617,28.086322784423828,15.742707137857455,15.742707137857455,14.03554469260306,3.5473847723774496,3.162701121132554
2015-05-14,2015-03-28,2015-04-28,47808000000.0,212164000000.0,23891035000.0,2.001085344356157,2.001085344356157,32.23749923706055,28.741615295410156,16.110007165852718,16.110007165852718,14.363013240026342,3.6301503675698363,3.236491284945511
2015-05-15,2015-03-28,2015-04-28,47808000000.0,212164000000.0,23891035000.0,2.001085344356157,2.001085344356157,32.192501068115234,28.701486587524414,16.087520284385008,16.087520284385008,14.342959768544517,3.6250832834782454,3.2319725335805147
2015-05-18,2015-03-28,2015-04-28,47808000000.0,212164000000.0,23891035000.0,2.001085344356157,2.001085344356157,32.54750061035156,29.018001556396484,16.264923783559876,16.264923783559876,14.501131417627235,3.665058521919037,3.267614160809199
2015-05-19,2015-03-28,2015-04-28,47808000000.0,212164000000.0,23891035000.0,2.001085344356157,2.001085344356157,32.51750183105469,28.991256713867188,16.249932529248067,16.249932529248067,14.48776624926761,3.6616804658579762,3.2646025190182404
2015-05-20,2015-03-28,2015-04-28,47808000000.0,212164000000.0,23891035000.0,2.001085344356157,2.001085344356157,32.51499938964844,28.989011764526367,16.24868198717933,16.24868198717933,14.486644383402593,3.661398674813208,3.264349723241036
2015-05-21,2015-03-28,2015-04-28,47808000000.0,212164000000.0,23891035000.0,2.001085344356157,2.001085344356157,32.84749984741211,29.285457611083984,16.414842045620343,16.414842045620343,14.634786913851736,3.698840371208204,3.2977314378378226
2015-05-22,2015-03-28,2015-04-28,47808000000.0,212164000000.0,23891035000.0,2.001085344356157,2.001085344356157,33.1349983215332,29.54178237915039,16.558513316279512,16.558513316279512,14.762879785447314,3.731214553952089,3.3265952601886526
2015-05-26,2015-03-28,2015-04-28,47808000000.0,212164000000.0,23891035000.0,2.001085344356157,2.001085344356157,32.404998779296875,28.890949249267578,16.19371151295053,16.19371151295053,14.437639719241036,3.649011896509959,3.2533072514539483
2015-05-27,2015-03-28,2015-04-28,47808000000.0,212164000000.0,23891035000.0,2.001085344356157,2.001085344356157,33.0099983215332,29.430335998535156,16.49604721489481,16.49604721489481,14.707186818163557,3.7171387476183098,3.3140456788275268
2015-05-28,2015-03-28,2015-04-28,47808000000.0,212164000000.0,23891035000.0,2.001085344356157,2.001085344356157,32.94499969482422,29.372386932373047,16.463565528447848,16.463565528447848,14.678228000227307,3.709819482966171,3.307520240167357
2015-05-29,2015-03-28,2015-04-28,47808000000.0,212164000000.0,23891035000.0,2.001085344356157,2.001085344356157,32.56999969482422,29.038053512573242,16.27616722429373,16.27616722429373,14.511151957847227,3.667592063964832,3.2698721404232587
2015-06-01,2015-03-28,2015-04-28,47808000000.0,212164000000.0,23891035000.0,2.001085344356157,2.001085344356157,32.6349983215332,29.096010208129883,16.30864891074069,16.30864891074069,14.540114588411736,3.6749113286169712,3.2763984382024676
2015-06-02,2015-03-28,2015-04-28,47808000000.0,212164000000.0,23891035000.0,2.001085344356157,2.001085344356157,32.4900016784668,28.96673011779785,16.236189910690868,16.236189910690868,14.4755096025741,3.6585837712821636,3.2618406660878496
2015-06-03,2015-03-28,2015-04-28,47808000000.0,212164000000.0,23891035000.0,2.001085344356157,2.001085344356157,32.529998779296875,29.002389907836914,16.256177614335233,16.256177614335233,14.493329827053598,3.6630877028437383,3.2658561884757944
2015-06-04,2015-03-28,2015-04-28,47808000000.0,212164000000.0,23891035000.0,2.001085344356157,2.001085344356157,32.34000015258789,28.832996368408203,16.16122982650357,16.16122982650357,14.408678994990655,3.6416926318578207,3.246781383234259
2015-06-05,2015-03-28,2015-04-28,47808000000.0,212164000000.0,23891035000.0,2.001085344356157,2.001085344356157,32.162498474121094,28.67473602294922,16.07252712375907,16.07252712375907,14.329591740713699,3.6217047978576646,3.228960247450277
2015-06-08,2015-03-28,2015-04-28,47808000000.0,212164000000.0,23891035000.0,2.001085344356157,2.001085344356157,31.950000762939453,28.48529815673828,15.966335895193549,15.966335895193549,14.234924181059021,3.5977761848259515,3.2076283217137207
2015-06-09,2015-03-28,2015-04-28,47808000000.0,212164000000.0,23891035000.0,2.001085344356157,2.001085344356157,31.854999542236328,28.400590896606445,15.91886104812065,15.91886104812065,14.192593522663694,3.587078434553233,3.198089737804274
2015-06-10,2015-03-28,2015-04-28,47808000000.0,212164000000.0,23891035000.0,2.001085344356157,2.001085344356157,32.220001220703125,28.726009368896484,16.101262902942207,16.101262902942207,14.355214508923899,3.6281799780540576,3.2347339569513855
2015-06-11,2015-03-28,2015-04-28,47808000000.0,212164000000.0,23891035000.0,2.001085344356157,2.001085344356157,32.147499084472656,28.66136932373047,16.065031496603165,16.065031496603165,14.32291201600508,3.620015769827135,3.227455070894077
2015-06-12,2015-03-28,2015-04-28,47808000000.0,212164000000.0,23891035000.0,2.001085344356157,2.001085344356157,31.792499542236328,28.344863891601562,15.887627997428298,15.887627997428298,14.164745132707687,3.5800405313863433,3.1918145175641914
2015-06-15,2015-03-28,2015-04-28,47808000000.0,212164000000.0,23891035000.0,2.001085344356157,2.001085344356157,31.729999542236328,28.28914451599121,15.856394946735945,15.856394946735945,14.136900555379937,3.5730026282194536,3.1855401564431483
2015-06-16,2015-03-28,2015-04-28,47808000000.0,212164000000.0,23891035000.0,2.001085344356157,2.001085344356157,31.899999618530273,28.440710067749023,15.941348882745427,15.941348882745427,14.212642228360195,3.592145733424584,3.2026074152704718
2015-06-17,2015-03-28,2015-04-28,47808000000.0,212164000000.0,23891035000.0,2.001085344356157,2.001085344356157,31.825000762939453,28.37384796142578,15.903869793808843,15.903869793808843,14.179229307461135,3.583700378492172,3.1950783107930754
2015-06-18,2015-03-28,2015-04-28,47808000000.0,212164000000.0,23891035000.0,2.001085344356157,2.001085344356157,31.969999313354492,28.50311851501465,15.97632974701573,15.97632974701573,14.243829527513448,3.6000281506067386,3.209635009008894
2015-06-19,2015-03-28,2015-04-28,47808000000.0,212164000000.0,23891035000.0,2.001085344356157,2.001085344356157,31.649999618530273,28.217819213867188,15.816416679976015,15.816416679976015,14.101257246949745,3.563994120757025,3.1775084673279794
2015-06-22,2015-03-28,2015-04-28,47808000000.0,212164000000.0,23891035000.0,2.001085344356157,2.001085344356157,31.90250015258789,28.442943572998047,15.9425984716571,15.9425984716571,14.213758375282826,3.5924273096895925,3.202858922369117
2015-06-23,2015-03-28,2015-04-28,47808000000.0,212164000000.0,23891035000.0,2.001085344356157,2.001085344356157,31.75749969482422,28.313663482666016,15.870137565293145,15.870137565293145,14.149153389445189,3.5760993227952653,3.1883011502545
2015-06-24,2015-03-28,2015-04-28,47808000000.0,212164000000.0,23891035000.0,2.001085344356157,2.001085344356157,32.02750015258789,28.55438804626465,16.005064573041803,16.005064573041803,14.269450389409519,3.606503116023372,3.2154082889504836
2015-06-25,2015-03-28,2015-04-28,47808000000.0,212164000000.0,23891035000.0,2.001085344356157,2.001085344356157,31.875,28.41843032836914,15.928855853099899,15.928855853099899,14.201508400688768,3.58933061511378,3.200098572897045
2015-06-26,2015-03-28,2015-04-28,47808000000.0,212164000000.0,23891035000.0,2.001085344356157,2.001085344356157,31.6875,28.251256942749023,15.835156701022841,15.835156701022841,14.117967043449001,3.568216905613111,3.181273771295837
2015-06-29,2015-03-28,2015-04-28,47808000000.0,212164000000.0,23891035000.0,2.001085344356157,2.001085344356157,31.13249969482422,27.756439208984375,15.557807058369617,15.557807058369617,13.87069236565466,3.5057202911263676,3.12555410256791
2015-06-30,2015-03-28,2015-04-28,47808000000.0,212164000000.0,23891035000.0,2.001085344356157,2.001085344356157,31.357500076293945,27.957040786743164,15.6702462314935,15.6702462314935,13.970938753608358,3.531056785483123,3.1481431342381763
2015-07-01,2015-03-28,2015-04-28,47808000000.0,212164000000.0,23891035000.0,2.001085344356157,2.001085344356157,31.649999618530273,28.217819213867188,15.816416679976015,15.816416679976015,14.101257246949745,3.563994120757025,3.1775084673279794
2015-07-02,2015-03-28,2015-04-28,47808000000.0,212164000000.0,23891035000.0,2.001085344356157,2.001085344356157,31.610000610351562,28.182161331176758,15.796428023174583,15.796428023174583,14.08343797562731,3.5594899744156905,3.173493159719795
2015-07-06,2015-03-28,2015-04-28,47808000000.0,212164000000.0,23891035000.0,2.001085344356157,2.001085344356157,31.5,28.084089279174805,15.741457548945782,15.741457548945782,14.034428545680429,3.5471031961124413,3.162449614033908
2015-07-07,2015-03-28,2015-04-28,47808000000.0,212164000000.0,23891035000.0,2.001085344356157,2.001085344356157,31.422500610351562,28.01499366760254,15.702728871097525,15.702728871097525,13.999899477858738,3.538376264915021,3.1546690024578656
2015-07-08,2015-03-28,2015-04-28,47808000000.0,212164000000.0,23891035000.0,2.001085344356157,2.001085344356157,30.642499923706055,27.319581985473633,15.31294005532042,15.31294005532042,13.652382224738956,3.4505431560715234,3.076361161178711
2015-07-09,2015-03-28,2015-04-28,47808000000.0,212164000000.0,23891035000.0,2.001085344356157,2.001085344356157,30.017499923706055,26.762359619140625,15.000609548396893,15.000609548396893,13.373922154105491,3.3801641244026257,3.013614328271881
2015-07-10,2015-03-28,2015-04-28,47808000000.0,212164000000.0,23891035000.0,2.001085344356157,2.001085344356157,30.81999969482422,27.477832794189453,15.401641804907854,15.401641804907854,13.731464713230588,3.470530775291919,3.0941812230638943
2015-07-13,2015-03-28,2015-04-28,47808000000.0,212164000000.0,23891035000.0,2.001085344356157,2.001085344356157,31.415000915527344,28.0083065032959,15.698981057519573,15.698981057519573,13.9965577091903,3.5375317508997557,3.1539159846202462
2015-07-14,2015-03-28,2015-04-28,47808000000.0,212164000000.0,23891035000.0,2.001085344356157,2.001085344356157,31.40250015258789,27.997163772583008,15.692734066118277,15.692734066118277,13.99098936561899,3.536124084354474,3.1526612412638935
2015-07-15,2015-03-28,2015-04-28,47808000000.0,212164000000.0,23891035000.0,2.001085344356157,2.001085344356157,31.704999923706055,28.266855239868164,15.843901917090417,15.843901917090417,14.125761961923185,3.5701875099086493,3.1830302401709227
2015-07-16,2015-03-28,2015-04-28,47808000000.0,212164000000.0,23891035000.0,2.001085344356157,2.001085344356157,32.127498626708984,28.643543243408203,16.05503669162392,16.05503669162392,14.31400381007946,3.6177635892665876,3.225447739259624
2015-07-17,2015-03-28,2015-04-28,47808000000.0,212164000000.0,23891035000.0,2.001085344356157,2.001085344356157,32.404998779296875,28.890949249267578,16.19371151295053,16.19371151295053,14.437639719241036,3.649011896509959,3.2533072514539483
2015-07-20,2015-03-28,2015-04-28,47808000000.0,212164000000.0,23891035000.0,2.001085344356157,2.001085344356157,33.01750183105469,29.43703269958496,16.49979693478689,16.49979693478689,14.710533352617318,3.717983691193094,3.314799770563945
2015-07-21,2015-03-28,2015-04-28,47808000000.0,212164000000.0,23891035000.0,2.001085344356157,2.001085344356157,32.6875,29.142820358276367,16.334885512100485,16.334885512100485,14.563506969090804,3.680823356283347,3.2816695630658037
2015-07-22,2015-06-27,2015-07-22,50737000000.0,224337000000.0,23612423000.0,2.1487417873210215,2.1487417873210215,31.30500030517578,27.910228729248047,14.568991253344496,14.568991253344496,12.989103155128554,3.2949843727113213,2.9376702317573886
2015-07-23,2015-06-27,2015-07-22,50737000000.0,224337000000.0,23612423000.0,2.1487417873210215,2.1487417873210215,31.290000915527344,27.896865844726562,14.562010707921615,14.562010707921615,12.982884220587263,3.2934056231821716,2.936263731350316
2015-07-24,2015-06-27,2015-07-22,50737000000.0,224337000000.0,23612423000.0,2.1487417873210215,2.1487417873210215,31.125,27.749753952026367,14.48522115763644,14.48522115763644,12.91442001815575,3.2760385753353214,2.920779579209708
2015-07-27,2015-06-27,2015-07-22,50737000000.0,224337000000.0,23612423000.0,2.1487417873210215,2.1487417873210215,30.6924991607666,27.36414909362793,14.283940183912451,14.283940183912451,12.734963900778709,3.230516023264847,2.8801930284964556
2015-07-28,2015-06-27,2015-07-22,50737000000.0,224337000000.0,23612423000.0,2.1487417873210215,2.1487417873210215,30.844999313354492,27.50011444091797,14.354912021239645,14.354912021239645,12.798240627695048,3.2465673126663717,2.8945039593440383
2015-07-29,2015-06-27,2015-07-22,50737000000.0,224337000000.0,23612423000.0,2.1487417873210215,2.1487417873210215,30.747499465942383,27.413192749023438,14.309536700674176,14.309536700674176,12.757788260450447,3.236305039213797,2.885355081731833
2015-07-30,2015-06-27,2015-07-22,50737000000.0,224337000000.0,23612423000.0,2.1487417873210215,2.1487417873210215,30.592500686645508,27.274993896484375,14.237402030882082,14.237402030882082,12.693472085582657,3.2199907587284495,2.8708090649612292
2015-07-31,2015-06-27,2015-07-22,50737000000.0,224337000000.0,23612423000.0,2.1487417873210215,2.1487417873210215,30.325000762939453,27.036508560180664,14.112910607443268,14.112910607443268,12.582483721270608,3.191835254504826,2.8457074694147946
2015-08-03,2015-06-27,2015-07-22,50737000000.0,224337000000.0,23612423000.0,2.1487417873210215,2.1487417873210215,29.610000610351562,26.399038314819336,13.780157664857585,13.780157664857585,12.285812316114894,3.1165784486815786,2.778611015939062
2015-08-04,2015-06-27,2015-07-22,50737000000.0,224337000000.0,23612423000.0,2.1487417873210215,2.1487417873210215,28.65999984741211,25.55205726623535,13.338038109802122,13.338038109802122,11.89163696494812,3.0165868295333813,2.689462659706481
2015-08-05,2015-06-27,2015-07-22,50737000000.0,224337000000.0,23612423000.0,2.1487417873210215,2.1487417873210215,28.850000381469727,25.72145652770996,13.426462198344888,13.426462198344888,11.970473455434867,3.0365851935143313,2.707292652163481
2015-08-06,2015-06-27,2015-07-22,50737000000.0,224337000000.0,23612423000.0,2.1487417873210215,2.1487417873210215,28.782499313354492,25.777433395385742,13.395047968625182,13.395047968625182,11.99652445328211,3.0294804191200555,2.71318445546733
2015-08-07,2015-06-27,2015-07-22,50737000000.0,224337000000.0,23612423000.0,2.1487417873210215,2.1487417873210215,28.8799991607666,25.8647518157959,13.440423289190651,13.440423289190651,12.037161453467704,3.03974269257263,2.722375090442463
2015-08-10,2015-06-27,2015-07-22,50737000000.0,224337000000.0,23612423000.0,2.1487417873210215,2.1487417873210215,29.93000030517578,26.805124282836914,13.929081884934854,13.929081884934854,12.474800109070637,3.150259777013777,2.8213532905134544
2015-08-11,2015-06-27,2015-07-22,50737000000.0,224337000000.0,23612423000.0,2.1487417873210215,2.1487417873210215,28.372499465942383,25.41023826599121,13.204238700693885,13.204238700693885,11.825636014493782,2.986326192099857,2.6745356069991617
2015-08-12,2015-06-27,2015-07-22,50737000000.0,224337000000.0,23612423000.0,2.1487417873210215,2.1487417873210215,28.809999465942383,25.802061080932617,13.407846227006045,13.407846227006045,12.007985898157523,3.03237492709453,2.7157766240736847
2015-08-13,2015-06-27,2015-07-22,50737000000.0,224337000000.0,23612423000.0,2.1487417873210215,2.1487417873210215,28.787500381469727,25.781911849975586,13.397375408871723,13.397375408871723,11.998608675135229,3.0300068028008065,2.713655831852686
2015-08-14,2015-06-27,2015-07-22,50737000000.0,224337000000.0,23612423000.0,2.1487417873210215,2.1487417873210215,28.989999771118164,25.963266372680664,13.491616322714101,13.491616322714101,12.083009008286094,3.05132072447053,2.732744166380987
2015-08-17,2015-06-27,2015-07-22,50737000000.0,224337000000.0,23612423000.0,2.1487417873210215,2.1487417873210215,29.290000915527344,26.231945037841797,13.631233444780317,13.631233444780317,12.208049004597662,3.08289712034938,2.7610237381540785
2015-08-18,2015-06-27,2015-07-22,50737000000.0,224337000000.0,23612423000.0,2.1487417873210215,2.1487417873210215,29.125,26.08417510986328,13.554443894495142,13.554443894495142,12.139278560028448,3.0655300725025296,2.7454703250028456
2015-08-19,2015-06-27,2015-07-22,50737000000.0,224337000000.0,23612423000.0,2.1487417873210215,2.1487417873210215,28.752500534057617,25.750566482543945,13.381086877779419,13.381086877779419,11.98402089748014,3.026322920061757,2.7103565986682967
2015-08-20,2015-06-27,2015-07-22,50737000000.0,224337000000.0,23612423000.0,2.1487417873210215,2.1487417873210215,28.162500381469727,25.222164154052734,13.106507514140068,13.106507514140068,11.73810846090487,2.9642228956655594,2.654740007136274
2015-08-21,2015-06-27,2015-07-22,50737000000.0,224337000000.0,23612423000.0,2.1487417873210215,2.1487417873210215,26.440000534057617,23.67951011657715,12.304875667272295,12.304875667272295,11.02017480941717,2.782922463661342,2.4923691112273008
2015-08-24,2015-06-27,2015-07-22,50737000000.0,224337000000.0,23612423000.0,2.1487417873210215,2.1487417873210215,25.780000686645508,23.088407516479492,11.997719241448335,11.997719241448335,10.74508237923987,2.7134546737870444,2.4301530495437365
2015-08-25,2015-06-27,2015-07-22,50737000000.0,224337000000.0,23612423000.0,2.1487417873210215,2.1487417873210215,25.934999465942383,23.22722816467285,12.069853911240429,12.069853911240429,10.809687930736327,2.7297689542723917,2.4447645129504676
2015-08-26,2015-06-27,2015-07-22,50737000000.0,224337000000.0,23612423000.0,2.1487417873210215,2.1487417873210215,27.422500610351562,24.55942153930664,12.762120033296792,12.762120033296792,11.42967558234463,2.8863347737082123,2.5849835293394294
2015-08-27,2015-06-27,2015-07-22,50737000000.0,224337000000.0,23612423000.0,2.1487417873210215,2.1487417873210215,28.229999542236328,25.282617568969727,13.137920856201402,13.137920856201402,11.766242792946862,2.971327469303283,2.661102986068927
2015-08-28,2015-06-27,2015-07-22,50737000000.0,224337000000.0,23612423000.0,2.1487417873210215,2.1487417873210215,28.322500228881836,25.365455627441406,13.1809696241787,13.1809696241787,11.804794683620965,2.981063559831658,2.6698220439021516
2015-08-31,2015-06-27,2015-07-22,50737000000.0,224337000000.0,23612423000.0,2.1487417873210215,2.1487417873210215,28.190000534057617,25.246795654296875,13.11930577252093,13.11930577252093,11.749571681097022,2.9671174036400343,2.657332577255734
2015-09-01,2015-06-27,2015-07-22,50737000000.0,224337000000.0,23612423000.0,2.1487417873210215,2.1487417873210215,26.93000030517578,24.11834716796875,12.532915990222907,12.532915990222907,11.224404584246807,2.8344970227645896,2.5385585765653023
2015-09-02,2015-06-27,2015-07-22,50737000000.0,224337000000.0,23612423000.0,2.1487417873210215,2.1487417873210215,28.084999084472656,25.152755737304688,13.07043929158565,13.07043929158565,11.70580657281501,2.956065554666333,2.6474344761894613
2015-09-03,2015-06-27,2015-07-22,50737000000.0,224337000000.0,23612423000.0,2.1487417873210215,2.1487417873210215,27.592500686645508,24.711685180664062,12.841236136170137,12.841236136170137,11.500537350033927,2.9042280044792617,2.601009924928439
2015-09-04,2015-06-27,2015-07-22,50737000000.0,224337000000.0,23612423000.0,2.1487417873210215,2.1487417873210215,27.3174991607666,24.46537971496582,12.713253552361513,12.713253552361513,11.38590958640425,2.875282924734511,2.575085227516604
2015-09-08,2015-06-27,2015-07-22,50737000000.0,224337000000.0,23612423000.0,2.1487417873210215,2.1487417873210215,28.077499389648438,25.146039962768555,13.06694901887421,13.06694901887421,11.702681127693703,2.9552761799017584,2.6467276123679793
2015-09-09,2015-06-27,2015-07-22,50737000000.0,224337000000.0,23612423000.0,2.1487417873210215,2.1487417873210215,27.537500381469727,24.66242218017578,12.815639619408412,12.815639619408412,11.47761090964962,2.898438988530312,2.59582478468952
2015-09-10,2015-06-27,2015-07-22,50737000000.0,224337000000.0,23612423000.0,2.1487417873210215,2.1487417873210215,28.142499923706055,25.204256057739258,13.097199528470645,13.097199528470645,11.729774236467506,2.9621177624556587,2.652855103864506
2015-09-11,2015-06-27,2015-07-22,50737000000.0,224337000000.0,23612423000.0,2.1487417873210215,2.1487417873210215,28.552499771118164,25.571441650390625,13.288008796401941,13.288008796401941,11.900658236963983,3.005271989475857,2.691502948549912
2015-09-14,2015-06-27,2015-07-22,50737000000.0,224337000000.0,23612423000.0,2.1487417873210215,2.1487417873210215,28.827499389648438,25.817729949951172,13.415990492552195,13.415990492552195,12.015278011668327,3.034216868464055,2.717425839152774
2015-09-15,2015-06-27,2015-07-22,50737000000.0,224337000000.0,23612423000.0,2.1487417873210215,2.1487417873210215,29.06999969482422,26.034915924072266,13.528847377733417,13.528847377733417,12.116353894960882,3.0597410565535794,2.7402855862770306
2015-09-16,2015-06-27,2015-07-22,50737000000.0,224337000000.0,23612423000.0,2.1487417873210215,2.1487417873210215,29.102500915527344,26.064029693603516,13.543973076360821,13.543973076360821,12.129903112322893,3.0631619482088057,2.743349934294952
2015-09-17,2015-06-27,2015-07-22,50737000000.0,224337000000.0,23612423000.0,2.1487417873210215,2.1487417873210215,28.479999542236328,25.506515502929688,13.254268014094066,13.254268014094066,11.870442346043983,2.997641032157382,2.6846691955015602
2015-09-18,2015-06-27,2015-07-22,50737000000.0,224337000000.0,23612423000.0,2.1487417873210215,2.1487417873210215,28.362499237060547,25.40128517150879,13.199584707859175,13.199584707859175,11.821469346104285,2.985273625494907,2.6735932557415545
2015-09-21,2015-06-27,2015-07-22,50737000000.0,224337000000.0,23612423000.0,2.1487417873210215,2.1487417873210215,28.802499771118164,25.795345306396484,13.404355954294603,13.404355954294603,12.004860453036216,3.0315855523299557,2.7150697602522027
2015-09-22,2015-06-27,2015-07-22,50737000000.0,224337000000.0,23612423000.0,2.1487417873210215,2.1487417873210215,28.350000381469727,25.390090942382812,13.193767882559564,13.193767882559564,11.816259679129859,2.9839580678061335,2.672415015534716
2015-09-23,2015-06-27,2015-07-22,50737000000.0,224337000000.0,23612423000.0,2.1487417873210215,2.1487417873210215,28.579999923706055,25.596071243286133,13.300807054782805,13.300807054782805,11.912120569497766,3.008166497450332,2.6940953179128186
2015-09-24,2015-06-27,2015-07-22,50737000000.0,224337000000.0,23612423000.0,2.1487417873210215,2.1487417873210215,28.75,25.748323440551758,13.37992315765615,13.37992315765615,11.982977011236839,3.026059728221381,2.7101205089625138
2015-09-25,2015-06-27,2015-07-22,50737000000.0,224337000000.0,23612423000.0,2.1487417873210215,2.1487417873210215,28.677499771118164,25.683399200439453,13.346182375348272,13.346182375348272,11.95276200797521,3.0184287709029065,2.703286956670715
2015-09-28,2015-06-27,2015-07-22,50737000000.0,224337000000.0,23612423000.0,2.1487417873210215,2.1487417873210215,28.110000610351562,25.175146102905273,13.082074717501612,13.082074717501612,11.716226794422234,2.9586970715569847,2.64979115735969
2015-09-29,2015-06-27,2015-07-22,50737000000.0,224337000000.0,23612423000.0,2.1487417873210215,2.1487417873210215,27.264999389648438,24.41836929321289,12.688820755723057,12.688820755723057,11.364031470555094,2.8697571006259364,2.5701371807662303
2015-09-30,2015-06-27,2015-07-22,50737000000.0,224337000000.0,23612423000.0,2.1487417873210215,2.1487417873210215,27.575000762939453,24.696006774902344,12.833091870623985,12.833091870623985,11.49324079823127,2.9023860631097373,2.5993597060665867
2015-10-01,2015-06-27,2015-07-22,50737000000.0,224337000000.0,23612423000.0,2.1487417873210215,2.1487417873210215,27.395000457763672,24.534786224365234,12.749321774915929,12.749321774915929,11.41821058683574,2.8834402657337375,2.582390557706864
2015-10-02,2015-06-27,2015-07-22,50737000000.0,224337000000.0,23612423000.0,2.1487417873210215,2.1487417873210215,27.594999313354492,24.713916778564453,12.842398968635036,12.842398968635036,11.501575910327004,2.9044909955630853,2.6012448100949075
2015-10-05,2015-06-27,2015-07-22,50737000000.0,224337000000.0,23612423000.0,2.1487417873210215,2.1487417873210215,27.69499969482422,24.803478240966797,12.888938009323775,12.888938009323775,11.543256796755898,2.9150164608560347,2.6106715347758236
2015-10-06,2015-06-27,2015-07-22,50737000000.0,224337000000.0,23612423000.0,2.1487417873210215,2.1487417873210215,27.827499389648438,24.92214012145996,12.950601860981548,12.950601860981548,11.598480686938212,2.928962617047659,2.6231612021787933
2015-10-07,2015-06-27,2015-07-22,50737000000.0,224337000000.0,23612423000.0,2.1487417873210215,2.1487417873210215,27.69499969482422,24.803478240966797,12.888938009323775,12.888938009323775,11.543256796755898,2.9150164608560347,2.6106715347758236
2015-10-08,2015-06-27,2015-07-22,50737000000.0,224337000000.0,23612423000.0,2.1487417873210215,2.1487417873210215,27.375,24.516887664794922,12.740013789246508,12.740013789246508,11.409880800690225,2.8813351325238368,2.580506658217859
2015-10-09,2015-06-27,2015-07-22,50737000000.0,224337000000.0,23612423000.0,2.1487417873210215,2.1487417873210215,28.030000686645508,25.103496551513672,13.044843662482295,13.044843662482295,11.682881907747445,2.950276739473935,2.6422497374636467
2015-10-12,2015-06-27,2015-07-22,50737000000.0,224337000000.0,23612423000.0,2.1487417873210215,2.1487417873210215,27.899999618530273,24.98706817626953,12.984342643289423,12.984342643289423,11.62869746551658,2.936593574366134,2.6299951559836976
2015-10-13,2015-06-27,2015-07-22,50737000000.0,224337000000.0,23612423000.0,2.1487417873210215,2.1487417873210215,27.947500228881836,25.02960968017578,13.006448887339708,13.006448887339708,11.648495797804468,2.9415932155505096,2.634472830131478
2015-10-14,2015-06-27,2015-07-22,50737000000.0,224337000000.0,23612423000.0,2.1487417873210215,2.1487417873210215,27.552499771118164,24.67584800720215,12.822620164831292,12.822620164831292,11.483859136917125,2.9000177380594607,2.597237910062826
2015-10-15,2015-06-27,2015-07-22,50737000000.0,224337000000.0,23612423000.0,2.1487417873210215,2.1487417873210215,27.96500015258789,25.0452880859375,13.01459315288586,13.01459315288586,11.655792349607124,2.9434351569200348,2.63612304899333
2015-10-16,2015-06-27,2015-07-22,50737000000.0,224337000000.0,23612423000.0,2.1487417873210215,2.1487417873210215,27.760000228881836,24.8616886138916,12.919188518920212,12.919188518920212,11.57034724255459,2.9218580434099355,2.616798424002693
2015-10-19,2015-06-27,2015-07-22,50737000000.0,224337000000.0,23612423000.0,2.1487417873210215,2.1487417873210215,27.9325008392334,25.01618194580078,12.999468341916828,12.999468341916828,11.642246682878593,2.9400144660213607,2.633059504001619
2015-10-20,2015-06-27,2015-07-22,50737000000.0,224337000000.0,23612423000.0,2.1487417873210215,2.1487417873210215,28.4424991607666,25.472936630249023,13.236815762878493,13.236815762878493,11.854815120437443,2.9936939575779564,2.6811348763941503
2015-10-21,2015-06-27,2015-07-22,50737000000.0,224337000000.0,23612423000.0,2.1487417873210215,2.1487417873210215,28.440000534057617,25.47068977355957,13.235652930413591,13.235652930413591,11.853769458877403,2.993430966494133,2.680898385175262
2015-10-22,2015-06-27,2015-07-22,50737000000.0,224337000000.0,23612423000.0,2.1487417873210215,2.1487417873210215,28.875,25.860273361206055,13.43809673660248,13.43809673660248,12.035077231614585,3.0392165096484307,2.721903714057107
2015-10-23,2015-06-27,2015-07-22,50737000000.0,224337000000.0,23612423000.0,2.1487417873210215,2.1487417873210215,29.770000457763672,26.66182518005371,13.85461977489622,13.85461977489622,12.40811033572106,3.1334191128476774,2.8062704507213674
2015-10-26,2015-06-27,2015-07-22,50737000000.0,224337000000.0,23612423000.0,2.1487417873210215,2.1487417873210215,28.81999969482422,25.811012268066406,13.412500219840755,13.412500219840755,12.01215167888865,3.03342749369948,2.71671877457474
2015-10-27,2015-06-27,2015-07-22,50737000000.0,224337000000.0,23612423000.0,2.1487417873210215,2.1487417873210215,28.637500762939453,25.64757537841797,13.3275672916678,13.3275672916678,11.936090008467,3.014218705239658,2.699516347100969
2015-10-28,2015-09-26,2015-10-28,53394000000.0,233715000000.0,23282829000.0,2.293278020467358,2.293278020467358,29.8174991607666,26.70437240600586,13.002130092665325,13.002130092665325,11.64462928945861,2.9704372169855264,2.6603056555264017
2015-10-29,2015-09-26,2015-10-28,53394000000.0,233715000000.0,23282829000.0,2.293278020467358,2.293278020467358,30.13249969482422,26.98648452758789,13.139488289641992,13.139488289641992,11.767646263006606,3.0018177598234796,2.6884098349142103
2015-10-30,2015-09-26,2015-10-28,53394000000.0,233715000000.0,23282829000.0,2.293278020467358,2.293278020467358,29.875,26.755868911743164,13.027203737779526,13.027203737779526,11.667084702748104,2.9761654852063413,2.6654357684296355
2015-11-02,2015-09-26,2015-10-28,53394000000.0,233715000000.0,23282829000.0,2.293278020467358,2.293278020467358,30.295000076293945,27.132020950317383,13.21034772317749,13.21034772317749,11.8311084430958,3.0180061456532052,2.7029082609616717
2015-11-03,2015-09-26,2015-10-28,53394000000.0,233715000000.0,23282829000.0,2.293278020467358,2.293278020467358,30.642499923706055,27.4432430267334,13.361877474176147,13.361877474176147,11.966819017059523,3.052624289652616,2.733912391574679
2015-11-04,2015-09-26,2015-10-28,53394000000.0,233715000000.0,23282829000.0,2.293278020467358,2.293278020467358,30.5,27.31561851501465,13.299739380829308,13.299739380829308,11.911167451667229,3.038428361465888,2.7211983608853516
2015-11-05,2015-09-26,2015-10-28,53394000000.0,233715000000.0,23282829000.0,2.293278020467358,2.293278020467358,30.229999542236328,27.18968963623047,13.182003783420736,13.182003783420736,11.856255278934455,3.011530753319071,2.7086532501697635
2015-11-06,2015-09-26,2015-10-28,53394000000.0,233715000000.0,23282829000.0,2.293278020467358,2.293278020467358,30.264999389648438,27.221176147460938,13.1972657128945,13.1972657128945,11.869985193471399,3.0150174591887082,2.711789955373903
2015-11-09,2015-09-26,2015-10-28,53394000000.0,233715000000.0,23282829000.0,2.293278020467358,2.293278020467358,30.142499923706055,27.110994338989258,13.143848959736323,13.143848959736323,11.821939641432651,3.0028139886449785,2.7008135772828226
2015-11-10,2015-09-26,2015-10-28,53394000000.0,233715000000.0,23282829000.0,2.293278020467358,2.293278020467358,29.1924991607666,26.256532669067383,12.729594449615544,12.729594449615544,11.449345624354974,2.9081743407259797,2.6156915913262284
2015-11-11,2015-09-26,2015-10-28,53394000000.0,233715000000.0,23282829000.0,2.293278020467358,2.293278020467358,29.02750015258789,26.108129501342773,12.657645472341047,12.657645472341047,11.384633379960654,2.891737040199293,2.6009075784165288
2015-11-12,2015-09-26,2015-10-28,53394000000.0,233715000000.0,23282829000.0,2.293278020467358,2.293278020467358,28.93000030517578,26.02043914794922,12.615129978562303,12.615129978562303,11.346395384998454,2.882024046703701,2.592171812620531
2015-11-13,2015-09-26,2015-10-28,53394000000.0,233715000000.0,23282829000.0,2.293278020467358,2.293278020467358,28.084999084472656,25.260421752929688,12.24666125686282,12.24666125686282,11.014984457829385,2.797844516393613,2.516458422186604
2015-11-16,2015-09-26,2015-10-28,53394000000.0,233715000000.0,23282829000.0,2.293278020467358,2.293278020467358,28.545000076293945,25.674161911010742,12.447247922638104,12.447247922638104,11.195398761890408,2.843670092126474,2.557675465812534
2015-11-17,2015-09-26,2015-10-28,53394000000.0,233715000000.0,23282829000.0,2.293278020467358,2.293278020467358,28.422500610351562,25.563982009887695,12.393831169479926,12.393831169479926,11.147354041564437,2.831466621582744,2.5466992777326722
2015-11-18,2015-09-26,2015-10-28,53394000000.0,233715000000.0,23282829000.0,2.293278020467358,2.293278020467358,29.322500228881836,26.373464584350586,12.786282329129055,12.786282329129055,11.500334607914574,2.921125125394248,2.62734041912154
2015-11-19,2015-09-26,2015-10-28,53394000000.0,233715000000.0,23282829000.0,2.293278020467358,2.293278020467358,29.69499969482422,26.708499908447266,12.948713339507146,12.948713339507146,11.646429115909903,2.9582337464417967,2.6607168398044343
2015-11-20,2015-09-26,2015-10-28,53394000000.0,233715000000.0,23282829000.0,2.293278020467358,2.293278020467358,29.825000762939453,26.825424194335938,13.005401219020655,13.005401219020655,11.697414772618393,2.971184531110065,2.67236490755487
2015-11-23,2015-09-26,2015-10-28,53394000000.0,233715000000.0,23282829000.0,2.293278020467358,2.293278020467358,29.4375,26.476896286010742,12.83642878764468,12.83642878764468,11.545436728432469,2.9325814718246583,2.6376443475083895
2015-11-24,2015-09-26,2015-10-28,53394000000.0,233715000000.0,23282829000.0,2.293278020467358,2.293278020467358,29.719999313354492,26.73099136352539,12.959614598886581,12.959614598886581,11.65623667298645,2.9607242234899345,2.6629574520995165
2015-11-25,2015-09-26,2015-10-28,53394000000.0,233715000000.0,23282829000.0,2.293278020467358,2.293278020467358,29.50749969482422,26.53986167907715,12.866952646592212,12.866952646592212,11.572893230655245,2.939554883563933,2.6439169978717927
2015-11-27,2015-09-26,2015-10-28,53394000000.0,233715000000.0,23282829000.0,2.293278020467358,2.293278020467358,29.452499389648438,26.490388870239258,12.842969376929785,12.842969376929785,11.551320264623063,2.9340757200512972,2.638988486871976
2015-11-30,2015-09-26,2015-10-28,53394000000.0,233715000000.0,23282829000.0,2.293278020467358,2.293278020467358,29.575000762939453,26.600568771362305,12.896386961800744,12.896386961800744,11.599364984949034,2.946279380606246,2.6499646749518373
2015-12-01,2015-09-26,2015-10-28,53394000000.0,233715000000.0,23282829000.0,2.293278020467358,2.293278020467358,29.334999084472656,26.384695053100586,12.791732542962382,12.791732542962382,11.505231732750627,2.922370268912707,2.628459205179329
2015-12-02,2015-09-26,2015-10-28,53394000000.0,233715000000.0,23282829000.0,2.293278020467358,2.293278020467358,29.06999969482422,26.1463565826416,12.676177696457364,12.676177696457364,11.401302567454561,2.89597087018225,2.6047157832688055
2015-12-03,2015-09-26,2015-10-28,53394000000.0,233715000000.0,23282829000.0,2.293278020467358,2.293278020467358,28.799999237060547,25.903514862060547,12.558442099048793,12.558442099048793,11.295409728289965,2.869073262035433,2.5805237448700953
2015-12-04,2015-09-26,2015-10-28,53394000000.0,233715000000.0,23282829000.0,2.293278020467358,2.293278020467358,29.75749969482422,26.764713287353516,12.975966903812123,12.975966903812123,11.67094135489905,2.9644600340677516,2.6663168504523873
2015-12-07,2015-09-26,2015-10-28,53394000000.0,233715000000.0,23282829000.0,2.293278020467358,2.293278020467358,29.56999969482422,26.596071243286133,12.89420621089719,12.89420621089719,11.597403806218836,2.9457811711898874,2.649516628497308
2015-12-08,2015-09-26,2015-10-28,53394000000.0,233715000000.0,23282829000.0,2.293278020467358,2.293278020467358,29.5575008392334,26.584827423095703,12.88875599706386,12.88875599706386,11.59250085939334,2.9445360276714276,2.648396512360986
2015-12-09,2015-09-26,2015-10-28,53394000000.0,233715000000.0,23282829000.0,2.293278020467358,2.293278020467358,28.905000686645508,25.997953414916992,12.604228719182867,12.604228719182867,11.33659032306024,2.879533569655563,2.589931770359106
2015-12-10,2015-09-26,2015-10-28,53394000000.0,233715000000.0,23282829000.0,2.293278020467358,2.293278020467358,29.042499542236328,26.12161636352539,12.664186061626152,12.664186061626152,11.390514421012915,2.8932312884259317,2.602251147746458
2015-12-11,2015-09-26,2015-10-28,53394000000.0,233715000000.0,23282829000.0,2.293278020467358,2.293278020467358,28.295000076293945,25.44930076599121,12.338233665418192,12.338233665418192,11.097346479082715,2.8187649416226552,2.535274663175844
2015-12-14,2015-09-26,2015-10-28,53394000000.0,233715000000.0,23282829000.0,2.293278020467358,2.293278020467358,28.1200008392334,25.291906356811523,12.261924018049365,12.261924018049365,11.028713540653552,2.8013314122744695,2.519594937379525
2015-12-15,2015-09-26,2015-10-28,53394000000.0,233715000000.0,23282829000.0,2.293278020467358,2.293278020467358,27.622499465942383,24.844438552856445,12.044985047348538,12.044985047348538,10.8335920595416,2.7517700259637925,2.4750179253670668
2015-12-16,2015-09-26,2015-10-28,53394000000.0,233715000000.0,23282829000.0,2.293278020467358,2.293278020467358,27.834999084472656,25.035566329956055,12.137646999642909,12.137646999642909,10.916934670160026,2.7729393658897945,2.4940581895835714
2015-12-17,2015-09-26,2015-10-28,53394000000.0,233715000000.0,23282829000.0,2.293278020467358,2.293278020467358,27.2450008392334,24.504901885986328,11.880374117779672,11.880374117779672,10.685534709390517,2.714163385511104,2.4411930782072058
2015-12-18,2015-09-26,2015-10-28,53394000000.0,233715000000.0,23282829000.0,2.293278020467358,2.293278020467358,26.50749969482422,23.84157371520996,11.558781559953262,11.558781559953262,10.3962857980696,2.6406930775181077,2.375111926500773
2015-12-21,2015-09-26,2015-10-28,53394000000.0,233715000000.0,23282829000.0,2.293278020467358,2.293278020467358,26.832500457763672,24.13389778137207,11.70050042702426,11.70050042702426,10.523755761830268,2.6730698491775597,2.4042334259553955
2015-12-22,2015-09-26,2015-10-28,53394000000.0,233715000000.0,23282829000.0,2.293278020467358,2.293278020467358,26.8075008392334,24.111406326293945,11.689599167644824,11.689599167644824,10.51394820475372,2.670579372129421,2.4019928136603133
2015-12-23,2015-09-26,2015-10-28,53394000000.0,233715000000.0,23282829000.0,2.293278020467358,2.293278020467358,27.15250015258789,24.421709060668945,11.840038543191703,11.840038543191703,10.649257893158515,2.704948411420652,2.4329053588657366
2015-12-24,2015-09-26,2015-10-28,53394000000.0,233715000000.0,23282829000.0,2.293278020467358,2.293278020467358,27.00749969482422,24.291292190551758,11.776810074393088,11.776810074393088,10.59238870025943,2.690503378525745,2.4199131517517145
2015-12-28,2015-09-26,2015-10-28,53394000000.0,233715000000.0,23282829000.0,2.293278020467358,2.293278020467358,26.704999923706055,24.019214630126953,11.644902922962528,11.644902922962528,10.473747367635767,2.6603681692174708,2.3928086213873483
2015-12-29,2015-09-26,2015-10-28,53394000000.0,233715000000.0,23282829000.0,2.293278020467358,2.293278020467358,27.184999465942383,24.450939178466797,11.854210097213691,11.854210097213691,10.662003891479248,2.70818601258211,2.4358172807977363
2015-12-30,2015-09-26,2015-10-28,53394000000.0,233715000000.0,23282829000.0,2.293278020467358,2.293278020467358,26.829999923706055,24.13164520263672,11.699410051572483,11.699410051572483,10.522773509039613,2.67282074446938,2.4040090227056936
2015-12-31,2015-09-26,2015-10-28,53394000000.0,233715000000.0,23282829000.0,2.293278020467358,2.293278020467358,26.315000534057617,23.668439865112305,11.474840947847552,11.474840947847552,10.320789565797522,2.6215161952351034,2.3578642281248223
2016-01-04,2015-09-26,2015-10-28,53394000000.0,233715000000.0,23282829000.0,2.293278020467358,2.293278020467358,26.337499618530273,23.68867301940918,11.484651831775212,11.484651831775212,10.32961237494508,2.6237575675750615,2.359879867136545
2016-01-05,2015-09-26,2015-10-28,53394000000.0,233715000000.0,23282829000.0,2.293278020467358,2.293278020467358,25.677499771118164,23.095048904418945,11.196854259251666,11.196854259251666,10.070758407091128,2.558007985445878,2.300742675430433
2016-01-06,2015-09-26,2015-10-28,53394000000.0,233715000000.0,23282829000.0,2.293278020467358,2.293278020467358,25.174999237060547,22.64309310913086,10.977735369360063,10.977735369360063,9.873679905812866,2.507948579730061,2.2557185670195414
2016-01-07,2015-09-26,2015-10-28,53394000000.0,233715000000.0,23282829000.0,2.293278020467358,2.293278020467358,24.112499237060547,21.68744659423828,10.514424776175435,10.514424776175435,9.456963525869616,2.4021016900888315,2.1605164858921433
2016-01-08,2015-09-26,2015-10-28,53394000000.0,233715000000.0,23282829000.0,2.293278020467358,2.293278020467358,24.239999771118164,21.802120208740234,10.570022280237168,10.570022280237168,9.50696776150023,2.4148033700489204,2.171940340404096
2016-01-11,2015-09-26,2015-10-28,53394000000.0,233715000000.0,23282829000.0,2.293278020467358,2.293278020467358,24.63249969482422,22.155153274536133,10.74117463080392,10.74117463080392,9.660910311267463,2.453904448739467,2.207109706949981
2016-01-12,2015-09-26,2015-10-28,53394000000.0,233715000000.0,23282829000.0,2.293278020467358,2.293278020467358,24.989999771118164,22.47669219970703,10.897065051896906,10.897065051896906,9.80111961964664,2.4895188215603765,2.2391416082468503
2016-01-13,2015-09-26,2015-10-28,53394000000.0,233715000000.0,23282829000.0,2.293278020467358,2.293278020467358,24.34749984741211,21.898815155029297,10.616898444110243,10.616898444110243,9.549132272486714,2.425512592366011,2.1815731491652466
2016-01-14,2015-09-26,2015-10-28,53394000000.0,233715000000.0,23282829000.0,2.293278020467358,2.293278020467358,24.8799991607666,22.37775421142578,10.849098512572056,10.849098512572056,9.757977014433388,2.478560494535106,2.2292853462920923
2016-01-15,2015-09-26,2015-10-28,53394000000.0,233715000000.0,23282829000.0,2.293278020467358,2.293278020467358,24.282499313354492,21.840347290039062,10.588554504353487,10.588554504353487,9.523636948994136,2.4190372000318767,2.1757485452563716
2016-01-19,2015-09-26,2015-10-28,53394000000.0,233715000000.0,23282829000.0,2.293278020467358,2.293278020467358,24.165000915527344,21.734668731689453,10.537318502098861,10.537318502098861,9.477555070823922,2.4073319389045063,2.165220783653477
2016-01-20,2015-09-26,2015-10-28,53394000000.0,233715000000.0,23282829000.0,2.293278020467358,2.293278020467358,24.197500228881836,21.76389503479004,10.551490056120851,10.551490056120851,9.4902994057191,2.4105695400659632,2.1681323255630383
2016-01-21,2015-09-26,2015-10-28,53394000000.0,233715000000.0,23282829000.0,2.293278020467358,2.293278020467358,24.075000762939453,21.653715133666992,10.498073302962672,10.498073302962672,9.442254685393129,2.3983660695222335,2.157156137483177
2016-01-22,2015-09-26,2015-10-28,53394000000.0,233715000000.0,23282829000.0,2.293278020467358,2.293278020467358,25.354999542236328,22.80497932434082,11.056225767632444,11.056225767632444,9.944271527833893,2.5258803184946053,2.271845769236732
2016-01-25,2015-09-26,2015-10-28,53394000000.0,233715000000.0,23282829000.0,2.293278020467358,2.293278020467358,24.860000610351562,22.359769821166992,10.840378004096173,10.840378004096173,9.75013479465093,2.476568226903327,2.227493730507634
2016-01-26,2015-09-26,2015-10-28,53394000000.0,233715000000.0,23282829000.0,2.293278020467358,2.293278020467358,24.997499465942383,22.483442306518555,10.900335346539459,10.900335346539459,9.804063051167493,2.4902659456736957,2.239814057951082
2016-01-27,2015-12-26,2016-01-27,53731000000.0,234988000000.0,22995153000.0,2.33662285265073,2.33662285265073,23.354999542236328,21.006126403808594,9.995194353141656,9.995194353141656,8.9899516218369,2.285443460043297,2.055590458206029
2016-01-28,2015-12-26,2016-01-27,53731000000.0,234988000000.0,22995153000.0,2.33662285265073,2.33662285265073,23.522499084472656,21.15678596496582,10.066878810924953,10.066878810924953,9.054429105221226,2.301834414479925,2.0703335074669416
2016-01-29,2015-12-26,2016-01-27,53731000000.0,234988000000.0,22995153000.0,2.33662285265073,2.33662285265073,24.334999084472656,21.8875675201416,10.414602877339128,10.414602877339128,9.367180285561162,2.381342992843501,2.141845387523987
2016-02-01,2015-12-26,2016-01-27,53731000000.0,234988000000.0,22995153000.0,2.33662285265073,2.33662285265073,24.107500076293945,21.68294906616211,10.317240563211014,10.317240563211014,9.279610118322847,2.35908068795807,2.121822098437388
2016-02-02,2015-12-26,2016-01-27,53731000000.0,234988000000.0,22995153000.0,2.33662285265073,2.33662285265073,23.6200008392334,21.24448013305664,10.108606449876243,10.108606449876243,9.091959410118886,2.3113756155986707,2.07891497040316
2016-02-03,2015-12-26,2016-01-27,53731000000.0,234988000000.0,22995153000.0,2.33662285265073,2.33662285265073,24.087499618530273,21.66496467590332,10.308681005667962,10.308681005667962,9.27191337332252,2.3571235089261804,2.120062205142357
2016-02-04,2015-12-26,2016-01-27,53731000000.0,234988000000.0,22995153000.0,2.33662285265073,2.33662285265073,24.149999618530273,21.839038848876953,10.335429010776746,10.335429010776746,9.346411563210612,2.3632395534156863,2.137096531324448
2016-02-05,2015-12-26,2016-01-27,53731000000.0,234988000000.0,22995153000.0,2.33662285265073,2.33662285265073,23.5049991607666,21.255765914916992,10.059389402145868,10.059389402145868,9.096789364532603,2.3001219294887383,2.0800193599064687
2016-02-08,2015-12-26,2016-01-27,53731000000.0,234988000000.0,22995153000.0,2.33662285265073,2.33662285265073,23.752500534057617,21.47957992553711,10.165312090101368,10.165312090101368,9.192574617324347,2.3243416000529247,2.1019210630477065
2016-02-09,2015-12-26,2016-01-27,53731000000.0,234988000000.0,22995153000.0,2.33662285265073,2.33662285265073,23.747499465942383,21.475051879882812,10.163171792573438,10.163171792573438,9.190636758311644,2.3238522119715195,2.1014779633889513
2016-02-10,2015-12-26,2016-01-27,53731000000.0,234988000000.0,22995153000.0,2.33662285265073,2.33662285265073,23.5674991607666,21.31228256225586,10.08613740725465,10.08613740725465,9.120976685680622,2.306237973978244,2.085549893178824
2016-02-11,2015-12-26,2016-01-27,53731000000.0,234988000000.0,22995153000.0,2.33662285265073,2.33662285265073,23.424999237060547,21.18341064453125,10.025151988258,10.025151988258,9.065823618261799,2.2922934000080453,2.072938911062798
2016-02-12,2015-12-26,2016-01-27,53731000000.0,234988000000.0,22995153000.0,2.33662285265073,2.33662285265073,23.497499465942383,21.248979568481445,10.056179772138307,10.056179772138307,9.093885024866555,2.299388034013496,2.079355270358932
2016-02-16,2015-12-26,2016-01-27,53731000000.0,234988000000.0,22995153000.0,2.33662285265073,2.33662285265073,24.15999984741211,21.84807777404785,10.33970878954827,10.33970878954827,9.350279934676998,2.364218142931631,2.1379810508201684
2016-02-17,2015-12-26,2016-01-27,53731000000.0,234988000000.0,22995153000.0,2.33662285265073,2.33662285265073,24.530000686645508,22.182680130004883,10.498057338957372,10.498057338957372,9.49347906310179,2.4004252084341267,2.1707241371453954
2016-02-18,2015-12-26,2016-01-27,53731000000.0,234988000000.0,22995153000.0,2.33662285265073,2.33662285265073,24.065000534057617,21.762174606323242,10.299052115645281,10.299052115645281,9.313516120770464,2.3549218225004536,2.1295748492906776
2016-02-19,2015-12-26,2016-01-27,53731000000.0,234988000000.0,22995153000.0,2.33662285265073,2.33662285265073,24.010000228881836,21.71243667602539,10.27551374054406,10.27551374054406,9.292229874151147,2.34953967348619,2.1247076589783958
2016-02-22,2015-12-26,2016-01-27,53731000000.0,234988000000.0,22995153000.0,2.33662285265073,2.33662285265073,24.219999313354492,21.90234375,10.365386645893087,10.365386645893087,9.373504040309017,2.370089493380434,2.143291340791205
2016-02-23,2015-12-26,2016-01-27,53731000000.0,234988000000.0,22995153000.0,2.33662285265073,2.33662285265073,23.672500610351562,21.407238006591797,10.131074676213501,10.131074676213501,9.161614585043893,2.3165130705722317,2.0948419207320943
2016-02-24,2015-12-26,2016-01-27,53731000000.0,234988000000.0,22995153000.0,2.33662285265073,2.33662285265073,24.024999618530273,21.72599983215332,10.28193300055918,10.28193300055918,9.298034472061564,2.3510074644366745,2.1260349048391403
2016-02-25,2015-12-26,2016-01-27,53731000000.0,234988000000.0,22995153000.0,2.33662285265073,2.33662285265073,24.190000534057617,21.87521743774414,10.352548125862848,10.352548125862848,9.361894844488182,2.3671539114794653,2.140636849069716
2016-02-26,2015-12-26,2016-01-27,53731000000.0,234988000000.0,22995153000.0,2.33662285265073,2.33662285265073,24.227500915527344,21.909128189086914,10.368597092184984,10.368597092184984,9.376407563690728,2.370823575502542,2.1439552436918756
2016-02-29,2015-12-26,2016-01-27,53731000000.0,234988000000.0,22995153000.0,2.33662285265073,2.33662285265073,24.172500610351562,21.8593807220459,10.345058717083761,10.345058717083761,9.355117235649736,2.3654414264882786,2.1390871201452666
2016-03-01,2015-12-26,2016-01-27,53731000000.0,234988000000.0,22995153000.0,2.33662285265073,2.33662285265073,25.13249969482422,22.727519989013672,10.755907683738181,10.755907683738181,9.726653132417557,2.459383780256593,2.224040374223057
2016-03-02,2015-12-26,2016-01-27,53731000000.0,234988000000.0,22995153000.0,2.33662285265073,2.33662285265073,25.1875,22.777259826660156,10.779446058839405,10.779446058839405,9.747940195321208,2.4647659292708566,2.228907751182204
2016-03-03,2015-12-26,2016-01-27,53731000000.0,234988000000.0,22995153000.0,2.33662285265073,2.33662285265073,25.375,22.94681167602539,10.859690074165751,10.859690074165751,9.820502975049605,2.4831140627393737,2.245499537646136
2016-03-04,2015-12-26,2016-01-27,53731000000.0,234988000000.0,22995153000.0,2.33662285265073,2.33662285265073,25.752500534057617,23.288185119628906,11.021248253582414,11.021248253582414,9.966599912865759,2.5200550237171115,2.278905220343975
2016-03-07,2015-12-26,2016-01-27,53731000000.0,234988000000.0,22995153000.0,2.33662285265073,2.33662285265073,25.467500686645508,23.030467987060547,10.899277415589111,10.899277415589111,9.856305206008809,2.4921658757767142,2.2536858691680397
2016-03-08,2015-12-26,2016-01-27,53731000000.0,234988000000.0,22995153000.0,2.33662285265073,2.33662285265073,25.25749969482422,22.840566635131836,10.809403693955748,10.809403693955748,9.775033488703947,2.4716158692356047,2.235102747295827
2016-03-09,2015-12-26,2016-01-27,53731000000.0,234988000000.0,22995153000.0,2.33662285265073,2.33662285265073,25.280000686645508,22.860904693603516,10.819033400262763,10.819033400262763,9.783737528574399,2.4738177423081966,2.237092962822914
2016-03-10,2015-12-26,2016-01-27,53731000000.0,234988000000.0,22995153000.0,2.33662285265073,2.33662285265073,25.292499542236328,22.87221336364746,10.82438251151392,10.82438251151392,9.788577278400142,2.4750408392179786,2.2381995920886086
2016-03-11,2015-12-26,2016-01-27,53731000000.0,234988000000.0,22995153000.0,2.33662285265073,2.33662285265073,25.565000534057617,23.118635177612305,10.941004238256065,10.941004238256065,9.894037949421696,2.501706890248594,2.2623136205269083
2016-03-14,2015-12-26,2016-01-27,53731000000.0,234988000000.0,22995153000.0,2.33662285265073,2.33662285265073,25.6299991607666,23.177417755126953,10.968821575844478,10.968821575844478,9.919195016360403,2.508067442131937,2.2680658902755066
2016-03-15,2015-12-26,2016-01-27,53731000000.0,234988000000.0,22995153000.0,2.33662285265073,2.33662285265073,26.145000457763672,23.643129348754883,11.189225693014196,11.189225693014196,10.11850471372967,2.558463775645334,2.3136388954900204
2016-03-16,2015-12-26,2016-01-27,53731000000.0,234988000000.0,22995153000.0,2.33662285265073,2.33662285265073,26.49250030517578,23.957382202148438,11.337944536116279,11.337944536116279,10.252994904577996,2.5924689680752366,2.3443906464069664
2016-03-17,2015-12-26,2016-01-27,53731000000.0,234988000000.0,22995153000.0,2.33662285265073,2.33662285265073,26.450000762939453,23.9189510345459,11.319756088550548,11.319756088550548,10.236547591500088,2.5883101026176205,2.340629898713514
2016-03-18,2015-12-26,2016-01-27,53731000000.0,234988000000.0,22995153000.0,2.33662285265073,2.33662285265073,26.479999542236328,23.946073532104492,11.33259460858079,11.33259460858079,10.248155154752252,2.5912456845185896,2.3432840171412717
2016-03-21,2015-12-26,2016-01-27,53731000000.0,234988000000.0,22995153000.0,2.33662285265073,2.33662285265073,26.477500915527344,23.943815231323242,11.331525276101159,11.331525276101159,10.247188674098908,2.591001177124753,2.343063027252491
2016-03-22,2015-12-26,2016-01-27,53731000000.0,234988000000.0,22995153000.0,2.33662285265073,2.33662285265073,26.68000030517578,24.126941680908203,11.418188551442627,11.418188551442627,10.325560949443735,2.6108171015437542,2.3609831794583607
2016-03-23,2015-12-26,2016-01-27,53731000000.0,234988000000.0,22995153000.0,2.33662285265073,2.33662285265073,26.532499313354492,23.993549346923828,11.355062834918046,11.355062834918046,10.26847328814955,2.5963831394921506,2.3479298442710412
2016-03-24,2015-12-26,2016-01-27,53731000000.0,234988000000.0,22995153000.0,2.33662285265073,2.33662285265073,26.417499542236328,23.889562606811523,11.305846603472006,11.305846603472006,10.223970282457238,2.5851296400290837,2.337754043809513
2016-03-28,2015-12-26,2016-01-27,53731000000.0,234988000000.0,22995153000.0,2.33662285265073,2.33662285265073,26.297500610351562,23.781034469604492,11.254490890782371,11.254490890782371,10.177523703761873,2.573386939131477,2.3271338371611705
2016-03-29,2015-12-26,2016-01-27,53731000000.0,234988000000.0,22995153000.0,2.33662285265073,2.33662285265073,26.920000076293945,24.343971252441406,11.520900793106232,11.520900793106232,10.418442678853769,2.6343026899858333,2.382220979698928
2016-03-30,2015-12-26,2016-01-27,53731000000.0,234988000000.0,22995153000.0,2.33662285265073,2.33662285265073,27.389999389648438,24.76899528503418,11.722045497661917,11.722045497661917,10.600339398776118,2.6802952773540456,2.4238124339780733
2016-03-31,2015-12-26,2016-01-27,53731000000.0,234988000000.0,22995153000.0,2.33662285265073,2.33662285265073,27.247499465942383,24.640132904052734,11.661060078665265,11.661060078665265,10.545190412778974,2.666350703383847,2.411202385096375
2016-04-01,2015-12-26,2016-01-27,53731000000.0,234988000000.0,22995153000.0,2.33662285265073,2.33662285265073,27.497499465942383,24.8662109375,11.768052099100396,11.768052099100396,10.641944595077069,2.69081488134187,2.4333256380669903
2016-04-04,2015-12-26,2016-01-27,53731000000.0,234988000000.0,22995153000.0,2.33662285265073,2.33662285265073,27.780000686645508,25.121667861938477,11.88895360461407,11.88895360461407,10.751272004996338,2.718459521888431,2.4583238127072793
2016-04-05,2015-12-26,2016-01-27,53731000000.0,234988000000.0,22995153000.0,2.33662285265073,2.33662285265073,27.452499389648438,24.825519561767578,11.7487935027707,11.7487935027707,10.62452998506148,2.6864113218435515,2.4293437138378913
2016-04-06,2015-12-26,2016-01-27,53731000000.0,234988000000.0,22995153000.0,2.33662285265073,2.33662285265073,27.739999771118164,25.085508346557617,11.871834489527966,11.871834489527966,10.735796886562124,2.7145451638246514,2.454785361430666
2016-04-07,2015-12-26,2016-01-27,53731000000.0,234988000000.0,22995153000.0,2.33662285265073,2.33662285265073,27.135000228881836,24.538400650024414,11.612913995983192,11.612913995983192,10.501652255171333,2.6553418979614825,2.401247201229896
2016-04-08,2015-12-26,2016-01-27,53731000000.0,234988000000.0,22995153000.0,2.33662285265073,2.33662285265073,27.165000915527344,24.565523147583008,11.625753332297768,11.625753332297768,10.513259818423496,2.658277666509317,2.4039013196576544
2016-04-11,2015-12-26,2016-01-27,53731000000.0,234988000000.0,22995153000.0,2.33662285265073,2.33662285265073,27.2549991607666,24.64691734313965,11.664269708672826,11.664269708672826,10.548093936160685,2.667084598859089,2.4118662879970456
2016-04-12,2015-12-26,2016-01-27,53731000000.0,234988000000.0,22995153000.0,2.33662285265073,2.33662285265073,27.610000610351562,24.967945098876953,11.816198998066806,11.816198998066806,10.685483568969044,2.7018238734111,2.4432810085803345
2016-04-13,2015-12-26,2016-01-27,53731000000.0,234988000000.0,22995153000.0,2.33662285265073,2.33662285265073,28.010000228881836,25.32967185974121,11.987386067506149,11.987386067506149,10.840291076930333,2.740966520814564,2.478678399980185
2016-04-14,2015-12-26,2016-01-27,53731000000.0,234988000000.0,22995153000.0,2.33662285265073,2.33662285265073,28.024999618530273,25.343223571777344,11.993805327521269,11.993805327521269,10.846090777134737,2.7424343117650487,2.4800045259597363
2016-04-15,2015-12-26,2016-01-27,53731000000.0,234988000000.0,22995153000.0,2.33662285265073,2.33662285265073,27.462499618530273,24.834566116333008,11.753073281542225,11.753073281542225,10.628401621665208,2.6873899113594963,2.430228979921074
2016-04-18,2015-12-26,2016-01-27,53731000000.0,234988000000.0,22995153000.0,2.33662285265073,2.33662285265073,26.8700008392334,24.298763275146484,11.499502715532941,11.499502715532941,10.39909510753149,2.629409929052975,2.3777970756922673
2016-04-19,2015-12-26,2016-01-27,53731000000.0,234988000000.0,22995153000.0,2.33662285265073,2.33662285265073,26.727500915527344,24.169897079467773,11.43851729653629,11.43851729653629,10.343944488965674,2.615465355082776,2.3651866535168375
2016-04-20,2015-12-26,2016-01-27,53731000000.0,234988000000.0,22995153000.0,2.33662285265073,2.33662285265073,26.782499313354492,24.21963119506836,11.462054855353177,11.462054855353177,10.365229103016318,2.6208473174501736,2.3700534705353884
2016-04-21,2015-12-26,2016-01-27,53731000000.0,234988000000.0,22995153000.0,2.33662285265073,2.33662285265073,26.49250030517578,23.957382202148438,11.337944536116279,11.337944536116279,10.252994904577996,2.5924689680752366,2.3443906464069664
2016-04-22,2015-12-26,2016-01-27,53731000000.0,234988000000.0,22995153000.0,2.33662285265073,2.33662285265073,26.420000076293945,23.89181900024414,11.30691675223597,11.30691675223597,10.224935946826248,2.5853743340697863,2.337974847051428
2016-04-25,2015-12-26,2016-01-27,53731000000.0,234988000000.0,22995153000.0,2.33662285265073,2.33662285265073,26.270000457763672,23.756174087524414,11.24272170323176,11.24272170323176,10.166884253731725,2.5706958646243456,2.3247010819159244
2016-04-26,2015-12-26,2016-01-27,53731000000.0,234988000000.0,22995153000.0,2.33662285265073,2.33662285265073,26.087499618530273,23.591140747070312,11.164617169149007,11.164617169149007,10.096255251594354,2.5528369325903677,2.30855146187642
2016-04-27,2016-03-26,2016-04-27,50678000000.0,227535000000.0,22701181000.0,2.232394869676604,2.232394869676604,24.454999923706055,22.11486053466797,10.95460317342905,10.95460317342905,9.906339077849449,2.439876852453633,2.20640100110864
2016-04-28,2016-03-26,2016-04-27,50678000000.0,227535000000.0,22701181000.0,2.232394869676604,2.232394869676604,23.707500457763672,21.438880920410156,10.619761216884566,10.619761216884566,9.603534397799391,2.3652987845794096,2.138958473253247
2016-04-29,2016-03-26,2016-04-27,50678000000.0,227535000000.0,22701181000.0,2.232394869676604,2.232394869676604,23.434999465942383,21.192459106445312,10.497694554072012,10.497694554072012,9.493149887732613,2.338111343798806,2.1143729536577376
2016-05-02,2016-03-26,2016-04-27,50678000000.0,227535000000.0,22701181000.0,2.232394869676604,2.232394869676604,23.40999984741211,21.16985321044922,10.486495989306498,10.486495989306498,9.483023589601776,2.335617130314346,2.1121175620183217
2016-05-03,2016-03-26,2016-04-27,50678000000.0,227535000000.0,22701181000.0,2.232394869676604,2.232394869676604,23.795000076293945,21.51801109313965,10.658956620761725,10.658956620761725,9.638980713235942,2.3740286269231663,2.146853295472657
2016-05-04,2016-03-26,2016-04-27,50678000000.0,227535000000.0,22701181000.0,2.232394869676604,2.232394869676604,23.547500610351562,21.294189453125,10.54808937711041,10.54808937711041,9.538719938112823,2.349335589923314,2.124522596627691
2016-05-05,2016-03-26,2016-04-27,50678000000.0,227535000000.0,22701181000.0,2.232394869676604,2.232394869676604,23.309999465942383,21.207763671875,10.441700875848719,10.441700875848719,9.50000555902875,2.3256400860802136,2.115899891095695
2016-05-06,2016-03-26,2016-04-27,50678000000.0,227535000000.0,22701181000.0,2.232394869676604,2.232394869676604,23.18000030517578,21.0894832611084,10.383467826430614,10.383467826430614,9.44702191694408,2.312670061783245,2.1040990472098446
2016-05-09,2016-03-26,2016-04-27,50678000000.0,227535000000.0,22701181000.0,2.232394869676604,2.232394869676604,23.197500228881836,21.105411529541016,10.391306907206047,10.391306907206047,9.45415697564224,2.3144160302519965,2.1056882115349174
2016-05-10,2016-03-26,2016-04-27,50678000000.0,227535000000.0,22701181000.0,2.232394869676604,2.232394869676604,23.354999542236328,21.248701095581055,10.461858634184933,10.461858634184933,9.51834345447105,2.3301297464707584,2.1199842203866828
2016-05-11,2016-03-26,2016-04-27,50678000000.0,227535000000.0,22701181000.0,2.232394869676604,2.232394869676604,23.127500534057617,21.04172134399414,10.359950584104318,10.359950584104318,9.425626993598293,2.307432156376991,2.099333837790117
2016-05-12,2016-03-26,2016-04-27,50678000000.0,227535000000.0,22701181000.0,2.232394869676604,2.232394869676604,22.584999084472656,20.54814338684082,10.11693737127448,10.11693737127448,9.20452903111067,2.2533067532531175,2.050089534527112
2016-05-13,2016-03-26,2016-04-27,50678000000.0,227535000000.0,22701181000.0,2.232394869676604,2.232394869676604,22.6299991607666,20.589088439941406,10.137095129610694,10.137095129610694,9.222870344135869,2.2577964136436623,2.054174625003263
2016-05-16,2016-03-26,2016-04-27,50678000000.0,227535000000.0,22701181000.0,2.232394869676604,2.232394869676604,23.469999313354492,21.353330612182617,10.513372715622875,10.513372715622875,9.565212186353023,2.341603280736309,2.1304231137187615
2016-05-17,2016-03-26,2016-04-27,50678000000.0,227535000000.0,22701181000.0,2.232394869676604,2.232394869676604,23.372499465942383,21.26462745666504,10.469697714960366,10.469697714960366,9.525477658773486,2.33187571493951,2.1215731944154643
2016-05-18,2016-03-26,2016-04-27,50678000000.0,227535000000.0,22701181000.0,2.232394869676604,2.232394869676604,23.639999389648438,21.50800132751465,10.589524152182381,10.589524152182381,9.634496844471967,2.3585641988454467,2.1458546205381603
2016-05-19,2016-03-26,2016-04-27,50678000000.0,227535000000.0,22701181000.0,2.232394869676604,2.232394869676604,23.549999237060547,21.426116943359375,10.549208635509954,10.549208635509954,9.597816781608746,2.349584878064357,2.137685010474731
2016-05-20,2016-03-26,2016-04-27,50678000000.0,227535000000.0,22701181000.0,2.232394869676604,2.232394869676604,23.80500030517578,21.658119201660156,10.663436217547076,10.663436217547076,9.701742059995713,2.3750263503762086,2.1608318901112473
2016-05-23,2016-03-26,2016-04-27,50678000000.0,227535000000.0,22701181000.0,2.232394869676604,2.232394869676604,24.107500076293945,21.933340072631836,10.798940816319956,10.798940816319956,9.825027091111894,2.4052067712196483,2.1882906934026347
2016-05-24,2016-03-26,2016-04-27,50678000000.0,227535000000.0,22701181000.0,2.232394869676604,2.232394869676604,24.475000381469727,22.267698287963867,10.963562366999751,10.963562366999751,9.97480266167682,2.4418722993597175,2.2216496331925106
2016-05-25,2016-03-26,2016-04-27,50678000000.0,227535000000.0,22701181000.0,2.232394869676604,2.232394869676604,24.905000686645508,22.658910751342773,11.156180756791192,11.156180756791192,10.15004606000786,2.484773456359083,2.2606809248207016
2016-05-26,2016-03-26,2016-04-27,50678000000.0,227535000000.0,22701181000.0,2.232394869676604,2.232394869676604,25.102500915527344,22.838605880737305,11.24465087091148,11.24465087091148,10.230540390036742,2.5044780663900146,2.278609118976342
2016-05-27,2016-03-26,2016-04-27,50678000000.0,227535000000.0,22701181000.0,2.232394869676604,2.232394869676604,25.087499618530273,22.82495880126953,11.237931048535593,11.237931048535593,10.224427188625492,2.5029813860623054,2.277247549015152
2016-05-31,2016-03-26,2016-04-27,50678000000.0,227535000000.0,22701181000.0,2.232394869676604,2.232394869676604,24.96500015258789,22.713510513305664,11.18305748310757,11.18305748310757,10.174503992027208,2.490759606781046,2.2661283464432054
2016-06-01,2016-03-26,2016-04-27,50678000000.0,227535000000.0,22701181000.0,2.232394869676604,2.232394869676604,24.614999771118164,22.395071029663086,11.026275013203206,11.026275013203206,10.031859208181817,2.4558400471097284,2.234357619496948
2016-06-02,2016-03-26,2016-04-27,50678000000.0,227535000000.0,22701181000.0,2.232394869676604,2.232394869676604,24.43000030517578,22.226762771606445,10.943404608663537,10.943404608663537,9.956465620630246,2.437382638969172,2.217565494197814
2016-06-03,2016-03-26,2016-04-27,50678000000.0,227535000000.0,22701181000.0,2.232394869676604,2.232394869676604,24.479999542236328,22.27224349975586,10.965801738194564,10.965801738194564,9.97683868668912,2.442371065938093,2.2221031092536587
2016-06-06,2016-03-26,2016-04-27,50678000000.0,227535000000.0,22701181000.0,2.232394869676604,2.232394869676604,24.657499313354492,22.433738708496094,11.045312658744152,11.045312658744152,10.049180372711554,2.46008022906294,2.2382154962017977
2016-06-07,2016-03-26,2016-04-27,50678000000.0,227535000000.0,22701181000.0,2.232394869676604,2.232394869676604,24.75749969482422,22.52471923828125,11.09010777220193,11.09010777220193,10.08993504878655,2.4700572732970727,2.247292629276396
2016-06-08,2016-03-26,2016-04-27,50678000000.0,227535000000.0,22701181000.0,2.232394869676604,2.232394869676604,24.735000610351562,22.504241943359375,11.080029320231686,11.080029320231686,10.08076225628464,2.4678125382499454,2.2452496082975935
2016-06-09,2016-03-26,2016-04-27,50678000000.0,227535000000.0,22701181000.0,2.232394869676604,2.232394869676604,24.912500381469727,22.66573715209961,11.159540240781274,11.159540240781274,10.153103942307073,2.4855217013747923,2.261361995245733
2016-06-10,2016-03-26,2016-04-27,50678000000.0,227535000000.0,22701181000.0,2.232394869676604,2.232394869676604,24.707500457763672,22.479225158691406,11.067710642670903,11.067710642670903,10.069556001957602,2.4650688463281516,2.2427536821465153
2016-06-13,2016-03-26,2016-04-27,50678000000.0,227535000000.0,22701181000.0,2.232394869676604,2.232394869676604,24.334999084472656,22.140323638916016,10.90084886640057,10.90084886640057,9.9177452607761,2.4279043613134155,2.208941456591782
2016-06-14,2016-03-26,2016-04-27,50678000000.0,227535000000.0,22701181000.0,2.232394869676604,2.232394869676604,24.364999771118164,22.167617797851562,10.914287656756622,10.914287656756622,9.929971663598598,2.4308975316725427,2.2116645965141615
2016-06-15,2016-03-26,2016-04-27,50678000000.0,227535000000.0,22701181000.0,2.232394869676604,2.232394869676604,24.28499984741211,22.094837188720703,10.878451736869543,10.878451736869543,9.89736963153005,2.4229159343444953,2.2044032706470644
2016-06-16,2016-03-26,2016-04-27,50678000000.0,227535000000.0,22701181000.0,2.232394869676604,2.232394869676604,24.387500762939453,22.18808937072754,10.92436696312259,10.92436696312259,9.939141892913335,2.4331424570159608,2.2137070466040916
2016-06-17,2016-03-26,2016-04-27,50678000000.0,227535000000.0,22701181000.0,2.232394869676604,2.232394869676604,23.832500457763672,21.683141708374023,10.675754895107858,10.675754895107858,9.712950877509925,2.3777700422980024,2.1633283871511986
2016-06-20,2016-03-26,2016-04-27,50678000000.0,227535000000.0,22701181000.0,2.232394869676604,2.232394869676604,23.774999618530273,21.63081932067871,10.649997427191025,10.649997427191025,9.68951309398604,2.3720331800170817,2.1581081792999957
2016-06-21,2016-03-26,2016-04-27,50678000000.0,227535000000.0,22701181000.0,2.232394869676604,2.232394869676604,23.977500915527344,21.815061569213867,10.740707766901851,10.740707766901851,9.772044303422946,2.3922367469226797,2.1764900398130753
2016-06-22,2016-03-26,2016-04-27,50678000000.0,227535000000.0,22701181000.0,2.232394869676604,2.232394869676604,23.887500762939453,21.73318099975586,10.700392250229422,10.700392250229422,9.735365949351173,2.3832574261415895,2.1683208103422276
2016-06-23,2016-03-26,2016-04-27,50678000000.0,227535000000.0,22701181000.0,2.232394869676604,2.232394869676604,24.024999618530273,21.8582820892334,10.761984783637608,10.761984783637608,9.791404910547882,2.3969756954542674,2.1808021537642364
2016-06-24,2016-03-26,2016-04-27,50678000000.0,227535000000.0,22701181000.0,2.232394869676604,2.232394869676604,23.350000381469727,21.244155883789062,10.45961926299012,10.45961926299012,9.51630742945875,2.3296309798923827,2.1195307443255342
2016-06-27,2016-03-26,2016-04-27,50678000000.0,227535000000.0,22701181000.0,2.232394869676604,2.232394869676604,23.010000228881836,20.9348201751709,10.307316389871108,10.307316389871108,9.377740676408033,2.2957091436741073,2.0886683015756096
2016-06-28,2016-03-26,2016-04-27,50678000000.0,227535000000.0,22701181000.0,2.232394869676604,2.232394869676604,23.397499084472656,21.287364959716797,10.48089627972588,10.48089627972588,9.535662910209336,2.3343699284239703,2.1238417164989505
2016-06-29,2016-03-26,2016-04-27,50678000000.0,227535000000.0,22701181000.0,2.232394869676604,2.232394869676604,23.600000381469727,21.471607208251953,10.571606619436706,10.571606619436706,9.618194119646244,2.3545734953295683,2.14222357701203
2016-06-30,2016-03-26,2016-04-27,50678000000.0,227535000000.0,22701181000.0,2.232394869676604,2.232394869676604,23.899999618530273,21.744548797607422,10.705991105414316,10.705991105414316,9.740458147871236,2.3845044377356746,2.169454976235825
2016-07-01,2016-03-26,2016-04-27,50678000000.0,227535000000.0,22701181000.0,2.232394869676604,2.232394869676604,23.97249984741211,21.810518264770508,10.738467541311314,10.738467541311314,9.77000913280637,2.3917377900480132,2.1760367540482175
2016-07-05,2016-03-26,2016-04-27,50678000000.0,227535000000.0,22701181000.0,2.232394869676604,2.232394869676604,23.747499465942383,21.60580062866211,10.637678749630242,10.637678749630242,9.678305985263277,2.369289488095288,2.1556120628526263
2016-07-06,2016-03-26,2016-04-27,50678000000.0,227535000000.0,22701181000.0,2.232394869676604,2.232394869676604,23.88249969482422,21.728626251220703,10.698152024638885,10.698152024638885,9.733325652360248,2.382758469266923,2.167866382799625
2016-07-07,2016-03-26,2016-04-27,50678000000.0,227535000000.0,22701181000.0,2.232394869676604,2.232394869676604,23.985000610351562,21.821884155273438,10.744067250891932,10.744067250891932,9.775100476930708,2.392984991938389,2.1771707296455243
2016-07-08,2016-03-26,2016-04-27,50678000000.0,227535000000.0,22701181000.0,2.232394869676604,2.232394869676604,24.170000076293945,21.990201950073242,10.826937655431601,10.826937655431601,9.850498336460904,2.4114424000789447,2.193963806426113
2016-07-11,2016-03-26,2016-04-27,50678000000.0,227535000000.0,22701181000.0,2.232394869676604,2.232394869676604,24.2450008392334,22.058441162109375,10.860534204123867,10.860534204123867,9.881066052308602,2.4189252308286164,2.2007720368246435
2016-07-12,2016-03-26,2016-04-27,50678000000.0,227535000000.0,22701181000.0,2.232394869676604,2.232394869676604,24.354999542236328,22.158519744873047,10.90980805997127,10.90980805997127,9.925896195991099,2.4298998082195005,2.210756883206702
2016-07-13,2016-03-26,2016-04-27,50678000000.0,227535000000.0,22701181000.0,2.232394869676604,2.232394869676604,24.217500686645508,22.033418655395508,10.848215526563084,10.848215526563084,9.86985723479439,2.416181538906823,2.1982755397846927
2016-07-14,2016-03-26,2016-04-27,50678000000.0,227535000000.0,22701181000.0,2.232394869676604,2.232394869676604,24.697500228881836,22.470129013061523,11.063231045885553,11.063231045885553,10.065481388745829,2.464071122875109,2.2418461591353465
2016-07-15,2016-03-26,2016-04-27,50678000000.0,227535000000.0,22701181000.0,2.232394869676604,2.232394869676604,24.69499969482422,22.467853546142578,11.062110933090285,11.062110933090285,10.06446209464609,2.4638216444377763,2.241619135660336
2016-07-18,2016-03-26,2016-04-27,50678000000.0,227535000000.0,22701181000.0,2.232394869676604,2.232394869676604,24.957500457763672,22.706684112548828,11.179697999117487,11.179697999117487,10.171446109727995,2.490011361765337,2.265447276018174
2016-07-19,2016-03-26,2016-04-27,50678000000.0,227535000000.0,22701181000.0,2.232394869676604,2.232394869676604,24.967500686645508,22.715776443481445,11.184177595902838,11.184177595902838,10.175519014148321,2.4910090852183795,2.2663544184367614
2016-07-20,2016-03-26,2016-04-27,50678000000.0,227535000000.0,22701181000.0,2.232394869676604,2.232394869676604,24.989999771118164,22.736249923706055,11.194256047873083,11.194256047873083,10.184690097858782,2.493253820265507,2.2683970588229827
2016-07-21,2016-03-26,2016-04-27,50678000000.0,227535000000.0,22701181000.0,2.232394869676604,2.232394869676604,24.857500076293945,22.615694046020508,11.13490288565971,11.13490288565971,10.130687161674373,2.4800343175312047,2.2563691914621216
2016-07-22,2016-03-26,2016-04-27,50678000000.0,227535000000.0,22701181000.0,2.232394869676604,2.232394869676604,24.665000915527344,22.4405517578125,11.048672997129957,11.048672997129957,10.052232274240692,2.46082866437494,2.238895234552793
2016-07-25,2016-03-26,2016-04-27,50678000000.0,227535000000.0,22701181000.0,2.232394869676604,2.232394869676604,24.334999084472656,22.140323638916016,10.90084886640057,10.90084886640057,9.9177452607761,2.4279043613134155,2.208941456591782
2016-07-26,2016-03-26,2016-04-27,50678000000.0,227535000000.0,22701181000.0,2.232394869676604,2.232394869676604,24.167499542236328,21.98792839050293,10.825817542636333,10.825817542636333,9.849479896756892,2.4111929216416113,2.1937369732473937
2016-07-27,2016-06-25,2016-07-27,47797000000.0,220288000000.0,22400863000.0,2.133712437775277,2.133712437775277,25.737499237060547,23.416339874267578,12.062309232211181,12.062309232211181,10.974459097535519,2.617220158937381,2.381183820657073
2016-07-28,2016-06-25,2016-07-27,47797000000.0,220288000000.0,22400863000.0,2.133712437775277,2.133712437775277,26.084999084472656,23.732492446899414,12.225170844329087,12.225170844329087,11.122629285342773,2.652557065506961,2.4133330546898994
2016-07-29,2016-06-25,2016-07-27,47797000000.0,220288000000.0,22400863000.0,2.133712437775277,2.133712437775277,26.052499771118164,23.702924728393555,12.209939497883743,12.209939497883743,11.10877187982627,2.6492522433375822,2.41032634342341
2016-08-01,2016-06-25,2016-07-27,47797000000.0,220288000000.0,22400863000.0,2.133712437775277,2.133712437775277,26.512500762939453,24.121450424194336,12.425526651840118,12.425526651840118,11.304920943022976,2.696029277028264,2.452885796383231
2016-08-02,2016-06-25,2016-07-27,47797000000.0,220288000000.0,22400863000.0,2.133712437775277,2.133712437775277,26.1200008392334,23.764341354370117,12.241575001768988,12.241575001768988,11.137555808198828,2.6561163584015124,2.4165717377454943
2016-08-03,2016-06-25,2016-07-27,47797000000.0,220288000000.0,22400863000.0,2.133712437775277,2.133712437775277,26.447500228881836,24.06230354309082,12.395063065038613,12.395063065038613,11.277200768525054,2.6894194387331614,2.446871210112181
2016-08-04,2016-06-25,2016-07-27,47797000000.0,220288000000.0,22400863000.0,2.133712437775277,2.133712437775277,26.467500686645508,24.21094512939453,12.404436613886894,12.404436613886894,11.34686413256238,2.691453264971092,2.4619864220660417
2016-08-05,2016-06-25,2016-07-27,47797000000.0,220288000000.0,22400863000.0,2.133712437775277,2.133712437775277,26.8700008392334,24.579132080078125,12.593075038382164,12.593075038382164,11.519421101423417,2.732383096716809,2.4994269791578985
2016-08-08,2016-06-25,2016-07-27,47797000000.0,220288000000.0,22400863000.0,2.133712437775277,2.133712437775277,27.092500686645508,24.782670974731445,12.697353311064541,12.697353311064541,11.61481300665388,2.755008880233839,2.520124642645244
2016-08-09,2016-06-25,2016-07-27,47797000000.0,220288000000.0,22400863000.0,2.133712437775277,2.133712437775277,27.202499389648438,24.883277893066406,12.74890604190845,12.74890604190845,11.661964120624917,2.7661945366297678,2.5303552579963924
2016-08-10,2016-06-25,2016-07-27,47797000000.0,220288000000.0,22400863000.0,2.133712437775277,2.133712437775277,27.0,24.69804573059082,12.654001318074355,12.654001318074355,11.575151971435442,2.745602579350668,2.511519187512256
2016-08-11,2016-06-25,2016-07-27,47797000000.0,220288000000.0,22400863000.0,2.133712437775277,2.133712437775277,26.982500076293945,24.682044982910156,12.645799686309813,12.645799686309813,11.567652953574653,2.743823029881565,2.5098920877306425
2016-08-12,2016-06-25,2016-07-27,47797000000.0,220288000000.0,22400863000.0,2.133712437775277,2.133712437775277,27.045000076293945,24.73921012878418,12.675091356027579,12.675091356027579,11.594444354731609,2.7501785914078396,2.515705153358816
2016-08-15,2016-06-25,2016-07-27,47797000000.0,220288000000.0,22400863000.0,2.133712437775277,2.133712437775277,27.3700008392334,25.03650665283203,12.827408396124282,12.827408396124282,11.733777340181996,2.7832275889270064,2.5459369349609555
2016-08-16,2016-06-25,2016-07-27,47797000000.0,220288000000.0,22400863000.0,2.133712437775277,2.133712437775277,27.344999313354492,25.013629913330078,12.815691013108522,12.815691013108522,11.723055773818627,2.7806852091514203,2.543610622554152
2016-08-17,2016-06-25,2016-07-27,47797000000.0,220288000000.0,22400863000.0,2.133712437775277,2.133712437775277,27.30500030517578,24.97704315185547,12.796944809322778,12.796944809322778,11.705908776488116,2.776617750631904,2.539890151936567
2016-08-18,2016-06-25,2016-07-27,47797000000.0,220288000000.0,22400863000.0,2.133712437775277,2.133712437775277,27.270000457763672,24.945024490356445,12.780541545793696,12.780541545793696,11.690902695569168,2.7730586516936975,2.536634206766231
2016-08-19,2016-06-25,2016-07-27,47797000000.0,220288000000.0,22400863000.0,2.133712437775277,2.133712437775277,27.34000015258789,25.009063720703125,12.813348072851861,12.813348072851861,11.720915751317884,2.7801768495701102,2.5431462910632487
2016-08-22,2016-06-25,2016-07-27,47797000000.0,220288000000.0,22400863000.0,2.133712437775277,2.133712437775277,27.127500534057617,24.814674377441406,12.713756574593624,12.713756574593624,11.629811936286277,2.7585679791720454,2.523379036164817
2016-08-23,2016-06-25,2016-07-27,47797000000.0,220288000000.0,22400863000.0,2.133712437775277,2.133712437775277,27.212499618530273,24.892431259155273,12.753592816332592,12.753592816332592,11.666253998645411,2.767211449748733,2.531286054497997
2016-08-24,2016-06-25,2016-07-27,47797000000.0,220288000000.0,22400863000.0,2.133712437775277,2.133712437775277,27.00749969482422,24.704904556274414,12.657516175414756,12.657516175414756,11.578366474740651,2.7463652157008056,2.5122166545303375
2016-08-25,2016-06-25,2016-07-27,47797000000.0,220288000000.0,22400863000.0,2.133712437775277,2.133712437775277,26.892499923706055,24.599702835083008,12.603619610403367,12.603619610403367,11.529061929606586,2.7346710057672223,2.5015187983431053
2016-08-26,2016-06-25,2016-07-27,47797000000.0,220288000000.0,22400863000.0,2.133712437775277,2.133712437775277,26.735000610351562,24.455642700195312,12.529804924522495,12.529804924522495,11.461545739356554,2.718655060545294,2.4868694695309106
2016-08-29,2016-06-25,2016-07-27,47797000000.0,220288000000.0,22400863000.0,2.133712437775277,2.133712437775277,26.704999923706055,24.428203582763672,12.515744601250073,12.515744601250073,11.448685938314082,2.715604321188398,2.484079213545895
2016-08-30,2016-06-25,2016-07-27,47797000000.0,220288000000.0,22400863000.0,2.133712437775277,2.133712437775277,26.5,24.240680694580078,12.419667960332237,12.419667960332237,11.360800202230958,2.6947580871404706,2.4650102014909265
2016-08-31,2016-06-25,2016-07-27,47797000000.0,220288000000.0,22400863000.0,2.133712437775277,2.133712437775277,26.524999618530273,24.2635498046875,12.431384449437179,12.431384449437179,11.37151819295105,2.6973002729597115,2.4673357380723484
2016-09-01,2016-06-25,2016-07-27,47797000000.0,220288000000.0,22400863000.0,2.133712437775277,2.133712437775277,26.6825008392334,24.40761375427246,12.50520002922887,12.50520002922887,11.439036171022721,2.7133164121379845,2.481985454797234
2016-09-02,2016-06-25,2016-07-27,47797000000.0,220288000000.0,22400863000.0,2.133712437775277,2.133712437775277,26.9325008392334,24.636301040649414,12.62236670809993,12.62236670809993,11.54621429040201,2.7387386582430833,2.5052404326987623
2016-09-06,2016-06-25,2016-07-27,47797000000.0,220288000000.0,22400863000.0,2.133712437775277,2.133712437775277,26.924999237060547,24.629444122314453,12.61885095684871,12.61885095684871,11.543000681007621,2.7379758279366,2.5045431596370267
2016-09-07,2016-06-25,2016-07-27,47797000000.0,220288000000.0,22400863000.0,2.133712437775277,2.133712437775277,27.09000015258789,24.78037452697754,12.696181393980801,12.696181393980801,11.613736738027775,2.7547546034650114,2.5198911192053752
2016-09-08,2016-06-25,2016-07-27,47797000000.0,220288000000.0,22400863000.0,2.133712437775277,2.133712437775277,26.3799991607666,24.13091278076172,12.363427561153369,12.363427561153369,11.309355634596152,2.682555323669231,2.453848013812792
2016-09-09,2016-06-25,2016-07-27,47797000000.0,220288000000.0,22400863000.0,2.133712437775277,2.133712437775277,25.782499313354492,23.5843505859375,12.083399270164403,12.083399270164403,11.05320012594003,2.621796170994553,2.3982686592985347
2016-09-12,2016-06-25,2016-07-27,47797000000.0,220288000000.0,22400863000.0,2.133712437775277,2.133712437775277,26.360000610351562,24.11260986328125,12.354054906215907,12.354054906215907,11.300777666376801,2.680521691387646,2.451986808722273
2016-09-13,2016-06-25,2016-07-27,47797000000.0,220288000000.0,22400863000.0,2.133712437775277,2.133712437775277,26.987499237060547,24.686609268188477,12.648142626566475,12.648142626566475,11.569792082164577,2.744331389462875,2.5103562252651996
2016-09-14,2016-06-25,2016-07-27,47797000000.0,220288000000.0,22400863000.0,2.133712437775277,2.133712437775277,27.9424991607666,25.56019401550293,13.095719304097486,13.095719304097486,11.979212176385568,2.8414443618260985,2.599190171024754
2016-09-15,2016-06-25,2016-07-27,47797000000.0,220288000000.0,22400863000.0,2.133712437775277,2.133712437775277,28.892499923706055,26.42919921875,13.540953041371838,13.540953041371838,12.386485990730081,2.9380489746080123,2.6875584275989874
2016-09-16,2016-06-25,2016-07-27,47797000000.0,220288000000.0,22400863000.0,2.133712437775277,2.133712437775277,28.729999542236328,26.280550003051758,13.464794521323485,13.464794521323485,12.31681905104948,2.921524475848429,2.672442439819745
2016-09-19,2016-06-25,2016-07-27,47797000000.0,220288000000.0,22400863000.0,2.133712437775277,2.133712437775277,28.395000457763672,25.974117279052734,13.30779160071346,13.30779160071346,12.17320423277597,2.887458759166642,2.641281607323109
2016-09-20,2016-06-25,2016-07-27,47797000000.0,220288000000.0,22400863000.0,2.133712437775277,2.133712437775277,28.392499923706055,25.971824645996094,13.30661968362972,13.30661968362972,12.172129751971504,2.8872044823978147,2.6410484717959304
2016-09-21,2016-06-25,2016-07-27,47797000000.0,220288000000.0,22400863000.0,2.133712437775277,2.133712437775277,28.387500762939453,25.967256546020508,13.304276743373059,13.304276743373059,12.169988835559941,2.8866961228165047,2.6405839463486824
2016-09-22,2016-06-25,2016-07-27,47797000000.0,220288000000.0,22400863000.0,2.133712437775277,2.133712437775277,28.655000686645508,26.211946487426758,13.42964505400866,13.42964505400866,12.28466686671084,2.913897918390706,2.66546621798817
2016-09-23,2016-06-25,2016-07-27,47797000000.0,220288000000.0,22400863000.0,2.133712437775277,2.133712437775277,28.177499771118164,25.775156021118164,13.205856268287745,13.205856268287745,12.079957713511163,2.865341335230922,2.6210494390647385
2016-09-26,2016-06-25,2016-07-27,47797000000.0,220288000000.0,22400863000.0,2.133712437775277,2.133712437775277,28.219999313354492,25.81403350830078,13.225774389157227,13.225774389157227,12.09817829773532,2.869663070519266,2.625002851253156
2016-09-27,2016-06-25,2016-07-27,47797000000.0,220288000000.0,22400863000.0,2.133712437775277,2.133712437775277,28.272499084472656,25.862058639526367,13.250379284450851,13.250379284450851,12.120686078247516,2.8750017189265753,2.629886478074142
2016-09-28,2016-06-25,2016-07-27,47797000000.0,220288000000.0,22400863000.0,2.133712437775277,2.133712437775277,28.487499237060547,26.058725357055664,13.351142699792828,13.351142699792828,12.212857222797037,2.8968648660934675,2.6498853168489886
2016-09-29,2016-06-25,2016-07-27,47797000000.0,220288000000.0,22400863000.0,2.133712437775277,2.133712437775277,28.045000076293945,25.653959274291992,13.143758071511813,13.143758071511813,12.023156832248766,2.851867575828235,2.6087250649649296
2016-09-30,2016-06-25,2016-07-27,47797000000.0,220288000000.0,22400863000.0,2.133712437775277,2.133712437775277,28.262500762939453,25.852909088134766,13.24569340393753,13.24569340393753,12.116397988048659,2.8739849997639553,2.628956069485228
2016-10-03,2016-06-25,2016-07-27,47797000000.0,220288000000.0,22400863000.0,2.133712437775277,2.133712437775277,28.1299991607666,25.731706619262695,13.183594313250781,13.183594313250781,12.059594425053806,2.860511046404923,2.616631113516382
2016-10-04,2016-06-25,2016-07-27,47797000000.0,220288000000.0,22400863000.0,2.133712437775277,2.133712437775277,28.25,25.84147834777832,13.23983471242965,13.23983471242965,12.111040780510251,2.872713809876162,2.6277936891072073
2016-10-05,2016-06-25,2016-07-27,47797000000.0,220288000000.0,22400863000.0,2.133712437775277,2.133712437775277,28.262500762939453,25.852909088134766,13.24569340393753,13.24569340393753,12.116397988048659,2.8739849997639553,2.628956069485228
2016-10-06,2016-06-25,2016-07-27,47797000000.0,220288000000.0,22400863000.0,2.133712437775277,2.133712437775277,28.47249984741211,26.04500389099121,13.344112985112027,13.344112985112027,12.206426428364981,2.8953395933931922,2.6484899949001353
2016-10-07,2016-06-25,2016-07-27,47797000000.0,220288000000.0,22400863000.0,2.133712437775277,2.133712437775277,28.514999389648438,26.08388328552246,13.364031105981509,13.364031105981509,12.224647906499957,2.8996613286815363,2.652443601044898
2016-10-10,2016-06-25,2016-07-27,47797000000.0,220288000000.0,22400863000.0,2.133712437775277,2.133712437775277,29.012500762939453,26.53896713256836,13.597193440550706,13.597193440550706,12.437930558364888,2.9502517380792517,2.698720615277122
2016-10-11,2016-06-25,2016-07-27,47797000000.0,220288000000.0,22400863000.0,2.133712437775277,2.133712437775277,29.075000762939453,26.596145629882812,13.62648511026847,13.62648511026847,12.464728216897578,2.9566072996055266,2.704535038599713
2016-10-12,2016-06-25,2016-07-27,47797000000.0,220288000000.0,22400863000.0,2.133712437775277,2.133712437775277,29.334999084472656,26.83397102355957,13.748337669652852,13.748337669652852,12.57618906301081,2.9830462648732454,2.728719261352083
2016-10-13,2016-06-25,2016-07-27,47797000000.0,220288000000.0,22400863000.0,2.133712437775277,2.133712437775277,29.2450008392334,26.751644134521484,13.706158487657223,13.706158487657223,12.537605190329295,2.973894434715247,2.7203475236153096
2016-10-14,2016-06-25,2016-07-27,47797000000.0,220288000000.0,22400863000.0,2.133712437775277,2.133712437775277,29.407499313354492,26.90029525756836,13.782316113794757,13.782316113794757,12.607273023920717,2.990418739518485,2.7354637053508974
2016-10-17,2016-06-25,2016-07-27,47797000000.0,220288000000.0,22400863000.0,2.133712437775277,2.133712437775277,29.387500762939453,26.88199806213379,13.772943458857295,13.772943458857295,12.598697737433824,2.9883851072369,2.733603082129415
2016-10-18,2016-06-25,2016-07-27,47797000000.0,220288000000.0,22400863000.0,2.133712437775277,2.133712437775277,29.36750030517578,26.863706588745117,13.763569910009013,13.763569910009013,12.590125132679386,2.9863512809989694,2.7317430407769683
2016-10-19,2016-06-25,2016-07-27,47797000000.0,220288000000.0,22400863000.0,2.133712437775277,2.133712437775277,29.280000686645508,26.783660888671875,13.722561751186307,13.722561751186307,12.552610377337425,2.977453533653453,2.7236032748293004
2016-10-20,2016-06-25,2016-07-27,47797000000.0,220288000000.0,22400863000.0,2.133712437775277,2.133712437775277,29.264999389648438,26.76994514465332,13.715531142594687,13.715531142594687,12.546182264637826,2.9759280669968327,2.722208534749483
2016-10-21,2016-06-25,2016-07-27,47797000000.0,220288000000.0,22400863000.0,2.133712437775277,2.133712437775277,29.149999618530273,26.66474723815918,13.661634577583298,13.661634577583298,12.4968795073254,2.9642338570632485,2.7115110664749427
2016-10-24,2016-06-25,2016-07-27,47797000000.0,220288000000.0,22400863000.0,2.133712437775277,2.133712437775277,29.412500381469727,26.904865264892578,13.784659947962236,13.784659947962236,12.609414834243097,2.990927293056141,2.7359284247544915
2016-10-25,2016-06-25,2016-07-27,47797000000.0,220288000000.0,22400863000.0,2.133712437775277,2.133712437775277,29.5625,27.042078018188477,13.854959776502708,13.854959776502708,12.673721884652835,3.0061806019279307,2.7498814502866775
2016-10-26,2016-09-24,2016-10-26,45687000000.0,215639000000.0,22108075000.0,2.0665299896078695,2.0665299896078695,28.897499084472656,26.433778762817383,13.983585638627023,13.983585638627023,12.791384057210452,2.9626740852626514,2.7100847408018676
2016-10-27,2016-09-24,2016-10-26,45687000000.0,215639000000.0,22108075000.0,2.0665299896078695,2.0665299896078695,28.6200008392334,26.179931640625,13.849303413527588,13.849303413527588,12.66854668080221,2.934223981069449,2.6840594336173447
2016-10-28,2016-09-24,2016-10-26,45687000000.0,215639000000.0,22108075000.0,2.0665299896078695,2.0665299896078695,28.43000030517578,26.006135940551758,13.757361590755556,13.757361590755556,12.584446425326982,2.9147444525194843,2.666241282114617
2016-10-31,2016-09-24,2016-10-26,45687000000.0,215639000000.0,22108075000.0,2.0665299896078695,2.0665299896078695,28.385000228881836,25.964969635009766,13.735585920177224,13.735585920177224,12.564525927802626,2.9101308851141807,2.662020766482494
2016-11-01,2016-09-24,2016-10-26,45687000000.0,215639000000.0,22108075000.0,2.0665299896078695,2.0665299896078695,27.872499465942383,25.496158599853516,13.487585278755754,13.487585278755754,12.33766687542313,2.8575874894175644,2.6139565966149747
2016-11-02,2016-09-24,2016-10-26,45687000000.0,215639000000.0,22108075000.0,2.0665299896078695,2.0665299896078695,27.897499084472656,25.519033432006836,13.49968266841668,13.49968266841668,12.348736074645185,2.8601505389653674,2.6163018055282885
2016-11-03,2016-09-24,2016-10-26,45687000000.0,215639000000.0,22108075000.0,2.0665299896078695,2.0665299896078695,27.457500457763672,25.24550437927246,13.286766026063729,13.286766026063729,12.216374553588198,2.8150403193892273,2.5882586370266236
2016-11-04,2016-09-24,2016-10-26,45687000000.0,215639000000.0,22108075000.0,2.0665299896078695,2.0665299896078695,27.209999084472656,25.01793670654297,13.166999376397067,13.166999376397067,12.106253880830542,2.789665600885985,2.564927592195776
2016-11-07,2016-09-24,2016-10-26,45687000000.0,215639000000.0,22108075000.0,2.0665299896078695,2.0665299896078695,27.602500915527344,25.37881851196289,13.356932178257429,13.356932178257429,12.280885658368113,2.8299062805338884,2.601926474681593
2016-11-08,2016-09-24,2016-10-26,45687000000.0,215639000000.0,22108075000.0,2.0665299896078695,2.0665299896078695,27.764999389648438,25.52821922302246,13.435565672539276,13.435565672539276,12.353181106201378,2.8465662003686805,2.617243565398756
2016-11-09,2016-09-24,2016-10-26,45687000000.0,215639000000.0,22108075000.0,2.0665299896078695,2.0665299896078695,27.719999313354492,25.486852645874023,13.413790001960944,13.413790001960944,12.333163696651813,2.841952632963377,2.613002517211318
2016-11-10,2016-09-24,2016-10-26,45687000000.0,215639000000.0,22108075000.0,2.0665299896078695,2.0665299896078695,26.947500228881836,24.77658462524414,13.039975400499854,13.039975400499854,11.98946289182359,2.7627532873118352,2.5401833209147897
2016-11-11,2016-09-24,2016-10-26,45687000000.0,215639000000.0,22108075000.0,2.0665299896078695,2.0665299896078695,27.107500076293945,24.923694610595703,13.117399801895775,13.117399801895775,12.060649850682811,2.7791570390755487,2.5552655583087738
2016-11-14,2016-09-24,2016-10-26,45687000000.0,215639000000.0,22108075000.0,2.0665299896078695,2.0665299896078695,26.427499771118164,24.29847526550293,12.788345634477274,12.788345634477274,11.758104352559451,2.709440996305692,2.491165853836197
2016-11-15,2016-09-24,2016-10-26,45687000000.0,215639000000.0,22108075000.0,2.0665299896078695,2.0665299896078695,26.77750015258789,24.620281219482422,12.957711858645228,12.957711858645228,11.913827209521502,2.745324276619371,2.524158541457755
2016-11-16,2016-09-24,2016-10-26,45687000000.0,215639000000.0,22108075000.0,2.0665299896078695,2.0665299896078695,27.497499465942383,25.282270431518555,13.306121664926875,13.306121664926875,12.234165755472992,2.8191411595560827,2.592028023086244
2016-11-17,2016-09-24,2016-10-26,45687000000.0,215639000000.0,22108075000.0,2.0665299896078695,2.0665299896078695,27.487499237060547,25.273075103759766,13.301282524468172,13.301282524468172,12.229716109058456,2.8181159006273324,2.5910852854750472
2016-11-18,2016-09-24,2016-10-26,45687000000.0,215639000000.0,22108075000.0,2.0665299896078695,2.0665299896078695,27.514999389648438,25.298362731933594,13.31458992998669,13.31458992998669,12.241952867441347,2.8209353137943594,2.593677862792875
2016-11-21,2016-09-24,2016-10-26,45687000000.0,215639000000.0,22108075000.0,2.0665299896078695,2.0665299896078695,27.9325008392334,25.682231903076172,13.516620121507977,13.516620121507977,12.427708299529423,2.8637390429900664,2.6330334915326112
2016-11-22,2016-09-24,2016-10-26,45687000000.0,215639000000.0,22108075000.0,2.0665299896078695,2.0665299896078695,27.950000762939453,25.698318481445312,13.525088386567791,13.525088386567791,12.435492642582771,2.865533197228343,2.6346827445948047
2016-11-23,2016-09-24,2016-10-26,45687000000.0,215639000000.0,22108075000.0,2.0665299896078695,2.0665299896078695,27.8075008392334,25.567306518554688,13.456132250231683,13.456132250231683,12.37209556460691,2.850923599702906,2.6212509335518894
2016-11-25,2016-09-24,2016-10-26,45687000000.0,215639000000.0,22108075000.0,2.0665299896078695,2.0665299896078695,27.947500228881836,25.696020126342773,13.523878370710198,13.523878370710198,12.434380461722055,2.8652768336091192,2.634447109079042
2016-11-28,2016-09-24,2016-10-26,45687000000.0,215639000000.0,22108075000.0,2.0665299896078695,2.0665299896078695,27.892499923706055,25.645458221435547,13.497263559673161,13.497263559673161,12.409913405757955,2.859638007275065,2.629263323280407
2016-11-29,2016-09-24,2016-10-26,45687000000.0,215639000000.0,22108075000.0,2.0665299896078695,2.0665299896078695,27.864999771118164,25.620166778564453,13.483956154154644,13.483956154154644,12.397674801431727,2.856818594108038,2.6266703548662873
2016-11-30,2016-09-24,2016-10-26,45687000000.0,215639000000.0,22108075000.0,2.0665299896078695,2.0665299896078695,27.6299991607666,25.40410614013672,13.37023866080428,13.37023866080428,12.293122416751004,2.832725498152769,2.6045190519994206
2016-12-01,2016-09-24,2016-10-26,45687000000.0,215639000000.0,22108075000.0,2.0665299896078695,2.0665299896078695,27.372499465942383,25.16734504699707,13.245633793650581,13.245633793650581,12.17855302055048,2.8063257162689226,2.5802454651055227
2016-12-02,2016-09-24,2016-10-26,45687000000.0,215639000000.0,22108075000.0,2.0665299896078695,2.0665299896078695,27.475000381469727,25.26158905029297,13.295234291123544,13.295234291123544,12.224157973669879,2.816834473627504,2.5899076945406705
2016-12-05,2016-09-24,2016-10-26,45687000000.0,215639000000.0,22108075000.0,2.0665299896078695,2.0665299896078695,27.27750015258789,25.079994201660156,13.1996633437504,13.1996633437504,12.136283687041562,2.796586049768013,2.5712899466695167
2016-12-06,2016-09-24,2016-10-26,45687000000.0,215639000000.0,22108075000.0,2.0665299896078695,2.0665299896078695,27.487499237060547,25.273075103759766,13.301282524468172,13.301282524468172,12.229716109058456,2.8181159006273324,2.5910852854750472
2016-12-07,2016-09-24,2016-10-26,45687000000.0,215639000000.0,22108075000.0,2.0665299896078695,2.0665299896078695,27.75749969482422,25.52132797241211,13.431936547938164,13.431936547938164,12.349846409562565,2.845797305059154,2.616537049947759
2016-12-08,2016-09-24,2016-10-26,45687000000.0,215639000000.0,22108075000.0,2.0665299896078695,2.0665299896078695,28.030000686645508,25.771879196166992,13.563800587265751,13.563800587265751,12.471088890927389,2.8737350731102,2.642224449936234
2016-12-09,2016-09-24,2016-10-26,45687000000.0,215639000000.0,22108075000.0,2.0665299896078695,2.0665299896078695,28.487499237060547,26.192516326904297,13.785185494678515,13.785185494678515,12.674636447871928,2.9206394469246164,2.6853496602837366
2016-12-12,2016-09-24,2016-10-26,45687000000.0,215639000000.0,22108075000.0,2.0665299896078695,2.0665299896078695,28.325000762939453,26.043109893798828,13.70655200039667,13.70655200039667,12.602338231123657,2.9039795270898248,2.6700319829221364
2016-12-13,2016-09-24,2016-10-26,45687000000.0,215639000000.0,22108075000.0,2.0665299896078695,2.0665299896078695,28.797500610351562,26.4775447845459,13.935196079983324,13.935196079983324,12.81256256511917,2.9524218870714396,2.7145717885567993
2016-12-14,2016-09-24,2016-10-26,45687000000.0,215639000000.0,22108075000.0,2.0665299896078695,2.0665299896078695,28.797500610351562,26.4775447845459,13.935196079983324,13.935196079983324,12.81256256511917,2.9524218870714396,2.7145717885567993
2016-12-15,2016-09-24,2016-10-26,45687000000.0,215639000000.0,22108075000.0,2.0665299896078695,2.0665299896078695,28.954999923706055,26.622364044189453,14.011410465521653,14.011410465521653,12.882641035004351,2.968569275215929,2.7294191726276034
2016-12-16,2016-09-24,2016-10-26,45687000000.0,215639000000.0,22108075000.0,2.0665299896078695,2.0665299896078695,28.99250030517578,26.65683937072754,14.029557011498873,14.029557011498873,12.899323747915101,2.972413947311707,2.7329537053640447
2016-12-19,2016-09-24,2016-10-26,45687000000.0,215639000000.0,22108075000.0,2.0665299896078695,2.0665299896078695,29.15999984741211,26.81084442138672,14.110610537495907,14.110610537495907,12.973847249356472,2.9895865943849462,2.7487428493053163
2016-12-20,2016-09-24,2016-10-26,45687000000.0,215639000000.0,22108075000.0,2.0665299896078695,2.0665299896078695,29.237499237060547,26.882097244262695,14.148112722336274,14.148112722336274,13.00832670198203,2.9975321066475793,2.756047941390254
2016-12-21,2016-09-24,2016-10-26,45687000000.0,215639000000.0,22108075000.0,2.0665299896078695,2.0665299896078695,29.264999389648438,26.90738868713379,14.161420127854791,14.161420127854791,13.020565306308256,3.0003515198146062,2.7586409098043734
2016-12-22,2016-09-24,2016-10-26,45687000000.0,215639000000.0,22108075000.0,2.0665299896078695,2.0665299896078695,29.072500228881836,26.73039436340332,14.068269212196835,14.068269212196835,12.934917227344712,2.9806158231935633,2.7404948240610367
2016-12-23,2016-09-24,2016-10-26,45687000000.0,215639000000.0,22108075000.0,2.0665299896078695,2.0665299896078695,29.1299991607666,26.78325843811035,14.096093116119796,14.096093116119796,12.960498310112866,2.9865108175986954,2.7459146364717255
2016-12-27,2016-09-24,2016-10-26,45687000000.0,215639000000.0,22108075000.0,2.0665299896078695,2.0665299896078695,29.315000534057617,26.953353881835938,14.185615830148311,14.185615830148311,13.042808000550924,3.005477814458358,2.7633534245714833
2016-12-28,2016-09-24,2016-10-26,45687000000.0,215639000000.0,22108075000.0,2.0665299896078695,2.0665299896078695,29.190000534057617,26.838420867919922,14.125127958872017,14.125127958872017,12.987191573741738,2.9926623711711975,2.751570084398178
2016-12-29,2016-09-24,2016-10-26,45687000000.0,215639000000.0,22108075000.0,2.0665299896078695,2.0665299896078695,29.1825008392334,26.831531524658203,14.121498834270907,14.121498834270907,12.983857800074592,2.9918934758616715,2.7508637644953273
2016-12-30,2016-09-24,2016-10-26,45687000000.0,215639000000.0,22108075000.0,2.0665299896078695,2.0665299896078695,28.954999923706055,26.622364044189453,14.011410465521653,14.011410465521653,12.882641035004351,2.968569275215929,2.7294191726276034
2017-01-03,2016-09-24,2016-10-26,45687000000.0,215639000000.0,22108075000.0,2.0665299896078695,2.0665299896078695,29.037500381469727,26.698211669921875,14.051332682077206,14.051332682077206,12.919343926379671,2.97702751471701,2.73719534019592
2017-01-04,2016-09-24,2016-10-26,45687000000.0,215639000000.0,22108075000.0,2.0665299896078695,2.0665299896078695,29.0049991607666,26.66832733154297,14.035605244843502,14.035605244843502,12.904882806275348,2.973695374311535,2.7341314918465667
2017-01-05,2016-09-24,2016-10-26,45687000000.0,215639000000.0,22108075000.0,2.0665299896078695,2.0665299896078695,29.15250015258789,26.803943634033203,14.106981412894797,14.106981412894797,12.970507937859317,2.9888176990754203,2.748035356113591
2017-01-06,2016-09-24,2016-10-26,45687000000.0,215639000000.0,22108075000.0,2.0665299896078695,2.0665299896078695,29.477500915527344,27.102767944335938,14.264250247401826,14.264250247401826,13.115109909185868,3.0221379298412954,2.778671884125667
2017-01-09,2016-09-24,2016-10-26,45687000000.0,215639000000.0,22108075000.0,2.0665299896078695,2.0665299896078695,29.747499465942383,27.351011276245117,14.39490334790015,14.39490334790015,13.235235594831632,3.049819138724972,2.80412267085765
2017-01-10,2016-09-24,2016-10-26,45687000000.0,215639000000.0,22108075000.0,2.0665299896078695,2.0665299896078695,29.77750015258789,27.37859344482422,14.409420769276261,14.409420769276261,13.248582688131902,3.0528949155112226,2.8069504925949484
2017-01-11,2016-09-24,2016-10-26,45687000000.0,215639000000.0,22108075000.0,2.0665299896078695,2.0665299896078695,29.9375,27.525707244873047,14.486845170672183,14.486845170672183,13.31977149293446,3.0692986672749365,2.8220331210852243
2017-01-12,2016-09-24,2016-10-26,45687000000.0,215639000000.0,22108075000.0,2.0665299896078695,2.0665299896078695,29.8125,27.410776138305664,14.426357299395889,14.426357299395889,13.264155989096942,3.056483223987776,2.810249976460065
2017-01-13,2016-09-24,2016-10-26,45687000000.0,215639000000.0,22108075000.0,2.0665299896078695,2.0665299896078695,29.760000228881836,27.362506866455078,14.400952504216447,14.400952504216447,13.240798345078554,3.0511007612729464,2.8053012395327555
2017-01-17,2016-09-24,2016-10-26,45687000000.0,215639000000.0,22108075000.0,2.0665299896078695,2.0665299896078695,30.0,27.583168029785156,14.51708910631033,14.51708910631033,13.347576937424048,3.0757063889185168,2.8279242045274393
2017-01-18,2016-09-24,2016-10-26,45687000000.0,215639000000.0,22108075000.0,2.0665299896078695,2.0665299896078695,29.997499465942383,27.580867767333984,14.515879090452737,14.515879090452737,13.346463833591663,3.0754500252992925,2.8276883734635305
2017-01-19,2016-09-24,2016-10-26,45687000000.0,215639000000.0,22108075000.0,2.0665299896078695,2.0665299896078695,29.94499969482422,27.53260040283203,14.490474295273293,14.490474295273293,13.323107112544943,3.0700675625844625,2.822739832084367
2017-01-20,2016-09-24,2016-10-26,45687000000.0,215639000000.0,22108075000.0,2.0665299896078695,2.0665299896078695,30.0,27.583168029785156,14.51708910631033,14.51708910631033,13.347576937424048,3.0757063889185168,2.8279242045274393
2017-01-23,2016-09-24,2016-10-26,45687000000.0,215639000000.0,22108075000.0,2.0665299896078695,2.0665299896078695,30.020000457763672,27.601560592651367,14.526767387227737,14.526767387227737,13.356477153224787,3.0777569067760173,2.829809875297979
2017-01-24,2016-09-24,2016-10-26,45687000000.0,215639000000.0,22108075000.0,2.0665299896078695,2.0665299896078695,29.99250030517578,27.576271057128906,14.513459981709218,14.513459981709218,13.344239471870228,3.0749374936089904,2.827217102432005
2017-01-25,2016-09-24,2016-10-26,45687000000.0,215639000000.0,22108075000.0,2.0665299896078695,2.0665299896078695,30.469999313354492,28.01531219482422,14.74452317003939,14.74452317003939,13.55669278244552,3.1238923852809073,2.872229156838922
2017-01-26,2016-09-24,2016-10-26,45687000000.0,215639000000.0,22108075000.0,2.0665299896078695,2.0665299896078695,30.485000610351562,28.029096603393555,14.75178234221328,14.75178234221328,13.563363098694815,3.1254303714481058,2.8736423832890616
2017-01-27,2016-09-24,2016-10-26,45687000000.0,215639000000.0,22108075000.0,2.0665299896078695,2.0665299896078695,30.487499237060547,28.031391143798828,14.752991435099204,14.752991435099204,13.564473433612193,3.125686539519184,2.873877627708533
2017-01-30,2016-09-24,2016-10-26,45687000000.0,215639000000.0,22108075000.0,2.0665299896078695,2.0665299896078695,30.407499313354492,27.957843780517578,14.714279234401245,14.714279234401245,13.528883646069257,3.117484663637327,2.8663372912041245
2017-01-31,2016-09-24,2016-10-26,45687000000.0,215639000000.0,22108075000.0,2.0665299896078695,2.0665299896078695,30.337499618530273,27.89348030090332,14.680406174161988,14.680406174161988,13.497737967110846,3.110308046684221,2.859738519022038
2017-02-01,2016-12-31,2017-02-01,45217000000.0,218118000000.0,21841943000.0,2.070191282890904,2.070191282890904,32.1875,29.594444274902344,15.548080153758542,15.548080153758542,14.295511974900885,3.223198178566189,2.96353425654505
2017-02-02,2016-12-31,2017-02-01,45217000000.0,218118000000.0,21841943000.0,2.070191282890904,2.070191282890904,32.13249969482422,29.543874740600586,15.52151241307181,15.52151241307181,14.27108450545896,3.217690547235294,2.9584703146156563
2017-02-03,2016-12-31,2017-02-01,45217000000.0,218118000000.0,21841943000.0,2.070191282890904,2.070191282890904,32.27000045776367,29.670303344726562,15.587931764788642,15.587931764788642,14.332155482412078,3.2314596255625303,2.9711306469352685
2017-02-06,2016-12-31,2017-02-01,45217000000.0,218118000000.0,21841943000.0,2.070191282890904,2.070191282890904,32.5724983215332,29.948423385620117,15.734052495887031,15.734052495887031,14.466500575637076,3.261751215885548,2.9989810860570043
2017-02-07,2016-12-31,2017-02-01,45217000000.0,218118000000.0,21841943000.0,2.070191282890904,2.070191282890904,32.88249969482422,30.233457565307617,15.883797775877834,15.883797775877834,14.604185523904013,3.2927941941145065,3.0275238945633456
2017-02-08,2016-12-31,2017-02-01,45217000000.0,218118000000.0,21841943000.0,2.070191282890904,2.070191282890904,33.0099983215332,30.35067367553711,15.945385624190546,15.945385624190546,14.660806431932283,3.3055616765650884,3.039261704364986
2017-02-09,2016-12-31,2017-02-01,45217000000.0,218118000000.0,21841943000.0,2.070191282890904,2.070191282890904,33.10499954223633,30.569997787475586,15.991275693136474,15.991275693136474,14.766750319219936,3.315074927408797,3.061224425238485
2017-02-10,2016-12-31,2017-02-01,45217000000.0,218118000000.0,21841943000.0,2.070191282890904,2.070191282890904,33.029998779296875,30.500732421875,15.955046788320145,15.955046788320145,14.733291881744604,3.3075644863214952,3.054288316493117
2017-02-13,2016-12-31,2017-02-01,45217000000.0,218118000000.0,21841943000.0,2.070191282890904,2.070191282890904,33.3224983215332,30.770845413208008,16.096337858693055,16.096337858693055,14.863769192496202,3.33685486276476,3.081336944117866
2017-02-14,2016-12-31,2017-02-01,45217000000.0,218118000000.0,21841943000.0,2.070191282890904,2.070191282890904,33.755001068115234,31.170223236083984,16.305257077973152,16.305257077973152,15.056687511772607,3.380164907502875,3.1213299187587538
2017-02-15,2016-12-31,2017-02-01,45217000000.0,218118000000.0,21841943000.0,2.070191282890904,2.070191282890904,33.877498626708984,31.283334732055664,16.364429174583805,16.364429174583805,15.111325697580115,3.3924315920151287,3.1326566998940026
2017-02-16,2016-12-31,2017-02-01,45217000000.0,218118000000.0,21841943000.0,2.070191282890904,2.070191282890904,33.837501525878906,31.246402740478516,16.345108689003254,16.345108689003254,15.09348580428988,3.3884263544992166,3.128958396888728
2017-02-17,2016-12-31,2017-02-01,45217000000.0,218118000000.0,21841943000.0,2.070191282890904,2.070191282890904,33.93000030517578,31.331811904907227,16.38978996075883,16.38978996075883,15.1347424577859,3.397689015375311,3.137511116522731
2017-02-21,2016-12-31,2017-02-01,45217000000.0,218118000000.0,21841943000.0,2.070191282890904,2.070191282890904,34.17499923706055,31.558073043823242,16.50813599665878,16.50813599665878,15.244037256187358,3.422222766396721,3.160168498762247
2017-02-22,2016-12-31,2017-02-01,45217000000.0,218118000000.0,21841943000.0,2.070191282890904,2.070191282890904,34.27750015258789,31.652708053588867,16.557648771818474,16.557648771818474,15.28975042798348,3.4324870231494695,3.169645077903378
2017-02-23,2016-12-31,2017-02-01,45217000000.0,218118000000.0,21841943000.0,2.070191282890904,2.070191282890904,34.13249969482422,31.518814086914062,16.487606713887875,16.487606713887875,15.225073328924386,3.4179669389131933,3.1562371776468425
2017-02-24,2016-12-31,2017-02-01,45217000000.0,218118000000.0,21841943000.0,2.070191282890904,2.070191282890904,34.165000915527344,31.548824310302734,16.503306335933303,16.503306335933303,15.239569681815393,3.421221552516968,3.159242347273708
2017-02-27,2016-12-31,2017-02-01,45217000000.0,218118000000.0,21841943000.0,2.070191282890904,2.070191282890904,34.23249816894531,31.61115837097168,16.535910691857218,16.535910691857218,15.26967997219489,3.4279806056983277,3.165484367648412
2017-02-28,2016-12-31,2017-02-01,45217000000.0,218118000000.0,21841943000.0,2.070191282890904,2.070191282890904,34.247501373291016,31.625017166137695,16.5431579469634,16.5431579469634,15.27637442370792,3.42948299951331,3.166872162392838
2017-03-01,2016-12-31,2017-02-01,45217000000.0,218118000000.0,21841943000.0,2.070191282890904,2.070191282890904,34.9474983215332,32.27140426635742,16.88128947810611,16.88128947810611,15.588609870529572,3.499579431003053,3.231600200422412
2017-03-02,2016-12-31,2017-02-01,45217000000.0,218118000000.0,21841943000.0,2.070191282890904,2.070191282890904,34.7400016784668,32.07979202270508,16.78105881595365,16.78105881595365,15.496052122250017,3.4788010915237444,3.212412496042413
2017-03-03,2016-12-31,2017-02-01,45217000000.0,218118000000.0,21841943000.0,2.070191282890904,2.070191282890904,34.94499969482422,32.26909637451172,16.8800825235944,16.8800825235944,15.587495049950055,3.49932922303234,3.2313690922967915
2017-03-06,2016-12-31,2017-02-01,45217000000.0,218118000000.0,21841943000.0,2.070191282890904,2.070191282890904,34.834999084472656,32.167510986328125,16.826947042220933,16.826947042220933,15.538424517664875,3.4883139603705517,3.221196514800487
2017-03-07,2016-12-31,2017-02-01,45217000000.0,218118000000.0,21841943000.0,2.070191282890904,2.070191282890904,34.880001068115234,32.20908737182617,16.84868512218219,16.84868512218219,15.558507872203974,3.492820377821693,3.225359899033766
2017-03-08,2016-12-31,2017-02-01,45217000000.0,218118000000.0,21841943000.0,2.070191282890904,2.070191282890904,34.75,32.08903503417969,16.785888476679126,16.785888476679126,15.500516932604016,3.479802305403497,3.213338074535599
2017-03-09,2016-12-31,2017-02-01,45217000000.0,218118000000.0,21841943000.0,2.070191282890904,2.070191282890904,34.66999816894531,32.01516342163086,16.747243820160733,16.747243820160733,15.46483346066626,3.471791066377868,3.2059407045312454
2017-03-10,2016-12-31,2017-02-01,45217000000.0,218118000000.0,21841943000.0,2.070191282890904,2.070191282890904,34.78499984741211,32.1213493347168,16.80279505323626,16.80279505323626,15.516126263395895,3.483307126977984,3.2165739702911824
2017-03-13,2016-12-31,2017-02-01,45217000000.0,218118000000.0,21841943000.0,2.070191282890904,2.070191282890904,34.79999923706055,32.13520050048828,16.8100404656638,16.8100404656638,15.522817029551641,3.4848091387960642,3.2179610010418056
2017-03-14,2016-12-31,2017-02-01,45217000000.0,218118000000.0,21841943000.0,2.070191282890904,2.070191282890904,34.747501373291016,32.08671188354492,16.784681522167418,16.784681522167418,15.499394741309924,3.4795520974327845,3.2131054384223714
2017-03-15,2016-12-31,2017-02-01,45217000000.0,218118000000.0,21841943000.0,2.070191282890904,2.070191282890904,35.1150016784668,32.42607498168945,16.96220149735666,16.96220149735666,15.663323118822282,3.5163529149633503,3.2470886468048814
2017-03-16,2016-12-31,2017-02-01,45217000000.0,218118000000.0,21841943000.0,2.070191282890904,2.070191282890904,35.17250061035156,32.47917556762695,16.9899761925551,16.9899761925551,15.688973205544388,3.5221107542649577,3.2524060436786537
2017-03-17,2016-12-31,2017-02-01,45217000000.0,218118000000.0,21841943000.0,2.070191282890904,2.070191282890904,34.997501373291016,32.31757354736328,16.905443309769424,16.905443309769424,15.610911810155839,3.504586646392522,3.2362235089255202
2017-03-20,2016-12-31,2017-02-01,45217000000.0,218118000000.0,21841943000.0,2.070191282890904,2.070191282890904,35.3650016784668,32.656925201416016,17.08296328495867,17.08296328495867,15.774834659632265,3.541387463923088,3.2702055713173244
2017-03-21,2016-12-31,2017-02-01,45217000000.0,218118000000.0,21841943000.0,2.070191282890904,2.070191282890904,34.959999084472656,32.2829475402832,16.887327936021936,16.887327936021936,15.5941858161058,3.5008312348504202,3.2327561230474147
2017-03-22,2016-12-31,2017-02-01,45217000000.0,218118000000.0,21841943000.0,2.070191282890904,2.070191282890904,35.35499954223633,32.6476936340332,17.078131781554546,17.078131781554546,15.770375377314199,3.5403858680464335,3.269281138814844
2017-03-23,2016-12-31,2017-02-01,45217000000.0,218118000000.0,21841943000.0,2.070191282890904,2.070191282890904,35.22999954223633,32.53226852416992,17.017750887753543,17.017750887753543,15.714619606909206,3.527868593566565,3.2577226765586222
2017-03-24,2016-12-31,2017-02-01,45217000000.0,218118000000.0,21841943000.0,2.070191282890904,2.070191282890904,35.15999984741211,32.46763610839844,16.983937734639273,16.983937734639273,15.683399102646803,3.5208589504175904,3.251250503050553
2017-03-27,2016-12-31,2017-02-01,45217000000.0,218118000000.0,21841943000.0,2.070191282890904,2.070191282890904,35.220001220703125,32.52304458618164,17.012921227028066,17.012921227028066,15.710164009948427,3.526867379686812,3.2567990080499456
2017-03-28,2016-12-31,2017-02-01,45217000000.0,218118000000.0,21841943000.0,2.070191282890904,2.070191282890904,35.95000076293945,33.1971321105957,17.365545425704493,17.365545425704493,16.035780067742245,3.599968216809617,3.3243009165823136
2017-03-29,2016-12-31,2017-02-01,45217000000.0,218118000000.0,21841943000.0,2.070191282890904,2.070191282890904,36.029998779296875,33.2710075378418,17.40418823954424,17.40418823954424,16.071465382358646,3.607979073838344,3.331698668583569
2017-03-30,2016-12-31,2017-02-01,45217000000.0,218118000000.0,21841943000.0,2.070191282890904,2.070191282890904,35.98249816894531,33.22713851928711,17.381243205071275,17.381243205071275,16.050274577954607,3.6032224484164894,3.327305704212277
2017-03-31,2016-12-31,2017-02-01,45217000000.0,218118000000.0,21841943000.0,2.070191282890904,2.070191282890904,35.915000915527344,33.164817810058594,17.348638849147356,17.348638849147356,16.020170736950366,3.5964633952351295,3.3210650208267296
2017-04-03,2016-12-31,2017-02-01,45217000000.0,218118000000.0,21841943000.0,2.070191282890904,2.070191282890904,35.92499923706055,33.1740608215332,17.353468509872833,17.353468509872833,16.024635547304364,3.5974646091148825,3.321990599319916
2017-04-04,2016-12-31,2017-02-01,45217000000.0,218118000000.0,21841943000.0,2.070191282890904,2.070191282890904,36.192501068115234,33.42106246948242,17.48268450709273,17.48268450709273,16.143948989492323,3.6242517598603143,3.3467248987147977
2017-04-05,2016-12-31,2017-02-01,45217000000.0,218118000000.0,21841943000.0,2.070191282890904,2.070191282890904,36.005001068115234,33.24794006347656,17.392113166391226,17.392113166391226,16.060322704599407,3.6054758481405114,3.329388733318073
2017-04-06,2016-12-31,2017-02-01,45217000000.0,218118000000.0,21841943000.0,2.070191282890904,2.070191282890904,35.915000915527344,33.164817810058594,17.348638849147356,17.348638849147356,16.020170736950366,3.5964633952351295,3.3210650208267296
2017-04-07,2016-12-31,2017-02-01,45217000000.0,218118000000.0,21841943000.0,2.070191282890904,2.070191282890904,35.834999084472656,33.09095001220703,17.309994192628967,17.309994192628967,15.984489107691251,3.588452156209501,3.3136680328192782
2017-04-10,2016-12-31,2017-02-01,45217000000.0,218118000000.0,21841943000.0,2.070191282890904,2.070191282890904,35.79249954223633,33.051700592041016,17.28946490985806,17.28946490985806,15.96552978712489,3.584196328725974,3.3097376666961287
2017-04-11,2016-12-31,2017-02-01,45217000000.0,218118000000.0,21841943000.0,2.070191282890904,2.070191282890904,35.407501220703125,32.69618606567383,17.103492567729575,17.103492567729575,15.793799508234558,3.545643291406615,3.27413708343118
2017-04-12,2016-12-31,2017-02-01,45217000000.0,218118000000.0,21841943000.0,2.070191282890904,2.070191282890904,35.45000076293945,32.73543930053711,17.124021850500476,17.124021850500476,15.812760671479564,3.5498991188901425,3.278067831551231
2017-04-13,2016-12-31,2017-02-01,45217000000.0,218118000000.0,21841943000.0,2.070191282890904,2.070191282890904,35.26250076293945,32.562286376953125,17.03345050979897,17.03345050979897,15.7291196451575,3.5311232071703396,3.2607286101792914
2017-04-17,2016-12-31,2017-02-01,45217000000.0,218118000000.0,21841943000.0,2.070191282890904,2.070191282890904,35.45750045776367,32.74235153198242,17.127644556714245,17.127644556714245,15.816099605182183,3.550650124799182,3.2787600099373857
2017-04-18,2016-12-31,2017-02-01,45217000000.0,218118000000.0,21841943000.0,2.070191282890904,2.070191282890904,35.29999923706055,32.59691619873047,17.051564040867813,17.051564040867813,15.745847481886184,3.534878236715539,3.2641963780542986
2017-04-19,2016-12-31,2017-02-01,45217000000.0,218118000000.0,21841943000.0,2.070191282890904,2.070191282890904,35.16999816894531,32.47687530517578,16.98876739536475,16.98876739536475,15.687862070322158,3.521860164297343,3.2521756995468376
2017-04-20,2016-12-31,2017-02-01,45217000000.0,218118000000.0,21841943000.0,2.070191282890904,2.070191282890904,35.61000061035156,32.883174896240234,17.201309320858616,17.201309320858616,15.884123929997791,3.565921214944498,3.2928618075661342
2017-04-21,2016-12-31,2017-02-01,45217000000.0,218118000000.0,21841943000.0,2.070191282890904,2.070191282890904,35.567501068115234,32.84394073486328,17.18078003808771,17.18078003808771,15.865171980146005,3.561665387460971,3.2889329694305927
2017-04-24,2016-12-31,2017-02-01,45217000000.0,218118000000.0,21841943000.0,2.070191282890904,2.070191282890904,35.90999984741211,33.16021728515625,17.346223097445296,17.346223097445296,16.017948466505906,3.5959625972968023,3.320604332563097
2017-04-25,2016-12-31,2017-02-01,45217000000.0,218118000000.0,21841943000.0,2.070191282890904,2.070191282890904,36.13249969482422,33.36566925048828,17.453701014703938,17.453701014703938,16.117191452905274,3.6182433305910924,3.341177921703013
2017-04-26,2016-12-31,2017-02-01,45217000000.0,218118000000.0,21841943000.0,2.070191282890904,2.070191282890904,35.91999816894531,33.1694221496582,17.351052758170773,17.351052758170773,16.022394850073468,3.5969638111765554,3.3215260910872644
2017-04-27,2016-12-31,2017-02-01,45217000000.0,218118000000.0,21841943000.0,2.070191282890904,2.070191282890904,35.9474983215332,33.1948356628418,17.364336628514142,17.364336628514142,16.03467077519866,3.599717626842003,3.3240709544473988
2017-04-28,2016-12-31,2017-02-01,45217000000.0,218118000000.0,21841943000.0,2.070191282890904,2.070191282890904,35.912498474121094,33.162513732910156,17.347430051957005,17.347430051957005,16.019057759049492,3.596212805267515,3.320834294698012
2017-05-01,2016-12-31,2017-02-01,45217000000.0,218118000000.0,21841943000.0,2.070191282890904,2.070191282890904,36.64500045776367,33.83891677856445,17.701263047823783,17.701263047823783,16.345792322780113,3.6695642323579345,3.3885680753498035
2017-05-02,2016-12-31,2017-02-01,45217000000.0,218118000000.0,21841943000.0,2.070191282890904,2.070191282890904,36.877498626708984,34.05362319946289,17.813570625807902,17.813570625807902,16.449505647569413,3.6928461795319776,3.410068388973611
2017-05-03,2017-04-01,2017-05-03,45730000000.0,220457000000.0,21562745000.0,2.120787497139163,2.120787497139163,36.76499938964844,33.94973373413086,17.335541368120378,17.335541368120378,16.00807897063113,3.595958879800346,3.3205997148058874
2017-05-04,2017-04-01,2017-05-03,45730000000.0,220457000000.0,21562745000.0,2.120787497139163,2.120787497139163,36.63249969482422,33.82737731933594,17.273064719704184,17.273064719704184,15.950385111647153,3.5829991773092824,3.30863211944109
2017-05-05,2017-04-01,2017-05-03,45730000000.0,220457000000.0,21562745000.0,2.120787497139163,2.120787497139163,37.2400016784668,34.388370513916016,17.559515853757958,17.559515853757958,16.214906283776294,3.642418521491046,3.3635024714891792
2017-05-08,2017-04-01,2017-05-03,45730000000.0,220457000000.0,21562745000.0,2.120787497139163,2.120787497139163,38.252498626708984,35.32332992553711,18.036931412652,18.036931412652,16.655761113825182,3.7414501399391993,3.4549501977039774
2017-05-09,2017-04-01,2017-05-03,45730000000.0,220457000000.0,21562745000.0,2.120787497139163,2.120787497139163,38.497501373291016,35.549560546875,18.152455833138507,18.152455833138507,16.76243404623499,3.765413687247055,3.477077656569427
2017-05-10,2017-04-01,2017-05-03,45730000000.0,220457000000.0,21562745000.0,2.120787497139163,2.120787497139163,38.314998626708984,35.381038665771484,18.066401597705575,18.066401597705575,16.682972109887835,3.747563221231696,3.4605946492294226
2017-05-11,2017-04-01,2017-05-03,45730000000.0,220457000000.0,21562745000.0,2.120787497139163,2.120787497139163,38.48749923706055,35.68702697753906,18.14773959624822,18.14773959624822,16.82725262464018,3.7644353852970474,3.490523152019648
2017-05-12,2017-04-01,2017-05-03,45730000000.0,220457000000.0,21562745000.0,2.120787497139163,2.120787497139163,39.025001525878906,36.1854133605957,18.401184266939378,18.401184266939378,17.06225324762996,3.817008108280244,3.539269975614828
2017-05-15,2017-04-01,2017-05-03,45730000000.0,220457000000.0,21562745000.0,2.120787497139163,2.120787497139163,38.92499923706055,36.092708587646484,18.354030891623246,18.354030891623246,17.018540818603352,3.807226954344526,3.5302025866029716
2017-05-16,2017-04-01,2017-05-03,45730000000.0,220457000000.0,21562745000.0,2.120787497139163,2.120787497139163,38.86750030517578,36.03938293457031,18.326918825014815,18.326918825014815,16.99339654877523,3.8016030240270324,3.5249868417672894
2017-05-17,2017-04-01,2017-05-03,45730000000.0,220457000000.0,21562745000.0,2.120787497139163,2.120787497139163,37.5625,34.82932662963867,17.711581217198773,17.711581217198773,16.422827217069933,3.6739618567906667,3.40663208079856
2017-05-18,2017-04-01,2017-05-03,45730000000.0,220457000000.0,21562745000.0,2.120787497139163,2.120787497139163,38.1349983215332,35.36017990112305,17.98152732085389,17.98152732085389,16.67313672342098,3.729957517260275,3.458554468046111
2017-05-19,2017-04-01,2017-05-03,45730000000.0,220457000000.0,21562745000.0,2.120787497139163,2.120787497139163,38.26499938964844,35.48072814941406,18.042825809406185,18.042825809406185,16.729977990381308,3.742672830820273,3.470345207909648
2017-05-22,2017-04-01,2017-05-03,45730000000.0,220457000000.0,21562745000.0,2.120787497139163,2.120787497139163,38.497501373291016,35.69630813598633,18.152455833138507,18.152455833138507,16.83162890395142,3.765413687247055,3.491430935636875
2017-05-23,2017-04-01,2017-05-03,45730000000.0,220457000000.0,21562745000.0,2.120787497139163,2.120787497139163,38.45000076293945,35.652252197265625,18.130058204703012,18.130058204703012,16.81085551728249,3.7607676857666976,3.487121855079804
2017-05-24,2017-04-01,2017-05-03,45730000000.0,220457000000.0,21562745000.0,2.120787497139163,2.120787497139163,38.334999084472656,35.545623779296875,18.0758322727688,18.0758322727688,16.760577769930347,3.7495194520188395,3.476692604085671
2017-05-25,2017-04-01,2017-05-03,45730000000.0,220457000000.0,21562745000.0,2.120787497139163,2.120787497139163,38.467498779296875,35.668487548828125,18.138308921184993,18.138308921184993,16.818510858321797,3.7624791545099034,3.4887098234624254
2017-05-26,2017-04-01,2017-05-03,45730000000.0,220457000000.0,21562745000.0,2.120787497139163,2.120787497139163,38.40250015258789,35.608211517333984,18.10766057626752,18.10766057626752,16.79008932548296,3.7561216842863403,3.482814266974221
2017-05-30,2017-04-01,2017-05-03,45730000000.0,220457000000.0,21562745000.0,2.120787497139163,2.120787497139163,38.41749954223633,35.622127532958984,18.114733132885604,18.114733132885604,16.796651046373793,3.75758876409848,3.4841753827307533
2017-05-31,2017-04-01,2017-05-03,45730000000.0,220457000000.0,21562745000.0,2.120787497139163,2.120787497139163,38.189998626708984,35.411170959472656,18.007461227598423,18.007461227598423,16.69718017823123,3.7353370586467025,3.4635418678042167
2017-06-01,2017-04-01,2017-05-03,45730000000.0,220457000000.0,21562745000.0,2.120787497139163,2.120787497139163,38.29499816894531,35.508541107177734,18.05697092264235,18.05697092264235,16.74309243857623,3.7456069904445526,3.4730655738583542
2017-06-02,2017-04-01,2017-05-03,45730000000.0,220457000000.0,21562745000.0,2.120787497139163,2.120787497139163,38.86249923706055,36.03474426269531,18.32456070656967,18.32456070656967,16.991209308478286,3.801113873052029,3.524533136515112
2017-06-05,2017-04-01,2017-05-03,45730000000.0,220457000000.0,21562745000.0,2.120787497139163,2.120787497139163,38.48249816894531,35.68238830566406,18.145381477803074,18.145381477803074,16.825065384343237,3.7639462343220433,3.4900694467674707
2017-06-06,2017-04-01,2017-05-03,45730000000.0,220457000000.0,21562745000.0,2.120787497139163,2.120787497139163,38.61249923706055,35.80293655395508,18.20667996635537,18.20667996635537,16.881906651303566,3.7766615478820413,3.5018601866310077
2017-06-07,2017-04-01,2017-05-03,45730000000.0,220457000000.0,21562745000.0,2.120787497139163,2.120787497139163,38.842498779296875,36.01618957519531,18.315130031506445,18.315130031506445,16.982460347290505,3.7991576422648854,3.522718315506402
2017-06-08,2017-04-01,2017-05-03,45730000000.0,220457000000.0,21562745000.0,2.120787497139163,2.120787497139163,38.747501373291016,35.92811584472656,18.270336573352807,18.270336573352807,16.94093156112614,3.7898660124170425,3.514103885520979
2017-06-09,2017-04-01,2017-05-03,45730000000.0,220457000000.0,21562745000.0,2.120787497139163,2.120787497139163,37.244998931884766,34.53493881225586,17.561872173485753,17.561872173485753,16.2840166017773,3.642907299353178,3.37783821425165
2017-06-12,2017-04-01,2017-05-03,45730000000.0,220457000000.0,21562745000.0,2.120787497139163,2.120787497139163,36.35499954223633,33.70969772338867,17.142217026117617,17.142217026117617,15.89489648013362,3.555857081446081,3.297121960457189
2017-06-13,2017-04-01,2017-05-03,45730000000.0,220457000000.0,21562745000.0,2.120787497139163,2.120787497139163,36.647499084472656,33.98091506958008,17.280137276322268,17.280137276322268,16.022781686245626,3.584466257121422,3.323649539420442
2017-06-14,2017-04-01,2017-05-03,45730000000.0,220457000000.0,21562745000.0,2.120787497139163,2.120787497139163,36.290000915527344,33.64942169189453,17.111568681200144,17.111568681200144,15.86647494729478,3.5494996112225183,3.291226403968984
2017-06-15,2017-04-01,2017-05-03,45730000000.0,220457000000.0,21562745000.0,2.120787497139163,2.120787497139163,36.0724983215332,33.447750091552734,17.009011214085906,17.009011214085906,15.771382157180804,3.5282258346078756,3.2715010457725464
2017-06-16,2017-04-01,2017-05-03,45730000000.0,220457000000.0,21562745000.0,2.120787497139163,2.120787497139163,35.567501068115234,32.97951126098633,16.770893413929507,16.770893413929507,15.550596797403818,3.4788324064057683,3.2257029332036478
2017-06-19,2017-04-01,2017-05-03,45730000000.0,220457000000.0,21562745000.0,2.120787497139163,2.120787497139163,36.584999084472656,33.9229621887207,17.250667091268692,17.250667091268692,15.995455572272608,3.5783531758289246,3.317981208671198
2017-06-20,2017-04-01,2017-05-03,45730000000.0,220457000000.0,21562745000.0,2.120787497139163,2.120787497139163,36.252498626708984,33.61464309692383,17.093885490937588,17.093885490937588,15.85007604121974,3.545831538579297,3.2878247339162683
2017-06-21,2017-04-01,2017-05-03,45730000000.0,220457000000.0,21562745000.0,2.120787497139163,2.120787497139163,36.467498779296875,33.814002990722656,17.195262999470582,17.195262999470582,15.944078808619942,3.566860553150001,3.307323985712361
2017-06-22,2017-04-01,2017-05-03,45730000000.0,220457000000.0,21562745000.0,2.120787497139163,2.120787497139163,36.407501220703125,33.75837326049805,17.166972772998253,17.166972772998253,15.917848113512747,3.560992233901442,3.301882880702078
2017-06-23,2017-04-01,2017-05-03,45730000000.0,220457000000.0,21562745000.0,2.120787497139163,2.120787497139163,36.56999969482422,33.909053802490234,17.243594534650608,17.243594534650608,15.988897448816472,3.5768860960167856,3.31662083914041
2017-06-26,2017-04-01,2017-05-03,45730000000.0,220457000000.0,21562745000.0,2.120787497139163,2.120787497139163,36.45500183105469,33.802425384521484,17.189370401433745,17.189370401433745,15.938619701464326,3.5656382353817992,3.3061915881462767
2017-06-27,2017-04-01,2017-05-03,45730000000.0,220457000000.0,21562745000.0,2.120787497139163,2.120787497139163,35.932498931884766,33.31793212890625,16.94299828736067,16.94299828736067,15.710170007061285,3.5145325922107418,3.2588036416303976
2017-06-28,2017-04-01,2017-05-03,45730000000.0,220457000000.0,21562745000.0,2.120787497139163,2.120787497139163,36.45750045776367,33.804744720458984,17.190548561297643,17.190548561297643,15.9397133216128,3.565882624312865,3.3064184407723656
2017-06-29,2017-04-01,2017-05-03,45730000000.0,220457000000.0,21562745000.0,2.120787497139163,2.120787497139163,35.91999816894531,33.30633544921875,16.937103890606487,16.937103890606487,15.704701906318922,3.5133099013296683,3.257669378499954
2017-06-30,2017-04-01,2017-05-03,45730000000.0,220457000000.0,21562745000.0,2.120787497139163,2.120787497139163,36.005001068115234,33.38517379760742,16.977184709304534,16.977184709304534,15.741875997780241,3.521623975453247,3.2653805022226123
2017-07-03,2017-04-01,2017-05-03,45730000000.0,220457000000.0,21562745000.0,2.120787497139163,2.120787497139163,35.875,33.26461410522461,16.91588622075224,16.91588622075224,15.685029334667863,3.508908661893249,3.2535886430204597
2017-07-05,2017-04-01,2017-05-03,45730000000.0,220457000000.0,21562745000.0,2.120787497139163,2.120787497139163,36.022499084472656,33.40138626098633,16.985435425786513,16.985435425786513,15.74952054651545,3.5233354441964524,3.266966231928002
2017-07-06,2017-04-01,2017-05-03,45730000000.0,220457000000.0,21562745000.0,2.120787497139163,2.120787497139163,35.682498931884766,33.086124420166016,16.82511754714637,16.82511754714637,15.600867349886565,3.4900802670407542,3.2361306917462933
2017-07-07,2017-04-01,2017-05-03,45730000000.0,220457000000.0,21562745000.0,2.120787497139163,2.120787497139163,36.04499816894531,33.42225646972656,16.99604426071364,16.99604426071364,15.759361329134354,3.5255360639146622,3.2690075324499293
2017-07-10,2017-04-01,2017-05-03,45730000000.0,220457000000.0,21562745000.0,2.120787497139163,2.120787497139163,36.26499938964844,33.62623977661133,17.099779887691774,17.099779887691774,15.855544141962103,3.5470542294603704,3.288958997046712
2017-07-11,2017-04-01,2017-05-03,45730000000.0,220457000000.0,21562745000.0,2.120787497139163,2.120787497139163,36.38249969482422,33.73519515991211,17.155183979489884,17.155183979489884,15.90691910689742,3.558546852139295,3.299615846892678
2017-07-12,2017-04-01,2017-05-03,45730000000.0,220457000000.0,21562745000.0,2.120787497139163,2.120787497139163,36.435001373291016,33.78387451171875,17.17993972637052,17.17993972637052,15.929872538993896,3.5636820045946553,3.3043771402504385
2017-07-13,2017-04-01,2017-05-03,45730000000.0,220457000000.0,21562745000.0,2.120787497139163,2.120787497139163,36.942501068115234,34.254451751708984,17.419237485108166,17.419237485108166,16.1517605125061,3.613320194840701,3.350403971009785
2017-07-14,2017-04-01,2017-05-03,45730000000.0,220457000000.0,21562745000.0,2.120787497139163,2.120787497139163,37.2599983215332,34.54884338378906,17.568944730103837,17.568944730103837,16.290572926516084,3.644374379165318,3.379198210669567
2017-07-17,2017-04-01,2017-05-03,45730000000.0,220457000000.0,21562745000.0,2.120787497139163,2.120787497139163,37.38999938964844,34.669395446777344,17.63024321865613,17.63024321865613,16.347415992193763,3.6570896927253154,3.3909893236459765
2017-07-18,2017-04-01,2017-05-03,45730000000.0,220457000000.0,21562745000.0,2.120787497139163,2.120787497139163,37.52000045776367,34.7899169921875,17.691541707208426,17.691541707208426,16.404244668132648,3.6698050062853134,3.4027774517194103
2017-07-19,2017-04-01,2017-05-03,45730000000.0,220457000000.0,21562745000.0,2.120787497139163,2.120787497139163,37.755001068115234,35.007816314697266,17.802349890804642,17.802349890804642,16.50698920185123,3.6927902516431614,3.4240900320727254
2017-07-20,2017-04-01,2017-05-03,45730000000.0,220457000000.0,21562745000.0,2.120787497139163,2.120787497139163,37.584999084472656,34.85020065307617,17.722190052125896,17.722190052125896,16.432669798406184,3.676162476508876,3.4086737544333587
2017-07-21,2017-04-01,2017-05-03,45730000000.0,220457000000.0,21562745000.0,2.120787497139163,2.120787497139163,37.567501068115234,34.83396911621094,17.713939335643918,17.713939335643918,16.425016256084227,3.6744510077656707,3.4070861591636095
2017-07-24,2017-04-01,2017-05-03,45730000000.0,220457000000.0,21562745000.0,2.120787497139163,2.120787497139163,38.022499084472656,35.255855560302734,17.928481347500924,17.928481347500924,16.62394540134791,3.718954045556355,3.4483505772265794
2017-07-25,2017-04-01,2017-05-03,45730000000.0,220457000000.0,21562745000.0,2.120787497139163,2.120787497139163,38.185001373291016,35.40654373168945,18.00510490787063,18.00510490787063,16.694998334086332,3.73484828078457,3.463089281890655
2017-07-26,2017-04-01,2017-05-03,45730000000.0,220457000000.0,21562745000.0,2.120787497139163,2.120787497139163,38.3650016784668,35.573455810546875,18.089979184722313,18.089979184722313,16.773701211712016,3.7524539847559915,3.479414835598736
2017-07-27,2017-04-01,2017-05-03,45730000000.0,220457000000.0,21562745000.0,2.120787497139163,2.120787497139163,37.63999938964844,34.90119552612305,17.74812395887043,17.74812395887043,16.456715051933784,3.6815420178953033,3.4136615273043365
2017-07-28,2017-04-01,2017-05-03,45730000000.0,220457000000.0,21562745000.0,2.120787497139163,2.120787497139163,37.375,34.65548324584961,17.62317066203805,17.62317066203805,16.34085607002028,3.655622612913176,3.3896285810023157
2017-07-31,2017-04-01,2017-05-03,45730000000.0,220457000000.0,21562745000.0,2.120787497139163,2.120787497139163,37.182498931884766,34.47698211669922,17.532401988432177,17.532401988432177,16.256688689086932,3.636794218060681,3.372169510389534
2017-08-01,2017-04-01,2017-05-03,45730000000.0,220457000000.0,21562745000.0,2.120787497139163,2.120787497139163,37.51250076293945,34.7829704284668,17.688005428899384,17.688005428899384,16.400969203839278,3.6690714663792434,3.40209801317976
2017-08-02,2017-07-01,2017-08-02,46651000000.0,223507000000.0,21323463000.0,2.1877778482791466,2.1877778482791466,39.28499984741211,36.426490783691406,17.956576294212297,17.956576294212297,16.649995250817447,3.747946331440616,3.475233117736289
2017-08-03,2017-07-01,2017-08-02,46651000000.0,223507000000.0,21323463000.0,2.1877778482791466,2.1877778482791466,38.89250183105469,36.06257247924805,17.777171416945553,17.777171416945553,16.48365372545206,3.710500448629917,3.440513853910902
2017-08-04,2017-07-01,2017-08-02,46651000000.0,223507000000.0,21323463000.0,2.1877778482791466,2.1877778482791466,39.09749984741211,36.252647399902344,17.87087289423159,17.87087289423159,16.570534082524787,3.7300580804574253,3.458647762637697
2017-08-07,2017-07-01,2017-08-02,46651000000.0,223507000000.0,21323463000.0,2.1877778482791466,2.1877778482791466,39.70249938964844,36.813621520996094,18.147408988932522,18.147408988932522,16.82694682641238,3.787777459957366,3.512166940628096
2017-08-08,2017-07-01,2017-08-02,46651000000.0,223507000000.0,21323463000.0,2.1877778482791466,2.1877778482791466,40.02000045776367,37.108028411865234,18.292533901119093,18.292533901119093,16.96151574121363,3.818068333524707,3.5402545371883525
2017-08-09,2017-07-01,2017-08-02,46651000000.0,223507000000.0,21323463000.0,2.1877778482791466,2.1877778482791466,40.26499938964844,37.3351936340332,18.404519188874648,18.404519188874648,17.06534951133186,3.841442212906938,3.561927009235248
2017-08-10,2017-07-01,2017-08-02,46651000000.0,223507000000.0,21323463000.0,2.1877778482791466,2.1877778482791466,38.83000183105469,36.14599609375,17.748603616951982,17.748603616951982,16.52178539159338,3.704537698302187,3.4484728008662935
2017-08-11,2017-07-01,2017-08-02,46651000000.0,223507000000.0,21323463000.0,2.1877778482791466,2.1877778482791466,39.369998931884766,36.6486701965332,17.99542808372992,17.99542808372992,16.751550083277497,3.756055584541354,3.496429923604086
2017-08-14,2017-07-01,2017-08-02,46651000000.0,223507000000.0,21323463000.0,2.1877778482791466,2.1877778482791466,39.962501525878906,37.20022964477539,18.266252013344246,18.266252013344246,17.003659523308638,3.812582705125667,3.5490509040963873
2017-08-15,2017-07-01,2017-08-02,46651000000.0,223507000000.0,21323463000.0,2.1877778482791466,2.1877778482791466,40.400001525878906,37.60747528076172,18.46622661329923,18.46622661329923,17.18980531334242,3.8543219574197787,3.5879037688874935
2017-08-16,2017-07-01,2017-08-02,46651000000.0,223507000000.0,21323463000.0,2.1877778482791466,2.1877778482791466,40.23749923706055,37.456207275390625,18.39194928713187,18.39194928713187,17.12066300737654,3.838818588205241,3.5734721953098685
2017-08-17,2017-07-01,2017-08-02,46651000000.0,223507000000.0,21323463000.0,2.1877778482791466,2.1877778482791466,39.46500015258789,36.73710632324219,18.038851697684986,18.038851697684986,16.79197289255795,3.765119081499471,3.5048670843003613
2017-08-18,2017-07-01,2017-08-02,46651000000.0,223507000000.0,21323463000.0,2.1877778482791466,2.1877778482791466,39.375,36.6533317565918,17.99771399594864,17.99771399594864,16.753680811524088,3.7565327064700433,3.4968746551043597
2017-08-21,2017-07-01,2017-08-02,46651000000.0,223507000000.0,21323463000.0,2.1877778482791466,2.1877778482791466,39.3025016784668,36.585845947265625,17.96457611515776,17.96457611515776,16.72283407387234,3.749616076222331,3.490436238597532
2017-08-22,2017-07-01,2017-08-02,46651000000.0,223507000000.0,21323463000.0,2.1877778482791466,2.1877778482791466,39.94499969482422,37.18392562866211,18.258252192398782,18.258252192398782,16.99620720536598,3.810912960343951,3.5474954356576225
2017-08-23,2017-07-01,2017-08-02,46651000000.0,223507000000.0,21323463000.0,2.1877778482791466,2.1877778482791466,39.994998931884766,37.230464935302734,18.28110608366561,18.28110608366561,17.01747961502916,3.815683087818656,3.551935471912402
2017-08-24,2017-07-01,2017-08-02,46651000000.0,223507000000.0,21323463000.0,2.1877778482791466,2.1877778482791466,39.817501068115234,37.06524658203125,18.19997450812235,18.19997450812235,16.941960817084734,3.798749080692845,3.5361729792705368
2017-08-25,2017-07-01,2017-08-02,46651000000.0,223507000000.0,21323463000.0,2.1877778482791466,2.1877778482791466,39.96500015258789,37.20254135131836,18.26739409763354,18.26739409763354,17.00471616923125,3.812821084121313,3.549271450159534
2017-08-28,2017-07-01,2017-08-02,46651000000.0,223507000000.0,21323463000.0,2.1877778482791466,2.1877778482791466,40.36750030517578,37.57721710205078,18.45137079933773,18.45137079933773,17.17597475978108,3.8512212107893915,3.585017017447092
2017-08-29,2017-07-01,2017-08-02,46651000000.0,223507000000.0,21323463000.0,2.1877778482791466,2.1877778482791466,40.727500915527344,37.91233444213867,18.615921606283113,18.615921606283113,17.329151802117202,3.8855667109071006,3.6169885539180857
2017-08-30,2017-07-01,2017-08-02,46651000000.0,223507000000.0,21323463000.0,2.1877778482791466,2.1877778482791466,40.837501525878906,38.014732360839844,18.66620121325422,18.66620121325422,17.37595633429661,3.8960612097138902,3.6267577254907946
2017-08-31,2017-07-01,2017-08-02,46651000000.0,223507000000.0,21323463000.0,2.1877778482791466,2.1877778482791466,41.0,38.166015625,18.740476795781444,18.740476795781444,17.445105614823035,3.9115642149910292,3.641190754818012
2017-09-01,2017-07-01,2017-08-02,46651000000.0,223507000000.0,21323463000.0,2.1877778482791466,2.1877778482791466,41.01250076293945,38.17763900756836,18.746190704508184,18.746190704508184,17.450418486318423,3.912756837844055,3.642299672069513
2017-09-05,2017-07-01,2017-08-02,46651000000.0,223507000000.0,21323463000.0,2.1877778482791466,2.1877778482791466,40.52000045776367,37.71918869018555,18.521076301067648,18.521076301067648,17.240867814734735,3.8657703361465487,3.5985616755859544
2017-09-06,2017-07-01,2017-08-02,46651000000.0,223507000000.0,21323463000.0,2.1877778482791466,2.1877778482791466,40.477500915527344,37.67961502075195,18.501650406308837,18.501650406308837,17.222779291960485,3.86171570959618,3.5947861890198003
2017-09-07,2017-07-01,2017-08-02,46651000000.0,223507000000.0,21323463000.0,2.1877778482791466,2.1877778482791466,40.314998626708984,37.528343200683594,18.427373080141475,18.427373080141475,17.15363524235447,3.846212340381643,3.580354251504777
2017-09-08,2017-07-01,2017-08-02,46651000000.0,223507000000.0,21323463000.0,2.1877778482791466,2.1877778482791466,39.657501220703125,36.916297912597656,18.12684100988442,18.12684100988442,16.87387864432174,3.7834844544113513,3.5219626796308545
2017-09-11,2017-07-01,2017-08-02,46651000000.0,223507000000.0,21323463000.0,2.1877778482791466,2.1877778482791466,40.375,37.584205627441406,18.45479879584575,18.45479879584575,17.17916910851083,3.851936711713727,3.5856837507601043
2017-09-12,2017-07-01,2017-08-02,46651000000.0,223507000000.0,21323463000.0,2.1877778482791466,2.1877778482791466,40.21500015258789,37.435264587402344,18.381665297607817,18.381665297607817,17.111090423028106,3.836672085432234,3.5714741789952176
2017-09-13,2017-07-01,2017-08-02,46651000000.0,223507000000.0,21323463000.0,2.1877778482791466,2.1877778482791466,39.912498474121094,37.1536750793457,18.243396378437282,18.243396378437282,16.982380139084913,3.807812213713564,3.544609412092016
2017-09-14,2017-07-01,2017-08-02,46651000000.0,223507000000.0,21323463000.0,2.1877778482791466,2.1877778482791466,39.56999969482422,36.8348503112793,18.086845392437368,18.086845392437368,16.836650183771038,3.7751364583775695,3.514192252247592
2017-09-15,2017-07-01,2017-08-02,46651000000.0,223507000000.0,21323463000.0,2.1877778482791466,2.1877778482791466,39.970001220703125,37.20720291137695,18.269680009852266,18.269680009852266,17.006846897477843,3.8132982060500025,3.549716181659808
2017-09-18,2017-07-01,2017-08-02,46651000000.0,223507000000.0,21323463000.0,2.1877778482791466,2.1877778482791466,39.66749954223633,36.92560577392578,18.13141109068173,18.13141109068173,16.878133126254376,3.7844383343313335,3.5228506868818106
2017-09-19,2017-07-01,2017-08-02,46651000000.0,223507000000.0,21323463000.0,2.1877778482791466,2.1877778482791466,39.682498931884766,36.9395751953125,18.138267083697766,18.138267083697766,16.8845183364336,3.785869336180005,3.5241834256330398
2017-09-20,2017-07-01,2017-08-02,46651000000.0,223507000000.0,21323463000.0,2.1877778482791466,2.1877778482791466,39.01750183105469,36.32053756713867,17.83430701693269,17.83430701693269,16.601565646030988,3.7224259492853777,3.4651247565087067
2017-09-21,2017-07-01,2017-08-02,46651000000.0,223507000000.0,21323463000.0,2.1877778482791466,2.1877778482791466,38.34749984741211,35.69684982299805,17.528059294308758,17.528059294308758,16.31648745830219,3.6585050765246625,3.405622447696293
2017-09-22,2017-07-01,2017-08-02,46651000000.0,223507000000.0,21323463000.0,2.1877778482791466,2.1877778482791466,37.97249984741211,35.3477668762207,17.35665249434734,17.35665249434734,16.156926949426975,3.622728574558281,3.372318536411467
2017-09-25,2017-07-01,2017-08-02,46651000000.0,223507000000.0,21323463000.0,2.1877778482791466,2.1877778482791466,37.63750076293945,35.035919189453125,17.203529504855442,17.203529504855442,16.01438611192244,3.5907683201466227,3.342567018067862
2017-09-26,2017-07-01,2017-08-02,46651000000.0,223507000000.0,21323463000.0,2.1877778482791466,2.1877778482791466,38.28499984741211,35.63866424560547,17.499491494315187,17.499491494315187,16.289891715302804,3.652542326196932,3.400071310565625
2017-09-27,2017-07-01,2017-08-02,46651000000.0,223507000000.0,21323463000.0,2.1877778482791466,2.1877778482791466,38.557498931884766,35.892333984375,17.624046683813518,17.624046683813518,16.40584029708823,3.6785398302808607,3.424272419653357
2017-09-28,2017-07-01,2017-08-02,46651000000.0,223507000000.0,21323463000.0,2.1877778482791466,2.1877778482791466,38.31999969482422,35.67123794555664,17.515489392565982,17.515489392565982,16.304780658426896,3.655881451822965,3.4031789720065726
2017-09-29,2017-07-01,2017-08-02,46651000000.0,223507000000.0,21323463000.0,2.1877778482791466,2.1877778482791466,38.529998779296875,35.86672592163086,17.611476782070742,17.611476782070742,16.39413524085307,3.6759162055791634,3.4218293079010342
2017-10-02,2017-07-01,2017-08-02,46651000000.0,223507000000.0,21323463000.0,2.1877778482791466,2.1877778482791466,38.45249938964844,35.79457473754883,17.576052989061136,17.576052989061136,16.361156031314597,3.6685224534027614,3.414945795956535
2017-10-03,2017-07-01,2017-08-02,46651000000.0,223507000000.0,21323463000.0,2.1877778482791466,2.1877778482791466,38.619998931884766,35.95051574707031,17.65261448380709,17.65261448380709,16.432434296447475,3.684502580608591,3.4298231928466274
2017-10-04,2017-07-01,2017-08-02,46651000000.0,223507000000.0,21323463000.0,2.1877778482791466,2.1877778482791466,38.369998931884766,35.717796325683594,17.53834328383281,17.53834328383281,16.326061786290758,3.66065157929767,3.4076208279483415
2017-10-05,2017-07-01,2017-08-02,46651000000.0,223507000000.0,21323463000.0,2.1877778482791466,2.1877778482791466,38.84749984741211,36.16228485107422,17.756601694257313,17.756601694257313,16.529230734975492,3.706207079146504,3.450026813555466
2017-10-06,2017-07-01,2017-08-02,46651000000.0,223507000000.0,21323463000.0,2.1877778482791466,2.1877778482791466,38.82500076293945,36.1413459777832,17.746317704733258,17.746317704733258,16.519659894267196,3.704060576373497,3.4480291611782135
2017-10-09,2017-07-01,2017-08-02,46651000000.0,223507000000.0,21323463000.0,2.1877778482791466,2.1877778482791466,38.959999084472656,36.26701354980469,17.80802338551771,17.80802338551771,16.577100631278192,3.7169399569489396,3.460018350878312
2017-10-10,2017-07-01,2017-08-02,46651000000.0,223507000000.0,21323463000.0,2.1877778482791466,2.1877778482791466,38.974998474121094,36.280975341796875,17.814879378533742,17.814879378533742,16.583482354177146,3.7183709587976104,3.461350361754746
2017-10-11,2017-07-01,2017-08-02,46651000000.0,223507000000.0,21323463000.0,2.1877778482791466,2.1877778482791466,39.13750076293945,36.432247161865234,17.889156704701104,17.889156704701104,16.652626403783163,3.7338743280121482,3.475782299269769
2017-10-12,2017-07-01,2017-08-02,46651000000.0,223507000000.0,21323463000.0,2.1877778482791466,2.1877778482791466,39.0,36.30424499511719,17.826307195987226,17.826307195987226,16.594118559008738,3.720756204503662,3.463570379882136
2017-10-13,2017-07-01,2017-08-02,46651000000.0,223507000000.0,21323463000.0,2.1877778482791466,2.1877778482791466,39.247501373291016,36.53464889526367,17.93943631167221,17.93943631167221,16.699432679602708,3.744368826818937,3.485551834779876
2017-10-16,2017-07-01,2017-08-02,46651000000.0,223507000000.0,21323463000.0,2.1877778482791466,2.1877778482791466,39.970001220703125,37.20720291137695,18.269680009852266,18.269680009852266,17.006846897477843,3.8132982060500025,3.549716181659808
2017-10-17,2017-07-01,2017-08-02,46651000000.0,223507000000.0,21323463000.0,2.1877778482791466,2.1877778482791466,40.11750030517578,37.34450912475586,18.337099599363455,18.337099599363455,17.069607480544768,3.8273702094784707,3.5628157443609996
2017-10-18,2017-07-01,2017-08-02,46651000000.0,223507000000.0,21323463000.0,2.1877778482791466,2.1877778482791466,39.939998626708984,37.17926788330078,18.255966280180058,18.255966280180058,16.994078220759526,3.8104358384152612,3.547051068094747
2017-10-19,2017-07-01,2017-08-02,46651000000.0,223507000000.0,21323463000.0,2.1877778482791466,2.1877778482791466,38.994998931884766,36.29958724975586,17.824021283768502,17.824021283768502,16.591989574402284,3.7202790825749723,3.4631260123192598
2017-10-20,2017-07-01,2017-08-02,46651000000.0,223507000000.0,21323463000.0,2.1877778482791466,2.1877778482791466,39.0625,36.3624267578125,17.854874995980794,17.854874995980794,16.620712558367984,3.726718954831392,3.469121153075406
2017-10-23,2017-07-01,2017-08-02,46651000000.0,223507000000.0,21323463000.0,2.1877778482791466,2.1877778482791466,39.04249954223633,36.34381103515625,17.845733090746037,17.845733090746037,16.612203594502713,3.724810831054031,3.4673451385734944
2017-10-24,2017-07-01,2017-08-02,46651000000.0,223507000000.0,21323463000.0,2.1877778482791466,2.1877778482791466,39.275001525878906,36.56024169921875,17.952006213414986,17.952006213414986,16.71113076127732,3.7469924515206343,3.487993490782607
2017-10-25,2017-07-01,2017-08-02,46651000000.0,223507000000.0,21323463000.0,2.1877778482791466,2.1877778482791466,39.102500915527344,36.3996696472168,17.873158806450313,17.873158806450313,16.637735717018938,3.7305352023861147,3.4726742738914234
2017-10-26,2017-07-01,2017-08-02,46651000000.0,223507000000.0,21323463000.0,2.1877778482791466,2.1877778482791466,39.352500915527344,36.63237380981445,17.98743000642459,17.98743000642459,16.744101252615113,3.754386203697036,3.4948751830401177
2017-10-27,2017-07-01,2017-08-02,46651000000.0,223507000000.0,21323463000.0,2.1877778482791466,2.1877778482791466,40.76250076293945,37.944915771484375,18.631919504533908,18.631919504533908,17.344044232521565,3.888905836533134,3.6200969432338295
2017-10-30,2017-07-01,2017-08-02,46651000000.0,223507000000.0,21323463000.0,2.1877778482791466,2.1877778482791466,41.68000030517578,38.79899978637695,19.051294599202688,19.051294599202688,17.73443305356406,3.976438967671726,3.7015799790691877
2017-10-31,2017-07-01,2017-08-02,46651000000.0,223507000000.0,21323463000.0,2.1877778482791466,2.1877778482791466,42.2599983215332,39.338897705078125,19.31640287645014,19.31640287645014,17.98121218569845,4.031773101465616,3.7530884029360077
2017-11-01,2017-07-01,2017-08-02,46651000000.0,223507000000.0,21323463000.0,2.1877778482791466,2.1877778482791466,41.72249984741211,38.83856201171875,19.0707204939615,19.0707204939615,17.7525163454179,3.9804935942220947,3.705354373823148
2017-11-02,2017-07-01,2017-08-02,46651000000.0,223507000000.0,21323463000.0,2.1877778482791466,2.1877778482791466,42.02750015258789,39.12248229980469,19.210131497421326,19.210131497421326,17.88229199348439,4.00959184493641,3.732441506476487
2017-11-03,2017-09-30,2017-11-03,48351000000.0,229234000000.0,21074874000.0,2.294248591948877,2.294248591948877,43.125,40.14411926269531,18.797004017497052,18.797004017497052,17.497719908632224,3.964743193636197,3.6906927214212404
2017-11-06,2017-09-30,2017-11-03,48351000000.0,229234000000.0,21074874000.0,2.294248591948877,2.294248591948877,43.5625,40.5513801574707,18.987698261152822,18.987698261152822,17.675233756174542,4.004965226035405,3.7281346892031513
2017-11-07,2017-09-30,2017-11-03,48351000000.0,229234000000.0,21074874000.0,2.294248591948877,2.294248591948877,43.70249938964844,40.68170166015625,19.04872015308717,19.04872015308717,17.73203732277272,4.017836220289825,3.740115936525052
2017-11-08,2017-09-30,2017-11-03,48351000000.0,229234000000.0,21074874000.0,2.294248591948877,2.294248591948877,44.060001373291016,41.014488220214844,19.2045454568041,19.2045454568041,17.877089851616557,4.050703549132916,3.7707110263552184
2017-11-09,2017-09-30,2017-11-03,48351000000.0,229234000000.0,21074874000.0,2.294248591948877,2.294248591948877,43.970001220703125,40.93070602416992,19.165316860171757,19.165316860171757,17.84057149160146,4.042429288439606,3.763008420175114
2017-11-10,2017-09-30,2017-11-03,48351000000.0,229234000000.0,21074874000.0,2.294248591948877,2.294248591948877,43.66749954223633,40.79524612426758,19.03346468010358,19.03346468010358,17.781528238669885,4.014618471726219,3.750554768786164
2017-11-13,2017-09-30,2017-11-03,48351000000.0,229234000000.0,21074874000.0,2.294248591948877,2.294248591948877,43.49250030517578,40.63176345825195,18.957187315185646,18.957187315185646,17.710270631020336,3.9985297289081947,3.7355248142965882
2017-11-14,2017-09-30,2017-11-03,48351000000.0,229234000000.0,21074874000.0,2.294248591948877,2.294248591948877,42.834999084472656,40.01750183105469,18.67060057693484,18.67060057693484,17.442530844951435,3.938081647990161,3.679052011849232
2017-11-15,2017-09-30,2017-11-03,48351000000.0,229234000000.0,21074874000.0,2.294248591948877,2.294248591948877,42.27000045776367,39.48967361450195,18.42433318085069,18.42433318085069,17.21246501058413,3.8861378924038834,3.6305255578437454
2017-11-16,2017-09-30,2017-11-03,48351000000.0,229234000000.0,21074874000.0,2.294248591948877,2.294248591948877,42.775001525878906,39.961448669433594,18.64444928766118,18.64444928766118,17.41809881007178,3.932565708000147,3.6738987042313997
2017-11-17,2017-09-30,2017-11-03,48351000000.0,229234000000.0,21074874000.0,2.294248591948877,2.294248591948877,42.537498474121094,39.73957443237305,18.540928225213424,18.540928225213424,17.321389919047867,3.9107306098453734,3.653500457942031
2017-11-20,2017-09-30,2017-11-03,48351000000.0,229234000000.0,21074874000.0,2.294248591948877,2.294248591948877,42.494998931884766,39.69987487792969,18.52240384107063,18.52240384107063,17.30408597274376,3.9068233687830163,3.6498506367647625
2017-11-21,2017-09-30,2017-11-03,48351000000.0,229234000000.0,21074874000.0,2.294248591948877,2.294248591948877,43.28499984741211,40.43790817260742,18.866743560096573,18.866743560096573,17.625774431992546,3.979452951456719,3.7177025203995555
2017-11-22,2017-09-30,2017-11-03,48351000000.0,229234000000.0,21074874000.0,2.294248591948877,2.294248591948877,43.7400016784668,40.86298370361328,19.06506637160506,19.06506637160506,17.811053190579372,4.021284033491875,3.7567822958972195
2017-11-24,2017-09-30,2017-11-03,48351000000.0,229234000000.0,21074874000.0,2.294248591948877,2.294248591948877,43.74250030517578,40.86530685424805,19.066155454417512,19.066155454417512,17.812065788186676,4.021513747422028,3.7569958772460192
2017-11-27,2017-09-30,2017-11-03,48351000000.0,229234000000.0,21074874000.0,2.294248591948877,2.294248591948877,43.522499084472656,40.65977096557617,18.970262959822477,18.970262959822477,17.722478334850905,4.001287698903202,3.7380997145640533
2017-11-28,2017-09-30,2017-11-03,48351000000.0,229234000000.0,21074874000.0,2.294248591948877,2.294248591948877,43.26750183105469,40.42155075073242,18.859116654965707,18.859116654965707,17.61864468069515,3.9778442525290614,3.7161986832507012
2017-11-29,2017-09-30,2017-11-03,48351000000.0,229234000000.0,21074874000.0,2.294248591948877,2.294248591948877,42.369998931884766,39.58308410644531,18.467919771454696,18.467919771454696,17.253180080551335,3.8953313595260997,3.6391133517485956
2017-11-30,2017-09-30,2017-11-03,48351000000.0,229234000000.0,21074874000.0,2.294248591948877,2.294248591948877,42.962501525878906,40.136627197265625,18.72617539208508,18.72617539208508,17.494454322916717,3.9498037218855218,3.6900039303390693
2017-12-01,2017-09-30,2017-11-03,48351000000.0,229234000000.0,21074874000.0,2.294248591948877,2.294248591948877,42.76250076293945,39.94976806640625,18.639000548155217,18.639000548155217,17.413007555763798,3.931416436932797,3.6728248354464665
2017-12-04,2017-09-30,2017-11-03,48351000000.0,229234000000.0,21074874000.0,2.294248591948877,2.294248591948877,42.45000076293945,39.657840728759766,18.50279037411538,18.50279037411538,17.285764440666796,3.9026864137905055,3.6459861821138233
2017-12-05,2017-09-30,2017-11-03,48351000000.0,229234000000.0,21074874000.0,2.294248591948877,2.294248591948877,42.40999984741211,39.62046813964844,18.48535507278504,18.48535507278504,17.269474754691842,3.8990088866583035,3.642550292993645
2017-12-06,2017-09-30,2017-11-03,48351000000.0,229234000000.0,21074874000.0,2.294248591948877,2.294248591948877,42.252498626708984,39.47331619262695,18.41670461299797,18.41670461299797,17.20533525928673,3.8845288427679354,3.629021720694891
2017-12-07,2017-09-30,2017-11-03,48351000000.0,229234000000.0,21074874000.0,2.294248591948877,2.294248591948877,42.33000183105469,39.545719146728516,18.450486132846205,18.450486132846205,17.23689372002008,3.8916541831021876,3.6356781640449976
2017-12-08,2017-09-30,2017-11-03,48351000000.0,229234000000.0,21074874000.0,2.294248591948877,2.294248591948877,42.342498779296875,39.557395935058594,18.455933209630317,18.455933209630317,17.241983311606216,3.892803103461247,3.63675168212164
2017-12-11,2017-09-30,2017-11-03,48351000000.0,229234000000.0,21074874000.0,2.294248591948877,2.294248591948877,43.16749954223633,40.32814025878906,18.81552840163985,18.81552840163985,17.577929610727946,3.9686504346985534,3.7076108893458515
2017-12-12,2017-09-30,2017-11-03,48351000000.0,229234000000.0,21074874000.0,2.294248591948877,2.294248591948877,42.92499923706055,40.10158157348633,18.70982917356719,18.70982917356719,17.479178897270916,3.946355908683473,3.68678197327598
2017-12-13,2017-09-30,2017-11-03,48351000000.0,229234000000.0,21074874000.0,2.294248591948877,2.294248591948877,43.067501068115234,40.234703063964844,18.77194181103584,18.77194181103584,17.537202901707783,3.959456967576337,3.6990206404829693
2017-12-14,2017-09-30,2017-11-03,48351000000.0,229234000000.0,21074874000.0,2.294248591948877,2.294248591948877,43.05500030517578,40.22303771972656,18.76649307152988,18.76649307152988,17.532118298287205,3.958307696508987,3.6979481745311977
2017-12-15,2017-09-30,2017-11-03,48351000000.0,229234000000.0,21074874000.0,2.294248591948877,2.294248591948877,43.49250030517578,40.63176345825195,18.957187315185646,18.957187315185646,17.710270631020336,3.9985297289081947,3.7355248142965882
2017-12-18,2017-09-30,2017-11-03,48351000000.0,229234000000.0,21074874000.0,2.294248591948877,2.294248591948877,44.10499954223633,41.2039794921875,19.22415892375935,19.22415892375935,17.959683896846716,4.054840504125427,3.7881321099681355
2017-12-19,2017-09-30,2017-11-03,48351000000.0,229234000000.0,21074874000.0,2.294248591948877,2.294248591948877,43.6349983215332,40.764892578125,19.019298289932447,19.019298289932447,17.768297960900902,4.0116304370927685,3.7477641829201582
2017-12-20,2017-09-30,2017-11-03,48351000000.0,229234000000.0,21074874000.0,2.294248591948877,2.294248591948877,43.587501525878906,40.720516204833984,18.99859574016475,18.99859574016475,17.74895551760738,4.007263768170104,3.7436843933789685
2017-12-21,2017-09-30,2017-11-03,48351000000.0,229234000000.0,21074874000.0,2.294248591948877,2.294248591948877,43.752498626708984,40.874656677246094,19.07051344838917,19.07051344838917,17.816141119443653,4.022432953850934,3.757855463265572
2017-12-22,2017-09-30,2017-11-03,48351000000.0,229234000000.0,21074874000.0,2.294248591948877,2.294248591948877,43.752498626708984,40.874656677246094,19.07051344838917,19.07051344838917,17.816141119443653,4.022432953850934,3.757855463265572
2017-12-26,2017-09-30,2017-11-03,48351000000.0,229234000000.0,21074874000.0,2.294248591948877,2.294248591948877,42.64250183105469,39.837650299072266,18.58669630688604,18.58669630688604,17.364138497838933,3.9203842062444787,3.6625171680859308
2017-12-27,2017-09-30,2017-11-03,48351000000.0,229234000000.0,21074874000.0,2.294248591948877,2.294248591948877,42.650001525878906,39.844669342041016,18.589965218045247,18.589965218045247,17.367197906044908,3.9210736987432306,3.663162471340103
2017-12-28,2017-09-30,2017-11-03,48351000000.0,229234000000.0,21074874000.0,2.294248591948877,2.294248591948877,42.77000045776367,39.956783294677734,18.642269459314424,18.642269459314424,17.41606530124792,3.9321059294315495,3.673469787992349
2017-12-29,2017-09-30,2017-11-03,48351000000.0,229234000000.0,21074874000.0,2.294248591948877,2.294248591948877,42.307498931884766,39.52470016479492,18.44067773664673,18.44067773664673,17.227732122620676,3.8895853548976413,3.6337457613653834
2018-01-02,2017-09-30,2017-11-03,48351000000.0,229234000000.0,21074874000.0,2.294248591948877,2.294248591948877,43.064998626708984,40.23237991333008,18.77085106550154,18.77085106550154,17.53619030410048,3.959226902937893,3.6988070591341695
2018-01-03,2017-09-30,2017-11-03,48351000000.0,229234000000.0,21074874000.0,2.294248591948877,2.294248591948877,43.057498931884766,40.22537612915039,18.767582154342332,18.767582154342332,17.533137546781912,3.9585374104391406,3.6981631587131583
2018-01-04,2017-09-30,2017-11-03,48351000000.0,229234000000.0,21074874000.0,2.294248591948877,2.294248591948877,43.25749969482422,40.41221237182617,18.854756998272194,18.854756998272194,17.614574337603727,3.9769246953918653,3.7153401493560194
2018-01-05,2017-09-30,2017-11-03,48351000000.0,229234000000.0,21074874000.0,2.294248591948877,2.294248591948877,43.75,40.87232208251953,19.06942436557672,19.06942436557672,17.815123533670796,4.022203239920779,3.7576408297919013
2018-01-08,2017-09-30,2017-11-03,48351000000.0,229234000000.0,21074874000.0,2.294248591948877,2.294248591948877,43.587501525878906,40.720516204833984,18.99859574016475,18.99859574016475,17.74895551760738,4.007263768170104,3.7436843933789685
2018-01-09,2017-09-30,2017-11-03,48351000000.0,229234000000.0,21074874000.0,2.294248591948877,2.294248591948877,43.58250045776367,40.71583938598633,18.99641591181799,18.99641591181799,17.746917020617964,4.006803989601506,3.7432544250150466
2018-01-10,2017-09-30,2017-11-03,48351000000.0,229234000000.0,21074874000.0,2.294248591948877,2.294248591948877,43.5724983215332,40.70649719238281,18.99205625512448,18.99205625512448,17.74284501480469,4.005884432464311,3.742395540412075
2018-01-11,2017-09-30,2017-11-03,48351000000.0,229234000000.0,21074874000.0,2.294248591948877,2.294248591948877,43.81999969482422,40.937713623046875,19.099935311543895,19.099935311543895,17.843625911641876,4.02863873704799,3.7636526713044156
2018-01-12,2017-09-30,2017-11-03,48351000000.0,229234000000.0,21074874000.0,2.294248591948877,2.294248591948877,44.272499084472656,41.36045455932617,19.29716737751808,19.29716737751808,18.027887084455845,4.070239754444701,3.8025178133284094
2018-01-16,2017-09-30,2017-11-03,48351000000.0,229234000000.0,21074874000.0,2.294248591948877,2.294248591948877,44.04750061035156,41.1502685546875,19.19909671729814,19.19909671729814,17.93627277318362,4.049554278065568,3.783194137240554
2018-01-17,2017-09-30,2017-11-03,48351000000.0,229234000000.0,21074874000.0,2.294248591948877,2.294248591948877,44.775001525878906,41.82990264892578,19.516194401516117,19.516194401516117,18.23250662361434,4.116437856110811,3.845677027658973
2018-01-18,2017-09-30,2017-11-03,48351000000.0,229234000000.0,21074874000.0,2.294248591948877,2.294248591948877,44.814998626708984,41.867271423339844,19.533628040124608,19.533628040124608,18.248794646867445,4.120115032534724,3.8491125660708616
2018-01-19,2017-09-30,2017-11-03,48351000000.0,229234000000.0,21074874000.0,2.294248591948877,2.294248591948877,44.6150016784668,41.6804313659668,19.446454858916596,19.446454858916596,18.16735619332378,4.10172809829029,3.831935224719711
2018-01-22,2017-09-30,2017-11-03,48351000000.0,229234000000.0,21074874000.0,2.294248591948877,2.294248591948877,44.25,41.339420318603516,19.287360644040454,19.287360644040454,18.018718836169032,4.068171276948446,3.800584007815633
2018-01-23,2017-09-30,2017-11-03,48351000000.0,229234000000.0,21074874000.0,2.294248591948877,2.294248591948877,44.2599983215332,41.34877014160156,19.291718638012114,19.291718638012114,18.022794167426014,4.069090483377351,3.8014435938351863
2018-01-24,2017-09-30,2017-11-03,48351000000.0,229234000000.0,21074874000.0,2.294248591948877,2.294248591948877,43.55500030517578,40.69014358520508,18.98442934999361,18.98442934999361,17.73571692622914,4.0042757335366534,3.7408920539715105
2018-01-25,2017-09-30,2017-11-03,48351000000.0,229234000000.0,21074874000.0,2.294248591948877,2.294248591948877,42.77750015258789,39.96378707885742,18.64553837047363,18.64553837047363,17.419118058566486,3.9327954219303005,3.6741136884133607
2018-01-26,2017-09-30,2017-11-03,48351000000.0,229234000000.0,21074874000.0,2.294248591948877,2.294248591948877,42.877498626708984,40.057193756103516,18.68912496107764,18.68912496107764,17.459831465811842,3.941988889052518,3.682701131609919
2018-01-29,2017-09-30,2017-11-03,48351000000.0,229234000000.0,21074874000.0,2.294248591948877,2.294248591948877,41.9900016784668,39.228092193603516,18.30228939698199,18.30228939698199,17.098448847812406,3.8603959038950433,3.606476788960528
2018-01-30,2017-09-30,2017-11-03,48351000000.0,229234000000.0,21074874000.0,2.294248591948877,2.294248591948877,41.74250030517578,38.996856689453125,18.194410340562577,18.194410340562577,16.997659637365963,3.8376415993113637,3.585217904526736
2018-01-31,2017-09-30,2017-11-03,48351000000.0,229234000000.0,21074874000.0,2.294248591948877,2.294248591948877,41.85749816894531,39.10430908203125,18.244534753485,18.244534753485,17.044495186466968,3.8482140514310843,3.595096655648221
2018-02-01,2017-09-30,2017-11-03,48351000000.0,229234000000.0,21074874000.0,2.294248591948877,2.294248591948877,41.94499969482422,39.18605041503906,18.28267426730489,18.28267426730489,17.080123990291742,3.856258598194242,3.6026116328930087
2018-02-02,2017-12-30,2018-02-02,50525000000.0,239176000000.0,20904666000.0,2.41692452775854,2.41692452775854,40.125,37.48576354980469,16.60167685799109,16.60167685799109,15.509695532184885,3.50703968312038,3.2763628740494086
2018-02-05,2017-12-30,2018-02-02,50525000000.0,239176000000.0,20904666000.0,2.41692452775854,2.41692452775854,39.122501373291016,36.549198150634766,16.186894097836515,16.186894097836515,15.122192576087826,3.4194184378582717,3.1945043813210248
2018-02-06,2017-12-30,2018-02-02,50525000000.0,239176000000.0,20904666000.0,2.41692452775854,2.41692452775854,40.75749969482422,38.0766487121582,16.863372946371147,16.863372946371147,15.754173651202322,3.562321964224681,3.3280079260753475
2018-02-07,2017-12-30,2018-02-02,50525000000.0,239176000000.0,20904666000.0,2.41692452775854,2.41692452775854,39.8849983215332,37.26154708862305,16.502376414096233,16.502376414096233,15.416926205461397,3.486062850462472,3.256765714498684
2018-02-08,2017-12-30,2018-02-02,50525000000.0,239176000000.0,20904666000.0,2.41692452775854,2.41692452775854,38.787498474121094,36.2362174987793,16.048286998060586,16.048286998060586,14.992697158146196,3.390138226983523,3.1671489778043647
2018-02-09,2017-12-30,2018-02-02,50525000000.0,239176000000.0,20904666000.0,2.41692452775854,2.41692452775854,39.102500915527344,36.67946243286133,16.178618929318027,16.178618929318027,15.176089286858257,3.4176703406854925,3.2058898519020027
2018-02-12,2017-12-30,2018-02-02,50525000000.0,239176000000.0,20904666000.0,2.41692452775854,2.41692452775854,40.6775016784668,38.15686798095703,16.8302738506242,16.8302738506242,15.787364289915903,3.5553299089490076,3.3350193194467717
2018-02-13,2017-12-30,2018-02-02,50525000000.0,239176000000.0,20904666000.0,2.41692452775854,2.41692452775854,41.084999084472656,38.53909683227539,16.99887547691651,16.99887547691651,15.94551107808758,3.5909463469211236,3.368427213517974
2018-02-14,2017-12-30,2018-02-02,50525000000.0,239176000000.0,20904666000.0,2.41692452775854,2.41692452775854,41.842498779296875,39.249664306640625,17.312290184791863,17.312290184791863,16.23950762874703,3.657153985293712,3.4305328416832954
2018-02-15,2017-12-30,2018-02-02,50525000000.0,239176000000.0,20904666000.0,2.41692452775854,2.41692452775854,43.247501373291016,40.56760025024414,17.893608541181393,17.893608541181393,16.7848022494383,3.7799552277117683,3.5457242100079864
2018-02-16,2017-12-30,2018-02-02,50525000000.0,239176000000.0,20904666000.0,2.41692452775854,2.41692452775854,43.10749816894531,40.43626403808594,17.83568236155197,17.83568236155197,16.730462028777787,3.7677185475023136,3.5342450496872506
2018-02-20,2017-12-30,2018-02-02,50525000000.0,239176000000.0,20904666000.0,2.41692452775854,2.41692452775854,42.962501525878906,40.30026626586914,17.77569015186519,17.77569015186519,16.674193092509878,3.7550454264766904,3.5223584556939724
2018-02-21,2017-12-30,2018-02-02,50525000000.0,239176000000.0,20904666000.0,2.41692452775854,2.41692452775854,42.76750183105469,40.11736297607422,17.695009231718686,17.695009231718686,16.59851704731514,3.7380018958113967,3.506372185401535
2018-02-22,2017-12-30,2018-02-02,50525000000.0,239176000000.0,20904666000.0,2.41692452775854,2.41692452775854,43.125,40.452693939208984,17.842923725878276,17.842923725878276,16.737259883214016,3.769248257559287,3.535681070004466
2018-02-23,2017-12-30,2018-02-02,50525000000.0,239176000000.0,20904666000.0,2.41692452775854,2.41692452775854,43.875,41.15620422363281,18.15323544285007,18.15323544285007,17.028336528903182,3.8348004011690136,3.5971698795984266
2018-02-26,2017-12-30,2018-02-02,50525000000.0,239176000000.0,20904666000.0,2.41692452775854,2.41692452775854,44.74250030517578,41.969974517822266,18.51216278841361,18.51216278841361,17.365033138517276,3.9106224072841664,3.6682957291851417
2018-02-27,2017-12-30,2018-02-02,50525000000.0,239176000000.0,20904666000.0,2.41692452775854,2.41692452775854,44.59749984741211,41.83394241333008,18.452169000399824,18.452169000399824,17.30874999730627,3.8979489528430995,3.656406134452868
2018-02-28,2017-12-30,2018-02-02,50525000000.0,239176000000.0,20904666000.0,2.41692452775854,2.41692452775854,44.529998779296875,41.770626068115234,18.424240503940798,18.424240503940798,17.282552925578273,3.8920491665618995,3.6508721049137134
2018-03-01,2017-12-30,2018-02-02,50525000000.0,239176000000.0,20904666000.0,2.41692452775854,2.41692452775854,43.75,41.03895950317383,18.101516823354775,18.101516823354775,16.979826648221174,3.823875043900726,3.5869223559277468
2018-03-02,2017-12-30,2018-02-02,50525000000.0,239176000000.0,20904666000.0,2.41692452775854,2.41692452775854,44.0525016784668,41.322731018066406,18.22667657699728,18.22667657699728,17.097236816239842,3.850314555192778,3.6117247973898645
2018-03-05,2017-12-30,2018-02-02,50525000000.0,239176000000.0,20904666000.0,2.41692452775854,2.41692452775854,44.20500183105469,41.465763092041016,18.28977335591463,18.28977335591463,17.156416187515976,3.8636435043967063,3.6242262094618383
2018-03-06,2017-12-30,2018-02-02,50525000000.0,239176000000.0,20904666000.0,2.41692452775854,2.41692452775854,44.16749954223633,41.43060302734375,18.27425682306983,18.27425682306983,17.14186874745591,3.8603656971669533,3.6211531193146884
2018-03-07,2017-12-30,2018-02-02,50525000000.0,239176000000.0,20904666000.0,2.41692452775854,2.41692452775854,43.75749969482422,41.04600143432617,18.10461981425833,18.10461981425833,16.982740239883412,3.8245305386635877,3.5875378408373315
2018-03-08,2017-12-30,2018-02-02,50525000000.0,239176000000.0,20904666000.0,2.41692452775854,2.41692452775854,44.23500061035156,41.49391174316406,18.302185319528856,18.302185319528856,17.168062662529884,3.8662654834481534,3.626686482022956
2018-03-09,2017-12-30,2018-02-02,50525000000.0,239176000000.0,20904666000.0,2.41692452775854,2.41692452775854,44.994998931884766,42.206809997558594,18.616633831596392,18.616633831596392,17.463023570993037,3.9326915089365477,3.6889958270245478
2018-03-12,2017-12-30,2018-02-02,50525000000.0,239176000000.0,20904666000.0,2.41692452775854,2.41692452775854,45.43000030517578,42.6148567199707,18.79661519563776,18.79661519563776,17.631852476374924,3.9707118722597494,3.7246602768205967
2018-03-13,2017-12-30,2018-02-02,50525000000.0,239176000000.0,20904666000.0,2.41692452775854,2.41692452775854,44.99250030517578,42.204471588134766,18.61560002740421,18.61560002740421,17.462056056535314,3.932473121820742,3.6887914433573887
2018-03-14,2017-12-30,2018-02-02,50525000000.0,239176000000.0,20904666000.0,2.41692452775854,2.41692452775854,44.61000061035156,41.845672607421875,18.457341178014754,18.457341178014754,17.313603352864984,3.899041555253017,3.6574313869431023
2018-03-15,2017-12-30,2018-02-02,50525000000.0,239176000000.0,20904666000.0,2.41692452775854,2.41692452775854,44.662498474121094,41.894920349121094,18.479062114339655,18.479062114339655,17.33397955457654,3.903630018593049,3.661735780324865
2018-03-16,2017-12-30,2018-02-02,50525000000.0,239176000000.0,20904666000.0,2.41692452775854,2.41692452775854,44.505001068115234,41.74717712402344,18.413897727037945,18.413897727037945,17.27285094944187,3.8898642951575084,3.648822600179577
2018-03-19,2017-12-30,2018-02-02,50525000000.0,239176000000.0,20904666000.0,2.41692452775854,2.41692452775854,43.82500076293945,41.109310150146484,18.132548310717354,18.132548310717354,17.008934154957387,3.830430324944787,3.5930712035455987
2018-03-20,2017-12-30,2018-02-02,50525000000.0,239176000000.0,20904666000.0,2.41692452775854,2.41692452775854,43.810001373291016,41.09524917602539,18.12634232891024,18.12634232891024,17.003116441594972,3.8291193354190636,3.5918422342190937
2018-03-21,2017-12-30,2018-02-02,50525000000.0,239176000000.0,20904666000.0,2.41692452775854,2.41692452775854,42.817501068115234,40.164249420166016,17.715696363851404,17.715696363851404,16.61791626460691,3.7423719720356234,3.5104701946234744
2018-03-22,2017-12-30,2018-02-02,50525000000.0,239176000000.0,20904666000.0,2.41692452775854,2.41692452775854,42.212501525878906,39.596744537353516,17.465378434893395,17.465378434893395,16.38311171183968,3.6894932828669638,3.46086864585368
2018-03-23,2017-12-30,2018-02-02,50525000000.0,239176000000.0,20904666000.0,2.41692452775854,2.41692452775854,41.23500061035156,38.67981719970703,17.06093845164167,17.06093845164167,16.003733983195065,3.6040569090092465,3.3807265758308978
2018-03-26,2017-12-30,2018-02-02,50525000000.0,239176000000.0,20904666000.0,2.41692452775854,2.41692452775854,43.192501068115234,40.5160026550293,17.8708522223373,17.8708522223373,16.763453798287987,3.775148043840487,3.5412144327127333
2018-03-27,2017-12-30,2018-02-02,50525000000.0,239176000000.0,20904666000.0,2.41692452775854,2.41692452775854,42.084999084472656,39.477142333984375,17.412624432878903,17.412624432878903,16.333626425064892,3.678349205067426,3.4504150714386217
2018-03-28,2017-12-30,2018-02-02,50525000000.0,239176000000.0,20904666000.0,2.41692452775854,2.41692452775854,41.619998931884766,39.04095458984375,17.22023110522331,17.22023110522331,16.15315420132312,3.6377068626927773,3.412291015912343
2018-03-29,2017-12-30,2018-02-02,50525000000.0,239176000000.0,20904666000.0,2.41692452775854,2.41692452775854,41.94499969482422,39.3458137512207,17.35469983157649,17.35469983157649,16.279289361058403,3.6661128582734146,3.4389365779487733
2018-04-02,2017-12-30,2018-02-02,50525000000.0,239176000000.0,20904666000.0,2.41692452775854,2.41692452775854,41.66999816894531,39.08784866333008,17.240918237356027,17.240918237356027,16.17255657526891,3.642076938917004,3.4163896919651706
2018-04-03,2017-12-30,2018-02-02,50525000000.0,239176000000.0,20904666000.0,2.41692452775854,2.41692452775854,42.09749984741211,39.488861083984375,17.417796610493834,17.417796610493834,16.33847504564258,3.679441807477344,3.4514393236825236
2018-04-04,2017-12-30,2018-02-02,50525000000.0,239176000000.0,20904666000.0,2.41692452775854,2.41692452775854,42.90250015258789,40.24398422241211,17.750864646309726,17.750864646309726,16.6509064557901,3.749801134958352,3.517439244233514
2018-04-05,2017-12-30,2018-02-02,50525000000.0,239176000000.0,20904666000.0,2.41692452775854,2.41692452775854,43.20000076293945,40.523048400878906,17.87395521324086,17.87395521324086,16.76636896827724,3.775803538603348,3.5418302510377613
2018-04-06,2017-12-30,2018-02-02,50525000000.0,239176000000.0,20904666000.0,2.41692452775854,2.41692452775854,42.095001220703125,39.48651123046875,17.416762806301655,17.416762806301655,16.33750279620382,3.6792234203615375,3.451233939769033
2018-04-09,2017-12-30,2018-02-02,50525000000.0,239176000000.0,20904666000.0,2.41692452775854,2.41692452775854,42.51250076293945,39.87814712524414,17.58950280601671,17.58950280601671,16.49954173878454,3.7157140736277654,3.4854640363250864
2018-04-10,2017-12-30,2018-02-02,50525000000.0,239176000000.0,20904666000.0,2.41692452775854,2.41692452775854,43.3125,40.62857437133789,17.920501655121225,17.920501655121225,16.810030228381564,3.7856362934617187,3.5510535224645388
2018-04-11,2017-12-30,2018-02-02,50525000000.0,239176000000.0,20904666000.0,2.41692452775854,2.41692452775854,43.11000061035156,40.43863296508789,17.836717744071162,17.836717744071162,16.731442169851597,3.767937268033563,3.534452100677961
2018-04-12,2017-12-30,2018-02-02,50525000000.0,239176000000.0,20904666000.0,2.41692452775854,2.41692452775854,43.53499984741211,40.8372917175293,18.012560734689778,18.012560734689778,16.8963868124595,3.8050834160626534,3.5692960150663793
2018-04-13,2017-12-30,2018-02-02,50525000000.0,239176000000.0,20904666000.0,2.41692452775854,2.41692452775854,43.682498931884766,40.975643157958984,18.07358832689575,18.07358832689575,16.953629576493178,3.817975257619526,3.581388326388592
2018-04-16,2017-12-30,2018-02-02,50525000000.0,239176000000.0,20904666000.0,2.41692452775854,2.41692452775854,43.95500183105469,41.23124694824219,18.18633611692403,18.18633611692403,17.05938537786288,3.841792789860131,3.603728828212372
2018-04-17,2017-12-30,2018-02-02,50525000000.0,239176000000.0,20904666000.0,2.41692452775854,2.41692452775854,44.560001373291016,41.798763275146484,18.436654045882037,18.436654045882037,17.294194665611148,3.89467147902879,3.6533313772284988
2018-04-18,2017-12-30,2018-02-02,50525000000.0,239176000000.0,20904666000.0,2.41692452775854,2.41692452775854,44.459999084472656,41.704959869384766,18.395278203289593,18.395278203289593,17.25538360441152,3.885930993164894,3.645132691461067
2018-04-19,2017-12-30,2018-02-02,50525000000.0,239176000000.0,20904666000.0,2.41692452775854,2.41692452775854,43.20000076293945,40.523048400878906,17.87395521324086,17.87395521324086,16.76636896827724,3.775803538603348,3.5418302510377613
2018-04-20,2017-12-30,2018-02-02,50525000000.0,239176000000.0,20904666000.0,2.41692452775854,2.41692452775854,41.43000030517578,38.86273193359375,17.141619371788178,17.141619371788178,16.079414763370835,3.62110043967454,3.3967138463696673
2018-04-23,2017-12-30,2018-02-02,50525000000.0,239176000000.0,20904666000.0,2.41692452775854,2.41692452775854,41.310001373291016,38.75015640258789,17.091969939004255,17.091969939004255,16.03283675495025,3.610612190053308,3.3868744232024173
2018-04-24,2017-12-30,2018-02-02,50525000000.0,239176000000.0,20904666000.0,2.41692452775854,2.41692452775854,40.73500061035156,38.21078872680664,16.854063973660473,16.854063973660473,15.809673942215893,3.5603554799360952,3.3397321467474077
2018-04-25,2017-12-30,2018-02-02,50525000000.0,239176000000.0,20904666000.0,2.41692452775854,2.41692452775854,40.912498474121094,38.377296447753906,16.927503529480674,16.927503529480674,15.878566337917503,3.5758693005444155,3.354285397461626
2018-04-26,2017-12-30,2018-02-02,50525000000.0,239176000000.0,20904666000.0,2.41692452775854,2.41692452775854,41.05500030517578,38.51096725463867,16.98646351330228,16.98646351330228,15.933872494708725,3.5883243678696766,3.3659686080340774
2018-04-27,2017-12-30,2018-02-02,50525000000.0,239176000000.0,20904666000.0,2.41692452775854,2.41692452775854,40.58000183105469,38.06540298461914,16.789933390550946,16.789933390550946,15.749520743173997,3.5468081436163605,3.327025017346499
2018-04-30,2017-12-30,2018-02-02,50525000000.0,239176000000.0,20904666000.0,2.41692452775854,2.41692452775854,41.314998626708984,38.75484848022461,17.09403754738862,17.09403754738862,16.034778097173735,3.61104896428492,3.3872845241985114
2018-05-01,2017-12-30,2018-02-02,50525000000.0,239176000000.0,20904666000.0,2.41692452775854,2.41692452775854,42.275001525878906,39.655357360839844,17.491237744641044,17.491237744641044,16.407362706363156,3.6949559615011074,3.4659915741504097
2018-05-02,2018-03-31,2018-05-02,53318000000.0,247417000000.0,20711471000.0,2.5743222197979083,2.5743222197979083,44.14250183105469,41.40715026855469,17.14723257701594,17.14723257701594,16.084680445249493,3.6952034279832673,3.466225004667475
2018-05-03,2018-03-31,2018-05-02,53318000000.0,247417000000.0,20711471000.0,2.5743222197979083,2.5743222197979083,44.22249984741211,41.48218536376953,17.178307947356995,17.178307947356995,16.113827960132358,3.7019001246364653,3.472506251301799
2018-05-04,2018-03-31,2018-05-02,53318000000.0,247417000000.0,20711471000.0,2.5743222197979083,2.5743222197979083,45.95750045776367,43.10968780517578,17.852271990011985,17.852271990011985,16.746034149742147,3.8471383856544175,3.608745756338295
2018-05-07,2018-03-31,2018-05-02,53318000000.0,247417000000.0,20711471000.0,2.5743222197979083,2.5743222197979083,46.290000915527344,43.42156219482422,17.981432378407252,17.981432378407252,16.86718230565284,3.874972259593795,3.6348530059486537
2018-05-08,2018-03-31,2018-05-02,53318000000.0,247417000000.0,20711471000.0,2.5743222197979083,2.5743222197979083,46.51250076293945,43.63028335571289,18.067862835985938,18.067862835985938,16.94826040818542,3.89359789622014,3.652325217926134
2018-05-09,2018-03-31,2018-05-02,53318000000.0,247417000000.0,20711471000.0,2.5743222197979083,2.5743222197979083,46.84000015258789,43.937496185302734,18.195080550664308,18.195080550664308,17.06759777288173,3.921013126827662,3.6780422446901717
2018-05-10,2018-03-31,2018-05-02,53318000000.0,247417000000.0,20711471000.0,2.5743222197979083,2.5743222197979083,47.5099983215332,44.56596374511719,18.45534251934588,18.45534251934588,17.31172710330556,3.9770991987069753,3.7306517567266844
2018-05-11,2018-03-31,2018-05-02,53318000000.0,247417000000.0,20711471000.0,2.5743222197979083,2.5743222197979083,47.147499084472656,44.39646911621094,18.314529052300948,18.314529052300948,17.24588661620463,3.9467541034390603,3.7164632284879313
2018-05-14,2018-03-31,2018-05-02,53318000000.0,247417000000.0,20711471000.0,2.5743222197979083,2.5743222197979083,47.037498474121094,44.29288864135742,18.271799121484364,18.271799121484364,17.205650598328962,3.937545866126027,3.70779242574966
2018-05-15,2018-03-31,2018-05-02,53318000000.0,247417000000.0,20711471000.0,2.5743222197979083,2.5743222197979083,46.61000061035156,43.89032745361328,18.105736823423207,18.105736823423207,17.049274995986632,3.9017596848691833,3.6740937131887272
2018-05-16,2018-03-31,2018-05-02,53318000000.0,247417000000.0,20711471000.0,2.5743222197979083,2.5743222197979083,47.04499816894531,44.29996109008789,18.274712391146778,18.274712391146778,17.20839790349382,3.9381736714581614,3.7083844659764034
2018-05-17,2018-03-31,2018-05-02,53318000000.0,247417000000.0,20711471000.0,2.5743222197979083,2.5743222197979083,46.747501373291016,44.01981735229492,18.15914923694394,18.15914923694394,17.099575575178232,3.9132699815104743,3.684933414103934
2018-05-18,2018-03-31,2018-05-02,53318000000.0,247417000000.0,20711471000.0,2.5743222197979083,2.5743222197979083,46.57749938964844,43.85972595214844,18.093111667002162,18.093111667002162,17.03738778884935,3.899038982209069,3.671532037515085
2018-05-21,2018-03-31,2018-05-02,53318000000.0,247417000000.0,20711471000.0,2.5743222197979083,2.5743222197979083,46.907501220703125,44.17047882080078,18.221301459451915,18.221301459451915,17.158100287953964,3.9266636941481683,3.697545403723793
2018-05-22,2018-03-31,2018-05-02,53318000000.0,247417000000.0,20711471000.0,2.5743222197979083,2.5743222197979083,46.790000915527344,44.05982971191406,18.175658258972916,18.175658258972916,17.115118446739306,3.916827651503001,3.6882828800900764
2018-05-23,2018-03-31,2018-05-02,53318000000.0,247417000000.0,20711471000.0,2.5743222197979083,2.5743222197979083,47.09000015258789,44.34233093261719,18.292193490947138,18.292193490947138,17.224856543443185,3.941940822782265,3.7119312787047933
2018-05-24,2018-03-31,2018-05-02,53318000000.0,247417000000.0,20711471000.0,2.5743222197979083,2.5743222197979083,47.037498474121094,44.29288864135742,18.271799121484364,18.271799121484364,17.205650598328962,3.937545866126027,3.70779242574966
2018-05-25,2018-03-31,2018-05-02,53318000000.0,247417000000.0,20711471000.0,2.5743222197979083,2.5743222197979083,47.14500045776367,44.39411163330078,18.313558456355434,18.313558456355434,17.24497084781634,3.9465449414387814,3.7162658817456835
2018-05-29,2018-03-31,2018-05-02,53318000000.0,247417000000.0,20711471000.0,2.5743222197979083,2.5743222197979083,46.974998474121094,44.23402404785156,18.247520886413653,18.247520886413653,17.182784543313332,3.9323139421373763,3.7028648244881324
2018-05-30,2018-03-31,2018-05-02,53318000000.0,247417000000.0,20711471000.0,2.5743222197979083,2.5743222197979083,46.875,44.13987350463867,18.20867630303087,18.20867630303087,17.146211598990813,3.9239429914880546,3.694983408718852
2018-05-31,2018-03-31,2018-05-02,53318000000.0,247417000000.0,20711471000.0,2.5743222197979083,2.5743222197979083,46.717498779296875,43.99155044555664,18.14749467646841,18.14749467646841,17.08859524547401,3.9107584408506395,3.682567169184751
2018-06-01,2018-03-31,2018-05-02,53318000000.0,247417000000.0,20711471000.0,2.5743222197979083,2.5743222197979083,47.560001373291016,44.784912109375,18.47476629286314,18.47476629286314,17.396777980998333,3.981284993362934,3.748980095914465
2018-06-04,2018-03-31,2018-05-02,53318000000.0,247417000000.0,20711471000.0,2.5743222197979083,2.5743222197979083,47.95750045776367,45.15919876098633,18.629175512274635,18.629175512274635,17.5421702899847,4.014559953291241,3.780311924893618
2018-06-05,2018-03-31,2018-05-02,53318000000.0,247417000000.0,20711471000.0,2.5743222197979083,2.5743222197979083,48.32749938964844,45.50761413574219,18.772902248981982,18.772902248981982,17.677512855913843,4.04553285389129,3.8094780490088165
2018-06-06,2018-03-31,2018-05-02,53318000000.0,247417000000.0,20711471000.0,2.5743222197979083,2.5743222197979083,48.494998931884766,45.665348052978516,18.837967741152372,18.837967741152372,17.73878487385444,4.059554371861118,3.822682078855418
2018-06-07,2018-03-31,2018-05-02,53318000000.0,247417000000.0,20711471000.0,2.5743222197979083,2.5743222197979083,48.3650016784668,45.542938232421875,18.787470079119927,18.787470079119927,17.69123456347944,4.048672199883259,3.8124350568295506
2018-06-08,2018-03-31,2018-05-02,53318000000.0,247417000000.0,20711471000.0,2.5743222197979083,2.5743222197979083,47.92499923706055,45.12860107421875,18.616550355853587,18.616550355853587,17.530284564673288,4.011839250631128,3.777750568551274
2018-06-11,2018-03-31,2018-05-02,53318000000.0,247417000000.0,20711471000.0,2.5743222197979083,2.5743222197979083,47.807498931884766,45.017948150634766,18.570907155374588,18.570907155374588,17.48730124163276,4.00200320798596,3.76848772558626
2018-06-12,2018-03-31,2018-05-02,53318000000.0,247417000000.0,20711471000.0,2.5743222197979083,2.5743222197979083,48.06999969482422,45.26514434814453,18.672876039036733,18.672876039036733,17.583325039900394,4.023977352604553,3.789180713036733
2018-06-13,2018-03-31,2018-05-02,53318000000.0,247417000000.0,20711471000.0,2.5743222197979083,2.5743222197979083,47.67499923706055,44.893192291259766,18.519437415570756,18.519437415570756,17.438839608347088,3.9909115546765244,3.758044314812039
2018-06-14,2018-03-31,2018-05-02,53318000000.0,247417000000.0,20711471000.0,2.5743222197979083,2.5743222197979083,47.70000076293945,44.91672897338867,18.529149302329387,18.529149302329387,17.44798247397125,3.993004452004504,3.760014588921534
2018-06-15,2018-03-31,2018-05-02,53318000000.0,247417000000.0,20711471000.0,2.5743222197979083,2.5743222197979083,47.209999084472656,44.4553108215332,18.338807287371655,18.338807287371655,17.268743780265034,3.9519860274277114,3.72138891376167
2018-06-18,2018-03-31,2018-05-02,53318000000.0,247417000000.0,20711471000.0,2.5743222197979083,2.5743222197979083,47.185001373291016,44.43178176879883,18.329096882438893,18.329096882438893,17.259603878292612,3.9498934494310296,3.719419278314771
2018-06-19,2018-03-31,2018-05-02,53318000000.0,247417000000.0,20711471000.0,2.5743222197979083,2.5743222197979083,46.42250061035156,43.713783264160156,18.032902118211084,18.032902118211084,16.980696094676063,3.886063912903231,3.65931506071102
2018-06-20,2018-03-31,2018-05-02,53318000000.0,247417000000.0,20711471000.0,2.5743222197979083,2.5743222197979083,46.625,43.90446090698242,18.11156336274804,18.11156336274804,17.05476516083874,3.903015295533452,3.6752768356483188
2018-06-21,2018-03-31,2018-05-02,53318000000.0,247417000000.0,20711471000.0,2.5743222197979083,2.5743222197979083,46.3650016784668,43.65964126586914,18.010566556857277,18.010566556857277,16.95966454008875,3.8812506322464357,3.654782791596584
2018-06-22,2018-03-31,2018-05-02,53318000000.0,247417000000.0,20711471000.0,2.5743222197979083,2.5743222197979083,46.22999954223633,43.53251266479492,17.95812473928206,17.95812473928206,16.910281211111307,3.869949497605423,3.644140756754923
2018-06-25,2018-03-31,2018-05-02,53318000000.0,247417000000.0,20711471000.0,2.5743222197979083,2.5743222197979083,45.54249954223633,42.88512420654297,17.691064153504275,17.691064153504275,16.658802024367244,3.812398333730265,3.589947361479658
2018-06-26,2018-03-31,2018-05-02,53318000000.0,247417000000.0,20711471000.0,2.5743222197979083,2.5743222197979083,46.10749816894531,43.417152404785156,17.91053886508616,17.91053886508616,16.865469314945948,3.8596948116284002,3.63448385896801
2018-06-27,2018-03-31,2018-05-02,53318000000.0,247417000000.0,20711471000.0,2.5743222197979083,2.5743222197979083,46.040000915527344,43.35358810424805,17.88431943812442,17.88431943812442,16.840777650457227,3.854044563639192,3.629162841547179
2018-06-28,2018-03-31,2018-05-02,53318000000.0,247417000000.0,20711471000.0,2.5743222197979083,2.5743222197979083,46.375,43.66905212402344,18.014450422465206,18.014450422465206,16.96332020451254,3.8820875995788486,3.655570581909084
2018-06-29,2018-03-31,2018-05-02,53318000000.0,247417000000.0,20711471000.0,2.5743222197979083,2.5743222197979083,46.27750015258789,43.57723617553711,17.976576435027937,17.976576435027937,16.927654137623087,3.8739258109298054,3.6478845968942624
2018-07-02,2018-03-31,2018-05-02,53318000000.0,247417000000.0,20711471000.0,2.5743222197979083,2.5743222197979083,46.79499816894531,44.064537048339844,18.177599450863944,18.177599450863944,17.11694701986414,3.9172459755035587,3.6886769349119755
2018-07-03,2018-03-31,2018-05-02,53318000000.0,247417000000.0,20711471000.0,2.5743222197979083,2.5743222197979083,45.97999954223633,43.29708480834961,17.86101179899923,17.86101179899923,16.81882884565575,3.8490218016508204,3.624432906359197
2018-07-05,2018-03-31,2018-05-02,53318000000.0,247417000000.0,20711471000.0,2.5743222197979083,2.5743222197979083,46.349998474121094,43.6454963684082,18.004738535706576,18.004738535706576,16.954169929759026,3.879994702250869,3.653598711143098
2018-07-06,2018-03-31,2018-05-02,53318000000.0,247417000000.0,20711471000.0,2.5743222197979083,2.5743222197979083,46.99250030517578,44.250518798828125,18.25431950350987,18.25431950350987,17.1891919583796,3.933779034133222,3.70424561302127
2018-07-09,2018-03-31,2018-05-02,53318000000.0,247417000000.0,20711471000.0,2.5743222197979083,2.5743222197979083,47.64500045776367,44.864933013916016,18.507784336921095,18.507784336921095,17.427862242294612,3.9884003333479874,3.7556787085554517
2018-07-10,2018-03-31,2018-05-02,53318000000.0,247417000000.0,20711471000.0,2.5743222197979083,2.5743222197979083,47.587501525878906,44.81079864501953,18.48544877556729,18.48544877556729,17.40683365135904,3.9835870526911927,3.751147078103612
2018-07-11,2018-03-31,2018-05-02,53318000000.0,247417000000.0,20711471000.0,2.5743222197979083,2.5743222197979083,46.970001220703125,44.22933578491211,18.245579694522625,18.245579694522625,17.180963379317852,3.931895618136819,3.702472366322724
2018-07-12,2018-03-31,2018-05-02,53318000000.0,247417000000.0,20711471000.0,2.5743222197979083,2.5743222197979083,47.75749969482422,44.97087860107422,18.551484863683196,18.551484863683196,17.469016992210307,3.997817732661299,3.764547496698566
2018-07-13,2018-03-31,2018-05-02,53318000000.0,247417000000.0,20711471000.0,2.5743222197979083,2.5743222197979083,47.83250045776367,45.041500091552734,18.58061904213322,18.58061904213322,17.496450034560407,4.0040961053139394,3.7704592770209477
2018-07-16,2018-03-31,2018-05-02,53318000000.0,247417000000.0,20711471000.0,2.5743222197979083,2.5743222197979083,47.727500915527344,44.942630767822266,18.539831785033535,18.539831785033535,17.45804407163544,3.995306511332762,3.762182848435874
2018-07-17,2018-03-31,2018-05-02,53318000000.0,247417000000.0,20711471000.0,2.5743222197979083,2.5743222197979083,47.86249923706055,45.06975555419922,18.59227212078288,18.59227212078288,17.507425918787014,4.006607326642476,3.7728245639462363
2018-07-18,2018-03-31,2018-05-02,53318000000.0,247417000000.0,20711471000.0,2.5743222197979083,2.5743222197979083,47.599998474121094,44.822566986083984,18.49030323712073,18.49030323712073,17.41140508417112,3.9846331820238836,3.7521322151583596
2018-07-19,2018-03-31,2018-05-02,53318000000.0,247417000000.0,20711471000.0,2.5743222197979083,2.5743222197979083,47.970001220703125,45.170989990234375,18.63403145565395,18.63403145565395,17.546750613752007,4.015606401955231,3.7812989779361543
2018-07-20,2018-03-31,2018-05-02,53318000000.0,247417000000.0,20711471000.0,2.5743222197979083,2.5743222197979083,47.86000061035156,45.06740188598633,18.591301524837366,18.591301524837366,17.506511632224598,4.006398164642198,3.7726275365352873
2018-07-23,2018-03-31,2018-05-02,53318000000.0,247417000000.0,20711471000.0,2.5743222197979083,2.5743222197979083,47.90250015258789,45.10741424560547,18.607810546866343,18.607810546866343,17.52205450378567,4.009955834634725,3.7759770025214294
2018-07-24,2018-03-31,2018-05-02,53318000000.0,247417000000.0,20711471000.0,2.5743222197979083,2.5743222197979083,48.25,45.434635162353516,18.742797474586443,18.742797474586443,17.649164045175457,4.039045319238371,3.803368921944188
2018-07-25,2018-03-31,2018-05-02,53318000000.0,247417000000.0,20711471000.0,2.5743222197979083,2.5743222197979083,48.70500183105469,45.86309814453125,18.919543737177612,18.919543737177612,17.815601245181977,4.077133879154771,3.83923589401946
2018-07-26,2018-03-31,2018-05-02,53318000000.0,247417000000.0,20711471000.0,2.5743222197979083,2.5743222197979083,48.5525016784668,45.719486236572266,18.86030478433205,18.86030478433205,17.75981494661588,4.064367971849212,3.827214028638556
2018-07-27,2018-03-31,2018-05-02,53318000000.0,247417000000.0,20711471000.0,2.5743222197979083,2.5743222197979083,47.744998931884766,44.9590950012207,18.546628920303878,18.546628920303878,17.46443963209474,3.9967712839973095,3.7635610823186263
2018-07-30,2018-03-31,2018-05-02,53318000000.0,247417000000.0,20711471000.0,2.5743222197979083,2.5743222197979083,47.477500915527344,44.707218170166016,18.442718844750704,18.442718844750704,17.366597633483373,3.974378815378159,3.7424762753653407
2018-07-31,2018-03-31,2018-05-02,53318000000.0,247417000000.0,20711471000.0,2.5743222197979083,2.5743222197979083,47.5724983215332,44.796669006347656,18.479620754416587,18.479620754416587,17.4013449683328,3.982331122695626,3.7499642749753184
2018-08-01,2018-06-30,2018-08-01,56120000000.0,255274000000.0,20404581000.0,2.7503627739280705,2.7503627739280705,50.375,47.435646057128906,18.31576564281896,18.31576564281896,17.247050646115778,4.026578374119573,3.7916297087052238
2018-08-02,2018-06-30,2018-08-01,56120000000.0,255274000000.0,20404581000.0,2.7503627739280705,2.7503627739280705,51.84749984741211,48.822227478027344,18.851149506129865,18.851149506129865,17.751195566212306,4.144278345166402,3.902462041476354
2018-08-03,2018-06-30,2018-08-01,56120000000.0,255274000000.0,20404581000.0,2.7503627739280705,2.7503627739280705,51.997501373291016,48.963470458984375,18.905688320900353,18.905688320900353,17.802549875649568,4.156268278668912,3.913751886292587
2018-08-06,2018-06-30,2018-08-01,56120000000.0,255274000000.0,20404581000.0,2.7503627739280705,2.7503627739280705,52.26750183105469,49.217716217041016,19.003857355299424,19.003857355299424,17.894990683991928,4.177849976023425,3.934074277778493
2018-08-07,2018-06-30,2018-08-01,56120000000.0,255274000000.0,20404581000.0,2.7503627739280705,2.7503627739280705,51.77750015258789,48.756309509277344,18.825698429098217,18.825698429098217,17.72722855743264,4.138683124176343,3.897193081328768
2018-08-08,2018-06-30,2018-08-01,56120000000.0,255274000000.0,20404581000.0,2.7503627739280705,2.7503627739280705,51.8125,48.78927230834961,18.83842396761404,18.83842396761404,17.739213448802147,4.141480734671373,3.899827866319236
2018-08-09,2018-06-30,2018-08-01,56120000000.0,255274000000.0,20404581000.0,2.7503627739280705,2.7503627739280705,52.220001220703125,49.17299270629883,18.986586684389447,18.986586684389447,17.878729734285166,4.17405315358374,3.9304994346783597
2018-08-10,2018-06-30,2018-08-01,56120000000.0,255274000000.0,20404581000.0,2.7503627739280705,2.7503627739280705,51.88249969482422,49.02653121948242,18.863875044645688,18.863875044645688,17.825478036652846,4.147075955661431,3.9187924638504428
2018-08-13,2018-06-30,2018-08-01,56120000000.0,255274000000.0,20404581000.0,2.7503627739280705,2.7503627739280705,52.217498779296875,49.34309005737305,18.985676825722813,18.985676825722813,17.940575157982234,4.173853128244804,3.944095669225863
2018-08-14,2018-06-30,2018-08-01,56120000000.0,255274000000.0,20404581000.0,2.7503627739280705,2.7503627739280705,52.4375,49.55097961425781,19.065666717524945,19.065666717524945,18.016161389317038,4.191438282737372,3.9607127132746474
2018-08-15,2018-06-30,2018-08-01,56120000000.0,255274000000.0,20404581000.0,2.7503627739280705,2.7503627739280705,52.560001373291016,49.66673278808594,19.110206795820165,19.110206795820165,18.05824790056763,4.201230071928311,3.969965104867144
2018-08-16,2018-06-30,2018-08-01,56120000000.0,255274000000.0,20404581000.0,2.7503627739280705,2.7503627739280705,53.33000183105469,50.39435577392578,19.390170030147964,19.390170030147964,18.322803177688638,4.262777807735624,4.028125521329576
2018-08-17,2018-06-30,2018-08-01,56120000000.0,255274000000.0,20404581000.0,2.7503627739280705,2.7503627739280705,54.39500045776367,51.40073013305664,19.777391176683462,19.777391176683462,18.68870922058259,4.347905359870084,4.108567113999448
2018-08-20,2018-06-30,2018-08-01,56120000000.0,255274000000.0,20404581000.0,2.7503627739280705,2.7503627739280705,53.8650016784668,50.8998908996582,19.58468976859251,19.58468976859251,18.50660988512542,4.305541456683453,4.068533993878102
2018-08-21,2018-06-30,2018-08-01,56120000000.0,255274000000.0,20404581000.0,2.7503627739280705,2.7503627739280705,53.7599983215332,50.8006706237793,19.546511766065365,19.546511766065365,18.470534543785195,4.297148320281691,4.060603111155955
2018-08-22,2018-06-30,2018-08-01,56120000000.0,255274000000.0,20404581000.0,2.7503627739280705,2.7503627739280705,53.76250076293945,50.80303955078125,19.547421624732,19.547421624732,18.471395858163213,4.297348345620627,4.060792464411259
2018-08-23,2018-06-30,2018-08-01,56120000000.0,255274000000.0,20404581000.0,2.7503627739280705,2.7503627739280705,53.872501373291016,50.906982421875,19.587416570633067,19.587416570633067,18.50918828034078,4.306140922866911,4.069100833977313
2018-08-24,2018-06-30,2018-08-01,56120000000.0,255274000000.0,20404581000.0,2.7503627739280705,2.7503627739280705,54.040000915527344,51.06526565551758,19.64831746117163,19.64831746117163,18.566738227985148,4.319529509158598,4.081752741581698
2018-08-27,2018-06-30,2018-08-01,56120000000.0,255274000000.0,20404581000.0,2.7503627739280705,2.7503627739280705,54.48500061035156,51.48576736450195,19.810114188149818,19.810114188149818,18.7196277714921,4.355099258988255,4.1153643165231735
2018-08-28,2018-06-30,2018-08-01,56120000000.0,255274000000.0,20404581000.0,2.7503627739280705,2.7503627739280705,54.92499923706055,51.90156173706055,19.970092584774413,19.970092584774413,18.87080578208041,4.390269263056716,4.148599624287443
2018-08-29,2018-06-30,2018-08-01,56120000000.0,255274000000.0,20404581000.0,2.7503627739280705,2.7503627739280705,55.744998931884766,52.6764030456543,20.268234961699147,20.268234961699147,19.152529093615463,4.455813541725973,4.210534299355594
2018-08-30,2018-06-30,2018-08-01,56120000000.0,255274000000.0,20404581000.0,2.7503627739280705,2.7503627739280705,56.25749969482422,53.16069793701172,20.454574294022024,20.454574294022024,19.328613098223244,4.496778792123429,4.249244995856564
2018-08-31,2018-06-30,2018-08-01,56120000000.0,255274000000.0,20404581000.0,2.7503627739280705,2.7503627739280705,56.907501220703125,53.77492141723633,20.690907308721236,20.690907308721236,19.551937630552985,4.548734764078738,4.298341154315103
2018-09-04,2018-06-30,2018-08-01,56120000000.0,255274000000.0,20404581000.0,2.7503627739280705,2.7503627739280705,57.09000015258789,53.94736862182617,20.75726180334091,20.75726180334091,19.614637433729694,4.5633222827373405,4.3121252175345335
2018-09-05,2018-06-30,2018-08-01,56120000000.0,255274000000.0,20404581000.0,2.7503627739280705,2.7503627739280705,56.717498779296875,53.59537124633789,20.621824625081327,20.621824625081327,19.48665527122189,4.533547474320002,4.283989336246435
2018-09-06,2018-06-30,2018-08-01,56120000000.0,255274000000.0,20404581000.0,2.7503627739280705,2.7503627739280705,55.775001525878906,52.70474624633789,20.27914355684105,20.27914355684105,19.16283435259885,4.458211711376481,4.2127998302523855
2018-09-07,2018-06-30,2018-08-01,56120000000.0,255274000000.0,20404581000.0,2.7503627739280705,2.7503627739280705,55.32500076293945,52.2795295715332,20.115528499509264,20.115528499509264,19.00823050221391,4.4222422157856265,4.178811378300354
2018-09-10,2018-06-30,2018-08-01,56120000000.0,255274000000.0,20404581000.0,2.7503627739280705,2.7503627739280705,54.58250045776367,51.577911376953125,19.845564001656733,19.845564001656733,18.753130265535663,4.362892624289884,4.1227295788128115
2018-09-11,2018-06-30,2018-08-01,56120000000.0,255274000000.0,20404581000.0,2.7503627739280705,2.7503627739280705,55.962501525878906,52.88194274902344,20.34731638181432,20.34731638181432,19.227260945470622,4.47319897579628,4.22696351473245
2018-09-12,2018-06-30,2018-08-01,56120000000.0,255274000000.0,20404581000.0,2.7503627739280705,2.7503627739280705,55.26750183105469,52.22519302368164,20.09462255487177,20.09462255487177,18.98847436372678,4.417646206740224,4.174468145178698
2018-09-13,2018-06-30,2018-08-01,56120000000.0,255274000000.0,20404581000.0,2.7503627739280705,2.7503627739280705,56.602500915527344,53.4867057800293,20.58001273580634,20.58001273580634,19.447145768206983,4.5243554562291965,4.275303479836474
2018-09-14,2018-06-30,2018-08-01,56120000000.0,255274000000.0,20404581000.0,2.7503627739280705,2.7503627739280705,55.959999084472656,52.87956619262695,20.346406523147685,20.346406523147685,19.226396857133253,4.472998950457344,4.226773551643795
2018-09-17,2018-06-30,2018-08-01,56120000000.0,255274000000.0,20404581000.0,2.7503627739280705,2.7503627739280705,54.470001220703125,51.47159957885742,19.804660584068706,19.804660584068706,18.71447652898008,4.353900326621339,4.114231855991453
2018-09-18,2018-06-30,2018-08-01,56120000000.0,255274000000.0,20404581000.0,2.7503627739280705,2.7503627739280705,54.560001373291016,51.556644439697266,19.837383595535062,19.837383595535062,18.74539785384894,4.36109422573951,4.1210296683485295
2018-09-19,2018-06-30,2018-08-01,56120000000.0,255274000000.0,20404581000.0,2.7503627739280705,2.7503627739280705,54.592498779296875,51.58734893798828,19.84919927538425,19.84919927538425,18.756561653250994,4.363691810895603,4.123483942667274
2018-09-20,2018-06-30,2018-08-01,56120000000.0,255274000000.0,20404581000.0,2.7503627739280705,2.7503627739280705,55.00749969482422,51.97949981689453,20.000088794200213,20.000088794200213,18.89914316381521,4.39686369599143,4.154829376878607
2018-09-21,2018-06-30,2018-08-01,56120000000.0,255274000000.0,20404581000.0,2.7503627739280705,2.7503627739280705,54.415000915527344,51.419620513916016,19.78466311111817,19.78466311111817,18.695577543931947,4.349504037998198,4.110077061375075
2018-09-24,2018-06-30,2018-08-01,56120000000.0,255274000000.0,20404581000.0,2.7503627739280705,2.7503627739280705,55.1974983215332,52.15904235839844,20.069170090860446,20.069170090860446,18.964422749186955,4.41205068083349,4.169180585113924
2018-09-25,2018-06-30,2018-08-01,56120000000.0,255274000000.0,20404581000.0,2.7503627739280705,2.7503627739280705,55.54750061035156,52.48979568481445,20.196426862998358,20.196426862998358,19.08468082188608,4.440027090700454,4.195618385437792
2018-09-26,2018-06-30,2018-08-01,56120000000.0,255274000000.0,20404581000.0,2.7503627739280705,2.7503627739280705,55.10499954223633,52.07163619995117,20.035538607707128,20.035538607707128,18.932642883899426,4.404657061293058,4.162194029334895
2018-09-27,2018-06-30,2018-08-01,56120000000.0,255274000000.0,20404581000.0,2.7503627739280705,2.7503627739280705,56.23749923706055,53.14179229736328,20.447302359587315,20.447302359587315,19.321739226955188,4.495180113995315,4.247733828814235
2018-09-28,2018-06-30,2018-08-01,56120000000.0,255274000000.0,20404581000.0,2.7503627739280705,2.7503627739280705,56.435001373291016,53.32843780517578,20.51911184526778,20.51911184526778,19.389601368481316,4.510966869937509,4.262652791898788
2018-10-01,2018-06-30,2018-08-01,56120000000.0,255274000000.0,20404581000.0,2.7503627739280705,2.7503627739280705,56.814998626708984,53.6875114440918,20.657274438588242,20.657274438588242,19.52015637828578,4.541340839621631,4.291354293619397
2018-10-02,2018-06-30,2018-08-01,56120000000.0,255274000000.0,20404581000.0,2.7503627739280705,2.7503627739280705,57.31999969482422,54.16470718383789,20.840886968870564,20.840886968870564,19.693659213718853,4.581706623835628,4.329497540187806
2018-10-03,2018-06-30,2018-08-01,56120000000.0,255274000000.0,20404581000.0,2.7503627739280705,2.7503627739280705,58.01750183105469,54.82380676269531,21.094490654479753,21.094490654479753,19.933300174942342,4.637459418230622,4.382180738413486
2018-10-04,2018-06-30,2018-08-01,56120000000.0,255274000000.0,20404581000.0,2.7503627739280705,2.7503627739280705,56.997501373291016,53.85996627807617,20.723630320187592,20.723630320187592,19.58285895542184,4.555928663196909,4.305138966672179
2018-10-05,2018-06-30,2018-08-01,56120000000.0,255274000000.0,20404581000.0,2.7503627739280705,2.7503627739280705,56.0724983215332,52.98586654663086,20.38730994073571,20.38730994073571,19.265046432749816,4.4819912481258894,4.235270359715129
2018-10-08,2018-06-30,2018-08-01,56120000000.0,255274000000.0,20404581000.0,2.7503627739280705,2.7503627739280705,55.942501068115234,52.863040924072266,20.34004444737961,20.34004444737961,19.220388461182242,4.471600297668168,4.225452652606797
2018-10-09,2018-06-30,2018-08-01,56120000000.0,255274000000.0,20404581000.0,2.7503627739280705,2.7503627739280705,56.717498779296875,53.59537124633789,20.621824625081327,20.621824625081327,19.48665527122189,4.533547474320002,4.283989336246435
2018-10-10,2018-06-30,2018-08-01,56120000000.0,255274000000.0,20404581000.0,2.7503627739280705,2.7503627739280705,54.09000015258789,51.11249923706055,19.666496603768564,19.666496603768564,18.583911810317893,4.323526052020543,4.085528219854118
2018-10-11,2018-06-30,2018-08-01,56120000000.0,255274000000.0,20404581000.0,2.7503627739280705,2.7503627739280705,53.61249923706055,50.66129684448242,19.49288280996151,19.49288280996151,18.41985985438856,4.285358412118117,4.049462675510573
2018-10-12,2018-06-30,2018-08-01,56120000000.0,255274000000.0,20404581000.0,2.7503627739280705,2.7503627739280705,55.52750015258789,52.470882415771484,20.18915492856365,20.18915492856365,19.077804176658677,4.438428412572342,4.194106608562113
2018-10-15,2018-06-30,2018-08-01,56120000000.0,255274000000.0,20404581000.0,2.7503627739280705,2.7503627739280705,54.34000015258789,51.3487434387207,19.757393703732927,19.757393703732927,18.669807461575108,4.343509071246943,4.104411709549719
2018-10-16,2018-06-30,2018-08-01,56120000000.0,255274000000.0,20404581000.0,2.7503627739280705,2.7503627739280705,55.537498474121094,52.4803352355957,20.192790202291164,20.192790202291164,19.081241112292705,4.439227599178061,4.194862192083278
2018-10-17,2018-06-30,2018-08-01,56120000000.0,255274000000.0,20404581000.0,2.7503627739280705,2.7503627739280705,55.29750061035156,52.25355529785156,20.105529763033996,20.105529763033996,18.99878655760854,4.420044071474054,4.176735200658866
2018-10-18,2018-06-30,2018-08-01,56120000000.0,255274000000.0,20404581000.0,2.7503627739280705,2.7503627739280705,54.005001068115234,51.03220748901367,19.635591922655806,19.635591922655806,18.554718662123772,4.316731898663568,4.07911033367435
2018-10-19,2018-06-30,2018-08-01,56120000000.0,255274000000.0,20404581000.0,2.7503627739280705,2.7503627739280705,54.82749938964844,51.809417724609375,19.934642771267498,19.934642771267498,18.837303288036843,4.3824758977550875,4.141234361997805
2018-10-22,2018-06-30,2018-08-01,56120000000.0,255274000000.0,20404581000.0,2.7503627739280705,2.7503627739280705,55.162498474121094,52.12596893310547,20.056444552344622,20.056444552344622,18.95239763540688,4.409253070338461,4.166536957539876
2018-10-23,2018-06-30,2018-08-01,56120000000.0,255274000000.0,20404581000.0,2.7503627739280705,2.7503627739280705,55.682498931884766,52.617340087890625,20.245510686708055,20.245510686708055,19.13105448731132,4.450817786919374,4.205813274473355
2018-10-24,2018-06-30,2018-08-01,56120000000.0,255274000000.0,20404581000.0,2.7503627739280705,2.7503627739280705,53.772499084472656,50.812477111816406,19.551056898459517,19.551056898459517,18.474827245878544,4.298147532226346,4.061546828265722
2018-10-25,2018-06-30,2018-08-01,56120000000.0,255274000000.0,20404581000.0,2.7503627739280705,2.7503627739280705,54.95000076293945,51.9251708984375,19.97918284956272,19.97918284956272,18.87938979928743,4.392267686946027,4.150486753590302
2018-10-26,2018-06-30,2018-08-01,56120000000.0,255274000000.0,20404581000.0,2.7503627739280705,2.7503627739280705,54.07500076293945,51.09833526611328,19.661042999687453,19.661042999687453,18.57876195478555,4.322327119653627,4.084396064239073
2018-10-29,2018-06-30,2018-08-01,56120000000.0,255274000000.0,20404581000.0,2.7503627739280705,2.7503627739280705,53.060001373291016,50.13920593261719,19.29200099574889,19.29200099574889,18.230033655163364,4.241196110381111,4.007730864591647
2018-10-30,2018-06-30,2018-08-01,56120000000.0,255274000000.0,20404581000.0,2.7503627739280705,2.7503627739280705,53.32500076293945,50.389625549316406,19.388351699794367,19.388351699794367,18.321083322891948,4.2623780619744265,4.027747424652319
2018-10-31,2018-06-30,2018-08-01,56120000000.0,255274000000.0,20404581000.0,2.7503627739280705,2.7503627739280705,54.71500015258789,51.70310974121094,19.89373935367947,19.89373935367947,18.798650938460934,4.3734836000865425,4.132736944093122
2018-11-01,2018-06-30,2018-08-01,56120000000.0,255274000000.0,20404581000.0,2.7503627739280705,2.7503627739280705,55.55500030517578,52.496864318847656,20.199153665038914,20.199153665038914,19.08725089522339,4.440626556883912,4.196183396036951
2018-11-02,2018-06-30,2018-08-01,56120000000.0,255274000000.0,20404581000.0,2.7503627739280705,2.7503627739280705,51.869998931884766,49.014713287353516,18.859329912251535,18.859329912251535,17.821181173620474,4.146076743716775,3.9178478319906493
2018-11-05,2018-09-29,2018-11-05,59531000000.0,265595000000.0,20152998000.0,2.9539525583240764,2.9539525583240764,50.397499084472656,47.6232795715332,17.061038757191703,17.061038757191703,16.12188369015386,3.824095703060597,3.61359158854101
2018-11-06,2018-09-29,2018-11-05,59531000000.0,265595000000.0,20152998000.0,2.9539525583240764,2.9539525583240764,50.942501068115234,48.138275146484375,17.245537990974857,17.245537990974857,16.296224870244902,3.865449734146818,3.652668772945836
2018-11-07,2018-09-29,2018-11-05,59531000000.0,265595000000.0,20152998000.0,2.9539525583240764,2.9539525583240764,52.48749923706055,49.59822463989258,17.76856540541034,17.76856540541034,16.790460801453126,3.982682155723875,3.7634478132920646
2018-11-08,2018-09-29,2018-11-05,59531000000.0,265595000000.0,20152998000.0,2.9539525583240764,2.9539525583240764,52.122501373291016,49.4251823425293,17.645002871292792,17.645002871292792,16.73188088388618,3.9549865996382882,3.750317592193483
2018-11-09,2018-09-29,2018-11-05,59531000000.0,265595000000.0,20152998000.0,2.9539525583240764,2.9539525583240764,51.11750030517578,48.472171783447266,17.30478039030433,17.30478039030433,16.409258722471808,3.8787284452463595,3.678004408996665
2018-11-12,2018-09-29,2018-11-05,59531000000.0,265595000000.0,20152998000.0,2.9539525583240764,2.9539525583240764,48.54249954223633,46.030433654785156,16.43306674152441,16.43306674152441,15.58265840291643,3.6833407864970713,3.4927285430223383
2018-11-13,2018-09-29,2018-11-05,59531000000.0,265595000000.0,20152998000.0,2.9539525583240764,2.9539525583240764,48.057498931884766,45.570533752441406,16.268879740963126,16.268879740963126,15.426968731784855,3.6465395804110616,3.4578319455256468
2018-11-14,2018-09-29,2018-11-05,59531000000.0,265595000000.0,20152998000.0,2.9539525583240764,2.9539525583240764,46.70000076293945,44.283287048339844,15.809326602535105,15.809326602535105,14.99119778466041,3.543534411323697,3.360157364854831
2018-11-15,2018-09-29,2018-11-05,59531000000.0,265595000000.0,20152998000.0,2.9539525583240764,2.9539525583240764,47.852500915527344,45.376136779785156,16.199481870716447,16.199481870716447,15.361159627265405,3.6309846015385108,3.4430813598551806
2018-11-16,2018-09-29,2018-11-05,59531000000.0,265595000000.0,20152998000.0,2.9539525583240764,2.9539525583240764,48.38249969482422,45.87871551513672,16.378902077653546,16.378902077653546,15.531297341202388,3.6712002092840343,3.481216370862099
2018-11-19,2018-09-29,2018-11-05,59531000000.0,265595000000.0,20152998000.0,2.9539525583240764,2.9539525583240764,46.46500015258789,44.06044387817383,15.729771969983766,15.729771969983766,14.915758803916438,3.5257028752239443,3.343248319267868
2018-11-20,2018-09-29,2018-11-05,59531000000.0,265595000000.0,20152998000.0,2.9539525583240764,2.9539525583240764,44.244998931884766,41.95531463623047,14.978236128811474,14.978236128811474,14.203110513065855,3.357252113120638,3.1835138912755263
2018-11-21,2018-09-29,2018-11-05,59531000000.0,265595000000.0,20152998000.0,2.9539525583240764,2.9539525583240764,44.19499969482422,41.907920837402344,14.961309913486975,14.961309913486975,14.187066315370611,3.353458237014225,3.179917712382868
2018-11-23,2018-09-29,2018-11-05,59531000000.0,265595000000.0,20152998000.0,2.9539525583240764,2.9539525583240764,43.0724983215332,40.843502044677734,14.581310116222843,14.581310116222843,13.826729183440332,3.2682843145724205,3.0991510194822425
2018-11-26,2018-09-29,2018-11-05,59531000000.0,265595000000.0,20152998000.0,2.9539525583240764,2.9539525583240764,43.654998779296875,41.395851135253906,14.778503688652508,14.778503688652508,14.013715629454733,3.312483680374903,3.141062539344
2018-11-27,2018-09-29,2018-11-05,59531000000.0,265595000000.0,20152998000.0,2.9539525583240764,2.9539525583240764,43.560001373291016,41.30577850341797,14.746344266952196,14.746344266952196,13.98322338895408,3.305275402608977,3.1342279469411145
2018-11-28,2018-09-29,2018-11-05,59531000000.0,265595000000.0,20152998000.0,2.9539525583240764,2.9539525583240764,45.23500061035156,42.894100189208984,15.313380874341332,15.313380874341332,14.520917090674242,3.4323721336260617,3.254747699787
2018-11-29,2018-09-29,2018-11-05,59531000000.0,265595000000.0,20152998000.0,2.9539525583240764,2.9539525583240764,44.88750076293945,42.56458282470703,15.195741934463008,15.195741934463008,14.409365751241458,3.406004303923332,3.229744357149627
2018-11-30,2018-09-29,2018-11-05,59531000000.0,265595000000.0,20152998000.0,2.9539525583240764,2.9539525583240764,44.64500045776367,42.334632873535156,15.113648434182366,15.113648434182366,14.33152091567567,3.3876037008803266,3.212296058401281
2018-12-03,2018-09-29,2018-11-05,59531000000.0,265595000000.0,20152998000.0,2.9539525583240764,2.9539525583240764,46.20500183105469,43.813907623291016,15.641754875463901,15.641754875463901,14.832299015712294,3.5059745457980815,3.324541473688769
2018-12-04,2018-09-29,2018-11-05,59531000000.0,265595000000.0,20152998000.0,2.9539525583240764,2.9539525583240764,44.17250061035156,41.88657760620117,14.95369331029907,14.95369331029907,14.179841002580455,3.351751036184468,3.178298216173561
2018-12-06,2018-09-29,2018-11-05,59531000000.0,265595000000.0,20152998000.0,2.9539525583240764,2.9539525583240764,43.68000030517578,41.41957092285156,14.786967442008482,14.786967442008482,14.021745476627064,3.314380763155206,3.142862365515487
2018-12-07,2018-09-29,2018-11-05,59531000000.0,265595000000.0,20152998000.0,2.9539525583240764,2.9539525583240764,42.122501373291016,39.94267654418945,14.259708150895015,14.259708150895015,13.521773202360064,3.196199800187997,3.0307975696443723
2018-12-10,2018-09-29,2018-11-05,59531000000.0,265595000000.0,20152998000.0,2.9539525583240764,2.9539525583240764,42.400001525878906,40.2058219909668,14.353650131041551,14.353650131041551,13.61085569152727,3.2172561454509103,3.0507646987793815
2018-12-11,2018-09-29,2018-11-05,59531000000.0,265595000000.0,20152998000.0,2.9539525583240764,2.9539525583240764,42.157501220703125,39.975852966308594,14.271556630760909,14.271556630760909,13.533004399024227,3.1988555424079053,3.0333149527600716
2018-12-12,2018-09-29,2018-11-05,59531000000.0,265595000000.0,20152998000.0,2.9539525583240764,2.9539525583240764,42.275001525878906,40.0872688293457,14.31133394703658,14.31133394703658,13.570721952315035,3.207771310457782,3.041769041372264
2018-12-13,2018-09-29,2018-11-05,59531000000.0,265595000000.0,20152998000.0,2.9539525583240764,2.9539525583240764,42.73749923706055,40.525840759277344,14.467903053022505,14.467903053022505,13.71919147620626,3.2428650262598415,3.0750473004764203
2018-12-14,2018-09-29,2018-11-05,59531000000.0,265595000000.0,20152998000.0,2.9539525583240764,2.9539525583240764,41.369998931884766,39.22910690307617,14.004963896697113,14.004963896697113,13.280208848490371,3.1391009082786794,2.976652847227848
2018-12-17,2018-09-29,2018-11-05,59531000000.0,265595000000.0,20152998000.0,2.9539525583240764,2.9539525583240764,40.98500061035156,38.86403274536133,13.874630618172278,13.874630618172278,13.1566204866238,3.109887743859688,2.9489515020584025
2018-12-18,2018-09-29,2018-11-05,59531000000.0,265595000000.0,20152998000.0,2.9539525583240764,2.9539525583240764,41.51750183105469,39.368980407714844,14.054897975277443,14.054897975277443,13.327560152168054,3.150293233555758,2.9872662641191154
2018-12-19,2018-09-29,2018-11-05,59531000000.0,265595000000.0,20152998000.0,2.9539525583240764,2.9539525583240764,40.22249984741211,38.140995025634766,13.616501637464458,13.616501637464458,12.911850909099922,3.0520301925107645,2.894088354335087
2018-12-20,2018-09-29,2018-11-05,59531000000.0,265595000000.0,20152998000.0,2.9539525583240764,2.9539525583240764,39.20750045776367,37.178524017333984,13.272894429966074,13.272894429966074,12.586026106806266,2.9750133786792308,2.8210573247398623
2018-12-21,2018-09-29,2018-11-05,59531000000.0,265595000000.0,20152998000.0,2.9539525583240764,2.9539525583240764,37.682498931884766,35.73244094848633,12.756636468550434,12.756636468550434,12.096484368983607,2.8592982759813848,2.7113304503848457
2018-12-24,2018-09-29,2018-11-05,59531000000.0,265595000000.0,20152998000.0,2.9539525583240764,2.9539525583240764,36.70750045776367,34.807899475097656,12.426570749866631,12.426570749866631,11.783499832118462,2.785316678816658,2.6411774638296808
2018-12-26,2018-09-29,2018-11-05,59531000000.0,265595000000.0,20152998000.0,2.9539525583240764,2.9539525583240764,39.29249954223633,37.259117126464844,13.301669125156469,13.301669125156469,12.61330924949038,2.9814629970055524,2.827172623473378
2018-12-27,2018-09-29,2018-11-05,59531000000.0,265595000000.0,20152998000.0,2.9539525583240764,2.9539525583240764,39.037498474121094,37.01731872558594,13.215343748197839,13.215343748197839,12.53145336450078,2.962113852572396,2.808825280001867
2018-12-28,2018-09-29,2018-11-05,59531000000.0,265595000000.0,20152998000.0,2.9539525583240764,2.9539525583240764,39.057498931884766,37.03628158569336,13.222114492605128,13.222114492605128,12.53787285152131,2.9636314609057997,2.8102641567948003
2018-12-31,2018-09-29,2018-11-05,59531000000.0,265595000000.0,20152998000.0,2.9539525583240764,2.9539525583240764,39.435001373291016,37.39424514770508,13.349910194788112,13.349910194788112,12.659054067178616,2.9922758478357316,2.837425959348671
2019-01-02,2018-09-29,2018-11-05,59531000000.0,265595000000.0,20152998000.0,2.9539525583240764,2.9539525583240764,39.47999954223633,37.436920166015625,13.365143401163927,13.365143401163927,12.673500818596574,2.9956902494952455,2.8406640834047048
2019-01-03,2018-09-29,2018-11-05,59531000000.0,265595000000.0,20152998000.0,2.9539525583240764,2.9539525583240764,35.54750061035156,33.70793151855469,12.033876613955988,12.033876613955988,11.411128260529297,2.6972974216585923,2.5577133473053695
2019-01-04,2018-09-29,2018-11-05,59531000000.0,265595000000.0,20152998000.0,2.9539525583240764,2.9539525583240764,37.064998626708984,35.146888732910156,12.547594416254874,12.547594416254874,11.898257686592883,2.8124431679589934,2.6668995212280384
2019-01-07,2018-09-29,2018-11-05,59531000000.0,265595000000.0,20152998000.0,2.9539525583240764,2.9539525583240764,36.98249816894531,35.068660736083984,12.5196655798451,12.5196655798451,11.87177520412859,2.8061831421290258,2.6609636840941246
2019-01-08,2018-09-29,2018-11-05,59531000000.0,265595000000.0,20152998000.0,2.9539525583240764,2.9539525583240764,37.6875,35.73717498779297,12.75832947749912,12.75832947749912,12.0980869808107,2.8596777504282835,2.7116896630382414
2019-01-09,2018-09-29,2018-11-05,59531000000.0,265595000000.0,20152998000.0,2.9539525583240764,2.9539525583240764,38.32749938964844,36.34405517578125,12.974988132982585,12.974988132982585,12.303533810441774,2.9082400592804314,2.7577389305875832
2019-01-10,2018-09-29,2018-11-05,59531000000.0,265595000000.0,20152998000.0,2.9539525583240764,2.9539525583240764,38.45000076293945,36.4602165222168,13.01645845820694,13.01645845820694,12.342857849722028,2.917535301777207,2.7665531002157495
2019-01-11,2018-09-29,2018-11-05,59531000000.0,265595000000.0,20152998000.0,2.9539525583240764,2.9539525583240764,38.0724983215332,36.10224914550781,12.888662756023955,12.888662756023955,12.221675342677273,2.8888909148472752,2.739391008207687
2019-01-14,2018-09-29,2018-11-05,59531000000.0,265595000000.0,20152998000.0,2.9539525583240764,2.9539525583240764,37.5,35.55938720703125,12.694855201491661,12.694855201491661,12.03790057725431,2.845450497938591,2.698199360923686
2019-01-15,2018-09-29,2018-11-05,59531000000.0,265595000000.0,20152998000.0,2.9539525583240764,2.9539525583240764,38.26750183105469,36.28717041015625,12.954677191148166,12.954677191148166,12.284276640767636,2.9036875237344133,2.753422589662976
2019-01-16,2018-09-29,2018-11-05,59531000000.0,265595000000.0,20152998000.0,2.9539525583240764,2.9539525583240764,38.73500061035156,36.730472564697266,13.112939306082778,13.112939306082778,12.434347485098503,2.9391607139833726,2.7870597719663355
2019-01-17,2018-09-29,2018-11-05,59531000000.0,265595000000.0,20152998000.0,2.9539525583240764,2.9539525583240764,38.96500015258789,36.948570251464844,13.190800929685434,13.190800929685434,12.508179979853027,2.956612775636226,2.8036087365373237
2019-01-18,2018-09-29,2018-11-05,59531000000.0,265595000000.0,20152998000.0,2.9539525583240764,2.9539525583240764,39.20500183105469,37.1761474609375,13.272048571185458,13.272048571185458,12.585221572424091,2.9748237861828777,2.820876994777682
2019-01-22,2018-09-29,2018-11-05,59531000000.0,265595000000.0,20152998000.0,2.9539525583240764,2.9539525583240764,38.32500076293945,36.34168243408203,12.974142274201968,12.974142274201968,12.30273056744705,2.9080504667840783,2.757558890079596
2019-01-23,2018-09-29,2018-11-05,59531000000.0,265595000000.0,20152998000.0,2.9539525583240764,2.9539525583240764,38.47999954223633,36.48866653442383,13.02661392912415,13.02661392912415,12.352489017334001,2.9198115695502165,2.7687118495864396
2019-01-24,2018-09-29,2018-11-05,59531000000.0,265595000000.0,20152998000.0,2.9539525583240764,2.9539525583240764,38.17499923706055,36.1994514465332,12.92336233684102,12.92336233684102,12.25458118632445,2.8966685490106467,2.7467665904971135
2019-01-25,2018-09-29,2018-11-05,59531000000.0,265595000000.0,20152998000.0,2.9539525583240764,2.9539525583240764,39.439998626708984,37.398983001708984,13.351601912349347,13.351601912349347,12.66065797039316,2.9926550328284374,2.8377854614562588
2019-01-28,2018-09-29,2018-11-05,59531000000.0,265595000000.0,20152998000.0,2.9539525583240764,2.9539525583240764,39.07500076293945,37.05287551879883,13.2280393782318,13.2280393782318,12.543490386934568,2.9649594767428504,2.81152328253394
2019-01-29,2018-09-29,2018-11-05,59531000000.0,265595000000.0,20152998000.0,2.9539525583240764,2.9539525583240764,38.66999816894531,36.668846130371094,13.090934063912224,13.090934063912224,12.413485120822369,2.9342284145362623,2.7823836394799466
2019-01-30,2018-12-29,2019-01-30,59431000000.0,261612000000.0,19768463000.0,3.0063541105851272,3.0063541105851272,41.3125,39.17457962036133,13.74172784720937,13.74172784720937,13.030593928516549,3.121739934282449,2.9601900056788946
2019-01-31,2018-12-29,2019-01-30,59431000000.0,261612000000.0,19768463000.0,3.0063541105851272,3.0063541105851272,41.61000061035156,39.45669174194336,13.840685122170456,13.840685122170456,13.124432548720582,3.1442202861325637,2.9815075409500054
2019-02-01,2018-12-29,2019-01-30,59431000000.0,261612000000.0,19768463000.0,3.0063541105851272,3.0063541105851272,41.630001068115234,39.475650787353516,13.847337850700754,13.847337850700754,13.130738873495632,3.145731601780486,2.982940163259785
2019-02-04,2018-12-29,2019-01-30,59431000000.0,261612000000.0,19768463000.0,3.0063541105851272,3.0063541105851272,42.8125,40.59695816040039,14.24067106707779,14.24067106707779,13.50371801427577,3.2350860135907373,3.067670692882678
2019-02-05,2018-12-29,2019-01-30,59431000000.0,261612000000.0,19768463000.0,3.0063541105851272,3.0063541105851272,43.54499816894531,41.29154968261719,14.484321063718651,14.484321063718651,13.734759168001206,3.2904365439577052,3.120156843392045
2019-02-06,2018-12-29,2019-01-30,59431000000.0,261612000000.0,19768463000.0,3.0063541105851272,3.0063541105851272,43.560001373291016,41.30577850341797,14.489311561775045,14.489311561775045,13.739492083778055,3.2915702468841364,3.1212320307593435
2019-02-07,2018-12-29,2019-01-30,59431000000.0,261612000000.0,19768463000.0,3.0063541105851272,3.0063541105851272,42.73500061035156,40.52347183227539,14.21489253707177,14.21489253707177,13.479274344161773,3.2292298456137805,3.0621177680988576
2019-02-08,2018-12-29,2019-01-30,59431000000.0,261612000000.0,19768463000.0,3.0063541105851272,3.0063541105851272,42.602500915527344,40.57109069824219,14.170819320826984,14.170819320826984,13.49511375103641,3.2192176316685335,3.0657160426044863
2019-02-11,2018-12-29,2019-01-30,59431000000.0,261612000000.0,19768463000.0,3.0063541105851272,3.0063541105851272,42.35749816894531,40.337772369384766,14.089324347989487,14.089324347989487,13.417505352200116,3.2007042311719767,3.0480855640666524
2019-02-12,2018-12-29,2019-01-30,59431000000.0,261612000000.0,19768463000.0,3.0063541105851272,3.0063541105851272,42.72249984741211,40.685359954833984,14.210734423130555,14.210734423130555,13.533122998246998,3.2282852373020807,3.0743506907512548
2019-02-13,2018-12-29,2019-01-30,59431000000.0,261612000000.0,19768463000.0,3.0063541105851272,3.0063541105851272,42.54499816894531,40.51632308959961,14.15169225047304,14.15169225047304,13.476896466369329,3.214872491085513,3.061577580129335
2019-02-14,2018-12-29,2019-01-30,59431000000.0,261612000000.0,19768463000.0,3.0063541105851272,3.0063541105851272,42.70000076293945,40.663936614990234,14.203250579363303,14.203250579363303,13.525996978139014,3.226585115293413,3.0727318563666026
2019-02-15,2018-12-29,2019-01-30,59431000000.0,261612000000.0,19768463000.0,3.0063541105851272,3.0063541105851272,42.60499954223633,40.57347106933594,14.171650436063937,14.171650436063937,13.49590553104841,3.2194064380292793,3.0658959130916696
2019-02-19,2018-12-29,2019-01-30,59431000000.0,261612000000.0,19768463000.0,3.0063541105851272,3.0063541105851272,42.73249816894531,40.694889068603516,14.214060152956591,14.214060152956591,13.53629265605144,3.2290407509990486,3.075070749207961
2019-02-20,2018-12-29,2019-01-30,59431000000.0,261612000000.0,19768463000.0,3.0063541105851272,3.0063541105851272,43.00749969482422,40.956787109375,14.305533584150425,14.305533584150425,13.62340749054461,3.2498209808404956,3.094860826607941
2019-02-21,2018-12-29,2019-01-30,59431000000.0,261612000000.0,19768463000.0,3.0063541105851272,3.0063541105851272,42.76499938964844,40.72584915161133,14.224870995428105,14.224870995428105,13.546590871720314,3.2314966749586707,3.077410218557291
2019-02-22,2018-12-29,2019-01-30,59431000000.0,261612000000.0,19768463000.0,3.0063541105851272,3.0063541105851272,43.24250030517578,41.18055725097656,14.38370155828366,14.38370155828366,13.69783988718534,3.2675785793860994,3.111769805419139
2019-02-25,2018-12-29,2019-01-30,59431000000.0,261612000000.0,19768463000.0,3.0063541105851272,3.0063541105851272,43.557498931884766,41.480552673339844,14.488479177659867,14.488479177659867,13.797627008505154,3.291381152269405,3.1344386753760136
2019-02-26,2018-12-29,2019-01-30,59431000000.0,261612000000.0,19768463000.0,3.0063541105851272,3.0063541105851272,43.58250045776367,41.50436019897461,14.496795405542297,14.496795405542297,13.805546077503362,3.2932703688928036,3.1362376685018356
2019-02-27,2018-12-29,2019-01-30,59431000000.0,261612000000.0,19768463000.0,3.0063541105851272,3.0063541105851272,43.717498779296875,41.63291931152344,14.541699737024036,14.541699737024036,13.848308542542387,3.303471389198796,3.1459521160796773
2019-02-28,2018-12-29,2019-01-30,59431000000.0,261612000000.0,19768463000.0,3.0063541105851272,3.0063541105851272,43.287498474121094,41.22342300415039,14.398669245818164,14.398669245818164,13.71209827179243,3.2709788234034343,3.115008915458373
2019-03-01,2018-12-29,2019-01-30,59431000000.0,261612000000.0,19768463000.0,3.0063541105851272,3.0063541105851272,43.74250030517578,41.65673065185547,14.550015964906466,14.550015964906466,13.856228880418819,3.3053606058221954,3.1477513974594844
2019-03-04,2018-12-29,2019-01-30,59431000000.0,261612000000.0,19768463000.0,3.0063541105851272,3.0063541105851272,43.962501525878906,41.86623764038086,14.623194709861533,14.623194709861533,13.92591694137868,3.321984789695353,3.163582594617511
2019-03-05,2018-12-29,2019-01-30,59431000000.0,261612000000.0,19768463000.0,3.0063541105851272,3.0063541105851272,43.88249969482422,41.7900505065918,14.596583795740337,14.596583795740337,13.90057490548184,3.315939527103664,3.1578255860116937
2019-03-06,2018-12-29,2019-01-30,59431000000.0,261612000000.0,19768463000.0,3.0063541105851272,3.0063541105851272,43.630001068115234,41.54959487915039,14.51259547719198,14.51259547719198,13.820592435487777,3.2968597075248707,3.1396557842662953
2019-03-07,2018-12-29,2019-01-30,59431000000.0,261612000000.0,19768463000.0,3.0063541105851272,3.0063541105851272,43.125,41.068668365478516,14.344617571217043,14.344617571217043,13.660622419986751,3.2586997801132975,3.1033150277595545
2019-03-08,2018-12-29,2019-01-30,59431000000.0,261612000000.0,19768463000.0,3.0063541105851272,3.0063541105851272,43.227500915527344,41.166290283203125,14.378712329105491,14.378712329105491,13.693094282626248,3.266445164713654,3.1106917355119816
2019-03-11,2018-12-29,2019-01-30,59431000000.0,261612000000.0,19768463000.0,3.0063541105851272,3.0063541105851272,44.724998474121094,42.592369079589844,14.876823164858733,14.876823164858733,14.167449180263095,3.379602149407211,3.21845202908206
2019-03-12,2018-12-29,2019-01-30,59431000000.0,261612000000.0,19768463000.0,3.0063541105851272,3.0063541105851272,45.227500915527344,43.070926666259766,15.043969955596717,15.043969955596717,14.326631222386794,3.4175732704580386,3.254613779863575
2019-03-13,2018-12-29,2019-01-30,59431000000.0,261612000000.0,19768463000.0,3.0063541105851272,3.0063541105851272,45.4275016784668,43.26138687133789,15.110495972021484,15.110495972021484,14.389983774372448,3.432686138683274,3.269005724870147
2019-03-14,2018-12-29,2019-01-30,59431000000.0,261612000000.0,19768463000.0,3.0063541105851272,3.0063541105851272,45.932498931884766,43.74229049682617,15.278472609118197,15.278472609118197,14.549946176604127,3.4708457778408617,3.305344751852972
2019-03-15,2018-12-29,2019-01-30,59431000000.0,261612000000.0,19768463000.0,3.0063541105851272,3.0063541105851272,46.529998779296875,44.31131362915039,15.477218274277321,15.477218274277321,14.739219665818432,3.5159952879018372,3.34834244590942
2019-03-18,2018-12-29,2019-01-30,59431000000.0,261612000000.0,19768463000.0,3.0063541105851272,3.0063541105851272,47.005001068115234,44.763668060302734,15.635217721895922,15.635217721895922,14.889685783419031,3.55188838596852,3.3825241800619863
2019-03-19,2018-12-29,2019-01-30,59431000000.0,261612000000.0,19768463000.0,3.0063541105851272,3.0063541105851272,46.63249969482422,44.40891647338867,15.51131303216577,15.51131303216577,14.771685184066808,3.523740672502193,3.3557177123919177
2019-03-20,2018-12-29,2019-01-30,59431000000.0,261612000000.0,19768463000.0,3.0063541105851272,3.0063541105851272,47.040000915527344,44.79698944091797,15.64685967960439,15.64685967960439,14.900769434708781,3.554533116288887,3.38504207862857
2019-03-21,2018-12-29,2019-01-30,59431000000.0,261612000000.0,19768463000.0,3.0063541105851272,3.0063541105851272,48.772499084472656,46.44688415527344,16.223138489490864,16.223138489490864,15.44957195552505,3.685447699528048,3.5097148100576776
2019-03-22,2018-12-29,2019-01-30,59431000000.0,261612000000.0,19768463000.0,3.0063541105851272,3.0063541105851272,47.76250076293945,45.485050201416016,15.887183946419215,15.887183946419215,15.129638268914121,3.609128132958887,3.437034738314126
2019-03-25,2018-12-29,2019-01-30,59431000000.0,261612000000.0,19768463000.0,3.0063541105851272,3.0063541105851272,47.185001373291016,44.935089111328125,15.69509100979039,15.69509100979039,14.946705364186922,3.565489938545834,3.395477449425076
2019-03-26,2018-12-29,2019-01-30,59431000000.0,261612000000.0,19768463000.0,3.0063541105851272,3.0063541105851272,46.6974983215332,44.4708251953125,15.532933448230574,15.532933448230574,14.792277808769883,3.528652232167451,3.36039578632862
2019-03-27,2018-12-29,2019-01-30,59431000000.0,261612000000.0,19768463000.0,3.0063541105851272,3.0063541105851272,47.11750030517578,44.87079620361328,15.672638209610408,15.672638209610408,14.925319690593623,3.560389284265845,3.3906192167472047
2019-03-28,2018-12-29,2019-01-30,59431000000.0,261612000000.0,19768463000.0,3.0063541105851272,3.0063541105851272,47.18000030517578,44.930320739746094,15.693427510438259,15.693427510438259,14.945119266406477,3.5651120375703567,3.3951171319427367
2019-03-29,2018-12-29,2019-01-30,59431000000.0,261612000000.0,19768463000.0,3.0063541105851272,3.0063541105851272,47.48749923706055,45.22315216064453,15.795710515225382,15.795710515225382,15.04252343442095,3.5883479031174397,3.417244660914146
2019-04-01,2018-12-29,2019-01-30,59431000000.0,261612000000.0,19768463000.0,3.0063541105851272,3.0063541105851272,47.810001373291016,45.5302848815918,15.902984018068897,15.902984018068897,15.144684626898536,3.612717471590954,3.440452854078585
2019-04-02,2018-12-29,2019-01-30,59431000000.0,261612000000.0,19768463000.0,3.0063541105851272,3.0063541105851272,48.505001068115234,46.192134857177734,16.134160941764343,16.134160941764343,15.364834998824323,3.6652344652768085,3.49046492062722
2019-04-03,2018-12-29,2019-01-30,59431000000.0,261612000000.0,19768463000.0,3.0063541105851272,3.0063541105851272,48.837501525878906,46.508785247802734,16.244760174433893,16.244760174433893,15.470162042471678,3.6903595474472914,3.514392307486408
2019-04-04,2018-12-29,2019-01-30,59431000000.0,261612000000.0,19768463000.0,3.0063541105851272,3.0063541105851272,48.92250061035156,46.58973693847656,16.273033319028997,16.273033319028997,15.497088907270738,3.696782422760471,3.5205093453205785
2019-04-05,2018-12-29,2019-01-30,59431000000.0,261612000000.0,19768463000.0,3.0063541105851272,3.0063541105851272,49.25,46.901615142822266,16.38196905234642,16.38196905234642,15.600828584259423,3.721529603955476,3.544076126443442
2019-04-08,2018-12-29,2019-01-30,59431000000.0,261612000000.0,19768463000.0,3.0063541105851272,3.0063541105851272,50.025001525878906,47.639652252197266,16.63975689016306,16.63975689016306,15.84632099208205,3.7800918602330196,3.5998452015978946
2019-04-09,2018-12-29,2019-01-30,59431000000.0,261612000000.0,19768463000.0,3.0063541105851272,3.0063541105851272,49.875,47.4968147277832,16.589862060624927,16.589862060624927,15.79880911584926,3.768757137000596,3.589051819350937
2019-04-10,2018-12-29,2019-01-30,59431000000.0,261612000000.0,19768463000.0,3.0063541105851272,3.0063541105851272,50.154998779296875,47.763458251953125,16.68299772229267,16.68299772229267,15.887502434853529,3.7899149795635347,3.6092004847093406
2019-04-11,2018-12-29,2019-01-30,59431000000.0,261612000000.0,19768463000.0,3.0063541105851272,3.0063541105851272,49.73749923706055,47.365867614746094,16.54412534502801,16.54412534502801,15.755252333041787,3.7583670220798724,3.57915692477794
2019-04-12,2018-12-29,2019-01-30,59431000000.0,261612000000.0,19768463000.0,3.0063541105851272,3.0063541105851272,49.717498779296875,47.34682083129883,16.537472616497713,16.537472616497713,15.748916824067578,3.7568557064319505,3.5777176726264854
2019-04-15,2018-12-29,2019-01-30,59431000000.0,261612000000.0,19768463000.0,3.0063541105851272,3.0063541105851272,49.807498931884766,47.43254089355469,16.567409260444947,16.567409260444947,15.777429786647083,3.7636564827206076,3.584195027942995
2019-04-16,2018-12-29,2019-01-30,59431000000.0,261612000000.0,19768463000.0,3.0063541105851272,3.0063541105851272,49.8125,47.43730545043945,16.569072759797077,16.569072759797077,15.779014615549304,3.7640343836960843,3.584555057171348
2019-04-17,2018-12-29,2019-01-30,59431000000.0,261612000000.0,19768463000.0,3.0063541105851272,3.0063541105851272,50.782501220703125,48.36104202270508,16.891723114686354,16.891723114686354,16.08627601533359,3.8373316072233865,3.6543563363580054
2019-04-18,2018-12-29,2019-01-30,59431000000.0,261612000000.0,19768463000.0,3.0063541105851272,3.0063541105851272,50.96500015258789,48.53483963012695,16.952427517817775,16.952427517817775,16.144086107235253,3.8511219661614455,3.667489187954293
2019-04-22,2018-12-29,2019-01-30,59431000000.0,261612000000.0,19768463000.0,3.0063541105851272,3.0063541105851272,51.13249969482422,48.69434356689453,17.008142691771027,17.008142691771027,16.19714171243026,3.863778910427059,3.6795419518655206
2019-04-23,2018-12-29,2019-01-30,59431000000.0,261612000000.0,19768463000.0,3.0063541105851272,3.0063541105851272,51.869998931884766,49.39668655395508,17.253456187764023,17.253456187764023,16.430761226707585,3.919507341769504,3.7326138344741775
2019-04-24,2018-12-29,2019-01-30,59431000000.0,261612000000.0,19768463000.0,3.0063541105851272,3.0063541105851272,51.790000915527344,49.32050704956055,17.22684654252105,17.22684654252105,16.405421728567195,3.913462367431801,3.7268574023763312
2019-04-25,2018-12-29,2019-01-30,59431000000.0,261612000000.0,19768463000.0,3.0063541105851272,3.0063541105851272,51.31999969482422,48.87291717529297,17.07051059425458,17.07051059425458,16.256540439868818,3.877947170340595,3.693035697452118
2019-04-26,2018-12-29,2019-01-30,59431000000.0,261612000000.0,19768463000.0,3.0063541105851272,3.0063541105851272,51.07500076293945,48.63959884643555,16.989016890295307,16.989016890295307,16.17893204103252,3.8594340580980244,3.6754052189142845
2019-04-29,2018-12-29,2019-01-30,59431000000.0,261612000000.0,19768463000.0,3.0063541105851272,3.0063541105851272,51.15250015258789,48.71339797973633,17.014795420301326,17.014795420301326,16.203479759160917,3.8652902260749817,3.680981780524947
2019-04-30,2018-12-29,2019-01-30,59431000000.0,261612000000.0,19768463000.0,3.0063541105851272,3.0063541105851272,50.16749954223633,47.77535629272461,16.68715583623388,16.68715583623388,15.891460066035297,3.7908595878752345,3.6100995488912724
2019-05-01,2019-03-30,2019-05-01,57170000000.0,258490000000.0,19400616000.0,2.9468136475666546,2.9468136475666546,52.630001068115234,50.120452880859375,17.859969228653025,17.859969228653025,17.00835508286945,3.950073274796292,3.761722542797193
2019-05-02,2019-03-30,2019-05-01,57170000000.0,258490000000.0,19400616000.0,2.9468136475666546,2.9468136475666546,52.287498474121094,49.794281005859375,17.743741114168433,17.743741114168433,16.897668791162697,3.924367207617352,3.7372421555602595
2019-05-03,2019-03-30,2019-05-01,57170000000.0,258490000000.0,19400616000.0,2.9468136475666546,2.9468136475666546,52.9375,50.41327667236328,17.964318864789224,17.964318864789224,17.10772471614969,3.973152189639831,3.783700034903779
2019-05-06,2019-03-30,2019-05-01,57170000000.0,258490000000.0,19400616000.0,2.9468136475666546,2.9468136475666546,52.119998931884766,49.63475799560547,17.686900213362016,17.686900213362016,16.843534723205725,3.911795756887719,3.7252693726088877
2019-05-07,2019-03-30,2019-05-01,57170000000.0,258490000000.0,19400616000.0,2.9468136475666546,2.9468136475666546,50.71500015258789,48.29676055908203,17.210114455139042,17.210114455139042,16.389485843111697,3.806345481064254,3.6248477916000454
2019-05-08,2019-03-30,2019-05-01,57170000000.0,258490000000.0,19400616000.0,2.9468136475666546,2.9468136475666546,50.724998474121094,48.30628204345703,17.213507381441477,17.213507381441477,16.392716954920502,3.80709589151228,3.625562413682561
2019-05-09,2019-03-30,2019-05-01,57170000000.0,258490000000.0,19400616000.0,2.9468136475666546,2.9468136475666546,50.18000030517578,47.78727340698242,17.028562476833972,17.028562476833972,16.216591587473808,3.7661917938821547,3.586608925126224
2019-05-10,2019-03-30,2019-05-01,57170000000.0,258490000000.0,19400616000.0,2.9468136475666546,2.9468136475666546,49.29499816894531,47.12525177001953,16.728237365688493,16.728237365688493,15.99193481709759,3.6997691601083647,3.536921789985954
2019-05-13,2019-03-30,2019-05-01,57170000000.0,258490000000.0,19400616000.0,2.9468136475666546,2.9468136475666546,46.43000030517578,44.38634490966797,15.75600151828928,15.75600151828928,15.06248789987796,3.4847406352299823,3.3313568541762657
2019-05-14,2019-03-30,2019-05-01,57170000000.0,258490000000.0,19400616000.0,2.9468136475666546,2.9468136475666546,47.165000915527344,45.08900451660156,16.00542367328659,16.00542367328659,15.300935148659306,3.5399051081349158,3.3840940169788096
2019-05-15,2019-03-30,2019-05-01,57170000000.0,258490000000.0,19400616000.0,2.9468136475666546,2.9468136475666546,47.72999954223633,45.62913513183594,16.197155725014916,16.197155725014916,15.484228250915837,3.5823103129680174,3.4246327869738034
2019-05-16,2019-03-30,2019-05-01,57170000000.0,258490000000.0,19400616000.0,2.9468136475666546,2.9468136475666546,47.52000045776367,45.428382873535156,16.125892622020242,16.125892622020242,15.416103054581635,3.5665491167971575,3.4095655987869247
2019-05-17,2019-03-30,2019-05-01,57170000000.0,258490000000.0,19400616000.0,2.9468136475666546,2.9468136475666546,47.25,45.170257568359375,16.03426807766311,16.03426807766311,15.328508338373867,3.54628459901737,3.3901923544618127
2019-05-20,2019-03-30,2019-05-01,57170000000.0,258490000000.0,19400616000.0,2.9468136475666546,2.9468136475666546,45.772499084472656,43.757781982421875,15.532878749312674,15.532878749312674,14.849185328890774,3.4353927737947525,3.284180917067142
2019-05-21,2019-03-30,2019-05-01,57170000000.0,258490000000.0,19400616000.0,2.9468136475666546,2.9468136475666546,46.650001525878906,44.596656799316406,15.83065884210234,15.83065884210234,15.133857153180456,3.501252528155792,3.347141527514901
2019-05-22,2019-03-30,2019-05-01,57170000000.0,258490000000.0,19400616000.0,2.9468136475666546,2.9468136475666546,45.69499969482422,43.68370056152344,15.50657936329197,15.50657936329197,14.82404582916041,3.429576162325049,3.278620836601418
2019-05-23,2019-03-30,2019-05-01,57170000000.0,258490000000.0,19400616000.0,2.9468136475666546,2.9468136475666546,44.915000915527344,42.93804168701172,15.241887098159776,15.241887098159776,14.571006796601479,3.3710344129436125,3.222656422150592
2019-05-24,2019-03-30,2019-05-01,57170000000.0,258490000000.0,19400616000.0,2.9468136475666546,2.9468136475666546,44.74250030517578,42.773128509521484,15.183349086944169,15.183349086944169,14.515043577608512,3.358087613836505,3.2102790875154885
2019-05-28,2019-03-30,2019-05-01,57170000000.0,258490000000.0,19400616000.0,2.9468136475666546,2.9468136475666546,44.557498931884766,42.596275329589844,15.120568946963555,15.120568946963555,14.455028523695049,3.3442025869391716,3.197005612208
2019-05-29,2019-03-30,2019-05-01,57170000000.0,258490000000.0,19400616000.0,2.9468136475666546,2.9468136475666546,44.345001220703125,42.393123626708984,15.04845793602226,15.04845793602226,14.386089076828902,3.3282538597330364,3.1817583369658724
2019-05-30,2019-03-30,2019-05-01,57170000000.0,258490000000.0,19400616000.0,2.9468136475666546,2.9468136475666546,44.57500076293945,42.613014221191406,15.126508186137753,15.126508186137753,14.460708859679439,3.345516163106872,3.1982619269908836
2019-05-31,2019-03-30,2019-05-01,57170000000.0,258490000000.0,19400616000.0,2.9468136475666546,2.9468136475666546,43.76750183105469,41.8410530090332,14.852483755528928,14.852483755528928,14.198744139651875,3.28491042710971,3.140323426298494
2019-06-03,2019-03-30,2019-05-01,57170000000.0,258490000000.0,19400616000.0,2.9468136475666546,2.9468136475666546,43.32500076293945,41.41802215576172,14.70232119995619,14.70232119995619,14.055188793483039,3.2516991102228148,3.108573419952127
2019-06-04,2019-03-30,2019-05-01,57170000000.0,258490000000.0,19400616000.0,2.9468136475666546,2.9468136475666546,44.90999984741211,42.93326187133789,15.240189987750584,15.240189987750584,14.569384768117331,3.3706590645661376,3.222297679574714
2019-06-05,2019-03-30,2019-05-01,57170000000.0,258490000000.0,19400616000.0,2.9468136475666546,2.9468136475666546,45.6349983215332,43.62635040283203,15.486217921929512,15.486217921929512,14.804584076382534,3.4250728407161213,3.2743164983047297
2019-06-06,2019-03-30,2019-05-01,57170000000.0,258490000000.0,19400616000.0,2.9468136475666546,2.9468136475666546,46.30500030517578,44.26687240600586,15.713582819671123,15.713582819671123,15.021944954869962,3.4753589299415766,3.3223900076208586
2019-06-07,2019-03-30,2019-05-01,57170000000.0,258490000000.0,19400616000.0,2.9468136475666546,2.9468136475666546,47.537498474121094,45.44511032104492,16.131830566678488,16.131830566678488,15.421779507018178,3.567862406657934,3.410821054649036
2019-06-10,2019-03-30,2019-05-01,57170000000.0,258490000000.0,19400616000.0,2.9468136475666546,2.9468136475666546,48.14500045776367,46.02587127685547,16.337986115111022,16.337986115111022,15.618860498647939,3.6134576432391863,3.4544092796924546
2019-06-11,2019-03-30,2019-05-01,57170000000.0,258490000000.0,19400616000.0,2.9468136475666546,2.9468136475666546,48.70249938964844,46.55883026123047,16.527173148483534,16.527173148483534,15.799719910920272,3.655299968659537,3.494409792670169
2019-06-12,2019-03-30,2019-05-01,57170000000.0,258490000000.0,19400616000.0,2.9468136475666546,2.9468136475666546,48.54750061035156,46.410648345947266,16.474574376442124,16.474574376442124,15.749434438879797,3.6436667457201297,3.483288200204101
2019-06-13,2019-03-30,2019-05-01,57170000000.0,258490000000.0,19400616000.0,2.9468136475666546,2.9468136475666546,48.537498474121094,46.40108871459961,16.471180155623742,16.471180155623742,15.746190381911502,3.6429160489651795,3.482570715052345
2019-06-14,2019-03-30,2019-05-01,57170000000.0,258490000000.0,19400616000.0,2.9468136475666546,2.9468136475666546,48.185001373291016,46.06411361694336,16.35156040935266,16.35156040935266,15.631838021037069,3.616459857645138,3.4572795066064033
2019-06-17,2019-03-30,2019-05-01,57170000000.0,258490000000.0,19400616000.0,2.9468136475666546,2.9468136475666546,48.47249984741211,46.33895492553711,16.449122898368042,16.449122898368042,15.725105306133532,3.6380376652857014,3.477907347872854
2019-06-18,2019-03-30,2019-05-01,57170000000.0,258490000000.0,19400616000.0,2.9468136475666546,2.9468136475666546,49.61249923706055,47.428775787353516,16.835981222643074,16.835981222643074,16.09493556761489,3.723598771706854,3.559702373014597
2019-06-19,2019-03-30,2019-05-01,57170000000.0,258490000000.0,19400616000.0,2.9468136475666546,2.9468136475666546,49.467498779296875,47.2901496887207,16.7867753769041,16.7867753769041,16.04789285802676,3.712715959215472,3.5492979793933612
2019-06-20,2019-03-30,2019-05-01,57170000000.0,258490000000.0,19400616000.0,2.9468136475666546,2.9468136475666546,49.8650016784668,47.67015838623047,16.92166782234196,16.92166782234196,16.17684865332232,3.7425499996258647,3.5778190162499013
2019-06-21,2019-03-30,2019-05-01,57170000000.0,258490000000.0,19400616000.0,2.9468136475666546,2.9468136475666546,49.69499969482422,47.50764846801758,16.863977719072974,16.863977719072974,16.12170097937725,3.7297907315540324,3.5656220549769713
2019-06-24,2019-03-30,2019-05-01,57170000000.0,258490000000.0,19400616000.0,2.9468136475666546,2.9468136475666546,49.64500045776367,47.45984649658203,16.8470104985289,16.8470104985289,16.105479400019824,3.726038106700055,3.5620343429112666
2019-06-25,2019-03-30,2019-05-01,57170000000.0,258490000000.0,19400616000.0,2.9468136475666546,2.9468136475666546,48.89250183105469,46.740478515625,16.59165039887334,16.59165039887334,15.86136217138168,3.669560343934345,3.5080431557812317
2019-06-26,2019-03-30,2019-05-01,57170000000.0,258490000000.0,19400616000.0,2.9468136475666546,2.9468136475666546,49.95000076293945,47.75141906738281,16.950512226718477,16.950512226718477,16.204424432068777,3.748929490508319,3.5839179263467527
2019-06-27,2019-03-30,2019-05-01,57170000000.0,258490000000.0,19400616000.0,2.9468136475666546,2.9468136475666546,49.935001373291016,47.73707580566406,16.945422190006852,16.945422190006852,16.199557052100385,3.747803731682818,3.5828414123121943
2019-06-28,2019-03-30,2019-05-01,57170000000.0,258490000000.0,19400616000.0,2.9468136475666546,2.9468136475666546,49.47999954223633,47.30210494995117,16.791017505669107,16.791017505669107,16.051949871011054,3.7136541870056976,3.5501952652934423
2019-07-01,2019-03-30,2019-05-01,57170000000.0,258490000000.0,19400616000.0,2.9468136475666546,2.9468136475666546,50.38750076293945,48.169673919677734,17.098977671882025,17.098977671882025,16.346359044269416,3.781765459017739,3.615309476424166
2019-07-02,2019-03-30,2019-05-01,57170000000.0,258490000000.0,19400616000.0,2.9468136475666546,2.9468136475666546,50.682498931884766,48.45167922973633,17.199085179253217,17.199085179253217,16.44205743031818,3.803906146071053,3.6364750020940475
2019-07-03,2019-03-30,2019-05-01,57170000000.0,258490000000.0,19400616000.0,2.9468136475666546,2.9468136475666546,51.102500915527344,48.85319137573242,17.341612679758516,17.341612679758516,16.578310412018478,3.835428824719697,3.6666099510816528
2019-07-05,2019-03-30,2019-05-01,57170000000.0,258490000000.0,19400616000.0,2.9468136475666546,2.9468136475666546,51.057498931884766,48.810176849365234,17.326341275107687,17.326341275107687,16.563713450177097,3.8320512619362703,3.6633815542056745
2019-07-08,2019-03-30,2019-05-01,57170000000.0,258490000000.0,19400616000.0,2.9468136475666546,2.9468136475666546,50.005001068115234,47.80399703979492,16.96917655767174,16.96917655767174,16.222266745394403,3.7530574637397716,3.5878640946814113
2019-07-09,2019-03-30,2019-05-01,57170000000.0,258490000000.0,19400616000.0,2.9468136475666546,2.9468136475666546,50.310001373291016,48.0955810546875,17.07267828586132,17.07267828586132,16.321215660991204,3.7759488475480354,3.6097485370376696
2019-07-10,2019-03-30,2019-05-01,57170000000.0,258490000000.0,19400616000.0,2.9468136475666546,2.9468136475666546,50.807498931884766,48.57117462158203,17.241503877871374,17.241503877871374,16.48260814242187,3.813287851359459,3.6454435664909988
2019-07-11,2019-03-30,2019-05-01,57170000000.0,258490000000.0,19400616000.0,2.9468136475666546,2.9468136475666546,50.4375,48.21746063232422,17.115944892426096,17.115944892426096,16.362575445563046,3.7855180838717164,3.618896043262174
2019-07-12,2019-03-30,2019-05-01,57170000000.0,258490000000.0,19400616000.0,2.9468136475666546,2.9468136475666546,50.82500076293945,48.5879020690918,17.24744311704557,17.24744311704557,16.488284594858413,3.814601427527159,3.64669902235311
2019-07-15,2019-03-30,2019-05-01,57170000000.0,258490000000.0,19400616000.0,2.9468136475666546,2.9468136475666546,51.3025016784668,49.04439926147461,17.409482856450758,17.409482856450758,16.64319672944818,3.850439610442531,3.6809607993444717
2019-07-16,2019-03-30,2019-05-01,57170000000.0,258490000000.0,19400616000.0,2.9468136475666546,2.9468136475666546,51.125,48.87471008300781,17.34924773482596,17.34924773482596,16.585612776487014,3.837117462957948,3.668225008440414
2019-07-17,2019-03-30,2019-05-01,57170000000.0,258490000000.0,19400616000.0,2.9468136475666546,2.9468136475666546,50.837501525878906,48.5998649597168,17.251685245810577,17.251685245810577,16.4923441968746,3.8155396553173846,3.6475968808670394
2019-07-18,2019-03-30,2019-05-01,57170000000.0,258490000000.0,19400616000.0,2.9468136475666546,2.9468136475666546,51.415000915527344,49.151939392089844,17.447659426303908,17.447659426303908,16.67969042856758,3.858883087940711,3.689032077841342
2019-07-19,2019-03-30,2019-05-01,57170000000.0,258490000000.0,19400616000.0,2.9468136475666546,2.9468136475666546,50.647499084472656,48.41822814941406,17.18720799542077,17.18720799542077,16.430705819961045,3.8012792800425763,3.633964376676749
2019-07-22,2019-03-30,2019-05-01,57170000000.0,258490000000.0,19400616000.0,2.9468136475666546,2.9468136475666546,51.80500030517578,49.5247688293457,17.580005558870003,17.580005558870003,16.806209944847044,3.888153962631429,3.717014285066755
2019-07-23,2019-03-30,2019-05-01,57170000000.0,258490000000.0,19400616000.0,2.9468136475666546,2.9468136475666546,52.209999084472656,49.911949157714844,17.717441728147726,17.717441728147726,16.9375994301268,3.9185505961476483,3.7460735789405746
2019-07-24,2019-03-30,2019-05-01,57170000000.0,258490000000.0,19400616000.0,2.9468136475666546,2.9468136475666546,52.16749954223633,49.871307373046875,17.70301952595947,17.70301952595947,16.92380765720572,3.915360850706421,3.743023264971377
2019-07-25,2019-03-30,2019-05-01,57170000000.0,258490000000.0,19400616000.0,2.9468136475666546,2.9468136475666546,51.755001068115234,49.476966857910156,17.56303833832593,17.56303833832593,16.78998836548962,3.884401337777452,3.7134265730010503
2019-07-26,2019-03-30,2019-05-01,57170000000.0,258490000000.0,19400616000.0,2.9468136475666546,2.9468136475666546,51.935001373291016,49.649051666259766,17.624121367897352,17.624121367897352,16.848385274466782,3.89791101629731,3.726342164653433
2019-07-29,2019-03-30,2019-05-01,57170000000.0,258490000000.0,19400616000.0,2.9468136475666546,2.9468136475666546,52.41999816894531,50.11269760131836,17.7887048311424,17.7887048311424,17.005723331945052,3.934311792318508,3.7611404808205293
2019-07-30,2019-03-30,2019-05-01,57170000000.0,258490000000.0,19400616000.0,2.9468136475666546,2.9468136475666546,52.19499969482422,49.897605895996094,17.7123516914361,17.7123516914361,16.932732050158407,3.917424837322147,3.7449970649060162
2019-07-31,2019-06-29,2019-07-31,55695000000.0,259034000000.0,19075387000.0,2.9197310649582104,2.9197310649582104,53.2599983215332,50.91572189331055,18.24140550502911,18.24140550502911,17.438497163107485,3.92209161578247,3.749457984277243
2019-08-01,2019-06-29,2019-07-31,55695000000.0,259034000000.0,19075387000.0,2.9197310649582104,2.9197310649582104,52.10749816894531,49.813961029052734,17.846677317073762,17.846677317073762,17.0611470442966,3.837220956223597,3.6683237900511094
2019-08-02,2019-06-29,2019-07-31,55695000000.0,259034000000.0,19075387000.0,2.9197310649582104,2.9197310649582104,51.005001068115234,48.759986877441406,17.469075039226347,17.469075039226347,16.70016374543705,3.756032545186004,3.590708632079636
2019-08-05,2019-06-29,2019-07-31,55695000000.0,259034000000.0,19075387000.0,2.9197310649582104,2.9197310649582104,48.334999084472656,46.20751190185547,16.554606574754676,16.554606574754676,15.825947963641243,3.5594123288099695,3.402743160492441
2019-08-06,2019-06-29,2019-07-31,55695000000.0,259034000000.0,19075387000.0,2.9197310649582104,2.9197310649582104,49.25,47.08224105834961,16.867991915791364,16.867991915791364,16.12554033603211,3.6267934315572474,3.4671586317445136
2019-08-07,2019-06-29,2019-07-31,55695000000.0,259034000000.0,19075387000.0,2.9197310649582104,2.9197310649582104,49.7599983215332,47.569786071777344,17.04266496279013,17.04266496279013,16.292523185678473,3.6643499505956605,3.503061678491482
2019-08-08,2019-06-29,2019-07-31,55695000000.0,259034000000.0,19075387000.0,2.9197310649582104,2.9197310649582104,50.85749816894531,48.61897659301758,17.418555694845555,17.418555694845555,16.651868104062334,3.745170361514022,3.580324567646532
2019-08-09,2019-06-29,2019-07-31,55695000000.0,259034000000.0,19075387000.0,2.9197310649582104,2.9197310649582104,50.247501373291016,48.21833801269531,17.209633440677933,17.209633440677933,16.514650472914514,3.7002499072652917,3.5508213519807206
2019-08-12,2019-06-29,2019-07-31,55695000000.0,259034000000.0,19075387000.0,2.9197310649582104,2.9197310649582104,50.119998931884766,48.095985412597656,17.165964199035614,17.165964199035614,16.472745038004398,3.6908605668185976,3.5418112482981194
2019-08-13,2019-06-29,2019-07-31,55695000000.0,259034000000.0,19075387000.0,2.9197310649582104,2.9197310649582104,52.24250030517578,50.13277053833008,17.89291518392757,17.89291518392757,17.170338439731477,3.847162577765259,3.6918010739935476
2019-08-14,2019-06-29,2019-07-31,55695000000.0,259034000000.0,19075387000.0,2.9197310649582104,2.9197310649582104,50.6875,48.64057159423828,17.3603317813538,17.3603317813538,16.659264333626037,3.7326516154732583,3.581914833810628
2019-08-15,2019-06-29,2019-07-31,55695000000.0,259034000000.0,19075387000.0,2.9197310649582104,2.9197310649582104,50.435001373291016,48.398258209228516,17.273851684012165,17.273851684012165,16.576272654043645,3.714057496471728,3.5640707608536366
2019-08-16,2019-06-29,2019-07-31,55695000000.0,259034000000.0,19075387000.0,2.9197310649582104,2.9197310649582104,51.625,49.540199279785156,17.681422998024956,17.681422998024956,16.967384384936224,3.8016895615054396,3.648163844588059
2019-08-19,2019-06-29,2019-07-31,55695000000.0,259034000000.0,19075387000.0,2.9197310649582104,2.9197310649582104,52.587501525878906,50.463844299316406,18.011077169750077,18.011077169750077,17.283730308236002,3.872568631798261,3.7161815032667693
2019-08-20,2019-06-29,2019-07-31,55695000000.0,259034000000.0,19075387000.0,2.9197310649582104,2.9197310649582104,52.59000015258789,50.46623611450195,18.011932942646073,18.011932942646073,17.284549498473847,3.872752631857876,3.716357637674981
2019-08-21,2019-06-29,2019-07-31,55695000000.0,259034000000.0,19075387000.0,2.9197310649582104,2.9197310649582104,53.15999984741211,51.013221740722656,18.207156297860255,18.207156297860255,17.471890597380344,3.9147276805721525,3.7566379194279453
2019-08-22,2019-06-29,2019-07-31,55695000000.0,259034000000.0,19075387000.0,2.9197310649582104,2.9197310649582104,53.1150016784668,50.97004699707031,18.191744546591323,18.191744546591323,17.457103364346963,3.911413994002346,3.7534585107642395
2019-08-23,2019-06-29,2019-07-31,55695000000.0,259034000000.0,19075387000.0,2.9197310649582104,2.9197310649582104,50.65999984741211,48.61418533325195,17.35091305340384,17.35091305340384,16.650227110539635,3.7306264911530027,3.579971736997865
2019-08-26,2019-06-29,2019-07-31,55695000000.0,259034000000.0,19075387000.0,2.9197310649582104,2.9197310649582104,51.622501373291016,49.537811279296875,17.68056722512896,17.68056722512896,16.966566501221887,3.801505561445824,3.647987991095968
2019-08-27,2019-06-29,2019-07-31,55695000000.0,259034000000.0,19075387000.0,2.9197310649582104,2.9197310649582104,51.040000915527344,48.97883224487305,17.4810623923878,17.4810623923878,16.775117692414618,3.7586099506012274,3.60682450905685
2019-08-28,2019-06-29,2019-07-31,55695000000.0,259034000000.0,19075387000.0,2.9197310649582104,2.9197310649582104,51.38249969482422,49.3075065612793,17.598367298790805,17.598367298790805,16.88768775763429,3.783831723658492,3.6310282420896165
2019-08-29,2019-06-29,2019-07-31,55695000000.0,259034000000.0,19075387000.0,2.9197310649582104,2.9197310649582104,52.252498626708984,50.14236068725586,17.896339582035054,17.896339582035054,17.173623039823887,3.847898858919842,3.6925072971231248
2019-08-30,2019-06-29,2019-07-31,55695000000.0,259034000000.0,19075387000.0,2.9197310649582104,2.9197310649582104,52.185001373291016,50.077598571777344,17.873221955131655,17.873221955131655,17.151442190273812,3.842928329065133,3.6877381841275665
2019-09-03,2019-06-29,2019-07-31,55695000000.0,259034000000.0,19075387000.0,2.9197310649582104,2.9197310649582104,51.42499923706055,49.348289489746094,17.61292327716374,17.61292327716374,16.901655800429825,3.7869614101686833,3.63403151634511
2019-09-04,2019-06-29,2019-07-31,55695000000.0,259034000000.0,19075387000.0,2.9197310649582104,2.9197310649582104,52.29750061035156,50.185550689697266,17.911752639827494,17.911752639827494,17.188415498951294,3.8512128264057703,3.6956878294513165
2019-09-05,2019-06-29,2019-07-31,55695000000.0,259034000000.0,19075387000.0,2.9197310649582104,2.9197310649582104,53.31999969482422,51.1667594909668,18.261955813244526,18.261955813244526,17.524476861946578,3.926510145458333,3.7679445124042195
2019-09-06,2019-06-29,2019-07-31,55695000000.0,259034000000.0,19075387000.0,2.9197310649582104,2.9197310649582104,53.314998626708984,51.16195297241211,18.26024296092903,18.26024296092903,17.522830642329854,3.9261418644229806,3.7675905580910665
2019-09-09,2019-06-29,2019-07-31,55695000000.0,259034000000.0,19075387000.0,2.9197310649582104,2.9197310649582104,53.54249954223633,51.38026809692383,18.338161409740206,18.338161409740206,17.597602982540185,3.9428951400799925,3.7836673877273856
2019-09-10,2019-06-29,2019-07-31,55695000000.0,259034000000.0,19075387000.0,2.9197310649582104,2.9197310649582104,54.17499923706055,51.987220764160156,18.5547908460658,18.5547908460658,17.805482630950547,3.989472718529748,3.828363670911119
2019-09-11,2019-06-29,2019-07-31,55695000000.0,259034000000.0,19075387000.0,2.9197310649582104,2.9197310649582104,55.897499084472656,53.640159606933594,19.144742389235326,19.144742389235326,18.37160971800029,4.116318426802898,3.9500868737077997
2019-09-12,2019-06-29,2019-07-31,55695000000.0,259034000000.0,19075387000.0,2.9197310649582104,2.9197310649582104,55.772499084472656,53.52021789550781,19.101930227012506,19.101930227012506,18.330530005945544,4.10711336733194,3.9412543090140177
2019-09-13,2019-06-29,2019-07-31,55695000000.0,259034000000.0,19075387000.0,2.9197310649582104,2.9197310649582104,54.6875,52.47904586791992,18.730320972484066,18.730320972484066,17.973931399969896,4.027213518543897,3.8645819055464665
2019-09-16,2019-06-29,2019-07-31,55695000000.0,259034000000.0,19075387000.0,2.9197310649582104,2.9197310649582104,54.974998474121094,52.754920959472656,18.82878842298715,18.82878842298715,18.068417873352224,4.048385042960651,3.8848974785408568
2019-09-17,2019-06-29,2019-07-31,55695000000.0,259034000000.0,19075387000.0,2.9197310649582104,2.9197310649582104,55.17499923706055,52.94684600830078,18.897288143848364,18.897288143848364,18.134151683952645,4.063113194297407,3.899030930448291
2019-09-18,2019-06-29,2019-07-31,55695000000.0,259034000000.0,19075387000.0,2.9197310649582104,2.9197310649582104,55.692501068115234,53.44345474243164,19.074531122582123,19.074531122582123,18.304238833447684,4.10122227534691,3.935601433900063
2019-09-19,2019-06-29,2019-07-31,55695000000.0,259034000000.0,19075387000.0,2.9197310649582104,2.9197310649582104,55.2400016784668,53.00921630859375,18.919551304379272,18.919551304379272,18.155513343264875,4.067900005008623,3.903623909035637
2019-09-20,2019-06-29,2019-07-31,55695000000.0,259034000000.0,19075387000.0,2.9197310649582104,2.9197310649582104,54.432498931884766,52.23433303833008,18.642983795722927,18.642983795722927,17.89011791710265,4.008435118566631,3.8465611363490204
2019-09-23,2019-06-29,2019-07-31,55695000000.0,259034000000.0,19075387000.0,2.9197310649582104,2.9197310649582104,54.68000030517578,52.47184371948242,18.727752347272574,18.727752347272574,17.971464683591822,4.026661237448931,3.8640515359089798
2019-09-24,2019-06-29,2019-07-31,55695000000.0,259034000000.0,19075387000.0,2.9197310649582104,2.9197310649582104,54.41999816894531,52.222347259521484,18.638702318195946,18.638702318195946,17.886012820248887,4.00751455643631,3.845678497895109
2019-09-25,2019-06-29,2019-07-31,55695000000.0,259034000000.0,19075387000.0,2.9197310649582104,2.9197310649582104,55.25749969482422,53.026023864746094,18.925544327698248,18.925544327698248,18.16126988582938,4.069188567258174,3.904861625467187
2019-09-26,2019-06-29,2019-07-31,55695000000.0,259034000000.0,19075387000.0,2.9197310649582104,2.9197310649582104,54.97249984741211,52.752525329589844,18.827932650091157,18.827932650091157,18.067597376590875,4.048201042901036,3.8847210632165226
2019-09-27,2019-06-29,2019-07-31,55695000000.0,259034000000.0,19075387000.0,2.9197310649582104,2.9197310649582104,54.70500183105469,52.49583053588867,18.736315302326542,18.736315302326542,17.97968010339337,4.02850236170957,3.8658179364812875
2019-09-30,2019-06-29,2019-07-31,55695000000.0,259034000000.0,19075387000.0,2.9197310649582104,2.9197310649582104,55.99250030517578,53.7313232421875,19.177280050612193,19.177280050612193,18.40283301673079,4.123314361893984,3.9568002071806068
2019-10-01,2019-06-29,2019-07-31,55695000000.0,259034000000.0,19075387000.0,2.9197310649582104,2.9197310649582104,56.147499084472656,53.880069732666016,19.23036671368097,19.23036671368097,18.45377828777432,4.134728545744812,3.9677539695082142
2019-10-02,2019-06-29,2019-07-31,55695000000.0,259034000000.0,19075387000.0,2.9197310649582104,2.9197310649582104,54.7400016784668,52.5294189453125,18.74830265548799,18.74830265548799,17.991184042857846,4.031079767124793,3.868291402931537
2019-10-03,2019-06-29,2019-07-31,55695000000.0,259034000000.0,19075387000.0,2.9197310649582104,2.9197310649582104,55.20500183105469,52.97563934326172,18.907563951217824,18.907563951217824,18.144013323370913,4.0653225995934,3.9011512853337518
2019-10-04,2019-06-29,2019-07-31,55695000000.0,259034000000.0,19075387000.0,2.9197310649582104,2.9197310649582104,56.752498626708984,54.46064376831055,19.4375774220566,19.4375774220566,18.652623326145292,4.179280999874312,4.010507717711428
2019-10-07,2019-06-29,2019-07-31,55695000000.0,259034000000.0,19075387000.0,2.9197310649582104,2.9197310649582104,56.76499938964844,54.47264862060547,19.441858899583583,19.441858899583583,18.65673495561658,4.1802015620046316,4.011391760745946
2019-10-08,2019-06-29,2019-07-31,55695000000.0,259034000000.0,19075387000.0,2.9197310649582104,2.9197310649582104,56.099998474121094,53.834495544433594,19.214097882992537,19.214097882992537,18.43816925145608,4.131230578199268,3.9643978646040536
2019-10-09,2019-06-29,2019-07-31,55695000000.0,259034000000.0,19075387000.0,2.9197310649582104,2.9197310649582104,56.75749969482422,54.46543502807617,19.439290274372095,19.439290274372095,18.65426431966799,4.179649280909664,4.010860548360095
2019-10-10,2019-06-29,2019-07-31,55695000000.0,259034000000.0,19075387000.0,2.9197310649582104,2.9197310649582104,57.522499084472656,55.199554443359375,19.701300498131996,19.701300498131996,18.905698235652206,4.235984199925344,4.064921451371826
2019-10-11,2019-06-29,2019-07-31,55695000000.0,259034000000.0,19075387000.0,2.9197310649582104,2.9197310649582104,59.0525016784668,56.66775894165039,20.225322252175307,20.225322252175307,19.408554308909086,4.348654318872827,4.173040729150195
2019-10-14,2019-06-29,2019-07-31,55695000000.0,259034000000.0,19075387000.0,2.9197310649582104,2.9197310649582104,58.967498779296875,56.586181640625,20.196208988905923,20.196208988905923,19.380614303747496,4.3423946649363225,4.167033337890843
2019-10-15,2019-06-29,2019-07-31,55695000000.0,259034000000.0,19075387000.0,2.9197310649582104,2.9197310649582104,58.83000183105469,56.45425033569336,20.149116655679624,20.149116655679624,19.33542818831548,4.3322693242511665,4.1573178538270295
2019-10-16,2019-06-29,2019-07-31,55695000000.0,259034000000.0,19075387000.0,2.9197310649582104,2.9197310649582104,58.592498779296875,56.226341247558594,20.06777250223746,20.06777250223746,19.257369941489234,4.314779486523451,4.140534520145011
2019-10-17,2019-06-29,2019-07-31,55695000000.0,259034000000.0,19075387000.0,2.9197310649582104,2.9197310649582104,58.81999969482422,56.44465255737305,20.145690951048635,20.145690951048635,19.332140975176056,4.331532762180462,4.156611068865209
2019-10-18,2019-06-29,2019-07-31,55695000000.0,259034000000.0,19075387000.0,2.9197310649582104,2.9197310649582104,59.102500915527344,56.71575927734375,20.242446855759734,20.242446855759734,19.424994294176717,4.352336286477985,4.176575496707661
2019-10-21,2019-06-29,2019-07-31,55695000000.0,259034000000.0,19075387000.0,2.9197310649582104,2.9197310649582104,60.127498626708984,57.6993408203125,20.59350580207276,20.59350580207276,19.76186831479232,4.427817605590163,4.249006909488169
2019-10-22,2019-06-29,2019-07-31,55695000000.0,259034000000.0,19075387000.0,2.9197310649582104,2.9197310649582104,59.9900016784668,57.56740188598633,20.54641346884646,20.54641346884646,19.716679586313298,4.417692264905008,4.239290863592112
2019-10-23,2019-06-29,2019-07-31,55695000000.0,259034000000.0,19075387000.0,2.9197310649582104,2.9197310649582104,60.79499816894531,58.33989334106445,20.8221225915598,20.8221225915598,19.981255822237678,4.476972589455142,4.296177501870517
2019-10-24,2019-06-29,2019-07-31,55695000000.0,259034000000.0,19075387000.0,2.9197310649582104,2.9197310649582104,60.89500045776367,58.435848236083984,20.85637310525216,20.85637310525216,20.014120114490876,4.484336805581581,4.303243665991991
2019-10-25,2019-06-29,2019-07-31,55695000000.0,259034000000.0,19075387000.0,2.9197310649582104,2.9197310649582104,61.64500045776367,59.155574798583984,21.113246078589086,21.113246078589086,20.26062451728946,4.539567162407326,4.356244672477113
2019-10-28,2019-06-29,2019-07-31,55695000000.0,259034000000.0,19075387000.0,2.9197310649582104,2.9197310649582104,62.26250076293945,59.74813461303711,21.3247382644917,21.3247382644917,20.463574652514193,4.585040178667145,4.399881059134238
2019-10-29,2019-06-29,2019-07-31,55695000000.0,259034000000.0,19075387000.0,2.9197310649582104,2.9197310649582104,60.8224983215332,58.36628723144531,20.831541319509764,20.831541319509764,19.99029565837109,4.478997713775397,4.298121160515523
2019-10-30,2019-06-29,2019-07-31,55695000000.0,259034000000.0,19075387000.0,2.9197310649582104,2.9197310649582104,60.814998626708984,58.35908126831055,20.828972694298272,20.828972694298272,19.98782763546951,4.47844543268043,4.297590509961915
2019-10-31,2019-09-28,2019-10-31,55256000000.0,260174000000.0,18724191000.0,2.9510487262173304,2.9510487262173304,62.189998626708984,59.678558349609375,21.073863699439638,21.073863699439638,20.222830554921288,4.475687088549344,4.294943865039284
2019-11-01,2019-09-28,2019-10-31,55256000000.0,260174000000.0,18724191000.0,2.9510487262173304,2.9510487262173304,63.95500183105469,61.37228775024414,21.671957247901002,21.671957247901002,20.7967720780102,4.6027107616057625,4.416838108121993
2019-11-04,2019-09-28,2019-10-31,55256000000.0,260174000000.0,18724191000.0,2.9510487262173304,2.9510487262173304,64.375,61.77531433105469,21.814278913149703,21.814278913149703,20.933342707031006,4.632937171373773,4.445843107380849
2019-11-05,2019-09-28,2019-10-31,55256000000.0,260174000000.0,18724191000.0,2.9510487262173304,2.9510487262173304,64.28250122070312,61.686561584472656,21.782934537682394,21.782934537682394,20.90326772189316,4.626280223289716,4.439455753614615
2019-11-06,2019-09-28,2019-10-31,55256000000.0,260174000000.0,18724191000.0,2.9510487262173304,2.9510487262173304,64.30999755859375,61.71293640136719,21.792252017819656,21.792252017819656,20.912205160526494,4.628259078526844,4.441353895277975
2019-11-07,2019-09-28,2019-10-31,55256000000.0,260174000000.0,18724191000.0,2.9510487262173304,2.9510487262173304,64.85749816894531,62.42518997192383,21.97777948996457,21.97777948996457,21.15356124666256,4.667661578395545,4.492613328947498
2019-11-08,2019-09-28,2019-10-31,55256000000.0,260174000000.0,18724191000.0,2.9510487262173304,2.9510487262173304,65.03500366210938,62.596038818359375,22.037929460240253,22.037929460240253,21.211455528419993,4.680436285928015,4.504908971220703
2019-11-11,2019-09-28,2019-10-31,55256000000.0,260174000000.0,18724191000.0,2.9510487262173304,2.9510487262173304,65.55000305175781,63.09173583984375,22.21244348472014,22.21244348472014,21.379428702526056,4.717499739373252,4.54058327268205
2019-11-12,2019-09-28,2019-10-31,55256000000.0,260174000000.0,18724191000.0,2.9510487262173304,2.9510487262173304,65.48999786376953,63.03396224975586,22.192109971601504,22.192109971601504,21.359851394440756,4.713181288640728,4.536425425489167
2019-11-13,2019-09-28,2019-10-31,55256000000.0,260174000000.0,18724191000.0,2.9510487262173304,2.9510487262173304,66.11750030517578,63.63793182373047,22.404747071027032,22.404747071027032,21.564514085574555,4.758341356771505,4.579891881250654
2019-11-14,2019-09-28,2019-10-31,55256000000.0,260174000000.0,18724191000.0,2.9510487262173304,2.9510487262173304,65.66000366210938,63.197608947753906,22.2497185759019,22.2497185759019,21.415305137560683,4.725416258465625,4.548202743860083
2019-11-15,2019-09-28,2019-10-31,55256000000.0,260174000000.0,18724191000.0,2.9510487262173304,2.9510487262173304,66.44000244140625,63.948360443115234,22.51403097859702,22.51403097859702,21.66970673001546,4.781551176341052,4.602232794490358
2019-11-18,2019-09-28,2019-10-31,55256000000.0,260174000000.0,18724191000.0,2.9510487262173304,2.9510487262173304,66.7750015258789,64.27079010009766,22.6275496343537,22.6275496343537,21.778966077080092,4.80566037573258,4.625437397876566
2019-11-19,2019-09-28,2019-10-31,55256000000.0,260174000000.0,18724191000.0,2.9510487262173304,2.9510487262173304,66.57250213623047,64.07589721679688,22.558930167704634,22.558930167704634,21.712924170835258,4.791086908556148,4.6114113554147345
2019-11-20,2019-09-28,2019-10-31,55256000000.0,260174000000.0,18724191000.0,2.9510487262173304,2.9510487262173304,65.79750061035156,63.3299560546875,22.29631114722092,22.29631114722092,21.460152620341233,4.735311632795127,4.557727494636571
2019-11-21,2019-09-28,2019-10-31,55256000000.0,260174000000.0,18724191000.0,2.9510487262173304,2.9510487262173304,65.50250244140625,63.04599380493164,22.19634730510455,22.19634730510455,21.363928438329896,4.7140812175346385,4.537291311923393
2019-11-22,2019-09-28,2019-10-31,55256000000.0,260174000000.0,18724191000.0,2.9510487262173304,2.9510487262173304,65.44499969482422,62.99068069458008,22.17686177574979,22.17686177574979,21.345184894768533,4.709942862395283,4.53331054042806
2019-11-25,2019-09-28,2019-10-31,55256000000.0,260174000000.0,18724191000.0,2.9510487262173304,2.9510487262173304,66.59249877929688,64.09510040283203,22.56570628186661,22.56570628186661,21.719431412096494,4.792526026085702,4.612793369463528
2019-11-26,2019-09-28,2019-10-31,55256000000.0,260174000000.0,18724191000.0,2.9510487262173304,2.9510487262173304,66.07250213623047,63.594642639160156,22.389498875175317,22.389498875175317,21.54984500058598,4.755102930526061,4.576776447117617
2019-11-27,2019-09-28,2019-10-31,55256000000.0,260174000000.0,18724191000.0,2.9510487262173304,2.9510487262173304,66.95999908447266,64.4488525390625,22.690238385288314,22.690238385288314,21.839304775449566,4.818974271900694,4.638252187659956
2019-11-29,2019-09-28,2019-10-31,55256000000.0,260174000000.0,18724191000.0,2.9510487262173304,2.9510487262173304,66.8125,64.3068618774414,22.640256464230127,22.640256464230127,21.791189452798456,4.80835906427045,4.628033409963454
2019-12-02,2019-09-28,2019-10-31,55256000000.0,260174000000.0,18724191000.0,2.9510487262173304,2.9510487262173304,66.04000091552734,63.563331604003906,22.378485427510295,22.378485427510295,21.53923486227207,4.752763884102596,4.574523055915294
2019-12-03,2019-09-28,2019-10-31,55256000000.0,260174000000.0,18724191000.0,2.9510487262173304,2.9510487262173304,64.86250305175781,62.43000030517578,21.979475457492327,21.979475457492327,21.15519128862331,4.668021769581881,4.492959518799609
2019-12-04,2019-09-28,2019-10-31,55256000000.0,260174000000.0,18724191000.0,2.9510487262173304,2.9510487262173304,65.43499755859375,62.98102951049805,22.173472426010623,22.173472426010623,21.341914469581617,4.709223029094541,4.532615964436116
2019-12-05,2019-09-28,2019-10-31,55256000000.0,260174000000.0,18724191000.0,2.9510487262173304,2.9510487262173304,66.3949966430664,63.905025482177734,22.498780197428953,22.498780197428953,21.655022133128764,4.778312201023677,4.599114065925739
2019-12-06,2019-09-28,2019-10-31,55256000000.0,260174000000.0,18724191000.0,2.9510487262173304,2.9510487262173304,67.67749786376953,65.13945007324219,22.93337187641727,22.93337187641727,22.073322441116815,4.870611192522361,4.687953080655064
2019-12-09,2019-09-28,2019-10-31,55256000000.0,260174000000.0,18724191000.0,2.9510487262173304,2.9510487262173304,66.7300033569336,64.22747802734375,22.612301438501987,22.612301438501987,21.764289236142456,4.802421949487134,4.622320316527738
2019-12-10,2019-09-28,2019-10-31,55256000000.0,260174000000.0,18724191000.0,2.9510487262173304,2.9510487262173304,67.12000274658203,64.60284423828125,22.744457639849546,22.744457639849546,21.8914868007244,4.830489408424849,4.649334655502962
2019-12-11,2019-09-28,2019-10-31,55256000000.0,260174000000.0,18724191000.0,2.9510487262173304,2.9510487262173304,67.69249725341797,65.15386962890625,22.93845460836784,22.93845460836784,22.078208689024535,4.871690667937509,4.6889908266035025
2019-12-12,2019-09-28,2019-10-31,55256000000.0,260174000000.0,18724191000.0,2.9510487262173304,2.9510487262173304,67.86499786376953,65.31990051269531,22.996908611115764,22.996908611115764,22.134470343504866,4.884105184283643,4.700939729952666
2019-12-13,2019-09-28,2019-10-31,55256000000.0,260174000000.0,18724191000.0,2.9510487262173304,2.9510487262173304,68.7874984741211,66.20781707763672,23.309509552657666,23.309509552657666,22.435352046017297,4.950495667674909,4.764841270283471
2019-12-16,2019-09-28,2019-10-31,55256000000.0,260174000000.0,18724191000.0,2.9510487262173304,2.9510487262173304,69.96499633789062,67.34114837646484,23.70851952267563,23.70851952267563,22.819395619666057,5.035237782195625,4.846404807399154
2019-12-17,2019-09-28,2019-10-31,55256000000.0,260174000000.0,18724191000.0,2.9510487262173304,2.9510487262173304,70.10250091552734,67.47348022460938,23.755114679311003,23.755114679311003,22.8642379318139,5.045133705597057,4.855928460031782
2019-12-18,2019-09-28,2019-10-31,55256000000.0,260174000000.0,18724191000.0,2.9510487262173304,2.9510487262173304,69.93499755859375,67.31226348876953,23.698354058774488,23.698354058774488,22.809607611952494,5.033078831365329,4.844326021070695
2019-12-19,2019-09-28,2019-10-31,55256000000.0,260174000000.0,18724191000.0,2.9510487262173304,2.9510487262173304,70.00499725341797,67.37963104248047,23.722074336315938,23.722074336315938,22.832435955352057,5.038116566326663,4.849174326216045
2019-12-20,2019-09-28,2019-10-31,55256000000.0,260174000000.0,18724191000.0,2.9510487262173304,2.9510487262173304,69.86000061035156,67.24007415771484,23.67294039902163,23.67294039902163,22.78514534861765,5.0276814542895885,4.839130702465337
2019-12-23,2019-09-28,2019-10-31,55256000000.0,260174000000.0,18724191000.0,2.9510487262173304,2.9510487262173304,71.0,68.3373031616211,24.059243539163166,24.059243539163166,23.15695520528263,5.109724880272433,4.918096031206413
2019-12-24,2019-09-28,2019-10-31,55256000000.0,260174000000.0,18724191000.0,2.9510487262173304,2.9510487262173304,71.06749725341797,68.40229034423828,24.082115832940737,24.082115832940737,23.17897692997997,5.114582519640599,4.922773025909481
2019-12-26,2019-09-28,2019-10-31,55256000000.0,260174000000.0,18724191000.0,2.9510487262173304,2.9510487262173304,72.47750091552734,69.75941467285156,24.559913318825263,24.559913318825263,23.638855588219833,5.2160576012399735,5.020442489959317
2019-12-27,2019-09-28,2019-10-31,55256000000.0,260174000000.0,18724191000.0,2.9510487262173304,2.9510487262173304,72.44999694824219,69.73294830322266,24.550593253371648,24.550593253371648,23.629887125790265,5.214078196930914,5.018537759432791
2019-12-30,2019-09-28,2019-10-31,55256000000.0,260174000000.0,18724191000.0,2.9510487262173304,2.9510487262173304,72.87999725341797,70.14684295654297,24.696304268359516,24.696304268359516,23.770140537956333,5.245024439999667,5.048324911656488
2019-12-31,2019-09-28,2019-10-31,55256000000.0,260174000000.0,18724191000.0,2.9510487262173304,2.9510487262173304,73.4124984741211,70.65935516357422,24.876749008553855,24.876749008553855,23.943811749305052,5.283347464453219,5.085209367652417
2020-01-02,2019-09-28,2019-10-31,55256000000.0,260174000000.0,18724191000.0,2.9510487262173304,2.9510487262173304,75.0875015258789,72.27153778076172,25.444344872653613,25.444344872653613,24.490120118551804,5.4038940104827855,5.201234855407145
2020-01-03,2019-09-28,2019-10-31,55256000000.0,260174000000.0,18724191000.0,2.9510487262173304,2.9510487262173304,74.35749816894531,71.56892395019531,25.196974048021612,25.196974048021612,24.252030579628123,5.351357160967209,5.1506691741216715
2020-01-06,2019-09-28,2019-10-31,55256000000.0,260174000000.0,18724191000.0,2.9510487262173304,2.9510487262173304,74.94999694824219,72.13919067382812,25.39774971601824,25.39774971601824,24.445272635771254,5.393998087081352,5.191710104630657
2020-01-07,2019-09-28,2019-10-31,55256000000.0,260174000000.0,18724191000.0,2.9510487262173304,2.9510487262173304,74.59750366210938,71.79991912841797,25.27830292986346,25.27830292986346,24.330306202856733,5.36862986575344,5.16729342495811
2020-01-08,2019-09-28,2019-10-31,55256000000.0,260174000000.0,18724191000.0,2.9510487262173304,2.9510487262173304,75.79750061035156,72.95491027832031,25.68493699780728,25.68493699780728,24.721689489632485,5.454991193396878,5.250415777284174
2020-01-09,2019-09-28,2019-10-31,55256000000.0,260174000000.0,18724191000.0,2.9510487262173304,2.9510487262173304,77.40750122070312,74.50454711914062,26.230505966576995,26.230505966576995,25.246803435414954,5.570859646579514,5.361939973353559
2020-01-10,2019-09-28,2019-10-31,55256000000.0,260174000000.0,18724191000.0,2.9510487262173304,2.9510487262173304,77.5824966430664,74.67294311523438,26.289805367772445,26.289805367772445,25.303866537964808,5.583453709446887,5.374059089001143
2020-01-13,2019-09-28,2019-10-31,55256000000.0,260174000000.0,18724191000.0,2.9510487262173304,2.9510487262173304,79.23999786376953,76.26830291748047,26.85147051615775,26.85147051615775,25.844474284652552,5.702740684468136,5.48887387314936
2020-01-14,2019-09-28,2019-10-31,55256000000.0,260174000000.0,18724191000.0,2.9510487262173304,2.9510487262173304,78.16999816894531,75.2384262084961,26.488887653557665,26.488887653557665,25.495487600754426,5.625734993446626,5.414755751409774
2020-01-15,2019-09-28,2019-10-31,55256000000.0,260174000000.0,18724191000.0,2.9510487262173304,2.9510487262173304,77.83499908447266,74.91600036621094,26.375368997800983,26.375368997800983,25.38622954634797,5.601625794055098,5.391551422559531
2020-01-16,2019-09-28,2019-10-31,55256000000.0,260174000000.0,18724191000.0,2.9510487262173304,2.9510487262173304,78.80999755859375,75.85444641113281,26.705759501169883,26.705759501169883,25.704233799068252,5.671794441399383,5.459089466285315
2020-01-17,2019-09-28,2019-10-31,55256000000.0,260174000000.0,18724191000.0,2.9510487262173304,2.9510487262173304,79.68250274658203,76.6942138671875,27.001418864648663,27.001418864648663,25.988799570075056,5.7345868564307985,5.519525813663423
2020-01-21,2019-09-28,2019-10-31,55256000000.0,260174000000.0,18724191000.0,2.9510487262173304,2.9510487262173304,79.14250183105469,76.17448425292969,26.818432758479037,26.818432758479037,25.812682649456125,5.695724094269671,5.482121935621344
2020-01-22,2019-09-28,2019-10-31,55256000000.0,260174000000.0,18724191000.0,2.9510487262173304,2.9510487262173304,79.42500305175781,76.44637298583984,26.914161852408718,26.914161852408718,25.90481556833838,5.716055129708181,5.501689212004679
2020-01-23,2019-09-28,2019-10-31,55256000000.0,260174000000.0,18724191000.0,2.9510487262173304,2.9510487262173304,79.80750274658203,76.81452941894531,27.04377668778099,27.04377668778099,26.029570008966466,5.743582850938321,5.528184678005685
2020-01-24,2019-09-28,2019-10-31,55256000000.0,260174000000.0,18724191000.0,2.9510487262173304,2.9510487262173304,79.57749938964844,76.5931396484375,26.96583715567831,26.96583715567831,25.95454929902665,5.72702997945283,5.512251708729607
2020-01-27,2019-09-28,2019-10-31,55256000000.0,260174000000.0,18724191000.0,2.9510487262173304,2.9510487262173304,77.23750305175781,74.3409194946289,26.172899947592953,26.172899947592953,25.19135615558591,5.558625225826548,5.350164027662469
2020-01-28,2019-09-28,2019-10-31,55256000000.0,260174000000.0,18724191000.0,2.9510487262173304,2.9510487262173304,79.42250061035156,76.44397735595703,26.91331386864484,26.91331386864484,25.904003779003446,5.715875034115013,5.5015168034185375
2020-01-29,2019-12-28,2020-01-29,57527000000.0,267683000000.0,18405543000.0,3.1255258266490697,3.1255258266490697,81.08499908447266,78.04409790039062,25.942834448245556,25.942834448245556,24.969909778049427,5.575301521965243,5.366213019884899
2020-01-30,2019-12-28,2020-01-29,57527000000.0,267683000000.0,18405543000.0,3.1255258266490697,3.1255258266490697,80.96749877929688,77.93099212646484,25.90524067628759,25.90524067628759,24.933722019509275,5.567222350260555,5.358436010565893
2020-01-31,2019-12-28,2020-01-29,57527000000.0,267683000000.0,18405543000.0,3.1255258266490697,3.1255258266490697,77.37750244140625,74.47566986083984,24.756635117734415,24.756635117734415,23.828204913822933,5.320378763006645,5.12085244142322
2020-02-03,2019-12-28,2020-01-29,57527000000.0,267683000000.0,18405543000.0,3.1255258266490697,3.1255258266490697,77.16500091552734,74.27113342285156,24.68864606959824,24.68864606959824,23.762764265006545,5.3057674280614675,5.106788775802094
2020-02-04,2019-12-28,2020-01-29,57527000000.0,267683000000.0,18405543000.0,3.1255258266490697,3.1255258266490697,79.7125015258789,76.72309875488281,25.503709118711733,25.503709118711733,24.547261168255638,5.480930333536795,5.275382796913671
2020-02-05,2019-12-28,2020-01-29,57527000000.0,267683000000.0,18405543000.0,3.1255258266490697,3.1255258266490697,80.36250305175781,77.34871673583984,25.711674613777177,25.711674613777177,24.747425241648614,5.525623612656611,5.318399494462928
2020-02-06,2019-12-28,2020-01-29,57527000000.0,267683000000.0,18405543000.0,3.1255258266490697,3.1255258266490697,81.30249786376953,78.25346374511719,26.012422348445394,26.012422348445394,25.036895577028098,5.590256461706639,5.380608749377791
2020-02-07,2019-12-28,2020-01-29,57527000000.0,267683000000.0,18405543000.0,3.1255258266490697,3.1255258266490697,80.00749969482422,77.18978118896484,25.598092651373687,25.598092651373687,24.696574423037593,5.5012140328507,5.307471288180734
2020-02-10,2019-12-28,2020-01-29,57527000000.0,267683000000.0,18405543000.0,3.1255258266490697,3.1255258266490697,80.38749694824219,77.55640411376953,25.719671315091006,25.719671315091006,24.81387402161354,5.527342161225182,5.332679814711289
2020-02-11,2019-12-28,2020-01-29,57527000000.0,267683000000.0,18405543000.0,3.1255258266490697,3.1255258266490697,79.90249633789062,77.0884780883789,25.564497230072636,25.564497230072636,24.664162884562305,5.493994135430298,5.300505815685777
2020-02-12,2019-12-28,2020-01-29,57527000000.0,267683000000.0,18405543000.0,3.1255258266490697,3.1255258266490697,81.80000305175781,78.9191665649414,26.1715972251162,26.1715972251162,25.249884640867617,5.624464286373284,5.426381629521454
2020-02-13,2019-12-28,2020-01-29,57527000000.0,267683000000.0,18405543000.0,3.1255258266490697,3.1255258266490697,81.21749877929688,78.35717010498047,25.98522721739003,25.98522721739003,25.070076029091254,5.584412032646063,5.387739466927419
2020-02-14,2019-12-28,2020-01-29,57527000000.0,267683000000.0,18405543000.0,3.1255258266490697,3.1255258266490697,81.23750305175781,78.37650299072266,25.991627507635712,25.991627507635712,25.07626151173144,5.585787501005891,5.389068771589434
2020-02-18,2019-12-28,2020-01-29,57527000000.0,267683000000.0,18405543000.0,3.1255258266490697,3.1255258266490697,79.75,76.94136810302734,25.515706611677995,25.515706611677995,24.6170956090027,5.483508680977126,5.2903907199900555
2020-02-19,2019-12-28,2020-01-29,57527000000.0,267683000000.0,18405543000.0,3.1255258266490697,3.1255258266490697,80.90499877929688,78.0556869506836,25.88524404101198,25.88524404101198,24.973617650239813,5.562924929664178,5.367009868259641
2020-02-20,2019-12-28,2020-01-29,57527000000.0,267683000000.0,18405543000.0,3.1255258266490697,3.1255258266490697,80.07499694824219,77.25491333007812,25.61968813871296,25.61968813871296,24.717413201766583,5.505855058243296,5.311949691456036
2020-02-21,2019-12-28,2020-01-29,57527000000.0,267683000000.0,18405543000.0,3.1255258266490697,3.1255258266490697,78.26249694824219,75.50624084472656,25.039785715720278,25.039785715720278,24.157932147269474,5.381229860948362,5.191713192978154
2020-02-24,2019-12-28,2020-01-29,57527000000.0,267683000000.0,18405543000.0,3.1255258266490697,3.1255258266490697,74.54499816894531,71.91967010498047,23.850386240086294,23.850386240086294,23.010422595703453,5.125619367809851,4.945105145500583
2020-02-25,2019-12-28,2020-01-29,57527000000.0,267683000000.0,18405543000.0,3.1255258266490697,3.1255258266490697,72.0199966430664,69.48357391357422,23.042521686752558,23.042521686752558,22.23100296312981,4.952003470798722,4.777602266337304
2020-02-26,2019-12-28,2020-01-29,57527000000.0,267683000000.0,18405543000.0,3.1255258266490697,3.1255258266490697,73.1624984741211,70.58584594726562,23.408060765429628,23.408060765429628,22.583670672445518,5.0305604452014885,4.853393090983638
2020-02-27,2019-12-28,2020-01-29,57527000000.0,267683000000.0,18405543000.0,3.1255258266490697,3.1255258266490697,68.37999725341797,65.97178649902344,21.87791784358069,21.87791784358069,21.107420049621837,4.70172173723272,4.5361362252910915
2020-02-28,2019-12-28,2020-01-29,57527000000.0,267683000000.0,18405543000.0,3.1255258266490697,3.1255258266490697,68.33999633789062,65.93319702148438,21.865119704084837,21.865119704084837,21.095073494296635,4.698971325100542,4.533482861841815
2020-03-02,2019-12-28,2020-01-29,57527000000.0,267683000000.0,18405543000.0,3.1255258266490697,3.1255258266490697,74.70249938964844,72.0716323852539,23.900778151540113,23.900778151540113,23.0590423444119,5.136448951646717,4.955553878830495
2020-03-03,2019-12-28,2020-01-29,57527000000.0,267683000000.0,18405543000.0,3.1255258266490697,3.1255258266490697,72.33000183105469,69.7826919555664,23.141706657596533,23.141706657596533,22.326704633370966,4.973319033676235,4.798169242887788
2020-03-04,2019-12-28,2020-01-29,57527000000.0,267683000000.0,18405543000.0,3.1255258266490697,3.1255258266490697,75.68499755859375,73.01953887939453,24.215124672233774,24.215124672233774,23.36232139143129,5.20400427752077,5.020730725092247
2020-03-05,2019-12-28,2020-01-29,57527000000.0,267683000000.0,18405543000.0,3.1255258266490697,3.1255258266490697,73.2300033569336,70.6509780883789,23.429658693764416,23.429658693764416,22.604509451174504,5.03520199518156,4.85787149425894
2020-03-06,2019-12-28,2020-01-29,57527000000.0,267683000000.0,18405543000.0,3.1255258266490697,3.1255258266490697,72.25749969482422,69.71273040771484,23.118509877198083,23.118509877198083,22.30432070447969,4.968333878899945,4.793358775740719
2020-03-09,2019-12-28,2020-01-29,57527000000.0,267683000000.0,18405543000.0,3.1255258266490697,3.1255258266490697,66.5425033569336,64.19901275634766,21.290018719274176,21.290018719274176,20.540227890286392,4.575377991369215,4.41424255497923
2020-03-10,2019-12-28,2020-01-29,57527000000.0,267683000000.0,18405543000.0,3.1255258266490697,3.1255258266490697,71.33499908447266,68.82273864746094,22.82335934525044,22.82335934525044,22.019571254430165,4.9049039089304225,4.732164073002783
2020-03-11,2019-12-28,2020-01-29,57527000000.0,267683000000.0,18405543000.0,3.1255258266490697,3.1255258266490697,68.85749816894531,66.43245697021484,22.03069243000581,22.03069243000581,21.25480979993636,4.734554093539539,4.567811341627743
2020-03-12,2019-12-28,2020-01-29,57527000000.0,267683000000.0,18405543000.0,3.1255258266490697,3.1255258266490697,62.057498931884766,59.871944427490234,19.855058756119025,19.855058756119025,19.15579897532953,4.266994785112462,4.116718834045427
2020-03-13,2019-12-28,2020-01-29,57527000000.0,267683000000.0,18405543000.0,3.1255258266490697,3.1255258266490697,69.49250030517578,67.04508972167969,22.23385892788475,22.23385892788475,21.45081929895933,4.778216033683222,4.609935191294305
2020-03-16,2019-12-28,2020-01-29,57527000000.0,267683000000.0,18405543000.0,3.1255258266490697,3.1255258266490697,60.5525016784668,58.41996383666992,19.373540657440728,19.373540657440728,18.69124335449916,4.163513086003193,4.0168824933009315
2020-03-17,2019-12-28,2020-01-29,57527000000.0,267683000000.0,18405543000.0,3.1255258266490697,3.1255258266490697,63.21500015258789,60.98868942260742,20.2253968319826,20.2253968319826,19.513097253141066,4.346583098491361,4.193504801132108
2020-03-18,2019-12-28,2020-01-29,57527000000.0,267683000000.0,18405543000.0,3.1255258266490697,3.1255258266490697,61.66749954223633,59.495689392089844,19.730279947278863,19.730279947278863,19.035417619913318,4.2401789225580675,4.090848015827503
2020-03-19,2019-12-28,2020-01-29,57527000000.0,267683000000.0,18405543000.0,3.1255258266490697,3.1255258266490697,61.19499969482422,59.03983688354492,19.57910543341516,19.57910543341516,18.889569358267806,4.207690433341206,4.059504176481405
2020-03-20,2019-12-28,2020-01-29,57527000000.0,267683000000.0,18405543000.0,3.1255258266490697,3.1255258266490697,57.310001373291016,55.291656494140625,18.336115121702278,18.336115121702278,17.690353419162037,3.9405628844796525,3.8017840548116038
2020-03-23,2019-12-28,2020-01-29,57527000000.0,267683000000.0,18405543000.0,3.1255258266490697,3.1255258266490697,56.092498779296875,54.11703109741211,17.946579836594925,17.946579836594925,17.31453652886046,3.856848952902486,3.7210183048447445
2020-03-24,2019-12-28,2020-01-29,57527000000.0,267683000000.0,18405543000.0,3.1255258266490697,3.1255258266490697,61.720001220703125,59.54634094238281,19.74707765792939,19.74707765792939,19.05162338915096,4.2437888712682685,4.094330752074982
2020-03-25,2019-12-28,2020-01-29,57527000000.0,267683000000.0,18405543000.0,3.1255258266490697,3.1255258266490697,61.380001068115234,59.21831512451172,19.63829591321016,19.63829591321016,18.946672786895732,4.220410892732228,4.071776113581179
2020-03-26,2019-12-28,2020-01-29,57527000000.0,267683000000.0,18405543000.0,3.1255258266490697,3.1255258266490697,64.61000061035156,62.334564208984375,20.67172187779394,20.67172187779394,19.943704728818172,4.442501557677746,4.286045441566042
2020-03-27,2019-12-28,2020-01-29,57527000000.0,267683000000.0,18405543000.0,3.1255258266490697,3.1255258266490697,61.935001373291016,59.7537727355957,19.815866132097394,19.815866132097394,19.117990395766064,4.258572008611554,4.108593498642926
2020-03-30,2019-12-28,2020-01-29,57527000000.0,267683000000.0,18405543000.0,3.1255258266490697,3.1255258266490697,63.70249938964844,61.45903396606445,20.381370343032803,20.381370343032803,19.6635821857712,4.380102926684354,4.225845094387241
2020-03-31,2019-12-28,2020-01-29,57527000000.0,267683000000.0,18405543000.0,3.1255258266490697,3.1255258266490697,63.5724983215332,61.33360290527344,20.33977699992016,20.33977699992016,19.62345099897327,4.371164218401644,4.217220614002141
2020-04-01,2019-12-28,2020-01-29,57527000000.0,267683000000.0,18405543000.0,3.1255258266490697,3.1255258266490697,60.227500915527344,58.10639953613281,19.269557909908006,19.269557909908006,18.590919659246484,4.141166446443285,3.995322210366264
2020-04-02,2019-12-28,2020-01-29,57527000000.0,267683000000.0,18405543000.0,3.1255258266490697,3.1255258266490697,61.23249816894531,59.07600784301758,19.591102926381424,19.591102926381424,18.901142118014103,4.210268780781537,4.061991245701062
2020-04-03,2019-12-28,2020-01-29,57527000000.0,267683000000.0,18405543000.0,3.1255258266490697,3.1255258266490697,60.352500915527344,58.226993560791016,19.309551180459227,19.309551180459227,18.62950325488661,4.149761287636039,4.003614102292122
2020-04-06,2019-12-28,2020-01-29,57527000000.0,267683000000.0,18405543000.0,3.1255258266490697,3.1255258266490697,65.61750030517578,63.306583404541016,20.994067540796948,20.994067540796948,20.254698542169173,4.511775956707845,4.352880246542985
2020-04-07,2019-12-28,2020-01-29,57527000000.0,267683000000.0,18405543000.0,3.1255258266490697,3.1255258266490697,64.85749816894531,62.5733528137207,20.750907772366787,20.750907772366787,20.020104227008318,4.459519175371407,4.302464242656827
2020-04-08,2019-12-28,2020-01-29,57527000000.0,267683000000.0,18405543000.0,3.1255258266490697,3.1255258266490697,66.51750183105469,64.17488861083984,21.28201957696483,21.28201957696483,20.532509462461505,4.573658918213169,4.412583809382825
2020-04-09,2019-12-28,2020-01-29,57527000000.0,267683000000.0,18405543000.0,3.1255258266490697,3.1255258266490697,66.99749755859375,64.63799285888672,21.435592368924024,21.435592368924024,20.68067789034597,4.606662814624359,4.4444262691240475
2020-04-13,2019-12-28,2020-01-29,57527000000.0,267683000000.0,18405543000.0,3.1255258266490697,3.1255258266490697,68.3125,65.9066390991211,21.856322356241417,21.856322356241417,21.08657638890181,4.697080711840124,4.53165677284084
2020-04-14,2019-12-28,2020-01-29,57527000000.0,267683000000.0,18405543000.0,3.1255258266490697,3.1255258266490697,71.76249694824219,69.23515319824219,22.960135647056866,22.960135647056866,22.1515217080994,4.934298118925147,4.76052117355915
2020-04-15,2019-12-28,2020-01-29,57527000000.0,267683000000.0,18405543000.0,3.1255258266490697,3.1255258266490697,71.10749816894531,68.6032485961914,22.75057129992776,22.75057129992776,21.94934625440038,4.889261235009113,4.717072215930375
2020-04-16,2019-12-28,2020-01-29,57527000000.0,267683000000.0,18405543000.0,3.1255258266490697,3.1255258266490697,71.67250061035156,69.14832305908203,22.931341663937836,22.931341663937836,22.123740738119942,4.9281100850683535,4.754550843504541
2020-04-17,2019-12-28,2020-01-29,57527000000.0,267683000000.0,18405543000.0,3.1255258266490697,3.1255258266490697,70.69999694824219,68.2101058959961,22.620192847371502,22.620192847371502,21.823561755407194,4.861241968786738,4.69004022333622
2020-04-20,2019-12-28,2020-01-29,57527000000.0,267683000000.0,18405543000.0,3.1255258266490697,3.1255258266490697,69.23249816894531,66.79428100585938,22.150672241659468,22.150672241659468,21.37057401233209,4.760338617117801,4.592689902636431
2020-04-21,2019-12-28,2020-01-29,57527000000.0,267683000000.0,18405543000.0,3.1255258266490697,3.1255258266490697,67.09249877929688,64.72962951660156,21.46598764510223,21.46598764510223,20.70999668750116,4.613194977864848,4.450727089287999
2020-04-22,2019-12-28,2020-01-29,57527000000.0,267683000000.0,18405543000.0,3.1255258266490697,3.1255258266490697,69.0250015258789,66.59407043457031,22.084284486582472,22.084284486582472,21.306517407973868,4.746071411556318,4.5789236781137115
2020-04-23,2019-12-28,2020-01-29,57527000000.0,267683000000.0,18405543000.0,3.1255258266490697,3.1255258266490697,68.75749969482422,66.33599090576172,21.998698301763937,21.998698301763937,21.22394585261888,4.72767832550283,4.561178457592026
2020-04-24,2019-12-28,2020-01-29,57527000000.0,267683000000.0,18405543000.0,3.1255258266490697,3.1255258266490697,70.74250030517578,68.25109100341797,22.633791633396942,22.633791633396942,21.836674783324746,4.864164445610764,4.692858307252693
2020-04-27,2019-12-28,2020-01-29,57527000000.0,267683000000.0,18405543000.0,3.1255258266490697,3.1255258266490697,70.7925033569336,68.29934692382812,22.64978991801564,22.64978991801564,21.852114079970036,4.8676025919228545,4.696176323032977
2020-04-28,2019-12-28,2020-01-29,57527000000.0,267683000000.0,18405543000.0,3.1255258266490697,3.1255258266490697,69.6449966430664,67.1922378540039,22.28264954627939,22.28264954627939,21.497898779496527,4.788701488136394,4.620052909927402
2020-04-29,2019-12-28,2020-01-29,57527000000.0,267683000000.0,18405543000.0,3.1255258266490697,3.1255258266490697,71.93250274658203,69.39917755126953,23.01452835016312,23.01452835016312,22.20400067072029,4.945987501633775,4.771799279687265
2020-04-30,2019-12-28,2020-01-29,57527000000.0,267683000000.0,18405543000.0,3.1255258266490697,3.1255258266490697,73.44999694824219,70.86324310302734,23.50004479949833,23.50004479949833,22.672422828449655,5.050328475027328,4.8724665669923874
2020-05-01,2020-03-28,2020-05-01,57215000000.0,267981000000.0,18109588000.0,3.159376127165345,3.159376127165345,72.26750183105469,69.7223892211914,22.8739785711727,22.8739785711727,22.068404145266403,4.883684604317642,4.711691288454843
2020-05-04,2020-03-28,2020-05-01,57215000000.0,267981000000.0,18109588000.0,3.159376127165345,3.159376127165345,73.29000091552734,70.7088623046875,23.197618126362368,23.197618126362368,22.380640815985686,4.9527829252813556,4.7783550486288995
2020-05-05,2020-03-28,2020-05-01,57215000000.0,267981000000.0,18109588000.0,3.159376127165345,3.159376127165345,74.38999938964844,71.77012634277344,23.54578764776343,23.54578764776343,22.716550183965282,5.027118490739212,4.850073022996308
2020-05-06,2020-03-28,2020-05-01,57215000000.0,267981000000.0,18109588000.0,3.159376127165345,3.159376127165345,75.15750122070312,72.51060485839844,23.7887159349197,23.7887159349197,22.950925100347707,5.078984637778166,4.900112991653864
2020-05-07,2020-03-28,2020-05-01,57215000000.0,267981000000.0,18109588000.0,3.159376127165345,3.159376127165345,75.93499755859375,73.26071166992188,24.03480766524755,24.03480766524755,23.188347547480156,5.131526192405949,4.950803620141268
2020-05-08,2020-03-28,2020-05-01,57215000000.0,267981000000.0,18109588000.0,3.159376127165345,3.159376127165345,77.53250122070312,75.00444030761719,24.540446626171992,24.540446626171992,23.74026937239431,5.239482104016444,5.068641105681151
2020-05-11,2020-03-28,2020-05-01,57215000000.0,267981000000.0,18109588000.0,3.159376127165345,3.159376127165345,78.75250244140625,76.18467712402344,24.92659919921107,24.92659919921107,24.113835788326302,5.3219272007450575,5.148399008247186
2020-05-12,2020-03-28,2020-05-01,57215000000.0,267981000000.0,18109588000.0,3.159376127165345,3.159376127165345,77.85250091552734,75.31401824951172,24.641732349031248,24.641732349031248,23.838256420923503,5.261107005160153,5.089561726850555
2020-05-13,2020-03-28,2020-05-01,57215000000.0,267981000000.0,18109588000.0,3.159376127165345,3.159376127165345,76.9124984741211,74.40464782714844,24.34420448163876,24.34420448163876,23.550424144625595,5.197583632484996,5.028108401098412
2020-05-14,2020-03-28,2020-05-01,57215000000.0,267981000000.0,18109588000.0,3.159376127165345,3.159376127165345,77.38500213623047,74.86175537109375,24.493760483548957,24.493760483548957,23.695106995146286,5.229514428508938,5.05899876008857
2020-05-15,2020-03-28,2020-05-01,57215000000.0,267981000000.0,18109588000.0,3.159376127165345,3.159376127165345,76.92749786376953,74.41917419433594,24.348952061238247,24.348952061238247,23.555022004013907,5.198597259446552,5.029090062204618
2020-05-18,2020-03-28,2020-05-01,57215000000.0,267981000000.0,18109588000.0,3.159376127165345,3.159376127165345,78.73999786376953,76.17257690429688,24.92264127298342,24.92264127298342,24.110005848730783,5.321082167891554,5.147581301044223
2020-05-19,2020-03-28,2020-05-01,57215000000.0,267981000000.0,18109588000.0,3.159376127165345,3.159376127165345,78.28500366210938,75.73241424560547,24.778627333728775,24.778627333728775,23.97068636254908,5.290334624093842,5.1178360414852015
2020-05-20,2020-03-28,2020-05-01,57215000000.0,267981000000.0,18109588000.0,3.159376127165345,3.159376127165345,79.80750274658203,77.20526885986328,25.260525981813664,25.260525981813664,24.436871632987042,5.393221885318247,5.2173684346328795
2020-05-21,2020-03-28,2020-05-01,57215000000.0,267981000000.0,18109588000.0,3.159376127165345,3.159376127165345,79.2125015258789,76.62965393066406,25.072197274893615,25.072197274893615,24.254679039883015,5.3530129639154955,5.178469597721132
2020-05-22,2020-03-28,2020-05-01,57215000000.0,267981000000.0,18109588000.0,3.159376127165345,3.159376127165345,79.72250366210938,77.1230239868164,25.23362222580253,25.23362222580253,24.41083963497968,5.387477827343327,5.211810500428622
2020-05-26,2020-03-28,2020-05-01,57215000000.0,267981000000.0,18109588000.0,3.159376127165345,3.159376127165345,79.18250274658203,76.60063934326172,25.06270211569464,25.06270211569464,24.245495395316965,5.350985709992384,5.176508853400279
2020-05-27,2020-03-28,2020-05-01,57215000000.0,267981000000.0,18109588000.0,3.159376127165345,3.159376127165345,79.52749633789062,76.93441009521484,25.171898861324966,25.171898861324966,24.35113990819508,5.374299645686478,5.199064373397299
2020-05-28,2020-03-28,2020-05-01,57215000000.0,267981000000.0,18109588000.0,3.159376127165345,3.159376127165345,79.5625,76.96825408935547,25.182978156951847,25.182978156951847,24.361852147820372,5.376665118982316,5.2013514787897
2020-05-29,2020-03-28,2020-05-01,57215000000.0,267981000000.0,18109588000.0,3.159376127165345,3.159376127165345,79.48500061035156,76.89326477050781,25.158448190740458,25.158448190740458,24.33811666466505,5.371427874488174,5.196283859560234
2020-06-01,2020-03-28,2020-05-01,57215000000.0,267981000000.0,18109588000.0,3.159376127165345,3.159376127165345,80.4625015258789,77.83890533447266,25.467845007131665,25.467845007131665,24.637429100381052,5.437485314567221,5.26018824460802
2020-06-02,2020-03-28,2020-05-01,57215000000.0,267981000000.0,18109588000.0,3.159376127165345,3.159376127165345,80.83499908447266,78.19926452636719,25.585747258589127,25.585747258589127,24.751489338032417,5.462657910076375,5.284540555022651
2020-06-03,2020-03-28,2020-05-01,57215000000.0,267981000000.0,18109588000.0,3.159376127165345,3.159376127165345,81.27999877929688,78.6297378540039,25.726597754672188,25.726597754672188,24.887741974727167,5.492730046285256,5.313631030125325
2020-06-04,2020-03-28,2020-05-01,57215000000.0,267981000000.0,18109588000.0,3.159376127165345,3.159376127165345,80.58000183105469,77.95259857177734,25.505035990555726,25.505035990555726,24.673415077589375,5.445425736151615,5.267871392614686
2020-06-05,2020-03-28,2020-05-01,57215000000.0,267981000000.0,18109588000.0,3.159376127165345,3.159376127165345,82.875,80.1727523803711,26.231444647382677,26.231444647382677,25.376134133261203,5.600516848209388,5.4179046814309215
2020-06-08,2020-03-28,2020-05-01,57215000000.0,267981000000.0,18109588000.0,3.159376127165345,3.159376127165345,83.36499786376953,80.64675903320312,26.3865378822642,26.3865378822642,25.526165859068197,5.633629865302937,5.4499370463823436
2020-06-09,2020-03-28,2020-05-01,57215000000.0,267981000000.0,18109588000.0,3.159376127165345,3.159376127165345,85.99749755859375,83.19344329833984,27.21977190976385,27.21977190976385,26.332237742450328,5.811528615152338,5.622036571377432
2020-06-10,2020-03-28,2020-05-01,57215000000.0,267981000000.0,18109588000.0,3.159376127165345,3.159376127165345,88.20999908447266,85.33377075195312,27.920068878793618,27.920068878793618,27.009690305065476,5.961044778921554,5.766675364314341
2020-06-11,2020-03-28,2020-05-01,57215000000.0,267981000000.0,18109588000.0,3.159376127165345,3.159376127165345,83.9749984741211,81.23688507080078,26.57961416878374,26.57961416878374,25.712951481876306,5.674852413667244,5.489816513243674
2020-06-12,2020-03-28,2020-05-01,57215000000.0,267981000000.0,18109588000.0,3.159376127165345,3.159376127165345,84.69999694824219,81.93824005126953,26.809089370513384,26.809089370513384,25.934943087889366,5.723846273929582,5.537212596316866
2020-06-15,2020-03-28,2020-05-01,57215000000.0,267981000000.0,18109588000.0,3.159376127165345,3.159376127165345,85.74749755859375,82.95158386230469,27.14064236331624,27.14064236331624,26.255684832540183,5.794634145021993,5.60569222330608
2020-06-16,2020-03-28,2020-05-01,57215000000.0,267981000000.0,18109588000.0,3.159376127165345,3.159376127165345,88.0199966430664,85.14999389648438,27.859929650743958,27.859929650743958,26.951521588182235,5.948204816637432,5.754256113932878
2020-06-17,2020-03-28,2020-05-01,57215000000.0,267981000000.0,18109588000.0,3.159376127165345,3.159376127165345,87.89749908447266,85.031494140625,27.821156945734106,27.821156945734106,26.914014260441014,5.939926691258623,5.746248151589601
2020-06-18,2020-03-28,2020-05-01,57215000000.0,267981000000.0,18109588000.0,3.159376127165345,3.159376127165345,87.93250274658203,85.06534576416016,27.832236241360988,27.832236241360988,26.924728914908425,5.942292164554461,5.748535772560314
2020-06-19,2020-03-28,2020-05-01,57215000000.0,267981000000.0,18109588000.0,3.159376127165345,3.159376127165345,87.43000030517578,84.57920837402344,27.673185080251816,27.673185080251816,26.77085759013745,5.908334114607407,5.715683638092679
2020-06-22,2020-03-28,2020-05-01,57215000000.0,267981000000.0,18109588000.0,3.159376127165345,3.159376127165345,89.71749877929688,86.79216003417969,28.397219947279023,28.397219947279023,27.47129703485205,6.062918413184402,5.865230220982308
2020-06-23,2020-03-28,2020-05-01,57215000000.0,267981000000.0,18109588000.0,3.159376127165345,3.159376127165345,91.63249969482422,88.64469909667969,29.003352562848768,29.003352562848768,28.05765933802047,6.192330116252243,5.990420884409123
2020-06-24,2020-03-28,2020-05-01,57215000000.0,267981000000.0,18109588000.0,3.159376127165345,3.159376127165345,90.01499938964844,87.07994079589844,28.491384300739046,28.491384300739046,27.56238487945666,6.083022873885778,5.88467783491409
2020-06-25,2020-03-28,2020-05-01,57215000000.0,267981000000.0,18109588000.0,3.159376127165345,3.159376127165345,91.20999908447266,88.23594665527344,28.869623436164936,28.869623436164936,27.92828175682915,6.163778420485695,5.962798260760949
2020-06-26,2020-03-28,2020-05-01,57215000000.0,267981000000.0,18109588000.0,3.159376127165345,3.159376127165345,88.40750122070312,85.52485656738281,27.982581896643023,27.982581896643023,27.07017244069557,5.974391554686454,5.779588538718778
2020-06-29,2020-03-28,2020-05-01,57215000000.0,267981000000.0,18109588000.0,3.159376127165345,3.159376127165345,90.44499969482422,87.49591827392578,28.62748721722262,28.62748721722262,27.694049316131554,6.112081383133104,5.912788711223807
2020-06-30,2020-03-28,2020-05-01,57215000000.0,267981000000.0,18109588000.0,3.159376127165345,3.159376127165345,91.19999694824219,88.2262954711914,28.86645757815124,28.86645757815124,27.925226981552775,6.163102497318554,5.962146054196164
2020-07-01,2020-03-28,2020-05-01,57215000000.0,267981000000.0,18109588000.0,3.159376127165345,3.159376127165345,91.02749633789062,88.05941772460938,28.81185799791502,28.81185799791502,27.872407139955836,6.15144527168235,5.950868809775966
2020-07-02,2020-03-28,2020-05-01,57215000000.0,267981000000.0,18109588000.0,3.159376127165345,3.159376127165345,91.02749633789062,88.05941772460938,28.81185799791502,28.81185799791502,27.872407139955836,6.15144527168235,5.950868809775966
2020-07-06,2020-03-28,2020-05-01,57215000000.0,267981000000.0,18109588000.0,3.159376127165345,3.159376127165345,93.4625015258789,90.4150390625,29.58258142240738,29.58258142240738,28.618004132234223,6.315997761345164,6.110056707101553
2020-07-07,2020-03-28,2020-05-01,57215000000.0,267981000000.0,18109588000.0,3.159376127165345,3.159376127165345,93.17250061035156,90.13447570800781,29.490790858747097,29.490790858747097,28.52920072827108,6.296400114124566,6.091096830253003
2020-07-08,2020-03-28,2020-05-01,57215000000.0,267981000000.0,18109588000.0,3.159376127165345,3.159376127165345,95.34249877929688,92.23371887207031,30.177634742350243,30.177634742350243,29.193649366093123,6.443043991117166,6.232959233979342
2020-07-09,2020-03-28,2020-05-01,57215000000.0,267981000000.0,18109588000.0,3.159376127165345,3.159376127165345,95.75250244140625,92.63036346435547,30.30740835764854,30.30740835764854,29.31919459284681,6.470751169608522,6.25976363484624
2020-07-10,2020-03-28,2020-05-01,57215000000.0,267981000000.0,18109588000.0,3.159376127165345,3.159376127165345,95.91999816894531,92.7923812866211,30.360423801456854,30.360423801456854,29.37047618001604,6.482070175871998,6.2707124558816405
2020-07-13,2020-03-28,2020-05-01,57215000000.0,267981000000.0,18109588000.0,3.159376127165345,3.159376127165345,95.47750091552734,92.36431121826172,30.220365373587747,30.220365373587747,29.234984218587744,6.45216714934948,6.241784387947272
2020-07-14,2020-03-28,2020-05-01,57215000000.0,267981000000.0,18109588000.0,3.159376127165345,3.159376127165345,97.05750274658203,93.89280700683594,30.720464686698747,30.720464686698747,29.71878093257558,6.558940324312056,6.345076893724973
2020-07-15,2020-03-28,2020-05-01,57215000000.0,267981000000.0,18109588000.0,3.159376127165345,3.159376127165345,97.7249984741211,94.53852081298828,30.931739223402282,30.931739223402282,29.92316109503876,6.6040482708362225,6.388712864168141
2020-07-16,2020-03-28,2020-05-01,57215000000.0,267981000000.0,18109588000.0,3.159376127165345,3.159376127165345,96.52249908447266,93.375244140625,30.551126298176648,30.551126298176648,29.554962873129995,6.522785910755528,6.310101092189867
2020-07-17,2020-03-28,2020-05-01,57215000000.0,267981000000.0,18109588000.0,3.159376127165345,3.159376127165345,96.32749938964844,93.18661499023438,30.489405348541197,30.489405348541197,29.495258316661165,6.509608244676991,6.2973539340019205
2020-07-20,2020-03-28,2020-05-01,57215000000.0,267981000000.0,18109588000.0,3.159376127165345,3.159376127165345,98.35749816894531,95.1504135131836,31.13193687932105,31.13193687932105,30.116836262402995,6.646791259642863,6.430063275953845
2020-07-21,2020-03-28,2020-05-01,57215000000.0,267981000000.0,18109588000.0,3.159376127165345,3.159376127165345,97.0,93.8371810913086,30.702264021672637,30.702264021672637,29.701174318709935,6.555054410573884,6.341317812251574
2020-07-22,2020-03-28,2020-05-01,57215000000.0,267981000000.0,18109588000.0,3.159376127165345,3.159376127165345,97.27249908447266,94.10079193115234,30.788514937519476,30.788514937519476,29.78461194349197,6.573469321146563,6.359132074090676
2020-07-23,2020-03-28,2020-05-01,57215000000.0,267981000000.0,18109588000.0,3.159376127165345,3.159376127165345,92.84500122070312,89.8176498413086,29.387131346088097,29.387131346088097,28.428919579731957,6.274268399500079,6.06968640968712
2020-07-24,2020-03-28,2020-05-01,57215000000.0,267981000000.0,18109588000.0,3.159376127165345,3.159376127165345,92.61499786376953,89.59516143798828,29.314331100825765,29.314331100825765,28.3584979539536,6.258725260125704,6.054651114950147
2020-07-27,2020-03-28,2020-05-01,57215000000.0,267981000000.0,18109588000.0,3.159376127165345,3.159376127165345,94.80999755859375,91.7186050415039,30.009088422042097,30.009088422042097,29.030606470966678,6.407058687247002,6.198148933082415
2020-07-28,2020-03-28,2020-05-01,57215000000.0,267981000000.0,18109588000.0,3.159376127165345,3.159376127165345,93.25250244140625,90.21187591552734,29.51611289317244,29.51611289317244,28.553699301534962,6.301806468305071,6.096327372229087
2020-07-29,2020-03-28,2020-05-01,57215000000.0,267981000000.0,18109588000.0,3.159376127165345,3.159376127165345,95.04000091552734,91.94108581542969,30.08188866730443,30.08188866730443,29.10102568190292,6.422601826621376,6.213183712241076
2020-07-30,2020-03-28,2020-05-01,57215000000.0,267981000000.0,18109588000.0,3.159376127165345,3.159376127165345,96.19000244140625,93.0535888671875,30.445885063931858,30.445885063931858,29.453153129531632,6.5003164923366255,6.288364310552436
2020-07-31,2020-06-27,2020-07-31,58424000000.0,273857000000.0,17862996000.0,3.270671952230186,3.270671952230186,106.26000213623047,102.79523468017578,32.488737387366086,32.488737387366086,31.42939315882242,6.931069839804994,6.705071865649011
2020-08-03,2020-06-27,2020-07-31,58424000000.0,273857000000.0,17862996000.0,3.270671952230186,3.270671952230186,108.9375,105.38541412353516,33.307375851533614,33.307375851533614,32.22133422817767,7.105716219596359,6.874022686829448
2020-08-04,2020-06-27,2020-07-31,58424000000.0,273857000000.0,17862996000.0,3.270671952230186,3.270671952230186,109.66500091552734,106.08920288085938,33.529807488259294,33.529807488259294,32.436515930165335,7.153169255100513,6.919929038527331
2020-08-05,2020-06-27,2020-07-31,58424000000.0,273857000000.0,17862996000.0,3.270671952230186,3.270671952230186,110.0625,106.47374725341797,33.6513418672121,33.6513418672121,32.55408943743694,7.179097109988059,6.9450118904859695
2020-08-06,2020-06-27,2020-07-31,58424000000.0,273857000000.0,17862996000.0,3.270671952230186,3.270671952230186,113.90249633789062,110.18852233886719,34.825411414380305,34.825411414380305,33.68987289102244,7.429570310321646,7.187317226819454
2020-08-07,2020-06-27,2020-07-31,58424000000.0,273857000000.0,17862996000.0,3.270671952230186,3.270671952230186,111.11250305175781,107.68331909179688,33.972377748246224,33.972377748246224,32.923913087147255,7.2475861400787185,7.023909186924166
2020-08-10,2020-06-27,2020-07-31,58424000000.0,273857000000.0,17862996000.0,3.270671952230186,3.270671952230186,112.72750091552734,109.24848175048828,34.466159419828514,34.466159419828514,33.40245776590177,7.352928345611255,7.1260007687042695
2020-08-11,2020-06-27,2020-07-31,58424000000.0,273857000000.0,17862996000.0,3.270671952230186,3.270671952230186,109.375,105.99945831298828,33.44114041318636,33.44114041318636,32.40907674666364,7.134253232526465,6.914075228484488
2020-08-12,2020-06-27,2020-07-31,58424000000.0,273857000000.0,17862996000.0,3.270671952230186,3.270671952230186,113.01000213623047,109.52227020263672,34.55253348143702,34.55253348143702,33.48616791970113,7.371355182155199,7.143859293502152
2020-08-13,2020-06-27,2020-07-31,58424000000.0,273857000000.0,17862996000.0,3.270671952230186,3.270671952230186,115.01000213623047,111.46054077148438,35.16402862042099,35.16402862042099,34.07878943514416,7.501810098407112,7.270287755868436
2020-08-14,2020-06-27,2020-07-31,58424000000.0,273857000000.0,17862996000.0,3.270671952230186,3.270671952230186,114.90750122070312,111.3612060546875,35.13268921462781,35.13268921462781,34.04841808691734,7.495124224231679,7.263808404788114
2020-08-17,2020-06-27,2020-07-31,58424000000.0,273857000000.0,17862996000.0,3.270671952230186,3.270671952230186,114.60749816894531,111.0704574584961,35.04096401071268,35.04096401071268,33.959522410298604,7.4755557877354875,7.244843612904859
2020-08-18,2020-06-27,2020-07-31,58424000000.0,273857000000.0,17862996000.0,3.270671952230186,3.270671952230186,115.5625,111.99597930908203,35.332953499418046,35.332953499418046,34.242498466626984,7.537848129680818,7.305213050658611
2020-08-19,2020-06-27,2020-07-31,58424000000.0,273857000000.0,17862996000.0,3.270671952230186,3.270671952230186,115.7074966430664,112.1364974975586,35.3772858706201,35.3772858706201,34.28546156122311,7.547305892144837,7.314378694913401
2020-08-20,2020-06-27,2020-07-31,58424000000.0,273857000000.0,17862996000.0,3.270671952230186,3.270671952230186,118.2750015258789,114.62478637695312,36.16229424819883,36.16229424819883,35.046249838291935,7.714777709376677,7.4766834535993905
2020-08-21,2020-06-27,2020-07-31,58424000000.0,273857000000.0,17862996000.0,3.270671952230186,3.270671952230186,124.37000274658203,120.53166961669922,38.02582605747953,38.02582605747953,36.85226503211727,8.112339146277742,7.861974432774841
2020-08-24,2020-06-27,2020-07-31,58424000000.0,273857000000.0,17862996000.0,3.270671952230186,3.270671952230186,125.85749816894531,121.9732666015625,38.48062416749756,38.48062416749756,37.293029806426205,8.209364691652496,7.956006139739515
2020-08-25,2020-06-27,2020-07-31,58424000000.0,273857000000.0,17862996000.0,3.270671952230186,3.270671952230186,124.82499694824219,120.97261810302734,38.16493942877007,38.16493942877007,36.98708396008327,8.142017261514084,7.890736381702513
2020-08-26,2020-06-27,2020-07-31,58424000000.0,273857000000.0,17862996000.0,3.270671952230186,3.270671952230186,126.52249908447266,122.61772918701172,38.683946581129995,38.683946581129995,37.49007267555582,8.252741011023778,7.99804279604565
2020-08-27,2020-06-27,2020-07-31,58424000000.0,273857000000.0,17862996000.0,3.270671952230186,3.270671952230186,125.01000213623047,121.15192413330078,38.221504315340894,38.221504315340894,37.04190634303463,8.154084679666674,7.902432058283905
2020-08-28,2020-06-27,2020-07-31,58424000000.0,273857000000.0,17862996000.0,3.270671952230186,3.270671952230186,124.80750274658203,120.95567321777344,38.15959061913227,38.15959061913227,36.98190310260157,8.140876159207847,7.889631109909164
2020-08-31,2020-06-27,2020-07-31,58424000000.0,273857000000.0,17862996000.0,3.270671952230186,3.270671952230186,129.0399932861328,125.05754852294922,39.453664314497765,39.453664314497765,38.23604150751827,8.416950758644903,8.157186009615412
2020-09-01,2020-06-27,2020-07-31,58424000000.0,273857000000.0,17862996000.0,3.270671952230186,3.270671952230186,134.17999267578125,130.03887939453125,41.02520663507308,41.02520663507308,39.7590713143399,8.752219853600637,8.482105560453062
2020-09-02,2020-06-27,2020-07-31,58424000000.0,273857000000.0,17862996000.0,3.270671952230186,3.270671952230186,131.39999389648438,127.3447036743164,40.175228765112365,40.175228765112365,38.93533363609988,8.57088759963384,8.306371326478779
2020-09-03,2020-06-27,2020-07-31,58424000000.0,273857000000.0,17862996000.0,3.270671952230186,3.270671952230186,120.87999725341797,117.14936828613281,36.95876536043092,36.95876536043092,35.818134621007076,7.884694959113027,7.641355514365955
2020-09-04,2020-06-27,2020-07-31,58424000000.0,273857000000.0,17862996000.0,3.270671952230186,3.270671952230186,120.95999908447266,117.22689056396484,36.9832257258308,36.9832257258308,35.841836869035696,7.889913275198146,7.646412095497072
2020-09-08,2020-06-27,2020-07-31,58424000000.0,273857000000.0,17862996000.0,3.270671952230186,3.270671952230186,112.81999969482422,109.33814239501953,34.49444069677951,34.49444069677951,33.429871290046286,7.358961805864543,7.1318491046409775
2020-09-09,2020-06-27,2020-07-31,58424000000.0,273857000000.0,17862996000.0,3.270671952230186,3.270671952230186,117.31999969482422,113.69925689697266,35.870304759493465,35.870304759493465,34.76327144929472,7.652485367431346,7.416313518199626
2020-09-10,2020-06-27,2020-07-31,58424000000.0,273857000000.0,17862996000.0,3.270671952230186,3.270671952230186,113.48999786376953,109.98745727539062,34.699291008498626,34.699291008498626,33.62839773655473,7.4026640833738915,7.174202263810944
2020-09-11,2020-06-27,2020-07-31,58424000000.0,273857000000.0,17862996000.0,3.270671952230186,3.270671952230186,112.0,108.54341888427734,34.243727783102834,34.243727783102834,33.18688650821872,7.3054753101070995,7.080011310122329
2020-09-14,2020-06-27,2020-07-31,58424000000.0,273857000000.0,17862996000.0,3.270671952230186,3.270671952230186,115.36000061035156,111.79974365234375,35.271039803209426,35.271039803209426,34.18249989153159,7.524639609221993,7.292413097575895
2020-09-15,2020-06-27,2020-07-31,58424000000.0,273857000000.0,17862996000.0,3.270671952230186,3.270671952230186,115.54000091552734,111.97417449951172,35.32607445902474,35.32607445902474,34.23583169909762,7.536380571590506,7.303790778355419
2020-09-16,2020-06-27,2020-07-31,58424000000.0,273857000000.0,17862996000.0,3.270671952230186,3.270671952230186,112.12999725341797,108.66942596435547,34.28347412737601,34.28347412737601,33.22541286669139,7.31395470051091,7.088230431661699
2020-09-17,2020-06-27,2020-07-31,58424000000.0,273857000000.0,17862996000.0,3.270671952230186,3.270671952230186,110.33999633789062,106.93465423583984,33.73618569806509,33.73618569806509,32.69501062707432,7.197197490747927,6.9750756813818535
2020-09-18,2020-06-27,2020-07-31,58424000000.0,273857000000.0,17862996000.0,3.270671952230186,3.270671952230186,106.83999633789062,103.54266357421875,32.666069204843126,32.666069204843126,31.657917726544145,6.9689013873070795,6.753824752537329
2020-09-21,2020-06-27,2020-07-31,58424000000.0,273857000000.0,17862996000.0,3.270671952230186,3.270671952230186,110.08000183105469,106.68270111083984,33.65669300951873,33.65669300951873,32.61797657147966,7.180238709940307,6.958641419471212
2020-09-22,2020-06-27,2020-07-31,58424000000.0,273857000000.0,17862996000.0,3.270671952230186,3.270671952230186,111.80999755859375,108.3592758178711,34.18563499844533,34.18563499844533,33.13058521322621,7.293081933816444,7.06800012596913
2020-09-23,2020-06-27,2020-07-31,58424000000.0,273857000000.0,17862996000.0,3.270671952230186,3.270671952230186,107.12000274658203,103.81405639648438,32.7516804837427,32.7516804837427,31.740895422329434,6.987165493604998,6.771527016487345
2020-09-24,2020-06-27,2020-07-31,58424000000.0,273857000000.0,17862996000.0,3.270671952230186,3.270671952230186,108.22000122070312,104.88008880615234,33.088002343650125,33.088002343650125,32.0668322405851,7.058915598014347,6.841061600849875
2020-09-25,2020-06-27,2020-07-31,58424000000.0,273857000000.0,17862996000.0,3.270671952230186,3.270671952230186,112.27999877929688,108.81477355957031,34.329336729333576,34.329336729333576,33.26985254065983,7.323738918759005,7.097711085842284
2020-09-28,2020-06-27,2020-07-31,58424000000.0,273857000000.0,17862996000.0,3.270671952230186,3.270671952230186,114.95999908447266,111.4120864868164,35.148740308878864,35.148740308878864,34.06397465537545,7.498548526442408,7.267127206044233
2020-09-29,2020-06-27,2020-07-31,58424000000.0,273857000000.0,17862996000.0,3.270671952230186,3.270671952230186,114.08999633789062,110.56893157958984,34.88273908366005,34.88273908366005,33.806182091785686,7.441800458720262,7.2121303546394175
2020-09-30,2020-06-27,2020-07-31,58424000000.0,273857000000.0,17862996000.0,3.270671952230186,3.270671952230186,115.80999755859375,112.23583984375,35.40862527641329,35.40862527641329,34.315835242118766,7.553991766320269,7.320858543639735
2020-10-01,2020-06-27,2020-07-31,58424000000.0,273857000000.0,17862996000.0,3.270671952230186,3.270671952230186,116.79000091552734,113.18560028076172,35.708258920889726,35.708258920889726,34.60622218733475,7.617914894247952,7.382809002774606
2020-10-02,2020-06-27,2020-07-31,58424000000.0,273857000000.0,17862996000.0,3.270671952230186,3.270671952230186,113.0199966430664,109.53195190429688,34.55558927761037,34.55558927761037,33.48912807645227,7.37200709843133,7.1444908062917785
2020-10-05,2020-06-27,2020-07-31,58424000000.0,273857000000.0,17862996000.0,3.270671952230186,3.270671952230186,116.5,112.9045639038086,35.619591845816785,35.619591845816785,34.520295998142494,7.598998871673903,7.364477714265027
2020-10-06,2020-06-27,2020-07-31,58424000000.0,273857000000.0,17862996000.0,3.270671952230186,3.270671952230186,113.16000366210938,109.66766357421875,34.59839608339458,34.59839608339458,33.53062158968258,7.381139400403295,7.153342933558811
2020-10-07,2020-06-27,2020-07-31,58424000000.0,273857000000.0,17862996000.0,3.270671952230186,3.270671952230186,115.08000183105469,111.52837371826172,35.185430856978684,35.185430856978684,34.09952919375281,7.5063760005700875,7.2747123265639155
2020-10-08,2020-06-27,2020-07-31,58424000000.0,273857000000.0,17862996000.0,3.270671952230186,3.270671952230186,114.97000122070312,111.42179107666016,35.151798437721055,35.151798437721055,34.066941810133095,7.499200940364552,7.267760211771896
2020-10-09,2020-06-27,2020-07-31,58424000000.0,273857000000.0,17862996000.0,3.270671952230186,3.270671952230186,116.97000122070312,113.36005401611328,35.76329357670504,35.76329357670504,34.65956099290729,7.6296558566164645,7.394188176492167
2020-10-12,2020-06-27,2020-07-31,58424000000.0,273857000000.0,17862996000.0,3.270671952230186,3.270671952230186,124.4000015258789,120.56074523925781,38.03499811133727,38.03499811133727,36.86115483304603,8.114295890398159,7.863870961727768
2020-10-13,2020-06-27,2020-07-31,58424000000.0,273857000000.0,17862996000.0,3.270671952230186,3.270671952230186,121.0999984741211,117.36260223388672,37.026030198946174,37.026030198946174,35.88333038226601,7.899045079524099,7.655264222764105
2020-10-14,2020-06-27,2020-07-31,58424000000.0,273857000000.0,17862996000.0,3.270671952230186,3.270671952230186,121.19000244140625,117.44981384277344,37.05354869318825,37.05354869318825,35.90999511971461,7.904915809531362,7.6609528143308605
2020-10-15,2020-06-27,2020-07-31,58424000000.0,273857000000.0,17862996000.0,3.270671952230186,3.270671952230186,120.70999908447266,116.984619140625,36.9067888334578,36.9067888334578,35.76776297019218,7.873606410666657,7.6306093463760565
2020-10-16,2020-06-27,2020-07-31,58424000000.0,273857000000.0,17862996000.0,3.270671952230186,3.270671952230186,119.0199966430664,115.3467788696289,36.390074694562315,36.390074694562315,35.26699728811902,7.763371847187067,7.523777188682654
2020-10-19,2020-06-27,2020-07-31,58424000000.0,273857000000.0,17862996000.0,3.270671952230186,3.270671952230186,115.9800033569336,112.40059661865234,35.46060413605524,35.46060413605524,34.366209225602496,7.565080812412651,7.331605209275645
2020-10-20,2020-06-27,2020-07-31,58424000000.0,273857000000.0,17862996000.0,3.270671952230186,3.270671952230186,117.51000213623047,113.88338470458984,35.92839754415097,35.92839754415097,34.819568078949565,7.664878743722002,7.4283237070608
2020-10-21,2020-06-27,2020-07-31,58424000000.0,273857000000.0,17862996000.0,3.270671952230186,3.270671952230186,116.87000274658203,113.26313781738281,35.7327192862896,35.7327192862896,34.62992910070105,7.623133210333071,7.387866579197749
2020-10-22,2020-06-27,2020-07-31,58424000000.0,273857000000.0,17862996000.0,3.270671952230186,3.270671952230186,115.75,112.17769622802734,35.3902811686978,35.3902811686978,34.29805797293009,7.550078278079436,7.3170659833798934
2020-10-23,2020-06-27,2020-07-31,58424000000.0,273857000000.0,17862996000.0,3.270671952230186,3.270671952230186,115.04000091552734,111.4896011352539,35.17320067427874,35.17320067427874,34.087674570735246,7.503766842527528,7.272183289529338
2020-10-26,2020-06-27,2020-07-31,58424000000.0,273857000000.0,17862996000.0,3.270671952230186,3.270671952230186,115.05000305175781,111.49932098388672,35.17625880312094,35.17625880312094,34.09064639083056,7.504419256449671,7.272817290549026
2020-10-27,2020-06-27,2020-07-31,58424000000.0,273857000000.0,17862996000.0,3.270671952230186,3.270671952230186,116.5999984741211,113.00147247314453,35.650166136232215,35.650166136232215,34.549925557679906,7.605521517957296,7.370798813913432
2020-10-28,2020-06-27,2020-07-31,58424000000.0,273857000000.0,17862996000.0,3.270671952230186,3.270671952230186,111.19999694824219,107.76812744140625,33.99912879444171,33.99912879444171,32.94984303391295,7.253293144547929,7.0294410199970425
2020-10-29,2020-06-27,2020-07-31,58424000000.0,273857000000.0,17862996000.0,3.270671952230186,3.270671952230186,115.31999969482422,111.76097106933594,35.25880962050949,35.25880962050949,34.17064526851403,7.522030451179434,7.2898840605413175
2020-10-30,2020-09-26,2020-10-30,57411000000.0,274515000000.0,17596136500.0,3.2627048556937486,3.2627048556937486,108.86000061035156,105.5003433227539,33.36495497604691,33.36495497604691,32.335239621397314,6.977816986794271,6.762466320252231
2020-11-02,2020-09-26,2020-10-30,57411000000.0,274515000000.0,17596136500.0,3.2627048556937486,3.2627048556937486,108.7699966430664,105.41312408447266,33.33736928525784,33.33736928525784,32.308507433798724,6.972047822654274,6.756875654451736
2020-11-03,2020-09-26,2020-10-30,57411000000.0,274515000000.0,17596136500.0,3.2627048556937486,3.2627048556937486,110.44000244140625,107.03158569335938,33.84921631776694,33.84921631776694,32.80455647300689,7.079093521371574,6.860617422260346
2020-11-04,2020-09-26,2020-10-30,57411000000.0,274515000000.0,17596136500.0,3.2627048556937486,3.2627048556937486,114.94999694824219,111.40239715576172,35.23150331775884,35.23150331775884,34.14418468202949,7.368179651297208,7.140782058466732
2020-11-05,2020-09-26,2020-10-30,57411000000.0,274515000000.0,17596136500.0,3.2627048556937486,3.2627048556937486,119.02999877929688,115.3564682006836,36.4820000716821,36.4820000716821,35.35608438482412,7.62970368145763,7.394234051389316
2020-11-06,2020-09-26,2020-10-30,57411000000.0,274515000000.0,17596136500.0,3.2627048556937486,3.2627048556937486,118.69000244140625,115.22541809082031,36.377793178037614,36.377793178037614,35.315918290843975,7.607910256795868,7.385833870628722
2020-11-09,2020-09-26,2020-10-30,57411000000.0,274515000000.0,17596136500.0,3.2627048556937486,3.2627048556937486,116.31999969482422,112.92457580566406,35.65140116545758,35.65140116545758,34.61072355613144,7.455995454929914,7.23835218505751
2020-11-10,2020-09-26,2020-10-30,57411000000.0,274515000000.0,17596136500.0,3.2627048556937486,3.2627048556937486,115.97000122070312,112.5848388671875,35.54412867542211,35.54412867542211,34.50659616689374,7.433560903355586,7.216575387638332
2020-11-11,2020-09-26,2020-10-30,57411000000.0,274515000000.0,17596136500.0,3.2627048556937486,3.2627048556937486,119.48999786376953,116.0020751953125,36.62298710692371,36.62298710692371,35.553959161484435,7.659189161960538,7.435616812997406
2020-11-12,2020-09-26,2020-10-30,57411000000.0,274515000000.0,17596136500.0,3.2627048556937486,3.2627048556937486,119.20999908447266,115.7302474975586,36.53716911489533,36.53716911489533,35.470645558269744,7.641241520701076,7.41819292987933
2020-11-13,2020-09-26,2020-10-30,57411000000.0,274515000000.0,17596136500.0,3.2627048556937486,3.2627048556937486,119.26000213623047,115.77876281738281,36.55249475848536,36.55249475848536,35.48551522070322,7.644446666227357,7.421302713279029
2020-11-16,2020-09-26,2020-10-30,57411000000.0,274515000000.0,17596136500.0,3.2627048556937486,3.2627048556937486,120.30000305175781,116.7884292602539,36.871248970565695,36.871248970565695,35.79497209391966,7.71110968307432,7.486021320816792
2020-11-17,2020-09-26,2020-10-30,57411000000.0,274515000000.0,17596136500.0,3.2627048556937486,3.2627048556937486,119.38999938964844,115.90497589111328,36.59233815810856,36.59233815810856,35.52419879133334,7.652779359944523,7.429392844869091
2020-11-18,2020-09-26,2020-10-30,57411000000.0,274515000000.0,17596136500.0,3.2627048556937486,3.2627048556937486,118.02999877929688,114.58467864990234,36.17550590680081,36.17550590680081,35.11953539099331,7.565604683224382,7.344763114337349
2020-11-19,2020-09-26,2020-10-30,57411000000.0,274515000000.0,17596136500.0,3.2627048556937486,3.2627048556937486,118.63999938964844,115.17684936523438,36.36246753444759,36.36246753444759,35.301032259856164,7.6047051112695865,7.382720663973198
2020-11-20,2020-09-26,2020-10-30,57411000000.0,274515000000.0,17596136500.0,3.2627048556937486,3.2627048556937486,117.33999633789062,113.91480255126953,35.96402418475594,35.96402418475594,34.91422227556891,7.521376217951746,7.30182472747459
2020-11-23,2020-09-26,2020-10-30,57411000000.0,274515000000.0,17596136500.0,3.2627048556937486,3.2627048556937486,113.8499984741211,110.52671813964844,34.8943602040624,34.8943602040624,33.875794173281776,7.297670851047944,7.084651910759995
2020-11-24,2020-09-26,2020-10-30,57411000000.0,274515000000.0,17596136500.0,3.2627048556937486,3.2627048556937486,115.16999816894531,111.80817413330078,35.29893240817111,35.29893240817111,34.268552957888375,7.382281509154369,7.1667919562331015
2020-11-25,2020-09-26,2020-10-30,57411000000.0,274515000000.0,17596136500.0,3.2627048556937486,3.2627048556937486,116.02999877929688,112.64306640625,35.562517577038214,35.562517577038214,34.52444256785179,7.437406686757887,7.220307714561825
2020-11-27,2020-09-26,2020-10-30,57411000000.0,274515000000.0,17596136500.0,3.2627048556937486,3.2627048556937486,116.58999633789062,113.18671417236328,35.73415356109497,35.73415356109497,34.69106743591627,7.47330196927681,7.2551549917614295
2020-11-30,2020-09-26,2020-10-30,57411000000.0,274515000000.0,17596136500.0,3.2627048556937486,3.2627048556937486,119.05000305175781,115.57490539550781,36.48813126446407,36.48813126446407,35.423034110430784,7.6309859352827605,7.408235656754428
2020-12-01,2020-09-26,2020-10-30,57411000000.0,274515000000.0,17596136500.0,3.2627048556937486,3.2627048556937486,122.72000122070312,119.13778686523438,37.61296428837085,37.61296428837085,36.51503649106567,7.866229141430008,7.636612789787703
2020-12-02,2020-09-26,2020-10-30,57411000000.0,274515000000.0,17596136500.0,3.2627048556937486,3.2627048556937486,123.08000183105469,119.48725128173828,37.723302374797306,37.723302374797306,36.622145295557765,7.889304819916902,7.659013108803769
2020-12-03,2020-09-26,2020-10-30,57411000000.0,274515000000.0,17596136500.0,3.2627048556937486,3.2627048556937486,122.94000244140625,119.35137939453125,37.680393378783116,37.680393378783116,36.5805013549574,7.88033099928717,7.650303856945738
2020-12-04,2020-09-26,2020-10-30,57411000000.0,274515000000.0,17596136500.0,3.2627048556937486,3.2627048556937486,122.25,118.68150329589844,37.46891165673826,37.46891165673826,36.375188239532996,7.836102534014535,7.6073654700829785
2020-12-07,2020-09-26,2020-10-30,57411000000.0,274515000000.0,17596136500.0,3.2627048556937486,3.2627048556937486,123.75,120.13772583007812,37.92865290406019,37.92865290406019,36.82151194902772,7.932251031364406,7.700707875728577
2020-12-08,2020-09-26,2020-10-30,57411000000.0,274515000000.0,17596136500.0,3.2627048556937486,3.2627048556937486,124.37999725341797,120.74931335449219,38.121743386124045,38.121743386124045,37.00895995657483,7.972633224198195,7.739910023375471
2020-12-09,2020-09-26,2020-10-30,57411000000.0,274515000000.0,17596136500.0,3.2627048556937486,3.2627048556937486,121.77999877929688,118.2252197265625,37.32485902510566,37.32485902510566,36.23533998800032,7.805975926599062,7.578118150378254
2020-12-10,2020-09-26,2020-10-30,57411000000.0,274515000000.0,17596136500.0,3.2627048556937486,3.2627048556937486,123.23999786376953,119.64258575439453,37.77234022522856,37.77234022522856,36.66975440503182,7.899560405335217,7.668969892892125
2020-12-11,2020-09-26,2020-10-30,57411000000.0,274515000000.0,17596136500.0,3.2627048556937486,3.2627048556937486,122.41000366210938,118.83683776855469,37.51795184553442,37.51795184553442,36.42279734900705,7.846358608469397,7.617322254171334
2020-12-14,2020-09-26,2020-10-30,57411000000.0,274515000000.0,17596136500.0,3.2627048556937486,3.2627048556937486,121.77999877929688,118.2252197265625,37.32485902510566,37.32485902510566,36.23533998800032,7.805975926599062,7.578118150378254
2020-12-15,2020-09-26,2020-10-30,57411000000.0,274515000000.0,17596136500.0,3.2627048556937486,3.2627048556937486,127.87999725341797,124.14716339111328,39.194472963208575,39.194472963208575,38.050381165940884,8.196979718014562,7.957708806869688
2020-12-16,2020-09-26,2020-10-30,57411000000.0,274515000000.0,17596136500.0,3.2627048556937486,3.2627048556937486,127.80999755859375,124.07919311523438,39.17301846520148,39.17301846520148,38.02954867299863,8.192492807699699,7.953351980276213
2020-12-17,2020-09-26,2020-10-30,57411000000.0,274515000000.0,17596136500.0,3.2627048556937486,3.2627048556937486,128.6999969482422,124.94320678710938,39.44579808487664,39.44579808487664,38.29436382180597,8.249540877004364,8.00873439110323
2020-12-18,2020-09-26,2020-10-30,57411000000.0,274515000000.0,17596136500.0,3.2627048556937486,3.2627048556937486,126.66000366210938,122.96278381347656,38.820552046279914,38.820552046279914,37.687375736390656,8.1187793509607,7.881791262415256
2020-12-21,2020-09-26,2020-10-30,57411000000.0,274515000000.0,17596136500.0,3.2627048556937486,3.2627048556937486,128.22999572753906,124.48694610595703,39.301745453244045,39.301745453244045,38.15452258536802,8.21941426958889,7.9794885385081455
2020-12-22,2020-09-26,2020-10-30,57411000000.0,274515000000.0,17596136500.0,3.2627048556937486,3.2627048556937486,131.8800048828125,128.03041076660156,40.42045196109866,40.42045196109866,39.24057382731864,8.4533761999841,8.206621073530375
2020-12-23,2020-09-26,2020-10-30,57411000000.0,274515000000.0,17596136500.0,3.2627048556937486,3.2627048556937486,130.9600067138672,127.13724517822266,40.13847789061545,40.13847789061545,38.96682378620774,8.394405238978283,8.149370054058878
2020-12-24,2020-09-26,2020-10-30,57411000000.0,274515000000.0,17596136500.0,3.2627048556937486,3.2627048556937486,131.97000122070312,128.11776733398438,40.44803531352282,40.44803531352282,39.26734810548554,8.45914487508755,8.212220541988708
2020-12-28,2020-09-26,2020-10-30,57411000000.0,274515000000.0,17596136500.0,3.2627048556937486,3.2627048556937486,136.69000244140625,132.6999969482422,41.894688145900915,41.894688145900915,40.67177474440182,8.761692224994325,8.505936869937354
2020-12-29,2020-09-26,2020-10-30,57411000000.0,274515000000.0,17596136500.0,3.2627048556937486,3.2627048556937486,134.8699951171875,130.93313598632812,41.33686652098665,41.33686652098665,40.13024216941861,8.64503157873473,8.392682852261231
2020-12-30,2020-09-26,2020-10-30,57411000000.0,274515000000.0,17596136500.0,3.2627048556937486,3.2627048556937486,133.72000122070312,129.81668090820312,40.98440010206509,40.98440010206509,39.78805520262121,8.571318121995732,8.321119200180995
2020-12-31,2020-09-26,2020-10-30,57411000000.0,274515000000.0,17596136500.0,3.2627048556937486,3.2627048556937486,132.69000244140625,128.81675720214844,40.66871148637574,40.66871148637574,39.481584421388966,8.505296232061335,8.257025092313214
2021-01-04,2020-09-26,2020-10-30,57411000000.0,274515000000.0,17596136500.0,3.2627048556937486,3.2627048556937486,129.41000366210938,125.63249206542969,39.66341099970348,39.66341099970348,38.50562573754973,8.295051596102132,8.052916886940487
2021-01-05,2020-09-26,2020-10-30,57411000000.0,274515000000.0,17596136500.0,3.2627048556937486,3.2627048556937486,131.00999450683594,127.18580627441406,40.153798857475664,40.153798857475664,38.98170747883064,8.39760940643147,8.152482771677855
2021-01-06,2020-09-26,2020-10-30,57411000000.0,274515000000.0,17596136500.0,3.2627048556937486,3.2627048556937486,126.5999984741211,122.90452575683594,38.80216080629891,38.80216080629891,37.66951998197298,8.114933078521853,7.878056979345577
2021-01-07,2020-09-26,2020-10-30,57411000000.0,274515000000.0,17596136500.0,3.2627048556937486,3.2627048556937486,130.9199981689453,127.09840393066406,40.1262155050515,40.1262155050515,38.95491917047432,8.39184073132802,8.146880369000243
2021-01-08,2020-09-26,2020-10-30,57411000000.0,274515000000.0,17596136500.0,3.2627048556937486,3.2627048556937486,132.0500030517578,128.1954345703125,40.4725554079209,40.4725554079209,39.291152660222565,8.46427291231498,8.217198934032886
2021-01-11,2020-09-26,2020-10-30,57411000000.0,274515000000.0,17596136500.0,3.2627048556937486,3.2627048556937486,128.97999572753906,125.21501922607422,39.53161607690502,39.53161607690502,38.377672748290856,8.267488518263827,8.026157296148213
2021-01-12,2020-09-26,2020-10-30,57411000000.0,274515000000.0,17596136500.0,3.2627048556937486,3.2627048556937486,128.8000030517578,125.04031372070312,39.4764493720567,39.4764493720567,38.324126530321976,8.255951168056926,8.01495884826809
2021-01-13,2020-09-26,2020-10-30,57411000000.0,274515000000.0,17596136500.0,3.2627048556937486,3.2627048556937486,130.88999938964844,127.06930541992188,40.117021054243445,40.117021054243445,38.9460006467251,8.38991783962687,8.145015183611589
2021-01-14,2020-09-26,2020-10-30,57411000000.0,274515000000.0,17596136500.0,3.2627048556937486,3.2627048556937486,128.91000366210938,125.1470947265625,39.51016391726283,39.51016391726283,38.35685428553803,8.263002096985508,8.021803403774015
2021-01-15,2020-09-26,2020-10-30,57411000000.0,274515000000.0,17596136500.0,3.2627048556937486,3.2627048556937486,127.13999938964844,123.42875671386719,38.96766793593859,38.96766793593859,37.830193711353196,8.149546596252192,7.911659658534137
2021-01-19,2020-09-26,2020-10-30,57411000000.0,274515000000.0,17596136500.0,3.2627048556937486,3.2627048556937486,127.83000183105469,124.09862518310547,39.17914965798345,39.17914965798345,38.0355044884127,8.193775061524828,7.9545975563603495
2021-01-20,2020-09-26,2020-10-30,57411000000.0,274515000000.0,17596136500.0,3.2627048556937486,3.2627048556937486,132.02999877929688,128.17599487304688,40.46642421513893,40.46642421513893,39.28519450644359,8.46299065848985,8.215952868912202
2021-01-21,2020-09-26,2020-10-30,57411000000.0,274515000000.0,17596136500.0,3.2627048556937486,3.2627048556937486,136.8699951171875,132.87472534179688,41.94985485074924,41.94985485074924,40.72532797746541,8.773229575201226,8.517136784927116
2021-01-22,2020-09-26,2020-10-30,57411000000.0,274515000000.0,17596136500.0,3.2627048556937486,3.2627048556937486,139.07000732421875,135.01051330566406,42.62414575487194,42.62414575487194,41.379934525814406,8.914248153772848,8.65403865384963
2021-01-25,2020-09-26,2020-10-30,57411000000.0,274515000000.0,17596136500.0,3.2627048556937486,3.2627048556937486,142.9199981689453,138.7481231689453,43.80414548362703,43.80414548362703,42.52549013951288,9.161028710126994,8.893615701872664
2021-01-26,2020-09-26,2020-10-30,57411000000.0,274515000000.0,17596136500.0,3.2627048556937486,3.2627048556937486,143.16000366210938,138.98114013671875,43.87770576682128,43.87770576682128,42.59690848045378,9.176412821809288,8.90855185607829
2021-01-27,2020-09-26,2020-10-30,57411000000.0,274515000000.0,17596136500.0,3.2627048556937486,3.2627048556937486,142.05999755859375,137.91322326660156,43.54056031475993,43.54056031475993,42.26959819118456,9.105903532523477,8.840099454507394
2021-01-28,2020-12-26,2021-01-28,63930000000.0,294135000000.0,17419954500.0,3.6699292182422174,3.6699292182422174,137.08999633789062,133.08828735351562,37.354942884580346,37.354942884580346,36.26453793494709,8.119066070379999,7.882067452636264
2021-01-29,2020-12-26,2021-01-28,63930000000.0,294135000000.0,17419954500.0,3.6699292182422174,3.6699292182422174,131.9600067138672,128.1080780029297,35.95709858869484,35.95709858869484,34.90750648980895,7.815245763935814,7.587117785688497
2021-02-01,2020-12-26,2021-01-28,63930000000.0,294135000000.0,17419954500.0,3.6699292182422174,3.6699292182422174,134.13999938964844,130.22442626953125,36.551113499103764,36.551113499103764,35.48417926488095,7.944354415481679,7.712457138401886
2021-02-02,2020-12-26,2021-01-28,63930000000.0,294135000000.0,17419954500.0,3.6699292182422174,3.6699292182422174,134.99000549316406,131.04957580566406,36.78272725865271,36.78272725865271,35.70901998715734,7.994695475362224,7.761326084209525
2021-02-03,2020-12-26,2021-01-28,63930000000.0,294135000000.0,17419954500.0,3.6699292182422174,3.6699292182422174,133.94000244140625,130.0302734375,36.49661736679471,36.49661736679471,35.4312755655218,7.932509726007396,7.700958562917737
2021-02-04,2020-12-26,2021-01-28,63930000000.0,294135000000.0,17419954500.0,3.6699292182422174,3.6699292182422174,137.38999938964844,133.3795623779297,37.43668916193811,37.43668916193811,36.34390595735096,8.136833556437363,7.89931802693813
2021-02-05,2020-12-26,2021-01-28,63930000000.0,294135000000.0,17419954500.0,3.6699292182422174,3.6699292182422174,136.75999450683594,132.96632385253906,37.26502239526564,37.26502239526564,36.231304732418195,8.09952192608609,7.87484424343752
2021-02-08,2020-12-26,2021-01-28,63930000000.0,294135000000.0,17419954500.0,3.6699292182422174,3.6699292182422174,136.91000366210938,133.1121826171875,37.30589761283871,37.30589761283871,36.271049031551655,8.108406120960712,7.883482634120718
2021-02-09,2020-12-26,2021-01-28,63930000000.0,294135000000.0,17419954500.0,3.6699292182422174,3.6699292182422174,136.00999450683594,132.23715209960938,37.0606587807654,37.0606587807654,36.03261649905795,8.055103662788625,7.831659519556581
2021-02-10,2020-12-26,2021-01-28,63930000000.0,294135000000.0,17419954500.0,3.6699292182422174,3.6699292182422174,135.38999938964844,131.63433837890625,36.89171952327082,36.89171952327082,35.86835891128032,8.018384854310789,7.795958268135891
2021-02-11,2020-12-26,2021-01-28,63930000000.0,294135000000.0,17419954500.0,3.6699292182422174,3.6699292182422174,135.1300048828125,131.38157653808594,36.82087496704789,36.82087496704789,35.79948514674996,8.00298684836341,7.780988612139748
2021-02-12,2020-12-26,2021-01-28,63930000000.0,294135000000.0,17419954500.0,3.6699292182422174,3.6699292182422174,135.3699951171875,131.61492919921875,36.8862686627034,36.8862686627034,35.86307020445975,8.017200114255795,7.79480877206423
2021-02-16,2020-12-26,2021-01-28,63930000000.0,294135000000.0,17419954500.0,3.6699292182422174,3.6699292182422174,133.19000244140625,129.4954071044922,36.29225375229448,36.29225375229448,35.28553260940452,7.888091462709931,7.6692814514397485
2021-02-17,2020-12-26,2021-01-28,63930000000.0,294135000000.0,17419954500.0,3.6699292182422174,3.6699292182422174,130.83999633789062,127.21056365966797,35.65191276374505,35.65191276374505,34.662947456135925,7.748913876234454,7.533963081138829
2021-02-18,2020-12-26,2021-01-28,63930000000.0,294135000000.0,17419954500.0,3.6699292182422174,3.6699292182422174,129.7100067138672,126.11190032958984,35.34400774519413,35.34400774519413,34.363578377131084,7.681990974043418,7.468895458377921
2021-02-19,2020-12-26,2021-01-28,63930000000.0,294135000000.0,17419954500.0,3.6699292182422174,3.6699292182422174,129.8699951171875,126.2674789428711,35.387602156368345,35.387602156368345,34.4059711874632,7.691466183407716,7.47810950078883
2021-02-22,2020-12-26,2021-01-28,63930000000.0,294135000000.0,17419954500.0,3.6699292182422174,3.6699292182422174,126.0,122.50482940673828,34.33308723603942,34.33308723603942,33.380706308394224,7.4622682339741955,7.255269023732786
2021-02-23,2020-12-26,2021-01-28,63930000000.0,294135000000.0,17419954500.0,3.6699292182422174,3.6699292182422174,125.86000061035156,122.36870574951172,34.294939527644246,34.294939527644246,33.34361467824781,7.45397686097301,7.247207188469181
2021-02-24,2020-12-26,2021-01-28,63930000000.0,294135000000.0,17419954500.0,3.6699292182422174,3.6699292182422174,125.3499984741211,121.87284088134766,34.155971687693715,34.155971687693715,33.20849902923223,7.423772315413871,7.217839913437082
2021-02-25,2020-12-26,2021-01-28,63930000000.0,294135000000.0,17419954500.0,3.6699292182422174,3.6699292182422174,120.98999786376953,117.6337890625,32.96793770908748,32.96793770908748,32.05342176022756,7.165554108630263,6.966784820342182
2021-02-26,2020-12-26,2021-01-28,63930000000.0,294135000000.0,17419954500.0,3.6699292182422174,3.6699292182422174,121.26000213623047,117.89630889892578,33.04150977448831,33.04150977448831,32.124954430427536,7.181544936451077,6.982332387295739
2021-03-01,2020-12-26,2021-01-28,63930000000.0,294135000000.0,17419954500.0,3.6699292182422174,3.6699292182422174,127.79000091552734,124.24516296386719,34.82083531211395,34.82083531211395,33.854920783288776,7.568279876598993,7.358339149287407
2021-03-02,2020-12-26,2021-01-28,63930000000.0,294135000000.0,17419954500.0,3.6699292182422174,3.6699292182422174,125.12000274658203,121.64923095703125,34.09330134342772,34.09330134342772,33.14756871940366,7.410150967703041,7.204596760778132
2021-03-03,2020-12-26,2021-01-28,63930000000.0,294135000000.0,17419954500.0,3.6699292182422174,3.6699292182422174,122.05999755859375,118.67412567138672,33.259496382618714,33.259496382618714,32.336897693146234,7.228924146194143,7.028398080890879
2021-03-04,2020-12-26,2021-01-28,63930000000.0,294135000000.0,17419954500.0,3.6699292182422174,3.6699292182422174,120.12999725341797,116.79765319824219,32.73360059814901,32.73360059814901,31.825587430316887,7.114621130568161,6.917265216380772
2021-03-05,2020-12-26,2021-01-28,63930000000.0,294135000000.0,17419954500.0,3.6699292182422174,3.6699292182422174,121.41999816894531,118.05186462402344,33.085106264556714,33.085106264556714,32.16734100407709,7.191020597661314,6.991545074168827
2021-03-08,2020-12-26,2021-01-28,63930000000.0,294135000000.0,17419954500.0,3.6699292182422174,3.6699292182422174,116.36000061035156,113.1322250366211,31.706333743974607,31.706333743974607,30.826813899917102,6.891345525871781,6.700182612139664
2021-03-09,2020-12-26,2021-01-28,63930000000.0,294135000000.0,17419954500.0,3.6699292182422174,3.6699292182422174,121.08999633789062,117.73102569580078,32.99518577524201,32.99518577524201,32.079917266685136,7.171476453367403,6.9725435968489995
2021-03-10,2020-12-26,2021-01-28,63930000000.0,294135000000.0,17419954500.0,3.6699292182422174,3.6699292182422174,119.9800033569336,116.65182495117188,32.69272953836431,32.69272953836431,31.785851446760187,7.105737839385419,6.908628633081337
2021-03-11,2020-12-26,2021-01-28,63930000000.0,294135000000.0,17419954500.0,3.6699292182422174,3.6699292182422174,121.95999908447266,118.57689666748047,33.23224831646419,33.23224831646419,32.31040426558285,7.223001801457002,7.022639756230001
2021-03-12,2020-12-26,2021-01-28,63930000000.0,294135000000.0,17419954500.0,3.6699292182422174,3.6699292182422174,121.02999877929688,117.67268371582031,32.978837351328124,32.978837351328124,32.06401996281059,7.1679231368943075,6.969088330944909
2021-03-15,2020-12-26,2021-01-28,63930000000.0,294135000000.0,17419954500.0,3.6699292182422174,3.6699292182422174,123.98999786376953,120.55058288574219,33.78539216708842,33.78539216708842,32.8482037981872,7.343227161820125,7.139530041709105
2021-03-16,2020-12-26,2021-01-28,63930000000.0,294135000000.0,17419954500.0,3.6699292182422174,3.6699292182422174,125.56999969482422,122.08674621582031,34.215918680570184,34.215918680570184,33.26678498565051,7.4368017449431445,7.2305083180602
2021-03-17,2020-12-26,2021-01-28,63930000000.0,294135000000.0,17419954500.0,3.6699292182422174,3.6699292182422174,124.76000213623047,121.29920959472656,33.99520664215607,33.99520664215607,33.05219321173315,7.388830165172583,7.1838669727373485
2021-03-18,2020-12-26,2021-01-28,63930000000.0,294135000000.0,17419954500.0,3.6699292182422174,3.6699292182422174,120.52999877929688,117.18655395507812,32.842594941661304,32.842594941661304,31.931556982782045,7.138310961362664,6.940297611332402
2021-03-19,2020-12-26,2021-01-28,63930000000.0,294135000000.0,17419954500.0,3.6699292182422174,3.6699292182422174,119.98999786376953,116.66153717041016,32.69545288975383,32.69545288975383,31.78849787906466,7.106329757566976,6.909203832963108
2021-03-22,2020-12-26,2021-01-28,63930000000.0,294135000000.0,17419954500.0,3.6699292182422174,3.6699292182422174,123.38999938964844,119.96722412109375,33.62190169126707,33.62190169126707,32.68924739059527,7.30769264155134,7.10498099743572
2021-03-23,2020-12-26,2021-01-28,63930000000.0,294135000000.0,17419954500.0,3.6699292182422174,3.6699292182422174,122.54000091552734,119.14080047607422,33.390290010612304,33.390290010612304,32.46405949298907,7.257352033516734,7.056036593356082
2021-03-24,2020-12-26,2021-01-28,63930000000.0,294135000000.0,17419954500.0,3.6699292182422174,3.6699292182422174,120.08999633789062,116.75877380371094,32.72270095590836,32.72270095590836,31.814993385522236,7.112252102304116,6.914962609469925
2021-03-25,2020-12-26,2021-01-28,63930000000.0,294135000000.0,17419954500.0,3.6699292182422174,3.6699292182422174,120.58999633789062,117.244873046875,32.85894336557518,32.85894336557518,31.947448049974017,7.14186427783576,6.943751521698672
2021-03-26,2020-12-26,2021-01-28,63930000000.0,294135000000.0,17419954500.0,3.6699292182422174,3.6699292182422174,121.20999908447266,117.84769439697266,33.02788470196395,33.02788470196395,32.111707716645846,7.178583538159537,6.979453224965301
2021-03-29,2020-12-26,2021-01-28,63930000000.0,294135000000.0,17419954500.0,3.6699292182422174,3.6699292182422174,121.38999938964844,118.02269744873047,33.07693205259977,33.07693205259977,32.15939339158691,7.189243939424766,6.989817667139752
2021-03-30,2020-12-26,2021-01-28,63930000000.0,294135000000.0,17419954500.0,3.6699292182422174,3.6699292182422174,119.9000015258789,116.57402801513672,32.670930253883014,32.670930253883014,31.764652962699937,7.100999782857332,6.904021160029942
2021-03-31,2020-12-26,2021-01-28,63930000000.0,294135000000.0,17419954500.0,3.6699292182422174,3.6699292182422174,122.1500015258789,118.76162719726562,33.28402109738372,33.28402109738372,32.360740530616766,7.234254572749728,7.033580301978104
2021-04-01,2020-12-26,2021-01-28,63930000000.0,294135000000.0,17419954500.0,3.6699292182422174,3.6699292182422174,123.0,119.5880355834961,33.51563277803848,33.51563277803848,32.58592427043458,7.284595180784334,7.082523802365862
2021-04-05,2020-12-26,2021-01-28,63930000000.0,294135000000.0,17419954500.0,3.6699292182422174,3.6699292182422174,125.9000015258789,122.4075927734375,34.30583916988489,34.30583916988489,33.35421080193665,7.456345889237055,7.249510247225968
2021-04-06,2020-12-26,2021-01-28,63930000000.0,294135000000.0,17419954500.0,3.6699292182422174,3.6699292182422174,126.20999908447266,122.70901489257812,34.390308798632184,34.390308798632184,33.43634375361385,7.4747052934759735,7.267361776628192
2021-04-07,2020-12-26,2021-01-28,63930000000.0,294135000000.0,17419954500.0,3.6699292182422174,3.6699292182422174,127.9000015258789,124.35212707519531,34.85080880855219,34.85080880855219,33.88406687983921,7.57479459136363,7.364674029367877
2021-04-08,2020-12-26,2021-01-28,63930000000.0,294135000000.0,17419954500.0,3.6699292182422174,3.6699292182422174,130.36000061035156,126.743896484375,35.52112121464565,35.52112121464565,34.53578773518728,7.720486440757803,7.506325020519566
2021-04-09,2020-12-26,2021-01-28,63930000000.0,294135000000.0,17419954500.0,3.6699292182422174,3.6699292182422174,133.0,129.31063842773438,36.24048097137494,36.24048097137494,35.235185949899645,7.876838691417206,7.658338646461946
2021-04-12,2020-12-26,2021-01-28,63930000000.0,294135000000.0,17419954500.0,3.6699292182422174,3.6699292182422174,131.24000549316406,127.59947204589844,35.760909186151544,35.760909186151544,34.76891908749527,7.7726041588748975,7.556995927936399
2021-04-13,2020-12-26,2021-01-28,63930000000.0,294135000000.0,17419954500.0,3.6699292182422174,3.6699292182422174,134.42999267578125,130.7010040283203,36.630132267283635,36.630132267283635,35.61403946938302,7.9615290796656035,7.740682146897366
2021-04-14,2020-12-26,2021-01-28,63930000000.0,294135000000.0,17419954500.0,3.6699292182422174,3.6699292182422174,132.02999877929688,128.36756896972656,35.976170363998236,35.976170363998236,34.97821383901531,7.8193909985904675,7.602485969803826
2021-04-15,2020-12-26,2021-01-28,63930000000.0,294135000000.0,17419954500.0,3.6699292182422174,3.6699292182422174,134.5,130.76904296875,36.64920820037541,36.64920820037541,35.63257904777366,7.965675218012137,7.744711708991347
2021-04-16,2020-12-26,2021-01-28,63930000000.0,294135000000.0,17419954500.0,3.6699292182422174,3.6699292182422174,134.16000366210938,130.43844604492188,36.556564359671185,36.556564359671185,35.5424964047121,7.945539155536672,7.725132320714108
2021-04-19,2020-12-26,2021-01-28,63930000000.0,294135000000.0,17419954500.0,3.6699292182422174,3.6699292182422174,134.83999633789062,131.09963989257812,36.74185204107964,36.74185204107964,35.722661690835224,7.985811280487603,7.764291097268586
2021-04-20,2020-12-26,2021-01-28,63930000000.0,294135000000.0,17419954500.0,3.6699292182422174,3.6699292182422174,133.11000061035156,129.4176025390625,36.27045446781318,36.27045446781318,35.26433204645008,7.883353406181843,7.664673526542415
2021-04-21,2020-12-26,2021-01-28,63930000000.0,294135000000.0,17419954500.0,3.6699292182422174,3.6699292182422174,133.5,129.79676818847656,36.376723381041764,36.376723381041764,35.367648929928194,7.90645086694885,7.687129366074452
2021-04-22,2020-12-26,2021-01-28,63930000000.0,294135000000.0,17419954500.0,3.6699292182422174,3.6699292182422174,131.94000244140625,128.280029296875,35.95164772812742,35.95164772812742,34.95436060707382,7.8140610238808215,7.597301489486901
2021-04-23,2020-12-26,2021-01-28,63930000000.0,294135000000.0,17419954500.0,3.6699292182422174,3.6699292182422174,134.32000732421875,130.5940704345703,36.60016292863378,36.60016292863378,35.58490168840936,7.955015268592849,7.734349074200657
2021-04-26,2020-12-26,2021-01-28,63930000000.0,294135000000.0,17419954500.0,3.6699292182422174,3.6699292182422174,134.72000122070312,130.98292541503906,36.70915519325189,36.70915519325189,35.690858767509376,7.97870464754141,7.757378758076645
2021-04-27,2020-12-26,2021-01-28,63930000000.0,294135000000.0,17419954500.0,3.6699292182422174,3.6699292182422174,134.38999938964844,130.66209411621094,36.619234703937174,36.619234703937174,35.603437109011615,7.9591605032475,7.738377732602758
2021-04-28,2020-12-26,2021-01-28,63930000000.0,294135000000.0,17419954500.0,3.6699292182422174,3.6699292182422174,133.5800018310547,129.87457275390625,36.39852266552306,36.39852266552306,35.388849492882635,7.911188923476938,7.691737290971786
2021-04-29,2021-03-27,2021-04-29,76311000000.0,325406000000.0,17247552750.0,4.42445378229094,4.42445378229094,133.47999572753906,129.77734375,30.168694780313512,30.168694780313512,29.331833969978216,7.074864223095163,6.878611894319735
2021-04-30,2021-03-27,2021-04-29,76311000000.0,325406000000.0,17247552750.0,4.42445378229094,4.42445378229094,131.4600067138672,127.81334686279297,29.71214373173957,29.71214373173957,28.887938071445383,6.967798382060498,6.774513814035601
2021-05-03,2021-03-27,2021-04-29,76311000000.0,325406000000.0,17247552750.0,4.42445378229094,4.42445378229094,132.5399932861328,128.86338806152344,29.95623862467038,29.95623862467038,29.12526481286899,7.025041104611536,6.830169336566768
2021-05-04,2021-03-27,2021-04-29,76311000000.0,325406000000.0,17247552750.0,4.42445378229094,4.42445378229094,127.8499984741211,124.30349731445312,28.896221944016233,28.896221944016233,28.0946538105976,6.776456465983489,6.588480627095117
2021-05-05,2021-03-27,2021-04-29,76311000000.0,325406000000.0,17247552750.0,4.42445378229094,4.42445378229094,128.10000610351562,124.54659271240234,28.952727818344766,28.952727818344766,28.14959740587759,6.789707665334098,6.601365456199102
2021-05-06,2021-03-27,2021-04-29,76311000000.0,325406000000.0,17247552750.0,4.42445378229094,4.42445378229094,129.74000549316406,126.14111328125,29.323394904124395,29.323394904124395,28.509985523215327,6.876632847976487,6.68588011672214
2021-05-07,2021-03-27,2021-04-29,76311000000.0,325406000000.0,17247552750.0,4.42445378229094,4.42445378229094,130.2100067138672,126.81307220458984,29.42962298194596,29.42962298194596,28.66185939429731,6.9015444072183,6.7214960764036995
2021-05-10,2021-03-27,2021-04-29,76311000000.0,325406000000.0,17247552750.0,4.42445378229094,4.42445378229094,126.8499984741211,123.54073333740234,28.670205344181348,28.670205344181348,27.922256490028047,6.723453286109731,6.548051710818272
2021-05-11,2021-03-27,2021-04-29,76311000000.0,325406000000.0,17247552750.0,4.42445378229094,4.42445378229094,125.91000366210938,122.62525939941406,28.457750912908025,28.457750912908025,27.715344183326483,6.673630572008275,6.4995286810133415
2021-05-12,2021-03-27,2021-04-29,76311000000.0,325406000000.0,17247552750.0,4.42445378229094,4.42445378229094,122.7699966430664,119.56715393066406,27.748057203006258,27.748057203006258,27.024161583343137,6.507200215173079,6.337439366780263
2021-05-13,2021-03-27,2021-04-29,76311000000.0,325406000000.0,17247552750.0,4.42445378229094,4.42445378229094,124.97000122070312,121.70979309082031,28.245294757264894,28.245294757264894,27.508433600994728,6.623807453524648,6.4510060555905815
2021-05-14,2021-03-27,2021-04-29,76311000000.0,325406000000.0,17247552750.0,4.42445378229094,4.42445378229094,127.44999694824219,124.12507629394531,28.805814959208316,28.805814959208316,28.054327698203352,6.755255113157552,6.579023745651882
2021-05-17,2021-03-27,2021-04-29,76311000000.0,325406000000.0,17247552750.0,4.42445378229094,4.42445378229094,126.2699966430664,122.9758529663086,28.53911530242836,28.53911530242836,27.79458414923997,6.69271134473123,6.518111254902034
2021-05-18,2021-03-27,2021-04-29,76311000000.0,325406000000.0,17247552750.0,4.42445378229094,4.42445378229094,124.8499984741211,121.5928955078125,28.218172144511577,28.218172144511577,27.482012806754387,6.6174469263622155,6.444810111971611
2021-05-19,2021-03-27,2021-04-29,76311000000.0,325406000000.0,17247552750.0,4.42445378229094,4.42445378229094,124.69000244140625,121.43708801269531,28.182010385210297,28.182010385210297,27.446797726479208,6.608966627861143,6.436551819282235
2021-05-20,2021-03-27,2021-04-29,76311000000.0,325406000000.0,17247552750.0,4.42445378229094,4.42445378229094,127.30999755859375,123.98873138427734,28.774172773181018,28.774172773181018,28.023511485315403,6.747834700325798,6.571797031879879
2021-05-21,2021-03-27,2021-04-29,76311000000.0,325406000000.0,17247552750.0,4.42445378229094,4.42445378229094,125.43000030517578,122.15777587890625,28.349262186264564,28.349262186264564,27.609685147542464,6.648188867740716,6.474750567887849
2021-05-24,2021-03-27,2021-04-29,76311000000.0,325406000000.0,17247552750.0,4.42445378229094,4.42445378229094,127.0999984741211,123.78423309326172,28.72670949414007,28.72670949414007,27.977291476908007,6.73670408107817,6.560957972177302
2021-05-25,2021-03-27,2021-04-29,76311000000.0,325406000000.0,17247552750.0,4.42445378229094,4.42445378229094,126.9000015258789,123.58942413330078,28.681506863921015,28.681506863921015,27.933261418160267,6.726103606856287,6.550632477831473
2021-05-26,2021-03-27,2021-04-29,76311000000.0,325406000000.0,17247552750.0,4.42445378229094,4.42445378229094,126.8499984741211,123.54073333740234,28.670205344181348,28.670205344181348,27.922256490028047,6.723453286109731,6.548051710818272
2021-05-27,2021-03-27,2021-04-29,76311000000.0,325406000000.0,17247552750.0,4.42445378229094,4.42445378229094,125.27999877929688,122.01170349121094,28.31535935141537,28.31535935141537,27.576670363145805,6.640238309883218,6.467008266848245
2021-05-28,2021-03-27,2021-04-29,76311000000.0,325406000000.0,17247552750.0,4.42445378229094,4.42445378229094,124.61000061035156,121.35916137695312,28.16392864337475,28.16392864337475,27.42918501323219,6.604726276419521,6.432421459791035
2021-06-01,2021-03-27,2021-04-29,76311000000.0,325406000000.0,17247552750.0,4.42445378229094,4.42445378229094,124.27999877929688,121.03778839111328,28.08934275158048,28.08934275158048,27.35654938369388,6.58723513000946,6.415387669616
2021-06-02,2021-03-27,2021-04-29,76311000000.0,325406000000.0,17247552750.0,4.42445378229094,4.42445378229094,125.05999755859375,121.79742431640625,28.265635423552524,28.265635423552524,27.528239712641025,6.6285775456098435,6.455650789202871
2021-06-03,2021-03-27,2021-04-29,76311000000.0,325406000000.0,17247552750.0,4.42445378229094,4.42445378229094,123.54000091552734,120.31707763671875,27.922090950526215,27.922090950526215,27.193656789521192,6.548012890129888,6.377187707863874
2021-06-04,2021-03-27,2021-04-29,76311000000.0,325406000000.0,17247552750.0,4.42445378229094,4.42445378229094,125.88999938964844,122.60577392578125,28.453229615264235,28.453229615264235,27.71094014282982,6.672570281956784,6.498495888949456
2021-06-07,2021-03-27,2021-04-29,76311000000.0,325406000000.0,17247552750.0,4.42445378229094,4.42445378229094,125.9000015258789,122.6155014038086,28.45549026408613,28.45549026408613,27.71313871433853,6.673100426982529,6.499011476217057
2021-06-08,2021-03-27,2021-04-29,76311000000.0,325406000000.0,17247552750.0,4.42445378229094,4.42445378229094,126.73999786376953,123.4336166381836,28.645343380249926,28.645343380249926,27.898046337885088,6.7176229039730435,6.542374185142097
2021-06-09,2021-03-27,2021-04-29,76311000000.0,325406000000.0,17247552750.0,4.42445378229094,4.42445378229094,127.12999725341797,123.81342315673828,28.733489716235947,28.733489716235947,27.983888915803945,6.738294111773236,6.562505138362277
2021-06-10,2021-03-27,2021-04-29,76311000000.0,325406000000.0,17247552750.0,4.42445378229094,4.42445378229094,126.11000061035156,122.82003021240234,28.50295354312708,28.50295354312708,27.759365620225168,6.684231046230158,6.509852153448318
2021-06-11,2021-03-27,2021-04-29,76311000000.0,325406000000.0,17247552750.0,4.42445378229094,4.42445378229094,127.3499984741211,124.02767181396484,28.78321364409879,28.78321364409879,28.032312668829483,6.749954876046609,6.573860998478968
2021-06-14,2021-03-27,2021-04-29,76311000000.0,325406000000.0,17247552750.0,4.42445378229094,4.42445378229094,130.47999572753906,127.07603454589844,29.490644980808852,29.490644980808852,28.721293248564496,6.915854683473889,6.735433916680103
2021-06-15,2021-03-27,2021-04-29,76311000000.0,325406000000.0,17247552750.0,4.42445378229094,4.42445378229094,129.63999938964844,126.25794219970703,29.300791864645056,29.300791864645056,28.53639079812737,6.871332206483375,6.692072420901575
2021-06-16,2021-03-27,2021-04-29,76311000000.0,325406000000.0,17247552750.0,4.42445378229094,4.42445378229094,130.14999389648438,126.75465393066406,29.416059089014585,29.416059089014585,28.64865589465638,6.89836353706383,6.718399722122896
2021-06-17,2021-03-27,2021-04-29,76311000000.0,325406000000.0,17247552750.0,4.42445378229094,4.42445378229094,131.7899932861328,128.35186767578125,29.786726174794214,29.786726174794214,29.00965271453731,6.985288719706218,6.803057129552181
2021-06-18,2021-03-27,2021-04-29,76311000000.0,325406000000.0,17247552750.0,4.42445378229094,4.42445378229094,130.4600067138672,127.0565414428711,29.486127131904684,29.486127131904684,28.716887483698027,6.91479520218674,6.734400720234047
2021-06-21,2021-03-27,2021-04-29,76311000000.0,325406000000.0,17247552750.0,4.42445378229094,4.42445378229094,132.3000030517578,128.84852600097656,29.901996847903366,29.901996847903366,29.121905740477647,7.012320859051013,6.829381600098308
2021-06-22,2021-03-27,2021-04-29,76311000000.0,325406000000.0,17247552750.0,4.42445378229094,4.42445378229094,133.97999572753906,130.48471069335938,30.281703080230955,30.281703080230955,29.491710641351897,7.101365813032041,6.916104591655363
2021-06-23,2021-03-27,2021-04-29,76311000000.0,325406000000.0,17247552750.0,4.42445378229094,4.42445378229094,133.6999969482422,130.21202087402344,30.218418708176355,30.218418708176355,29.430078215576,7.086524987368536,6.901651164111358
2021-06-24,2021-03-27,2021-04-29,76311000000.0,325406000000.0,17247552750.0,4.42445378229094,4.42445378229094,133.41000366210938,129.92962646484375,30.152875411669672,30.152875411669672,29.366252391400824,7.071154421061458,6.886683362446262
2021-06-25,2021-03-27,2021-04-29,76311000000.0,325406000000.0,17247552750.0,4.42445378229094,4.42445378229094,133.11000061035156,129.63743591308594,30.08506974197128,30.08506974197128,29.300212476388644,7.055253305346462,6.871196334074032
2021-06-28,2021-03-27,2021-04-29,76311000000.0,325406000000.0,17247552750.0,4.42445378229094,4.42445378229094,134.77999877929688,131.26385498046875,30.462517049846788,30.462517049846788,29.667810183905136,7.143768518683916,6.957401716452631
2021-06-29,2021-03-27,2021-04-29,76311000000.0,325406000000.0,17247552750.0,4.42445378229094,4.42445378229094,136.3300018310547,132.77342224121094,30.812843469338787,30.812843469338787,30.008997443400148,7.225923609241109,7.037413581505286
2021-06-30,2021-03-27,2021-04-29,76311000000.0,325406000000.0,17247552750.0,4.42445378229094,4.42445378229094,136.9600067138672,133.38699340820312,30.955235030831442,30.955235030831442,30.147674712320445,7.259315871366165,7.069934804434724
2021-07-01,2021-03-27,2021-04-29,76311000000.0,325406000000.0,17247552750.0,4.42445378229094,4.42445378229094,137.27000427246094,133.6888885498047,31.02529962498192,31.02529962498192,30.215908025731903,7.275746727724736,7.085936206928045
2021-07-02,2021-03-27,2021-04-29,76311000000.0,325406000000.0,17247552750.0,4.42445378229094,4.42445378229094,139.9600067138672,136.30873107910156,31.633284830336102,31.633284830336102,30.80803592630641,7.418325410987438,7.224796191749287
2021-07-06,2021-03-27,2021-04-29,76311000000.0,325406000000.0,17247552750.0,4.42445378229094,4.42445378229094,142.02000427246094,138.3149871826172,32.098878474197626,32.098878474197626,31.261483109220997,7.527511832125086,7.33113414487675
2021-07-07,2021-03-27,2021-04-29,76311000000.0,325406000000.0,17247552750.0,4.42445378229094,4.42445378229094,144.57000732421875,140.79843139648438,32.67522149352451,32.67522149352451,31.82278272631888,7.662670102556035,7.462764585250796
2021-07-08,2021-03-27,2021-04-29,76311000000.0,325406000000.0,17247552750.0,4.42445378229094,4.42445378229094,143.24000549316406,139.50314331054688,32.37461900189536,32.37461900189536,31.53002611732865,7.592175776272216,7.394110197843514
2021-07-09,2021-03-27,2021-04-29,76311000000.0,325406000000.0,17247552750.0,4.42445378229094,4.42445378229094,145.11000061035156,141.32435607910156,32.79726893998992,32.79726893998992,31.941650434853262,7.691291463831554,7.490640265803603
2021-07-12,2021-03-27,2021-04-29,76311000000.0,325406000000.0,17247552750.0,4.42445378229094,4.42445378229094,144.5,140.73023986816406,32.65939867614105,32.65939867614105,31.80737030895038,7.658959491757988,7.459150217409367
2021-07-13,2021-03-27,2021-04-29,76311000000.0,325406000000.0,17247552750.0,4.42445378229094,4.42445378229094,145.63999938964844,141.8404998779297,32.917057462003235,32.917057462003235,32.05830750129025,7.719383084463498,7.517997528413615
2021-07-14,2021-03-27,2021-04-29,76311000000.0,325406000000.0,17247552750.0,4.42445378229094,4.42445378229094,149.14999389648438,145.2589874267578,33.71037448587742,33.71037448587742,32.83094243365428,7.905423954665226,7.699188238860354
2021-07-15,2021-03-27,2021-04-29,76311000000.0,325406000000.0,17247552750.0,4.42445378229094,4.42445378229094,148.47999572753906,144.60646057128906,33.5589437778368,33.5589437778368,32.68346053248028,7.869911921201528,7.664602240567485
2021-07-16,2021-03-27,2021-04-29,76311000000.0,325406000000.0,17247552750.0,4.42445378229094,4.42445378229094,146.38999938964844,142.5709991455078,33.0865699118794,33.0865699118794,32.22341246193014,7.759135469368816,7.556716312490707
2021-07-19,2021-03-27,2021-04-29,76311000000.0,325406000000.0,17247552750.0,4.42445378229094,4.42445378229094,142.4499969482422,138.73374938964844,32.196063956731614,32.196063956731614,31.356130319393554,7.550302811263917,7.35332987346036
2021-07-20,2021-03-27,2021-04-29,76311000000.0,325406000000.0,17247552750.0,4.42445378229094,4.42445378229094,146.14999389648438,142.33724975585938,33.03232468637277,33.03232468637277,32.170581219668314,7.746414415043953,7.54432685154579
2021-07-21,2021-03-27,2021-04-29,76311000000.0,325406000000.0,17247552750.0,4.42445378229094,4.42445378229094,145.39999389648438,141.60684204101562,32.8628122364966,32.8628122364966,32.005496951466164,7.706662030138634,7.5056129200547455
2021-07-22,2021-03-27,2021-04-29,76311000000.0,325406000000.0,17247552750.0,4.42445378229094,4.42445378229094,146.8000030517578,142.97027587890625,33.17923754550922,33.17923754550922,32.31365563160603,7.7808669672205,7.577879249010431
2021-07-23,2021-03-27,2021-04-29,76311000000.0,325406000000.0,17247552750.0,4.42445378229094,4.42445378229094,148.55999755859375,144.68434143066406,33.57702551967235,33.57702551967235,32.70106289950844,7.874152272643149,7.668730173765661
2021-07-26,2021-03-27,2021-04-29,76311000000.0,325406000000.0,17247552750.0,4.42445378229094,4.42445378229094,148.99000549316406,145.1031494140625,33.674214450945954,33.674214450945954,32.79572045589986,7.896944060546323,7.690928328642295
2021-07-27,2021-03-27,2021-04-29,76311000000.0,325406000000.0,17247552750.0,4.42445378229094,4.42445378229094,146.77000427246094,142.94105529785156,33.17245732341334,33.17245732341334,32.30705129523085,7.779276936525434,7.576330465296773
2021-07-28,2021-06-26,2021-07-28,86802000000.0,347155000000.0,17088198500.0,5.079646049289514,5.079646049289514,144.97999572753906,141.1977081298828,28.54135786642404,28.54135786642404,27.79676118371122,7.136428815720181,6.950251225730586
2021-07-29,2021-06-26,2021-07-28,86802000000.0,347155000000.0,17088198500.0,5.079646049289514,5.079646049289514,145.63999938964844,141.8404998779297,28.671288900142752,28.671288900142752,27.923303809281908,7.168916533278194,6.981891711924899
2021-07-30,2021-06-26,2021-07-28,86802000000.0,347155000000.0,17088198500.0,5.079646049289514,5.079646049289514,145.86000061035156,142.05477905273438,28.714599244715657,28.714599244715657,27.965487688380072,7.179745772464198,6.992439291747972
2021-08-02,2021-06-26,2021-07-28,86802000000.0,347155000000.0,17088198500.0,5.079646049289514,5.079646049289514,145.52000427246094,141.72366333007812,28.647666168160416,28.647666168160416,27.90030288624163,7.163009948664604,6.976140603279647
2021-08-03,2021-06-26,2021-07-28,86802000000.0,347155000000.0,17088198500.0,5.079646049289514,5.079646049289514,147.36000061035156,143.5156707763672,29.009895410126592,29.009895410126592,28.253084837759634,7.253581084500608,7.064349555925196
2021-08-04,2021-06-26,2021-07-28,86802000000.0,347155000000.0,17088198500.0,5.079646049289514,5.079646049289514,146.9499969482422,143.11636352539062,28.929180403976368,28.929180403976368,28.174475571070193,7.2333992522819965,7.044694238942359
2021-08-05,2021-06-26,2021-07-28,86802000000.0,347155000000.0,17088198500.0,5.079646049289514,5.079646049289514,147.05999755859375,143.22348022460938,28.950835576262822,28.950835576262822,28.195563004757375,7.238813871875,7.049966902216444
2021-08-06,2021-06-26,2021-07-28,86802000000.0,347155000000.0,17088198500.0,5.079646049289514,5.079646049289514,146.13999938964844,142.5407257080078,28.76972095527973,28.76972095527973,28.06115314431108,7.193528303956997,7.016359307031415
2021-08-09,2021-06-26,2021-07-28,86802000000.0,347155000000.0,17088198500.0,5.079646049289514,5.079646049289514,146.08999633789062,142.491943359375,28.759877148984447,28.759877148984447,28.051549650650408,7.19106697667079,7.013958067075966
2021-08-10,2021-06-26,2021-07-28,86802000000.0,347155000000.0,17088198500.0,5.079646049289514,5.079646049289514,145.60000610351562,142.01402282714844,28.663415657451285,28.663415657451285,27.95746425029197,7.1669479221042085,6.990433125992262
2021-08-11,2021-06-26,2021-07-28,86802000000.0,347155000000.0,17088198500.0,5.079646049289514,5.079646049289514,145.86000061035156,142.2676544189453,28.714599244715657,28.714599244715657,28.00739520794843,7.179745772464198,7.002917771140671
2021-08-12,2021-06-26,2021-07-28,86802000000.0,347155000000.0,17088198500.0,5.079646049289514,5.079646049289514,148.88999938964844,145.22300720214844,29.311097258533113,29.311097258533113,28.589198104159376,7.328893042690416,7.148390701090989
2021-08-13,2021-06-26,2021-07-28,86802000000.0,347155000000.0,17088198500.0,5.079646049289514,5.079646049289514,149.10000610351562,145.42788696289062,29.352440043410134,29.352440043410134,28.629531575971026,7.339230316855832,7.158475608467218
2021-08-16,2021-06-26,2021-07-28,86802000000.0,347155000000.0,17088198500.0,5.079646049289514,5.079646049289514,151.1199951171875,147.39808654785156,29.750103383349817,29.750103383349817,29.01739316432648,7.438661329612222,7.255455809220282
2021-08-17,2021-06-26,2021-07-28,86802000000.0,347155000000.0,17088198500.0,5.079646049289514,5.079646049289514,150.19000244140625,146.49098205566406,29.567021202670844,29.567021202670844,28.83881684554648,7.392883796673631,7.21080491373342
2021-08-18,2021-06-26,2021-07-28,86802000000.0,347155000000.0,17088198500.0,5.079646049289514,5.079646049289514,146.36000061035156,142.7552947998047,28.813031299852636,28.813031299852636,28.103394097659965,7.204357543143002,7.026921157595541
2021-08-19,2021-06-26,2021-07-28,86802000000.0,347155000000.0,17088198500.0,5.079646049289514,5.079646049289514,146.6999969482422,143.0869598388672,28.87996437640788,28.87996437640788,28.16868704048398,7.221093366942595,7.043246885362707
2021-08-20,2021-06-26,2021-07-28,86802000000.0,347155000000.0,17088198500.0,5.079646049289514,5.079646049289514,148.19000244140625,144.54025268554688,29.17329298212293,29.17329298212293,28.454788243713082,7.294436713958417,7.114783105905959
2021-08-23,2021-06-26,2021-07-28,86802000000.0,347155000000.0,17088198500.0,5.079646049289514,5.079646049289514,149.7100067138672,146.02279663085938,29.472527270833567,29.472527270833567,28.74664793844907,7.369256707127637,7.187759169112518
2021-08-24,2021-06-26,2021-07-28,86802000000.0,347155000000.0,17088198500.0,5.079646049289514,5.079646049289514,149.6199951171875,145.93504333496094,29.454807217938882,29.454807217938882,28.729372463928417,7.364826017575811,7.183439641122595
2021-08-25,2021-06-26,2021-07-28,86802000000.0,347155000000.0,17088198500.0,5.079646049289514,5.079646049289514,148.36000061035156,144.7060546875,29.20675952040055,29.20675952040055,28.487428707309228,7.302804625858215,7.122944467606272
2021-08-26,2021-06-26,2021-07-28,86802000000.0,347155000000.0,17088198500.0,5.079646049289514,5.079646049289514,147.5399932861328,143.90623474121094,29.0453295081001,29.0453295081001,28.329972865203665,7.262440961420993,7.083574497401474
2021-08-27,2021-06-26,2021-07-28,86802000000.0,347155000000.0,17088198500.0,5.079646049289514,5.079646049289514,148.60000610351562,144.94015502929688,29.254007988273155,29.254007988273155,28.533514662811896,7.314618546177028,7.134467715462541
2021-08-30,2021-06-26,2021-07-28,86802000000.0,347155000000.0,17088198500.0,5.079646049289514,5.079646049289514,153.1199951171875,149.34881591796875,30.14383160389773,30.14383160389773,29.401421766159878,7.537108412327435,7.351477617047745
2021-08-31,2021-06-26,2021-07-28,86802000000.0,347155000000.0,17088198500.0,5.079646049289514,5.079646049289514,151.8300018310547,148.090576171875,29.889878223363816,29.889878223363816,29.153719518033803,7.473610374456441,7.289542600868114
2021-09-01,2021-06-26,2021-07-28,86802000000.0,347155000000.0,17088198500.0,5.079646049289514,5.079646049289514,152.50999450683594,148.75381469726562,30.023744376474298,30.023744376474298,29.28428738023424,7.50708202205563,7.322189549852637
2021-09-02,2021-06-26,2021-07-28,86802000000.0,347155000000.0,17088198500.0,5.079646049289514,5.079646049289514,153.64999389648438,149.8657684326172,30.24816934203029,30.24816934203029,29.503191163010026,7.5631968291596365,7.37692385053246
2021-09-03,2021-06-26,2021-07-28,86802000000.0,347155000000.0,17088198500.0,5.079646049289514,5.079646049289514,154.3000030517578,150.49978637695312,30.376132816053122,30.376132816053122,29.628006541519444,7.595192581697062,7.4081324590369455
2021-09-07,2021-06-26,2021-07-28,86802000000.0,347155000000.0,17088198500.0,5.079646049289514,5.079646049289514,156.69000244140625,152.8308868408203,30.846637919451563,30.846637919451563,30.086916560297865,7.7128368154980755,7.522877479128849
2021-09-08,2021-06-26,2021-07-28,86802000000.0,347155000000.0,17088198500.0,5.079646049289514,5.079646049289514,155.11000061035156,151.289794921875,30.53559226474976,30.53559226474976,29.78353087082431,7.635063530022061,7.4470194773207705
2021-09-09,2021-06-26,2021-07-28,86802000000.0,347155000000.0,17088198500.0,5.079646049289514,5.079646049289514,154.07000732421875,150.27545166015625,30.330854911784336,30.330854911784336,29.583843087093666,7.58387137749047,7.397089909826747
2021-09-10,2021-06-26,2021-07-28,86802000000.0,347155000000.0,17088198500.0,5.079646049289514,5.079646049289514,148.97000122070312,145.30105590820312,29.326846747823982,29.326846747823982,28.604563093234866,7.3328310161300205,7.152232534801379
2021-09-13,2021-06-26,2021-07-28,86802000000.0,347155000000.0,17088198500.0,5.079646049289514,5.079646049289514,149.5500030517578,145.86676025390625,29.44102829225183,29.44102829225183,28.71592997592982,7.361380760248429,7.180078506058274
2021-09-14,2021-06-26,2021-07-28,86802000000.0,347155000000.0,17088198500.0,5.079646049289514,5.079646049289514,148.1199951171875,144.47193908691406,29.159511052527947,29.159511052527947,28.44133974789862,7.290990705539401,7.111420468658369
2021-09-15,2021-06-26,2021-07-28,86802000000.0,347155000000.0,17088198500.0,5.079646049289514,5.079646049289514,149.02999877929688,145.35955810546875,29.33865811381515,29.33865811381515,28.616080076248632,7.335784308436816,7.155112220127995
2021-09-16,2021-06-26,2021-07-28,86802000000.0,347155000000.0,17088198500.0,5.079646049289514,5.079646049289514,148.7899932861328,145.1254425048828,29.291409645942544,29.291409645942544,28.56999111683803,7.323970388118002,7.143588221180092
2021-09-17,2021-06-26,2021-07-28,86802000000.0,347155000000.0,17088198500.0,5.079646049289514,5.079646049289514,146.05999755859375,142.46270751953125,28.753971465988865,28.753971465988865,28.045794163051458,7.189590330517393,7.012518975504292
2021-09-20,2021-06-26,2021-07-28,86802000000.0,347155000000.0,17088198500.0,5.079646049289514,5.079646049289514,142.94000244140625,139.4195098876953,28.139756403184656,28.139756403184656,27.446697768872262,7.036013121830981,6.862722011014245
2021-09-21,2021-06-26,2021-07-28,86802000000.0,347155000000.0,17088198500.0,5.079646049289514,5.079646049289514,143.42999267578125,139.89752197265625,28.236217894717818,28.236217894717818,27.5408011926783,7.060132176397563,6.886251458647755
2021-09-22,2021-06-26,2021-07-28,86802000000.0,347155000000.0,17088198500.0,5.079646049289514,5.079646049289514,145.85000610351562,142.2578582763672,28.712631685019776,28.712631685019776,28.00546669905567,7.17925380744361,7.002435570311331
2021-09-23,2021-06-26,2021-07-28,86802000000.0,347155000000.0,17088198500.0,5.079646049289514,5.079646049289514,146.8300018310547,143.21376037597656,28.905557671994032,28.905557671994032,28.193649515404278,7.227492667668407,7.0494884568452765
2021-09-24,2021-06-26,2021-07-28,86802000000.0,347155000000.0,17088198500.0,5.079646049289514,5.079646049289514,146.9199981689453,143.30154418945312,28.923274720980785,28.923274720980785,28.210930997740796,7.231922606128601,7.053809487018468
2021-09-27,2021-06-26,2021-07-28,86802000000.0,347155000000.0,17088198500.0,5.079646049289514,5.079646049289514,145.3699951171875,141.78973388671875,28.618134749274564,28.618134749274564,27.913309807589993,7.1556259668059825,6.979392830056968
2021-09-28,2021-06-26,2021-07-28,86802000000.0,347155000000.0,17088198500.0,5.079646049289514,5.079646049289514,141.91000366210938,138.41490173339844,27.936986609915117,27.936986609915117,27.248926478402648,6.985312934319978,6.813271639983024
2021-09-29,2021-06-26,2021-07-28,86802000000.0,347155000000.0,17088198500.0,5.079646049289514,5.079646049289514,142.8300018310547,139.312255859375,28.118101230898205,28.118101230898205,27.425583300013688,7.0305985022379796,6.85744258791545
2021-09-30,2021-06-26,2021-07-28,86802000000.0,347155000000.0,17088198500.0,5.079646049289514,5.079646049289514,141.5,138.01499938964844,27.85627160376489,27.85627160376489,27.170200059303834,6.965131102101367,6.793587030426441
2021-10-01,2021-06-26,2021-07-28,86802000000.0,347155000000.0,17088198500.0,5.079646049289514,5.079646049289514,142.64999389648438,139.13670349121094,28.082664129016766,28.082664129016766,27.391023339248584,7.021737874225961,6.848801278660701
2021-10-04,2021-06-26,2021-07-28,86802000000.0,347155000000.0,17088198500.0,5.079646049289514,5.079646049289514,139.13999938964844,135.71311950683594,27.391672183362033,27.391672183362033,26.71704252421643,6.848963514453749,6.680280350814577
2021-10-05,2021-06-26,2021-07-28,86802000000.0,347155000000.0,17088198500.0,5.079646049289514,5.079646049289514,141.11000061035156,137.6345977783203,27.779494720914364,27.779494720914364,27.095312634542942,6.945933951015565,6.774862315978732
2021-10-06,2021-06-26,2021-07-28,86802000000.0,347155000000.0,17088198500.0,5.079646049289514,5.079646049289514,142.0,138.5027313232422,27.954703658901867,27.954703658901867,27.266216972462963,6.9897428727801705,6.817594923431119
2021-10-07,2021-06-26,2021-07-28,86802000000.0,347155000000.0,17088198500.0,5.079646049289514,5.079646049289514,143.2899932861328,139.76092529296875,28.20865703943578,28.20865703943578,27.51391020886524,7.053240910651164,6.879527686335847
2021-10-08,2021-06-26,2021-07-28,86802000000.0,347155000000.0,17088198500.0,5.079646049289514,5.079646049289514,142.89999389648438,139.38052368164062,28.131880156585257,28.131880156585257,27.43902278410435,7.034043759565363,6.860802971888136
2021-10-11,2021-06-26,2021-07-28,86802000000.0,347155000000.0,17088198500.0,5.079646049289514,5.079646049289514,142.80999755859375,139.29273986816406,28.114163107598504,28.114163107598504,27.42174130176783,7.029613821105171,6.856481941714944
2021-10-12,2021-06-26,2021-07-28,86802000000.0,347155000000.0,17088198500.0,5.079646049289514,5.079646049289514,141.50999450683594,138.02474975585938,27.858239163460773,27.858239163460773,27.172119556472794,6.965623067121955,6.7940669779808776
2021-10-13,2021-06-26,2021-07-28,86802000000.0,347155000000.0,17088198500.0,5.079646049289514,5.079646049289514,140.91000366210938,137.43955993652344,27.74012249964116,27.74012249964116,27.056916683347847,6.936089392962371,6.765261862706745
2021-10-14,2021-06-26,2021-07-28,86802000000.0,347155000000.0,17088198500.0,5.079646049289514,5.079646049289514,143.75999450683594,140.21932983398438,28.301183411577178,28.301183411577178,27.60415361097782,7.07637603517657,6.902091981219044
2021-10-15,2021-06-26,2021-07-28,86802000000.0,347155000000.0,17088198500.0,5.079646049289514,5.079646049289514,144.83999633789062,141.27273559570312,28.513797011142003,28.513797011142003,27.811531399016044,7.129537549973781,6.953944343297348
2021-10-18,2021-06-26,2021-07-28,86802000000.0,347155000000.0,17088198500.0,5.079646049289514,5.079646049289514,146.5500030517578,142.94064331054688,28.85043596142996,28.85043596142996,28.139882567317827,7.213710136175608,7.036044667679631
2021-10-19,2021-06-26,2021-07-28,86802000000.0,347155000000.0,17088198500.0,5.079646049289514,5.079646049289514,148.75999450683594,145.09620666503906,29.28550396294696,29.28550396294696,28.56423562923908,7.322493741964604,7.142149129608418
2021-10-20,2021-06-26,2021-07-28,86802000000.0,347155000000.0,17088198500.0,5.079646049289514,5.079646049289514,149.25999450683594,145.58389282226562,29.38393601808394,29.38393601808394,28.66024353067441,7.347105512643408,7.166154769338192
2021-10-21,2021-06-26,2021-07-28,86802000000.0,347155000000.0,17088198500.0,5.079646049289514,5.079646049289514,149.47999572753906,145.7985076904297,29.427246362656845,29.427246362656845,28.702493495747092,7.357934751829411,7.176718873177223
2021-10-22,2021-06-26,2021-07-28,86802000000.0,347155000000.0,17088198500.0,5.079646049289514,5.079646049289514,148.69000244140625,145.0279541015625,29.27172503725991,29.27172503725991,28.55079914905635,7.319048484637221,7.138789496727367
2021-10-25,2021-06-26,2021-07-28,86802000000.0,347155000000.0,17088198500.0,5.079646049289514,5.079646049289514,148.63999938964844,144.97918701171875,29.261881230964622,29.261881230964622,28.541198659303607,7.316587157351014,7.136389007863554
2021-10-26,2021-06-26,2021-07-28,86802000000.0,347155000000.0,17088198500.0,5.079646049289514,5.079646049289514,149.32000732421875,145.64242553710938,29.39575038798304,29.39575038798304,28.671766521504043,7.350059556041837,7.169035956848077
2021-10-27,2021-06-26,2021-07-28,86802000000.0,347155000000.0,17088198500.0,5.079646049289514,5.079646049289514,148.85000610351562,145.18397521972656,29.303224015841646,29.303224015841646,28.581514107667665,7.326924431516431,7.146469408689976
2021-10-28,2021-06-26,2021-07-28,86802000000.0,347155000000.0,17088198500.0,5.079646049289514,5.079646049289514,152.57000732421875,148.8123779296875,30.0355587463734,30.0355587463734,29.29581637887974,7.510036065454059,7.325072239545791
2021-10-29,2021-09-25,2021-10-29,94680000000.0,365817000000.0,16922374750.0,5.594959419037804,5.594959419037804,149.8000030517578,146.11058044433594,26.774100012600226,26.774100012600226,26.114681001468888,6.929617238108095,6.758947772298921
2021-11-01,2021-09-25,2021-10-29,94680000000.0,365817000000.0,16922374750.0,5.594959419037804,5.594959419037804,148.9600067138672,145.291259765625,26.623965529938495,26.623965529938495,25.968241927054326,6.890759741549946,6.7210467136669525
2021-11-02,2021-09-25,2021-10-29,94680000000.0,365817000000.0,16922374750.0,5.594959419037804,5.594959419037804,150.02000427246094,146.3251495361328,26.813421338140948,26.813421338140948,26.15303143008268,6.939794302329266,6.768873550983765
2021-11-03,2021-09-25,2021-10-29,94680000000.0,365817000000.0,16922374750.0,5.594959419037804,5.594959419037804,151.49000549316406,147.7589874267578,27.07615804641826,27.07615804641826,26.409304582975643,7.007795274235153,6.835201638841644
2021-11-04,2021-09-25,2021-10-29,94680000000.0,365817000000.0,16922374750.0,5.594959419037804,5.594959419037804,150.9600067138672,147.2420196533203,26.98143014231703,26.98143014231703,26.316905740603627,6.983277993845493,6.8112871613958665
2021-11-05,2021-09-25,2021-10-29,94680000000.0,365817000000.0,16922374750.0,5.594959419037804,5.594959419037804,151.27999877929688,147.76953125,27.038623062133546,27.038623062133546,26.411189104819773,6.998080547166491,6.835689386891085
2021-11-08,2021-09-25,2021-10-29,94680000000.0,365817000000.0,16922374750.0,5.594959419037804,5.594959419037804,150.44000244140625,146.94898986816406,26.888488579471815,26.888488579471815,26.264531851320505,6.959223050608341,6.797731859599268
2021-11-09,2021-09-25,2021-10-29,94680000000.0,365817000000.0,16922374750.0,5.594959419037804,5.594959419037804,150.80999755859375,147.31040954589844,26.954618660045504,26.954618660045504,26.32912922382415,6.976338701408378,6.814450818063871
2021-11-10,2021-09-25,2021-10-29,94680000000.0,365817000000.0,16922374750.0,5.594959419037804,5.594959419037804,147.9199981689453,144.48748779296875,26.43808240424806,26.43808240424806,25.824581908731176,6.842649855075643,6.683864924589802
2021-11-11,2021-09-25,2021-10-29,94680000000.0,365817000000.0,16922374750.0,5.594959419037804,5.594959419037804,147.8699951171875,144.4385986328125,26.429145243490886,26.429145243490886,25.81584383638879,6.840336757596604,6.681603354762876
2021-11-12,2021-09-25,2021-10-29,94680000000.0,365817000000.0,16922374750.0,5.594959419037804,5.594959419037804,149.99000549316406,146.50941467285156,26.808059587134355,26.808059587134355,26.185965562918703,6.938406585013492,6.777397495187874
2021-11-15,2021-09-25,2021-10-29,94680000000.0,365817000000.0,16922374750.0,5.594959419037804,5.594959419037804,150.0,146.51918029785156,26.809845928390367,26.809845928390367,26.187710995596333,6.938868922166001,6.777849244466661
2021-11-16,2021-09-25,2021-10-29,94680000000.0,365817000000.0,16922374750.0,5.594959419037804,5.594959419037804,151.0,147.49600219726562,26.988578234579638,26.988578234579638,26.36230062641479,6.985128048313775,6.823036171935564
2021-11-17,2021-09-25,2021-10-29,94680000000.0,365817000000.0,16922374750.0,5.594959419037804,5.594959419037804,153.49000549316406,149.92822265625,27.433622658796796,27.433622658796796,26.79701699820979,7.1003135265307,6.9355485649669175
2021-11-18,2021-09-25,2021-10-29,94680000000.0,365817000000.0,16922374750.0,5.594959419037804,5.594959419037804,157.8699951171875,154.20654296875,28.216468305383575,28.216468305383575,27.561691054279308,7.302928019074337,7.133459924003437
2021-11-19,2021-09-25,2021-10-29,94680000000.0,365817000000.0,16922374750.0,5.594959419037804,5.594959419037804,160.5500030517578,156.8243865966797,28.695472304134867,28.695472304134867,28.029584283142064,7.426902844196659,7.25455908262298
2021-11-22,2021-09-25,2021-10-29,94680000000.0,365817000000.0,16922374750.0,5.594959419037804,5.594959419037804,161.02000427246094,157.28346252441406,28.77947670622291,28.77947670622291,28.11163598242201,7.448644689954772,7.275795533875451
2021-11-23,2021-09-25,2021-10-29,94680000000.0,365817000000.0,16922374750.0,5.594959419037804,5.594959419037804,161.41000366210938,157.6644744873047,28.849182196547183,28.849182196547183,28.17973512923515,7.466685720918075,7.293420814330618
2021-11-24,2021-09-25,2021-10-29,94680000000.0,365817000000.0,16922374750.0,5.594959419037804,5.594959419037804,161.94000244140625,158.18212890625,28.94391010064841,28.94391010064841,28.27225669734231,7.491203001307735,7.317367055397562
2021-11-26,2021-09-25,2021-10-29,94680000000.0,365817000000.0,16922374750.0,5.594959419037804,5.594959419037804,156.80999755859375,153.1711883544922,28.027012497181122,28.027012497181122,27.37663973634931,7.253893458295018,7.085565324294805
2021-11-29,2021-09-25,2021-10-29,94680000000.0,365817000000.0,16922374750.0,5.594959419037804,5.594959419037804,160.24000549316406,156.5216064453125,28.640065725574363,28.640065725574363,27.975467688419872,7.412562628028169,7.240552737405844
2021-11-30,2021-09-25,2021-10-29,94680000000.0,365817000000.0,16922374750.0,5.594959419037804,5.594959419037804,165.3000030517578,161.46414184570312,29.5444507585339,29.5444507585339,28.858858438953792,7.646633693398583,7.469190105982349
2021-12-01,2021-09-25,2021-10-29,94680000000.0,365817000000.0,16922374750.0,5.594959419037804,5.594959419037804,164.77000427246094,160.94647216796875,29.449722854432668,29.449722854432668,28.76633414360807,7.622116413008922,7.445243159057157
2021-12-02,2021-09-25,2021-10-29,94680000000.0,365817000000.0,16922374750.0,5.594959419037804,5.594959419037804,163.75999450683594,159.95985412597656,29.26920147974883,29.26920147974883,28.589993625634865,7.5753942438503925,7.399603070592971
2021-12-03,2021-09-25,2021-10-29,94680000000.0,365817000000.0,16922374750.0,5.594959419037804,5.594959419037804,161.83999633789062,158.08444213867188,28.92603577913406,28.92603577913406,28.2547969160889,7.486576806349658,7.312848150893197
2021-12-06,2021-09-25,2021-10-29,94680000000.0,365817000000.0,16922374750.0,5.594959419037804,5.594959419037804,165.32000732421875,161.4837188720703,29.54802616828448,29.54802616828448,28.862357486024727,7.6475590735618475,7.470095722114667
2021-12-07,2021-09-25,2021-10-29,94680000000.0,365817000000.0,16922374750.0,5.594959419037804,5.594959419037804,171.17999267578125,167.2076873779297,30.59539486440458,30.59539486440458,29.88541557763172,7.918636875163882,7.734881503293097
2021-12-08,2021-09-25,2021-10-29,94680000000.0,365817000000.0,16922374750.0,5.594959419037804,5.594959419037804,175.0800018310547,171.01722717285156,31.292452494885865,31.292452494885865,30.5663034106979,8.099047890655147,7.9111074852313505
2021-12-09,2021-09-25,2021-10-29,94680000000.0,365817000000.0,16922374750.0,5.594959419037804,5.594959419037804,174.55999755859375,170.50926208496094,31.19951093204065,31.19951093204065,30.475513639075572,8.074992947417995,7.887609464151954
2021-12-10,2021-09-25,2021-10-29,94680000000.0,365817000000.0,16922374750.0,5.594959419037804,5.594959419037804,179.4499969482422,175.28579711914062,32.07351180021663,32.07351180021663,31.329234761328348,8.301200046046276,8.10856780084733
2021-12-13,2021-09-25,2021-10-29,94680000000.0,365817000000.0,16922374750.0,5.594959419037804,5.594959419037804,175.74000549316406,171.66188049316406,31.410416471508036,31.410416471508036,30.681523785329922,8.129579083318657,7.940928584497268
2021-12-14,2021-09-25,2021-10-29,94680000000.0,365817000000.0,16922374750.0,5.594959419037804,5.594959419037804,174.3300018310547,170.28460693359375,31.158403265243912,31.158403265243912,30.435360505774415,8.064353546044316,7.877217113165112
2021-12-15,2021-09-25,2021-10-29,94680000000.0,365817000000.0,16922374750.0,5.594959419037804,5.594959419037804,179.3000030517578,175.13929748535156,32.04670304518366,32.04670304518366,31.303050543925345,8.294261459467409,8.101790855807279
2021-12-16,2021-09-25,2021-10-29,94680000000.0,365817000000.0,16922374750.0,5.594959419037804,5.594959419037804,172.25999450683594,168.2626190185547,30.788426082357617,30.788426082357617,30.073965942632654,7.968596816106466,7.783681719134046
2021-12-17,2021-09-25,2021-10-29,94680000000.0,365817000000.0,16922374750.0,5.594959419037804,5.594959419037804,171.13999938964844,167.16868591308594,30.588246772141975,30.588246772141975,29.878444755875435,7.9167868206956005,7.733077329610943
2021-12-20,2021-09-25,2021-10-29,94680000000.0,365817000000.0,16922374750.0,5.594959419037804,5.594959419037804,169.75,165.81089782714844,30.339808975628433,30.339808975628433,29.63576415995951,7.852486663584524,7.670267239261617
2021-12-21,2021-09-25,2021-10-29,94680000000.0,365817000000.0,16922374750.0,5.594959419037804,5.594959419037804,172.99000549316406,168.9757080078125,30.918902629487544,30.918902629487544,30.201417982200876,8.00236648641228,7.816668592642713
2021-12-22,2021-09-25,2021-10-29,94680000000.0,365817000000.0,16922374750.0,5.594959419037804,5.594959419037804,175.63999938964844,171.56422424316406,31.392542149993684,31.392542149993684,30.664069458553627,8.12495288836058,7.9364110917094
2021-12-23,2021-09-25,2021-10-29,94680000000.0,365817000000.0,16922374750.0,5.594959419037804,5.594959419037804,176.27999877929688,172.1893768310547,31.506930716865273,31.506930716865273,30.77580442230751,8.154558700860825,7.965330104134239
2021-12-27,2021-09-25,2021-10-29,94680000000.0,365817000000.0,16922374750.0,5.594959419037804,5.594959419037804,180.3300018310547,176.1453857421875,32.230797102379526,32.230797102379526,31.482871018299576,8.341908302930955,8.148331619396046
2021-12-28,2021-09-25,2021-10-29,94680000000.0,365817000000.0,16922374750.0,5.594959419037804,5.594959419037804,179.2899932861328,175.12950134277344,32.044913976689095,32.044913976689095,31.3012996567706,8.293798416456653,8.101337694811997
2021-12-29,2021-09-25,2021-10-29,94680000000.0,365817000000.0,16922374750.0,5.594959419037804,5.594959419037804,179.3800048828125,175.21743774414062,32.061001956947436,32.061001956947436,31.317016732584943,8.297962274262222,8.105405555895823
2021-12-30,2021-09-25,2021-10-29,94680000000.0,365817000000.0,16922374750.0,5.594959419037804,5.594959419037804,178.1999969482422,174.0648193359375,31.850096417480046,31.850096417480046,31.111006586330593,8.24337613836156,8.052086435550509
2021-12-31,2021-09-25,2021-10-29,94680000000.0,365817000000.0,16922374750.0,5.594959419037804,5.594959419037804,177.57000732421875,173.44943237304688,31.737496919103027,31.737496919103027,31.00101705525434,8.21423336887207,8.023619172404457
2022-01-03,2021-09-25,2021-10-29,94680000000.0,365817000000.0,16922374750.0,5.594959419037804,5.594959419037804,182.00999450683594,177.78640747070312,32.53106606770299,32.53106606770299,31.776174616343873,8.419623296047256,8.224243850546689
2022-01-04,2021-09-25,2021-10-29,94680000000.0,365817000000.0,16922374750.0,5.594959419037804,5.594959419037804,179.6999969482422,175.5299835205078,32.11819487676395,32.11819487676395,31.372878759984765,8.31276482758322,8.119863650391746
2022-01-05,2021-09-25,2021-10-29,94680000000.0,365817000000.0,16922374750.0,5.594959419037804,5.594959419037804,174.9199981689453,170.86090087890625,31.263854671358327,31.263854671358327,30.53836285166303,8.091646261065524,7.903875967479522
2022-01-06,2021-09-25,2021-10-29,94680000000.0,365817000000.0,16922374750.0,5.594959419037804,5.594959419037804,172.0,168.0086669921875,30.741956664554287,30.741956664554287,30.028576511298606,7.956569697417015,7.771934120310844
2022-01-07,2021-09-25,2021-10-29,94680000000.0,365817000000.0,16922374750.0,5.594959419037804,5.594959419037804,172.1699981689453,168.17477416992188,30.772340829337836,30.772340829337836,30.058265230249663,7.964433664159147,7.779618093199709
2022-01-10,2021-09-25,2021-10-29,94680000000.0,365817000000.0,16922374750.0,5.594959419037804,5.594959419037804,172.19000244140625,168.19427490234375,30.775916239088417,30.775916239088417,30.061750641127805,7.965359044322412,7.780520180040787
2022-01-11,2021-09-25,2021-10-29,94680000000.0,365817000000.0,16922374750.0,5.594959419037804,5.594959419037804,175.0800018310547,171.01722717285156,31.292452494885865,31.292452494885865,30.5663034106979,8.099047890655147,7.9111074852313505
2022-01-12,2021-09-25,2021-10-29,94680000000.0,365817000000.0,16922374750.0,5.594959419037804,5.594959419037804,175.52999877929688,171.45675659179688,31.372881487223324,31.372881487223324,30.644861517384026,8.119864356249995,7.931439732067999
2022-01-13,2021-09-25,2021-10-29,94680000000.0,365817000000.0,16922374750.0,5.594959419037804,5.594959419037804,172.19000244140625,168.19427490234375,30.775916239088417,30.775916239088417,30.061750641127805,7.965359044322412,7.780520180040787
2022-01-14,2021-09-25,2021-10-29,94680000000.0,365817000000.0,16922374750.0,5.594959419037804,5.594959419037804,173.07000732421875,169.05384826660156,30.933201541251314,30.933201541251314,30.21538417086047,8.006067301207091,7.820283292731254
2022-01-18,2021-09-25,2021-10-29,94680000000.0,365817000000.0,16922374750.0,5.594959419037804,5.594959419037804,169.8000030517578,165.8597412109375,30.348746136385607,30.348746136385607,29.644494050586218,7.854799761063562,7.672526691513798
2022-01-19,2021-09-25,2021-10-29,94680000000.0,365817000000.0,16922374750.0,5.594959419037804,5.594959419037804,166.22999572753906,162.37258911132812,29.71067049421541,29.71067049421541,29.021227313790284,7.689654341904053,7.511214082641496
2022-01-20,2021-09-25,2021-10-29,94680000000.0,365817000000.0,16922374750.0,5.594959419037804,5.594959419037804,164.50999450683594,160.69247436523438,29.403250709390782,29.403250709390782,28.720936530558347,7.610088588461223,7.433493442659211
2022-01-21,2021-09-25,2021-10-29,94680000000.0,365817000000.0,16922374750.0,5.594959419037804,5.594959419037804,162.41000366210938,158.64120483398438,29.02791450273645,29.02791450273645,28.354308396622255,7.512944847065849,7.338603506650034
2022-01-24,2021-09-25,2021-10-29,94680000000.0,365817000000.0,16922374750.0,5.594959419037804,5.594959419037804,161.6199951171875,157.86956787109375,28.886714453593335,28.886714453593335,28.21639194270393,7.476399742128487,7.30290825504339
2022-01-25,2021-09-25,2021-10-29,94680000000.0,365817000000.0,16922374750.0,5.594959419037804,5.594959419037804,159.77999877929688,156.072265625,28.557847664742333,28.557847664742333,27.89515596734044,7.391283119422564,7.219766623715664
2022-01-26,2021-09-25,2021-10-29,94680000000.0,365817000000.0,16922374750.0,5.594959419037804,5.594959419037804,159.69000244140625,155.9843292236328,28.541762411722555,28.541762411722555,27.8794388915261,7.387119967475245,7.215698762631837
2022-01-27,2021-09-25,2021-10-29,94680000000.0,365817000000.0,16922374750.0,5.594959419037804,5.594959419037804,159.22000122070312,155.5252227783203,28.457758009634514,28.457758009634514,27.797381737769037,7.365378121717131,7.194460899662872
2022-01-28,2021-12-25,2022-01-28,100555000000.0,378323000000.0,16773775500.0,5.994774402459363,5.994774402459363,170.3300018310547,166.37741088867188,28.413079524923674,28.413079524923674,27.75374012747091,7.551952198594059,7.376705456760063
2022-01-31,2021-12-25,2022-01-28,100555000000.0,378323000000.0,16773775500.0,5.994774402459363,5.994774402459363,174.77999877929688,170.7241668701172,29.155392187501363,29.155392187501363,28.47883096319311,7.7492525207671745,7.569428365454607
2022-02-01,2021-12-25,2022-01-28,100555000000.0,378323000000.0,16773775500.0,5.994774402459363,5.994774402459363,174.61000061035156,170.55812072753906,29.12703446166675,29.12703446166675,28.45113248257806,7.741715281103448,7.562066347501042
2022-02-02,2021-12-25,2022-01-28,100555000000.0,378323000000.0,16773775500.0,5.994774402459363,5.994774402459363,175.83999633789062,171.75958251953125,29.332212445851518,29.332212445851518,28.651550665370607,7.796249824865524,7.615335776985121
2022-02-03,2021-12-25,2022-01-28,100555000000.0,378323000000.0,16773775500.0,5.994774402459363,5.994774402459363,172.89999389648438,168.8877716064453,28.841784909462472,28.841784909462472,28.172498290704468,7.665898403139643,7.488007775424143
2022-02-04,2021-12-25,2022-01-28,100555000000.0,378323000000.0,16773775500.0,5.994774402459363,5.994774402459363,172.38999938964844,168.6042022705078,28.756711731958628,28.756711731958628,28.12519553718948,7.643286684148466,7.475435110321309
2022-02-07,2021-12-25,2022-01-28,100555000000.0,378323000000.0,16773775500.0,5.994774402459363,5.994774402459363,171.66000366210938,167.8901824951172,28.634939722116258,28.634939722116258,28.006088507057086,7.610920731114419,7.443777485976601
2022-02-08,2021-12-25,2022-01-28,100555000000.0,378323000000.0,16773775500.0,5.994774402459363,5.994774402459363,174.8300018310547,170.99061584472656,29.163733294005272,29.163733294005272,28.523277835872765,7.751469515146317,7.581241961990643
2022-02-09,2021-12-25,2022-01-28,100555000000.0,378323000000.0,16773775500.0,5.994774402459363,5.994774402459363,176.27999877929688,172.40879821777344,29.405610110528563,29.405610110528563,28.759847601111147,7.81575829295126,7.644120171202205
2022-02-10,2021-12-25,2022-01-28,100555000000.0,378323000000.0,16773775500.0,5.994774402459363,5.994774402459363,172.1199951171875,168.34005737304688,28.711671793116196,28.711671793116196,28.081133012108875,7.631315455726454,7.46372367007189
2022-02-11,2021-12-25,2022-01-28,100555000000.0,378323000000.0,16773775500.0,5.994774402459363,5.994774402459363,168.63999938964844,164.9365234375,28.13116692439063,28.13116692439063,27.513382883905457,7.477022253688251,7.3128205683797
2022-02-14,2021-12-25,2022-01-28,100555000000.0,378323000000.0,16773775500.0,5.994774402459363,5.994774402459363,168.8800048828125,165.1712646484375,28.171202708400383,28.171202708400383,27.55254052273857,7.487663420789116,7.323228332044251
2022-02-15,2021-12-25,2022-01-28,100555000000.0,378323000000.0,16773775500.0,5.994774402459363,5.994774402459363,172.7899932861328,168.99533081054688,28.82343549329321,28.82343549329321,28.190440451139636,7.661021286118209,7.492776647373662
2022-02-16,2021-12-25,2022-01-28,100555000000.0,378323000000.0,16773775500.0,5.994774402459363,5.994774402459363,172.5500030517578,168.7606658935547,28.783402254631795,28.783402254631795,28.151295539048213,7.650380795549043,7.4823722663676095
2022-02-17,2021-12-25,2022-01-28,100555000000.0,378323000000.0,16773775500.0,5.994774402459363,5.994774402459363,168.8800048828125,165.1712646484375,28.171202708400383,28.171202708400383,27.55254052273857,7.487663420789116,7.323228332044251
2022-02-18,2021-12-25,2022-01-28,100555000000.0,378323000000.0,16773775500.0,5.994774402459363,5.994774402459363,167.3000030517578,163.62596130371094,27.9076395240366,27.9076395240366,27.294765460495594,7.417610592904741,7.254713937244457
2022-02-22,2021-12-25,2022-01-28,100555000000.0,378323000000.0,16773775500.0,5.994774402459363,5.994774402459363,164.32000732421875,160.71139526367188,27.410540629653433,27.410540629653433,26.80858101978614,7.285485981594565,7.125490293861581
2022-02-23,2021-12-25,2022-01-28,100555000000.0,378323000000.0,16773775500.0,5.994774402459363,5.994774402459363,160.07000732421875,156.55471801757812,26.701589847743033,26.701589847743033,26.115197588311474,7.097052960406321,6.941194940547259
2022-02-24,2021-12-25,2022-01-28,100555000000.0,378323000000.0,16773775500.0,5.994774402459363,5.994774402459363,162.74000549316406,159.16610717773438,27.146977445289647,27.146977445289647,26.5508085028915,7.215433153710191,7.056976575593487
2022-02-25,2021-12-25,2022-01-28,100555000000.0,378323000000.0,16773775500.0,5.994774402459363,5.994774402459363,164.85000610351562,161.22976684570312,27.49895075882851,27.49895075882851,26.895051593527594,7.308984633643741,7.148473428755765
2022-02-28,2021-12-25,2022-01-28,100555000000.0,378323000000.0,16773775500.0,5.994774402459363,5.994774402459363,165.1199951171875,161.4938507080078,27.5439881523226,27.5439881523226,26.939103937214846,7.320955185534053,7.160182162878384
2022-03-01,2021-12-25,2022-01-28,100555000000.0,378323000000.0,16773775500.0,5.994774402459363,5.994774402459363,163.1999969482422,159.61598205566406,27.22370951628959,27.22370951628959,26.625853007943288,7.235827878322226,7.076922759688777
2022-03-02,2021-12-25,2022-01-28,100555000000.0,378323000000.0,16773775500.0,5.994774402459363,5.994774402459363,166.55999755859375,162.90219116210938,27.784197765684446,27.784197765684446,27.174031952775163,7.384800835075846,7.222624009143791
2022-03-03,2021-12-25,2022-01-28,100555000000.0,378323000000.0,16773775500.0,5.994774402459363,5.994774402459363,166.22999572753906,162.57945251464844,27.729149517176662,27.729149517176662,27.120195290076307,7.3701694840115435,7.208314687168434
2022-03-04,2021-12-25,2022-01-28,100555000000.0,378323000000.0,16773775500.0,5.994774402459363,5.994774402459363,163.1699981689453,159.586669921875,27.21870536145691,27.21870536145691,26.620963393785825,7.23449781700108,7.075623142294108
2022-03-07,2021-12-25,2022-01-28,100555000000.0,378323000000.0,16773775500.0,5.994774402459363,5.994774402459363,159.3000030517578,155.8016357421875,26.573143934558203,26.573143934558203,25.98957446643358,7.062913141256282,6.907805395051924
2022-03-08,2021-12-25,2022-01-28,100555000000.0,378323000000.0,16773775500.0,5.994774402459363,5.994774402459363,157.44000244140625,153.98248291015625,26.262873608190546,26.262873608190546,25.686118037566978,6.980445956686748,6.8271492858418545
2022-03-09,2021-12-25,2022-01-28,100555000000.0,378323000000.0,16773775500.0,5.994774402459363,5.994774402459363,162.9499969482422,159.37144470214844,27.182006529118386,27.182006529118386,26.58506125547712,7.224743582958212,7.066080662673172
2022-03-10,2021-12-25,2022-01-28,100555000000.0,378323000000.0,16773775500.0,5.994774402459363,5.994774402459363,158.52000427246094,155.03878784179688,26.443030818211927,26.443030818211927,25.862322321619313,7.028330193843094,6.873982869268932
2022-03-11,2021-12-25,2022-01-28,100555000000.0,378323000000.0,16773775500.0,5.994774402459363,5.994774402459363,154.72999572753906,151.3319854736328,25.81081210730147,25.81081210730147,25.243983395196437,6.860291897266884,6.709633700049899
2022-03-14,2021-12-25,2022-01-28,100555000000.0,378323000000.0,16773775500.0,5.994774402459363,5.994774402459363,150.6199951171875,147.31222534179688,25.12521489639301,25.12521489639301,24.57343937435942,6.678066054421221,6.531408865674863
2022-03-15,2021-12-25,2022-01-28,100555000000.0,378323000000.0,16773775500.0,5.994774402459363,5.994774402459363,155.08999633789062,151.68408203125,25.87086451064193,25.87086451064193,25.30271730809777,6.876253309652333,6.725244669015026
2022-03-16,2021-12-25,2022-01-28,100555000000.0,378323000000.0,16773775500.0,5.994774402459363,5.994774402459363,159.58999633789062,156.08526611328125,26.621518279723528,26.621518279723528,26.03688740134192,7.075770626204592,6.920380766281557
2022-03-17,2021-12-25,2022-01-28,100555000000.0,378323000000.0,16773775500.0,5.994774402459363,5.994774402459363,160.6199951171875,157.09266662597656,26.793334383241003,26.793334383241003,26.204933843970693,7.121437868981794,6.965046065611853
2022-03-18,2021-12-25,2022-01-28,100555000000.0,378323000000.0,16773775500.0,5.994774402459363,5.994774402459363,163.97999572753906,160.37884521484375,27.353822632635865,27.353822632635865,26.753107698105893,7.270410825735414,7.1107459620034685
2022-03-21,2021-12-25,2022-01-28,100555000000.0,378323000000.0,16773775500.0,5.994774402459363,5.994774402459363,165.3800048828125,161.74810791015625,27.587360888003584,27.587360888003584,26.981517076572374,7.332483285692915,7.17145521058655
2022-03-22,2021-12-25,2022-01-28,100555000000.0,378323000000.0,16773775500.0,5.994774402459363,5.994774402459363,168.82000732421875,165.11257934570312,28.161194398735027,28.161194398735027,27.54275111303029,7.4850032981468235,7.320626391128114
2022-03-23,2021-12-25,2022-01-28,100555000000.0,378323000000.0,16773775500.0,5.994774402459363,5.994774402459363,170.2100067138672,166.4720458984375,28.393062905592966,28.393062905592966,27.76952637786372,7.546631953309476,7.380901306360138
2022-03-24,2021-12-25,2022-01-28,100555000000.0,378323000000.0,16773775500.0,5.994774402459363,5.994774402459363,174.07000732421875,170.24728393554688,29.036957129330226,29.036957129330226,28.39928119158291,7.717773500791125,7.5482847202512655
2022-03-25,2021-12-25,2022-01-28,100555000000.0,378323000000.0,16773775500.0,5.994774402459363,5.994774402459363,174.72000122070312,170.88299560546875,29.14538387783601,29.14538387783601,28.505325494044246,7.746592398124884,7.576470383914325
2022-03-28,2021-12-25,2022-01-28,100555000000.0,378323000000.0,16773775500.0,5.994774402459363,5.994774402459363,175.60000610351562,171.74368286132812,29.292179207190102,29.292179207190102,28.64889841240232,7.785609334296358,7.614630830954279
2022-03-29,2021-12-25,2022-01-28,100555000000.0,378323000000.0,16773775500.0,5.994774402459363,5.994774402459363,178.9600067138672,175.02989196777344,29.85266745658496,29.85266745658496,29.197077357234196,7.934582291049978,7.7603320804092935
2022-03-30,2021-12-25,2022-01-28,100555000000.0,378323000000.0,16773775500.0,5.994774402459363,5.994774402459363,177.77000427246094,173.86602783203125,29.654160830394314,29.654160830394314,29.00293091274669,7.881820936872199,7.708729625032695
2022-03-31,2021-12-25,2022-01-28,100555000000.0,378323000000.0,16773775500.0,5.994774402459363,5.994774402459363,174.61000061035156,170.77540588378906,29.12703446166675,29.12703446166675,28.487378242912403,7.741715281103448,7.571700158901406
2022-04-01,2021-12-25,2022-01-28,100555000000.0,378323000000.0,16773775500.0,5.994774402459363,5.994774402459363,174.30999755859375,170.48202514648438,29.07699036799164,29.07699036799164,28.438438830416025,7.728413991360291,7.5586924839158165
2022-04-04,2021-12-25,2022-01-28,100555000000.0,378323000000.0,16773775500.0,5.994774402459363,5.994774402459363,178.44000244140625,174.52127075195312,29.76592453057133,29.76592453057133,29.112233261080778,7.911526767263953,7.737781249271068
2022-04-05,2021-12-25,2022-01-28,100555000000.0,378323000000.0,16773775500.0,5.994774402459363,5.994774402459363,175.05999755859375,171.21554565429688,29.20209932950524,29.20209932950524,28.560798815724493,7.761666877452334,7.591214715772439
2022-04-06,2021-12-25,2022-01-28,100555000000.0,378323000000.0,16773775500.0,5.994774402459363,5.994774402459363,171.8300018310547,168.0564422607422,28.663297447950875,28.663297447950875,28.033822622548872,7.618457970778145,7.4511489753739575
2022-04-07,2021-12-25,2022-01-28,100555000000.0,378323000000.0,16773775500.0,5.994774402459363,5.994774402459363,172.13999938964844,168.35968017578125,28.715008744787426,28.715008744787426,28.08440633007165,7.632202388784451,7.464593689837402
2022-04-08,2021-12-25,2022-01-28,100555000000.0,378323000000.0,16773775500.0,5.994774402459363,5.994774402459363,170.08999633789062,166.35470581054688,28.37304374091392,28.37304374091392,27.74995264914384,7.541311031493194,7.3756987775912615
2022-04-11,2021-12-25,2022-01-28,100555000000.0,378323000000.0,16773775500.0,5.994774402459363,5.994774402459363,165.75,162.11001586914062,27.649080494505494,27.649080494505494,27.041887648455095,7.348887826341512,7.187501189434431
2022-04-12,2021-12-25,2022-01-28,100555000000.0,378323000000.0,16773775500.0,5.994774402459363,5.994774402459363,167.66000366210938,163.97805786132812,27.96769192737706,27.96769192737706,27.353499373396925,7.4335720052901895,7.270324906209583
2022-04-13,2021-12-25,2022-01-28,100555000000.0,378323000000.0,16773775500.0,5.994774402459363,5.994774402459363,170.39999389648438,166.65786743164062,28.424755037750476,28.424755037750476,27.80052362992493,7.555055449499499,7.389140109396208
2022-04-14,2021-12-25,2022-01-28,100555000000.0,378323000000.0,16773775500.0,5.994774402459363,5.994774402459363,165.2899932861328,161.6600799560547,27.572345878157215,27.572345878157215,26.966832962009956,7.328492425197778,7.167552299212343
2022-04-18,2021-12-25,2022-01-28,100555000000.0,378323000000.0,16773775500.0,5.994774402459363,5.994774402459363,165.07000732421875,161.44496154785156,27.535649591167033,27.535649591167033,26.93094864113962,7.3187388676866085,7.1580145553133026
2022-04-19,2021-12-25,2022-01-28,100555000000.0,378323000000.0,16773775500.0,5.994774402459363,5.994774402459363,167.39999389648438,163.72377014160156,27.924319191696075,27.924319191696075,27.311081143342726,7.422043905131327,7.259050505438019
2022-04-20,2021-12-25,2022-01-28,100555000000.0,378323000000.0,16773775500.0,5.994774402459363,5.994774402459363,167.22999572753906,163.55751037597656,27.89596146586146,27.89596146586146,27.28334702785094,7.414506665467601,7.2516790160406615
2022-04-21,2021-12-25,2022-01-28,100555000000.0,378323000000.0,16773775500.0,5.994774402459363,5.994774402459363,166.4199981689453,162.76524353027344,27.76084419468251,27.76084419468251,27.151187451440844,7.378593656733267,7.216552137141105
2022-04-22,2021-12-25,2022-01-28,100555000000.0,378323000000.0,16773775500.0,5.994774402459363,5.994774402459363,161.7899932861328,158.23695373535156,26.98850405776042,26.98850405776042,26.395814606540434,7.173312290101578,7.01578053081804
2022-04-25,2021-12-25,2022-01-28,100555000000.0,378323000000.0,16773775500.0,5.994774402459363,5.994774402459363,162.8800048828125,159.30300903320312,27.170331016291588,27.170331016291588,26.573645368180806,7.221640332052772,7.063046418001077
2022-04-26,2021-12-25,2022-01-28,100555000000.0,378323000000.0,16773775500.0,5.994774402459363,5.994774402459363,156.8000030517578,153.3565216064453,26.156114062846207,26.156114062846207,25.58170021269368,6.952070187616139,6.799395925934752
2022-04-27,2021-12-25,2022-01-28,100555000000.0,378323000000.0,16773775500.0,5.994774402459363,5.994774402459363,156.57000732421875,153.13157653808594,26.117748027346238,26.117748027346238,25.544176687493614,6.941872825310121,6.789422495621257
2022-04-28,2021-12-25,2022-01-28,100555000000.0,378323000000.0,16773775500.0,5.994774402459363,5.994774402459363,163.63999938964844,160.04632568359375,27.297107180966634,27.297107180966634,26.697639467122325,7.255336346407963,7.096002983208754
2022-04-29,2022-03-26,2022-04-29,101935000000.0,386017000000.0,16642315250.0,6.125049217536003,6.125049217536003,157.64999389648438,154.1878662109375,25.738567691037122,25.738567691037122,25.1733268966228,6.796749618762564,6.647487227783349
2022-05-02,2022-03-26,2022-04-29,101935000000.0,386017000000.0,16642315250.0,6.125049217536003,6.125049217536003,157.9600067138672,154.49107360839844,25.789181621859953,25.789181621859953,25.222829747406898,6.8101151727107725,6.660559380291339
2022-05-03,2022-03-26,2022-04-29,101935000000.0,386017000000.0,16642315250.0,6.125049217536003,6.125049217536003,159.47999572753906,155.97769165039062,26.037341099390378,26.037341099390378,25.46554094681016,6.875646318598296,6.724651806560575
2022-05-04,2022-03-26,2022-04-29,101935000000.0,386017000000.0,16642315250.0,6.125049217536003,6.125049217536003,166.02000427246094,162.37405395507812,27.105089016614922,27.105089016614922,26.509836605100503,7.1576051026474,7.000417583528496
2022-05-05,2022-03-26,2022-04-29,101935000000.0,386017000000.0,16642315250.0,6.125049217536003,6.125049217536003,156.77000427246094,153.3272247314453,25.59489707015394,25.59489707015394,25.03281513109638,6.758810707419988,6.610382471208029
2022-05-06,2022-03-26,2022-04-29,101935000000.0,386017000000.0,16642315250.0,6.125049217536003,6.125049217536003,157.27999877929688,154.05197143554688,25.678160810366155,25.678160810366155,25.151140172799984,6.780798053465713,6.641628408889677
2022-05-09,2022-03-26,2022-04-29,101935000000.0,386017000000.0,16642315250.0,6.125049217536003,6.125049217536003,152.05999755859375,148.93914794921875,24.825922561282656,24.825922561282656,24.316400188721143,6.555748623206615,6.421199722388624
2022-05-10,2022-03-26,2022-04-29,101935000000.0,386017000000.0,16642315250.0,6.125049217536003,6.125049217536003,154.50999450683594,151.33885192871094,25.225918848859884,25.225918848859884,24.708185445339463,6.661375115237235,6.524657938304991
2022-05-11,2022-03-26,2022-04-29,101935000000.0,386017000000.0,16642315250.0,6.125049217536003,6.125049217536003,146.5,143.4932861328125,23.918175152057685,23.918175152057685,23.427287036648053,6.3160409622503675,6.186412785138268
2022-05-12,2022-03-26,2022-04-29,101935000000.0,386017000000.0,16642315250.0,6.125049217536003,6.125049217536003,142.55999755859375,139.63412475585938,23.274914616268678,23.274914616268678,22.79722493593801,6.146176001081164,6.020033117310483
2022-05-13,2022-03-26,2022-04-29,101935000000.0,386017000000.0,16642315250.0,6.125049217536003,6.125049217536003,147.11000061035156,144.0907440185547,24.017766288175437,24.017766288175437,23.524830397447776,6.342339862195611,6.212170931756474
2022-05-16,2022-03-26,2022-04-29,101935000000.0,386017000000.0,16642315250.0,6.125049217536003,6.125049217536003,145.5399932861328,142.55294799804688,23.761440621481395,23.761440621481395,23.273763676856355,6.2746522815075645,6.145872074028741
2022-05-17,2022-03-26,2022-04-29,101935000000.0,386017000000.0,16642315250.0,6.125049217536003,6.125049217536003,149.24000549316406,146.1770477294922,24.365519393034464,24.365519393034464,23.865448674434745,6.434170565879141,6.3021175508552885
2022-05-18,2022-03-26,2022-04-29,101935000000.0,386017000000.0,16642315250.0,6.125049217536003,6.125049217536003,140.82000732421875,137.9298095703125,22.990836860714744,22.990836860714744,22.518971631349466,6.071159962895306,5.946555134208098
2022-05-19,2022-03-26,2022-04-29,101935000000.0,386017000000.0,16642315250.0,6.125049217536003,6.125049217536003,137.35000610351562,134.5310821533203,22.424310601502246,22.424310601502246,21.964081818013494,5.921558120922476,5.800026113148399
2022-05-20,2022-03-26,2022-04-29,101935000000.0,386017000000.0,16642315250.0,6.125049217536003,6.125049217536003,137.58999633789062,134.7661590576172,22.46349236573818,22.46349236573818,22.002461412355995,5.9319047977201045,5.8101609620004
2022-05-23,2022-03-26,2022-04-29,101935000000.0,386017000000.0,16642315250.0,6.125049217536003,6.125049217536003,143.11000061035156,140.17282104492188,23.364710311327446,23.364710311327446,22.885174643757537,6.169888231827,6.043257880641071
2022-05-24,2022-03-26,2022-04-29,101935000000.0,386017000000.0,16642315250.0,6.125049217536003,6.125049217536003,140.36000061035156,137.47927856445312,22.915734327244454,22.915734327244454,22.445416139816516,6.05132773594858,5.9271314325850835
2022-05-25,2022-03-26,2022-04-29,101935000000.0,386017000000.0,16642315250.0,6.125049217536003,6.125049217536003,140.52000427246094,137.635986328125,22.941857164208976,22.941857164208976,22.471000875237614,6.058225959047507,5.933887559919242
2022-05-26,2022-03-26,2022-04-29,101935000000.0,386017000000.0,16642315250.0,6.125049217536003,6.125049217536003,143.77999877929688,140.82907104492188,23.47409688850418,23.47409688850418,22.99231663995916,6.198773800971651,6.071550726248422
2022-05-27,2022-03-26,2022-04-29,101935000000.0,386017000000.0,16642315250.0,6.125049217536003,6.125049217536003,149.63999938964844,146.56883239746094,24.430823994234924,24.430823994234924,23.929413004198345,6.451415465775696,6.319008527041446
2022-05-31,2022-03-26,2022-04-29,101935000000.0,386017000000.0,16642315250.0,6.125049217536003,6.125049217536003,148.83999633789062,145.78518676757812,24.300212300623155,24.300212300623155,23.801471888616902,6.416925008131822,6.285223285415315
2022-06-01,2022-03-26,2022-04-29,101935000000.0,386017000000.0,16642315250.0,6.125049217536003,6.125049217536003,148.7100067138672,145.65789794921875,24.278989675398975,24.278989675398975,23.780690207713025,6.41132077748336,6.279735494351873
2022-06-02,2022-03-26,2022-04-29,101935000000.0,386017000000.0,16642315250.0,6.125049217536003,6.125049217536003,151.2100067138672,148.1066131591797,24.68714966092897,24.68714966092897,24.180477233578916,6.5191030464637425,6.385306726918417
2022-06-03,2022-03-26,2022-04-29,101935000000.0,386017000000.0,16642315250.0,6.125049217536003,6.125049217536003,145.3800048828125,142.39627075195312,23.73532027572772,23.73532027572772,23.248183923856953,6.267754716259399,6.139117262396108
2022-06-06,2022-03-26,2022-04-29,101935000000.0,386017000000.0,16642315250.0,6.125049217536003,6.125049217536003,146.13999938964844,143.14065551757812,23.859400014492934,23.859400014492934,23.369715153923455,6.3005202892031615,6.171209854009505
2022-06-07,2022-03-26,2022-04-29,101935000000.0,386017000000.0,16642315250.0,6.125049217536003,6.125049217536003,148.7100067138672,145.65789794921875,24.278989675398975,24.278989675398975,23.780690207713025,6.41132077748336,6.279735494351873
2022-06-08,2022-03-26,2022-04-29,101935000000.0,386017000000.0,16642315250.0,6.125049217536003,6.125049217536003,147.9600067138672,144.92327880859375,24.156541679739977,24.156541679739977,23.66075335259,6.378986096789246,6.248063927226681
2022-06-09,2022-03-26,2022-04-29,101935000000.0,386017000000.0,16642315250.0,6.125049217536003,6.125049217536003,142.63999938964844,139.7124786376953,23.28797603475094,23.28797603475094,22.81001730364856,6.149625112630628,6.023411180977563
2022-06-10,2022-03-26,2022-04-29,101935000000.0,386017000000.0,16642315250.0,6.125049217536003,6.125049217536003,137.1300048828125,134.31558227539062,22.388392323478737,22.388392323478737,21.928898447190495,5.91207322862414,5.790735286825097
2022-06-13,2022-03-26,2022-04-29,101935000000.0,386017000000.0,16642315250.0,6.125049217536003,6.125049217536003,131.8800048828125,129.17330932617188,21.53125635386575,21.53125635386575,21.089350426172732,5.685730463765339,5.569036948351802
2022-06-14,2022-03-26,2022-04-29,101935000000.0,386017000000.0,16642315250.0,6.125049217536003,6.125049217536003,132.75999450683594,130.03526306152344,21.674926974748928,21.674926974748928,21.23007643583218,5.723669375107915,5.606198280092724
2022-06-15,2022-03-26,2022-04-29,101935000000.0,386017000000.0,16642315250.0,6.125049217536003,6.125049217536003,135.42999267578125,132.65040588378906,22.11084154034966,22.11084154034966,21.657035098430104,5.838780759436871,5.718944690929344
2022-06-16,2022-03-26,2022-04-29,101935000000.0,386017000000.0,16642315250.0,6.125049217536003,6.125049217536003,130.05999755859375,127.39068603515625,21.234114688618703,21.234114688618703,20.798312227506187,5.607264656179256,5.492182875134626
2022-06-17,2022-03-26,2022-04-29,101935000000.0,386017000000.0,16642315250.0,6.125049217536003,6.125049217536003,131.55999755859375,128.85992431640625,21.479010679936703,21.479010679936703,21.038185937752232,5.671934017567485,5.5555260093850105
2022-06-21,2022-03-26,2022-04-29,101935000000.0,386017000000.0,16642315250.0,6.125049217536003,6.125049217536003,135.8699951171875,133.08140563964844,22.182678096396675,22.182678096396675,21.7274018400761,5.857750544033541,5.737526343575949
2022-06-22,2022-03-26,2022-04-29,101935000000.0,386017000000.0,16642315250.0,6.125049217536003,6.125049217536003,135.35000610351562,132.5720977783203,22.097782613078248,22.097782613078248,21.6442502043521,5.83533230573817,5.715568600814553
2022-06-23,2022-03-26,2022-04-29,101935000000.0,386017000000.0,16642315250.0,6.125049217536003,6.125049217536003,138.27000427246094,135.43215942382812,22.57451317723198,22.57451317723198,22.111195292290244,5.9612219169651635,5.838874174245191
2022-06-24,2022-03-26,2022-04-29,101935000000.0,386017000000.0,16642315250.0,6.125049217536003,6.125049217536003,141.66000366210938,138.75257873535156,23.12797801796222,23.12797801796222,22.653300211548213,6.10737464738853,5.982027105190101
2022-06-27,2022-03-26,2022-04-29,101935000000.0,386017000000.0,16642315250.0,6.125049217536003,6.125049217536003,141.66000366210938,138.75257873535156,23.12797801796222,23.12797801796222,22.653300211548213,6.10737464738853,5.982027105190101
2022-06-28,2022-03-26,2022-04-29,101935000000.0,386017000000.0,16642315250.0,6.125049217536003,6.125049217536003,137.44000244140625,134.61920166015625,22.43900376309072,22.43900376309072,21.978468560667523,5.925438124721586,5.803825201303682
2022-06-29,2022-03-26,2022-04-29,101935000000.0,386017000000.0,16642315250.0,6.125049217536003,6.125049217536003,139.22999572753906,136.37246704101562,22.731245216597422,22.731245216597422,22.264713669660242,6.002609939857204,5.8794135696531935
2022-06-30,2022-03-26,2022-04-29,101935000000.0,386017000000.0,16642315250.0,6.125049217536003,6.125049217536003,136.72000122070312,133.9139862060547,22.321453487961215,22.321453487961215,21.863332268850872,5.894396778627175,5.773421312598444
2022-07-01,2022-03-26,2022-04-29,101935000000.0,386017000000.0,16642315250.0,6.125049217536003,6.125049217536003,138.92999267578125,136.07859802246094,22.682265520091654,22.682265520091654,22.216735439915844,5.989675936009405,5.866744021812048
2022-07-05,2022-03-26,2022-04-29,101935000000.0,386017000000.0,16642315250.0,6.125049217536003,6.125049217536003,141.55999755859375,138.65464782714844,23.11165062205668,23.11165062205668,22.63731162031816,6.103063093489011,5.9778050189943235
2022-07-06,2022-03-26,2022-04-29,101935000000.0,386017000000.0,16642315250.0,6.125049217536003,6.125049217536003,142.9199981689453,139.98670959472656,23.333689753833433,23.333689753833433,22.854789345030063,6.161696674128369,6.035234074886959
2022-07-07,2022-03-26,2022-04-29,101935000000.0,386017000000.0,16642315250.0,6.125049217536003,6.125049217536003,146.35000610351562,143.3463592529297,23.893686549410226,23.893686549410226,23.403299167381277,6.30957428925185,6.180078340143077
2022-07-08,2022-03-26,2022-04-29,101935000000.0,386017000000.0,16642315250.0,6.125049217536003,6.125049217536003,147.0399932861328,144.02215576171875,24.00633661279939,24.00633661279939,23.513632404680703,6.3393216428957935,6.2092138925776
2022-07-11,2022-03-26,2022-04-29,101935000000.0,386017000000.0,16642315250.0,6.125049217536003,6.125049217536003,144.8699951171875,141.89671325683594,23.652054044304656,23.652054044304656,23.166624171865582,6.245766712362915,6.117579886272153
2022-07-12,2022-03-26,2022-04-29,101935000000.0,386017000000.0,16642315250.0,6.125049217536003,6.125049217536003,145.86000061035156,142.86639404296875,23.81368629541044,23.81368629541044,23.324938130120255,6.28844872770542,6.159385644398584
2022-07-13,2022-03-26,2022-04-29,101935000000.0,386017000000.0,16642315250.0,6.125049217536003,6.125049217536003,145.49000549316406,142.50399780273438,23.753279414739474,23.753279414739474,23.26577187245218,6.272497162408568,6.143761688781614
2022-07-14,2022-03-26,2022-04-29,101935000000.0,386017000000.0,16642315250.0,6.125049217536003,6.125049217536003,148.47000122070312,145.42282104492188,24.23980541995219,24.23980541995219,23.742310613370524,6.400973442834969,6.269600645499873
2022-07-15,2022-03-26,2022-04-29,101935000000.0,386017000000.0,16642315250.0,6.125049217536003,6.125049217536003,150.1699981689453,147.08792114257812,24.517353711870417,24.517353711870417,24.01416150607667,6.474265254171476,6.341387952141811
2022-07-18,2022-03-26,2022-04-29,101935000000.0,386017000000.0,16642315250.0,6.125049217536003,6.125049217536003,147.07000732421875,144.05157470703125,24.011236824539733,24.011236824539733,23.518435459197928,6.340615635346261,6.210482228848316
2022-07-19,2022-03-26,2022-04-29,101935000000.0,386017000000.0,16642315250.0,6.125049217536003,6.125049217536003,151.0,147.90087890625,24.652863126011678,24.652863126011678,24.146888237699397,6.510049046415054,6.376436925083319
2022-07-20,2022-03-26,2022-04-29,101935000000.0,386017000000.0,16642315250.0,6.125049217536003,6.125049217536003,153.0399932861328,149.89895629882812,24.98592057807138,24.98592057807138,24.473102333556394,6.597999088448709,6.462579851071509
2022-07-21,2022-03-26,2022-04-29,101935000000.0,386017000000.0,16642315250.0,6.125049217536003,6.125049217536003,155.35000610351562,152.16160583496094,25.363062497318207,25.363062497318207,24.84251153432736,6.697590457581224,6.56012925143623
2022-07-22,2022-03-26,2022-04-29,101935000000.0,386017000000.0,16642315250.0,6.125049217536003,6.125049217536003,154.08999633789062,150.92747497558594,25.157348270236145,25.157348270236145,24.641022400845515,6.643267772990623,6.506922281739372
2022-07-25,2022-03-26,2022-04-29,101935000000.0,386017000000.0,16642315250.0,6.125049217536003,6.125049217536003,152.9499969482422,149.81085205078125,24.9712274164829,24.9712274164829,24.458718082113215,6.594119084649599,6.4587814207669885
2022-07-26,2022-03-26,2022-04-29,101935000000.0,386017000000.0,16642315250.0,6.125049217536003,6.125049217536003,151.60000610351562,148.4886016845703,24.750822519023213,24.750822519023213,24.242842205977343,6.5359170541106515,6.401775362914846
2022-07-27,2022-03-26,2022-04-29,101935000000.0,386017000000.0,16642315250.0,6.125049217536003,6.125049217536003,156.7899932861328,153.57205200195312,25.59816055636637,25.59816055636637,25.07278660917151,6.759672491919282,6.62093768669747
2022-07-28,2022-03-26,2022-04-29,101935000000.0,386017000000.0,16642315250.0,6.125049217536003,6.125049217536003,157.35000610351562,154.1205596923828,25.6895904857422,25.6895904857422,25.162338165567057,6.783816272765529,6.6445854480685504
2022-07-29,2022-06-25,2022-07-29,99633000000.0,387542000000.0,16512432250.0,6.033817337842522,6.033817337842522,162.50999450683594,159.17465209960938,26.933197577529537,26.933197577529537,26.380422738571756,6.924243757430164,6.782131120529182
2022-08-01,2022-06-25,2022-07-29,99633000000.0,387542000000.0,16512432250.0,6.033817337842522,6.033817337842522,161.50999450683594,158.19517517089844,26.76746501653067,26.76746501653067,26.21809151873719,6.881635647212432,6.740397459594941
2022-08-02,2022-06-25,2022-07-29,99633000000.0,387542000000.0,16512432250.0,6.033817337842522,6.033817337842522,160.00999450683594,156.72598266601562,26.51886617503237,26.51886617503237,25.974598482302625,6.817723481885835,6.677797943415829
2022-08-03,2022-06-25,2022-07-29,99633000000.0,387542000000.0,16512432250.0,6.033817337842522,6.033817337842522,166.1300048828125,162.7203826904297,27.533151167982602,27.533151167982602,26.96806575000043,7.0784855585191035,6.9332080003452345
2022-08-04,2022-06-25,2022-07-29,99633000000.0,387542000000.0,16512432250.0,6.033817337842522,6.033817337842522,165.80999755859375,162.40692138671875,27.480115534601435,27.480115534601435,26.91611500536237,7.06485065117831,6.919852006567726
2022-08-05,2022-06-25,2022-07-29,99633000000.0,387542000000.0,16512432250.0,6.033817337842522,6.033817337842522,165.35000610351562,162.18136596679688,27.403879972713742,27.403879972713742,26.878733127971547,7.045251284561127,6.910241516375487
2022-08-08,2022-06-25,2022-07-29,99633000000.0,387542000000.0,16512432250.0,6.033817337842522,6.033817337842522,164.8699951171875,161.71055603027344,27.32432652264199,27.32432652264199,26.800704591447804,7.024798923549937,6.890181194708494
2022-08-09,2022-06-25,2022-07-29,99633000000.0,387542000000.0,16512432250.0,6.033817337842522,6.033817337842522,164.9199981689453,161.7595977783203,27.33261365646757,27.33261365646757,26.808832405947474,7.026929459090456,6.892270770914545
2022-08-10,2022-06-25,2022-07-29,99633000000.0,387542000000.0,16512432250.0,6.033817337842522,6.033817337842522,169.24000549316406,165.99681091308594,28.0485795338442,28.0485795338442,27.51107659027021,7.210996807302175,7.072810415176657
2022-08-11,2022-06-25,2022-07-29,99633000000.0,387542000000.0,16512432250.0,6.033817337842522,6.033817337842522,168.49000549316406,165.2611846923828,27.92428011309505,27.92428011309505,27.389159372775165,7.1790407246388765,7.041466772085887
2022-08-12,2022-06-25,2022-07-29,99633000000.0,387542000000.0,16512432250.0,6.033817337842522,6.033817337842522,172.10000610351562,168.802001953125,28.522574759456084,28.522574759456084,27.97598808542696,7.332856028530813,7.192334304192434
2022-08-15,2022-06-25,2022-07-29,99633000000.0,387542000000.0,16512432250.0,6.033817337842522,6.033817337842522,173.19000244140625,169.87109375,28.703222644014083,28.703222644014083,28.15317140686593,7.37929871263258,7.237886285306557
2022-08-16,2022-06-25,2022-07-29,99633000000.0,387542000000.0,16512432250.0,6.033817337842522,6.033817337842522,173.02999877929688,169.71417236328125,28.676704827323498,28.676704827323498,28.12716442356954,7.372481258962183,7.231200161565725
2022-08-17,2022-06-25,2022-07-29,99633000000.0,387542000000.0,16512432250.0,6.033817337842522,6.033817337842522,174.5500030517578,171.20506286621094,28.928619028127667,28.928619028127667,28.374253524788962,7.437245768534622,7.2947241884371214
2022-08-18,2022-06-25,2022-07-29,99633000000.0,387542000000.0,16512432250.0,6.033817337842522,6.033817337842522,174.14999389648438,170.8126983642578,28.86232448640121,28.86232448640121,28.309225951035227,7.420202134358629,7.278006278492378
2022-08-19,2022-06-25,2022-07-29,99633000000.0,387542000000.0,16512432250.0,6.033817337842522,6.033817337842522,171.52000427246094,168.23312377929688,28.42644957061136,28.42644957061136,27.881706448782065,7.308143246586749,7.168095480261503
2022-08-22,2022-06-25,2022-07-29,99633000000.0,387542000000.0,16512432250.0,6.033817337842522,6.033817337842522,167.57000732421875,164.3588104248047,27.77180646044148,27.77180646044148,27.239606574429967,7.139841341256344,7.003018309835272
2022-08-23,2022-06-25,2022-07-29,99633000000.0,387542000000.0,16512432250.0,6.033817337842522,6.033817337842522,167.22999572753906,164.0253448486328,27.71545546775444,27.71545546775444,27.184340470486042,7.125354089669709,6.988809971811922
2022-08-24,2022-06-25,2022-07-29,99633000000.0,387542000000.0,16512432250.0,6.033817337842522,6.033817337842522,167.52999877929688,164.319580078125,27.765175741829736,27.765175741829736,27.23310482860587,7.13813665276466,7.001346778900064
2022-08-25,2022-06-25,2022-07-29,99633000000.0,387542000000.0,16512432250.0,6.033817337842522,6.033817337842522,170.02999877929688,166.77162170410156,28.1795071443269,28.1795071443269,27.63948796695479,7.244656928308989,7.105823638758138
2022-08-26,2022-06-25,2022-07-29,99633000000.0,387542000000.0,16512432250.0,6.033817337842522,6.033817337842522,163.6199951171875,160.48452758789062,27.117160821393405,27.117160821393405,26.597511757834248,6.971538785777772,6.837942439705373
2022-08-29,2022-06-25,2022-07-29,99633000000.0,387542000000.0,16512432250.0,6.033817337842522,6.033817337842522,161.3800048828125,158.28744506835938,26.745921503237987,26.745921503237987,26.233383645146496,6.87609703498488,6.744328905555736
2022-08-30,2022-06-25,2022-07-29,99633000000.0,387542000000.0,16512432250.0,6.033817337842522,6.033817337842522,158.91000366210938,155.86477661132812,26.336561875260536,26.336561875260536,25.831868597311534,6.770854950735231,6.641103580917528
2022-08-31,2022-06-25,2022-07-29,99633000000.0,387542000000.0,16512432250.0,6.033817337842522,6.033817337842522,157.22000122070312,154.20712280273438,26.05647344255194,26.05647344255194,25.557141386363767,6.69884714044356,6.570474084738123
2022-09-01,2022-06-25,2022-07-29,99633000000.0,387542000000.0,16512432250.0,6.033817337842522,6.033817337842522,157.9600067138672,154.93299865722656,26.17911644808725,26.17911644808725,25.677442650695998,6.730377376058019,6.6014022831507155
2022-09-02,2022-06-25,2022-07-29,99633000000.0,387542000000.0,16512432250.0,6.033817337842522,6.033817337842522,155.80999755859375,152.82415771484375,25.822789924612774,25.822789924612774,25.327939040575632,6.638769549000998,6.511548555846005
2022-09-06,2022-06-25,2022-07-29,99633000000.0,387542000000.0,16512432250.0,6.033817337842522,6.033817337842522,154.52999877929688,151.5686798095703,25.61065244884448,25.61065244884448,25.119865472057175,6.584231219934154,6.458055014882188
2022-09-07,2022-06-25,2022-07-29,99633000000.0,387542000000.0,16512432250.0,6.033817337842522,6.033817337842522,155.9600067138672,152.97128295898438,25.84765132608952,25.84765132608952,25.352322484074644,6.6451611556225565,6.517817284464159
2022-09-08,2022-06-25,2022-07-29,99633000000.0,387542000000.0,16512432250.0,6.033817337842522,6.033817337842522,154.4600067138672,151.5000457763672,25.59905248459122,25.59905248459122,25.10849057796274,6.5812489902959594,6.455130648430781
2022-09-09,2022-06-25,2022-07-29,99633000000.0,387542000000.0,16512432250.0,6.033817337842522,6.033817337842522,157.3699951171875,154.35426330566406,26.081332315150494,26.081332315150494,25.581527358740967,6.705238096916952,6.576743463504443
2022-09-12,2022-06-25,2022-07-29,99633000000.0,387542000000.0,16512432250.0,6.033817337842522,6.033817337842522,163.42999267578125,160.29811096191406,27.085671230183113,27.085671230183113,26.566616452998385,6.963443140812696,6.829999579559347
2022-09-13,2022-06-25,2022-07-29,99633000000.0,387542000000.0,16512432250.0,6.033817337842522,6.033817337842522,153.83999633789062,150.8919219970703,25.496296577134753,25.496296577134753,25.00770466661556,6.554831519860214,6.429219643416476
2022-09-14,2022-06-25,2022-07-29,99633000000.0,387542000000.0,16512432250.0,6.033817337842522,6.033817337842522,155.30999755859375,152.33372497558594,25.739923644113343,25.739923644113343,25.246658366700746,6.617465493892133,6.490652143637323
2022-09-15,2022-06-25,2022-07-29,99633000000.0,387542000000.0,16512432250.0,6.033817337842522,6.033817337842522,152.3699951171875,149.4500732421875,25.252669510156167,25.252669510156167,24.768743379895806,6.492197545828296,6.367785192751132
2022-09-16,2022-06-25,2022-07-29,99633000000.0,387542000000.0,16512432250.0,6.033817337842522,6.033817337842522,150.6999969482422,147.81207275390625,24.97589643675344,24.97589643675344,24.497273364055562,6.421042079782464,6.297993087409746
2022-09-19,2022-06-25,2022-07-29,99633000000.0,387542000000.0,16512432250.0,6.033817337842522,6.033817337842522,154.47999572753906,151.51963806152344,25.6023653150189,25.6023653150189,25.111737657557505,6.582100684393636,6.455965438676136
2022-09-20,2022-06-25,2022-07-29,99633000000.0,387542000000.0,16512432250.0,6.033817337842522,6.033817337842522,156.89999389648438,153.89329528808594,26.003437809170773,26.003437809170773,25.505129948649174,6.6852122331027655,6.557102487404625
2022-09-21,2022-06-25,2022-07-29,99633000000.0,387542000000.0,16512432250.0,6.033817337842522,6.033817337842522,153.72000122070312,150.77423095703125,25.47640947905591,25.47640947905591,24.988199429143265,6.5497187546815,6.424205050610853
2022-09-22,2022-06-25,2022-07-29,99633000000.0,387542000000.0,16512432250.0,6.033817337842522,6.033817337842522,152.74000549316406,149.81300354003906,25.313992277362914,25.313992277362914,24.828892747622827,6.507962988709609,6.383248966883345
2022-09-23,2022-06-25,2022-07-29,99633000000.0,387542000000.0,16512432250.0,6.033817337842522,6.033817337842522,150.42999267578125,147.54727172851562,24.931147937197856,24.931147937197856,24.453387211962447,6.4095377079821905,6.2867104161341345
2022-09-26,2022-06-25,2022-07-29,99633000000.0,387542000000.0,16512432250.0,6.033817337842522,6.033817337842522,150.77000427246094,147.88075256347656,24.987498929884893,24.987498929884893,24.508655844784563,6.4240249595688255,6.300919404305651
2022-09-27,2022-06-25,2022-07-29,99633000000.0,387542000000.0,16512432250.0,6.033817337842522,6.033817337842522,151.75999450683594,148.8517608642578,25.15157254679173,25.15157254679173,24.6695835372242,6.466206572589553,6.3422922330076705
2022-09-28,2022-06-25,2022-07-29,99633000000.0,387542000000.0,16512432250.0,6.033817337842522,6.033817337842522,149.83999633789062,146.9685516357422,24.833366333139292,24.833366333139292,24.357474448885604,6.384399078989289,6.262052246636028
2022-09-29,2022-06-25,2022-07-29,99633000000.0,387542000000.0,16512432250.0,6.033817337842522,6.033817337842522,142.47999572753906,139.74961853027344,23.61357458303251,23.61357458303251,23.161062177636772,6.070803361780861,5.954467149223787
2022-09-30,2022-06-25,2022-07-29,99633000000.0,387542000000.0,16512432250.0,6.033817337842522,6.033817337842522,138.1999969482422,135.55162048339844,22.90423942426762,22.90423942426762,22.465317210259943,5.888440702060824,5.775598385748716
2022-10-03,2022-06-25,2022-07-29,99633000000.0,387542000000.0,16512432250.0,6.033817337842522,6.033817337842522,142.4499969482422,139.7201690673828,23.6086028085128,23.6086028085128,23.156181442731867,6.069525170486181,5.9532123632630904
2022-10-04,2022-06-25,2022-07-29,99633000000.0,387542000000.0,16512432250.0,6.033817337842522,6.033817337842522,146.10000610351562,143.30023193359375,24.213528173485575,24.213528173485575,23.74951443008595,6.2250451628698,6.105752076453013
2022-10-05,2022-06-25,2022-07-29,99633000000.0,387542000000.0,16512432250.0,6.033817337842522,6.033817337842522,146.39999389648438,143.59451293945312,24.26324591868268,24.26324591868268,23.798286374840345,6.237827075816587,6.118290833985654
2022-10-06,2022-06-25,2022-07-29,99633000000.0,387542000000.0,16512432250.0,6.033817337842522,6.033817337842522,145.42999267578125,142.64305114746094,24.102485132203526,24.102485132203526,23.640598175360907,6.196497156893534,6.07775084508449
2022-10-07,2022-06-25,2022-07-29,99633000000.0,387542000000.0,16512432250.0,6.033817337842522,6.033817337842522,140.08999633789062,137.4053955078125,23.21747386340035,23.21747386340035,22.77254809257182,5.968970004366409,5.8545842363078275
2022-10-10,2022-06-25,2022-07-29,99633000000.0,387542000000.0,16512432250.0,6.033817337842522,6.033817337842522,140.4199981689453,137.72909545898438,23.27216591199536,23.27216591199536,22.826195714474743,5.9830307587560405,5.868376479504834
2022-10-11,2022-06-25,2022-07-29,99633000000.0,387542000000.0,16512432250.0,6.033817337842522,6.033817337842522,138.97999572753906,136.3167266845703,23.03351061953648,23.03351061953648,22.59212022041627,5.921674976018801,5.808198115096517
2022-10-12,2022-06-25,2022-07-29,99633000000.0,387542000000.0,16512432250.0,6.033817337842522,6.033817337842522,138.33999633789062,135.68893432617188,22.927441881652335,22.927441881652335,22.48807458508338,5.894405811485379,5.781449069096026
2022-10-13,2022-06-25,2022-07-29,99633000000.0,387542000000.0,16512432250.0,6.033817337842522,6.033817337842522,142.99000549316406,140.24984741210938,23.698099807623972,23.698099807623972,23.24396639130904,6.09253391408673,5.975780956555145
2022-10-14,2022-06-25,2022-07-29,99633000000.0,387542000000.0,16512432250.0,6.033817337842522,6.033817337842522,138.3800048828125,135.7281494140625,22.934072600264074,22.934072600264074,22.49457380202929,5.896110499977062,5.783119949883068
2022-10-17,2022-06-25,2022-07-29,99633000000.0,387542000000.0,16512432250.0,6.033817337842522,6.033817337842522,142.41000366210938,139.68096923828125,23.60197461877925,23.60197461877925,23.14968475466415,6.067821132142666,5.951542132624214
2022-10-18,2022-06-25,2022-07-29,99633000000.0,387542000000.0,16512432250.0,6.033817337842522,6.033817337842522,143.75,140.9952392578125,23.824055643586963,23.824055643586963,23.367502090845093,6.124915843798866,6.007540694472261
2022-10-19,2022-06-25,2022-07-29,99633000000.0,387542000000.0,16512432250.0,6.033817337842522,6.033817337842522,143.86000061035156,141.1031494140625,23.842286326451966,23.842286326451966,23.385386317398194,6.1296027619287425,6.012138542303374
2022-10-20,2022-06-25,2022-07-29,99633000000.0,387542000000.0,16512432250.0,6.033817337842522,6.033817337842522,143.38999938964844,140.64219665527344,23.764391820472245,23.764391820472245,23.308991436184588,6.109576898114556,5.992498216351723
2022-10-21,2022-06-25,2022-07-29,99633000000.0,387542000000.0,16512432250.0,6.033817337842522,6.033817337842522,147.27000427246094,144.44784545898438,24.407434966388863,24.407434966388863,23.939711358685873,6.274896573806766,6.154649720030215
2022-10-24,2022-06-25,2022-07-29,99633000000.0,387542000000.0,16512432250.0,6.033817337842522,6.033817337842522,149.4499969482422,146.58604431152344,24.76873073550486,24.76873073550486,24.294080530442006,6.3677819420103,6.2457543324066265
2022-10-25,2022-06-25,2022-07-29,99633000000.0,387542000000.0,16512432250.0,6.033817337842522,6.033817337842522,152.33999633789062,149.42066955566406,25.247697735636454,25.247697735636454,24.763870231625468,6.490919354533617,6.3665323572349335
2022-10-26,2022-06-25,2022-07-29,99633000000.0,387542000000.0,16512432250.0,6.033817337842522,6.033817337842522,149.35000610351562,146.48794555664062,24.752158996731886,24.752158996731886,24.27782237256448,6.363521521077427,6.241574529846357
2022-10-27,2022-06-25,2022-07-29,99633000000.0,387542000000.0,16512432250.0,6.033817337842522,6.033817337842522,144.8000030517578,142.02511596679688,23.99807533841141,23.99807533841141,23.538186195338156,6.169654489557117,6.051421794799341
2022-10-28,2022-09-24,2022-10-28,99803000000.0,394328000000.0,16377657250.0,6.093850816178242,6.093850816178242,155.74000549316406,152.7554931640625,25.556911416291676,25.556911416291676,25.067153393141826,6.468362454809595,6.344406458825479
2022-10-31,2022-09-24,2022-10-28,99803000000.0,394328000000.0,16377657250.0,6.093850816178242,6.093850816178242,153.33999633789062,150.40150451660156,25.163070275825653,25.163070275825653,24.680864211068076,6.368682677208385,6.2466380547595595
2022-11-01,2022-09-24,2022-10-28,99803000000.0,394328000000.0,16377657250.0,6.093850816178242,6.093850816178242,150.64999389648438,147.7630615234375,24.721641280835374,24.721641280835374,24.247896113759328,6.25695858460777,6.137055384962576
2022-11-02,2022-09-24,2022-10-28,99803000000.0,394328000000.0,16377657250.0,6.093850816178242,6.093850816178242,145.02999877929688,142.250732421875,23.799400929583705,23.799400929583705,23.343323739436,6.0235428652676015,5.908111367102847
2022-11-03,2022-09-24,2022-10-28,99803000000.0,394328000000.0,16377657250.0,6.093850816178242,6.093850816178242,138.8800048828125,136.2185821533203,22.79018785857168,22.79018785857168,22.35344878999676,5.768114663044545,5.6575775739689975
2022-11-04,2022-09-24,2022-10-28,99803000000.0,394328000000.0,16377657250.0,6.093850816178242,6.093850816178242,138.3800048828125,135.9532928466797,22.708137933970217,22.708137933970217,22.309914854781887,5.7473481219290266,5.646559291381279
2022-11-07,2022-09-24,2022-10-28,99803000000.0,394328000000.0,16377657250.0,6.093850816178242,6.093850816178242,138.9199981689453,136.48387145996094,22.796750750795205,22.796750750795205,22.39698272521164,5.769775707486189,5.668595856556718
2022-11-08,2022-09-24,2022-10-28,99803000000.0,394328000000.0,16377657250.0,6.093850816178242,6.093850816178242,139.5,137.0536651611328,22.891928963808702,22.891928963808702,22.490485785650723,5.793864971229535,5.692261145202216
2022-11-09,2022-09-24,2022-10-28,99803000000.0,394328000000.0,16377657250.0,6.093850816178242,6.093850816178242,134.8699951171875,132.50489807128906,22.132145860730343,22.132145860730343,21.744033792148116,5.601566597701585,5.503336827609904
2022-11-10,2022-09-24,2022-10-28,99803000000.0,394328000000.0,16377657250.0,6.093850816178242,6.093850816178242,146.8699951171875,144.29444885253906,24.1013440511655,24.1013440511655,23.678697297521524,6.099963584474018,5.992993209674537
2022-11-11,2022-09-24,2022-10-28,99803000000.0,394328000000.0,16377657250.0,6.093850816178242,6.093850816178242,149.6999969482422,147.07484436035156,24.565746924885588,24.565746924885588,24.134959781078056,6.217502283237194,6.108471604935317
2022-11-14,2022-09-24,2022-10-28,99803000000.0,394328000000.0,16377657250.0,6.093850816178242,6.093850816178242,148.27999877929688,145.67971801757812,24.332725439493228,24.332725439493228,23.9060197586099,6.1585253825184685,6.0505277078182225
2022-11-15,2022-09-24,2022-10-28,99803000000.0,394328000000.0,16377657250.0,6.093850816178242,6.093850816178242,150.0399932861328,147.40884399414062,24.62154027266299,24.62154027266299,24.189769070616677,6.231623379097058,6.122343639190614
2022-11-16,2022-09-24,2022-10-28,99803000000.0,394328000000.0,16377657250.0,6.093850816178242,6.093850816178242,148.7899932861328,146.18075561523438,24.41641546115933,24.41641546115933,23.98823995283029,6.179707026308263,6.0713373435625195
2022-11-17,2022-09-24,2022-10-28,99803000000.0,394328000000.0,16377657250.0,6.093850816178242,6.093850816178242,150.72000122070312,148.076904296875,24.733129472182775,24.733129472182775,24.29939766555385,6.259866204561323,6.150090242679371
2022-11-18,2022-09-24,2022-10-28,99803000000.0,394328000000.0,16377657250.0,6.093850816178242,6.093850816178242,151.2899932861328,148.6369171142578,24.826665084166653,24.826665084166653,24.391295684438077,6.283539731885853,6.173349301074166
2022-11-21,2022-09-24,2022-10-28,99803000000.0,394328000000.0,16377657250.0,6.093850816178242,6.093850816178242,148.00999450683594,145.41444396972656,24.28841777909824,24.28841777909824,23.86248832736001,6.147311272867618,6.039510058975044
2022-11-22,2022-09-24,2022-10-28,99803000000.0,394328000000.0,16377657250.0,6.093850816178242,6.093850816178242,150.17999267578125,147.54638671875,24.6445141513928,24.6445141513928,24.212339810984034,6.2374379852596205,6.128056212482095
2022-11-23,2022-09-24,2022-10-28,99803000000.0,394328000000.0,16377657250.0,6.093850816178242,6.093850816178242,151.07000732421875,148.4208221435547,24.790565420989793,24.790565420989793,24.35583453233218,6.274403036840003,6.16437421088624
2022-11-25,2022-09-24,2022-10-28,99803000000.0,394328000000.0,16377657250.0,6.093850816178242,6.093850816178242,148.11000061035156,145.51272583007812,24.304828765604526,24.304828765604526,23.878616365823085,6.151464834588538,6.043592007562844
2022-11-28,2022-09-24,2022-10-28,99803000000.0,394328000000.0,16377657250.0,6.093850816178242,6.093850816178242,144.22000122070312,141.69094848632812,23.66648045236373,23.66648045236373,23.251463280026535,5.989901170059588,5.884861814876165
2022-11-29,2022-09-24,2022-10-28,99803000000.0,394328000000.0,16377657250.0,6.093850816178242,6.093850816178242,141.1699981689453,138.69436645507812,23.165975411501798,23.165975411501798,22.7597246205742,5.86322514250602,5.7604045269602135
2022-11-30,2022-09-24,2022-10-28,99803000000.0,394328000000.0,16377657250.0,6.093850816178242,6.093850816178242,148.02999877929688,145.4341278076172,24.291700477192496,24.291700477192496,23.865718442189596,6.148142111960709,6.040327589432777
2022-12-01,2022-09-24,2022-10-28,99803000000.0,394328000000.0,16377657250.0,6.093850816178242,6.093850816178242,148.30999755859375,145.709228515625,24.337648234652114,24.337648234652114,23.910862426889295,6.1597713242858365,6.051753369760282
2022-12-02,2022-09-24,2022-10-28,99803000000.0,394328000000.0,16377657250.0,6.093850816178242,6.093850816178242,147.80999755859375,145.2179718017578,24.25559831005065,24.25559831005065,23.830247274223765,6.139004783170319,6.0313499642666875
2022-12-05,2022-09-24,2022-10-28,99803000000.0,394328000000.0,16377657250.0,6.093850816178242,6.093850816178242,146.6300048828125,144.05868530273438,24.061961689894385,24.061961689894385,23.640008534551026,6.089996050335075,5.983201222773417
2022-12-06,2022-09-24,2022-10-28,99803000000.0,394328000000.0,16377657250.0,6.093850816178242,6.093850816178242,142.91000366210938,140.4038848876953,23.45151005054229,23.45151005054229,23.04025633757631,5.935492933736057,5.831406096597575
2022-12-07,2022-09-24,2022-10-28,99803000000.0,394328000000.0,16377657250.0,6.093850816178242,6.093850816178242,140.94000244140625,138.4684295654297,23.12823314729532,23.12823314729532,22.722648411053513,5.853672711041353,5.7510206715434204
2022-12-08,2022-09-24,2022-10-28,99803000000.0,394328000000.0,16377657250.0,6.093850816178242,6.093850816178242,142.64999389648438,140.14842224121094,23.40884248721194,23.40884248721194,22.99833495581124,5.924693926759482,5.820795945494181
2022-12-09,2022-09-24,2022-10-28,99803000000.0,394328000000.0,16377657250.0,6.093850816178242,6.093850816178242,142.16000366210938,139.66705322265625,23.32843516364009,23.32843516364009,22.919342372455457,5.90434312206278,5.800803206463076
2022-12-12,2022-09-24,2022-10-28,99803000000.0,394328000000.0,16377657250.0,6.093850816178242,6.093850816178242,144.49000549316406,141.95620727539062,23.710788112758717,23.710788112758717,23.29499220731144,6.001115279710439,5.895878829974803
2022-12-13,2022-09-24,2022-10-28,99803000000.0,394328000000.0,16377657250.0,6.093850816178242,6.093850816178242,145.47000122070312,142.9190216064453,23.87160526386739,23.87160526386739,23.45298989384794,6.041817522848383,5.935867476759717
2022-12-14,2022-09-24,2022-10-28,99803000000.0,394328000000.0,16377657250.0,6.093850816178242,6.093850816178242,143.2100067138672,140.69862365722656,23.500740506096164,23.500740506096164,23.088622925210647,5.947952985154276,5.843647506149192
2022-12-15,2022-09-24,2022-10-28,99803000000.0,394328000000.0,16377657250.0,6.093850816178242,6.093850816178242,136.5,134.10630798339844,22.399629416199915,22.399629416199915,22.00682491723734,5.669265724536427,5.569848317175139
2022-12-16,2022-09-24,2022-10-28,99803000000.0,394328000000.0,16377657250.0,6.093850816178242,6.093850816178242,134.50999450683594,132.15122985839844,22.073069814858687,22.073069814858687,21.685996891744892,5.58661466274863,5.488647896641415
2022-12-19,2022-09-24,2022-10-28,99803000000.0,394328000000.0,16377657250.0,6.093850816178242,6.093850816178242,132.3699951171875,130.04872131347656,21.72189623772302,21.72189623772302,21.34097555657534,5.497733892123994,5.401324236353718
2022-12-20,2022-09-24,2022-10-28,99803000000.0,394328000000.0,16377657250.0,6.093850816178242,6.093850816178242,132.3000030517578,129.97998046875,21.710410550340605,21.710410550340605,21.32969519432163,5.494826905914984,5.398469217197059
2022-12-21,2022-09-24,2022-10-28,99803000000.0,394328000000.0,16377657250.0,6.093850816178242,6.093850816178242,135.4499969482422,133.07472229003906,22.22732407374384,22.22732407374384,21.837541860517167,5.625655861444931,5.527003383744484
2022-12-22,2022-09-24,2022-10-28,99803000000.0,394328000000.0,16377657250.0,6.093850816178242,6.093850816178242,132.22999572753906,129.91116333007812,21.698922358993208,21.698922358993208,21.318402312243,5.491919285961431,5.3956110293176955
2022-12-23,2022-09-24,2022-10-28,99803000000.0,394328000000.0,16377657250.0,6.093850816178242,6.093850816178242,131.86000061035156,129.54769897460938,21.63820621605692,21.63820621605692,21.258757866319936,5.4765522483342,5.380515234353961
2022-12-27,2022-09-24,2022-10-28,99803000000.0,394328000000.0,16377657250.0,6.093850816178242,6.093850816178242,130.02999877929688,127.74974060058594,21.33790319153976,21.33790319153976,20.963713168269546,5.40054663180206,5.305840481357666
2022-12-28,2022-09-24,2022-10-28,99803000000.0,394328000000.0,16377657250.0,6.093850816178242,6.093850816178242,126.04000091552734,123.8297348022461,20.683145143775167,20.683145143775167,20.32044080788737,5.234829722424462,5.1430305581890785
2022-12-29,2022-09-24,2022-10-28,99803000000.0,394328000000.0,16377657250.0,6.093850816178242,6.093850816178242,129.61000061035156,127.33710479736328,21.268981555350326,21.268981555350326,20.89599969518498,5.38310281331437,5.28870244461095
2022-12-30,2022-09-24,2022-10-28,99803000000.0,394328000000.0,16377657250.0,6.093850816178242,6.093850816178242,129.92999267578125,127.65149688720703,21.321492205033472,21.321492205033472,20.947591389718934,5.39639307008114,5.301760117131217
2023-01-03,2022-09-24,2022-10-28,99803000000.0,394328000000.0,16377657250.0,6.093850816178242,6.093850816178242,125.06999969482422,122.8767318725586,20.523968089731127,20.523968089731127,20.1640531708357,5.194542581960793,5.103449409143949
2023-01-04,2022-09-24,2022-10-28,99803000000.0,394328000000.0,16377657250.0,6.093850816178242,6.093850816178242,126.36000061035156,124.14410400390625,20.735657045440803,20.735657045440803,20.372028746473845,5.248120296063502,5.156087280092535
2023-01-05,2022-09-24,2022-10-28,99803000000.0,394328000000.0,16377657250.0,6.093850816178242,6.093850816178242,125.0199966430664,122.8276138305664,20.515762596477984,20.515762596477984,20.15599290755164,5.192465801100333,5.1014093854668605
2023-01-06,2022-09-24,2022-10-28,99803000000.0,394328000000.0,16377657250.0,6.093850816178242,6.093850816178242,129.6199951171875,127.34693145751953,21.27062165241496,21.27062165241496,20.897612248634786,5.383517915988645,5.2891105760952755
2023-01-09,2022-09-24,2022-10-28,99803000000.0,394328000000.0,16377657250.0,6.093850816178242,6.093850816178242,130.14999389648438,127.86766052246094,21.357594372175317,21.357594372175317,20.983063809667254,5.405530398871531,5.310738059169577
2023-01-10,2022-09-24,2022-10-28,99803000000.0,394328000000.0,16377657250.0,6.093850816178242,6.093850816178242,130.72999572753906,128.43746948242188,21.452772585188814,21.452772585188814,21.076569374071322,5.4296196626148765,5.334403981559617
2023-01-11,2022-09-24,2022-10-28,99803000000.0,394328000000.0,16377657250.0,6.093850816178242,6.093850816178242,133.49000549316406,131.14907836914062,21.90568977152649,21.90568977152649,21.521543983479194,5.5442513751690425,5.447025456430114
2023-01-12,2022-09-24,2022-10-28,99803000000.0,394328000000.0,16377657250.0,6.093850816178242,6.093850816178242,133.41000366210938,131.07049560546875,21.892561483114456,21.892561483114456,21.50864856381069,5.540928652541215,5.443761672044588
2023-01-13,2022-09-24,2022-10-28,99803000000.0,394328000000.0,16377657250.0,6.093850816178242,6.093850816178242,134.75999450683594,132.39683532714844,22.11409477715942,22.11409477715942,21.726300712130183,5.5969979333063895,5.498848648771401
2023-01-17,2022-09-24,2022-10-28,99803000000.0,394328000000.0,16377657250.0,6.093850816178242,6.093850816178242,135.94000244140625,133.5561065673828,22.30773390128067,22.30773390128067,21.916536947837937,5.646007299886173,5.54699675652013
2023-01-18,2022-09-24,2022-10-28,99803000000.0,394328000000.0,16377657250.0,6.093850816178242,6.093850816178242,135.2100067138672,132.83895874023438,22.18794171247273,22.18794171247273,21.79885309754667,5.615688327305988,5.517211396843365
2023-01-19,2022-09-24,2022-10-28,99803000000.0,394328000000.0,16377657250.0,6.093850816178242,6.093850816178242,135.27000427246094,132.8978729248047,22.197787302790505,22.197787302790505,21.808520906350573,5.618180210840723,5.519658284515698
2023-01-20,2022-09-24,2022-10-28,99803000000.0,394328000000.0,16377657250.0,6.093850816178242,6.093850816178242,137.8699951171875,135.45228576660156,22.62444540833913,22.62444540833913,22.227699668491468,5.726165844394694,5.625750923126063
2023-01-23,2022-09-24,2022-10-28,99803000000.0,394328000000.0,16377657250.0,6.093850816178242,6.093850816178242,141.11000061035156,138.63546752929688,23.15612982118402,23.15612982118402,22.75005931573528,5.860733258971285,5.757958273032421
2023-01-24,2022-09-24,2022-10-28,99803000000.0,394328000000.0,16377657250.0,6.093850816178242,6.093850816178242,142.52999877929688,140.0305938720703,23.38915130657638,23.38915130657638,22.97899933820344,5.919710159690011,5.815902170149514
2023-01-25,2022-09-24,2022-10-28,99803000000.0,394328000000.0,16377657250.0,6.093850816178242,6.093850816178242,141.86000061035156,139.37228393554688,23.279204708086215,23.279204708086215,22.870970776891152,5.891883070644562,5.788560529422379
2023-01-26,2022-09-24,2022-10-28,99803000000.0,394328000000.0,16377657250.0,6.093850816178242,6.093850816178242,143.9600067138672,141.4355010986328,23.623815392998363,23.623815392998363,23.209544402226452,5.979102796827553,5.874252297517312
2023-01-27,2022-09-24,2022-10-28,99803000000.0,394328000000.0,16377657250.0,6.093850816178242,6.093850816178242,145.92999267578125,143.37091064453125,23.947089792280348,23.947089792280348,23.527144816854296,6.060922385777717,5.954635821337844
2023-01-30,2022-09-24,2022-10-28,99803000000.0,394328000000.0,16377657250.0,6.093850816178242,6.093850816178242,143.0,140.4923095703125,23.466278436018957,23.466278436018957,23.054766814659608,5.9392307590381614,5.835078646211968
2023-01-31,2022-09-24,2022-10-28,99803000000.0,394328000000.0,16377657250.0,6.093850816178242,6.093850816178242,144.2899932861328,141.75967407226562,23.677966139746143,23.677966139746143,23.26274113831526,5.9928081562686,5.887716200288284
2023-02-01,2022-09-24,2022-10-28,99803000000.0,394328000000.0,16377657250.0,6.093850816178242,6.093850816178242,145.42999267578125,142.87966918945312,23.865039867678885,23.865039867678885,23.446532168153748,6.040155844662199,5.934233049588791
2023-02-02,2022-09-24,2022-10-28,99803000000.0,394328000000.0,16377657250.0,6.093850816178242,6.093850816178242,150.82000732421875,148.17520141601562,24.749540458689058,24.749540458689058,24.31552820798191,6.264019766282243,6.154172825011713
2023-02-03,2022-12-31,2023-02-03,95171000000.0,387537000000.0,16236764000.0,5.861451210352014,5.861451210352014,154.5,151.7906494140625,26.35866007502285,26.35866007502285,25.896428028946538,6.473136856609821,6.359622312044711
2023-02-06,2022-12-31,2023-02-03,95171000000.0,387537000000.0,16236764000.0,5.861451210352014,5.861451210352014,151.72999572753906,149.06922912597656,25.886080133118913,25.886080133118913,25.43213681668163,6.357081084771416,6.245602079234777
2023-02-07,2022-12-31,2023-02-03,95171000000.0,387537000000.0,16236764000.0,5.861451210352014,5.861451210352014,154.64999389648438,151.9380340576172,26.384249965836833,26.384249965836833,25.92157276499661,6.479421199778749,6.3657973344932035
2023-02-08,2022-12-31,2023-02-03,95171000000.0,387537000000.0,16236764000.0,5.861451210352014,5.861451210352014,151.9199981689453,149.2559051513672,25.918495730312774,25.918495730312774,25.46398490663262,6.365041678987032,6.253423305514398
2023-02-09,2022-12-31,2023-02-03,95171000000.0,387537000000.0,16236764000.0,5.861451210352014,5.861451210352014,150.8699951171875,148.2242889404297,25.73935868488222,25.73935868488222,25.28798477050327,6.321049358897152,6.210201344887241
2023-02-10,2022-12-31,2023-02-03,95171000000.0,387537000000.0,16236764000.0,5.861451210352014,5.861451210352014,151.00999450683594,148.58836364746094,25.763243450723344,25.763243450723344,25.350098177911363,6.326914958955639,6.2254551015516
2023-02-13,2022-12-31,2023-02-03,95171000000.0,387537000000.0,16236764000.0,5.861451210352014,5.861451210352014,153.85000610351562,151.38282775878906,26.247767077169964,26.247767077169964,25.82685112032139,6.445903850474517,6.342535675231286
2023-02-14,2022-12-31,2023-02-03,95171000000.0,387537000000.0,16236764000.0,5.861451210352014,5.861451210352014,153.1999969482422,150.74325561523438,26.13687147607284,26.13687147607284,25.71773613827989,6.418670205036754,6.315739312675268
2023-02-15,2022-12-31,2023-02-03,95171000000.0,387537000000.0,16236764000.0,5.861451210352014,5.861451210352014,155.3300018310547,152.839111328125,26.50026354509675,26.50026354509675,26.075302146709525,6.507911713850298,6.403550062586262
2023-02-16,2022-12-31,2023-02-03,95171000000.0,387537000000.0,16236764000.0,5.861451210352014,5.861451210352014,153.7100067138672,151.2451171875,26.22388231132884,26.22388231132884,25.803356841115267,6.4400382504160305,6.336765970541603
2023-02-17,2022-12-31,2023-02-03,95171000000.0,387537000000.0,16236764000.0,5.861451210352014,5.861451210352014,152.5500030517578,150.1036834716797,26.025978478219955,26.025978478219955,25.60862115623839,6.391437198901451,6.2889429501192495
2023-02-21,2022-12-31,2023-02-03,95171000000.0,387537000000.0,16236764000.0,5.861451210352014,5.861451210352014,148.47999572753906,146.09893798828125,25.331609937366004,25.331609937366004,24.92538669097054,6.220914775489979,6.121154823323598
2023-02-22,2022-12-31,2023-02-03,95171000000.0,387537000000.0,16236764000.0,5.861451210352014,5.861451210352014,148.91000366210938,146.52206420898438,25.404971963106465,25.404971963106465,24.997574653561756,6.23893095807834,6.13888268050309
2023-02-23,2022-12-31,2023-02-03,95171000000.0,387537000000.0,16236764000.0,5.861451210352014,5.861451210352014,149.39999389648438,147.0041961669922,25.488567341928288,25.488567341928288,25.079829361603394,6.259460238631814,6.159082720290338
2023-02-24,2022-12-31,2023-02-03,95171000000.0,387537000000.0,16236764000.0,5.861451210352014,5.861451210352014,146.7100067138672,144.35731506347656,25.029638812784114,25.029638812784114,24.628254997418477,6.146756968886782,6.0481854799911074
2023-02-27,2022-12-31,2023-02-03,95171000000.0,387537000000.0,16236764000.0,5.861451210352014,5.861451210352014,147.9199981689453,145.5479278564453,25.236070874001502,25.236070874001502,24.831380938459493,6.197452375256033,6.0980689722378205
2023-02-28,2022-12-31,2023-02-03,95171000000.0,387537000000.0,16236764000.0,5.861451210352014,5.861451210352014,147.41000366210938,145.04611206054688,25.14906264198974,25.14906264198974,24.74576804535681,6.1760849691792155,6.077044232278862
2023-03-01,2022-12-31,2023-02-03,95171000000.0,387537000000.0,16236764000.0,5.861451210352014,5.861451210352014,145.30999755859375,142.97979736328125,24.790788551128628,24.790788551128628,24.39324191776297,6.088100328999458,5.990471171927894
2023-03-02,2022-12-31,2023-02-03,95171000000.0,387537000000.0,16236764000.0,5.861451210352014,5.861451210352014,145.91000366210938,143.57015991210938,24.89315332087301,24.89315332087301,24.49396143715187,6.113238980280091,6.015205784054634
2023-03-03,2022-12-31,2023-02-03,95171000000.0,387537000000.0,16236764000.0,5.861451210352014,5.861451210352014,151.02999877929688,148.60806274414062,25.766656303913287,25.766656303913287,25.35345896621664,6.327753084478982,6.22628044102577
2023-03-06,2022-12-31,2023-02-03,95171000000.0,387537000000.0,16236764000.0,5.861451210352014,5.861451210352014,153.8300018310547,151.3631591796875,26.24435422398002,26.24435422398002,25.82349553850458,6.445065724951173,6.341711614362034
2023-03-07,2022-12-31,2023-02-03,95171000000.0,387537000000.0,16236764000.0,5.861451210352014,5.861451210352014,151.60000610351562,149.16891479492188,25.863903095494873,25.863903095494873,25.449143811258207,6.35163486712583,6.249778642197403
2023-03-08,2022-12-31,2023-02-03,95171000000.0,387537000000.0,16236764000.0,5.861451210352014,5.861451210352014,152.8699951171875,150.41854858398438,26.080571113037855,26.080571113037855,25.66233910099388,6.404844010762652,6.302134956354331
2023-03-09,2022-12-31,2023-02-03,95171000000.0,387537000000.0,16236764000.0,5.861451210352014,5.861451210352014,150.58999633789062,148.1750946044922,25.691589153199967,25.691589153199967,25.2795919110949,6.309318158780179,6.208140233760423
2023-03-10,2022-12-31,2023-02-03,95171000000.0,387537000000.0,16236764000.0,5.861451210352014,5.861451210352014,148.5,146.11863708496094,25.335022790555946,25.335022790555946,24.928747479275813,6.221752901013323,6.121980162797768
2023-03-13,2022-12-31,2023-02-03,95171000000.0,387537000000.0,16236764000.0,5.861451210352014,5.861451210352014,150.47000122070312,148.0570526123047,25.671117240548785,25.671117240548785,25.259453213705587,6.304290684245036,6.203194589939992
2023-03-14,2022-12-31,2023-02-03,95171000000.0,387537000000.0,16236764000.0,5.861451210352014,5.861451210352014,152.58999633789062,150.14305114746094,26.032801581355603,26.032801581355603,25.61533752636047,6.393112810645679,6.2905923504626715
2023-03-15,2022-12-31,2023-02-03,95171000000.0,387537000000.0,16236764000.0,5.861451210352014,5.861451210352014,152.99000549316406,150.53663635253906,26.10104562893327,26.10104562893327,25.68248560811589,6.409872124600254,6.307082518082138
2023-03-16,2022-12-31,2023-02-03,95171000000.0,387537000000.0,16236764000.0,5.861451210352014,5.861451210352014,155.85000610351562,153.35076904296875,26.5889795053256,26.5889795053256,26.162594132342722,6.529698502340016,6.4249871526310764
2023-03-17,2022-12-31,2023-02-03,95171000000.0,387537000000.0,16236764000.0,5.861451210352014,5.861451210352014,155.0,152.51441955566406,26.44396318206176,26.44396318206176,26.019907712667745,6.4940855195761955,6.389946345567783
2023-03-20,2022-12-31,2023-02-03,95171000000.0,387537000000.0,16236764000.0,5.861451210352014,5.861451210352014,157.39999389648438,154.8759002685547,26.85341705455083,26.85341705455083,26.422790996711804,6.594638846093811,6.488886072679664
2023-03-21,2022-12-31,2023-02-03,95171000000.0,387537000000.0,16236764000.0,5.861451210352014,5.861451210352014,159.27999877929688,156.72576904296875,27.174157570055282,27.174157570055282,26.73839010485536,6.673406023424167,6.566390627654107
2023-03-22,2022-12-31,2023-02-03,95171000000.0,387537000000.0,16236764000.0,5.861451210352014,5.861451210352014,157.8300018310547,155.29901123046875,26.926779080291293,26.926779080291293,26.494976356058785,6.6126550286821715,6.506613290556697
2023-03-23,2022-12-31,2023-02-03,95171000000.0,387537000000.0,16236764000.0,5.861451210352014,5.861451210352014,158.92999267578125,156.38136291503906,27.114444353830354,27.114444353830354,26.679632279264073,6.658741703626721,6.551960931859
2023-03-24,2022-12-31,2023-02-03,95171000000.0,387537000000.0,16236764000.0,5.861451210352014,5.861451210352014,160.25,157.68019104003906,27.339645805970306,27.339645805970306,26.901220428408116,6.714046480723131,6.606378357142747
2023-03-27,2022-12-31,2023-02-03,95171000000.0,387537000000.0,16236764000.0,5.861451210352014,5.861451210352014,158.27999877929688,155.7417755126953,27.003551355977464,27.003551355977464,26.570514693978343,6.631508697491418,6.525163930000523
2023-03-28,2022-12-31,2023-02-03,95171000000.0,387537000000.0,16236764000.0,5.861451210352014,5.861451210352014,157.64999389648438,155.1219024658203,26.896068608070284,26.896068608070284,26.464760500242114,6.605113177576999,6.499192906918675
2023-03-29,2022-12-31,2023-02-03,95171000000.0,387537000000.0,16236764000.0,5.861451210352014,5.861451210352014,160.77000427246094,158.19186401367188,27.428361766199156,27.428361766199156,26.988515017285547,6.735833269212849,6.627816086490021
2023-03-30,2022-12-31,2023-02-03,95171000000.0,387537000000.0,16236764000.0,5.861451210352014,5.861451210352014,162.36000061035156,159.75636291503906,27.69962502180427,27.69962502180427,27.25542825177671,6.802449864013331,6.69336440688203
2023-03-31,2022-12-31,2023-02-03,95171000000.0,387537000000.0,16236764000.0,5.861451210352014,5.861451210352014,164.89999389648438,162.25563049316406,28.132963660134465,28.132963660134465,27.68181883124805,6.908868790589433,6.798077035195887
2023-04-03,2022-12-31,2023-02-03,95171000000.0,387537000000.0,16236764000.0,5.861451210352014,5.861451210352014,166.1699981689453,163.50526428222656,28.349634280921677,28.349634280921677,27.895014120983724,6.962078573528713,6.850433349352816
2023-04-04,2022-12-31,2023-02-03,95171000000.0,387537000000.0,16236764000.0,5.861451210352014,5.861451210352014,165.6300048828125,162.97393798828125,28.257508070747118,28.257508070747118,27.804366553533715,6.939454298818111,6.8281721984387485
2023-04-05,2022-12-31,2023-02-03,95171000000.0,387537000000.0,16236764000.0,5.861451210352014,5.861451210352014,163.75999450683594,161.13388061523438,27.938472680215522,27.938472680215522,27.490441331432216,6.861105864598197,6.751078714945245
2023-04-06,2022-12-31,2023-02-03,95171000000.0,387537000000.0,16236764000.0,5.861451210352014,5.861451210352014,164.66000366210938,162.01947021484375,28.092019834832097,28.092019834832097,27.64152842024826,6.898813841519147,6.788182551042732
2023-04-10,2022-12-31,2023-02-03,95171000000.0,387537000000.0,16236764000.0,5.861451210352014,5.861451210352014,162.02999877929688,159.43161010742188,27.64332465876928,27.64332465876928,27.200023404758,6.788623669739229,6.679758132653717
2023-04-11,2022-12-31,2023-02-03,95171000000.0,387537000000.0,16236764000.0,5.861451210352014,5.861451210352014,160.8000030517578,158.22140502929688,27.43347974436195,27.43347974436195,26.993554898121342,6.737090137846635,6.629053776050045
2023-04-12,2022-12-31,2023-02-03,95171000000.0,387537000000.0,16236764000.0,5.861451210352014,5.861451210352014,160.10000610351562,157.53260803222656,27.314055915156324,27.314055915156324,26.876041850183007,6.707762137554202,6.600195023762291
2023-04-13,2022-12-31,2023-02-03,95171000000.0,387537000000.0,16236764000.0,5.861451210352014,5.861451210352014,165.55999755859375,162.90505981445312,28.24556438620444,28.24556438620444,27.792615509064305,6.936521179137638,6.82528638714022
2023-04-14,2022-12-31,2023-02-03,95171000000.0,387537000000.0,16236764000.0,5.861451210352014,5.861451210352014,165.2100067138672,162.5606689453125,28.185853773223744,28.185853773223744,27.733860286717256,6.921857498642651,6.810857330647572
2023-04-17,2022-12-31,2023-02-03,95171000000.0,387537000000.0,16236764000.0,5.861451210352014,5.861451210352014,165.22999572753906,162.58035278320312,28.189264023169454,28.189264023169454,27.737218471778295,6.9226949848635355,6.8116820308192825
2023-04-18,2022-12-31,2023-02-03,95171000000.0,387537000000.0,16236764000.0,5.861451210352014,5.861451210352014,166.47000122070312,163.80047607421875,28.40081666579387,28.40081666579387,27.94537908716664,6.974647899169031,6.862801934021103
2023-04-19,2022-12-31,2023-02-03,95171000000.0,387537000000.0,16236764000.0,5.861451210352014,5.861451210352014,167.6300048828125,164.94187927246094,28.598720498902754,28.598720498902754,28.14010956555505,7.02324895068361,6.910623675838539
2023-04-20,2022-12-31,2023-02-03,95171000000.0,387537000000.0,16236764000.0,5.861451210352014,5.861451210352014,166.64999389648438,163.97755432128906,28.431524534770645,28.431524534770645,27.975589736494843,6.9821891109717455,6.870221039054208
2023-04-21,2022-12-31,2023-02-03,95171000000.0,387537000000.0,16236764000.0,5.861451210352014,5.861451210352014,165.02000427246094,162.37376403808594,28.15343817602988,28.15343817602988,27.701973148102766,6.913896904427035,6.80302651483107
2023-04-24,2022-12-31,2023-02-03,95171000000.0,387537000000.0,16236764000.0,5.861451210352014,5.861451210352014,165.3300018310547,162.67874145507812,28.206325685874926,28.206325685874926,27.754004190595033,6.926884973177795,6.81580425307292
2023-04-25,2022-12-31,2023-02-03,95171000000.0,387537000000.0,16236764000.0,5.861451210352014,5.861451210352014,163.77000427246094,161.1437530517578,27.94018040843261,27.94018040843261,27.492125630451202,6.861525247011098,6.751492343636017
2023-04-26,2022-12-31,2023-02-03,95171000000.0,387537000000.0,16236764000.0,5.861451210352014,5.861451210352014,163.75999450683594,161.13388061523438,27.938472680215522,27.938472680215522,27.490441331432216,6.861105864598197,6.751078714945245
2023-04-27,2022-12-31,2023-02-03,95171000000.0,387537000000.0,16236764000.0,5.861451210352014,5.861451210352014,168.41000366210938,165.70933532714844,28.731793137623914,28.731793137623914,28.271042337516384,7.0559288137669585,6.9427780323008434
2023-04-28,2022-12-31,2023-02-03,95171000000.0,387537000000.0,16236764000.0,5.861451210352014,5.861451210352014,169.67999267578125,166.95895385742188,28.948461155166896,28.948461155166896,28.484235024007823,7.10913795740378,6.995133707155313
2023-05-01,2022-12-31,2023-02-03,95171000000.0,387537000000.0,16236764000.0,5.861451210352014,5.861451210352014,169.58999633789062,166.8704071044922,28.933107220678508,28.933107220678508,28.469128397721605,7.105367351502423,6.991423834987532
2023-05-02,2022-12-31,2023-02-03,95171000000.0,387537000000.0,16236764000.0,5.861451210352014,5.861451210352014,168.5399932861328,165.83726501464844,28.75397017524795,28.75397017524795,28.292867937168918,7.061375031412544,6.948137944114506
2023-05-03,2022-12-31,2023-02-03,95171000000.0,387537000000.0,16236764000.0,5.861451210352014,5.861451210352014,167.4499969482422,164.76475524902344,28.568010026681748,28.568010026681748,28.10989110649415,7.015707099578437,6.903202652898059
2023-05-04,2022-12-31,2023-02-03,95171000000.0,387537000000.0,16236764000.0,5.861451210352014,5.861451210352014,165.7899932861328,163.13134765625,28.28480308653395,28.28480308653395,27.83122162104511,6.946157385097482,6.834767242602601
2023-05-05,2023-04-01,2023-05-05,94321000000.0,385095000000.0,16097697500.0,5.859285155532336,5.859285155532336,173.57000732421875,170.78662109375,29.623068807349984,29.623068807349984,29.148030273367613,7.255553754211448,7.139202958787589
2023-05-08,2023-04-01,2023-05-05,94321000000.0,385095000000.0,16097697500.0,5.859285155532336,5.859285155532336,173.5,170.7177276611328,29.611120707477657,29.611120707477657,29.13627228057695,7.252627315986964,7.136323083333459
2023-05-09,2023-04-01,2023-05-05,94321000000.0,385095000000.0,16097697500.0,5.859285155532336,5.859285155532336,171.77000427246094,169.01544189453125,29.31586357599881,29.31586357599881,28.84574438828035,7.180310230856759,7.0651643268466
2023-05-10,2023-04-01,2023-05-05,94321000000.0,385095000000.0,16097697500.0,5.859285155532336,5.859285155532336,173.55999755859375,170.77676391601562,29.621360447821594,29.621360447821594,29.146347955905206,7.255135327124425,7.138790910162259
2023-05-11,2023-04-01,2023-05-05,94321000000.0,385095000000.0,16097697500.0,5.859285155532336,5.859285155532336,173.75,170.9637451171875,29.653788028381804,29.653788028381804,29.178259903558978,7.263077787623833,7.146607077120156
2023-05-12,2023-04-01,2023-05-05,94321000000.0,385095000000.0,16097697500.0,5.859285155532336,5.859285155532336,172.57000732421875,170.03749084472656,29.452399523733398,29.452399523733398,29.02017675043127,7.213751867663973,7.107887901108629
2023-05-15,2023-04-01,2023-05-05,94321000000.0,385095000000.0,16097697500.0,5.859285155532336,5.859285155532336,172.07000732421875,169.54483032226562,29.367064881925106,29.367064881925106,28.936094731996686,7.192850924390235,7.0872937618422975
2023-05-16,2023-04-01,2023-05-05,94321000000.0,385095000000.0,16097697500.0,5.859285155532336,5.859285155532336,172.07000732421875,169.54483032226562,29.367064881925106,29.367064881925106,28.936094731996686,7.192850924390235,7.0872937618422975
2023-05-17,2023-04-01,2023-05-05,94321000000.0,385095000000.0,16097697500.0,5.859285155532336,5.859285155532336,172.69000244140625,170.15576171875,29.472879004421277,29.472879004421277,29.040361955773555,7.218767889938897,7.1128318467664275
2023-05-18,2023-04-01,2023-05-05,94321000000.0,385095000000.0,16097697500.0,5.859285155532336,5.859285155532336,175.0500030517578,172.48109436035156,29.875658617924685,29.875658617924685,29.437224811885958,7.317420367704784,7.210035138035797
2023-05-19,2023-04-01,2023-05-05,94321000000.0,385095000000.0,16097697500.0,5.859285155532336,5.859285155532336,175.16000366210938,172.58950805664062,29.894432343290774,29.894432343290774,29.455727699765838,7.322018600738853,7.214567035068265
2023-05-22,2023-04-01,2023-05-05,94321000000.0,385095000000.0,16097697500.0,5.859285155532336,5.859285155532336,174.1999969482422,171.64356994628906,29.730588685167948,29.730588685167948,29.29428512012651,7.2818885090009635,7.175025037498417
2023-05-23,2023-04-01,2023-05-05,94321000000.0,385095000000.0,16097697500.0,5.859285155532336,5.859285155532336,171.55999755859375,169.04232788085938,29.280021880588425,29.280021880588425,28.850333000306296,7.171531554029475,7.066288211796803
2023-05-24,2023-04-01,2023-05-05,94321000000.0,385095000000.0,16097697500.0,5.859285155532336,5.859285155532336,171.83999633789062,169.3181915283203,29.32780907166454,29.32780907166454,28.897414451394315,7.183236031235075,7.077819832690539
2023-05-25,2023-04-01,2023-05-05,94321000000.0,385095000000.0,16097697500.0,5.859285155532336,5.859285155532336,172.99000549316406,170.4513702392578,29.52408031034757,29.52408031034757,29.090813250199584,7.231308583472373,7.125188840603162
2023-05-26,2023-04-01,2023-05-05,94321000000.0,385095000000.0,16097697500.0,5.859285155532336,5.859285155532336,175.42999267578125,172.8555450439453,29.940511174838498,29.940511174838498,29.501132041804645,7.333304650857431,7.225687883029008
2023-05-30,2023-04-01,2023-05-05,94321000000.0,385095000000.0,16097697500.0,5.859285155532336,5.859285155532336,177.3000030517578,174.69808959960938,30.259664506062002,30.259664506062002,29.81559780115147,7.411474612436604,7.302709721503545
2023-05-31,2023-04-01,2023-05-05,94321000000.0,385095000000.0,16097697500.0,5.859285155532336,5.859285155532336,177.25,174.64881896972656,30.251130521039855,30.251130521039855,29.807188818046033,7.409384390539997,7.3006501162230615
2023-06-01,2023-04-01,2023-05-05,94321000000.0,385095000000.0,16097697500.0,5.859285155532336,5.859285155532336,180.08999633789062,177.4471435546875,30.735830661501375,30.735830661501375,30.284776870287995,7.528101595251746,7.41762536304661
2023-06-02,2023-04-01,2023-05-05,94321000000.0,385095000000.0,16097697500.0,5.859285155532336,5.859285155532336,180.9499969482422,178.29449462890625,30.882606349579902,30.882606349579902,30.429393671096655,7.564051243196422,7.453046236516983
2023-06-05,2023-04-01,2023-05-05,94321000000.0,385095000000.0,16097697500.0,5.859285155532336,5.859285155532336,179.5800018310547,176.9446258544922,30.64879026437129,30.64879026437129,30.19901253439101,7.506782862737155,7.396619175154948
2023-06-06,2023-04-01,2023-05-05,94321000000.0,385095000000.0,16097697500.0,5.859285155532336,5.859285155532336,179.2100067138672,176.580078125,30.585643462779267,30.585643462779267,30.136795434554525,7.4913163688253634,7.381380392325575
2023-06-07,2023-04-01,2023-05-05,94321000000.0,385095000000.0,16097697500.0,5.859285155532336,5.859285155532336,177.82000732421875,175.21044921875,30.348413262720474,30.348413262720474,29.903041850304266,7.433211772038218,7.3241273201743695
2023-06-08,2023-04-01,2023-05-05,94321000000.0,385095000000.0,16097697500.0,5.859285155532336,5.859285155532336,180.57000732421875,177.92010498046875,30.817753792666085,30.817753792666085,30.365496858004363,7.548166960043775,7.437396042908449
2023-06-09,2023-04-01,2023-05-05,94321000000.0,385095000000.0,16097697500.0,5.859285155532336,5.859285155532336,180.9600067138672,178.3043975830078,30.884314709108292,30.884314709108292,30.431083801178858,7.564469670283445,7.453460198680821
2023-06-12,2023-04-01,2023-05-05,94321000000.0,385095000000.0,16097697500.0,5.859285155532336,5.859285155532336,183.7899932861328,181.0928497314453,31.367306490041422,31.367306490041422,30.906986931751813,7.68276844790817,7.570022759032869
2023-06-13,2023-04-01,2023-05-05,94321000000.0,385095000000.0,16097697500.0,5.859285155532336,5.859285155532336,183.30999755859375,180.61990356445312,31.285385963083307,31.285385963083307,30.82626954824205,7.662703720962309,7.550252717017199
2023-06-14,2023-04-01,2023-05-05,94321000000.0,385095000000.0,16097697500.0,5.859285155532336,5.859285155532336,183.9499969482422,181.25051879882812,31.39461420042966,31.39461420042966,30.933896198530533,7.689456902838848,7.576613623499652
2023-06-15,2023-04-01,2023-05-05,94321000000.0,385095000000.0,16097697500.0,5.859285155532336,5.859285155532336,186.00999450683594,183.28025817871094,31.74619250800677,31.74619250800677,31.280310364423507,7.775568687071259,7.661460558778456
2023-06-16,2023-04-01,2023-05-05,94321000000.0,385095000000.0,16097697500.0,5.859285155532336,5.859285155532336,184.9199981689453,182.2062530517578,31.560163613874277,31.560163613874277,31.097010678805876,7.730004783817591,7.616565118310154
2023-06-20,2023-04-01,2023-05-05,94321000000.0,385095000000.0,16097697500.0,5.859285155532336,5.859285155532336,185.00999450683594,182.294921875,31.575523224390185,31.575523224390185,31.112143723347746,7.733766800523784,7.620271642399623
2023-06-21,2023-04-01,2023-05-05,94321000000.0,385095000000.0,16097697500.0,5.859285155532336,5.859285155532336,183.9600067138672,181.26034545898438,31.396322559958048,31.396322559958048,30.935573307579745,7.68987532992587,7.577024396432644
2023-06-22,2023-04-01,2023-05-05,94321000000.0,385095000000.0,16097697500.0,5.859285155532336,5.859285155532336,187.0,184.25572204589844,31.915156036301568,31.915156036301568,31.446792083830264,7.8169527843778805,7.70223678868579
2023-06-23,2023-04-01,2023-05-05,94321000000.0,385095000000.0,16097697500.0,5.859285155532336,5.859285155532336,186.67999267578125,183.94044494628906,31.860540615525093,31.860540615525093,31.392983967099216,7.803575874516528,7.689057611136902
2023-06-26,2023-04-01,2023-05-05,94321000000.0,385095000000.0,16097697500.0,5.859285155532336,5.859285155532336,185.27000427246094,182.55113220214844,31.61989890482272,31.61989890482272,31.155870956337342,7.7446356992476755,7.630981717427374
2023-06-27,2023-04-01,2023-05-05,94321000000.0,385095000000.0,16097697500.0,5.859285155532336,5.859285155532336,188.05999755859375,185.3001708984375,32.09606506026209,32.09606506026209,31.62504742126727,7.861262682062817,7.745896721124268
2023-06-28,2023-04-01,2023-05-05,94321000000.0,385095000000.0,16097697500.0,5.859285155532336,5.859285155532336,189.25,186.47271728515625,32.299161924438884,32.299161924438884,31.825165073095775,7.9110070291097,7.794911372153538
2023-06-29,2023-04-01,2023-05-05,94321000000.0,385095000000.0,16097697500.0,5.859285155532336,5.859285155532336,189.58999633789062,186.80772399902344,32.357188855858944,32.357188855858944,31.882340428958234,7.925219517452762,7.808915284799256
2023-06-30,2023-04-01,2023-05-05,94321000000.0,385095000000.0,16097697500.0,5.859285155532336,5.859285155532336,193.97000122070312,191.1234588623047,33.104721151445695,33.104721151445695,32.61890380635357,8.108311984641478,7.9893211439231235
2023-07-03,2023-04-01,2023-05-05,94321000000.0,385095000000.0,16097697500.0,5.859285155532336,5.859285155532336,192.4600067138672,189.6356201171875,32.84701147069903,32.84701147069903,32.36497543358742,8.045191365579411,7.927126677498796
2023-07-05,2023-04-01,2023-05-05,94321000000.0,385095000000.0,16097697500.0,5.859285155532336,5.859285155532336,191.3300018310547,188.52220153808594,32.65415434686617,32.65415434686617,32.174949082326755,7.997955029669989,7.8805836803753415
2023-07-06,2023-04-01,2023-05-05,94321000000.0,385095000000.0,16097697500.0,5.859285155532336,5.859285155532336,191.80999755859375,188.9951629638672,32.736074873824286,32.736074873824286,32.255669070043126,8.01801975661585,7.900354360237182
2023-07-07,2023-04-01,2023-05-05,94321000000.0,385095000000.0,16097697500.0,5.859285155532336,5.859285155532336,190.67999267578125,187.8817138671875,32.543217749991435,32.543217749991435,32.065637510369264,7.97078342070643,7.8538100874213885
2023-07-10,2023-04-01,2023-05-05,94321000000.0,385095000000.0,16097697500.0,5.859285155532336,5.859285155532336,188.61000061035156,185.84214782714844,32.189933687092534,32.189933687092534,31.717546235427083,7.884253847233163,7.768552379209591
2023-07-11,2023-04-01,2023-05-05,94321000000.0,385095000000.0,16097697500.0,5.859285155532336,5.859285155532336,188.0800018310547,185.3199005126953,32.09947917511227,32.09947917511227,31.628414660398683,7.862098898390695,7.746721456221098
2023-07-12,2023-04-01,2023-05-05,94321000000.0,385095000000.0,16097697500.0,5.859285155532336,5.859285155532336,189.77000427246094,186.98509216308594,32.38791068109736,32.38791068109736,31.91261172645517,7.932744188711315,7.8163296086705305
2023-07-13,2023-04-01,2023-05-05,94321000000.0,385095000000.0,16097697500.0,5.859285155532336,5.859285155532336,190.5399932861328,187.74378967285156,32.51932415445338,32.51932415445338,32.042098086928554,7.964931182103628,7.848044595897606
2023-07-14,2023-04-01,2023-05-05,94321000000.0,385095000000.0,16097697500.0,5.859285155532336,5.859285155532336,190.69000244140625,187.89158630371094,32.54492610951982,32.54492610951982,32.067322432038274,7.971201847793452,7.8542227738928885
2023-07-17,2023-04-01,2023-05-05,94321000000.0,385095000000.0,16097697500.0,5.859285155532336,5.859285155532336,193.99000549316406,191.14320373535156,33.108135266295875,33.108135266295875,32.62227364969158,8.109148200969354,7.9901465168661225
2023-07-18,2023-04-01,2023-05-05,94321000000.0,385095000000.0,16097697500.0,5.859285155532336,5.859285155532336,193.72999572753906,190.886962890625,33.063759585863345,33.063759585863345,32.57854120828879,8.098279302245462,7.979435166146033
2023-07-19,2023-04-01,2023-05-05,94321000000.0,385095000000.0,16097697500.0,5.859285155532336,5.859285155532336,195.10000610351562,192.2368927001953,33.29757827527855,33.29757827527855,32.80893276182083,8.1555483205509,8.035864778892746
2023-07-20,2023-04-01,2023-05-05,94321000000.0,385095000000.0,16097697500.0,5.859285155532336,5.859285155532336,193.1300048828125,190.2958221435547,32.96135957821735,32.96135957821735,32.47765164046972,8.073198553024678,7.954724367703411
2023-07-21,2023-04-01,2023-05-05,94321000000.0,385095000000.0,16097697500.0,5.859285155532336,5.859285155532336,191.94000244140625,189.12326049804688,32.758262714040555,32.758262714040555,32.277531384434624,8.023454205977796,7.905709078827972
2023-07-24,2023-04-01,2023-05-05,94321000000.0,385095000000.0,16097697500.0,5.859285155532336,5.859285155532336,192.75,189.92135620117188,32.896504417096935,32.896504417096935,32.41374180634444,8.057313632025863,7.93907098486403
2023-07-25,2023-04-01,2023-05-05,94321000000.0,385095000000.0,16097697500.0,5.859285155532336,5.859285155532336,193.6199951171875,190.77857971191406,33.044985860497256,33.044985860497256,32.560043528822106,8.093681069211392,7.974904544805905
2023-07-26,2023-04-01,2023-05-05,94321000000.0,385095000000.0,16097697500.0,5.859285155532336,5.859285155532336,194.5,191.64566040039062,33.195175663425964,33.195175663425964,32.708027568762176,8.130466933483946,8.011150153373109
2023-07-27,2023-04-01,2023-05-05,94321000000.0,385095000000.0,16097697500.0,5.859285155532336,5.859285155532336,193.22000122070312,190.3844757080078,32.976719188733256,32.976719188733256,32.492782080805,8.07696056973087,7.958430253946709
2023-07-28,2023-04-01,2023-05-05,94321000000.0,385095000000.0,16097697500.0,5.859285155532336,5.859285155532336,195.8300018310547,192.9561309814453,33.42216612314081,33.42216612314081,32.93168464403139,8.18606351913363,8.06593029592616
2023-07-31,2023-04-01,2023-05-05,94321000000.0,385095000000.0,16097697500.0,5.859285155532336,5.859285155532336,196.4499969482422,193.5670623779297,33.52798024563698,33.52798024563698,33.03595186780826,8.21198048468229,8.09146838085029
2023-08-01,2023-04-01,2023-05-05,94321000000.0,385095000000.0,16097697500.0,5.859285155532336,5.859285155532336,195.61000061035156,192.7393798828125,33.384618672408635,33.384618672408635,32.89469188930462,8.17686705306549,8.056869691092071
2023-08-02,2023-04-01,2023-05-05,94321000000.0,385095000000.0,16097697500.0,5.859285155532336,5.859285155532336,192.5800018310547,189.75387573242188,32.867490951386905,32.867490951386905,32.385158034723105,8.050207387854334,7.9320699853104255
2023-08-03,2023-04-01,2023-05-05,94321000000.0,385095000000.0,16097697500.0,5.859285155532336,5.859285155532336,191.1699981689453,188.36456298828125,32.626846636477936,32.626846636477936,32.14804502396124,7.991266574739312,7.873994091600898
2023-08-04,2023-07-01,2023-08-04,94760000000.0,383933000000.0,15975902000.0,5.931433480250442,5.931433480250442,181.99000549316406,179.31924438476562,30.6822973062289,30.6822973062289,30.232024852311795,7.572817373703878,7.461683874543386
2023-08-07,2023-07-01,2023-08-04,94760000000.0,383933000000.0,15975902000.0,5.931433480250442,5.931433480250442,178.85000610351562,176.225341796875,30.15291441757247,30.15291441757247,29.710413576017086,7.442158319834887,7.332942962609046
2023-08-08,2023-07-01,2023-08-04,94760000000.0,383933000000.0,15975902000.0,5.931433480250442,5.931433480250442,179.8000030517578,177.16140747070312,30.313077547009115,30.313077547009115,29.868227985795915,7.481688806001526,7.371893752123472
2023-08-09,2023-07-01,2023-08-04,94760000000.0,383933000000.0,15975902000.0,5.931433480250442,5.931433480250442,178.19000244140625,175.57504272460938,30.041642215952585,30.041642215952585,29.600777503315452,7.414694794101228,7.305883256230051
2023-08-10,2023-07-01,2023-08-04,94760000000.0,383933000000.0,15975902000.0,5.931433480250442,5.931433480250442,177.97000122070312,175.3582305908203,30.00455148207929,30.00455148207929,29.564224428159005,7.405540285523343,7.296861449295444
2023-08-11,2023-07-01,2023-08-04,94760000000.0,383933000000.0,15975902000.0,5.931433480250442,5.931433480250442,177.7899932861328,175.41746520996094,29.974203348669437,29.974203348669437,29.57421098863176,7.398049944443213,7.29932627120551
2023-08-14,2023-07-01,2023-08-04,94760000000.0,383933000000.0,15975902000.0,5.931433480250442,5.931433480250442,179.4600067138672,177.06517028808594,30.255756439215748,30.255756439215748,29.852003040689876,7.46754115999428,7.367889210189727
2023-08-15,2023-07-01,2023-08-04,94760000000.0,383933000000.0,15975902000.0,5.931433480250442,5.931433480250442,177.4499969482422,175.08201599121094,29.916882240876067,29.916882240876067,29.517656494702603,7.383902298435967,7.285367836153752
2023-08-16,2023-07-01,2023-08-04,94760000000.0,383933000000.0,15975902000.0,5.931433480250442,5.931433480250442,176.57000732421875,174.21377563476562,29.768521877912633,29.768521877912633,29.371276979643344,7.347284899060516,7.249239337569325
2023-08-17,2023-07-01,2023-08-04,94760000000.0,383933000000.0,15975902000.0,5.931433480250442,5.931433480250442,174.0,171.67803955078125,29.33523583790629,29.33523583790629,28.943768841445813,7.240343882917071,7.143724387889047
2023-08-18,2023-07-01,2023-08-04,94760000000.0,383933000000.0,15975902000.0,5.931433480250442,5.931433480250442,174.49000549316406,172.1614990234375,29.417847485629494,29.417847485629494,29.025276873908116,7.260733585647108,7.163841703035512
2023-08-21,2023-07-01,2023-08-04,94760000000.0,383933000000.0,15975902000.0,5.931433480250442,5.931433480250442,175.83999633789062,173.49349975585938,29.64544690981954,29.64544690981954,29.249843285528,7.3169082865356705,7.219267814271327
2023-08-22,2023-07-01,2023-08-04,94760000000.0,383933000000.0,15975902000.0,5.931433480250442,5.931433480250442,177.22999572753906,174.86492919921875,29.87979150700277,29.87979150700277,29.481057114010735,7.374747789858082,7.276334600369484
2023-08-23,2023-07-01,2023-08-04,94760000000.0,383933000000.0,15975902000.0,5.931433480250442,5.931433480250442,181.1199951171875,178.70303344726562,30.535619377719144,30.535619377719144,30.128135811062027,7.536615222532749,7.436042615394451
2023-08-24,2023-07-01,2023-08-04,94760000000.0,383933000000.0,15975902000.0,5.931433480250442,5.931433480250442,176.3800048828125,174.02627563476562,29.736488737519355,29.736488737519355,29.33966573412836,7.33937867483997,7.241437242867905
2023-08-25,2023-07-01,2023-08-04,94760000000.0,383933000000.0,15975902000.0,5.931433480250442,5.931433480250442,178.61000061035156,176.22650146484375,30.112451097202584,30.112451097202584,29.710609088277756,7.432171410040077,7.332991217752056
2023-08-28,2023-07-01,2023-08-04,94760000000.0,383933000000.0,15975902000.0,5.931433480250442,5.931433480250442,180.19000244140625,177.7854461669922,30.378828834779092,30.378828834779092,29.973436734805222,7.497917137583034,7.397860733487724
2023-08-29,2023-07-01,2023-08-04,94760000000.0,383933000000.0,15975902000.0,5.931433480250442,5.931433480250442,184.1199951171875,181.66297912597656,31.041399305958908,31.041399305958908,30.627162848719365,7.661448737755458,7.5592094233750355
2023-08-30,2023-07-01,2023-08-04,94760000000.0,383933000000.0,15975902000.0,5.931433480250442,5.931433480250442,187.64999389648438,185.1458740234375,31.636533482385314,31.636533482385314,31.214355625820843,7.808336123205956,7.704136761108796
2023-08-31,2023-07-01,2023-08-04,94760000000.0,383933000000.0,15975902000.0,5.931433480250442,5.931433480250442,187.8699951171875,185.36293029785156,31.67362421625861,31.67362421625861,31.250949861453222,7.817490631783842,7.71316872702088
2023-09-01,2023-07-01,2023-08-04,94760000000.0,383933000000.0,15975902000.0,5.931433480250442,5.931433480250442,189.4600067138672,186.93174743652344,31.941689533348292,31.941689533348292,31.515441934726148,7.883652877403307,7.778449046408226
2023-09-05,2023-07-01,2023-08-04,94760000000.0,383933000000.0,15975902000.0,5.931433480250442,5.931433480250442,189.6999969482422,187.1685333251953,31.982150281188435,31.982150281188435,31.555362451319695,7.893639152262025,7.788301984687575
2023-09-06,2023-07-01,2023-08-04,94760000000.0,383933000000.0,15975902000.0,5.931433480250442,5.931433480250442,182.91000366210938,180.46914672851562,30.837402842185526,30.837402842185526,30.425890693946666,7.611099575513177,7.509532658454434
2023-09-07,2023-07-01,2023-08-04,94760000000.0,383933000000.0,15975902000.0,5.931433480250442,5.931433480250442,177.55999755859375,175.19053649902344,29.935427607812716,29.935427607812716,29.53595232625392,7.3884795527249105,7.289883501641748
2023-09-08,2023-07-01,2023-08-04,94760000000.0,383933000000.0,15975902000.0,5.931433480250442,5.931433480250442,178.17999267578125,175.80224609375,30.039954636439415,30.039954636439415,29.63908247122871,7.414278276024721,7.3153374546434735
2023-09-11,2023-07-01,2023-08-04,94760000000.0,383933000000.0,15975902000.0,5.931433480250442,5.931433480250442,179.36000061035156,176.96649169921875,30.238896079262524,30.238896079262524,29.835366490824526,7.463379788845755,7.363783078481225
2023-09-12,2023-07-01,2023-08-04,94760000000.0,383933000000.0,15975902000.0,5.931433480250442,5.931433480250442,176.3000030517578,173.94737243652344,29.723000964062724,29.723000964062724,29.32636318281342,7.336049704908366,7.238153988334942
2023-09-13,2023-07-01,2023-08-04,94760000000.0,383933000000.0,15975902000.0,5.931433480250442,5.931433480250442,174.2100067138672,171.88525390625,29.37064156479616,29.37064156479616,28.978703795392224,7.249082508354541,7.152346820021637
2023-09-14,2023-07-01,2023-08-04,94760000000.0,383933000000.0,15975902000.0,5.931433480250442,5.931433480250442,175.74000549316406,173.39483642578125,29.62858912239606,29.62858912239606,29.233209308192396,7.312747550323236,7.215162317498916
2023-09-15,2023-07-01,2023-08-04,94760000000.0,383933000000.0,15975902000.0,5.931433480250442,5.931433480250442,175.00999450683594,172.67454528808594,29.50551415430297,29.50551415430297,29.111773041547305,7.282370937798389,7.185190159264826
2023-09-18,2023-07-01,2023-08-04,94760000000.0,383933000000.0,15975902000.0,5.931433480250442,5.931433480250442,177.97000122070312,175.59503173828125,30.00455148207929,30.00455148207929,29.6041475172823,7.405540285523343,7.3067150225108835
2023-09-19,2023-07-01,2023-08-04,94760000000.0,383933000000.0,15975902000.0,5.931433480250442,5.931433480250442,179.07000732421875,176.6803741455078,30.190005151445767,30.190005151445767,29.787128985563175,7.451312828412773,7.351877391815673
2023-09-20,2023-07-01,2023-08-04,94760000000.0,383933000000.0,15975902000.0,5.931433480250442,5.931433480250442,175.49000549316406,173.14816284179688,29.586440795042748,29.586440795042748,29.19162179232364,7.302344757388011,7.204897940631799
2023-09-21,2023-07-01,2023-08-04,94760000000.0,383933000000.0,15975902000.0,5.931433480250442,5.931433480250442,173.92999267578125,171.6089630126953,29.323433071433083,29.323433071433083,28.932122999287095,7.237430796125884,7.140850032199486
2023-09-22,2023-07-01,2023-08-04,94760000000.0,383933000000.0,15975902000.0,5.931433480250442,5.931433480250442,174.7899932861328,172.45745849609375,29.468423420429673,29.468423420429673,29.075173660855437,7.273216429220505,7.1761569234805584
2023-09-25,2023-07-01,2023-08-04,94760000000.0,383933000000.0,15975902000.0,5.931433480250442,5.931433480250442,176.0800018310547,173.7302703857422,29.685910230189428,29.685910230189428,29.289761229591804,7.326895196330479,7.229120117614581
2023-09-26,2023-07-01,2023-08-04,94760000000.0,383933000000.0,15975902000.0,5.931433480250442,5.931433480250442,171.9600067138672,169.6652374267578,28.99130661861634,28.99130661861634,28.604423870162673,7.15545737193751,7.059969333025854
2023-09-27,2023-07-01,2023-08-04,94760000000.0,383933000000.0,15975902000.0,5.931433480250442,5.931433480250442,170.42999267578125,168.1556854248047,28.73335648848669,28.73335648848669,28.349923502421994,7.091791695032724,6.997155105420758
2023-09-28,2023-07-01,2023-08-04,94760000000.0,383933000000.0,15975902000.0,5.931433480250442,5.931433480250442,170.69000244140625,168.41221618652344,28.777192395353175,28.777192395353175,28.393172872506458,7.102611006044458,7.007829651003461
2023-09-29,2023-07-01,2023-08-04,94760000000.0,383933000000.0,15975902000.0,5.931433480250442,5.931433480250442,171.2100067138672,168.92526245117188,28.864861636556398,28.864861636556398,28.479669040145648,7.1242489931318325,7.029178107232776
2023-10-02,2023-07-01,2023-08-04,94760000000.0,383933000000.0,15975902000.0,5.931433480250442,5.931433480250442,173.75,171.4313507080078,29.293087510552976,29.293087510552976,28.902178753047313,7.229941089981846,7.133459376085837
2023-10-03,2023-07-01,2023-08-04,94760000000.0,383933000000.0,15975902000.0,5.931433480250442,5.931433480250442,172.39999389648438,170.09939575195312,29.065485513833185,29.065485513833185,28.677620059016668,7.17376575415719,7.078035169658298
2023-10-04,2023-07-01,2023-08-04,94760000000.0,383933000000.0,15975902000.0,5.931433480250442,5.931433480250442,173.66000366210938,171.3425750732422,29.277914730112922,29.277914730112922,28.887211774986913,7.226196236909827,7.129765317901196
2023-10-05,2023-07-01,2023-08-04,94760000000.0,383933000000.0,15975902000.0,5.931433480250442,5.931433480250442,174.91000366210938,172.57589721679688,29.48865636687949,29.48865636687949,29.09514163674145,7.278210201585955,7.181085297428509
2023-10-06,2023-07-01,2023-08-04,94760000000.0,383933000000.0,15975902000.0,5.931433480250442,5.931433480250442,177.49000549316406,175.1214599609375,29.923627413869255,29.923627413869255,29.524306484095202,7.385567100869816,7.2870091459521875
2023-10-09,2023-07-01,2023-08-04,94760000000.0,383933000000.0,15975902000.0,5.931433480250442,5.931433480250442,178.99000549316406,176.60147094726562,30.17651737798914,30.17651737798914,29.773826434248235,7.4479838584811695,7.34859413728271
2023-10-10,2023-07-01,2023-08-04,94760000000.0,383933000000.0,15975902000.0,5.931433480250442,5.931433480250442,178.38999938964844,176.0094451904297,30.07536036332929,30.07536036332929,29.674014852645378,7.42301690146219,7.323959251839971
2023-10-11,2023-07-01,2023-08-04,94760000000.0,383933000000.0,15975902000.0,5.931433480250442,5.931433480250442,179.8000030517578,177.40061950683594,30.313077547009115,30.313077547009115,29.908557534619028,7.481688806001526,7.381847645241485
2023-10-12,2023-07-01,2023-08-04,94760000000.0,383933000000.0,15975902000.0,5.931433480250442,5.931433480250442,180.7100067138672,178.2985076904297,30.466498075982315,30.466498075982315,30.059935474974157,7.519555124670409,7.419209824653132
2023-10-13,2023-07-01,2023-08-04,94760000000.0,383933000000.0,15975902000.0,5.931433480250442,5.931433480250442,178.85000610351562,176.46331787109375,30.15291441757247,30.15291441757247,29.750534749930797,7.442158319834887,7.3428454259035885
2023-10-16,2023-07-01,2023-08-04,94760000000.0,383933000000.0,15975902000.0,5.931433480250442,5.931433480250442,178.72000122070312,176.33505249023438,30.13099646413923,30.13099646413923,29.728910064888563,7.43674866432902,7.337508153112236
2023-10-17,2023-07-01,2023-08-04,94760000000.0,383933000000.0,15975902000.0,5.931433480250442,5.931433480250442,177.14999389648438,174.78599548339844,29.866303733546143,29.866303733546143,29.467749417636302,7.371418819926478,7.2730500759643375
2023-10-18,2023-07-01,2023-08-04,94760000000.0,383933000000.0,15975902000.0,5.931433480250442,5.931433480250442,175.83999633789062,173.49349975585938,29.64544690981954,29.64544690981954,29.249843285528,7.3169082865356705,7.219267814271327
2023-10-19,2023-07-01,2023-08-04,94760000000.0,383933000000.0,15975902000.0,5.931433480250442,5.931433480250442,175.4600067138672,173.1185760498047,29.58138320156273,29.58138320156273,29.186633657146757,7.301096473030669,7.203666799548949
2023-10-20,2023-07-01,2023-08-04,94760000000.0,383933000000.0,15975902000.0,5.931433480250442,5.931433480250442,172.8800048828125,170.57301330566406,29.146412154572964,29.146412154572964,28.757468809793004,7.19373957374681,7.097742951025271
2023-10-23,2023-07-01,2023-08-04,94760000000.0,383933000000.0,15975902000.0,5.931433480250442,5.931433480250442,173.0,170.69137573242188,29.166642528493036,29.166642528493036,28.777423923030288,7.198732711176169,7.10266815029276
2023-10-24,2023-07-01,2023-08-04,94760000000.0,383933000000.0,15975902000.0,5.931433480250442,5.931433480250442,173.44000244140625,171.12551879882812,29.240823996239627,29.240823996239627,28.850617539354534,7.217041728331941,7.120733351989112
2023-10-25,2023-07-01,2023-08-04,94760000000.0,383933000000.0,15975902000.0,5.931433480250442,5.931433480250442,171.10000610351562,168.81675720214844,28.84631626961975,28.84631626961975,28.461375781124076,7.11967173884289,7.024663076680873
2023-10-26,2023-07-01,2023-08-04,94760000000.0,383933000000.0,15975902000.0,5.931433480250442,5.931433480250442,166.88999938964844,164.66290283203125,28.13653730507686,28.13653730507686,27.76106372604531,6.944488426441809,6.851816329099227
2023-10-27,2023-07-01,2023-08-04,94760000000.0,383933000000.0,15975902000.0,5.931433480250442,5.931433480250442,168.22000122070312,165.97515869140625,28.36076671530006,28.36076671530006,27.982301284174277,6.999831361049541,6.906420833031686
2023-10-30,2023-07-01,2023-08-04,94760000000.0,383933000000.0,15975902000.0,5.931433480250442,5.931433480250442,170.2899932861328,168.01756286621094,28.709753528070028,28.709753528070028,28.326636963164045,7.0859661563864424,6.9914076639138205
2023-10-31,2023-07-01,2023-08-04,94760000000.0,383933000000.0,15975902000.0,5.931433480250442,5.931433480250442,170.77000427246094,168.4911346435547,28.790680168809807,28.790680168809807,28.406477996351146,7.105939975976061,7.011113540472516
2023-11-01,2023-07-01,2023-08-04,94760000000.0,383933000000.0,15975902000.0,5.931433480250442,5.931433480250442,173.97000122070312,171.64842224121094,29.33017824442627,29.33017824442627,28.938775561209436,7.239095598559731,7.1424919769340125
2023-11-02,2023-07-01,2023-08-04,94760000000.0,383933000000.0,15975902000.0,5.931433480250442,5.931433480250442,177.57000732421875,175.20040893554688,29.937115187325887,29.937115187325887,29.53761675299938,7.388896070801419,7.290294305293426
2023-11-03,2023-09-30,2023-11-03,96995000000.0,383285000000.0,15847584000.0,6.120491300124991,6.120491300124991,176.64999389648438,174.29266357421875,28.862061104943795,28.862061104943795,28.476907331060072,7.303900796728344,7.20643288043146
2023-11-06,2023-09-30,2023-11-03,96995000000.0,383285000000.0,15847584000.0,6.120491300124991,6.120491300124991,179.22999572753906,176.83822631835938,29.28359619167809,29.28359619167809,28.89281556772216,7.410575453283631,7.31168359312577
2023-11-07,2023-09-30,2023-11-03,96995000000.0,383285000000.0,15847584000.0,6.120491300124991,6.120491300124991,181.82000732421875,179.3937225341797,29.706766729740416,29.706766729740416,29.310346790382034,7.517663980983268,7.417345022458759
2023-11-08,2023-09-30,2023-11-03,96995000000.0,383285000000.0,15847584000.0,6.120491300124991,6.120491300124991,182.88999938964844,180.4494171142578,29.881588000282512,29.881588000282512,29.482832058036376,7.561904661250511,7.460994548362806
2023-11-09,2023-09-30,2023-11-03,96995000000.0,383285000000.0,15847584000.0,6.120491300124991,6.120491300124991,182.41000366210938,179.97581481933594,29.80316362158447,29.80316362158447,29.405452274012795,7.5420584042568475,7.441412638944574
2023-11-10,2023-09-30,2023-11-03,96995000000.0,383285000000.0,15847584000.0,6.120491300124991,6.120491300124991,186.39999389648438,184.15484619140625,30.455070476560888,30.455070476560888,30.088245724268162,7.7070314801623425,7.614201949007633
2023-11-13,2023-09-30,2023-11-03,96995000000.0,383285000000.0,15847584000.0,6.120491300124991,6.120491300124991,184.8000030517578,182.57412719726562,30.19365504987874,30.19365504987874,29.829979040005686,7.640877079883085,7.548844376861478
2023-11-14,2023-09-30,2023-11-03,96995000000.0,383285000000.0,15847584000.0,6.120491300124991,6.120491300124991,187.44000244140625,185.18231201171875,30.62499287231703,30.62499287231703,30.25611881973217,7.750032439699938,7.656684307812521
2023-11-15,2023-09-30,2023-11-03,96995000000.0,383285000000.0,15847584000.0,6.120491300124991,6.120491300124991,188.00999450683594,185.74546813964844,30.71812135457107,30.71812135457107,30.348130408396333,7.773599751585951,7.679968975990196
2023-11-16,2023-09-30,2023-11-03,96995000000.0,383285000000.0,15847584000.0,6.120491300124991,6.120491300124991,189.7100067138672,187.4250030517578,30.9958788292033,30.9958788292033,30.62254218839103,7.843889708803043,7.749412263884546
2023-11-17,2023-09-30,2023-11-03,96995000000.0,383285000000.0,15847584000.0,6.120491300124991,6.120491300124991,189.69000244140625,187.40525817871094,30.992610419613285,30.992610419613285,30.619316160923844,7.843062597415476,7.7485958778162685
2023-11-20,2023-09-30,2023-11-03,96995000000.0,383285000000.0,15847584000.0,6.120491300124991,6.120491300124991,191.4499969482422,189.14404296875,31.280168136883464,31.280168136883464,30.903408516386154,7.915832626992999,7.820488954816586
2023-11-21,2023-09-30,2023-11-03,96995000000.0,383285000000.0,15847584000.0,6.120491300124991,6.120491300124991,190.63999938964844,188.3437957763672,31.14782621874738,31.14782621874738,30.772659667455272,7.882341871159587,7.787401344808234
2023-11-22,2023-09-30,2023-11-03,96995000000.0,383285000000.0,15847584000.0,6.120491300124991,6.120491300124991,191.30999755859375,189.0057373046875,31.25729425588545,31.25729425588545,30.88081136571956,7.9100441090823,7.814770466931836
2023-11-24,2023-09-30,2023-11-03,96995000000.0,383285000000.0,15847584000.0,6.120491300124991,6.120491300124991,189.97000122070312,187.681884765625,31.03835818160931,31.03835818160931,30.664512955323083,7.854639633236874,7.760033484486903
2023-11-27,2023-09-30,2023-11-03,96995000000.0,383285000000.0,15847584000.0,6.120491300124991,6.120491300124991,189.7899932861328,187.50404357910156,31.008947481431267,31.008947481431267,30.63545627052397,7.847196892551041,7.752680331762194
2023-11-28,2023-09-30,2023-11-03,96995000000.0,383285000000.0,15847584000.0,6.120491300124991,6.120491300124991,190.39999389648438,188.106689453125,31.108612782865336,31.108612782865336,30.733919914122506,7.872418427212188,7.777597772076425
2023-11-29,2023-09-30,2023-11-03,96995000000.0,383285000000.0,15847584000.0,6.120491300124991,6.120491300124991,189.3699951171875,187.08909606933594,30.940325838437225,30.940325838437225,30.567659832392092,7.829831338818943,7.7355236063056765
2023-11-30,2023-09-30,2023-11-03,96995000000.0,383285000000.0,15847584000.0,6.120491300124991,6.120491300124991,189.9499969482422,187.66207885742188,31.035089772019294,31.035089772019294,30.661276955591703,7.853812521849307,7.759214574814087
2023-12-01,2023-09-30,2023-11-03,96995000000.0,383285000000.0,15847584000.0,6.120491300124991,6.120491300124991,191.24000549316406,188.9365692138672,31.245858561919466,31.245858561919466,30.869510297320215,7.907150165577518,7.811910592088326
2023-12-04,2023-09-30,2023-11-03,96995000000.0,383285000000.0,15847584000.0,6.120491300124991,6.120491300124991,189.42999267578125,187.1483612060547,30.950128574141225,30.950128574141225,30.577342900925746,7.83231204208051,7.737974026312777
2023-12-05,2023-09-30,2023-11-03,96995000000.0,383285000000.0,15847584000.0,6.120491300124991,6.120491300124991,193.4199981689453,191.09030151367188,31.602037922183687,31.602037922183687,31.2213990909144,7.997285748887139,7.900960394545161
2023-12-06,2023-09-30,2023-11-03,96995000000.0,383285000000.0,15847584000.0,6.120491300124991,6.120491300124991,192.32000732421875,190.0035858154297,31.422315283789594,31.422315283789594,31.043845419982787,7.951804716989113,7.856028246634307
2023-12-07,2023-09-30,2023-11-03,96995000000.0,383285000000.0,15847584000.0,6.120491300124991,6.120491300124991,194.27000427246094,191.93006896972656,31.740916659499803,31.740916659499803,31.35860498091175,8.032430727495685,7.935682038492336
2023-12-08,2023-09-30,2023-11-03,96995000000.0,383285000000.0,15847584000.0,6.120491300124991,6.120491300124991,195.7100067138672,193.3527374267578,31.976192288659973,31.976192288659973,31.591048487040446,8.091970129377811,7.994504736685465
2023-12-11,2023-09-30,2023-11-03,96995000000.0,383285000000.0,15847584000.0,6.120491300124991,6.120491300124991,193.17999267578125,190.85317993164062,31.562824486301643,31.562824486301643,31.18265684451558,7.987362304939739,7.891156190912217
2023-12-12,2023-09-30,2023-11-03,96995000000.0,383285000000.0,15847584000.0,6.120491300124991,6.120491300124991,194.7100067138672,192.3647918701172,31.812806712083862,31.812806712083862,31.42963243264291,8.05062339261535,7.953656411819401
2023-12-13,2023-09-30,2023-11-03,96995000000.0,383285000000.0,15847584000.0,6.120491300124991,6.120491300124991,197.9600067138672,195.5756378173828,32.34380983595622,32.34380983595622,31.95423834903398,8.185000287093349,8.086414413985809
2023-12-14,2023-09-30,2023-11-03,96995000000.0,383285000000.0,15847584000.0,6.120491300124991,6.120491300124991,198.11000061035156,195.72378540039062,32.36831667521622,32.36831667521622,31.978443527302066,8.191202045247264,8.092539833102428
2023-12-15,2023-09-30,2023-11-03,96995000000.0,383285000000.0,15847584000.0,6.120491300124991,6.120491300124991,197.57000732421875,195.19032287597656,32.28008956081418,32.28008956081418,31.891283445168927,8.168875084992035,8.070482898532841
2023-12-18,2023-09-30,2023-11-03,96995000000.0,383285000000.0,15847584000.0,6.120491300124991,6.120491300124991,195.88999938964844,193.5305633544922,32.00560049577197,32.00560049577197,31.62010267877351,8.09941223916251,8.001857258509038
2023-12-19,2023-09-30,2023-11-03,96995000000.0,383285000000.0,15847584000.0,6.120491300124991,6.120491300124991,196.94000244140625,194.56790161132812,32.1771558497901,32.1771558497901,31.78958878797111,8.14282643894332,8.044747810348063
2023-12-20,2023-09-30,2023-11-03,96995000000.0,383285000000.0,15847584000.0,6.120491300124991,6.120491300124991,194.8300018310547,192.48329162597656,31.832412183491858,31.832412183491858,31.448993583578122,8.055584799138481,7.958555990031335
2023-12-21,2023-09-30,2023-11-03,96995000000.0,383285000000.0,15847584000.0,6.120491300124991,6.120491300124991,194.67999267578125,192.3350830078125,31.807902851165814,31.807902851165814,31.424778433045837,8.049382410083432,7.952428047310177
2023-12-22,2023-09-30,2023-11-03,96995000000.0,383285000000.0,15847584000.0,6.120491300124991,6.120491300124991,193.60000610351562,191.26812744140625,31.631448622361734,31.631448622361734,31.25045328264746,8.004728489572972,7.908312916368735
2023-12-26,2023-09-30,2023-11-03,96995000000.0,383285000000.0,15847584000.0,6.120491300124991,6.120491300124991,193.0500030517578,190.72474670410156,31.54158605663166,31.54158605663166,31.161672707582582,7.9819876581733915,7.885845896061606
2023-12-27,2023-09-30,2023-11-03,96995000000.0,383285000000.0,15847584000.0,6.120491300124991,6.120491300124991,193.14999389648438,190.8235626220703,31.557923118449644,31.557923118449644,31.177817803314802,7.986121953308957,7.889931611809801
2023-12-28,2023-09-30,2023-11-03,96995000000.0,383285000000.0,15847584000.0,6.120491300124991,6.120491300124991,193.5800018310547,191.24839782714844,31.628180212771717,31.628180212771717,31.247229748246323,8.003901378185406,7.907497161201593
2023-12-29,2023-09-30,2023-11-03,96995000000.0,383285000000.0,15847584000.0,6.120491300124991,6.120491300124991,192.52999877929688,190.2110137939453,31.456624858753592,31.456624858753592,31.077736159850577,7.960487178404594,7.864604716659162
2024-01-02,2023-09-30,2023-11-03,96995000000.0,383285000000.0,15847584000.0,6.120491300124991,6.120491300124991,185.63999938964844,183.40403747558594,30.33089833586682,30.33089833586682,29.965574409335492,7.67560818734728,7.583158458675649
2024-01-03,2023-09-30,2023-11-03,96995000000.0,383285000000.0,15847584000.0,6.120491300124991,6.120491300124991,184.25,182.03074645996094,30.103792484148666,30.103792484148666,29.741198464940805,7.618136248483505,7.526377356554349
2024-01-04,2023-09-30,2023-11-03,96995000000.0,383285000000.0,15847584000.0,6.120491300124991,6.120491300124991,181.91000366210938,179.71893310546875,29.721470833296415,29.721470833296415,29.363481507080742,7.521385035875618,7.430791418342218
2024-01-05,2023-09-30,2023-11-03,96995000000.0,383285000000.0,15847584000.0,6.120491300124991,6.120491300124991,181.17999267578125,178.9977264404297,29.6021975673883,29.6021975673883,29.2456467402828,7.491201463790204,7.400971876211515
2024-01-08,2023-09-30,2023-11-03,96995000000.0,383285000000.0,15847584000.0,6.120491300124991,6.120491300124991,185.55999755859375,183.324951171875,30.317827190572807,30.317827190572807,29.952652848004405,7.672300372698147,7.579888498094597
2024-01-09,2023-09-30,2023-11-03,96995000000.0,383285000000.0,15847584000.0,6.120491300124991,6.120491300124991,185.13999938964844,182.9100341796875,30.249205547578764,30.249205547578764,29.884861396004624,7.6549348189660495,7.562733034440348
2024-01-10,2023-09-30,2023-11-03,96995000000.0,383285000000.0,15847584000.0,6.120491300124991,6.120491300124991,186.19000244140625,183.94740295410156,30.420760901596893,30.420760901596893,30.05435249133432,7.698349018746861,7.605624848081644
2024-01-11,2023-09-30,2023-11-03,96995000000.0,383285000000.0,15847584000.0,6.120491300124991,6.120491300124991,185.58999633789062,183.35462951660156,30.322728558424803,30.322728558424803,29.957501861469378,7.67354072432893,7.581115600801551
2024-01-12,2023-09-30,2023-11-03,96995000000.0,383285000000.0,15847584000.0,6.120491300124991,6.120491300124991,185.9199981689453,183.68063354492188,30.376646097862846,30.376646097862846,30.01076621760263,7.687185223168679,7.594594803544013
2024-01-16,2023-09-30,2023-11-03,96995000000.0,383285000000.0,15847584000.0,6.120491300124991,6.120491300124991,183.6300048828125,181.41822814941406,30.00249422445261,30.00249422445261,29.641121807608677,7.592501473579142,7.50105172320598
2024-01-17,2023-09-30,2023-11-03,96995000000.0,383285000000.0,15847584000.0,6.120491300124991,6.120491300124991,182.67999267578125,180.4796600341797,29.847275932252465,29.847275932252465,29.487773314945155,7.553221568933895,7.462244994411744
2024-01-18,2023-09-30,2023-11-03,96995000000.0,383285000000.0,15847584000.0,6.120491300124991,6.120491300124991,188.6300048828125,186.35801696777344,30.81942210733317,30.81942210733317,30.44821205186056,7.799235157391449,7.705295871140835
2024-01-19,2023-09-30,2023-11-03,96995000000.0,383285000000.0,15847584000.0,6.120491300124991,6.120491300124991,191.55999755859375,189.25270080566406,31.298140650029477,31.298140650029477,30.92116163971987,7.9203807932729156,7.82498160179665
2024-01-22,2023-09-30,2023-11-03,96995000000.0,383285000000.0,15847584000.0,6.120491300124991,6.120491300124991,193.88999938964844,191.55465698242188,31.678829342619746,31.678829342619746,31.29726807691239,8.016718765637586,7.920159977875777
2024-01-23,2023-09-30,2023-11-03,96995000000.0,383285000000.0,15847584000.0,6.120491300124991,6.120491300124991,195.17999267578125,192.82907104492188,31.88959563945387,31.88959563945387,31.505488953310657,8.070055778464662,7.972852840644343
2024-01-24,2023-09-30,2023-11-03,96995000000.0,383285000000.0,15847584000.0,6.120491300124991,6.120491300124991,194.5,192.1572723388672,31.778494644053815,31.778494644053815,31.395726734378826,8.041940300298734,7.945076156387739
2024-01-25,2023-09-30,2023-11-03,96995000000.0,383285000000.0,15847584000.0,6.120491300124991,6.120491300124991,194.1699981689453,191.83128356933594,31.724577104615772,31.724577104615772,31.342464871311623,8.028295801458984,7.931597584546411
2024-01-26,2023-09-30,2023-11-03,96995000000.0,383285000000.0,15847584000.0,6.120491300124991,6.120491300124991,192.4199981689453,190.1023406982422,31.438652345607576,31.438652345607576,31.059980543450813,7.955939012124677,7.860111438777963
2024-01-29,2023-09-30,2023-11-03,96995000000.0,383285000000.0,15847584000.0,6.120491300124991,6.120491300124991,191.72999572753906,189.420654296875,31.32591589887949,31.32591589887949,30.94860281771934,7.927409662814398,7.831925930586085
2024-01-30,2023-09-30,2023-11-03,96995000000.0,383285000000.0,15847584000.0,6.120491300124991,6.120491300124991,188.0399932861328,185.77508544921875,30.72302272242307,30.72302272242307,30.35296944959711,7.774840103216734,7.681193555092612
2024-01-31,2023-09-30,2023-11-03,96995000000.0,383285000000.0,15847584000.0,6.120491300124991,6.120491300124991,184.39999389648438,182.17893981933594,30.128299323408662,30.128299323408662,29.76541112240704,7.624338006637419,7.532504668374372
2024-02-01,2023-09-30,2023-11-03,96995000000.0,383285000000.0,15847584000.0,6.120491300124991,6.120491300124991,186.86000061035156,184.6092987060547,30.53022893873496,30.53022893873496,30.16249671040046,7.726051256669574,7.63299207750184
2024-02-02,2023-12-30,2024-02-02,100913000000.0,385706000000.0,15752814750.0,6.4060297541428275,6.4060297541428275,185.85000610351562,183.61148071289062,29.011730078731688,29.011730078731688,28.66228971136884,7.590394542566231,7.498969789537533
2024-02-05,2023-12-30,2024-02-02,100913000000.0,385706000000.0,15752814750.0,6.4060297541428275,6.4060297541428275,187.67999267578125,185.41943359375,29.297396340441157,29.297396340441157,28.944516449340227,7.665133954107374,7.572809311891105
2024-02-06,2023-12-30,2024-02-02,100913000000.0,385706000000.0,15752814750.0,6.4060297541428275,6.4060297541428275,189.3000030517578,187.01992797851562,29.550284703148012,29.550284703148012,29.19435830868073,7.73129762111239,7.638175916381644
2024-02-07,2023-12-30,2024-02-02,100913000000.0,385706000000.0,15752814750.0,6.4060297541428275,6.4060297541428275,189.41000366210938,187.1285858154297,29.56745612048032,29.56745612048032,29.211320115148112,7.735790211938706,7.642613666315643
2024-02-08,2023-12-30,2024-02-02,100913000000.0,385706000000.0,15752814750.0,6.4060297541428275,6.4060297541428275,188.32000732421875,186.0517578125,29.397304500877596,29.397304500877596,29.043224111186642,7.691273117600092,7.598634386636914
2024-02-09,2023-12-30,2024-02-02,100913000000.0,385706000000.0,15752814750.0,6.4060297541428275,6.4060297541428275,188.85000610351562,186.8134307861328,29.480038862040082,29.480038862040082,29.1621234923736,7.712919067074536,7.629742259611977
2024-02-12,2023-12-30,2024-02-02,100913000000.0,385706000000.0,15752814750.0,6.4060297541428275,6.4060297541428275,187.14999389648438,185.1317596435547,29.214661979278674,29.214661979278674,28.899609703471732,7.643488004632931,7.561060273904069
2024-02-13,2023-12-30,2024-02-02,100913000000.0,385706000000.0,15752814750.0,6.4060297541428275,6.4060297541428275,185.0399932861328,183.0445098876953,28.885284706407436,28.885284706407436,28.57378390559598,7.5573123974677445,7.475813845948489
2024-02-14,2023-12-30,2024-02-02,100913000000.0,385706000000.0,15752814750.0,6.4060297541428275,6.4060297541428275,184.14999389648438,182.1641082763672,28.74635319597028,28.74635319597028,28.43635063645471,7.520963480124626,7.439856916347047
2024-02-15,2023-12-30,2024-02-02,100913000000.0,385706000000.0,15752814750.0,6.4060297541428275,6.4060297541428275,183.86000061035156,181.8772430419922,28.70108439497146,28.70108439497146,28.391570133493495,7.509119716959951,7.428140907533794
2024-02-16,2023-12-30,2024-02-02,100913000000.0,385706000000.0,15752814750.0,6.4060297541428275,6.4060297541428275,182.30999755859375,180.3439483642578,28.45912438054046,28.45912438054046,28.152218345165824,7.445815254658936,7.3655188404269545
2024-02-20,2023-12-30,2024-02-02,100913000000.0,385706000000.0,15752814750.0,6.4060297541428275,6.4060297541428275,181.55999755859375,179.60205078125,28.342047184713362,28.342047184713362,28.036405960353214,7.415184123531859,7.335218624229657
2024-02-21,2023-12-30,2024-02-02,100913000000.0,385706000000.0,15752814750.0,6.4060297541428275,6.4060297541428275,182.32000732421875,180.35382080078125,28.46068693426081,28.46068693426081,28.15375946141135,7.446224068583484,7.365922045623879
2024-02-22,2023-12-30,2024-02-02,100913000000.0,385706000000.0,15752814750.0,6.4060297541428275,6.4060297541428275,184.3699951171875,182.38172912597656,28.780696030634893,28.780696030634893,28.470321888222408,7.529948661777258,7.448744880054207
2024-02-23,2023-12-30,2024-02-02,100913000000.0,385706000000.0,15752814750.0,6.4060297541428275,6.4060297541428275,182.52000427246094,180.5516815185547,28.491907043426373,28.491907043426373,28.184646098746352,7.454392245578979,7.374002975745232
2024-02-26,2023-12-30,2024-02-02,100913000000.0,385706000000.0,15752814750.0,6.4060297541428275,6.4060297541428275,181.16000366210938,179.20635986328125,28.279606966382236,28.279606966382236,27.974637449566504,7.39884776954087,7.319058010370865
2024-02-27,2023-12-30,2024-02-02,100913000000.0,385706000000.0,15752814750.0,6.4060297541428275,6.4060297541428275,182.6300048828125,180.66049194335938,28.50907846075868,28.50907846075868,28.2016317246302,7.4588848364052955,7.378446957598813
2024-02-28,2023-12-30,2024-02-02,100913000000.0,385706000000.0,15752814750.0,6.4060297541428275,6.4060297541428275,181.4199981689453,179.4635467529297,28.320192870103302,28.320192870103302,28.01478507602455,7.409466337315818,7.329561910825513
2024-02-29,2023-12-30,2024-02-02,100913000000.0,385706000000.0,15752814750.0,6.4060297541428275,6.4060297541428275,180.75,178.80076599121094,28.21560419433076,28.21560419433076,27.911323058650975,7.3821026016253315,7.302492944931233
2024-03-01,2023-12-30,2024-02-02,100913000000.0,385706000000.0,15752814750.0,6.4060297541428275,6.4060297541428275,179.66000366210938,177.7225341796875,28.04545257472804,28.04545257472804,27.743007916057994,7.337585507286717,7.258456331592353
2024-03-04,2023-12-30,2024-02-02,100913000000.0,385706000000.0,15752814750.0,6.4060297541428275,6.4060297541428275,175.10000610351562,173.2117156982422,27.33362360520994,27.33362360520994,27.03885594446777,7.151348329744808,7.0742277017315685
2024-03-05,2023-12-30,2024-02-02,100913000000.0,385706000000.0,15752814750.0,6.4060297541428275,6.4060297541428275,170.1199951171875,168.285400390625,26.55622930992002,26.55622930992002,26.269843701833192,6.9479571703628125,6.873029554850309
2024-03-06,2023-12-30,2024-02-02,100913000000.0,385706000000.0,15752814750.0,6.4060297541428275,6.4060297541428275,169.1199951171875,167.29620361328125,26.400126382150557,26.400126382150557,26.115427188749717,6.907115662193378,6.832629266587246
2024-03-07,2023-12-30,2024-02-02,100913000000.0,385706000000.0,15752814750.0,6.4060297541428275,6.4060297541428275,169.0,167.17750549316406,26.381394793039547,26.381394793039547,26.09689806467869,6.902214880634473,6.827781456344783
2024-03-08,2023-12-30,2024-02-02,100913000000.0,385706000000.0,15752814750.0,6.4060297541428275,6.4060297541428275,170.72999572753906,168.88880920410156,26.65145219113706,26.65145219113706,26.364037584258785,6.972870515273847,6.89767368083542
2024-03-11,2023-12-30,2024-02-02,100913000000.0,385706000000.0,15752814750.0,6.4060297541428275,6.4060297541428275,172.75,170.88705444335938,26.96678077217504,26.96678077217504,26.675969516508324,7.055370536269853,6.979285030099104
2024-03-12,2023-12-30,2024-02-02,100913000000.0,385706000000.0,15752814750.0,6.4060297541428275,6.4060297541428275,173.22999572753906,171.36187744140625,27.04170951056072,27.04170951056072,26.750090776675716,7.074974285697434,6.998677517452871
2024-03-13,2023-12-30,2024-02-02,100913000000.0,385706000000.0,15752814750.0,6.4060297541428275,6.4060297541428275,171.1300048828125,169.28453063964844,26.713894791409835,26.713894791409835,26.425810858928788,6.989207492456796,6.91383554107813
2024-03-14,2023-12-30,2024-02-02,100913000000.0,385706000000.0,15752814750.0,6.4060297541428275,6.4060297541428275,173.0,171.1343536376953,27.005806504117405,27.005806504117405,26.714573644779193,7.065580913312212,6.989385102164869
2024-03-15,2023-12-30,2024-02-02,100913000000.0,385706000000.0,15752814750.0,6.4060297541428275,6.4060297541428275,172.6199951171875,170.7584228515625,26.94648662934368,26.94648662934368,26.655889748425185,7.050060940786399,6.9740315218918845
2024-03-18,2023-12-30,2024-02-02,100913000000.0,385706000000.0,15752814750.0,6.4060297541428275,6.4060297541428275,173.72000122070312,171.8466033935547,27.118200802666752,27.118200802666752,26.825757916971927,7.094986849049562,7.018474456387477
2024-03-19,2023-12-30,2024-02-02,100913000000.0,385706000000.0,15752814750.0,6.4060297541428275,6.4060297541428275,176.0800018310547,174.18115234375,27.486603807480357,27.486603807480357,27.190187843118547,7.191372833257105,7.113820956408825
2024-03-20,2023-12-30,2024-02-02,100913000000.0,385706000000.0,15752814750.0,6.4060297541428275,6.4060297541428275,178.6699981689453,176.7432098388672,27.890909818737274,27.890909818737274,27.59013251922004,7.297152189849872,7.218459248526215
2024-03-21,2023-12-30,2024-02-02,100913000000.0,385706000000.0,15752814750.0,6.4060297541428275,6.4060297541428275,171.3699951171875,169.52191162109375,26.75135796963185,26.75135796963185,26.46286672512919,6.999009055574606,6.923530538371096
2024-03-22,2023-12-30,2024-02-02,100913000000.0,385706000000.0,15752814750.0,6.4060297541428275,6.4060297541428275,172.27999877929688,170.422119140625,26.89341220556806,26.89341220556806,26.603391754528104,7.036174977574862,6.960296371134218
2024-03-25,2023-12-30,2024-02-02,100913000000.0,385706000000.0,15752814750.0,6.4060297541428275,6.4060297541428275,170.85000610351562,169.00755310058594,26.670186162189715,26.670186162189715,26.38257385415475,6.97777192002471,6.902523360653758
2024-03-26,2023-12-30,2024-02-02,100913000000.0,385706000000.0,15752814750.0,6.4060297541428275,6.4060297541428275,169.7100067138672,167.87985229492188,26.49222891981019,26.49222891981019,26.206536456742604,6.931212625639233,6.856466358986551
2024-03-27,2023-12-30,2024-02-02,100913000000.0,385706000000.0,15752814750.0,6.4060297541428275,6.4060297541428275,173.30999755859375,171.4410400390625,27.054198030615275,27.054198030615275,26.76244828993969,7.078241681134023,7.001910637331762
2024-03-28,2023-12-30,2024-02-02,100913000000.0,385706000000.0,15752814750.0,6.4060297541428275,6.4060297541428275,171.47999572753906,169.6307373046875,26.768529386964158,26.768529386964158,26.47985473295469,7.003501646400923,6.927975143416634
2024-04-01,2023-12-30,2024-02-02,100913000000.0,385706000000.0,15752814750.0,6.4060297541428275,6.4060297541428275,170.02999877929688,168.1963653564453,26.542180618086764,26.542180618086764,26.25594507232369,6.944281584193634,6.869393229774493
2024-04-02,2023-12-30,2024-02-02,100913000000.0,385706000000.0,15752814750.0,6.4060297541428275,6.4060297541428275,168.83999633789062,167.01922607421875,26.356417752930437,26.356417752930437,26.07219018397568,6.895680089761293,6.821317086162875
2024-04-03,2023-12-30,2024-02-02,100913000000.0,385706000000.0,15752814750.0,6.4060297541428275,6.4060297541428275,169.64999389648438,167.8204803466797,26.48286074331304,26.48286074331304,26.197268321794624,6.928761611667823,6.8540415190773825
2024-04-04,2023-12-30,2024-02-02,100913000000.0,385706000000.0,15752814750.0,6.4060297541428275,6.4060297541428275,168.82000732421875,166.99942016601562,26.353297409373035,26.353297409373035,26.069098423718035,6.894863708296114,6.820508183001193
2024-04-05,2023-12-30,2024-02-02,100913000000.0,385706000000.0,15752814750.0,6.4060297541428275,6.4060297541428275,169.5800018310547,167.75125122070312,26.471934776978834,26.471934776978834,26.18646145254276,6.92590303015578,6.851214097163248
2024-04-08,2023-12-30,2024-02-02,100913000000.0,385706000000.0,15752814750.0,6.4060297541428275,6.4060297541428275,168.4499969482422,166.6334228515625,26.295537706378013,26.295537706378013,26.011965171376144,6.879751926502893,6.8055603006929655
2024-04-09,2023-12-30,2024-02-02,100913000000.0,385706000000.0,15752814750.0,6.4060297541428275,6.4060297541428275,169.6699981689453,167.84027099609375,26.48598346881209,26.48598346881209,26.200357700110615,6.929578616324959,6.854849799047105
2024-04-10,2023-12-30,2024-02-02,100913000000.0,385706000000.0,15752814750.0,6.4060297541428275,6.4060297541428275,167.77999877929688,165.97067260742188,26.19094903060547,26.19094903060547,25.908507917885863,6.852388190812405,6.778492581182601
2024-04-11,2023-12-30,2024-02-02,100913000000.0,385706000000.0,15752814750.0,6.4060297541428275,6.4060297541428275,175.0399932861328,173.15234375,27.32425542871279,27.32425542871279,27.029587809519786,7.148897315773397,7.071802861822399
2024-04-12,2023-12-30,2024-02-02,100913000000.0,385706000000.0,15752814750.0,6.4060297541428275,6.4060297541428275,176.5500030517578,174.6460723876953,27.559972374087337,27.559972374087337,27.26276322315712,7.210568391952097,7.132808992181752
2024-04-15,2023-12-30,2024-02-02,100913000000.0,385706000000.0,15752814750.0,6.4060297541428275,6.4060297541428275,172.69000244140625,170.8276824951172,26.957414977619536,26.957414977619536,26.66670138156034,7.0529201454904005,6.976860190189934
2024-04-16,2023-12-30,2024-02-02,100913000000.0,385706000000.0,15752814750.0,6.4060297541428275,6.4060297541428275,169.3800048828125,167.5533905029297,26.44071466781327,26.44071466781327,26.155574815207757,6.917734853160285,6.843133167041893
2024-04-17,2023-12-30,2024-02-02,100913000000.0,385706000000.0,15752814750.0,6.4060297541428275,6.4060297541428275,168.0,166.1882781982422,26.225291865270083,26.225291865270083,25.942476787711918,6.861373372465038,6.787379921697804
2024-04-18,2023-12-30,2024-02-02,100913000000.0,385706000000.0,15752814750.0,6.4060297541428275,6.4060297541428275,167.0399932861328,165.23863220214844,26.075432006557072,26.075432006557072,25.794234267377135,6.822165250417919,6.74859494699027
2024-04-19,2023-12-30,2024-02-02,100913000000.0,385706000000.0,15752814750.0,6.4060297541428275,6.4060297541428275,165.0,163.2206268310547,25.75698308196169,25.75698308196169,25.479217720694894,6.738848847956734,6.66617656414078
2024-04-22,2023-12-30,2024-02-02,100913000000.0,385706000000.0,15752814750.0,6.4060297541428275,6.4060297541428275,165.83999633789062,164.0515594482422,25.888108969622042,25.888108969622042,25.608928735017006,6.7731555652529885,6.7001131054138945
2024-04-23,2023-12-30,2024-02-02,100913000000.0,385706000000.0,15752814750.0,6.4060297541428275,6.4060297541428275,166.89999389648438,165.1001434326172,26.053577691947012,26.053577691947012,25.772615764990114,6.816447464201877,6.742938856778085
2024-04-24,2023-12-30,2024-02-02,100913000000.0,385706000000.0,15752814750.0,6.4060297541428275,6.4060297541428275,169.02000427246094,167.19728088378906,26.384517518538598,26.384517518538598,26.099985061053037,6.90303188529161,6.828589113122548
2024-04-25,2023-12-30,2024-02-02,100913000000.0,385706000000.0,15752814750.0,6.4060297541428275,6.4060297541428275,169.88999938964844,168.05789184570312,26.520326303476704,26.520326303476704,26.234328951878318,6.938563797977592,6.863737762754266
2024-04-26,2023-12-30,2024-02-02,100913000000.0,385706000000.0,15752814750.0,6.4060297541428275,6.4060297541428275,169.3000030517578,167.4742431640625,26.428226147758718,26.428226147758718,26.14321968388543,6.914467457723695,6.839900670354961
2024-04-29,2023-12-30,2024-02-02,100913000000.0,385706000000.0,15752814750.0,6.4060297541428275,6.4060297541428275,173.5,171.62893676757812,27.08385796800214,27.08385796800214,26.791779519379286,7.086001667396929,7.009584623104442
2024-04-30,2023-12-30,2024-02-02,100913000000.0,385706000000.0,15752814750.0,6.4060297541428275,6.4060297541428275,170.3300018310547,168.49313354492188,26.589011972805935,26.589011972805935,26.30227145541372,6.956534161282856,6.881513690168587
2024-05-01,2023-12-30,2024-02-02,100913000000.0,385706000000.0,15752814750.0,6.4060297541428275,6.4060297541428275,169.3000030517578,167.4742431640625,26.428226147758718,26.428226147758718,26.14321968388543,6.914467457723695,6.839900670354961
2024-05-02,2023-12-30,2024-02-02,100913000000.0,385706000000.0,15752814750.0,6.4060297541428275,6.4060297541428275,173.02999877929688,171.1640167236328,27.01048940139516,27.01048940139516,26.719204139340714,7.066806108701938,6.990596587331516
2024-05-03,2024-03-30,2024-05-03,100389000000.0,381623000000.0,15657229500.0,6.411670723738194,6.411670723738194,183.3800048828125,181.40243530273438,28.600970446575978,28.600970446575978,28.292537642508783,7.523715347768127,7.442579617564491
2024-05-06,2024-03-30,2024-05-03,100389000000.0,381623000000.0,15657229500.0,6.411670723738194,6.411670723738194,181.7100067138672,179.7504119873047,28.340508198762407,28.340508198762407,28.034878853308438,7.455198658271539,7.374800400407682
2024-05-07,2024-03-30,2024-05-03,100389000000.0,381623000000.0,15657229500.0,6.411670723738194,6.411670723738194,182.39999389648438,180.4329833984375,28.448122456004693,28.448122456004693,28.141336505384313,7.4835074543092395,7.402804942152401
2024-05-08,2024-03-30,2024-05-03,100389000000.0,381623000000.0,15657229500.0,6.411670723738194,6.411670723738194,182.74000549316406,180.7693328857422,28.501152564899844,28.501152564899844,28.193795451234326,7.49745745103867,7.416604689848261
2024-05-09,2024-03-30,2024-05-03,100389000000.0,381623000000.0,15657229500.0,6.411670723738194,6.411670723738194,184.57000732421875,182.57960510253906,28.786569878093953,28.786569878093953,28.476135623522747,7.572538771227032,7.490876543368259
2024-05-10,2024-03-30,2024-05-03,100389000000.0,381623000000.0,15657229500.0,6.411670723738194,6.411670723738194,183.0500030517578,181.32156372070312,28.549501516670876,28.549501516670876,28.279924458595293,7.510176031730457,7.439261618073132
2024-05-13,2024-03-30,2024-05-03,100389000000.0,381623000000.0,15657229500.0,6.411670723738194,6.411670723738194,186.27999877929688,184.5210723876953,29.053269702329647,29.053269702329647,28.778937711903282,7.642696305377744,7.5705310685159395
2024-05-14,2024-03-30,2024-05-03,100389000000.0,381623000000.0,15657229500.0,6.411670723738194,6.411670723738194,187.42999267578125,185.6602020263672,29.23262917757948,29.23262917757948,28.956602736785864,7.689878258144887,7.617267282483488
2024-05-15,2024-03-30,2024-05-03,100389000000.0,381623000000.0,15657229500.0,6.411670723738194,6.411670723738194,189.72000122070312,187.9285888671875,29.58979170878113,29.58979170878113,29.310393026175177,7.78383273506269,7.7103346640655825
2024-05-16,2024-03-30,2024-05-03,100389000000.0,381623000000.0,15657229500.0,6.411670723738194,6.411670723738194,189.83999633789062,188.0474395751953,29.608506817893524,29.608506817893524,29.328929646835963,7.788755895062701,7.7152108712426015
2024-05-17,2024-03-30,2024-05-03,100389000000.0,381623000000.0,15657229500.0,6.411670723738194,6.411670723738194,189.8699951171875,188.07716369628906,29.613185595171625,29.613185595171625,29.333565586885676,7.789986685062703,7.716430392565087
2024-05-20,2024-03-30,2024-05-03,100389000000.0,381623000000.0,15657229500.0,6.411670723738194,6.411670723738194,191.0399932861328,189.2361297607422,29.795665048555527,29.795665048555527,29.514324411596096,7.837989373175727,7.763980455464479
2024-05-21,2024-03-30,2024-05-03,100389000000.0,381623000000.0,15657229500.0,6.411670723738194,6.411670723738194,192.35000610351562,190.53378295898438,29.999981969031914,29.999981969031914,29.716713656795143,7.891736582672284,7.817220574472731
2024-05-22,2024-03-30,2024-05-03,100389000000.0,381623000000.0,15657229500.0,6.411670723738194,6.411670723738194,190.89999389648438,189.0974578857422,29.77382996130906,29.77382996130906,29.492696370953492,7.832245477829835,7.758291025393255
2024-05-23,2024-03-30,2024-05-03,100389000000.0,381623000000.0,15657229500.0,6.411670723738194,6.411670723738194,186.8800048828125,185.11541748046875,29.14685000758366,29.14685000758366,28.87163509428335,7.667313357453078,7.594915860626877
2024-05-24,2024-03-30,2024-05-03,100389000000.0,381623000000.0,15657229500.0,6.411670723738194,6.411670723738194,189.97999572753906,188.18612670898438,29.630341905139993,29.630341905139993,29.35056006732459,7.794499790408594,7.720900927351464
2024-05-28,2024-03-30,2024-05-03,100389000000.0,381623000000.0,15657229500.0,6.411670723738194,6.411670723738194,189.99000549316406,188.19606018066406,29.631903084130037,29.631903084130037,29.35210934708453,7.794910471100354,7.721308477855026
2024-05-29,2024-03-30,2024-05-03,100389000000.0,381623000000.0,15657229500.0,6.411670723738194,6.411670723738194,190.2899932861328,188.49322509765625,29.67869085691102,29.67869085691102,29.39845684835155,7.80721837110038,7.733500560891676
2024-05-30,2024-03-30,2024-05-03,100389000000.0,381623000000.0,15657229500.0,6.411670723738194,6.411670723738194,191.2899932861328,189.48374938964844,29.83465644577036,29.83465644577036,29.55294455283159,7.848246373867509,7.774139794284439
2024-05-31,2024-03-30,2024-05-03,100389000000.0,381623000000.0,15657229500.0,6.411670723738194,6.411670723738194,192.25,190.43470764160156,29.984384458207572,29.984384458207572,29.701261316578105,7.887633531980515,7.813155712076996
2024-06-03,2024-03-30,2024-05-03,100389000000.0,381623000000.0,15657229500.0,6.411670723738194,6.411670723738194,194.02999877929688,192.19789123535156,30.26200301598951,30.26200301598951,29.976257284044447,7.960663326822993,7.885495613440328
2024-06-04,2024-03-30,2024-05-03,100389000000.0,381623000000.0,15657229500.0,6.411670723738194,6.411670723738194,194.35000610351562,192.514892578125,30.31191314675059,30.31191314675059,30.025698585139306,7.973792588206542,7.898501545408819
2024-06-05,2024-03-30,2024-05-03,100389000000.0,381623000000.0,15657229500.0,6.411670723738194,6.411670723738194,195.8699951171875,194.0205078125,30.548979128327648,30.548979128327648,30.260522751764192,8.036154701665476,7.960273931410988
2024-06-06,2024-03-30,2024-05-03,100389000000.0,381623000000.0,15657229500.0,6.411670723738194,6.411670723738194,194.47999572753906,192.64366149902344,30.332187055007008,30.332187055007008,30.045782105714014,7.979125802860673,7.90378467705176
2024-06-07,2024-03-30,2024-05-03,100389000000.0,381623000000.0,15657229500.0,6.411670723738194,6.411670723738194,196.88999938964844,195.0308837890625,30.708064695321056,30.708064695321056,30.41810663591809,8.078003439778486,8.001727639773234
2024-06-10,2024-03-30,2024-05-03,100389000000.0,381623000000.0,15657229500.0,6.411670723738194,6.411670723738194,193.1199951171875,191.29649353027344,30.12007375896447,30.12007375896447,29.835670260175483,7.923327694055872,7.848513065902098
2024-06-11,2024-03-30,2024-05-03,100389000000.0,381623000000.0,15657229500.0,6.411670723738194,6.411670723738194,207.14999389648438,205.19400024414062,32.30827078027329,32.30827078027329,32.00320307848037,8.498950522795678,8.418700009814833
2024-06-12,2024-03-30,2024-05-03,100389000000.0,381623000000.0,15657229500.0,6.411670723738194,6.411670723738194,213.07000732421875,211.05812072753906,33.23158916058507,33.23158916058507,32.91780408281571,8.741836850090204,8.65929316123448
2024-06-13,2024-03-30,2024-05-03,100389000000.0,381623000000.0,15657229500.0,6.411670723738194,6.411670723738194,214.24000549316406,212.21707153320312,33.414068613968965,33.414068613968965,33.09856052768011,8.789839538203228,8.706842598096232
2024-06-14,2024-03-30,2024-05-03,100389000000.0,381623000000.0,15657229500.0,6.411670723738194,6.411670723738194,212.49000549316406,210.4835968017578,33.141128833465125,33.141128833465125,32.828198120417454,8.718040533360753,8.635721592017745
2024-06-17,2024-03-30,2024-05-03,100389000000.0,381623000000.0,15657229500.0,6.411670723738194,6.411670723738194,216.6699981689453,214.62411499023438,33.793063852571066,33.793063852571066,33.473976477866,8.889537284429283,8.80559878371191
2024-06-18,2024-03-30,2024-05-03,100389000000.0,381623000000.0,15657229500.0,6.411670723738194,6.411670723738194,214.2899932861328,212.26658630371094,33.421864989535116,33.421864989535116,33.10628312801959,8.791890437511471,8.70887409023764
2024-06-20,2024-03-30,2024-05-03,100389000000.0,381623000000.0,15657229500.0,6.411670723738194,6.411670723738194,209.67999267578125,207.7001190185547,32.70286352969973,32.70286352969973,32.3940713688833,8.602751319713503,8.521521057826247
2024-06-21,2024-03-30,2024-05-03,100389000000.0,381623000000.0,15657229500.0,6.411670723738194,6.411670723738194,207.49000549316406,205.53079223632812,32.36130088916844,32.36130088916844,32.055731039865,8.51290051952511,8.432517912602249
2024-06-24,2024-03-30,2024-05-03,100389000000.0,381623000000.0,15657229500.0,6.411670723738194,6.411670723738194,208.13999938964844,206.1746826171875,32.4626775699886,32.4626775699886,32.1561557822766,8.539568470908685,8.458935448929875
2024-06-25,2024-03-30,2024-05-03,100389000000.0,381623000000.0,15657229500.0,6.411670723738194,6.411670723738194,209.07000732421875,207.0959014892578,32.60772680514771,32.60772680514771,32.29983422612738,8.577724839021688,8.496731219362305
2024-06-26,2024-03-30,2024-05-03,100389000000.0,381623000000.0,15657229500.0,6.411670723738194,6.411670723738194,213.25,211.23641967773438,33.259661824253655,33.259661824253655,32.94561258357592,8.74922159009022,8.666608411056469
2024-06-27,2024-03-30,2024-05-03,100389000000.0,381623000000.0,15657229500.0,6.411670723738194,6.411670723738194,214.10000610351562,212.07838439941406,33.3922335267225,33.3922335267225,33.07693010719148,8.784095642857336,8.70115254198737
2024-06-28,2024-03-30,2024-05-03,100389000000.0,381623000000.0,15657229500.0,6.411670723738194,6.411670723738194,210.6199951171875,208.63125610351562,32.84947156400287,32.84947156400287,32.539296712647996,8.641317742480627,8.5597237527246
2024-07-01,2024-03-30,2024-05-03,100389000000.0,381623000000.0,15657229500.0,6.411670723738194,6.411670723738194,216.75,214.703369140625,33.805541385261336,33.805541385261336,33.48633739810122,8.892819599775171,8.808850423213443
2024-07-02,2024-03-30,2024-05-03,100389000000.0,381623000000.0,15657229500.0,6.411670723738194,6.411670723738194,220.27000427246094,218.1901397705078,34.35454092440309,34.35454092440309,34.03015363260833,9.037238344806003,8.951905658264618
2024-07-03,2024-03-30,2024-05-03,100389000000.0,381623000000.0,15657229500.0,6.411670723738194,6.411670723738194,221.5500030517578,219.45803833007812,34.55417668775536,34.55417668775536,34.22790217806563,9.089754138264917,9.003925003875107
2024-07-05,2024-03-30,2024-05-03,100389000000.0,381623000000.0,15657229500.0,6.411670723738194,6.411670723738194,226.33999633789062,224.2028045654297,35.30125081125933,35.30125081125933,34.96792243796213,9.286277996062903,9.19859328610849
2024-07-08,2024-03-30,2024-05-03,100389000000.0,381623000000.0,15657229500.0,6.411670723738194,6.411670723738194,227.82000732421875,225.66885375976562,35.532081596260284,35.532081596260284,35.196575663853494,9.346999890905353,9.258742356510453
2024-07-09,2024-03-30,2024-05-03,100389000000.0,381623000000.0,15657229500.0,6.411670723738194,6.411670723738194,228.67999267578125,226.52072143554688,35.66620971802713,35.66620971802713,35.329437707536954,9.382283372288951,9.293692785869633
2024-07-10,2024-03-30,2024-05-03,100389000000.0,381623000000.0,15657229500.0,6.411670723738194,6.411670723738194,232.97999572753906,230.7801055908203,36.33686222609149,36.33686222609149,35.9937550654923,9.558703909395133,9.468446810778456
2024-07-11,2024-03-30,2024-05-03,100389000000.0,381623000000.0,15657229500.0,6.411670723738194,6.411670723738194,227.57000732421875,225.42117309570312,35.493090199045454,35.493090199045454,35.15794600323392,9.336742890213571,9.248580513539931
2024-07-12,2024-03-30,2024-05-03,100389000000.0,381623000000.0,15657229500.0,6.411670723738194,6.411670723738194,230.5399932861328,228.3631591796875,35.956305808499344,35.956305808499344,35.61679459523851,9.458595482477316,9.369284326734498
2024-07-15,2024-03-30,2024-05-03,100389000000.0,381623000000.0,15657229500.0,6.411670723738194,6.411670723738194,234.39999389648438,232.1866912841797,36.558333076690225,36.558333076690225,36.213134031438216,9.616963598199938,9.526156212497808
2024-07-16,2024-03-30,2024-05-03,100389000000.0,381623000000.0,15657229500.0,6.411670723738194,6.411670723738194,234.82000732421875,232.60276794433594,36.623840718275645,36.623840718275645,36.27802767275011,9.634195910275254,9.543227006862036
2024-07-17,2024-03-30,2024-05-03,100389000000.0,381623000000.0,15657229500.0,6.411670723738194,6.411670723738194,228.8800048828125,226.7188262939453,35.69740473967582,35.69740473967582,35.36033524843296,9.390489473672488,9.301820632548186
2024-07-18,2024-03-30,2024-05-03,100389000000.0,381623000000.0,15657229500.0,6.411670723738194,6.411670723738194,224.17999267578125,222.0631866455078,34.96436456816012,34.96436456816012,34.63421566914753,9.197657359836871,9.110809036169337
2024-07-19,2024-03-30,2024-05-03,100389000000.0,381623000000.0,15657229500.0,6.411670723738194,6.411670723738194,224.30999755859375,222.19198608398438,34.98464085626256,34.98464085626256,34.65430394941428,9.202991200528642,9.116093419887559
2024-07-22,2024-03-30,2024-05-03,100389000000.0,381623000000.0,15657229500.0,6.411670723738194,6.411670723738194,223.9600067138672,221.84530639648438,34.9300543280694,34.9300543280694,34.600233847807765,9.188631775182731,9.101869844709501
2024-07-23,2024-03-30,2024-05-03,100389000000.0,381623000000.0,15657229500.0,6.411670723738194,6.411670723738194,225.00999450683594,222.8853759765625,35.09381629249489,35.09381629249489,34.762448912319336,9.231710677258103,9.144541822318953
2024-07-24,2024-03-30,2024-05-03,100389000000.0,381623000000.0,15657229500.0,6.411670723738194,6.411670723738194,218.5399932861328,216.47647094726562,34.0847187421873,34.0847187421873,33.76288026548148,8.966259449271769,8.881597249042695
2024-07-25,2024-03-30,2024-05-03,100389000000.0,381623000000.0,15657229500.0,6.411670723738194,6.411670723738194,217.49000549316406,215.43637084960938,33.92095677776181,33.92095677776181,33.60066044127787,8.923180547196397,8.838924019357963
2024-07-26,2024-03-30,2024-05-03,100389000000.0,381623000000.0,15657229500.0,6.411670723738194,6.411670723738194,217.9600067138672,215.90194702148438,33.99426079491338,33.99426079491338,33.67327430308323,8.942463758579958,8.85802567982596
2024-07-29,2024-03-30,2024-05-03,100389000000.0,381623000000.0,15657229500.0,6.411670723738194,6.411670723738194,218.24000549316406,216.17929077148438,34.03793096940631,34.03793096940631,33.71653038436844,8.953951549271743,8.869404539968405
2024-07-30,2024-03-30,2024-05-03,100389000000.0,381623000000.0,15657229500.0,6.411670723738194,6.411670723738194,218.8000030517578,216.7340087890625,34.12527131839218,34.12527131839218,33.803047306630894,8.976927130655312,8.892163512328578
2024-07-31,2024-03-30,2024-05-03,100389000000.0,381623000000.0,15657229500.0,6.411670723738194,6.411670723738194,222.0800018310547,219.98304748535156,34.636838259463126,34.636838259463126,34.30978554012439,9.111498929648485,9.025465080950434
2024-08-01,2024-03-30,2024-05-03,100389000000.0,381623000000.0,15657229500.0,6.411670723738194,6.411670723738194,218.36000061035156,216.2981719970703,34.05664607851871,34.05664607851871,33.73507176472127,8.958874709271754,8.874281999220704
2024-08-02,2024-06-29,2024-08-02,101956000000.0,385603000000.0,15550518000.0,6.5564375411803,6.5564375411803,219.86000061035156,217.78399658203125,33.53345459778025,33.53345459778025,33.21681861745081,8.86646861401826,8.78274795310414
2024-08-05,2024-06-29,2024-08-02,101956000000.0,385603000000.0,15550518000.0,6.5564375411803,6.5564375411803,209.27000427246094,207.29400634765625,31.91824873768077,31.91824873768077,31.616865873527235,8.43939743284928,8.359709797385763
2024-08-06,2024-06-29,2024-08-02,101956000000.0,385603000000.0,15550518000.0,6.5564375411803,6.5564375411803,207.22999572753906,205.2732696533203,31.6071028551632,31.6071028551632,31.308659369363365,8.35712839034193,8.278217946081362
2024-08-07,2024-06-29,2024-08-02,101956000000.0,385603000000.0,15550518000.0,6.5564375411803,6.5564375411803,209.82000732421875,207.8388214111328,32.002136222050645,32.002136222050645,31.699962076313373,8.46157784212103,8.381680986539541
2024-08-08,2024-06-29,2024-08-02,101956000000.0,385603000000.0,15550518000.0,6.5564375411803,6.5564375411803,213.30999755859375,211.29583740234375,32.53443599802727,32.53443599802727,32.22723255963572,8.602321446189134,8.521094812151928
2024-08-09,2024-06-29,2024-08-02,101956000000.0,385603000000.0,15550518000.0,6.5564375411803,6.5564375411803,216.24000549316406,214.19818115234375,32.981326236234715,32.981326236234715,32.669903405162835,8.720482199935029,8.638139930386387
2024-08-12,2024-06-29,2024-08-02,101956000000.0,385603000000.0,15550518000.0,6.5564375411803,6.5564375411803,217.52999877929688,215.7254180908203,33.17807840203062,33.17807840203062,32.90284041232323,8.772504782269417,8.6997300256451
2024-08-13,2024-06-29,2024-08-02,101956000000.0,385603000000.0,15550518000.0,6.5564375411803,6.5564375411803,221.27000427246094,219.43438720703125,33.748510968446986,33.748510968446986,33.468539253029824,8.923330949964031,8.849304564751595
2024-08-14,2024-06-29,2024-08-02,101956000000.0,385603000000.0,15550518000.0,6.5564375411803,6.5564375411803,221.72000122070312,219.8806610107422,33.81714533664096,33.81714533664096,33.53660576032254,8.941478333785177,8.867301802370429
2024-08-15,2024-06-29,2024-08-02,101956000000.0,385603000000.0,15550518000.0,6.5564375411803,6.5564375411803,224.72000122070312,222.8557586669922,34.274710894332514,34.274710894332514,33.990373166412155,9.062461713063866,8.987280925082839
2024-08-16,2024-06-29,2024-08-02,101956000000.0,385603000000.0,15550518000.0,6.5564375411803,6.5564375411803,226.0500030517578,224.17474365234375,34.47756523751829,34.47756523751829,34.19154719988188,9.116097751719813,9.040472678664733
2024-08-19,2024-06-29,2024-08-02,101956000000.0,385603000000.0,15550518000.0,6.5564375411803,6.5564375411803,225.88999938964844,224.01605224609375,34.453161182556364,34.453161182556364,34.16734329261467,9.109645157140159,9.034073004467864
2024-08-20,2024-06-29,2024-08-02,101956000000.0,385603000000.0,15550518000.0,6.5564375411803,6.5564375411803,226.50999450683594,224.63092041015625,34.54772398641035,34.54772398641035,34.26112412408001,9.134648191944702,9.058869280567585
2024-08-21,2024-06-29,2024-08-02,101956000000.0,385603000000.0,15550518000.0,6.5564375411803,6.5564375411803,226.39999389648438,224.5218505859375,34.53094648953637,34.53094648953637,34.24448859243136,9.130212110090353,9.054470735263811
2024-08-22,2024-06-29,2024-08-02,101956000000.0,385603000000.0,15550518000.0,6.5564375411803,6.5564375411803,224.52999877929688,222.66732788085938,34.24573136997758,34.24573136997758,33.96163335383112,9.05479933391969,8.979681927327343
2024-08-23,2024-06-29,2024-08-02,101956000000.0,385603000000.0,15550518000.0,6.5564375411803,6.5564375411803,226.83999633789062,224.95816040039062,34.59805647703227,34.59805647703227,34.31103537362354,9.147956437507753,9.072066147185478
2024-08-26,2024-06-29,2024-08-02,101956000000.0,385603000000.0,15550518000.0,6.5564375411803,6.5564375411803,227.17999267578125,225.29534912109375,34.64991334835227,34.64991334835227,34.36246402196881,9.161667739474549,9.085664224147251
2024-08-27,2024-06-29,2024-08-02,101956000000.0,385603000000.0,15550518000.0,6.5564375411803,6.5564375411803,228.02999877929688,226.13829040527344,34.779557853951054,34.779557853951054,34.49103098823445,9.195946609744826,9.11965818584511
2024-08-28,2024-06-29,2024-08-02,101956000000.0,385603000000.0,15550518000.0,6.5564375411803,6.5564375411803,226.49000549316406,224.61106872558594,34.54467522501419,34.54467522501419,34.258096308372835,9.133842079137214,9.058068705939686
2024-08-29,2024-06-29,2024-08-02,101956000000.0,385603000000.0,15550518000.0,6.5564375411803,6.5564375411803,229.7899932861328,227.88372802734375,35.047995476635876,35.047995476635876,34.75724836788726,9.26692330406114,9.190047833124519
2024-08-30,2024-06-29,2024-08-02,101956000000.0,385603000000.0,15550518000.0,6.5564375411803,6.5564375411803,229.0,227.10028076171875,34.927504237121894,34.927504237121894,34.63775553954805,9.235064618273197,9.158453133897197
2024-09-03,2024-06-29,2024-08-02,101956000000.0,385603000000.0,15550518000.0,6.5564375411803,6.5564375411803,222.77000427246094,220.9219512939453,33.97729374729276,33.97729374729276,33.69542528337341,8.983822639603376,8.909294741461089
2024-09-04,2024-06-29,2024-08-02,101956000000.0,385603000000.0,15550518000.0,6.5564375411803,6.5564375411803,220.85000610351562,219.01788330078125,33.68445206964602,33.68445206964602,33.405013305648495,8.906393350707411,8.832507881397962
2024-09-05,2024-06-29,2024-08-02,101956000000.0,385603000000.0,15550518000.0,6.5564375411803,6.5564375411803,222.3800048828125,220.53518676757812,33.91781031788481,33.91781031788481,33.63643524130591,8.968094824911278,8.89369738166608
2024-09-06,2024-06-29,2024-08-02,101956000000.0,385603000000.0,15550518000.0,6.5564375411803,6.5564375411803,220.82000732421875,218.98812866210938,33.679876600253,33.679876600253,33.40047507303589,8.905183566142886,8.831307942486049
2024-09-09,2024-06-29,2024-08-02,101956000000.0,385603000000.0,15550518000.0,6.5564375411803,6.5564375411803,220.91000366210938,219.07736206054688,33.69360300843205,33.69360300843205,33.41408511627615,8.908812919836459,8.834906528515212
2024-09-10,2024-06-29,2024-08-02,101956000000.0,385603000000.0,15550518000.0,6.5564375411803,6.5564375411803,220.11000061035156,218.2839813232422,33.57158506092121,33.57158506092121,33.293077216433964,8.876550562291484,8.802911234297298
2024-09-11,2024-06-29,2024-08-02,101956000000.0,385603000000.0,15550518000.0,6.5564375411803,6.5564375411803,222.66000366210938,220.8128662109375,33.960516250418785,33.960516250418785,33.678787424425984,8.979386557749025,8.904895580804027
2024-09-12,2024-06-29,2024-08-02,101956000000.0,385603000000.0,15550518000.0,6.5564375411803,6.5564375411803,222.77000427246094,220.9219512939453,33.97729374729276,33.97729374729276,33.69542528337341,8.983822639603376,8.909294741461089
2024-09-13,2024-06-29,2024-08-02,101956000000.0,385603000000.0,15550518000.0,6.5564375411803,6.5564375411803,222.5,220.6541748046875,33.936112195456865,33.936112195456865,33.65458351715877,8.972933963169373,8.898495906607156
2024-09-16,2024-06-29,2024-08-02,101956000000.0,385603000000.0,15550518000.0,6.5564375411803,6.5564375411803,216.32000732421875,214.52548217773438,32.993528263715675,32.993528263715675,32.71982396390146,8.723708497224854,8.651339258417433
2024-09-17,2024-06-29,2024-08-02,101956000000.0,385603000000.0,15550518000.0,6.5564375411803,6.5564375411803,216.7899932861328,214.99154663085938,33.06521139330581,33.06521139330581,32.790908977706245,8.74266199385349,8.670134609251011
2024-09-18,2024-06-29,2024-08-02,101956000000.0,385603000000.0,15550518000.0,6.5564375411803,6.5564375411803,220.69000244140625,218.85923767089844,33.660048014684094,33.660048014684094,33.38081638027761,8.899940756127759,8.826110053260955
2024-09-19,2024-06-29,2024-08-02,101956000000.0,385603000000.0,15550518000.0,6.5564375411803,6.5564375411803,228.8699951171875,226.97132873535156,34.907675651552985,34.907675651552985,34.61808753759466,9.22982180825807,9.153252783258953
2024-09-20,2024-06-29,2024-08-02,101956000000.0,385603000000.0,15550518000.0,6.5564375411803,6.5564375411803,228.1999969482422,226.306884765625,34.80548628961106,34.80548628961106,34.51674531240709,9.202802260728223,9.126457224325996
2024-09-23,2024-06-29,2024-08-02,101956000000.0,385603000000.0,15550518000.0,6.5564375411803,6.5564375411803,226.47000122070312,224.59127807617188,34.54162413631926,34.54162413631926,34.255077801860764,9.133035350976433,9.057270592724942
2024-09-24,2024-06-29,2024-08-02,101956000000.0,385603000000.0,15550518000.0,6.5564375411803,6.5564375411803,227.3699951171875,225.4837646484375,34.67889287270721,34.67889287270721,34.391201507251075,9.169330118618726,9.093262606549459
2024-09-25,2024-06-29,2024-08-02,101956000000.0,385603000000.0,15550518000.0,6.5564375411803,6.5564375411803,226.3699951171875,224.49208068847656,34.52637102014336,34.52637102014336,34.23994803251998,9.129002325525828,9.053270180998611
2024-09-26,2024-06-29,2024-08-02,101956000000.0,385603000000.0,15550518000.0,6.5564375411803,6.5564375411803,227.52000427246094,225.63253784179688,34.70177254697105,34.70177254697105,34.41389267031409,9.175379656794632,9.099262301109025
2024-09-27,2024-06-29,2024-08-02,101956000000.0,385603000000.0,15550518000.0,6.5564375411803,6.5564375411803,227.7899932861328,225.90028381347656,34.742951771508174,34.742951771508174,34.454729781931185,9.186267717875348,9.110059905256382
2024-09-30,2024-06-29,2024-08-02,101956000000.0,385603000000.0,15550518000.0,6.5564375411803,6.5564375411803,233.0,231.06710815429688,35.5375916473773,35.5375916473773,35.2427834022651,9.396375790644782,9.318426528220321
2024-10-01,2024-06-29,2024-08-02,101956000000.0,385603000000.0,15550518000.0,6.5564375411803,6.5564375411803,226.2100067138672,224.33338928222656,34.50196929248021,34.50196929248021,34.21574412525277,9.122550346299464,9.04687050680174
2024-10-02,2024-06-29,2024-08-02,101956000000.0,385603000000.0,15550518000.0,6.5564375411803,6.5564375411803,226.77999877929688,224.898681640625,34.588905538246244,34.588905538246244,34.30196356299589,9.145536868378706,9.069667500068228
2024-10-03,2024-06-29,2024-08-02,101956000000.0,385603000000.0,15550518000.0,6.5564375411803,6.5564375411803,225.6699981689453,223.79788208007812,34.419606188808416,34.419606188808416,34.1340675747198,9.10077299343146,9.025274683153741
2024-10-04,2024-06-29,2024-08-02,101956000000.0,385603000000.0,15550518000.0,6.5564375411803,6.5564375411803,226.8000030517578,224.9185028076172,34.591956626941176,34.591956626941176,34.30498672410551,9.146343596539484,9.070466843989546
2024-10-07,2024-06-29,2024-08-02,101956000000.0,385603000000.0,15550518000.0,6.5564375411803,6.5564375411803,221.69000244140625,219.85093688964844,33.812569867247944,33.812569867247944,33.53207218230749,8.940268549220654,8.86610309416509
2024-10-08,2024-06-29,2024-08-02,101956000000.0,385603000000.0,15550518000.0,6.5564375411803,6.5564375411803,225.77000427246094,223.89707946777344,34.434859304984315,34.434859304984315,34.14919734406059,9.104806018882064,9.029275094880074
2024-10-09,2024-06-29,2024-08-02,101956000000.0,385603000000.0,15550518000.0,6.5564375411803,6.5564375411803,229.5399932861328,227.6357879638672,35.00986501349491,35.00986501349491,34.719432090081014,9.256841355787916,9.180048957545194
2024-10-10,2024-06-29,2024-08-02,101956000000.0,385603000000.0,15550518000.0,6.5564375411803,6.5564375411803,229.0399932861328,227.13995361328125,34.933604087212984,34.933604087212984,34.643806516364855,9.236677459241468,9.160053052446415
2024-10-11,2024-06-29,2024-08-02,101956000000.0,385603000000.0,15550518000.0,6.5564375411803,6.5564375411803,227.5500030517578,225.6623077392578,34.70634801636407,34.70634801636407,34.41843323022547,9.176589441359157,9.100462855374227
2024-10-14,2024-06-29,2024-08-02,101956000000.0,385603000000.0,15550518000.0,6.5564375411803,6.5564375411803,231.3000030517578,229.38119506835938,35.278304963478504,35.278304963478504,34.98564481513627,9.327818665457517,9.250437374118027
2024-10-15,2024-06-29,2024-08-02,101956000000.0,385603000000.0,15550518000.0,6.5564375411803,6.5564375411803,233.85000610351562,231.9100341796875,35.66723615297608,35.66723615297608,35.37134804123196,9.43065466091506,9.352419874564891
2024-10-16,2024-06-29,2024-08-02,101956000000.0,385603000000.0,15550518000.0,6.5564375411803,6.5564375411803,231.77999877929688,229.85719299316406,35.3515148010655,35.3515148010655,35.05824490044403,9.347175833843187,9.2696333199422
2024-10-17,2024-06-29,2024-08-02,101956000000.0,385603000000.0,15550518000.0,6.5564375411803,6.5564375411803,232.14999389648438,230.22412109375,35.407947141778514,35.407947141778514,35.11420945410313,9.362096920374505,9.284430720462598
2024-10-18,2024-06-29,2024-08-02,101956000000.0,385603000000.0,15550518000.0,6.5564375411803,6.5564375411803,235.0,233.05050659179688,35.842635352505,35.842635352505,35.54529500632484,9.477031376830574,9.398412610028593
2024-10-21,2024-06-29,2024-08-02,101956000000.0,385603000000.0,15550518000.0,6.5564375411803,6.5564375411803,236.47999572753906,234.51820373535156,36.068367042655844,36.068367042655844,35.76915089366248,9.536716338309141,9.457601596756902
2024-10-22,2024-06-29,2024-08-02,101956000000.0,385603000000.0,15550518000.0,6.5564375411803,6.5564375411803,235.86000061035156,233.90333557128906,35.97380423880186,35.97380423880186,35.67537006219713,9.511713303504598,9.432805320657181
2024-10-23,2024-06-29,2024-08-02,101956000000.0,385603000000.0,15550518000.0,6.5564375411803,6.5564375411803,230.75999450683594,228.8456573486328,35.195941859806716,35.195941859806716,34.90396361000575,9.30604131258951,9.228840319763453
2024-10-24,2024-06-29,2024-08-02,101956000000.0,385603000000.0,15550518000.0,6.5564375411803,6.5564375411803,230.57000732421875,228.65724182128906,35.16696466275055,35.16696466275055,34.87522612472349,9.298379548798623,9.221241937361246
2024-10-25,2024-06-29,2024-08-02,101956000000.0,385603000000.0,15550518000.0,6.5564375411803,6.5564375411803,231.41000366210938,229.49026489257812,35.29508246035248,35.29508246035248,35.00228034678493,9.332254747311866,9.254835919421799
2024-10-28,2024-06-29,2024-08-02,101956000000.0,385603000000.0,15550518000.0,6.5564375411803,6.5564375411803,233.39999389648438,231.46372985839844,35.59859945748333,35.59859945748333,35.3032768793417,9.412506661740625,9.33442140623948
2024-10-29,2024-06-29,2024-08-02,101956000000.0,385603000000.0,15550518000.0,6.5564375411803,6.5564375411803,233.6699981689453,231.7315216064453,35.63978100931923,35.63978100931923,35.34412097285512,9.423395338174629,9.3452208564467
2024-10-30,2024-06-29,2024-08-02,101956000000.0,385603000000.0,15550518000.0,6.5564375411803,6.5564375411803,230.10000610351562,228.19113159179688,35.095279205861644,35.095279205861644,34.80413412902238,9.279425436816698,9.202444740467802
2024-10-31,2024-06-29,2024-08-02,101956000000.0,385603000000.0,15550518000.0,6.5564375411803,6.5564375411803,225.91000366210938,224.03590393066406,34.4562122712513,34.4562122712513,34.170371108321845,9.110451885300938,9.03487357909576
2024-11-01,2024-09-28,2024-11-01,93736000000.0,391035000000.0,15449405000.0,6.067288675518571,6.730485737152984,222.91000366210938,221.060791015625,36.73964032098032,33.11945264687553,36.43485629876197,8.806953150299618,8.733892592787734
2024-11-04,2024-09-28,2024-11-01,93736000000.0,391035000000.0,15449405000.0,6.067288675518571,6.730485737152984,222.00999450683594,220.16824340820312,36.59130237244905,32.98573136873578,36.28774814961072,8.7713946812533,8.698628922096258
2024-11-05,2024-09-28,2024-11-01,93736000000.0,391035000000.0,15449405000.0,6.067288675518571,6.730485737152984,223.4499969482422,221.59628295898438,36.828641078157354,33.19968360006691,36.52311515242754,8.828287749439712,8.755049348339531
2024-11-06,2024-09-28,2024-11-01,93736000000.0,391035000000.0,15449405000.0,6.067288675518571,6.730485737152984,222.72000122070312,220.87234497070312,36.708324448015034,33.09122252369773,36.403796948366754,8.799446342294518,8.726447276464013
2024-11-07,2024-09-28,2024-11-01,93736000000.0,391035000000.0,15449405000.0,6.067288675518571,6.730485737152984,227.47999572753906,225.59286499023438,37.492858489726686,33.798451495384015,37.18182487352193,8.987509004035497,8.912950340364551
2024-11-08,2024-09-28,2024-11-01,93736000000.0,391035000000.0,15449405000.0,6.067288675518571,6.730485737152984,226.9600067138672,225.32481384277344,37.40715480205314,33.721192730715444,37.137645148146,8.966964753859,8.902359905396226
2024-11-11,2024-09-28,2024-11-01,93736000000.0,391035000000.0,15449405000.0,6.067288675518571,6.730485737152984,224.22999572753906,222.61447143554688,36.95719912459483,33.315574014185344,36.69093121179371,8.85910472756408,8.795276965153235
2024-11-12,2024-09-28,2024-11-01,93736000000.0,391035000000.0,15449405000.0,6.067288675518571,6.730485737152984,224.22999572753906,222.61447143554688,36.95719912459483,33.315574014185344,36.69093121179371,8.85910472756408,8.795276965153235
2024-11-13,2024-09-28,2024-11-01,93736000000.0,391035000000.0,15449405000.0,6.067288675518571,6.730485737152984,225.1199951171875,223.49807739257812,37.103887280910776,33.4478080645059,36.83656561363066,8.894267720698792,8.830187360106597
2024-11-14,2024-09-28,2024-11-01,93736000000.0,391035000000.0,15449405000.0,6.067288675518571,6.730485737152984,228.22000122070312,226.5757293701172,37.61482491208434,33.9083997995724,37.343818876518476,9.016745887092299,8.951782337154821
2024-11-15,2024-09-28,2024-11-01,93736000000.0,391035000000.0,15449405000.0,6.067288675518571,6.730485737152984,225.0,223.37892150878906,37.084109893744134,33.42997946760016,36.81692654745768,8.889526832636465,8.825479629323445
2024-11-18,2024-09-28,2024-11-01,93736000000.0,391035000000.0,15449405000.0,6.067288675518571,6.730485737152984,228.02000427246094,226.377197265625,37.58186176183088,33.87868471569098,37.311097159272144,9.008844206035214,8.943938530621384
2024-11-19,2024-09-28,2024-11-01,93736000000.0,391035000000.0,15449405000.0,6.067288675518571,6.730485737152984,228.27999877929688,226.6352996826172,37.62471360566766,33.917314098025265,37.35363715214138,9.019116331123463,8.954135901116587
2024-11-20,2024-09-28,2024-11-01,93736000000.0,391035000000.0,15449405000.0,6.067288675518571,6.730485737152984,229.0,227.35012817382812,37.743382958521806,34.02429021369083,37.47145394468914,9.047562865216669,8.982378065798153
2024-11-21,2024-09-28,2024-11-01,93736000000.0,391035000000.0,15449405000.0,6.067288675518571,6.730485737152984,228.52000427246094,226.8735809326172,37.664270894928094,33.952973558952316,37.39291025463302,9.028598710107739,8.963550156963649
2024-11-22,2024-09-28,2024-11-01,93736000000.0,391035000000.0,15449405000.0,6.067288675518571,6.730485737152984,229.8699951171875,228.2138214111328,37.88677404533426,34.15355207548857,37.61380636658554,9.081935509387785,9.01650172894565
2024-11-25,2024-09-28,2024-11-01,93736000000.0,391035000000.0,15449405000.0,6.067288675518571,6.730485737152984,232.8699951171875,231.19223022460938,38.38122884391752,34.59928513505657,38.104702543240926,9.200462533822938,9.134175707016588
2024-11-26,2024-09-28,2024-11-01,93736000000.0,391035000000.0,15449405000.0,6.067288675518571,6.730485737152984,235.05999755859375,233.366455078125,38.74218124927164,34.9246706312797,38.46305451391419,9.286987358118138,9.220077174463308
2024-11-27,2024-09-28,2024-11-01,93736000000.0,391035000000.0,15449405000.0,6.067288675518571,6.730485737152984,234.92999267578125,233.2373809814453,38.72075406988967,34.905354806554776,38.44178074508883,9.281850994144202,9.214977584926276
2024-11-29,2024-09-28,2024-11-01,93736000000.0,391035000000.0,15449405000.0,6.067288675518571,6.730485737152984,237.3300018310547,235.62008666992188,39.116319417712575,35.26194261447852,38.83449416551511,9.376672975408098,9.309115923379556
2024-12-02,2024-09-28,2024-11-01,93736000000.0,391035000000.0,15449405000.0,6.067288675518571,6.730485737152984,239.58999633789062,237.8638153076172,39.48880779393818,35.59772736985814,39.20430162939082,9.46596311678645,9.397763416401544
2024-12-03,2024-09-28,2024-11-01,93736000000.0,391035000000.0,15449405000.0,6.067288675518571,6.730485737152984,242.64999389648438,240.9017791748047,39.993151286104755,36.05237472787901,39.705013566741954,9.586860585252767,9.517790355574625
2024-12-04,2024-09-28,2024-11-01,93736000000.0,391035000000.0,15449405000.0,6.067288675518571,6.730485737152984,243.00999450683594,241.25917053222656,40.05248596253183,36.10586278571179,39.7639181906251,9.60108385229937,9.531910533625975
2024-12-05,2024-09-28,2024-11-01,93736000000.0,391035000000.0,15449405000.0,6.067288675518571,6.730485737152984,243.0399932861328,241.28897094726562,40.05743030932349,36.11031993493823,39.76882984336371,9.60226907431495,9.53308791846648
2024-12-06,2024-09-28,2024-11-01,93736000000.0,391035000000.0,15449405000.0,6.067288675518571,6.730485737152984,242.83999633789062,241.09039306640625,40.02446715907004,36.08060485105681,39.736100581335904,9.594367393257864,9.525242303354181
2024-12-09,2024-09-28,2024-11-01,93736000000.0,391035000000.0,15449405000.0,6.067288675518571,6.730485737152984,246.75,244.97222900390625,40.66890718347273,36.66154414946818,40.37589805020584,9.748847759791323,9.67860979102662
2024-12-10,2024-09-28,2024-11-01,93736000000.0,391035000000.0,15449405000.0,6.067288675518571,6.730485737152984,247.77000427246094,245.98489379882812,40.837022519170645,36.81309402451366,40.54280370594099,9.789147116899969,9.718619172657395
2024-12-11,2024-09-28,2024-11-01,93736000000.0,391035000000.0,15449405000.0,6.067288675518571,6.730485737152984,246.49000549316406,244.714111328125,40.62605533963596,36.62291476713389,40.33335554240944,9.738575634703073,9.668411817671796
2024-12-12,2024-09-28,2024-11-01,93736000000.0,391035000000.0,15449405000.0,6.067288675518571,6.730485737152984,247.9600067138672,246.17349243164062,40.86833839213593,36.84132414769146,40.57388820560778,9.796653924905069,9.726070517577329
2024-12-13,2024-09-28,2024-11-01,93736000000.0,391035000000.0,15449405000.0,6.067288675518571,6.730485737152984,248.1300048828125,246.34228515625,40.89635719559772,36.86658208234645,40.601708329824135,9.803370383946572,9.732739350708746
2024-12-16,2024-09-28,2024-11-01,93736000000.0,391035000000.0,15449405000.0,6.067288675518571,6.730485737152984,251.0399932861328,249.23130798339844,41.37597643887884,37.298941427119566,41.07787206319083,9.918341139475357,9.846881777117792
2024-12-17,2024-09-28,2024-11-01,93736000000.0,391035000000.0,15449405000.0,6.067288675518571,6.730485737152984,253.47999572753906,251.6537322998047,41.778133410781564,37.66147134497337,41.47713183900811,10.014743215806822,9.942589359165456
2024-12-18,2024-09-28,2024-11-01,93736000000.0,391035000000.0,15449405000.0,6.067288675518571,6.730485737152984,248.0500030517578,246.2628936767578,40.88317143251091,36.854695595370764,40.58862316382362,9.800209590951813,9.72960267209884
2024-12-19,2024-09-28,2024-11-01,93736000000.0,391035000000.0,15449405000.0,6.067288675518571,6.730485737152984,249.7899932861328,247.9903106689453,41.16995360613582,37.11321931896624,40.87333303747074,9.868954879294044,9.797851204113076
2024-12-20,2024-09-28,2024-11-01,93736000000.0,391035000000.0,15449405000.0,6.067288675518571,6.730485737152984,254.49000549316406,252.656494140625,41.94460146919131,37.81153625931523,41.64240530701804,10.05464769986348,9.982207484901972
2024-12-23,2024-09-28,2024-11-01,93736000000.0,391035000000.0,15449405000.0,6.067288675518571,6.730485737152984,255.27000427246094,253.43084716796875,42.07315951562878,37.927426673433665,41.77003283040723,10.08546467798785,10.01280140496644
2024-12-24,2024-09-28,2024-11-01,93736000000.0,391035000000.0,15449405000.0,6.067288675518571,6.730485737152984,258.20001220703125,256.33978271484375,42.55607834334055,38.362760473845185,42.24947854371448,10.201226385339854,10.127730563181354
2024-12-26,2024-09-28,2024-11-01,93736000000.0,391035000000.0,15449405000.0,6.067288675518571,6.730485737152984,259.0199890136719,257.1537780761719,42.69122549893069,38.484590730778095,42.38363984785889,10.233622855672172,10.1598907125421
2024-12-27,2024-09-28,2024-11-01,93736000000.0,391035000000.0,15449405000.0,6.067288675518571,6.730485737152984,255.58999633789062,253.74855041503906,42.12590005304887,37.97497035422082,41.8223961287537,10.098107247107263,10.02535354514265
2024-12-30,2024-09-28,2024-11-01,93736000000.0,391035000000.0,15449405000.0,6.067288675518571,6.730485737152984,252.1999969482422,250.38294982910156,41.56716623124689,37.4712920875936,41.26768367547656,9.964171733609927,9.892382004179858
2024-12-31,2024-09-28,2024-11-01,93736000000.0,391035000000.0,15449405000.0,6.067288675518571,6.730485737152984,250.4199981689453,248.61578369140625,41.273789918614995,37.2068239869525,40.976422416584136,9.893845747340505,9.822563022851996
2025-01-02,2024-09-28,2024-11-01,93736000000.0,391035000000.0,15449405000.0,6.067288675518571,6.730485737152984,243.85000610351562,242.0931396484375,40.19093521747978,36.23066976539867,39.90137153441867,9.634271877314523,9.564859826231075
2025-01-03,2024-09-28,2024-11-01,93736000000.0,391035000000.0,15449405000.0,6.067288675518571,6.730485737152984,243.36000061035156,241.60665893554688,40.110173361670746,36.15786588284096,39.821190626783014,9.614912246293985,9.54563945578307
2025-01-06,2024-09-28,2024-11-01,93736000000.0,391035000000.0,15449405000.0,6.067288675518571,6.730485737152984,245.0,243.23483276367188,40.3804752176325,36.401533198053514,40.089543414197706,9.679706995537483,9.60996698882002
2025-01-07,2024-09-28,2024-11-01,93736000000.0,391035000000.0,15449405000.0,6.067288675518571,6.730485737152984,242.2100067138672,240.46493530273438,39.92063336151802,35.987002450186125,39.633013717149666,9.569477128071025,9.500531087474885
2025-01-08,2024-09-28,2024-11-01,93736000000.0,391035000000.0,15449405000.0,6.067288675518571,6.730485737152984,242.6999969482422,240.95140075683594,40.00139270239991,36.05980406562826,39.71319210985817,9.588836156231944,9.519750855063268
2025-01-10,2024-09-28,2024-11-01,93736000000.0,391035000000.0,15449405000.0,6.067288675518571,6.730485737152984,236.85000610351562,235.1435546875,39.037207354118856,35.190625959740004,38.75595299038615,9.357708820299166,9.290288617404672
2025-01-13,2024-09-28,2024-11-01,93736000000.0,391035000000.0,15449405000.0,6.067288675518571,6.730485737152984,234.39999389648438,232.71119689941406,38.633400590000804,34.82660881406701,38.355055996989336,9.260911268056097,9.194188573743507
2025-01-14,2024-09-28,2024-11-01,93736000000.0,391035000000.0,15449405000.0,6.067288675518571,6.730485737152984,233.27999877929688,231.5992889404297,38.448804936639746,34.66020253063861,38.171793255021754,9.216661371848717,9.150258193135446
2025-01-15,2024-09-28,2024-11-01,93736000000.0,391035000000.0,15449405000.0,6.067288675518571,6.730485737152984,237.8699951171875,236.15621948242188,39.20532017488961,35.34217356766991,38.9228586461213,9.398007574548192,9.330297999035448
2025-01-16,2024-09-28,2024-11-01,93736000000.0,391035000000.0,15449405000.0,6.067288675518571,6.730485737152984,228.25999450683594,226.61546325683594,37.62141653616416,33.914341909502454,37.350367746836625,9.018325982159867,8.953352183608827
2025-01-17,2024-09-28,2024-11-01,93736000000.0,391035000000.0,15449405000.0,6.067288675518571,6.730485737152984,229.97999572753906,228.3230438232422,37.90490415521273,34.169895711690685,37.631808215178985,9.086281524398125,9.020816998115302
2025-01-21,2024-09-28,2024-11-01,93736000000.0,391035000000.0,15449405000.0,6.067288675518571,6.730485737152984,222.63999938964844,221.0359344482422,36.695138684928224,33.07933603672205,36.430759482422395,8.79628554929976,8.73291053446455
2025-01-22,2024-09-28,2024-11-01,93736000000.0,391035000000.0,15449405000.0,6.067288675518571,6.730485737152984,223.8300018310547,222.21737670898438,36.89127282408793,33.25614384642251,36.62548274744673,8.84330136544991,8.77958814636712
2025-01-23,2024-09-28,2024-11-01,93736000000.0,391035000000.0,15449405000.0,6.067288675518571,6.730485737152984,223.66000366210938,222.04861450195312,36.86325402062613,33.23088591176753,36.5976676530847,8.836584906408406,8.772920518954946
2025-01-24,2024-09-28,2024-11-01,93736000000.0,391035000000.0,15449405000.0,6.067288675518571,6.730485737152984,222.77999877929688,221.1749267578125,36.718213141598355,33.100136822150596,36.45366795390013,8.801816786325682,8.738401982755462
2025-01-27,2024-09-28,2024-11-01,93736000000.0,391035000000.0,15449405000.0,6.067288675518571,6.730485737152984,229.86000061035156,228.20391845703125,37.88512676804609,34.15206711478495,37.61217417886032,9.081540636335797,9.016110473051391
2025-01-28,2024-09-28,2024-11-01,93736000000.0,391035000000.0,15449405000.0,6.067288675518571,6.730485737152984,238.25999450683594,236.54339599609375,39.269599198108345,35.40011877472912,38.986672407815895,9.413416063610377,9.34559495906768
2025-01-29,2024-09-28,2024-11-01,93736000000.0,391035000000.0,15449405000.0,6.067288675518571,6.730485737152984,239.36000061035156,237.63548278808594,39.45090029689307,35.56355513675029,39.166668259405874,9.45687621371378,9.388742225027604
2025-01-30,2024-09-28,2024-11-01,93736000000.0,391035000000.0,15449405000.0,6.067288675518571,6.730485737152984,237.58999633789062,235.8782196044922,39.159171261549346,35.300571996812806,38.87703918823867,9.386945100496346,9.319314499594
2025-01-31,2024-12-28,2025-01-31,96150000000.0,395760000000.0,15342961000.0,6.2667173565780425,6.934515443270696,236.0,234.2996826171875,37.65926984919397,34.03265908492801,37.38794480195409,9.14932988680008,9.083411392530538
2025-02-03,2024-12-28,2025-01-31,96150000000.0,395760000000.0,15342961000.0,6.2667173565780425,6.934515443270696,228.00999450683594,226.36721801757812,36.38427928578885,32.88045089409938,36.12213622175973,8.839570581485239,8.775882852542445
2025-02-04,2024-12-28,2025-01-31,96150000000.0,395760000000.0,15342961000.0,6.2667173565780425,6.934515443270696,232.8000030517578,231.1227264404297,37.14863616872596,33.571199740807934,36.88098781059991,9.025271294782193,8.960246053136197
2025-02-05,2024-12-28,2025-01-31,96150000000.0,395760000000.0,15342961000.0,6.2667173565780425,6.934515443270696,232.47000122070312,230.79510498046875,37.09597672802081,33.52361143651265,36.8287082132734,9.012477669292501,8.947544710699004
2025-02-06,2024-12-28,2025-01-31,96150000000.0,395760000000.0,15342961000.0,6.2667173565780425,6.934515443270696,233.22000122070312,231.5397186279297,37.21565661101612,33.631766073435095,36.94752857887986,9.041553929525977,8.976412150948299
2025-02-07,2024-12-28,2025-01-31,96150000000.0,395760000000.0,15342961000.0,6.2667173565780425,6.934515443270696,227.6300048828125,225.99000549316406,36.323643134132105,32.825654041005315,36.061943220711406,8.82483901189307,8.761258946511527
2025-02-10,2024-12-28,2025-01-31,96150000000.0,395760000000.0,15342961000.0,6.2667173565780425,6.934515443270696,227.64999389648438,226.25831604003906,36.32683284455536,32.828536580360144,36.10475838718662,8.82561395291085,8.771660902890625
2025-02-11,2024-12-28,2025-01-31,96150000000.0,395760000000.0,15342961000.0,6.2667173565780425,6.934515443270696,232.6199951171875,231.1979522705078,37.11991173066249,33.545241483732454,36.89299183532255,9.018292684715986,8.963162434218372
2025-02-12,2024-12-28,2025-01-31,96150000000.0,395760000000.0,15342961000.0,6.2667173565780425,6.934515443270696,236.8699951171875,235.42196655273438,37.79809773430264,34.158117759626286,37.567031215412456,9.183058159372342,9.126920485551617
2025-02-13,2024-12-28,2025-01-31,96150000000.0,395760000000.0,15342961000.0,6.2667173565780425,6.934515443270696,241.52999877929688,240.05348205566406,38.541709325021316,34.830119098469865,38.30609686005464,9.363718798263594,9.306476685603025
2025-02-14,2024-12-28,2025-01-31,96150000000.0,395760000000.0,15342961000.0,6.2667173565780425,6.934515443270696,244.60000610351562,243.10472106933594,39.03160014816435,35.27283313513668,38.79299276425065,9.482737907433803,9.424768178397766
2025-02-18,2024-12-28,2025-01-31,96150000000.0,395760000000.0,15342961000.0,6.2667173565780425,6.934515443270696,244.47000122070312,242.9755401611328,39.01085485594592,35.25408562727171,38.77237895627867,9.477697833028099,9.419760048125617
2025-02-19,2024-12-28,2025-01-31,96150000000.0,395760000000.0,15342961000.0,6.2667173565780425,6.934515443270696,244.8699951171875,243.373046875,39.07468315291938,35.31176722013232,38.83581036561931,9.493204935196074,9.435170726334892
2025-02-20,2024-12-28,2025-01-31,96150000000.0,395760000000.0,15342961000.0,6.2667173565780425,6.934515443270696,245.8300018310547,244.3271942138672,39.22787447450651,35.4502061235742,38.98806668812054,9.530422808580456,9.4721614414362
2025-02-21,2024-12-28,2025-01-31,96150000000.0,395760000000.0,15342961000.0,6.2667173565780425,6.934515443270696,245.5500030517578,244.04891967773438,39.1831941796464,35.40982856848943,38.9436615362206,9.519567718751265,9.461373197664269
2025-02-24,2024-12-28,2025-01-31,96150000000.0,395760000000.0,15342961000.0,6.2667173565780425,6.934515443270696,247.10000610351562,245.58944702148438,39.43053309148208,35.63334859154482,39.189488379222055,9.57965877487872,9.521096896255814
2025-02-25,2024-12-28,2025-01-31,96150000000.0,395760000000.0,15342961000.0,6.2667173565780425,6.934515443270696,247.0399932861328,245.52980041503906,39.42095665553196,35.62469437224517,39.1799703807148,9.577332177151298,9.518784495921084
2025-02-26,2024-12-28,2025-01-31,96150000000.0,395760000000.0,15342961000.0,6.2667173565780425,6.934515443270696,240.36000061035156,238.89065551757812,38.35500899973583,34.66139812892026,38.120540934692,9.318359903286336,9.261395822899322
2025-02-27,2024-12-28,2025-01-31,96150000000.0,395760000000.0,15342961000.0,6.2667173565780425,6.934515443270696,237.3000030517578,235.84933471679688,37.866715466697876,34.22012756234258,37.63522771124036,9.199728856183043,9.143488842823329
2025-02-28,2024-12-28,2025-01-31,96150000000.0,395760000000.0,15342961000.0,6.2667173565780425,6.934515443270696,241.83999633789062,240.361572265625,38.59117662040976,34.8748226629986,38.355259793761476,9.375736891177477,9.318420833763305
2025-03-03,2024-12-28,2025-01-31,96150000000.0,395760000000.0,15342961000.0,6.2667173565780425,6.934515443270696,238.02999877929688,236.5748748779297,37.983203204376494,34.325397459498475,37.751004460030735,9.22802958384071,9.171616835536575
2025-03-04,2024-12-28,2025-01-31,96150000000.0,395760000000.0,15342961000.0,6.2667173565780425,6.934515443270696,235.92999267578125,234.4877166748047,37.64809855803222,34.02256359595095,37.41794999397377,9.146615818563768,9.090701162119917
2025-03-05,2024-12-28,2025-01-31,96150000000.0,395760000000.0,15342961000.0,6.2667173565780425,6.934515443270696,235.74000549316406,234.2989044189453,37.617781699650564,33.995166269609776,37.38782062238799,9.1392503295467,9.083381223071067
2025-03-06,2024-12-28,2025-01-31,96150000000.0,395760000000.0,15342961000.0,6.2667173565780425,6.934515443270696,235.3300018310547,233.8914031982422,37.55235611257203,33.93604120666003,37.322794357835726,9.123355165311807,9.067583074352903
2025-03-07,2024-12-28,2025-01-31,96150000000.0,395760000000.0,15342961000.0,6.2667173565780425,6.934515443270696,239.07000732421875,237.60853576660156,38.149160672337004,34.47537312159482,37.91594901231485,9.268348995970292,9.211690159526158
2025-03-10,2024-12-28,2025-01-31,96150000000.0,395760000000.0,15342961000.0,6.2667173565780425,6.934515443270696,227.47999572753906,226.08938598632812,36.299705696596966,32.8040217933738,36.077801681769934,8.819023404911558,8.765111763953353
2025-03-11,2024-12-28,2025-01-31,96150000000.0,395760000000.0,15342961000.0,6.2667173565780425,6.934515443270696,220.83999633789062,219.48997497558594,35.24013989654081,31.846492829170256,35.0247126982984,8.561601604640183,8.509263508038687
2025-03-12,2024-12-28,2025-01-31,96150000000.0,395760000000.0,15342961000.0,6.2667173565780425,6.934515443270696,216.97999572753906,215.65357971191406,34.62418733466249,31.289856876459627,34.412526916591666,8.411955761642911,8.36053280531203
2025-03-13,2024-12-28,2025-01-31,96150000000.0,395760000000.0,15342961000.0,6.2667173565780425,6.934515443270696,209.67999267578125,208.39817810058594,33.45930265319602,30.237151303665527,33.254759428687926,8.12894671039215,8.079252878179563
2025-03-14,2024-12-28,2025-01-31,96150000000.0,395760000000.0,15342961000.0,6.2667173565780425,6.934515443270696,213.49000549316406,212.18490600585938,34.06727850412275,30.78657870757737,33.85901963220557,8.276654609286947,8.226058059522353
2025-03-17,2024-12-28,2025-01-31,96150000000.0,395760000000.0,15342961000.0,6.2667173565780425,6.934515443270696,214.0,212.6917724609375,34.14865994799792,30.86012306853641,33.939901922922914,8.29642625328482,8.245708434124312
2025-03-18,2024-12-28,2025-01-31,96150000000.0,395760000000.0,15342961000.0,6.2667173565780425,6.934515443270696,212.69000244140625,211.38978576660156,33.93961947528238,30.671213321444423,33.73213976927013,8.245639813392968,8.195232562197601
2025-03-19,2024-12-28,2025-01-31,96150000000.0,395760000000.0,15342961000.0,6.2667173565780425,6.934515443270696,215.24000549316406,213.9241943359375,34.34653156444516,31.038939527063064,34.136563397324075,8.344499216498388,8.293487392997548
2025-03-20,2024-12-28,2025-01-31,96150000000.0,395760000000.0,15342961000.0,6.2667173565780425,6.934515443270696,214.10000610351562,212.7911834716797,34.16461823968801,30.874544566957425,33.95576525376834,8.300303324605826,8.249562434682197
2025-03-21,2024-12-28,2025-01-31,96150000000.0,395760000000.0,15342961000.0,6.2667173565780425,6.934515443270696,218.27000427246094,216.93568420410156,34.83003809695477,31.47588408419679,34.61711640407537,8.461967260516984,8.410237877127164
2025-03-24,2024-12-28,2025-01-31,96150000000.0,395760000000.0,15342961000.0,6.2667173565780425,6.934515443270696,220.72999572753906,219.38064575195312,35.22258674963909,31.83063006107183,35.007266686708604,8.557337062810285,8.505024994762058
2025-03-25,2024-12-28,2025-01-31,96150000000.0,395760000000.0,15342961000.0,6.2667173565780425,6.934515443270696,223.75,222.3822021484375,35.70449842693708,32.26613334852814,35.486234577822074,8.674417636319992,8.621390374614899
2025-03-26,2024-12-28,2025-01-31,96150000000.0,395760000000.0,15342961000.0,6.2667173565780425,6.934515443270696,221.52999877929688,220.1757354736328,35.350245778479454,31.94599544720478,35.134141679857144,8.588351858704264,8.535849308970752
2025-03-27,2024-12-28,2025-01-31,96150000000.0,395760000000.0,15342961000.0,6.2667173565780425,6.934515443270696,223.85000610351562,222.48158264160156,35.72045671862717,32.28055484694915,35.5020930388806,8.678294707641,8.625243192056725
2025-03-28,2024-12-28,2025-01-31,96150000000.0,395760000000.0,15342961000.0,6.2667173565780425,6.934515443270696,217.89999389648438,216.5679168701172,34.770994365616204,31.422526300368414,34.55843060207437,8.447622569875678,8.395980145516097
2025-03-31,2024-12-28,2025-01-31,96150000000.0,395760000000.0,15342961000.0,6.2667173565780425,6.934515443270696,222.1300048828125,220.7720947265625,35.44599065883309,32.03252003690742,35.22930462067555,8.611613103514255,8.558969171411851
2025-04-01,2024-12-28,2025-01-31,96150000000.0,395760000000.0,15342961000.0,6.2667173565780425,6.934515443270696,223.19000244140625,221.82559204101562,35.61513783721686,32.185378238358595,35.397414534448394,8.652707456661615,8.599811520838925
2025-04-02,2024-12-28,2025-01-31,96150000000.0,395760000000.0,15342961000.0,6.2667173565780425,6.934515443270696,223.88999938964844,222.5213165283203,35.726838574367136,32.28632212607053,35.50843350143187,8.679845181234587,8.626783609163821
2025-04-03,2024-12-28,2025-01-31,96150000000.0,395760000000.0,15342961000.0,6.2667173565780425,6.934515443270696,203.19000244140625,201.9478759765625,32.423674290674995,29.301254587093506,32.22546422403781,7.8773405171022866,7.829185327322709
2025-04-04,2024-12-28,2025-01-31,96150000000.0,395760000000.0,15342961000.0,6.2667173565780425,6.934515443270696,188.3800048828125,187.22842407226562,30.0603959240437,27.165561375397587,29.876634515155825,7.303181393007888,7.258536508571439
2025-04-07,2024-12-28,2025-01-31,96150000000.0,395760000000.0,15342961000.0,6.2667173565780425,6.934515443270696,181.4600067138672,180.3507080078125,28.95614982912743,26.167654856109277,28.779135509997452,7.034904502907324,6.991898825768787
2025-04-08,2024-12-28,2025-01-31,96150000000.0,395760000000.0,15342961000.0,6.2667173565780425,6.934515443270696,172.4199981689453,171.36598205566406,27.513606942550176,24.864029733506893,27.345414242399933,6.6844383149540105,6.643575852553956
2025-04-09,2024-12-28,2025-01-31,96150000000.0,395760000000.0,15342961000.0,6.2667173565780425,6.934515443270696,198.85000610351562,197.6343994140625,31.73112728544984,28.6754002828678,31.537149063633738,7.709086033191839,7.661958971266383
2025-04-10,2024-12-28,2025-01-31,96150000000.0,395760000000.0,15342961000.0,6.2667173565780425,6.934515443270696,190.4199981689453,189.25592041015625,30.38592413443785,27.45974101964547,30.20016854781208,7.3822685605574065,7.337139190095339
2025-04-11,2024-12-28,2025-01-31,96150000000.0,395760000000.0,15342961000.0,6.2667173565780425,6.934515443270696,198.14999389648438,196.93865966796875,31.619424113406115,28.574454194744142,31.426127661756812,7.68194771706084,7.634986291383458
2025-04-14,2024-12-28,2025-01-31,96150000000.0,395760000000.0,15342961000.0,6.2667173565780425,6.934515443270696,202.52000427246094,201.28196716308594,32.31676055405306,29.204636708825536,32.11920303886124,7.851365795614012,7.803369143386164
2025-04-15,2024-12-28,2025-01-31,96150000000.0,395760000000.0,15342961000.0,6.2667173565780425,6.934515443270696,202.13999938964844,200.90428161621094,32.25612196750286,29.149837655319747,32.05893455611587,7.8366336344638166,7.788726899056351
2025-04-16,2024-12-28,2025-01-31,96150000000.0,395760000000.0,15342961000.0,6.2667173565780425,6.934515443270696,194.27000427246094,193.0823974609375,31.00028184110454,28.014935702678688,30.81077164877445,7.5315269330457895,7.485485380103253
2025-04-17,2024-12-28,2025-01-31,96150000000.0,395760000000.0,15342961000.0,6.2667173565780425,6.934515443270696,196.97999572753906,195.77581787109375,31.43272378812063,28.405733225194542,31.240569301500724,7.636588822083582,7.589904837121726
2025-04-21,2024-12-28,2025-01-31,96150000000.0,395760000000.0,15342961000.0,6.2667173565780425,6.934515443270696,193.16000366210938,191.9791717529297,30.82315551687573,27.854866752017006,30.63472641723871,7.4884940442379255,7.442715143060193
2025-04-22,2024-12-28,2025-01-31,96150000000.0,395760000000.0,15342961000.0,6.2667173565780425,6.934515443270696,199.74000549316406,198.5189666748047,31.873147315875215,28.803743697332624,31.678302271989892,7.743589838339908,7.6962521817561855
2025-04-23,2024-12-28,2025-01-31,96150000000.0,395760000000.0,15342961000.0,6.2667173565780425,6.934515443270696,204.60000610351562,203.34925842285156,32.64867305508063,29.50458583260651,32.44908727364257,7.932004028315146,7.883514608249275
2025-04-24,2024-12-28,2025-01-31,96150000000.0,395760000000.0,15342961000.0,6.2667173565780425,6.934515443270696,208.3699951171875,207.09619140625,33.25026218048048,30.04824155657354,33.04699727503514,8.078160270500298,8.028777006252852
2025-04-25,2024-12-28,2025-01-31,96150000000.0,395760000000.0,15342961000.0,6.2667173565780425,6.934515443270696,209.27999877929688,208.0006561279297,33.395474356222564,30.179469710804913,33.191325584453836,8.113439608224176,8.063841608412261
2025-04-28,2024-12-28,2025-01-31,96150000000.0,395760000000.0,15342961000.0,6.2667173565780425,6.934515443270696,210.13999938964844,208.85537719726562,33.532707386119604,30.30348711582578,33.32771614121618,8.146780410287548,8.096977731397654
2025-04-29,2024-12-28,2025-01-31,96150000000.0,395760000000.0,15342961000.0,6.2667173565780425,6.934515443270696,211.2100067138672,209.91885375976562,33.70345185460845,30.457788787366088,33.4974184753072,8.188262825501825,8.138206959775589
2025-04-30,2024-12-28,2025-01-31,96150000000.0,395760000000.0,15342961000.0,6.2667173565780425,6.934515443270696,212.5,211.2009735107422,33.90930018200728,30.64381379469153,33.702010397684354,8.23827373281787,8.187912623148753
2025-05-01,2024-12-28,2025-01-31,96150000000.0,395760000000.0,15342961000.0,6.2667173565780425,6.934515443270696,213.32000732421875,212.0159454345703,34.04015135616435,30.762063920591025,33.83205805700198,8.270064061287655,8.219507737469023
2025-05-02,2025-03-29,2025-05-02,97294000000.0,400366000000.0,15240817000.0,6.383778507412037,7.056052178830046,205.35000610351562,204.09466552734375,32.16747038843675,29.102676808374227,31.97082500440371,7.817102011590806,7.769314696998383
2025-05-05,2025-03-29,2025-05-02,97294000000.0,400366000000.0,15240817000.0,6.383778507412037,7.056052178830046,198.88999938964844,197.67416381835938,31.155529465617033,28.18714974732884,30.965072423619507,7.571187572940119,7.524904103704203
2025-05-06,2025-03-29,2025-05-02,97294000000.0,400366000000.0,15240817000.0,6.383778507412037,7.056052178830046,198.50999450683594,197.29649353027344,31.0960028259676,28.13329457829358,30.905911491320957,7.55672184688433,7.510527249158474
2025-05-07,2025-03-29,2025-05-02,97294000000.0,400366000000.0,15240817000.0,6.383778507412037,7.056052178830046,196.25,195.05027770996094,30.74198137860505,27.813002940766225,30.55404843440185,7.470690159129397,7.425020077570758
2025-05-08,2025-03-29,2025-05-02,97294000000.0,400366000000.0,15240817000.0,6.383778507412037,7.056052178830046,197.49000549316406,196.28271484375,30.936224567294058,27.988739381163363,30.747106062005646,7.517893709881229,7.471935521989323
2025-05-09,2025-03-29,2025-05-02,97294000000.0,400366000000.0,15240817000.0,6.383778507412037,7.056052178830046,198.52999877929688,197.31634521484375,31.099136436013392,28.136129629956173,30.909021198925515,7.557483353745042,7.511282947423755
2025-05-12,2025-03-29,2025-05-02,97294000000.0,400366000000.0,15240817000.0,6.383778507412037,7.056052178830046,210.7899932861328,209.776123046875,33.01962827209467,29.873644347267795,32.860808501314615,8.024187151519307,7.985591939192899
2025-05-13,2025-03-29,2025-05-02,97294000000.0,400366000000.0,15240817000.0,6.383778507412037,7.056052178830046,212.92999267578125,211.9058380126953,33.35485283967071,30.176929999841196,33.19442204435148,8.105650959829063,8.066664248170756
2025-05-14,2025-03-29,2025-05-02,97294000000.0,400366000000.0,15240817000.0,6.383778507412037,7.056052178830046,212.3300018310547,211.30874633789062,33.260866050494066,30.091897912560622,33.10088940155828,8.082810981743629,8.043934633398468
2025-05-15,2025-03-29,2025-05-02,97294000000.0,400366000000.0,15240817000.0,6.383778507412037,7.056052178830046,211.4499969482422,210.43296813964844,33.12301589140869,29.96718158953615,32.96370134009509,8.049311650186873,8.01059619993509
2025-05-16,2025-03-29,2025-05-02,97294000000.0,400366000000.0,15240817000.0,6.383778507412037,7.056052178830046,211.25999450683594,210.24386596679688,33.09325257158398,29.94025400501852,32.93407904467366,8.04207878715898,8.003397607620226
2025-05-19,2025-03-29,2025-05-02,97294000000.0,400366000000.0,15240817000.0,6.383778507412037,7.056052178830046,208.77999877929688,207.7758026123047,32.704768584450086,29.588783286735048,32.54746422844428,7.947672266514857,7.909445319138633
2025-05-20,2025-03-29,2025-05-02,97294000000.0,400366000000.0,15240817000.0,6.383778507412037,7.056052178830046,206.86000061035156,205.8650360107422,32.404006556645385,29.31667671491776,32.24814829833424,7.8745832910942895,7.836707763741506
2025-05-21,2025-03-29,2025-05-02,97294000000.0,400366000000.0,15240817000.0,6.383778507412037,7.056052178830046,202.08999633789062,201.11798095703125,31.6567995119582,28.640660700357643,31.504536180808664,7.693002531974396,7.656000617374098
2025-05-22,2025-03-29,2025-05-02,97294000000.0,400366000000.0,15240817000.0,6.383778507412037,7.056052178830046,201.36000061035156,200.39151000976562,31.542447842850088,28.537204021036416,31.390736658093058,7.665213630583657,7.6283458945377625
2025-05-23,2025-03-29,2025-05-02,97294000000.0,400366000000.0,15240817000.0,6.383778507412037,7.056052178830046,195.27000427246094,194.33078002929688,30.58846794977897,27.674115684450392,30.441341253250645,7.4333844549881745,7.397630807545517
2025-05-27,2025-03-29,2025-05-02,97294000000.0,400366000000.0,15240817000.0,6.383778507412037,7.056052178830046,200.2100067138672,199.2470245361328,31.362304704245084,28.374224231865547,31.211456397616605,7.621436570275251,7.584778524524335
2025-05-28,2025-03-29,2025-05-02,97294000000.0,400366000000.0,15240817000.0,6.383778507412037,7.056052178830046,200.4199981689453,199.4560089111328,31.395199243871467,28.403984705534967,31.244193181130843,7.629430359304313,7.592733976823567
2025-05-29,2025-03-29,2025-05-02,97294000000.0,400366000000.0,15240817000.0,6.383778507412037,7.056052178830046,199.9499969482422,198.98826599121094,31.321574944382157,28.337375047784242,31.1709226377718,7.6115387236646415,7.574928308396242
2025-05-30,2025-03-29,2025-05-02,97294000000.0,400366000000.0,15240817000.0,6.383778507412037,7.056052178830046,200.85000610351562,199.88394165039062,31.462558713513317,28.464926422471308,31.31122757757191,7.645799562082106,7.609024182703529
2025-06-02,2025-03-29,2025-05-02,97294000000.0,400366000000.0,15240817000.0,6.383778507412037,7.056052178830046,201.6999969482422,200.72982788085938,31.595707262407934,28.58538908674649,31.443733150797332,7.678156342918024,7.641224712322415
2025-06-03,2025-03-29,2025-05-02,97294000000.0,400366000000.0,15240817000.0,6.383778507412037,7.056052178830046,203.27000427246094,202.2923126220703,31.841644260753952,28.807894148277803,31.68849175879051,7.73792214300364,7.700704148653391
2025-06-04,2025-03-29,2025-05-02,97294000000.0,400366000000.0,15240817000.0,6.383778507412037,7.056052178830046,202.82000732421875,201.84446716308594,31.771153571310435,28.744119542189672,31.61833809376839,7.720792014224679,7.683655921069976
2025-06-05,2025-03-29,2025-05-02,97294000000.0,400366000000.0,15240817000.0,6.383778507412037,7.056052178830046,200.6300048828125,199.66500854492188,31.428096173741974,28.43374734171519,31.276932354889208,7.637424729192918,7.600690009982343
2025-06-06,2025-03-29,2025-05-02,97294000000.0,400366000000.0,15240817000.0,6.383778507412037,7.056052178830046,203.9199981689453,202.93917846679688,31.943463879923023,28.90001278345946,31.789821377914276,7.762665597811079,7.725328527254542
2025-06-09,2025-03-29,2025-05-02,97294000000.0,400366000000.0,15240817000.0,6.383778507412037,7.056052178830046,201.4499969482422,200.48104858398438,31.556545502689968,28.54995850975188,31.404762610609236,7.668639540167542,7.631754378335361
2025-06-10,2025-03-29,2025-05-02,97294000000.0,400366000000.0,15240817000.0,6.383778507412037,7.056052178830046,202.6699981689453,201.69520568847656,31.747655081333182,28.722859898486426,31.594956725753182,7.715081584058662,7.677973953021561
2025-06-11,2025-03-29,2025-05-02,97294000000.0,400366000000.0,15240817000.0,6.383778507412037,7.056052178830046,198.77999877929688,197.82391357421875,31.13829819573136,28.17156020695078,30.988530279446664,7.567000156495525,7.530604659257989
2025-06-12,2025-03-29,2025-05-02,97294000000.0,400366000000.0,15240817000.0,6.383778507412037,7.056052178830046,199.1999969482422,198.24188232421875,31.204089665228253,28.231083316800422,31.054003846475144,7.582988315413191,7.5465155638564525
2025-06-13,2025-03-29,2025-05-02,97294000000.0,400366000000.0,15240817000.0,6.383778507412037,7.056052178830046,196.4499969482422,195.50511169433594,30.7733103083306,27.84134696985975,30.62529683123249,7.478303485157875,7.442334338824811
2025-06-16,2025-03-29,2025-05-02,97294000000.0,400366000000.0,15240817000.0,6.383778507412037,7.056052178830046,198.4199981689453,197.46563720703125,31.081905166127722,28.120540089578114,30.93240734742897,7.5532959373004465,7.516966077191256
2025-06-17,2025-03-29,2025-05-02,97294000000.0,400366000000.0,15240817000.0,6.383778507412037,7.056052178830046,195.63999938964844,194.69900512695312,30.646426589283443,27.726552246398953,30.4990226244368,7.447469137183836,7.4116481100342035
2025-06-18,2025-03-29,2025-05-02,97294000000.0,400366000000.0,15240817000.0,6.383778507412037,7.056052178830046,196.5800018310547,195.6344757080078,30.793675188262064,27.859771561900402,30.64556132091077,7.48325240846318,7.447258866029314
2025-06-20,2025-03-29,2025-05-02,97294000000.0,400366000000.0,15240817000.0,6.383778507412037,7.056052178830046,201.0,200.03323364257812,31.486054813246447,28.48618390366375,31.334613726075364,7.651509411388579,7.61470731247103
2025-06-23,2025-03-29,2025-05-02,97294000000.0,400366000000.0,15240817000.0,6.383778507412037,7.056052178830046,201.5,200.5308074951172,31.564378332682384,28.557045057652964,31.41255719669568,7.670543016889546,7.63364856130468
2025-06-24,2025-03-29,2025-05-02,97294000000.0,400366000000.0,15240817000.0,6.383778507412037,7.056052178830046,200.3000030517578,199.3365936279297,31.37640236408496,28.386978720581013,31.22548713062103,7.624862479859135,7.588188170041019
2025-06-25,2025-03-29,2025-05-02,97294000000.0,400366000000.0,15240817000.0,6.383778507412037,7.056052178830046,201.55999755859375,200.5905303955078,31.573776772575638,28.56554805012994,31.42191261219471,7.672826956612135,7.635922045555497
2025-06-26,2025-03-29,2025-05-02,97294000000.0,400366000000.0,15240817000.0,6.383778507412037,7.056052178830046,201.0,200.03323364257812,31.486054813246447,28.48618390366375,31.334613726075364,7.651509411388579,7.61470731247103
2025-06-27,2025-03-29,2025-05-02,97294000000.0,400366000000.0,15240817000.0,6.383778507412037,7.056052178830046,201.0800018310547,200.1128387451172,31.498586863185494,28.49752194780332,31.3470836296672,7.654554857971879,7.617737656706216
2025-06-30,2025-03-29,2025-05-02,97294000000.0,400366000000.0,15240817000.0,6.383778507412037,7.056052178830046,205.1699981689453,204.1831512451172,32.13927267851286,29.077165668432492,31.98468603007537,7.810249611563496,7.772683101487522
2025-07-01,2025-03-29,2025-05-02,97294000000.0,400366000000.0,15240817000.0,6.383778507412037,7.056052178830046,207.82000732421875,206.8204345703125,32.5543887656698,29.452731082081804,32.39780865363338,7.911128069234345,7.873077122299612
2025-07-02,2025-03-29,2025-05-02,97294000000.0,400366000000.0,15240817000.0,6.383778507412037,7.056052178830046,212.44000244140625,211.41819763183594,33.278097320379736,30.10748745293868,33.11803462265551,8.086998398188223,8.04810113889952
2025-07-03,2025-03-29,2025-05-02,97294000000.0,400366000000.0,15240817000.0,6.383778507412037,7.056052178830046,213.5500030517578,212.52284240722656,33.45197562913728,30.264799301295167,33.291073955725736,8.12925302563475,8.090151884646497
2025-07-07,2025-03-29,2025-05-02,97294000000.0,400366000000.0,15240817000.0,6.383778507412037,7.056052178830046,209.9499969482422,208.94017028808594,32.888045333100884,29.75459812756851,32.729858977013535,7.9922108336839734,7.953769549136428
2025-07-08,2025-03-29,2025-05-02,97294000000.0,400366000000.0,15240817000.0,6.383778507412037,7.056052178830046,210.00999450683594,208.99989318847656,32.89744377299414,29.763101120045487,32.739214392512565,7.994494773406562,7.956043033387245
2025-07-09,2025-03-29,2025-05-02,97294000000.0,400366000000.0,15240817000.0,6.383778507412037,7.056052178830046,211.13999938964844,210.1244354248047,33.074455691797475,29.923248020064566,32.91537060391972,8.0375109077138,7.998851219978134
2025-07-10,2025-03-29,2025-05-02,97294000000.0,400366000000.0,15240817000.0,6.383778507412037,7.056052178830046,212.41000366210938,211.3883514404297,33.273398100433106,30.103235956700193,33.11335930515011,8.08585642832693,8.046964977633653
2025-07-11,2025-03-29,2025-05-02,97294000000.0,400366000000.0,15240817000.0,6.383778507412037,7.056052178830046,211.16000366210938,210.1443634033203,33.07758930184327,29.92608307172716,32.9184922627449,8.038272414574513,7.99960982254113
2025-07-14,2025-03-29,2025-05-02,97294000000.0,400366000000.0,15240817000.0,6.383778507412037,7.056052178830046,208.6199951171875,207.61656188964844,32.679704484572,29.566107198455907,32.52251964077236,7.9415813733482565,7.903383468949177
2025-07-15,2025-03-29,2025-05-02,97294000000.0,400366000000.0,15240817000.0,6.383778507412037,7.056052178830046,209.11000061035156,208.10421752929688,32.7564623941071,29.635551907869225,32.598909452712455,7.960234515848639,7.921947159079957
2025-07-16,2025-03-29,2025-05-02,97294000000.0,400366000000.0,15240817000.0,6.383778507412037,7.056052178830046,210.16000366210938,209.14918518066406,32.920942262971394,29.784360763748733,32.76260054101602,8.000205203572579,7.961726163154745
2025-07-17,2025-03-29,2025-05-02,97294000000.0,400366000000.0,15240817000.0,6.383778507412037,7.056052178830046,210.02000427246094,209.00982666015625,32.899011773139094,29.764519727132186,32.74077044143691,7.994875817266689,7.956421172949658
2025-07-18,2025-03-29,2025-05-02,97294000000.0,400366000000.0,15240817000.0,6.383778507412037,7.056052178830046,211.17999267578125,210.16424560546875,33.080720521644935,29.92891596087895,32.921606750837704,8.03903334057568,8.000366682525497
2025-07-21,2025-03-29,2025-05-02,97294000000.0,400366000000.0,15240817000.0,6.383778507412037,7.056052178830046,212.47999572753906,211.4580078125,33.284362150227196,30.113155393753065,33.124270769573485,8.0885208310501,8.049616601446884
2025-07-22,2025-03-29,2025-05-02,97294000000.0,400366000000.0,15240817000.0,6.383778507412037,7.056052178830046,214.39999389648438,213.36875915527344,33.5851241780319,30.385261965570347,33.4235843094394,8.161609806470668,8.122353575984468
2025-07-23,2025-03-29,2025-05-02,97294000000.0,400366000000.0,15240817000.0,6.383778507412037,7.056052178830046,214.14999389648438,213.11996459960938,33.54596241831393,30.34983138857574,33.38461137900718,8.152093003720186,8.11288266113787
2025-07-24,2025-03-29,2025-05-02,97294000000.0,400366000000.0,15240817000.0,6.383778507412037,7.056052178830046,213.75999450683594,212.7318572998047,33.48487016876366,30.294559774964586,33.32381551972822,8.137246814663813,8.098108498664816
2025-07-25,2025-03-29,2025-05-02,97294000000.0,400366000000.0,15240817000.0,6.383778507412037,7.056052178830046,213.8800048828125,212.85125732421875,33.50366943879429,30.311567922429344,33.34251917999391,8.141815274968533,8.102653724587821
2025-07-28,2025-03-29,2025-05-02,97294000000.0,400366000000.0,15240817000.0,6.383778507412037,7.056052178830046,214.0500030517578,213.0204620361328,33.530299148573214,30.33566045528438,33.369024597078415,8.148286631135717,8.109094876058775
2025-07-29,2025-03-29,2025-05-02,97294000000.0,400366000000.0,15240817000.0,6.383778507412037,7.056052178830046,211.27000427246094,210.2538299560547,33.09482057172894,29.94167261210522,32.93563987408625,8.042459831019107,8.003776908901724
2025-07-30,2025-03-29,2025-05-02,97294000000.0,400366000000.0,15240817000.0,6.383778507412037,7.056052178830046,209.0500030517578,208.0445098876953,32.74706395421385,29.627048915392248,32.589556427457545,7.95795057612605,7.919674255688681
2025-07-31,2025-03-29,2025-05-02,97294000000.0,400366000000.0,15240817000.0,6.383778507412037,7.056052178830046,207.57000732421875,206.57164001464844,32.51522700595183,29.417300505087198,32.35883572320117,7.901611266483862,7.863606207453016
2025-08-01,2025-06-28,2025-08-01,99280000000.0,408625000000.0,15140818000.0,6.557109397920245,7.233823165961047,202.3800048828125,201.4065704345703,30.864210523466713,27.976907955825787,30.71575571065683,7.498804088760539,7.462735336687696
2025-08-04,2025-06-28,2025-08-01,99280000000.0,408625000000.0,15140818000.0,6.557109397920245,7.233823165961047,203.35000610351562,202.37193298339844,31.012141747705673,28.11100042649434,30.862979508559956,7.534745629151959,7.498504999962883
2025-08-05,2025-06-28,2025-08-01,99280000000.0,408625000000.0,15140818000.0,6.557109397920245,7.233823165961047,202.9199981689453,201.94398498535156,30.94656286096227,28.05155635042213,30.79771477495911,7.518812507400022,7.4826482052198
2025-08-06,2025-06-28,2025-08-01,99280000000.0,408625000000.0,15140818000.0,6.557109397920245,7.233823165961047,213.25,212.22430419921875,32.521952442586624,29.479570499242186,32.365527448197085,7.901570972162741,7.863565775606013
2025-08-07,2025-06-28,2025-08-01,99280000000.0,408625000000.0,15140818000.0,6.557109397920245,7.233823165961047,220.02999877929688,218.9716796875,33.555944460692544,30.416834049061922,33.39454421134906,8.152790862178174,8.1135768719553
2025-08-08,2025-06-28,2025-08-01,99280000000.0,408625000000.0,15140818000.0,6.557109397920245,7.233823165961047,229.35000610351562,228.24685668945312,34.97730359299173,31.705227075874397,34.8090664404421,8.498125911807206,8.45725081971757
2025-08-11,2025-06-28,2025-08-01,99280000000.0,408625000000.0,15140818000.0,6.557109397920245,7.233823165961047,227.17999267578125,226.34388732910156,34.64636303732209,31.405245533894572,34.51885176734924,8.417720213754265,8.386739928938349
2025-08-12,2025-06-28,2025-08-01,99280000000.0,408625000000.0,15140818000.0,6.557109397920245,7.233823165961047,229.64999389648438,228.80479431152344,35.02305359878909,31.74669723433505,34.894155400868364,8.509241385837335,8.47792413141196
2025-08-13,2025-06-28,2025-08-01,99280000000.0,408625000000.0,15140818000.0,6.557109397920245,7.233823165961047,233.3300018310547,232.47125244140625,35.58427771619325,32.25541964157977,35.453313088712605,8.645597042921176,8.613777726393117
2025-08-14,2025-06-28,2025-08-01,99280000000.0,408625000000.0,15140818000.0,6.557109397920245,7.233823165961047,232.77999877929688,231.92327880859375,35.5003988271309,32.1793875021233,35.36974369867219,8.62521773155719,8.593473611267482
2025-08-15,2025-06-28,2025-08-01,99280000000.0,408625000000.0,15140818000.0,6.557109397920245,7.233823165961047,231.58999633789062,230.73764038085938,35.318916047267,32.014882175672156,35.18892645805845,8.581124466620174,8.549542046512187
2025-08-18,2025-06-28,2025-08-01,99280000000.0,408625000000.0,15140818000.0,6.557109397920245,7.233823165961047,230.88999938964844,230.0402374267578,35.21216215530598,31.918114956985356,35.08256816635101,8.555187418241122,8.523701113625764
2025-08-19,2025-06-28,2025-08-01,99280000000.0,408625000000.0,15140818000.0,6.557109397920245,7.233823165961047,230.55999755859375,229.71144104003906,35.161834821868574,31.87249567331147,35.0324246706785,8.542959831422728,8.511518192242182
2025-08-20,2025-06-28,2025-08-01,99280000000.0,408625000000.0,15140818000.0,6.557109397920245,7.233823165961047,226.00999450683594,225.17819213867188,34.46793103353145,31.243505587796527,34.3410759945675,8.374368168881011,8.34354732270581
2025-08-21,2025-06-28,2025-08-01,99280000000.0,408625000000.0,15140818000.0,6.557109397920245,7.233823165961047,224.89999389648438,224.072265625,34.298649030900286,31.090059673390616,34.1724153170405,8.33323921881378,8.302569330500535
2025-08-22,2025-06-28,2025-08-01,99280000000.0,408625000000.0,15140818000.0,6.557109397920245,7.233823165961047,227.75999450683594,226.92173767089844,34.734816926964164,31.48542468919711,34.60697754148688,8.439211072521267,8.408151068384992
2025-08-25,2025-06-28,2025-08-01,99280000000.0,408625000000.0,15140818000.0,6.557109397920245,7.233823165961047,227.16000366210938,226.32395935058594,34.64331458830914,31.402482262908638,34.515812626577556,8.416979559075758,8.386001535800844
2025-08-26,2025-06-28,2025-08-01,99280000000.0,408625000000.0,15140818000.0,6.557109397920245,7.233823165961047,229.30999755859375,228.46604919433594,34.971202040845206,31.6996963151682,34.84249466187033,8.496643471679688,8.465372578844876
2025-08-27,2025-06-28,2025-08-01,99280000000.0,408625000000.0,15140818000.0,6.557109397920245,7.233823165961047,230.49000549316406,229.64170837402344,35.15116059620263,31.862820006126373,35.02179000503792,8.540366409277448,8.508934381646167
2025-08-28,2025-06-28,2025-08-01,99280000000.0,408625000000.0,15140818000.0,6.557109397920245,7.233823165961047,232.55999755859375,231.7041015625,35.46684727150596,32.148974646340704,35.33631780430427,8.617066007011593,8.585352417525428
2025-08-29,2025-06-28,2025-08-01,99280000000.0,408625000000.0,15140818000.0,6.557109397920245,7.233823165961047,232.13999938964844,231.28562927246094,35.40279493632935,32.09091431512863,35.27249817515918,8.601503777984162,8.569846727023075
2025-09-02,2025-06-28,2025-08-01,99280000000.0,408625000000.0,15140818000.0,6.557109397920245,7.233823165961047,229.72000122070312,228.8745574951172,35.03373015151535,31.75637501088731,34.90479472062958,8.511835373367864,8.480509072778478
2025-09-03,2025-06-28,2025-08-01,99280000000.0,408625000000.0,15140818000.0,6.557109397920245,7.233823165961047,238.47000122070312,237.59234619140625,36.36815961867892,32.96597051789021,36.234311763467716,8.83604989156915,8.803530062715387
2025-09-04,2025-06-28,2025-08-01,99280000000.0,408625000000.0,15140818000.0,6.557109397920245,7.233823165961047,239.77999877929688,238.89749145507812,36.56794240086177,33.14706390772562,36.43335454047031,8.884589346118217,8.85188972475471
2025-09-05,2025-06-28,2025-08-01,99280000000.0,408625000000.0,15140818000.0,6.557109397920245,7.233823165961047,239.69000244140625,238.80784606933594,36.55421739912256,33.13462286018742,36.419683061118356,8.881254703909178,8.84856808640644
2025-09-08,2025-06-28,2025-08-01,99280000000.0,408625000000.0,15140818000.0,6.557109397920245,7.233823165961047,237.8800048828125,237.0045166015625,36.27818150453037,32.88440972709471,36.144664091883925,8.814188705462895,8.781749161314742
2025-09-09,2025-06-28,2025-08-01,99280000000.0,408625000000.0,15140818000.0,6.557109397920245,7.233823165961047,234.35000610351562,233.48751831054688,35.7398347170852,32.39642450844748,35.608299959827335,8.683391350779369,8.65143351486487
2025-09-10,2025-06-28,2025-08-01,99280000000.0,408625000000.0,15140818000.0,6.557109397920245,7.233823165961047,226.7899932861328,225.955322265625,34.586885702725205,31.351332218528558,34.459593176422,8.403269532129846,8.372342393527502
2025-09-11,2025-06-28,2025-08-01,99280000000.0,408625000000.0,15140818000.0,6.557109397920245,7.233823165961047,230.02999877929688,229.1833953857422,35.08100670887949,31.799228914208097,34.95189442140977,8.5233217401225,8.491952470254054
2025-09-12,2025-06-28,2025-08-01,99280000000.0,408625000000.0,15140818000.0,6.557109397920245,7.233823165961047,234.07000732421875,233.20855712890625,35.697133160300794,32.357717620972764,35.56575664314436,8.673016531427747,8.641097141710302
2025-09-15,2025-06-28,2025-08-01,99280000000.0,408625000000.0,15140818000.0,6.557109397920245,7.233823165961047,236.6999969482422,235.828857421875,36.09822294917295,32.72128603613653,35.965368748716344,8.770465767865135,8.73818735851345
2025-09-16,2025-06-28,2025-08-01,99280000000.0,408625000000.0,15140818000.0,6.557109397920245,7.233823165961047,238.14999389648438,237.2735137939453,36.31935650974799,32.921732869709295,36.18568783818105,8.82419263209001,8.791716337900557
2025-09-17,2025-06-28,2025-08-01,99280000000.0,408625000000.0,15140818000.0,6.557109397920245,7.233823165961047,238.99000549316406,238.11044311523438,36.44746350716154,33.03785564150062,36.313324769410926,8.855317655530124,8.822727153520017
2025-09-18,2025-06-28,2025-08-01,99280000000.0,408625000000.0,15140818000.0,6.557109397920245,7.233823165961047,237.8800048828125,237.0045166015625,36.27818150453037,32.88440972709471,36.144664091883925,8.814188705462895,8.781749161314742
2025-09-19,2025-06-28,2025-08-01,99280000000.0,408625000000.0,15140818000.0,6.557109397920245,7.233823165961047,245.5,244.59646606445312,37.440278192989524,33.937793939338604,37.30248364348369,9.096533053533191,9.063054331294124
2025-09-22,2025-06-28,2025-08-01,99280000000.0,408625000000.0,15140818000.0,6.557109397920245,7.233823165961047,256.0799865722656,255.13751220703125,39.05379200375823,35.40036585042015,38.910058796327945,9.488554224859266,9.453632639460235
2025-09-23,2025-06-28,2025-08-01,99280000000.0,408625000000.0,15140818000.0,6.557109397920245,7.233823165961047,254.42999267578125,253.4936065673828,38.80215766363151,35.1722715414179,38.659352953266996,9.427416856152552,9.392720859468579
2025-09-24,2025-06-28,2025-08-01,99280000000.0,408625000000.0,15140818000.0,6.557109397920245,7.233823165961047,252.30999755859375,251.3813934326172,38.478845211675186,34.8792045050044,38.33722730207143,9.348864490951636,9.314456840745555
2025-09-25,2025-06-28,2025-08-01,99280000000.0,408625000000.0,15140818000.0,6.557109397920245,7.233823165961047,256.8699951171875,255.9246063232422,39.17427322451878,35.509576226012314,39.03009554856828,9.517826480832609,9.48279690685068
2025-09-26,2025-06-28,2025-08-01,99280000000.0,408625000000.0,15140818000.0,6.557109397920245,7.233823165961047,255.4600067138672,254.51980590820312,38.95924121609026,35.314660153145745,38.81585474064694,9.465582056735249,9.430744713738582
2025-09-29,2025-06-28,2025-08-01,99280000000.0,408625000000.0,15140818000.0,6.557109397920245,7.233823165961047,254.42999267578125,253.4936065673828,38.80215766363151,35.1722715414179,38.659352953266996,9.427416856152552,9.392720859468579
2025-09-30,2025-06-28,2025-08-01,99280000000.0,408625000000.0,15140818000.0,6.557109397920245,7.233823165961047,254.6300048828125,253.69287109375,38.83266077024351,35.199921126214555,38.689742033923544,9.43482792601964,9.400104225458378
2025-10-01,2025-06-28,2025-08-01,99280000000.0,408625000000.0,15140818000.0,6.557109397920245,7.233823165961047,255.4499969482422,254.5098419189453,38.95771466452347,35.31327640828562,38.814335170261096,9.465211164010745,9.430375517169828
2025-10-02,2025-06-28,2025-08-01,99280000000.0,408625000000.0,15140818000.0,6.557109397920245,7.233823165961047,257.1300048828125,256.18365478515625,39.21392633229024,35.5455198425011,39.06960205153988,9.527460645505721,9.492395452252994
2025-10-03,2025-06-28,2025-08-01,99280000000.0,408625000000.0,15140818000.0,6.557109397920245,7.233823165961047,258.0199890136719,257.07037353515625,39.34965445223615,35.668550791757255,39.204832180578336,9.560437305642106,9.525251119945715
2025-10-06,2025-06-28,2025-08-01,99280000000.0,408625000000.0,15140818000.0,6.557109397920245,7.233823165961047,256.69000244140625,255.74526977539062,39.146823221040364,35.48469413093592,39.00274560868342,9.511157196414532,9.476151933998386
2025-10-07,2025-06-28,2025-08-01,99280000000.0,408625000000.0,15140818000.0,6.557109397920245,7.233823165961047,256.4800109863281,255.53607177734375,39.114798216982216,35.45566502001346,38.970841611761664,9.503376364593441,9.468400502210335
2025-10-08,2025-06-28,2025-08-01,99280000000.0,408625000000.0,15140818000.0,6.557109397920245,7.233823165961047,258.05999755859375,257.1102600097656,39.35575600438268,35.674081552463456,39.21091511624234,9.561919745769623,9.526729036991226
2025-10-09,2025-06-28,2025-08-01,99280000000.0,408625000000.0,15140818000.0,6.557109397920245,7.233823165961047,254.0399932861328,253.10501098632812,38.742680329034634,35.11835822605188,38.60008970821912,9.412966174528133,9.37832219328723
2025-10-10,2025-06-28,2025-08-01,99280000000.0,408625000000.0,15140818000.0,6.557109397920245,7.233823165961047,245.27000427246094,244.36732482910156,37.40520241285811,33.90599944806305,37.26753817872993,9.088011001648342,9.054563940983316
2025-10-13,2025-06-28,2025-08-01,99280000000.0,408625000000.0,15140818000.0,6.557109397920245,7.233823165961047,247.66000366210938,246.74851989746094,37.769692197092375,34.236391736458295,37.63068524916231,9.176567858861626,9.142794570906908
2025-10-14,2025-06-28,2025-08-01,99280000000.0,408625000000.0,15140818000.0,6.557109397920245,7.233823165961047,247.77000427246094,246.8581085205078,37.786467974904845,34.25159816434959,37.64739819634627,9.180643721134423,9.146855167777932
2025-10-15,2025-06-28,2025-08-01,99280000000.0,408625000000.0,15140818000.0,6.557109397920245,7.233823165961047,249.33999633789062,248.42233276367188,38.02590153779883,34.46863306130661,37.885952130441105,9.238816774971351,9.204814505990072
2025-10-16,2025-06-28,2025-08-01,99280000000.0,408625000000.0,15140818000.0,6.557109397920245,7.233823165961047,247.4499969482422,246.53927612304688,37.73766486597391,34.20736051616868,37.59877427105961,9.168786461655284,9.135041442963104
2025-10-17,2025-06-28,2025-08-01,99280000000.0,408625000000.0,15140818000.0,6.557109397920245,7.233823165961047,252.2899932861328,251.36146545410156,38.47579443560192,34.876439124651306,38.33418816129975,9.348123270887877,9.313718447608048
2025-10-20,2025-06-28,2025-08-01,99280000000.0,408625000000.0,15140818000.0,6.557109397920245,7.233823165961047,262.239990234375,261.27484130859375,39.99323090713587,36.25192159359832,39.84603968807715,9.71680138136543,9.681039633483756
2025-10-21,2025-06-28,2025-08-01,99280000000.0,408625000000.0,15140818000.0,6.557109397920245,7.233823165961047,262.7699890136719,261.8028869628906,40.07405902012495,36.32518835270169,39.92656993734589,9.73643947266566,9.700605355471886
2025-10-22,2025-06-28,2025-08-01,99280000000.0,408625000000.0,15140818000.0,6.557109397920245,7.233823165961047,258.45001220703125,257.4988098144531,39.41523566603987,35.72799697719663,39.27017138010927,9.576370992779292,9.541126007016821
2025-10-23,2025-06-28,2025-08-01,99280000000.0,408625000000.0,15140818000.0,6.557109397920245,7.233823165961047,259.5799865722656,258.6246032714844,39.58756379062366,35.88420405322131,39.44186189016669,9.61824003213978,9.582840130818598
2025-10-24,2025-06-28,2025-08-01,99280000000.0,408625000000.0,15140818000.0,6.557109397920245,7.233823165961047,262.82000732421875,261.85272216796875,40.081687123838265,36.332102858268016,39.934170116335416,9.738292805517682,9.7024519037009
2025-10-27,2025-06-28,2025-08-01,99280000000.0,408625000000.0,15140818000.0,6.557109397920245,7.233823165961047,268.80999755859375,267.8206481933594,40.995197921183646,37.16015603249559,40.84431598446498,9.960240439559772,9.923581990670378
2025-10-28,2025-06-28,2025-08-01,99280000000.0,408625000000.0,15140818000.0,6.557109397920245,7.233823165961047,269.0,268.00994873046875,41.02417447622884,37.18642187243211,40.87318549473568,9.967280616702356,9.930596160091424
2025-10-29,2025-06-28,2025-08-01,99280000000.0,408625000000.0,15140818000.0,6.557109397920245,7.233823165961047,269.70001220703125,268.7073974609375,41.130930695250186,37.28319120048608,40.97955076762406,9.99321823046666,9.956438789133598
2025-10-30,2025-06-28,2025-08-01,99280000000.0,408625000000.0,15140818000.0,6.557109397920245,7.233823165961047,271.3999938964844,270.401123046875,41.390188484969585,37.518195796320335,41.237854462614216,10.056207801254894,10.019196551969017
2025-10-31,2025-09-27,2025-10-31,112010000000.0,416161000000.0,15039968500.0,7.447489002387206,7.447489002387206,270.3699951171875,269.3749084472656,36.30351048931036,36.30351048931036,36.16989677472778,9.771113126668894,9.735150909713449
2025-11-03,2025-09-27,2025-10-31,112010000000.0,416161000000.0,15039968500.0,7.447489002387206,7.447489002387206,269.04998779296875,268.0597839355469,36.12626855933965,36.12626855933965,35.99331047680949,9.72340834756653,9.687622594398396
2025-11-04,2025-09-27,2025-10-31,112010000000.0,416161000000.0,15039968500.0,7.447489002387206,7.447489002387206,270.0400085449219,269.0461730957031,36.25920205566785,36.25920205566785,36.1257563467987,9.75918748334264,9.723270485232693
2025-11-05,2025-09-27,2025-10-31,112010000000.0,416161000000.0,15039968500.0,7.447489002387206,7.447489002387206,270.1400146484375,269.1457824707031,36.27263021964145,36.27263021964145,36.139131240668036,9.762801682286515,9.72687034649385
2025-11-06,2025-09-27,2025-10-31,112010000000.0,416161000000.0,15039968500.0,7.447489002387206,7.447489002387206,269.7699890136719,268.7771301269531,36.2229456031691,36.2229456031691,36.089631020710435,9.749429035904305,9.713547330551819
2025-11-07,2025-09-27,2025-10-31,112010000000.0,416161000000.0,15039968500.0,7.447489002387206,7.447489002387206,268.4700012207031,267.48193359375,36.04839176461331,36.04839176461331,35.915720521106074,9.702447758329917,9.666739208068732
2025-11-10,2025-09-27,2025-10-31,112010000000.0,416161000000.0,15039968500.0,7.447489002387206,7.447489002387206,269.42999267578125,268.6985778808594,36.177293123819126,36.177293123819126,36.07908354006715,9.737141641814059,9.710708469373444
2025-11-11,2025-09-27,2025-10-31,112010000000.0,416161000000.0,15039968500.0,7.447489002387206,7.447489002387206,275.25,274.5028076171875,36.95876555329881,36.95876555329881,36.858437458477454,9.947475447302846,9.92047207624948
2025-11-12,2025-09-27,2025-10-31,112010000000.0,416161000000.0,15039968500.0,7.447489002387206,7.447489002387206,273.4700012207031,272.7276916503906,36.71975898628994,36.71975898628994,36.620086523521,9.883146676537052,9.856319769270998
2025-11-13,2025-09-27,2025-10-31,112010000000.0,416161000000.0,15039968500.0,7.447489002387206,7.447489002387206,272.95001220703125,272.20904541015625,36.64993827040769,36.64993827040769,36.55044610645317,9.864354386087031,9.837576006362488
2025-11-14,2025-09-27,2025-10-31,112010000000.0,416161000000.0,15039968500.0,7.447489002387206,7.447489002387206,272.4100036621094,271.6705322265625,36.57742946311052,36.57742946311052,36.47813808647205,9.844838594109033,9.818114256419355
2025-11-17,2025-09-27,2025-10-31,112010000000.0,416161000000.0,15039968500.0,7.447489002387206,7.447489002387206,267.4599914550781,266.73394775390625,35.91277427457052,35.91277427457052,35.815285886076204,9.6659462239245,9.639707161649927
2025-11-18,2025-09-27,2025-10-31,112010000000.0,416161000000.0,15039968500.0,7.447489002387206,7.447489002387206,267.44000244140625,266.7139892578125,35.91009028085593,35.91009028085593,35.81260599006195,9.665223825295193,9.638985865919292
2025-11-19,2025-09-27,2025-10-31,112010000000.0,416161000000.0,15039968500.0,7.447489002387206,7.447489002387206,268.55999755859375,267.83099365234375,36.060475882879444,36.060475882879444,35.96259001745335,9.705700206509805,9.679354163064176
2025-11-20,2025-09-27,2025-10-31,112010000000.0,416161000000.0,15039968500.0,7.447489002387206,7.447489002387206,266.25,265.5272521972656,35.750304554280866,35.750304554280866,35.653258717421934,9.622217394530002,9.596097445311864
2025-11-21,2025-09-27,2025-10-31,112010000000.0,416161000000.0,15039968500.0,7.447489002387206,7.447489002387206,271.489990234375,270.75299072265625,36.453896091333874,36.453896091333874,36.354936628421946,9.811589507883506,9.784954504986151
2025-11-24,2025-09-27,2025-10-31,112010000000.0,416161000000.0,15039968500.0,7.447489002387206,7.447489002387206,275.9200134277344,275.1710205078125,37.048730563991626,37.048730563991626,36.94816070485094,9.971689587618018,9.944621145543081
2025-11-25,2025-09-27,2025-10-31,112010000000.0,416161000000.0,15039968500.0,7.447489002387206,7.447489002387206,276.9700012207031,276.2181396484375,37.18971604146359,37.18971604146359,37.088760998492106,10.009635919282049,9.982463804732065
2025-11-26,2025-09-27,2025-10-31,112010000000.0,416161000000.0,15039968500.0,7.447489002387206,7.447489002387206,277.54998779296875,276.7966003417969,37.267592836189934,37.267592836189934,37.166432908202076,10.030596508518661,10.003369249035144
2025-11-28,2025-09-27,2025-10-31,112010000000.0,416161000000.0,15039968500.0,7.447489002387206,7.447489002387206,278.8500061035156,278.0930480957031,37.442150772446055,37.442150772446055,37.34051141351986,10.077578888991718,10.05022259036373
2025-12-01,2025-09-27,2025-10-31,112010000000.0,416161000000.0,15039968500.0,7.447489002387206,7.447489002387206,283.1000061035156,282.3315124511719,38.0128129108712,38.0128129108712,37.90962462122116,10.231172969467785,10.203399775142271
2025-12-02,2025-09-27,2025-10-31,112010000000.0,416161000000.0,15039968500.0,7.447489002387206,7.447489002387206,286.19000244140625,285.4131164550781,38.42771736214332,38.42771736214332,38.32340220490319,10.342844768571954,10.314768277111998
2025-12-03,2025-09-27,2025-10-31,112010000000.0,416161000000.0,15039968500.0,7.447489002387206,7.447489002387206,284.1499938964844,283.378662109375,38.153798388343155,38.153798388343155,38.05022901256266,10.269119301131814,10.241243537229927
2025-12-04,2025-09-27,2025-10-31,112010000000.0,416161000000.0,15039968500.0,7.447489002387206,7.447489002387206,280.70001220703125,279.9380187988281,37.690557464006474,37.690557464006474,37.58824198452623,10.144437709308093,10.116899432399439
2025-12-05,2025-09-27,2025-10-31,112010000000.0,416161000000.0,15039968500.0,7.447489002387206,7.447489002387206,278.7799987792969,278.0232238769531,37.4327506478945,37.4327506478945,37.331135875170276,10.075048839441138,10.047699158205173
2025-12-08,2025-09-27,2025-10-31,112010000000.0,416161000000.0,15039968500.0,7.447489002387206,7.447489002387206,277.8900146484375,277.1356506347656,37.313249413240236,37.313249413240236,37.21195835884189,10.042885005507577,10.015622453266596
2025-12-09,2025-09-27,2025-10-31,112010000000.0,416161000000.0,15039968500.0,7.447489002387206,7.447489002387206,277.17999267578125,276.4275817871094,37.21791231741791,37.21791231741791,37.116883515840534,10.017224965035119,9.990032998309065
2025-12-10,2025-09-27,2025-10-31,112010000000.0,416161000000.0,15039968500.0,7.447489002387206,7.447489002387206,278.7799987792969,278.0232238769531,37.4327506478945,37.4327506478945,37.331135875170276,10.075048839441138,10.047699158205173
2025-12-11,2025-09-27,2025-10-31,112010000000.0,416161000000.0,15039968500.0,7.447489002387206,7.447489002387206,278.0299987792969,277.2752685546875,37.33204556464301,37.33204556464301,37.23070533784073,10.047944001710068,10.020668214685038
2025-12-12,2025-09-27,2025-10-31,112010000000.0,416161000000.0,15039968500.0,7.447489002387206,7.447489002387206,278.2799987792969,277.5245666503906,37.36561392572684,37.36561392572684,37.26417945181703,10.056978947620424,10.02967779392597
2025-12-15,2025-09-27,2025-10-31,112010000000.0,416161000000.0,15039968500.0,7.447489002387206,7.447489002387206,274.1099853515625,273.3658752441406,36.80569185986038,36.80569185986038,36.70577763277212,9.906275564560257,9.879383586272631
2025-12-16,2025-09-27,2025-10-31,112010000000.0,416161000000.0,15039968500.0,7.447489002387206,7.447489002387206,274.6099853515625,273.8645324707031,36.87282858202804,36.87282858202804,36.772734056125365,9.924345456380971,9.897404950551834
2025-12-17,2025-09-27,2025-10-31,112010000000.0,416161000000.0,15039968500.0,7.447489002387206,7.447489002387206,271.8399963378906,271.10205078125,36.500892616391305,36.500892616391305,36.401806124769216,9.824238652737739,9.797569459981595
2025-12-18,2025-09-27,2025-10-31,112010000000.0,416161000000.0,15039968500.0,7.447489002387206,7.447489002387206,272.19000244140625,271.4511413574219,36.547889141448735,36.547889141448735,36.44867971881682,9.836887797591972,9.810185517875707
2025-12-19,2025-09-27,2025-10-31,112010000000.0,416161000000.0,15039968500.0,7.447489002387206,7.447489002387206,273.6700134277344,272.9271240234375,36.74661531423714,36.74661531423714,36.64686499516198,9.890375074424806,9.863527212084009
2025-12-22,2025-09-27,2025-10-31,112010000000.0,416161000000.0,15039968500.0,7.447489002387206,7.447489002387206,270.9700012207031,270.23443603515625,36.38407537545162,36.38407537545162,36.28530850445509,9.792797217433485,9.766214050773653
2025-12-23,2025-09-27,2025-10-31,112010000000.0,416161000000.0,15039968500.0,7.447489002387206,7.447489002387206,272.3599853515625,271.62066650390625,36.570713332273556,36.570713332273556,36.47144244413673,9.84303094318776,9.816312119991434
2025-12-24,2025-09-27,2025-10-31,112010000000.0,416161000000.0,15039968500.0,7.447489002387206,7.447489002387206,273.80999755859375,273.06671142578125,36.765411465639914,36.765411465639914,36.66560787646049,9.895434070627298,9.86857187060378
2025-12-26,2025-09-27,2025-10-31,112010000000.0,416161000000.0,15039968500.0,7.447489002387206,7.447489002387206,273.3999938964844,272.6578674316406,36.71035886173839,36.71035886173839,36.61071098517142,9.880616626986473,9.853796337112442
2025-12-29,2025-09-27,2025-10-31,112010000000.0,416161000000.0,15039968500.0,7.447489002387206,7.447489002387206,273.760009765625,273.0168762207031,36.75869943250328,36.75869943250328,36.658916331825495,9.893627522604694,9.866770837074531
2025-12-30,2025-09-27,2025-10-31,112010000000.0,416161000000.0,15039968500.0,7.447489002387206,7.447489002387206,273.0799865722656,272.33868408203125,36.66739037610301,36.66739037610301,36.567853137444885,9.869051631525535,9.842261119915612
2025-12-31,2025-09-27,2025-10-31,112010000000.0,416161000000.0,15039968500.0,7.447489002387206,7.447489002387206,271.8599853515625,271.12200927734375,36.503576610105895,36.503576610105895,36.40448602078348,9.824961051367046,9.798290755712232
2026-01-02,2025-09-27,2025-10-31,112010000000.0,416161000000.0,15039968500.0,7.447489002387206,7.447489002387206,271.010009765625,270.27435302734375,36.38944746058113,36.38944746058113,36.29066829648362,9.79424311759077,9.767656642234929
2026-01-05,2025-09-27,2025-10-31,112010000000.0,416161000000.0,15039968500.0,7.447489002387206,7.447489002387206,267.260009765625,266.5345458984375,35.88592204432365,35.88592204432365,35.78851151213556,9.658718928935418,9.632500821735588
2026-01-06,2025-09-27,2025-10-31,112010000000.0,416161000000.0,15039968500.0,7.447489002387206,7.447489002387206,262.3599853515625,261.6478271484375,35.22797888892028,35.22797888892028,35.13235495407503,9.481633106773488,9.455895863394083
2026-01-07,2025-09-27,2025-10-31,112010000000.0,416161000000.0,15039968500.0,7.447489002387206,7.447489002387206,260.3299865722656,259.6233215332031,34.95540396082759,34.95540396082759,34.860517612041306,9.408269390097336,9.382730668478658
2026-01-08,2025-09-27,2025-10-31,112010000000.0,416161000000.0,15039968500.0,7.447489002387206,7.447489002387206,259.0400085449219,258.3368225097656,34.78219416797925,34.78219416797925,34.687774957030314,9.361649863286939,9.336236872116718
2026-01-09,2025-09-27,2025-10-31,112010000000.0,416161000000.0,15039968500.0,7.447489002387206,7.447489002387206,259.3699951171875,258.6659240722656,34.82650260162176,34.82650260162176,34.73196455736333,9.373575506613195,9.348130531381525
2026-01-12,2025-09-27,2025-10-31,112010000000.0,416161000000.0,15039968500.0,7.447489002387206,7.447489002387206,260.25,259.54351806640625,34.944663888268906,34.944663888268906,34.84980212568459,9.405378692681438,9.379846588454782
2026-01-13,2025-09-27,2025-10-31,112010000000.0,416161000000.0,15039968500.0,7.447489002387206,7.447489002387206,261.04998779296875,260.34136962890625,35.05208100465703,35.05208100465703,34.956932403049784,9.434290078435112,9.408680771301507
2026-01-14,2025-09-27,2025-10-31,112010000000.0,416161000000.0,15039968500.0,7.447489002387206,7.447489002387206,259.9599914550781,259.2543029785156,34.90572344205557,34.90572344205557,34.81096821967977,9.394897846613796,9.369394417752579
2026-01-15,2025-09-27,2025-10-31,112010000000.0,416161000000.0,15039968500.0,7.447489002387206,7.447489002387206,258.2099914550781,257.50909423828125,34.67074491446874,34.67074491446874,34.57663303104438,9.331653225241299,9.306322951471381
2026-01-16,2025-09-27,2025-10-31,112010000000.0,416161000000.0,15039968500.0,7.447489002387206,7.447489002387206,255.52999877929688,254.83633422851562,34.31089306709815,34.31089306709815,34.21775233865143,9.234798869777956,9.209729982992993
2026-01-20,2025-09-27,2025-10-31,112010000000.0,416161000000.0,15039968500.0,7.447489002387206,7.447489002387206,246.6999969482422,246.0303192138672,33.12525830775519,33.12525830775519,33.03533837176598,8.915684514050232,8.891482505620438
2026-01-21,2025-09-27,2025-10-31,112010000000.0,416161000000.0,15039968500.0,7.447489002387206,7.447489002387206,247.64999389648438,246.9777374267578,33.25281767010372,33.25281767010372,33.162551478436825,8.95001719821972,8.925721994852253
2026-01-22,2025-09-27,2025-10-31,112010000000.0,416161000000.0,15039968500.0,7.447489002387206,7.447489002387206,248.35000610351562,247.67584228515625,33.34681072021858,33.34681072021858,33.25628842228121,8.975315487928189,8.950951353393801
2026-01-23,2025-09-27,2025-10-31,112010000000.0,416161000000.0,15039968500.0,7.447489002387206,7.447489002387206,248.0399932861328,247.36666870117188,33.305184231440485,33.305184231440485,33.214774620262126,8.964111691781904,8.939777886960963
2026-01-26,2025-09-27,2025-10-31,112010000000.0,416161000000.0,15039968500.0,7.447489002387206,7.447489002387206,255.41000366210938,254.71669006347656,34.29478090940996,34.29478090940996,34.20168730451701,9.230462272204772,9.205406068754522
2026-01-27,2025-09-27,2025-10-31,112010000000.0,416161000000.0,15039968500.0,7.447489002387206,7.447489002387206,258.2699890136719,257.56890869140625,34.67880099331284,34.67880099331284,34.58466452368651,9.333821524027892,9.308484632865948
2026-01-28,2025-09-27,2025-10-31,112010000000.0,416161000000.0,15039968500.0,7.447489002387206,7.447489002387206,256.44000244140625,255.74388122558594,34.43308239316733,34.43308239316733,34.33961179984424,9.267686205239494,9.242528535111541
2026-01-29,2025-09-27,2025-10-31,112010000000.0,416161000000.0,15039968500.0,7.447489002387206,7.447489002387206,258.2799987792969,257.5788879394531,34.680145039020296,34.680145039020296,34.58600447169364,9.33418327479188,9.308845280731267
2026-01-30,2025-12-27,2026-01-30,117777000000.0,435617000000.0,14954841250.0,7.875509878782565,7.875509878782565,259.4800109863281,258.7756652832031,32.94770941566514,32.94770941566514,32.858274482058796,8.908014085420893,8.883833720156558
2026-02-02,2025-12-27,2026-01-30,117777000000.0,435617000000.0,14954841250.0,7.875509878782565,7.875509878782565,270.010009765625,269.27703857421875,34.284765548077054,34.284765548077054,34.19169586716904,9.269511593798846,9.244348508317096
2026-02-03,2025-12-27,2026-01-30,117777000000.0,435617000000.0,14954841250.0,7.875509878782565,7.875509878782565,269.4800109863281,268.7485046386719,34.21746847303627,34.21746847303627,34.12458479199017,9.251316602310728,9.226203805283602
2026-02-04,2025-12-27,2026-01-30,117777000000.0,435617000000.0,14954841250.0,7.875509878782565,7.875509878782565,276.489990234375,275.7394104003906,35.10756693725539,35.10756693725539,35.012261383007214,9.491970954230732,9.466203359617372
2026-02-05,2025-12-27,2026-01-30,117777000000.0,435617000000.0,14954841250.0,7.875509878782565,7.875509878782565,275.9100036621094,275.1610412597656,35.0339226169266,35.0339226169266,34.93882243752596,9.472059869228621,9.446347801450575
2026-02-06,2025-12-27,2026-01-30,117777000000.0,435617000000.0,14954841250.0,7.875509878782565,7.875509878782565,278.1199951171875,277.364990234375,35.314538283606424,35.314538283606424,35.21867085477537,9.547929432111957,9.522009924458592
2026-02-09,2025-12-27,2026-01-30,117777000000.0,435617000000.0,14954841250.0,7.875509878782565,7.875509878782565,274.6199951171875,274.13079833984375,34.87012261352653,34.87012261352653,34.80800640963963,9.427773551200515,9.410979302708864
2026-02-10,2025-12-27,2026-01-30,117777000000.0,435617000000.0,14954841250.0,7.875509878782565,7.875509878782565,273.67999267578125,273.19244384765625,34.75076495213387,34.75076495213387,34.688857998091635,9.395503030798778,9.378765356818578
2026-02-11,2025-12-27,2026-01-30,117777000000.0,435617000000.0,14954841250.0,7.875509878782565,7.875509878782565,275.5,275.00921630859375,34.98186203057473,34.98186203057473,34.91954432683742,9.457984340315,9.441135612664176
2026-02-12,2025-12-27,2026-01-30,117777000000.0,435617000000.0,14954841250.0,7.875509878782565,7.875509878782565,261.7300109863281,261.2637939453125,33.233405203573646,33.233405203573646,33.17420687252061,8.985257151721106,8.969251803361345
2026-02-13,2025-12-27,2026-01-30,117777000000.0,435617000000.0,14954841250.0,7.875509878782565,7.875509878782565,255.77999877929688,255.32435607910156,32.477897014438966,32.477897014438966,32.42004136988916,8.780991735101198,8.765349406523246
2026-02-17,2025-12-27,2026-01-30,117777000000.0,435617000000.0,14954841250.0,7.875509878782565,7.875509878782565,263.8800048828125,263.4099426269531,33.50640262590901,33.50640262590901,33.44671604521844,9.059066983317193,9.04292962776405
2026-02-18,2025-12-27,2026-01-30,117777000000.0,435617000000.0,14954841250.0,7.875509878782565,7.875509878782565,264.3500061035156,263.8791198730469,33.56608145660534,33.56608145660534,33.506290250992436,9.075202243518062,9.059036600709192
2026-02-19,2025-12-27,2026-01-30,117777000000.0,435617000000.0,14954841250.0,7.875509878782565,7.875509878782565,260.5799865722656,260.11578369140625,33.087379811978266,33.087379811978266,33.02843723073537,8.945776524137864,8.92984032240321
2026-02-20,2025-12-27,2026-01-30,117777000000.0,435617000000.0,14954841250.0,7.875509878782565,7.875509878782565,264.5799865722656,264.1086730957031,33.59528343492672,33.59528343492672,33.535437979354086,9.083097530893799,9.066917220618999
2026-02-23,2025-12-27,2026-01-30,117777000000.0,435617000000.0,14954841250.0,7.875509878782565,7.875509878782565,266.17999267578125,265.705810546875,33.798445659105525,33.798445659105525,33.7382359538033,9.1380261431314,9.12174735129963
2026-02-24,2025-12-27,2026-01-30,117777000000.0,435617000000.0,14954841250.0,7.875509878782565,7.875509878782565,272.1400146484375,271.6552429199219,34.55522484729665,34.55522484729665,34.49367051799263,9.342635197524563,9.325992862072917
2026-02-25,2025-12-27,2026-01-30,117777000000.0,435617000000.0,14954841250.0,7.875509878782565,7.875509878782565,274.2300109863281,273.74151611328125,34.82060402528756,34.82060402528756,34.75857694633449,9.414385297833402,9.397615145892924
2026-02-26,2025-12-27,2026-01-30,117777000000.0,435617000000.0,14954841250.0,7.875509878782565,7.875509878782565,272.95001220703125,272.4637756347656,34.65807502094394,34.65807502094394,34.596334691778004,9.370442617578549,9.353749993672281
2026-02-27,2025-12-27,2026-01-30,117777000000.0,435617000000.0,14954841250.0,7.875509878782565,7.875509878782565,264.17999267578125,263.7093811035156,33.544493847631294,33.544493847631294,33.4847375169925,9.069365639753434,9.053209426029806
2026-03-02,2025-12-27,2026-01-30,117777000000.0,435617000000.0,14954841250.0,7.875509878782565,7.875509878782565,264.7200012207031,264.2484130859375,33.61306192172853,33.61306192172853,33.55318159118179,9.087904269014803,9.071714529654761
2026-03-03,2025-12-27,2026-01-30,117777000000.0,435617000000.0,14954841250.0,7.875509878782565,7.875509878782565,263.75,263.2801818847656,33.48989513816365,33.48989513816365,33.43023955745006,9.054603882969444,9.038474908825403
2026-03-04,2025-12-27,2026-01-30,117777000000.0,435617000000.0,14954841250.0,7.875509878782565,7.875509878782565,262.5199890136719,262.0523376464844,33.33371337910803,33.33371337910803,33.2743329231902,9.012377296228584,8.99632270709034
2026-03-05,2025-12-27,2026-01-30,117777000000.0,435617000000.0,14954841250.0,7.875509878782565,7.875509878782565,260.2900085449219,259.8263244628906,33.05055958931243,33.05055958931243,32.99168288302063,8.935821505474879,8.91990311423457
2026-03-06,2025-12-27,2026-01-30,117777000000.0,435617000000.0,14954841250.0,7.875509878782565,7.875509878782565,257.4599914550781,257.0013427734375,32.69121560607801,32.69121560607801,32.63297827431156,8.838666306496417,8.822920781818874
2026-03-09,2025-12-27,2026-01-30,117777000000.0,435617000000.0,14954841250.0,7.875509878782565,7.875509878782565,259.8800048828125,259.41705322265625,32.99849900296056,32.99849900296056,32.939715296599715,8.921745976561258,8.905852729548261
2026-03-10,2025-12-27,2026-01-30,117777000000.0,435617000000.0,14954841250.0,7.875509878782565,7.875509878782565,260.8299865722656,260.3653564453125,33.119123788412544,33.119123788412544,33.06012695720992,8.95435908706011,8.938408217859525
2026-03-11,2025-12-27,2026-01-30,117777000000.0,435617000000.0,14954841250.0,7.875509878782565,7.875509878782565,260.80999755859375,260.3453674316406,33.11658566529677,33.11658566529677,33.05758883409414,8.95367285918974,8.937721989989155
2026-03-12,2025-12-27,2026-01-30,117777000000.0,435617000000.0,14954841250.0,7.875509878782565,7.875509878782565,255.75999450683594,255.30438232421875,32.47535695382463,32.47535695382463,32.417505184271945,8.780304983392758,8.764663702490944
2026-03-13,2025-12-27,2026-01-30,117777000000.0,435617000000.0,14954841250.0,7.875509878782565,7.875509878782565,250.1199951171875,249.6744384765625,31.75921292296725,31.75921292296725,31.70263796496671,8.586682384820415,8.571386313206059
2026-03-16,2025-12-27,2026-01-30,117777000000.0,435617000000.0,14954841250.0,7.875509878782565,7.875509878782565,252.82000732421875,252.36964416503906,32.10204941845631,32.10204941845631,32.04486414840884,8.679374483451125,8.66391340284504
2026-03-17,2025-12-27,2026-01-30,117777000000.0,435617000000.0,14954841250.0,7.875509878782565,7.875509878782565,254.22999572753906,253.77711486816406,32.281083973046734,32.281083973046734,32.22357901573659,8.72777974021566,8.712232226328192
2026-03-18,2025-12-27,2026-01-30,117777000000.0,435617000000.0,14954841250.0,7.875509878782565,7.875509878782565,249.94000244140625,249.49476623535156,31.73635818993388,31.73635818993388,31.67982391940313,8.58050319095867,8.565218119943765
2026-03-19,2025-12-27,2026-01-30,117777000000.0,435617000000.0,14954841250.0,7.875509878782565,7.875509878782565,248.9600067138672,248.5165252685547,31.61192234481111,31.61192234481111,31.55561088661495,8.546859690978126,8.531634861341153
2026-03-20,2025-12-27,2026-01-30,117777000000.0,435617000000.0,14954841250.0,7.875509878782565,7.875509878782565,247.99000549316406,247.54823303222656,31.488755561246222,31.488755561246222,31.43266110288897,8.513559304932766,8.49839314515952
2026-03-23,2025-12-27,2026-01-30,117777000000.0,435617000000.0,14954841250.0,7.875509878782565,7.875509878782565,251.49000549316406,251.04200744628906,31.93317123132612,31.93317123132612,31.87628627355571,8.633715185844208,8.618335300138817
2026-03-24,2025-12-27,2026-01-30,117777000000.0,435617000000.0,14954841250.0,7.875509878782565,7.875509878782565,251.63999938964844,251.1917266845703,31.952216842187262,31.952216842187262,31.895297009442743,8.638864514062329,8.623475199271695
2026-03-25,2025-12-27,2026-01-30,117777000000.0,435617000000.0,14954841250.0,7.875509878782565,7.875509878782565,252.6199951171875,252.16998291015625,32.07665268731004,32.07665268731004,32.01951197972949,8.672508014042874,8.657058981712375
2026-03-26,2025-12-27,2026-01-30,117777000000.0,435617000000.0,14954841250.0,7.875509878782565,7.875509878782565,252.88999938964844,252.43951416015625,32.11093672435865,32.11093672435865,32.05373595432269,8.681777328673558,8.666312057362921
2026-03-27,2025-12-27,2026-01-30,117777000000.0,435617000000.0,14954841250.0,7.875509878782565,7.875509878782565,248.8000030517578,248.35679626464844,31.591605734893516,31.591605734893516,31.535329151671466,8.541366724986752,8.52615132443502
2026-03-30,2025-12-27,2026-01-30,117777000000.0,435617000000.0,14954841250.0,7.875509878782565,7.875509878782565,246.6300048828125,246.19065856933594,31.316068251943808,31.316068251943808,31.26028185585786,8.466870141682225,8.451787272161948
2026-03-31,2025-12-27,2026-01-30,117777000000.0,435617000000.0,14954841250.0,7.875509878782565,7.875509878782565,253.7899932861328,253.337890625,32.225214264522634,32.225214264522634,32.16780811963913,8.712674345658415,8.697153547512467
2026-04-01,2025-12-27,2026-01-30,117777000000.0,435617000000.0,14954841250.0,7.875509878782565,7.875509878782565,255.6300048828125,255.17462158203125,32.458851403577825,32.458851403577825,32.40102869650357,8.775842406883077,8.760208983552298
2026-04-02,2025-12-27,2026-01-30,117777000000.0,435617000000.0,14954841250.0,7.875509878782565,7.875509878782565,255.9199981689453,255.464111328125,32.49567356374222,32.49567356374222,32.437786919215434,8.785797949384133,8.770147239397076
2026-04-06,2025-12-27,2026-01-30,117777000000.0,435617000000.0,14954841250.0,7.875509878782565,7.875509878782565,258.8599853515625,258.3988342285156,32.86898109911054,32.86898109911054,32.81042601757998,8.886728449325766,8.87089701520491
2026-04-07,2025-12-27,2026-01-30,117777000000.0,435617000000.0,14954841250.0,7.875509878782565,7.875509878782565,253.5,253.0484161376953,32.188392104358236,32.188392104358236,32.13105183442583,8.70271880315736,8.687215815505757
2026-04-08,2025-12-27,2026-01-30,117777000000.0,435617000000.0,14954841250.0,7.875509878782565,7.875509878782565,258.8999938964844,258.43878173828125,32.87406122033922,32.87406122033922,32.81549838881441,8.888101952742645,8.872268423269512
2026-04-09,2025-12-27,2026-01-30,117777000000.0,435617000000.0,14954841250.0,7.875509878782565,7.875509878782565,260.489990234375,260.02593994140625,33.07595244546158,33.07595244546158,33.0170292392043,8.942686927206992,8.926755963853028
2026-04-10,2025-12-27,2026-01-30,117777000000.0,435617000000.0,14954841250.0,7.875509878782565,7.875509878782565,260.4800109863281,260.0159912109375,33.07468532140225,33.07468532140225,33.01576599014209,8.942344337109876,8.926414421432051
2026-04-13,2025-12-27,2026-01-30,117777000000.0,435617000000.0,14954841250.0,7.875509878782565,7.875509878782565,259.20001220703125,258.73828125,32.91215631705863,32.91215631705863,32.853527610582724,8.898401656855022,8.882550316887544
2026-04-14,2025-12-27,2026-01-30,117777000000.0,435617000000.0,14954841250.0,7.875509878782565,7.875509878782565,258.8299865722656,258.368896484375,32.86517197693831,32.86517197693831,32.806624645401996,8.885698583682144,8.869869244913563
2026-04-15,2025-12-27,2026-01-30,117777000000.0,435617000000.0,14954841250.0,7.875509878782565,7.875509878782565,266.42999267578125,265.95538330078125,33.8301896355398,33.8301896355398,33.76992568027785,9.146608706053646,9.130315246755945
2026-04-16,2025-12-27,2026-01-30,117777000000.0,435617000000.0,14954841250.0,7.875509878782565,7.875509878782565,263.3999938964844,262.9307556152344,33.44545279615623,33.44545279615623,33.38587084038799,9.042588085343072,9.026479017045652
2026-04-17,2025-12-27,2026-01-30,117777000000.0,435617000000.0,14954841250.0,7.875509878782565,7.875509878782565,270.2300109863281,269.7486267089844,34.312700402339104,34.312700402339104,34.25157619771578,9.277064291077467,9.260538247677136
2026-04-20,2025-12-27,2026-01-30,117777000000.0,435617000000.0,14954841250.0,7.875509878782565,7.875509878782565,273.04998779296875,272.5635681152344,34.67076951151995,34.67076951151995,34.609005932371275,9.373874804606537,9.35717589464344
2026-04-21,2025-12-27,2026-01-30,117777000000.0,435617000000.0,14954841250.0,7.875509878782565,7.875509878782565,266.1700134277344,265.69586181640625,33.79717853504619,33.79717853504619,33.7369727047411,9.137683553034284,9.121405808878652
2026-04-22,2025-12-27,2026-01-30,117777000000.0,435617000000.0,14954841250.0,7.875509878782565,7.875509878782565,273.1700134277344,272.68341064453125,34.68600987520599,34.68600987520599,34.624223046074576,9.37799531485717,9.361290118837246
2026-04-23,2025-12-27,2026-01-30,117777000000.0,435617000000.0,14954841250.0,7.875509878782565,7.875509878782565,273.42999267578125,272.9429016113281,34.71902097569959,34.71902097569959,34.65717214661421,9.386920467876532,9.370198509038401
2026-04-24,2025-12-27,2026-01-30,117777000000.0,435617000000.0,14954841250.0,7.875509878782565,7.875509878782565,271.05999755859375,270.5771179199219,34.41808869910218,34.41808869910218,34.356774619619806,9.305557939001822,9.288980559470732
2026-04-27,2025-12-27,2026-01-30,117777000000.0,435617000000.0,14954841250.0,7.875509878782565,7.875509878782565,267.6099853515625,267.1332702636719,33.980020274310284,33.980020274310284,33.91948894424683,9.187118151604373,9.170752402653154
2026-04-28,2025-12-27,2026-01-30,117777000000.0,435617000000.0,14954841250.0,7.875509878782565,7.875509878782565,270.7099914550781,270.2277526855469,34.37364635709476,34.37364635709476,34.31241365255198,9.29354214137545,9.276986763043258
2026-04-29,2025-12-27,2026-01-30,117777000000.0,435617000000.0,14954841250.0,7.875509878782565,7.875509878782565,270.1700134277344,269.688720703125,34.30508215799465,34.30508215799465,34.24396957836269,9.275004559790219,9.258481659418303
2026-04-30,2025-12-27,2026-01-30,117777000000.0,435617000000.0,14954841250.0,7.875509878782565,7.875509878782565,271.3500061035156,270.86663818359375,34.454912796765136,34.454912796765136,34.393536717328786,9.315514005340948,9.29891986299165
2026-05-01,2026-03-28,2026-05-01,122575000000.0,451442000000.0,14872276250.0,8.241845292511965,8.241845292511965,280.1400146484375,279.6409606933594,33.98996276998253,33.98996276998253,33.929411529651496,9.228914648018149,9.21247384657837
2026-05-04,2026-03-28,2026-05-01,122575000000.0,451442000000.0,14872276250.0,8.241845292511965,8.241845292511965,276.8299865722656,276.33685302734375,33.58835027196839,33.58835027196839,33.528517367149135,9.119869295693633,9.103623535865749
2026-05-05,2026-03-28,2026-05-01,122575000000.0,451442000000.0,14872276250.0,8.241845292511965,8.241845292511965,284.17999267578125,283.67376708984375,34.48014159328734,34.48014159328734,34.41872020426935,9.362007424646345,9.3453303614602
2026-05-06,2026-03-28,2026-05-01,122575000000.0,451442000000.0,14872276250.0,8.241845292511965,8.241845292511965,287.510009765625,286.9978332519531,34.88417939934386,34.88417939934386,34.822035972053705,9.47171129375329,9.454838183586116
2026-05-07,2026-03-28,2026-05-01,122575000000.0,451442000000.0,14872276250.0,8.241845292511965,8.241845292511965,287.44000244140625,286.9279479980469,34.87568526705501,34.87568526705501,34.81355665080635,9.469404976961089,9.452535888270448
2026-05-08,2026-03-28,2026-05-01,122575000000.0,451442000000.0,14872276250.0,8.241845292511965,8.241845292511965,293.32000732421875,292.7974853515625,35.589118324110174,35.589118324110174,35.52571966105459,9.66311548012326,9.645901549819834
2026-05-11,2026-03-28,2026-05-01,122575000000.0,451442000000.0,14872276250.0,8.241845292511965,8.241845292511965,292.67999267578125,292.42779541015625,35.511464033629984,35.511464033629984,35.48086442193209,9.642030878655941,9.633722508136872
2026-05-12,2026-03-28,2026-05-01,122575000000.0,451442000000.0,14872276250.0,8.241845292511965,8.241845292511965,294.79998779296875,294.54595947265625,35.768687391014964,35.768687391014964,35.737865613694865,9.71187186162045,9.703503168953372
2026-05-13,2026-03-28,2026-05-01,122575000000.0,451442000000.0,14872276250.0,8.241845292511965,8.241845292511965,298.8699951171875,298.6124572753906,36.262509730523874,36.262509730523874,36.23126213576122,9.84595392147599,9.83746961135856
2026-05-14,2026-03-28,2026-05-01,122575000000.0,451442000000.0,14872276250.0,8.241845292511965,8.241845292511965,298.2099914550781,297.9530334472656,36.182430132001315,36.182430132001315,36.1512528896857,9.824210803226244,9.815745595122351
2026-05-15,2026-03-28,2026-05-01,122575000000.0,451442000000.0,14872276250.0,8.241845292511965,8.241845292511965,300.2300109863281,299.9713134765625,36.42752324641409,36.42752324641409,36.39613494675738,9.890758196909475,9.882235682764973
2026-05-18,2026-03-28,2026-05-01,122575000000.0,451442000000.0,14872276250.0,8.241845292511965,8.241845292511965,297.8399963378906,297.5833435058594,36.13753786527512,36.13753786527512,36.1063976505632,9.812021707851946,9.803566553439389
2026-05-19,2026-03-28,2026-05-01,122575000000.0,451442000000.0,14872276250.0,8.241845292511965,8.241845292511965,298.9700012207031,298.7123718261719,36.27464367625645,36.27464367625645,36.24338497321269,9.8492485161264,9.84076118990157
2026-05-20,2026-03-28,2026-05-01,122575000000.0,451442000000.0,14872276250.0,8.241845292511965,8.241845292511965,302.25,301.98956298828125,36.67261265806649,36.67261265806649,36.64101330106869,9.957304585223573,9.948724765038463
2026-05-21,2026-03-28,2026-05-01,122575000000.0,451442000000.0,14872276250.0,8.241845292511965,8.241845292511965,304.989990234375,304.7271728515625,37.00506129512892,37.00506129512892,36.97317312282225,10.047570647503838,10.038912408526317
2026-05-22,2026-03-28,2026-05-01,122575000000.0,451442000000.0,14872276250.0,8.241845292511965,8.241845292511965,308.82000732421875,308.55389404296875,37.469765127087946,37.469765127087946,37.437477056661315,10.1737464844937,10.164979665649764
2026-05-26,2026-03-28,2026-05-01,122575000000.0,451442000000.0,14872276250.0,8.241845292511965,8.241845292511965,308.3299865722656,308.0643005371094,37.41030990382644,37.41030990382644,37.378073672044984,10.15760327231743,10.148850528641363
2026-05-27,2026-03-28,2026-05-01,122575000000.0,451442000000.0,14872276250.0,8.241845292511965,8.241845292511965,310.8500061035156,310.5821533203125,37.71606904414172,37.71606904414172,37.683569916374,10.240622633883579,10.231798508999034
2026-05-28,2026-03-28,2026-05-01,122575000000.0,451442000000.0,14872276250.0,8.241845292511965,8.241845292511965,312.510009765625,312.24072265625,37.91748069446929,37.91748069446929,37.884807536964175,10.29530968789916,10.286438310665343
2026-05-29,2026-03-28,2026-05-01,122575000000.0,451442000000.0,14872276250.0,8.241845292511965,8.241845292511965,312.05999755859375,311.7911071777344,37.86287979005288,37.86287979005288,37.83025476843258,10.28048451465688,10.271626207221798
2026-06-01,2026-03-28,2026-05-01,122575000000.0,451442000000.0,14872276250.0,8.241845292511965,8.241845292511965,306.30999755859375,306.0460510253906,37.165220492174036,37.165220492174036,37.13319531773368,10.091056884003331,10.082361446367873
2026-06-02,2026-03-28,2026-05-01,122575000000.0,451442000000.0,14872276250.0,8.241845292511965,8.241845292511965,315.20001220703125,314.92840576171875,38.243864210045615,38.243864210045615,38.210909642752384,10.383928955538787,10.374981170250825
2026-06-03,2026-03-28,2026-05-01,122575000000.0,451442000000.0,14872276250.0,8.241845292511965,8.241845292511965,310.260009765625,309.9926452636719,37.644483577908,37.644483577908,37.6120436943062,10.22118583242603,10.212377793447624
2026-06-04,2026-03-28,2026-05-01,122575000000.0,451442000000.0,14872276250.0,8.241845292511965,8.241845292511965,311.2300109863281,310.9618225097656,37.762175816269284,37.762175816269284,37.72963595813749,10.253141490333658,10.244306306388646
2026-06-05,2026-03-28,2026-05-01,122575000000.0,451442000000.0,14872276250.0,8.241845292511965,8.241845292511965,307.3399963378906,307.0751647949219,37.29019235742279,37.29019235742279,37.2580598029317,10.124989097627376,10.116264504287045
2026-06-08,2026-03-28,2026-05-01,122575000000.0,451442000000.0,14872276250.0,8.241845292511965,8.241845292511965,301.5400085449219,301.2801818847656,36.58646793805784,36.58646793805784,36.554942636267434,9.933914672333186,9.925354959530749
2026-06-09,2026-03-28,2026-05-01,122575000000.0,451442000000.0,14872276250.0,8.241845292511965,8.241845292511965,290.54998779296875,290.29962158203125,35.25302617084364,35.25302617084364,35.22264872476795,9.571860134615653,9.563612086244591
2026-06-10,2026-03-28,2026-05-01,122575000000.0,451442000000.0,14872276250.0,8.241845292511965,8.241845292511965,291.5799865722656,291.3287353515625,35.37799803609239,35.37799803609239,35.34751320996597,9.605792348239696,9.597515144163765
2026-06-11,2026-03-28,2026-05-01,122575000000.0,451442000000.0,14872276250.0,8.241845292511965,8.241845292511965,295.6300048828125,295.375244140625,35.86939506755893,35.86939506755893,35.83848442398996,9.739215891312806,9.730823069786526
2026-06-12,2026-03-28,2026-05-01,122575000000.0,451442000000.0,14872276250.0,8.241845292511965,8.241845292511965,291.1300048828125,290.879150390625,35.323400834436356,35.323400834436356,35.29296414419474,9.59096818036655,9.582704046089354
2026-06-15,2026-03-28,2026-05-01,122575000000.0,451442000000.0,14872276250.0,8.241845292511965,8.241845292511965,296.4200134277344,296.1645812988281,35.965248425257805,35.965248425257805,35.934256320960685,9.765241882071173,9.756826942423956
2026-06-16,2026-03-28,2026-05-01,122575000000.0,451442000000.0,14872276250.0,8.241845292511965,8.241845292511965,299.239990234375,298.9821472167969,36.307401997250075,36.307401997250075,36.27611737488372,9.858143016850288,9.849648653041525
2026-06-17,2026-03-28,2026-05-01,122575000000.0,451442000000.0,14872276250.0,8.241845292511965,8.241845292511965,295.95001220703125,295.6949768066406,35.90822221279903,35.90822221279903,35.87727824438672,9.749758192046466,9.741356322197984
2026-06-18,2026-03-28,2026-05-01,122575000000.0,451442000000.0,14872276250.0,8.241845292511965,8.241845292511965,298.010009765625,297.7532043457031,36.15816594329654,36.15816594329654,36.127007214782765,9.817622619294555,9.80916243803633
2026-06-22,2026-03-28,2026-05-01,122575000000.0,451442000000.0,14872276250.0,8.241845292511965,8.241845292511965,297.010009765625,296.75408935546875,36.03683389149152,36.03683389149152,36.00578254302848,9.78467868352872,9.776247657975368
2026-06-23,2026-03-28,2026-05-01,122575000000.0,451442000000.0,14872276250.0,8.241845292511965,8.241845292511965,294.29998779296875,294.04638671875,35.70802136511246,35.70802136511246,35.677251426437536,9.695399893737532,9.687045276238322
2026-06-24,2026-03-28,2026-05-01,122575000000.0,451442000000.0,14872276250.0,8.241845292511965,8.241845292511965,293.0799865722656,292.8274230957031,35.55999611379992,35.55999611379992,35.52935206897758,9.655208251888448,9.646887816939778
2026-06-25,2026-03-28,2026-05-01,122575000000.0,451442000000.0,14872276250.0,8.241845292511965,8.241845292511965,275.1499938964844,274.91290283203125,33.38451331359845,33.38451331359845,33.35574656828371,9.064523724895622,9.056713012097624
2026-06-26,2026-03-28,2026-05-01,122575000000.0,451442000000.0,14872276250.0,8.241845292511965,8.241845292511965,283.7799987792969,283.53546142578125,34.43160951311741,34.43160951311741,34.40193929427239,9.348830051413838,9.340774028547273
2026-06-29,2026-03-28,2026-05-01,122575000000.0,451442000000.0,14872276250.0,8.241845292511965,8.241845292511965,281.739990234375,281.4972229003906,34.18409109066227,34.18409109066227,34.15463563191871,9.281624140948178,9.273626429491353
2026-06-30,2026-03-28,2026-05-01,122575000000.0,451442000000.0,14872276250.0,8.241845292511965,8.241845292511965,289.3599853515625,289.11065673828125,35.10864073297484,35.10864073297484,35.07838918075173,9.532656770624778,9.524442904804255
2026-07-01,2026-03-28,2026-05-01,122575000000.0,451442000000.0,14872276250.0,8.241845292511965,8.241845292511965,294.3800048828125,294.1263427734375,35.71773000280267,35.71773000280267,35.686952658607005,9.698035971605513,9.689679343368038
2026-07-02,2026-03-28,2026-05-01,122575000000.0,451442000000.0,14872276250.0,8.241845292511965,8.241845292511965,308.6300048828125,308.3640441894531,37.44671174102416,37.44671174102416,37.414442184399384,10.167487056268659,10.158725264270391
2026-07-06,2026-03-28,2026-05-01,122575000000.0,451442000000.0,14872276250.0,8.241845292511965,8.241845292511965,312.6600036621094,312.3905944824219,37.935679761687965,37.935679761687965,37.902991793141375,10.30025107719021,10.291375678479858
2026-07-07,2026-03-28,2026-05-01,122575000000.0,451442000000.0,14872276250.0,8.241845292511965,8.241845292511965,310.6600036621094,310.3923034667969,37.69301565807793,37.69301565807793,37.660535044112066,10.23436320565854,10.225544107619664
2026-07-08,2026-03-28,2026-05-01,122575000000.0,451442000000.0,14872276250.0,8.241845292511965,8.241845292511965,313.3900146484375,313.1199645996094,38.02425349249936,38.02425349249936,37.991487765985,10.324300512232156,10.315404000770002
2026-07-09,2026-03-28,2026-05-01,122575000000.0,451442000000.0,14872276250.0,8.241845292511965,8.241845292511965,316.2200012207031,315.947509765625,38.367621569893,38.367621569893,38.33455962254904,10.417531408087049,10.408554467094216
2026-07-10,2026-03-28,2026-05-01,122575000000.0,451442000000.0,14872276250.0,8.241845292511965,8.241845292511965,315.32000732421875,315.0483093261719,38.258423463820556,38.258423463820556,38.22545778824622,10.387882066971626,10.378931265576263
2026-07-13,2026-03-28,2026-05-01,122575000000.0,451442000000.0,14872276250.0,8.241845292511965,8.241845292511965,317.30999755859375,317.03656005859375,38.49987306202922,38.49987306202922,38.46669632911379,10.453440177427513,10.444432069991542
2026-07-14,2026-03-28,2026-05-01,122575000000.0,451442000000.0,14872276250.0,8.241845292511965,8.241845292511965,314.8599853515625,314.58868408203125,38.20260805400278,38.20260805400278,38.16969051431325,10.372727132653566,10.363789401056938
2026-07-15,2026-03-28,2026-05-01,122575000000.0,451442000000.0,14872276250.0,8.241845292511965,8.241845292511965,327.5,327.2178039550781,39.73624696614318,39.73624696614318,39.70200754100155,10.7891389633109,10.779842314933623
2026-07-16,2026-03-28,2026-05-01,122575000000.0,451442000000.0,14872276250.0,8.241845292511965,8.241845292511965,333.260009765625,332.97283935546875,40.4351207694234,40.4351207694234,40.40027779434145,10.978896355040233,10.969435831494197
2026-07-17,2026-03-28,2026-05-01,122575000000.0,451442000000.0,14872276250.0,8.241845292511965,8.241845292511965,333.739990234375,333.452392578125,40.49335778452317,40.49335778452317,40.45846297079604,10.994708800771589,10.985234202057683
2026-07-20,2026-03-28,2026-05-01,122575000000.0,451442000000.0,14872276250.0,8.241845292511965,8.241845292511965,326.5899963378906,326.3085632324219,39.62583435466937,39.62583435466937,39.59168749853699,10.759159861119695,10.749888346970753
2026-07-21,2026-03-28,2026-05-01,122575000000.0,451442000000.0,14872276250.0,8.241845292511965,8.241845292511965,327.739990234375,327.45758056640625,39.765365473693066,39.765365473693066,39.73110012922884,10.79704518617658,10.787741500215366
2026-07-22,2026-03-28,2026-05-01,122575000000.0,451442000000.0,14872276250.0,8.241845292511965,8.241845292511965,325.8900146484375,325.60919189453125,39.54090414006208,39.54090414006208,39.5068313391371,10.736099709305092,10.72684830253882
2026-07-23,2026-03-28,2026-05-01,122575000000.0,451442000000.0,14872276250.0,8.241845292511965,8.241845292511965,321.6600036621094,321.3828430175781,39.02766822793312,39.02766822793312,38.99403975825255,10.596746499082723,10.587615736612468
2026-07-24,2026-03-28,2026-05-01,122575000000.0,451442000000.0,14872276250.0,8.241845292511965,8.241845292511965,333.0199890136719,332.7330322265625,40.405998559113144,40.405998559113144,40.37118150335379,10.97098912680542,10.96153564084332
2026-07-27,2026-03-28,2026-05-01,122575000000.0,451442000000.0,14872276250.0,8.241845292511965,8.241845292511965,336.9100036621094,336.61968994140625,40.87798201795964,40.87798201795964,40.84275765855958,11.099141519511702,11.08957744294492
2026-07-28,2026-03-28,2026-05-01,122575000000.0,451442000000.0,14872276250.0,8.241845292511965,8.241845292511965,340.0799865722656,339.78692626953125,41.26260254863573,41.26260254863573,41.22704494080237,11.203573232882686,11.193918673093886
2026-07-29,2026-03-28,2026-05-01,122575000000.0,451442000000.0,14872276250.0,8.241845292511965,8.241845292511965,338.19000244140625,337.8985900878906,41.033286896159645,41.033286896159645,40.997929237386266,11.141309717077208,11.131709447221617
2026-07-30,2026-03-28,2026-05-01,122575000000.0,451442000000.0,14872276250.0,8.241845292511965,8.241845292511965,333.42999267578125,333.1426696777344,40.45574514468444,40.45574514468444,40.42088365580065,10.98449626111371,10.975030710722006
2026-07-31,2026-06-27,2026-07-31,128930000000.0,466823000000.0,14813900500.0,8.7033121357876,8.7033121357876,308.9100036621094,308.6438293457031,35.49338445439482,35.49338445439482,35.46280134853197,9.802777621721988,9.794330994544456
2026-08-03,2026-06-27,2026-07-31,128930000000.0,466823000000.0,14813900500.0,8.7033121357876,8.7033121357876,303.4200134277344,303.1585693359375,34.86259124041822,34.86259124041822,34.832551631621264,9.628561336153362,9.620264815283159
2026-08-04,2026-06-27,2026-07-31,128930000000.0,466823000000.0,14813900500.0,8.7033121357876,8.7033121357876,309.3800048828125,309.1134033203125,35.547387024148755,35.547387024148755,35.516754828228336,9.817692378103688,9.809232192937106
2026-08-05,2026-06-27,2026-07-31,128930000000.0,466823000000.0,14813900500.0,8.7033121357876,8.7033121357876,311.0,310.7320251464844,35.733522496703635,35.733522496703635,35.702732511312476,9.86910039886638,9.860596634449283
2026-08-06,2026-06-27,2026-07-31,128930000000.0,466823000000.0,14813900500.0,8.7033121357876,8.7033121357876,312.4100036621094,312.14080810546875,35.895530205965436,35.895530205965436,35.86459996326695,9.913844668011482,9.905302166482816
2026-08-07,2026-06-27,2026-07-31,128930000000.0,466823000000.0,14813900500.0,8.7033121357876,8.7033121357876,313.3299865722656,313.05999755859375,36.00123512563313,36.00123512563313,35.97021371568487,9.943038892145157,9.934471211493973
2026-08-10,2026-06-27,2026-07-31,128930000000.0,466823000000.0,14813900500.0,8.7033121357876,8.7033121357876,308.260009765625,308.260009765625,35.418700944675386,35.418700944675386,35.418700944675386,9.782151078239497,9.782151078239497
2026-08-11,2026-06-27,2026-07-31,128930000000.0,466823000000.0,14813900500.0,8.7033121357876,8.7033121357876,304.9100036621094,304.9100036621094,35.03378930974268,35.03378930974268,35.03378930974268,9.675843854533998,9.675843854533998
2026-08-12,2026-06-27,2026-07-31,128930000000.0,466823000000.0,14813900500.0,8.7033121357876,8.7033121357876,302.25,302.25,34.72815811777709,34.72815811777709,34.72815811777709,9.591432783142647,9.591432783142647
2026-08-13,2026-06-27,2026-07-31,128930000000.0,466823000000.0,14813900500.0,8.7033121357876,8.7033121357876,305.260009765625,305.260009765625,35.07400458618628,35.07400458618628,35.07400458618628,9.686950752848503,9.686950752848503
2026-08-14,2026-06-27,2026-07-31,128930000000.0,466823000000.0,14813900500.0,8.7033121357876,8.7033121357876,305.92999267578125,305.92999267578125,35.15098480931321,35.15098480931321,35.15098480931321,9.70821161653293,9.70821161653293
2026-08-17,2026-06-27,2026-07-31,128930000000.0,466823000000.0,14813900500.0,8.7033121357876,8.7033121357876,305.5899963378906,305.5899963378906,35.1119196427897,35.1119196427897,35.1119196427897,9.697422362533285,9.697422362533285
2026-08-18,2026-06-27,2026-07-31,128930000000.0,466823000000.0,14813900500.0,8.7033121357876,8.7033121357876,310.0299987792969,310.0299987792969,35.62207053386819,35.62207053386819,35.62207053386819,9.838318921586179,9.838318921586179
2026-08-19,2026-06-27,2026-07-31,128930000000.0,466823000000.0,14813900500.0,8.7033121357876,8.7033121357876,316.8299865722656,316.8299865722656,36.403380877203745,36.403380877203745,36.403380877203745,10.05410593843465,10.05410593843465
2026-08-20,2026-06-27,2026-07-31,128930000000.0,466823000000.0,14813900500.0,8.7033121357876,8.7033121357876,311.29998779296875,311.29998779296875,35.76799072997947,35.76799072997947,35.76799072997947,9.878620044034363,9.878620044034363
2026-08-21,2026-06-27,2026-07-31,128930000000.0,466823000000.0,14813900500.0,8.7033121357876,8.7033121357876,309.3500061035156,309.3500061035156,35.54394020082117,35.54394020082117,35.54394020082117,9.81674041358689,9.81674041358689
2026-08-24,2026-06-27,2026-07-31,128930000000.0,466823000000.0,14813900500.0,8.7033121357876,8.7033121357876,310.3399963378906,310.3399963378906,35.65768887706411,35.65768887706411,35.65768887706411,9.848156211069027,9.848156211069027
2026-08-25,2026-06-27,2026-07-31,128930000000.0,466823000000.0,14813900500.0,8.7033121357876,8.7033121357876,309.8999938964844,309.8999938964844,35.60713313063776,35.60713313063776,35.60713313063776,9.834193419204125,9.834193419204125
2026-08-26,2026-06-27,2026-07-31,128930000000.0,466823000000.0,14813900500.0,8.7033121357876,8.7033121357876,313.45001220703125,313.45001220703125,36.01502592537614,36.01502592537614,36.01502592537614,9.94684771864014,9.94684771864014
2026-08-27,2026-06-27,2026-07-31,128930000000.0,466823000000.0,14813900500.0,8.7033121357876,8.7033121357876,314.5799865722656,314.5799865722656,36.14485860833692,36.14485860833692,36.14485860833692,9.982705694391406,9.982705694391406
2026-08-28,2026-06-27,2026-07-31,128930000000.0,466823000000.0,14813900500.0,8.7033121357876,8.7033121357876,319.70001220703125,319.70001220703125,36.73314333889511,36.73314333889511,36.73314333889511,10.145181729871378,10.145181729871378
2026-08-31,2026-06-27,2026-07-31,128930000000.0,466823000000.0,14813900500.0,8.7033121357876,8.7033121357876,316.8500061035156,316.8500061035156,36.405681097043924,36.405681097043924,36.405681097043924,10.054741227064376,10.054741227064376
2026-09-01,2026-06-27,2026-07-31,128930000000.0,466823000000.0,14813900500.0,8.7033121357876,8.7033121357876,325.1300048828125,325.1300048828125,37.35704290621654,37.35704290621654,37.35704290621654,10.317494086406407,10.317494086406407
2026-09-02,2026-06-27,2026-07-31,128930000000.0,466823000000.0,14813900500.0,8.7033121357876,8.7033121357876,324.9599914550781,324.9599914550781,37.337508569738446,37.337508569738446,37.337508569738446,10.312098975192692,10.312098975192692
2026-09-03,2026-06-27,2026-07-31,128930000000.0,466823000000.0,14813900500.0,8.7033121357876,8.7033121357876,328.2099914550781,328.2099914550781,37.710929624768305,37.710929624768305,37.710929624768305,10.415232661032935,10.415232661032935
2026-09-04,2026-06-27,2026-07-31,128930000000.0,466823000000.0,14813900500.0,8.7033121357876,8.7033121357876,319.9700012207031,319.9700012207031,36.76416474884336,36.76416474884336,36.76416474884336,10.153749410522565,10.153749410522565
2026-09-08,2026-06-27,2026-07-31,128930000000.0,466823000000.0,14813900500.0,8.7033121357876,8.7033121357876,316.2200012207031,316.2200012207031,36.333294300731986,36.333294300731986,36.333294300731986,10.034749003783821,10.034749003783821
2026-09-09,2026-06-27,2026-07-31,128930000000.0,466823000000.0,14813900500.0,8.7033121357876,8.7033121357876,315.3399963378906,315.3399963378906,36.23218280787928,36.23218280787928,36.23218280787928,10.006823420054015,10.006823420054015
2026-09-10,2026-06-27,2026-07-31,128930000000.0,466823000000.0,14813900500.0,8.7033121357876,8.7033121357876,326.57000732421875,326.57000732421875,37.52249743880593,37.52249743880593,37.52249743880593,10.363190320068309,10.363190320068309
2026-09-11,2026-06-27,2026-07-31,128930000000.0,466823000000.0,14813900500.0,8.7033121357876,8.7033121357876,332.2699890136719,332.2699890136719,38.17741841607561,38.17741841607561,38.17741841607561,10.544070357254522,10.544070357254522
