Date,close,eps_ttm_split_adj,eps_ttm_as_reported,latest_q,rev_ttm,pe
2010-04-21,9.257857322692871,0.42107142857142854,11.79,2010-03-27,51123000000.0,21.98642960435966
2010-04-22,9.516785621643066,0.42107142857142854,11.79,2010-03-27,51123000000.0,22.601356862256647
2010-04-23,9.672499656677246,0.42107142857142854,11.79,2010-03-27,51123000000.0,22.971161186341213
2010-04-26,9.625,0.42107142857142854,11.79,2010-03-27,51123000000.0,22.858354537743853
2010-04-27,9.35857105255127,0.42107142857142854,11.79,2010-03-27,51123000000.0,22.225614034896996
2010-04-28,9.342857360839844,0.42107142857142854,11.79,2010-03-27,51123000000.0,22.188295683080206
2010-04-29,9.59428596496582,0.42107142857142854,11.79,2010-03-27,51123000000.0,22.785411960902714
2010-04-30,9.3246431350708,0.42107142857142854,11.79,2010-03-27,51123000000.0,22.145038827988333
2010-05-03,9.512499809265137,0.42107142857142854,11.79,2010-03-27,51123000000.0,22.59117851224969
2010-05-04,9.238571166992188,0.42107142857142854,11.79,2010-03-27,51123000000.0,21.94062702932835
2010-05-05,9.142499923706055,0.42107142857142854,11.79,2010-03-27,51123000000.0,21.712468012194194
2010-05-06,8.79464340209961,0.42107142857142854,11.79,2010-03-27,51123000000.0,20.886345653841314
2010-05-07,8.42357063293457,0.42107142857142854,11.79,2010-03-27,51123000000.0,20.00508716897099
2010-05-10,9.071070671081543,0.42107142857142854,11.79,2010-03-27,51123000000.0,21.542831110286958
2010-05-11,9.161429405212402,0.42107142857142854,11.79,2010-03-27,51123000000.0,21.757423523829285
2010-05-12,9.360357284545898,0.42107142857142854,11.79,2010-03-27,51123000000.0,22.229856146504257
2010-05-13,9.227143287658691,0.42107142857142854,11.79,2010-03-27,51123000000.0,21.91348702751852
2010-05-14,9.0649995803833,0.42107142857142854,11.79,2010-03-27,51123000000.0,21.528412913548127
2010-05-17,9.079285621643066,0.42107142857142854,11.79,2010-03-27,51123000000.0,21.562340746904656
2010-05-18,9.012857437133789,0.42107142857142854,11.79,2010-03-27,51123000000.0,21.404580851547593
2010-05-19,8.869285583496094,0.42107142857142854,11.79,2010-03-27,51123000000.0,21.06361292094068
2010-05-20,8.491429328918457,0.42107142857142854,11.79,2010-03-27,51123000000.0,20.16624437741449
2010-05-21,8.65428638458252,0.42107142857142854,11.79,2010-03-27,51123000000.0,20.553012618177316
2010-05-24,8.812856674194336,0.42107142857142854,11.79,2010-03-27,51123000000.0,20.929600244057795
2010-05-25,8.757857322692871,0.42107142857142854,11.79,2010-03-27,51123000000.0,20.798982615385956
2010-05-26,8.71821403503418,0.42107142857142854,11.79,2010-03-27,51123000000.0,20.70483401025929
2010-05-27,9.048213958740234,0.42107142857142854,11.79,2010-03-27,51123000000.0,21.488548841791907
2010-05-28,9.174285888671875,0.42107142857142854,11.79,2010-03-27,51123000000.0,21.787956308974767
2010-06-01,9.315357208251953,0.42107142857142854,11.79,2010-03-27,51123000000.0,22.122985736306592
2010-06-02,9.426786422729492,0.42107142857142854,11.79,2010-03-27,51123000000.0,22.38761830673671
2010-06-03,9.397143363952637,0.42107142857142854,11.79,2010-03-27,51123000000.0,22.317219184959615
2010-06-04,9.14142894744873,0.42107142857142854,11.79,2010-03-27,51123000000.0,21.70992455713015
2010-06-07,8.962142944335938,0.42107142857142854,11.79,2010-03-27,51123000000.0,21.284139308007315
2010-06-08,8.904643058776855,0.42107142857142854,11.79,2010-03-27,51123000000.0,21.147583176060387
2010-06-09,8.685713768005371,0.42107142857142854,11.79,2010-03-27,51123000000.0,20.627649321810893
2010-06-10,8.946785926818848,0.42107142857142854,11.79,2010-03-27,51123000000.0,21.247668019586747
2010-06-11,9.053929328918457,0.42107142857142854,11.79,2010-03-27,51123000000.0,21.502122240009907
2010-06-14,9.081428527832031,0.42107142857142854,11.79,2010-03-27,51123000000.0,21.567429921908133
2010-06-15,9.274642944335938,0.42107142857142854,11.79,2010-03-27,51123000000.0,22.026293676115884
2010-06-16,9.54464340209961,0.42107142857142854,11.79,2010-03-27,51123000000.0,22.667516137301874
2010-06-17,9.709643363952637,0.42107142857142854,11.79,2010-03-27,51123000000.0,23.05937355306818
2010-06-18,9.788213729858398,0.42107142857142854,11.79,2010-03-27,51123000000.0,23.245969841902898
2010-06-21,9.64892864227295,0.42107142857142854,11.79,2010-03-27,51123000000.0,22.915182526178338
2010-06-22,9.780357360839844,0.42107142857142854,11.79,2010-03-27,51123000000.0,23.2273117984322
2010-06-23,9.677499771118164,0.42107142857142854,11.79,2010-03-27,51123000000.0,22.983035928015997
2010-06-24,9.60714340209961,0.42107142857142854,11.79,2010-03-27,51123000000.0,22.815947010923587
2010-06-25,9.524999618530273,0.42107142857142854,11.79,2010-03-27,51123000000.0,22.620864233998955
2010-06-28,9.58214282989502,0.42107142857142854,11.79,2010-03-27,51123000000.0,22.756573302549665
2010-06-29,9.14892864227295,0.42107142857142854,11.79,2010-03-27,51123000000.0,21.72773553720463
2010-06-30,8.983214378356934,0.42107142857142854,11.79,2010-03-27,51123000000.0,21.334181729770496
2010-07-01,8.874285697937012,0.42107142857142854,11.79,2010-03-27,51123000000.0,21.075487662615465
2010-07-02,8.819286346435547,0.42107142857142854,11.79,2010-03-27,51123000000.0,20.944870033943623
2010-07-06,8.879643440246582,0.42107142857142854,11.79,2010-03-27,51123000000.0,21.08821173256186
2010-07-07,9.238213539123535,0.42107142857142854,11.79,2010-03-27,51123000000.0,21.939777701056745
2010-07-08,9.217499732971191,0.42107142857142854,11.79,2010-03-27,51123000000.0,21.890584607565174
2010-07-09,9.272143363952637,0.42107142857142854,11.79,2010-03-27,51123000000.0,22.020357437716186
2010-07-12,9.188928604125977,0.42107142857142854,11.79,2010-03-27,51123000000.0,21.82273120572751
2010-07-13,8.992856979370117,0.42107142857142854,11.79,2010-03-27,51123000000.0,21.357081884848455
2010-07-14,9.026070594787598,0.42107142857142854,11.79,2010-03-27,51123000000.0,21.435960700089293
2010-07-15,8.98035717010498,0.42107142857142854,11.79,2010-03-27,51123000000.0,21.32739616309919
2010-07-16,8.925000190734863,0.42107142857142854,11.79,2010-03-27,51123000000.0,21.195929206155743
2010-07-19,8.770713806152344,0.42107142857142854,11.79,2010-03-27,51123000000.0,20.829515400531438
2010-07-20,8.996070861816406,0.42107142857142854,11.79,2010-03-27,51123000000.0,21.364714514915978
2010-07-21,9.079999923706055,0.47464285714285714,13.290000000000001,2010-06-26,57089000000.0,19.130172901713284
2010-07-22,9.250714302062988,0.47464285714285714,13.290000000000001,2010-06-26,57089000000.0,19.489842020900202
2010-07-23,9.283571243286133,0.47464285714285714,13.290000000000001,2010-06-26,57089000000.0,19.55906657727703
2010-07-26,9.260000228881836,0.47464285714285714,13.290000000000001,2010-06-26,57089000000.0,19.50940605031538
2010-07-27,9.431428909301758,0.47464285714285714,13.290000000000001,2010-06-26,57089000000.0,19.870580094841927
2010-07-28,9.319999694824219,0.47464285714285714,13.290000000000001,2010-06-26,57089000000.0,19.635815760352003
2010-07-29,9.21821403503418,0.47464285714285714,13.290000000000001,2010-06-26,57089000000.0,19.42136892257013
2010-07-30,9.1875,0.47464285714285714,13.290000000000001,2010-06-26,57089000000.0,19.35665914221219
2010-08-02,9.351785659790039,0.47464285714285714,13.290000000000001,2010-06-26,57089000000.0,19.702783933342445
2010-08-03,9.354642868041992,0.47464285714285714,13.290000000000001,2010-06-26,57089000000.0,19.708803634700963
2010-08-04,9.392143249511719,0.47464285714285714,13.290000000000001,2010-06-26,57089000000.0,19.787811210408435
2010-08-05,9.346428871154785,0.47464285714285714,13.290000000000001,2010-06-26,57089000000.0,19.691497997918283
2010-08-06,9.288928985595703,0.47464285714285714,13.290000000000001,2010-06-26,57089000000.0,19.570354521947305
2010-08-09,9.348214149475098,0.47464285714285714,13.290000000000001,2010-06-26,57089000000.0,19.6952593066443
2010-08-10,9.264642715454102,0.47464285714285714,13.290000000000001,2010-06-26,57089000000.0,19.51918706039991
2010-08-11,8.935357093811035,0.47464285714285714,13.290000000000001,2010-06-26,57089000000.0,18.82543255279977
2010-08-12,8.992500305175781,0.47464285714285714,13.290000000000001,2010-06-26,57089000000.0,18.945824570723993
2010-08-13,8.896429061889648,0.47464285714285714,13.290000000000001,2010-06-26,57089000000.0,18.743417135659154
2010-08-16,8.84428596496582,0.47464285714285714,13.290000000000001,2010-06-26,57089000000.0,18.633559595112338
2010-08-17,8.998929023742676,0.47464285714285714,13.290000000000001,2010-06-26,57089000000.0,18.959368898780657
2010-08-18,9.038213729858398,0.47464285714285714,13.290000000000001,2010-06-26,57089000000.0,19.04213577396803
2010-08-19,8.924285888671875,0.47464285714285714,13.290000000000001,2010-06-26,57089000000.0,18.802107214658577
2010-08-20,8.915714263916016,0.47464285714285714,13.290000000000001,2010-06-26,57089000000.0,18.78404811058303
2010-08-23,8.778571128845215,0.47464285714285714,13.290000000000001,2010-06-26,57089000000.0,18.495108473112566
2010-08-24,8.568928718566895,0.47464285714285714,13.290000000000001,2010-06-26,57089000000.0,18.05342393678503
2010-08-25,8.674642562866211,0.47464285714285714,13.290000000000001,2010-06-26,57089000000.0,18.276146859311805
2010-08-26,8.581428527832031,0.47464285714285714,13.290000000000001,2010-06-26,57089000000.0,18.079759125605484
2010-08-27,8.62928581237793,0.47464285714285714,13.290000000000001,2010-06-26,57089000000.0,18.180587114114523
2010-08-30,8.660714149475098,0.47464285714285714,13.290000000000001,2010-06-26,57089000000.0,18.246801819812095
2010-08-31,8.682143211364746,0.47464285714285714,13.290000000000001,2010-06-26,57089000000.0,18.29194958000097
2010-09-01,8.940357208251953,0.47464285714285714,13.290000000000001,2010-06-26,57089000000.0,18.835967030177176
2010-09-02,9.006071090698242,0.47464285714285714,13.290000000000001,2010-06-26,57089000000.0,18.974416142930835
2010-09-03,9.241786003112793,0.47464285714285714,13.290000000000001,2010-06-26,57089000000.0,19.471031458777894
2010-09-07,9.207500457763672,0.47464285714285714,13.290000000000001,2010-06-26,57089000000.0,19.398797051721807
2010-09-08,9.390000343322754,0.47464285714285714,13.290000000000001,2010-06-26,57089000000.0,19.78329643438955
2010-09-09,9.395357131958008,0.47464285714285714,13.290000000000001,2010-06-26,57089000000.0,19.79458236981371
2010-09-10,9.407500267028809,0.47464285714285714,13.290000000000001,2010-06-26,57089000000.0,19.820166100587407
2010-09-13,9.537142753601074,0.47464285714285714,13.290000000000001,2010-06-26,57089000000.0,20.093303017368704
2010-09-14,9.57357120513916,0.47464285714285714,13.290000000000001,2010-06-26,57089000000.0,20.170052200443678
2010-09-15,9.650713920593262,0.47464285714285714,13.290000000000001,2010-06-26,57089000000.0,20.3325801186314
2010-09-16,9.8774995803833,0.47464285714285714,13.290000000000001,2010-06-26,57089000000.0,20.81038286311004
2010-09-17,9.834643363952637,0.47464285714285714,13.290000000000001,2010-06-26,57089000000.0,20.720091361224515
2010-09-20,10.115357398986816,0.47464285714285714,13.290000000000001,2010-06-26,57089000000.0,21.311512954975985
2010-09-21,10.134642601013184,0.47464285714285714,13.290000000000001,2010-06-26,57089000000.0,21.35214392989986
2010-09-22,10.276785850524902,0.47464285714285714,13.290000000000001,2010-06-26,57089000000.0,21.651618044747725
2010-09-23,10.318571090698242,0.47464285714285714,13.290000000000001,2010-06-26,57089000000.0,21.73965316324686
2010-09-24,10.4399995803833,0.47464285714285714,13.290000000000001,2010-06-26,57089000000.0,21.99548444324548
2010-09-27,10.398571014404297,0.47464285714285714,13.290000000000001,2010-06-26,57089000000.0,21.908200782793102
2010-09-28,10.244999885559082,0.47464285714285714,13.290000000000001,2010-06-26,57089000000.0,21.584649871757282
2010-09-29,10.263214111328125,0.47464285714285714,13.290000000000001,2010-06-26,57089000000.0,21.62302446329477
2010-09-30,10.133929252624512,0.47464285714285714,13.290000000000001,2010-06-26,57089000000.0,21.350641013806346
2010-10-01,10.09000015258789,0.47464285714285714,13.290000000000001,2010-06-26,57089000000.0,21.258089110042206
2010-10-04,9.95142936706543,0.47464285714285714,13.290000000000001,2010-06-26,57089000000.0,20.9661416311386
2010-10-05,10.319286346435547,0.47464285714285714,13.290000000000001,2010-06-26,57089000000.0,21.741160097832605
2010-10-06,10.328213691711426,0.47464285714285714,13.290000000000001,2010-06-26,57089000000.0,21.759968650708796
2010-10-07,10.329285621643066,0.47464285714285714,13.290000000000001,2010-06-26,57089000000.0,21.762227043341298
2010-10-08,10.5024995803833,0.47464285714285714,13.290000000000001,2010-06-26,57089000000.0,22.12716239659386
2010-10-11,10.54857063293457,0.47464285714285714,13.290000000000001,2010-06-26,57089000000.0,22.224227067130773
2010-10-12,10.662142753601074,0.47464285714285714,13.290000000000001,2010-06-26,57089000000.0,22.463506177639584
2010-10-13,10.71928596496582,0.47464285714285714,13.290000000000001,2010-06-26,57089000000.0,22.583898195563805
2010-10-14,10.796786308288574,0.47464285714285714,13.290000000000001,2010-06-26,57089000000.0,22.7471795810444
2010-10-15,11.240714073181152,0.47464285714285714,13.290000000000001,2010-06-26,57089000000.0,23.682467573293625
2010-10-18,11.35714340209961,0.47464285714285714,13.290000000000001,2010-06-26,57089000000.0,23.927766385160954
2010-10-19,11.053214073181152,0.47464285714285714,13.290000000000001,2010-06-26,57089000000.0,23.28743371324848
2010-10-20,11.090356826782227,0.47464285714285714,13.290000000000001,2010-06-26,57089000000.0,23.36568782166308
2010-10-21,11.054286003112793,0.47464285714285714,13.290000000000001,2010-06-26,57089000000.0,23.289692105880977
2010-10-22,10.981071472167969,0.47464285714285714,13.290000000000001,2010-06-26,57089000000.0,23.13544027243816
2010-10-25,11.029999732971191,0.47464285714285714,13.290000000000001,2010-06-26,57089000000.0,23.238524644333587
2010-10-26,11.001786231994629,0.47464285714285714,13.290000000000001,2010-06-26,57089000000.0,23.179083107287404
2010-10-27,10.993928909301758,0.5410714285714285,15.149999999999999,2010-09-25,65225000000.0,20.318812505640214
2010-10-28,10.901429176330566,0.5410714285714285,15.149999999999999,2010-09-25,65225000000.0,20.147855903449233
2010-10-29,10.749285697937012,0.5410714285714285,15.149999999999999,2010-09-25,65225000000.0,19.866666636451242
2010-11-01,10.863571166992188,0.5410714285714285,15.149999999999999,2010-09-25,65225000000.0,20.077887305332098
2010-11-02,11.04857063293457,0.5410714285714285,15.149999999999999,2010-09-25,65225000000.0,20.419800509714058
2010-11-03,11.171428680419922,0.5410714285714285,15.149999999999999,2010-09-25,65225000000.0,20.64686488790481
2010-11-04,11.366786003112793,0.5410714285714285,15.149999999999999,2010-09-25,65225000000.0,21.007921325885032
2010-11-05,11.326070785522461,0.5410714285714285,15.149999999999999,2010-09-25,65225000000.0,20.932672078853393
2010-11-08,11.37928581237793,0.5410714285714285,15.149999999999999,2010-09-25,65225000000.0,21.031023283602774
2010-11-09,11.28857135772705,0.5410714285714285,15.149999999999999,2010-09-25,65225000000.0,20.86336620570016
2010-11-10,11.358214378356934,0.5410714285714285,15.149999999999999,2010-09-25,65225000000.0,20.99207937914153
2010-11-11,11.308929443359375,0.5410714285714285,15.149999999999999,2010-09-25,65225000000.0,20.900991710499177
2010-11-12,11.001070976257324,0.5410714285714285,15.149999999999999,2010-09-25,65225000000.0,20.33201236536007
2010-11-15,10.965714454650879,0.5410714285714285,15.149999999999999,2010-09-25,65225000000.0,20.266666978892715
2010-11-16,10.771071434020996,0.5410714285714285,15.149999999999999,2010-09-25,65225000000.0,19.906930703141118
2010-11-17,10.73214340209961,0.5410714285714285,15.149999999999999,2010-09-25,65225000000.0,19.83498450553063
2010-11-18,11.01535701751709,0.5410714285714285,15.149999999999999,2010-09-25,65225000000.0,20.358415609932578
2010-11-19,10.954643249511719,0.5410714285714285,15.149999999999999,2010-09-25,65225000000.0,20.24620534563222
2010-11-22,11.191429138183594,0.5410714285714285,15.149999999999999,2010-09-25,65225000000.0,20.683829430306314
2010-11-23,11.026070594787598,0.5410714285714285,15.149999999999999,2010-09-25,65225000000.0,20.378216280795563
2010-11-24,11.242856979370117,0.5410714285714285,15.149999999999999,2010-09-25,65225000000.0,20.778877585634543
2010-11-26,11.25,0.5410714285714285,15.149999999999999,2010-09-25,65225000000.0,20.792079207920793
2010-11-29,11.31678581237793,0.5410714285714285,15.149999999999999,2010-09-25,65225000000.0,20.91551173244766
2010-11-30,11.112500190734863,0.5410714285714285,15.149999999999999,2010-09-25,65225000000.0,20.53795414789282
2010-12-01,11.300000190734863,0.5410714285714285,15.149999999999999,2010-09-25,65225000000.0,20.884488801358163
2010-12-02,11.362500190734863,0.5410714285714285,15.149999999999999,2010-09-25,65225000000.0,21.00000035251328
2010-12-03,11.337142944335938,0.5410714285714285,15.149999999999999,2010-09-25,65225000000.0,20.95313547468028
2010-12-06,11.433929443359375,0.5410714285714285,15.149999999999999,2010-09-25,65225000000.0,21.13201481280941
2010-12-07,11.364643096923828,0.5410714285714285,15.149999999999999,2010-09-25,65225000000.0,21.003960839199156
2010-12-08,11.464642524719238,0.5410714285714285,15.149999999999999,2010-09-25,65225000000.0,21.188778263507505
2010-12-09,11.420000076293945,0.5410714285714285,15.149999999999999,2010-09-25,65225000000.0,21.10627076806802
2010-12-10,11.44857120513916,0.5410714285714285,15.149999999999999,2010-09-25,65225000000.0,21.159075494646633
2010-12-13,11.488213539123535,0.5410714285714285,15.149999999999999,2010-09-25,65225000000.0,21.232341854485743
2010-12-14,11.438928604125977,0.5410714285714285,15.149999999999999,2010-09-25,65225000000.0,21.14125418584339
2010-12-15,11.441429138183594,0.5410714285714285,15.149999999999999,2010-09-25,65225000000.0,21.145875634926774
2010-12-16,11.473214149475098,0.5410714285714285,15.149999999999999,2010-09-25,65225000000.0,21.204620210251008
2010-12-17,11.450357437133789,0.5410714285714285,15.149999999999999,2010-09-25,65225000000.0,21.162376781501393
2010-12-20,11.507499694824219,0.5410714285714285,15.149999999999999,2010-09-25,65225000000.0,21.267986234658622
2010-12-21,11.578571319580078,0.5410714285714285,15.149999999999999,2010-09-25,65225000000.0,21.39933973255724
2010-12-22,11.6128568649292,0.5410714285714285,15.149999999999999,2010-09-25,65225000000.0,21.46270575696486
2010-12-23,11.557143211364746,0.5410714285714285,15.149999999999999,2010-09-25,65225000000.0,21.35973662826488
2010-12-27,11.59571361541748,0.5410714285714285,15.149999999999999,2010-09-25,65225000000.0,21.431021863477852
2010-12-28,11.623929023742676,0.5410714285714285,15.149999999999999,2010-09-25,65225000000.0,21.483169152791746
2010-12-29,11.617500305175781,0.5410714285714285,15.149999999999999,2010-09-25,65225000000.0,21.47128769273412
2010-12-30,11.559286117553711,0.5410714285714285,15.149999999999999,2010-09-25,65225000000.0,21.363697114950753
2010-12-31,11.520000457763672,0.5410714285714285,15.149999999999999,2010-09-25,65225000000.0,21.291089954942763
2011-01-03,11.770357131958008,0.5410714285714285,15.149999999999999,2010-09-25,65225000000.0,21.75379535939434
2011-01-04,11.831786155700684,0.5410714285714285,15.149999999999999,2010-09-25,65225000000.0,21.867327548489715
2011-01-05,11.928570747375488,0.5410714285714285,15.149999999999999,2010-09-25,65225000000.0,22.046203361486054
2011-01-06,11.918929100036621,0.5410714285714285,15.149999999999999,2010-09-25,65225000000.0,22.028383815249203
2011-01-07,12.00428581237793,0.5410714285714285,15.149999999999999,2010-09-25,65225000000.0,22.18613879515393
2011-01-10,12.23035717010498,0.5410714285714285,15.149999999999999,2010-09-25,65225000000.0,22.603960446398645
2011-01-11,12.20142936706543,0.5410714285714285,15.149999999999999,2010-09-25,65225000000.0,22.550496519988915
2011-01-12,12.300713539123535,0.5410714285714285,15.149999999999999,2010-09-25,65225000000.0,22.733992019502246
2011-01-13,12.34571361541748,0.5410714285714285,15.149999999999999,2010-09-25,65225000000.0,22.81716047733924
2011-01-14,12.445713996887207,0.5410714285714285,15.149999999999999,2010-09-25,65225000000.0,23.00197966421398
2011-01-18,12.166070938110352,0.5410714285714285,15.149999999999999,2010-09-25,65225000000.0,22.48514760838877
2011-01-19,12.101428985595703,0.6396428571428571,17.91,2010-12-25,76283000000.0,18.919040290155205
2011-01-20,11.881428718566895,0.6396428571428571,17.91,2010-12-25,76283000000.0,18.5750979408081
2011-01-21,11.668571472167969,0.6396428571428571,17.91,2010-12-25,76283000000.0,18.242322792892416
2011-01-24,12.051786422729492,0.6396428571428571,17.91,2010-12-25,76283000000.0,18.841430476629025
2011-01-25,12.192856788635254,0.6396428571428571,17.91,2010-12-25,76283000000.0,19.061975995633006
2011-01-26,12.280357360839844,0.6396428571428571,17.91,2010-12-25,76283000000.0,19.19877197674571
2011-01-27,12.257499694824219,0.6396428571428571,17.91,2010-12-25,76283000000.0,19.16303693216517
2011-01-28,12.003570556640625,0.6396428571428571,17.91,2010-12-25,76283000000.0,18.766051121492882
2011-01-31,12.118571281433105,0.6396428571428571,17.91,2010-12-25,76283000000.0,18.94584008264249
2011-02-01,12.322500228881836,0.6396428571428571,17.91,2010-12-25,76283000000.0,19.26465697424296
2011-02-02,12.29714298248291,0.6396428571428571,17.91,2010-12-25,76283000000.0,19.225014154635485
2011-02-03,12.265713691711426,0.6396428571428571,17.91,2010-12-25,76283000000.0,19.17587846833724
2011-02-04,12.375,0.6396428571428571,17.91,2010-12-25,76283000000.0,19.34673366834171
2011-02-07,12.567143440246582,0.6396428571428571,17.91,2010-12-25,76283000000.0,19.6471254230544
2011-02-08,12.685713768005371,0.6396428571428571,17.91,2010-12-25,76283000000.0,19.832495003023475
2011-02-09,12.791428565979004,0.6396428571428571,17.91,2010-12-25,76283000000.0,19.997766602312236
2011-02-10,12.662142753601074,0.6396428571428571,17.91,2010-12-25,76283000000.0,19.79564472924791
2011-02-11,12.744643211364746,0.6396428571428571,17.91,2010-12-25,76283000000.0,19.924623669358624
2011-02-14,12.82785701751709,0.6396428571428571,17.91,2010-12-25,76283000000.0,20.054717838664352
2011-02-15,12.853570938110352,0.6396428571428571,17.91,2010-12-25,76283000000.0,20.09491827286934
2011-02-16,12.968929290771484,0.6396428571428571,17.91,2010-12-25,76283000000.0,20.275266339564578
2011-02-17,12.796428680419922,0.6396428571428571,17.91,2010-12-25,76283000000.0,20.00558364331423
2011-02-18,12.520000457763672,0.6396428571428571,17.91,2010-12-25,76283000000.0,19.573423384555156
2011-02-22,12.09321403503418,0.6396428571428571,17.91,2010-12-25,76283000000.0,18.90619726303501
2011-02-23,12.236429214477539,0.6396428571428571,17.91,2010-12-25,76283000000.0,19.130095924364664
2011-02-24,12.24571418762207,0.6396428571428571,17.91,2010-12-25,76283000000.0,19.144611795277388
2011-02-25,12.434286117553711,0.6396428571428571,17.91,2010-12-25,76283000000.0,19.43941994927437
2011-02-28,12.614643096923828,0.6396428571428571,17.91,2010-12-25,76283000000.0,19.721385076151158
2011-03-01,12.475357055664062,0.6396428571428571,17.91,2010-12-25,76283000000.0,19.50362912108285
2011-03-02,12.575714111328125,0.6396428571428571,17.91,2010-12-25,76283000000.0,19.660524573823984
2011-03-03,12.841428756713867,0.6396428571428571,17.91,2010-12-25,76283000000.0,20.07593552138405
2011-03-04,12.85714340209961,0.6396428571428571,17.91,2010-12-25,76283000000.0,20.10050336453317
2011-03-07,12.691429138183594,0.6396428571428571,17.91,2010-12-25,76283000000.0,19.84143025511673
2011-03-08,12.705714225769043,0.6396428571428571,17.91,2010-12-25,76283000000.0,19.863763167031447
2011-03-09,12.588213920593262,0.6396428571428571,17.91,2010-12-25,76283000000.0,19.680066430854907
2011-03-10,12.381071090698242,0.6396428571428571,17.91,2010-12-25,76283000000.0,19.356225044084358
2011-03-11,12.571070671081543,0.6396428571428571,17.91,2010-12-25,76283000000.0,19.6532651474195
2011-03-14,12.627142906188965,0.6396428571428571,17.91,2010-12-25,76283000000.0,19.74092693318208
2011-03-15,12.336786270141602,0.6396428571428571,17.91,2010-12-25,76283000000.0,19.2869913771058
2011-03-16,11.786070823669434,0.6396428571428571,17.91,2010-12-25,76283000000.0,18.426018038120837
2011-03-17,11.95142936706543,0.6396428571428571,17.91,2010-12-25,76283000000.0,18.68453502388789
2011-03-18,11.809642791748047,0.6396428571428571,17.91,2010-12-25,76283000000.0,18.46286980284452
2011-03-21,12.117856979370117,0.6396428571428571,17.91,2010-12-25,76283000000.0,18.94472336249935
2011-03-22,12.185713768005371,0.6396428571428571,17.91,2010-12-25,76283000000.0,19.050808794201586
2011-03-23,12.11392879486084,0.6396428571428571,17.91,2010-12-25,76283000000.0,18.93858214718613
2011-03-24,12.320357322692871,0.6396428571428571,17.91,2010-12-25,76283000000.0,19.261306813813537
2011-03-25,12.555000305175781,0.6396428571428571,17.91,2010-12-25,76283000000.0,19.62814118062099
2011-03-28,12.515713691711426,0.6396428571428571,17.91,2010-12-25,76283000000.0,19.566721572748182
2011-03-29,12.534285545349121,0.6396428571428571,17.91,2010-12-25,76283000000.0,19.595756296469872
2011-03-30,12.451070785522461,0.6396428571428571,17.91,2010-12-25,76283000000.0,19.465660636216022
2011-03-31,12.446785926818848,0.6396428571428571,17.91,2010-12-25,76283000000.0,19.458961806305293
2011-04-01,12.305713653564453,0.6396428571428571,17.91,2010-12-25,76283000000.0,19.238413305405064
2011-04-04,12.185357093811035,0.6396428571428571,17.91,2010-12-25,76283000000.0,19.05025117960408
2011-04-05,12.103214263916016,0.6396428571428571,17.91,2010-12-25,76283000000.0,18.921831345039
2011-04-06,12.072856903076172,0.6396428571428571,17.91,2010-12-25,76283000000.0,18.874371484429528
2011-04-07,12.074286460876465,0.6396428571428571,17.91,2010-12-25,76283000000.0,18.876606415663932
2011-04-08,11.966428756713867,0.6396428571428571,17.91,2010-12-25,76283000000.0,18.707984655945747
2011-04-11,11.814286231994629,0.6396428571428571,17.91,2010-12-25,76283000000.0,18.470129229249004
2011-04-12,11.871429443359375,0.6396428571428571,17.91,2010-12-25,76283000000.0,18.559465349752237
2011-04-13,12.004643440246582,0.6396428571428571,17.91,2010-12-25,76283000000.0,18.76772843812978
2011-04-14,11.872142791748047,0.6396428571428571,17.91,2010-12-25,76283000000.0,18.560580578947256
2011-04-15,11.694999694824219,0.6396428571428571,17.91,2010-12-25,76283000000.0,18.283639947240545
2011-04-18,11.851785659790039,0.6396428571428571,17.91,2010-12-25,76283000000.0,18.528754800341773
2011-04-19,12.066429138183594,0.6396428571428571,17.91,2010-12-25,76283000000.0,18.86432249408937
2011-04-20,12.228928565979004,0.6396428571428571,17.91,2010-12-25,76283000000.0,19.118369617387614
2011-04-21,12.524999618530273,0.7492857142857143,20.979999999999997,2011-03-26,87451000000.0,16.71591941462572
2011-04-25,12.607500076293945,0.7492857142857143,20.979999999999997,2011-03-26,87451000000.0,16.82602488733224
2011-04-26,12.515000343322754,0.7492857142857143,20.979999999999997,2011-03-26,87451000000.0,16.702574338085658
2011-04-27,12.505356788635254,0.7492857142857143,20.979999999999997,2011-03-26,87451000000.0,16.68970400771149
2011-04-28,12.383929252624512,0.7492857142857143,20.979999999999997,2011-03-26,87451000000.0,16.527646285676184
2011-04-29,12.504643440246582,0.7492857142857143,20.979999999999997,2011-03-26,87451000000.0,16.688751969823844
2011-05-02,12.367142677307129,0.7492857142857143,20.979999999999997,2011-03-26,87451000000.0,16.50524284864631
2011-05-03,12.435713768005371,0.7492857142857143,20.979999999999997,2011-03-26,87451000000.0,16.596758126985243
2011-05-04,12.48464298248291,0.7492857142857143,20.979999999999997,2011-03-26,87451000000.0,16.662059271187868
2011-05-05,12.383929252624512,0.7492857142857143,20.979999999999997,2011-03-26,87451000000.0,16.527646285676184
2011-05-06,12.380714416503906,0.7492857142857143,20.979999999999997,2011-03-26,87451000000.0,16.52335575129215
2011-05-09,12.414285659790039,0.7492857142857143,20.979999999999997,2011-03-26,87451000000.0,16.568160079796048
2011-05-10,12.48035717010498,0.7492857142857143,20.979999999999997,2011-03-26,87451000000.0,16.656339407194444
2011-05-11,12.401070594787598,0.7492857142857143,20.979999999999997,2011-03-26,87451000000.0,16.55052319609403
2011-05-12,12.3774995803833,0.7492857142857143,20.979999999999997,2011-03-26,87451000000.0,16.51906521690812
2011-05-13,12.160714149475098,0.7492857142857143,20.979999999999997,2011-03-26,87451000000.0,16.229742430186022
2011-05-16,11.903571128845215,0.7492857142857143,20.979999999999997,2011-03-26,87451000000.0,15.886558227248141
2011-05-17,12.005000114440918,0.7492857142857143,20.979999999999997,2011-03-26,87451000000.0,16.02192579620332
2011-05-18,12.138214111328125,0.7492857142857143,20.979999999999997,2011-03-26,87451000000.0,16.199713780609507
2011-05-19,12.161786079406738,0.7492857142857143,20.979999999999997,2011-03-26,87451000000.0,16.231173032573338
2011-05-20,11.972143173217773,0.7492857142857143,20.979999999999997,2011-03-26,87451000000.0,15.978074778364997
2011-05-23,11.942856788635254,0.7492857142857143,20.979999999999997,2011-03-26,87451000000.0,15.938989041076601
2011-05-24,11.86392879486084,0.7492857142857143,20.979999999999997,2011-03-26,87451000000.0,15.833651394475858
2011-05-25,12.027856826782227,0.7492857142857143,20.979999999999997,2011-03-26,87451000000.0,16.052430464723656
2011-05-26,11.964285850524902,0.7492857142857143,20.979999999999997,2011-03-26,87451000000.0,15.96758836104372
2011-05-27,12.0503568649292,0.7492857142857143,20.979999999999997,2011-03-26,87451000000.0,16.08245911430017
2011-05-31,12.422499656677246,0.7492857142857143,20.979999999999997,2011-03-26,87451000000.0,16.579122516061148
2011-06-01,12.339642524719238,0.7492857142857143,20.979999999999997,2011-03-26,87451000000.0,16.468541024410804
2011-06-02,12.360713958740234,0.7492857142857143,20.979999999999997,2011-03-26,87451000000.0,16.496663052656174
2011-06-03,12.265713691711426,0.7492857142857143,20.979999999999997,2011-03-26,87451000000.0,16.36987527969113
2011-06-06,12.072856903076172,0.7492857142857143,20.979999999999997,2011-03-26,87451000000.0,16.112487763876683
2011-06-07,11.85857105255127,0.7492857142857143,20.979999999999997,2011-03-26,87451000000.0,15.826500928095115
2011-06-08,11.865714073181152,0.7492857142857143,20.979999999999997,2011-03-26,87451000000.0,15.836034034750822
2011-06-09,11.838929176330566,0.7492857142857143,20.979999999999997,2011-03-26,87451000000.0,15.80028679395881
2011-06-10,11.639286041259766,0.7492857142857143,20.979999999999997,2011-03-26,87451000000.0,15.533842190432479
2011-06-13,11.664285659790039,0.7492857142857143,20.979999999999997,2011-03-26,87451000000.0,15.567206790949527
2011-06-14,11.872857093811035,0.7492857142857143,20.979999999999997,2011-03-26,87451000000.0,15.845567141406528
2011-06-15,11.66964340209961,0.7492857142857143,20.979999999999997,2011-03-26,87451000000.0,15.574357257330268
2011-06-16,11.6128568649292,0.7492857142857143,20.979999999999997,2011-03-26,87451000000.0,15.498569695806365
2011-06-17,11.437856674194336,0.7492857142857143,20.979999999999997,2011-03-26,87451000000.0,15.26501367385326
2011-06-20,11.261428833007812,0.7492857142857143,20.979999999999997,2011-03-26,87451000000.0,15.029552303346936
2011-06-21,11.617856979370117,0.7492857142857143,20.979999999999997,2011-03-26,87451000000.0,15.505242870465361
2011-06-22,11.521785736083984,0.7492857142857143,20.979999999999997,2011-03-26,87451000000.0,15.377025767890922
2011-06-23,11.829643249511719,0.7492857142857143,20.979999999999997,2011-03-26,87451000000.0,15.787893755306392
2011-06-24,11.655357360839844,0.7492857142857143,20.979999999999997,2011-03-26,87451000000.0,15.555291044018857
2011-06-27,11.85857105255127,0.7492857142857143,20.979999999999997,2011-03-26,87451000000.0,15.826500928095115
2011-06-28,11.973570823669434,0.7492857142857143,20.979999999999997,2011-03-26,87451000000.0,15.979980126918214
2011-06-29,11.930000305175781,0.7492857142857143,20.979999999999997,2011-03-26,87451000000.0,15.921830721874255
2011-06-30,11.988213539123535,0.7492857142857143,20.979999999999997,2011-03-26,87451000000.0,15.999522359173449
2011-07-01,12.259285926818848,0.7492857142857143,20.979999999999997,2011-03-26,87451000000.0,16.361296756478918
2011-07-05,12.479642868041992,0.7492857142857143,20.979999999999997,2011-03-26,87451000000.0,16.655386096528872
2011-07-06,12.562856674194336,0.7492857142857143,20.979999999999997,2011-03-26,87451000000.0,16.76644360712304
2011-07-07,12.757143020629883,0.7492857142857143,20.979999999999997,2011-03-26,87451000000.0,17.025739017046554
2011-07-08,12.846785545349121,0.7492857142857143,20.979999999999997,2011-03-26,87451000000.0,17.145376323630856
2011-07-11,12.64285659790039,0.7492857142857143,20.979999999999997,2011-03-26,87451000000.0,16.8732118561111
2011-07-12,12.633929252624512,0.7492857142857143,20.979999999999997,2011-03-26,87451000000.0,16.861297381958355
2011-07-13,12.786429405212402,0.7492857142857143,20.979999999999997,2011-03-26,87451000000.0,17.06482475433495
2011-07-14,12.77750015258789,0.7492857142857143,20.979999999999997,2011-03-26,87451000000.0,17.052907734626356
2011-07-15,13.032856941223145,0.7492857142857143,20.979999999999997,2011-03-26,87451000000.0,17.393708024511344
2011-07-18,13.350000381469727,0.7492857142857143,20.979999999999997,2011-03-26,87451000000.0,17.816969050579235
2011-07-19,13.458929061889648,0.7492857142857143,20.979999999999997,2011-03-26,87451000000.0,17.962345745133945
2011-07-20,13.817856788635254,0.9021428571428571,25.259999999999998,2011-06-25,100322000000.0,15.316705862303527
2011-07-21,13.831786155700684,0.9021428571428571,25.259999999999998,2011-06-25,100322000000.0,15.332146174173364
2011-07-22,14.046428680419922,0.9021428571428571,25.259999999999998,2011-06-25,100322000000.0,15.570071379721211
2011-07-25,14.23214340209961,0.9021428571428571,25.259999999999998,2011-06-25,100322000000.0,15.775930928693153
2011-07-26,14.407500267028809,0.9021428571428571,25.259999999999998,2011-06-25,100322000000.0,15.970309084592504
2011-07-27,14.021071434020996,0.9021428571428571,25.259999999999998,2011-06-25,100322000000.0,15.541963584821373
2011-07-28,13.993571281433105,0.9021428571428571,25.259999999999998,2011-06-25,100322000000.0,15.51148043864319
2011-07-29,13.945713996887207,0.9021428571428571,25.259999999999998,2011-06-25,100322000000.0,15.458431983881306
2011-08-01,14.16964340209961,0.9021428571428571,25.259999999999998,2011-06-25,100322000000.0,15.706651435423161
2011-08-02,13.889642715454102,0.9021428571428571,25.259999999999998,2011-06-25,100322000000.0,15.396278544446352
2011-08-03,14.020357131958008,0.9021428571428571,25.259999999999998,2011-06-25,100322000000.0,15.541171801061925
2011-08-04,13.477499961853027,0.9021428571428571,25.259999999999998,2011-06-25,100322000000.0,14.939429886456246
2011-08-05,13.343570709228516,0.9021428571428571,25.259999999999998,2011-06-25,100322000000.0,14.790973074362567
2011-08-08,12.614643096923828,0.9021428571428571,25.259999999999998,2011-06-25,100322000000.0,13.982977304586983
2011-08-09,13.357500076293945,0.9021428571428571,25.259999999999998,2011-06-25,100322000000.0,14.806413386232402
2011-08-10,12.98892879486084,0.9021428571428571,25.259999999999998,2011-06-25,100322000000.0,14.397862480447486
2011-08-11,13.346428871154785,0.9021428571428571,25.259999999999998,2011-06-25,100322000000.0,14.794141266521535
2011-08-12,13.463929176330566,0.9021428571428571,25.259999999999998,2011-06-25,100322000000.0,14.924387052147896
2011-08-15,13.693214416503906,0.9021428571428571,25.259999999999998,2011-06-25,100322000000.0,15.178543296203856
2011-08-16,13.588570594787598,0.9021428571428571,25.259999999999998,2011-06-25,100322000000.0,15.062548561126395
2011-08-17,13.587142944335938,0.9021428571428571,25.259999999999998,2011-06-25,100322000000.0,15.060966050728672
2011-08-18,13.073213577270508,0.9021428571428571,25.259999999999998,2011-06-25,100322000000.0,14.4912897926989
2011-08-19,12.715356826782227,0.9021428571428571,25.259999999999998,2011-06-25,100322000000.0,14.094615643305714
2011-08-22,12.729999542236328,0.9021428571428571,25.259999999999998,2011-06-25,100322000000.0,14.110846681813824
2011-08-23,13.342857360839844,0.9021428571428571,25.259999999999998,2011-06-25,100322000000.0,14.790182347724292
2011-08-24,13.4350004196167,0.9021428571428571,25.259999999999998,2011-06-25,100322000000.0,14.892320338450816
2011-08-25,13.347143173217773,0.9021428571428571,25.259999999999998,2011-06-25,100322000000.0,14.794933050280983
2011-08-26,13.699286460876465,0.9021428571428571,25.259999999999998,2011-06-25,100322000000.0,15.185273986719755
2011-08-29,13.927499771118164,0.9021428571428571,25.259999999999998,2011-06-25,100322000000.0,15.438242026575955
2011-08-30,13.928214073181152,0.9021428571428571,25.259999999999998,2011-06-25,100322000000.0,15.439033810335403
2011-08-31,13.743928909301758,0.9021428571428571,25.259999999999998,2011-06-25,100322000000.0,15.234758886003533
2011-09-01,13.608214378356934,0.9021428571428571,25.259999999999998,2011-06-25,100322000000.0,15.084323143071819
2011-09-02,13.358928680419922,0.9021428571428571,25.259999999999998,2011-06-25,100322000000.0,14.8079969537513
2011-09-06,13.562143325805664,0.9021428571428571,25.259999999999998,2011-06-25,100322000000.0,15.033254676269145
2011-09-07,13.711786270141602,0.9021428571428571,25.259999999999998,2011-06-25,100322000000.0,15.19912967394952
2011-09-08,13.71928596496582,0.9021428571428571,25.259999999999998,2011-06-25,100322000000.0,15.207442874863142
2011-09-09,13.481429100036621,0.9021428571428571,25.259999999999998,2011-06-25,100322000000.0,14.9437852256938
2011-09-12,13.569286346435547,0.9021428571428571,25.259999999999998,2011-06-25,100322000000.0,15.04117251386363
2011-09-13,13.736429214477539,0.9021428571428571,25.259999999999998,2011-06-25,100322000000.0,15.226445685089908
2011-09-14,13.903571128845215,0.9021428571428571,25.259999999999998,2011-06-25,100322000000.0,15.411717799195012
2011-09-15,14.034285545349121,0.9021428571428571,25.259999999999998,2011-06-25,100322000000.0,15.556611055810585
2011-09-16,14.303570747375488,0.9021428571428571,25.259999999999998,2011-06-25,100322000000.0,15.855106133274493
2011-09-19,14.701070785522461,0.9021428571428571,25.259999999999998,2011-06-25,100322000000.0,16.29572375275649
2011-09-20,14.766071319580078,0.9021428571428571,25.259999999999998,2011-06-25,100322000000.0,16.36777501774514
2011-09-21,14.71928596496582,0.9021428571428571,25.259999999999998,2011-06-25,100322000000.0,16.315914767183017
2011-09-22,14.350713729858398,0.9021428571428571,25.259999999999998,2011-06-25,100322000000.0,15.907362804276927
2011-09-23,14.439286231994629,0.9021428571428571,25.259999999999998,2011-06-25,100322000000.0,16.00554293332738
2011-09-26,14.39892864227295,0.9021428571428571,25.259999999999998,2011-06-25,100322000000.0,15.960807679479121
2011-09-27,14.259285926818848,0.9021428571428571,25.259999999999998,2011-06-25,100322000000.0,15.806017654431027
2011-09-28,14.178929328918457,0.9021428571428571,25.259999999999998,2011-06-25,100322000000.0,15.716944624295994
2011-09-29,13.948928833007812,0.9021428571428571,25.259999999999998,2011-06-25,100322000000.0,15.461995539359412
2011-09-30,13.618571281433105,0.9021428571428571,25.259999999999998,2011-06-25,100322000000.0,15.095803479023237
2011-10-03,13.378570556640625,0.9021428571428571,25.259999999999998,2011-06-25,100322000000.0,14.829769421454374
2011-10-04,13.303570747375488,0.9021428571428571,25.259999999999998,2011-06-25,100322000000.0,14.746634240954618
2011-10-05,13.508929252624512,0.9021428571428571,25.259999999999998,2011-06-25,100322000000.0,14.974268371871984
2011-10-06,13.477499961853027,0.9021428571428571,25.259999999999998,2011-06-25,100322000000.0,14.939429886456246
2011-10-07,13.20714282989502,0.9021428571428571,25.259999999999998,2011-06-25,100322000000.0,14.63974660479258
2011-10-10,13.88607120513916,0.9021428571428571,25.259999999999998,2011-06-25,100322000000.0,15.392319625649108
2011-10-11,14.29607105255127,0.9021428571428571,25.259999999999998,2011-06-25,100322000000.0,15.846792932360868
2011-10-12,14.36392879486084,0.9021428571428571,25.259999999999998,2011-06-25,100322000000.0,15.922011332387314
2011-10-13,14.586786270141602,0.9021428571428571,25.259999999999998,2011-06-25,100322000000.0,16.169042579729407
2011-10-14,15.071429252624512,0.9021428571428571,25.259999999999998,2011-06-25,100322000000.0,16.706255703621785
2011-10-17,14.999643325805664,0.9021428571428571,25.259999999999998,2011-06-25,100322000000.0,16.626683021478964
2011-10-18,15.079999923706055,0.9021428571428571,25.259999999999998,2011-06-25,100322000000.0,16.715756051613997
2011-10-19,14.236429214477539,0.9021428571428571,25.259999999999998,2011-06-25,100322000000.0,15.780681631249845
2011-10-20,14.118213653564453,0.9021428571428571,25.259999999999998,2011-06-25,100322000000.0,15.649643004742861
2011-10-21,14.031070709228516,0.9021428571428571,25.259999999999998,2011-06-25,100322000000.0,15.55304750033248
2011-10-24,14.491786003112793,0.9021428571428571,25.259999999999998,2011-06-25,100322000000.0,16.063737453965093
2011-10-25,14.206070899963379,0.9021428571428571,25.259999999999998,2011-06-25,100322000000.0,15.747030292912692
2011-10-26,14.307143211364746,0.9882142857142857,27.67,2011-09-24,108249000000.0,14.477774120643762
2011-10-27,14.453213691711426,0.9882142857142857,27.67,2011-09-24,108249000000.0,14.625586677554027
2011-10-28,14.462499618530273,0.9882142857142857,27.67,2011-09-24,108249000000.0,14.63498335087993
2011-10-31,14.456428527832031,0.9882142857142857,27.67,2011-09-24,108249000000.0,14.628839854690888
2011-11-01,14.161070823669434,0.9882142857142857,27.67,2011-09-24,108249000000.0,14.329959633637301
2011-11-02,14.193214416503906,0.9882142857142857,27.67,2011-09-24,108249000000.0,14.362486579765427
2011-11-03,14.395357131958008,0.9882142857142857,27.67,2011-09-24,108249000000.0,14.567040104619595
2011-11-04,14.294285774230957,0.9882142857142857,27.67,2011-09-24,108249000000.0,14.464763342192512
2011-11-07,14.276070594787598,0.9882142857142857,27.67,2011-09-24,108249000000.0,14.446330923529192
2011-11-08,14.508213996887207,0.9882142857142857,27.67,2011-09-24,108249000000.0,14.681242931436277
2011-11-09,14.117142677307129,0.9882142857142857,27.67,2011-09-24,108249000000.0,14.285507588167677
2011-11-10,13.757857322692871,0.9882142857142857,27.67,2011-09-24,108249000000.0,13.921937297990617
2011-11-11,13.736429214477539,0.9882142857142857,27.67,2011-09-24,108249000000.0,13.900253632286631
2011-11-14,13.545000076293945,0.9882142857142857,27.67,2011-09-24,108249000000.0,13.706541457760407
2011-11-15,13.886786460876465,0.9882142857142857,27.67,2011-09-24,108249000000.0,14.05240408039541
2011-11-16,13.741786003112793,0.9882142857142857,27.67,2011-09-24,108249000000.0,13.905674307450603
2011-11-17,13.478928565979004,0.9882142857142857,27.67,2011-09-24,108249000000.0,13.639681960513629
2011-11-18,13.390713691711426,0.9882142857142857,27.67,2011-09-24,108249000000.0,13.550415011489697
2011-11-21,13.178929328918457,0.9882142857142857,27.67,2011-09-24,108249000000.0,13.336104850369237
2011-11-22,13.446785926818848,0.9882142857142857,27.67,2011-09-24,108249000000.0,13.607155979433601
2011-11-23,13.106785774230957,0.9882142857142857,27.67,2011-09-24,108249000000.0,13.263100891885319
2011-11-25,12.98464298248291,0.9882142857142857,27.67,2011-09-24,108249000000.0,13.139501391742735
2011-11-28,13.432856559753418,0.9882142857142857,27.67,2011-09-24,108249000000.0,13.593060486920697
2011-11-29,13.328571319580078,0.9882142857142857,27.67,2011-09-24,108249000000.0,13.48753151240485
2011-11-30,13.649999618530273,0.9882142857142857,27.67,2011-09-24,108249000000.0,13.812793253301324
2011-12-01,13.854642868041992,0.9882142857142857,27.67,2011-09-24,108249000000.0,14.019877134267285
2011-12-02,13.91785717010498,0.9882142857142857,27.67,2011-09-24,108249000000.0,14.083845347413785
2011-12-05,14.036070823669434,0.9882142857142857,27.67,2011-09-24,108249000000.0,14.20346884939444
2011-12-06,13.962499618530273,0.9882142857142857,27.67,2011-09-24,108249000000.0,14.12902021390848
2011-12-07,13.896071434020996,0.9882142857142857,27.67,2011-09-24,108249000000.0,14.061799788673216
2011-12-08,13.952142715454102,0.9882142857142857,27.67,2011-09-24,108249000000.0,14.118539791569022
2011-12-09,14.057856559753418,0.9882142857142857,27.67,2011-09-24,108249000000.0,14.225514408135009
2011-12-12,13.994285583496094,0.9882142857142857,27.67,2011-09-24,108249000000.0,14.161185267000022
2011-12-13,13.88607120513916,0.9882142857142857,27.67,2011-09-24,108249000000.0,14.051680294322244
2011-12-14,13.578213691711426,0.9882142857142857,27.67,2011-09-24,108249000000.0,13.740151187853991
2011-12-15,13.533571243286133,0.9882142857142857,27.67,2011-09-24,108249000000.0,13.694976321359295
2011-12-16,13.607856750488281,0.9882142857142857,27.67,2011-09-24,108249000000.0,13.770147777870324
2011-12-19,13.650357246398926,0.9882142857142857,27.67,2011-09-24,108249000000.0,13.813155146337909
2011-12-20,14.141071319580078,0.9882142857142857,27.67,2011-09-24,108249000000.0,14.309721609983455
2011-12-21,14.158928871154785,0.9882142857142857,27.67,2011-09-24,108249000000.0,14.32779213561019
2011-12-22,14.233928680419922,0.9882142857142857,27.67,2011-09-24,108249000000.0,14.40368641314629
2011-12-23,14.404643058776855,0.9882142857142857,27.67,2011-09-24,108249000000.0,14.5764367779455
2011-12-27,14.518928527832031,0.9882142857142857,27.67,2011-09-24,108249000000.0,14.692085246812319
2011-12-28,14.380000114440918,0.9882142857142857,27.67,2011-09-24,108249000000.0,14.551499935104651
2011-12-29,14.468570709228516,0.9882142857142857,27.67,2011-09-24,108249000000.0,14.641126847068971
2011-12-30,14.464285850524902,0.9882142857142857,27.67,2011-09-24,108249000000.0,14.636790885966652
2012-01-03,14.686785697937012,0.9882142857142857,27.67,2011-09-24,108249000000.0,14.861944327511251
2012-01-04,14.765713691711426,0.9882142857142857,27.67,2011-09-24,108249000000.0,14.941813638161182
2012-01-05,14.929642677307129,0.9882142857142857,27.67,2011-09-24,108249000000.0,15.107697685746281
2012-01-06,15.085714340209961,0.9882142857142857,27.67,2011-09-24,108249000000.0,15.265630702055617
2012-01-09,15.061785697937012,0.9882142857142857,27.67,2011-09-24,108249000000.0,15.241416680239839
2012-01-10,15.115714073181152,0.9882142857142857,27.67,2011-09-24,108249000000.0,15.295988220060437
2012-01-11,15.091071128845215,0.9882142857142857,27.67,2011-09-24,108249000000.0,15.271051377219589
2012-01-12,15.049642562866211,0.9882142857142857,27.67,2011-09-24,108249000000.0,15.229128722813657
2012-01-13,14.993213653564453,0.9882142857142857,27.67,2011-09-24,108249000000.0,15.172026826881268
2012-01-17,15.16785717010498,0.9882142857142857,27.67,2011-09-24,108249000000.0,15.348753189842409
2012-01-18,15.325357437133789,0.9882142857142857,27.67,2011-09-24,108249000000.0,15.508131848201883
2012-01-19,15.276785850524902,0.9882142857142857,27.67,2011-09-24,108249000000.0,15.458980983545258
2012-01-20,15.010713577270508,0.9882142857142857,27.67,2011-09-24,108249000000.0,15.189735459471422
2012-01-23,15.264642715454102,0.9882142857142857,27.67,2011-09-24,108249000000.0,15.446693026119076
2012-01-24,15.014642715454102,0.9882142857142857,27.67,2011-09-24,108249000000.0,15.193711457633352
2012-01-25,15.952142715454102,1.2539285714285713,35.11,2011-12-31,127841000000.0,12.721731587374391
2012-01-26,15.879643440246582,1.2539285714285713,35.11,2011-12-31,127841000000.0,12.663913880002973
2012-01-27,15.974286079406738,1.2539285714285713,35.11,2011-12-31,127841000000.0,12.739390778222408
2012-01-30,16.17892837524414,1.2539285714285713,35.11,2011-12-31,127841000000.0,12.902591697716776
2012-01-31,16.3028564453125,1.2539285714285713,35.11,2011-12-31,127841000000.0,13.00142353941185
2012-02-01,16.292499542236328,1.2539285714285713,35.11,2011-12-31,127841000000.0,12.993163975580098
2012-02-02,16.25428581237793,1.2539285714285713,35.11,2011-12-31,127841000000.0,12.962688770908063
2012-02-03,16.417142868041992,1.2539285714285713,35.11,2011-12-31,127841000000.0,13.092566229142006
2012-02-06,16.570356369018555,1.2539285714285713,35.11,2011-12-31,127841000000.0,13.21475301431272
2012-02-07,16.743928909301758,1.2539285714285713,35.11,2011-12-31,127841000000.0,13.353176002860987
2012-02-08,17.0242862701416,1.2539285714285713,35.11,2011-12-31,127841000000.0,13.57675920148006
2012-02-09,17.61321449279785,1.2539285714285713,35.11,2011-12-31,127841000000.0,14.046425684942749
2012-02-10,17.622142791748047,1.2539285714285713,35.11,2011-12-31,127841000000.0,14.053545946139145
2012-02-13,17.950000762939453,1.2539285714285713,35.11,2011-12-31,127841000000.0,14.315010577109222
2012-02-14,18.19499969482422,1.2539285714285713,35.11,2011-12-31,127841000000.0,14.510395655228658
2012-02-15,17.773929595947266,1.2539285714285713,35.11,2011-12-31,127841000000.0,14.174594949772814
2012-02-16,17.936071395874023,1.2539285714285713,35.11,2011-12-31,127841000000.0,14.303901996139924
2012-02-17,17.932857513427734,1.2539285714285713,35.11,2011-12-31,127841000000.0,14.30133894548495
2012-02-21,18.387500762939453,1.2539285714285713,35.11,2011-12-31,127841000000.0,14.663914023420814
2012-02-22,18.322856903076172,1.2539285714285713,35.11,2011-12-31,127841000000.0,14.612360959445539
2012-02-23,18.4424991607666,1.2539285714285713,35.11,2011-12-31,127841000000.0,14.707774893234546
2012-02-24,18.657499313354492,1.2539285714285713,35.11,2011-12-31,127841000000.0,14.879236137109821
2012-02-27,18.777143478393555,1.2539285714285713,35.11,2011-12-31,127841000000.0,14.97465159199714
2012-02-28,19.12178611755371,1.2539285714285713,35.11,2011-12-31,127841000000.0,15.249501888108915
2012-02-29,19.37285614013672,1.2539285714285713,35.11,2011-12-31,127841000000.0,15.449728622154035
2012-03-01,19.445356369018555,1.2539285714285713,35.11,2011-12-31,127841000000.0,15.507547090074612
2012-03-02,19.470714569091797,1.2539285714285713,35.11,2011-12-31,127841000000.0,15.527770092126755
2012-03-05,19.04142951965332,1.2539285714285713,35.11,2011-12-31,127841000000.0,15.185418016243037
2012-03-06,18.937856674194336,1.2539285714285713,35.11,2011-12-31,127841000000.0,15.102819335728894
2012-03-07,18.953214645385742,1.2539285714285713,35.11,2011-12-31,127841000000.0,15.115067219333547
2012-03-08,19.356786727905273,1.2539285714285713,35.11,2011-12-31,127841000000.0,15.436913368879171
2012-03-09,19.47035789489746,1.2539285714285713,35.11,2011-12-31,127841000000.0,15.527485646742495
2012-03-12,19.71428680419922,1.2539285714285713,35.11,2011-12-31,127841000000.0,15.722017388709148
2012-03-13,20.28928565979004,1.2539285714285713,35.11,2011-12-31,127841000000.0,16.18057529120254
2012-03-14,21.056428909301758,1.2539285714285713,35.11,2011-12-31,127841000000.0,16.792367116503826
2012-03-15,20.912857055664062,1.2539285714285713,35.11,2011-12-31,127841000000.0,16.67786948329803
2012-03-16,20.9132137298584,1.2539285714285713,35.11,2011-12-31,127841000000.0,16.678153928682292
2012-03-19,21.467857360839844,1.2539285714285713,35.11,2011-12-31,127841000000.0,17.12047866999475
2012-03-20,21.641429901123047,1.2539285714285713,35.11,2011-12-31,127841000000.0,17.258901658543017
2012-03-21,21.51785659790039,1.2539285714285713,35.11,2011-12-31,127841000000.0,17.160352741133895
2012-03-22,21.405000686645508,1.2539285714285713,35.11,2011-12-31,127841000000.0,17.070350875137404
2012-03-23,21.287500381469727,1.2539285714285713,35.11,2011-12-31,127841000000.0,16.976645134752275
2012-03-26,21.6778564453125,1.2539285714285713,35.11,2011-12-31,127841000000.0,17.287951594097127
2012-03-27,21.945714950561523,1.2539285714285713,35.11,2011-12-31,127841000000.0,17.50156703548057
2012-03-28,22.057857513427734,1.2539285714285713,35.11,2011-12-31,127841000000.0,17.591000010708534
2012-03-29,21.78071403503418,1.2539285714285713,35.11,2011-12-31,127841000000.0,17.369979862744433
2012-03-30,21.412500381469727,1.2539285714285713,35.11,2011-12-31,127841000000.0,17.076331833698447
2012-04-02,22.093929290771484,1.2539285714285713,35.11,2011-12-31,127841000000.0,17.619767021976692
2012-04-03,22.4757137298584,1.2539285714285713,35.11,2011-12-31,127841000000.0,17.924237665509406
2012-04-04,22.296785354614258,1.2539285714285713,35.11,2011-12-31,127841000000.0,17.781543432902286
2012-04-05,22.63142967224121,1.2539285714285713,35.11,2011-12-31,127841000000.0,18.04842013166488
2012-04-09,22.72249984741211,1.2539285714285713,35.11,2011-12-31,127841000000.0,18.121048012746773
2012-04-10,22.444286346435547,1.2539285714285713,35.11,2011-12-31,127841000000.0,17.89917452862989
2012-04-11,22.364286422729492,1.2539285714285713,35.11,2011-12-31,127841000000.0,17.835375102148273
2012-04-12,22.241785049438477,1.2539285714285713,35.11,2011-12-31,127841000000.0,17.737681041990243
2012-04-13,21.6153564453125,1.2539285714285713,35.11,2011-12-31,127841000000.0,17.23810824462404
2012-04-16,20.718929290771484,1.2539285714285713,35.11,2011-12-31,127841000000.0,16.52321333356883
2012-04-17,21.774999618530273,1.2539285714285713,35.11,2011-12-31,127841000000.0,17.365422652203012
2012-04-18,21.726428985595703,1.2539285714285713,35.11,2011-12-31,127841000000.0,17.326687883699226
2012-04-19,20.979999542236328,1.2539285714285713,35.11,2011-12-31,127841000000.0,16.731415186061444
2012-04-20,20.463571548461914,1.2539285714285713,35.11,2011-12-31,127841000000.0,16.31956717051933
2012-04-23,20.417856216430664,1.2539285714285713,35.11,2011-12-31,127841000000.0,16.283109486187943
2012-04-24,20.010000228881836,1.2539285714285713,35.11,2011-12-31,127841000000.0,15.957846949834561
2012-04-25,21.78571319580078,1.4646428571428571,41.010000000000005,2012-03-31,142360000000.0,14.874420128808142
2012-04-26,21.703571319580078,1.4646428571428571,41.010000000000005,2012-03-31,142360000000.0,14.818336916562844
2012-04-27,21.53571319580078,1.4646428571428571,41.010000000000005,2012-03-31,142360000000.0,14.703730053216821
2012-04-30,20.856428146362305,1.4646428571428571,41.010000000000005,2012-03-31,142360000000.0,14.239941187469997
2012-05-01,20.79035758972168,1.4646428571428571,41.010000000000005,2012-03-31,142360000000.0,14.194830834240602
2012-05-02,20.9278564453125,1.4646428571428571,41.010000000000005,2012-03-31,142360000000.0,14.288709594458668
2012-05-03,20.779285430908203,1.4646428571428571,41.010000000000005,2012-03-31,142360000000.0,14.187271203741275
2012-05-04,20.1875,1.4646428571428571,41.010000000000005,2012-03-31,142360000000.0,13.783223603999025
2012-05-07,20.338571548461914,1.4646428571428571,41.010000000000005,2012-03-31,142360000000.0,13.886369260105672
2012-05-08,20.292142868041992,1.4646428571428571,41.010000000000005,2012-03-31,142360000000.0,13.854669600223746
2012-05-09,20.327856063842773,1.4646428571428571,41.010000000000005,2012-03-31,142360000000.0,13.879053152587117
2012-05-10,20.375713348388672,1.4646428571428571,41.010000000000005,2012-03-31,142360000000.0,13.911728206654056
2012-05-11,20.239643096923828,1.4646428571428571,41.010000000000005,2012-03-31,142360000000.0,13.818824840621
2012-05-14,19.93642807006836,1.4646428571428571,41.010000000000005,2012-03-31,142360000000.0,13.611801657203465
2012-05-15,19.756071090698242,1.4646428571428571,41.010000000000005,2012-03-31,142360000000.0,13.488661071435034
2012-05-16,19.502857208251953,1.4646428571428571,41.010000000000005,2012-03-31,142360000000.0,13.31577668449292
2012-05-17,18.932857513427734,1.4646428571428571,41.010000000000005,2012-03-31,142360000000.0,12.926603520506623
2012-05-18,18.942142486572266,1.4646428571428571,41.010000000000005,2012-03-31,142360000000.0,12.932942931578236
2012-05-21,20.045713424682617,1.4646428571428571,41.010000000000005,2012-03-31,142360000000.0,13.686417358963991
2012-05-22,19.891786575317383,1.4646428571428571,41.010000000000005,2012-03-31,142360000000.0,13.58132221674925
2012-05-23,20.37714385986328,1.4646428571428571,41.010000000000005,2012-03-31,142360000000.0,13.912704903100996
2012-05-24,20.190000534057617,1.4646428571428571,41.010000000000005,2012-03-31,142360000000.0,13.784930869388278
2012-05-25,20.081785202026367,1.4646428571428571,41.010000000000005,2012-03-31,142360000000.0,13.711045736570062
2012-05-29,20.438213348388672,1.4646428571428571,41.010000000000005,2012-03-31,142360000000.0,13.954400725551885
2012-05-30,20.684642791748047,1.4646428571428571,41.010000000000005,2012-03-31,142360000000.0,14.12265296681164
2012-05-31,20.633214950561523,1.4646428571428571,41.010000000000005,2012-03-31,142360000000.0,14.087540078413134
2012-06-01,20.035356521606445,1.4646428571428571,41.010000000000005,2012-03-31,142360000000.0,13.679346076688136
2012-06-04,20.153213500976562,1.4646428571428571,41.010000000000005,2012-03-31,142360000000.0,13.759814143558735
2012-06-05,20.101070404052734,1.4646428571428571,41.010000000000005,2012-03-31,142360000000.0,13.724212906936762
2012-06-06,20.409286499023438,1.4646428571428571,41.010000000000005,2012-03-31,142360000000.0,13.934650621132803
2012-06-07,20.41857147216797,1.4646428571428571,41.010000000000005,2012-03-31,142360000000.0,13.940990032204416
2012-06-08,20.7257137298584,1.4646428571428571,41.010000000000005,2012-03-31,142360000000.0,14.150694572934288
2012-06-11,20.398929595947266,1.4646428571428571,41.010000000000005,2012-03-31,142360000000.0,13.927579338856948
2012-06-12,20.5771427154541,1.4646428571428571,41.010000000000005,2012-03-31,142360000000.0,14.049256182216894
2012-06-13,20.43428611755371,1.4646428571428571,41.010000000000005,2012-03-31,142360000000.0,13.95171936823955
2012-06-14,20.411785125732422,1.4646428571428571,41.010000000000005,2012-03-31,142360000000.0,13.936356584260126
2012-06-15,20.504642486572266,1.4646428571428571,41.010000000000005,2012-03-31,142360000000.0,13.99975590402398
2012-06-18,20.920713424682617,1.4646428571428571,41.010000000000005,2012-03-31,142360000000.0,14.283832623533609
2012-06-19,20.97892951965332,1.4646428571428571,41.010000000000005,2012-03-31,142360000000.0,14.323580262138332
2012-06-20,20.919286727905273,1.4646428571428571,41.010000000000005,2012-03-31,142360000000.0,14.282858531610525
2012-06-21,20.631071090698242,1.4646428571428571,41.010000000000005,2012-03-31,142360000000.0,14.086076336004652
2012-06-22,20.78928565979004,1.4646428571428571,41.010000000000005,2012-03-31,142360000000.0,14.194098963036359
2012-06-25,20.3846435546875,1.4646428571428571,41.010000000000005,2012-03-31,142360000000.0,13.917825397006828
2012-06-26,20.429643630981445,1.4646428571428571,41.010000000000005,2012-03-31,142360000000.0,13.948549662703742
2012-06-27,20.51785659790039,1.4646428571428571,41.010000000000005,2012-03-31,142360000000.0,14.00877797466986
2012-06-28,20.323213577270508,1.4646428571428571,41.010000000000005,2012-03-31,142360000000.0,13.87588344705131
2012-06-29,20.85714340209961,1.4646428571428571,41.010000000000005,2012-03-31,142360000000.0,14.240429535693467
2012-07-02,21.161428451538086,1.4646428571428571,41.010000000000005,2012-03-31,142360000000.0,14.448183288053315
2012-07-03,21.407499313354492,1.4646428571428571,41.010000000000005,2012-03-31,142360000000.0,14.616190704070368
2012-07-05,21.783571243286133,1.4646428571428571,41.010000000000005,2012-03-31,142360000000.0,14.872957688661588
2012-07-06,21.63857078552246,1.4646428571428571,41.010000000000005,2012-03-31,142360000000.0,14.77395713227576
2012-07-09,21.92464256286621,1.4646428571428571,41.010000000000005,2012-03-31,142360000000.0,14.96927558547315
2012-07-10,21.721786499023438,1.4646428571428571,41.010000000000005,2012-03-31,142360000000.0,14.830773517987229
2012-07-11,21.5867862701416,1.4646428571428571,41.010000000000005,2012-03-31,142360000000.0,14.738600720896486
2012-07-12,21.389286041259766,1.4646428571428571,41.010000000000005,2012-03-31,142360000000.0,14.603755404907911
2012-07-13,21.60607147216797,1.4646428571428571,41.010000000000005,2012-03-31,142360000000.0,14.751767891263183
2012-07-16,21.675357818603516,1.4646428571428571,41.010000000000005,2012-03-31,142360000000.0,14.799073858105302
2012-07-17,21.676429748535156,1.4646428571428571,41.010000000000005,2012-03-31,142360000000.0,14.799805729309544
2012-07-18,21.652143478393555,1.4646428571428571,41.010000000000005,2012-03-31,142360000000.0,14.783224028164339
2012-07-19,21.940000534057617,1.4646428571428571,41.010000000000005,2012-03-31,142360000000.0,14.979761398527513
2012-07-20,21.582143783569336,1.4646428571428571,41.010000000000005,2012-03-31,142360000000.0,14.735431015360678
2012-07-23,21.565357208251953,1.4646428571428571,41.010000000000005,2012-03-31,142360000000.0,14.723969808121304
2012-07-24,21.461429595947266,1.4646428571428571,41.010000000000005,2012-03-31,142360000000.0,14.653012160120054
2012-07-25,20.534643173217773,1.5192857142857144,42.54,2012-06-30,148812000000.0,13.515985163377941
2012-07-26,20.531429290771484,1.5192857142857144,42.54,2012-06-30,148812000000.0,13.513869772957253
2012-07-27,20.898571014404297,1.5192857142857144,42.54,2012-06-30,148812000000.0,13.755523939899396
2012-07-30,21.25107192993164,1.5192857142857144,42.54,2012-06-30,148812000000.0,13.987541467750022
2012-07-31,21.812856674194336,1.5192857142857144,42.54,2012-06-30,148812000000.0,14.357310457861809
2012-08-01,21.671785354614258,1.5192857142857144,42.54,2012-06-30,148812000000.0,14.264456744927108
2012-08-02,21.706785202026367,1.5192857142857144,42.54,2012-06-30,148812000000.0,14.287493786007012
2012-08-03,21.989286422729492,1.5192857142857144,42.54,2012-06-30,148812000000.0,14.473437231697831
2012-08-06,22.233928680419922,1.5192857142857144,42.54,2012-06-30,148812000000.0,14.634461754860315
2012-08-07,22.175357818603516,1.5192857142857144,42.54,2012-06-30,148812000000.0,14.59591017679592
2012-08-08,22.13785743713379,1.5192857142857144,42.54,2012-06-30,148812000000.0,14.571227274089
2012-08-09,22.168928146362305,1.5192857142857144,42.54,2012-06-30,148812000000.0,14.591678140529961
2012-08-10,22.203571319580078,1.5192857142857144,42.54,2012-06-30,148812000000.0,14.614480417213027
2012-08-13,22.5,1.5192857142857144,42.54,2012-06-30,148812000000.0,14.809590973201692
2012-08-14,22.56035614013672,1.5192857142857144,42.54,2012-06-30,148812000000.0,14.84931762867485
2012-08-15,22.52964210510254,1.5192857142857144,42.54,2012-06-30,148812000000.0,14.829101526630726
2012-08-16,22.726428985595703,1.5192857142857144,42.54,2012-06-30,148812000000.0,14.958627447030551
2012-08-17,23.146785736083984,1.5192857142857144,42.54,2012-06-30,148812000000.0,15.235307959810802
2012-08-20,23.75535774230957,1.5192857142857144,42.54,2012-06-30,148812000000.0,15.635872514919322
2012-08-21,23.430713653564453,1.5192857142857144,42.54,2012-06-30,148812000000.0,15.422190463088967
2012-08-22,23.888214111328125,1.5192857142857144,42.54,2012-06-30,148812000000.0,15.7233191141793
2012-08-23,23.66535758972168,1.5192857142857144,42.54,2012-06-30,148812000000.0,15.57663405059255
2012-08-24,23.68642807006836,1.5192857142857144,42.54,2012-06-30,148812000000.0,15.590502725950024
2012-08-27,24.13142967224121,1.5192857142857144,42.54,2012-06-30,148812000000.0,15.88340457975444
2012-08-28,24.100000381469727,1.5192857142857144,42.54,2012-06-30,148812000000.0,15.862717693492062
2012-08-29,24.052499771118164,1.5192857142857144,42.54,2012-06-30,148812000000.0,15.83145259970166
2012-08-30,23.70964241027832,1.5192857142857144,42.54,2012-06-30,148812000000.0,15.60578249853768
2012-08-31,23.75857162475586,1.5192857142857144,42.54,2012-06-30,148812000000.0,15.63798790534001
2012-09-04,24.10607147216797,1.5192857142857144,42.54,2012-06-30,148812000000.0,15.866713709936603
2012-09-05,23.936786651611328,1.5192857142857144,42.54,2012-06-30,148812000000.0,15.755289756584794
2012-09-06,24.15250015258789,1.5192857142857144,42.54,2012-06-30,148812000000.0,15.897273255111916
2012-09-07,24.301429748535156,1.5192857142857144,42.54,2012-06-30,148812000000.0,15.995299317324502
2012-09-10,23.669286727905273,1.5192857142857144,42.54,2012-06-30,148812000000.0,15.579220225231492
2012-09-11,23.592500686645508,1.5192857142857144,42.54,2012-06-30,148812000000.0,15.528679342408891
2012-09-12,23.921070098876953,1.5192857142857144,42.54,2012-06-30,148812000000.0,15.744945058029023
2012-09-13,24.39214324951172,1.5192857142857144,42.54,2012-06-30,148812000000.0,16.05500731044495
2012-09-14,24.68857192993164,1.5192857142857144,42.54,2012-06-30,148812000000.0,16.250117866433612
2012-09-17,24.992143630981445,1.5192857142857144,42.54,2012-06-30,148812000000.0,16.44992998748191
2012-09-18,25.068214416503906,1.5192857142857144,42.54,2012-06-30,148812000000.0,16.500000086086256
2012-09-19,25.075000762939453,1.5192857142857144,42.54,2012-06-30,148812000000.0,16.50446688674905
2012-09-20,24.953571319580078,1.5192857142857144,42.54,2012-06-30,148812000000.0,16.4245415361599
2012-09-21,25.00321388244629,1.5192857142857144,42.54,2012-06-30,148812000000.0,16.457216471755903
2012-09-24,24.671070098876953,1.5192857142857144,42.54,2012-06-30,148812000000.0,16.23859809046908
2012-09-25,24.05500030517578,1.5192857142857144,42.54,2012-06-30,148812000000.0,15.833098461328674
2012-09-26,23.75642967224121,1.5192857142857144,42.54,2012-06-30,148812000000.0,15.636578063534412
2012-09-27,24.332857131958008,1.5192857142857144,42.54,2012-06-30,148812000000.0,16.0159849481623
2012-09-28,23.825000762939453,1.5192857142857144,42.54,2012-06-30,148812000000.0,15.681711832682291
2012-10-01,23.54964256286621,1.5192857142857144,42.54,2012-06-30,148812000000.0,15.500469952051102
2012-10-02,23.618213653564453,1.5192857142857144,42.54,2012-06-30,148812000000.0,15.545603721198981
2012-10-03,23.980356216430664,1.5192857142857144,42.54,2012-06-30,148812000000.0,15.783967420311672
2012-10-04,23.814285278320312,1.5192857142857144,42.54,2012-06-30,148812000000.0,15.674658857380553
2012-10-05,23.306785583496094,1.5192857142857144,42.54,2012-06-30,148812000000.0,15.34062050629738
2012-10-08,22.791786193847656,1.5192857142857144,42.54,2012-06-30,148812000000.0,15.001645825757741
2012-10-09,22.70892906188965,1.5192857142857144,42.54,2012-06-30,148812000000.0,14.9471089264906
2012-10-10,22.8896427154541,1.5192857142857144,42.54,2012-06-30,148812000000.0,15.066055383937819
2012-10-11,22.43214225769043,1.5192857142857144,42.54,2012-06-30,148812000000.0,14.764926732847485
2012-10-12,22.489643096923828,1.5192857142857144,42.54,2012-06-30,148812000000.0,14.802774017721372
2012-10-15,22.670000076293945,1.5192857142857144,42.54,2012-06-30,148812000000.0,14.921485710771755
2012-10-16,23.206785202026367,1.5192857142857144,42.54,2012-06-30,148812000000.0,15.274799850887124
2012-10-17,23.021785736083984,1.5192857142857144,42.54,2012-06-30,148812000000.0,15.153032454404126
2012-10-18,22.59428596496582,1.5192857142857144,42.54,2012-06-30,148812000000.0,14.871650376564244
2012-10-19,21.780000686645508,1.5192857142857144,42.54,2012-06-30,148812000000.0,14.335684514012087
2012-10-22,22.64392852783203,1.5192857142857144,42.54,2012-06-30,148812000000.0,14.904325312160246
2012-10-23,21.90571403503418,1.5192857142857144,42.54,2012-06-30,148812000000.0,14.418429548212435
2012-10-24,22.02964210510254,1.5192857142857144,42.54,2012-06-30,148812000000.0,14.499999505004022
2012-10-25,21.769285202026367,1.5192857142857144,42.54,2012-06-30,148812000000.0,14.328631538710349
2012-10-26,21.571428298950195,1.5192857142857144,42.54,2012-06-30,148812000000.0,14.198401325120015
2012-10-31,21.261428833007812,1.5771428571428572,44.160000000000004,2012-09-29,156508000000.0,13.480978426725967
2012-11-01,21.30500030517578,1.5771428571428572,44.160000000000004,2012-09-29,156508000000.0,13.508605265962904
2012-11-02,20.600000381469727,1.5771428571428572,44.160000000000004,2012-09-29,156508000000.0,13.06159444477247
2012-11-05,20.87928581237793,1.5771428571428572,44.160000000000004,2012-09-29,156508000000.0,13.238677598428035
2012-11-06,20.816070556640625,1.5771428571428572,44.160000000000004,2012-09-29,156508000000.0,13.198595461638076
2012-11-07,19.928571701049805,1.5771428571428572,44.160000000000004,2012-09-29,156508000000.0,12.635869737984477
2012-11-08,19.20535659790039,1.5771428571428572,44.160000000000004,2012-09-29,156508000000.0,12.177309437074523
2012-11-09,19.537857055664062,1.5771428571428572,44.160000000000004,2012-09-29,156508000000.0,12.388134002685547
2012-11-12,19.38678550720215,1.5771428571428572,44.160000000000004,2012-09-29,156508000000.0,12.292345883189768
2012-11-13,19.389286041259766,1.5771428571428572,44.160000000000004,2012-09-29,156508000000.0,12.293931366740793
2012-11-14,19.174285888671875,1.5771428571428572,44.160000000000004,2012-09-29,156508000000.0,12.15760880622311
2012-11-15,18.77214241027832,1.5771428571428572,44.160000000000004,2012-09-29,156508000000.0,11.902626528256182
2012-11-16,18.845714569091797,1.5771428571428572,44.160000000000004,2012-09-29,156508000000.0,11.94927554199661
2012-11-19,20.20464324951172,1.5771428571428572,44.160000000000004,2012-09-29,156508000000.0,12.810915103857068
2012-11-20,20.032499313354492,1.5771428571428572,44.160000000000004,2012-09-29,156508000000.0,12.701765868974768
2012-11-21,20.060714721679688,1.5771428571428572,44.160000000000004,2012-09-29,156508000000.0,12.719656073528787
2012-11-23,20.41071319580078,1.5771428571428572,44.160000000000004,2012-09-29,156508000000.0,12.941575395888176
2012-11-26,21.054643630981445,1.5771428571428572,44.160000000000004,2012-09-29,156508000000.0,13.349864621093307
2012-11-27,20.885000228881836,1.5771428571428572,44.160000000000004,2012-09-29,156508000000.0,13.242300869762033
2012-11-28,20.819286346435547,1.5771428571428572,44.160000000000004,2012-09-29,156508000000.0,13.200634458790654
2012-11-29,21.04857063293457,1.5771428571428572,44.160000000000004,2012-09-29,156508000000.0,13.34601398827373
2012-11-30,20.902856826782227,1.5771428571428572,44.160000000000004,2012-09-29,156508000000.0,13.253622987995977
2012-12-03,20.93535614013672,1.5771428571428572,44.160000000000004,2012-09-29,156508000000.0,13.27422943668089
2012-12-04,20.566070556640625,1.5771428571428572,44.160000000000004,2012-09-29,156508000000.0,13.040080968884453
2012-12-05,19.24250030517578,1.5771428571428572,44.160000000000004,2012-09-29,156508000000.0,12.200860700745514
2012-12-06,19.544286727905273,1.5771428571428572,44.160000000000004,2012-09-29,156508000000.0,12.392210787621098
2012-12-07,19.04464340209961,1.5771428571428572,44.160000000000004,2012-09-29,156508000000.0,12.075407954229824
2012-12-10,18.922143936157227,1.5771428571428572,44.160000000000004,2012-09-29,156508000000.0,11.997736191404039
2012-12-11,19.335357666015625,1.5771428571428572,44.160000000000004,2012-09-29,156508000000.0,12.259737650553385
2012-12-12,19.25,1.5771428571428572,44.160000000000004,2012-09-29,156508000000.0,12.205615942028984
2012-12-13,18.917499542236328,1.5771428571428572,44.160000000000004,2012-09-29,156508000000.0,11.994791376417961
2012-12-14,18.206785202026367,1.5771428571428572,44.160000000000004,2012-09-29,156508000000.0,11.54415728389353
2012-12-17,18.52964210510254,1.5771428571428572,44.160000000000004,2012-09-29,156508000000.0,11.74886727678603
2012-12-18,19.06785774230957,1.5771428571428572,44.160000000000004,2012-09-29,156508000000.0,12.090127191681793
2012-12-19,18.796785354614258,1.5771428571428572,44.160000000000004,2012-09-29,156508000000.0,11.918251583541648
2012-12-20,18.633214950561523,1.5771428571428572,44.160000000000004,2012-09-29,156508000000.0,11.814538465029951
2012-12-21,18.547500610351562,1.5771428571428572,44.160000000000004,2012-09-29,156508000000.0,11.760190604389578
2012-12-24,18.577499389648438,1.5771428571428572,44.160000000000004,2012-09-29,156508000000.0,11.779211569523465
2012-12-26,18.321428298950195,1.5771428571428572,44.160000000000004,2012-09-29,156508000000.0,11.61684765331987
2012-12-27,18.395000457763672,1.5771428571428572,44.160000000000004,2012-09-29,156508000000.0,11.663496667060299
2012-12-28,18.199642181396484,1.5771428571428572,44.160000000000004,2012-09-29,156508000000.0,11.539628194726031
2012-12-31,19.006071090698242,1.5771428571428572,44.160000000000004,2012-09-29,156508000000.0,12.050950872725334
2013-01-02,19.608213424682617,1.5771428571428572,44.160000000000004,2012-09-29,156508000000.0,12.432744019273398
2013-01-03,19.360713958740234,1.5771428571428572,44.160000000000004,2012-09-29,156508000000.0,12.2758150100708
2013-01-04,18.821428298950195,1.5771428571428572,44.160000000000004,2012-09-29,156508000000.0,11.933876638827117
2013-01-07,18.71071434020996,1.5771428571428572,44.160000000000004,2012-09-29,156508000000.0,11.8636775707853
2013-01-08,18.761070251464844,1.5771428571428572,44.160000000000004,2012-09-29,156508000000.0,11.895606137704158
2013-01-09,18.467857360839844,1.5771428571428572,44.160000000000004,2012-09-29,156508000000.0,11.709692167199176
2013-01-10,18.696786880493164,1.5771428571428572,44.160000000000004,2012-09-29,156508000000.0,11.854846753935883
2013-01-11,18.582143783569336,1.5771428571428572,44.160000000000004,2012-09-29,156508000000.0,11.782156384509543
2013-01-14,17.91964340209961,1.5771428571428572,44.160000000000004,2012-09-29,156508000000.0,11.36209273683852
2013-01-15,17.354286193847656,1.5771428571428572,44.160000000000004,2012-09-29,156508000000.0,11.00362349247587
2013-01-16,18.074642181396484,1.5771428571428572,44.160000000000004,2012-09-29,156508000000.0,11.46037094834922
2013-01-17,17.952856063842773,1.5771428571428572,44.160000000000004,2012-09-29,156508000000.0,11.383151489755381
2013-01-18,17.85714340209961,1.5771428571428572,44.160000000000004,2012-09-29,156508000000.0,11.322464113650115
2013-01-22,18.02750015258789,1.5771428571428572,44.160000000000004,2012-09-29,156508000000.0,11.430480169213336
2013-01-23,18.357500076293945,1.5771428571428572,44.160000000000004,2012-09-29,156508000000.0,11.639719251273334
2013-01-24,16.08928680419922,1.5750000000000002,44.1,2012-12-29,164687000000.0,10.21542019314236
2013-01-25,15.710000038146973,1.5750000000000002,44.1,2012-12-29,164687000000.0,9.974603198823473
2013-01-28,16.065357208251953,1.5750000000000002,44.1,2012-12-29,164687000000.0,10.200226798890128
2013-01-29,16.366785049438477,1.5750000000000002,44.1,2012-12-29,164687000000.0,10.391609555199032
2013-01-30,16.315357208251953,1.5750000000000002,44.1,2012-12-29,164687000000.0,10.358956957620286
2013-01-31,16.267499923706055,1.5750000000000002,44.1,2012-12-29,164687000000.0,10.328571380130827
2013-02-01,16.200714111328125,1.5750000000000002,44.1,2012-12-29,164687000000.0,10.286167689732142
2013-02-04,15.79714298248291,1.5750000000000002,44.1,2012-12-29,164687000000.0,10.0299320523701
2013-02-05,16.351428985595703,1.5750000000000002,44.1,2012-12-29,164687000000.0,10.381859673394096
2013-02-06,16.33392906188965,1.5750000000000002,44.1,2012-12-29,164687000000.0,10.370748610723584
2013-02-07,16.722143173217773,1.5750000000000002,44.1,2012-12-29,164687000000.0,10.617233760773189
2013-02-08,16.963571548461914,1.5750000000000002,44.1,2012-12-29,164687000000.0,10.770521618071056
2013-02-11,17.140356063842773,1.5750000000000002,44.1,2012-12-29,164687000000.0,10.882765754820808
2013-02-12,16.71071434020996,1.5750000000000002,44.1,2012-12-29,164687000000.0,10.609977358863466
2013-02-13,16.67892837524414,1.5750000000000002,44.1,2012-12-29,164687000000.0,10.589795793805802
2013-02-14,16.663928985595703,1.5750000000000002,44.1,2012-12-29,164687000000.0,10.580272371806794
2013-02-15,16.43428611755371,1.5750000000000002,44.1,2012-12-29,164687000000.0,10.434467376224577
2013-02-19,16.428213119506836,1.5750000000000002,44.1,2012-12-29,164687000000.0,10.430611504448784
2013-02-20,16.030357360839844,1.5750000000000002,44.1,2012-12-29,164687000000.0,10.178004673549106
2013-02-21,15.930713653564453,1.5750000000000002,44.1,2012-12-29,164687000000.0,10.11473882765997
2013-02-22,16.100357055664062,1.5750000000000002,44.1,2012-12-29,164687000000.0,10.22244892423115
2013-02-25,15.814286231994629,1.5750000000000002,44.1,2012-12-29,164687000000.0,10.040816655234684
2013-02-26,16.034643173217773,1.5750000000000002,44.1,2012-12-29,164687000000.0,10.180725824265252
2013-02-27,15.8774995803833,1.5750000000000002,44.1,2012-12-29,164687000000.0,10.08095211452908
2013-02-28,15.764286041259766,1.5750000000000002,44.1,2012-12-29,164687000000.0,10.009070502387152
2013-03-01,15.373929023742676,1.5750000000000002,44.1,2012-12-29,164687000000.0,9.761224776979475
2013-03-04,15.001786231994629,1.5750000000000002,44.1,2012-12-29,164687000000.0,9.524943639361668
2013-03-05,15.397856712341309,1.5750000000000002,44.1,2012-12-29,164687000000.0,9.776416960216702
2013-03-06,15.202142715454102,1.5750000000000002,44.1,2012-12-29,164687000000.0,9.652154105050222
2013-03-07,15.377857208251953,1.5750000000000002,44.1,2012-12-29,164687000000.0,9.763718862382191
2013-03-08,15.418571472167969,1.5750000000000002,44.1,2012-12-29,164687000000.0,9.789569188678074
2013-03-11,15.638214111328125,1.5750000000000002,44.1,2012-12-29,164687000000.0,9.929024832589285
2013-03-12,15.301071166992188,1.5750000000000002,44.1,2012-12-29,164687000000.0,9.714965820312498
2013-03-13,15.298213958740234,1.5750000000000002,44.1,2012-12-29,164687000000.0,9.713151719835068
2013-03-14,15.446429252624512,1.5750000000000002,44.1,2012-12-29,164687000000.0,9.807256668333022
2013-03-15,15.845000267028809,1.5750000000000002,44.1,2012-12-29,164687000000.0,10.06031762985956
2013-03-18,16.275714874267578,1.5750000000000002,44.1,2012-12-29,164687000000.0,10.333787221757191
2013-03-19,16.231786727905273,1.5750000000000002,44.1,2012-12-29,164687000000.0,10.30589633517795
2013-03-20,16.145713806152344,1.5750000000000002,44.1,2012-12-29,164687000000.0,10.251246861049106
2013-03-21,16.168928146362305,1.5750000000000002,44.1,2012-12-29,164687000000.0,10.265986124674479
2013-03-22,16.49678611755371,1.5750000000000002,44.1,2012-12-29,164687000000.0,10.474149915907116
2013-03-25,16.556428909301758,1.5750000000000002,44.1,2012-12-29,164687000000.0,10.512018355112225
2013-03-26,16.46928596496582,1.5750000000000002,44.1,2012-12-29,164687000000.0,10.456689501565599
2013-03-27,16.145713806152344,1.5750000000000002,44.1,2012-12-29,164687000000.0,10.251246861049106
2013-03-28,15.809286117553711,1.5750000000000002,44.1,2012-12-29,164687000000.0,10.037641979399181
2013-04-01,15.318214416503906,1.5750000000000002,44.1,2012-12-29,164687000000.0,9.725850423177082
2013-04-02,15.349642753601074,1.5750000000000002,44.1,2012-12-29,164687000000.0,9.745804922921316
2013-04-03,15.428214073181152,1.5750000000000002,44.1,2012-12-29,164687000000.0,9.795691475035651
2013-04-04,15.275713920593262,1.5750000000000002,44.1,2012-12-29,164687000000.0,9.698865981329053
2013-04-05,15.114286422729492,1.5750000000000002,44.1,2012-12-29,164687000000.0,9.59637233189174
2013-04-08,15.221785545349121,1.5750000000000002,44.1,2012-12-29,164687000000.0,9.664625743078807
2013-04-09,15.249285697937012,1.5750000000000002,44.1,2012-12-29,164687000000.0,9.682086157420324
2013-04-10,15.560357093811035,1.5750000000000002,44.1,2012-12-29,164687000000.0,9.879591805594307
2013-04-11,15.511786460876465,1.5750000000000002,44.1,2012-12-29,164687000000.0,9.848753308492993
2013-04-12,15.350000381469727,1.5750000000000002,44.1,2012-12-29,164687000000.0,9.746031988234746
2013-04-15,14.994643211364746,1.5750000000000002,44.1,2012-12-29,164687000000.0,9.520408388168091
2013-04-16,15.222857475280762,1.5750000000000002,44.1,2012-12-29,164687000000.0,9.665306333511595
2013-04-17,14.385713577270508,1.5750000000000002,44.1,2012-12-29,164687000000.0,9.133786398266988
2013-04-18,14.001786231994629,1.5750000000000002,44.1,2012-12-29,164687000000.0,8.890023004441034
2013-04-19,13.947500228881836,1.5750000000000002,44.1,2012-12-29,164687000000.0,8.855555700877355
2013-04-22,14.238213539123535,1.5750000000000002,44.1,2012-12-29,164687000000.0,9.040135580395894
2013-04-23,14.504643440246582,1.5750000000000002,44.1,2012-12-29,164687000000.0,9.209297422378782
2013-04-24,14.480713844299316,1.4960714285714287,41.89,2013-03-30,169104000000.0,9.679159408937236
2013-04-25,14.585000038146973,1.4960714285714287,41.89,2013-03-30,169104000000.0,9.748866103320964
2013-04-26,14.899999618530273,1.4960714285714287,41.89,2013-03-30,169104000000.0,9.959417267100683
2013-04-29,15.361429214477539,1.4960714285714287,41.89,2013-03-30,169104000000.0,10.267844784086202
2013-04-30,15.813570976257324,1.4960714285714287,41.89,2013-03-30,169104000000.0,10.570064152189186
2013-05-01,15.688928604125977,1.4960714285714287,41.89,2013-03-30,169104000000.0,10.486751036417457
2013-05-02,15.911429405212402,1.4960714285714287,41.89,2013-03-30,169104000000.0,10.635474417425334
2013-05-03,16.070714950561523,1.4960714285714287,41.89,2013-03-30,169104000000.0,10.741943628926299
2013-05-06,16.453929901123047,1.4960714285714287,41.89,2013-03-30,169104000000.0,10.998091125124022
2013-05-07,16.380714416503906,1.4960714285714287,41.89,2013-03-30,169104000000.0,10.949152629794924
2013-05-08,16.56571388244629,1.4960714285714287,41.89,2013-03-30,169104000000.0,11.072809470243401
2013-05-09,16.313213348388672,1.4960714285714287,41.89,2013-03-30,169104000000.0,10.90403374922136
2013-05-10,16.177499771118164,1.4960714285714287,41.89,2013-03-30,169104000000.0,10.813320448586978
2013-05-13,16.240713119506836,1.4960714285714287,41.89,2013-03-30,169104000000.0,10.8555733431891
2013-05-14,15.852143287658691,1.4960714285714287,41.89,2013-03-30,169104000000.0,10.59584655178905
2013-05-15,15.316070556640625,1.4960714285714287,41.89,2013-03-30,169104000000.0,10.237526273237943
2013-05-16,15.520713806152344,1.4960714285714287,41.89,2013-03-30,169104000000.0,10.374313358134772
2013-05-17,15.473570823669434,1.4960714285714287,41.89,2013-03-30,169104000000.0,10.342802173854
2013-05-20,15.818928718566895,1.4960714285714287,41.89,2013-03-30,169104000000.0,10.5736453597487
2013-05-21,15.702142715454102,1.4960714285714287,41.89,2013-03-30,169104000000.0,10.495583576813436
2013-05-22,15.762499809265137,1.4960714285714287,41.89,2013-03-30,169104000000.0,10.535927301490183
2013-05-23,15.790714263916016,1.4960714285714287,41.89,2013-03-30,169104000000.0,10.554786330619441
2013-05-24,15.898214340209961,1.4960714285714287,41.89,2013-03-30,169104000000.0,10.62664123957696
2013-05-28,15.765713691711426,1.4960714285714287,41.89,2013-03-30,169104000000.0,10.538075516063975
2013-05-29,15.891071319580078,1.4960714285714287,41.89,2013-03-30,169104000000.0,10.621866721132541
2013-05-30,16.127857208251953,1.4960714285714287,41.89,2013-03-30,169104000000.0,10.78013850157686
2013-05-31,16.061786651611328,1.4960714285714287,41.89,2013-03-30,169104000000.0,10.735975799596972
2013-06-03,16.097143173217773,1.4960714285714287,41.89,2013-03-30,169104000000.0,10.759608709718252
2013-06-04,16.046785354614258,1.4960714285714287,41.89,2013-03-30,169104000000.0,10.725948673411295
2013-06-05,15.896785736083984,1.4960714285714287,41.89,2013-03-30,169104000000.0,10.625686335888076
2013-06-06,15.659285545349121,1.4960714285714287,41.89,2013-03-30,169104000000.0,10.466937103599316
2013-06-07,15.778928756713867,1.4960714285714287,41.89,2013-03-30,169104000000.0,10.546908693912348
2013-06-10,15.674642562866211,1.4960714285714287,41.89,2013-03-30,169104000000.0,10.477201999528619
2013-06-11,15.628570556640625,1.4960714285714287,41.89,2013-03-30,169104000000.0,10.446406674288314
2013-06-12,15.435357093811035,1.4960714285714287,41.89,2013-03-30,169104000000.0,10.317259456354952
2013-06-13,15.569999694824219,1.4960714285714287,41.89,2013-03-30,169104000000.0,10.407256897948868
2013-06-14,15.358928680419922,1.4960714285714287,41.89,2013-03-30,169104000000.0,10.266173383904459
2013-06-17,15.428570747375488,1.4960714285714287,41.89,2013-03-30,169104000000.0,10.312723345106557
2013-06-18,15.420356750488281,1.4960714285714287,41.89,2013-03-30,169104000000.0,10.307232967621673
2013-06-19,15.10714340209961,1.4960714285714287,41.89,2013-03-30,169104000000.0,10.097875752179256
2013-06-20,14.8871431350708,1.4960714285714287,41.89,2013-03-30,169104000000.0,9.950823771353125
2013-06-21,14.76785659790039,1.4960714285714287,41.89,2013-03-30,169104000000.0,9.871090588236116
2013-06-24,14.376428604125977,1.4960714285714287,41.89,2013-03-30,169104000000.0,9.609453352005904
2013-06-25,14.379643440246582,1.4960714285714287,41.89,2013-03-30,169104000000.0,9.61160220403209
2013-06-26,14.21678638458252,1.4960714285714287,41.89,2013-03-30,169104000000.0,9.502745733308917
2013-06-27,14.063570976257324,1.4960714285714287,41.89,2013-03-30,169104000000.0,9.400333906307115
2013-06-28,14.161786079406738,1.4960714285714287,41.89,2013-03-30,169104000000.0,9.465982578739284
2013-07-01,14.614999771118164,1.4960714285714287,41.89,2013-03-30,169104000000.0,9.76891844333513
2013-07-02,14.946070671081543,1.4960714285714287,41.89,2013-03-30,169104000000.0,9.990211954888593
2013-07-03,15.028571128845215,1.4960714285714287,41.89,2013-03-30,169104000000.0,10.045356686743041
2013-07-05,14.907856941223145,1.4960714285714287,41.89,2013-03-30,169104000000.0,9.964669237389543
2013-07-08,14.823213577270508,1.4960714285714287,41.89,2013-03-30,169104000000.0,9.908092150001771
2013-07-09,15.083929061889648,1.4960714285714287,41.89,2013-03-30,169104000000.0,10.08235888596109
2013-07-10,15.026070594787598,1.4960714285714287,41.89,2013-03-30,169104000000.0,10.043685286561296
2013-07-11,15.260356903076172,1.4960714285714287,41.89,2013-03-30,169104000000.0,10.200286304276267
2013-07-12,15.232500076293945,1.4960714285714287,41.89,2013-03-30,169104000000.0,10.181666319795427
2013-07-15,15.265713691711426,1.4960714285714287,41.89,2013-03-30,169104000000.0,10.203866874383381
2013-07-16,15.364286422729492,1.4960714285714287,41.89,2013-03-30,169104000000.0,10.26975459146397
2013-07-17,15.368213653564453,1.4960714285714287,41.89,2013-03-30,169104000000.0,10.272379620429808
2013-07-18,15.420000076293945,1.4960714285714287,41.89,2013-03-30,169104000000.0,10.306994560425649
2013-07-19,15.176786422729492,1.4960714285714287,41.89,2013-03-30,169104000000.0,10.144426350833749
2013-07-22,15.225357055664062,1.4960714285714287,41.89,2013-03-30,169104000000.0,10.176891801351008
2013-07-23,14.963929176330566,1.4960714285714287,41.89,2013-03-30,169104000000.0,10.002148888452037
2013-07-24,15.732500076293945,1.4300000000000002,40.04,2013-06-29,169404000000.0,11.00174830510066
2013-07-25,15.660714149475098,1.4300000000000002,40.04,2013-06-29,169404000000.0,10.951548356276291
2013-07-26,15.749643325805664,1.4300000000000002,40.04,2013-06-29,169404000000.0,11.01373659147249
2013-07-29,15.992500305175781,1.4300000000000002,40.04,2013-06-29,169404000000.0,11.18356664697607
2013-07-30,16.190000534057617,1.4300000000000002,40.04,2013-06-29,169404000000.0,11.321678695145186
2013-07-31,16.161785125732422,1.4300000000000002,40.04,2013-06-29,169404000000.0,11.301947640372322
2013-08-01,16.309999465942383,1.4300000000000002,40.04,2013-06-29,169404000000.0,11.405594032127539
2013-08-02,16.519285202026367,1.4300000000000002,40.04,2013-06-29,169404000000.0,11.551947693724731
2013-08-05,16.766071319580078,1.4300000000000002,40.04,2013-06-29,169404000000.0,11.724525398307746
2013-08-06,16.616071701049805,1.4300000000000002,40.04,2013-06-29,169404000000.0,11.619630560174688
2013-08-07,16.606428146362305,1.4300000000000002,40.04,2013-06-29,169404000000.0,11.612886815637975
2013-08-08,16.464643478393555,1.4300000000000002,40.04,2013-06-29,169404000000.0,11.51373669817731
2013-08-09,16.230356216430664,1.4300000000000002,40.04,2013-06-29,169404000000.0,11.349899452049414
2013-08-12,16.691429138183594,1.4300000000000002,40.04,2013-06-29,169404000000.0,11.672328068659855
2013-08-13,17.484643936157227,1.4300000000000002,40.04,2013-06-29,169404000000.0,12.227023731578479
2013-08-14,17.803571701049805,1.4300000000000002,40.04,2013-06-29,169404000000.0,12.450050140594268
2013-08-15,17.782499313354492,1.4300000000000002,40.04,2013-06-29,169404000000.0,12.435314205143
2013-08-16,17.940357208251953,1.4300000000000002,40.04,2013-06-29,169404000000.0,12.54570434143493
2013-08-19,18.13357162475586,1.4300000000000002,40.04,2013-06-29,169404000000.0,12.680819318011089
2013-08-20,17.895357131958008,1.4300000000000002,40.04,2013-06-29,169404000000.0,12.51423575661399
2013-08-21,17.941429138183594,1.4300000000000002,40.04,2013-06-29,169404000000.0,12.546453942785728
2013-08-22,17.96285629272461,1.4300000000000002,40.04,2013-06-29,169404000000.0,12.561437966940284
2013-08-23,17.893571853637695,1.4300000000000002,40.04,2013-06-29,169404000000.0,12.512987310236149
2013-08-26,17.963214874267578,1.4300000000000002,40.04,2013-06-29,169404000000.0,12.561688723264039
2013-08-27,17.449642181396484,1.4300000000000002,40.04,2013-06-29,169404000000.0,12.20254697999754
2013-08-28,17.532142639160156,1.4300000000000002,40.04,2013-06-29,169404000000.0,12.260239607804303
2013-08-29,17.560714721679688,1.4300000000000002,40.04,2013-06-29,169404000000.0,12.28022008509069
2013-08-30,17.400714874267578,1.4300000000000002,40.04,2013-06-29,169404000000.0,12.168332079907396
2013-09-03,17.44928550720215,1.4300000000000002,40.04,2013-06-29,169404000000.0,12.202297557484018
2013-09-04,17.81035614013672,1.4300000000000002,40.04,2013-06-29,169404000000.0,12.45479450359211
2013-09-05,17.688213348388672,1.4300000000000002,40.04,2013-06-29,169404000000.0,12.36937996390816
2013-09-06,17.79357147216797,1.4300000000000002,40.04,2013-06-29,169404000000.0,12.443056973544033
2013-09-09,18.077499389648438,1.4300000000000002,40.04,2013-06-29,169404000000.0,12.641607964789115
2013-09-10,17.665714263916016,1.4300000000000002,40.04,2013-06-29,169404000000.0,12.353646338402807
2013-09-11,16.703929901123047,1.4300000000000002,40.04,2013-06-29,169404000000.0,11.681069860925206
2013-09-12,16.881786346435547,1.4300000000000002,40.04,2013-06-29,169404000000.0,11.805444997507374
2013-09-13,16.60357093811035,1.4300000000000002,40.04,2013-06-29,169404000000.0,11.610888767909335
2013-09-16,16.075714111328125,1.4300000000000002,40.04,2013-06-29,169404000000.0,11.241758119809877
2013-09-17,16.261428833007812,1.4300000000000002,40.04,2013-06-29,169404000000.0,11.371628554550917
2013-09-18,16.595714569091797,1.4300000000000002,40.04,2013-06-29,169404000000.0,11.605394803560696
2013-09-19,16.867856979370117,1.4300000000000002,40.04,2013-06-29,169404000000.0,11.795704181377703
2013-09-20,16.693214416503906,1.4300000000000002,40.04,2013-06-29,169404000000.0,11.673576515037695
2013-09-23,17.522857666015625,1.4300000000000002,40.04,2013-06-29,169404000000.0,12.253746619591345
2013-09-24,17.467857360839844,1.4300000000000002,40.04,2013-06-29,169404000000.0,12.21528486772017
2013-09-25,17.197500228881836,1.4300000000000002,40.04,2013-06-29,169404000000.0,12.026223936281003
2013-09-26,17.364999771118164,1.4300000000000002,40.04,2013-06-29,169404000000.0,12.143356483299414
2013-09-27,17.241071701049805,1.4300000000000002,40.04,2013-06-29,169404000000.0,12.056693497237625
2013-09-30,17.02678680419922,1.4300000000000002,40.04,2013-06-29,169404000000.0,11.906843919020432
2013-10-01,17.427143096923828,1.4300000000000002,40.04,2013-06-29,169404000000.0,12.186813354492186
2013-10-02,17.484285354614258,1.4300000000000002,40.04,2013-06-29,169404000000.0,12.226772975254724
2013-10-03,17.2646427154541,1.4300000000000002,40.04,2013-06-29,169404000000.0,12.073176724093775
2013-10-04,17.25107192993164,1.4300000000000002,40.04,2013-06-29,169404000000.0,12.063686664287859
2013-10-07,17.41964340209961,1.4300000000000002,40.04,2013-06-29,169404000000.0,12.181568812657067
2013-10-08,17.176429748535156,1.4300000000000002,40.04,2013-06-29,169404000000.0,12.011489334639968
2013-10-09,17.37821388244629,1.4300000000000002,40.04,2013-06-29,169404000000.0,12.152597120591809
2013-10-10,17.48714256286621,1.4300000000000002,40.04,2013-06-29,169404000000.0,12.228771022983363
2013-10-11,17.600357055664062,1.4300000000000002,40.04,2013-06-29,169404000000.0,12.307941996967875
2013-10-14,17.715713500976562,1.4300000000000002,40.04,2013-06-29,169404000000.0,12.388610839843748
2013-10-15,17.809999465942383,1.4300000000000002,40.04,2013-06-29,169404000000.0,12.454545081078589
2013-10-16,17.896785736083984,1.4300000000000002,40.04,2013-06-29,169404000000.0,12.515234780478309
2013-10-17,18.01785659790039,1.4300000000000002,40.04,2013-06-29,169404000000.0,12.59989971881146
2013-10-18,18.17464256286621,1.4300000000000002,40.04,2013-06-29,169404000000.0,12.709540253752593
2013-10-21,18.6200008392334,1.4300000000000002,40.04,2013-06-29,169404000000.0,13.020979607855521
2013-10-22,18.56678581237793,1.4300000000000002,40.04,2013-06-29,169404000000.0,12.983766302362188
2013-10-23,18.748571395874023,1.4300000000000002,40.04,2013-06-29,169404000000.0,13.110889088023791
2013-10-24,18.99678611755371,1.4300000000000002,40.04,2013-06-29,169404000000.0,13.284465816471124
2013-10-25,18.784286499023438,1.4300000000000002,40.04,2013-06-29,169404000000.0,13.135864684631773
2013-10-28,18.924285888671875,1.4300000000000002,40.04,2013-06-29,169404000000.0,13.233766355714597
2013-10-29,18.452856063842773,1.4300000000000002,40.04,2013-06-29,169404000000.0,12.9040951495404
2013-10-30,18.746429443359375,1.4153571428571428,39.629999999999995,2013-09-28,170910000000.0,13.245017017765898
2013-10-31,18.667856216430664,1.4153571428571428,39.629999999999995,2013-09-28,170910000000.0,13.189502247288887
2013-11-01,18.572500228881836,1.4153571428571428,39.629999999999995,2013-09-28,170910000000.0,13.122129861435566
2013-11-04,18.8125,1.4153571428571428,39.629999999999995,2013-09-28,170910000000.0,13.29169820842796
2013-11-05,18.766071319580078,1.4153571428571428,39.629999999999995,2013-09-28,170910000000.0,13.258894699678077
2013-11-06,18.604286193847656,1.4153571428571428,39.629999999999995,2013-09-28,170910000000.0,13.144587772589816
2013-11-07,18.303213119506836,1.4153571428571428,39.629999999999995,2013-09-28,170910000000.0,12.931868971642478
2013-11-08,18.591428756713867,1.4153571428571428,39.629999999999995,2013-09-28,170910000000.0,13.13550353742085
2013-11-11,18.537500381469727,1.4153571428571428,39.629999999999995,2013-09-28,170910000000.0,13.09740122839143
2013-11-12,18.571786880493164,1.4153571428571428,39.629999999999995,2013-09-28,170910000000.0,13.121625855508672
2013-11-13,18.593929290771484,1.4153571428571428,39.629999999999995,2013-09-28,170910000000.0,13.137270253383841
2013-11-14,18.862857818603516,1.4153571428571428,39.629999999999995,2013-09-28,170910000000.0,13.327277792604049
2013-11-15,18.749643325805664,1.4153571428571428,39.629999999999995,2013-09-28,170910000000.0,13.247287739655782
2013-11-18,18.522499084472656,1.4153571428571428,39.629999999999995,2013-09-28,170910000000.0,13.086802280222923
2013-11-19,18.555356979370117,1.4153571428571428,39.629999999999995,2013-09-28,170910000000.0,13.110017547876945
2013-11-20,18.39285659790039,1.4153571428571428,39.629999999999995,2013-09-28,170910000000.0,12.99520526725236
2013-11-21,18.61214256286621,1.4153571428571428,39.629999999999995,2013-09-28,170910000000.0,13.150138575832802
2013-11-22,18.564285278320312,1.4153571428571428,39.629999999999995,2013-09-28,170910000000.0,13.116325707619701
2013-11-25,18.704999923706055,1.4153571428571428,39.629999999999995,2013-09-28,170910000000.0,13.215745593332565
2013-11-26,19.049999237060547,1.4153571428571428,39.629999999999995,2013-09-28,170910000000.0,13.459499839457365
2013-11-27,19.498571395874023,1.4153571428571428,39.629999999999995,2013-09-28,170910000000.0,13.77643197286078
2013-11-29,19.859643936157227,1.4153571428571428,39.629999999999995,2013-09-28,170910000000.0,14.031542523653858
2013-12-02,19.686786651611328,1.4153571428571428,39.629999999999995,2013-09-28,170910000000.0,13.909412723823296
2013-12-03,20.2257137298584,1.4153571428571428,39.629999999999995,2013-09-28,170910000000.0,14.290183811154055
2013-12-04,20.178571701049805,1.4153571428571428,39.629999999999995,2013-09-28,170910000000.0,14.256876296477278
2013-12-05,20.282142639160156,1.4153571428571428,39.629999999999995,2013-09-28,170910000000.0,14.330052836146464
2013-12-06,20.000713348388672,1.4153571428571428,39.629999999999995,2013-09-28,170910000000.0,14.131213064720738
2013-12-09,20.229642868041992,1.4153571428571428,39.629999999999995,2013-09-28,170910000000.0,14.292959886580263
2013-12-10,20.198213577270508,1.4153571428571428,39.629999999999995,2013-09-28,170910000000.0,14.27075397838946
2013-12-11,20.04857063293457,1.4153571428571428,39.629999999999995,2013-09-28,170910000000.0,14.165025932933839
2013-12-12,20.019285202026367,1.4153571428571428,39.629999999999995,2013-09-28,170910000000.0,14.144334737742577
2013-12-13,19.801071166992188,1.4153571428571428,39.629999999999995,2013-09-28,170910000000.0,13.990158785661905
2013-12-16,19.91071319580078,1.4153571428571428,39.629999999999995,2013-09-28,170910000000.0,14.06762476614741
2013-12-17,19.82107162475586,1.4153571428571428,39.629999999999995,2013-09-28,170910000000.0,14.004289818146962
2013-12-18,19.67035675048828,1.4153571428571428,39.629999999999995,2013-09-28,170910000000.0,13.897804416191569
2013-12-19,19.44499969482422,1.4153571428571428,39.629999999999995,2013-09-28,170910000000.0,13.738581666794806
2013-12-20,19.60785675048828,1.4153571428571428,39.629999999999995,2013-09-28,170910000000.0,13.85364595038284
2013-12-23,20.3603572845459,1.4153571428571428,39.629999999999995,2013-09-28,170910000000.0,14.385314256050599
2013-12-24,20.273929595947266,1.4153571428571428,39.629999999999995,2013-09-28,170910000000.0,14.324250029940032
2013-12-26,20.139286041259766,1.4153571428571428,39.629999999999995,2013-09-28,170910000000.0,14.22911958504349
2013-12-27,20.00321388244629,1.4153571428571428,39.629999999999995,2013-09-28,170910000000.0,14.132979780683728
2013-12-30,19.804285049438477,1.4153571428571428,39.629999999999995,2013-09-28,170910000000.0,13.992429507551789
2013-12-31,20.036428451538086,1.4153571428571428,39.629999999999995,2013-09-28,170910000000.0,14.156447051301198
2014-01-02,19.754642486572266,1.4153571428571428,39.629999999999995,2013-09-28,170910000000.0,13.957355276912024
2014-01-03,19.320714950561523,1.4153571428571428,39.629999999999995,2013-09-28,170910000000.0,13.650770088713669
2014-01-06,19.426071166992188,1.4153571428571428,39.629999999999995,2013-09-28,170910000000.0,13.72520799080952
2014-01-07,19.28714370727539,1.4153571428571428,39.629999999999995,2013-09-28,170910000000.0,13.627050815132753
2014-01-08,19.409286499023438,1.4153571428571428,39.629999999999995,2013-09-28,170910000000.0,13.713349027823778
2014-01-09,19.161428451538086,1.4153571428571428,39.629999999999995,2013-09-28,170910000000.0,13.538228529978966
2014-01-10,19.033571243286133,1.4153571428571428,39.629999999999995,2013-09-28,170910000000.0,13.447892879435068
2014-01-13,19.133214950561523,1.4153571428571428,39.629999999999995,2013-09-28,170910000000.0,13.518294691287476
2014-01-14,19.51392936706543,1.4153571428571428,39.629999999999995,2013-09-28,170910000000.0,13.787282923992734
2014-01-15,19.90571403503418,1.4153571428571428,39.629999999999995,2013-09-28,170910000000.0,14.064092681830862
2014-01-16,19.79464340209961,1.4153571428571428,39.629999999999995,2013-09-28,170910000000.0,13.985617341882138
2014-01-17,19.309642791748047,1.4153571428571428,39.629999999999995,2013-09-28,170910000000.0,13.642947215971368
2014-01-21,19.609643936157227,1.4153571428571428,39.629999999999995,2013-09-28,170910000000.0,13.854908660418936
2014-01-22,19.696786880493164,1.4153571428571428,39.629999999999995,2013-09-28,170910000000.0,13.916478240065825
2014-01-23,19.863571166992188,1.4153571428571428,39.629999999999995,2013-09-28,170910000000.0,14.034317251470636
2014-01-24,19.502500534057617,1.4153571428571428,39.629999999999995,2013-09-28,170910000000.0,13.779208048286987
2014-01-27,19.66071319580078,1.4153571428571428,39.629999999999995,2013-09-28,170910000000.0,13.890990902912488
2014-01-28,18.08928680419922,1.44,40.32,2013-12-28,173992000000.0,12.562004725138348
2014-01-29,17.883928298950195,1.44,40.32,2013-12-28,173992000000.0,12.419394652048748
2014-01-30,17.849285125732422,1.44,40.32,2013-12-28,173992000000.0,12.395336892869738
2014-01-31,17.878570556640625,1.44,40.32,2013-12-28,173992000000.0,12.415673997667101
2014-02-03,17.911785125732422,1.44,40.32,2013-12-28,173992000000.0,12.438739670647516
2014-02-04,18.171070098876953,1.44,40.32,2013-12-28,173992000000.0,12.618798679775661
2014-02-05,18.306785583496094,1.44,40.32,2013-12-28,173992000000.0,12.71304554409451
2014-02-06,18.30392837524414,1.44,40.32,2013-12-28,173992000000.0,12.71106137169732
2014-02-07,18.559999465942383,1.44,40.32,2013-12-28,173992000000.0,12.888888518015545
2014-02-10,18.892499923706055,1.44,40.32,2013-12-28,173992000000.0,13.119791613684761
2014-02-11,19.141429901123047,1.44,40.32,2013-12-28,173992000000.0,13.292659653557672
2014-02-12,19.139999389648438,1.44,40.32,2013-12-28,173992000000.0,13.291666242811415
2014-02-13,19.44392967224121,1.44,40.32,2013-12-28,173992000000.0,13.502728939056396
2014-02-14,19.428213119506836,1.44,40.32,2013-12-28,173992000000.0,13.491814666324192
2014-02-18,19.499643325805664,1.44,40.32,2013-12-28,173992000000.0,13.541418976253935
2014-02-19,19.19178581237793,1.44,40.32,2013-12-28,173992000000.0,13.327629036373562
2014-02-20,18.969642639160156,1.44,40.32,2013-12-28,173992000000.0,13.17336294386122
2014-02-21,18.758928298950195,1.44,40.32,2013-12-28,173992000000.0,13.027033540937635
2014-02-24,18.8410701751709,1.44,40.32,2013-12-28,173992000000.0,13.084076510535347
2014-02-25,18.645000457763672,1.44,40.32,2013-12-28,173992000000.0,12.947916984558105
2014-02-26,18.47678565979004,1.44,40.32,2013-12-28,173992000000.0,12.831101152631971
2014-02-27,18.84535789489746,1.44,40.32,2013-12-28,173992000000.0,13.087054093678793
2014-02-28,18.794286727905273,1.44,40.32,2013-12-28,173992000000.0,13.051588005489773
2014-03-03,18.84857177734375,1.44,40.32,2013-12-28,173992000000.0,13.089285956488716
2014-03-04,18.972856521606445,1.44,40.32,2013-12-28,173992000000.0,13.175594806671143
2014-03-05,19.01285743713379,1.44,40.32,2013-12-28,173992000000.0,13.203373220231798
2014-03-06,18.95535659790039,1.44,40.32,2013-12-28,173992000000.0,13.16344208187527
2014-03-07,18.944286346435547,1.44,40.32,2013-12-28,173992000000.0,13.155754407246908
2014-03-10,18.961429595947266,1.44,40.32,2013-12-28,173992000000.0,13.167659441630047
2014-03-11,19.14607048034668,1.44,40.32,2013-12-28,173992000000.0,13.295882278018528
2014-03-12,19.164642333984375,1.44,40.32,2013-12-28,173992000000.0,13.308779398600262
2014-03-13,18.951786041259766,1.44,40.32,2013-12-28,173992000000.0,13.160962528652615
2014-03-14,18.738929748535156,1.44,40.32,2013-12-28,173992000000.0,13.01314565870497
2014-03-17,18.812143325805664,1.44,40.32,2013-12-28,173992000000.0,13.063988420698378
2014-03-18,18.97857093811035,1.44,40.32,2013-12-28,173992000000.0,13.179563151465523
2014-03-19,18.97357177734375,1.44,40.32,2013-12-28,173992000000.0,13.176091512044271
2014-03-20,18.882143020629883,1.44,40.32,2013-12-28,173992000000.0,13.112599319881863
2014-03-21,19.031070709228516,1.44,40.32,2013-12-28,173992000000.0,13.216021325853136
2014-03-24,19.256786346435547,1.44,40.32,2013-12-28,173992000000.0,13.372768296135797
2014-03-25,19.46392822265625,1.44,40.32,2013-12-28,173992000000.0,13.516616821289062
2014-03-26,19.277856826782227,1.44,40.32,2013-12-28,173992000000.0,13.387400574154325
2014-03-27,19.19499969482422,1.44,40.32,2013-12-28,173992000000.0,13.329860899183485
2014-03-28,19.17357063293457,1.44,40.32,2013-12-28,173992000000.0,13.314979606204563
2014-03-31,19.169286727905273,1.44,40.32,2013-12-28,173992000000.0,13.31200467215644
2014-04-01,19.344642639160156,1.44,40.32,2013-12-28,173992000000.0,13.433779610527887
2014-04-02,19.376785278320312,1.44,40.32,2013-12-28,173992000000.0,13.45610088772244
2014-04-03,19.24250030517578,1.44,40.32,2013-12-28,173992000000.0,13.362847434149849
2014-04-04,18.99357032775879,1.44,40.32,2013-12-28,173992000000.0,13.189979394276937
2014-04-07,18.695356369018555,1.44,40.32,2013-12-28,173992000000.0,12.982886367373997
2014-04-08,18.694286346435547,1.44,40.32,2013-12-28,173992000000.0,12.982143296135797
2014-04-09,18.940000534057617,1.44,40.32,2013-12-28,173992000000.0,13.152778148651123
2014-04-10,18.695714950561523,1.44,40.32,2013-12-28,173992000000.0,12.983135382334392
2014-04-11,18.5575008392334,1.44,40.32,2013-12-28,173992000000.0,12.887153360578749
2014-04-14,18.63142967224121,1.44,40.32,2013-12-28,173992000000.0,12.938492827945286
2014-04-15,18.498571395874023,1.44,40.32,2013-12-28,173992000000.0,12.846230136023628
2014-04-16,18.53607177734375,1.44,40.32,2013-12-28,173992000000.0,12.872272067599827
2014-04-17,18.74785614013672,1.44,40.32,2013-12-28,173992000000.0,13.01934454176161
2014-04-21,18.97035789489746,1.44,40.32,2013-12-28,173992000000.0,13.173859649234348
2014-04-22,18.989286422729492,1.44,40.32,2013-12-28,173992000000.0,13.187004460228815
2014-04-23,18.741071701049805,1.44,40.32,2013-12-28,173992000000.0,13.01463312572903
2014-04-24,20.27750015258789,1.4946428571428572,41.85,2014-03-29,176035000000.0,13.566786243069556
2014-04-25,20.426429748535156,1.4946428571428572,41.85,2014-03-29,176035000000.0,13.666428505591025
2014-04-28,21.217500686645508,1.4946428571428572,41.85,2014-03-29,176035000000.0,14.195699384135585
2014-04-29,21.15464210510254,1.4946428571428572,41.85,2014-03-29,176035000000.0,14.15364346338999
2014-04-30,21.074642181396484,1.4946428571428572,41.85,2014-03-29,176035000000.0,14.100119022200754
2014-05-01,21.124286651611328,1.4946428571428572,41.85,2014-03-29,176035000000.0,14.133333960456802
2014-05-02,21.163570404052734,1.4946428571428572,41.85,2014-03-29,176035000000.0,14.15961699673779
2014-05-05,21.46285629272461,1.4946428571428572,41.85,2014-03-29,176035000000.0,14.35985606203797
2014-05-06,21.22892951965332,1.4946428571428572,41.85,2014-03-29,176035000000.0,14.203345915180238
2014-05-07,21.15464210510254,1.4946428571428572,41.85,2014-03-29,176035000000.0,14.15364346338999
2014-05-08,20.999643325805664,1.4946428571428572,41.85,2014-03-29,176035000000.0,14.049940576405223
2014-05-09,20.91214370727539,1.4946428571428572,41.85,2014-03-29,176035000000.0,13.991398418248767
2014-05-12,21.172500610351562,1.4946428571428572,41.85,2014-03-29,176035000000.0,14.16559180620893
2014-05-13,21.205713272094727,1.4946428571428572,41.85,2014-03-29,176035000000.0,14.187812941903282
2014-05-14,21.20964241027832,1.4946428571428572,41.85,2014-03-29,176035000000.0,14.190441755980716
2014-05-15,21.029285430908203,1.4946428571428572,41.85,2014-03-29,176035000000.0,14.06977280920979
2014-05-16,21.339643478393555,1.4946428571428572,41.85,2014-03-29,176035000000.0,14.277419770490312
2014-05-19,21.592500686645508,1.4946428571428572,41.85,2014-03-29,176035000000.0,14.446595441483256
2014-05-20,21.596786499023438,1.4946428571428572,41.85,2014-03-29,176035000000.0,14.449462890625
2014-05-21,21.653928756713867,1.4946428571428572,41.85,2014-03-29,176035000000.0,14.487694269724928
2014-05-22,21.688213348388672,1.4946428571428572,41.85,2014-03-29,176035000000.0,14.51063258673555
2014-05-23,21.93321418762207,1.4946428571428572,41.85,2014-03-29,176035000000.0,14.674551905696964
2014-05-27,22.343929290771484,1.4946428571428572,41.85,2014-03-29,176035000000.0,14.949343372559177
2014-05-28,22.28607177734375,1.4946428571428572,41.85,2014-03-29,176035000000.0,14.910633447207287
2014-05-29,22.692142486572266,1.4946428571428572,41.85,2014-03-29,176035000000.0,15.182317553740106
2014-05-30,22.60714340209961,1.4946428571428572,41.85,2014-03-29,176035000000.0,15.125448393280504
2014-06-02,22.451786041259766,1.4946428571428572,41.85,2014-03-29,176035000000.0,15.021505595108087
2014-06-03,22.769285202026367,1.4946428571428572,41.85,2014-03-29,176035000000.0,15.233930362168179
2014-06-04,23.029285430908203,1.4946428571428572,41.85,2014-03-29,176035000000.0,15.40788511506403
2014-06-05,23.11964225769043,1.4946428571428572,41.85,2014-03-29,176035000000.0,15.46833890598165
2014-06-06,23.05607032775879,1.4946428571428572,41.85,2014-03-29,176035000000.0,15.425805715107433
2014-06-09,23.424999237060547,1.4946428571428572,41.85,2014-03-29,176035000000.0,15.672639871868466
2014-06-10,23.5625,1.4946428571428572,41.85,2014-03-29,176035000000.0,15.76463560334528
2014-06-11,23.46500015258789,1.4946428571428572,41.85,2014-03-29,176035000000.0,15.699402730524753
2014-06-12,23.072500228881836,1.4946428571428572,41.85,2014-03-29,176035000000.0,15.436798241545793
2014-06-13,22.81999969482422,1.4946428571428572,41.85,2014-03-29,176035000000.0,15.267861205617159
2014-06-16,23.049999237060547,1.4946428571428572,41.85,2014-03-29,176035000000.0,15.421743814520795
2014-06-17,23.020000457763672,1.4946428571428572,41.85,2014-03-29,176035000000.0,15.401672946651919
2014-06-18,23.045000076293945,1.4946428571428572,41.85,2014-03-29,176035000000.0,15.418399095250429
2014-06-19,22.96500015258789,1.4946428571428572,41.85,2014-03-29,176035000000.0,15.364874654061193
2014-06-20,22.727500915527344,1.4946428571428572,41.85,2014-03-29,176035000000.0,15.205974328190337
2014-06-23,22.707500457763672,1.4946428571428572,41.85,2014-03-29,176035000000.0,15.192592898862193
2014-06-24,22.56999969482422,1.4946428571428572,41.85,2014-03-29,176035000000.0,15.100597167385379
2014-06-25,22.59000015258789,1.4946428571428572,41.85,2014-03-29,176035000000.0,15.113978596713523
2014-06-26,22.725000381469727,1.4946428571428572,41.85,2014-03-29,176035000000.0,15.204301330493484
2014-06-27,22.9950008392334,1.4946428571428572,41.85,2014-03-29,176035000000.0,15.38494679805341
2014-06-30,23.232500076293945,1.4946428571428572,41.85,2014-03-29,176035000000.0,15.543847123924264
2014-07-01,23.3799991607666,1.4946428571428572,41.85,2014-03-29,176035000000.0,15.642532293941812
2014-07-02,23.3700008392334,1.4946428571428572,41.85,2014-03-29,176035000000.0,15.635842855401078
2014-07-03,23.50749969482422,1.4946428571428572,41.85,2014-03-29,176035000000.0,15.727837310754555
2014-07-07,23.99250030517578,1.4946428571428572,41.85,2014-03-29,176035000000.0,16.052329953283678
2014-07-08,23.837499618530273,1.4946428571428572,41.85,2014-03-29,176035000000.0,15.948625790175571
2014-07-09,23.84749984741211,1.4946428571428572,41.85,2014-03-29,176035000000.0,15.955316504839644
2014-07-10,23.760000228881836,1.4946428571428572,41.85,2014-03-29,176035000000.0,15.896774346683188
2014-07-11,23.80500030517578,1.4946428571428572,41.85,2014-03-29,176035000000.0,15.926881924609841
2014-07-14,24.112499237060547,1.4946428571428572,41.85,2014-03-29,176035000000.0,16.132615977005862
2014-07-15,23.829999923706055,1.4946428571428572,41.85,2014-03-29,176035000000.0,15.943608073208352
2014-07-16,23.69499969482422,1.4946428571428572,41.85,2014-03-29,176035000000.0,15.853285339428389
2014-07-17,23.272499084472656,1.4946428571428572,41.85,2014-03-29,176035000000.0,15.570608706457213
2014-07-18,23.607500076293945,1.4946428571428572,41.85,2014-03-29,176035000000.0,15.794743181271935
2014-07-21,23.485000610351562,1.4946428571428572,41.85,2014-03-29,176035000000.0,15.712784159852896
2014-07-22,23.68000030517578,1.4946428571428572,41.85,2014-03-29,176035000000.0,15.843249905493952
2014-07-23,24.297500610351562,1.5478571428571428,35.66,2014-06-28,178144000000.0,15.69750847000101
2014-07-24,24.25749969482422,1.5478571428571428,35.66,2014-06-28,178144000000.0,15.671665700394051
2014-07-25,24.417499542236328,1.5478571428571428,35.66,2014-06-28,178144000000.0,15.775034314319733
2014-07-28,24.7549991607666,1.5478571428571428,35.66,2014-06-28,178144000000.0,15.993077445811371
2014-07-29,24.594999313354492,1.5478571428571428,35.66,2014-06-28,178144000000.0,15.88970883188569
2014-07-30,24.537500381469727,1.5478571428571428,35.66,2014-06-28,178144000000.0,15.852561390889534
2014-07-31,23.899999618530273,1.5478571428571428,35.66,2014-06-28,178144000000.0,15.44070118409893
2014-08-01,24.032499313354492,1.5478571428571428,35.66,2014-06-28,178144000000.0,15.526303201982598
2014-08-04,23.897499084472656,1.5478571428571428,35.66,2014-06-28,178144000000.0,15.439085702935726
2014-08-05,23.780000686645508,1.5478571428571428,35.66,2014-06-28,178144000000.0,15.36317533978021
2014-08-06,23.739999771118164,1.5478571428571428,35.66,2014-06-28,178144000000.0,15.337332570173249
2014-08-07,23.6200008392334,1.5478571428571428,35.66,2014-06-28,178144000000.0,15.259806725854526
2014-08-08,23.684999465942383,1.5478571428571428,35.66,2014-06-28,178144000000.0,15.30179937808922
2014-08-11,23.997499465942383,1.5478571428571428,35.66,2014-06-28,178144000000.0,15.503691394702047
2014-08-12,23.99250030517578,1.5478571428571428,35.66,2014-06-28,178144000000.0,15.500461664626716
2014-08-13,24.309999465942383,1.5478571428571428,35.66,2014-06-28,178144000000.0,15.705583411314876
2014-08-14,24.375,1.5478571428571428,35.66,2014-06-28,178144000000.0,15.747577295800646
2014-08-15,24.4950008392334,1.5478571428571428,35.66,2014-06-28,178144000000.0,15.825104372370447
2014-08-18,24.790000915527344,1.5478571428571428,35.66,2014-06-28,178144000000.0,16.015690485343
2014-08-19,25.13249969482422,1.5478571428571428,35.66,2014-06-28,178144000000.0,16.23696334690997
2014-08-20,25.142499923706055,1.5478571428571428,35.66,2014-06-28,178144000000.0,16.243424039311712
2014-08-21,25.145000457763672,1.5478571428571428,35.66,2014-06-28,178144000000.0,16.245039520474915
2014-08-22,25.329999923706055,1.5478571428571428,35.66,2014-06-28,178144000000.0,16.36455924927941
2014-08-25,25.385000228881836,1.5478571428571428,35.66,2014-06-28,178144000000.0,16.400092441363437
2014-08-26,25.22249984741211,1.5478571428571428,35.66,2014-06-28,178144000000.0,16.295108346274553
2014-08-27,25.532499313354492,1.5478571428571428,35.66,2014-06-28,178144000000.0,16.495384881724178
2014-08-28,25.5625,1.5478571428571428,35.66,2014-06-28,178144000000.0,16.514766958929396
2014-08-29,25.625,1.5478571428571428,35.66,2014-06-28,178144000000.0,16.555145362251963
2014-09-02,25.825000762939453,1.5478571428571428,35.66,2014-06-28,178144000000.0,16.684356745784605
2014-09-03,24.735000610351562,1.5478571428571428,35.66,2014-06-28,178144000000.0,15.98015729325897
2014-09-04,24.530000686645508,1.5478571428571428,35.66,2014-06-28,178144000000.0,15.847716179650998
2014-09-05,24.74250030517578,1.5478571428571428,35.66,2014-06-28,178144000000.0,15.985002504497505
2014-09-08,24.59000015258789,1.5478571428571428,35.66,2014-06-28,178144000000.0,15.886479101810359
2014-09-09,24.497499465942383,1.5478571428571428,35.66,2014-06-28,178144000000.0,15.826718621282573
2014-09-10,25.25,1.5478571428571428,35.66,2014-06-28,178144000000.0,16.31287494231657
2014-09-11,25.357500076293945,1.5478571428571428,35.66,2014-06-28,178144000000.0,16.38232584532142
2014-09-12,25.415000915527344,1.5478571428571428,35.66,2014-06-28,178144000000.0,16.41947451856866
2014-09-15,25.407499313354492,1.5478571428571428,35.66,2014-06-28,178144000000.0,16.414628075079044
2014-09-16,25.21500015258789,1.5478571428571428,35.66,2014-06-28,178144000000.0,16.290263135036017
2014-09-17,25.395000457763672,1.5478571428571428,35.66,2014-06-28,178144000000.0,16.40655313376518
2014-09-18,25.447500228881836,1.5478571428571428,35.66,2014-06-28,178144000000.0,16.440470844686004
2014-09-19,25.239999771118164,1.5478571428571428,35.66,2014-06-28,178144000000.0,16.306414249914827
2014-09-22,25.264999389648438,1.5478571428571428,35.66,2014-06-28,178144000000.0,16.322565364793636
2014-09-23,25.65999984741211,1.5478571428571428,35.66,2014-06-28,178144000000.0,16.57775716953251
2014-09-24,25.4375,1.5478571428571428,35.66,2014-06-28,178144000000.0,16.434010152284266
2014-09-25,24.467500686645508,1.5478571428571428,35.66,2014-06-28,178144000000.0,15.807337776328431
2014-09-26,25.1875,1.5478571428571428,35.66,2014-06-28,178144000000.0,16.272496538994
2014-09-29,25.02750015258789,1.5478571428571428,35.66,2014-06-28,178144000000.0,16.16912792506832
2014-09-30,25.1875,1.5478571428571428,35.66,2014-06-28,178144000000.0,16.272496538994
2014-10-01,24.795000076293945,1.5478571428571428,35.66,2014-06-28,178144000000.0,16.01892021541833
2014-10-02,24.975000381469727,1.5478571428571428,35.66,2014-06-28,178144000000.0,16.13521021414749
2014-10-03,24.905000686645508,1.5478571428571428,35.66,2014-06-28,178144000000.0,16.089986599586393
2014-10-06,24.905000686645508,1.5478571428571428,35.66,2014-06-28,178144000000.0,16.089986599586393
2014-10-07,24.6875,1.5478571428571428,35.66,2014-06-28,178144000000.0,15.949469312413475
2014-10-08,25.200000762939453,1.5478571428571428,35.66,2014-06-28,178144000000.0,16.280572712558946
2014-10-09,25.2549991607666,1.5478571428571428,35.66,2014-06-28,178144000000.0,16.316104672391898
2014-10-10,25.1825008392334,1.5478571428571428,35.66,2014-06-28,178144000000.0,16.26926680891867
2014-10-13,24.952499389648438,1.5478571428571428,35.66,2014-06-28,178144000000.0,16.12067334818081
2014-10-14,24.6875,1.5478571428571428,35.66,2014-06-28,178144000000.0,15.949469312413475
2014-10-15,24.385000228881836,1.5478571428571428,35.66,2014-06-28,178144000000.0,15.754037988202386
2014-10-16,24.065000534057617,1.5478571428571428,35.66,2014-06-28,178144000000.0,15.547300760351023
2014-10-17,24.417499542236328,1.5478571428571428,35.66,2014-06-28,178144000000.0,15.775034314319733
2014-10-20,24.940000534057617,1.5478571428571428,35.66,2014-06-28,178144000000.0,16.112598406866944
2014-10-21,25.61750030517578,1.5478571428571428,35.66,2014-06-28,178144000000.0,16.550300151013428
2014-10-22,25.747499465942383,1.5478571428571428,35.66,2014-06-28,178144000000.0,16.634286687733887
2014-10-23,26.207500457763672,1.5478571428571428,35.66,2014-06-28,178144000000.0,16.931472376958535
2014-10-24,26.30500030517578,1.5478571428571428,35.66,2014-06-28,178144000000.0,16.99446258756165
2014-10-27,26.27750015258789,1.6075,6.43,2014-09-27,182795000000.0,16.346811914518128
2014-10-28,26.684999465942383,1.6075,6.43,2014-09-27,182795000000.0,16.60031070976198
2014-10-29,26.834999084472656,1.6075,6.43,2014-09-27,182795000000.0,16.693623069656397
2014-10-30,26.7450008392334,1.6075,6.43,2014-09-27,182795000000.0,16.63763660294457
2014-10-31,27.0,1.6075,6.43,2014-09-27,182795000000.0,16.796267496111977
2014-11-03,27.350000381469727,1.6075,6.43,2014-09-27,182795000000.0,17.0139971268863
2014-11-04,27.149999618530273,1.6075,6.43,2014-09-27,182795000000.0,16.889579856006392
2014-11-05,27.21500015258789,1.6075,6.43,2014-09-27,182795000000.0,16.930015647022017
2014-11-06,27.174999237060547,1.6075,6.43,2014-09-27,182795000000.0,16.905131718233623
2014-11-07,27.252500534057617,1.6075,6.43,2014-09-27,182795000000.0,16.95334403362838
2014-11-10,27.207500457763672,1.6075,6.43,2014-09-27,182795000000.0,16.92535020700695
2014-11-11,27.424999237060547,1.6075,6.43,2014-09-27,182795000000.0,17.060652713567993
2014-11-12,27.8125,1.6075,6.43,2014-09-27,182795000000.0,17.301710730948678
2014-11-13,28.204999923706055,1.6075,6.43,2014-09-27,182795000000.0,17.5458786461624
2014-11-14,28.545000076293945,1.6075,6.43,2014-09-27,182795000000.0,17.757387294739626
2014-11-17,28.497499465942383,1.6075,6.43,2014-09-27,182795000000.0,17.727837925936164
2014-11-18,28.86750030517578,1.6075,6.43,2014-09-27,182795000000.0,17.958009521104685
2014-11-19,28.667499542236328,1.6075,6.43,2014-09-27,182795000000.0,17.833592250224775
2014-11-20,29.077499389648438,1.6075,6.43,2014-09-27,182795000000.0,18.08864658765066
2014-11-21,29.11750030517578,1.6075,6.43,2014-09-27,182795000000.0,18.113530516439056
2014-11-24,29.657499313354492,1.6075,6.43,2014-09-27,182795000000.0,18.44945524936516
2014-11-25,29.399999618530273,1.6075,6.43,2014-09-27,182795000000.0,18.289268814015724
2014-11-26,29.75,1.6075,6.43,2014-09-27,182795000000.0,18.506998444790046
2014-11-28,29.732500076293945,1.6075,6.43,2014-09-27,182795000000.0,18.496112022577883
2014-12-01,28.767499923706055,1.6075,6.43,2014-09-27,182795000000.0,17.89580088566473
2014-12-02,28.657499313354492,1.6075,6.43,2014-09-27,182795000000.0,17.82737126802768
2014-12-03,28.982500076293945,1.6075,6.43,2014-09-27,182795000000.0,18.02954903657477
2014-12-04,28.872499465942383,1.6075,6.43,2014-09-27,182795000000.0,17.96111941893772
2014-12-05,28.75,1.6075,6.43,2014-09-27,182795000000.0,17.884914463452567
2014-12-08,28.100000381469727,1.6075,6.43,2014-09-27,182795000000.0,17.48056011288941
2014-12-09,28.530000686645508,1.6075,6.43,2014-09-27,182795000000.0,17.74805641470949
2014-12-10,27.987499237060547,1.6075,6.43,2014-09-27,182795000000.0,17.410574953070327
2014-12-11,27.905000686645508,1.6075,6.43,2014-09-27,182795000000.0,17.35925392637357
2014-12-12,27.4325008392334,1.6075,6.43,2014-09-27,182795000000.0,17.06531934011409
2014-12-15,27.0575008392334,1.6075,6.43,2014-09-27,182795000000.0,16.832037847112534
2014-12-16,26.6875,1.6075,6.43,2014-09-27,182795000000.0,16.601866251944013
2014-12-17,27.352500915527344,1.6075,6.43,2014-09-27,182795000000.0,17.015552669068335
2014-12-18,28.162500381469727,1.6075,6.43,2014-09-27,182795000000.0,17.519440361723003
2014-12-19,27.94499969482422,1.6075,6.43,2014-09-27,182795000000.0,17.38413666863093
2014-12-22,28.235000610351562,1.6075,6.43,2014-09-27,182795000000.0,17.564541592753695
2014-12-23,28.135000228881836,1.6075,6.43,2014-09-27,182795000000.0,17.50233295731374
2014-12-24,28.002500534057617,1.6075,6.43,2014-09-27,182795000000.0,17.419907019631488
2014-12-26,28.497499465942383,1.6075,6.43,2014-09-27,182795000000.0,17.727837925936164
2014-12-29,28.477500915527344,1.6075,6.43,2014-09-27,182795000000.0,17.715397148073
2014-12-30,28.1299991607666,1.6075,6.43,2014-09-27,182795000000.0,17.499221872949676
2014-12-31,27.594999313354492,1.6075,6.43,2014-09-27,182795000000.0,17.166407037856604
2015-01-02,27.332500457763672,1.6075,6.43,2014-09-27,182795000000.0,17.003110704674135
2015-01-05,26.5625,1.6075,6.43,2014-09-27,182795000000.0,16.524105754276828
2015-01-06,26.565000534057617,1.6075,6.43,2014-09-27,182795000000.0,16.52566129645886
2015-01-07,26.9375,1.6075,6.43,2014-09-27,182795000000.0,16.757387247278384
2015-01-08,27.97249984741211,1.6075,6.43,2014-09-27,182795000000.0,17.401244073040193
2015-01-09,28.002500534057617,1.6075,6.43,2014-09-27,182795000000.0,17.419907019631488
2015-01-12,27.3125,1.6075,6.43,2014-09-27,182795000000.0,16.99066874027994
2015-01-13,27.55500030517578,1.6075,6.43,2014-09-27,182795000000.0,17.141524295599243
2015-01-14,27.450000762939453,1.6075,6.43,2014-09-27,182795000000.0,17.076205762326254
2015-01-15,26.704999923706055,1.6075,6.43,2014-09-27,182795000000.0,16.612752674156177
2015-01-16,26.497499465942383,1.6075,6.43,2014-09-27,182795000000.0,16.483669963261203
2015-01-20,27.18000030517578,1.6075,6.43,2014-09-27,182795000000.0,16.908242802597687
2015-01-21,27.387500762939453,1.6075,6.43,2014-09-27,182795000000.0,17.03732551349266
2015-01-22,28.100000381469727,1.6075,6.43,2014-09-27,182795000000.0,17.48056011288941
2015-01-23,28.2450008392334,1.6075,6.43,2014-09-27,182795000000.0,17.57076257495079
2015-01-26,28.274999618530273,1.6075,6.43,2014-09-27,182795000000.0,17.589424335011056
2015-01-27,27.28499984741211,1.6075,6.43,2014-09-27,182795000000.0,16.973561335870674
2015-01-28,28.827499389648438,1.855,7.42,2014-12-27,199800000000.0,15.54043093781587
2015-01-29,29.725000381469727,1.855,7.42,2014-12-27,199800000000.0,16.024258965751873
2015-01-30,29.290000915527344,1.855,7.42,2014-12-27,199800000000.0,15.78975790594466
2015-02-02,29.657499313354492,1.855,7.42,2014-12-27,199800000000.0,15.987870249786788
2015-02-03,29.662500381469727,1.855,7.42,2014-12-27,199800000000.0,15.990566243379906
2015-02-04,29.889999389648438,1.855,7.42,2014-12-27,199800000000.0,16.11320721813932
2015-02-05,29.985000610351562,1.855,7.42,2014-12-27,199800000000.0,16.164420814205695
2015-02-06,29.732500076293945,1.855,7.42,2014-12-27,199800000000.0,16.028301927921266
2015-02-09,29.93000030517578,1.855,7.42,2014-12-27,199800000000.0,16.134771054003117
2015-02-10,30.5049991607666,1.855,7.42,2014-12-27,199800000000.0,16.444743482893045
2015-02-11,31.219999313354492,1.855,7.42,2014-12-27,199800000000.0,16.83018830908598
2015-02-12,31.614999771118164,1.855,7.42,2014-12-27,199800000000.0,17.043126561249686
2015-02-13,31.770000457763672,1.855,7.42,2014-12-27,199800000000.0,17.126684882891468
2015-02-17,31.957500457763672,1.855,7.42,2014-12-27,199800000000.0,17.227763050007372
2015-02-18,32.18000030517578,1.855,7.42,2014-12-27,199800000000.0,17.347709059393953
2015-02-19,32.11249923706055,1.855,7.42,2014-12-27,199800000000.0,17.311320343428868
2015-02-20,32.375,1.855,7.42,2014-12-27,199800000000.0,17.452830188679247
2015-02-23,33.25,1.855,7.42,2014-12-27,199800000000.0,17.92452830188679
2015-02-24,33.04249954223633,1.855,7.42,2014-12-27,199800000000.0,17.81266821683899
2015-02-25,32.1974983215332,1.855,7.42,2014-12-27,199800000000.0,17.357141952309004
2015-02-26,32.60499954223633,1.855,7.42,2014-12-27,199800000000.0,17.576819160235218
2015-02-27,32.1150016784668,1.855,7.42,2014-12-27,199800000000.0,17.312669368445714
2015-03-02,32.272499084472656,1.855,7.42,2014-12-27,199800000000.0,17.397573630443482
2015-03-03,32.34000015258789,1.855,7.42,2014-12-27,199800000000.0,17.433962346408567
2015-03-04,32.1349983215332,1.855,7.42,2014-12-27,199800000000.0,17.323449229937037
2015-03-05,31.602500915527344,1.855,7.42,2014-12-27,199800000000.0,17.036388633707464
2015-03-06,31.649999618530273,1.855,7.42,2014-12-27,199800000000.0,17.061994403520362
2015-03-09,31.78499984741211,1.855,7.42,2014-12-27,199800000000.0,17.134770807230247
2015-03-10,31.127500534057617,1.855,7.42,2014-12-27,199800000000.0,16.78032373803645
2015-03-11,30.559999465942383,1.855,7.42,2014-12-27,199800000000.0,16.474393243095623
2015-03-12,31.112499237060547,1.855,7.42,2014-12-27,199800000000.0,16.772236785477382
2015-03-13,30.897499084472656,1.855,7.42,2014-12-27,199800000000.0,16.65633373826019
2015-03-16,31.237499237060547,1.855,7.42,2014-12-27,199800000000.0,16.83962223022132
2015-03-17,31.760000228881836,1.855,7.42,2014-12-27,199800000000.0,17.121293923925517
2015-03-18,32.11750030517578,1.855,7.42,2014-12-27,199800000000.0,17.314016337021986
2015-03-19,31.875,1.855,7.42,2014-12-27,199800000000.0,17.183288409703504
2015-03-20,31.475000381469727,1.855,7.42,2014-12-27,199800000000.0,16.96765519216697
2015-03-23,31.802499771118164,1.855,7.42,2014-12-27,199800000000.0,17.144204728365587
2015-03-24,31.672500610351562,1.855,7.42,2014-12-27,199800000000.0,17.07412431824882
2015-03-25,30.844999313354492,1.855,7.42,2014-12-27,199800000000.0,16.628031974854174
2015-03-26,31.059999465942383,1.855,7.42,2014-12-27,199800000000.0,16.743935022071366
2015-03-27,30.8125,1.855,7.42,2014-12-27,199800000000.0,16.610512129380055
2015-03-30,31.592500686645508,1.855,7.42,2014-12-27,199800000000.0,17.030997674741513
2015-03-31,31.107500076293945,1.855,7.42,2014-12-27,199800000000.0,16.769541820104553
2015-04-01,31.0625,1.855,7.42,2014-12-27,199800000000.0,16.745283018867923
2015-04-02,31.329999923706055,1.855,7.42,2014-12-27,199800000000.0,16.889487829491134
2015-04-06,31.837499618530273,1.855,7.42,2014-12-27,199800000000.0,17.163072570636267
2015-04-07,31.502500534057617,1.855,7.42,2014-12-27,199800000000.0,16.982480072268256
2015-04-08,31.399999618530273,1.855,7.42,2014-12-27,199800000000.0,16.92722351403249
2015-04-09,31.639999389648438,1.855,7.42,2014-12-27,199800000000.0,17.056603444554415
2015-04-10,31.774999618530273,1.855,7.42,2014-12-27,199800000000.0,17.1293798482643
2015-04-13,31.712499618530273,1.855,7.42,2014-12-27,199800000000.0,17.09568712589233
2015-04-14,31.575000762939453,1.855,7.42,2014-12-27,199800000000.0,17.021563753606173
2015-04-15,31.69499969482422,1.855,7.42,2014-12-27,199800000000.0,17.086253204756993
2015-04-16,31.542499542236328,1.855,7.42,2014-12-27,199800000000.0,17.00404287991177
2015-04-17,31.1875,1.855,7.42,2014-12-27,199800000000.0,16.81266846361186
2015-04-20,31.899999618530273,1.855,7.42,2014-12-27,199800000000.0,17.196765293008234
2015-04-21,31.727500915527344,1.855,7.42,2014-12-27,199800000000.0,17.103774078451398
2015-04-22,32.154998779296875,1.855,7.42,2014-12-27,199800000000.0,17.334231147868934
2015-04-23,32.41749954223633,1.855,7.42,2014-12-27,199800000000.0,17.475740993119313
2015-04-24,32.56999969482422,1.855,7.42,2014-12-27,199800000000.0,17.557951317964537
2015-04-27,33.162498474121094,1.855,7.42,2014-12-27,199800000000.0,17.87735766798981
2015-04-28,32.63999938964844,2.0225,8.09,2015-03-28,212164000000.0,16.138442219850898
2015-04-29,32.15999984741211,2.0225,8.09,2015-03-28,212164000000.0,15.90111240910364
2015-04-30,31.287500381469727,2.0225,8.09,2015-03-28,212164000000.0,15.469715887006046
2015-05-01,32.23749923706055,2.0225,8.09,2015-03-28,212164000000.0,15.939431019560221
2015-05-04,32.17499923706055,2.0225,8.09,2015-03-28,212164000000.0,15.90852867098173
2015-05-05,31.450000762939453,2.0225,8.09,2015-03-28,212164000000.0,15.550062181923092
2015-05-06,31.252500534057617,2.0225,8.09,2015-03-28,212164000000.0,15.452410647247277
2015-05-07,31.315000534057617,2.0225,8.09,2015-03-28,212164000000.0,15.483312995825768
2015-05-08,31.905000686645508,2.0225,8.09,2015-03-28,212164000000.0,15.77503124185192
2015-05-11,31.579999923706055,2.0225,8.09,2015-03-28,212164000000.0,15.614338652017826
2015-05-12,31.467500686645508,2.0225,8.09,2015-03-28,212164000000.0,15.558714801802477
2015-05-13,31.502500534057617,2.0225,8.09,2015-03-28,212164000000.0,15.576020041561245
2015-05-14,32.23749923706055,2.0225,8.09,2015-03-28,212164000000.0,15.939431019560221
2015-05-15,32.192501068115234,2.0225,8.09,2015-03-28,212164000000.0,15.917182233925951
2015-05-18,32.54750061035156,2.0225,8.09,2015-03-28,212164000000.0,16.092707347516225
2015-05-19,32.51750183105469,2.0225,8.09,2015-03-28,212164000000.0,16.077874823760045
2015-05-20,32.51499938964844,2.0225,8.09,2015-03-28,212164000000.0,16.07663752269391
2015-05-21,32.84749984741211,2.0225,8.09,2015-03-28,212164000000.0,16.241038243467052
2015-05-22,33.1349983215332,2.0225,8.09,2015-03-28,212164000000.0,16.383188292476245
2015-05-26,32.404998779296875,2.0225,8.09,2015-03-28,212164000000.0,16.02224908741502
2015-05-27,33.0099983215332,2.0225,8.09,2015-03-28,212164000000.0,16.32138359531926
2015-05-28,32.94499969482422,2.0225,8.09,2015-03-28,212164000000.0,16.289245831804312
2015-05-29,32.56999969482422,2.0225,8.09,2015-03-28,212164000000.0,16.10383174033336
2015-06-01,32.6349983215332,2.0225,8.09,2015-03-28,212164000000.0,16.135969503848308
2015-06-02,32.4900016784668,2.0225,8.09,2015-03-28,212164000000.0,16.06427771494032
2015-06-03,32.529998779296875,2.0225,8.09,2015-03-28,212164000000.0,16.084053784572003
2015-06-04,32.34000015258789,2.0225,8.09,2015-03-28,212164000000.0,15.99011132390007
2015-06-05,32.162498474121094,2.0225,8.09,2015-03-28,212164000000.0,15.902347824040096
2015-06-08,31.950000762939453,2.0225,8.09,2015-03-28,212164000000.0,15.797280970551029
2015-06-09,31.854999542236328,2.0225,8.09,2015-03-28,212164000000.0,15.750308797150224
2015-06-10,32.220001220703125,2.0225,8.09,2015-03-28,212164000000.0,15.930779342745675
2015-06-11,32.147499084472656,2.0225,8.09,2015-03-28,212164000000.0,15.894931562162006
2015-06-12,31.792499542236328,2.0225,8.09,2015-03-28,212164000000.0,15.719406448571732
2015-06-15,31.729999542236328,2.0225,8.09,2015-03-28,212164000000.0,15.68850409999324
2015-06-16,31.899999618530273,2.0225,8.09,2015-03-28,212164000000.0,15.772558525849332
2015-06-17,31.825000762939453,2.0225,8.09,2015-03-28,212164000000.0,15.735476273394044
2015-06-18,31.969999313354492,2.0225,8.09,2015-03-28,212164000000.0,15.80716900536687
2015-06-19,31.649999618530273,2.0225,8.09,2015-03-28,212164000000.0,15.648949131535364
2015-06-22,31.90250015258789,2.0225,8.09,2015-03-28,212164000000.0,15.773794883850625
2015-06-23,31.75749969482422,2.0225,8.09,2015-03-28,212164000000.0,15.702101208812964
2015-06-24,32.02750015258789,2.0225,8.09,2015-03-28,212164000000.0,15.83559958100761
2015-06-25,31.875,2.0225,8.09,2015-03-28,212164000000.0,15.760197775030903
2015-06-26,31.6875,2.0225,8.09,2015-03-28,212164000000.0,15.667490729295427
2015-06-29,31.13249969482422,2.0225,8.09,2015-03-28,212164000000.0,15.393077723028044
2015-06-30,31.357500076293945,2.0225,8.09,2015-03-28,212164000000.0,15.504326366523582
2015-07-01,31.649999618530273,2.0225,8.09,2015-03-28,212164000000.0,15.648949131535364
2015-07-02,31.610000610351562,2.0225,8.09,2015-03-28,212164000000.0,15.629172118838845
2015-07-06,31.5,2.0225,8.09,2015-03-28,212164000000.0,15.57478368355995
2015-07-07,31.422500610351562,2.0225,8.09,2015-03-28,212164000000.0,15.536465073103368
2015-07-08,30.642499923706055,2.0225,8.09,2015-03-28,212164000000.0,15.150803423340447
2015-07-09,30.017499923706055,2.0225,8.09,2015-03-28,212164000000.0,14.841779937555527
2015-07-10,30.81999969482422,2.0225,8.09,2015-03-28,212164000000.0,15.238565980135585
2015-07-13,31.415000915527344,2.0225,8.09,2015-03-28,212164000000.0,15.532756942164324
2015-07-14,31.40250015258789,2.0225,8.09,2015-03-28,212164000000.0,15.52657609522269
2015-07-15,31.704999923706055,2.0225,8.09,2015-03-28,212164000000.0,15.676143349174811
2015-07-16,32.127498626708984,2.0225,8.09,2015-03-28,212164000000.0,15.885042584281328
2015-07-17,32.404998779296875,2.0225,8.09,2015-03-28,212164000000.0,16.02224908741502
2015-07-20,33.01750183105469,2.0225,8.09,2015-03-28,212164000000.0,16.325093612387978
2015-07-21,32.6875,2.0225,8.09,2015-03-28,212164000000.0,16.1619283065513
2015-07-22,31.30500030517578,2.165,8.66,2015-06-27,224337000000.0,14.459584436570799
2015-07-23,31.290000915527344,2.165,8.66,2015-06-27,224337000000.0,14.452656312021867
2015-07-24,31.125,2.165,8.66,2015-06-27,224337000000.0,14.376443418013857
2015-07-27,30.6924991607666,2.165,8.66,2015-06-27,224337000000.0,14.1766739772594
2015-07-28,30.844999313354492,2.165,8.66,2015-06-27,224337000000.0,14.247112846815007
2015-07-29,30.747499465942383,2.165,8.66,2015-06-27,224337000000.0,14.202078275262071
2015-07-30,30.592500686645508,2.165,8.66,2015-06-27,224337000000.0,14.130485305609934
2015-07-31,30.325000762939453,2.165,8.66,2015-06-27,224337000000.0,14.006928758863488
2015-08-03,29.610000610351562,2.165,8.66,2015-06-27,224337000000.0,13.676674646813655
2015-08-04,28.65999984741211,2.165,8.66,2015-06-27,224337000000.0,13.237875218204207
2015-08-05,28.850000381469727,2.165,8.66,2015-06-27,224337000000.0,13.325635280124585
2015-08-06,28.782499313354492,2.165,8.66,2015-06-27,224337000000.0,13.294456957669512
2015-08-07,28.8799991607666,2.165,8.66,2015-06-27,224337000000.0,13.339491529222448
2015-08-10,29.93000030517578,2.165,8.66,2015-06-27,224337000000.0,13.824480510473801
2015-08-11,28.372499465942383,2.165,8.66,2015-06-27,224337000000.0,13.105080584730892
2015-08-12,28.809999465942383,2.165,8.66,2015-06-27,224337000000.0,13.307159106670847
2015-08-13,28.787500381469727,2.165,8.66,2015-06-27,224337000000.0,13.296766919847448
2015-08-14,28.989999771118164,2.165,8.66,2015-06-27,224337000000.0,13.390300125227789
2015-08-17,29.290000915527344,2.165,8.66,2015-06-27,224337000000.0,13.528868783153507
2015-08-18,29.125,2.165,8.66,2015-06-27,224337000000.0,13.452655889145497
2015-08-19,28.752500534057617,2.165,8.66,2015-06-27,224337000000.0,13.280600708571647
2015-08-20,28.162500381469727,2.165,8.66,2015-06-27,224337000000.0,13.008083317076085
2015-08-21,26.440000534057617,2.165,8.66,2015-06-27,224337000000.0,12.212471378317606
2015-08-24,25.780000686645508,2.165,8.66,2015-06-27,224337000000.0,11.907621564270443
2015-08-25,25.934999465942383,2.165,8.66,2015-06-27,224337000000.0,11.979214533922578
2015-08-26,27.422500610351562,2.165,8.66,2015-06-27,224337000000.0,12.666282037113886
2015-08-27,28.229999542236328,2.165,8.66,2015-06-27,224337000000.0,13.03926075853872
2015-08-28,28.322500228881836,2.165,8.66,2015-06-27,224337000000.0,13.08198624890616
2015-08-31,28.190000534057617,2.165,8.66,2015-06-27,224337000000.0,13.02078546607742
2015-09-01,26.93000030517578,2.165,8.66,2015-06-27,224337000000.0,12.438799217171262
2015-09-02,28.084999084472656,2.165,8.66,2015-06-27,224337000000.0,12.972285951257577
2015-09-03,27.592500686645508,2.165,8.66,2015-06-27,224337000000.0,12.744804012307394
2015-09-04,27.3174991607666,2.165,8.66,2015-06-27,224337000000.0,12.617782522294043
2015-09-08,28.077499389648438,2.165,8.66,2015-06-27,224337000000.0,12.968821888983111
2015-09-09,27.537500381469727,2.165,8.66,2015-06-27,224337000000.0,12.719399714304723
2015-09-10,28.142499923706055,2.165,8.66,2015-06-27,224337000000.0,12.998845230349216
2015-09-11,28.552499771118164,2.165,8.66,2015-06-27,224337000000.0,13.188221603287836
2015-09-14,28.827499389648438,2.165,8.66,2015-06-27,224337000000.0,13.315242212308746
2015-09-15,29.06999969482422,2.165,8.66,2015-06-27,224337000000.0,13.427251591142825
2015-09-16,29.102500915527344,2.165,8.66,2015-06-27,224337000000.0,13.442263702322098
2015-09-17,28.479999542236328,2.165,8.66,2015-06-27,224337000000.0,13.154734199647265
2015-09-18,28.362499237060547,2.165,8.66,2015-06-27,224337000000.0,13.100461541367459
2015-09-21,28.802499771118164,2.165,8.66,2015-06-27,224337000000.0,13.303695044396381
2015-09-22,28.350000381469727,2.165,8.66,2015-06-27,224337000000.0,13.094688397907495
2015-09-23,28.579999923706055,2.165,8.66,2015-06-27,224337000000.0,13.200923752289171
2015-09-24,28.75,2.165,8.66,2015-06-27,224337000000.0,13.27944572748268
2015-09-25,28.677499771118164,2.165,8.66,2015-06-27,224337000000.0,13.245958323842109
2015-09-28,28.110000610351562,2.165,8.66,2015-06-27,224337000000.0,12.983834000162384
2015-09-29,27.264999389648438,2.165,8.66,2015-06-27,224337000000.0,12.593533205380341
2015-09-30,27.575000762939453,2.165,8.66,2015-06-27,224337000000.0,12.736720906669493
2015-10-01,27.395000457763672,2.165,8.66,2015-06-27,224337000000.0,12.653579888112551
2015-10-02,27.594999313354492,2.165,8.66,2015-06-27,224337000000.0,12.745958112403923
2015-10-05,27.69499969482422,2.165,8.66,2015-06-27,224337000000.0,12.792147665045828
2015-10-06,27.827499389648438,2.165,8.66,2015-06-27,224337000000.0,12.853348447874566
2015-10-07,27.69499969482422,2.165,8.66,2015-06-27,224337000000.0,12.792147665045828
2015-10-08,27.375,2.165,8.66,2015-06-27,224337000000.0,12.64434180138568
2015-10-09,28.030000686645508,2.165,8.66,2015-06-27,224337000000.0,12.946882534247347
2015-10-12,27.899999618530273,2.165,8.66,2015-06-27,224337000000.0,12.886835851515137
2015-10-13,27.947500228881836,2.165,8.66,2015-06-27,224337000000.0,12.908776087243343
2015-10-14,27.552499771118164,2.165,8.66,2015-06-27,224337000000.0,12.726327838853654
2015-10-15,27.96500015258789,2.165,8.66,2015-06-27,224337000000.0,12.916859192881242
2015-10-16,27.760000228881836,2.165,8.66,2015-06-27,224337000000.0,12.822171006411933
2015-10-19,27.9325008392334,2.165,8.66,2015-06-27,224337000000.0,12.90184796269441
2015-10-20,28.4424991607666,2.165,8.66,2015-06-27,224337000000.0,13.137413007282495
2015-10-21,28.440000534057617,2.165,8.66,2015-06-27,224337000000.0,13.136258907185967
2015-10-22,28.875,2.165,8.66,2015-06-27,224337000000.0,13.337182448036952
2015-10-23,29.770000457763672,2.165,8.66,2015-06-27,224337000000.0,13.750577578643728
2015-10-26,28.81999969482422,2.165,8.66,2015-06-27,224337000000.0,13.31177815003428
2015-10-27,28.637500762939453,2.165,8.66,2015-06-27,224337000000.0,13.22748303138081
2015-10-28,29.8174991607666,2.3,9.2,2015-09-26,233715000000.0,12.964130069898523
2015-10-29,30.13249969482422,2.3,9.2,2015-09-26,233715000000.0,13.101086823836617
2015-10-30,29.875,2.3,9.2,2015-09-26,233715000000.0,12.98913043478261
2015-11-02,30.295000076293945,2.3,9.2,2015-09-26,233715000000.0,13.171739163606064
2015-11-03,30.642499923706055,2.3,9.2,2015-09-26,233715000000.0,13.322826053785242
2015-11-04,30.5,2.3,9.2,2015-09-26,233715000000.0,13.260869565217392
2015-11-05,30.229999542236328,2.3,9.2,2015-09-26,233715000000.0,13.143478061841883
2015-11-06,30.264999389648438,2.3,9.2,2015-09-26,233715000000.0,13.15869538680367
2015-11-09,30.142499923706055,2.3,9.2,2015-09-26,233715000000.0,13.105434749437416
2015-11-10,29.1924991607666,2.3,9.2,2015-09-26,233715000000.0,12.69239093946374
2015-11-11,29.02750015258789,2.3,9.2,2015-09-26,233715000000.0,12.620652240255605
2015-11-12,28.93000030517578,2.3,9.2,2015-09-26,233715000000.0,12.57826100225034
2015-11-13,28.084999084472656,2.3,9.2,2015-09-26,233715000000.0,12.210869167162025
2015-11-16,28.545000076293945,2.3,9.2,2015-09-26,233715000000.0,12.410869598388674
2015-11-17,28.422500610351562,2.3,9.2,2015-09-26,233715000000.0,12.35760896102242
2015-11-18,29.322500228881836,2.3,9.2,2015-09-26,233715000000.0,12.748913142992103
2015-11-19,29.69499969482422,2.3,9.2,2015-09-26,233715000000.0,12.91086943253227
2015-11-20,29.825000762939453,2.3,9.2,2015-09-26,233715000000.0,12.967391636060633
2015-11-23,29.4375,2.3,9.2,2015-09-26,233715000000.0,12.798913043478262
2015-11-24,29.719999313354492,2.3,9.2,2015-09-26,233715000000.0,12.921738831893258
2015-11-25,29.50749969482422,2.3,9.2,2015-09-26,233715000000.0,12.829347693401836
2015-11-27,29.452499389648438,2.3,9.2,2015-09-26,233715000000.0,12.805434517238453
2015-11-30,29.575000762939453,2.3,9.2,2015-09-26,233715000000.0,12.85869598388672
2015-12-01,29.334999084472656,2.3,9.2,2015-09-26,233715000000.0,12.75434742803159
2015-12-02,29.06999969482422,2.3,9.2,2015-09-26,233715000000.0,12.639130302097488
2015-12-03,28.799999237060547,2.3,9.2,2015-09-26,233715000000.0,12.521738798721978
2015-12-04,29.75749969482422,2.3,9.2,2015-09-26,233715000000.0,12.938043345575748
2015-12-07,29.56999969482422,2.3,9.2,2015-09-26,233715000000.0,12.856521606445314
2015-12-08,29.5575008392334,2.3,9.2,2015-09-26,233715000000.0,12.851087321405826
2015-12-09,28.905000686645508,2.3,9.2,2015-09-26,233715000000.0,12.567391602889352
2015-12-10,29.042499542236328,2.3,9.2,2015-09-26,233715000000.0,12.627173714015797
2015-12-11,28.295000076293945,2.3,9.2,2015-09-26,233715000000.0,12.30217394621476
2015-12-14,28.1200008392334,2.3,9.2,2015-09-26,233715000000.0,12.226087321405826
2015-12-15,27.622499465942383,2.3,9.2,2015-09-26,233715000000.0,12.00978237649669
2015-12-16,27.834999084472656,2.3,9.2,2015-09-26,233715000000.0,12.102173514988113
2015-12-17,27.2450008392334,2.3,9.2,2015-09-26,233715000000.0,11.84565253879713
2015-12-18,26.50749969482422,2.3,9.2,2015-09-26,233715000000.0,11.524999867314879
2015-12-21,26.832500457763672,2.3,9.2,2015-09-26,233715000000.0,11.666304546853771
2015-12-22,26.8075008392334,2.3,9.2,2015-09-26,233715000000.0,11.655435147492783
2015-12-23,27.15250015258789,2.3,9.2,2015-09-26,233715000000.0,11.805434848951258
2015-12-24,27.00749969482422,2.3,9.2,2015-09-26,233715000000.0,11.742391171662705
2015-12-28,26.704999923706055,2.3,9.2,2015-09-26,233715000000.0,11.610869532046111
2015-12-29,27.184999465942383,2.3,9.2,2015-09-26,233715000000.0,11.819564985192342
2015-12-30,26.829999923706055,2.3,9.2,2015-09-26,233715000000.0,11.665217358133068
2015-12-31,26.315000534057617,2.3,9.2,2015-09-26,233715000000.0,11.441304580025053
2016-01-04,26.337499618530273,2.3,9.2,2015-09-26,233715000000.0,11.451086790665338
2016-01-05,25.677499771118164,2.3,9.2,2015-09-26,233715000000.0,11.164130335268768
2016-01-06,25.174999237060547,2.3,9.2,2015-09-26,233715000000.0,10.945651842200238
2016-01-07,24.112499237060547,2.3,9.2,2015-09-26,233715000000.0,10.483695320461107
2016-01-08,24.239999771118164,2.3,9.2,2015-09-26,233715000000.0,10.539130335268768
2016-01-11,24.63249969482422,2.3,9.2,2015-09-26,233715000000.0,10.709782476010531
2016-01-12,24.989999771118164,2.3,9.2,2015-09-26,233715000000.0,10.865217291790508
2016-01-13,24.34749984741211,2.3,9.2,2015-09-26,233715000000.0,10.585869498874832
2016-01-14,24.8799991607666,2.3,9.2,2015-09-26,233715000000.0,10.81739093946374
2016-01-15,24.282499313354492,2.3,9.2,2015-09-26,233715000000.0,10.55760839711065
2016-01-19,24.165000915527344,2.3,9.2,2015-09-26,233715000000.0,10.506522137185803
2016-01-20,24.197500228881836,2.3,9.2,2015-09-26,233715000000.0,10.520652273426887
2016-01-21,24.075000762939453,2.3,9.2,2015-09-26,233715000000.0,10.467391636060633
2016-01-22,25.354999542236328,2.3,9.2,2015-09-26,233715000000.0,11.023912844450578
2016-01-25,24.860000610351562,2.3,9.2,2015-09-26,233715000000.0,10.808695917544158
2016-01-26,24.997499465942383,2.3,9.2,2015-09-26,233715000000.0,10.868478028670602
2016-01-27,23.354999542236328,2.355,9.42,2015-12-26,234988000000.0,9.917197257849821
2016-01-28,23.522499084472656,2.355,9.42,2015-12-26,234988000000.0,9.988322328863124
2016-01-29,24.334999084472656,2.355,9.42,2015-12-26,234988000000.0,10.333332944574376
2016-02-01,24.107500076293945,2.355,9.42,2015-12-26,234988000000.0,10.236730393330763
2016-02-02,23.6200008392334,2.355,9.42,2015-12-26,234988000000.0,10.029724347869807
2016-02-03,24.087499618530273,2.355,9.42,2015-12-26,234988000000.0,10.228237629949161
2016-02-04,24.149999618530273,2.355,9.42,2015-12-26,234988000000.0,10.254776908080796
2016-02-05,23.5049991607666,2.355,9.42,2015-12-26,234988000000.0,9.980891363382845
2016-02-08,23.752500534057617,2.355,9.42,2015-12-26,234988000000.0,10.085987487922555
2016-02-09,23.747499465942383,2.355,9.42,2015-12-26,234988000000.0,10.083863892119908
2016-02-10,23.5674991607666,2.355,9.42,2015-12-26,234988000000.0,10.00743064151448
2016-02-11,23.424999237060547,2.355,9.42,2015-12-26,234988000000.0,9.946921119770932
2016-02-12,23.497499465942383,2.355,9.42,2015-12-26,234988000000.0,9.977706779593369
2016-02-16,24.15999984741211,2.355,9.42,2015-12-26,234988000000.0,10.259023289771596
2016-02-17,24.530000686645508,2.355,9.42,2015-12-26,234988000000.0,10.416136172673252
2016-02-18,24.065000534057617,2.355,9.42,2015-12-26,234988000000.0,10.218683878580729
2016-02-19,24.010000228881836,2.355,9.42,2015-12-26,234988000000.0,10.195329184238572
2016-02-22,24.219999313354492,2.355,9.42,2015-12-26,234988000000.0,10.284500770001907
2016-02-23,23.672500610351562,2.355,9.42,2015-12-26,234988000000.0,10.052017244310642
2016-02-24,24.024999618530273,2.355,9.42,2015-12-26,234988000000.0,10.201698351817527
2016-02-25,24.190000534057617,2.355,9.42,2015-12-26,234988000000.0,10.271762434844
2016-02-26,24.227500915527344,2.355,9.42,2015-12-26,234988000000.0,10.287686163705878
2016-02-29,24.172500610351562,2.355,9.42,2015-12-26,234988000000.0,10.264331469363722
2016-03-01,25.13249969482422,2.355,9.42,2015-12-26,234988000000.0,10.671974392706675
2016-03-02,25.1875,2.355,9.42,2015-12-26,234988000000.0,10.695329087048833
2016-03-03,25.375,2.355,9.42,2015-12-26,234988000000.0,10.774946921443737
2016-03-04,25.752500534057617,2.355,9.42,2015-12-26,234988000000.0,10.935244388134869
2016-03-07,25.467500686645508,2.355,9.42,2015-12-26,234988000000.0,10.814225344647774
2016-03-08,25.25749969482422,2.355,9.42,2015-12-26,234988000000.0,10.725052948969944
2016-03-09,25.280000686645508,2.355,9.42,2015-12-26,234988000000.0,10.73460751025287
2016-03-10,25.292499542236328,2.355,9.42,2015-12-26,234988000000.0,10.7399148799305
2016-03-11,25.565000534057617,2.355,9.42,2015-12-26,234988000000.0,10.855626553739965
2016-03-14,25.6299991607666,2.355,9.42,2015-12-26,234988000000.0,10.883226819858429
2016-03-15,26.145000457763672,2.355,9.42,2015-12-26,234988000000.0,11.101911022404956
2016-03-16,26.49250030517578,2.355,9.42,2015-12-26,234988000000.0,11.249469344023687
2016-03-17,26.450000762939453,2.355,9.42,2015-12-26,234988000000.0,11.231422829273653
2016-03-18,26.479999542236328,2.355,9.42,2015-12-26,234988000000.0,11.244161164431562
2016-03-21,26.477500915527344,2.355,9.42,2015-12-26,234988000000.0,11.243100176444733
2016-03-22,26.68000030517578,2.355,9.42,2015-12-26,234988000000.0,11.329087178418591
2016-03-23,26.532499313354492,2.355,9.42,2015-12-26,234988000000.0,11.266454060872396
2016-03-24,26.417499542236328,2.355,9.42,2015-12-26,234988000000.0,11.217621886299927
2016-03-28,26.297500610351562,2.355,9.42,2015-12-26,234988000000.0,11.166666925839305
2016-03-29,26.920000076293945,2.355,9.42,2015-12-26,234988000000.0,11.43099790925433
2016-03-30,27.389999389648438,2.355,9.42,2015-12-26,234988000000.0,11.630572989235006
2016-03-31,27.247499465942383,2.355,9.42,2015-12-26,234988000000.0,11.570063467491458
2016-04-01,27.497499465942383,2.355,9.42,2015-12-26,234988000000.0,11.676220580017997
2016-04-04,27.780000686645508,2.355,9.42,2015-12-26,234988000000.0,11.796178635518263
2016-04-05,27.452499389648438,2.355,9.42,2015-12-26,234988000000.0,11.65711226736664
2016-04-06,27.739999771118164,2.355,9.42,2015-12-26,234988000000.0,11.77919310875506
2016-04-07,27.135000228881836,2.355,9.42,2015-12-26,234988000000.0,11.522293090820312
2016-04-08,27.165000915527344,2.355,9.42,2015-12-26,234988000000.0,11.535032235892714
2016-04-11,27.2549991607666,2.355,9.42,2015-12-26,234988000000.0,11.573248051280935
2016-04-12,27.610000610351562,2.355,9.42,2015-12-26,234988000000.0,11.723991766603636
2016-04-13,28.010000228881836,2.355,9.42,2015-12-26,234988000000.0,11.8938429846632
2016-04-14,28.024999618530273,2.355,9.42,2015-12-26,234988000000.0,11.900212152242155
2016-04-15,27.462499618530273,2.355,9.42,2015-12-26,234988000000.0,11.66135864905744
2016-04-18,26.8700008392334,2.355,9.42,2015-12-26,234988000000.0,11.40976681071482
2016-04-19,26.727500915527344,2.355,9.42,2015-12-26,234988000000.0,11.349257288971272
2016-04-20,26.782499313354492,2.355,9.42,2015-12-26,234988000000.0,11.372611173398935
2016-04-21,26.49250030517578,2.355,9.42,2015-12-26,234988000000.0,11.249469344023687
2016-04-22,26.420000076293945,2.355,9.42,2015-12-26,234988000000.0,11.21868368420125
2016-04-25,26.270000457763672,2.355,9.42,2015-12-26,234988000000.0,11.154989578668227
2016-04-26,26.087499618530273,2.355,9.42,2015-12-26,234988000000.0,11.077494530161475
2016-04-27,24.454999923706055,2.2475,8.99,2016-03-26,227535000000.0,10.880978831459869
2016-04-28,23.707500457763672,2.2475,8.99,2016-03-26,227535000000.0,10.548387300451022
2016-04-29,23.434999465942383,2.2475,8.99,2016-03-26,227535000000.0,10.427141030452672
2016-05-02,23.40999984741211,2.2475,8.99,2016-03-26,227535000000.0,10.41601772966056
2016-05-03,23.795000076293945,2.2475,8.99,2016-03-26,227535000000.0,10.587319277550142
2016-05-04,23.547500610351562,2.2475,8.99,2016-03-26,227535000000.0,10.477197156997358
2016-05-05,23.309999465942383,2.2475,8.99,2016-03-26,227535000000.0,10.371523677838658
2016-05-06,23.18000030517578,2.2475,8.99,2016-03-26,227535000000.0,10.3136820045276
2016-05-09,23.197500228881836,2.2475,8.99,2016-03-26,227535000000.0,10.321468399947424
2016-05-10,23.354999542236328,2.2475,8.99,2016-03-26,227535000000.0,10.39154595872584
2016-05-11,23.127500534057617,2.2475,8.99,2016-03-26,227535000000.0,10.290322818268127
2016-05-12,22.584999084472656,2.2475,8.99,2016-03-26,227535000000.0,10.048942862946676
2016-05-13,22.6299991607666,2.2475,8.99,2016-03-26,227535000000.0,10.06896514383386
2016-05-16,23.469999313354492,2.2475,8.99,2016-03-26,227535000000.0,10.44271382129232
2016-05-17,23.372499465942383,2.2475,8.99,2016-03-26,227535000000.0,10.399332354145665
2016-05-18,23.639999389648438,2.2475,8.99,2016-03-26,227535000000.0,10.51835345479352
2016-05-19,23.549999237060547,2.2475,8.99,2016-03-26,227535000000.0,10.478308893019152
2016-05-20,23.80500030517578,2.2475,8.99,2016-03-26,227535000000.0,10.591768767597678
2016-05-23,24.107500076293945,2.2475,8.99,2016-03-26,227535000000.0,10.726362659085181
2016-05-24,24.475000381469727,2.2475,8.99,2016-03-26,227535000000.0,10.889877811554939
2016-05-25,24.905000686645508,2.2475,8.99,2016-03-26,227535000000.0,11.081201640331706
2016-05-26,25.102500915527344,2.2475,8.99,2016-03-26,227535000000.0,11.169077159300263
2016-05-27,25.087499618530273,2.2475,8.99,2016-03-26,227535000000.0,11.162402499902235
2016-05-31,24.96500015258789,2.2475,8.99,2016-03-26,227535000000.0,11.107897731963465
2016-06-01,24.614999771118164,2.2475,8.99,2016-03-26,227535000000.0,10.952168974913532
2016-06-02,24.43000030517578,2.2475,8.99,2016-03-26,227535000000.0,10.869855530667756
2016-06-03,24.479999542236328,2.2475,8.99,2016-03-26,227535000000.0,10.892102132251981
2016-06-06,24.657499313354492,2.2475,8.99,2016-03-26,227535000000.0,10.971078671125468
2016-06-07,24.75749969482422,2.2475,8.99,2016-03-26,227535000000.0,11.015572722947372
2016-06-08,24.735000610351562,2.2475,8.99,2016-03-26,227535000000.0,11.005562006830505
2016-06-09,24.912500381469727,2.2475,8.99,2016-03-26,227535000000.0,11.084538545703994
2016-06-10,24.707500457763672,2.2475,8.99,2016-03-26,227535000000.0,10.993326121363147
2016-06-13,24.334999084472656,2.2475,8.99,2016-03-26,227535000000.0,10.827585799542895
2016-06-14,24.364999771118164,2.2475,8.99,2016-03-26,227535000000.0,10.840934269685501
2016-06-15,24.28499984741211,2.2475,8.99,2016-03-26,227535000000.0,10.80533919795867
2016-06-16,24.387500762939453,2.2475,8.99,2016-03-26,227535000000.0,10.85094583445582
2016-06-17,23.832500457763672,2.2475,8.99,2016-03-26,227535000000.0,10.604004653065036
2016-06-20,23.774999618530273,2.2475,8.99,2016-03-26,227535000000.0,10.578420297455072
2016-06-21,23.977500915527344,2.2475,8.99,2016-03-26,227535000000.0,10.668520985774125
2016-06-22,23.887500762939453,2.2475,8.99,2016-03-26,227535000000.0,10.628476423999757
2016-06-23,24.024999618530273,2.2475,8.99,2016-03-26,227535000000.0,10.689655002683102
2016-06-24,23.350000381469727,2.2475,8.99,2016-03-26,227535000000.0,10.389321638028798
2016-06-27,23.010000228881836,2.2475,8.99,2016-03-26,227535000000.0,10.2380423710264
2016-06-28,23.397499084472656,2.2475,8.99,2016-03-26,227535000000.0,10.410455654937778
2016-06-29,23.600000381469727,2.2475,8.99,2016-03-26,227535000000.0,10.50055634325683
2016-06-30,23.899999618530273,2.2475,8.99,2016-03-26,227535000000.0,10.634037650069088
2016-07-01,23.97249984741211,2.2475,8.99,2016-03-26,227535000000.0,10.66629581642363
2016-07-05,23.747499465942383,2.2475,8.99,2016-03-26,227535000000.0,10.566184411987711
2016-07-06,23.88249969482422,2.2475,8.99,2016-03-26,227535000000.0,10.626251254649263
2016-07-07,23.985000610351562,2.2475,8.99,2016-03-26,227535000000.0,10.671857891146413
2016-07-08,24.170000076293945,2.2475,8.99,2016-03-26,227535000000.0,10.754171335392188
2016-07-11,24.2450008392334,2.2475,8.99,2016-03-26,227535000000.0,10.787542086421979
2016-07-12,24.354999542236328,2.2475,8.99,2016-03-26,227535000000.0,10.836484779637965
2016-07-13,24.217500686645508,2.2475,8.99,2016-03-26,227535000000.0,10.775306200954619
2016-07-14,24.697500228881836,2.2475,8.99,2016-03-26,227535000000.0,10.98887663131561
2016-07-15,24.69499969482422,2.2475,8.99,2016-03-26,227535000000.0,10.987764046640365
2016-07-18,24.957500457763672,2.2475,8.99,2016-03-26,227535000000.0,11.104560826591177
2016-07-19,24.967500686645508,2.2475,8.99,2016-03-26,227535000000.0,11.109010316638713
2016-07-20,24.989999771118164,2.2475,8.99,2016-03-26,227535000000.0,11.11902103275558
2016-07-21,24.857500076293945,2.2475,8.99,2016-03-26,227535000000.0,11.060066774769275
2016-07-22,24.665000915527344,2.2475,8.99,2016-03-26,227535000000.0,10.97441642515121
2016-07-25,24.334999084472656,2.2475,8.99,2016-03-26,227535000000.0,10.827585799542895
2016-07-26,24.167499542236328,2.2475,8.99,2016-03-26,227535000000.0,10.753058750716942
2016-07-27,25.737499237060547,2.1399999999999997,8.56,2016-06-25,220288000000.0,12.026868802364744
2016-07-28,26.084999084472656,2.1399999999999997,8.56,2016-06-25,220288000000.0,12.189251908632084
2016-07-29,26.052499771118164,2.1399999999999997,8.56,2016-06-25,220288000000.0,12.17406531360662
2016-08-01,26.512500762939453,2.1399999999999997,8.56,2016-06-25,220288000000.0,12.38901904810255
2016-08-02,26.1200008392334,2.1399999999999997,8.56,2016-06-25,220288000000.0,12.205607868800655
2016-08-03,26.447500228881836,2.1399999999999997,8.56,2016-06-25,220288000000.0,12.358644966767216
2016-08-04,26.467500686645508,2.1399999999999997,8.56,2016-06-25,220288000000.0,12.367990975067997
2016-08-05,26.8700008392334,2.1399999999999997,8.56,2016-06-25,220288000000.0,12.556075158520281
2016-08-08,27.092500686645508,2.1399999999999997,8.56,2016-06-25,220288000000.0,12.66004704983435
2016-08-09,27.202499389648438,2.1399999999999997,8.56,2016-06-25,220288000000.0,12.711448312919833
2016-08-10,27.0,2.1399999999999997,8.56,2016-06-25,220288000000.0,12.616822429906543
2016-08-11,26.982500076293945,2.1399999999999997,8.56,2016-06-25,220288000000.0,12.608644895464462
2016-08-12,27.045000076293945,2.1399999999999997,8.56,2016-06-25,220288000000.0,12.637850502941097
2016-08-15,27.3700008392334,2.1399999999999997,8.56,2016-06-25,220288000000.0,12.789720018333366
2016-08-16,27.344999313354492,2.1399999999999997,8.56,2016-06-25,220288000000.0,12.778037062315185
2016-08-17,27.30500030517578,2.1399999999999997,8.56,2016-06-25,220288000000.0,12.75934593699803
2016-08-18,27.270000457763672,2.1399999999999997,8.56,2016-06-25,220288000000.0,12.742990868113868
2016-08-19,27.34000015258789,2.1399999999999997,8.56,2016-06-25,220288000000.0,12.775701005882194
2016-08-22,27.127500534057617,2.1399999999999997,8.56,2016-06-25,220288000000.0,12.676402118718515
2016-08-23,27.212499618530273,2.1399999999999997,8.56,2016-06-25,220288000000.0,12.716121317070224
2016-08-24,27.00749969482422,2.1399999999999997,8.56,2016-06-25,220288000000.0,12.620326960198234
2016-08-25,26.892499923706055,2.1399999999999997,8.56,2016-06-25,220288000000.0,12.566588749395354
2016-08-26,26.735000610351562,2.1399999999999997,8.56,2016-06-25,220288000000.0,12.49299093941662
2016-08-29,26.704999923706055,2.1399999999999997,8.56,2016-06-25,220288000000.0,12.478971926965448
2016-08-30,26.5,2.1399999999999997,8.56,2016-06-25,220288000000.0,12.38317757009346
2016-08-31,26.524999618530273,2.1399999999999997,8.56,2016-06-25,220288000000.0,12.394859634827233
2016-09-01,26.6825008392334,2.1399999999999997,8.56,2016-06-25,220288000000.0,12.468458336090375
2016-09-02,26.9325008392334,2.1399999999999997,8.56,2016-06-25,220288000000.0,12.585280765996917
2016-09-06,26.924999237060547,2.1399999999999997,8.56,2016-06-25,220288000000.0,12.581775344420818
2016-09-07,27.09000015258789,2.1399999999999997,8.56,2016-06-25,220288000000.0,12.658878575975653
2016-09-08,26.3799991607666,2.1399999999999997,8.56,2016-06-25,220288000000.0,12.32710241157318
2016-09-09,25.782499313354492,2.1399999999999997,8.56,2016-06-25,220288000000.0,12.047896875399298
2016-09-12,26.360000610351562,2.1399999999999997,8.56,2016-06-25,220288000000.0,12.317757294556806
2016-09-13,26.987499237060547,2.1399999999999997,8.56,2016-06-25,220288000000.0,12.610980951897453
2016-09-14,27.9424991607666,2.1399999999999997,8.56,2016-06-25,220288000000.0,13.057242598489069
2016-09-15,28.892499923706055,2.1399999999999997,8.56,2016-06-25,220288000000.0,13.501168188647691
2016-09-16,28.729999542236328,2.1399999999999997,8.56,2016-06-25,220288000000.0,13.425233430951558
2016-09-19,28.395000457763672,2.1399999999999997,8.56,2016-06-25,220288000000.0,13.268691802693306
2016-09-20,28.392499923706055,2.1399999999999997,8.56,2016-06-25,220288000000.0,13.267523328834606
2016-09-21,28.387500762939453,2.1399999999999997,8.56,2016-06-25,220288000000.0,13.265187272401615
2016-09-22,28.655000686645508,2.1399999999999997,8.56,2016-06-25,220288000000.0,13.39018723675024
2016-09-23,28.177499771118164,2.1399999999999997,8.56,2016-06-25,220288000000.0,13.167055967812228
2016-09-26,28.219999313354492,2.1399999999999997,8.56,2016-06-25,220288000000.0,13.186915566988082
2016-09-27,28.272499084472656,2.1399999999999997,8.56,2016-06-25,220288000000.0,13.211448170314327
2016-09-28,28.487499237060547,2.1399999999999997,8.56,2016-06-25,220288000000.0,13.311915531336707
2016-09-29,28.045000076293945,2.1399999999999997,8.56,2016-06-25,220288000000.0,13.105140222567266
2016-09-30,28.262500762939453,2.1399999999999997,8.56,2016-06-25,220288000000.0,13.206776057448344
2016-10-03,28.1299991607666,2.1399999999999997,8.56,2016-06-25,220288000000.0,13.144859420918975
2016-10-04,28.25,2.1399999999999997,8.56,2016-06-25,220288000000.0,13.200934579439254
2016-10-05,28.262500762939453,2.1399999999999997,8.56,2016-06-25,220288000000.0,13.206776057448344
2016-10-06,28.47249984741211,2.1399999999999997,8.56,2016-06-25,220288000000.0,13.304906470753323
2016-10-07,28.514999389648438,2.1399999999999997,8.56,2016-06-25,220288000000.0,13.32476606992918
2016-10-10,29.012500762939453,2.1399999999999997,8.56,2016-06-25,220288000000.0,13.55724334716797
2016-10-11,29.075000762939453,2.1399999999999997,8.56,2016-06-25,220288000000.0,13.586448954644606
2016-10-12,29.334999084472656,2.1399999999999997,8.56,2016-06-25,220288000000.0,13.707943497417132
2016-10-13,29.2450008392334,2.1399999999999997,8.56,2016-06-25,220288000000.0,13.66588824263243
2016-10-14,29.407499313354492,2.1399999999999997,8.56,2016-06-25,220288000000.0,13.741822109044158
2016-10-17,29.387500762939453,2.1399999999999997,8.56,2016-06-25,220288000000.0,13.732476992027784
2016-10-18,29.36750030517578,2.1399999999999997,8.56,2016-06-25,220288000000.0,13.723130983727003
2016-10-19,29.280000686645508,2.1399999999999997,8.56,2016-06-25,220288000000.0,13.682243311516595
2016-10-20,29.264999389648438,2.1399999999999997,8.56,2016-06-25,220288000000.0,13.675233359648805
2016-10-21,29.149999618530273,2.1399999999999997,8.56,2016-06-25,220288000000.0,13.621495148845923
2016-10-24,29.412500381469727,2.1399999999999997,8.56,2016-06-25,220288000000.0,13.744159056761557
2016-10-25,29.5625,2.1399999999999997,8.56,2016-06-25,220288000000.0,13.8142523364486
2016-10-26,28.897499084472656,2.0675,8.27,2016-09-24,215639000000.0,13.977024950168154
2016-10-27,28.6200008392334,2.0675,8.27,2016-09-24,215639000000.0,13.84280572635231
2016-10-28,28.43000030517578,2.0675,8.27,2016-09-24,215639000000.0,13.750907039988286
2016-10-31,28.385000228881836,2.0675,8.27,2016-09-24,215639000000.0,13.729141585916246
2016-11-01,27.872499465942383,2.0675,8.27,2016-09-24,215639000000.0,13.4812572991257
2016-11-02,27.897499084472656,2.0675,8.27,2016-09-24,215639000000.0,13.493349013046025
2016-11-03,27.457500457763672,2.0675,8.27,2016-09-24,215639000000.0,13.280532264940108
2016-11-04,27.209999084472656,2.0675,8.27,2016-09-24,215639000000.0,13.160821806274562
2016-11-07,27.602500915527344,2.0675,8.27,2016-09-24,215639000000.0,13.35066549723209
2016-11-08,27.764999389648438,2.0675,8.27,2016-09-24,215639000000.0,13.429262098983525
2016-11-09,27.719999313354492,2.0675,8.27,2016-09-24,215639000000.0,13.407496644911484
2016-11-10,26.947500228881836,2.0675,8.27,2016-09-24,215639000000.0,13.033857426303186
2016-11-11,27.107500076293945,2.0675,8.27,2016-09-24,215639000000.0,13.111245502439635
2016-11-14,26.427499771118164,2.0675,8.27,2016-09-24,215639000000.0,12.782345717590406
2016-11-15,26.77750015258789,2.0675,8.27,2016-09-24,215639000000.0,12.951632480090879
2016-11-16,27.497499465942383,2.0675,8.27,2016-09-24,215639000000.0,13.299878822704901
2016-11-17,27.487499237060547,2.0675,8.27,2016-09-24,215639000000.0,13.295041952629044
2016-11-18,27.514999389648438,2.0675,8.27,2016-09-24,215639000000.0,13.308343114702993
2016-11-21,27.9325008392334,2.0675,8.27,2016-09-24,215639000000.0,13.510278519580847
2016-11-22,27.950000762939453,2.0675,8.27,2016-09-24,215639000000.0,13.518742811578939
2016-11-23,27.8075008392334,2.0675,8.27,2016-09-24,215639000000.0,13.449819027440581
2016-11-25,27.947500228881836,2.0675,8.27,2016-09-24,215639000000.0,13.517533363425315
2016-11-28,27.892499923706055,2.0675,8.27,2016-09-24,215639000000.0,13.490931039277415
2016-11-29,27.864999771118164,2.0675,8.27,2016-09-24,215639000000.0,13.477629877203466
2016-11-30,27.6299991607666,2.0675,8.27,2016-09-24,215639000000.0,13.363965736767401
2016-12-01,27.372499465942383,2.0675,8.27,2016-09-24,215639000000.0,13.239419330564635
2016-12-02,27.475000381469727,2.0675,8.27,2016-09-24,215639000000.0,13.2889965569382
2016-12-05,27.27750015258789,2.0675,8.27,2016-09-24,215639000000.0,13.193470448651944
2016-12-06,27.487499237060547,2.0675,8.27,2016-09-24,215639000000.0,13.295041952629044
2016-12-07,27.75749969482422,2.0675,8.27,2016-09-24,215639000000.0,13.425634677061291
2016-12-08,28.030000686645508,2.0675,8.27,2016-09-24,215639000000.0,13.557436849647162
2016-12-09,28.487499237060547,2.0675,8.27,2016-09-24,215639000000.0,13.778717889751173
2016-12-12,28.325000762939453,2.0675,8.27,2016-09-24,215639000000.0,13.700121287999735
2016-12-13,28.797500610351562,2.0675,8.27,2016-09-24,215639000000.0,13.92865809448685
2016-12-14,28.797500610351562,2.0675,8.27,2016-09-24,215639000000.0,13.92865809448685
2016-12-15,28.954999923706055,2.0675,8.27,2016-09-24,215639000000.0,14.004836722469676
2016-12-16,28.99250030517578,2.0675,8.27,2016-09-24,215639000000.0,14.022974754619483
2016-12-19,29.15999984741211,2.0675,8.27,2016-09-24,215639000000.0,14.103990252678168
2016-12-20,29.237499237060547,2.0675,8.27,2016-09-24,215639000000.0,14.141474842592768
2016-12-21,29.264999389648438,2.0675,8.27,2016-09-24,215639000000.0,14.154776004666719
2016-12-22,29.072500228881836,2.0675,8.27,2016-09-24,215639000000.0,14.061668792687708
2016-12-23,29.1299991607666,2.0675,8.27,2016-09-24,215639000000.0,14.089479642450595
2016-12-27,29.315000534057617,2.0675,8.27,2016-09-24,215639000000.0,14.178960355046007
2016-12-28,29.190000534057617,2.0675,8.27,2016-09-24,215639000000.0,14.11850086290574
2016-12-29,29.1825008392334,2.0675,8.27,2016-09-24,215639000000.0,14.114873440983507
2016-12-30,28.954999923706055,2.0675,8.27,2016-09-24,215639000000.0,14.004836722469676
2017-01-03,29.037500381469727,2.0675,8.27,2016-09-24,215639000000.0,14.044740208691525
2017-01-04,29.0049991607666,2.0675,8.27,2016-09-24,215639000000.0,14.029020150310329
2017-01-05,29.15250015258789,2.0675,8.27,2016-09-24,215639000000.0,14.100362830755934
2017-01-06,29.477500915527344,2.0675,8.27,2016-09-24,215639000000.0,14.25755787933608
2017-01-09,29.747499465942383,2.0675,8.27,2016-09-24,215639000000.0,14.38814968122969
2017-01-10,29.77750015258789,2.0675,8.27,2016-09-24,215639000000.0,14.402660291457263
2017-01-11,29.9375,2.0675,8.27,2016-09-24,215639000000.0,14.480048367593714
2017-01-12,29.8125,2.0675,8.27,2016-09-24,215639000000.0,14.419588875453448
2017-01-13,29.760000228881836,2.0675,8.27,2016-09-24,215639000000.0,14.394195999459171
2017-01-17,30.0,2.0675,8.27,2016-09-24,215639000000.0,14.510278113663846
2017-01-18,29.997499465942383,2.0675,8.27,2016-09-24,215639000000.0,14.509068665510222
2017-01-19,29.94499969482422,2.0675,8.27,2016-09-24,215639000000.0,14.483675789515948
2017-01-20,30.0,2.0675,8.27,2016-09-24,215639000000.0,14.510278113663846
2017-01-23,30.020000457763672,2.0675,8.27,2016-09-24,215639000000.0,14.519951853815561
2017-01-24,29.99250030517578,2.0675,8.27,2016-09-24,215639000000.0,14.506650691741612
2017-01-25,30.469999313354492,2.0675,8.27,2016-09-24,215639000000.0,14.737605471997338
2017-01-26,30.485000610351562,2.0675,8.27,2016-09-24,215639000000.0,14.744861238380443
2017-01-27,30.487499237060547,2.0675,8.27,2016-09-24,215639000000.0,14.746069763995429
2017-01-30,30.407499313354492,2.0675,8.27,2016-09-24,215639000000.0,14.707375725927204
2017-01-31,30.337499618530273,2.0675,8.27,2016-09-24,215639000000.0,14.673518557934838
2017-02-01,32.1875,2.0875,8.35,2016-12-31,218118000000.0,15.419161676646707
2017-02-02,32.13249969482422,2.0875,8.35,2016-12-31,218118000000.0,15.392814225065495
2017-02-03,32.27000045776367,2.0875,8.35,2016-12-31,218118000000.0,15.458682854018527
2017-02-06,32.5724983215332,2.0875,8.35,2016-12-31,218118000000.0,15.603592010315307
2017-02-07,32.88249969482422,2.0875,8.35,2016-12-31,218118000000.0,15.752095662191243
2017-02-08,33.0099983215332,2.0875,8.35,2016-12-31,218118000000.0,15.813172848638661
2017-02-09,33.10499954223633,2.0875,8.35,2016-12-31,218118000000.0,15.858682415442553
2017-02-10,33.029998779296875,2.0875,8.35,2016-12-31,218118000000.0,15.82275390625
2017-02-13,33.3224983215332,2.0875,8.35,2016-12-31,218118000000.0,15.962873447441057
2017-02-14,33.755001068115234,2.0875,8.35,2016-12-31,218118000000.0,16.17006039191149
2017-02-15,33.877498626708984,2.0875,8.35,2016-12-31,218118000000.0,16.2287418571061
2017-02-16,33.837501525878906,2.0875,8.35,2016-12-31,218118000000.0,16.20958156928331
2017-02-17,33.93000030517578,2.0875,8.35,2016-12-31,218118000000.0,16.253892361760855
2017-02-21,34.17499923706055,2.0875,8.35,2016-12-31,218118000000.0,16.371257119549963
2017-02-22,34.27750015258789,2.0875,8.35,2016-12-31,218118000000.0,16.420359354533122
2017-02-23,34.13249969482422,2.0875,8.35,2016-12-31,218118000000.0,16.350898057400823
2017-02-24,34.165000915527344,2.0875,8.35,2016-12-31,218118000000.0,16.366467504444238
2017-02-27,34.23249816894531,2.0875,8.35,2016-12-31,218118000000.0,16.398801518057635
2017-02-28,34.247501373291016,2.0875,8.35,2016-12-31,218118000000.0,16.405988681816055
2017-03-01,34.9474983215332,2.0875,8.35,2016-12-31,218118000000.0,16.741316561213512
2017-03-02,34.7400016784668,2.0875,8.35,2016-12-31,218118000000.0,16.641916971720622
2017-03-03,34.94499969482422,2.0875,8.35,2016-12-31,218118000000.0,16.740119614287053
2017-03-06,34.834999084472656,2.0875,8.35,2016-12-31,218118000000.0,16.687424711124628
2017-03-07,34.880001068115234,2.0875,8.35,2016-12-31,218118000000.0,16.70898254760011
2017-03-08,34.75,2.0875,8.35,2016-12-31,218118000000.0,16.646706586826348
2017-03-09,34.66999816894531,2.0875,8.35,2016-12-31,218118000000.0,16.60838235638099
2017-03-10,34.78499984741211,2.0875,8.35,2016-12-31,218118000000.0,16.66347298079622
2017-03-13,34.79999923706055,2.0875,8.35,2016-12-31,218118000000.0,16.670658317154754
2017-03-14,34.747501373291016,2.0875,8.35,2016-12-31,218118000000.0,16.64550963989989
2017-03-15,35.1150016784668,2.0875,8.35,2016-12-31,218118000000.0,16.821557690283495
2017-03-16,35.17250061035156,2.0875,8.35,2016-12-31,218118000000.0,16.849102088791167
2017-03-17,34.997501373291016,2.0875,8.35,2016-12-31,218118000000.0,16.765270118941803
2017-03-20,35.3650016784668,2.0875,8.35,2016-12-31,218118000000.0,16.941318169325413
2017-03-21,34.959999084472656,2.0875,8.35,2016-12-31,218118000000.0,16.747304950645585
2017-03-22,35.35499954223633,2.0875,8.35,2016-12-31,218118000000.0,16.9365267268198
2017-03-23,35.22999954223633,2.0875,8.35,2016-12-31,218118000000.0,16.876646487298842
2017-03-24,35.15999984741211,2.0875,8.35,2016-12-31,218118000000.0,16.843113699359094
2017-03-27,35.220001220703125,2.0875,8.35,2016-12-31,218118000000.0,16.871856872193113
2017-03-28,35.95000076293945,2.0875,8.35,2016-12-31,218118000000.0,17.221557251707523
2017-03-29,36.029998779296875,2.0875,8.35,2016-12-31,218118000000.0,17.259879654752996
2017-03-30,35.98249816894531,2.0875,8.35,2016-12-31,218118000000.0,17.23712487135105
2017-03-31,35.915000915527344,2.0875,8.35,2016-12-31,218118000000.0,17.20479085773765
2017-04-03,35.92499923706055,2.0875,8.35,2016-12-31,218118000000.0,17.209580472843378
2017-04-04,36.192501068115234,2.0875,8.35,2016-12-31,218118000000.0,17.337725062570172
2017-04-05,36.005001068115234,2.0875,8.35,2016-12-31,218118000000.0,17.247904703288736
2017-04-06,35.915000915527344,2.0875,8.35,2016-12-31,218118000000.0,17.20479085773765
2017-04-07,35.834999084472656,2.0875,8.35,2016-12-31,218118000000.0,17.16646662729229
2017-04-10,35.79249954223633,2.0875,8.35,2016-12-31,218118000000.0,17.14610756514315
2017-04-11,35.407501220703125,2.0875,8.35,2016-12-31,218118000000.0,16.961677231474553
2017-04-12,35.45000076293945,2.0875,8.35,2016-12-31,218118000000.0,16.98203629362369
2017-04-13,35.26250076293945,2.0875,8.35,2016-12-31,218118000000.0,16.892215934342254
2017-04-17,35.45750045776367,2.0875,8.35,2016-12-31,218118000000.0,16.985628961802956
2017-04-18,35.29999923706055,2.0875,8.35,2016-12-31,218118000000.0,16.910179275238587
2017-04-19,35.16999816894531,2.0875,8.35,2016-12-31,218118000000.0,16.847903314464823
2017-04-20,35.61000061035156,2.0875,8.35,2016-12-31,218118000000.0,17.05868292711452
2017-04-21,35.567501068115234,2.0875,8.35,2016-12-31,218118000000.0,17.03832386496538
2017-04-24,35.90999984741211,2.0875,8.35,2016-12-31,218118000000.0,17.202395136484842
2017-04-25,36.13249969482422,2.0875,8.35,2016-12-31,218118000000.0,17.308981889736152
2017-04-26,35.91999816894531,2.0875,8.35,2016-12-31,218118000000.0,17.20718475159057
2017-04-27,35.9474983215332,2.0875,8.35,2016-12-31,218118000000.0,17.220358477381176
2017-04-28,35.912498474121094,2.0875,8.35,2016-12-31,218118000000.0,17.2035920834113
2017-05-01,36.64500045776367,2.0875,8.35,2016-12-31,218118000000.0,17.55449123725206
2017-05-02,36.877498626708984,2.0875,8.35,2016-12-31,218118000000.0,17.665867605609094
2017-05-03,36.76499938964844,2.1375,8.549999999999999,2017-04-01,220457000000.0,17.19999971445541
2017-05-04,36.63249969482422,2.1375,8.549999999999999,2017-04-01,220457000000.0,17.138011553134135
2017-05-05,37.2400016784668,2.1375,8.549999999999999,2017-04-01,220457000000.0,17.422223007469846
2017-05-08,38.252498626708984,2.1375,8.549999999999999,2017-04-01,220457000000.0,17.895905790273208
2017-05-09,38.497501373291016,2.1375,8.549999999999999,2017-04-01,220457000000.0,18.0105269582648
2017-05-10,38.314998626708984,2.1375,8.549999999999999,2017-04-01,220457000000.0,17.92514555635508
2017-05-11,38.48749923706055,2.1375,8.549999999999999,2017-04-01,220457000000.0,18.005847596285633
2017-05-12,39.025001525878906,2.1375,8.549999999999999,2017-04-01,220457000000.0,18.257310655381943
2017-05-15,38.92499923706055,2.1375,8.549999999999999,2017-04-01,220457000000.0,18.210525958858735
2017-05-16,38.86750030517578,2.1375,8.549999999999999,2017-04-01,220457000000.0,18.183625873766445
2017-05-17,37.5625,2.1375,8.549999999999999,2017-04-01,220457000000.0,17.573099415204677
2017-05-18,38.1349983215332,2.1375,8.549999999999999,2017-04-01,220457000000.0,17.840934887266993
2017-05-19,38.26499938964844,2.1375,8.549999999999999,2017-04-01,220457000000.0,17.90175410042032
2017-05-22,38.497501373291016,2.1375,8.549999999999999,2017-04-01,220457000000.0,18.0105269582648
2017-05-23,38.45000076293945,2.1375,8.549999999999999,2017-04-01,220457000000.0,17.98830445049799
2017-05-24,38.334999084472656,2.1375,8.549999999999999,2017-04-01,220457000000.0,17.93450249565972
2017-05-25,38.467498779296875,2.1375,8.549999999999999,2017-04-01,220457000000.0,17.996490656980992
2017-05-26,38.40250015258789,2.1375,8.549999999999999,2017-04-01,220457000000.0,17.966081942731176
2017-05-30,38.41749954223633,2.1375,8.549999999999999,2017-04-01,220457000000.0,17.973099201046235
2017-05-31,38.189998626708984,2.1375,8.549999999999999,2017-04-01,220457000000.0,17.866666024191336
2017-06-01,38.29499816894531,2.1375,8.549999999999999,2017-04-01,220457000000.0,17.91578861705044
2017-06-02,38.86249923706055,2.1375,8.549999999999999,2017-04-01,220457000000.0,18.181286192776863
2017-06-05,38.48249816894531,2.1375,8.549999999999999,2017-04-01,220457000000.0,18.00350791529605
2017-06-06,38.61249923706055,2.1375,8.549999999999999,2017-04-01,220457000000.0,18.064327128449378
2017-06-07,38.842498779296875,2.1375,8.549999999999999,2017-04-01,220457000000.0,18.17192925347222
2017-06-08,38.747501373291016,2.1375,8.549999999999999,2017-04-01,220457000000.0,18.127486022592286
2017-06-09,37.244998931884766,2.1375,8.549999999999999,2017-04-01,220457000000.0,17.424560903805737
2017-06-12,36.35499954223633,2.1375,8.549999999999999,2017-04-01,220457000000.0,17.008186920344478
2017-06-13,36.647499084472656,2.1375,8.549999999999999,2017-04-01,220457000000.0,17.145028811449194
2017-06-14,36.290000915527344,2.1375,8.549999999999999,2017-04-01,220457000000.0,16.977778206094662
2017-06-15,36.0724983215332,2.1375,8.549999999999999,2017-04-01,220457000000.0,16.87602260656524
2017-06-16,35.567501068115234,2.1375,8.549999999999999,2017-04-01,220457000000.0,16.639766581574378
2017-06-19,36.584999084472656,2.1375,8.549999999999999,2017-04-01,220457000000.0,17.115789045367322
2017-06-20,36.252498626708984,2.1375,8.549999999999999,2017-04-01,220457000000.0,16.960233275653323
2017-06-21,36.467498779296875,2.1375,8.549999999999999,2017-04-01,220457000000.0,17.06081814236111
2017-06-22,36.407501220703125,2.1375,8.549999999999999,2017-04-01,220457000000.0,17.032749109100877
2017-06-23,36.56999969482422,2.1375,8.549999999999999,2017-04-01,220457000000.0,17.108771787052266
2017-06-26,36.45500183105469,2.1375,8.549999999999999,2017-04-01,220457000000.0,17.05497161686769
2017-06-27,35.932498931884766,2.1375,8.549999999999999,2017-04-01,220457000000.0,16.81052581608644
2017-06-28,36.45750045776367,2.1375,8.549999999999999,2017-04-01,220457000000.0,17.056140565035633
2017-06-29,35.91999816894531,2.1375,8.549999999999999,2017-04-01,220457000000.0,16.804677505939328
2017-06-30,36.005001068115234,2.1375,8.549999999999999,2017-04-01,220457000000.0,16.844444944147476
2017-07-03,35.875,2.1375,8.549999999999999,2017-04-01,220457000000.0,16.78362573099415
2017-07-05,36.022499084472656,2.1375,8.549999999999999,2017-04-01,220457000000.0,16.85263115063048
2017-07-06,35.682498931884766,2.1375,8.549999999999999,2017-04-01,220457000000.0,16.693566751758954
2017-07-07,36.04499816894531,2.1375,8.549999999999999,2017-04-01,220457000000.0,16.86315703810307
2017-07-10,36.26499938964844,2.1375,8.549999999999999,2017-04-01,220457000000.0,16.96608158580044
2017-07-11,36.38249969482422,2.1375,8.549999999999999,2017-04-01,220457000000.0,17.02105248880665
2017-07-12,36.435001373291016,2.1375,8.549999999999999,2017-04-01,220457000000.0,17.045614677563048
2017-07-13,36.942501068115234,2.1375,8.549999999999999,2017-04-01,220457000000.0,17.283041435375548
2017-07-14,37.2599983215332,2.1375,8.549999999999999,2017-04-01,220457000000.0,17.431578162120797
2017-07-17,37.38999938964844,2.1375,8.549999999999999,2017-04-01,220457000000.0,17.49239737527412
2017-07-18,37.52000045776367,2.1375,8.549999999999999,2017-04-01,220457000000.0,17.553216588427446
2017-07-19,37.755001068115234,2.1375,8.549999999999999,2017-04-01,220457000000.0,17.663158394439876
2017-07-20,37.584999084472656,2.1375,8.549999999999999,2017-04-01,220457000000.0,17.583625302677266
2017-07-21,37.567501068115234,2.1375,8.549999999999999,2017-04-01,220457000000.0,17.57543909619426
2017-07-24,38.022499084472656,2.1375,8.549999999999999,2017-04-01,220457000000.0,17.788303665250364
2017-07-25,38.185001373291016,2.1375,8.549999999999999,2017-04-01,220457000000.0,17.864328127855444
2017-07-26,38.3650016784668,2.1375,8.549999999999999,2017-04-01,220457000000.0,17.94853879694353
2017-07-27,37.63999938964844,2.1375,8.549999999999999,2017-04-01,220457000000.0,17.60935643960161
2017-07-28,37.375,2.1375,8.549999999999999,2017-04-01,220457000000.0,17.485380116959064
2017-07-31,37.182498931884766,2.1375,8.549999999999999,2017-04-01,220457000000.0,17.395321137723865
2017-08-01,37.51250076293945,2.1375,8.549999999999999,2017-04-01,220457000000.0,17.549707959269917
2017-08-02,39.28499984741211,2.2,8.799999999999999,2017-07-01,223507000000.0,17.856818112460047
2017-08-03,38.89250183105469,2.2,8.799999999999999,2017-07-01,223507000000.0,17.678409923206676
2017-08-04,39.09749984741211,2.2,8.799999999999999,2017-07-01,223507000000.0,17.771590839732777
2017-08-07,39.70249938964844,2.2,8.799999999999999,2017-07-01,223507000000.0,18.04659063165838
2017-08-08,40.02000045776367,2.2,8.799999999999999,2017-07-01,223507000000.0,18.190909298983485
2017-08-09,40.26499938964844,2.2,8.799999999999999,2017-07-01,223507000000.0,18.302272449840196
2017-08-10,38.83000183105469,2.2,8.799999999999999,2017-07-01,223507000000.0,17.650000832297582
2017-08-11,39.369998931884766,2.2,8.799999999999999,2017-07-01,223507000000.0,17.89545405994762
2017-08-14,39.962501525878906,2.2,8.799999999999999,2017-07-01,223507000000.0,18.164773420854047
2017-08-15,40.400001525878906,2.2,8.799999999999999,2017-07-01,223507000000.0,18.363637057217684
2017-08-16,40.23749923706055,2.2,8.799999999999999,2017-07-01,223507000000.0,18.289772380482066
2017-08-17,39.46500015258789,2.2,8.799999999999999,2017-07-01,223507000000.0,17.938636432994496
2017-08-18,39.375,2.2,8.799999999999999,2017-07-01,223507000000.0,17.89772727272727
2017-08-21,39.3025016784668,2.2,8.799999999999999,2017-07-01,223507000000.0,17.86477349021218
2017-08-22,39.94499969482422,2.2,8.799999999999999,2017-07-01,223507000000.0,18.156818043101914
2017-08-23,39.994998931884766,2.2,8.799999999999999,2017-07-01,223507000000.0,18.179544969038528
2017-08-24,39.817501068115234,2.2,8.799999999999999,2017-07-01,223507000000.0,18.09886412187056
2017-08-25,39.96500015258789,2.2,8.799999999999999,2017-07-01,223507000000.0,18.165909160267223
2017-08-28,40.36750030517578,2.2,8.799999999999999,2017-07-01,223507000000.0,18.3488637750799
2017-08-29,40.727500915527344,2.2,8.799999999999999,2017-07-01,223507000000.0,18.51250041614879
2017-08-30,40.837501525878906,2.2,8.799999999999999,2017-07-01,223507000000.0,18.56250069358132
2017-08-31,41.0,2.2,8.799999999999999,2017-07-01,223507000000.0,18.636363636363633
2017-09-01,41.01250076293945,2.2,8.799999999999999,2017-07-01,223507000000.0,18.642045801336113
2017-09-05,40.52000045776367,2.2,8.799999999999999,2017-07-01,223507000000.0,18.41818202625621
2017-09-06,40.477500915527344,2.2,8.799999999999999,2017-07-01,223507000000.0,18.398864052512426
2017-09-07,40.314998626708984,2.2,8.799999999999999,2017-07-01,223507000000.0,18.32499937577681
2017-09-08,39.657501220703125,2.2,8.799999999999999,2017-07-01,223507000000.0,18.026136918501418
2017-09-11,40.375,2.2,8.799999999999999,2017-07-01,223507000000.0,18.352272727272727
2017-09-12,40.21500015258789,2.2,8.799999999999999,2017-07-01,223507000000.0,18.279545523903586
2017-09-13,39.912498474121094,2.2,8.799999999999999,2017-07-01,223507000000.0,18.142044760964133
2017-09-14,39.56999969482422,2.2,8.799999999999999,2017-07-01,223507000000.0,17.98636349764737
2017-09-15,39.970001220703125,2.2,8.799999999999999,2017-07-01,223507000000.0,18.168182373046875
2017-09-18,39.66749954223633,2.2,8.799999999999999,2017-07-01,223507000000.0,18.030681610107422
2017-09-19,39.682498931884766,2.2,8.799999999999999,2017-07-01,223507000000.0,18.037499514493074
2017-09-20,39.01750183105469,2.2,8.799999999999999,2017-07-01,223507000000.0,17.735228105024856
2017-09-21,38.34749984741211,2.2,8.799999999999999,2017-07-01,223507000000.0,17.430681748823684
2017-09-22,37.97249984741211,2.2,8.799999999999999,2017-07-01,223507000000.0,17.26022720336914
2017-09-25,37.63750076293945,2.2,8.799999999999999,2017-07-01,223507000000.0,17.107954892245203
2017-09-26,38.28499984741211,2.2,8.799999999999999,2017-07-01,223507000000.0,17.402272657914594
2017-09-27,38.557498931884766,2.2,8.799999999999999,2017-07-01,223507000000.0,17.526135878129438
2017-09-28,38.31999969482422,2.2,8.799999999999999,2017-07-01,223507000000.0,17.41818167946555
2017-09-29,38.529998779296875,2.2,8.799999999999999,2017-07-01,223507000000.0,17.513635808771305
2017-10-02,38.45249938964844,2.2,8.799999999999999,2017-07-01,223507000000.0,17.478408813476562
2017-10-03,38.619998931884766,2.2,8.799999999999999,2017-07-01,223507000000.0,17.554544969038528
2017-10-04,38.369998931884766,2.2,8.799999999999999,2017-07-01,223507000000.0,17.440908605402164
2017-10-05,38.84749984741211,2.2,8.799999999999999,2017-07-01,223507000000.0,17.65795447609641
2017-10-06,38.82500076293945,2.2,8.799999999999999,2017-07-01,223507000000.0,17.647727619517934
2017-10-09,38.959999084472656,2.2,8.799999999999999,2017-07-01,223507000000.0,17.709090492942114
2017-10-10,38.974998474121094,2.2,8.799999999999999,2017-07-01,223507000000.0,17.71590839732777
2017-10-11,39.13750076293945,2.2,8.799999999999999,2017-07-01,223507000000.0,17.789773074063387
2017-10-12,39.0,2.2,8.799999999999999,2017-07-01,223507000000.0,17.727272727272727
2017-10-13,39.247501373291016,2.2,8.799999999999999,2017-07-01,223507000000.0,17.839773351495914
2017-10-16,39.970001220703125,2.2,8.799999999999999,2017-07-01,223507000000.0,18.168182373046875
2017-10-17,40.11750030517578,2.2,8.799999999999999,2017-07-01,223507000000.0,18.235227411443535
2017-10-18,39.939998626708984,2.2,8.799999999999999,2017-07-01,223507000000.0,18.154544830322266
2017-10-19,38.994998931884766,2.2,8.799999999999999,2017-07-01,223507000000.0,17.724999514493074
2017-10-20,39.0625,2.2,8.799999999999999,2017-07-01,223507000000.0,17.755681818181817
2017-10-23,39.04249954223633,2.2,8.799999999999999,2017-07-01,223507000000.0,17.746590701016512
2017-10-24,39.275001525878906,2.2,8.799999999999999,2017-07-01,223507000000.0,17.852273420854047
2017-10-25,39.102500915527344,2.2,8.799999999999999,2017-07-01,223507000000.0,17.773864052512426
2017-10-26,39.352500915527344,2.2,8.799999999999999,2017-07-01,223507000000.0,17.887500416148793
2017-10-27,40.76250076293945,2.2,8.799999999999999,2017-07-01,223507000000.0,18.52840943769975
2017-10-30,41.68000030517578,2.2,8.799999999999999,2017-07-01,223507000000.0,18.94545468417081
2017-10-31,42.2599983215332,2.2,8.799999999999999,2017-07-01,223507000000.0,19.209090146151453
2017-11-01,41.72249984741211,2.2,8.799999999999999,2017-07-01,223507000000.0,18.964772657914594
2017-11-02,42.02750015258789,2.2,8.799999999999999,2017-07-01,223507000000.0,19.103409160267223
2017-11-03,43.125,2.3,9.2,2017-09-30,229234000000.0,18.75
2017-11-06,43.5625,2.3,9.2,2017-09-30,229234000000.0,18.940217391304348
2017-11-07,43.70249938964844,2.3,9.2,2017-09-30,229234000000.0,19.001086691151496
2017-11-08,44.060001373291016,2.3,9.2,2017-09-30,229234000000.0,19.156522336213488
2017-11-09,43.970001220703125,2.3,9.2,2017-09-30,229234000000.0,19.117391835088316
2017-11-10,43.66749954223633,2.3,9.2,2017-09-30,229234000000.0,18.98586936618971
2017-11-13,43.49250030517578,2.3,9.2,2017-09-30,229234000000.0,18.909782741380777
2017-11-14,42.834999084472656,2.3,9.2,2017-09-30,229234000000.0,18.623912645422894
2017-11-15,42.27000045776367,2.3,9.2,2017-09-30,229234000000.0,18.378261068592902
2017-11-16,42.775001525878906,2.3,9.2,2017-09-30,229234000000.0,18.597826750382133
2017-11-17,42.537498474121094,2.3,9.2,2017-09-30,229234000000.0,18.494564553965695
2017-11-20,42.494998931884766,2.3,9.2,2017-09-30,229234000000.0,18.476086492123812
2017-11-21,43.28499984741211,2.3,9.2,2017-09-30,229234000000.0,18.819565151048746
2017-11-22,43.7400016784668,2.3,9.2,2017-09-30,229234000000.0,19.017392034116
2017-11-24,43.74250030517578,2.3,9.2,2017-09-30,229234000000.0,19.018478393554688
2017-11-27,43.522499084472656,2.3,9.2,2017-09-30,229234000000.0,18.922825688901156
2017-11-28,43.26750183105469,2.3,9.2,2017-09-30,229234000000.0,18.811957317849867
2017-11-29,42.369998931884766,2.3,9.2,2017-09-30,229234000000.0,18.421738666036855
2017-11-30,42.962501525878906,2.3,9.2,2017-09-30,229234000000.0,18.67934848951257
2017-12-01,42.76250076293945,2.3,9.2,2017-09-30,229234000000.0,18.592391636060633
2017-12-04,42.45000076293945,2.3,9.2,2017-09-30,229234000000.0,18.456522070843242
2017-12-05,42.40999984741211,2.3,9.2,2017-09-30,229234000000.0,18.43913036844005
2017-12-06,42.252498626708984,2.3,9.2,2017-09-30,229234000000.0,18.370651576829996
2017-12-07,42.33000183105469,2.3,9.2,2017-09-30,229234000000.0,18.40434862219769
2017-12-08,42.342498779296875,2.3,9.2,2017-09-30,229234000000.0,18.409782077955164
2017-12-11,43.16749954223633,2.3,9.2,2017-09-30,229234000000.0,18.768478061841883
2017-12-12,42.92499923706055,2.3,9.2,2017-09-30,229234000000.0,18.663043146548066
2017-12-13,43.067501068115234,2.3,9.2,2017-09-30,229234000000.0,18.72500046439793
2017-12-14,43.05500030517578,2.3,9.2,2017-09-30,229234000000.0,18.71956535007643
2017-12-15,43.49250030517578,2.3,9.2,2017-09-30,229234000000.0,18.909782741380777
2017-12-18,44.10499954223633,2.3,9.2,2017-09-30,229234000000.0,19.17608675749406
2017-12-19,43.6349983215332,2.3,9.2,2017-09-30,229234000000.0,18.971738400666613
2017-12-20,43.587501525878906,2.3,9.2,2017-09-30,229234000000.0,18.95108761994735
2017-12-21,43.752498626708984,2.3,9.2,2017-09-30,229234000000.0,19.022825489873473
2017-12-22,43.752498626708984,2.3,9.2,2017-09-30,229234000000.0,19.022825489873473
2017-12-26,42.64250183105469,2.3,9.2,2017-09-30,229234000000.0,18.540218187415082
2017-12-27,42.650001525878906,2.3,9.2,2017-09-30,229234000000.0,18.54347892429518
2017-12-28,42.77000045776367,2.3,9.2,2017-09-30,229234000000.0,18.595652372940727
2017-12-29,42.307498931884766,2.3,9.2,2017-09-30,229234000000.0,18.39456475299338
2018-01-02,43.064998626708984,2.3,9.2,2017-09-30,229234000000.0,18.72391244639521
2018-01-03,43.057498931884766,2.3,9.2,2017-09-30,229234000000.0,18.720651709515117
2018-01-04,43.25749969482422,2.3,9.2,2017-09-30,229234000000.0,18.807608562967054
2018-01-05,43.75,2.3,9.2,2017-09-30,229234000000.0,19.021739130434785
2018-01-08,43.587501525878906,2.3,9.2,2017-09-30,229234000000.0,18.95108761994735
2018-01-09,43.58250045776367,2.3,9.2,2017-09-30,229234000000.0,18.948913242505945
2018-01-10,43.5724983215332,2.3,9.2,2017-09-30,229234000000.0,18.944564487623133
2018-01-11,43.81999969482422,2.3,9.2,2017-09-30,229234000000.0,19.05217378035836
2018-01-12,44.272499084472656,2.3,9.2,2017-09-30,229234000000.0,19.248912645422894
2018-01-16,44.04750061035156,2.3,9.2,2017-09-30,229234000000.0,19.151087221891984
2018-01-17,44.775001525878906,2.3,9.2,2017-09-30,229234000000.0,19.467391967773438
2018-01-18,44.814998626708984,2.3,9.2,2017-09-30,229234000000.0,19.484782011612605
2018-01-19,44.6150016784668,2.3,9.2,2017-09-30,229234000000.0,19.397826816724695
2018-01-22,44.25,2.3,9.2,2017-09-30,229234000000.0,19.23913043478261
2018-01-23,44.2599983215332,2.3,9.2,2017-09-30,229234000000.0,19.243477531101394
2018-01-24,43.55500030517578,2.3,9.2,2017-09-30,229234000000.0,18.936956654424254
2018-01-25,42.77750015258789,2.3,9.2,2017-09-30,229234000000.0,18.598913109820824
2018-01-26,42.877498626708984,2.3,9.2,2017-09-30,229234000000.0,18.642390707264777
2018-01-29,41.9900016784668,2.3,9.2,2017-09-30,229234000000.0,18.25652246889861
2018-01-30,41.74250030517578,2.3,9.2,2017-09-30,229234000000.0,18.148913176163383
2018-01-31,41.85749816894531,2.3,9.2,2017-09-30,229234000000.0,18.198912247367527
2018-02-01,41.94499969482422,2.3,9.2,2017-09-30,229234000000.0,18.236956389054008
2018-02-02,40.125,2.4325,9.73,2017-12-30,239176000000.0,16.495375128468652
2018-02-05,39.122501373291016,2.4325,9.73,2017-12-30,239176000000.0,16.083248252123745
2018-02-06,40.75749969482422,2.4325,9.73,2017-12-30,239176000000.0,16.755395557995566
2018-02-07,39.8849983215332,2.4325,9.73,2017-12-30,239176000000.0,16.396710512449413
2018-02-08,38.787498474121094,2.4325,9.73,2017-12-30,239176000000.0,15.945528663564684
2018-02-09,39.102500915527344,2.4325,9.73,2017-12-30,239176000000.0,16.07502607010374
2018-02-12,40.6775016784668,2.4325,9.73,2017-12-30,239176000000.0,16.7225083981364
2018-02-13,41.084999084472656,2.4325,9.73,2017-12-30,239176000000.0,16.890030456103865
2018-02-14,41.842498779296875,2.4325,9.73,2017-12-30,239176000000.0,17.201438347090185
2018-02-15,43.247501373291016,2.4325,9.73,2017-12-30,239176000000.0,17.779034480284075
2018-02-16,43.10749816894531,2.4325,9.73,2017-12-30,239176000000.0,17.721479206144014
2018-02-20,42.962501525878906,2.4325,9.73,2017-12-30,239176000000.0,17.66187113088547
2018-02-21,42.76750183105469,2.4325,9.73,2017-12-30,239176000000.0,17.58170681646647
2018-02-22,43.125,2.4325,9.73,2017-12-30,239176000000.0,17.728674203494347
2018-02-23,43.875,2.4325,9.73,2017-12-30,239176000000.0,18.03699897225077
2018-02-26,44.74250030517578,2.4325,9.73,2017-12-30,239176000000.0,18.393628080236702
2018-02-27,44.59749984741211,2.4325,9.73,2017-12-30,239176000000.0,18.33401843675729
2018-02-28,44.529998779296875,2.4325,9.73,2017-12-30,239176000000.0,18.30626876846737
2018-03-01,43.75,2.4325,9.73,2017-12-30,239176000000.0,17.985611510791365
2018-03-02,44.0525016784668,2.4325,9.73,2017-12-30,239176000000.0,18.109969857540307
2018-03-05,44.20500183105469,2.4325,9.73,2017-12-30,239176000000.0,18.172662623249614
2018-03-06,44.16749954223633,2.4325,9.73,2017-12-30,239176000000.0,18.157245443879273
2018-03-07,43.75749969482422,2.4325,9.73,2017-12-30,239176000000.0,17.98869463302126
2018-03-08,44.23500061035156,2.4325,9.73,2017-12-30,239176000000.0,18.184995112169194
2018-03-09,44.994998931884766,2.4325,9.73,2017-12-30,239176000000.0,18.497430187825184
2018-03-12,45.43000030517578,2.4325,9.73,2017-12-30,239176000000.0,18.676259118263424
2018-03-13,44.99250030517578,2.4325,9.73,2017-12-30,239176000000.0,18.49640300315551
2018-03-14,44.61000061035156,2.4325,9.73,2017-12-30,239176000000.0,18.339157496547404
2018-03-15,44.662498474121094,2.4325,9.73,2017-12-30,239176000000.0,18.360739352156667
2018-03-16,44.505001068115234,2.4325,9.73,2017-12-30,239176000000.0,18.295992217108008
2018-03-19,43.82500076293945,2.4325,9.73,2017-12-30,239176000000.0,18.016444301311182
2018-03-20,43.810001373291016,2.4325,9.73,2017-12-30,239176000000.0,18.010278056851394
2018-03-21,42.817501068115234,2.4325,9.73,2017-12-30,239176000000.0,17.602261487406057
2018-03-22,42.212501525878906,2.4325,9.73,2017-12-30,239176000000.0,17.353546362129045
2018-03-23,41.23500061035156,2.4325,9.73,2017-12-30,239176000000.0,16.9516960371435
2018-03-26,43.192501068115234,2.4325,9.73,2017-12-30,239176000000.0,17.756423871784268
2018-03-27,42.084999084472656,2.4325,9.73,2017-12-30,239176000000.0,17.301130147779098
2018-03-28,41.619998931884766,2.4325,9.73,2017-12-30,239176000000.0,17.10996872842128
2018-03-29,41.94499969482422,2.4325,9.73,2017-12-30,239176000000.0,17.243576441859904
2018-04-02,41.66999816894531,2.4325,9.73,2017-12-30,239176000000.0,17.130523399360868
2018-04-03,42.09749984741211,2.4325,9.73,2017-12-30,239176000000.0,17.306269207569212
2018-04-04,42.90250015258789,2.4325,9.73,2017-12-30,239176000000.0,17.637204584825444
2018-04-05,43.20000076293945,2.4325,9.73,2017-12-30,239176000000.0,17.759506994014163
2018-04-06,42.095001220703125,2.4325,9.73,2017-12-30,239176000000.0,17.305242022899538
2018-04-09,42.51250076293945,2.4325,9.73,2017-12-30,239176000000.0,17.476875955987442
2018-04-10,43.3125,2.4325,9.73,2017-12-30,239176000000.0,17.805755395683452
2018-04-11,43.11000061035156,2.4325,9.73,2017-12-30,239176000000.0,17.72250795903456
2018-04-12,43.53499984741211,2.4325,9.73,2017-12-30,239176000000.0,17.897225014352358
2018-04-13,43.682498931884766,2.4325,9.73,2017-12-30,239176000000.0,17.957861842501444
2018-04-16,43.95500183105469,2.4325,9.73,2017-12-30,239176000000.0,18.069887700330806
2018-04-17,44.560001373291016,2.4325,9.73,2017-12-30,239176000000.0,18.318602825607815
2018-04-18,44.459999084472656,2.4325,9.73,2017-12-30,239176000000.0,18.27749191550777
2018-04-19,43.20000076293945,2.4325,9.73,2017-12-30,239176000000.0,17.759506994014163
2018-04-20,41.43000030517578,2.4325,9.73,2017-12-30,239176000000.0,17.0318603515625
2018-04-23,41.310001373291016,2.4325,9.73,2017-12-30,239176000000.0,16.982528827663316
2018-04-24,40.73500061035156,2.4325,9.73,2017-12-30,239176000000.0,16.746146191305883
2018-04-25,40.912498474121094,2.4325,9.73,2017-12-30,239176000000.0,16.81911550837455
2018-04-26,41.05500030517578,2.4325,9.73,2017-12-30,239176000000.0,16.877697967184286
2018-04-27,40.58000183105469,2.4325,9.73,2017-12-30,239176000000.0,16.6824262409269
2018-04-30,41.314998626708984,2.4325,9.73,2017-12-30,239176000000.0,16.984583197002664
2018-05-01,42.275001525878906,2.4325,9.73,2017-12-30,239176000000.0,17.379240092858748
2018-05-02,44.14250183105469,2.59,10.36,2018-03-31,247417000000.0,17.043437000407216
2018-05-03,44.22249984741211,2.59,10.36,2018-03-31,247417000000.0,17.07432426541008
2018-05-04,45.95750045776367,2.59,10.36,2018-03-31,247417000000.0,17.744208670951224
2018-05-07,46.290000915527344,2.59,10.36,2018-03-31,247417000000.0,17.872587226072334
2018-05-08,46.51250076293945,2.59,10.36,2018-03-31,247417000000.0,17.958494503065427
2018-05-09,46.84000015258789,2.59,10.36,2018-03-31,247417000000.0,18.08494214385633
2018-05-10,47.5099983215332,2.59,10.36,2018-03-31,247417000000.0,18.343628695572665
2018-05-11,47.147499084472656,2.59,10.36,2018-03-31,247417000000.0,18.203667600182495
2018-05-14,47.037498474121094,2.59,10.36,2018-03-31,247417000000.0,18.161196322054476
2018-05-15,46.61000061035156,2.59,10.36,2018-03-31,247417000000.0,17.996139231795972
2018-05-16,47.04499816894531,2.59,10.36,2018-03-31,247417000000.0,18.164091957121745
2018-05-17,46.747501373291016,2.59,10.36,2018-03-31,247417000000.0,18.049228329455993
2018-05-18,46.57749938964844,2.59,10.36,2018-03-31,247417000000.0,17.98359049793376
2018-05-21,46.907501220703125,2.59,10.36,2018-03-31,247417000000.0,18.11100433231781
2018-05-22,46.790000915527344,2.59,10.36,2018-03-31,247417000000.0,18.065637419122528
2018-05-23,47.09000015258789,2.59,10.36,2018-03-31,247417000000.0,18.181467240381426
2018-05-24,47.037498474121094,2.59,10.36,2018-03-31,247417000000.0,18.161196322054476
2018-05-25,47.14500045776367,2.59,10.36,2018-03-31,247417000000.0,18.202702879445432
2018-05-29,46.974998474121094,2.59,10.36,2018-03-31,247417000000.0,18.137065047923205
2018-05-30,46.875,2.59,10.36,2018-03-31,247417000000.0,18.0984555984556
2018-05-31,46.717498779296875,2.59,10.36,2018-03-31,247417000000.0,18.03764431633084
2018-06-01,47.560001373291016,2.59,10.36,2018-03-31,247417000000.0,18.362934893162556
2018-06-04,47.95750045776367,2.59,10.36,2018-03-31,247417000000.0,18.516409443151996
2018-06-05,48.32749938964844,2.59,10.36,2018-03-31,247417000000.0,18.659266173609435
2018-06-06,48.494998931884766,2.59,10.36,2018-03-31,247417000000.0,18.72393781153852
2018-06-07,48.3650016784668,2.59,10.36,2018-03-31,247417000000.0,18.67374582180185
2018-06-08,47.92499923706055,2.59,10.36,2018-03-31,247417000000.0,18.50386070928979
2018-06-11,47.807498931884766,2.59,10.36,2018-03-31,247417000000.0,18.458493796094505
2018-06-12,48.06999969482422,2.59,10.36,2018-03-31,247417000000.0,18.559845442017075
2018-06-13,47.67499923706055,2.59,10.36,2018-03-31,247417000000.0,18.40733561276469
2018-06-14,47.70000076293945,2.59,10.36,2018-03-31,247417000000.0,18.416988711559636
2018-06-15,47.209999084472656,2.59,10.36,2018-03-31,247417000000.0,18.227798874313766
2018-06-18,47.185001373291016,2.59,10.36,2018-03-31,247417000000.0,18.218147248374912
2018-06-19,46.42250061035156,2.59,10.36,2018-03-31,247417000000.0,17.923745409402148
2018-06-20,46.625,2.59,10.36,2018-03-31,247417000000.0,18.001930501930502
2018-06-21,46.3650016784668,2.59,10.36,2018-03-31,247417000000.0,17.90154504960108
2018-06-22,46.22999954223633,2.59,10.36,2018-03-31,247417000000.0,17.84942067267812
2018-06-25,45.54249954223633,2.59,10.36,2018-03-31,247417000000.0,17.583976657234103
2018-06-26,46.10749816894531,2.59,10.36,2018-03-31,247417000000.0,17.80212284515263
2018-06-27,46.040000915527344,2.59,10.36,2018-03-31,247417000000.0,17.77606212954724
2018-06-28,46.375,2.59,10.36,2018-03-31,247417000000.0,17.905405405405407
2018-06-29,46.27750015258789,2.59,10.36,2018-03-31,247417000000.0,17.867760676674862
2018-07-02,46.79499816894531,2.59,10.36,2018-03-31,247417000000.0,18.067566860596646
2018-07-03,45.97999954223633,2.59,10.36,2018-03-31,247417000000.0,17.752895576153023
2018-07-05,46.349998474121094,2.59,10.36,2018-03-31,247417000000.0,17.89575230661046
2018-07-06,46.99250030517578,2.59,10.36,2018-03-31,247417000000.0,18.143822511650882
2018-07-09,47.64500045776367,2.59,10.36,2018-03-31,247417000000.0,18.395753072495626
2018-07-10,47.587501525878906,2.59,10.36,2018-03-31,247417000000.0,18.373552712694558
2018-07-11,46.970001220703125,2.59,10.36,2018-03-31,247417000000.0,18.135135606449083
2018-07-12,47.75749969482422,2.59,10.36,2018-03-31,247417000000.0,18.439189071360705
2018-07-13,47.83250045776367,2.59,10.36,2018-03-31,247417000000.0,18.46814689488945
2018-07-16,47.727500915527344,2.59,10.36,2018-03-31,247417000000.0,18.42760653109164
2018-07-17,47.86249923706055,2.59,10.36,2018-03-31,247417000000.0,18.479729435158514
2018-07-18,47.599998474121094,2.59,10.36,2018-03-31,247417000000.0,18.378377789235945
2018-07-19,47.970001220703125,2.59,10.36,2018-03-31,247417000000.0,18.52123599254947
2018-07-20,47.86000061035156,2.59,10.36,2018-03-31,247417000000.0,18.478764714421455
2018-07-23,47.90250015258789,2.59,10.36,2018-03-31,247417000000.0,18.49517380408799
2018-07-24,48.25,2.59,10.36,2018-03-31,247417000000.0,18.62934362934363
2018-07-25,48.70500183105469,2.59,10.36,2018-03-31,247417000000.0,18.805020011990226
2018-07-26,48.5525016784668,2.59,10.36,2018-03-31,247417000000.0,18.746139644195676
2018-07-27,47.744998931884766,2.59,10.36,2018-03-31,247417000000.0,18.43436252196323
2018-07-30,47.477500915527344,2.59,10.36,2018-03-31,247417000000.0,18.331081434566542
2018-07-31,47.5724983215332,2.59,10.36,2018-03-31,247417000000.0,18.36775996970394
2018-08-01,50.375,2.7575,11.03,2018-06-30,255274000000.0,18.268359020852223
2018-08-02,51.84749984741211,2.7575,11.03,2018-06-30,255274000000.0,18.802357152280006
2018-08-03,51.997501373291016,2.7575,11.03,2018-06-30,255274000000.0,18.856754804457307
2018-08-06,52.26750183105469,2.7575,11.03,2018-06-30,255274000000.0,18.95466974834259
2018-08-07,51.77750015258789,2.7575,11.03,2018-06-30,255274000000.0,18.776971950167866
2018-08-08,51.8125,2.7575,11.03,2018-06-30,255274000000.0,18.789664551223936
2018-08-09,52.220001220703125,2.7575,11.03,2018-06-30,255274000000.0,18.93744377904012
2018-08-10,51.88249969482422,2.7575,11.03,2018-06-30,255274000000.0,18.815049753336073
2018-08-13,52.217498779296875,2.7575,11.03,2018-06-30,255274000000.0,18.936536275356982
2018-08-14,52.4375,2.7575,11.03,2018-06-30,255274000000.0,19.01631912964642
2018-08-15,52.560001373291016,2.7575,11.03,2018-06-30,255274000000.0,19.060743925037542
2018-08-16,53.33000183105469,2.7575,11.03,2018-06-30,255274000000.0,19.339982531660812
2018-08-17,54.39500045776367,2.7575,11.03,2018-06-30,255274000000.0,19.72620143527241
2018-08-20,53.8650016784668,2.7575,11.03,2018-06-30,255274000000.0,19.533998795454867
2018-08-21,53.7599983215332,2.7575,11.03,2018-06-30,255274000000.0,19.4959196088969
2018-08-22,53.76250076293945,2.7575,11.03,2018-06-30,255274000000.0,19.49682711258004
2018-08-23,53.872501373291016,2.7575,11.03,2018-06-30,255274000000.0,19.536718539724756
2018-08-24,54.040000915527344,2.7575,11.03,2018-06-30,255274000000.0,19.59746180073521
2018-08-27,54.48500061035156,2.7575,11.03,2018-06-30,255274000000.0,19.75883974990084
2018-08-28,54.92499923706055,2.7575,11.03,2018-06-30,255274000000.0,19.918404075089956
2018-08-29,55.744998931884766,2.7575,11.03,2018-06-30,255274000000.0,20.21577477130907
2018-08-30,56.25749969482422,2.7575,11.03,2018-06-30,255274000000.0,20.401631802293462
2018-08-31,56.907501220703125,2.7575,11.03,2018-06-30,255274000000.0,20.63735311720875
2018-09-04,57.09000015258789,2.7575,11.03,2018-06-30,255274000000.0,20.703535866758983
2018-09-05,56.717498779296875,2.7575,11.03,2018-06-30,255274000000.0,20.568449239998866
2018-09-06,55.775001525878906,2.7575,11.03,2018-06-30,255274000000.0,20.22665513177839
2018-09-07,55.32500076293945,2.7575,11.03,2018-06-30,255274000000.0,20.06346355863625
2018-09-10,54.58250045776367,2.7575,11.03,2018-06-30,255274000000.0,19.794197808799158
2018-09-11,55.962501525878906,2.7575,11.03,2018-06-30,255274000000.0,20.294651505305136
2018-09-12,55.26750183105469,2.7575,11.03,2018-06-30,255274000000.0,20.042611724770513
2018-09-13,56.602500915527344,2.7575,11.03,2018-06-30,255274000000.0,20.526745572267398
2018-09-14,55.959999084472656,2.7575,11.03,2018-06-30,255274000000.0,20.293744001622
2018-09-17,54.470001220703125,2.7575,11.03,2018-06-30,255274000000.0,19.75340026136106
2018-09-18,54.560001373291016,2.7575,11.03,2018-06-30,255274000000.0,19.78603857598949
2018-09-19,54.592498779296875,2.7575,11.03,2018-06-30,255274000000.0,19.797823673362423
2018-09-20,55.00749969482422,2.7575,11.03,2018-06-30,255274000000.0,19.948322645448496
2018-09-21,54.415000915527344,2.7575,11.03,2018-06-30,255274000000.0,19.733454547788703
2018-09-24,55.1974983215332,2.7575,11.03,2018-06-30,255274000000.0,20.017225139268614
2018-09-25,55.54750061035156,2.7575,11.03,2018-06-30,255274000000.0,20.144152533219064
2018-09-26,55.10499954223633,2.7575,11.03,2018-06-30,255274000000.0,19.98368070434681
2018-09-27,56.23749923706055,2.7575,11.03,2018-06-30,255274000000.0,20.39437868977717
2018-09-28,56.435001373291016,2.7575,11.03,2018-06-30,255274000000.0,20.466002311256943
2018-10-01,56.814998626708984,2.7575,11.03,2018-06-30,255274000000.0,20.603807298897184
2018-10-02,57.31999969482422,2.7575,11.03,2018-06-30,255274000000.0,20.786944585611685
2018-10-03,58.01750183105469,2.7575,11.03,2018-06-30,255274000000.0,21.039891869829443
2018-10-04,56.997501373291016,2.7575,11.03,2018-06-30,255274000000.0,20.66999143183718
2018-10-05,56.0724983215332,2.7575,11.03,2018-06-30,255274000000.0,20.33454154906009
2018-10-08,55.942501068115234,2.7575,11.03,2018-06-30,255274000000.0,20.287398392788845
2018-10-09,56.717498779296875,2.7575,11.03,2018-06-30,255274000000.0,20.568449239998866
2018-10-10,54.09000015258789,2.7575,11.03,2018-06-30,255274000000.0,19.61559389033106
2018-10-11,53.61249923706055,2.7575,11.03,2018-06-30,255274000000.0,19.44242946040274
2018-10-12,55.52750015258789,2.7575,11.03,2018-06-30,255274000000.0,20.136899420702772
2018-10-15,54.34000015258789,2.7575,11.03,2018-06-30,255274000000.0,19.706255721700053
2018-10-16,55.537498474121094,2.7575,11.03,2018-06-30,255274000000.0,20.140525285266037
2018-10-17,55.29750061035156,2.7575,11.03,2018-06-30,255274000000.0,20.05349070185007
2018-10-18,54.005001068115234,2.7575,11.03,2018-06-30,255274000000.0,19.584769199679144
2018-10-19,54.82749938964844,2.7575,11.03,2018-06-30,255274000000.0,19.88304601619164
2018-10-22,55.162498474121094,2.7575,11.03,2018-06-30,255274000000.0,20.004532538212548
2018-10-23,55.682498931884766,2.7575,11.03,2018-06-30,255274000000.0,20.193109313466824
2018-10-24,53.772499084472656,2.7575,11.03,2018-06-30,255274000000.0,19.500452977143304
2018-10-25,54.95000076293945,2.7575,11.03,2018-06-30,255274000000.0,19.927470811582758
2018-10-26,54.07500076293945,2.7575,11.03,2018-06-30,255274000000.0,19.61015440179128
2018-10-29,53.060001373291016,2.7575,11.03,2018-06-30,255274000000.0,19.242067587775527
2018-10-30,53.32500076293945,2.7575,11.03,2018-06-30,255274000000.0,19.3381689076843
2018-10-31,54.71500015258789,2.7575,11.03,2018-06-30,255274000000.0,19.842248468753542
2018-11-01,55.55500030517578,2.7575,11.03,2018-06-30,255274000000.0,20.146872277488953
2018-11-02,51.869998931884766,2.7575,11.03,2018-06-30,255274000000.0,18.81051638508967
2018-11-05,50.397499084472656,2.9675000000000002,11.870000000000001,2018-09-29,265595000000.0,16.983150491818922
2018-11-06,50.942501068115234,2.9675000000000002,11.870000000000001,2018-09-29,265595000000.0,17.166807436601594
2018-11-07,52.48749923706055,2.9675000000000002,11.870000000000001,2018-09-29,265595000000.0,17.68744708915267
2018-11-08,52.122501373291016,2.9675000000000002,11.870000000000001,2018-09-29,265595000000.0,17.564448651488124
2018-11-09,51.11750030517578,2.9675000000000002,11.870000000000001,2018-09-29,265595000000.0,17.225779378323768
2018-11-12,48.54249954223633,2.9675000000000002,11.870000000000001,2018-09-29,265595000000.0,16.35804533858006
2018-11-13,48.057498931884766,2.9675000000000002,11.870000000000001,2018-09-29,265595000000.0,16.194607896170098
2018-11-14,46.70000076293945,2.9675000000000002,11.870000000000001,2018-09-29,265595000000.0,15.737152742355333
2018-11-15,47.852500915527344,2.9675000000000002,11.870000000000001,2018-09-29,265595000000.0,16.125526846007528
2018-11-16,48.38249969482422,2.9675000000000002,11.870000000000001,2018-09-29,265595000000.0,16.304127951078083
2018-11-19,46.46500015258789,2.9675000000000002,11.870000000000001,2018-09-29,265595000000.0,15.657961298260451
2018-11-20,44.244998931884766,2.9675000000000002,11.870000000000001,2018-09-29,265595000000.0,14.909856421865125
2018-11-21,44.19499969482422,2.9675000000000002,11.870000000000001,2018-09-29,265595000000.0,14.893007479300493
2018-11-23,43.0724983215332,2.9675000000000002,11.870000000000001,2018-09-29,265595000000.0,14.514742484088694
2018-11-26,43.654998779296875,2.9675000000000002,11.870000000000001,2018-09-29,265595000000.0,14.71103581442186
2018-11-27,43.560001373291016,2.9675000000000002,11.870000000000001,2018-09-29,265595000000.0,14.679023209196634
2018-11-28,45.23500061035156,2.9675000000000002,11.870000000000001,2018-09-29,265595000000.0,15.243471140809287
2018-11-29,44.88750076293945,2.9675000000000002,11.870000000000001,2018-09-29,265595000000.0,15.126369254571003
2018-11-30,44.64500045776367,2.9675000000000002,11.870000000000001,2018-09-29,265595000000.0,15.04465053336602
2018-12-03,46.20500183105469,2.9675000000000002,11.870000000000001,2018-09-29,265595000000.0,15.570346025629211
2018-12-04,44.17250061035156,2.9675000000000002,11.870000000000001,2018-09-29,265595000000.0,14.885425647970196
2018-12-06,43.68000030517578,2.9675000000000002,11.870000000000001,2018-09-29,265595000000.0,14.719460928450136
2018-12-07,42.122501373291016,2.9675000000000002,11.870000000000001,2018-09-29,265595000000.0,14.194608718884924
2018-12-10,42.400001525878906,2.9675000000000002,11.870000000000001,2018-09-29,265595000000.0,14.28812182843434
2018-12-11,42.157501220703125,2.9675000000000002,11.870000000000001,2018-09-29,265595000000.0,14.206403107229358
2018-12-12,42.275001525878906,2.9675000000000002,11.870000000000001,2018-09-29,265595000000.0,14.2459988292768
2018-12-13,42.73749923706055,2.9675000000000002,11.870000000000001,2018-09-29,265595000000.0,14.401853154864547
2018-12-14,41.369998931884766,2.9675000000000002,11.870000000000001,2018-09-29,265595000000.0,13.941027441241706
2018-12-17,40.98500061035156,2.9675000000000002,11.870000000000001,2018-09-29,265595000000.0,13.811289169452927
2018-12-18,41.51750183105469,2.9675000000000002,11.870000000000001,2018-09-29,265595000000.0,13.99073355722146
2018-12-19,40.22249984741211,2.9675000000000002,11.870000000000001,2018-09-29,265595000000.0,13.55433861749355
2018-12-20,39.20750045776367,2.9675000000000002,11.870000000000001,2018-09-29,265595000000.0,13.21230007001303
2018-12-21,37.682498931884766,2.9675000000000002,11.870000000000001,2018-09-29,265595000000.0,12.698398966094276
2018-12-24,36.70750045776367,2.9675000000000002,11.870000000000001,2018-09-29,265595000000.0,12.369840086862231
2018-12-26,39.29249954223633,2.9675000000000002,11.870000000000001,2018-09-29,265595000000.0,13.240943400922097
2018-12-27,39.037498474121094,2.9675000000000002,11.870000000000001,2018-09-29,265595000000.0,13.15501212270298
2018-12-28,39.057498931884766,2.9675000000000002,11.870000000000001,2018-09-29,265595000000.0,13.161751956827215
2018-12-31,39.435001373291016,2.9675000000000002,11.870000000000001,2018-09-29,265595000000.0,13.288964236997813
2019-01-02,39.47999954223633,2.9675000000000002,11.870000000000001,2018-09-29,265595000000.0,13.304127899658408
2019-01-03,35.54750061035156,2.9675000000000002,11.870000000000001,2018-09-29,265595000000.0,11.978938706099935
2019-01-04,37.064998626708984,2.9675000000000002,11.870000000000001,2018-09-29,265595000000.0,12.490311247416674
2019-01-07,36.98249816894531,2.9675000000000002,11.870000000000001,2018-09-29,265595000000.0,12.462509913713667
2019-01-08,37.6875,2.9675000000000002,11.870000000000001,2018-09-29,265595000000.0,12.700084245998314
2019-01-09,38.32749938964844,2.9675000000000002,11.870000000000001,2018-09-29,265595000000.0,12.915753796006213
2019-01-10,38.45000076293945,2.9675000000000002,11.870000000000001,2018-09-29,265595000000.0,12.957034797957691
2019-01-11,38.0724983215332,2.9675000000000002,11.870000000000001,2018-09-29,265595000000.0,12.829822517787093
2019-01-14,37.5,2.9675000000000002,11.870000000000001,2018-09-29,265595000000.0,12.636899747262005
2019-01-15,38.26750183105469,2.9675000000000002,11.870000000000001,2018-09-29,265595000000.0,12.89553557912542
2019-01-16,38.73500061035156,2.9675000000000002,11.870000000000001,2018-09-29,265595000000.0,13.053075184617207
2019-01-17,38.96500015258789,2.9675000000000002,11.870000000000001,2018-09-29,265595000000.0,13.13058134880805
2019-01-18,39.20500183105469,2.9675000000000002,11.870000000000001,2018-09-29,265595000000.0,13.21145807280697
2019-01-22,38.32500076293945,2.9675000000000002,11.870000000000001,2018-09-29,265595000000.0,12.914911798800151
2019-01-23,38.47999954223633,2.9675000000000002,11.870000000000001,2018-09-29,265595000000.0,12.967143906398087
2019-01-24,38.17499923706055,2.9675000000000002,11.870000000000001,2018-09-29,265595000000.0,12.864363685614336
2019-01-25,39.439998626708984,2.9675000000000002,11.870000000000001,2018-09-29,265595000000.0,13.290648231409934
2019-01-28,39.07500076293945,2.9675000000000002,11.870000000000001,2018-09-29,265595000000.0,13.167649793745392
2019-01-29,38.66999816894531,2.9675000000000002,11.870000000000001,2018-09-29,265595000000.0,13.031170402340457
2019-01-30,41.3125,3.04,12.16,2018-12-29,261612000000.0,13.589638157894736
2019-01-31,41.61000061035156,3.04,12.16,2018-12-29,261612000000.0,13.68750020077354
2019-02-01,41.630001068115234,3.04,12.16,2018-12-29,261612000000.0,13.694079298722116
2019-02-04,42.8125,3.04,12.16,2018-12-29,261612000000.0,14.083059210526315
2019-02-05,43.54499816894531,3.04,12.16,2018-12-29,261612000000.0,14.324012555574116
2019-02-06,43.560001373291016,3.04,12.16,2018-12-29,261612000000.0,14.328947820161519
2019-02-07,42.73500061035156,3.04,12.16,2018-12-29,261612000000.0,14.057565990247225
2019-02-08,42.602500915527344,3.04,12.16,2018-12-29,261612000000.0,14.013980564318205
2019-02-11,42.35749816894531,3.04,12.16,2018-12-29,261612000000.0,13.933387555574116
2019-02-12,42.72249984741211,3.04,12.16,2018-12-29,261612000000.0,14.053453897175036
2019-02-13,42.54499816894531,3.04,12.16,2018-12-29,261612000000.0,13.995065187153063
2019-02-14,42.70000076293945,3.04,12.16,2018-12-29,261612000000.0,14.046052882545872
2019-02-15,42.60499954223633,3.04,12.16,2018-12-29,261612000000.0,14.014802480998792
2019-02-19,42.73249816894531,3.04,12.16,2018-12-29,261612000000.0,14.05674281873201
2019-02-20,43.00749969482422,3.04,12.16,2018-12-29,261612000000.0,14.14720384698165
2019-02-21,42.76499938964844,3.04,12.16,2018-12-29,261612000000.0,14.067434009752775
2019-02-22,43.24250030517578,3.04,12.16,2018-12-29,261612000000.0,14.224506679334139
2019-02-25,43.557498931884766,3.04,12.16,2018-12-29,261612000000.0,14.328124648646304
2019-02-26,43.58250045776367,3.04,12.16,2018-12-29,261612000000.0,14.336348834790682
2019-02-27,43.717498779296875,3.04,12.16,2018-12-29,261612000000.0,14.380756177400288
2019-02-28,43.287498474121094,3.04,12.16,2018-12-29,261612000000.0,14.239308708592464
2019-03-01,43.74250030517578,3.04,12.16,2018-12-29,261612000000.0,14.388980363544665
2019-03-04,43.962501525878906,3.04,12.16,2018-12-29,261612000000.0,14.461349186144377
2019-03-05,43.88249969482422,3.04,12.16,2018-12-29,261612000000.0,14.435032794350072
2019-03-06,43.630001068115234,3.04,12.16,2018-12-29,261612000000.0,14.351974035564222
2019-03-07,43.125,3.04,12.16,2018-12-29,261612000000.0,14.185855263157894
2019-03-08,43.227500915527344,3.04,12.16,2018-12-29,261612000000.0,14.219572669581362
2019-03-11,44.724998474121094,3.04,12.16,2018-12-29,261612000000.0,14.712170550697728
2019-03-12,45.227500915527344,3.04,12.16,2018-12-29,261612000000.0,14.877467406423468
2019-03-13,45.4275016784668,3.04,12.16,2018-12-29,261612000000.0,14.943257131074605
2019-03-14,45.932498931884766,3.04,12.16,2018-12-29,261612000000.0,15.109374648646304
2019-03-15,46.529998779296875,3.04,12.16,2018-12-29,261612000000.0,15.305920651084499
2019-03-18,47.005001068115234,3.04,12.16,2018-12-29,261612000000.0,15.462171403985275
2019-03-19,46.63249969482422,3.04,12.16,2018-12-29,261612000000.0,15.339638057507967
2019-03-20,47.040000915527344,3.04,12.16,2018-12-29,261612000000.0,15.473684511686626
2019-03-21,48.772499084472656,3.04,12.16,2018-12-29,261612000000.0,16.04358522515548
2019-03-22,47.76250076293945,3.04,12.16,2018-12-29,261612000000.0,15.711348935177451
2019-03-25,47.185001373291016,3.04,12.16,2018-12-29,261612000000.0,15.521382030687834
2019-03-26,46.6974983215332,3.04,12.16,2018-12-29,261612000000.0,15.36101918471487
2019-03-27,47.11750030517578,3.04,12.16,2018-12-29,261612000000.0,15.499177731965718
2019-03-28,47.18000030517578,3.04,12.16,2018-12-29,261612000000.0,15.519736942492033
2019-03-29,47.48749923706055,3.04,12.16,2018-12-29,261612000000.0,15.62088790692781
2019-04-01,47.810001373291016,3.04,12.16,2018-12-29,261612000000.0,15.726974135950991
2019-04-02,48.505001068115234,3.04,12.16,2018-12-29,261612000000.0,15.955592456616854
2019-04-03,48.837501525878906,3.04,12.16,2018-12-29,261612000000.0,16.06496760719701
2019-04-04,48.92250061035156,3.04,12.16,2018-12-29,261612000000.0,16.092927832352487
2019-04-05,49.25,3.04,12.16,2018-12-29,261612000000.0,16.200657894736842
2019-04-08,50.025001525878906,3.04,12.16,2018-12-29,261612000000.0,16.45559260719701
2019-04-09,49.875,3.04,12.16,2018-12-29,261612000000.0,16.40625
2019-04-10,50.154998779296875,3.04,12.16,2018-12-29,261612000000.0,16.498354861610814
2019-04-11,49.73749923706055,3.04,12.16,2018-12-29,261612000000.0,16.36101948587518
2019-04-12,49.717498779296875,3.04,12.16,2018-12-29,261612000000.0,16.354440387926605
2019-04-15,49.807498931884766,3.04,12.16,2018-12-29,261612000000.0,16.384045701277884
2019-04-16,49.8125,3.04,12.16,2018-12-29,261612000000.0,16.385690789473685
2019-04-17,50.782501220703125,3.04,12.16,2018-12-29,261612000000.0,16.704770138389186
2019-04-18,50.96500015258789,3.04,12.16,2018-12-29,261612000000.0,16.76480268177233
2019-04-22,51.13249969482422,3.04,12.16,2018-12-29,261612000000.0,16.8199012154027
2019-04-23,51.869998931884766,3.04,12.16,2018-12-29,261612000000.0,17.062499648646305
2019-04-24,51.790000915527344,3.04,12.16,2018-12-29,261612000000.0,17.036184511686628
2019-04-25,51.31999969482422,3.04,12.16,2018-12-29,261612000000.0,16.88157884698165
2019-04-26,51.07500076293945,3.04,12.16,2018-12-29,261612000000.0,16.800987093072187
2019-04-29,51.15250015258789,3.04,12.16,2018-12-29,261612000000.0,16.82648031335128
2019-04-30,50.16749954223633,3.04,12.16,2018-12-29,261612000000.0,16.502466954683
2019-05-01,52.630001068115234,2.9725,11.89,2019-03-30,258490000000.0,17.705635346716647
2019-05-02,52.287498474121094,2.9725,11.89,2019-03-30,258490000000.0,17.59041159768582
2019-05-03,52.9375,2.9725,11.89,2019-03-30,258490000000.0,17.809083263246425
2019-05-06,52.119998931884766,2.9725,11.89,2019-03-30,258490000000.0,17.534061877841804
2019-05-07,50.71500015258789,2.9725,11.89,2019-03-30,258490000000.0,17.061396182535876
2019-05-08,50.724998474121094,2.9725,11.89,2019-03-30,258490000000.0,17.064759789443595
2019-05-09,50.18000030517578,2.9725,11.89,2019-03-30,258490000000.0,16.881413054726924
2019-05-10,49.29499816894531,2.9725,11.89,2019-03-30,258490000000.0,16.58368315187395
2019-05-13,46.43000030517578,2.9725,11.89,2019-03-30,258490000000.0,15.619848714945594
2019-05-14,47.165000915527344,2.9725,11.89,2019-03-30,258490000000.0,15.867115530875472
2019-05-15,47.72999954223633,2.9725,11.89,2019-03-30,258490000000.0,16.0571907627372
2019-05-16,47.52000045776367,2.9725,11.89,2019-03-30,258490000000.0,15.986543467708552
2019-05-17,47.25,2.9725,11.89,2019-03-30,258490000000.0,15.895710681244744
2019-05-20,45.772499084472656,2.9725,11.89,2019-03-30,258490000000.0,15.398654023371792
2019-05-21,46.650001525878906,2.9725,11.89,2019-03-30,258490000000.0,15.693860900211574
2019-05-22,45.69499969482422,2.9725,11.89,2019-03-30,258490000000.0,15.372581899015715
2019-05-23,44.915000915527344,2.9725,11.89,2019-03-30,258490000000.0,15.110176927006675
2019-05-24,44.74250030517578,2.9725,11.89,2019-03-30,258490000000.0,15.052144762043996
2019-05-28,44.557498931884766,2.9725,11.89,2019-03-30,258490000000.0,14.989907125949458
2019-05-29,44.345001220703125,2.9725,11.89,2019-03-30,258490000000.0,14.918419250026282
2019-05-30,44.57500076293945,2.9725,11.89,2019-03-30,258490000000.0,14.995795042199983
2019-05-31,43.76750183105469,2.9725,11.89,2019-03-30,258490000000.0,14.724138547032695
2019-06-03,43.32500076293945,2.9725,11.89,2019-03-30,258490000000.0,14.575273595606207
2019-06-04,44.90999984741211,2.9725,11.89,2019-03-30,258490000000.0,15.108494481888009
2019-06-05,45.6349983215332,2.9725,11.89,2019-03-30,258490000000.0,15.352396407580555
2019-06-06,46.30500030517578,2.9725,11.89,2019-03-30,258490000000.0,15.577796570286216
2019-06-07,47.537498474121094,2.9725,11.89,2019-03-30,258490000000.0,15.992430100629468
2019-06-10,48.14500045776367,2.9725,11.89,2019-03-30,258490000000.0,16.19680419100544
2019-06-11,48.70249938964844,2.9725,11.89,2019-03-30,258490000000.0,16.384356396853974
2019-06-12,48.54750061035156,2.9725,11.89,2019-03-30,258490000000.0,16.33221214814182
2019-06-13,48.537498474121094,2.9725,11.89,2019-03-30,258490000000.0,16.32884725790449
2019-06-14,48.185001373291016,2.9725,11.89,2019-03-30,258490000000.0,16.210261185295547
2019-06-17,48.47249984741211,2.9725,11.89,2019-03-30,258490000000.0,16.306980604680273
2019-06-18,49.61249923706055,2.9725,11.89,2019-03-30,258490000000.0,16.69049595864106
2019-06-19,49.467498779296875,2.9725,11.89,2019-03-30,258490000000.0,16.641715316836628
2019-06-20,49.8650016784668,2.9725,11.89,2019-03-30,258490000000.0,16.775442112183953
2019-06-21,49.69499969482422,2.9725,11.89,2019-03-30,258490000000.0,16.7182505281158
2019-06-24,49.64500045776367,2.9725,11.89,2019-03-30,258490000000.0,16.70142992691797
2019-06-25,48.89250183105469,2.9725,11.89,2019-03-30,258490000000.0,16.44827647806718
2019-06-26,49.95000076293945,2.9725,11.89,2019-03-30,258490000000.0,16.804037262553223
2019-06-27,49.935001373291016,2.9725,11.89,2019-03-30,258490000000.0,16.798991210526832
2019-06-28,49.47999954223633,2.9725,11.89,2019-03-30,258490000000.0,16.645920787968485
2019-07-01,50.38750076293945,2.9725,11.89,2019-03-30,258490000000.0,16.951219768861044
2019-07-02,50.682498931884766,2.9725,11.89,2019-03-30,258490000000.0,17.05046221425896
2019-07-03,51.102500915527344,2.9725,11.89,2019-03-30,258490000000.0,17.19175808764587
2019-07-05,51.057498931884766,2.9725,11.89,2019-03-30,258490000000.0,17.176618648237095
2019-07-08,50.005001068115234,2.9725,11.89,2019-03-30,258490000000.0,16.822540308869716
2019-07-09,50.310001373291016,2.9725,11.89,2019-03-30,258490000000.0,16.925147644504968
2019-07-10,50.807498931884766,2.9725,11.89,2019-03-30,258490000000.0,17.09251435891834
2019-07-11,50.4375,2.9725,11.89,2019-03-30,258490000000.0,16.968040370058873
2019-07-12,50.82500076293945,2.9725,11.89,2019-03-30,258490000000.0,17.098402275168866
2019-07-15,51.3025016784668,2.9725,11.89,2019-03-30,258490000000.0,17.259041775766793
2019-07-16,51.125,2.9725,11.89,2019-03-30,258490000000.0,17.19932716568545
2019-07-17,50.837501525878906,2.9725,11.89,2019-03-30,258490000000.0,17.102607746300723
2019-07-18,51.415000915527344,2.9725,11.89,2019-03-30,258490000000.0,17.29688844929431
2019-07-19,50.647499084472656,2.9725,11.89,2019-03-30,258490000000.0,17.03868766508752
2019-07-22,51.80500030517578,2.9725,11.89,2019-03-30,258490000000.0,17.428090935298833
2019-07-23,52.209999084472656,2.9725,11.89,2019-03-30,258490000000.0,17.564339473329742
2019-07-24,52.16749954223633,2.9725,11.89,2019-03-30,258490000000.0,17.550041898145107
2019-07-25,51.755001068115234,2.9725,11.89,2019-03-30,258490000000.0,17.411270334101005
2019-07-26,51.935001373291016,2.9725,11.89,2019-03-30,258490000000.0,17.471825525076877
2019-07-29,52.41999816894531,2.9725,11.89,2019-03-30,258490000000.0,17.634986768358388
2019-07-30,52.19499969482422,2.9725,11.89,2019-03-30,258490000000.0,17.55929342130335
2019-07-31,53.2599983215332,2.9325,11.73,2019-06-29,259034000000.0,18.16197726224491
2019-08-01,52.10749816894531,2.9325,11.73,2019-06-29,259034000000.0,17.76896783254742
2019-08-02,51.005001068115234,2.9325,11.73,2019-06-29,259034000000.0,17.393009741897778
2019-08-05,48.334999084472656,2.9325,11.73,2019-06-29,259034000000.0,16.482523131959983
2019-08-06,49.25,2.9325,11.73,2019-06-29,259034000000.0,16.794543904518328
2019-08-07,49.7599983215332,2.9325,11.73,2019-06-29,259034000000.0,16.968456375629394
2019-08-08,50.85749816894531,2.9325,11.73,2019-06-29,259034000000.0,17.34271037304188
2019-08-09,50.247501373291016,2.9325,11.73,2019-06-29,259034000000.0,17.134697825504183
2019-08-12,50.119998931884766,2.9325,11.73,2019-06-29,259034000000.0,17.091218732100515
2019-08-13,52.24250030517578,2.9325,11.73,2019-06-29,259034000000.0,17.815004366641357
2019-08-14,50.6875,2.9325,11.73,2019-06-29,259034000000.0,17.284739982949702
2019-08-15,50.435001373291016,2.9325,11.73,2019-06-29,259034000000.0,17.19863644443001
2019-08-16,51.625,2.9325,11.73,2019-06-29,259034000000.0,17.604433077578857
2019-08-19,52.587501525878906,2.9325,11.73,2019-06-29,259034000000.0,17.932651841731936
2019-08-20,52.59000015258789,2.9325,11.73,2019-06-29,259034000000.0,17.933503888350515
2019-08-21,53.15999984741211,2.9325,11.73,2019-06-29,259034000000.0,18.12787718581828
2019-08-22,53.1150016784668,2.9325,11.73,2019-06-29,259034000000.0,18.112532541676657
2019-08-23,50.65999984741211,2.9325,11.73,2019-06-29,259034000000.0,17.275362266807196
2019-08-26,51.622501373291016,2.9325,11.73,2019-06-29,259034000000.0,17.603581030960278
2019-08-27,51.040000915527344,2.9325,11.73,2019-06-29,259034000000.0,17.40494489873055
2019-08-28,51.38249969482422,2.9325,11.73,2019-06-29,259034000000.0,17.52173902636802
2019-08-29,52.252498626708984,2.9325,11.73,2019-06-29,259034000000.0,17.818413853950208
2019-08-30,52.185001373291016,2.9325,11.73,2019-06-29,259034000000.0,17.79539688773777
2019-09-03,51.42499923706055,2.9325,11.73,2019-06-29,259034000000.0,17.536231623891062
2019-09-04,52.29750061035156,2.9325,11.73,2019-06-29,259034000000.0,17.833759798926362
2019-09-05,53.31999969482422,2.9325,11.73,2019-06-29,259034000000.0,18.182438088601607
2019-09-06,53.314998626708984,2.9325,11.73,2019-06-29,259034000000.0,18.18073269452992
2019-09-09,53.54249954223633,2.9325,11.73,2019-06-29,259034000000.0,18.258311864360213
2019-09-10,54.17499923706055,2.9325,11.73,2019-06-29,259034000000.0,18.473998034803255
2019-09-11,55.897499084472656,2.9325,11.73,2019-06-29,259034000000.0,19.06138076196851
2019-09-12,55.772499084472656,2.9325,11.73,2019-06-29,259034000000.0,19.018755016017955
2019-09-13,54.6875,2.9325,11.73,2019-06-29,259034000000.0,18.648763853367434
2019-09-16,54.974998474121094,2.9325,11.73,2019-06-29,259034000000.0,18.746802548719895
2019-09-17,55.17499923706055,2.9325,11.73,2019-06-29,259034000000.0,18.815004002407687
2019-09-18,55.692501068115234,2.9325,11.73,2019-06-29,259034000000.0,18.991475215043558
2019-09-19,55.2400016784668,2.9325,11.73,2019-06-29,259034000000.0,18.837170222836075
2019-09-20,54.432498931884766,2.9325,11.73,2019-06-29,259034000000.0,18.561806967394634
2019-09-23,54.68000030517578,2.9325,11.73,2019-06-29,259034000000.0,18.646206412677163
2019-09-24,54.41999816894531,2.9325,11.73,2019-06-29,259034000000.0,18.55754413263267
2019-09-25,55.25749969482422,2.9325,11.73,2019-06-29,259034000000.0,18.843137150835197
2019-09-26,54.97249984741211,2.9325,11.73,2019-06-29,259034000000.0,18.745950502101316
2019-09-27,54.70500183105469,2.9325,11.73,2019-06-29,259034000000.0,18.654732082201086
2019-09-30,55.99250030517578,2.9325,11.73,2019-06-29,259034000000.0,19.09377674515798
2019-10-01,56.147499084472656,2.9325,11.73,2019-06-29,259034000000.0,19.14663225386962
2019-10-02,54.7400016784668,2.9325,11.73,2019-06-29,259034000000.0,18.66666723903386
2019-10-03,55.20500183105469,2.9325,11.73,2019-06-29,259034000000.0,18.8252350660033
2019-10-04,56.752498626708984,2.9325,11.73,2019-06-29,259034000000.0,19.352940708170156
2019-10-07,56.76499938964844,2.9325,11.73,2019-06-29,259034000000.0,19.35720354293212
2019-10-08,56.099998474121094,2.9325,11.73,2019-06-29,259034000000.0,19.130434262274882
2019-10-09,56.75749969482422,2.9325,11.73,2019-06-29,259034000000.0,19.354646102241848
2019-10-10,57.522499084472656,2.9325,11.73,2019-06-29,259034000000.0,19.615515459325714
2019-10-11,59.0525016784668,2.9325,11.73,2019-06-29,259034000000.0,20.13725547432798
2019-10-14,58.967498779296875,2.9325,11.73,2019-06-29,259034000000.0,20.108268978447356
2019-10-15,58.83000183105469,2.9325,11.73,2019-06-29,259034000000.0,20.061381698569374
2019-10-16,58.592498779296875,2.9325,11.73,2019-06-29,259034000000.0,19.980391740595692
2019-10-17,58.81999969482422,2.9325,11.73,2019-06-29,259034000000.0,20.05797091042599
2019-10-18,59.102500915527344,2.9325,11.73,2019-06-29,259034000000.0,20.154305512541292
2019-10-21,60.127498626708984,2.9325,11.73,2019-06-29,259034000000.0,20.503835848835116
2019-10-22,59.9900016784668,2.9325,11.73,2019-06-29,259034000000.0,20.456948568957134
2019-10-23,60.79499816894531,2.9325,11.73,2019-06-29,259034000000.0,20.731457176110933
2019-10-24,60.89500045776367,2.9325,11.73,2019-06-29,259034000000.0,20.765558553372095
2019-10-25,61.64500045776367,2.9325,11.73,2019-06-29,259034000000.0,21.02131302907542
2019-10-28,62.26250076293945,2.9325,11.73,2019-06-29,259034000000.0,21.23188431813792
2019-10-29,60.8224983215332,2.9325,11.73,2019-06-29,259034000000.0,20.740834892253435
2019-10-30,60.814998626708984,2.9325,11.73,2019-06-29,259034000000.0,20.738277451563164
2019-10-31,62.189998626708984,2.9625,11.85,2019-09-28,260174000000.0,20.992404599732993
2019-11-01,63.95500183105469,2.9625,11.85,2019-09-28,260174000000.0,21.58818627208597
2019-11-04,64.375,2.9625,11.85,2019-09-28,260174000000.0,21.729957805907173
2019-11-05,64.28250122070312,2.9625,11.85,2019-09-28,260174000000.0,21.698734589266877
2019-11-06,64.30999755859375,2.9625,11.85,2019-09-28,260174000000.0,21.708016053533758
2019-11-07,64.85749816894531,2.9625,11.85,2019-09-28,260174000000.0,21.892826386141877
2019-11-08,65.03500366210938,2.9625,11.85,2019-09-28,260174000000.0,21.95274385218882
2019-11-11,65.55000305175781,2.9625,11.85,2019-09-28,260174000000.0,22.126583308610233
2019-11-12,65.48999786376953,2.9625,11.85,2019-09-28,260174000000.0,22.106328392833596
2019-11-13,66.11750030517578,2.9625,11.85,2019-09-28,260174000000.0,22.318143562928533
2019-11-14,65.66000366210938,2.9625,11.85,2019-09-28,260174000000.0,22.16371431632384
2019-11-15,66.44000244140625,2.9625,11.85,2019-09-28,260174000000.0,22.427005043512658
2019-11-18,66.7750015258789,2.9625,11.85,2019-09-28,260174000000.0,22.540084903250264
2019-11-19,66.57250213623047,2.9625,11.85,2019-09-28,260174000000.0,22.47173067889636
2019-11-20,65.79750061035156,2.9625,11.85,2019-09-28,260174000000.0,22.210126788304326
2019-11-21,65.50250244140625,2.9625,11.85,2019-09-28,260174000000.0,22.110549347310126
2019-11-22,65.44499969482422,2.9625,11.85,2019-09-28,260174000000.0,22.091139137493407
2019-11-25,66.59249877929688,2.9625,11.85,2019-09-28,260174000000.0,22.47848060060654
2019-11-26,66.07250213623047,2.9625,11.85,2019-09-28,260174000000.0,22.302954307588344
2019-11-27,66.95999908447266,2.9625,11.85,2019-09-28,260174000000.0,22.602531336530856
2019-11-29,66.8125,2.9625,11.85,2019-09-28,260174000000.0,22.552742616033758
2019-12-02,66.04000091552734,2.9625,11.85,2019-09-28,260174000000.0,22.291983431401636
2019-12-03,64.86250305175781,2.9625,11.85,2019-09-28,260174000000.0,21.89451579806171
2019-12-04,65.43499755859375,2.9625,11.85,2019-09-28,260174000000.0,22.087762888976794
2019-12-05,66.3949966430664,2.9625,11.85,2019-09-28,260174000000.0,22.41181321284942
2019-12-06,67.67749786376953,2.9625,11.85,2019-09-28,260174000000.0,22.84472501730617
2019-12-09,66.7300033569336,2.9625,11.85,2019-09-28,260174000000.0,22.524895647910075
2019-12-10,67.12000274658203,2.9625,11.85,2019-09-28,260174000000.0,22.656541011504483
2019-12-11,67.69249725341797,2.9625,11.85,2019-09-28,260174000000.0,22.84978810241957
2019-12-12,67.86499786376953,2.9625,11.85,2019-09-28,260174000000.0,22.90801615654668
2019-12-13,68.7874984741211,2.9625,11.85,2019-09-28,260174000000.0,23.219408767635812
2019-12-16,69.96499633789062,2.9625,11.85,2019-09-28,260174000000.0,23.616876400975737
2019-12-17,70.10250091552734,2.9625,11.85,2019-09-28,260174000000.0,23.663291448279274
2019-12-18,69.93499755859375,2.9625,11.85,2019-09-28,260174000000.0,23.606750230748947
2019-12-19,70.00499725341797,2.9625,11.85,2019-09-28,260174000000.0,23.630378819719148
2019-12-20,69.86000061035156,2.9625,11.85,2019-09-28,260174000000.0,23.581434805181964
2019-12-23,71.0,2.9625,11.85,2019-09-28,260174000000.0,23.9662447257384
2019-12-24,71.06749725341797,2.9625,11.85,2019-09-28,260174000000.0,23.989028608748683
2019-12-26,72.47750091552734,2.9625,11.85,2019-09-28,260174000000.0,24.464979211992354
2019-12-27,72.44999694824219,2.9625,11.85,2019-09-28,260174000000.0,24.455695172402425
2019-12-30,72.87999725341797,2.9625,11.85,2019-09-28,260174000000.0,24.600842954740244
2019-12-31,73.4124984741211,2.9625,11.85,2019-09-28,260174000000.0,24.78059020223497
2020-01-02,75.0875015258789,2.9625,11.85,2019-09-28,260174000000.0,25.345992076246045
2020-01-03,74.35749816894531,2.9625,11.85,2019-09-28,260174000000.0,25.0995774409942
2020-01-06,74.94999694824219,2.9625,11.85,2019-09-28,260174000000.0,25.29957702894251
2020-01-07,74.59750366210938,2.9625,11.85,2019-09-28,260174000000.0,25.18059195345464
2020-01-08,75.79750061035156,2.9625,11.85,2019-09-28,260174000000.0,25.585654214464665
2020-01-09,77.40750122070312,2.9625,11.85,2019-09-28,260174000000.0,26.129114336102322
2020-01-10,77.5824966430664,2.9625,11.85,2019-09-28,260174000000.0,26.188184520866297
2020-01-13,79.23999786376953,2.9625,11.85,2019-09-28,260174000000.0,26.74767860380406
2020-01-14,78.16999816894531,2.9625,11.85,2019-09-28,260174000000.0,26.386497272217827
2020-01-15,77.83499908447266,2.9625,11.85,2019-09-28,260174000000.0,26.27341741248022
2020-01-16,78.80999755859375,2.9625,11.85,2019-09-28,260174000000.0,26.602530821466246
2020-01-17,79.68250274658203,2.9625,11.85,2019-09-28,260174000000.0,26.897047340618407
2020-01-21,79.14250183105469,2.9625,11.85,2019-09-28,260174000000.0,26.714768550566983
2020-01-22,79.42500305175781,2.9625,11.85,2019-09-28,260174000000.0,26.8101276124077
2020-01-23,79.80750274658203,2.9625,11.85,2019-09-28,260174000000.0,26.939241433445414
2020-01-24,79.57749938964844,2.9625,11.85,2019-09-28,260174000000.0,26.86160316950158
2020-01-27,77.23750305175781,2.9625,11.85,2019-09-28,260174000000.0,26.071730987935126
2020-01-28,79.42250061035156,2.9625,11.85,2019-09-28,260174000000.0,26.809282906447784
2020-01-29,81.08499908447266,3.165,12.66,2019-12-28,267683000000.0,25.619273012471613
2020-01-30,80.96749877929688,3.165,12.66,2019-12-28,267683000000.0,25.58214811352192
2020-01-31,77.37750244140625,3.165,12.66,2019-12-28,267683000000.0,24.44786806995458
2020-02-03,77.16500091552734,3.165,12.66,2019-12-28,267683000000.0,24.380726987528387
2020-02-04,79.7125015258789,3.165,12.66,2019-12-28,267683000000.0,25.18562449474847
2020-02-05,80.36250305175781,3.165,12.66,2019-12-28,267683000000.0,25.390996224883985
2020-02-06,81.30249786376953,3.165,12.66,2019-12-28,267683000000.0,25.68799300593034
2020-02-07,80.00749969482422,3.165,12.66,2019-12-28,267683000000.0,25.278830867243038
2020-02-10,80.38749694824219,3.165,12.66,2019-12-28,267683000000.0,25.398893190597846
2020-02-11,79.90249633789062,3.165,12.66,2019-12-28,267683000000.0,25.245654451150276
2020-02-12,81.80000305175781,3.165,12.66,2019-12-28,267683000000.0,25.84518263878604
2020-02-13,81.21749877929688,3.165,12.66,2019-12-28,267683000000.0,25.661137055070103
2020-02-14,81.23750305175781,3.165,12.66,2019-12-28,267683000000.0,25.667457520302627
2020-02-18,79.75,3.165,12.66,2019-12-28,267683000000.0,25.19747235387046
2020-02-19,80.90499877929688,3.165,12.66,2019-12-28,267683000000.0,25.562400878134873
2020-02-20,80.07499694824219,3.165,12.66,2019-12-28,267683000000.0,25.30015701366262
2020-02-21,78.26249694824219,3.165,12.66,2019-12-28,267683000000.0,24.72748718743829
2020-02-24,74.54499816894531,3.165,12.66,2019-12-28,267683000000.0,23.552922012304997
2020-02-25,72.0199966430664,3.165,12.66,2019-12-28,267683000000.0,22.755133220558108
2020-02-26,73.1624984741211,3.165,12.66,2019-12-28,267683000000.0,23.11611326196559
2020-02-27,68.37999725341797,3.165,12.66,2019-12-28,267683000000.0,21.605054424460654
2020-02-28,68.33999633789062,3.165,12.66,2019-12-28,267683000000.0,21.5924159045468
2020-03-02,74.70249938964844,3.165,12.66,2019-12-28,267683000000.0,23.602685431168542
2020-03-03,72.33000183105469,3.165,12.66,2019-12-28,267683000000.0,22.853081147252666
2020-03-04,75.68499755859375,3.165,12.66,2019-12-28,267683000000.0,23.913111392920616
2020-03-05,73.2300033569336,3.165,12.66,2019-12-28,267683000000.0,23.137441818936363
2020-03-06,72.25749969482422,3.165,12.66,2019-12-28,267683000000.0,22.83017367924936
2020-03-09,66.5425033569336,3.165,12.66,2019-12-28,267683000000.0,21.02448763252246
2020-03-10,71.33499908447266,3.165,12.66,2019-12-28,267683000000.0,22.538704292092465
2020-03-11,68.85749816894531,3.165,12.66,2019-12-28,267683000000.0,21.75592359208383
2020-03-12,62.057498931884766,3.165,12.66,2019-12-28,267683000000.0,19.60742462302836
2020-03-13,69.49250030517578,3.165,12.66,2019-12-28,267683000000.0,21.956556178570548
2020-03-16,60.5525016784668,3.165,12.66,2019-12-28,267683000000.0,19.13191206270673
2020-03-17,63.21500015258789,3.165,12.66,2019-12-28,267683000000.0,19.973143808084643
2020-03-18,61.66749954223633,3.165,12.66,2019-12-28,267683000000.0,19.484202067057293
2020-03-19,61.19499969482422,3.165,12.66,2019-12-28,267683000000.0,19.33491301574225
2020-03-20,57.310001373291016,3.165,12.66,2019-12-28,267683000000.0,18.107425394404743
2020-03-23,56.092498779296875,3.165,12.66,2019-12-28,267683000000.0,17.722748429477686
2020-03-24,61.720001220703125,3.165,12.66,2019-12-28,267683000000.0,19.50079027510367
2020-03-25,61.380001068115234,3.165,12.66,2019-12-28,267683000000.0,19.393365266387118
2020-03-26,64.61000061035156,3.165,12.66,2019-12-28,267683000000.0,20.413902246556574
2020-03-27,61.935001373291016,3.165,12.66,2019-12-28,267683000000.0,19.568720813046134
2020-03-30,63.70249938964844,3.165,12.66,2019-12-28,267683000000.0,20.12717200304848
2020-03-31,63.5724983215332,3.165,12.66,2019-12-28,267683000000.0,20.086097415966258
2020-04-01,60.227500915527344,3.165,12.66,2019-12-28,267683000000.0,19.02922619763897
2020-04-02,61.23249816894531,3.165,12.66,2019-12-28,267683000000.0,19.346760874864238
2020-04-03,60.352500915527344,3.165,12.66,2019-12-28,267683000000.0,19.068720668413064
2020-04-06,65.61750030517578,3.165,12.66,2019-12-28,267683000000.0,20.732227584573707
2020-04-07,64.85749816894531,3.165,12.66,2019-12-28,267683000000.0,20.492100527312896
2020-04-08,66.51750183105469,3.165,12.66,2019-12-28,267683000000.0,21.016588256257403
2020-04-09,66.99749755859375,3.165,12.66,2019-12-28,267683000000.0,21.16824567412125
2020-04-13,68.3125,3.165,12.66,2019-12-28,267683000000.0,21.583728278041075
2020-04-14,71.76249694824219,3.165,12.66,2019-12-28,267683000000.0,22.673774707185526
2020-04-15,71.10749816894531,3.165,12.66,2019-12-28,267683000000.0,22.466824066017477
2020-04-16,71.67250061035156,3.165,12.66,2019-12-28,267683000000.0,22.645339845292753
2020-04-17,70.69999694824219,3.165,12.66,2019-12-28,267683000000.0,22.338071705605746
2020-04-20,69.23249816894531,3.165,12.66,2019-12-28,267683000000.0,21.874407004406102
2020-04-21,67.09249877929688,3.165,12.66,2019-12-28,267683000000.0,21.19826185759775
2020-04-22,69.0250015258789,3.165,12.66,2019-12-28,267683000000.0,21.808847243563637
2020-04-23,68.75749969482422,3.165,12.66,2019-12-28,267683000000.0,21.724328497574792
2020-04-24,70.74250030517578,3.165,12.66,2019-12-28,267683000000.0,22.351500886311463
2020-04-27,70.7925033569336,3.165,12.66,2019-12-28,267683000000.0,22.367299638841576
2020-04-28,69.6449966430664,3.165,12.66,2019-12-28,267683000000.0,22.004738275850364
2020-04-29,71.93250274658203,3.165,12.66,2019-12-28,267683000000.0,22.7274890194572
2020-04-30,73.44999694824219,3.165,12.66,2019-12-28,267683000000.0,23.206950062635762
2020-05-01,72.26750183105469,3.1875,12.75,2020-03-28,267981000000.0,22.67215743719363
2020-05-04,73.29000091552734,3.1875,12.75,2020-03-28,267981000000.0,22.99294146369485
2020-05-05,74.38999938964844,3.1875,12.75,2020-03-28,267981000000.0,23.338039024203432
2020-05-06,75.15750122070312,3.1875,12.75,2020-03-28,267981000000.0,23.57882391237745
2020-05-07,75.93499755859375,3.1875,12.75,2020-03-28,267981000000.0,23.822744332107842
2020-05-08,77.53250122070312,3.1875,12.75,2020-03-28,267981000000.0,24.32392195159314
2020-05-11,78.75250244140625,3.1875,12.75,2020-03-28,267981000000.0,24.70666743259804
2020-05-12,77.85250091552734,3.1875,12.75,2020-03-28,267981000000.0,24.42431401271446
2020-05-13,76.9124984741211,3.1875,12.75,2020-03-28,267981000000.0,24.129411285998774
2020-05-14,77.38500213623047,3.1875,12.75,2020-03-28,267981000000.0,24.27764772901348
2020-05-15,76.92749786376953,3.1875,12.75,2020-03-28,267981000000.0,24.13411697686887
2020-05-18,78.73999786376953,3.1875,12.75,2020-03-28,267981000000.0,24.702744427849264
2020-05-19,78.28500366210938,3.1875,12.75,2020-03-28,267981000000.0,24.560001148897058
2020-05-20,79.80750274658203,3.1875,12.75,2020-03-28,267981000000.0,25.037647920496322
2020-05-21,79.2125015258789,3.1875,12.75,2020-03-28,267981000000.0,24.85098087086397
2020-05-22,79.72250366210938,3.1875,12.75,2020-03-28,267981000000.0,25.010981541053923
2020-05-26,79.18250274658203,3.1875,12.75,2020-03-28,267981000000.0,24.841569489123774
2020-05-27,79.52749633789062,3.1875,12.75,2020-03-28,267981000000.0,24.949802772671568
2020-05-28,79.5625,3.1875,12.75,2020-03-28,267981000000.0,24.96078431372549
2020-05-29,79.48500061035156,3.1875,12.75,2020-03-28,267981000000.0,24.93647077971814
2020-06-01,80.4625015258789,3.1875,12.75,2020-03-28,267981000000.0,25.243137733609068
2020-06-02,80.83499908447266,3.1875,12.75,2020-03-28,267981000000.0,25.359999712775736
2020-06-03,81.27999877929688,3.1875,12.75,2020-03-28,267981000000.0,25.499607460171568
2020-06-04,80.58000183105469,3.1875,12.75,2020-03-28,267981000000.0,25.28000057444853
2020-06-05,82.875,3.1875,12.75,2020-03-28,267981000000.0,26.0
2020-06-08,83.36499786376953,3.1875,12.75,2020-03-28,267981000000.0,26.15372482000613
2020-06-09,85.99749755859375,3.1875,12.75,2020-03-28,267981000000.0,26.979607077205884
2020-06-10,88.20999908447266,3.1875,12.75,2020-03-28,267981000000.0,27.673725202971813
2020-06-11,83.9749984741211,3.1875,12.75,2020-03-28,267981000000.0,26.345097560508577
2020-06-12,84.69999694824219,3.1875,12.75,2020-03-28,267981000000.0,26.57254806219363
2020-06-15,85.74749755859375,3.1875,12.75,2020-03-28,267981000000.0,26.90117570465686
2020-06-16,88.0199966430664,3.1875,12.75,2020-03-28,267981000000.0,27.614116593903187
2020-06-17,87.89749908447266,3.1875,12.75,2020-03-28,267981000000.0,27.57568598728554
2020-06-18,87.93250274658203,3.1875,12.75,2020-03-28,267981000000.0,27.58666752833946
2020-06-19,87.43000030517578,3.1875,12.75,2020-03-28,267981000000.0,27.429019703584558
2020-06-22,89.71749877929688,3.1875,12.75,2020-03-28,267981000000.0,28.14666628370098
2020-06-23,91.63249969482422,3.1875,12.75,2020-03-28,267981000000.0,28.747450884650736
2020-06-24,90.01499938964844,3.1875,12.75,2020-03-28,267981000000.0,28.239999808517158
2020-06-25,91.20999908447266,3.1875,12.75,2020-03-28,267981000000.0,28.61490167356005
2020-06-26,88.40750122070312,3.1875,12.75,2020-03-28,267981000000.0,27.73568665747549
2020-06-29,90.44499969482422,3.1875,12.75,2020-03-28,267981000000.0,28.374901865042894
2020-06-30,91.19999694824219,3.1875,12.75,2020-03-28,267981000000.0,28.61176374846814
2020-07-01,91.02749633789062,3.1875,12.75,2020-03-28,267981000000.0,28.55764590992647
2020-07-02,91.02749633789062,3.1875,12.75,2020-03-28,267981000000.0,28.55764590992647
2020-07-06,93.4625015258789,3.1875,12.75,2020-03-28,267981000000.0,29.321569106158087
2020-07-07,93.17250061035156,3.1875,12.75,2020-03-28,267981000000.0,29.23058842677696
2020-07-08,95.34249877929688,3.1875,12.75,2020-03-28,267981000000.0,29.911372166053923
2020-07-09,95.75250244140625,3.1875,12.75,2020-03-28,267981000000.0,30.04000076593137
2020-07-10,95.91999816894531,3.1875,12.75,2020-03-28,267981000000.0,30.092548445159313
2020-07-13,95.47750091552734,3.1875,12.75,2020-03-28,267981000000.0,29.953725777420342
2020-07-14,97.05750274658203,3.1875,12.75,2020-03-28,267981000000.0,30.449412626378678
2020-07-15,97.7249984741211,3.1875,12.75,2020-03-28,267981000000.0,30.658823050704658
2020-07-16,96.52249908447266,3.1875,12.75,2020-03-28,267981000000.0,30.281568340226716
2020-07-17,96.32749938964844,3.1875,12.75,2020-03-28,267981000000.0,30.220391965379903
2020-07-20,98.35749816894531,3.1875,12.75,2020-03-28,267981000000.0,30.857254327512255
2020-07-21,97.0,3.1875,12.75,2020-03-28,267981000000.0,30.431372549019606
2020-07-22,97.27249908447266,3.1875,12.75,2020-03-28,267981000000.0,30.516862457873774
2020-07-23,92.84500122070312,3.1875,12.75,2020-03-28,267981000000.0,29.127843520220587
2020-07-24,92.61499786376953,3.1875,12.75,2020-03-28,267981000000.0,29.05568560431985
2020-07-27,94.80999755859375,3.1875,12.75,2020-03-28,267981000000.0,29.744312959558822
2020-07-28,93.25250244140625,3.1875,12.75,2020-03-28,267981000000.0,29.255687040441178
2020-07-29,95.04000091552734,3.1875,12.75,2020-03-28,267981000000.0,29.816470875459558
2020-07-30,96.19000244140625,3.1875,12.75,2020-03-28,267981000000.0,30.177255667892158
2020-07-31,106.26000213623047,3.2875,13.15,2020-06-27,273857000000.0,32.32243410987999
2020-08-03,108.9375,3.2875,13.15,2020-06-27,273857000000.0,33.136882129277566
2020-08-04,109.66500091552734,3.2875,13.15,2020-06-27,273857000000.0,33.35817518343037
2020-08-05,110.0625,3.2875,13.15,2020-06-27,273857000000.0,33.47908745247148
2020-08-06,113.90249633789062,3.2875,13.15,2020-06-27,273857000000.0,34.64714717502376
2020-08-07,111.11250305175781,3.2875,13.15,2020-06-27,273857000000.0,33.79848001574382
2020-08-10,112.72750091552734,3.2875,13.15,2020-06-27,273857000000.0,34.289734118791586
2020-08-11,109.375,3.2875,13.15,2020-06-27,273857000000.0,33.26996197718631
2020-08-12,113.01000213623047,3.2875,13.15,2020-06-27,273857000000.0,34.37566604904349
2020-08-13,115.01000213623047,3.2875,13.15,2020-06-27,273857000000.0,34.9840310680549
2020-08-14,114.90750122070312,3.2875,13.15,2020-06-27,273857000000.0,34.952852082343156
2020-08-17,114.60749816894531,3.2875,13.15,2020-06-27,273857000000.0,34.861596401200096
2020-08-18,115.5625,3.2875,13.15,2020-06-27,273857000000.0,35.152091254752854
2020-08-19,115.7074966430664,3.2875,13.15,2020-06-27,273857000000.0,35.19619669751069
2020-08-20,118.2750015258789,3.2875,13.15,2020-06-27,273857000000.0,35.97718677593274
2020-08-21,124.37000274658203,3.2875,13.15,2020-06-27,273857000000.0,37.83117954268655
2020-08-24,125.85749816894531,3.2875,13.15,2020-06-27,273857000000.0,38.283649633139255
2020-08-25,124.82499694824219,3.2875,13.15,2020-06-27,273857000000.0,37.969580820758075
2020-08-26,126.52249908447266,3.2875,13.15,2020-06-27,273857000000.0,38.48593128044796
2020-08-27,125.01000213623047,3.2875,13.15,2020-06-27,273857000000.0,38.02585616311193
2020-08-28,124.80750274658203,3.2875,13.15,2020-06-27,273857000000.0,37.964259390595295
2020-08-31,129.0399932861328,3.2875,13.15,2020-06-27,273857000000.0,39.251708984375
2020-09-01,134.17999267578125,3.2875,13.15,2020-06-27,273857000000.0,40.81520689757605
2020-09-02,131.39999389648438,3.2875,13.15,2020-06-27,273857000000.0,39.969579892466726
2020-09-03,120.87999725341797,3.2875,13.15,2020-06-27,273857000000.0,36.76958091358721
2020-09-04,120.95999908447266,3.2875,13.15,2020-06-27,273857000000.0,36.79391607132248
2020-09-08,112.81999969482422,3.2875,13.15,2020-06-27,273857000000.0,34.31787062960432
2020-09-09,117.31999969482422,3.2875,13.15,2020-06-27,273857000000.0,35.68669192237999
2020-09-10,113.48999786376953,3.2875,13.15,2020-06-27,273857000000.0,34.52167235399833
2020-09-11,112.0,3.2875,13.15,2020-06-27,273857000000.0,34.06844106463878
2020-09-14,115.36000061035156,3.2875,13.15,2020-06-27,273857000000.0,35.09049448223622
2020-09-15,115.54000091552734,3.2875,13.15,2020-06-27,273857000000.0,35.14524742677638
2020-09-16,112.12999725341797,3.2875,13.15,2020-06-27,273857000000.0,34.10798395541231
2020-09-17,110.33999633789062,3.2875,13.15,2020-06-27,273857000000.0,33.5634969849097
2020-09-18,106.83999633789062,3.2875,13.15,2020-06-27,273857000000.0,32.498858201639734
2020-09-21,110.08000183105469,3.2875,13.15,2020-06-27,273857000000.0,33.48441120336264
2020-09-22,111.80999755859375,3.2875,13.15,2020-06-27,273857000000.0,34.01064564519962
2020-09-23,107.12000274658203,3.2875,13.15,2020-06-27,273857000000.0,32.584031253713164
2020-09-24,108.22000122070312,3.2875,13.15,2020-06-27,273857000000.0,32.91863155002376
2020-09-25,112.27999877929688,3.2875,13.15,2020-06-27,273857000000.0,34.15361179598384
2020-09-28,114.95999908447266,3.2875,13.15,2020-06-27,273857000000.0,34.96882101428826
2020-09-29,114.08999633789062,3.2875,13.15,2020-06-27,273857000000.0,34.704181395556084
2020-09-30,115.80999755859375,3.2875,13.15,2020-06-27,273857000000.0,35.227375683222434
2020-10-01,116.79000091552734,3.2875,13.15,2020-06-27,273857000000.0,35.5254755636585
2020-10-02,113.0199966430664,3.2875,13.15,2020-06-27,273857000000.0,34.378706203214115
2020-10-05,116.5,3.2875,13.15,2020-06-27,273857000000.0,35.43726235741445
2020-10-06,113.16000366210938,3.2875,13.15,2020-06-27,273857000000.0,34.421293889615015
2020-10-07,115.08000183105469,3.2875,13.15,2020-06-27,273857000000.0,35.00532375089116
2020-10-08,114.97000122070312,3.2875,13.15,2020-06-27,273857000000.0,34.971863489187264
2020-10-09,116.97000122070312,3.2875,13.15,2020-06-27,273857000000.0,35.580228508198665
2020-10-12,124.4000015258789,3.2875,13.15,2020-06-27,273857000000.0,37.84030464665518
2020-10-13,121.0999984741211,3.2875,13.15,2020-06-27,273857000000.0,36.83650143699501
2020-10-14,121.19000244140625,3.2875,13.15,2020-06-27,273857000000.0,36.86387906962928
2020-10-15,120.70999908447266,3.2875,13.15,2020-06-27,273857000000.0,36.717870443946055
2020-10-16,119.0199966430664,3.2875,13.15,2020-06-27,273857000000.0,36.20380126024833
2020-10-19,115.9800033569336,3.2875,13.15,2020-06-27,273857000000.0,35.27908847359197
2020-10-20,117.51000213623047,3.2875,13.15,2020-06-27,273857000000.0,35.74448734181915
2020-10-21,116.87000274658203,3.2875,13.15,2020-06-27,273857000000.0,35.549810721393776
2020-10-22,115.75,3.2875,13.15,2020-06-27,273857000000.0,35.20912547528517
2020-10-23,115.04000091552734,3.2875,13.15,2020-06-27,273857000000.0,34.993156172023525
2020-10-26,115.05000305175781,3.2875,13.15,2020-06-27,273857000000.0,34.99619864692253
2020-10-27,116.5999984741211,3.2875,13.15,2020-06-27,273857000000.0,35.467680144219344
2020-10-28,111.19999694824219,3.2875,13.15,2020-06-27,273857000000.0,33.82509412874287
2020-10-29,115.31999969482422,3.2875,13.15,2020-06-27,273857000000.0,35.078326903368584
2020-10-30,108.86000061035156,3.27,3.27,2020-09-26,274515000000.0,33.290520064327694
2020-11-02,108.7699966430664,3.27,3.27,2020-09-26,274515000000.0,33.262995915310825
2020-11-03,110.44000244140625,3.27,3.27,2020-09-26,274515000000.0,33.77370105241781
2020-11-04,114.94999694824219,3.27,3.27,2020-09-26,274515000000.0,35.152904265517485
2020-11-05,119.02999877929688,3.27,3.27,2020-09-26,274515000000.0,36.4006112474914
2020-11-06,118.69000244140625,3.27,3.27,2020-09-26,274515000000.0,36.29663683223433
2020-11-09,116.31999969482422,3.27,3.27,2020-09-26,274515000000.0,35.57186535009915
2020-11-10,115.97000122070312,3.27,3.27,2020-09-26,274515000000.0,35.46483217758505
2020-11-11,119.48999786376953,3.27,3.27,2020-09-26,274515000000.0,36.54128375038824
2020-11-12,119.20999908447266,3.27,3.27,2020-09-26,274515000000.0,36.455657212376956
2020-11-13,119.26000213623047,3.27,3.27,2020-09-26,274515000000.0,36.4709486655139
2020-11-16,120.30000305175781,3.27,3.27,2020-09-26,274515000000.0,36.78899175894734
2020-11-17,119.38999938964844,3.27,3.27,2020-09-26,274515000000.0,36.51070317726252
2020-11-18,118.02999877929688,3.27,3.27,2020-09-26,274515000000.0,36.09480084993788
2020-11-19,118.63999938964844,3.27,3.27,2020-09-26,274515000000.0,36.28134537909738
2020-11-20,117.33999633789062,3.27,3.27,2020-09-26,274515000000.0,35.88379092901854
2020-11-23,113.8499984741211,3.27,3.27,2020-09-26,274515000000.0,34.81651329483825
2020-11-24,115.16999816894531,3.27,3.27,2020-09-26,274515000000.0,35.22018292628297
2020-11-25,116.02999877929688,3.27,3.27,2020-09-26,274515000000.0,35.48318005483085
2020-11-27,116.58999633789062,3.27,3.27,2020-09-26,274515000000.0,35.654433130853405
2020-11-30,119.05000305175781,3.27,3.27,2020-09-26,274515000000.0,36.40672876200545
2020-12-01,122.72000122070312,3.27,3.27,2020-09-26,274515000000.0,37.529052361071294
2020-12-02,123.08000183105469,3.27,3.27,2020-09-26,274515000000.0,37.63914429084241
2020-12-03,122.94000244140625,3.27,3.27,2020-09-26,274515000000.0,37.596331021836775
2020-12-04,122.25,3.27,3.27,2020-09-26,274515000000.0,37.38532110091743
2020-12-07,123.75,3.27,3.27,2020-09-26,274515000000.0,37.84403669724771
2020-12-08,124.37999725341797,3.27,3.27,2020-09-26,274515000000.0,38.03669640777308
2020-12-09,121.77999877929688,3.27,3.27,2020-09-26,274515000000.0,37.24158984076357
2020-12-10,123.23999786376953,3.27,3.27,2020-09-26,274515000000.0,37.68807274121392
2020-12-11,122.41000366210938,3.27,3.27,2020-09-26,274515000000.0,37.43425188443712
2020-12-14,121.77999877929688,3.27,3.27,2020-09-26,274515000000.0,37.24158984076357
2020-12-15,127.87999725341797,3.27,3.27,2020-09-26,274515000000.0,39.10703279921039
2020-12-16,127.80999755859375,3.27,3.27,2020-09-26,274515000000.0,39.08562616470757
2020-12-17,128.6999969482422,3.27,3.27,2020-09-26,274515000000.0,39.357797231878344
2020-12-18,126.66000366210938,3.27,3.27,2020-09-26,274515000000.0,38.733946074039565
2020-12-21,128.22999572753906,3.27,3.27,2020-09-26,274515000000.0,39.21406597172449
2020-12-22,131.8800048828125,3.27,3.27,2020-09-26,274515000000.0,40.33027672257263
2020-12-23,130.9600067138672,3.27,3.27,2020-09-26,274515000000.0,40.04893171677896
2020-12-24,131.97000122070312,3.27,3.27,2020-09-26,274515000000.0,40.35779853844132
2020-12-28,136.69000244140625,3.27,3.27,2020-09-26,274515000000.0,41.80122398819763
2020-12-29,134.8699951171875,3.27,3.27,2020-09-26,274515000000.0,41.24464682482798
2020-12-30,133.72000122070312,3.27,3.27,2020-09-26,274515000000.0,40.89296673415998
2020-12-31,132.69000244140625,3.27,3.27,2020-09-26,274515000000.0,40.57798239798356
2021-01-04,129.41000366210938,3.27,3.27,2020-09-26,274515000000.0,39.574924667311734
2021-01-05,131.00999450683594,3.27,3.27,2020-09-26,274515000000.0,40.06421850361955
2021-01-06,126.5999984741211,3.27,3.27,2020-09-26,274515000000.0,38.715595863645596
2021-01-07,130.9199981689453,3.27,3.27,2020-09-26,274515000000.0,40.03669668775086
2021-01-08,132.0500030517578,3.27,3.27,2020-09-26,274515000000.0,40.38226393020116
2021-01-11,128.97999572753906,3.27,3.27,2020-09-26,274515000000.0,39.44342376988962
2021-01-12,128.8000030517578,3.27,3.27,2020-09-26,274515000000.0,39.388380138152236
2021-01-13,130.88999938964844,3.27,3.27,2020-09-26,274515000000.0,40.02752274912796
2021-01-14,128.91000366210938,3.27,3.27,2020-09-26,274515000000.0,39.42201946853498
2021-01-15,127.13999938964844,3.27,3.27,2020-09-26,274515000000.0,38.88073375830228
2021-01-19,127.83000183105469,3.27,3.27,2020-09-26,274515000000.0,39.091743679221615
2021-01-20,132.02999877929688,3.27,3.27,2020-09-26,274515000000.0,40.37614641568712
2021-01-21,136.8699951171875,3.27,3.27,2020-09-26,274515000000.0,41.85626761993502
2021-01-22,139.07000732421875,3.27,3.27,2020-09-26,274515000000.0,42.52905422758983
2021-01-25,142.9199981689453,3.27,3.27,2020-09-26,274515000000.0,43.70642145839306
2021-01-26,143.16000366210938,3.27,3.27,2020-09-26,274515000000.0,43.77981763367259
2021-01-27,142.05999755859375,3.27,3.27,2020-09-26,274515000000.0,43.443424329845186
2021-01-28,137.08999633789062,3.7,3.7,2020-12-26,294135000000.0,37.05135036159206
2021-01-29,131.9600067138672,3.7,3.7,2020-12-26,294135000000.0,35.66486667942356
2021-02-01,134.13999938964844,3.7,3.7,2020-12-26,294135000000.0,36.25405388909417
2021-02-02,134.99000549316406,3.7,3.7,2020-12-26,294135000000.0,36.483785268422714
2021-02-03,133.94000244140625,3.7,3.7,2020-12-26,294135000000.0,36.200000659839525
2021-02-04,137.38999938964844,3.7,3.7,2020-12-26,294135000000.0,37.13243226747255
2021-02-05,136.75999450683594,3.7,3.7,2020-12-26,294135000000.0,36.96216067752322
2021-02-08,136.91000366210938,3.7,3.7,2020-12-26,294135000000.0,37.00270369246199
2021-02-09,136.00999450683594,3.7,3.7,2020-12-26,294135000000.0,36.75945797482052
2021-02-10,135.38999938964844,3.7,3.7,2020-12-26,294135000000.0,36.59189172693201
2021-02-11,135.1300048828125,3.7,3.7,2020-12-26,294135000000.0,36.52162294130068
2021-02-12,135.3699951171875,3.7,3.7,2020-12-26,294135000000.0,36.58648516680743
2021-02-16,133.19000244140625,3.7,3.7,2020-12-26,294135000000.0,35.99729795713682
2021-02-17,130.83999633789062,3.7,3.7,2020-12-26,294135000000.0,35.36216117240287
2021-02-18,129.7100067138672,3.7,3.7,2020-12-26,294135000000.0,35.056758571315456
2021-02-19,129.8699951171875,3.7,3.7,2020-12-26,294135000000.0,35.099998680320944
2021-02-22,126.0,3.7,3.7,2020-12-26,294135000000.0,34.05405405405405
2021-02-23,125.86000061035156,3.7,3.7,2020-12-26,294135000000.0,34.01621638117609
2021-02-24,125.3499984741211,3.7,3.7,2020-12-26,294135000000.0,33.87837796597867
2021-02-25,120.98999786376953,3.7,3.7,2020-12-26,294135000000.0,32.69999942264041
2021-02-26,121.26000213623047,3.7,3.7,2020-12-26,294135000000.0,32.77297355033256
2021-03-01,127.79000091552734,3.7,3.7,2020-12-26,294135000000.0,34.537838085277656
2021-03-02,125.12000274658203,3.7,3.7,2020-12-26,294135000000.0,33.81621695853568
2021-03-03,122.05999755859375,3.7,3.7,2020-12-26,294135000000.0,32.98918852934966
2021-03-04,120.12999725341797,3.7,3.7,2020-12-26,294135000000.0,32.4675668252481
2021-03-05,121.41999816894531,3.7,3.7,2020-12-26,294135000000.0,32.81621572133657
2021-03-08,116.36000061035156,3.7,3.7,2020-12-26,294135000000.0,31.44864881360853
2021-03-09,121.08999633789062,3.7,3.7,2020-12-26,294135000000.0,32.727026037267734
2021-03-10,119.9800033569336,3.7,3.7,2020-12-26,294135000000.0,32.42702793430637
2021-03-11,121.95999908447266,3.7,3.7,2020-12-26,294135000000.0,32.96216191472234
2021-03-12,121.02999877929688,3.7,3.7,2020-12-26,294135000000.0,32.71081048089105
2021-03-15,123.98999786376953,3.7,3.7,2020-12-26,294135000000.0,33.510810233451224
2021-03-16,125.56999969482422,3.7,3.7,2020-12-26,294135000000.0,33.9378377553579
2021-03-17,124.76000213623047,3.7,3.7,2020-12-26,294135000000.0,33.7189194962785
2021-03-18,120.52999877929688,3.7,3.7,2020-12-26,294135000000.0,32.57567534575591
2021-03-19,119.98999786376953,3.7,3.7,2020-12-26,294135000000.0,32.42972915237014
2021-03-22,123.38999938964844,3.7,3.7,2020-12-26,294135000000.0,33.34864848368876
2021-03-23,122.54000091552734,3.7,3.7,2020-12-26,294135000000.0,33.11891916635874
2021-03-24,120.08999633789062,3.7,3.7,2020-12-26,294135000000.0,32.45675576699747
2021-03-25,120.58999633789062,3.7,3.7,2020-12-26,294135000000.0,32.5918909021326
2021-03-26,121.20999908447266,3.7,3.7,2020-12-26,294135000000.0,32.759459212019635
2021-03-29,121.38999938964844,3.7,3.7,2020-12-26,294135000000.0,32.80810794314822
2021-03-30,119.9000015258789,3.7,3.7,2020-12-26,294135000000.0,32.40540581780511
2021-03-31,122.1500015258789,3.7,3.7,2020-12-26,294135000000.0,33.013513925913216
2021-04-01,123.0,3.7,3.7,2020-12-26,294135000000.0,33.24324324324324
2021-04-05,125.9000015258789,3.7,3.7,2020-12-26,294135000000.0,34.02702743942673
2021-04-06,126.20999908447266,3.7,3.7,2020-12-26,294135000000.0,34.11081056337099
2021-04-07,127.9000015258789,3.7,3.7,2020-12-26,294135000000.0,34.56756797996727
2021-04-08,130.36000061035156,3.7,3.7,2020-12-26,294135000000.0,35.23243259739231
2021-04-09,133.0,3.7,3.7,2020-12-26,294135000000.0,35.945945945945944
2021-04-12,131.24000549316406,3.7,3.7,2020-12-26,294135000000.0,35.470271754909206
2021-04-13,134.42999267578125,3.7,3.7,2020-12-26,294135000000.0,36.33243045291385
2021-04-14,132.02999877929688,3.7,3.7,2020-12-26,294135000000.0,35.68378345386402
2021-04-15,134.5,3.7,3.7,2020-12-26,294135000000.0,36.35135135135135
2021-04-16,134.16000366210938,3.7,3.7,2020-12-26,294135000000.0,36.25946044921875
2021-04-19,134.83999633789062,3.7,3.7,2020-12-26,294135000000.0,36.44324225348395
2021-04-20,133.11000061035156,3.7,3.7,2020-12-26,294135000000.0,35.97567584063555
2021-04-21,133.5,3.7,3.7,2020-12-26,294135000000.0,36.08108108108108
2021-04-22,131.94000244140625,3.7,3.7,2020-12-26,294135000000.0,35.659460119298984
2021-04-23,134.32000732421875,3.7,3.7,2020-12-26,294135000000.0,36.30270468222128
2021-04-26,134.72000122070312,3.7,3.7,2020-12-26,294135000000.0,36.41081114073057
2021-04-27,134.38999938964844,3.7,3.7,2020-12-26,294135000000.0,36.32162145666174
2021-04-28,133.5800018310547,3.7,3.7,2020-12-26,294135000000.0,36.10270319758234
2021-04-29,133.47999572753906,4.46,4.459999999999999,2021-03-27,325406000000.0,29.92825016312535
2021-04-30,131.4600067138672,4.46,4.459999999999999,2021-03-27,325406000000.0,29.475337828221342
2021-05-03,132.5399932861328,4.46,4.459999999999999,2021-03-27,325406000000.0,29.717487283886282
2021-05-04,127.8499984741211,4.46,4.459999999999999,2021-03-27,325406000000.0,28.665918940385897
2021-05-05,128.10000610351562,4.46,4.459999999999999,2021-03-27,325406000000.0,28.721974462671664
2021-05-06,129.74000549316406,4.46,4.459999999999999,2021-03-27,325406000000.0,29.089687330305843
2021-05-07,130.2100067138672,4.46,4.459999999999999,2021-03-27,325406000000.0,29.195068769925378
2021-05-10,126.8499984741211,4.46,4.459999999999999,2021-03-27,325406000000.0,28.441703693749126
2021-05-11,125.91000366210938,4.46,4.459999999999999,2021-03-27,325406000000.0,28.23094252513663
2021-05-12,122.7699966430664,4.46,4.459999999999999,2021-03-27,325406000000.0,27.52690507692072
2021-05-13,124.97000122070312,4.46,4.459999999999999,2021-03-27,325406000000.0,28.020179645897564
2021-05-14,127.44999694824219,4.46,4.459999999999999,2021-03-27,325406000000.0,28.576232499605872
2021-05-17,126.2699966430664,4.46,4.459999999999999,2021-03-27,325406000000.0,28.31165844014942
2021-05-18,124.8499984741211,4.46,4.459999999999999,2021-03-27,325406000000.0,27.99327320047558
2021-05-19,124.69000244140625,4.46,4.459999999999999,2021-03-27,325406000000.0,27.957399650539518
2021-05-20,127.30999755859375,4.46,4.459999999999999,2021-03-27,325406000000.0,28.54484250192685
2021-05-21,125.43000030517578,4.46,4.459999999999999,2021-03-27,325406000000.0,28.12331845407529
2021-05-24,127.0999984741211,4.46,4.459999999999999,2021-03-27,325406000000.0,28.497757505408316
2021-05-25,126.9000015258789,4.46,4.459999999999999,2021-03-27,325406000000.0,28.452915140331594
2021-05-26,126.8499984741211,4.46,4.459999999999999,2021-03-27,325406000000.0,28.441703693749126
2021-05-27,125.27999877929688,4.46,4.459999999999999,2021-03-27,325406000000.0,28.089685824954458
2021-05-28,124.61000061035156,4.46,4.459999999999999,2021-03-27,325406000000.0,27.939462020258198
2021-06-01,124.27999877929688,4.46,4.459999999999999,2021-03-27,325406000000.0,27.865470578317684
2021-06-02,125.05999755859375,4.46,4.459999999999999,2021-03-27,325406000000.0,28.040358196994113
2021-06-03,123.54000091552734,4.46,4.459999999999999,2021-03-27,325406000000.0,27.699551774781916
2021-06-04,125.88999938964844,4.46,4.459999999999999,2021-03-27,325406000000.0,28.226457262253014
2021-06-07,125.9000015258789,4.46,4.459999999999999,2021-03-27,325406000000.0,28.228699893694824
2021-06-08,126.73999786376953,4.46,4.459999999999999,2021-03-27,325406000000.0,28.417039879768954
2021-06-09,127.12999725341797,4.46,4.459999999999999,2021-03-27,325406000000.0,28.50448368910717
2021-06-10,126.11000061035156,4.46,4.459999999999999,2021-03-27,325406000000.0,28.275784890213355
2021-06-11,127.3499984741211,4.46,4.459999999999999,2021-03-27,325406000000.0,28.55381131706751
2021-06-14,130.47999572753906,4.46,4.459999999999999,2021-03-27,325406000000.0,29.255604423215036
2021-06-15,129.63999938964844,4.46,4.459999999999999,2021-03-27,325406000000.0,29.067264437140906
2021-06-16,130.14999389648438,4.46,4.459999999999999,2021-03-27,325406000000.0,29.181612981274522
2021-06-17,131.7899932861328,4.46,4.459999999999999,2021-03-27,325406000000.0,29.5493258489087
2021-06-18,130.4600067138672,4.46,4.459999999999999,2021-03-27,325406000000.0,29.25112258158457
2021-06-21,132.3000030517578,4.46,4.459999999999999,2021-03-27,325406000000.0,29.663677814295475
2021-06-22,133.97999572753906,4.46,4.459999999999999,2021-03-27,325406000000.0,30.040357786443735
2021-06-23,133.6999969482422,4.46,4.459999999999999,2021-03-27,325406000000.0,29.977577791085693
2021-06-24,133.41000366210938,4.46,4.459999999999999,2021-03-27,325406000000.0,29.912556874912415
2021-06-25,133.11000061035156,4.46,4.459999999999999,2021-03-27,325406000000.0,29.845291616670753
2021-06-28,134.77999877929688,4.46,4.459999999999999,2021-03-27,325406000000.0,30.219730668003784
2021-06-29,136.3300018310547,4.46,4.459999999999999,2021-03-27,325406000000.0,30.56726498454141
2021-06-30,136.9600067138672,4.46,4.459999999999999,2021-03-27,325406000000.0,30.708521684723586
2021-07-01,137.27000427246094,4.46,4.459999999999999,2021-03-27,325406000000.0,30.77802786378048
2021-07-02,139.9600067138672,4.46,4.459999999999999,2021-03-27,325406000000.0,31.381167424633897
2021-07-06,142.02000427246094,4.46,4.459999999999999,2021-03-27,325406000000.0,31.843050285305143
2021-07-07,144.57000732421875,4.46,4.459999999999999,2021-03-27,325406000000.0,32.41479984847954
2021-07-08,143.24000549316406,4.46,4.459999999999999,2021-03-27,325406000000.0,32.11659315990226
2021-07-09,145.11000061035156,4.46,4.459999999999999,2021-03-27,325406000000.0,32.53587457631201
2021-07-12,144.5,4.46,4.459999999999999,2021-03-27,325406000000.0,32.399103139013455
2021-07-13,145.63999938964844,4.46,4.459999999999999,2021-03-27,325406000000.0,32.65470838332924
2021-07-14,149.14999389648438,4.46,4.459999999999999,2021-03-27,325406000000.0,33.44170266737318
2021-07-15,148.47999572753906,4.46,4.459999999999999,2021-03-27,325406000000.0,33.29147886267692
2021-07-16,146.38999938964844,4.46,4.459999999999999,2021-03-27,325406000000.0,32.82286981830683
2021-07-19,142.4499969482422,4.46,4.459999999999999,2021-03-27,325406000000.0,31.939461199157442
2021-07-20,146.14999389648438,4.46,4.459999999999999,2021-03-27,325406000000.0,32.76905692746286
2021-07-21,145.39999389648438,4.46,4.459999999999999,2021-03-27,325406000000.0,32.600895492485286
2021-07-22,146.8000030517578,4.46,4.459999999999999,2021-03-27,325406000000.0,32.91479889052866
2021-07-23,148.55999755859375,4.46,4.459999999999999,2021-03-27,325406000000.0,33.30941649295824
2021-07-26,148.99000549316406,4.46,4.459999999999999,2021-03-27,325406000000.0,33.40583082806369
2021-07-27,146.77000427246094,4.46,4.459999999999999,2021-03-27,325406000000.0,32.908072706829806
2021-07-28,144.97999572753906,5.109999999999999,5.11,2021-06-26,347155000000.0,28.37181912476303
2021-07-29,145.63999938964844,5.109999999999999,5.11,2021-06-26,347155000000.0,28.500978354138642
2021-07-30,145.86000061035156,5.109999999999999,5.11,2021-06-26,347155000000.0,28.544031430597176
2021-08-02,145.52000427246094,5.109999999999999,5.11,2021-06-26,347155000000.0,28.477495943730126
2021-08-03,147.36000061035156,5.109999999999999,5.11,2021-06-26,347155000000.0,28.83757350496117
2021-08-04,146.9499969482422,5.109999999999999,5.11,2021-06-26,347155000000.0,28.757337954646225
2021-08-05,147.05999755859375,5.109999999999999,5.11,2021-06-26,347155000000.0,28.778864492875492
2021-08-06,146.13999938964844,5.109999999999999,5.11,2021-06-26,347155000000.0,28.59882571225997
2021-08-09,146.08999633789062,5.109999999999999,5.11,2021-06-26,347155000000.0,28.58904037923496
2021-08-10,145.60000610351562,5.109999999999999,5.11,2021-06-26,347155000000.0,28.493151879357267
2021-08-11,145.86000061035156,5.109999999999999,5.11,2021-06-26,347155000000.0,28.544031430597176
2021-08-12,148.88999938964844,5.109999999999999,5.11,2021-06-26,347155000000.0,29.13698618192729
2021-08-13,149.10000610351562,5.109999999999999,5.11,2021-06-26,347155000000.0,29.178083386206584
2021-08-16,151.1199951171875,5.109999999999999,5.11,2021-06-26,347155000000.0,29.573384563050396
2021-08-17,150.19000244140625,5.109999999999999,5.11,2021-06-26,347155000000.0,29.39138991025563
2021-08-18,146.36000061035156,5.109999999999999,5.11,2021-06-26,347155000000.0,28.641878788718508
2021-08-19,146.6999969482422,5.109999999999999,5.11,2021-06-26,347155000000.0,28.708414275585557
2021-08-20,148.19000244140625,5.109999999999999,5.11,2021-06-26,347155000000.0,29.000000477770307
2021-08-23,149.7100067138672,5.109999999999999,5.11,2021-06-26,347155000000.0,29.297457282557183
2021-08-24,149.6199951171875,5.109999999999999,5.11,2021-06-26,347155000000.0,29.279842488686402
2021-08-25,148.36000061035156,5.109999999999999,5.11,2021-06-26,347155000000.0,29.03326822120383
2021-08-26,147.5399932861328,5.109999999999999,5.11,2021-06-26,347155000000.0,28.87279712057394
2021-08-27,148.60000610351562,5.109999999999999,5.11,2021-06-26,347155000000.0,29.080236028085253
2021-08-30,153.1199951171875,5.109999999999999,5.11,2021-06-26,347155000000.0,29.96477399553572
2021-08-31,151.8300018310547,5.109999999999999,5.11,2021-06-26,347155000000.0,29.712329125451017
2021-09-01,152.50999450683594,5.109999999999999,5.11,2021-06-26,347155000000.0,29.845400099185117
2021-09-02,153.64999389648438,5.109999999999999,5.11,2021-06-26,347155000000.0,30.068491956259177
2021-09-03,154.3000030517578,5.109999999999999,5.11,2021-06-26,347155000000.0,30.195695313455545
2021-09-07,156.69000244140625,5.109999999999999,5.11,2021-06-26,347155000000.0,30.663405565832928
2021-09-08,155.11000061035156,5.109999999999999,5.11,2021-06-26,347155000000.0,30.354207555841796
2021-09-09,154.07000732421875,5.109999999999999,5.11,2021-06-26,347155000000.0,30.150686364817762
2021-09-10,148.97000122070312,5.109999999999999,5.11,2021-06-26,347155000000.0,29.152642117554432
2021-09-13,149.5500030517578,5.109999999999999,5.11,2021-06-26,347155000000.0,29.2661454113029
2021-09-14,148.1199951171875,5.109999999999999,5.11,2021-06-26,347155000000.0,28.98630041432241
2021-09-15,149.02999877929688,5.109999999999999,5.11,2021-06-26,347155000000.0,29.164383322758688
2021-09-16,148.7899932861328,5.109999999999999,5.11,2021-06-26,347155000000.0,29.117415515877266
2021-09-17,146.05999755859375,5.109999999999999,5.11,2021-06-26,347155000000.0,28.583169776632833
2021-09-20,142.94000244140625,5.109999999999999,5.11,2021-06-26,347155000000.0,27.972603217496335
2021-09-21,143.42999267578125,5.109999999999999,5.11,2021-06-26,347155000000.0,28.068491717374023
2021-09-22,145.85000610351562,5.109999999999999,5.11,2021-06-26,347155000000.0,28.542075558417935
2021-09-23,146.8300018310547,5.109999999999999,5.11,2021-06-26,347155000000.0,28.733855544237713
2021-09-24,146.9199981689453,5.109999999999999,5.11,2021-06-26,347155000000.0,28.751467352044095
2021-09-27,145.3699951171875,5.109999999999999,5.11,2021-06-26,347155000000.0,28.44813994465509
2021-09-28,141.91000366210938,5.109999999999999,5.11,2021-06-26,347155000000.0,27.771037898651546
2021-09-29,142.8300018310547,5.109999999999999,5.11,2021-06-26,347155000000.0,27.951076679267064
2021-09-30,141.5,5.109999999999999,5.11,2021-06-26,347155000000.0,27.690802348336597
2021-10-01,142.64999389648438,5.109999999999999,5.11,2021-06-26,347155000000.0,27.9158500775899
2021-10-04,139.13999938964844,5.109999999999999,5.11,2021-06-26,347155000000.0,27.22896269856134
2021-10-05,141.11000061035156,5.109999999999999,5.11,2021-06-26,347155000000.0,27.614481528444536
2021-10-06,142.0,5.109999999999999,5.11,2021-06-26,347155000000.0,27.788649706457928
2021-10-07,143.2899932861328,5.109999999999999,5.11,2021-06-26,347155000000.0,28.041094576542626
2021-10-08,142.89999389648438,5.109999999999999,5.11,2021-06-26,347155000000.0,27.964773756650565
2021-10-11,142.80999755859375,5.109999999999999,5.11,2021-06-26,347155000000.0,27.94716194884418
2021-10-12,141.50999450683594,5.109999999999999,5.11,2021-06-26,347155000000.0,27.69275822051584
2021-10-13,140.91000366210938,5.109999999999999,5.11,2021-06-26,347155000000.0,27.575343182408883
2021-10-14,143.75999450683594,5.109999999999999,5.11,2021-06-26,347155000000.0,28.13307133206183
2021-10-15,144.83999633789062,5.109999999999999,5.11,2021-06-26,347155000000.0,28.344421983931632
2021-10-18,146.5500030517578,5.109999999999999,5.11,2021-06-26,347155000000.0,28.67906126257492
2021-10-19,148.75999450683594,5.109999999999999,5.11,2021-06-26,347155000000.0,29.11154491327514
2021-10-20,149.25999450683594,5.109999999999999,5.11,2021-06-26,347155000000.0,29.209392271396467
2021-10-21,149.47999572753906,5.109999999999999,5.11,2021-06-26,347155000000.0,29.252445347855005
2021-10-22,148.69000244140625,5.109999999999999,5.11,2021-06-26,347155000000.0,29.09784783589164
2021-10-25,148.63999938964844,5.109999999999999,5.11,2021-06-26,347155000000.0,29.088062502866624
2021-10-26,149.32000732421875,5.109999999999999,5.11,2021-06-26,347155000000.0,29.22113646266512
2021-10-27,148.85000610351562,5.109999999999999,5.11,2021-06-26,347155000000.0,29.129159707145917
2021-10-28,152.57000732421875,5.109999999999999,5.11,2021-06-26,347155000000.0,29.85714429045377
2021-10-29,149.8000030517578,5.61,5.61,2021-09-25,365817000000.0,26.702317834537933
2021-11-01,148.9600067138672,5.61,5.61,2021-09-25,365817000000.0,26.552585866999497
2021-11-02,150.02000427246094,5.61,5.61,2021-09-25,365817000000.0,26.741533738406584
2021-11-03,151.49000549316406,5.61,5.61,2021-09-25,365817000000.0,27.00356604156222
2021-11-04,150.9600067138672,5.61,5.61,2021-09-25,365817000000.0,26.909092105858676
2021-11-05,151.27999877929688,5.61,5.61,2021-09-25,365817000000.0,26.966131689714235
2021-11-08,150.44000244140625,5.61,5.61,2021-09-25,365817000000.0,26.816399722175802
2021-11-09,150.80999755859375,5.61,5.61,2021-09-25,365817000000.0,26.88235250598819
2021-11-10,147.9199981689453,5.61,5.61,2021-09-25,365817000000.0,26.367201099633743
2021-11-11,147.8699951171875,5.61,5.61,2021-09-25,365817000000.0,26.358287899676913
2021-11-12,149.99000549316406,5.61,5.61,2021-09-25,365817000000.0,26.736186362417836
2021-11-15,150.0,5.61,5.61,2021-09-25,365817000000.0,26.7379679144385
2021-11-16,151.0,5.61,5.61,2021-09-25,365817000000.0,26.91622103386809
2021-11-17,153.49000549316406,5.61,5.61,2021-09-25,365817000000.0,27.3600722804214
2021-11-18,157.8699951171875,5.61,5.61,2021-09-25,365817000000.0,28.140819093972816
2021-11-19,160.5500030517578,5.61,5.61,2021-09-25,365817000000.0,28.618538868406027
2021-11-22,161.02000427246094,5.61,5.61,2021-09-25,365817000000.0,28.70231805213207
2021-11-23,161.41000366210938,5.61,5.61,2021-09-25,365817000000.0,28.771836659912545
2021-11-24,161.94000244140625,5.61,5.61,2021-09-25,365817000000.0,28.866310595616085
2021-11-26,156.80999755859375,5.61,5.61,2021-09-25,365817000000.0,27.951871222565728
2021-11-29,160.24000549316406,5.61,5.61,2021-09-25,365817000000.0,28.56328083657113
2021-11-30,165.3000030517578,5.61,5.61,2021-09-25,365817000000.0,29.465241185696577
2021-12-01,164.77000427246094,5.61,5.61,2021-09-25,365817000000.0,29.370767249993037
2021-12-02,163.75999450683594,5.61,5.61,2021-09-25,365817000000.0,29.19072985861603
2021-12-03,161.83999633789062,5.61,5.61,2021-09-25,365817000000.0,28.848484195702426
2021-12-06,165.32000732421875,5.61,5.61,2021-09-25,365817000000.0,29.46880700966466
2021-12-07,171.17999267578125,5.61,5.61,2021-09-25,365817000000.0,30.513367678392378
2021-12-08,175.0800018310547,5.61,5.61,2021-09-25,365817000000.0,31.208556476123828
2021-12-09,174.55999755859375,5.61,5.61,2021-09-25,365817000000.0,31.11586409244095
2021-12-10,179.4499969482422,5.61,5.61,2021-09-25,365817000000.0,31.98752173765458
2021-12-13,175.74000549316406,5.61,5.61,2021-09-25,365817000000.0,31.32620418772978
2021-12-14,174.3300018310547,5.61,5.61,2021-09-25,365817000000.0,31.074866636551636
2021-12-15,179.3000030517578,5.61,5.61,2021-09-25,365817000000.0,31.960784857710838
2021-12-16,172.25999450683594,5.61,5.61,2021-09-25,365817000000.0,30.705881373767546
2021-12-17,171.13999938964844,5.61,5.61,2021-09-25,365817000000.0,30.506238750382963
2021-12-20,169.75,5.61,5.61,2021-09-25,365817000000.0,30.258467023172905
2021-12-21,172.99000549316406,5.61,5.61,2021-09-25,365817000000.0,30.836008109298405
2021-12-22,175.63999938964844,5.61,5.61,2021-09-25,365817000000.0,31.30837778781612
2021-12-23,176.27999877929688,5.61,5.61,2021-09-25,365817000000.0,31.422459675453986
2021-12-27,180.3300018310547,5.61,5.61,2021-09-25,365817000000.0,32.144385353129174
2021-12-28,179.2899932861328,5.61,5.61,2021-09-25,365817000000.0,31.959000585763423
2021-12-29,179.3800048828125,5.61,5.61,2021-09-25,365817000000.0,31.975045433656415
2021-12-30,178.1999969482422,5.61,5.61,2021-09-25,365817000000.0,31.76470533836759
2021-12-31,177.57000732421875,5.61,5.61,2021-09-25,365817000000.0,31.652407722677136
2022-01-03,182.00999450683594,5.61,5.61,2021-09-25,365817000000.0,32.443849288206046
2022-01-04,179.6999969482422,5.61,5.61,2021-09-25,365817000000.0,32.032085017511974
2022-01-05,174.9199981689453,5.61,5.61,2021-09-25,365817000000.0,31.180035324232673
2022-01-06,172.0,5.61,5.61,2021-09-25,365817000000.0,30.65953654188948
2022-01-07,172.1699981689453,5.61,5.61,2021-09-25,365817000000.0,30.689839245801302
2022-01-10,172.19000244140625,5.61,5.61,2021-09-25,365817000000.0,30.693405069769383
2022-01-11,175.0800018310547,5.61,5.61,2021-09-25,365817000000.0,31.208556476123828
2022-01-12,175.52999877929688,5.61,5.61,2021-09-25,365817000000.0,31.288769835881794
2022-01-13,172.19000244140625,5.61,5.61,2021-09-25,365817000000.0,30.693405069769383
2022-01-14,173.07000732421875,5.61,5.61,2021-09-25,365817000000.0,30.850268685243982
2022-01-18,169.8000030517578,5.61,5.61,2021-09-25,365817000000.0,30.267380223129734
2022-01-19,166.22999572753906,5.61,5.61,2021-09-25,365817000000.0,29.631015281201257
2022-01-20,164.50999450683594,5.61,5.61,2021-09-25,365817000000.0,29.324419698188223
2022-01-21,162.41000366210938,5.61,5.61,2021-09-25,365817000000.0,28.950089779342132
2022-01-24,161.6199951171875,5.61,5.61,2021-09-25,365817000000.0,28.809268291833778
2022-01-25,159.77999877929688,5.61,5.61,2021-09-25,365817000000.0,28.48128320486575
2022-01-26,159.69000244140625,5.61,5.61,2021-09-25,365817000000.0,28.46524107689951
2022-01-27,159.22000122070312,5.61,5.61,2021-09-25,365817000000.0,28.381461893173462
2022-01-28,170.3300018310547,6.03,6.030000000000001,2021-12-25,378323000000.0,28.247098147770263
2022-01-31,174.77999877929688,6.03,6.030000000000001,2021-12-25,378323000000.0,28.985074424427342
2022-02-01,174.61000061035156,6.03,6.030000000000001,2021-12-25,378323000000.0,28.956882356608883
2022-02-02,175.83999633789062,6.03,6.030000000000001,2021-12-25,378323000000.0,29.16086174757722
2022-02-03,172.89999389648438,6.03,6.030000000000001,2021-12-25,378323000000.0,28.673299153645832
2022-02-04,172.38999938964844,6.03,6.030000000000001,2021-12-25,378323000000.0,28.58872295019045
2022-02-07,171.66000366210938,6.03,6.030000000000001,2021-12-25,378323000000.0,28.467662298857274
2022-02-08,174.8300018310547,6.03,6.030000000000001,2021-12-25,378323000000.0,28.99336680448668
2022-02-09,176.27999877929688,6.03,6.030000000000001,2021-12-25,378323000000.0,29.233830643332812
2022-02-10,172.1199951171875,6.03,6.030000000000001,2021-12-25,378323000000.0,28.543946122253317
2022-02-11,168.63999938964844,6.03,6.030000000000001,2021-12-25,378323000000.0,27.966832402926773
2022-02-14,168.8800048828125,6.03,6.030000000000001,2021-12-25,378323000000.0,28.006634308924127
2022-02-15,172.7899932861328,6.03,6.030000000000001,2021-12-25,378323000000.0,28.655056929706934
2022-02-16,172.5500030517578,6.03,6.030000000000001,2021-12-25,378323000000.0,28.61525755418869
2022-02-17,168.8800048828125,6.03,6.030000000000001,2021-12-25,378323000000.0,28.006634308924127
2022-02-18,167.3000030517578,6.03,6.030000000000001,2021-12-25,378323000000.0,27.744610788019536
2022-02-22,164.32000732421875,6.03,6.030000000000001,2021-12-25,378323000000.0,27.25041580832815
2022-02-23,160.07000732421875,6.03,6.030000000000001,2021-12-25,378323000000.0,26.54560652142931
2022-02-24,162.74000549316406,6.03,6.030000000000001,2021-12-25,378323000000.0,26.988392287423558
2022-02-25,164.85000610351562,6.03,6.030000000000001,2021-12-25,378323000000.0,27.338309469903088
2022-02-28,165.1199951171875,6.03,6.030000000000001,2021-12-25,378323000000.0,27.38308376736111
2022-03-01,163.1999969482422,6.03,6.030000000000001,2021-12-25,378323000000.0,27.064676110819597
2022-03-02,166.55999755859375,6.03,6.030000000000001,2021-12-25,378323000000.0,27.621890142387024
2022-03-03,166.22999572753906,6.03,6.030000000000001,2021-12-25,378323000000.0,27.567163470570325
2022-03-04,163.1699981689453,6.03,6.030000000000001,2021-12-25,378323000000.0,27.059701188879817
2022-03-07,159.3000030517578,6.03,6.030000000000001,2021-12-25,378323000000.0,26.417910953857017
2022-03-08,157.44000244140625,6.03,6.030000000000001,2021-12-25,378323000000.0,26.109453141195065
2022-03-09,162.9499969482422,6.03,6.030000000000001,2021-12-25,378323000000.0,27.02321674100202
2022-03-10,158.52000427246094,6.03,6.030000000000001,2021-12-25,378323000000.0,26.2885579224645
2022-03-11,154.72999572753906,6.03,6.030000000000001,2021-12-25,378323000000.0,25.6600324589617
2022-03-14,150.6199951171875,6.03,6.030000000000001,2021-12-25,378323000000.0,24.97844031794154
2022-03-15,155.08999633789062,6.03,6.030000000000001,2021-12-25,378323000000.0,25.719734052718177
2022-03-16,159.58999633789062,6.03,6.030000000000001,2021-12-25,378323000000.0,26.466002709434598
2022-03-17,160.6199951171875,6.03,6.030000000000001,2021-12-25,378323000000.0,26.636815110644694
2022-03-18,163.97999572753906,6.03,6.030000000000001,2021-12-25,378323000000.0,27.194029142212116
2022-03-21,165.3800048828125,6.03,6.030000000000001,2021-12-25,378323000000.0,27.426203131478026
2022-03-22,168.82000732421875,6.03,6.030000000000001,2021-12-25,378323000000.0,27.996684465044567
2022-03-23,170.2100067138672,6.03,6.030000000000001,2021-12-25,378323000000.0,28.22719846001114
2022-03-24,174.07000732421875,6.03,6.030000000000001,2021-12-25,378323000000.0,28.867331231213722
2022-03-25,174.72000122070312,6.03,6.030000000000001,2021-12-25,378323000000.0,28.97512458054778
2022-03-28,175.60000610351562,6.03,6.030000000000001,2021-12-25,378323000000.0,29.121062372058976
2022-03-29,178.9600067138672,6.03,6.030000000000001,2021-12-25,378323000000.0,29.6782764036264
2022-03-30,177.77000427246094,6.03,6.030000000000001,2021-12-25,378323000000.0,29.480929398418066
2022-03-31,174.61000061035156,6.03,6.030000000000001,2021-12-25,378323000000.0,28.956882356608883
2022-04-01,174.30999755859375,6.03,6.030000000000001,2021-12-25,378323000000.0,28.907130606731965
2022-04-04,178.44000244140625,6.03,6.030000000000001,2021-12-25,378323000000.0,29.592040205871683
2022-04-05,175.05999755859375,6.03,6.030000000000001,2021-12-25,378323000000.0,29.0315087161847
2022-04-06,171.8300018310547,6.03,6.030000000000001,2021-12-25,378323000000.0,28.495854366675736
2022-04-07,172.13999938964844,6.03,6.030000000000001,2021-12-25,378323000000.0,28.547263580372874
2022-04-08,170.08999633789062,6.03,6.030000000000001,2021-12-25,378323000000.0,28.207296241772905
2022-04-11,165.75,6.03,6.030000000000001,2021-12-25,378323000000.0,27.487562189054724
2022-04-12,167.66000366210938,6.03,6.030000000000001,2021-12-25,378323000000.0,27.804312381776015
2022-04-13,170.39999389648438,6.03,6.030000000000001,2021-12-25,378323000000.0,28.258705455470043
2022-04-14,165.2899932861328,6.03,6.030000000000001,2021-12-25,378323000000.0,27.41127583517957
2022-04-18,165.07000732421875,6.03,6.030000000000001,2021-12-25,378323000000.0,27.374793917780885
2022-04-19,167.39999389648438,6.03,6.030000000000001,2021-12-25,378323000000.0,27.7611930176591
2022-04-20,167.22999572753906,6.03,6.030000000000001,2021-12-25,378323000000.0,27.73300094984064
2022-04-21,166.4199981689453,6.03,6.030000000000001,2021-12-25,378323000000.0,27.59867299650834
2022-04-22,161.7899932861328,6.03,6.030000000000001,2021-12-25,378323000000.0,26.83084465773347
2022-04-25,162.8800048828125,6.03,6.030000000000001,2021-12-25,378323000000.0,27.011609433302237
2022-04-26,156.8000030517578,6.03,6.030000000000001,2021-12-25,378323000000.0,26.003317255681228
2022-04-27,156.57000732421875,6.03,6.030000000000001,2021-12-25,378323000000.0,25.96517534398321
2022-04-28,163.63999938964844,6.03,6.030000000000001,2021-12-25,378323000000.0,27.137645006575195
2022-04-29,157.64999389648438,6.15,6.15,2022-03-26,386017000000.0,25.63414534902185
2022-05-02,157.9600067138672,6.15,6.15,2022-03-26,386017000000.0,25.684553937214176
2022-05-03,159.47999572753906,6.15,6.15,2022-03-26,386017000000.0,25.931706622364075
2022-05-04,166.02000427246094,6.15,6.15,2022-03-26,386017000000.0,26.995122645928607
2022-05-05,156.77000427246094,6.15,6.15,2022-03-26,386017000000.0,25.4910576052782
2022-05-06,157.27999877929688,6.15,6.15,2022-03-26,386017000000.0,25.573983541349083
2022-05-09,152.05999755859375,6.15,6.15,2022-03-26,386017000000.0,24.725202855055894
2022-05-10,154.50999450683594,6.15,6.15,2022-03-26,386017000000.0,25.123576342574946
2022-05-11,146.5,6.15,6.15,2022-03-26,386017000000.0,23.821138211382113
2022-05-12,142.55999755859375,6.15,6.15,2022-03-26,386017000000.0,23.18048740790142
2022-05-13,147.11000061035156,6.15,6.15,2022-03-26,386017000000.0,23.920325302496188
2022-05-16,145.5399932861328,6.15,6.15,2022-03-26,386017000000.0,23.665039558720782
2022-05-17,149.24000549316406,6.15,6.15,2022-03-26,386017000000.0,24.266667559864075
2022-05-18,140.82000732421875,6.15,6.15,2022-03-26,386017000000.0,22.897562166539632
2022-05-19,137.35000610351562,6.15,6.15,2022-03-26,386017000000.0,22.333334325774896
2022-05-20,137.58999633789062,6.15,6.15,2022-03-26,386017000000.0,22.372357128112295
2022-05-23,143.11000061035156,6.15,6.15,2022-03-26,386017000000.0,23.269918798431146
2022-05-24,140.36000061035156,6.15,6.15,2022-03-26,386017000000.0,22.822764326886432
2022-05-25,140.52000427246094,6.15,6.15,2022-03-26,386017000000.0,22.84878118251397
2022-05-26,143.77999877929688,6.15,6.15,2022-03-26,386017000000.0,23.37886159012957
2022-05-27,149.63999938964844,6.15,6.15,2022-03-26,386017000000.0,24.331707217829013
2022-05-31,148.83999633789062,6.15,6.15,2022-03-26,386017000000.0,24.20162542079522
2022-06-01,148.7100067138672,6.15,6.15,2022-03-26,386017000000.0,24.18048889656377
2022-06-02,151.2100067138672,6.15,6.15,2022-03-26,386017000000.0,24.58699296160442
2022-06-03,145.3800048828125,6.15,6.15,2022-03-26,386017000000.0,23.639025184197152
2022-06-06,146.13999938964844,6.15,6.15,2022-03-26,386017000000.0,23.7626015267721
2022-06-07,148.7100067138672,6.15,6.15,2022-03-26,386017000000.0,24.18048889656377
2022-06-08,147.9600067138672,6.15,6.15,2022-03-26,386017000000.0,24.058537677051575
2022-06-09,142.63999938964844,6.15,6.15,2022-03-26,386017000000.0,23.193495835715193
2022-06-10,137.1300048828125,6.15,6.15,2022-03-26,386017000000.0,22.297561769563007
2022-06-13,131.8800048828125,6.15,6.15,2022-03-26,386017000000.0,21.44390323297764
2022-06-14,132.75999450683594,6.15,6.15,2022-03-26,386017000000.0,21.58699097672129
2022-06-15,135.42999267578125,6.15,6.15,2022-03-26,386017000000.0,22.021137020452233
2022-06-16,130.05999755859375,6.15,6.15,2022-03-26,386017000000.0,21.14796708269817
2022-06-17,131.55999755859375,6.15,6.15,2022-03-26,386017000000.0,21.39186952172256
2022-06-21,135.8699951171875,6.15,6.15,2022-03-26,386017000000.0,22.092682132876014
2022-06-22,135.35000610351562,6.15,6.15,2022-03-26,386017000000.0,22.008131073742376
2022-06-23,138.27000427246094,6.15,6.15,2022-03-26,386017000000.0,22.482927523977388
2022-06-24,141.66000366210938,6.15,6.15,2022-03-26,386017000000.0,23.03414693692835
2022-06-27,141.66000366210938,6.15,6.15,2022-03-26,386017000000.0,23.03414693692835
2022-06-28,137.44000244140625,6.15,6.15,2022-03-26,386017000000.0,22.34796787665142
2022-06-29,139.22999572753906,6.15,6.15,2022-03-26,386017000000.0,22.639023695534807
2022-06-30,136.72000122070312,6.15,6.15,2022-03-26,386017000000.0,22.2308945074314
2022-07-01,138.92999267578125,6.15,6.15,2022-03-26,386017000000.0,22.590242711509145
2022-07-05,141.55999755859375,6.15,6.15,2022-03-26,386017000000.0,23.017885781885163
2022-07-06,142.9199981689453,6.15,6.15,2022-03-26,386017000000.0,23.239024092511432
2022-07-07,146.35000610351562,6.15,6.15,2022-03-26,386017000000.0,23.79674895992124
2022-07-08,147.0399932861328,6.15,6.15,2022-03-26,386017000000.0,23.90894199774517
2022-07-11,144.8699951171875,6.15,6.15,2022-03-26,386017000000.0,23.556096767022357
2022-07-12,145.86000061035156,6.15,6.15,2022-03-26,386017000000.0,23.717073269975863
2022-07-13,145.49000549316406,6.15,6.15,2022-03-26,386017000000.0,23.6569114623031
2022-07-14,148.47000122070312,6.15,6.15,2022-03-26,386017000000.0,24.141463613122458
2022-07-15,150.1699981689453,6.15,6.15,2022-03-26,386017000000.0,24.41788588112932
2022-07-18,147.07000732421875,6.15,6.15,2022-03-26,386017000000.0,23.913822329141258
2022-07-19,151.0,6.15,6.15,2022-03-26,386017000000.0,24.552845528455283
2022-07-20,153.0399932861328,6.15,6.15,2022-03-26,386017000000.0,24.884551753842732
2022-07-21,155.35000610351562,6.15,6.15,2022-03-26,386017000000.0,25.26016359406758
2022-07-22,154.08999633789062,6.15,6.15,2022-03-26,386017000000.0,25.05528395738059
2022-07-25,152.9499969482422,6.15,6.15,2022-03-26,386017000000.0,24.869918202966208
2022-07-26,151.60000610351562,6.15,6.15,2022-03-26,386017000000.0,24.650407496506606
2022-07-27,156.7899932861328,6.15,6.15,2022-03-26,386017000000.0,25.494307851403708
2022-07-28,157.35000610351562,6.15,6.15,2022-03-26,386017000000.0,25.5853668461001
2022-07-29,162.50999450683594,6.050000000000001,6.050000000000001,2022-06-25,387542000000.0,26.861156116832383
2022-08-01,161.50999450683594,6.050000000000001,6.050000000000001,2022-06-25,387542000000.0,26.695866860634037
2022-08-02,160.00999450683594,6.050000000000001,6.050000000000001,2022-06-25,387542000000.0,26.447932976336517
2022-08-03,166.1300048828125,6.050000000000001,6.050000000000001,2022-06-25,387542000000.0,27.45950493930785
2022-08-04,165.80999755859375,6.050000000000001,6.050000000000001,2022-06-25,387542000000.0,27.40661116670971
2022-08-05,165.35000610351562,6.050000000000001,6.050000000000001,2022-06-25,387542000000.0,27.33057952124225
2022-08-08,164.8699951171875,6.050000000000001,6.050000000000001,2022-06-25,387542000000.0,27.251238862345037
2022-08-09,164.9199981689453,6.050000000000001,6.050000000000001,2022-06-25,387542000000.0,27.259503829577735
2022-08-10,169.24000549316406,6.050000000000001,6.050000000000001,2022-06-25,387542000000.0,27.973554626969264
2022-08-11,168.49000549316406,6.050000000000001,6.050000000000001,2022-06-25,387542000000.0,27.849587684820502
2022-08-12,172.10000610351562,6.050000000000001,6.050000000000001,2022-06-25,387542000000.0,28.446282000581093
2022-08-15,173.19000244140625,6.050000000000001,6.050000000000001,2022-06-25,387542000000.0,28.626446684529956
2022-08-16,173.02999877929688,6.050000000000001,6.050000000000001,2022-06-25,387542000000.0,28.599999798230886
2022-08-17,174.5500030517578,6.050000000000001,6.050000000000001,2022-06-25,387542000000.0,28.851240173844264
2022-08-18,174.14999389648438,6.050000000000001,6.050000000000001,2022-06-25,387542000000.0,28.785122958096586
2022-08-19,171.52000427246094,6.050000000000001,6.050000000000001,2022-06-25,387542000000.0,28.350413929332383
2022-08-22,167.57000732421875,6.050000000000001,6.050000000000001,2022-06-25,387542000000.0,27.69752187177169
2022-08-23,167.22999572753906,6.050000000000001,6.050000000000001,2022-06-25,387542000000.0,27.641321607857694
2022-08-24,167.52999877929688,6.050000000000001,6.050000000000001,2022-06-25,387542000000.0,27.690908889139976
2022-08-25,170.02999877929688,6.050000000000001,6.050000000000001,2022-06-25,387542000000.0,28.104132029635842
2022-08-26,163.6199951171875,6.050000000000001,6.050000000000001,2022-06-25,387542000000.0,27.044627292097104
2022-08-29,161.3800048828125,6.050000000000001,6.050000000000001,2022-06-25,387542000000.0,26.6743809723657
2022-08-30,158.91000366210938,6.050000000000001,6.050000000000001,2022-06-25,387542000000.0,26.26611630778667
2022-08-31,157.22000122070312,6.050000000000001,6.050000000000001,2022-06-25,387542000000.0,25.98677706127324
2022-09-01,157.9600067138672,6.050000000000001,6.050000000000001,2022-06-25,387542000000.0,26.10909201882102
2022-09-02,155.80999755859375,6.050000000000001,6.050000000000001,2022-06-25,387542000000.0,25.753718604726238
2022-09-06,154.52999877929688,6.050000000000001,6.050000000000001,2022-06-25,387542000000.0,25.542148558561465
2022-09-07,155.9600067138672,6.050000000000001,6.050000000000001,2022-06-25,387542000000.0,25.778513506424325
2022-09-08,154.4600067138672,6.050000000000001,6.050000000000001,2022-06-25,387542000000.0,25.530579622126805
2022-09-09,157.3699951171875,6.050000000000001,6.050000000000001,2022-06-25,387542000000.0,26.011569440857436
2022-09-12,163.42999267578125,6.050000000000001,6.050000000000001,2022-06-25,387542000000.0,27.013221929881194
2022-09-13,153.83999633789062,6.050000000000001,6.050000000000001,2022-06-25,387542000000.0,25.42809856824638
2022-09-14,155.30999755859375,6.050000000000001,6.050000000000001,2022-06-25,387542000000.0,25.671073976627063
2022-09-15,152.3699951171875,6.050000000000001,6.050000000000001,2022-06-25,387542000000.0,25.1851231598657
2022-09-16,150.6999969482422,6.050000000000001,6.050000000000001,2022-06-25,387542000000.0,24.909090404668127
2022-09-19,154.47999572753906,6.050000000000001,6.050000000000001,2022-06-25,387542000000.0,25.533883591328767
2022-09-20,156.89999389648438,6.050000000000001,6.050000000000001,2022-06-25,387542000000.0,25.9338832886751
2022-09-21,153.72000122070312,6.050000000000001,6.050000000000001,2022-06-25,387542000000.0,25.408264664579026
2022-09-22,152.74000549316406,6.050000000000001,6.050000000000001,2022-06-25,387542000000.0,25.246281899696537
2022-09-23,150.42999267578125,6.050000000000001,6.050000000000001,2022-06-25,387542000000.0,24.864461599302683
2022-09-26,150.77000427246094,6.050000000000001,6.050000000000001,2022-06-25,387542000000.0,24.92066186321668
2022-09-27,151.75999450683594,6.050000000000001,6.050000000000001,2022-06-25,387542000000.0,25.08429661270015
2022-09-28,149.83999633789062,6.050000000000001,6.050000000000001,2022-06-25,387542000000.0,24.766941543452994
2022-09-29,142.47999572753906,6.050000000000001,6.050000000000001,2022-06-25,387542000000.0,23.5504125169486
2022-09-30,138.1999969482422,6.050000000000001,6.050000000000001,2022-06-25,387542000000.0,22.842974702188787
2022-10-03,142.4499969482422,6.050000000000001,6.050000000000001,2022-06-25,387542000000.0,23.545454041031764
2022-10-04,146.10000610351562,6.050000000000001,6.050000000000001,2022-06-25,387542000000.0,24.148761339424066
2022-10-05,146.39999389648438,6.050000000000001,6.050000000000001,2022-06-25,387542000000.0,24.198346098592456
2022-10-06,145.42999267578125,6.050000000000001,6.050000000000001,2022-06-25,387542000000.0,24.038015318310947
2022-10-07,140.08999633789062,6.050000000000001,6.050000000000001,2022-06-25,387542000000.0,23.15537129551911
2022-10-10,140.4199981689453,6.050000000000001,6.050000000000001,2022-06-25,387542000000.0,23.209917052718232
2022-10-11,138.97999572753906,6.050000000000001,6.050000000000001,2022-06-25,387542000000.0,22.97190012025439
2022-10-12,138.33999633789062,6.050000000000001,6.050000000000001,2022-06-25,387542000000.0,22.866115097172003
2022-10-13,142.99000549316406,6.050000000000001,6.050000000000001,2022-06-25,387542000000.0,23.634711651762654
2022-10-14,138.3800048828125,6.050000000000001,6.050000000000001,2022-06-25,387542000000.0,22.872728079803718
2022-10-17,142.41000366210938,6.050000000000001,6.050000000000001,2022-06-25,387542000000.0,23.538843580513944
2022-10-18,143.75,6.050000000000001,6.050000000000001,2022-06-25,387542000000.0,23.760330578512395
2022-10-19,143.86000061035156,6.050000000000001,6.050000000000001,2022-06-25,387542000000.0,23.778512497578767
2022-10-20,143.38999938964844,6.050000000000001,6.050000000000001,2022-06-25,387542000000.0,23.700826345396433
2022-10-21,147.27000427246094,6.050000000000001,6.050000000000001,2022-06-25,387542000000.0,24.342149466522468
2022-10-24,149.4499969482422,6.050000000000001,6.050000000000001,2022-06-25,387542000000.0,24.702478834420194
2022-10-25,152.33999633789062,6.050000000000001,6.050000000000001,2022-06-25,387542000000.0,25.18016468394886
2022-10-26,149.35000610351562,6.050000000000001,6.050000000000001,2022-06-25,387542000000.0,24.685951422068694
2022-10-27,144.8000030517578,6.050000000000001,6.050000000000001,2022-06-25,387542000000.0,23.93388480194344
2022-10-28,155.74000549316406,6.11,6.11,2022-09-24,394328000000.0,25.489362601172513
2022-10-31,153.33999633789062,6.11,6.11,2022-09-24,394328000000.0,25.09656241209339
2022-11-01,150.64999389648438,6.11,6.11,2022-09-24,394328000000.0,24.65630014672412
2022-11-02,145.02999877929688,6.11,6.11,2022-09-24,394328000000.0,23.736497345220435
2022-11-03,138.8800048828125,6.11,6.11,2022-09-24,394328000000.0,22.729951699314647
2022-11-04,138.3800048828125,6.11,6.11,2022-09-24,394328000000.0,22.64811863875818
2022-11-07,138.9199981689453,6.11,6.11,2022-09-24,394328000000.0,22.736497245326564
2022-11-08,139.5,6.11,6.11,2022-09-24,394328000000.0,22.831423895253682
2022-11-09,134.8699951171875,6.11,6.11,2022-09-24,394328000000.0,22.073648955349835
2022-11-10,146.8699951171875,6.11,6.11,2022-09-24,394328000000.0,24.03764240870499
2022-11-11,149.6999969482422,6.11,6.11,2022-09-24,394328000000.0,24.5008178311362
2022-11-14,148.27999877929688,6.11,6.11,2022-09-24,394328000000.0,24.268412238837456
2022-11-15,150.0399932861328,6.11,6.11,2022-09-24,394328000000.0,24.55646371295136
2022-11-16,148.7899932861328,6.11,6.11,2022-09-24,394328000000.0,24.351881061560196
2022-11-17,150.72000122070312,6.11,6.11,2022-09-24,394328000000.0,24.6677579739285
2022-11-18,151.2899932861328,6.11,6.11,2022-09-24,394328000000.0,24.761046364342523
2022-11-21,148.00999450683594,6.11,6.11,2022-09-24,394328000000.0,24.224221686879858
2022-11-22,150.17999267578125,6.11,6.11,2022-09-24,394328000000.0,24.579376870013295
2022-11-23,151.07000732421875,6.11,6.11,2022-09-24,394328000000.0,24.72504211525675
2022-11-25,148.11000061035156,6.11,6.11,2022-09-24,394328000000.0,24.240589297929876
2022-11-28,144.22000122070312,6.11,6.11,2022-09-24,394328000000.0,23.603928186694453
2022-11-29,141.1699981689453,6.11,6.11,2022-09-24,394328000000.0,23.104746017830657
2022-11-30,148.02999877929688,6.11,6.11,2022-09-24,394328000000.0,24.227495708559225
2022-12-01,148.30999755859375,6.11,6.11,2022-09-24,394328000000.0,24.2733220226831
2022-12-02,147.80999755859375,6.11,6.11,2022-09-24,394328000000.0,24.191488962126634
2022-12-05,146.6300048828125,6.11,6.11,2022-09-24,394328000000.0,23.998364137939852
2022-12-06,142.91000366210938,6.11,6.11,2022-09-24,394328000000.0,23.38952596761201
2022-12-07,140.94000244140625,6.11,6.11,2022-09-24,394328000000.0,23.067103509231792
2022-12-08,142.64999389648438,6.11,6.11,2022-09-24,394328000000.0,23.34697117782068
2022-12-09,142.16000366210938,6.11,6.11,2022-09-24,394328000000.0,23.26677637677731
2022-12-12,144.49000549316406,6.11,6.11,2022-09-24,394328000000.0,23.648118738652055
2022-12-13,145.47000122070312,6.11,6.11,2022-09-24,394328000000.0,23.808510838085617
2022-12-14,143.2100067138672,6.11,6.11,2022-09-24,394328000000.0,23.43862630341525
2022-12-15,136.5,6.11,6.11,2022-09-24,394328000000.0,22.340425531914892
2022-12-16,134.50999450683594,6.11,6.11,2022-09-24,394328000000.0,22.01472905185531
2022-12-19,132.3699951171875,6.11,6.11,2022-09-24,394328000000.0,21.66448365256751
2022-12-20,132.3000030517578,6.11,6.11,2022-09-24,394328000000.0,21.65302832270995
2022-12-21,135.4499969482422,6.11,6.11,2022-09-24,394328000000.0,22.168575605276953
2022-12-22,132.22999572753906,6.11,6.11,2022-09-24,394328000000.0,21.641570495505572
2022-12-23,131.86000061035156,6.11,6.11,2022-09-24,394328000000.0,21.581014829844772
2022-12-27,130.02999877929688,6.11,6.11,2022-09-24,394328000000.0,21.28150552852649
2022-12-28,126.04000091552734,6.11,6.11,2022-09-24,394328000000.0,20.628478054914456
2022-12-29,129.61000061035156,6.11,6.11,2022-09-24,394328000000.0,21.21276605734068
2022-12-30,129.92999267578125,6.11,6.11,2022-09-24,394328000000.0,21.265137917476473
2023-01-03,125.06999969482422,6.11,6.11,2022-09-24,394328000000.0,20.46972171764717
2023-01-04,126.36000061035156,6.11,6.11,2022-09-24,394328000000.0,20.68085116372366
2023-01-05,125.0199966430664,6.11,6.11,2022-09-24,394328000000.0,20.46153791212216
2023-01-06,129.6199951171875,6.11,6.11,2022-09-24,394328000000.0,21.214401819506953
2023-01-09,130.14999389648438,6.11,6.11,2022-09-24,394328000000.0,21.301144663909064
2023-01-10,130.72999572753906,6.11,6.11,2022-09-24,394328000000.0,21.396071313836178
2023-01-11,133.49000549316406,6.11,6.11,2022-09-24,394328000000.0,21.84779140640983
2023-01-12,133.41000366210938,6.11,6.11,2022-09-24,394328000000.0,21.834697817039178
2023-01-13,134.75999450683594,6.11,6.11,2022-09-24,394328000000.0,22.05564558213354
2023-01-17,135.94000244140625,6.11,6.11,2022-09-24,394328000000.0,22.24877290366714
2023-01-18,135.2100067138672,6.11,6.11,2022-09-24,394328000000.0,22.129297334511815
2023-01-19,135.27000427246094,6.11,6.11,2022-09-24,394328000000.0,22.1391169022031
2023-01-20,137.8699951171875,6.11,6.11,2022-09-24,394328000000.0,22.564647318688625
2023-01-23,141.11000061035156,6.11,6.11,2022-09-24,394328000000.0,23.094926450139372
2023-01-24,142.52999877929688,6.11,6.11,2022-09-24,394328000000.0,23.327332042438112
2023-01-25,141.86000061035156,6.11,6.11,2022-09-24,394328000000.0,23.21767604097407
2023-01-26,143.9600067138672,6.11,6.11,2022-09-24,394328000000.0,23.56137589424995
2023-01-27,145.92999267578125,6.11,6.11,2022-09-24,394328000000.0,23.883795855283346
2023-01-30,143.0,6.11,6.11,2022-09-24,394328000000.0,23.404255319148934
2023-01-31,144.2899932861328,6.11,6.11,2022-09-24,394328000000.0,23.615383516552015
2023-02-01,145.42999267578125,6.11,6.11,2022-09-24,394328000000.0,23.80196279472688
2023-02-02,150.82000732421875,6.11,6.11,2022-09-24,394328000000.0,24.684125584978517
2023-02-03,154.5,5.89,5.89,2022-12-31,387537000000.0,26.230899830220714
2023-02-06,151.72999572753906,5.89,5.89,2022-12-31,387537000000.0,25.76061048005757
2023-02-07,154.64999389648438,5.89,5.89,2022-12-31,387537000000.0,26.256365687009232
2023-02-08,151.9199981689453,5.89,5.89,2022-12-31,387537000000.0,25.792868959073907
2023-02-09,150.8699951171875,5.89,5.89,2022-12-31,387537000000.0,25.614600189675297
2023-02-10,151.00999450683594,5.89,5.89,2022-12-31,387537000000.0,25.638369186220025
2023-02-13,153.85000610351562,5.89,5.89,2022-12-31,387537000000.0,26.1205443299687
2023-02-14,153.1999969482422,5.89,5.89,2022-12-31,387537000000.0,26.010186239090356
2023-02-15,155.3300018310547,5.89,5.89,2022-12-31,387537000000.0,26.37181694924528
2023-02-16,153.7100067138672,5.89,5.89,2022-12-31,387537000000.0,26.096775333423974
2023-02-17,152.5500030517578,5.89,5.89,2022-12-31,387537000000.0,25.89983073883834
2023-02-21,148.47999572753906,5.89,5.89,2022-12-31,387537000000.0,25.208827797544835
2023-02-22,148.91000366210938,5.89,5.89,2022-12-31,387537000000.0,25.281834238049132
2023-02-23,149.39999389648438,5.89,5.89,2022-12-31,387537000000.0,25.36502443064251
2023-02-24,146.7100067138672,5.89,5.89,2022-12-31,387537000000.0,24.90832032493501
2023-02-27,147.9199981689453,5.89,5.89,2022-12-31,387537000000.0,25.11375181136593
2023-02-28,147.41000366210938,5.89,5.89,2022-12-31,387537000000.0,25.02716530765864
2023-03-01,145.30999755859375,5.89,5.89,2022-12-31,387537000000.0,24.67062776886142
2023-03-02,145.91000366210938,5.89,5.89,2022-12-31,387537000000.0,24.772496377268148
2023-03-03,151.02999877929688,5.89,5.89,2022-12-31,387537000000.0,25.641765497333935
2023-03-06,153.8300018310547,5.89,5.89,2022-12-31,387537000000.0,26.117148018854788
2023-03-07,151.60000610351562,5.89,5.89,2022-12-31,387537000000.0,25.73854093438296
2023-03-08,152.8699951171875,5.89,5.89,2022-12-31,387537000000.0,25.95415876352929
2023-03-09,150.58999633789062,5.89,5.89,2022-12-31,387537000000.0,25.567062196585844
2023-03-10,148.5,5.89,5.89,2022-12-31,387537000000.0,25.212224108658745
2023-03-13,150.47000122070312,5.89,5.89,2022-12-31,387537000000.0,25.54668951115503
2023-03-14,152.58999633789062,5.89,5.89,2022-12-31,387537000000.0,25.906620770439837
2023-03-15,152.99000549316406,5.89,5.89,2022-12-31,387537000000.0,25.97453403958643
2023-03-16,155.85000610351562,5.89,5.89,2022-12-31,387537000000.0,26.460102903822687
2023-03-17,155.0,5.89,5.89,2022-12-31,387537000000.0,26.315789473684212
2023-03-20,157.39999389648438,5.89,5.89,2022-12-31,387537000000.0,26.723258726058468
2023-03-21,159.27999877929688,5.89,5.89,2022-12-31,387537000000.0,27.042444614481646
2023-03-22,157.8300018310547,5.89,5.89,2022-12-31,387537000000.0,26.796265166562765
2023-03-23,158.92999267578125,5.89,5.89,2022-12-31,387537000000.0,26.983020827806666
2023-03-24,160.25,5.89,5.89,2022-12-31,387537000000.0,27.207130730050935
2023-03-27,158.27999877929688,5.89,5.89,2022-12-31,387537000000.0,26.87266532755465
2023-03-28,157.64999389648438,5.89,5.89,2022-12-31,387537000000.0,26.765703547790217
2023-03-29,160.77000427246094,5.89,5.89,2022-12-31,387537000000.0,27.295416684628343
2023-03-30,162.36000061035156,5.89,5.89,2022-12-31,387537000000.0,27.565365129091948
2023-03-31,164.89999389648438,5.89,5.89,2022-12-31,387537000000.0,27.99660337801093
2023-04-03,166.1699981689453,5.89,5.89,2022-12-31,387537000000.0,28.212223797783587
2023-04-04,165.6300048828125,5.89,5.89,2022-12-31,387537000000.0,28.12054412271859
2023-04-05,163.75999450683594,5.89,5.89,2022-12-31,387537000000.0,27.80305509453921
2023-04-06,164.66000366210938,5.89,5.89,2022-12-31,387537000000.0,27.955858007149303
2023-04-10,162.02999877929688,5.89,5.89,2022-12-31,387537000000.0,27.50933765353088
2023-04-11,160.8000030517578,5.89,5.89,2022-12-31,387537000000.0,27.300509855986046
2023-04-12,160.10000610351562,5.89,5.89,2022-12-31,387537000000.0,27.181664873262417
2023-04-13,165.55999755859375,5.89,5.89,2022-12-31,387537000000.0,28.108658329133068
2023-04-14,165.2100067138672,5.89,5.89,2022-12-31,387537000000.0,28.049237133084414
2023-04-17,165.22999572753906,5.89,5.89,2022-12-31,387537000000.0,28.052630853571998
2023-04-18,166.47000122070312,5.89,5.89,2022-12-31,387537000000.0,28.26315810198695
2023-04-19,167.6300048828125,5.89,5.89,2022-12-31,387537000000.0,28.460102696572584
2023-04-20,166.64999389648438,5.89,5.89,2022-12-31,387537000000.0,28.29371713013317
2023-04-21,165.02000427246094,5.89,5.89,2022-12-31,387537000000.0,28.016978654068073
2023-04-24,165.3300018310547,5.89,5.89,2022-12-31,387537000000.0,28.06960981851523
2023-04-25,163.77000427246094,5.89,5.89,2022-12-31,387537000000.0,27.804754545409327
2023-04-26,163.75999450683594,5.89,5.89,2022-12-31,387537000000.0,27.80305509453921
2023-04-27,168.41000366210938,5.89,5.89,2022-12-31,387537000000.0,28.59253033312553
2023-04-28,169.67999267578125,5.89,5.89,2022-12-31,387537000000.0,28.80814816227186
2023-05-01,169.58999633789062,5.89,5.89,2022-12-31,387537000000.0,28.79286864819875
2023-05-02,168.5399932861328,5.89,5.89,2022-12-31,387537000000.0,28.61459987880014
2023-05-03,167.4499969482422,5.89,5.89,2022-12-31,387537000000.0,28.42954107780003
2023-05-04,165.7899932861328,5.89,5.89,2022-12-31,387537000000.0,28.147706839750903
2023-05-05,173.57000732421875,5.89,5.890000000000001,2023-04-01,385095000000.0,29.468592075419146
2023-05-08,173.5,5.89,5.890000000000001,2023-04-01,385095000000.0,29.45670628183362
2023-05-09,171.77000427246094,5.89,5.890000000000001,2023-04-01,385095000000.0,29.16298884082529
2023-05-10,173.55999755859375,5.89,5.890000000000001,2023-04-01,385095000000.0,29.466892624549025
2023-05-11,173.75,5.89,5.890000000000001,2023-04-01,385095000000.0,29.499151103565367
2023-05-12,172.57000732421875,5.89,5.890000000000001,2023-04-01,385095000000.0,29.29881278849215
2023-05-15,172.07000732421875,5.89,5.890000000000001,2023-04-01,385095000000.0,29.21392314502865
2023-05-16,172.07000732421875,5.89,5.890000000000001,2023-04-01,385095000000.0,29.21392314502865
2023-05-17,172.69000244140625,5.89,5.890000000000001,2023-04-01,385095000000.0,29.319185473922964
2023-05-18,175.0500030517578,5.89,5.890000000000001,2023-04-01,385095000000.0,29.719864694695726
2023-05-19,175.16000366210938,5.89,5.890000000000001,2023-04-01,385095000000.0,29.738540519882747
2023-05-22,174.1999969482422,5.89,5.890000000000001,2023-04-01,385095000000.0,29.575551264557248
2023-05-23,171.55999755859375,5.89,5.890000000000001,2023-04-01,385095000000.0,29.127334050695037
2023-05-24,171.83999633789062,5.89,5.890000000000001,2023-04-01,385095000000.0,29.17487204378449
2023-05-25,172.99000549316406,5.89,5.890000000000001,2023-04-01,385095000000.0,29.370119778126327
2023-05-26,175.42999267578125,5.89,5.890000000000001,2023-04-01,385095000000.0,29.784379062102083
2023-05-30,177.3000030517578,5.89,5.890000000000001,2023-04-01,385095000000.0,30.101868090281464
2023-05-31,177.25,5.89,5.890000000000001,2023-04-01,385095000000.0,30.09337860780985
2023-06-01,180.08999633789062,5.89,5.890000000000001,2023-04-01,385095000000.0,30.575551160932196
2023-06-02,180.9499969482422,5.89,5.890000000000001,2023-04-01,385095000000.0,30.721561451314464
2023-06-05,179.5800018310547,5.89,5.890000000000001,2023-04-01,385095000000.0,30.488964657224905
2023-06-06,179.2100067138672,5.89,5.890000000000001,2023-04-01,385095000000.0,30.42614715006234
2023-06-07,177.82000732421875,5.89,5.890000000000001,2023-04-01,385095000000.0,30.190154044858872
2023-06-08,180.57000732421875,5.89,5.890000000000001,2023-04-01,385095000000.0,30.657047083908108
2023-06-09,180.9600067138672,5.89,5.890000000000001,2023-04-01,385095000000.0,30.723260902184585
2023-06-12,183.7899932861328,5.89,5.890000000000001,2023-04-01,385095000000.0,31.20373400443681
2023-06-13,183.30999755859375,5.89,5.890000000000001,2023-04-01,385095000000.0,31.122240672087226
2023-06-14,183.9499969482422,5.89,5.890000000000001,2023-04-01,385095000000.0,31.23089931209545
2023-06-15,186.00999450683594,5.89,5.890000000000001,2023-04-01,385095000000.0,31.58064422866485
2023-06-16,184.9199981689453,5.89,5.890000000000001,2023-04-01,385095000000.0,31.39558542766474
2023-06-20,185.00999450683594,5.89,5.890000000000001,2023-04-01,385095000000.0,31.410864941737852
2023-06-21,183.9600067138672,5.89,5.890000000000001,2023-04-01,385095000000.0,31.23259876296557
2023-06-22,187.0,5.89,5.890000000000001,2023-04-01,385095000000.0,31.74872665534805
2023-06-23,186.67999267578125,5.89,5.890000000000001,2023-04-01,385095000000.0,31.694396040030774
2023-06-26,185.27000427246094,5.89,5.890000000000001,2023-04-01,385095000000.0,31.455009214339718
2023-06-27,188.05999755859375,5.89,5.890000000000001,2023-04-01,385095000000.0,31.92869228499045
2023-06-28,189.25,5.89,5.890000000000001,2023-04-01,385095000000.0,32.130730050933785
2023-06-29,189.58999633789062,5.89,5.890000000000001,2023-04-01,385095000000.0,32.18845438673865
2023-06-30,193.97000122070312,5.89,5.890000000000001,2023-04-01,385095000000.0,32.93208849247931
2023-07-03,192.4600067138672,5.89,5.890000000000001,2023-04-01,385095000000.0,32.675722701845025
2023-07-05,191.3300018310547,5.89,5.890000000000001,2023-04-01,385095000000.0,32.483871278617094
2023-07-06,191.80999755859375,5.89,5.890000000000001,2023-04-01,385095000000.0,32.56536461096668
2023-07-07,190.67999267578125,5.89,5.890000000000001,2023-04-01,385095000000.0,32.37351318773875
2023-07-10,188.61000061035156,5.89,5.890000000000001,2023-04-01,385095000000.0,32.02207141092556
2023-07-11,188.0800018310547,5.89,5.890000000000001,2023-04-01,385095000000.0,31.932088596104364
2023-07-12,189.77000427246094,5.89,5.890000000000001,2023-04-01,385095000000.0,32.21901600551119
2023-07-13,190.5399932861328,5.89,5.890000000000001,2023-04-01,385095000000.0,32.34974419119403
2023-07-14,190.69000244140625,5.89,5.890000000000001,2023-04-01,385095000000.0,32.37521263860887
2023-07-17,193.99000549316406,5.89,5.890000000000001,2023-04-01,385095000000.0,32.93548480359322
2023-07-18,193.72999572753906,5.89,5.890000000000001,2023-04-01,385095000000.0,32.89134053099136
2023-07-19,195.10000610351562,5.89,5.890000000000001,2023-04-01,385095000000.0,33.12393991570724
2023-07-20,193.1300048828125,5.89,5.890000000000001,2023-04-01,385095000000.0,32.789474513210955
2023-07-21,191.94000244140625,5.89,5.890000000000001,2023-04-01,385095000000.0,32.58743674726762
2023-07-24,192.75,5.89,5.890000000000001,2023-04-01,385095000000.0,32.72495755517827
2023-07-25,193.6199951171875,5.89,5.890000000000001,2023-04-01,385095000000.0,32.87266470580433
2023-07-26,194.5,5.89,5.890000000000001,2023-04-01,385095000000.0,33.022071307300514
2023-07-27,193.22000122070312,5.89,5.890000000000001,2023-04-01,385095000000.0,32.80475402728406
2023-07-28,195.8300018310547,5.89,5.890000000000001,2023-04-01,385095000000.0,33.24787806978858
2023-07-31,196.4499969482422,5.89,5.890000000000001,2023-04-01,385095000000.0,33.35314039868289
2023-08-01,195.61000061035156,5.89,5.890000000000001,2023-04-01,385095000000.0,33.21052641941453
2023-08-02,192.5800018310547,5.89,5.890000000000001,2023-04-01,385095000000.0,32.69609538727584
2023-08-03,191.1699981689453,5.89,5.890000000000001,2023-04-01,385095000000.0,32.45670597095846
2023-08-04,181.99000549316406,5.95,5.949999999999999,2023-07-01,383933000000.0,30.58655554506959
2023-08-07,178.85000610351562,5.95,5.949999999999999,2023-07-01,383933000000.0,30.05882455521271
2023-08-08,179.8000030517578,5.95,5.949999999999999,2023-07-01,383933000000.0,30.218487907858457
2023-08-09,178.19000244140625,5.95,5.949999999999999,2023-07-01,383933000000.0,29.947899569984244
2023-08-10,177.97000122070312,5.95,5.949999999999999,2023-07-01,383933000000.0,29.910924574908087
2023-08-11,177.7899932861328,5.95,5.949999999999999,2023-07-01,383933000000.0,29.880671140526523
2023-08-14,179.4600067138672,5.95,5.949999999999999,2023-07-01,383933000000.0,30.161345666196166
2023-08-15,177.4499969482422,5.95,5.949999999999999,2023-07-01,383933000000.0,29.823528898864232
2023-08-16,176.57000732421875,5.95,5.949999999999999,2023-07-01,383933000000.0,29.675631483061974
2023-08-17,174.0,5.95,5.949999999999999,2023-07-01,383933000000.0,29.243697478991596
2023-08-18,174.49000549316406,5.95,5.949999999999999,2023-07-01,383933000000.0,29.32605134338892
2023-08-21,175.83999633789062,5.95,5.949999999999999,2023-07-01,383933000000.0,29.55294056099002
2023-08-22,177.22999572753906,5.95,5.949999999999999,2023-07-01,383933000000.0,29.786553903788075
2023-08-23,181.1199951171875,5.95,5.949999999999999,2023-07-01,383933000000.0,30.440335313813023
2023-08-24,176.3800048828125,5.95,5.949999999999999,2023-07-01,383933000000.0,29.64369829963235
2023-08-25,178.61000061035156,5.95,5.949999999999999,2023-07-01,383933000000.0,30.018487497538075
2023-08-28,180.19000244140625,5.95,5.949999999999999,2023-07-01,383933000000.0,30.284034023765756
2023-08-29,184.1199951171875,5.95,5.949999999999999,2023-07-01,383933000000.0,30.944536994485293
2023-08-30,187.64999389648438,5.95,5.949999999999999,2023-07-01,383933000000.0,31.537814100249474
2023-08-31,187.8699951171875,5.95,5.949999999999999,2023-07-01,383933000000.0,31.57478909532563
2023-09-01,189.4600067138672,5.95,5.949999999999999,2023-07-01,383933000000.0,31.84201793510373
2023-09-05,189.6999969482422,5.95,5.949999999999999,2023-07-01,383933000000.0,31.882352428275997
2023-09-06,182.91000366210938,5.95,5.949999999999999,2023-07-01,383933000000.0,30.741177086068802
2023-09-07,177.55999755859375,5.95,5.949999999999999,2023-07-01,383933000000.0,29.84201639640231
2023-09-08,178.17999267578125,5.95,5.949999999999999,2023-07-01,383933000000.0,29.946217256433822
2023-09-11,179.36000061035156,5.95,5.949999999999999,2023-07-01,383933000000.0,30.144537917706145
2023-09-12,176.3000030517578,5.95,5.949999999999999,2023-07-01,383933000000.0,29.630252613740808
2023-09-13,174.2100067138672,5.95,5.949999999999999,2023-07-01,383933000000.0,29.278992725019695
2023-09-14,175.74000549316406,5.95,5.949999999999999,2023-07-01,383933000000.0,29.536135377002363
2023-09-15,175.00999450683594,5.95,5.949999999999999,2023-07-01,383933000000.0,29.41344445493041
2023-09-18,177.97000122070312,5.95,5.949999999999999,2023-07-01,383933000000.0,29.910924574908087
2023-09-19,179.07000732421875,5.95,5.949999999999999,2023-07-01,383933000000.0,30.095799550288863
2023-09-20,175.49000549316406,5.95,5.949999999999999,2023-07-01,383933000000.0,29.494118570279674
2023-09-21,173.92999267578125,5.95,5.949999999999999,2023-07-01,383933000000.0,29.231931542148107
2023-09-22,174.7899932861328,5.95,5.949999999999999,2023-07-01,383933000000.0,29.376469459854253
2023-09-25,176.0800018310547,5.95,5.949999999999999,2023-07-01,383933000000.0,29.593277618664654
2023-09-26,171.9600067138672,5.95,5.949999999999999,2023-07-01,383933000000.0,28.900841464515494
2023-09-27,170.42999267578125,5.95,5.949999999999999,2023-07-01,383933000000.0,28.643696248030462
2023-09-28,170.69000244140625,5.95,5.949999999999999,2023-07-01,383933000000.0,28.68739536830357
2023-09-29,171.2100067138672,5.95,5.949999999999999,2023-07-01,383933000000.0,28.774791044347424
2023-10-02,173.75,5.95,5.949999999999999,2023-07-01,383933000000.0,29.201680672268907
2023-10-03,172.39999389648438,5.95,5.949999999999999,2023-07-01,383933000000.0,28.974788890165442
2023-10-04,173.66000366210938,5.95,5.949999999999999,2023-07-01,383933000000.0,29.186555237329305
2023-10-05,174.91000366210938,5.95,5.949999999999999,2023-07-01,383933000000.0,29.39663927094275
2023-10-06,177.49000549316406,5.95,5.949999999999999,2023-07-01,383933000000.0,29.830253024061186
2023-10-09,178.99000549316406,5.95,5.949999999999999,2023-07-01,383933000000.0,30.08235386439732
2023-10-10,178.38999938964844,5.95,5.949999999999999,2023-07-01,383933000000.0,29.98151250246192
2023-10-11,179.8000030517578,5.95,5.949999999999999,2023-07-01,383933000000.0,30.218487907858457
2023-10-12,180.7100067138672,5.95,5.949999999999999,2023-07-01,383933000000.0,30.37142969980961
2023-10-13,178.85000610351562,5.95,5.949999999999999,2023-07-01,383933000000.0,30.05882455521271
2023-10-16,178.72000122070312,5.95,5.949999999999999,2023-07-01,383933000000.0,30.036974995076154
2023-10-17,177.14999389648438,5.95,5.949999999999999,2023-07-01,383933000000.0,29.77310821789653
2023-10-18,175.83999633789062,5.95,5.949999999999999,2023-07-01,383933000000.0,29.55294056099002
2023-10-19,175.4600067138672,5.95,5.949999999999999,2023-07-01,383933000000.0,29.48907675863314
2023-10-20,172.8800048828125,5.95,5.949999999999999,2023-07-01,383933000000.0,29.055463005514707
2023-10-23,173.0,5.95,5.949999999999999,2023-07-01,383933000000.0,29.07563025210084
2023-10-24,173.44000244140625,5.95,5.949999999999999,2023-07-01,383933000000.0,29.14958024225315
2023-10-25,171.10000610351562,5.95,5.949999999999999,2023-07-01,383933000000.0,28.75630354680935
2023-10-26,166.88999938964844,5.95,5.949999999999999,2023-07-01,383933000000.0,28.048739393218224
2023-10-27,168.22000122070312,5.95,5.949999999999999,2023-07-01,383933000000.0,28.27226911272321
2023-10-30,170.2899932861328,5.95,5.949999999999999,2023-07-01,383933000000.0,28.62016693884585
2023-10-31,170.77000427246094,5.95,5.949999999999999,2023-07-01,383933000000.0,28.700841054195116
2023-11-01,173.97000122070312,5.95,5.949999999999999,2023-07-01,383933000000.0,29.23865566734506
2023-11-02,177.57000732421875,5.95,5.949999999999999,2023-07-01,383933000000.0,29.84369870995273
2023-11-03,176.64999389648438,6.13,6.13,2023-09-30,383285000000.0,28.81729101084574
2023-11-06,179.22999572753906,6.13,6.13,2023-09-30,383285000000.0,29.23817222308957
2023-11-07,181.82000732421875,6.13,6.13,2023-09-30,383285000000.0,29.66068634979099
2023-11-08,182.88999938964844,6.13,6.13,2023-09-30,383285000000.0,29.83523644203074
2023-11-09,182.41000366210938,6.13,6.13,2023-09-30,383285000000.0,29.756933713231547
2023-11-10,186.39999389648438,6.13,6.13,2023-09-30,383285000000.0,30.40782934689794
2023-11-13,184.8000030517578,6.13,6.13,2023-09-30,383285000000.0,30.14681942116767
2023-11-14,187.44000244140625,6.13,6.13,2023-09-30,383285000000.0,30.577488163361544
2023-11-15,188.00999450683594,6.13,6.13,2023-09-30,383285000000.0,30.6704721870858
2023-11-16,189.7100067138672,6.13,6.13,2023-09-30,383285000000.0,30.947798811397583
2023-11-17,189.69000244140625,6.13,6.13,2023-09-30,383285000000.0,30.94453547168128
2023-11-20,191.4499969482422,6.13,6.13,2023-09-30,383285000000.0,31.23164713674424
2023-11-21,190.63999938964844,6.13,6.13,2023-09-30,383285000000.0,31.09951050402095
2023-11-22,191.30999755859375,6.13,6.13,2023-09-30,383285000000.0,31.208808737127857
2023-11-24,189.97000122070312,6.13,6.13,2023-09-30,383285000000.0,30.99021227091405
2023-11-27,189.7899932861328,6.13,6.13,2023-09-30,383285000000.0,30.96084719186506
2023-11-28,190.39999389648438,6.13,6.13,2023-09-30,383285000000.0,31.060357895021923
2023-11-29,189.3699951171875,6.13,6.13,2023-09-30,383285000000.0,30.892331993015905
2023-11-30,189.9499969482422,6.13,6.13,2023-09-30,383285000000.0,30.986948931197748
2023-12-01,191.24000549316406,6.13,6.13,2023-09-30,383285000000.0,31.197390781919097
2023-12-04,189.42999267578125,6.13,6.13,2023-09-30,383285000000.0,30.902119522965947
2023-12-05,193.4199981689453,6.13,6.13,2023-09-30,383285000000.0,31.55301764583121
2023-12-06,192.32000732421875,6.13,6.13,2023-09-30,383285000000.0,31.373573788616437
2023-12-07,194.27000427246094,6.13,6.13,2023-09-30,383285000000.0,31.691680957987103
2023-12-08,195.7100067138672,6.13,6.13,2023-09-30,383285000000.0,31.926591633583556
2023-12-11,193.17999267578125,6.13,6.13,2023-09-30,383285000000.0,31.51386503683218
2023-12-12,194.7100067138672,6.13,6.13,2023-09-30,383285000000.0,31.76345949655256
2023-12-13,197.9600067138672,6.13,6.13,2023-09-30,383285000000.0,32.293638941903296
2023-12-14,198.11000061035156,6.13,6.13,2023-09-30,383285000000.0,32.3181077667784
2023-12-15,197.57000732421875,6.13,6.13,2023-09-30,383285000000.0,32.230017508029164
2023-12-18,195.88999938964844,6.13,6.13,2023-09-30,383285000000.0,31.95595422343368
2023-12-19,196.94000244140625,6.13,6.13,2023-09-30,383285000000.0,32.127243465156
2023-12-20,194.8300018310547,6.13,6.13,2023-09-30,383285000000.0,31.78303455645264
2023-12-21,194.67999267578125,6.13,6.13,2023-09-30,383285000000.0,31.75856324237867
2023-12-22,193.60000610351562,6.13,6.13,2023-09-30,383285000000.0,31.5823827248802
2023-12-26,193.0500030517578,6.13,6.13,2023-09-30,383285000000.0,31.49265955167338
2023-12-27,193.14999389648438,6.13,6.13,2023-09-30,383285000000.0,31.50897127185716
2023-12-28,193.5800018310547,6.13,6.13,2023-09-30,383285000000.0,31.579119385163896
2023-12-29,192.52999877929688,6.13,6.13,2023-09-30,383285000000.0,31.40783014344158
2024-01-02,185.63999938964844,6.13,6.13,2023-09-30,383285000000.0,30.283849818865978
2024-01-03,184.25,6.13,6.13,2023-09-30,383285000000.0,30.05709624796085
2024-01-04,181.91000366210938,6.13,6.13,2023-09-30,383285000000.0,29.675367644716047
2024-01-05,181.17999267578125,6.13,6.13,2023-09-30,383285000000.0,29.556279392460237
2024-01-08,185.55999755859375,6.13,6.13,2023-09-30,383285000000.0,30.270798949199634
2024-01-09,185.13999938964844,6.13,6.13,2023-09-30,383285000000.0,30.202283750350478
2024-01-10,186.19000244140625,6.13,6.13,2023-09-30,383285000000.0,30.3735729920728
2024-01-11,185.58999633789062,6.13,6.13,2023-09-30,383285000000.0,30.275692714174653
2024-01-12,185.9199981689453,6.13,6.13,2023-09-30,383285000000.0,30.329526618098747
2024-01-16,183.6300048828125,6.13,6.13,2023-09-30,383285000000.0,29.95595511954527
2024-01-17,182.67999267578125,6.13,6.13,2023-09-30,383285000000.0,29.800977598006728
2024-01-18,188.6300048828125,6.13,6.13,2023-09-30,383285000000.0,30.771615804700247
2024-01-19,191.55999755859375,6.13,6.13,2023-09-30,383285000000.0,31.249591771385603
2024-01-22,193.88999938964844,6.13,6.13,2023-09-30,383285000000.0,31.629689949371688
2024-01-23,195.17999267578125,6.13,6.13,2023-09-30,383285000000.0,31.84012931089417
2024-01-24,194.5,6.13,6.13,2023-09-30,383285000000.0,31.729200652528547
2024-01-25,194.1699981689453,6.13,6.13,2023-09-30,383285000000.0,31.675366748604457
2024-01-26,192.4199981689453,6.13,6.13,2023-09-30,383285000000.0,31.389885508800216
2024-01-29,191.72999572753906,6.13,6.13,2023-09-30,383285000000.0,31.27732393597701
2024-01-30,188.0399932861328,6.13,6.13,2023-09-30,383285000000.0,30.67536595206082
2024-01-31,184.39999389648438,6.13,6.13,2023-09-30,383285000000.0,30.08156507283595
2024-02-01,186.86000061035156,6.13,6.13,2023-09-30,383285000000.0,30.4828712251797
2024-02-02,185.85000610351562,6.43,6.43,2023-12-30,385706000000.0,28.903577932117518
2024-02-05,187.67999267578125,6.43,6.43,2023-12-30,385706000000.0,29.1881792652848
2024-02-06,189.3000030517578,6.43,6.43,2023-12-30,385706000000.0,29.440124891408683
2024-02-07,189.41000366210938,6.43,6.43,2023-12-30,385706000000.0,29.457232295817946
2024-02-08,188.32000732421875,6.43,6.43,2023-12-30,385706000000.0,29.287714980438377
2024-02-09,188.85000610351562,6.43,6.43,2023-12-30,385706000000.0,29.370140918120626
2024-02-12,187.14999389648438,6.43,6.43,2023-12-30,385706000000.0,29.10575332760255
2024-02-13,185.0399932861328,6.43,6.43,2023-12-30,385706000000.0,28.777603932524546
2024-02-14,184.14999389648438,6.43,6.43,2023-12-30,385706000000.0,28.639190341599438
2024-02-15,183.86000061035156,6.43,6.43,2023-12-30,385706000000.0,28.59409029709978
2024-02-16,182.30999755859375,6.43,6.43,2023-12-30,385706000000.0,28.35303227971909
2024-02-20,181.55999755859375,6.43,6.43,2023-12-30,385706000000.0,28.236391533218313
2024-02-21,182.32000732421875,6.43,6.43,2023-12-30,385706000000.0,28.354589008432153
2024-02-22,184.3699951171875,6.43,6.43,2023-12-30,385706000000.0,28.673405150417963
2024-02-23,182.52000427246094,6.43,6.43,2023-12-30,385706000000.0,28.385692732886618
2024-02-26,181.16000366210938,6.43,6.43,2023-12-30,385706000000.0,28.174184084309392
2024-02-27,182.6300048828125,6.43,6.43,2023-12-30,385706000000.0,28.40280013729588
2024-02-28,181.4199981689453,6.43,6.43,2023-12-30,385706000000.0,28.214618688793983
2024-02-29,180.75,6.43,6.43,2023-12-30,385706000000.0,28.110419906687405
2024-03-01,179.66000366210938,6.43,6.43,2023-12-30,385706000000.0,27.940902591307836
2024-03-04,175.10000610351562,6.43,6.43,2023-12-30,385706000000.0,27.231727232273037
2024-03-05,170.1199951171875,6.43,6.43,2023-12-30,385706000000.0,26.45723096690319
2024-03-06,169.1199951171875,6.43,6.43,2023-12-30,385706000000.0,26.30170997156882
2024-03-07,169.0,6.43,6.43,2023-12-30,385706000000.0,26.283048211508554
2024-03-08,170.72999572753906,6.43,6.43,2023-12-30,385706000000.0,26.552098868979638
2024-03-11,172.75,6.43,6.43,2023-12-30,385706000000.0,26.866251944012443
2024-03-12,173.22999572753906,6.43,6.43,2023-12-30,385706000000.0,26.940901357315564
2024-03-13,171.1300048828125,6.43,6.43,2023-12-30,385706000000.0,26.614308690950622
2024-03-14,173.0,6.43,6.43,2023-12-30,385706000000.0,26.905132192846036
2024-03-15,172.6199951171875,6.43,6.43,2023-12-30,385706000000.0,26.846033455239116
2024-03-18,173.72000122070312,6.43,6.43,2023-12-30,385706000000.0,27.017107499331747
2024-03-19,176.0800018310547,6.43,6.43,2023-12-30,385706000000.0,27.384137143243343
2024-03-20,178.6699981689453,6.43,6.43,2023-12-30,385706000000.0,27.786935951624468
2024-03-21,171.3699951171875,6.43,6.43,2023-12-30,385706000000.0,26.651632211071153
2024-03-22,172.27999877929688,6.43,6.43,2023-12-30,385706000000.0,26.793156886360325
2024-03-25,170.85000610351562,6.43,6.43,2023-12-30,385706000000.0,26.570763002101966
2024-03-26,169.7100067138672,6.43,6.43,2023-12-30,385706000000.0,26.393469162343266
2024-03-27,173.30999755859375,6.43,6.43,2023-12-30,385706000000.0,26.95334332170976
2024-03-28,171.47999572753906,6.43,6.43,2023-12-30,385706000000.0,26.668739615480415
2024-04-01,170.02999877929688,6.43,6.43,2023-12-30,385706000000.0,26.44323464685799
2024-04-02,168.83999633789062,6.43,6.43,2023-12-30,385706000000.0,26.25816428272016
2024-04-03,169.64999389648438,6.43,6.43,2023-12-30,385706000000.0,26.38413590925107
2024-04-04,168.82000732421875,6.43,6.43,2023-12-30,385706000000.0,26.255055571418158
2024-04-05,169.5800018310547,6.43,6.43,2023-12-30,385706000000.0,26.373250673569938
2024-04-08,168.4499969482422,6.43,6.43,2023-12-30,385706000000.0,26.19751118946224
2024-04-09,169.6699981689453,6.43,6.43,2023-12-30,385706000000.0,26.387246993615136
2024-04-10,167.77999877929688,6.43,6.43,2023-12-30,385706000000.0,26.093312407355658
2024-04-11,175.0399932861328,6.43,6.43,2023-12-30,385706000000.0,27.222393979180843
2024-04-12,176.5500030517578,6.43,6.43,2023-12-30,385706000000.0,27.45723220089546
2024-04-15,172.69000244140625,6.43,6.43,2023-12-30,385706000000.0,26.85692106398231
2024-04-16,169.3800048828125,6.43,6.43,2023-12-30,385706000000.0,26.342146949115474
2024-04-17,168.0,6.43,6.43,2023-12-30,385706000000.0,26.127527216174183
2024-04-18,167.0399932861328,6.43,6.43,2023-12-30,385706000000.0,25.978226016505882
2024-04-19,165.0,6.43,6.43,2023-12-30,385706000000.0,25.660964230171075
2024-04-22,165.83999633789062,6.43,6.43,2023-12-30,385706000000.0,25.79160129671705
2024-04-23,166.89999389648438,6.43,6.43,2023-12-30,385706000000.0,25.956453172081552
2024-04-24,169.02000427246094,6.43,6.43,2023-12-30,385706000000.0,26.28615929587262
2024-04-25,169.88999938964844,6.43,6.43,2023-12-30,385706000000.0,26.42146180243366
2024-04-26,169.3000030517578,6.43,6.43,2023-12-30,385706000000.0,26.32970498472128
2024-04-29,173.5,6.43,6.43,2023-12-30,385706000000.0,26.98289269051322
2024-04-30,170.3300018310547,6.43,6.43,2023-12-30,385706000000.0,26.489891420070716
2024-05-01,169.3000030517578,6.43,6.43,2023-12-30,385706000000.0,26.32970498472128
2024-05-02,173.02999877929688,6.43,6.43,2023-12-30,385706000000.0,26.909797632861103
2024-05-03,183.3800048828125,6.4399999999999995,6.44,2024-03-30,381623000000.0,28.475156037703808
2024-05-06,181.7100067138672,6.4399999999999995,6.44,2024-03-30,381623000000.0,28.215839551842734
2024-05-07,182.39999389648438,6.4399999999999995,6.44,2024-03-30,381623000000.0,28.322980418708756
2024-05-08,182.74000549316406,6.4399999999999995,6.44,2024-03-30,381623000000.0,28.375777250491318
2024-05-09,184.57000732421875,6.4399999999999995,6.44,2024-03-30,381623000000.0,28.65993902549981
2024-05-10,183.0500030517578,6.4399999999999995,6.44,2024-03-30,381623000000.0,28.4239135173537
2024-05-13,186.27999877929688,6.4399999999999995,6.44,2024-03-30,381623000000.0,28.925465648959143
2024-05-14,187.42999267578125,6.4399999999999995,6.44,2024-03-30,381623000000.0,29.1040361297797
2024-05-15,189.72000122070312,6.4399999999999995,6.44,2024-03-30,381623000000.0,29.459627518742725
2024-05-16,189.83999633789062,6.4399999999999995,6.44,2024-03-30,381623000000.0,29.478260300914695
2024-05-17,189.8699951171875,6.4399999999999995,6.44,2024-03-30,381623000000.0,29.48291849645769
2024-05-20,191.0399932861328,6.4399999999999995,6.44,2024-03-30,381623000000.0,29.66459523076597
2024-05-21,192.35000610351562,6.4399999999999995,6.44,2024-03-30,381623000000.0,29.868013370111125
2024-05-22,190.89999389648438,6.4399999999999995,6.44,2024-03-30,381623000000.0,29.642856195106273
2024-05-23,186.8800048828125,6.4399999999999995,6.44,2024-03-30,381623000000.0,29.01863429857337
2024-05-24,189.97999572753906,6.4399999999999995,6.44,2024-03-30,381623000000.0,29.49999933657439
2024-05-28,189.99000549316406,6.4399999999999995,6.44,2024-03-30,381623000000.0,29.501553648006844
2024-05-29,190.2899932861328,6.4399999999999995,6.44,2024-03-30,381623000000.0,29.548135603436773
2024-05-30,191.2899932861328,6.4399999999999995,6.44,2024-03-30,381623000000.0,29.703415106542366
2024-05-31,192.25,6.4399999999999995,6.44,2024-03-30,381623000000.0,29.852484472049692
2024-06-03,194.02999877929688,6.4399999999999995,6.44,2024-03-30,381623000000.0,30.128881798027468
2024-06-04,194.35000610351562,6.4399999999999995,6.44,2024-03-30,381623000000.0,30.178572376322304
2024-06-05,195.8699951171875,6.4399999999999995,6.44,2024-03-30,381623000000.0,30.41459551509123
2024-06-06,194.47999572753906,6.4399999999999995,6.44,2024-03-30,381623000000.0,30.198757100549546
2024-06-07,196.88999938964844,6.4399999999999995,6.44,2024-03-30,381623000000.0,30.572981271684544
2024-06-10,193.1199951171875,6.4399999999999995,6.44,2024-03-30,381623000000.0,29.987576881550858
2024-06-11,207.14999389648438,6.4399999999999995,6.44,2024-03-30,381623000000.0,32.16614812057211
2024-06-12,213.07000732421875,6.4399999999999995,6.44,2024-03-30,381623000000.0,33.08540486400913
2024-06-13,214.24000549316406,6.4399999999999995,6.44,2024-03-30,381623000000.0,33.267081598317404
2024-06-14,212.49000549316406,6.4399999999999995,6.44,2024-03-30,381623000000.0,32.99534246788262
2024-06-17,216.6699981689453,6.4399999999999995,6.44,2024-03-30,381623000000.0,33.64440965356294
2024-06-18,214.2899932861328,6.4399999999999995,6.44,2024-03-30,381623000000.0,33.274843677970935
2024-06-20,209.67999267578125,6.4399999999999995,6.44,2024-03-30,381623000000.0,32.55900507387908
2024-06-21,207.49000549316406,6.4399999999999995,6.44,2024-03-30,381623000000.0,32.21894495235467
2024-06-24,208.13999938964844,6.4399999999999995,6.44,2024-03-30,381623000000.0,32.31987568162243
2024-06-25,209.07000732421875,6.4399999999999995,6.44,2024-03-30,381623000000.0,32.46428685158676
2024-06-26,213.25,6.4399999999999995,6.44,2024-03-30,381623000000.0,33.11335403726709
2024-06-27,214.10000610351562,6.4399999999999995,6.44,2024-03-30,381623000000.0,33.24534256265771
2024-06-28,210.6199951171875,6.4399999999999995,6.44,2024-03-30,381623000000.0,32.704968185898686
2024-07-01,216.75,6.4399999999999995,6.44,2024-03-30,381623000000.0,33.65683229813665
2024-07-02,220.27000427246094,6.4399999999999995,6.44,2024-03-30,381623000000.0,34.203416812493934
2024-07-03,221.5500030517578,6.4399999999999995,6.44,2024-03-30,381623000000.0,34.402174386918915
2024-07-05,226.33999633789062,6.4399999999999995,6.44,2024-03-30,381623000000.0,35.14596216426873
2024-07-08,227.82000732421875,6.4399999999999995,6.44,2024-03-30,381623000000.0,35.37577753481658
2024-07-09,228.67999267578125,6.4399999999999995,6.44,2024-03-30,381623000000.0,35.50931563288529
2024-07-10,232.97999572753906,6.4399999999999995,6.44,2024-03-30,381623000000.0,36.17701797011476
2024-07-11,227.57000732421875,6.4399999999999995,6.44,2024-03-30,381623000000.0,35.33695765904018
2024-07-12,230.5399932861328,6.4399999999999995,6.44,2024-03-30,381623000000.0,35.798135603436776
2024-07-15,234.39999389648438,6.4399999999999995,6.44,2024-03-30,381623000000.0,36.39751458019944
2024-07-16,234.82000732421875,6.4399999999999995,6.44,2024-03-30,381623000000.0,36.46273405655571
2024-07-17,228.8800048828125,6.4399999999999995,6.44,2024-03-30,381623000000.0,35.540373429008156
2024-07-18,224.17999267578125,6.4399999999999995,6.44,2024-03-30,381623000000.0,34.81055786891014
2024-07-19,224.30999755859375,6.4399999999999995,6.44,2024-03-30,381623000000.0,34.83074496251456
2024-07-22,223.9600067138672,6.4399999999999995,6.44,2024-03-30,381623000000.0,34.77639855805391
2024-07-23,225.00999450683594,6.4399999999999995,6.44,2024-03-30,381623000000.0,34.93944014081303
2024-07-24,218.5399932861328,6.4399999999999995,6.44,2024-03-30,381623000000.0,33.9347815661697
2024-07-25,217.49000549316406,6.4399999999999995,6.44,2024-03-30,381623000000.0,33.77173998341057
2024-07-26,217.9600067138672,6.4399999999999995,6.44,2024-03-30,381623000000.0,33.84472153942038
2024-07-29,218.24000549316406,6.4399999999999995,6.44,2024-03-30,381623000000.0,33.88819961073976
2024-07-30,218.8000030517578,6.4399999999999995,6.44,2024-03-30,381623000000.0,33.975155753378544
2024-07-31,222.0800018310547,6.4399999999999995,6.44,2024-03-30,381623000000.0,34.484472334014704
2024-08-01,218.36000061035156,6.4399999999999995,6.44,2024-03-30,381623000000.0,33.90683239291174
2024-08-02,219.86000061035156,6.58,6.58,2024-06-29,385603000000.0,33.413373952940965
2024-08-05,209.27000427246094,6.58,6.58,2024-06-29,385603000000.0,31.803952017091326
2024-08-06,207.22999572753906,6.58,6.58,2024-06-29,385603000000.0,31.493920323334205
2024-08-07,209.82000732421875,6.58,6.58,2024-06-29,385603000000.0,31.887539107024125
2024-08-08,213.30999755859375,6.58,6.58,2024-06-29,385603000000.0,32.4179327596647
2024-08-09,216.24000549316406,6.58,6.58,2024-06-29,385603000000.0,32.86322271932585
2024-08-12,217.52999877929688,6.58,6.58,2024-06-29,385603000000.0,33.05927033120013
2024-08-13,221.27000427246094,6.58,6.58,2024-06-29,385603000000.0,33.62766022377826
2024-08-14,221.72000122070312,6.58,6.58,2024-06-29,385603000000.0,33.696048817736035
2024-08-15,224.72000122070312,6.58,6.58,2024-06-29,385603000000.0,34.15197586940777
2024-08-16,226.0500030517578,6.58,6.58,2024-06-29,385603000000.0,34.35410380725803
2024-08-19,225.88999938964844,6.58,6.58,2024-06-29,385603000000.0,34.32978714128396
2024-08-20,226.50999450683594,6.58,6.58,2024-06-29,385603000000.0,34.42401132322735
2024-08-21,226.39999389648438,6.58,6.58,2024-06-29,385603000000.0,34.407293905240785
2024-08-22,224.52999877929688,6.58,6.58,2024-06-29,385603000000.0,34.123100118434174
2024-08-23,226.83999633789062,6.58,6.58,2024-06-29,385603000000.0,34.47416357718703
2024-08-26,227.17999267578125,6.58,6.58,2024-06-29,385603000000.0,34.52583475315824
2024-08-27,228.02999877929688,6.58,6.58,2024-06-29,385603000000.0,34.655015012051194
2024-08-28,226.49000549316406,6.58,6.58,2024-06-29,385603000000.0,34.420973479204264
2024-08-29,229.7899932861328,6.58,6.58,2024-06-29,385603000000.0,34.92249138087125
2024-08-30,229.0,6.58,6.58,2024-06-29,385603000000.0,34.80243161094225
2024-09-03,222.77000427246094,6.58,6.58,2024-06-29,385603000000.0,33.855623749614125
2024-09-04,220.85000610351562,6.58,6.58,2024-06-29,385603000000.0,33.56383071482
2024-09-05,222.3800048828125,6.58,6.58,2024-06-29,385603000000.0,33.796353325655396
2024-09-06,220.82000732421875,6.58,6.58,2024-06-29,385603000000.0,33.55927162982048
2024-09-09,220.91000366210938,6.58,6.58,2024-06-29,385603000000.0,33.572948884819056
2024-09-10,220.11000061035156,6.58,6.58,2024-06-29,385603000000.0,33.45136787391361
2024-09-11,222.66000366210938,6.58,6.58,2024-06-29,385603000000.0,33.83890633162756
2024-09-12,222.77000427246094,6.58,6.58,2024-06-29,385603000000.0,33.855623749614125
2024-09-13,222.5,6.58,6.58,2024-06-29,385603000000.0,33.81458966565349
2024-09-16,216.32000732421875,6.58,6.58,2024-06-29,385603000000.0,32.87538105231288
2024-09-17,216.7899932861328,6.58,6.58,2024-06-29,385603000000.0,32.94680749029374
2024-09-18,220.69000244140625,6.58,6.58,2024-06-29,385603000000.0,33.53951404884594
2024-09-19,228.8699951171875,6.58,6.58,2024-06-29,385603000000.0,34.7826740299677
2024-09-20,228.1999969482422,6.58,6.58,2024-06-29,385603000000.0,34.680850600036806
2024-09-23,226.47000122070312,6.58,6.58,2024-06-29,385603000000.0,34.41793331621628
2024-09-24,227.3699951171875,6.58,6.58,2024-06-29,385603000000.0,34.55471050413184
2024-09-25,226.3699951171875,6.58,6.58,2024-06-29,385603000000.0,34.402734820241264
2024-09-26,227.52000427246094,6.58,6.58,2024-06-29,385603000000.0,34.57750824809437
2024-09-27,227.7899932861328,6.58,6.58,2024-06-29,385603000000.0,34.61854001309009
2024-09-30,233.0,6.58,6.58,2024-06-29,385603000000.0,35.410334346504555
2024-10-01,226.2100067138672,6.58,6.58,2024-06-29,385603000000.0,34.3784204732321
2024-10-02,226.77999877929688,6.58,6.58,2024-06-29,385603000000.0,34.46504540718797
2024-10-03,225.6699981689453,6.58,6.58,2024-06-29,385603000000.0,34.29635230531084
2024-10-04,226.8000030517578,6.58,6.58,2024-06-29,385603000000.0,34.46808557017596
2024-10-07,221.69000244140625,6.58,6.58,2024-06-29,385603000000.0,33.691489732736514
2024-10-08,225.77000427246094,6.58,6.58,2024-06-29,385603000000.0,34.311550801285854
2024-10-09,229.5399932861328,6.58,6.58,2024-06-29,385603000000.0,34.884497459898604
2024-10-10,229.0399932861328,6.58,6.58,2024-06-29,385603000000.0,34.80850961795331
2024-10-11,227.5500030517578,6.58,6.58,2024-06-29,385603000000.0,34.58206733309389
2024-10-14,231.3000030517578,6.58,6.58,2024-06-29,385603000000.0,35.151976147683555
2024-10-15,233.85000610351562,6.58,6.58,2024-06-29,385603000000.0,35.539514605397514
2024-10-16,231.77999877929688,6.58,6.58,2024-06-29,385603000000.0,35.22492382664086
2024-10-17,232.14999389648438,6.58,6.58,2024-06-29,385603000000.0,35.281154087611604
2024-10-18,235.0,6.58,6.58,2024-06-29,385603000000.0,35.714285714285715
2024-10-21,236.47999572753906,6.58,6.58,2024-06-29,385603000000.0,35.9392090771336
2024-10-22,235.86000061035156,6.58,6.58,2024-06-29,385603000000.0,35.84498489519021
2024-10-23,230.75999450683594,6.58,6.58,2024-06-29,385603000000.0,35.0699079797623
2024-10-24,230.57000732421875,6.58,6.58,2024-06-29,385603000000.0,35.04103454775361
2024-10-25,231.41000366210938,6.58,6.58,2024-06-29,385603000000.0,35.16869356567012
2024-10-28,233.39999389648438,6.58,6.58,2024-06-29,385603000000.0,35.471123692474826
2024-10-29,233.6699981689453,6.58,6.58,2024-06-29,385603000000.0,35.51215777643546
2024-10-30,230.10000610351562,6.58,6.58,2024-06-29,385603000000.0,34.96960579080785
2024-10-31,225.91000366210938,6.58,6.58,2024-06-29,385603000000.0,34.332827304271945
2024-11-01,222.91000366210938,6.080000000000001,6.08,2024-09-28,391035000000.0,36.662829549689036
2024-11-04,222.00999450683594,6.080000000000001,6.08,2024-09-28,391035000000.0,36.51480172809801
2024-11-05,223.4499969482422,6.080000000000001,6.08,2024-09-28,391035000000.0,36.75164423490825
2024-11-06,222.72000122070312,6.080000000000001,6.08,2024-09-28,391035000000.0,36.63157914814195
2024-11-07,227.47999572753906,6.080000000000001,6.08,2024-09-28,391035000000.0,37.41447298150313
2024-11-08,226.9600067138672,6.080000000000001,6.08,2024-09-28,391035000000.0,37.32894847267552
2024-11-11,224.22999572753906,6.080000000000001,6.08,2024-09-28,391035000000.0,36.87993350781892
2024-11-12,224.22999572753906,6.080000000000001,6.08,2024-09-28,391035000000.0,36.87993350781892
2024-11-13,225.1199951171875,6.080000000000001,6.08,2024-09-28,391035000000.0,37.02631498637952
2024-11-14,228.22000122070312,6.080000000000001,6.08,2024-09-28,391035000000.0,37.53618441129985
2024-11-15,225.0,6.080000000000001,6.08,2024-09-28,391035000000.0,37.00657894736842
2024-11-18,228.02000427246094,6.080000000000001,6.08,2024-09-28,391035000000.0,37.503290176391594
2024-11-19,228.27999877929688,6.080000000000001,6.08,2024-09-28,391035000000.0,37.5460524308054
2024-11-20,229.0,6.080000000000001,6.08,2024-09-28,391035000000.0,37.66447368421052
2024-11-21,228.52000427246094,6.080000000000001,6.08,2024-09-28,391035000000.0,37.58552701849686
2024-11-22,229.8699951171875,6.080000000000001,6.08,2024-09-28,391035000000.0,37.80756498637952
2024-11-25,232.8699951171875,6.080000000000001,6.08,2024-09-28,391035000000.0,38.30098603901109
2024-11-26,235.05999755859375,6.080000000000001,6.08,2024-09-28,391035000000.0,38.66118380897923
2024-11-27,234.92999267578125,6.080000000000001,6.08,2024-09-28,391035000000.0,38.6398014269377
2024-11-29,237.3300018310547,6.080000000000001,6.08,2024-09-28,391035000000.0,39.03453977484452
2024-12-02,239.58999633789062,6.080000000000001,6.08,2024-09-28,391035000000.0,39.406249397679375
2024-12-03,242.64999389648438,6.080000000000001,6.08,2024-09-28,391035000000.0,39.9095384698165
2024-12-04,243.00999450683594,6.080000000000001,6.08,2024-09-28,391035000000.0,39.96874909651906
2024-12-05,243.0399932861328,6.080000000000001,6.08,2024-09-28,391035000000.0,39.973683106271835
2024-12-06,242.83999633789062,6.080000000000001,6.08,2024-09-28,391035000000.0,39.94078887136358
2024-12-09,246.75,6.080000000000001,6.08,2024-09-28,391035000000.0,40.58388157894736
2024-12-10,247.77000427246094,6.080000000000001,6.08,2024-09-28,391035000000.0,40.75164543954949
2024-12-11,246.49000549316406,6.080000000000001,6.08,2024-09-28,391035000000.0,40.541119324533554
2024-12-12,247.9600067138672,6.080000000000001,6.08,2024-09-28,391035000000.0,40.78289584109657
2024-12-13,248.1300048828125,6.080000000000001,6.08,2024-09-28,391035000000.0,40.81085606625205
2024-12-16,251.0399932861328,6.080000000000001,6.08,2024-09-28,391035000000.0,41.28947257995605
2024-12-17,253.47999572753906,6.080000000000001,6.08,2024-09-28,391035000000.0,41.690788770976816
2024-12-18,248.0500030517578,6.080000000000001,6.08,2024-09-28,391035000000.0,40.797697870354895
2024-12-19,249.7899932861328,6.080000000000001,6.08,2024-09-28,391035000000.0,41.08388047469289
2024-12-20,254.49000549316406,6.080000000000001,6.08,2024-09-28,391035000000.0,41.856908798217766
2024-12-23,255.27000427246094,6.080000000000001,6.08,2024-09-28,391035000000.0,41.98519807112844
2024-12-24,258.20001220703125,6.080000000000001,6.08,2024-09-28,391035000000.0,42.467107270893294
2024-12-26,259.0199890136719,6.080000000000001,6.08,2024-09-28,391035000000.0,42.60197187724866
2024-12-27,255.58999633789062,6.080000000000001,6.08,2024-09-28,391035000000.0,42.03782834504779
2024-12-30,252.1999969482422,6.080000000000001,6.08,2024-09-28,391035000000.0,41.48026265596088
2024-12-31,250.4199981689453,6.080000000000001,6.08,2024-09-28,391035000000.0,41.18749969883968
2025-01-02,243.85000610351562,6.080000000000001,6.08,2024-09-28,391035000000.0,40.10690889860454
2025-01-03,243.36000061035156,6.080000000000001,6.08,2024-09-28,391035000000.0,40.02631588986045
2025-01-06,245.0,6.080000000000001,6.08,2024-09-28,391035000000.0,40.29605263157894
2025-01-07,242.2100067138672,6.080000000000001,6.08,2024-09-28,391035000000.0,39.83717215688604
2025-01-08,242.6999969482422,6.080000000000001,6.08,2024-09-28,391035000000.0,39.91776265596088
2025-01-10,236.85000610351562,6.080000000000001,6.08,2024-09-28,391035000000.0,38.95559310913085
2025-01-13,234.39999389648438,6.080000000000001,6.08,2024-09-28,391035000000.0,38.55263057507966
2025-01-14,233.27999877929688,6.080000000000001,6.08,2024-09-28,391035000000.0,38.36842085185803
2025-01-15,237.8699951171875,6.080000000000001,6.08,2024-09-28,391035000000.0,39.12335446006373
2025-01-16,228.25999450683594,6.080000000000001,6.08,2024-09-28,391035000000.0,37.5427622544138
2025-01-17,229.97999572753906,6.080000000000001,6.08,2024-09-28,391035000000.0,37.825657192029446
2025-01-21,222.63999938964844,6.080000000000001,6.08,2024-09-28,391035000000.0,36.618420952244804
2025-01-22,223.8300018310547,6.080000000000001,6.08,2024-09-28,391035000000.0,36.81414503800241
2025-01-23,223.66000366210938,6.080000000000001,6.08,2024-09-28,391035000000.0,36.78618481284693
2025-01-24,222.77999877929688,6.080000000000001,6.08,2024-09-28,391035000000.0,36.641447167647506
2025-01-27,229.86000061035156,6.080000000000001,6.08,2024-09-28,391035000000.0,37.805921153018346
2025-01-28,238.25999450683594,6.080000000000001,6.08,2024-09-28,391035000000.0,39.18749909651906
2025-01-29,239.36000061035156,6.080000000000001,6.08,2024-09-28,391035000000.0,39.368421153018346
2025-01-30,237.58999633789062,6.080000000000001,6.08,2024-09-28,391035000000.0,39.07730202925832
2025-01-31,236.0,6.300000000000001,6.300000000000001,2024-12-28,395760000000.0,37.460317460317455
2025-02-03,228.00999450683594,6.300000000000001,6.300000000000001,2024-12-28,395760000000.0,36.19206262013268
2025-02-04,232.8000030517578,6.300000000000001,6.300000000000001,2024-12-28,395760000000.0,36.95238143678695
2025-02-05,232.47000122070312,6.300000000000001,6.300000000000001,2024-12-28,395760000000.0,36.900000193762395
2025-02-06,233.22000122070312,6.300000000000001,6.300000000000001,2024-12-28,395760000000.0,37.019047812810015
2025-02-07,227.6300048828125,6.300000000000001,6.300000000000001,2024-12-28,395760000000.0,36.13174680679563
2025-02-10,227.64999389648438,6.300000000000001,6.300000000000001,2024-12-28,395760000000.0,36.13491966610863
2025-02-11,232.6199951171875,6.300000000000001,6.300000000000001,2024-12-28,395760000000.0,36.92380874875992
2025-02-12,236.8699951171875,6.300000000000001,6.300000000000001,2024-12-28,395760000000.0,37.59841192336309
2025-02-13,241.52999877929688,6.300000000000001,6.300000000000001,2024-12-28,395760000000.0,38.33809504433283
2025-02-14,244.60000610351562,6.300000000000001,6.300000000000001,2024-12-28,395760000000.0,38.825397794208826
2025-02-18,244.47000122070312,6.300000000000001,6.300000000000001,2024-12-28,395760000000.0,38.8047620985243
2025-02-19,244.8699951171875,6.300000000000001,6.300000000000001,2024-12-28,395760000000.0,38.86825319320436
2025-02-20,245.8300018310547,6.300000000000001,6.300000000000001,2024-12-28,395760000000.0,39.02063521127852
2025-02-21,245.5500030517578,6.300000000000001,6.300000000000001,2024-12-28,395760000000.0,38.976190960596476
2025-02-24,247.10000610351562,6.300000000000001,6.300000000000001,2024-12-28,395760000000.0,39.222223191034224
2025-02-25,247.0399932861328,6.300000000000001,6.300000000000001,2024-12-28,395760000000.0,39.212697347005204
2025-02-26,240.36000061035156,6.300000000000001,6.300000000000001,2024-12-28,395760000000.0,38.15238104926215
2025-02-27,237.3000030517578,6.300000000000001,6.300000000000001,2024-12-28,395760000000.0,37.666667151072666
2025-02-28,241.83999633789062,6.300000000000001,6.300000000000001,2024-12-28,395760000000.0,38.38730100601438
2025-03-03,238.02999877929688,6.300000000000001,6.300000000000001,2024-12-28,395760000000.0,37.782539488777275
2025-03-04,235.92999267578125,6.300000000000001,6.300000000000001,2024-12-28,395760000000.0,37.44920518663194
2025-03-05,235.74000549316406,6.300000000000001,6.300000000000001,2024-12-28,395760000000.0,37.41904849097842
2025-03-06,235.3300018310547,6.300000000000001,6.300000000000001,2024-12-28,395760000000.0,37.35396854461185
2025-03-07,239.07000732421875,6.300000000000001,6.300000000000001,2024-12-28,395760000000.0,37.94762021019345
2025-03-10,227.47999572753906,6.300000000000001,6.300000000000001,2024-12-28,395760000000.0,36.1079358297681
2025-03-11,220.83999633789062,6.300000000000001,6.300000000000001,2024-12-28,395760000000.0,35.05396767268105
2025-03-12,216.97999572753906,6.300000000000001,6.300000000000001,2024-12-28,395760000000.0,34.44126916310143
2025-03-13,209.67999267578125,6.300000000000001,6.300000000000001,2024-12-28,395760000000.0,33.28253851996527
2025-03-14,213.49000549316406,6.300000000000001,6.300000000000001,2024-12-28,395760000000.0,33.88730245923239
2025-03-17,214.0,6.300000000000001,6.300000000000001,2024-12-28,395760000000.0,33.96825396825396
2025-03-18,212.69000244140625,6.300000000000001,6.300000000000001,2024-12-28,395760000000.0,33.76031784784226
2025-03-19,215.24000549316406,6.300000000000001,6.300000000000001,2024-12-28,395760000000.0,34.165080237010166
2025-03-20,214.10000610351562,6.300000000000001,6.300000000000001,2024-12-28,395760000000.0,33.984127952938984
2025-03-21,218.27000427246094,6.300000000000001,6.300000000000001,2024-12-28,395760000000.0,34.64603242420014
2025-03-24,220.72999572753906,6.300000000000001,6.300000000000001,2024-12-28,395760000000.0,35.03650725833953
2025-03-25,223.75,6.300000000000001,6.300000000000001,2024-12-28,395760000000.0,35.51587301587301
2025-03-26,221.52999877929688,6.300000000000001,6.300000000000001,2024-12-28,395760000000.0,35.16349186972966
2025-03-27,223.85000610351562,6.300000000000001,6.300000000000001,2024-12-28,395760000000.0,35.531747000558035
2025-03-28,217.89999389648438,6.300000000000001,6.300000000000001,2024-12-28,395760000000.0,34.58730061848958
2025-03-31,222.1300048828125,6.300000000000001,6.300000000000001,2024-12-28,395760000000.0,35.25873093377976
2025-04-01,223.19000244140625,6.300000000000001,6.300000000000001,2024-12-28,395760000000.0,35.42698451450892
2025-04-02,223.88999938964844,6.300000000000001,6.300000000000001,2024-12-28,395760000000.0,35.538095141214036
2025-04-03,203.19000244140625,6.300000000000001,6.300000000000001,2024-12-28,395760000000.0,32.25238133990575
2025-04-04,188.3800048828125,6.300000000000001,6.300000000000001,2024-12-28,395760000000.0,29.9015880766369
2025-04-07,181.4600067138672,6.300000000000001,6.300000000000001,2024-12-28,395760000000.0,28.803175668867805
2025-04-08,172.4199981689453,6.300000000000001,6.300000000000001,2024-12-28,395760000000.0,27.368253677610365
2025-04-09,198.85000610351562,6.300000000000001,6.300000000000001,2024-12-28,395760000000.0,31.563493032304063
2025-04-10,190.4199981689453,6.300000000000001,6.300000000000001,2024-12-28,395760000000.0,30.22539653475322
2025-04-11,198.14999389648438,6.300000000000001,6.300000000000001,2024-12-28,395760000000.0,31.452379983568946
2025-04-14,202.52000427246094,6.300000000000001,6.300000000000001,2024-12-28,395760000000.0,32.14603242420014
2025-04-15,202.13999938964844,6.300000000000001,6.300000000000001,2024-12-28,395760000000.0,32.08571418883308
2025-04-16,194.27000427246094,6.300000000000001,6.300000000000001,2024-12-28,395760000000.0,30.836508614676337
2025-04-17,196.97999572753906,6.300000000000001,6.300000000000001,2024-12-28,395760000000.0,31.26666598849826
2025-04-21,193.16000366210938,6.300000000000001,6.300000000000001,2024-12-28,395760000000.0,30.660318041604658
2025-04-22,199.74000549316406,6.300000000000001,6.300000000000001,2024-12-28,395760000000.0,31.704762776692704
2025-04-23,204.60000610351562,6.300000000000001,6.300000000000001,2024-12-28,395760000000.0,32.47619144500248
2025-04-24,208.3699951171875,6.300000000000001,6.300000000000001,2024-12-28,395760000000.0,33.07460239955357
2025-04-25,209.27999877929688,6.300000000000001,6.300000000000001,2024-12-28,395760000000.0,33.21904742528521
2025-04-28,210.13999938964844,6.300000000000001,6.300000000000001,2024-12-28,395760000000.0,33.35555545867435
2025-04-29,211.2100067138672,6.300000000000001,6.300000000000001,2024-12-28,395760000000.0,33.52539789109002
2025-04-30,212.5,6.300000000000001,6.300000000000001,2024-12-28,395760000000.0,33.73015873015873
2025-05-01,213.32000732421875,6.300000000000001,6.300000000000001,2024-12-28,395760000000.0,33.86031862289186
2025-05-02,205.35000610351562,6.42,6.42,2025-03-29,400366000000.0,31.985982259114582
2025-05-05,198.88999938964844,6.42,6.42,2025-03-29,400366000000.0,30.979750683745863
2025-05-06,198.50999450683594,6.42,6.42,2025-03-29,400366000000.0,30.92055989203052
2025-05-07,196.25,6.42,6.42,2025-03-29,400366000000.0,30.568535825545172
2025-05-08,197.49000549316406,6.42,6.42,2025-03-29,400366000000.0,30.761683098623685
2025-05-09,198.52999877929688,6.42,6.42,2025-03-29,400366000000.0,30.923675822320387
2025-05-12,210.7899932861328,6.42,6.42,2025-03-29,400366000000.0,32.83333228755963
2025-05-13,212.92999267578125,6.42,6.42,2025-03-29,400366000000.0,33.16666552582262
2025-05-14,212.3300018310547,6.42,6.42,2025-03-29,400366000000.0,33.07320900795244
2025-05-15,211.4499969482422,6.42,6.42,2025-03-29,400366000000.0,32.936136596299406
2025-05-16,211.25999450683594,6.42,6.42,2025-03-29,400366000000.0,32.90654120044174
2025-05-19,208.77999877929688,6.42,6.42,2025-03-29,400366000000.0,32.52024903104313
2025-05-20,206.86000061035156,6.42,6.42,2025-03-29,400366000000.0,32.22118389569339
2025-05-21,202.08999633789062,6.42,6.42,2025-03-29,400366000000.0,31.478192575995426
2025-05-22,201.36000061035156,6.42,6.42,2025-03-29,400366000000.0,31.36448607637875
2025-05-23,195.27000427246094,6.42,6.42,2025-03-29,400366000000.0,30.415888515959647
2025-05-27,200.2100067138672,6.42,6.42,2025-03-29,400366000000.0,31.185359301225418
2025-05-28,200.4199981689453,6.42,6.42,2025-03-29,400366000000.0,31.218068250614536
2025-05-29,199.9499969482422,6.42,6.42,2025-03-29,400366000000.0,31.144859337732427
2025-05-30,200.85000610351562,6.42,6.42,2025-03-29,400366000000.0,31.28504767967533
2025-06-02,201.6999969482422,6.42,6.42,2025-03-29,400366000000.0,31.41744500751436
2025-06-03,203.27000427246094,6.42,6.42,2025-03-29,400366000000.0,31.661994434962764
2025-06-04,202.82000732421875,6.42,6.42,2025-03-29,400366000000.0,31.59190145237052
2025-06-05,200.6300048828125,6.42,6.42,2025-03-29,400366000000.0,31.25077957676207
2025-06-06,203.9199981689453,6.42,6.42,2025-03-29,400366000000.0,31.763239590178397
2025-06-09,201.4499969482422,6.42,6.42,2025-03-29,400366000000.0,31.378504197545514
2025-06-10,202.6699981689453,6.42,6.42,2025-03-29,400366000000.0,31.56853554033416
2025-06-11,198.77999877929688,6.42,6.42,2025-03-29,400366000000.0,30.962616632289233
2025-06-12,199.1999969482422,6.42,6.42,2025-03-29,400366000000.0,31.028036907825886
2025-06-13,196.4499969482422,6.42,6.42,2025-03-29,400366000000.0,30.599687998168566
2025-06-16,198.4199981689453,6.42,6.42,2025-03-29,400366000000.0,30.906541770863758
2025-06-17,195.63999938964844,6.42,6.42,2025-03-29,400366000000.0,30.473520154150847
2025-06-18,196.5800018310547,6.42,6.42,2025-03-29,400366000000.0,30.61993797991506
2025-06-20,201.0,6.42,6.42,2025-03-29,400366000000.0,31.30841121495327
2025-06-23,201.5,6.42,6.42,2025-03-29,400366000000.0,31.386292834890966
2025-06-24,200.3000030517578,6.42,6.42,2025-03-29,400366000000.0,31.199377422392182
2025-06-25,201.55999755859375,6.42,6.42,2025-03-29,400366000000.0,31.395638249002143
2025-06-26,201.0,6.42,6.42,2025-03-29,400366000000.0,31.30841121495327
2025-06-27,201.0800018310547,6.42,6.42,2025-03-29,400366000000.0,31.320872559354314
2025-06-30,205.1699981689453,6.42,6.42,2025-03-29,400366000000.0,31.957943640022634
2025-07-01,207.82000732421875,6.42,6.42,2025-03-29,400366000000.0,32.37071765174747
2025-07-02,212.44000244140625,6.42,6.42,2025-03-29,400366000000.0,33.09034305940907
2025-07-03,213.5500030517578,6.42,6.42,2025-03-29,400366000000.0,33.26324035074109
2025-07-07,209.9499969482422,6.42,6.42,2025-03-29,400366000000.0,32.70249173648632
2025-07-08,210.00999450683594,6.42,6.42,2025-03-29,400366000000.0,32.711837150597496
2025-07-09,211.13999938964844,6.42,6.42,2025-03-29,400366000000.0,32.88785037221938
2025-07-10,212.41000366210938,6.42,6.42,2025-03-29,400366000000.0,33.08567035235349
2025-07-11,211.16000366210938,6.42,6.42,2025-03-29,400366000000.0,32.89096630250925
2025-07-14,208.6199951171875,6.42,6.42,2025-03-29,400366000000.0,32.49532634224104
2025-07-15,209.11000061035156,6.42,6.42,2025-03-29,400366000000.0,32.57165118541302
2025-07-16,210.16000366210938,6.42,6.42,2025-03-29,400366000000.0,32.73520306263386
2025-07-17,210.02000427246094,6.42,6.42,2025-03-29,400366000000.0,32.713396304121645
2025-07-18,211.17999267578125,6.42,6.42,2025-03-29,400366000000.0,32.89407985604069
2025-07-21,212.47999572753906,6.42,6.42,2025-03-29,400366000000.0,33.09657254323039
2025-07-22,214.39999389648438,6.42,6.42,2025-03-29,400366000000.0,33.39563767858012
2025-07-23,214.14999389648438,6.42,6.42,2025-03-29,400366000000.0,33.35669686861127
2025-07-24,213.75999450683594,6.42,6.42,2025-03-29,400366000000.0,33.29594930013021
2025-07-25,213.8800048828125,6.42,6.42,2025-03-29,400366000000.0,33.31464250511098
2025-07-28,214.0500030517578,6.42,6.42,2025-03-29,400366000000.0,33.341121970678785
2025-07-29,211.27000427246094,6.42,6.42,2025-03-29,400366000000.0,32.90810035396588
2025-07-30,209.0500030517578,6.42,6.42,2025-03-29,400366000000.0,32.56230577130184
2025-07-31,207.57000732421875,6.42,6.42,2025-03-29,400366000000.0,32.33177684177862
2025-08-01,202.3800048828125,6.590000000000001,6.590000000000001,2025-06-28,408625000000.0,30.710167660517826
2025-08-04,203.35000610351562,6.590000000000001,6.590000000000001,2025-06-28,408625000000.0,30.857360561990227
2025-08-05,202.9199981689453,6.590000000000001,6.590000000000001,2025-06-28,408625000000.0,30.792108978595643
2025-08-06,213.25,6.590000000000001,6.590000000000001,2025-06-28,408625000000.0,32.359635811836114
2025-08-07,220.02999877929688,6.590000000000001,6.590000000000001,2025-06-28,408625000000.0,33.388467189574634
2025-08-08,229.35000610351562,6.590000000000001,6.590000000000001,2025-06-28,408625000000.0,34.80273233740753
2025-08-11,227.17999267578125,6.590000000000001,6.590000000000001,2025-06-28,408625000000.0,34.473443501636
2025-08-12,229.64999389648438,6.590000000000001,6.590000000000001,2025-06-28,408625000000.0,34.84825400553632
2025-08-13,233.3300018310547,6.590000000000001,6.590000000000001,2025-06-28,408625000000.0,35.406677060858065
2025-08-14,232.77999877929688,6.590000000000001,6.590000000000001,2025-06-28,408625000000.0,35.32321681021197
2025-08-15,231.58999633789062,6.590000000000001,6.590000000000001,2025-06-28,408625000000.0,35.14263980848112
2025-08-18,230.88999938964844,6.590000000000001,6.590000000000001,2025-06-28,408625000000.0,35.03641872377062
2025-08-19,230.55999755859375,6.590000000000001,6.590000000000001,2025-06-28,408625000000.0,34.98634257338296
2025-08-20,226.00999450683594,6.590000000000001,6.590000000000001,2025-06-28,408625000000.0,34.29590204959574
2025-08-21,224.89999389648438,6.590000000000001,6.590000000000001,2025-06-28,408625000000.0,34.12746493118124
2025-08-22,227.75999450683594,6.590000000000001,6.590000000000001,2025-06-28,408625000000.0,34.56145591909498
2025-08-25,227.16000366210938,6.590000000000001,6.590000000000001,2025-06-28,408625000000.0,34.4704102673914
2025-08-26,229.30999755859375,6.590000000000001,6.590000000000001,2025-06-28,408625000000.0,34.79666123802636
2025-08-27,230.49000549316406,6.590000000000001,6.590000000000001,2025-06-28,408625000000.0,34.97572162263491
2025-08-28,232.55999755859375,6.590000000000001,6.590000000000001,2025-06-28,408625000000.0,35.28983270995352
2025-08-29,232.13999938964844,6.590000000000001,6.590000000000001,2025-06-28,408625000000.0,35.226100059127226
2025-09-02,229.72000122070312,6.590000000000001,6.590000000000001,2025-06-28,408625000000.0,34.858877271730364
2025-09-03,238.47000122070312,6.590000000000001,6.590000000000001,2025-06-28,408625000000.0,36.18664661922657
2025-09-04,239.77999877929688,6.590000000000001,6.590000000000001,2025-06-28,408625000000.0,36.38543228820893
2025-09-05,239.69000244140625,6.590000000000001,6.590000000000001,2025-06-28,408625000000.0,36.37177578777029
2025-09-08,237.8800048828125,6.590000000000001,6.590000000000001,2025-06-28,408625000000.0,36.09711758464529
2025-09-09,234.35000610351562,6.590000000000001,6.590000000000001,2025-06-28,408625000000.0,35.56145767883393
2025-09-10,226.7899932861328,6.590000000000001,6.590000000000001,2025-06-28,408625000000.0,34.41426301762258
2025-09-11,230.02999877929688,6.590000000000001,6.590000000000001,2025-06-28,408625000000.0,34.905917872427445
2025-09-12,234.07000732421875,6.590000000000001,6.590000000000001,2025-06-28,408625000000.0,35.51896924494973
2025-09-15,236.6999969482422,6.590000000000001,6.590000000000001,2025-06-28,408625000000.0,35.91805720003675
2025-09-16,238.14999389648438,6.590000000000001,6.590000000000001,2025-06-28,408625000000.0,36.1380870859612
2025-09-17,238.99000549316406,6.590000000000001,6.590000000000001,2025-06-28,408625000000.0,36.26555470305979
2025-09-18,237.8800048828125,6.590000000000001,6.590000000000001,2025-06-28,408625000000.0,36.09711758464529
2025-09-19,245.5,6.590000000000001,6.590000000000001,2025-06-28,408625000000.0,37.253414264036415
2025-09-22,256.0799865722656,6.590000000000001,6.590000000000001,2025-06-28,408625000000.0,38.85887504890221
2025-09-23,254.42999267578125,6.590000000000001,6.590000000000001,2025-06-28,408625000000.0,38.608496612409894
2025-09-24,252.30999755859375,6.590000000000001,6.590000000000001,2025-06-28,408625000000.0,38.28679780858782
2025-09-25,256.8699951171875,6.590000000000001,6.590000000000001,2025-06-28,408625000000.0,38.97875494949734
2025-09-26,255.4600067138672,6.590000000000001,6.590000000000001,2025-06-28,408625000000.0,38.76479616295404
2025-09-29,254.42999267578125,6.590000000000001,6.590000000000001,2025-06-28,408625000000.0,38.608496612409894
2025-09-30,254.6300048828125,6.590000000000001,6.590000000000001,2025-06-28,408625000000.0,38.63884747842374
2025-10-01,255.4499969482422,6.590000000000001,6.590000000000001,2025-06-28,408625000000.0,38.76327723038576
2025-10-02,257.1300048828125,6.590000000000001,6.590000000000001,2025-06-28,408625000000.0,39.01821014913695
2025-10-03,258.0199890136719,6.590000000000001,6.590000000000001,2025-06-28,408625000000.0,39.153260851847016
2025-10-06,256.69000244140625,6.590000000000001,6.590000000000001,2025-06-28,408625000000.0,38.951441948620065
2025-10-07,256.4800109863281,6.590000000000001,6.590000000000001,2025-06-28,408625000000.0,38.91957678092991
2025-10-08,258.05999755859375,6.590000000000001,6.590000000000001,2025-06-28,408625000000.0,39.15933195122818
2025-10-09,254.0399932861328,6.590000000000001,6.590000000000001,2025-06-28,408625000000.0,38.54931612839648
2025-10-10,245.27000427246094,6.590000000000001,6.590000000000001,2025-06-28,408625000000.0,37.21851354665568
2025-10-13,247.66000366210938,6.590000000000001,6.590000000000001,2025-06-28,408625000000.0,37.581184167239655
2025-10-14,247.77000427246094,6.590000000000001,6.590000000000001,2025-06-28,408625000000.0,37.59787621736888
2025-10-15,249.33999633789062,6.590000000000001,6.590000000000001,2025-06-28,408625000000.0,37.83611477054485
2025-10-16,247.4499969482422,6.590000000000001,6.590000000000001,2025-06-28,408625000000.0,37.549316684103516
2025-10-17,252.2899932861328,6.590000000000001,6.590000000000001,2025-06-28,408625000000.0,38.283762258897234
2025-10-20,262.239990234375,6.590000000000001,6.590000000000001,2025-06-28,408625000000.0,39.79362522524658
2025-10-21,262.7699890136719,6.590000000000001,6.590000000000001,2025-06-28,408625000000.0,39.8740499262021
2025-10-22,258.45001220703125,6.590000000000001,6.590000000000001,2025-06-28,408625000000.0,39.21851475068759
2025-10-23,259.5799865722656,6.590000000000001,6.590000000000001,2025-06-28,408625000000.0,39.3899827879007
2025-10-24,262.82000732421875,6.590000000000001,6.590000000000001,2025-06-28,408625000000.0,39.88163995815155
2025-10-27,268.80999755859375,6.590000000000001,6.590000000000001,2025-06-28,408625000000.0,40.79059143529495
2025-10-28,269.0,6.590000000000001,6.590000000000001,2025-06-28,408625000000.0,40.81942336874051
2025-10-29,269.70001220703125,6.590000000000001,6.590000000000001,2025-06-28,408625000000.0,40.925646768896996
2025-10-30,271.3999938964844,6.590000000000001,6.590000000000001,2025-06-28,408625000000.0,41.18361060644679
2025-10-31,270.3699951171875,7.46,7.46,2025-09-27,416161000000.0,36.242626691312
2025-11-03,269.04998779296875,7.46,7.46,2025-09-27,416161000000.0,36.065682009781334
2025-11-04,270.0400085449219,7.46,7.46,2025-09-27,416161000000.0,36.198392566343415
2025-11-05,270.1400146484375,7.46,7.46,2025-09-27,416161000000.0,36.211798210246315
2025-11-06,269.7699890136719,7.46,7.46,2025-09-27,416161000000.0,36.16219691872277
2025-11-07,268.4700012207031,7.46,7.46,2025-09-27,416161000000.0,35.98793582046959
2025-11-10,269.42999267578125,7.46,7.46,2025-09-27,416161000000.0,36.11662100211545
2025-11-11,275.25,7.46,7.46,2025-09-27,416161000000.0,36.896782841823054
2025-11-12,273.4700012207031,7.46,7.46,2025-09-27,416161000000.0,36.65817710733286
2025-11-13,272.95001220703125,7.46,7.46,2025-09-27,416161000000.0,36.588473486197216
2025-11-14,272.4100036621094,7.46,7.46,2025-09-27,416161000000.0,36.5160862817841
2025-11-17,267.4599914550781,7.46,7.46,2025-09-27,416161000000.0,35.852545771458196
2025-11-18,267.44000244140625,7.46,7.46,2025-09-27,416161000000.0,35.84986627900888
2025-11-19,268.55999755859375,7.46,7.46,2025-09-27,416161000000.0,35.99999967273375
2025-11-20,266.25,7.46,7.46,2025-09-27,416161000000.0,35.69034852546917
2025-11-21,271.489990234375,7.46,7.46,2025-09-27,416161000000.0,36.39276008503686
2025-11-24,275.9200134277344,7.46,7.46,2025-09-27,416161000000.0,36.986596974227126
2025-11-25,276.9700012207031,7.46,7.46,2025-09-27,416161000000.0,37.127346008137145
2025-11-26,277.54998779296875,7.46,7.46,2025-09-27,416161000000.0,37.20509219744889
2025-11-28,278.8500061035156,7.46,7.46,2025-09-27,416161000000.0,37.379357386530245
2025-12-01,283.1000061035156,7.46,7.46,2025-09-27,416161000000.0,37.94906248036403
2025-12-02,286.19000244140625,7.46,7.46,2025-09-27,416161000000.0,38.36327110474615
2025-12-03,284.1499938964844,7.46,7.46,2025-09-27,416161000000.0,38.08981151427405
2025-12-04,280.70001220703125,7.46,7.46,2025-09-27,416161000000.0,37.62734748083529
2025-12-05,278.7799987792969,7.46,7.46,2025-09-27,416161000000.0,37.3699730267154
2025-12-08,277.8900146484375,7.46,7.46,2025-09-27,416161000000.0,37.25067220488438
2025-12-09,277.17999267578125,7.46,7.46,2025-09-27,416161000000.0,37.15549499675352
2025-12-10,278.7799987792969,7.46,7.46,2025-09-27,416161000000.0,37.3699730267154
2025-12-11,278.0299987792969,7.46,7.46,2025-09-27,416161000000.0,37.26943683368591
2025-12-12,278.2799987792969,7.46,7.46,2025-09-27,416161000000.0,37.30294889802907
2025-12-15,274.1099853515625,7.46,7.46,2025-09-27,416161000000.0,36.74396586482071
2025-12-16,274.6099853515625,7.46,7.46,2025-09-27,416161000000.0,36.810989993507036
2025-12-17,271.8399963378906,7.46,7.46,2025-09-27,416161000000.0,36.439677793282925
2025-12-18,272.19000244140625,7.46,7.46,2025-09-27,416161000000.0,36.48659550152899
2025-12-19,273.6700134277344,7.46,7.46,2025-09-27,416161000000.0,36.68498839513865
2025-12-22,270.9700012207031,7.46,7.46,2025-09-27,416161000000.0,36.323056463901224
2025-12-23,272.3599853515625,7.46,7.46,2025-09-27,416161000000.0,36.50938141441856
2025-12-24,273.80999755859375,7.46,7.46,2025-09-27,416161000000.0,36.70375302394018
2025-12-26,273.3999938964844,7.46,7.46,2025-09-27,416161000000.0,36.648792747518016
2025-12-29,273.760009765625,7.46,7.46,2025-09-27,416161000000.0,36.697052247402816
2025-12-30,273.0799865722656,7.46,7.46,2025-09-27,416161000000.0,36.60589632336001
2025-12-31,271.8599853515625,7.46,7.46,2025-09-27,416161000000.0,36.442357285732236
2026-01-02,271.010009765625,7.46,7.46,2025-09-27,416161000000.0,36.328419539628015
2026-01-05,267.260009765625,7.46,7.46,2025-09-27,416161000000.0,35.82573857448056
2026-01-06,262.3599853515625,7.46,7.46,2025-09-27,416161000000.0,35.16889884069202
2026-01-07,260.3299865722656,7.46,7.46,2025-09-27,416161000000.0,34.89678104185867
2026-01-08,259.0400085449219,7.46,7.46,2025-09-27,416161000000.0,34.72386173524422
2026-01-09,259.3699951171875,7.46,7.46,2025-09-27,416161000000.0,34.7680958602128
2026-01-12,260.25,7.46,7.46,2025-09-27,416161000000.0,34.88605898123324
2026-01-13,261.04998779296875,7.46,7.46,2025-09-27,416161000000.0,34.9932959508001
2026-01-14,259.9599914550781,7.46,7.46,2025-09-27,416161000000.0,34.847183841163286
2026-01-15,258.2099914550781,7.46,7.46,2025-09-27,416161000000.0,34.61259939076114
2026-01-16,255.52999877929688,7.46,7.46,2025-09-27,416161000000.0,34.25335104280119
2026-01-20,246.6999969482422,7.46,7.46,2025-09-27,416161000000.0,33.06970468475097
2026-01-21,247.64999389648438,7.46,7.46,2025-09-27,416161000000.0,33.19705012017217
2026-01-22,248.35000610351562,7.46,7.46,2025-09-27,416161000000.0,33.29088553666429
2026-01-23,248.0399932861328,7.46,7.46,2025-09-27,416161000000.0,33.24932885873094
2026-01-26,255.41000366210938,7.46,7.46,2025-09-27,416161000000.0,34.237265906448975
2026-01-27,258.2699890136719,7.46,7.46,2025-09-27,416161000000.0,34.62064195893725
2026-01-28,256.44000244140625,7.46,7.46,2025-09-27,416161000000.0,34.375335447909684
2026-01-29,258.2799987792969,7.46,7.46,2025-09-27,416161000000.0,34.621983750575986
2026-01-30,259.4800109863281,7.8999999999999995,7.8999999999999995,2025-12-27,435617000000.0,32.845571010927614
2026-02-02,270.010009765625,7.8999999999999995,7.8999999999999995,2025-12-27,435617000000.0,34.178482248813296
2026-02-03,269.4800109863281,7.8999999999999995,7.8999999999999995,2025-12-27,435617000000.0,34.11139379573774
2026-02-04,276.489990234375,7.8999999999999995,7.8999999999999995,2025-12-27,435617000000.0,34.998732941060126
2026-02-05,275.9100036621094,7.8999999999999995,7.8999999999999995,2025-12-27,435617000000.0,34.92531691925436
2026-02-06,278.1199951171875,7.8999999999999995,7.8999999999999995,2025-12-27,435617000000.0,35.20506267306171
2026-02-09,274.6199951171875,7.8999999999999995,7.8999999999999995,2025-12-27,435617000000.0,34.76202469837817
2026-02-10,273.67999267578125,7.8999999999999995,7.8999999999999995,2025-12-27,435617000000.0,34.64303704756725
2026-02-11,275.5,7.8999999999999995,7.8999999999999995,2025-12-27,435617000000.0,34.87341772151899
2026-02-12,261.7300109863281,7.8999999999999995,7.8999999999999995,2025-12-27,435617000000.0,33.13038113750989
2026-02-13,255.77999877929688,7.8999999999999995,7.8999999999999995,2025-12-27,435617000000.0,32.377215035354034
2026-02-17,263.8800048828125,7.8999999999999995,7.8999999999999995,2025-12-27,435617000000.0,33.40253226364715
2026-02-18,264.3500061035156,7.8999999999999995,7.8999999999999995,2025-12-27,435617000000.0,33.462026089052614
2026-02-19,260.5799865722656,7.8999999999999995,7.8999999999999995,2025-12-27,435617000000.0,32.984808426869066
2026-02-20,264.5799865722656,7.8999999999999995,7.8999999999999995,2025-12-27,435617000000.0,33.49113754079312
2026-02-23,266.17999267578125,7.8999999999999995,7.8999999999999995,2025-12-27,435617000000.0,33.69366995895965
2026-02-24,272.1400146484375,7.8999999999999995,7.8999999999999995,2025-12-27,435617000000.0,34.44810312005538
2026-02-25,274.2300109863281,7.8999999999999995,7.8999999999999995,2025-12-27,435617000000.0,34.71265961852255
2026-02-26,272.95001220703125,7.8999999999999995,7.8999999999999995,2025-12-27,435617000000.0,34.55063445658624
2026-02-27,264.17999267578125,7.8999999999999995,7.8999999999999995,2025-12-27,435617000000.0,33.440505401997626
2026-03-02,264.7200012207031,7.8999999999999995,7.8999999999999995,2025-12-27,435617000000.0,33.508860914013056
2026-03-03,263.75,7.8999999999999995,7.8999999999999995,2025-12-27,435617000000.0,33.38607594936709
2026-03-04,262.5199890136719,7.8999999999999995,7.8999999999999995,2025-12-27,435617000000.0,33.230378356161
2026-03-05,260.2900085449219,7.8999999999999995,7.8999999999999995,2025-12-27,435617000000.0,32.948102347458466
2026-03-06,257.4599914550781,7.8999999999999995,7.8999999999999995,2025-12-27,435617000000.0,32.58987233608584
2026-03-09,259.8800048828125,7.8999999999999995,7.8999999999999995,2025-12-27,435617000000.0,32.89620314972311
2026-03-10,260.8299865722656,7.8999999999999995,7.8999999999999995,2025-12-27,435617000000.0,33.016453996489325
2026-03-11,260.80999755859375,7.8999999999999995,7.8999999999999995,2025-12-27,435617000000.0,33.01392374159415
2026-03-12,255.75999450683594,7.8999999999999995,7.8999999999999995,2025-12-27,435617000000.0,32.37468284896658
2026-03-13,250.1199951171875,7.8999999999999995,7.8999999999999995,2025-12-27,435617000000.0,31.660758875593356
2026-03-16,252.82000732421875,7.8999999999999995,7.8999999999999995,2025-12-27,435617000000.0,32.00253257268592
2026-03-17,254.22999572753906,7.8999999999999995,7.8999999999999995,2025-12-27,435617000000.0,32.18101211741001
2026-03-18,249.94000244140625,7.8999999999999995,7.8999999999999995,2025-12-27,435617000000.0,31.63797499258307
2026-03-19,248.9600067138672,7.8999999999999995,7.8999999999999995,2025-12-27,435617000000.0,31.51392490048952
2026-03-20,247.99000549316406,7.8999999999999995,7.8999999999999995,2025-12-27,435617000000.0,31.391139935843555
2026-03-23,251.49000549316406,7.8999999999999995,7.8999999999999995,2025-12-27,435617000000.0,31.8341779105271
2026-03-24,251.63999938964844,7.8999999999999995,7.8999999999999995,2025-12-27,435617000000.0,31.853164479702336
2026-03-25,252.6199951171875,7.8999999999999995,7.8999999999999995,2025-12-27,435617000000.0,31.977214571795887
2026-03-26,252.88999938964844,7.8999999999999995,7.8999999999999995,2025-12-27,435617000000.0,32.0113923278036
2026-03-27,248.8000030517578,7.8999999999999995,7.8999999999999995,2025-12-27,435617000000.0,31.49367127237441
2026-03-30,246.6300048828125,7.8999999999999995,7.8999999999999995,2025-12-27,435617000000.0,31.218987959849684
2026-03-31,253.7899932861328,7.8999999999999995,7.8999999999999995,2025-12-27,435617000000.0,32.125315605839596
2026-04-01,255.6300048828125,7.8999999999999995,7.8999999999999995,2025-12-27,435617000000.0,32.3582284661788
2026-04-02,255.9199981689453,7.8999999999999995,7.8999999999999995,2025-12-27,435617000000.0,32.394936477081686
2026-04-06,258.8599853515625,7.8999999999999995,7.8999999999999995,2025-12-27,435617000000.0,32.76708675336234
2026-04-07,253.5,7.8999999999999995,7.8999999999999995,2025-12-27,435617000000.0,32.08860759493671
2026-04-08,258.8999938964844,7.8999999999999995,7.8999999999999995,2025-12-27,435617000000.0,32.77215112613727
2026-04-09,260.489990234375,7.8999999999999995,7.8999999999999995,2025-12-27,435617000000.0,32.97341648536393
2026-04-10,260.4800109863281,7.8999999999999995,7.8999999999999995,2025-12-27,435617000000.0,32.972153289408624
2026-04-13,259.20001220703125,7.8999999999999995,7.8999999999999995,2025-12-27,435617000000.0,32.81012812747231
2026-04-14,258.8299865722656,7.8999999999999995,7.8999999999999995,2025-12-27,435617000000.0,32.7632894395273
2026-04-15,266.42999267578125,7.8999999999999995,7.8999999999999995,2025-12-27,435617000000.0,33.725315528579905
2026-04-16,263.3999938964844,7.8999999999999995,7.8999999999999995,2025-12-27,435617000000.0,33.341771379301825
2026-04-17,270.2300109863281,7.8999999999999995,7.8999999999999995,2025-12-27,435617000000.0,34.2063305045985
2026-04-20,273.04998779296875,7.8999999999999995,7.8999999999999995,2025-12-27,435617000000.0,34.56328959404668
2026-04-21,266.1700134277344,7.8999999999999995,7.8999999999999995,2025-12-27,435617000000.0,33.69240676300436
2026-04-22,273.1700134277344,7.8999999999999995,7.8999999999999995,2025-12-27,435617000000.0,34.57848271237144
2026-04-23,273.42999267578125,7.8999999999999995,7.8999999999999995,2025-12-27,435617000000.0,34.611391477946995
2026-04-24,271.05999755859375,7.8999999999999995,7.8999999999999995,2025-12-27,435617000000.0,34.31139209602453
2026-04-27,267.6099853515625,7.8999999999999995,7.8999999999999995,2025-12-27,435617000000.0,33.874681690071206
2026-04-28,270.7099914550781,7.8999999999999995,7.8999999999999995,2025-12-27,435617000000.0,34.26708752595926
2026-04-29,270.1700134277344,7.8999999999999995,7.8999999999999995,2025-12-27,435617000000.0,34.1987358769284
2026-04-30,271.3500061035156,7.8999999999999995,7.8999999999999995,2025-12-27,435617000000.0,34.348102038419704
2026-05-01,280.1400146484375,8.26,8.26,2026-03-28,451442000000.0,33.91525601070672
2026-05-04,276.8299865722656,8.26,8.26,2026-03-28,451442000000.0,33.51452621940262
2026-05-05,284.17999267578125,8.26,8.26,2026-03-28,451442000000.0,34.404357466801606
2026-05-06,287.510009765625,8.26,8.26,2026-03-28,451442000000.0,34.807507235547824
2026-05-07,287.44000244140625,8.26,8.26,2026-03-28,451442000000.0,34.799031772567346
2026-05-08,293.32000732421875,8.26,8.26,2026-03-28,451442000000.0,35.51089677048653
2026-05-11,292.67999267578125,8.26,8.26,2026-03-28,451442000000.0,35.433413156874245
2026-05-12,294.79998779296875,8.26,8.26,2026-03-28,451442000000.0,35.690071161376366
2026-05-13,298.8699951171875,8.26,8.26,2026-03-28,451442000000.0,36.1828081255675
2026-05-14,298.2099914550781,8.26,8.26,2026-03-28,451442000000.0,36.102904534513094
2026-05-15,300.2300109863281,8.26,8.26,2026-03-28,451442000000.0,36.34745895718258
2026-05-18,297.8399963378906,8.26,8.26,2026-03-28,451442000000.0,36.058110936790634
2026-05-19,298.9700012207031,8.26,8.26,2026-03-28,451442000000.0,36.19491540202217
2026-05-20,302.25,8.26,8.26,2026-03-28,451442000000.0,36.592009685230025
2026-05-21,304.989990234375,8.26,8.26,2026-03-28,451442000000.0,36.923727631280265
2026-05-22,308.82000732421875,8.26,8.26,2026-03-28,451442000000.0,37.387410087677814
2026-05-26,308.3299865722656,8.26,8.26,2026-03-28,451442000000.0,37.328085541436515
2026-05-27,310.8500061035156,8.26,8.26,2026-03-28,451442000000.0,37.63317265175734
2026-05-28,312.510009765625,8.26,8.26,2026-03-28,451442000000.0,37.83414161811441
2026-05-29,312.05999755859375,8.26,8.26,2026-03-28,451442000000.0,37.779660721379386
2026-06-01,306.30999755859375,8.26,8.26,2026-03-28,451442000000.0,37.08353481338907
2026-06-02,315.20001220703125,8.26,8.26,2026-03-28,451442000000.0,38.15980777324834
2026-06-03,310.260009765625,8.26,8.26,2026-03-28,451442000000.0,37.561744523683416
2026-06-04,311.2300109863281,8.26,8.26,2026-03-28,451442000000.0,37.67917808551188
2026-06-05,307.3399963378906,8.26,8.26,2026-03-28,451442000000.0,37.208232002165936
2026-06-08,301.5400085449219,8.26,8.26,2026-03-28,451442000000.0,36.506054303259305
2026-06-09,290.54998779296875,8.26,8.26,2026-03-28,451442000000.0,35.17554331634005
2026-06-10,291.5799865722656,8.26,8.26,2026-03-28,451442000000.0,35.3002405051169
2026-06-11,295.6300048828125,8.26,8.26,2026-03-28,451442000000.0,35.79055749186592
2026-06-12,291.1300048828125,8.26,8.26,2026-03-28,451442000000.0,35.24576330300393
2026-06-15,296.4200134277344,8.26,8.26,2026-03-28,451442000000.0,35.8862001728492
2026-06-16,299.239990234375,8.26,8.26,2026-03-28,451442000000.0,36.22760172328995
2026-06-17,295.95001220703125,8.26,8.26,2026-03-28,451442000000.0,35.82929929867206
2026-06-18,298.010009765625,8.26,8.26,2026-03-28,451442000000.0,36.07869367622579
2026-06-22,297.010009765625,8.26,8.26,2026-03-28,451442000000.0,35.957628300923126
2026-06-23,294.29998779296875,8.26,8.26,2026-03-28,451442000000.0,35.629538473725034
2026-06-24,293.0799865722656,8.26,8.26,2026-03-28,451442000000.0,35.4818385680709
2026-06-25,275.1499938964844,8.26,8.26,2026-03-28,451442000000.0,33.311137275603436
2026-06-26,283.7799987792969,8.26,8.26,2026-03-28,451442000000.0,34.35593205560495
2026-06-29,281.739990234375,8.26,8.26,2026-03-28,451442000000.0,34.10895765549334
2026-06-30,289.3599853515625,8.26,8.26,2026-03-28,451442000000.0,35.03147522416011
2026-07-01,294.3800048828125,8.26,8.26,2026-03-28,451442000000.0,35.63922577273759
2026-07-02,308.6300048828125,8.26,8.26,2026-03-28,451442000000.0,37.36440737080055
2026-07-06,312.6600036621094,8.26,8.26,2026-03-28,451442000000.0,37.852300685485396
2026-07-07,310.6600036621094,8.26,8.26,2026-03-28,451442000000.0,37.61016993488007
2026-07-08,313.3900146484375,8.26,8.26,2026-03-28,451442000000.0,37.94067973952028
2026-07-09,316.2200012207031,8.26,8.26,2026-03-28,451442000000.0,38.28329312599312
2026-07-10,315.32000732421875,8.26,8.26,2026-03-28,451442000000.0,38.174335027145126
2026-07-13,317.30999755859375,8.26,8.26,2026-03-28,451442000000.0,38.415253941718376
2026-07-14,314.8599853515625,8.26,8.26,2026-03-28,451442000000.0,38.11864229437803
2026-07-15,327.5,8.26,8.26,2026-03-28,451442000000.0,39.648910411622275
2026-07-16,333.260009765625,8.26,8.26,2026-03-28,451442000000.0,40.34624815564467
2026-07-17,333.739990234375,8.26,8.26,2026-03-28,451442000000.0,40.404357171231844
2026-07-20,326.5899963378906,8.26,8.26,2026-03-28,451442000000.0,39.538740476742205
2026-07-21,327.739990234375,8.26,8.26,2026-03-28,451442000000.0,39.677964919415864
2026-07-22,325.8900146484375,8.26,8.26,2026-03-28,451442000000.0,39.45399693080357
2026-07-23,321.6600036621094,8.26,8.26,2026-03-28,451442000000.0,38.941889063209366
2026-07-24,333.0199890136719,8.26,8.26,2026-03-28,451442000000.0,40.31718995322904
2026-07-27,336.9100036621094,8.26,8.26,2026-03-28,451442000000.0,40.78813603657498
2026-07-28,340.0799865722656,8.26,8.26,2026-03-28,451442000000.0,41.171911207296084
2026-07-29,338.19000244140625,8.26,8.26,2026-03-28,451442000000.0,40.94309956917751
2026-07-30,333.42999267578125,8.26,8.26,2026-03-28,451442000000.0,40.36682720045778
2026-07-31,308.9100036621094,8.709999999999999,8.709999999999999,2026-06-27,466823000000.0,35.466131304490176
2026-08-03,303.4200134277344,8.709999999999999,8.709999999999999,2026-06-27,466823000000.0,34.835822437168126
2026-08-04,309.3800048828125,8.709999999999999,8.709999999999999,2026-06-27,466823000000.0,35.52009240904851
2026-08-05,311.0,8.709999999999999,8.709999999999999,2026-06-27,466823000000.0,35.70608495981631
2026-08-06,312.4100036621094,8.709999999999999,8.709999999999999,2026-06-27,466823000000.0,35.86796827349132
2026-08-07,313.3299865722656,8.709999999999999,8.709999999999999,2026-06-27,466823000000.0,35.97359202896276
2026-08-10,308.260009765625,8.709999999999999,8.709999999999999,2026-06-27,466823000000.0,35.3915051395666
2026-08-11,304.9100036621094,8.709999999999999,8.709999999999999,2026-06-27,466823000000.0,35.00688905420315
2026-08-12,302.25,8.709999999999999,8.709999999999999,2026-06-27,466823000000.0,34.701492537313435
2026-08-13,305.260009765625,8.709999999999999,8.709999999999999,2026-06-27,466823000000.0,35.047073451851325
2026-08-14,305.92999267578125,8.709999999999999,8.709999999999999,2026-06-27,466823000000.0,35.123994566679826
2026-08-17,305.5899963378906,8.709999999999999,8.709999999999999,2026-06-27,466823000000.0,35.08495939585426
2026-08-18,310.0299987792969,8.709999999999999,8.709999999999999,2026-06-27,466823000000.0,35.59471857397209
2026-08-19,316.8299865722656,8.709999999999999,8.709999999999999,2026-06-27,466823000000.0,36.37542899796391
2026-08-20,311.29998779296875,8.709999999999999,8.709999999999999,2026-06-27,466823000000.0,35.74052672709171
2026-08-21,309.3500061035156,8.709999999999999,8.709999999999999,2026-06-27,466823000000.0,35.51664823232097
2026-08-24,310.3399963378906,8.709999999999999,8.709999999999999,2026-06-27,466823000000.0,35.63030956807011
2026-08-25,309.8999938964844,8.709999999999999,8.709999999999999,2026-06-27,466823000000.0,35.57979264023931
2026-08-26,313.45001220703125,8.709999999999999,8.709999999999999,2026-06-27,466823000000.0,35.98737223961324
2026-08-27,314.5799865722656,8.709999999999999,8.709999999999999,2026-06-27,466823000000.0,36.11710523217746
2026-08-28,319.70001220703125,8.709999999999999,8.709999999999999,2026-06-27,466823000000.0,36.70493825568671
2026-08-31,316.8500061035156,8.709999999999999,8.709999999999999,2026-06-27,466823000000.0,36.37772745160915
2026-09-01,325.1300048828125,8.709999999999999,8.709999999999999,2026-06-27,466823000000.0,37.32835876955368
2026-09-02,324.9599914550781,8.709999999999999,8.709999999999999,2026-06-27,466823000000.0,37.308839432270744
2026-09-03,328.2099914550781,8.709999999999999,8.709999999999999,2026-06-27,466823000000.0,37.68197376062895
2026-09-04,319.9700012207031,8.709999999999999,8.709999999999999,2026-06-27,466823000000.0,36.735935846234575
2026-09-08,316.2200012207031,8.709999999999999,8.709999999999999,2026-06-27,466823000000.0,36.30539623659049
2026-09-09,315.3399963378906,8.709999999999999,8.709999999999999,2026-06-27,466823000000.0,36.20436238092889
2026-09-10,326.57000732421875,8.709999999999999,8.709999999999999,2026-06-27,466823000000.0,37.493686259956235
2026-09-11,332.2699890136719,8.709999999999999,8.709999999999999,2026-06-27,466823000000.0,38.14810436437106
