Date,close,eps,eps_n,pe,pe_n,y10,eyp
2009-07-22,5.5978569984436035,0.20464285714285718,0.20464285714285718,27.354275036024585,27.354275036024585,3.553999900817871,0.10173580661007708
2009-07-23,5.6364288330078125,0.20464285714285718,0.20464285714285718,27.54275869532613,27.54275869532613,3.7090001106262207,-0.07828173901410196
2009-07-24,5.713929176330566,0.20464285714285718,0.20464285714285718,27.921468924477455,27.921468924477455,3.6700000762939453,-0.08852661332958656
2009-07-27,5.7178568840026855,0.20464285714285718,0.20464285714285718,27.940661911356923,27.940661911356923,3.7130000591278076,-0.13398678029945543
2009-07-28,5.714285850524902,0.20464285714285718,0.20464285714285718,27.923211835025697,27.923211835025697,3.687999963760376,-0.10675004914402697
2009-07-29,5.715356826782227,0.20464285714285718,0.20464285714285718,27.928445226859044,27.928445226859044,3.6640000343322754,-0.08342119481173249
2009-07-30,5.813929080963135,0.20464285714285718,0.20464285714285718,28.410124653921073,28.410124653921073,3.6410000324249268,-0.12112811288379488
2009-07-31,5.835357189178467,0.20464285714285718,0.20464285714285718,28.514834432285696,28.514834432285696,3.500999927520752,0.005946614198451883
2009-08-03,5.943929195404053,0.20464285714285718,0.20464285714285718,29.045378267244928,29.045378267244928,3.6389999389648438,-0.19611139814759238
2009-08-04,5.912499904632568,0.20464285714285718,0.20464285714285718,28.891797090700155,28.891797090700155,3.678999900817871,-0.21780987217169434
2009-08-05,5.896786212921143,0.20464285714285718,0.20464285714285718,28.815011162616397,28.815011162616397,3.7639999389648438,-0.2935865688067034
2009-08-06,5.853929042816162,0.20464285714285718,0.20464285714285718,28.60558694569852,28.60558694569852,3.746000051498413,-0.2501794556886421
2009-08-07,5.911070823669434,0.20464285714285718,0.20464285714285718,28.884813798035623,28.884813798035623,3.8540000915527344,-0.39197327361282674
2009-08-10,5.882856845855713,0.20464285714285718,0.20464285714285718,28.746944447462464,28.746944447462464,3.7709999084472656,-0.2923693297171095
2009-08-11,5.815357208251953,0.20464285714285718,0.20464285714285718,28.417103286396973,28.417103286396973,3.693000078201294,-0.17399256388264916
2009-08-12,5.903929233551025,0.20464285714285718,0.20464285714285718,28.849915975467482,28.849915975467482,3.7009999752044678,-0.2347853739198409
2009-08-13,6.014999866485596,0.20464285714285718,0.20464285714285718,29.39266950464165,29.39266950464165,3.5910000801086426,-0.18879124078535003
2009-08-14,5.9564290046691895,0.20464285714285718,0.20464285714285718,29.106459359640013,29.106459359640013,3.558000087738037,-0.12233658897998012
2009-08-17,5.699643135070801,0.20464285714285718,0.20464285714285718,27.851659298775285,27.851659298775285,3.490999937057495,0.09945041734552884
2009-08-18,5.857142925262451,0.20464285714285718,0.20464285714285718,28.62129178138719,28.62129178138719,3.5260000228881836,-0.03209762449848741
2009-08-19,5.878571033477783,0.20464285714285718,0.20464285714285718,28.726001559751815,28.726001559751815,3.4630000591278076,0.018166638993891482
2009-08-20,5.940357208251953,0.20464285714285718,0.20464285714285718,29.027923530725072,29.027923530725072,3.434999942779541,0.009958836106361613
2009-08-21,6.0435709953308105,0.20464285714285718,0.20464285714285718,29.53228409585736,29.53228409585736,3.555999994277954,-0.16987517997591706
2009-08-24,6.0378570556640625,0.20464285714285718,0.20464285714285718,29.504362575670807,29.504362575670807,3.49399995803833,-0.10467067686756382
2009-08-25,6.050000190734863,0.20464285714285718,0.20464285714285718,29.56370075751765,29.56370075751765,3.450000047683716,-0.06747358997793107
2009-08-26,5.978929042816162,0.20464285714285718,0.20464285714285718,29.216407190026615,29.216407190026615,3.437999963760376,-0.015265629946181303
2009-08-27,6.051785945892334,0.20464285714285718,0.20464285714285718,29.57242696073042,29.57242696073042,3.4619998931884766,-0.08047154812599011
2009-08-28,6.073214054107666,0.20464285714285718,0.20464285714285718,29.677136739095047,29.677136739095047,3.4509999752044678,-0.08140266940153174
2009-08-31,6.007500171661377,0.20464285714285718,0.20464285714285718,29.356021781242326,29.356021781242326,3.4010000228881836,0.005456095218977275
2009-09-01,5.903571128845215,0.20464285714285718,0.20464285714285718,28.848166074636296,28.848166074636296,3.375,0.0914248583871462
2009-09-02,5.899285793304443,0.20464285714285718,0.20464285714285718,28.82722551701996,28.82722551701996,3.2950000762939453,0.1739428485448924
2009-09-03,5.948214054107666,0.20464285714285718,0.20464285714285718,29.066316494766948,29.066316494766948,3.328000068664551,0.11240835109527092
2009-09-04,6.082499980926514,0.20464285714285718,0.20464285714285718,29.722512995801456,29.722512995801456,3.441999912261963,-0.07754684552006896
2009-09-08,6.1760711669921875,0.20464285714285718,0.20464285714285718,30.179754393679094,30.179754393679094,3.4690001010894775,-0.15552051820247437
2009-09-09,6.112143039703369,0.20464285714285718,0.20464285714285718,29.867365639039146,29.867365639039146,3.4790000915527344,-0.13086416257439737
2009-09-10,6.1628570556640625,0.20464285714285718,0.20464285714285718,30.115182819998903,30.115182819998903,3.3420000076293945,-0.021415816003901522
2009-09-11,6.148571014404297,0.20464285714285718,0.20464285714285718,30.045373194296733,30.045373194296733,3.3429999351501465,-0.014700454450662814
2009-09-14,6.204286098480225,0.20464285714285718,0.20464285714285718,30.31762840444088,30.31762840444088,3.4059998989105225,-0.10758886668901324
2009-09-15,6.255713939666748,0.20464285714285718,0.20464285714285718,30.568933736591433,30.568933736591433,3.4519999027252197,-0.18070490559881902
2009-09-16,6.495357036590576,0.20464285714285718,0.20464285714285718,31.73996457670787,31.73996457670787,3.4709999561309814,-0.32039782617825185
2009-09-17,6.591071128845215,0.20464285714285718,0.20464285714285718,32.20767741844083,32.20767741844083,3.3980000019073486,-0.293150226470142
2009-09-18,6.6078572273254395,0.20464285714285718,0.20464285714285718,32.28970372864089,32.28970372864089,3.4739999771118164,-0.37703752615875175
2009-09-21,6.572143077850342,0.20464285714285718,0.20464285714285718,32.11518432457409,32.11518432457409,3.486999988555908,-0.37320811399140785
2009-09-22,6.588571071624756,0.20464285714285718,0.20464285714285718,32.19546073394295,32.19546073394295,3.4560000896453857,-0.34997216768518724
2009-09-23,6.625,0.20464285714285718,0.20464285714285718,32.373472949389175,32.373472949389175,3.4179999828338623,-0.32905119577186737
2009-09-24,6.565000057220459,0.20464285714285718,0.20464285714285718,32.080279511723006,32.080279511723006,3.38100004196167,-0.26382021927785315
2009-09-25,6.513214111328125,0.20464285714285718,0.20464285714285718,31.82722427874127,31.82722427874127,3.3289999961853027,-0.18703577322307074
2009-09-28,6.648213863372803,0.20464285714285718,0.20464285714285718,32.48690893096657,32.48690893096657,3.302000045776367,-0.22383707827163635
2009-09-29,6.62071418762207,0.20464285714285718,0.20464285714285718,32.35253006167852,32.35253006167852,3.2920000553131104,-0.2010516871528809
2009-09-30,6.619643211364746,0.20464285714285718,0.20464285714285718,32.34729666984518,32.34729666984518,3.306999921798706,-0.21555147648790918
2009-10-01,6.459286212921143,0.20464285714285718,0.20464285714285718,31.563702262092836,31.563702262092836,3.194000005722046,-0.025803855294618483
2009-10-02,6.603570938110352,0.20464285714285718,0.20464285714285718,32.268758510835916,32.268758510835916,3.2209999561309814,-0.12202730844080811
2009-10-05,6.643570899963379,0.20464285714285718,0.20464285714285718,32.46422080261336,32.46422080261336,3.2239999771118164,-0.14368578728379422
2009-10-06,6.786070823669434,0.20464285714285718,0.20464285714285718,33.1605555083323,33.1605555083323,3.247999906539917,-0.23236888145431944
2009-10-07,6.794642925262451,0.20464285714285718,0.20464285714285718,33.202443613847926,33.202443613847926,3.174999952316284,-0.16317343849028232
2009-10-08,6.759643077850342,0.20464285714285718,0.20464285714285718,33.03141469106624,33.03141469106624,3.255000114440918,-0.2275790688916257
2009-10-09,6.802499771118164,0.20464285714285718,0.20464285714285718,33.2408365778898,33.2408365778898,3.384000062942505,-0.3756521904188883
2009-10-12,6.814642906188965,0.20464285714285718,0.20464285714285718,33.30017475973665,33.30017475973665,3.380000114440918,-0.3770128712355061
2009-10-13,6.786428928375244,0.20464285714285718,0.20464285714285718,33.16230540916349,33.16230540916349,3.312000036239624,-0.29652813927169586
2009-10-14,6.831786155700684,0.20464285714285718,0.20464285714285718,33.38394631057925,33.38394631057925,3.4230000972747803,-0.427548359194601
2009-10-15,6.805714130401611,0.20464285714285718,0.20464285714285718,33.256543743672786,33.256543743672786,3.4700000286102295,-0.46307300784832384
2009-10-16,6.716071128845215,0.20464285714285718,0.20464285714285718,32.818497662768934,32.818497662768934,3.4170000553131104,-0.3699379677195833
2009-10-19,6.78071403503418,0.20464285714285718,0.20464285714285718,33.134379228788305,33.134379228788305,3.3949999809265137,-0.3769865964138952
2009-10-20,7.098570823669434,0.20464285714285718,0.20464285714285718,34.68760611915255,34.68760611915255,3.3369998931884766,-0.4541258298559363
2009-10-21,7.318571090698242,0.20464285714285718,0.20464285714285718,35.76265105402282,35.76265105402282,3.4110000133514404,-0.6147867279062234
2009-10-22,7.32857084274292,0.20464285714285718,0.20464285714285718,35.811515461920024,35.811515461920024,3.4210000038146973,-0.6286021197783613
2009-10-23,7.283570766448975,0.20464285714285718,0.20464285714285718,35.59161980114681,35.59161980114681,3.4749999046325684,-0.6653497521891594
2009-10-26,7.231429100036621,0.20464285714285718,0.20464285714285718,35.336826317805475,35.336826317805475,3.553999900817871,-0.7240909808532017
2009-10-27,7.048929214477539,0.22464285714285714,0.22464285714285714,31.378381240917502,31.378381240917502,3.4619998931884766,-0.27509234584821707
2009-10-28,6.871428966522217,0.22464285714285714,0.22464285714285714,30.58823705288109,30.58823705288109,3.4110000133514404,-0.1417694320950078
2009-10-29,7.012499809265137,0.22464285714285714,0.22464285714285714,31.216215367158,31.216215367158,3.500999927520752,-0.29753663692569354
2009-10-30,6.732142925262451,0.22464285714285714,0.22464285714285714,29.96820380085034,29.96820380085034,3.3919999599456787,-0.05512996718480023
2009-11-02,6.76107120513916,0.22464285714285714,0.22464285714285714,30.0969783376624,30.0969783376624,3.421999931335449,-0.09940724850578508
2009-11-03,6.7410712242126465,0.22464285714285714,0.22464285714285714,30.007948215890956,30.007948215890956,3.4730000495910645,-0.14054961744041927
2009-11-04,6.814642906188965,0.22464285714285714,0.22464285714285714,30.335453318488238,30.335453318488238,3.5460000038146973,-0.249527096351863
2009-11-05,6.929643154144287,0.22464285714285714,0.22464285714285714,30.847378110658195,30.847378110658195,3.5329999923706055,-0.29123339420877903
2009-11-06,6.940713882446289,0.22464285714285714,0.22464285714285714,30.89665957209795,30.89665957209795,3.503000020980835,-0.2664041758329776
2009-11-09,7.195000171661377,0.22464285714285714,0.22464285714285714,32.02861761629866,32.02861761629866,3.4860000610351562,-0.3637922530680653
2009-11-10,7.24928617477417,0.22464285714285714,0.22464285714285714,32.27027232013939,32.27027232013939,3.4820001125335693,-0.38317283869022134
2009-11-11,7.2589287757873535,0.22464285714285714,0.22464285714285714,32.313196458194895,32.313196458194895,3.4739999771118164,-0.37928911712695834
2009-11-12,7.213929176330566,0.22464285714285714,0.22464285714285714,32.1128802761933,32.1128802761933,3.446000099182129,-0.3319848149743643
2009-11-13,7.301785945892334,0.22464285714285714,0.22464285714285714,32.50397559379735,32.50397559379735,3.428999900817871,-0.35245316543689986
2009-11-16,7.379642963409424,0.22464285714285714,0.22464285714285714,32.85055691183845,32.85055691183845,3.3310000896453857,-0.2869116661714233
2009-11-17,7.392857074737549,0.22464285714285714,0.22464285714285714,32.90937966496842,32.90937966496842,3.319000005722046,-0.2803526347280365
2009-11-18,7.355713844299316,0.22464285714285714,0.22464285714285714,32.744036190839566,32.744036190839566,3.365999937057495,-0.3120086875616286
2009-11-19,7.161070823669434,0.22464285714285714,0.22464285714285714,31.877580773091278,31.877580773091278,3.3489999771118164,-0.21199906377987743
2009-11-20,7.139999866485596,0.22464285714285714,0.22464285714285714,31.78378318944303,31.78378318944303,3.3559999465942383,-0.20974138435942669
2009-11-23,7.3528571128845215,0.22464285714285714,0.22464285714285714,32.73131942142553,32.73131942142553,3.364000082015991,-0.3088222961018312
2009-11-24,7.30142879486084,0.22464285714285714,0.22464285714285714,32.50238573228991,32.50238573228991,3.316999912261963,-0.24030268690555712
2009-11-25,7.292500019073486,0.22464285714285714,0.22464285714285714,32.46263919460375,32.46263919460375,3.2790000438690186,-0.1985357784551658
2009-11-27,7.163928985595703,0.22464285714285714,0.22464285714285714,31.890303910441922,31.890303910441922,3.2309999465942383,-0.09525058902048533
2009-11-30,7.13964319229126,0.22464285714285714,0.22464285714285714,31.782195450581124,31.782195450581124,3.2009999752044678,-0.05458423575398408
2009-12-01,7.034643173217773,0.22464285714285714,0.22464285714285714,31.31478678061966,31.31478678061966,3.2750000953674316,-0.0816205363570286
2009-12-02,7.008213996887207,0.22464285714285714,0.22464285714285714,31.19713702906865,31.19713702906865,3.322999954223633,-0.11757761348695883
2009-12-03,7.0171427726745605,0.22464285714285714,0.22464285714285714,31.236883566754802,31.236883566754802,3.380000114440918,-0.17865642769653034
2009-12-04,6.904285907745361,0.22464285714285714,0.22464285714285714,30.734500066275057,30.734500066275057,3.4830000400543213,-0.2293274641424743
2009-12-07,6.748213768005371,0.22464285714285714,0.22464285714285714,30.03974332339434,30.03974332339434,3.447999954223633,-0.11907670333413423
2009-12-08,6.781071186065674,0.22464285714285714,0.22464285714285714,30.186008459433843,30.186008459433843,3.3919999599456787,-0.07920687786636771
2009-12-09,7.064286231994629,0.22464285714285714,0.22464285714285714,31.446743163092147,31.446743163092147,3.4230000972747803,-0.24302055276772894
2009-12-10,7.01535701751709,0.22464285714285714,0.22464285714285714,31.22893425921757,31.22893425921757,3.4820001125335693,-0.27984152556597586
2009-12-11,6.952499866485596,0.22464285714285714,0.22464285714285714,30.94912500184367,30.94912500184367,3.5399999618530273,-0.30889084345168616
2009-12-14,7.034999847412109,0.22464285714285714,0.22464285714285714,31.316374519481567,31.316374519481567,3.5460000038146973,-0.35278234901269867
2009-12-15,6.934642791748047,0.22464285714285714,0.22464285714285714,30.8696340491169,30.8696340491169,3.6029999256134033,-0.3635705290455893
2009-12-16,6.965356826782227,0.22464285714285714,0.22464285714285714,31.00635789346619,31.00635789346619,3.5959999561309814,-0.37085496026958475
2009-12-17,6.852142810821533,0.22464285714285714,0.22464285714285714,30.502384531479002,30.502384531479002,3.486999988555908,-0.20856777625466272
2009-12-18,6.979642868041992,0.22464285714285714,0.22464285714285714,31.069952353764034,31.069952353764034,3.5460000038146973,-0.32745628474506416
2009-12-21,7.0796427726745605,0.22464285714285714,0.22464285714285714,31.515102962621256,31.515102962621256,3.681999921798706,-0.5089181102429636
2009-12-22,7.15571403503418,0.22464285714285714,0.22464285714285714,31.853734973125125,31.853734973125125,3.74399995803833,-0.6046506765688378
2009-12-23,7.2178568840026855,0.22464285714285714,0.22464285714285714,32.13036450748413,32.13036450748413,3.747999906539917,-0.6356791615727384
2009-12-24,7.465713977813721,0.22464285714285714,0.22464285714285714,33.23370292190528,33.23370292190528,3.806999921798706,-0.7980063036338412
2009-12-28,7.557499885559082,0.22464285714285714,0.22464285714285714,33.642288838736775,33.642288838736775,3.8420000076293945,-0.8695506454784789
2009-12-29,7.4678568840026855,0.22464285714285714,0.22464285714285714,33.24324209094995,33.24324209094995,3.809000015258789,-0.80086982968872
2009-12-30,7.558570861816406,0.22464285714285714,0.22464285714285714,33.64705630061357,33.64705630061357,3.7839999198913574,-0.811971725015467
2009-12-31,7.526071071624756,0.22464285714285714,0.22464285714285714,33.502383148727056,33.502383148727056,3.8429999351501465,-0.8581376477101688
2010-01-04,7.643214225769043,0.22464285714285714,0.22464285714285714,34.023847109941684,34.023847109941684,3.8410000801086426,-0.9018850624309311
2010-01-05,7.656428813934326,0.22464285714285714,0.22464285714285714,34.08267198571719,34.08267198571719,3.755000114440918,-0.820957852674987
2010-01-06,7.534643173217773,0.22464285714285714,0.22464285714285714,33.5405419475513,33.5405419475513,3.808000087738037,-0.8265336535827976
2010-01-07,7.520713806152344,0.22464285714285714,0.22464285714285714,33.47853522611536,33.47853522611536,3.822000026702881,-0.8350115182572151
2010-01-08,7.570713996887207,0.22464285714285714,0.22464285714285714,33.70111159186674,33.70111159186674,3.808000087738037,-0.840738912170953
2010-01-11,7.503929138183594,0.22464285714285714,0.22464285714285714,33.403818103202006,33.403818103202006,3.818000078201294,-0.8243303219163307
2010-01-12,7.4185709953308105,0.22464285714285714,0.22464285714285714,33.023845448213464,33.023845448213464,3.7190001010894775,-0.6908851543666441
2010-01-13,7.523213863372803,0.22464285714285714,0.22464285714285714,33.48966425666748,33.48966425666748,3.7829999923706055,-0.7970040972313783
2010-01-14,7.479642868041992,0.22464285714285714,0.22464285714285714,33.29570752069567,33.29570752069567,3.7339999675750732,-0.7306098177233897
2010-01-15,7.354642868041992,0.22464285714285714,0.22464285714285714,32.73926872896276,32.73926872896276,3.6760001182556152,-0.6215641493930883
2010-01-19,7.679999828338623,0.22464285714285714,0.22464285714285714,34.18759859991756,34.18759859991756,3.7070000171661377,-0.7819627494055075
2010-01-20,7.56178617477417,0.22464285714285714,0.22464285714285714,33.661369299471666,33.661369299471666,3.6589999198913574,-0.6882354477054458
2010-01-21,7.431070804595947,0.22464285714285714,0.22464285714285714,33.07948847832854,33.07948847832854,3.6110000610351562,-0.5879787085280497
2010-01-22,7.0625,0.22464285714285714,0.22464285714285714,31.43879173290938,31.43879173290938,3.5980000495910645,-0.41721623163910504
2010-01-25,7.252500057220459,0.2664285714285714,0.2664285714285714,27.22117983943336,27.22117983943336,3.630000114440918,0.04360994176749111
2010-01-26,7.355000019073486,0.2664285714285714,0.2664285714285714,27.60589819491389,27.60589819491389,3.630000114440918,-0.007585828408957163
2010-01-27,7.424285888671875,0.2664285714285714,0.2664285714285714,27.865952397159855,27.865952397159855,3.6440000534057617,-0.05539132492059551
2010-01-28,7.117499828338623,0.2664285714285714,0.2664285714285714,26.714476567490813,26.714476567490813,3.6579999923706055,0.08528877270635205
2010-01-29,6.859285831451416,0.2664285714285714,0.2664285714285714,25.74530875075599,25.74530875075599,3.6089999675750732,0.2752028193526068
2010-02-01,6.9546427726745605,0.2664285714285714,0.2664285714285714,26.103216841137762,26.103216841137762,3.6540000438690186,0.17694541425564747
2010-02-02,6.994999885559082,0.2664285714285714,0.2664285714285714,26.254691259471088,26.254691259471088,3.634999990463257,0.17384312300988736
2010-02-03,7.115356922149658,0.2664285714285714,0.2664285714285714,26.706433487961185,26.706433487961185,3.703000068664551,0.041416049087688034
2010-02-04,6.85892915725708,0.2664285714285714,0.2664285714285714,25.743970027238372,25.743970027238372,3.609999895095825,0.274404875970764
2010-02-05,6.980713844299316,0.2664285714285714,0.2664285714285714,26.201070729273574,26.201070729273574,3.5460000038146973,0.2706379127523295
2010-02-08,6.932857036590576,0.2664285714285714,0.2664285714285714,26.02144732232388,26.02144732232388,3.5920000076293945,0.2509837726851498
2010-02-09,7.006785869598389,0.2664285714285714,0.2664285714285714,26.298928196884034,26.298928196884034,3.632999897003174,0.16943643239249573
2010-02-10,6.968571186065674,0.2664285714285714,0.2664285714285714,26.155495068343015,26.155495068343015,3.694000005722046,0.12928836021042622
2010-02-11,7.0953569412231445,0.2664285714285714,0.2664285714285714,26.631366535421993,26.631366535421993,3.7330000400543213,0.021970620838782207
2010-02-12,7.156428813934326,0.2664285714285714,0.2664285714285714,26.86059072254171,26.86059072254171,3.693000078201294,0.0299262354065033
2010-02-16,7.264286041259766,0.2664285714285714,0.2664285714285714,27.26541677684631,27.26541677684631,3.6640000343322754,0.0036497514182816104
2010-02-17,7.23392915725708,0.2664285714285714,0.2664285714285714,27.151476729651243,27.151476729651243,3.742000102996826,-0.05895917687315588
2010-02-18,7.247499942779541,0.2664285714285714,0.2664285714285714,27.202412653864233,27.202412653864233,3.802999973297119,-0.1268554609538537
2010-02-19,7.202499866485596,0.2664285714285714,0.2664285714285714,27.033511563216717,27.033511563216717,3.7820000648498535,-0.08288758491345094
2010-02-22,7.1578569412231445,0.2664285714285714,0.2664285714285714,26.86595098582414,26.86595098582414,3.7990000247955322,-0.07681650511423888
2010-02-23,7.0378570556640625,0.2664285714285714,0.2664285714285714,26.415549270588976,26.415549270588976,3.690999984741211,0.09464910306101837
2010-02-24,7.166429042816162,0.2664285714285714,0.2664285714285714,26.89812509367997,26.89812509367997,3.694999933242798,0.02273130831114134
2010-02-25,7.214285850524902,0.2664285714285714,0.2664285714285714,27.077748500629664,27.077748500629664,3.6419999599456787,0.051069277242731026
2010-02-26,7.307857036590576,0.2664285714285714,0.2664285714285714,27.42895402473675,27.42895402473675,3.5950000286102295,0.05078245036491458
2010-03-01,7.463929176330566,0.2664285714285714,0.2664285714285714,28.014747578720627,28.014747578720627,3.6059999465942383,-0.03645145364412672
2010-03-02,7.458929061889648,0.2664285714285714,0.2664285714285714,27.9959803931515,27.9959803931515,3.614000082015991,-0.04205873201910215
2010-03-03,7.476070880889893,0.2664285714285714,0.2664285714285714,28.060319660176543,28.060319660176543,3.625,-0.06124872378339674
2010-03-04,7.525356769561768,0.2664285714285714,0.2664285714285714,28.24530690988331,28.24530690988331,3.6059999465942383,-0.06558877956213172
2010-03-05,7.819643020629883,0.2664285714285714,0.2664285714285714,29.349866565366856,29.349866565366856,3.681999921798706,-0.2748294061411998
2010-03-08,7.824285984039307,0.2664285714285714,0.2664285714285714,29.367293237681046,29.367293237681046,3.7079999446868896,-0.30285125799449686
2010-03-09,7.965000152587891,0.2664285714285714,0.2664285714285714,29.895442931965277,29.895442931965277,3.7009999752044678,-0.35600855870076975
2010-03-10,8.029999732971191,0.2664285714285714,0.2664285714285714,30.139409185414664,30.139409185414664,3.7200000286102295,-0.40208495652603915
2010-03-11,8.053570747375488,0.2664285714285714,0.2664285714285714,30.22787948076591,30.22787948076591,3.7200000286102295,-0.4117957576612765
2010-03-12,8.092857360839844,0.2664285714285714,0.2664285714285714,30.37533593880907,30.37533593880907,3.7100000381469727,-0.41785537836610986
2010-03-15,7.994286060333252,0.2664285714285714,0.2664285714285714,30.00536322913285,30.00536322913285,3.7039999961853027,-0.371262470684933
2010-03-16,8.016071319580078,0.2664285714285714,0.2664285714285714,30.08713095820941,30.08713095820941,3.6530001163482666,-0.3293199642294571
2010-03-17,8.00428581237793,0.2664285714285714,0.2664285714285714,30.042895810533786,30.042895810533786,3.6419999599456787,-0.3134260225112748
2010-03-18,8.023214340209961,0.2664285714285714,0.2664285714285714,30.113941223308167,30.113941223308167,3.671999931335449,-0.3512788321456801
2010-03-19,7.9375,0.2664285714285714,0.2664285714285714,29.792225201072387,29.792225201072387,3.687000036239624,-0.3304196087930551
2010-03-22,8.026785850524902,0.2664285714285714,0.2664285714285714,30.127346355857544,30.127346355857544,3.6630001068115234,-0.34375655914482417
2010-03-23,8.15571403503418,0.2664285714285714,0.2664285714285714,30.611259112728828,30.611259112728828,3.680000066757202,-0.41322820246567993
2010-03-24,8.19178581237793,0.2664285714285714,0.2664285714285714,30.746649161740223,30.746649161740223,3.8289999961853027,-0.5766130621178469
2010-03-25,8.094642639160156,0.2664285714285714,0.2664285714285714,30.382036715346434,30.382036715346434,3.9010000228881836,-0.6095814475993038
2010-03-26,8.246429443359375,0.2664285714285714,0.2664285714285714,30.95174590000838,30.95174590000838,3.8550000190734863,-0.6241645010042802
2010-03-29,8.299642562866211,0.2664285714285714,0.2664285714285714,31.151473426307497,31.151473426307497,3.864000082015991,-0.6538790507728991
2010-03-30,8.423213958740234,0.2664285714285714,0.2664285714285714,31.615280274092036,31.615280274092036,3.868000030517578,-0.7049725598439243
2010-03-31,8.39285659790039,0.2664285714285714,0.2664285714285714,31.501338437159646,31.501338437159646,3.8329999446868896,-0.6585316534590513
2010-04-01,8.427499771118164,0.2664285714285714,0.2664285714285714,31.63136643315129,31.63136643315129,3.8589999675750732,-0.6975810572875023
2010-04-05,8.517499923706055,0.2664285714285714,0.2664285714285714,31.96916861444632,31.96916861444632,3.99399995803833,-0.865986176822521
2010-04-06,8.555000305175781,0.2664285714285714,0.2664285714285714,32.10992071647747,32.10992071647747,3.9679999351501465,-0.853697633286032
2010-04-07,8.592857360839844,0.2664285714285714,0.2664285714285714,32.252011542026224,32.252011542026224,3.86299991607666,-0.7624181160951533
2010-04-08,8.569643020629883,0.2664285714285714,0.2664285714285714,32.164879970192594,32.164879970192594,3.8959999084472656,-0.7870189300425379
2010-04-09,8.635356903076172,0.2664285714285714,0.2664285714285714,32.411527250151856,32.411527250151856,3.888000011444092,-0.8026779521594132
2010-04-12,8.653214454650879,0.2664285714285714,0.2664285714285714,32.47855291289874,32.47855291289874,3.8459999561309814,-0.7670450449260136
2010-04-13,8.65821361541748,0.2664285714285714,0.2664285714285714,32.49731651899323,32.49731651899323,3.811000108718872,-0.7338229534434677
2010-04-14,8.774642944335938,0.2664285714285714,0.2664285714285714,32.93431668115365,32.93431668115365,3.8550000190734863,-0.8186534335916007
2010-04-15,8.890000343322754,0.2664285714285714,0.2664285714285714,33.36729351381195,33.36729351381195,3.8480000495910645,-0.8510533551099457
2010-04-16,8.835714340209961,0.2664285714285714,0.2664285714285714,33.16353907853605,33.16353907853605,3.7699999809265137,-0.754640258214605
2010-04-19,8.823928833007812,0.2664285714285714,0.2664285714285714,33.119303930860426,33.119303930860426,3.806999921798706,-0.7876127931090711
2010-04-20,8.735357284545898,0.2664285714285714,0.2664285714285714,32.786863802585145,32.786863802585145,3.805000066757202,-0.7549980719913805
2010-04-21,9.257857322692871,0.3214285714285714,0.3214285714285714,28.80222278171116,28.80222278171116,3.73799991607666,-0.26604565900806953
2010-04-22,9.516785621643066,0.3214285714285714,0.3214285714285714,29.60777748955621,29.60777748955621,3.7720000743865967,-0.3945091419694706
2010-04-23,9.672499656677246,0.3214285714285714,0.3214285714285714,30.09222115410699,30.09222115410699,3.816999912261963,-0.49388197132020606
2010-04-26,9.625,0.3214285714285714,0.3214285714285714,29.944444444444446,29.944444444444446,3.815000057220459,-0.47548243198854845
2010-04-27,9.35857105255127,0.3214285714285714,0.3214285714285714,29.115554385715065,29.115554385715065,3.690000057220459,-0.25540978031118966
2010-04-28,9.342857360839844,0.3214285714285714,0.3214285714285714,29.06666734483507,29.06666734483507,3.7730000019073486,-0.33263310969914217
2010-04-29,9.59428596496582,0.3214285714285714,0.3214285714285714,29.848889668782554,29.848889668782554,3.7279999256134033,-0.3777915557327325
2010-04-30,9.3246431350708,0.3214285714285714,0.3214285714285714,29.010000864664715,29.010000864664715,3.6630001068115234,-0.21591299824808274
2010-05-03,9.512499809265137,0.3214285714285714,0.3214285714285714,29.594443851047096,29.594443851047096,3.7049999237060547,-0.32598727851786524
2010-05-04,9.238571166992188,0.3214285714285714,0.3214285714285714,28.742221408420143,28.742221408420143,3.61299991607666,-0.13379771458277645
2010-05-05,9.142499923706055,0.3214285714285714,0.3214285714285714,28.443333095974396,28.443333095974396,3.549999952316284,-0.034237588511141226
2010-05-06,8.79464340209961,0.3214285714285714,0.3214285714285714,27.36111280653212,27.36111280653212,3.3980000019073486,0.25682210664834804
2010-05-07,8.42357063293457,0.3214285714285714,0.3214285714285714,26.206664191352,26.206664191352,3.428999900817871,0.38682340541578686
2010-05-10,9.071070671081543,0.3214285714285714,0.3214285714285714,28.221108754475914,28.221108754475914,3.5390000343322754,0.0044468539527158235
2010-05-11,9.161429405212402,0.3214285714285714,0.3214285714285714,28.502224816216366,28.502224816216366,3.5350000858306885,-0.026502042439180418
2010-05-12,9.360357284545898,0.3214285714285714,0.3214285714285714,29.121111551920574,29.121111551920574,3.566999912261963,-0.13306505638573274
2010-05-13,9.227143287658691,0.3214285714285714,0.3214285714285714,28.706668006049266,28.706668006049266,3.563999891281128,-0.08048867434270379
2010-05-14,9.0649995803833,0.3214285714285714,0.3214285714285714,28.20222091674805,28.20222091674805,3.441999912261963,0.10382012422368936
2010-05-17,9.079285621643066,0.3214285714285714,0.3214285714285714,28.2466663784451,28.2466663784451,3.4719998836517334,0.06824088884202695
2010-05-18,9.012857437133789,0.3214285714285714,0.3214285714285714,28.040000915527347,28.040000915527347,3.375999927520752,0.19033376488024567
2010-05-19,8.869285583496094,0.3214285714285714,0.3214285714285714,27.593332926432293,27.593332926432293,3.3589999675750732,0.2650638693892424
2010-05-20,8.491429328918457,0.3214285714285714,0.3214285714285714,26.41778013441298,26.41778013441298,3.2639999389648438,0.5213294676394433
2010-05-21,8.65428638458252,0.3214285714285714,0.3214285714285714,26.924446529812286,26.924446529812286,3.200000047683716,0.5140967263864322
2010-05-24,8.812856674194336,0.3214285714285714,0.3214285714285714,27.417776319715713,27.417776319715713,3.2269999980926514,0.4202687969369254
2010-05-25,8.757857322692871,0.3214285714285714,0.3214285714285714,27.2466672261556,27.2466672261556,3.1579999923706055,0.5121736538214101
2010-05-26,8.71821403503418,0.3214285714285714,0.3214285714285714,27.123332553439674,27.123332553439674,3.2179999351501465,0.46886265088994517
2010-05-27,9.048213958740234,0.3214285714285714,0.3214285714285714,28.149998982747398,28.149998982747398,3.3380000591278076,0.2143979378059795
2010-05-28,9.174285888671875,0.3214285714285714,0.3214285714285714,28.542222764756946,28.542222764756946,3.3010001182556152,0.20258125395190962
2010-06-01,9.315357208251953,0.3214285714285714,0.3214285714285714,28.981111314561634,28.981111314561634,3.2960000038146973,0.15452330133387848
2010-06-02,9.426786422729492,0.3214285714285714,0.3214285714285714,29.32777998182509,29.32777998182509,3.3340001106262207,0.07573632567995947
2010-06-03,9.397143363952637,0.3214285714285714,0.3214285714285714,29.235557132297096,29.235557132297096,3.378999948501587,0.041492417950633964
2010-06-04,9.14142894744873,0.3214285714285714,0.3214285714285714,28.440001169840496,28.440001169840496,3.194999933242798,0.32117432437453575
2010-06-07,8.962142944335938,0.3214285714285714,0.3214285714285714,27.882222493489586,27.882222493489586,3.184000015258789,0.4025146545581415
2010-06-08,8.904643058776855,0.3214285714285714,0.3214285714285714,27.70333396063911,27.70333396063911,3.1679999828338623,0.4416738615517981
2010-06-09,8.685713768005371,0.3214285714285714,0.3214285714285714,27.02222061157227,27.02222061157227,3.187000036239624,0.5136580790736298
2010-06-10,8.946785926818848,0.3214285714285714,0.3214285714285714,27.83444510565864,27.83444510565864,3.319000005722046,0.2736708601925888
2010-06-11,9.053929328918457,0.3214285714285714,0.3214285714285714,28.16778013441298,28.16778013441298,3.2160000801086426,0.3341554352643481
2010-06-14,9.081428527832031,0.3214285714285714,0.3214285714285714,28.253333197699657,28.253333197699657,3.2750000953674316,0.2644053015201062
2010-06-15,9.274642944335938,0.3214285714285714,0.3214285714285714,28.854444715711807,28.854444715711807,3.309999942779541,0.15567063190138697
2010-06-16,9.54464340209961,0.3214285714285714,0.3214285714285714,29.694446139865455,29.694446139865455,3.2820000648498535,0.08563304502478308
2010-06-17,9.709643363952637,0.3214285714285714,0.3214285714285714,30.207779354519317,30.207779354519317,3.190000057220459,0.12040547859855266
2010-06-18,9.788213729858398,0.3214285714285714,0.3214285714285714,30.4522204928928,30.4522204928928,3.2230000495910645,0.0608327344037467
2010-06-21,9.64892864227295,0.3214285714285714,0.3214285714285714,30.018889109293625,30.018889109293625,3.243000030517578,0.08823583353845521
2010-06-22,9.780357360839844,0.3214285714285714,0.3214285714285714,30.427778455946182,30.427778455946182,3.1659998893737793,0.12047073301429867
2010-06-23,9.677499771118164,0.3214285714285714,0.3214285714285714,30.107777065700958,30.107777065700958,3.115000009536743,0.2064009621052607
2010-06-24,9.60714340209961,0.3214285714285714,0.3214285714285714,29.888890584309898,29.888890584309898,3.122999906539917,0.22272481073997952
2010-06-25,9.524999618530273,0.3214285714285714,0.3214285714285714,29.63333214653863,29.63333214653863,3.11299991607666,0.26157839680067374
2010-06-28,9.58214282989502,0.3214285714285714,0.3214285714285714,29.811111026340065,29.811111026340065,3.0320000648498535,0.32245391412608804
2010-06-29,9.14892864227295,0.3214285714285714,0.3214285714285714,28.463333553738067,28.463333553738067,2.9670000076293945,0.5462919197269875
2010-06-30,8.983214378356934,0.3214285714285714,0.3214285714285714,27.94777806599935,27.94777806599935,2.9509999752044678,0.6271020035591959
2010-07-01,8.874285697937012,0.3214285714285714,0.3214285714285714,27.60888883802626,27.60888883802626,2.927000045776367,0.6950218540064323
2010-07-02,8.819286346435547,0.3214285714285714,0.3214285714285714,27.437779744466148,27.437779744466148,2.9790000915527344,0.6656096739356241
2010-07-06,8.879643440246582,0.3214285714285714,0.3214285714285714,27.625557369656036,27.625557369656036,2.931999921798706,0.6878365456399633
2010-07-07,9.238213539123535,0.3214285714285714,0.3214285714285714,28.741108788384334,28.741108788384334,2.9800000190734863,0.49933686859783455
2010-07-08,9.217499732971191,0.3214285714285714,0.3214285714285714,28.676665835910377,28.676665835910377,3.0199999809265137,0.46715576347578436
2010-07-09,9.272143363952637,0.3214285714285714,0.3214285714285714,28.846668243408207,28.846668243408207,3.055999994277954,0.41060485437215455
2010-07-12,9.188928604125977,0.3214285714285714,0.3214285714285714,28.58777787950304,28.58777787950304,3.0460000038146973,0.45199835133896915
2010-07-13,8.992856979370117,0.3214285714285714,0.3214285714285714,27.977777269151478,27.977777269151478,3.114000082015991,0.46026527287554275
2010-07-14,9.026070594787598,0.3214285714285714,0.3214285714285714,28.081108517116974,28.081108517116974,3.049999952316284,0.5111130265052082
2010-07-15,8.98035717010498,0.3214285714285714,0.3214285714285714,27.938888973659942,27.938888973659942,2.9779999256134033,0.6012404691738555
2010-07-16,8.925000190734863,0.3214285714285714,0.3214285714285714,27.766667260064022,27.766667260064022,2.938999891281128,0.6624406079835081
2010-07-19,8.770713806152344,0.3214285714285714,0.3214285714285714,27.286665174696182,27.286665174696182,2.9639999866485596,0.7007937636970589
2010-07-20,8.996070861816406,0.3214285714285714,0.3214285714285714,27.987776014539932,27.987776014539932,2.931999921798706,0.6409885124394767
2010-07-21,9.079999923706055,0.44035714285714284,0.44035714285714284,20.619626752941567,20.619626752941567,2.8919999599456787,1.9577483501557218
2010-07-22,9.250714302062988,0.44035714285714284,0.44035714285714284,21.007299307199002,21.007299307199002,2.931999921798706,1.828250243520305
2010-07-23,9.283571243286133,0.44035714285714284,0.44035714285714284,21.081913610057722,21.081913610057722,2.99399995803833,1.749402460245567
2010-07-26,9.260000228881836,0.44035714285714284,0.44035714285714284,21.028386570047967,21.028386570047967,2.99399995803833,1.7614766291400787
2010-07-27,9.431428909301758,0.44035714285714284,0.44035714285714284,21.417681221447626,21.417681221447626,3.046999931335449,1.6220395863439991
2010-07-28,9.319999694824219,0.44035714285714284,0.44035714285714284,21.164638398627588,21.164638398627588,3.000999927520752,1.7238622750144188
2010-07-29,9.21821403503418,0.44035714285714284,0.44035714285714284,20.93349497006951,20.93349497006951,2.999000072479248,1.778033105352688
2010-07-30,9.1875,0.44035714285714284,0.44035714285714284,20.86374695863747,20.86374695863747,2.9070000648498535,1.8860028506020416
2010-08-02,9.351785659790039,0.44035714285714284,0.44035714285714284,21.23682063861485,21.23682063861485,2.9630000591278076,1.7458027179776447
2010-08-03,9.354642868041992,0.44035714285714284,0.44035714285714284,21.243309027183763,21.243309027183763,2.9140000343322754,1.7933645232343505
2010-08-04,9.392143249511719,0.44035714285714284,0.44035714285714284,21.328468044308853,21.328468044308853,2.9519999027252197,1.7365693743674848
2010-08-05,9.346428871154785,0.44035714285714284,0.44035714285714284,21.224655992890025,21.224655992890025,2.9149999618530273,1.7965016065822237
2010-08-06,9.288928985595703,0.44035714285714284,0.44035714285714284,21.09408042146632,21.09408042146632,2.8239998817443848,1.9166665991814842
2010-08-09,9.348214149475098,0.44035714285714284,0.44035714285714284,21.22871015290371,21.22871015290371,2.822000026702881,1.8886017611462877
2010-08-10,9.264642715454102,0.44035714285714284,0.44035714285714284,21.038929118630563,21.038929118630563,2.7809998989105225,1.9720937322404657
2010-08-11,8.935357093811035,0.44035714285714284,0.44035714285714284,20.291159661533577,20.291159661533577,2.684999942779541,2.243254610831425
2010-08-12,8.992500305175781,0.44035714285714284,0.44035714285714284,20.420925267228053,20.420925267228053,2.734999895095825,2.1619378631791237
2010-08-13,8.896429061889648,0.44035714285714284,0.44035714285714284,20.2027586158078,20.2027586158078,2.687999963760376,2.2618191130143304
2010-08-16,8.84428596496582,0.44035714285714284,0.44035714285714284,20.08434769010892,20.08434769010892,2.575000047683716,2.4040015879655066
2010-08-17,8.998929023742676,0.44035714285714284,0.44035714285714284,20.435524141508104,20.435524141508104,2.6449999809265137,2.248439468315828
2010-08-18,9.038213729858398,0.44035714285714284,0.44035714285714284,20.52473515296311,20.52473515296311,2.6410000324249268,2.231170022620252
2010-08-19,8.924285888671875,0.44035714285714284,0.44035714285714284,20.266018238670924,20.266018238670924,2.5789999961853027,2.355368404272534
2010-08-20,8.915714263916016,0.44035714285714284,0.44035714285714284,20.24655307296419,20.24655307296419,2.611999988555908,2.3271123452631706
2010-08-23,8.778571128845215,0.44035714285714284,0.44035714285714284,19.935116918707706,19.935116918707706,2.6070001125335693,2.4092734517391854
2010-08-24,8.568928718566895,0.44035714285714284,0.44035714285714284,19.459043318724497,19.459043318724497,2.499000072479248,2.6399987139500327
2010-08-25,8.674642562866211,0.44035714285714284,0.44035714285714284,19.699107198722945,19.699107198722945,2.5380001068115234,2.5383720856542755
2010-08-26,8.581428527832031,0.44035714285714284,0.44035714285714284,19.487428935871606,19.487428935871606,2.499000072479248,2.6325131881502433
2010-08-27,8.62928581237793,0.44035714285714284,0.44035714285714284,19.596107278717117,19.596107278717117,2.6519999504089355,2.4510543744981197
2010-08-30,8.660714149475098,0.44035714285714284,0.44035714285714284,19.66747738729138,19.66747738729138,2.5450000762939453,2.539536086163648
2010-08-31,8.682143211364746,0.44035714285714284,0.44035714285714284,19.716140301558223,19.716140301558223,2.4769999980926514,2.5949866316685863
2010-09-01,8.940357208251953,0.44035714285714284,0.44035714285714284,20.30251434152917,20.30251434152917,2.5820000171661377,2.3434982889943035
2010-09-02,9.006071090698242,0.44035714285714284,0.44035714285714284,20.45174294724662,20.45174294724662,2.628000020980835,2.2615587935388257
2010-09-03,9.241786003112793,0.44035714285714284,0.44035714285714284,20.987024175763036,20.987024175763036,2.7060000896453857,2.0588488552319673
2010-09-07,9.207500457763672,0.44035714285714284,0.44035714285714284,20.909165678619857,20.909165678619857,2.6089999675750732,2.173591625845247
2010-09-08,9.390000343322754,0.44035714285714284,0.44035714285714284,21.323601752882166,21.323601752882166,2.6540000438690186,2.035639218713987
2010-09-09,9.395357131958008,0.44035714285714284,0.44035714285714284,21.335766398606992,21.335766398606992,2.760999917984009,1.9259655339122483
2010-09-10,9.407500267028809,0.44035714285714284,0.44035714285714284,21.36334205002487,21.36334205002487,2.7950000762939453,1.8859154736156993
2010-09-13,9.537142753601074,0.44035714285714284,0.44035714285714284,21.657745101446075,21.657745101446075,2.740999937057495,1.8762859129511034
2010-09-14,9.57357120513916,0.44035714285714284,0.44035714285714284,21.740469890015937,21.740469890015937,2.6659998893737793,1.9337166993612165
2010-09-15,9.650713920593262,0.44035714285714284,0.44035714285714284,21.91565205000903,21.91565205000903,2.7230000495910645,1.8399488315013786
2010-09-16,9.8774995803833,0.44035714285714284,0.44035714285714284,22.430655981405714,22.430655981405714,2.759000062942505,1.6991843112860847
2010-09-17,9.834643363952637,0.44035714285714284,0.44035714285714284,22.333334484239565,22.333334484239565,2.746000051498413,1.731611658054816
2010-09-20,10.115357398986816,0.44035714285714284,0.44035714285714284,22.970803501348815,22.970803501348815,2.7060000896453857,1.6473521992341968
2010-09-21,10.134642601013184,0.44035714285714284,0.44035714285714284,23.014597958505203,23.014597958505203,2.5940001010894775,1.7510681977484044
2010-09-22,10.276785850524902,0.44035714285714284,0.44035714285714284,23.33738879275728,23.33738879275728,2.5480000972747803,1.736969437578872
2010-09-23,10.318571090698242,0.44035714285714284,0.44035714285714284,23.43227822705197,23.43227822705197,2.555000066757202,1.7126174065003719
2010-09-24,10.4399995803833,0.44035714285714284,0.44035714285714284,23.708028244179435,23.708028244179435,2.611999988555908,1.6059804765446017
2010-09-27,10.398571014404297,0.44035714285714284,0.44035714285714284,23.613948775613977,23.613948775613977,2.5169999599456787,1.717785206661846
2010-09-28,10.244999885559082,0.44035714285714284,0.44035714285714284,23.265206552770017,23.265206552770017,2.4560000896453857,1.842263919882341
2010-09-29,10.263214111328125,0.44035714285714284,0.44035714285714284,23.30656894705495,23.30656894705495,2.50600004196167,1.7846357966796988
2010-09-30,10.133929252624512,0.44035714285714284,0.44035714285714284,23.012978027046742,23.012978027046742,2.5169999599456787,1.8283741973003664
2010-10-01,10.09000015258789,0.44035714285714284,0.44035714285714284,22.913220135641602,22.913220135641602,2.5260000228881836,1.8382927045425461
2010-10-04,9.95142936706543,0.44035714285714284,0.44035714285714284,22.598541952784434,22.598541952784434,2.4790000915527344,1.9460641541376251
2010-10-05,10.319286346435547,0.44035714285714284,0.44035714285714284,23.433902489877966,23.433902489877966,2.4739999771118164,1.7933216968259318
2010-10-06,10.328213691711426,0.44035714285714284,0.44035714285714284,23.454175455630164,23.454175455630164,2.3989999294281006,1.8646332214868275
2010-10-07,10.329285621643066,0.44035714285714284,0.44035714285714284,23.45660968418539,23.45660968418539,2.3959999084472656,1.867190780504714
2010-10-08,10.5024995803833,0.44035714285714284,0.44035714285714284,23.849958495598738,23.849958495598738,2.38100004196167,1.811879371998483
2010-10-11,10.54857063293457,0.44035714285714284,0.44035714285714284,23.954580512746794,23.954580512746794,2.38100004196167,1.793566903461885
2010-10-12,10.662142753601074,0.44035714285714284,0.44035714285714284,24.21248962699352,24.21248962699352,2.421999931335449,1.70809992789233
2010-10-13,10.71928596496582,0.44035714285714284,0.44035714285714284,24.342255232687997,24.342255232687997,2.430999994277954,1.67708280430001
2010-10-14,10.796786308288574,0.44035714285714284,0.44035714285714284,24.518249524094088,24.518249524094088,2.494999885559082,1.5835947099372234
2010-10-15,11.240714073181152,0.44035714285714284,0.44035714285714284,25.52635799262549,25.52635799262549,2.5759999752044678,1.341519321080956
2010-10-18,11.35714340209961,0.44035714285714284,0.44035714285714284,25.790755495441125,25.790755495441125,2.490999937057495,1.3863583674588806
2010-10-19,11.053214073181152,0.44035714285714284,0.44035714285714284,25.10056723836758,25.10056723836758,2.4749999046325684,1.5089738060150766
2010-10-20,11.090356826782227,0.44035714285714284,0.44035714285714284,25.184914124079672,25.184914124079672,2.4700000286102295,1.5006309414746957
2010-10-21,11.054286003112793,0.44035714285714284,0.44035714285714284,25.10300146692281,25.10300146692281,2.5309998989105225,1.4525874873136262
2010-10-22,10.981071472167969,0.44035714285714284,0.44035714285714284,24.936739758370084,24.936739758370084,2.562999963760376,1.4471473517656932
2010-10-25,11.029999732971191,0.44035714285714284,0.44035714285714284,25.047850164087055,25.047850164087055,2.553999900817871,1.438358698619032
2010-10-26,11.001786231994629,0.44035714285714284,0.44035714285714284,24.9837805754947,24.9837805754947,2.635999917984009,1.3665968746761399
2010-10-27,10.993928909301758,0.5410714285714285,0.5410714285714285,20.318812505640214,20.318812505640214,2.7119998931884766,2.2095475630047146
2010-10-28,10.901429176330566,0.5410714285714285,0.5410714285714285,20.147855903449233,20.147855903449233,2.6610000133514404,2.3023072725062272
2010-10-29,10.749285697937012,0.5410714285714285,0.5410714285714285,19.866666636451242,19.866666636451242,2.611999988555908,2.421557066079548
2010-11-01,10.863571166992188,0.5410714285714285,0.5410714285714285,20.077887305332098,20.077887305332098,2.628000020980835,2.352603688924586
2010-11-02,11.04857063293457,0.5410714285714285,0.5410714285714285,20.419800509714058,20.419800509714058,2.5940001010894775,2.303207388887138
2010-11-03,11.171428680419922,0.5410714285714285,0.5410714285714285,20.64686488790481,20.64686488790481,2.61899995803833,2.224350378340403
2010-11-04,11.366786003112793,0.5410714285714285,0.5410714285714285,21.007921325885032,21.007921325885032,2.4839999675750732,2.2761092525972444
2010-11-05,11.326070785522461,0.5410714285714285,0.5410714285714285,20.932672078853393,20.932672078853393,2.5360000133514404,2.2412209560164413
2010-11-08,11.37928581237793,0.5410714285714285,0.5410714285714285,21.031023283602774,21.031023283602774,2.562999963760376,2.1918804170704913
2010-11-09,11.28857135772705,0.5410714285714285,0.5410714285714285,20.86336620570016,20.86336620570016,2.6589999198913574,2.134090467060611
2010-11-10,11.358214378356934,0.5410714285714285,0.5410714285714285,20.99207937914153,20.99207937914153,2.6480000019073486,2.115701496828576
2010-11-11,11.308929443359375,0.5410714285714285,0.5410714285714285,20.900991710499177,20.900991710499177,2.6480000019073486,2.136461969328547
2010-11-12,11.001070976257324,0.5410714285714285,0.5410714285714285,20.33201236536007,20.33201236536007,2.75600004196167,2.1623522688194985
2010-11-15,10.965714454650879,0.5410714285714285,0.5410714285714285,20.266666978892715,20.266666978892715,2.9110000133514404,2.0232104369484425
2010-11-16,10.771071434020996,0.5410714285714285,0.5410714285714285,19.906930703141118,19.906930703141118,2.8469998836517334,2.1763762204415507
2010-11-17,10.73214340209961,0.5410714285714285,0.5410714285714285,19.83498450553063,19.83498450553063,2.864000082015991,2.177596999752174
2010-11-18,11.01535701751709,0.5410714285714285,0.5410714285714285,20.358415609932578,20.358415609932578,2.9019999504089355,2.009973648912391
2010-11-19,10.954643249511719,0.5410714285714285,0.5410714285714285,20.24620534563222,20.24620534563222,2.875,2.06419716276973
2010-11-22,11.191429138183594,0.5410714285714285,0.5410714285714285,20.683829430306314,20.683829430306314,2.812999963760376,2.0216947109828913
2010-11-23,11.026070594787598,0.5410714285714285,0.5410714285714285,20.378216280795563,20.378216280795563,2.76200008392334,2.1452007535827393
2010-11-24,11.242856979370117,0.5410714285714285,0.5410714285714285,20.778877585634543,20.778877585634543,2.9140000343322754,1.8985794511513348
2010-11-26,11.25,0.5410714285714285,0.5410714285714285,20.792079207920793,20.792079207920793,2.864000082015991,1.945523727507818
2010-11-29,11.31678581237793,0.5410714285714285,0.5410714285714285,20.91551173244766,20.91551173244766,2.822000026702881,1.959140462671959
2010-11-30,11.112500190734863,0.5410714285714285,0.5410714285714285,20.53795414789282,20.53795414789282,2.796999931335449,2.0720342129568605
2010-12-01,11.300000190734863,0.5410714285714285,0.5410714285714285,20.884488801358163,20.884488801358163,2.9639999866485596,1.8242426632503825
2010-12-02,11.362500190734863,0.5410714285714285,0.5410714285714285,21.00000035251328,21.00000035251328,3.0,1.7619046819697797
2010-12-03,11.337142944335938,0.5410714285714285,0.5410714285714285,20.95313547468028,20.95313547468028,3.0169999599456787,1.7555554468973575
2010-12-06,11.433929443359375,0.5410714285714285,0.5410714285714285,21.13201481280941,21.13201481280941,2.940999984741211,1.7911564558923567
2010-12-07,11.364643096923828,0.5410714285714285,0.5410714285714285,21.003960839199156,21.003960839199156,3.1649999618530273,1.5960068199427448
2010-12-08,11.464642524719238,0.5410714285714285,0.5410714285714285,21.188778263507505,21.188778263507505,3.2360000610351562,1.48347921976064
2010-12-09,11.420000076293945,0.5410714285714285,0.5410714285714285,21.10627076806802,21.10627076806802,3.2230000495910645,1.5149283650908627
2010-12-10,11.44857120513916,0.5410714285714285,0.5410714285714285,21.159075494646633,21.159075494646633,3.2960000038146973,1.430104405865233
2010-12-13,11.488213539123535,0.5410714285714285,0.5410714285714285,21.232341854485743,21.232341854485743,3.2829999923706055,1.4267960671193212
2010-12-14,11.438928604125977,0.5410714285714285,0.5410714285714285,21.14125418584339,21.14125418584339,3.4549999237060547,1.2750884201993893
2010-12-15,11.441429138183594,0.5410714285714285,0.5410714285714285,21.145875634926774,21.145875634926774,3.5199999809265137,1.2090545981531715
2010-12-16,11.473214149475098,0.5410714285714285,0.5410714285714285,21.204620210251008,21.204620210251008,3.4769999980926514,1.2389533653001399
2010-12-17,11.450357437133789,0.5410714285714285,0.5410714285714285,21.162376781501393,21.162376781501393,3.3299999237060547,1.3953672234951382
2010-12-20,11.507499694824219,0.5410714285714285,0.5410714285714285,21.267986234658622,21.267986234658622,3.3489999771118164,1.35290263353773
2010-12-21,11.578571319580078,0.5410714285714285,0.5410714285714285,21.39933973255724,21.39933973255724,3.3259999752044678,1.347041401294577
2010-12-22,11.6128568649292,0.5410714285714285,0.5410714285714285,21.46270575696486,21.46270575696486,3.3459999561309814,1.3132448349200736
2010-12-23,11.557143211364746,0.5410714285714285,0.5410714285714285,21.35973662826488,21.35973662826488,3.3929998874664307,1.2887057786826617
2010-12-27,11.59571361541748,0.5410714285714285,0.5410714285714285,21.431021863477852,21.431021863477852,3.3510000705718994,1.3151330068441247
2010-12-28,11.623929023742676,0.5410714285714285,0.5410714285714285,21.483169152791746,21.483169152791746,3.4809999465942383,1.1738067669210706
2010-12-29,11.617500305175781,0.5410714285714285,0.5410714285714285,21.47128769273412,21.47128769273412,3.3410000801086426,1.3163824407282414
2010-12-30,11.559286117553711,0.5410714285714285,0.5410714285714285,21.363697114950753,21.363697114950753,3.36899995803833,1.3118377949935622
2010-12-31,11.520000457763672,0.5410714285714285,0.5410714285714285,21.291089954942763,21.291089954942763,3.305000066757202,1.3918003418468121
2011-01-03,11.770357131958008,0.5410714285714285,0.5410714285714285,21.75379535939434,21.75379535939434,3.3420000076293945,1.2548989862197493
2011-01-04,11.831786155700684,0.5410714285714285,0.5410714285714285,21.867327548489715,21.867327548489715,3.3459999561309814,1.22703256365247
2011-01-05,11.928570747375488,0.5410714285714285,0.5410714285714285,22.046203361486054,22.046203361486054,3.4830000400543213,1.0529283626880988
2011-01-06,11.918929100036621,0.5410714285714285,0.5410714285714285,22.028383815249203,22.028383815249203,3.4189999103546143,1.1205977668374256
2011-01-07,12.00428581237793,0.5410714285714285,0.5410714285714285,22.18613879515393,22.18613879515393,3.328000068664551,1.179318709213229
2011-01-10,12.23035717010498,0.5410714285714285,0.5410714285714285,22.603960446398645,22.603960446398645,3.303999900817871,1.1200035934871462
2011-01-11,12.20142936706543,0.5410714285714285,0.5410714285714285,22.550496519988915,22.550496519988915,3.3410000801086426,1.093492078915852
2011-01-12,12.300713539123535,0.5410714285714285,0.5410714285714285,22.733992019502246,22.733992019502246,3.3550000190734863,1.0436995104334947
2011-01-13,12.34571361541748,0.5410714285714285,0.5410714285714285,22.81716047733924,22.81716047733924,3.3010001182556152,1.0816661692219416
2011-01-14,12.445713996887207,0.5410714285714285,0.5410714285714285,23.00197966421398,23.00197966421398,3.3329999446868896,1.0144519468378208
2011-01-18,12.166070938110352,0.5410714285714285,0.5410714285714285,22.48514760838877,22.48514760838877,3.364000082015991,1.083380106081683
2011-01-19,12.101428985595703,0.6396428571428572,0.6396428571428572,18.919040290155202,18.919040290155202,3.3369998931884766,1.9486804831061102
2011-01-20,11.881428718566895,0.6396428571428572,0.6396428571428572,18.575097940808096,18.575097940808096,3.4590001106262207,1.924551584156906
2011-01-21,11.668571472167969,0.6396428571428572,0.6396428571428572,18.242322792892413,18.242322792892413,3.4159998893737793,2.065758170458496
2011-01-24,12.051786422729492,0.6396428571428572,0.6396428571428572,18.84143047662902,18.84143047662902,3.4079999923706055,1.8994526516332755
2011-01-25,12.192856788635254,0.6396428571428572,0.6396428571428572,19.061975995633002,19.061975995633002,3.319000005722046,1.92704584088428
2011-01-26,12.280357360839844,0.6396428571428572,0.6396428571428572,19.198771976745707,19.198771976745707,3.427999973297119,1.7806665039715233
2011-01-27,12.257499694824219,0.6396428571428572,0.6396428571428572,19.163036932165166,19.163036932165166,3.384999990463257,1.833379557308211
2011-01-28,12.003570556640625,0.6396428571428572,0.6396428571428572,18.76605112149288,18.76605112149288,3.3289999961853027,1.9997715899407398
2011-01-31,12.118571281433105,0.6396428571428572,0.6396428571428572,18.945840082642487,18.945840082642487,3.378000020980835,1.9002035088598124
2011-02-01,12.322500228881836,0.6396428571428572,0.6396428571428572,19.264656974242957,19.264656974242957,3.443000078201294,1.7478527946892548
2011-02-02,12.29714298248291,0.6396428571428572,0.6396428571428572,19.22501415463548,19.22501415463548,3.489000082015991,1.712556556416355
2011-02-03,12.265713691711426,0.6396428571428572,0.6396428571428572,19.175878468337235,19.175878468337235,3.5409998893737793,1.6738850591889518
2011-02-04,12.375,0.6396428571428572,0.6396428571428572,19.346733668341706,19.346733668341706,3.6519999504089355,1.516831218422234
2011-02-07,12.567143440246582,0.6396428571428572,0.6396428571428572,19.647125423054398,19.647125423054398,3.6440000534057617,1.4458030524805405
2011-02-08,12.685713768005371,0.6396428571428572,0.6396428571428572,19.83249500302347,19.83249500302347,3.7249999046325684,1.317230030872519
2011-02-09,12.791428565979004,0.6396428571428572,0.6396428571428572,19.997766602312232,19.997766602312232,3.6419999599456787,1.3585584518340417
2011-02-10,12.662142753601074,0.6396428571428572,0.6396428571428572,19.79564472924791,19.79564472924791,3.7079999446868896,1.34361627533199
2011-02-11,12.744643211364746,0.6396428571428572,0.6396428571428572,19.92462366935862,19.92462366935862,3.6459999084472656,1.3729154627768594
2011-02-14,12.82785701751709,0.6396428571428572,0.6396428571428572,20.05471783866435,20.05471783866435,3.614000082015991,1.3723577817284554
2011-02-15,12.853570938110352,0.6396428571428572,0.6396428571428572,20.094918272869336,20.094918272869336,3.615999937057495,1.3603825812537416
2011-02-16,12.968929290771484,0.6396428571428572,0.6396428571428572,20.275266339564574,20.275266339564574,3.621000051498413,1.3111176492127665
2011-02-17,12.796428680419922,0.6396428571428572,0.6396428571428572,20.005583643314225,20.005583643314225,3.5739998817443848,1.4246045970316965
2011-02-18,12.520000457763672,0.6396428571428572,0.6396428571428572,19.573423384555152,19.573423384555152,3.5889999866485596,1.5199683340851164
2011-02-22,12.09321403503418,0.6396428571428572,0.6396428571428572,18.906197263035008,18.906197263035008,3.4609999656677246,1.8282709865357551
2011-02-23,12.236429214477539,0.6396428571428572,0.6396428571428572,19.13009592436466,19.13009592436466,3.486999988555908,1.7403653312717369
2011-02-24,12.24571418762207,0.6396428571428572,0.6396428571428572,19.144611795277385,19.144611795277385,3.437999963760376,1.7854018512959167
2011-02-25,12.434286117553711,0.6396428571428572,0.6396428571428572,19.439419949274367,19.439419949274367,3.424999952316284,1.7191864617301285
2011-02-28,12.614643096923828,0.6396428571428572,0.6396428571428572,19.721385076151154,19.721385076151154,3.4140000343322754,1.656637733444434
2011-03-01,12.475357055664062,0.6396428571428572,0.6396428571428572,19.503629121082845,19.503629121082845,3.4140000343322754,1.7132508674961935
2011-03-02,12.575714111328125,0.6396428571428572,0.6396428571428572,19.66052457382398,19.66052457382398,3.4639999866485596,1.6223342881316762
2011-03-03,12.841428756713867,0.6396428571428572,0.6396428571428572,20.075935521384046,20.075935521384046,3.572000026702881,1.409087897866521
2011-03-04,12.85714340209961,0.6396428571428572,0.6396428571428572,20.100503364533168,20.100503364533168,3.492000102996826,1.4829996861351953
2011-03-07,12.691429138183594,0.6396428571428572,0.6396428571428572,19.841430255116727,19.841430255116727,3.496999979019165,1.5429592736265407
2011-03-08,12.705714225769043,0.6396428571428572,0.6396428571428572,19.863763167031443,19.863763167031443,3.5439999103546143,1.490292895047605
2011-03-09,12.588213920593262,0.6396428571428572,0.6396428571428572,19.680066430854904,19.680066430854904,3.4690001010894775,1.612283559783612
2011-03-10,12.381071090698242,0.6396428571428572,0.6396428571428572,19.356225044084354,19.356225044084354,3.3929998874664307,1.7732967314376769
2011-03-11,12.571070671081543,0.6396428571428572,0.6396428571428572,19.653265147419496,19.653265147419496,3.3929998874664307,1.6952131524482192
2011-03-14,12.627142906188965,0.6396428571428572,0.6396428571428572,19.740926933182077,19.740926933182077,3.3469998836517334,1.7186183792836438
2011-03-15,12.336786270141602,0.6396428571428572,0.6396428571428572,19.286991377105796,19.286991377105796,3.322999954223633,1.861841893048764
2011-03-16,11.786070823669434,0.6396428571428572,0.6396428571428572,18.426018038120834,18.426018038120834,3.2119998931884766,2.2151086547959062
2011-03-17,11.95142936706543,0.6396428571428572,0.6396428571428572,18.684535023887886,18.684535023887886,3.247999906539917,2.104019818443957
2011-03-18,11.809642791748047,0.6396428571428572,0.6396428571428572,18.462869802844516,18.462869802844516,3.2769999504089355,2.139276125187574
2011-03-21,12.117856979370117,0.6396428571428572,0.6396428571428572,18.944723362499346,18.944723362499346,3.322999954223633,1.9555147058504092
2011-03-22,12.185713768005371,0.6396428571428572,0.6396428571428572,19.050808794201583,19.050808794201583,3.3320000171661377,1.9171209561353528
2011-03-23,12.11392879486084,0.6396428571428572,0.6396428571428572,18.938582147186125,18.938582147186125,3.3480000495910645,1.9322262747886567
2011-03-24,12.320357322692871,0.6396428571428572,0.6396428571428572,19.261306813813533,19.261306813813533,3.4040000438690186,1.787755685201426
2011-03-25,12.555000305175781,0.6396428571428572,0.6396428571428572,19.628141180620986,19.628141180620986,3.444000005722046,1.650725932907882
2011-03-28,12.515713691711426,0.6396428571428572,0.6396428571428572,19.56672157274818,19.56672157274818,3.447999954223633,1.6627182429053322
2011-03-29,12.534285545349121,0.6396428571428572,0.6396428571428572,19.59575629646987,19.59575629646987,3.490999937057495,1.6121457893472968
2011-03-30,12.451070785522461,0.6396428571428572,0.6396428571428572,19.46566063621602,19.46566063621602,3.4549999237060547,1.6822518690201163
2011-03-31,12.446785926818848,0.6396428571428572,0.6396428571428572,19.45896180630529,19.45896180630529,3.4539999961853027,1.6850203172004292
2011-04-01,12.305713653564453,0.6396428571428572,0.6396428571428572,19.23841330540506,19.23841330540506,3.4509999752044678,1.7469338882864909
2011-04-04,12.185357093811035,0.6396428571428572,0.6396428571428572,19.050251179604075,19.050251179604075,3.430999994277954,1.818274624581865
2011-04-05,12.103214263916016,0.6396428571428572,0.6396428571428572,18.921831345038996,18.921831345038996,3.486999988555908,1.7979007262059543
2011-04-06,12.072856903076172,0.6396428571428572,0.6396428571428572,18.874371484429524,18.874371484429524,3.5450000762939453,1.7531895922995409
2011-04-07,12.074286460876465,0.6396428571428572,0.6396428571428572,18.87660641566393,18.87660641566393,3.555000066757202,1.7425623127295768
2011-04-08,11.966428756713867,0.6396428571428572,0.6396428571428572,18.707984655945744,18.707984655945744,3.569999933242798,1.7753112715222832
2011-04-11,11.814286231994629,0.6396428571428572,0.6396428571428572,18.470129229249,18.470129229249,3.569999933242798,1.8441473506669217
2011-04-12,11.871429443359375,0.6396428571428572,0.6396428571428572,18.559465349752234,18.559465349752234,3.5,1.8880862468559734
2011-04-13,12.004643440246582,0.6396428571428572,0.6396428571428572,18.767728438129776,18.767728438129776,3.4660000801086426,1.8622952609957872
2011-04-14,11.872142791748047,0.6396428571428572,0.6396428571428572,18.560580578947253,18.560580578947253,3.484999895095825,1.9027626037468677
2011-04-15,11.694999694824219,0.6396428571428572,0.6396428571428572,18.28363994724054,18.28363994724054,3.4100000858306885,2.0593703616601298
2011-04-18,11.851785659790039,0.6396428571428572,0.6396428571428572,18.52875480034177,18.52875480034177,3.371000051498413,2.0260166977412855
2011-04-19,12.066429138183594,0.6396428571428572,0.6396428571428572,18.864322494089368,18.864322494089368,3.3559999465942383,1.945012058015645
2011-04-20,12.228928565979004,0.6396428571428572,0.6396428571428572,19.11836961738761,19.11836961738761,3.4000000953674316,1.8305714440096947
2011-04-21,12.524999618530273,0.7492857142857143,0.7492857142857143,16.71591941462572,16.71591941462572,3.4000000953674316,2.582321158975554
2011-04-25,12.607500076293945,0.7492857142857143,0.7492857142857143,16.82602488733224,16.82602488733224,3.36299991607666,2.5801744622809215
2011-04-26,12.515000343322754,0.7492857142857143,0.7492857142857143,16.702574338085658,16.702574338085658,3.319999933242798,2.6671010953679426
2011-04-27,12.505356788635254,0.7492857142857143,0.7492857142857143,16.68970400771149,16.68970400771149,3.368000030517578,2.623717974414979
2011-04-28,12.383929252624512,0.7492857142857143,0.7492857142857143,16.527646285676184,16.527646285676184,3.312000036239624,2.7384682682923884
2011-04-29,12.504643440246582,0.7492857142857143,0.7492857142857143,16.688751969823844,16.688751969823844,3.2960000038146973,2.6960598087355363
2011-05-02,12.367142677307129,0.7492857142857143,0.7492857142857143,16.50524284864631,16.50524284864631,3.2860000133514404,2.77268091106777
2011-05-03,12.435713768005371,0.7492857142857143,0.7492857142857143,16.596758126985243,16.596758126985243,3.255000114440918,2.7702729681020237
2011-05-04,12.48464298248291,0.7492857142857143,0.7492857142857143,16.662059271187868,16.662059271187868,3.2230000495910645,2.778659071434906
2011-05-05,12.383929252624512,0.7492857142857143,0.7492857142857143,16.527646285676184,16.527646285676184,3.1679999828338623,2.88246832169815
2011-05-06,12.380714416503906,0.7492857142857143,0.7492857142857143,16.52335575129215,16.52335575129215,3.1570000648498535,2.895039333513875
2011-05-09,12.414285659790039,0.7492857142857143,0.7492857142857143,16.568160079796048,16.568160079796048,3.1419999599456787,2.8936732541213708
2011-05-10,12.48035717010498,0.7492857142857143,0.7492857142857143,16.656339407194444,16.656339407194444,3.194999933242798,2.808720185284961
2011-05-11,12.401070594787598,0.7492857142857143,0.7492857142857143,16.55052319609403,16.55052319609403,3.1570000648498535,2.8851049982456916
2011-05-12,12.3774995803833,0.7492857142857143,0.7492857142857143,16.51906521690812,16.51906521690812,3.2300000190734863,2.8236112892495058
2011-05-13,12.160714149475098,0.7492857142857143,0.7492857142857143,16.229742430186022,16.229742430186022,3.187000036239624,2.9745271987217885
2011-05-16,11.903571128845215,0.7492857142857143,0.7492857142857143,15.886558227248141,15.886558227248141,3.1489999294281006,3.145629692013946
2011-05-17,12.005000114440918,0.7492857142857143,0.7492857142857143,16.02192579620332,16.02192579620332,3.121000051498413,3.120446905127536
2011-05-18,12.138214111328125,0.7492857142857143,0.7492857142857143,16.199713780609507,16.199713780609507,3.1710000038146973,3.001948565171535
2011-05-19,12.161786079406738,0.7492857142857143,0.7492857142857143,16.231173032573338,16.231173032573338,3.1710000038146973,2.989984159148521
2011-05-20,11.972143173217773,0.7492857142857143,0.7492857142857143,15.978074778364997,15.978074778364997,3.1519999504089355,3.1065763416111967
2011-05-23,11.942856788635254,0.7492857142857143,0.7492857142857143,15.938989041076601,15.938989041076601,3.134000062942505,3.139923568116438
2011-05-24,11.86392879486084,0.7492857142857143,0.7492857142857143,15.833651394475858,15.833651394475858,3.122999906539917,3.1926626976581653
2011-05-25,12.027856826782227,0.7492857142857143,0.7492857142857143,16.052430464723656,16.052430464723656,3.128999948501587,3.1005862951365355
2011-05-26,11.964285850524902,0.7492857142857143,0.7492857142857143,15.96758836104372,15.96758836104372,3.061000108718872,3.2016863871311187
2011-05-27,12.0503568649292,0.7492857142857143,0.7492857142857143,16.08245911430017,16.08245911430017,3.063999891281128,3.1539546696032943
2011-05-31,12.422499656677246,0.7492857142857143,0.7492857142857143,16.579122516061148,16.579122516061148,3.049999952316284,2.9816823579582348
2011-06-01,12.339642524719238,0.7492857142857143,0.7492857142857143,16.468541024410804,16.468541024410804,2.9660000801086426,3.106183233019893
2011-06-02,12.360713958740234,0.7492857142857143,0.7492857142857143,16.496663052656174,16.496663052656174,3.0299999713897705,3.031832029470471
2011-06-03,12.265713691711426,0.7492857142857143,0.7492857142857143,16.36987527969113,16.36987527969113,2.996999979019165,3.1117820545289137
2011-06-06,12.072856903076172,0.7492857142857143,0.7492857142857143,16.112487763876683,16.112487763876683,3.002000093460083,3.2043661403250274
2011-06-07,11.85857105255127,0.7492857142857143,0.7492857142857143,15.826500928095115,15.826500928095115,3.010999917984009,3.3075161238329516
2011-06-08,11.865714073181152,0.7492857142857143,0.7492857142857143,15.836034034750822,15.836034034750822,2.9619998931884766,3.3527124761180396
2011-06-09,11.838929176330566,0.7492857142857143,0.7492857142857143,15.80028679395881,15.80028679395881,2.997999906539917,3.330999136580913
2011-06-10,11.639286041259766,0.7492857142857143,0.7492857142857143,15.533842190432479,15.533842190432479,2.9709999561309814,3.4665573960089464
2011-06-13,11.664285659790039,0.7492857142857143,0.7492857142857143,15.567206790949527,15.567206790949527,2.990999937057495,3.4327600439647954
2011-06-14,11.872857093811035,0.7492857142857143,0.7492857142857143,15.845567141406528,15.845567141406528,3.0989999771118164,3.211913296461522
2011-06-15,11.66964340209961,0.7492857142857143,0.7492857142857143,15.574357257330268,15.574357257330268,2.9730000495910645,3.4478106681631937
2011-06-16,11.6128568649292,0.7492857142857143,0.7492857142857143,15.498569695806365,15.498569695806365,2.9089999198913574,3.5432083782110286
2011-06-17,11.437856674194336,0.7492857142857143,0.7492857142857143,15.26501367385326,15.26501367385326,2.944000005722046,3.606927634210921
2011-06-20,11.261428833007812,0.7492857142857143,0.7492857142857143,15.029552303346936,15.029552303346936,2.9630000591278076,3.6905580763151864
2011-06-21,11.617856979370117,0.7492857142857143,0.7492857142857143,15.505242870465361,15.505242870465361,2.984999895095825,3.4644314898508517
2011-06-22,11.521785736083984,0.7492857142857143,0.7492857142857143,15.377025767890922,15.377025767890922,2.993000030517578,3.510208165231955
2011-06-23,11.829643249511719,0.7492857142857143,0.7492857142857143,15.787893755306392,15.787893755306392,2.9089999198913574,3.4249672038986345
2011-06-24,11.655357360839844,0.7492857142857143,0.7492857142857143,15.555291044018857,15.555291044018857,2.871000051498413,3.557680692373034
2011-06-27,11.85857105255127,0.7492857142857143,0.7492857142857143,15.826500928095115,15.826500928095115,2.927000045776367,3.391515996040593
2011-06-28,11.973570823669434,0.7492857142857143,0.7492857142857143,15.979980126918214,15.979980126918214,3.0450000762939453,3.212829983929371
2011-06-29,11.930000305175781,0.7492857142857143,0.7492857142857143,15.921830721874255,15.921830721874255,3.1080000400543213,3.1726847471928323
2011-06-30,11.988213539123535,0.7492857142857143,0.7492857142857143,15.999522359173449,15.999522359173449,3.1579999923706055,3.092186591647275
2011-07-01,12.259285926818848,0.7492857142857143,0.7492857142857143,16.361296756478918,16.361296756478918,3.197000026702881,2.9149849515294193
2011-07-05,12.479642868041992,0.7492857142857143,0.7492857142857143,16.655386096528872,16.655386096528872,3.135999917984009,2.8680638377544954
2011-07-06,12.562856674194336,0.7492857142857143,0.7492857142857143,16.76644360712304,16.76644360712304,3.0950000286102295,2.86929403059718
2011-07-07,12.757143020629883,0.7492857142857143,0.7492857142857143,17.025739017046554,17.025739017046554,3.1489999294281006,2.724460241662138
2011-07-08,12.846785545349121,0.7492857142857143,0.7492857142857143,17.145376323630856,17.145376323630856,3.0160000324249268,2.816476205624954
2011-07-11,12.64285659790039,0.7492857142857143,0.7492857142857143,16.8732118561111,16.8732118561111,2.9170000553131104,3.0095538724610043
2011-07-12,12.633929252624512,0.7492857142857143,0.7492857142857143,16.861297381958355,16.861297381958355,2.9079999923706055,3.022741737325731
2011-07-13,12.786429405212402,0.7492857142857143,0.7492857142857143,17.06482475433495,17.06482475433495,2.8910000324249268,2.969007406244911
2011-07-14,12.77750015258789,0.7492857142857143,0.7492857142857143,17.052907734626356,17.052907734626356,2.944000005722046,2.920102560020892
2011-07-15,13.032856941223145,0.7492857142857143,0.7492857142857143,17.393708024511344,17.393708024511344,2.9079999923706055,2.8412054018489163
2011-07-18,13.350000381469727,0.7492857142857143,0.7492857142857143,17.816969050579235,17.816969050579235,2.9089999198913574,2.7036269930318015
2011-07-19,13.458929061889648,0.7492857142857143,0.7492857142857143,17.962345745133945,17.962345745133945,2.8910000324249268,2.676201569130389
2011-07-20,13.817856788635254,0.9025,0.9025,15.310644641147096,15.310644641147096,2.933000087738037,3.5984035431222665
2011-07-21,13.831786155700684,0.9025,0.9025,15.326078842881644,15.326078842881644,3.009999990463257,3.5148261588192797
2011-07-22,14.046428680419922,0.9025,0.9025,15.56390989520213,15.56390989520213,2.9639999866485596,3.4611207364434504
2011-07-25,14.23214340209961,0.9025,0.9025,15.769687980165772,15.769687980165772,3.003999948501587,3.3372796079344305
2011-07-26,14.407500267028809,0.9025,0.9025,15.963989215544387,15.963989215544387,2.9509999752044678,3.3130984684745357
2011-07-27,14.021071434020996,0.9025,0.9025,15.535813223291964,15.535813223291964,2.9800000190734863,3.456740598409972
2011-07-28,13.993571281433105,0.9025,0.9025,15.505342140092084,15.505342140092084,2.9509999752044678,3.4983901186413497
2011-07-29,13.945713996887207,0.9025,0.9025,15.452314677991366,15.452314677991366,2.805000066757202,3.66652229632471
2011-08-01,14.16964340209961,0.9025,0.9025,15.700435902603445,15.700435902603445,2.740000009536743,3.6292499030353023
2011-08-02,13.889642715454102,0.9025,0.9025,15.390185834298174,15.390185834298174,2.624000072479248,3.8736472643802298
2011-08-03,14.020357131958008,0.9025,0.9025,15.53502175286206,15.53502175286206,2.5989999771118164,3.8380685761766093
2011-08-04,13.477499961853027,0.9025,0.9025,14.933517963272052,14.933517963272052,2.4579999446868896,4.2383458357208506
2011-08-05,13.343570709228516,0.9025,0.9025,14.78511989942218,14.78511989942218,2.558000087738037,4.20555683166903
2011-08-08,12.614643096923828,0.9025,0.9025,13.977443874707843,13.977443874707843,2.3389999866485596,4.8153839548208675
2011-08-09,13.357500076293945,0.9025,0.9025,14.800554101156727,14.800554101156727,2.181999921798706,4.574503876406022
2011-08-10,12.98892879486084,0.9025,0.9025,14.3921648696519,14.3921648696519,2.13700008392334,4.811224933347372
2011-08-11,13.346428871154785,0.9025,0.9025,14.788286837844637,14.788286837844637,2.3359999656677246,4.426108525769597
2011-08-12,13.463929176330566,0.9025,0.9025,14.918481081806723,14.918481081806723,2.236999988555908,4.4660952831169745
2011-08-15,13.693214416503906,0.9025,0.9025,15.172536749588817,15.172536749588817,2.2850000858306885,4.30585559311239
2011-08-16,13.588570594787598,0.9025,0.9025,15.056587916662158,15.056587916662158,2.2139999866485596,4.427611018015813
2011-08-17,13.587142944335938,0.9025,0.9025,15.055006032505194,15.055006032505194,2.1649999618530273,4.477308900999001
2011-08-18,13.073213577270508,0.9025,0.9025,14.48555521027203,14.48555521027203,2.0829999446868896,4.820428922788468
2011-08-19,12.715356826782227,0.9025,0.9025,14.089038035215763,14.089038035215763,2.071000099182129,5.026716561816904
2011-08-22,12.729999542236328,0.9025,0.9025,14.105262650677373,14.105262650677373,2.0880000591278076,5.0015524346145
2011-08-23,13.342857360839844,0.9025,0.9025,14.784329485695118,14.784329485695118,2.13700008392334,4.62691843512462
2011-08-24,13.4350004196167,0.9025,0.9025,14.886427057747035,14.886427057747035,2.259999990463257,4.457528642302862
2011-08-25,13.347143173217773,0.9025,0.9025,14.789078308274542,14.789078308274542,2.2219998836517334,4.539746718504646
2011-08-26,13.699286460876465,0.9025,0.9025,15.17926477659442,15.17926477659442,2.187999963760376,4.399934397473932
2011-08-29,13.927499771118164,0.9025,0.9025,15.432132710380237,15.432132710380237,2.2709999084472656,4.208985837964584
2011-08-30,13.928214073181152,0.9025,0.9025,15.432924180810142,15.432924180810142,2.1760001182556152,4.303653305062801
2011-08-31,13.743928909301758,0.9025,0.9025,15.228730093409151,15.228730093409151,2.2179999351501465,4.348535776404623
2011-09-01,13.608214378356934,0.9025,0.9025,15.078353881835938,15.078353881835938,2.1459999084472656,4.4860237715689255
2011-09-02,13.358928680419922,0.9025,0.9025,14.802137042016534,14.802137042016534,1.996000051498413,4.759781206042001
2011-09-06,13.562143325805664,0.9025,0.9025,15.027305624161402,15.027305624161402,1.9789999723434448,4.675552912986622
2011-09-07,13.711786270141602,0.9025,0.9025,15.193114980766318,15.193114980766318,2.0360000133514404,4.545928717300222
2011-09-08,13.71928596496582,0.9025,0.9025,15.201424891928887,15.201424891928887,1.9859999418258667,4.5923307548639185
2011-09-09,13.481429100036621,0.9025,0.9025,14.937871578987947,14.937871578987947,1.9149999618530273,4.779394180660754
2011-09-12,13.569286346435547,0.9025,0.9025,15.03522032846044,15.03522032846044,1.9299999475479126,4.721049908416499
2011-09-13,13.736429214477539,0.9025,0.9025,15.220420182246581,15.220420182246581,1.99399995803833,4.576120892938051
2011-09-14,13.903571128845215,0.9025,0.9025,15.405618979329878,15.405618979329878,2.010999917984009,4.480138161840801
2011-09-15,14.034285545349121,0.9025,0.9025,15.550454897893763,15.550454897893763,2.0850000381469727,4.345680006688535
2011-09-16,14.303570747375488,0.9025,0.9025,15.848831853047633,15.848831853047633,2.0759999752044678,4.233613309056013
2011-09-19,14.701070785522461,0.9025,0.9025,16.289275108612145,16.289275108612145,1.940000057220459,4.199008544035834
2011-09-20,14.766071319580078,0.9025,0.9025,16.361297861030557,16.361297861030557,1.9470000267028809,4.164984538909156
2011-09-21,14.71928596496582,0.9025,0.9025,16.309458132926117,16.309458132926117,1.875,4.256411551810935
2011-09-22,14.350713729858398,0.9025,0.9025,15.901067844718447,15.901067844718447,1.715000033378601,4.573885780866577
2011-09-23,14.439286231994629,0.9025,0.9025,15.99920912132369,15.99920912132369,1.8079999685287476,4.44230898372567
2011-09-26,14.39892864227295,0.9025,0.9025,15.95449157038554,15.95449157038554,1.9040000438690186,4.363827392614029
2011-09-27,14.259285926818848,0.9025,0.9025,15.799762799799277,15.799762799799277,2.0160000324249268,4.313208909956817
2011-09-28,14.178929328918457,0.9025,0.9025,15.710725018192196,15.710725018192196,2.002000093460083,4.363078531759647
2011-09-29,13.948928833007812,0.9025,0.9025,15.455876823277356,15.455876823277356,1.9570000171661377,4.513030841865735
2011-09-30,13.618571281433105,0.9025,0.9025,15.089829674718123,15.089829674718123,1.9240000247955322,4.702980011138372
2011-10-03,13.378570556640625,0.9025,0.9025,14.823900893784627,14.823900893784627,1.784999966621399,4.960862726101274
2011-10-04,13.303570747375488,0.9025,0.9025,14.740798612050403,14.740798612050403,1.781000018119812,5.00289294669224
2011-10-05,13.508929252624512,0.9025,0.9025,14.968342662187824,14.968342662187824,1.9049999713897705,4.775766380426473
2011-10-06,13.477499961853027,0.9025,0.9025,14.933517963272052,14.933517963272052,1.9859999418258667,4.7103458385818735
2011-10-07,13.20714282989502,0.9025,0.9025,14.633953274121906,14.633953274121906,2.068000078201294,4.765423408043942
2011-10-10,13.88607120513916,0.9025,0.9025,15.386228482148654,15.386228482148654,2.0759999752044678,4.423318562539956
2011-10-11,14.29607105255127,0.9025,0.9025,15.840521941885063,15.840521941885063,2.1600000858306885,4.152923210944199
2011-10-12,14.36392879486084,0.9025,0.9025,15.915710576023091,15.915710576023091,2.2260000705718994,4.057099859044144
2011-10-13,14.586786270141602,0.9025,0.9025,16.162644066638894,16.162644066638894,2.1689999103546143,4.018106579629207
2011-10-14,15.071429252624512,0.9025,0.9025,16.699644601245996,16.699644601245996,2.2320001125335693,3.7561512755827255
2011-10-17,14.999643325805664,0.9025,0.9025,16.62010340809492,16.62010340809492,2.1549999713897705,3.861809764661234
2011-10-18,15.079999923706055,0.9025,0.9025,16.709141189702,16.709141189702,2.1510000228881836,3.8337480180004135
2011-10-19,14.236429214477539,0.9025,0.9025,15.774436802745196,15.774436802745196,2.1589999198913574,4.180370623125252
2011-10-20,14.118213653564453,0.9025,0.9025,15.643450031650364,15.643450031650364,2.180000066757202,4.212451713232287
2011-10-21,14.031070709228516,0.9025,0.9025,15.546892752607775,15.546892752607775,2.203000068664551,4.229153390632092
2011-10-24,14.491786003112793,0.9025,0.9025,16.057380612867362,16.057380612867362,2.2339999675750732,3.9936658274217995
2011-10-25,14.206070899963379,0.9025,0.9025,15.740798781122859,15.740798781122859,2.128000020980835,4.2249177305582375
2011-10-26,14.307143211364746,0.9885714285714285,0.9885714285714285,14.472543710918096,14.472543710918096,2.203000068664551,4.70663530694395
2011-10-27,14.453213691711426,0.9885714285714285,0.9885714285714285,14.620302867338149,14.620302867338149,2.3949999809265137,4.44480360641234
2011-10-28,14.462499618530273,0.9885714285714285,0.9885714285714285,14.629696145912126,14.629696145912126,2.305999994277954,4.529411965248102
2011-10-31,14.456428527832031,0.9885714285714285,0.9885714285714285,14.623554869194251,14.623554869194251,2.174999952316284,4.663282592146172
2011-11-01,14.161070823669434,0.9885714285714285,0.9885714285714285,14.324782625099138,14.324782625099138,2.000999927520752,4.979908796691594
2011-11-02,14.193214416503906,0.9885714285714285,0.9885714285714285,14.357297820162911,14.357297820162911,2.00600004196167,4.959098909984798
2011-11-03,14.395357131958008,0.9885714285714285,0.9885714285714285,14.561777445622262,14.561777445622262,2.065999984741211,4.8012935426751975
2011-11-04,14.294285774230957,0.9885714285714285,0.9885714285714285,14.459537632892587,14.459537632892587,2.049999952316284,4.86585050838723
2011-11-07,14.276070594787598,0.9885714285714285,0.9885714285714285,14.441111873340056,14.441111873340056,1.99399995803833,4.93067460144704
2011-11-08,14.508213996887207,0.9885714285714285,0.9885714285714285,14.675939014192261,14.675939014192261,2.065000057220459,4.748873992221673
2011-11-09,14.117142677307129,0.9885714285714285,0.9885714285714285,14.280346638894494,14.280346638894494,1.9550000429153442,5.0476310926368
2011-11-10,13.757857322692871,0.9885714285714285,0.9885714285714285,13.916907696365621,13.916907696365621,2.055999994277954,5.129504298900253
2011-11-11,13.736429214477539,0.9885714285714285,0.9885714285714285,13.895231864355893,13.895231864355893,2.055999994277954,5.140713308255732
2011-11-14,13.545000076293945,0.9885714285714285,0.9885714285714285,13.701589672551679,13.701589672551679,2.0429999828338623,5.255423221323935
2011-11-15,13.886786460876465,0.9885714285714285,0.9885714285714285,14.047327344817234,14.047327344817234,2.056999921798706,5.061791969734671
2011-11-16,13.741786003112793,0.9885714285714285,0.9885714285714285,13.900650581183461,13.900650581183461,2.0239999294281006,5.169907968333494
2011-11-17,13.478928565979004,0.9885714285714285,0.9885714285714285,13.634754329747548,13.634754329747548,1.9579999446868896,5.3761989401309735
2011-11-18,13.390713691711426,0.9885714285714285,0.9885714285714285,13.545519630343929,13.545519630343929,2.01200008392334,5.370514779218971
2011-11-21,13.178929328918457,0.9885714285714285,0.9885714285714285,13.331286893414624,13.331286893414624,1.9620000123977661,5.539151286761349
2011-11-22,13.446785926818848,0.9885714285714285,0.9885714285714285,13.602240099383227,13.602240099383227,1.9390000104904175,5.412730239039169
2011-11-23,13.106785774230957,0.9885714285714285,0.9885714285714285,13.258309309193166,13.258309309193166,1.878999948501587,5.663439865499517
2011-11-25,12.98464298248291,0.9885714285714285,0.9885714285714285,13.134754462049187,13.134754462049187,1.9670000076293945,5.646389362452423
2011-11-28,13.432856559753418,0.9885714285714285,0.9885714285714285,13.588149699172533,13.588149699172533,1.9579999446868896,5.401353772625308
2011-11-29,13.328571319580078,0.9885714285714285,0.9885714285714285,13.482658849286207,13.482658849286207,1.996000051498413,5.420934628658844
2011-11-30,13.649999618530273,0.9885714285714285,0.9885714285714285,13.807803082328311,13.807803082328311,2.068000078201294,5.174281652190947
2011-12-01,13.854642868041992,0.9885714285714285,0.9885714285714285,14.01481214975346,14.01481214975346,2.117000102996826,5.018307807766654
2011-12-02,13.91785717010498,0.9885714285714285,0.9885714285714285,14.078757252996368,14.078757252996368,2.0420000553131104,5.0608995971911686
2011-12-05,14.036070823669434,0.9885714285714285,0.9885714285714285,14.198337538393936,14.198337538393936,2.053999900817871,4.989078186992657
2011-12-06,13.962499618530273,0.9885714285714285,0.9885714285714285,14.123915799091318,14.123915799091318,2.0929999351501465,4.987189540804789
2011-12-07,13.896071434020996,0.9885714285714285,0.9885714285714285,14.05671965869176,14.05671965869176,2.0169999599456787,5.0970353504310575
2011-12-08,13.952142715454102,0.9885714285714285,0.9885714285714285,14.113439163031606,14.113439163031606,1.972000002861023,5.11344521320917
2011-12-09,14.057856559753418,0.9885714285714285,0.9885714285714285,14.220375132698544,14.220375132698544,2.052000045776367,4.980163245757236
2011-12-12,13.994285583496094,0.9885714285714285,0.9885714285714285,14.156069231860211,14.156069231860211,2.009000062942505,5.05510780217983
2011-12-13,13.88607120513916,0.9885714285714285,0.9885714285714285,14.046603820227475,14.046603820227475,1.9620000123977661,5.157158560010847
2011-12-14,13.578213691711426,0.9885714285714285,0.9885714285714285,13.735187260401732,13.735187260401732,1.9010000228881836,5.3795705368083695
2011-12-15,13.533571243286133,0.9885714285714285,0.9885714285714285,13.690028714306782,13.690028714306782,1.9129999876022339,5.3915865904737394
2011-12-16,13.607856750488281,0.9885714285714285,0.9885714285714285,13.765173013499707,13.765173013499707,1.8539999723434448,5.410710751010961
2011-12-19,13.650357246398926,0.9885714285714285,0.9885714285714285,13.80816484462319,13.80816484462319,1.812999963760376,5.429092024947258
2011-12-20,14.141071319580078,0.9885714285714285,0.9885714285714285,14.304551912870021,14.304551912870021,1.9249999523162842,5.065781765916252
2011-12-21,14.158928871154785,0.9885714285714285,0.9885714285714285,14.322615910127674,14.322615910127674,1.9670000076293945,5.014964783403571
2011-12-22,14.233928680419922,0.9885714285714285,0.9885714285714285,14.398482769210904,14.398482769210904,1.9509999752044678,4.994176235572108
2011-12-23,14.404643058776855,0.9885714285714285,0.9885714285714285,14.571170724196241,14.571170724196241,2.0299999713897705,4.832866567806317
2011-12-27,14.518928527832031,0.9885714285714285,0.9885714285714285,14.686777412546853,14.686777412546853,2.009000062942505,4.799845553153673
2011-12-28,14.380000114440918,0.9885714285714285,0.9885714285714285,14.546242890330408,14.546242890330408,1.9079999923706055,4.966627411690882
2011-12-29,14.468570709228516,0.9885714285714285,0.9885714285714285,14.635837422630003,14.635837422630003,1.8969999551773071,4.935543828438348
2011-12-30,14.464285850524902,0.9885714285714285,0.9885714285714285,14.631503027987618,14.631503027987618,1.871000051498413,4.963567785361322
2012-01-03,14.686785697937012,0.9885714285714285,0.9885714285714285,14.856575127970967,14.856575127970967,1.9600000381469727,4.771026402242151
2012-01-04,14.765713691711426,0.9885714285714285,0.9885714285714285,14.936415584101153,14.936415584101153,1.9950000047683716,4.700046704191944
2012-01-05,14.929642677307129,0.9885714285714285,0.9885714285714285,15.10223970247831,15.10223970247831,1.9930000305175781,4.628534388883128
2012-01-06,15.085714340209961,0.9885714285714285,0.9885714285714285,15.2601156620621,15.2601156620621,1.9609999656677246,4.592030313690394
2012-01-09,15.061785697937012,0.9885714285714285,0.9885714285714285,15.235910388086573,15.235910388086573,1.9600000381469727,4.603441033165253
2012-01-10,15.115714073181152,0.9885714285714285,0.9885714285714285,15.290462212755502,15.290462212755502,1.972000002861023,4.568024661441061
2012-01-11,15.091071128845215,0.9885714285714285,0.9885714285714285,15.265534378889669,15.265534378889669,1.9040000438690186,4.646704144926857
2012-01-12,15.049642562866211,0.9885714285714285,0.9885714285714285,15.223626869951369,15.223626869951369,1.9329999685287476,4.635736959553847
2012-01-13,14.993213653564453,0.9885714285714285,0.9885714285714285,15.166545603316644,15.166545603316644,1.8530000448226929,4.74045917888688
2012-01-17,15.16785717010498,0.9885714285714285,0.9885714285714285,15.343208120048391,15.343208120048391,1.850000023841858,4.667541758657578
2012-01-18,15.325357437133789,0.9885714285714285,0.9885714285714285,15.502529199412793,15.502529199412793,1.8969999551773071,4.553560383311706
2012-01-19,15.276785850524902,0.9885714285714285,0.9885714285714285,15.453396091571433,15.453396091571433,1.972000002861023,4.499069489400412
2012-01-20,15.010713577270508,0.9885714285714285,0.9885714285714285,15.184247838279417,15.184247838279417,2.0280001163482666,4.557772262043798
2012-01-23,15.264642715454102,0.9885714285714285,0.9885714285714285,15.44111257343623,15.44111257343623,2.066999912261963,4.409217363171463
2012-01-24,15.014642715454102,0.9885714285714285,0.9885714285714285,15.188222400025825,15.188222400025825,2.063999891281128,4.520049075491308
2012-01-25,15.952142715454102,1.2542857142857142,1.2542857142857142,12.718109226444046,12.718109226444046,2.006999969482422,5.855804022802505
2012-01-26,15.879643440246582,1.2542857142857142,1.2542857142857142,12.660307981973357,12.660307981973357,1.930999994277954,5.967702007473274
2012-01-27,15.974286079406738,1.2542857142857142,1.2542857142857142,12.735763389048653,12.735763389048653,1.8980000019073486,5.953904665698908
2012-01-30,16.17892837524414,1.2542857142857142,1.2542857142857142,12.898917839032915,12.898917839032915,1.8370000123977661,5.915588324694658
2012-01-31,16.3028564453125,1.2542857142857142,1.2542857142857142,12.997721539542995,12.997721539542995,1.7990000247955322,5.894656105301562
2012-02-01,16.292499542236328,1.2542857142857142,1.2542857142857142,12.989464327523269,12.989464327523269,1.8459999561309814,5.85254691836259
2012-02-02,16.25428581237793,1.2542857142857142,1.2542857142857142,12.958997800301312,12.958997800301312,1.8250000476837158,5.891646065002165
2012-02-03,16.417142868041992,1.2542857142857142,1.2542857142857142,13.088838277482227,13.088838277482227,1.9490000009536743,5.691097453076145
2012-02-06,16.570356369018555,1.2542857142857142,1.2542857142857142,13.210990271427095,13.210990271427095,1.9010000228881836,5.668455252261124
2012-02-07,16.743928909301758,1.2542857142857142,1.2542857142857142,13.349373845684774,13.349373845684774,1.965999960899353,5.524988092620873
2012-02-08,17.0242862701416,1.2542857142857142,1.2542857142857142,13.57289338166187,13.57289338166187,1.975000023841858,5.392625815988909
2012-02-09,17.61321449279785,1.2542857142857142,1.2542857142857142,14.042426133210133,14.042426133210133,2.046999931335449,5.074276623824877
2012-02-10,17.622142791748047,1.2542857142857142,1.2542857142857142,14.049544366997305,14.049544366997305,1.968999981880188,5.148668562225929
2012-02-13,17.950000762939453,1.2542857142857142,1.2542857142857142,14.310934549040567,14.310934549040567,1.9900000095367432,4.997663839900972
2012-02-14,18.19499969482422,1.2542857142857142,1.2542857142857142,14.506263993595619,14.506263993595619,1.9240000247955322,4.969573678547318
2012-02-15,17.773929595947266,1.2542857142857142,1.2542857142857142,14.170558903374813,14.170558903374813,1.930999994277954,5.1258846834452605
2012-02-16,17.936071395874023,1.2542857142857142,1.2542857142857142,14.299829131106852,14.299829131106852,1.9930000305175781,5.000090522044827
2012-02-17,17.932857513427734,1.2542857142857142,1.2542857142857142,14.297266810249903,14.297266810249903,2.009999990463257,4.984343846521631
2012-02-21,18.387500762939453,1.2542857142857142,1.2542857142857142,14.659738649268357,14.659738649268357,2.0450000762939453,4.776403933182774
2012-02-22,18.322856903076172,1.2542857142857142,1.2542857142857142,14.608200264411527,14.608200264411527,2.005000114440918,4.840470113922519
2012-02-23,18.4424991607666,1.2542857142857142,1.2542857142857142,14.703587030223943,14.703587030223943,1.9839999675750732,4.817061555333935
2012-02-24,18.657499313354492,1.2542857142857142,1.2542857142857142,14.87499945256053,14.87499945256053,1.9769999980926514,4.745689324950406
2012-02-27,18.777143478393555,1.2542857142857142,1.2542857142857142,14.970387739038141,14.970387739038141,1.9220000505447388,4.757853654194713
2012-02-28,19.12178611755371,1.2542857142857142,1.2542857142857142,15.245159774815033,15.245159774815033,1.9290000200271606,4.6304589477430405
2012-02-29,19.37285614013672,1.2542857142857142,1.2542857142857142,15.445329496692146,15.445329496692146,1.9769999980926514,4.4974491239812115
2012-03-01,19.445356369018555,1.2542857142857142,1.2542857142857142,15.503131501495432,15.503131501495432,2.0369999408721924,4.413309791090928
2012-03-02,19.470714569091797,1.2542857142857142,1.2542857142857142,15.523348745289589,15.523348745289589,1.9859999418258667,4.455909058662448
2012-03-05,19.04142951965332,1.2542857142857142,1.2542857142857142,15.18109415006529,15.18109415006529,2.005000114440918,4.582140378299516
2012-03-06,18.937856674194336,1.2542857142857142,1.2542857142857142,15.098518988537625,15.098518988537625,1.944000005722046,4.679166152224784
2012-03-07,18.953214645385742,1.2542857142857142,1.2542857142857142,15.110763384703896,15.110763384703896,1.972000002861023,4.645799340170617
2012-03-08,19.356786727905273,1.2542857142857142,1.2542857142857142,15.432517892407395,15.432517892407395,2.0139999389648438,4.465824072721463
2012-03-09,19.47035789489746,1.2542857142857142,1.2542857142857142,15.523064380897749,15.523064380897749,2.0380001068115234,4.40402690191861
2012-03-12,19.71428680419922,1.2542857142857142,1.2542857142857142,15.717540732277282,15.717540732277282,2.0309998989105225,4.331318589925434
2012-03-13,20.28928565979004,1.2542857142857142,1.2542857142857142,16.17596806589183,16.17596806589183,2.1070001125335693,4.075010113541064
2012-03-14,21.056428909301758,1.2542857142857142,1.2542857142857142,16.787585690787278,16.787585690787278,2.2739999294281006,3.682782769520575
2012-03-15,20.912857055664062,1.2542857142857142,1.2542857142857142,16.67312065941326,16.67312065941326,2.2809998989105225,3.716677563079312
2012-03-16,20.9132137298584,1.2542857142857142,1.2542857142857142,16.673405023805103,16.673405023805103,2.2980000972747803,3.6995750745168907
2012-03-19,21.467857360839844,1.2542857142857142,1.2542857142857142,17.115603818437233,17.115603818437233,2.378999948501587,3.463621852096428
2012-03-20,21.641429901123047,1.2542857142857142,1.2542857142857142,17.253987392694913,17.253987392694913,2.371999979019165,3.4237617613851743
2012-03-21,21.51785659790039,1.2542857142857142,1.2542857142857142,17.155466535911476,17.155466535911476,2.2939999103546143,3.535045880424107
2012-03-22,21.405000686645508,1.2542857142857142,1.2542857142857142,17.065490296869996,17.065490296869996,2.2750000953674316,3.584778806990922
2012-03-23,21.287500381469727,1.2542857142857142,1.2542857142857142,16.971811238073816,16.971811238073816,2.236999988555908,3.6551230498894167
2012-03-26,21.6778564453125,1.2542857142857142,1.2542857142857142,17.283029056627278,17.283029056627278,2.24399995803833,3.5420228318530294
2012-03-27,21.945714950561523,1.2542857142857142,1.2542857142857142,17.496583673568413,17.496583673568413,2.187000036239624,3.5284014310232186
2012-03-28,22.057857513427734,1.2542857142857142,1.2542857142857142,17.585991183826213,17.585991183826213,2.196000099182129,3.4903441594212596
2012-03-29,21.78071403503418,1.2542857142857142,1.2542857142857142,17.365033968706065,17.365033968706065,2.1589999198913574,3.599698864125555
2012-03-30,21.412500381469727,1.2542857142857142,1.2542857142857142,17.071469552424613,17.071469552424613,2.2160000801086426,3.641726443838868
2012-04-02,22.093929290771484,1.2542857142857142,1.2542857142857142,17.614750004031936,17.614750004031936,2.193000078201294,3.4840603386147526
2012-04-03,22.4757137298584,1.2542857142857142,1.2542857142857142,17.91913395319007,17.91913395319007,2.2839999198913574,3.2966269263183285
2012-04-04,22.296785354614258,1.2542857142857142,1.2542857142857142,17.776480351059202,17.776480351059202,2.243000030517578,3.3824105133666924
2012-04-05,22.63142967224121,1.2542857142857142,1.2542857142857142,18.043281059873404,18.043281059873404,2.174999952316284,3.3672292945799907
2012-04-09,22.72249984741211,1.2542857142857142,1.2542857142857142,18.115888261034712,18.115888261034712,2.0369999408721924,3.4830164424861128
2012-04-10,22.444286346435547,1.2542857142857142,1.2542857142857142,17.894077952739046,17.894077952739046,1.9880000352859497,3.600441026841702
2012-04-11,22.364286422729492,1.2542857142857142,1.2542857142857142,17.830296692381143,17.830296692381143,2.0280001163482666,3.5804315169138894
2012-04-12,22.241785049438477,1.2542857142857142,1.2542857142857142,17.73263044943842,17.73263044943842,2.0490000247955322,3.590321241450499
2012-04-13,21.6153564453125,1.2542857142857142,1.2542857142857142,17.23319989945188,17.23319989945188,1.9980000257492065,3.804752834047923
2012-04-16,20.718929290771484,1.2542857142857142,1.2542857142857142,16.518508546173166,16.518508546173166,1.9739999771118164,4.079815336811724
2012-04-17,21.774999618530273,1.2542857142857142,1.2542857142857142,17.360478055775847,17.360478055775847,2.009000062942505,3.7512099772833123
2012-04-18,21.726428985595703,1.2542857142857142,1.2542857142857142,17.32175431653416,17.32175431653416,1.9819999933242798,3.791087314844434
2012-04-19,20.979999542236328,1.2542857142857142,1.2542857142857142,16.726651115678166,16.726651115678166,1.9520000219345093,4.026483017403135
2012-04-20,20.463571548461914,1.2542857142857142,1.2542857142857142,16.31492036893319,16.31492036893319,1.9700000286102295,4.1593587263622815
2012-04-23,20.417856216430664,1.2542857142857142,1.2542857142857142,16.27847306549142,16.27847306549142,1.9329999685287476,4.21008234623633
2012-04-24,20.010000228881836,1.2542857142857142,1.2542857142857142,15.95330314375545,15.95330314375545,1.9609999656677246,4.3072943868496525
2012-04-25,21.78571319580078,1.465,1.465,14.8707939903077,14.8707939903077,1.9839999675750732,4.740590532782658
2012-04-26,21.703571319580078,1.465,1.465,14.814724450225308,14.814724450225308,1.9589999914169312,4.7910411812003
2012-04-27,21.53571319580078,1.465,1.465,14.700145526143878,14.700145526143878,1.9329999685287476,4.869653775419042
2012-04-30,20.856428146362305,1.465,1.465,14.236469724479388,14.236469724479388,1.9149999618530273,5.109213339289429
2012-05-01,20.79035758972168,1.465,1.465,14.191370368410702,14.191370368410702,1.9559999704360962,5.090535875220862
2012-05-02,20.9278564453125,1.465,1.465,14.28522624253413,14.28522624253413,1.9220000505447388,5.078239098783602
2012-05-03,20.779285430908203,1.465,1.465,14.18381258082471,14.18381258082471,1.9240000247955322,5.126290539195095
2012-05-04,20.1875,1.465,1.465,13.779863481228668,13.779863481228668,1.8799999952316284,5.376965949040818
2012-05-07,20.338571548461914,1.465,1.465,13.882983992124172,13.882983992124172,1.8769999742507935,5.3260624262194565
2012-05-08,20.292142868041992,1.465,1.465,13.851292060096922,13.851292060096922,1.8370000123977661,5.382543086262466
2012-05-09,20.327856063842773,1.465,1.465,13.875669668152064,13.875669668152064,1.8350000381469727,5.371859334523422
2012-05-10,20.375713348388672,1.465,1.465,13.908336756579297,13.908336756579297,1.8839999437332153,5.305932378885828
2012-05-11,20.239643096923828,1.465,1.465,13.815456038855855,13.815456038855855,1.840999960899353,5.397269967994115
2012-05-14,19.93642807006836,1.465,1.465,13.608483324278742,13.608483324278742,1.7879999876022339,5.5603574756862075
2012-05-15,19.756071090698242,1.465,1.465,13.485372758155796,13.485372758155796,1.7769999504089355,5.6384420839628
2012-05-16,19.502857208251953,1.465,1.465,13.312530517578125,13.312530517578125,1.7649999856948853,5.746719883638601
2012-05-17,18.932857513427734,1.465,1.465,12.923452227595723,12.923452227595723,1.7020000219345093,6.035870497404578
2012-05-18,18.942142486572266,1.465,1.465,12.929790093223389,12.929790093223389,1.7020000219345093,6.032077583270453
2012-05-21,20.045713424682617,1.465,1.465,13.68308083596083,13.68308083596083,1.7350000143051147,5.573295624582556
2012-05-22,19.891786575317383,1.465,1.465,13.578011314209817,13.578011314209817,1.7929999828338623,5.571848792578988
2012-05-23,20.37714385986328,1.465,1.465,13.90931321492374,13.90931321492374,1.7209999561309814,5.46842762054526
2012-05-24,20.190000534057617,1.465,1.465,13.781570330414755,13.781570330414755,1.7589999437332153,5.497067224411513
2012-05-25,20.081785202026367,1.465,1.465,13.707703209574312,13.707703209574312,1.7450000047683716,5.550168155142895
2012-05-29,20.438213348388672,1.465,1.465,13.950998872620254,13.950998872620254,1.7309999465942383,5.436945582829933
2012-05-30,20.684642791748047,1.465,1.465,14.119210096756346,14.119210096756346,1.625,5.457549187576247
2012-05-31,20.633214950561523,1.465,1.465,14.08410576830138,14.08410576830138,1.5809999704360962,5.519202317526453
2012-06-01,20.035356521606445,1.465,1.465,13.676011277547062,13.676011277547062,1.4670000076293945,5.8450735180906035
2012-06-04,20.153213500976562,1.465,1.465,13.756459727629052,13.756459727629052,1.5269999504089355,5.7423122112917815
2012-06-05,20.101070404052734,1.465,1.465,13.720867170001865,13.720867170001865,1.555999994277954,5.732169095984174
2012-06-06,20.409286499023438,1.465,1.465,13.93125358295115,13.93125358295115,1.6510000228881836,5.527104905327209
2012-06-07,20.41857147216797,1.465,1.465,13.937591448578818,13.937591448578818,1.6540000438690186,5.520840771987781
2012-06-08,20.7257137298584,1.465,1.465,14.147244866797541,14.147244866797541,1.6369999647140503,5.431514148213481
2012-06-11,20.398929595947266,1.465,1.465,13.924184024537382,13.924184024537382,1.600000023841858,5.581749357219084
2012-06-12,20.5771427154541,1.465,1.465,14.045831205088124,14.045831205088124,1.6610000133514404,5.458550160637183
2012-06-13,20.43428611755371,1.465,1.465,13.948318168978641,13.948318168978641,1.5989999771118164,5.570323147621755
2012-06-14,20.411785125732422,1.465,1.465,13.93295913019278,13.93295913019278,1.6109999418258667,5.566226307499705
2012-06-15,20.504642486572266,1.465,1.465,13.99634299424728,13.99634299424728,1.5870000123977661,5.557723437227724
2012-06-18,20.920713424682617,1.465,1.465,14.280350460534208,14.280350460534208,1.5839999914169312,5.418629270124255
2012-06-19,20.97892951965332,1.465,1.465,14.320088409319672,14.320088409319672,1.6200000047683716,5.363197105587378
2012-06-20,20.919286727905273,1.465,1.465,14.279376606078683,14.279376606078683,1.6419999599456787,5.36110688138732
2012-06-21,20.631071090698242,1.465,1.465,14.082642382729174,14.082642382729174,1.6180000305175781,5.482940068809172
2012-06-22,20.78928565979004,1.465,1.465,14.1906386756246,14.1906386756246,1.6720000505447388,5.374899126147779
2012-06-25,20.3846435546875,1.465,1.465,13.914432460537542,13.914432460537542,1.6080000400543213,5.578782481159397
2012-06-26,20.429643630981445,1.465,1.465,13.945149236164808,13.945149236164808,1.628000020980835,5.542952279813759
2012-06-27,20.51785659790039,1.465,1.465,14.005362865461016,14.005362865461016,1.621000051498413,5.519121983226768
2012-06-28,20.323213577270508,1.465,1.465,13.87250073533823,13.87250073533823,1.5770000219345093,5.631505633088754
2012-06-29,20.85714340209961,1.465,1.465,14.23695795365161,14.23695795365161,1.659000039100647,5.364972380116282
2012-07-02,21.161428451538086,1.465,1.465,14.444661059070365,14.444661059070365,1.5800000429153442,5.342973060507259
2012-07-03,21.407499313354492,1.465,1.465,14.612627517648116,14.612627517648116,1.63100004196167,5.212396183612885
2012-07-05,21.783571243286133,1.465,1.465,14.869331906679953,14.869331906679953,1.597000002861023,5.128251718440297
2012-07-06,21.63857078552246,1.465,1.465,14.770355484998266,14.770355484998266,1.5440000295639038,5.226317726265772
2012-07-09,21.92464256286621,1.465,1.465,14.96562632277557,14.96562632277557,1.5130000114440918,5.168978934389543
2012-07-10,21.721786499023438,1.465,1.465,14.82715801981122,14.82715801981122,1.4980000257492065,5.246380783195137
2012-07-11,21.5867862701416,1.465,1.465,14.73500769292942,14.73500769292942,1.4980000257492065,5.288559037126947
2012-07-12,21.389286041259766,1.465,1.465,14.600195250006665,14.600195250006665,1.4789999723434448,5.370223499510765
2012-07-13,21.60607147216797,1.465,1.465,14.748171653356975,14.748171653356975,1.4989999532699585,5.281501545520098
2012-07-16,21.675357818603516,1.465,1.465,14.79546608778397,14.79546608778397,1.4639999866485596,5.294827305893852
2012-07-17,21.676429748535156,1.465,1.465,14.796197780570072,14.796197780570072,1.5010000467300415,5.257493012298747
2012-07-18,21.652143478393555,1.465,1.465,14.779620121770344,14.779620121770344,1.4789999723434448,5.287073795188661
2012-07-19,21.940000534057617,1.465,1.465,14.976109579561513,14.976109579561513,1.5149999856948853,5.162301583764378
2012-07-20,21.582143783569336,1.465,1.465,14.731838760115586,14.731838760115586,1.4600000381469727,5.328018866236922
2012-07-23,21.565357208251953,1.465,1.465,14.72038034692966,14.72038034692966,1.434999942779541,5.358302787394666
2012-07-24,21.461429595947266,1.465,1.465,14.649439997233628,14.649439997233628,1.4040000438690186,5.422199457196128
2012-07-25,20.534643173217773,1.5189285714285714,1.5189285714285714,13.519163151895079,13.519163151895079,1.406000018119812,5.9909075327726615
2012-07-26,20.531429290771484,1.5189285714285714,1.5189285714285714,13.517047264086564,13.517047264086564,1.4279999732971191,5.9700654507759285
2012-07-27,20.898571014404297,1.5189285714285714,1.5189285714285714,13.758758250724673,13.758758250724673,1.5549999475479126,5.71309781081869
2012-07-30,21.25107192993164,1.5189285714285714,1.5189285714285714,13.990830332426192,13.990830332426192,1.503999948501587,5.643538662429355
2012-07-31,21.812856674194336,1.5189285714285714,1.5189285714285714,14.360686265634644,14.360686265634644,1.4919999837875366,5.471455532910271
2012-08-01,21.671785354614258,1.5189285714285714,1.5189285714285714,14.267810720178678,14.267810720178678,1.5390000343322754,5.469783721017942
2012-08-02,21.706785202026367,1.5189285714285714,1.5189285714285714,14.290853177915313,14.290853177915313,1.4780000448226929,5.519482803474792
2012-08-03,21.989286422729492,1.5189285714285714,1.5189285714285714,14.476840344143564,14.476840344143564,1.5770000219345093,5.330584618276974
2012-08-06,22.233928680419922,1.5189285714285714,1.5189285714285714,14.637902728703452,14.637902728703452,1.5579999685287476,5.273579790770382
2012-08-07,22.175357818603516,1.5189285714285714,1.5189285714285714,14.599342086078027,14.599342086078027,1.628000020980835,5.221623709348786
2012-08-08,22.13785743713379,1.5189285714285714,1.5189285714285714,14.574653379725984,14.574653379725984,1.6399999856948853,5.221226651715554
2012-08-09,22.168928146362305,1.5189285714285714,1.5189285714285714,14.595109054741231,14.595109054741231,1.687999963760376,5.16361036850466
2012-08-10,22.203571319580078,1.5189285714285714,1.5189285714285714,14.617916692881312,14.617916692881312,1.6490000486373901,5.191920042848586
2012-08-13,22.5,1.5189285714285714,1.5189285714285714,14.813073124853045,14.813073124853045,1.6540000438690186,5.096793606924632
2012-08-14,22.56035614013672,1.5189285714285714,1.5189285714285714,14.852809121181005,14.852809121181005,1.7259999513626099,5.006733175692389
2012-08-15,22.52964210510254,1.5189285714285714,1.5189285714285714,14.832588265762311,14.832588265762311,1.8049999475479126,4.936911727491802
2012-08-16,22.726428985595703,1.5189285714285714,1.5189285714285714,14.96214464135151,14.96214464135151,1.8359999656677246,4.847533872364144
2012-08-17,23.146785736083984,1.5189285714285714,1.5189285714285714,15.238890209507444,15.238890209507444,1.815999984741211,4.7461576675011194
2012-08-20,23.75535774230957,1.5189285714285714,1.5189285714285714,15.639548948616694,15.639548948616694,1.8140000104904175,4.580046283846282
2012-08-21,23.430713653564453,1.5189285714285714,1.5189285714285714,15.425816654121906,15.425816654121906,1.8049999475479126,4.677639010388825
2012-08-22,23.888214111328125,1.5189285714285714,1.5189285714285714,15.727016109033329,15.727016109033329,1.718999981880188,4.63948527093021
2012-08-23,23.66535758972168,1.5189285714285714,1.5189285714285714,15.5802965556597,15.5802965556597,1.6660000085830688,4.752363059331321
2012-08-24,23.68642807006836,1.5189285714285714,1.5189285714285714,15.594168491933084,15.594168491933084,1.6779999732971191,4.734653580608646
2012-08-27,24.13142967224121,1.5189285714285714,1.5189285714285714,15.887139215207005,15.887139215207005,1.6490000486373901,4.645399380070393
2012-08-28,24.100000381469727,1.5189285714285714,1.5189285714285714,15.866447464875437,15.866447464875437,1.6299999952316284,4.672608085208329
2012-08-29,24.052499771118164,1.5189285714285714,1.5189285714285714,15.835175019781532,15.835175019781532,1.6540000438690186,4.661054881326222
2012-08-30,23.70964241027832,1.5189285714285714,1.5189285714285714,15.609451857225324,15.609451857225324,1.6200000047683716,4.786374858017849
2012-08-31,23.75857162475586,1.5189285714285714,1.5189285714285714,15.641664836425207,15.641664836425207,1.562000036239624,4.831181319182789
2012-09-04,24.10607147216797,1.5189285714285714,1.5189285714285714,15.870444420895913,15.870444420895913,1.5809999704360962,4.720020804277334
2012-09-05,23.936786651611328,1.5189285714285714,1.5189285714285714,15.75899426863666,15.75899426863666,1.593999981880188,4.751582629252469
2012-09-06,24.15250015258789,1.5189285714285714,1.5189285714285714,15.90101115148039,15.90101115148039,1.6729999780654907,4.61590825848335
2012-09-07,24.301429748535156,1.5189285714285714,1.5189285714285714,15.99906026237913,15.99906026237913,1.6610000133514404,4.589367093218203
2012-09-10,23.669286727905273,1.5189285714285714,1.5189285714285714,15.582883338381087,15.582883338381087,1.6829999685287476,4.7342976411951945
2012-09-11,23.592500686645508,1.5189285714285714,1.5189285714285714,15.532330571974471,15.532330571974471,1.6950000524520874,4.743183807762265
2012-09-12,23.921070098876953,1.5189285714285714,1.5189285714285714,15.74864713775111,15.74864713775111,1.7649999856948853,4.584751781889635
2012-09-13,24.39214324951172,1.5189285714285714,1.5189285714285714,16.05878229452923,16.05878229452923,1.75600004196167,4.4711221747749725
2012-09-14,24.68857192993164,1.5189285714285714,1.5189285714285714,16.253938726500962,16.253938726500962,1.8700000047683716,4.282354921792086
2012-09-17,24.992143630981445,1.5189285714285714,1.5189285714285714,16.453797829002596,16.453797829002596,1.8380000591278076,4.239624148927862
2012-09-18,25.068214416503906,1.5189285714285714,1.5189285714285714,16.50387970049634,16.50387970049634,1.812000036239624,4.247181308677267
2012-09-19,25.075000762939453,1.5189285714285714,1.5189285714285714,16.50834755142969,16.50834755142969,1.781999945640564,4.275541530782956
2012-09-20,24.953571319580078,1.5189285714285714,1.5189285714285714,16.42840340814113,16.42840340814113,1.7769999504089355,4.310018825283217
2012-09-21,25.00321388244629,1.5189285714285714,1.5189285714285714,16.46108602653412,16.46108602653412,1.7599999904632568,4.314933330388539
2012-09-24,24.671070098876953,1.5189285714285714,1.5189285714285714,16.242416241912878,16.242416241912878,1.718000054359436,4.438719396158903
2012-09-25,24.05500030517578,1.5189285714285714,1.5189285714285714,15.83682126839694,15.83682126839694,1.6820000410079956,4.632398429823668
2012-09-26,23.75642967224121,1.5189285714285714,1.5189285714285714,15.64025466312612,15.64025466312612,1.6180000305175781,4.7757577537314635
2012-09-27,24.332857131958008,1.5189285714285714,1.5189285714285714,16.01975075699093,16.01975075699093,1.6399999856948853,4.602294386853986
2012-09-28,23.825000762939453,1.5189285714285714,1.5189285714285714,15.68539904449341,15.68539904449341,1.6369999647140503,4.738355849718128
2012-10-01,23.54964256286621,1.5189285714285714,1.5189285714285714,15.50411454879506,15.50411454879506,1.625,4.824900746364889
2012-10-02,23.618213653564453,1.5189285714285714,1.5189285714285714,15.549258930162349,15.549258930162349,1.6150000095367432,4.816174649598984
2012-10-03,23.980356216430664,1.5189285714285714,1.5189285714285714,15.78767867528941,15.78767867528941,1.6230000257492065,4.711053387468419
2012-10-04,23.814285278320312,1.5189285714285714,1.5189285714285714,15.678344410838672,15.678344410838672,1.6649999618530273,4.713224510041372
2012-10-05,23.306785583496094,1.5189285714285714,1.5189285714285714,15.344227517937705,15.344227517937705,1.7319999933242798,4.785108794530829
2012-10-08,22.791786193847656,1.5189285714285714,1.5189285714285714,15.005173134910285,15.005173134910285,1.746000051498413,4.918368236751791
2012-10-09,22.70892906188965,1.5189285714285714,1.5189285714285714,14.950623412483193,14.950623412483193,1.7200000286102295,4.968684265083094
2012-10-10,22.8896427154541,1.5189285714285714,1.5189285714285714,15.069597837590285,15.069597837590285,1.690999984741211,4.944877168566457
2012-10-11,22.43214225769043,1.5189285714285714,1.5189285714285714,14.768398382678862,14.768398382678862,1.6749999523162842,5.0962150033477736
2012-10-12,22.489643096923828,1.5189285714285714,1.5189285714285714,14.80625456651463,14.80625456651463,1.6629999876022339,5.090902530469887
2012-10-15,22.670000076293945,1.5189285714285714,1.5189285714285714,14.924994172025169,14.924994172025169,1.6629999876022339,5.037170132895108
2012-10-16,23.206785202026367,1.5189285714285714,1.5189285714285714,15.27839138623885,15.27839138623885,1.7200000286102295,4.825191639281546
2012-10-17,23.021785736083984,1.5189285714285714,1.5189285714285714,15.156595358813815,15.156595358813815,1.8109999895095825,4.78678781392665
2012-10-18,22.59428596496582,1.5189285714285714,1.5189285714285714,14.87514712012798,14.87514712012798,1.8259999752044678,4.896622610805938
2012-10-19,21.780000686645508,1.5189285714285714,1.5189285714285714,14.339055236916865,14.339055236916865,1.7680000066757202,5.205960156511549
2012-10-22,22.64392852783203,1.5189285714285714,1.5189285714285714,14.90782973852097,14.90782973852097,1.7979999780654907,4.909884519810533
2012-10-23,21.90571403503418,1.5189285714285714,1.5189285714285714,14.421819726803598,14.421819726803598,1.7640000581741333,5.169937676059607
2012-10-24,22.02964210510254,1.5189285714285714,1.5189285714285714,14.503408862987799,14.503408862987799,1.774999976158142,5.119930791131785
2012-10-25,21.769285202026367,1.5189285714285714,1.5189285714285714,14.332000603262127,14.332000603262127,1.8279999494552612,5.149393002735856
2012-10-26,21.571428298950195,1.5189285714285714,1.5189285714285714,14.20173976888327,14.20173976888327,1.75,5.291390817419782
2012-10-31,21.261428833007812,1.5767857142857142,1.5767857142857142,13.484031875973246,13.484031875973246,1.6859999895095825,5.7301794529453645
2012-11-01,21.30500030517578,1.5767857142857142,1.5767857142857142,13.511664972704912,13.511664972704912,1.715000033378601,5.686012366056353
2012-11-02,20.600000381469727,1.5767857142857142,1.5767857142857142,13.064552903310359,13.064552903310359,1.7259999513626099,5.928299490806706
2012-11-05,20.87928581237793,1.5767857142857142,1.5767857142857142,13.241676166400499,13.241676166400499,1.684000015258789,5.867914013098176
2012-11-06,20.816070556640625,1.5767857142857142,1.5767857142857142,13.201584950983863,13.201584950983863,1.7419999837875366,5.832848064480137
2012-11-07,19.928571701049805,1.5767857142857142,1.5767857142857142,12.63873176963521,12.63873176963521,1.6319999694824219,6.280186302264548
2012-11-08,19.20535659790039,1.5767857142857142,1.5767857142857142,12.18006760455744,12.18006760455744,1.6319999694824219,6.578135084495669
2012-11-09,19.537857055664062,1.5767857142857142,1.5767857142857142,12.390939922051954,12.390939922051954,1.6130000352859497,6.457412752531027
2012-11-12,19.38678550720215,1.5767857142857142,1.5767857142857142,12.29513010649287,12.29513010649287,1.6109999418258667,6.522301546963709
2012-11-13,19.389286041259766,1.5767857142857142,1.5767857142857142,12.296715949156816,12.296715949156816,1.5889999866485596,6.543252593102784
2012-11-14,19.174285888671875,1.5767857142857142,1.5767857142857142,12.160362511501983,12.160362511501983,1.5889999866485596,6.634439068347881
2012-11-15,18.77214241027832,1.5767857142857142,1.5767857142857142,11.905322479904711,11.905322479904711,1.5889999866485596,6.810604490155196
2012-11-16,18.845714569091797,1.5767857142857142,1.5767857142857142,11.951982059673167,11.951982059673167,1.5740000009536743,6.792813093370411
2012-11-19,20.20464324951172,1.5767857142857142,1.5767857142857142,12.813816783382292,12.813816783382292,1.6109999418258667,6.1930760560209155
2012-11-20,20.032499313354492,1.5767857142857142,1.5767857142857142,12.704642826136485,12.704642826136485,1.656000018119812,6.215138223899563
2012-11-21,20.060714721679688,1.5767857142857142,1.5767857142857142,12.722537082831966,12.722537082831966,1.687000036239624,6.173067444714462
2012-11-23,20.41071319580078,1.5767857142857142,1.5767857142857142,12.94450667004353,12.94450667004353,1.6929999589920044,6.0322847929887145
2012-11-26,21.054643630981445,1.5767857142857142,1.5767857142857142,13.352888372989366,13.352888372989366,1.6640000343322754,5.825016364717618
2012-11-27,20.885000228881836,1.5767857142857142,1.5767857142857142,13.245300258407507,13.245300258407507,1.6449999809265137,5.904847742346094
2012-11-28,20.819286346435547,1.5767857142857142,1.5767857142857142,13.20362440997045,13.20362440997045,1.6169999837875366,5.956678037868928
2012-11-29,21.04857063293457,1.5767857142857142,1.5767857142857142,13.349036867999274,13.349036867999274,1.6200000047683716,5.8711771482233255
2012-11-30,20.902856826782227,1.5767857142857142,1.5767857142857142,13.256624941107642,13.256624941107642,1.6059999465942383,5.937398199181818
2012-12-03,20.93535614013672,1.5767857142857142,1.5767857142857142,13.277236057164851,13.277236057164851,1.628000020980835,5.903688017813699
2012-12-04,20.566070556640625,1.5767857142857142,1.5767857142857142,13.043034554607871,13.043034554607871,1.6080000400543213,6.058927436164914
2012-12-05,19.24250030517578,1.5767857142857142,1.5767857142857142,12.203624202602988,12.203624202602988,1.590999960899353,6.603287108237893
2012-12-06,19.544286727905273,1.5767857142857142,1.5767857142857142,12.3950176303816,12.3950176303816,1.5809999704360962,6.486757815957738
2012-12-07,19.04464340209961,1.5767857142857142,1.5767857142857142,12.078143040969175,12.078143040969175,1.6269999742507935,6.652418448001622
2012-12-10,18.922143936157227,1.5767857142857142,1.5767857142857142,12.000453685445127,12.000453685445127,1.6160000562667847,6.717018229640692
2012-12-11,19.335357666015625,1.5767857142857142,1.5767857142857142,12.26251448807333,12.26251448807333,1.6490000486373901,6.505934251115015
2012-12-12,19.25,1.5767857142857142,1.5767857142857142,12.208380520951303,12.208380520951303,1.6970000267028809,6.494094592963167
2012-12-13,18.917499542236328,1.5767857142857142,1.5767857142857142,11.997508203456789,11.997508203456789,1.7280000448226929,6.6070640621714105
2012-12-14,18.206785202026367,1.5767857142857142,1.5767857142857142,11.546772042055228,11.546772042055228,1.7079999446868896,6.952429102997058
2012-12-17,18.52964210510254,1.5767857142857142,1.5767857142857142,11.751528401877035,11.751528401877035,1.7630000114440918,6.7465313941922425
2012-12-18,19.06785774230957,1.5767857142857142,1.5767857142857142,12.09286561233676,12.09286561233676,1.8270000219345093,6.442338545591053
2012-12-19,18.796785354614258,1.5767857142857142,1.5767857142857142,11.920951074274049,11.920951074274049,1.7999999523162842,6.588592482712203
2012-12-20,18.633214950561523,1.5767857142857142,1.5767857142857142,11.81721446468228,11.81721446468228,1.7999999523162842,6.662231168128107
2012-12-21,18.547500610351562,1.5767857142857142,1.5767857142857142,11.762854294220697,11.762854294220697,1.753999948501587,6.747338034502404
2012-12-24,18.577499389648438,1.5767857142857142,1.5767857142857142,11.781879567613958,11.781879567613958,1.7740000486373901,6.713610050084048
2012-12-26,18.321428298950195,1.5767857142857142,1.5767857142857142,11.619478875891405,11.619478875891405,1.7580000162124634,6.848237928544622
2012-12-27,18.395000457763672,1.5767857142857142,1.5767857142857142,11.66613845565986,11.66613845565986,1.715000033378601,6.856816629013634
2012-12-28,18.199642181396484,1.5767857142857142,1.5767857142857142,11.542241927046469,11.542241927046469,1.7109999656677246,6.952828139136944
2012-12-31,19.006071090698242,1.5767857142857142,1.5767857142857142,12.053680419921875,12.053680419921875,1.75600004196167,6.540221237866167
2013-01-02,19.608213424682617,1.5767857142857142,1.5767857142857142,12.435560042833822,12.435560042833822,1.8389999866485596,6.202455296069205
2013-01-03,19.360713958740234,1.5767857142857142,1.5767857142857142,12.27859548912178,12.27859548912178,1.8990000486373901,6.245253916614171
2013-01-04,18.821428298950195,1.5767857142857142,1.5767857142857142,11.936579668643386,11.936579668643386,1.9149999618530273,6.4626092675892615
2013-01-07,18.71071434020996,1.5767857142857142,1.5767857142857142,11.866364700472909,11.866364700472909,1.902999997138977,6.524180738003498
2013-01-08,18.761070251464844,1.5767857142857142,1.5767857142857142,11.898300499230253,11.898300499230253,1.871000051498413,6.533561592113578
2013-01-09,18.467857360839844,1.5767857142857142,1.5767857142857142,11.712344419105676,11.712344419105676,1.8519999980926514,6.686000287902672
2013-01-10,18.696786880493164,1.5767857142857142,1.5767857142857142,11.857531883438474,11.857531883438474,1.8940000534057617,6.539458189255255
2013-01-11,18.582143783569336,1.5767857142857142,1.5767857142857142,11.784825049602297,11.784825049602297,1.875,6.610488717829943
2013-01-14,17.91964340209961,1.5767857142857142,1.5767857142857142,11.364666257277216,11.364666257277216,1.8569999933242798,6.942202529316129
2013-01-15,17.354286193847656,1.5767857142857142,1.5767857142857142,11.006115819427732,11.006115819427732,1.8309999704360962,7.254857532851521
2013-01-16,18.074642181396484,1.5767857142857142,1.5767857142857142,11.462966728858474,11.462966728858474,1.8240000009536743,6.89974511367237
2013-01-17,17.952856063842773,1.5767857142857142,1.5767857142857142,11.385729780013538,11.385729780013538,1.875,6.907924057756894
2013-01-18,17.85714340209961,1.5767857142857142,1.5767857142857142,11.325028658183218,11.325028658183218,1.843000054359436,6.986999676170358
2013-01-22,18.02750015258789,1.5767857142857142,1.5767857142857142,11.433069179444189,11.433069179444189,1.8350000381469727,6.911557726043993
2013-01-23,18.357500076293945,1.5767857142857142,1.5767857142857142,11.642355654274755,11.642355654274755,1.8329999446868896,6.75632707550964
2013-01-24,16.08928680419922,1.574642857142857,1.574642857142857,10.217737140339718,10.217737140339718,1.843999981880188,7.9429027957611655
2013-01-25,15.710000038146973,1.574642857142857,1.574642857142857,9.976865526607286,9.976865526607286,1.9470000267028809,8.076188091179452
2013-01-28,16.065357208251953,1.574642857142857,1.574642857142857,10.202540300091965,10.202540300091965,1.9739999771118164,7.827480542313195
2013-01-29,16.366785049438477,1.574642857142857,1.574642857142857,10.393966463694202,10.393966463694202,1.9880000352859497,7.632966161718519
2013-01-30,16.315357208251953,1.574642857142857,1.574642857142857,10.361306460218978,10.361306460218978,2.00600004196167,7.645292522729692
2013-01-31,16.267499923706055,1.574642857142857,1.574642857142857,10.330913991013146,10.330913991013146,1.9850000143051147,7.694685644387807
2013-02-01,16.200714111328125,1.574642857142857,1.574642857142857,10.288500683084317,10.288500683084317,2.009999990463257,7.709589197533152
2013-02-04,15.79714298248291,1.574642857142857,1.574642857142857,10.032206929224802,10.032206929224802,1.9730000495910645,7.99489641680759
2013-02-05,16.351428985595703,1.574642857142857,1.574642857142857,10.384214370530273,10.384214370530273,2.0160000324249268,7.614001470991019
2013-02-06,16.33392906188965,1.574642857142857,1.574642857142857,10.37310078777297,10.37310078777297,1.968000054359436,7.672318886518154
2013-02-07,16.722143173217773,1.574642857142857,1.574642857142857,10.619641842823718,10.619641842823718,1.9509999752044678,7.465513451524284
2013-02-08,16.963571548461914,1.574642857142857,1.574642857142857,10.77296446715658,10.77296446715658,1.9539999961853027,7.328496043309576
2013-02-11,17.140356063842773,1.574642857142857,1.574642857142857,10.885234061864317,10.885234061864317,1.9459999799728394,7.240757000324281
2013-02-12,16.71071434020996,1.574642857142857,1.574642857142857,10.612383795098184,10.612383795098184,1.9819999933242798,7.440953598515245
2013-02-13,16.67892837524414,1.574642857142857,1.574642857142857,10.592197652683964,10.592197652683964,2.0190000534057617,7.421911387163981
2013-02-14,16.663928985595703,1.574642857142857,1.574642857142857,10.58267207068904,10.58267207068904,2.0,7.449409310997293
2013-02-15,16.43428611755371,1.574642857142857,1.574642857142857,10.436834005250713,10.436834005250713,2.006999969482422,7.574449725864898
2013-02-19,16.428213119506836,1.574642857142857,1.574642857142857,10.432977258929268,10.432977258929268,2.0260000228881836,7.558991635596746
2013-02-20,16.030357360839844,1.574642857142857,1.574642857142857,10.180313134577357,10.180313134577357,2.0209999084472656,7.801880653089761
2013-02-21,15.930713653564453,1.574642857142857,1.574642857142857,10.117032939437621,10.117032939437621,1.9759999513626099,7.908320935859759
2013-02-22,16.100357055664062,1.574642857142857,1.574642857142857,10.224767465606572,10.224767465606572,1.9670000076293945,7.813173510875911
2013-02-25,15.814286231994629,1.574642857142857,1.574642857142857,10.0430940008131,10.0430940008131,1.8949999809265137,8.062090930689358
2013-02-26,16.034643173217773,1.574642857142857,1.574642857142857,10.183034902474432,10.183034902474432,1.878999948501587,7.941255108829155
2013-02-27,15.8774995803833,1.574642857142857,1.574642857142857,10.083238563182864,10.083238563182864,1.902999997138977,8.014448585812541
2013-02-28,15.764286041259766,1.574642857142857,1.574642857142857,10.01134064765873,10.01134064765873,1.8880000114440918,8.100672187357391
2013-03-01,15.373929023742676,1.574642857142857,1.574642857142857,9.763438708659447,9.763438708659447,1.8530000448226929,8.38929296115556
2013-03-04,15.001786231994629,1.574642857142857,1.574642857142857,9.527103980400309,9.527103980400309,1.8769999742507935,8.619369143345235
2013-03-05,15.397856712341309,1.574642857142857,1.574642857142857,9.778634337617525,9.778634337617525,1.8940000534057617,8.332376815530733
2013-03-06,15.202142715454102,1.574642857142857,1.574642857142857,9.654343298541956,9.654343298541956,1.937999963760376,8.420032365077823
2013-03-07,15.377857208251953,1.574642857142857,1.574642857142857,9.765933359742679,9.765933359742679,1.9910000562667847,8.248676615317107
2013-03-08,15.418571472167969,1.574642857142857,1.574642857142857,9.791789549120054,9.791789549120054,2.055999994277954,8.156637797655245
2013-03-11,15.638214111328125,1.574642857142857,1.574642857142857,9.931276822798537,9.931276822798537,2.055999994277954,8.01319873860169
2013-03-12,15.301071166992188,1.574642857142857,1.574642857142857,9.71716926005401,9.71716926005401,2.0230000019073486,8.26806289138676
2013-03-13,15.298213958740234,1.574642857142857,1.574642857142857,9.715354748122627,9.715354748122627,2.0209999084472656,8.271985020314474
2013-03-14,15.446429252624512,1.574642857142857,1.574642857142857,9.80948104045104,9.80948104045104,2.0329999923706055,8.161219211237947
2013-03-15,15.845000267028809,1.574642857142857,1.574642857142857,10.062599398430635,10.062599398430635,1.996000051498413,7.9417899807268615
2013-03-18,16.275714874267578,1.574642857142857,1.574642857142857,10.33613101563829,10.33613101563829,1.9559999704360962,7.718799995692686
2013-03-19,16.231786727905273,1.574642857142857,1.574642857142857,10.308233803160528,10.308233803160528,1.9079999923706055,7.792982921825596
2013-03-20,16.145713806152344,1.574642857142857,1.574642857142857,10.253571934050026,10.253571934050026,1.937000036239624,7.815698890845518
2013-03-21,16.168928146362305,1.574642857142857,1.574642857142857,10.268314540670097,10.268314540670097,1.9320000410079956,7.806696568248203
2013-03-22,16.49678611755371,1.574642857142857,1.574642857142857,10.476525545282467,10.476525545282467,1.9149999618530273,7.630149292808941
2013-03-25,16.556428909301758,1.574642857142857,1.574642857142857,10.514402573382837,10.514402573382837,1.9149999618530273,7.595763897726551
2013-03-26,16.46928596496582,1.574642857142857,1.574642857142857,10.45906117076532,10.45906117076532,1.906000018119812,7.6550875754316365
2013-03-27,16.145713806152344,1.574642857142857,1.574642857142857,10.253571934050026,10.253571934050026,1.8509999513626099,7.901698975722532
2013-03-28,15.809286117553711,1.574642857142857,1.574642857142857,10.039918604933181,10.039918604933181,1.8519999980926514,8.108240112904298
2013-04-01,15.318214416503906,1.574642857142857,1.574642857142857,9.728056331642309,9.728056331642309,1.840000033378601,8.43954570431737
2013-04-02,15.349642753601074,1.574642857142857,1.574642857142857,9.748015357242688,9.748015357242688,1.8609999418258667,8.39749846377019
2013-04-03,15.428214073181152,1.574642857142857,1.574642857142857,9.797913224066054,9.797913224066054,1.812000036239624,8.394254878773882
2013-04-04,15.275713920593262,1.574642857142857,1.574642857142857,9.701065769485401,9.701065769485401,1.7589999437332153,8.549145818410665
2013-04-05,15.114286422729492,1.574642857142857,1.574642857142857,9.598548873586433,9.598548873586433,1.694000005722046,8.724241471922864
2013-04-08,15.221785545349121,1.574642857142857,1.574642857142857,9.666817765247798,9.666817765247798,1.7319999933242798,8.612665896571764
2013-04-09,15.249285697937012,1.574642857142857,1.574642857142857,9.684282139764944,9.684282139764944,1.746999979019165,8.579010618027235
2013-04-10,15.560357093811035,1.574642857142857,1.574642857142857,9.881832583958019,9.881832583958019,1.8049999475479126,8.314580519979753
2013-04-11,15.511786460876465,1.574642857142857,1.574642857142857,9.850987092414178,9.850987092414178,1.7910000085830688,8.360266972266567
2013-04-12,15.350000381469727,1.574642857142857,1.574642857142857,9.748242474056529,9.748242474056529,1.7209999561309814,8.53725944459021
2013-04-15,14.994643211364746,1.574642857142857,1.574642857142857,9.522567700571852,9.522567700571852,1.7020000219345093,8.799369266728545
2013-04-16,15.222857475280762,1.574642857142857,1.574642857142857,9.667498510044485,9.667498510044485,1.718999981880188,8.624937479925519
2013-04-17,14.385713577270508,1.574642857142857,1.574642857142857,9.135858021401095,9.135858021401095,1.7039999961853027,9.24187939092275
2013-04-18,14.001786231994629,1.574642857142857,1.574642857142857,8.892039339892257,8.892039339892257,1.684999942779541,9.561014180366666
2013-04-19,13.947500228881836,1.574642857142857,1.574642857142857,8.857564218840812,8.857564218840812,1.7029999494552612,9.586785541153011
2013-04-22,14.238213539123535,1.574642857142857,1.574642857142857,9.042185962700364,9.042185962700364,1.6979999542236328,9.36127270534197
2013-04-23,14.504643440246582,1.574642857142857,1.574642857142857,9.211386172077667,9.211386172077667,1.6979999542236328,9.158129419998941
2013-04-24,14.480713844299316,1.4957142857142856,1.4957142857142856,9.681470574030108,9.681470574030108,1.6979999542236328,8.63100938741949
2013-04-25,14.585000038146973,1.4957142857142856,1.4957142857142856,9.751193912801224,9.751193912801224,1.7109999656677246,8.544154520463607
2013-04-26,14.899999618530273,1.4957142857142856,1.4957142857142856,9.961795351452906,9.961795351452906,1.6629999876022339,8.375351180233714
2013-04-29,15.361429214477539,1.4957142857142856,1.4957142857142856,10.270296513977343,10.270296513977343,1.6679999828338623,8.068817241859229
2013-04-30,15.813570976257324,1.4957142857142856,1.4957142857142856,10.572588045253227,10.572588045253227,1.6749999523162842,7.783422107824135
2013-05-01,15.688928604125977,1.4957142857142856,1.4957142857142856,10.489255036187378,10.489255036187378,1.6390000581741333,7.894565448146883
2013-05-02,15.911429405212402,1.4957142857142856,1.4957142857142856,10.638013928986325,10.638013928986325,1.63100004196167,7.769250857082678
2013-05-03,16.070714950561523,1.4957142857142856,1.4957142857142856,10.744508562935117,10.744508562935117,1.7519999742507935,7.555079955394927
2013-05-06,16.453929901123047,1.4957142857142856,1.4957142857142856,11.000717221381217,11.000717221381217,1.7710000276565552,7.3193163569549835
2013-05-07,16.380714416503906,1.4957142857142856,1.4957142857142856,10.951767040642537,10.951767040642537,1.7829999923706055,7.3479466054610665
2013-05-08,16.56571388244629,1.4957142857142856,1.4957142857142856,11.075453407557214,11.075453407557214,1.7599999904632568,7.26897573813004
2013-05-09,16.313213348388672,1.4957142857142856,1.4957142857142856,10.906637386697298,10.906637386697298,1.812999963760376,7.355728807030966
2013-05-10,16.177499771118164,1.4957142857142856,1.4957142857142856,10.815902425771458,10.815902425771458,1.899999976158142,7.34564556163131
2013-05-13,16.240713119506836,1.4957142857142856,1.4957142857142856,10.858165409412404,10.858165409412404,1.9229999780654907,7.2866589495204686
2013-05-14,15.852143287658691,1.4957142857142856,1.4957142857142856,10.598376601108964,10.598376601108964,1.9520000219345093,7.483407282759352
2013-05-15,15.316070556640625,1.4957142857142856,1.4957142857142856,10.23997076375209,10.23997076375209,1.9429999589920044,7.822652922946341
2013-05-16,15.520713806152344,1.4957142857142856,1.4957142857142856,10.37679051032153,10.37679051032153,1.8650000095367432,7.771891079334381
2013-05-17,15.473570823669434,1.4957142857142856,1.4957142857142856,10.345271801880234,10.345271801880234,1.9490000009536743,7.717251588668669
2013-05-20,15.818928718566895,1.4957142857142856,1.4957142857142856,10.576170107924382,10.576170107924382,1.965000033378601,7.490218536250232
2013-05-21,15.702142715454102,1.4957142857142856,1.4957142857142856,10.49808968559491,10.49808968559491,1.944000005722046,7.581542544863732
2013-05-22,15.762499809265137,1.4957142857142856,1.4957142857142856,10.538443043443742,10.538443043443742,2.0260000228881836,7.46306772533225
2013-05-23,15.790714263916016,1.4957142857142856,1.4957142857142856,10.557306575684061,10.557306575684061,2.0230000019073486,7.44911291658299
2013-05-24,15.898214340209961,1.4957142857142856,1.4957142857142856,10.629178641974187,10.629178641974187,2.010999917984009,7.397064747060206
2013-05-28,15.765713691711426,1.4957142857142856,1.4957142857142856,10.54059177096275,10.54059177096275,2.134999990463257,7.352133386192147
2013-05-29,15.891071319580078,1.4957142857142856,1.4957142857142856,10.624402983482383,10.624402983482383,2.124000072479248,7.288293508201818
2013-05-30,16.127857208251953,1.4957142857142856,1.4957142857142856,10.782712555660332,10.782712555660332,2.124000072479248,7.150104146083594
2013-05-31,16.061786651611328,1.4957142857142856,1.4957142857142856,10.738539308622666,10.738539308622666,2.1640000343322754,7.14825344130603
2013-06-03,16.097143173217773,1.4957142857142856,1.4957142857142856,10.762177861750184,10.762177861750184,2.134000062942505,7.157799541616125
2013-06-04,16.046785354614258,1.4957142857142856,1.4957142857142856,10.728509788185274,10.728509788185274,2.13700008392334,7.183958928494636
2013-06-05,15.896785736083984,1.4957142857142856,1.4957142857142856,10.628223510275827,10.628223510275827,2.0999999046325684,7.308910239505412
2013-06-06,15.659285545349121,1.4957142857142856,1.4957142857142856,10.469436372248698,10.469436372248698,2.075000047683716,7.476612517159763
2013-06-07,15.778928756713867,1.4957142857142856,1.4957142857142856,10.549427057974889,10.549427057974889,2.1610000133514404,7.318187761533883
2013-06-10,15.674642562866211,1.4957142857142856,1.4957142857142856,10.479703719203771,10.479703719203771,2.2149999141693115,7.327254588384299
2013-06-11,15.628570556640625,1.4957142857142856,1.4957142857142856,10.448901040733944,10.448901040733944,2.194999933242798,7.375384512945418
2013-06-12,15.435357093811035,1.4957142857142856,1.4957142857142856,10.319722985355995,10.319722985355995,2.2300000190734863,7.460182570314144
2013-06-13,15.569999694824219,1.4957142857142856,1.4957142857142856,10.409741916310367,10.409741916310367,2.1740000247955322,7.432386070455909
2013-06-14,15.358928680419922,1.4957142857142856,1.4957142857142856,10.26862471470291,10.26862471470291,2.125999927520752,7.6124025147086485
2013-06-17,15.428570747375488,1.4957142857142856,1.4957142857142856,10.315185790986478,10.315185790986478,2.1710000038146973,7.52344486865489
2013-06-18,15.420356750488281,1.4957142857142856,1.4957142857142856,10.309694102523208,10.309694102523208,2.181999921798706,7.517608912912099
2013-06-19,15.10714340209961,1.4957142857142856,1.4957142857142856,10.10028689729678,10.10028689729678,2.311000108718872,7.589708753993117
2013-06-20,14.8871431350708,1.4957142857142856,1.4957142857142856,9.953199803772264,9.953199803772264,2.4189999103546143,7.628020341574819
2013-06-21,14.76785659790039,1.4957142857142856,1.4957142857142856,9.873447582168362,9.873447582168362,2.5139999389648438,7.61417455811781
2013-06-24,14.376428604125977,1.4957142857142856,1.4957142857142856,9.611747872863596,9.611747872863596,2.5480000972747803,7.855934891732305
2013-06-25,14.379643440246582,1.4957142857142856,1.4957142857142856,9.61389723798721,9.61389723798721,2.5889999866485596,7.812609009635683
2013-06-26,14.21678638458252,1.4957142857142856,1.4957142857142856,9.505014774792517,9.505014774792517,2.5390000343322754,7.981762149562686
2013-06-27,14.063570976257324,1.4957142857142856,1.4957142857142856,9.40257849415485,9.40257849415485,2.4830000400543213,8.152380463513438
2013-06-28,14.161786079406738,1.4957142857142856,1.4957142857142856,9.468242842010238,9.468242842010238,2.4779999256134033,8.083621873555472
2013-07-01,14.614999771118164,1.4957142857142856,1.4957142857142856,9.771251040862193,9.771251040862193,2.490000009536743,7.7441040557269645
2013-07-02,14.946070671081543,1.4957142857142856,1.4957142857142856,9.99259739231813,9.99259739231813,2.4690001010894775,7.538407990511972
2013-07-03,15.028571128845215,1.4957142857142856,1.4957142857142856,10.04775529149155,10.04775529149155,2.500999927520752,7.451471753858682
2013-07-05,14.907856941223145,1.4957142857142856,1.4957142857142856,9.96704857579389,9.96704857579389,2.7149999141693115,7.318060448640736
2013-07-08,14.823213577270508,1.4957142857142856,1.4957142857142856,9.910457979072929,9.910457979072929,2.6449999809265137,7.445351061493675
2013-07-09,15.083929061889648,1.4957142857142856,1.4957142857142856,10.084766326000722,10.084766326000722,2.630000114440918,7.285946053015461
2013-07-10,15.026070594787598,1.4957142857142856,1.4957142857142856,10.046083492217114,10.046083492217114,2.680000066757202,7.274127835670827
2013-07-11,15.260356903076172,1.4957142857142856,1.4957142857142856,10.202721902725235,10.202721902725235,2.5739998817443848,7.22730617691523
2013-07-12,15.232500076293945,1.4957142857142856,1.4957142857142856,10.184097472211809,10.184097472211809,2.6010000705718994,7.218230378945954
2013-07-15,15.265713691711426,1.4957142857142856,1.4957142857142856,10.206303327791785,10.206303327791785,2.555999994277954,7.241866754175405
2013-07-16,15.364286422729492,1.4957142857142856,1.4957142857142856,10.272206777374064,10.272206777374064,2.5320000648498535,7.203006459771869
2013-07-17,15.368213653564453,1.4957142857142856,1.4957142857142856,10.274832433137648,10.274832433137648,2.490999937057495,7.241518880231165
2013-07-18,15.420000076293945,1.4957142857142856,1.4957142857142856,10.30945563840092,10.30945563840092,2.5339999198913574,7.16583327280579
2013-07-19,15.176786422729492,1.4957142857142856,1.4957142857142856,10.146848611184954,10.146848611184954,2.490999937057495,7.364276694326282
2013-07-22,15.225357055664062,1.4957142857142856,1.4957142857142856,10.179321813720005,10.179321813720005,2.48799991607666,7.335837254020163
2013-07-23,14.963929176330566,1.4957142857142856,1.4957142857142856,10.004537176152242,10.004537176152242,2.5160000324249268,7.479464849085977
2013-07-24,15.732500076293945,1.4324999999999999,1.4324999999999999,10.982548046278497,10.982548046278497,2.5880000591278076,6.517355053239363
2013-07-25,15.660714149475098,1.4324999999999999,1.4324999999999999,10.93243570643986,10.93243570643986,2.6070001125335693,6.540092327360133
2013-07-26,15.749643325805664,1.4324999999999999,1.4324999999999999,10.994515410684583,10.994515410684583,2.561000108718872,6.534443961769126
2013-07-29,15.992500305175781,1.4324999999999999,1.4324999999999999,11.164049078656742,11.164049078656742,2.5850000381469727,6.372323536431221
2013-07-30,16.190000534057617,1.4324999999999999,1.4324999999999999,11.30192009358298,11.30192009358298,2.6029999256134033,6.245054137056721
2013-07-31,16.161785125732422,1.4324999999999999,1.4324999999999999,11.282223473460679,11.282223473460679,2.5929999351501465,6.270501150006632
2013-08-01,16.309999465942383,1.4324999999999999,1.4324999999999999,11.385688981460651,11.385688981460651,2.7230000495910645,6.059955480182344
2013-08-02,16.519285202026367,1.4324999999999999,1.4324999999999999,11.531787226545458,11.531787226545458,2.6019999980926514,6.06968271989977
2013-08-05,16.766071319580078,1.4324999999999999,1.4324999999999999,11.704063748397962,11.704063748397962,2.640000104904175,5.904040849562421
2013-08-06,16.616071701049805,1.4324999999999999,1.4324999999999999,11.599351972809638,11.599351972809638,2.6419999599456787,5.9791713118988845
2013-08-07,16.606428146362305,1.4324999999999999,1.4324999999999999,11.592619997460597,11.592619997460597,2.5999999046325684,6.026177786166004
2013-08-08,16.464643478393555,1.4324999999999999,1.4324999999999999,11.49364291685414,11.49364291685414,2.5869998931884766,6.1134618075453435
2013-08-09,16.230356216430664,1.4324999999999999,1.4324999999999999,11.330091599602559,11.330091599602559,2.5799999237060547,6.246054051312809
2013-08-12,16.691429138183594,1.4324999999999999,1.4324999999999999,11.65195751356621,11.65195751356621,2.6050000190734863,5.977248919233354
2013-08-13,17.484643936157227,1.4324999999999999,1.4324999999999999,12.205685121226686,12.205685121226686,2.7149999141693115,5.477903557188622
2013-08-14,17.803571701049805,1.4324999999999999,1.4324999999999999,12.42832230439777,12.42832230439777,2.7119998931884766,5.3341383989135025
2013-08-15,17.782499313354492,1.4324999999999999,1.4324999999999999,12.413612086111339,12.413612086111339,2.755000114440918,5.300672908553132
2013-08-16,17.940357208251953,1.4324999999999999,1.4324999999999999,12.523809569460353,12.523809569460353,2.8289999961853027,5.155790849233866
2013-08-19,18.13357162475586,1.4324999999999999,1.4324999999999999,12.658688743285069,12.658688743285069,2.884000062942505,5.015712302846253
2013-08-20,17.895357131958008,1.4324999999999999,1.4324999999999999,12.49239590363561,12.49239590363561,2.813999891281128,5.190869692694946
2013-08-21,17.941429138183594,1.4324999999999999,1.4324999999999999,12.524557862606349,12.524557862606349,2.8550000190734863,5.129313766450444
2013-08-22,17.96285629272461,1.4324999999999999,1.4324999999999999,12.539515736631492,12.539515736631492,2.9010000228881836,5.073789602190524
2013-08-23,17.893571853637695,1.4324999999999999,1.4324999999999999,12.491149636047258,12.491149636047258,2.818000078201294,5.187668168011818
2013-08-26,17.963214874267578,1.4324999999999999,1.4324999999999999,12.539766055335134,12.539766055335134,2.805000066757202,5.169630365638646
2013-08-27,17.449642181396484,1.4324999999999999,1.4324999999999999,12.181251086489693,12.181251086489693,2.7209999561309814,5.488337433762464
2013-08-28,17.532142639160156,1.4324999999999999,1.4324999999999999,12.238843029082135,12.238843029082135,2.7820000648498535,5.3887069016810845
2013-08-29,17.560714721679688,1.4324999999999999,1.4324999999999999,12.258788636425612,12.258788636425612,2.750999927520752,5.406412926703787
2013-08-30,17.400714874267578,1.4324999999999999,1.4324999999999999,12.147095898267072,12.147095898267072,2.749000072479248,5.483420321457562
2013-09-03,17.44928550720215,1.4324999999999999,1.4324999999999999,12.181002099268516,12.181002099268516,2.8480000495910645,5.3615051442390165
2013-09-04,17.81035614013672,1.4324999999999999,1.4324999999999999,12.433058387529996,12.433058387529996,2.8970000743865967,5.146073229306495
2013-09-05,17.688213348388672,1.4324999999999999,1.4324999999999999,12.34779291336033,12.34779291336033,2.9790000915527344,5.1196132154294265
2013-09-06,17.79357147216797,1.4324999999999999,1.4324999999999999,12.421341341827553,12.421341341827553,2.937999963760376,5.1126603673634925
2013-09-09,18.077499389648438,1.4324999999999999,1.4324999999999999,12.619545821744111,12.619545821744111,2.8970000743865967,5.0272153777808635
2013-09-10,17.665714263916016,1.4324999999999999,1.4324999999999999,12.332086746189193,12.332086746189193,2.9590001106262207,5.149927604377208
2013-09-11,16.703929901123047,1.4324999999999999,1.4324999999999999,11.660684049649598,11.660684049649598,2.9200000762939453,5.655826142323562
2013-09-12,16.881786346435547,1.4324999999999999,1.4324999999999999,11.784842126656578,11.784842126656578,2.9070000648498535,5.578476356917921
2013-09-13,16.60357093811035,1.4324999999999999,1.4324999999999999,11.59062543672625,11.59062543672625,2.8980000019073486,5.7296621157156
2013-09-16,16.075714111328125,1.4324999999999999,1.4324999999999999,11.222138995691537,11.222138995691537,2.874000072479248,6.036957102297551
2013-09-17,16.261428833007812,1.4324999999999999,1.4324999999999999,11.351782780459207,11.351782780459207,2.8529999256134033,5.956189074385657
2013-09-18,16.595714569091797,1.4324999999999999,1.4324999999999999,11.585141060448027,11.585141060448027,2.7079999446868896,5.923746486213517
2013-09-19,16.867856979370117,1.4324999999999999,1.4324999999999999,11.775118310206016,11.775118310206016,2.747999906539917,5.744483766709088
2013-09-20,16.693214416503906,1.4324999999999999,1.4324999999999999,11.653203781154561,11.653203781154561,2.7320001125335693,5.849330985590617
2013-09-23,17.522857666015625,1.4324999999999999,1.4324999999999999,12.232361372436737,12.232361372436737,2.7139999866485596,5.4610364560558455
2013-09-24,17.467857360839844,1.4324999999999999,1.4324999999999999,12.193966744041777,12.193966744041777,2.6530001163482666,5.547776718545272
2013-09-25,17.197500228881836,1.4324999999999999,1.4324999999999999,12.005235761872138,12.005235761872138,2.614000082015991,5.715698891293107
2013-09-26,17.364999771118164,1.4324999999999999,1.4324999999999999,12.122163889087725,12.122163889087725,2.6429998874664307,5.606352366384815
2013-09-27,17.241071701049805,1.4324999999999999,1.4324999999999999,12.035652147329708,12.035652147329708,2.61899995803833,5.689648279372429
2013-09-30,17.02678680419922,1.4324999999999999,1.4324999999999999,11.886064086701026,11.886064086701026,2.615000009536743,5.798213924913359
2013-10-01,17.427143096923828,1.4324999999999999,1.4324999999999999,12.165544919318554,12.165544919318554,2.6459999084472656,5.57393603878702
2013-10-02,17.484285354614258,1.4324999999999999,1.4324999999999999,12.205434802523044,12.205434802523044,2.625999927520752,5.567071570376932
2013-10-03,17.2646427154541,1.4324999999999999,1.4324999999999999,12.052106607646843,12.052106607646843,2.6059999465942383,5.691304686983415
2013-10-04,17.25107192993164,1.4324999999999999,1.4324999999999999,12.042633109899924,12.042633109899924,2.6519999504089355,5.6518318683809845
2013-10-07,17.41964340209961,1.4324999999999999,1.4324999999999999,12.16030953026151,12.16030953026151,2.634000062942505,5.589474820747359
2013-10-08,17.176429748535156,1.4324999999999999,1.4324999999999999,11.990526875068173,11.990526875068173,2.635999917984009,5.703917171725315
2013-10-09,17.37821388244629,1.4324999999999999,1.4324999999999999,12.131388399613467,12.131388399613467,2.6500000953674316,5.593079485135178
2013-10-10,17.48714256286621,1.4324999999999999,1.4324999999999999,12.207429363257392,12.207429363257392,2.684999942779541,5.506732896649014
2013-10-11,17.600357055664062,1.4324999999999999,1.4324999999999999,12.286462168002837,12.286462168002837,2.681999921798706,5.457039504898605
2013-10-14,17.715713500976562,1.4324999999999999,1.4324999999999999,12.36699022755781,12.36699022755781,2.690999984741211,5.395041821709512
2013-10-15,17.809999465942383,1.4324999999999999,1.4324999999999999,12.43280940030882,12.43280940030882,2.7200000286102295,5.323234350701988
2013-10-16,17.896785736083984,1.4324999999999999,1.4324999999999999,12.493393184002782,12.493393184002782,2.6710000038146973,5.333230594486285
2013-10-17,18.01785659790039,1.4324999999999999,1.4324999999999999,12.577910365026451,12.577910365026451,2.5869998931884766,5.363446333400586
2013-10-18,18.17464256286621,1.4324999999999999,1.4324999999999999,12.687359555229468,12.687359555229468,2.5889999866485596,5.292860660926614
2013-10-21,18.6200008392334,1.4324999999999999,1.4324999999999999,12.998255385154206,12.998255385154206,2.6089999675750732,5.084340179766065
2013-10-22,18.56678581237793,1.4324999999999999,1.4324999999999999,12.961107024347596,12.961107024347596,2.51200008392334,5.20339026137269
2013-10-23,18.748571395874023,1.4324999999999999,1.4324999999999999,13.088007955234922,13.088007955234922,2.484999895095825,5.155582257820895
2013-10-24,18.99678611755371,1.4324999999999999,1.4324999999999999,13.261281757454599,13.261281757454599,2.5220000743865967,5.018749140430948
2013-10-25,18.784286499023438,1.4324999999999999,1.4324999999999999,13.112939964414268,13.112939964414268,2.503000020980835,5.123054873755109
2013-10-28,18.924285888671875,1.4324999999999999,1.4324999999999999,13.210670777432375,13.210670777432375,2.51200008392334,5.057638255019204
2013-10-29,18.452856063842773,1.4324999999999999,1.4324999999999999,12.88157491367733,12.88157491367733,2.506999969482422,5.25602595476404
2013-10-30,18.746429443359375,1.4196428571428572,1.4196428571428572,13.205032060731131,13.205032060731131,2.5269999504089355,5.0458707204149595
2013-10-31,18.667856216430664,1.4196428571428572,1.4196428571428572,13.149684882014052,13.149684882014052,2.5420000553131104,5.062744917456431
2013-11-01,18.572500228881836,1.4196428571428572,1.4196428571428572,13.08251588449538,13.08251588449538,2.619999885559082,5.023789801599949
2013-11-04,18.8125,1.4196428571428572,1.4196428571428572,13.251572327044025,13.251572327044025,2.6019999980926514,4.94427432559031
2013-11-05,18.766071319580078,1.4196428571428572,1.4196428571428572,13.21886784775452,13.21886784775452,2.6619999408721924,4.9029444364926915
2013-11-06,18.604286193847656,1.4196428571428572,1.4196428571428572,13.104905998181996,13.104905998181996,2.640000104904175,4.990729944885781
2013-11-07,18.303213119506836,1.4196428571428572,1.4196428571428572,12.892829367199782,12.892829367199782,2.61299991607666,5.1432494805380715
2013-11-08,18.591428756713867,1.4196428571428572,1.4196428571428572,13.095849187119201,13.095849187119201,2.746000051498413,4.890007249071135
2013-11-11,18.537500381469727,1.4196428571428572,1.4196428571428572,13.05786190392836,13.05786190392836,2.750999927520752,4.9072216661626475
2013-11-12,18.571786880493164,1.4196428571428572,1.4196428571428572,13.082013400095812,13.082013400095812,2.7679998874664307,4.876083400146438
2013-11-13,18.593929290771484,1.4196428571428572,1.4196428571428572,13.09761056960004,13.09761056960004,2.7249999046325684,4.909980496457009
2013-11-14,18.862857818603516,1.4196428571428572,1.4196428571428572,13.287044501154677,13.287044501154677,2.7019999027252197,4.824128273582894
2013-11-15,18.749643325805664,1.4196428571428572,1.4196428571428572,13.207295927611536,13.207295927611536,2.7090001106262207,4.862572491978772
2013-11-18,18.522499084472656,1.4196428571428572,1.4196428571428572,13.047294952584512,13.047294952584512,2.677999973297119,4.986423983041141
2013-11-19,18.555356979370117,1.4196428571428572,1.4196428571428572,13.070440136411655,13.070440136411655,2.7119998931884766,4.93885187280675
2013-11-20,18.39285659790039,1.4196428571428572,1.4196428571428572,12.955974458898387,12.955974458898387,2.7920000553131104,4.926446775316312
2013-11-21,18.61214256286621,1.4196428571428572,1.4196428571428572,13.110440044283116,13.110440044283116,2.7839999198913574,4.843509123453498
2013-11-22,18.564285278320312,1.4196428571428572,1.4196428571428572,13.076729252653301,13.076729252653301,2.752000093460083,4.895172075353441
2013-11-25,18.704999923706055,1.4196428571428572,1.4196428571428572,13.175849002862126,13.175849002862126,2.740999937057495,4.848643810246947
2013-11-26,19.049999237060547,1.4196428571428572,1.4196428571428572,13.418867387111831,13.418867387111831,2.696000099182129,4.756193675088651
2013-11-27,19.498571395874023,1.4196428571428572,1.4196428571428572,13.734842744263462,13.734842744263462,2.7360000610351562,4.5447531199043425
2013-11-29,19.859643936157227,1.4196428571428572,1.4196428571428572,13.989183149997542,13.989183149997542,2.740999937057495,4.407380274121423
2013-12-02,19.686786651611328,1.4196428571428572,1.4196428571428572,13.867422043902318,13.867422043902318,2.8010001182556152,4.4101455210286
2013-12-03,20.2257137298584,1.4196428571428572,1.4196428571428572,14.247043633610947,14.247043633610947,2.7750000953674316,4.243999956270282
2013-12-04,20.178571701049805,1.4196428571428572,1.4196428571428572,14.213836669921875,14.213836669921875,2.8410000801086426,4.194398054978388
2013-12-05,20.282142639160156,1.4196428571428572,1.4196428571428572,14.286792299282626,14.286792299282626,2.861999988555908,4.137471824653082
2013-12-06,20.000713348388672,1.4196428571428572,1.4196428571428572,14.088552798864976,14.088552798864976,2.882999897003174,4.21496122275473
2013-12-09,20.229642868041992,1.4196428571428572,1.4196428571428572,14.249811328432095,14.249811328432095,2.8570001125335693,4.16063666139858
2013-12-10,20.198213577270508,1.4196428571428572,1.4196428571428572,14.227672456945262,14.227672456945262,2.796999931335449,4.23155658784312
2013-12-11,20.04857063293457,1.4196428571428572,1.4196428571428572,14.122263590494791,14.122263590494791,2.8440001010894775,4.237017708782486
2013-12-12,20.019285202026367,1.4196428571428572,1.4196428571428572,14.101634859289012,14.101634859289012,2.877000093460083,4.214376260972192
2013-12-13,19.801071166992188,1.4196428571428572,1.4196428571428572,13.94792434404481,13.94792434404481,2.868000030517578,4.3015255227735025
2013-12-16,19.91071319580078,1.4196428571428572,1.4196428571428572,14.025156464966587,14.025156464966587,2.877000093460083,4.253045139888281
2013-12-17,19.82107162475586,1.4196428571428572,1.4196428571428572,13.962012716809157,13.962012716809157,2.8429999351501465,4.319291206413413
2013-12-18,19.67035675048828,1.4196428571428572,1.4196428571428572,13.85584878021816,13.85584878021816,2.884999990463257,4.3321688446043485
2013-12-19,19.44499969482422,1.4196428571428572,1.4196428571428572,13.697106703272405,13.697106703272405,2.924999952316284,4.375811975804914
2013-12-20,19.60785675048828,1.4196428571428572,1.4196428571428572,13.811823622985456,13.811823622985456,2.88700008392334,4.3531734608344514
2013-12-23,20.3603572845459,1.4196428571428572,1.4196428571428572,14.341886892258746,14.341886892258746,2.928999900817871,4.04358332698436
2013-12-24,20.273929595947266,1.4196428571428572,1.4196428571428572,14.281007010981721,14.281007010981721,2.9830000400543213,4.019307284849491
2013-12-26,20.139286041259766,1.4196428571428572,1.4196428571428572,14.186163752333922,14.186163752333922,2.990000009536743,4.059122060800835
2013-12-27,20.00321388244629,1.4196428571428572,1.4196428571428572,14.090314181345812,14.090314181345812,3.00600004196167,4.091073785702879
2013-12-30,19.804285049438477,1.4196428571428572,1.4196428571428572,13.950188210925216,13.950188210925216,2.9760000705718994,4.192361996520794
2013-12-31,20.036428451538086,1.4196428571428572,1.4196428571428572,14.11371060737274,14.11371060737274,3.0260000228881836,4.059308921151087
2014-01-02,19.754642486572266,1.4196428571428572,1.4196428571428572,13.915219864755306,13.915219864755306,2.984999895095825,4.201375956088648
2014-01-03,19.320714950561523,1.4196428571428572,1.4196428571428572,13.60956021674774,13.60956021674774,2.994999885559082,4.35277611949811
2014-01-06,19.426071166992188,1.4196428571428572,1.4196428571428572,13.683773400648585,13.683773400648585,2.9609999656677246,4.346925784934093
2014-01-07,19.28714370727539,1.4196428571428572,1.4196428571428572,13.58591254852103,13.58591254852103,2.937000036239624,4.423565523332306
2014-01-08,19.409286499023438,1.4196428571428572,1.4196428571428572,13.671950238305817,13.671950238305817,2.993000030517578,4.321245432417318
2014-01-09,19.161428451538086,1.4196428571428572,1.4196428571428572,13.497358406114877,13.497358406114877,2.9630000591278076,4.445857066181672
2014-01-10,19.033571243286133,1.4196428571428572,1.4196428571428572,13.407295466968847,13.407295466968847,2.859999895095825,4.598625913991996
2014-01-13,19.133214950561523,1.4196428571428572,1.4196428571428572,13.477484745049626,13.477484745049626,2.8269999027252197,4.5927821925007235
2014-01-14,19.51392936706543,1.4196428571428572,1.4196428571428572,13.745660937807095,13.745660937807095,2.86899995803833,4.406023080319361
2014-01-15,19.90571403503418,1.4196428571428572,1.4196428571428572,14.021635043546087,14.021635043546087,2.884000062942505,4.247835824201644
2014-01-16,19.79464340209961,1.4196428571428572,1.4196428571428572,13.943396610284001,13.943396610284001,2.8429999351501465,4.328853723967938
2014-01-17,19.309642791748047,1.4196428571428572,1.4196428571428572,13.60176096022504,13.60176096022504,2.8269999027252197,4.52498932076026
2014-01-21,19.609643936157227,1.4196428571428572,1.4196428571428572,13.813082521066725,13.813082521066725,2.825000047683716,4.4145136414213155
2014-01-22,19.696786880493164,1.4196428571428572,1.4196428571428572,13.874466230284492,13.874466230284492,2.859999895095825,4.347484583242159
2014-01-23,19.863571166992188,1.4196428571428572,1.4196428571428572,13.991949501277515,13.991949501277515,2.7730000019073486,4.373966901515912
2014-01-24,19.502500534057617,1.4196428571428572,1.4196428571428572,13.73761043908461,13.73761043908461,2.734999895095825,4.544286443923655
2014-01-27,19.66071319580078,1.4196428571428572,1.4196428571428572,13.84905583603577,13.84905583603577,2.7660000324249268,4.454708814729563
2014-01-28,18.08928680419922,1.4442857142857144,1.4442857142857144,12.524728746725472,12.524728746725472,2.746000051498413,5.238204798139109
2014-01-29,17.883928298950195,1.4442857142857144,1.4442857142857144,12.38254184892694,12.38254184892694,2.674999952316284,5.400886341471281
2014-01-30,17.849285125732422,1.4442857142857144,1.4442857142857144,12.358555477757363,12.358555477757363,2.693000078201294,5.3985604751317915
2014-01-31,17.878570556640625,1.4442857142857144,1.4442857142857144,12.378832235062747,12.378832235062747,2.6679999828338623,5.410306443902609
2014-02-03,17.911785125732422,1.4442857142857144,1.4442857142857144,12.401829463909689,12.401829463909689,2.5810000896453857,5.482326397064334
2014-02-04,18.171070098876953,1.4442857142857144,1.4442857142857144,12.581354173307483,12.581354173307483,2.624000072479248,5.324269932681193
2014-02-05,18.306785583496094,1.4442857142857144,1.4442857142857144,12.67532137334052,12.67532137334052,2.6670000553131104,5.222346262195326
2014-02-06,18.30392837524414,1.4442857142857144,1.4442857142857144,12.67334308869525,12.67334308869525,2.7019999027252197,5.188577926671746
2014-02-07,18.559999465942383,1.4442857142857144,1.4442857142857144,12.85064255802143,12.85064255802143,2.674999952316284,5.106712094259904
2014-02-10,18.892499923706055,1.4442857142857144,1.4442857142857144,13.080860481299938,13.080860481299938,2.677999973297119,4.966757047310006
2014-02-11,19.141429901123047,1.4442857142857144,1.4442857142857144,13.253215559630199,13.253215559630199,2.7190001010894775,4.8263385791779605
2014-02-12,19.139999389648438,1.4442857142857144,1.4442857142857144,13.252225096690312,13.252225096690312,2.763000011444092,4.782902602674241
2014-02-13,19.44392967224121,1.4442857142857144,1.4442857142857144,13.46266149413338,13.46266149413338,2.7360000610351562,4.691951688593026
2014-02-14,19.428213119506836,1.4442857142857144,1.4442857142857144,13.451779607967145,13.451779607967145,2.746000051498413,4.687960577827729
2014-02-18,19.499643325805664,1.4442857142857144,1.4442857142857144,13.501236724098876,13.501236724098876,2.7109999656677246,4.69572891728758
2014-02-19,19.19178581237793,1.4442857142857144,1.4442857142857144,13.288081175731504,13.288081175731504,2.7339999675750732,4.791541055054557
2014-02-20,18.969642639160156,1.4442857142857144,1.4442857142857144,13.134272846104954,13.134272846104954,2.753999948501587,4.859668594226729
2014-02-21,18.758928298950195,1.4442857142857144,1.4442857142857144,12.988377655059482,12.988377655059482,2.7339999675750732,4.965191005752229
2014-02-24,18.8410701751709,1.4442857142857144,1.4442857142857144,13.045251357685093,13.045251357685093,2.75,4.915624621413597
2014-02-25,18.645000457763672,1.4442857142857144,1.4442857142857144,12.909495865909564,12.909495865909564,2.7009999752044678,5.045235899433562
2014-02-26,18.47678565979004,1.4442857142857144,1.4442857142857144,12.793026668499532,12.793026668499532,2.6730000972747803,5.143758406499119
2014-02-27,18.84535789489746,1.4442857142857144,1.4442857142857144,13.048220105270248,13.048220105270248,2.6419999599456787,5.021880568833066
2014-02-28,18.794286727905273,1.4442857142857144,1.4442857142857144,13.012859257699,13.012859257699,2.6579999923706055,5.0267061909253865
2014-03-03,18.84857177734375,1.4442857142857144,1.4442857142857144,13.050445345341863,13.050445345341863,2.6070001125335693,5.055573642904847
2014-03-04,18.972856521606445,1.4442857142857144,1.4442857142857144,13.136498086176568,13.136498086176568,2.690999984741211,4.9213788504697655
2014-03-05,19.01285743713379,1.4442857142857144,1.4442857142857144,13.164194071210337,13.164194071210337,2.697999954223633,4.898363291339325
2014-03-06,18.95535659790039,1.4442857142857144,1.4442857142857144,13.124381422878608,13.124381422878608,2.736999988555908,4.882406730733625
2014-03-07,18.944286346435547,1.4442857142857144,1.4442857142857144,13.11671656034113,13.11671656034113,2.7899999618530273,4.833859221195392
2014-03-10,18.961429595947266,1.4442857142857144,1.4442857142857144,13.128586268212745,13.128586268212745,2.7839999198913574,4.832966443206127
2014-03-11,19.14607048034668,1.4442857142857144,1.4442857142857144,13.256428621407196,13.256428621407196,2.7660000324249268,4.777509826521141
2014-03-12,19.164642333984375,1.4442857142857144,1.4442857142857144,13.269287471601446,13.269287471601446,2.7260000705718994,4.810199609630762
2014-03-13,18.951786041259766,1.4442857142857144,1.4442857142857144,13.121909227380648,13.121909227380648,2.6530001163482666,4.967842115309334
2014-03-14,18.738929748535156,1.4442857142857144,1.4442857142857144,12.97453098315985,12.97453098315985,2.6449999809265137,5.062407718804128
2014-03-17,18.812143325805664,1.4442857142857144,1.4442857142857144,13.025222876423307,13.025222876423307,2.6989998817443848,4.978411932913158
2014-03-18,18.97857093811035,1.4442857142857144,1.4442857142857144,13.140454655467106,13.140454655467106,2.680999994277954,4.929086766182412
2014-03-19,18.97357177734375,1.4442857142857144,1.4442857142857144,13.136993317646512,13.136993317646512,2.7720000743865967,4.840091793367734
2014-03-20,18.882143020629883,1.4442857142857144,1.4442857142857144,13.07368952961515,13.07368952961515,2.7750000953674316,4.873950093749053
2014-03-21,19.031070709228516,1.4442857142857144,1.4442857142857144,13.176804645360988,13.176804645360988,2.75,4.839093311420223
2014-03-24,19.256786346435547,1.4442857142857144,1.4442857142857144,13.333086491102751,13.333086491102751,2.7330000400543213,4.767138811270959
2014-03-25,19.46392822265625,1.4442857142857144,1.4442857142857144,13.47650816603301,13.47650816603301,2.734999895095825,4.6853198767606505
2014-03-26,19.277856826782227,1.4442857142857144,1.4442857142857144,13.347675349898672,13.347675349898672,2.7009999752044678,4.790941308845353
2014-03-27,19.19499969482422,1.4442857142857144,1.4442857142857144,13.290306415803117,13.290306415803117,2.671999931335449,4.852281065007337
2014-03-28,19.17357063293457,1.4442857142857144,1.4442857142857144,13.275469280963598,13.275469280963598,2.7119998931884766,4.820690506193134
2014-03-31,19.169286727905273,1.4442857142857144,1.4442857142857144,13.272503174612948,13.272503174612948,2.7230000495910645,4.811373736905784
2014-04-01,19.344642639160156,1.4442857142857144,1.4442857142857144,13.3939167630189,13.3939167630189,2.759000062942505,4.707075900445867
2014-04-02,19.376785278320312,1.4442857142857144,1.4442857142857144,13.416171804969553,13.416171804969553,2.802999973297119,4.650691098470349
2014-04-03,19.24250030517578,1.4442857142857144,1.4442857142857144,13.323195067876405,13.323195067876405,2.7899999618530273,4.715707151984125
2014-04-04,18.99357032775879,1.4442857142857144,1.4442857142857144,13.150839989546144,13.150839989546144,2.7260000705718994,4.87807693739808
2014-04-07,18.695356369018555,1.4442857142857144,1.4442857142857144,12.944361482010867,12.944361482010867,2.694999933242798,5.030371467963259
2014-04-08,18.694286346435547,1.4442857142857144,1.4442857142857144,12.943620615731831,12.943620615731831,2.680999994277954,5.044813591331841
2014-04-09,18.940000534057617,1.4442857142857144,1.4442857142857144,13.113749133373226,13.113749133373226,2.684000015258789,4.941584322442902
2014-04-10,18.695714950561523,1.4442857142857144,1.4442857142857144,12.944609758054467,12.944609758054467,2.628000020980835,5.097223208539657
2014-04-11,18.5575008392334,1.4442857142857144,1.4442857142857144,12.84891254941976,12.84891254941976,2.61899995803833,5.163759837032099
2014-04-14,18.63142967224121,1.4442857142857144,1.4442857142857144,12.900099674153163,12.900099674153163,2.6389999389648438,5.112878149261213
2014-04-15,18.498571395874023,1.4442857142857144,1.4442857142857144,12.808110758765396,12.808110758765396,2.628000020980835,5.179552699592237
2014-04-16,18.53607177734375,1.4442857142857144,1.4442857142857144,12.83407541458024,12.83407541458024,2.63700008392334,5.154757153718751
2014-04-17,18.74785614013672,1.4442857142857144,1.4442857142857144,12.98071147190475,12.98071147190475,2.7209999561309814,4.9827380259078655
2014-04-21,18.97035789489746,1.4442857142857144,1.4442857142857144,13.134768077574897,13.134768077574897,2.7209999561309814,4.892381521896854
2014-04-22,18.989286422729492,1.4442857142857144,1.4442857142857144,13.147873883195492,13.147873883195492,2.7260000705718994,4.879792385941666
2014-04-23,18.741071701049805,1.4442857142857144,1.4442857142857144,12.976014036335176,12.976014036335176,2.686000108718872,5.020526696814938
2014-04-24,20.27750015258789,1.5003571428571427,1.5003571428571427,13.515115550403737,13.515115550403737,2.687999963760376,4.711122864827849
2014-04-25,20.426429748535156,1.5003571428571427,1.5003571428571427,13.61437831371065,13.61437831371065,2.6659998893737793,4.679175754768036
2014-04-28,21.217500686645508,1.5003571428571427,1.5003571428571427,14.141633402191722,14.141633402191722,2.677000045776367,4.394318885776592
2014-04-29,21.15464210510254,1.5003571428571427,1.5003571428571427,14.099737656340661,14.099737656340661,2.694999933242798,4.397330607746377
2014-04-30,21.074642181396484,1.5003571428571427,1.5003571428571427,14.046417069247836,14.046417069247836,2.6480000019073486,4.471253221673236
2014-05-01,21.124286651611328,1.5003571428571427,1.5003571428571427,14.079505504525523,14.079505504525523,2.6059999465942383,4.496522224220453
2014-05-02,21.163570404052734,1.5003571428571427,1.5003571428571427,14.105688438787826,14.105688438787826,2.5910000801086426,4.498338411518605
2014-05-05,21.46285629272461,1.5003571428571427,1.5003571428571427,14.30516487018065,14.30516487018065,2.6110000610351562,4.379482111487834
2014-05-06,21.22892951965332,1.5003571428571427,1.5003571428571427,14.14925081052828,14.14925081052828,2.5950000286102295,4.472511978851767
2014-05-07,21.15464210510254,1.5003571428571427,1.5003571428571427,14.099737656340661,14.099737656340661,2.5899999141693115,4.502330626819863
2014-05-08,20.999643325805664,1.5003571428571427,1.5003571428571427,13.996429733933793,13.996429733933793,2.6019999980926514,4.5426791737359995
2014-05-09,20.91214370727539,1.5003571428571427,1.5003571428571427,13.938110540435872,13.938110540435872,2.622999906539917,4.551573699393962
2014-05-12,21.172500610351562,1.5003571428571427,1.5003571428571427,14.111640492498067,14.111640492498067,2.6559998989105225,4.430348428426849
2014-05-13,21.205713272094727,1.5003571428571427,1.5003571428571427,14.133776996397344,14.133776996397344,2.618000030517578,4.457249566634668
2014-05-14,21.20964241027832,1.5003571428571427,1.5003571428571427,14.136395798328802,14.136395798328802,2.5429999828338623,4.530938907008339
2014-05-15,21.029285430908203,1.5003571428571427,1.5003571428571427,14.016186433359431,14.016186433359431,2.502000093460083,4.632608202131186
2014-05-16,21.339643478393555,1.5003571428571427,1.5003571428571427,14.223042546894064,14.223042546894064,2.5179998874664307,4.512844579903693
2014-05-19,21.592500686645508,1.5003571428571427,1.5003571428571427,14.391573892551161,14.391573892551161,2.5360000133514404,4.412510326560606
2014-05-20,21.596786499023438,1.5003571428571427,1.5003571428571427,14.39443042067737,14.39443042067737,2.509000062942505,4.438131367582985
2014-05-21,21.653928756713867,1.5003571428571427,1.5003571428571427,14.432516191097081,14.432516191097081,2.5369999408721924,4.391798799134524
2014-05-22,21.688213348388672,1.5003571428571427,1.5003571428571427,14.455367144843677,14.455367144843677,2.555000066757202,4.362845671645274
2014-05-23,21.93321418762207,1.5003571428571427,1.5003571428571427,14.618662157900928,14.618662157900928,2.5360000133514404,4.304571231805432
2014-05-27,22.343929290771484,1.5003571428571427,1.5003571428571427,14.892407049312107,14.892407049312107,2.5179998874664307,4.19683134625405
2014-05-28,22.28607177734375,1.5003571428571427,1.5003571428571427,14.853844555239824,14.853844555239824,2.437999963760376,4.294263836908261
2014-05-29,22.692142486572266,1.5003571428571427,1.5003571428571427,15.124493921066971,15.124493921066971,2.447000026702881,4.164791450214544
2014-05-30,22.60714340209961,1.5003571428571427,1.5003571428571427,15.06784135345844,15.06784135345844,2.4570000171661377,4.179650691732356
2014-06-02,22.451786041259766,1.5003571428571427,1.5003571428571427,14.964294433593752,14.964294433593752,2.5339999198913574,4.148573751975675
2014-06-03,22.769285202026367,1.5003571428571427,1.5003571428571427,15.175910156075657,15.175910156075657,2.5929999351501465,3.9963906827143854
2014-06-04,23.029285430908203,1.5003571428571427,1.5003571428571427,15.349202381943103,15.349202381943103,2.6059999465942383,3.9089965666865183
2014-06-05,23.11964225769043,1.5003571428571427,1.5003571428571427,15.409425927525163,15.409425927525163,2.5840001106262207,3.9055343126759805
2014-06-06,23.05607032775879,1.5003571428571427,1.5003571428571427,15.367054729284602,15.367054729284602,2.5969998836517334,3.9104279716960164
2014-06-09,23.424999237060547,1.5003571428571427,1.5003571428571427,15.612948789281013,15.612948789281013,2.61299991607666,3.791940069933828
2014-06-10,23.5625,1.5003571428571427,1.5003571428571427,15.70459414425137,15.70459414425137,2.634999990463257,3.7325634805484897
2014-06-11,23.46500015258789,1.5003571428571427,1.5003571428571427,15.639609718458962,15.639609718458962,2.640000104904175,3.7540213444912665
2014-06-12,23.072500228881836,1.5003571428571427,1.5003571428571427,15.37800538939994,15.37800538939994,2.5859999656677246,3.916793957719115
2014-06-13,22.81999969482422,1.5003571428571427,1.5003571428571427,15.209711769937591,15.209711769937591,2.6040000915527344,3.970746459374859
2014-06-16,23.049999237060547,1.5003571428571427,1.5003571428571427,15.363008298921574,15.363008298921574,2.5969998836517334,3.9121419493979586
2014-06-17,23.020000457763672,1.5003571428571427,1.5003571428571427,15.343013873301187,15.343013873301187,2.6549999713897705,3.862624324969163
2014-06-18,23.045000076293945,1.5003571428571427,1.5003571428571427,15.359676318405869,15.359676318405869,2.61299991607666,3.8975539476247247
2014-06-19,22.96500015258789,1.5003571428571427,1.5003571428571427,15.306355731313044,15.306355731313044,2.621999979019165,3.9112337805637623
2014-06-20,22.727500915527344,1.5003571428571427,1.5003571428571427,15.148060595923964,15.148060595923964,2.624000072479248,3.9775050751109307
2014-06-23,22.707500457763672,1.5003571428571427,1.5003571428571427,15.134730131334988,15.134730131334988,2.622999906539917,3.9843197570568405
2014-06-24,22.56999969482422,1.5003571428571427,1.5003571428571427,15.043084776364632,15.043084776364632,2.5859999656677246,4.0615727553953
2014-06-25,22.59000015258789,1.5003571428571427,1.5003571428571427,15.056415240953607,15.056415240953607,2.559000015258789,4.082687159255298
2014-06-26,22.725000381469727,1.5003571428571427,1.5003571428571427,15.146393970034573,15.146393970034573,2.5250000953674316,4.077231445541822
2014-06-27,22.9950008392334,1.5003571428571427,1.5003571428571427,15.326351428196507,15.326351428196507,2.5320000648498535,3.992710037779398
2014-06-30,23.232500076293945,1.5003571428571427,1.5003571428571427,15.484646563585587,15.484646563585587,2.5160000324249268,3.9420098155469763
2014-07-01,23.3799991607666,1.5003571428571427,1.5003571428571427,15.582955879587358,15.582955879587358,2.562999963760376,3.8542677723944436
2014-07-02,23.3700008392334,1.5003571428571427,1.5003571428571427,15.576291918555944,15.576291918555944,2.628000020980835,3.7920131967266864
2014-07-03,23.50749969482422,1.5003571428571427,1.5003571428571427,15.667936002263227,15.667936002263227,2.6480000019073486,3.734461605387642
2014-07-07,23.99250030517578,1.5003571428571427,1.5003571428571427,15.99119277659895,15.99119277659895,2.617000102996826,3.636442113417268
2014-07-08,23.837499618530273,1.5003571428571427,1.5003571428571427,15.88788358292901,15.88788358292901,2.565000057220459,3.7291044708015484
2014-07-09,23.84749984741211,1.5003571428571427,1.5003571428571427,15.894548815223498,15.894548815223498,2.546999931335449,3.7444652220649353
2014-07-10,23.760000228881836,1.5003571428571427,1.5003571428571427,15.836229621725577,15.836229621725577,2.5320000648498535,3.7826343139552456
2014-07-11,23.80500030517578,1.5003571428571427,1.5003571428571427,15.866222531419233,15.866222531419233,2.5199999809265137,3.782697450801428
2014-07-14,24.112499237060547,1.5003571428571427,1.5003571428571427,16.07117302160665,16.07117302160665,2.5490000247955322,3.673321137795181
2014-07-15,23.829999923706055,1.5003571428571427,1.5003571428571427,15.882884976523913,15.882884976523913,2.5490000247955322,3.747085361946703
2014-07-16,23.69499969482422,1.5003571428571427,1.5003571428571427,15.792906247442946,15.792906247442946,2.5380001068115234,3.793956686523532
2014-07-17,23.272499084472656,1.5003571428571427,1.5003571428571427,15.511306221500462,15.511306221500462,2.4749999046325684,3.97191040530564
2014-07-18,23.607500076293945,1.5003571428571427,1.5003571428571427,15.734587053945026,15.734587053945026,2.4839999675750732,3.871425799695234
2014-07-21,23.485000610351562,1.5003571428571427,1.5003571428571427,15.652940183047937,15.652940183047937,2.4739999771118164,3.9145761517549857
2014-07-22,23.68000030517578,1.5003571428571427,1.5003571428571427,15.782909034632752,15.782909034632752,2.4660000801086426,3.869967502329297
2014-07-23,24.297500610351562,1.554285714285714,1.554285714285714,15.632583113277661,15.632583113277661,2.4639999866485596,3.932895476844239
2014-07-24,24.25749969482422,1.554285714285714,1.554285714285714,15.606847230125878,15.606847230125878,2.509000062942505,3.89844395989448
2014-07-25,24.417499542236328,1.554285714285714,1.554285714285714,15.70978830842411,15.70978830842411,2.4690001010894775,3.89645804746983
2014-07-28,24.7549991607666,1.554285714285714,1.554285714285714,15.926929607110868,15.926929607110868,2.490999937057495,3.787674136779887
2014-07-29,24.594999313354492,1.554285714285714,1.554285714285714,15.823988528812635,15.823988528812635,2.4619998931884766,3.8575193492527067
2014-07-30,24.537500381469727,1.554285714285714,1.554285714285714,15.786994730725011,15.786994730725011,2.553999900817871,3.7803279244380468
2014-07-31,23.899999618530273,1.554285714285714,1.554285714285714,15.37683798986323,15.37683798986323,2.555999994277954,3.9472876169931235
2014-08-01,24.032499313354492,1.554285714285714,1.554285714285714,15.462085955283223,15.462085955283223,2.505000114440918,3.9624325650308387
2014-08-04,23.897499084472656,1.554285714285714,1.554285714285714,15.375229190377631,15.375229190377631,2.490999937057495,4.012968150948867
2014-08-05,23.780000686645508,1.554285714285714,1.554285714285714,15.299632794716782,15.299632794716782,2.4830000400543213,4.0531045411308995
2014-08-06,23.739999771118164,1.554285714285714,1.554285714285714,15.273896911564998,15.273896911564998,2.4739999771118164,4.073117669353546
2014-08-07,23.6200008392334,1.554285714285714,1.554285714285714,15.196691716418549,15.196691716418549,2.4240000247955322,4.156379564793675
2014-08-08,23.684999465942383,1.554285714285714,1.554285714285714,15.23851068580852,15.23851068580852,2.4149999618530273,4.1473211246248685
2014-08-11,23.997499465942383,1.554285714285714,1.554285714285714,15.439567671102639,15.439567671102639,2.4200000762939453,4.056865217490434
2014-08-12,23.99250030517578,1.554285714285714,1.554285714285714,15.43635129928589,15.43635129928589,2.441999912261963,4.036214923689986
2014-08-13,24.309999465942383,1.554285714285714,1.554285714285714,15.640624656396756,15.640624656396756,2.4130001068115234,3.9806064272537034
2014-08-14,24.375,1.554285714285714,1.554285714285714,15.68244485294118,15.68244485294118,2.4000000953674316,3.9765566811893436
2014-08-15,24.4950008392334,1.554285714285714,1.554285714285714,15.759651275242078,15.759651275242078,2.3450000286102295,4.0003180405209635
2014-08-18,24.790000915527344,1.554285714285714,1.554285714285714,15.949449118445903,15.949449118445903,2.38700008392334,3.882808939408238
2014-08-19,25.13249969482422,1.554285714285714,1.554285714285714,16.16980678894941,16.16980678894941,2.4049999713897705,3.779365822538015
2014-08-20,25.142499923706055,1.554285714285714,1.554285714285714,16.176240759737354,16.176240759737354,2.4260001182556152,3.755905893485994
2014-08-21,25.145000457763672,1.554285714285714,1.554285714285714,16.177849559222953,16.177849559222953,2.4070000648498535,3.7742911898330194
2014-08-22,25.329999923706055,1.554285714285714,1.554285714285714,16.296874950913825,16.296874950913825,2.4030001163482666,3.733145635594969
2014-08-25,25.385000228881836,1.554285714285714,1.554285714285714,16.3322611766703,16.3322611766703,2.38700008392334,3.7358508133452073
2014-08-26,25.22249984741211,1.554285714285714,1.554285714285714,16.22771129888647,16.22771129888647,2.3910000324249268,3.7712984062256245
2014-08-27,25.532499313354492,1.554285714285714,1.554285714285714,16.42715948469499,16.42715948469499,2.3610000610351562,3.726479645554954
2014-08-28,25.5625,1.554285714285714,1.554285714285714,16.446461397058826,16.446461397058826,2.3340001106262207,3.7463352019829292
2014-08-29,25.625,1.554285714285714,1.554285714285714,16.48667279411765,16.48667279411765,2.3429999351501465,3.7225052913306893
2014-09-02,25.825000762939453,1.554285714285714,1.554285714285714,16.615349755567664,16.615349755567664,2.4189999103546143,3.599531235310306
2014-09-03,24.735000610351562,1.554285714285714,1.554285714285714,15.914062892689428,15.914062892689428,2.4100000858306885,3.873750372761367
2014-09-04,24.530000686645508,1.554285714285714,1.554285714285714,15.782169559422664,15.782169559422664,2.447999954223633,3.8882645006399574
2014-09-05,24.74250030517578,1.554285714285714,1.554285714285714,15.918888063991773,15.918888063991773,2.4609999656677246,3.8208458264512695
2014-09-08,24.59000015258789,1.554285714285714,1.554285714285714,15.820772156995888,15.820772156995888,2.4690001010894775,3.8518039031436766
2014-09-09,24.497499465942383,1.554285714285714,1.554285714285714,15.761258847573227,15.761258847573227,2.5,3.8446708773136526
2014-09-10,25.25,1.554285714285714,1.554285714285714,16.24540441176471,16.24540441176471,2.5339999198913574,3.6215870673787967
2014-09-11,25.357500076293945,1.554285714285714,1.554285714285714,16.314568063792063,16.314568063792063,2.5309998989105225,3.598491216575166
2014-09-12,25.415000915527344,1.554285714285714,1.554285714285714,16.35156308903414,16.35156308903414,2.614000082015991,3.501623204608091
2014-09-15,25.407499313354492,1.554285714285714,1.554285714285714,16.34673669057734,16.34673669057734,2.5910000801086426,3.526428853437613
2014-09-16,25.21500015258789,1.554285714285714,1.554285714285714,16.222886127584122,16.222886127584122,2.5889999866485596,3.5751313037737935
2014-09-17,25.395000457763672,1.554285714285714,1.554285714285714,16.338695147458246,16.338695147458246,2.5999999046325684,3.5204398916602617
2014-09-18,25.447500228881836,1.554285714285714,1.554285714285714,16.372472573729127,16.372472573729127,2.628999948501587,3.4788130009277856
2014-09-19,25.239999771118164,1.554285714285714,1.554285714285714,16.23897044097676,16.23897044097676,2.5869998931884766,3.5710259720267246
2014-09-22,25.264999389648438,1.554285714285714,1.554285714285714,16.2550547543694,16.2550547543694,2.565999984741211,3.5859325378557827
2014-09-23,25.65999984741211,1.554285714285714,1.554285714285714,16.509191078298233,16.509191078298233,2.5350000858306885,3.5222318842718705
2014-09-24,25.4375,1.554285714285714,1.554285714285714,16.366038602941178,16.366038602941178,2.569000005722046,3.541214104492064
2014-09-25,24.467500686645508,1.554285714285714,1.554285714285714,15.74195816236384,15.74195816236384,2.510999917984009,3.8414499468035768
2014-09-26,25.1875,1.554285714285714,1.554285714285714,16.205193014705884,16.205193014705884,2.5350000858306885,3.635861310837159
2014-09-29,25.02750015258789,1.554285714285714,1.554285714285714,16.102251936407654,16.102251936407654,2.490999937057495,3.719311539556352
2014-09-30,25.1875,1.554285714285714,1.554285714285714,16.205193014705884,16.205193014705884,2.507999897003174,3.6628614996646736
2014-10-01,24.795000076293945,1.554285714285714,1.554285714285714,15.952665490262651,15.952665490262651,2.4030001163482666,3.8655447898957087
2014-10-02,24.975000381469727,1.554285714285714,1.554285714285714,16.068474510136774,16.068474510136774,2.437999963760376,3.7853661645497594
2014-10-03,24.905000686645508,1.554285714285714,1.554285714285714,16.023437941775605,16.023437941775605,2.447000026702881,3.793857919224216
2014-10-06,24.905000686645508,1.554285714285714,1.554285714285714,16.023437941775605,16.023437941775605,2.424999952316284,3.8158579936108126
2014-10-07,24.6875,1.554285714285714,1.554285714285714,15.883501838235297,15.883501838235297,2.3499999046325684,3.9458409633601974
2014-10-08,25.200000762939453,1.554285714285714,1.554285714285714,16.21323578497943,16.21323578497943,2.3299999237060547,3.837800343076216
2014-10-09,25.2549991607666,1.554285714285714,1.554285714285714,16.248620783581455,16.248620783581455,2.3269999027252197,3.8273686022648024
2014-10-10,25.1825008392334,1.554285714285714,1.554285714285714,16.201976642889136,16.201976642889136,2.306999921798706,3.865086497291947
2014-10-13,24.952499389648438,1.554285714285714,1.554285714285714,16.053997769075284,16.053997769075284,2.2860000133514404,3.9429780541944126
2014-10-14,24.6875,1.554285714285714,1.554285714285714,15.883501838235297,15.883501838235297,2.2060000896453857,4.08984077834738
2014-10-15,24.385000228881836,1.554285714285714,1.554285714285714,15.688878823729125,15.688878823729125,2.0899999141693115,4.283941852067798
2014-10-16,24.065000534057617,1.554285714285714,1.554285714285714,15.48299666713266,15.48299666713266,2.1530001163482666,4.305697908968772
2014-10-17,24.417499542236328,1.554285714285714,1.554285714285714,15.70978830842411,15.70978830842411,2.1989998817443848,4.166458266814923
2014-10-20,24.940000534057617,1.554285714285714,1.554285714285714,16.04595622595619,16.04595622595619,2.180999994277954,4.051099769165152
2014-10-21,25.61750030517578,1.554285714285714,1.554285714285714,16.4818476228153,16.4818476228153,2.2079999446868896,3.8592809990814025
2014-10-22,25.747499465942383,1.554285714285714,1.554285714285714,16.5654867887497,16.5654867887497,2.2290000915527344,3.8076471422559397
2014-10-23,26.207500457763672,1.554285714285714,1.554285714285714,16.861443309222953,16.861443309222953,2.2750000953674316,3.6556903067585553
2014-10-24,26.30500030517578,1.554285714285714,1.554285714285714,16.924172990462363,16.924172990462363,2.2730000019073486,3.6357082142255823
2014-10-27,26.27750015258789,1.6125,1.6125,16.296124125635902,16.296124125635902,2.256999969482422,3.8794284983571865
2014-10-28,26.684999465942383,1.6125,1.6125,16.548836878103803,16.548836878103803,2.2839999198913574,3.758720830611211
2014-10-29,26.834999084472656,1.6125,1.6125,16.641859897347384,16.641859897347384,2.322999954223633,3.6859437946622364
2014-10-30,26.7450008392334,1.6125,1.6125,16.58604703208273,16.58604703208273,2.305000066757202,3.724164073834463
2014-10-31,27.0,1.6125,1.6125,16.744186046511626,16.744186046511626,2.3350000381469727,3.6372221840752506
2014-11-03,27.350000381469727,1.6125,1.6125,16.961240546647893,16.961240546647893,2.3480000495910645,3.5477951149768563
2014-11-04,27.149999618530273,1.6125,1.6125,16.837209065755207,16.837209065755207,2.3420000076293945,3.597226595156431
2014-11-05,27.21500015258789,1.6125,1.6125,16.87751947447311,16.87751947447311,2.3499999046325684,3.575041399644868
2014-11-06,27.174999237060547,1.6125,1.6125,16.852712705153827,16.852712705153827,2.375,3.558762816084702
2014-11-07,27.252500534057617,1.6125,1.6125,16.90077552499697,16.90077552499697,2.312000036239624,3.6048882066753665
2014-11-10,27.207500457763672,1.6125,1.6125,16.87286850093871,16.87286850093871,2.3589999675750732,3.5676745628663014
2014-11-11,27.424999237060547,1.6125,1.6125,17.00775146484375,17.00775146484375,2.359999895095825,3.519672100741321
2014-11-12,27.8125,1.6125,1.6125,17.248062015503876,17.248062015503876,2.3589999675750732,3.4387528414136908
2014-11-13,28.204999923706055,1.6125,1.6125,17.491472820902978,17.491472820902978,2.3469998836517334,3.370071573046652
2014-11-14,28.545000076293945,1.6125,1.6125,17.702325628709424,17.702325628709424,2.319999933242798,3.3289753538133375
2014-11-17,28.497499465942383,1.6125,1.6125,17.67286788585574,17.67286788585574,2.3399999141693115,3.318391278809263
2014-11-18,28.86750030517578,1.6125,1.6125,17.902325770651647,17.902325770651647,2.322000026702881,3.2638663730660245
2014-11-19,28.667499542236328,1.6125,1.6125,17.778294289758964,17.778294289758964,2.3510000705718994,3.2738365065571085
2014-11-20,29.077499389648438,1.6125,1.6125,18.032557761022286,18.032557761022286,2.3350000381469727,3.2105249686355863
2014-11-21,29.11750030517578,1.6125,1.6125,18.05736453034157,18.05736453034157,2.315000057220459,3.222906641842475
2014-11-24,29.657499313354492,1.6125,1.6125,18.39224763618883,18.39224763618883,2.309999942779541,3.1270734360737684
2014-11-25,29.399999618530273,1.6125,1.6125,18.23255790296451,18.23255790296451,2.259999990463257,3.2246939582525496
2014-11-26,29.75,1.6125,1.6125,18.449612403100776,18.449612403100776,2.2339999675750732,3.186168099651817
2014-11-28,29.732500076293945,1.6125,1.6125,18.438759737236555,18.438759737236555,2.194000005722046,3.229358258340196
2014-12-01,28.767499923706055,1.6125,1.6125,17.840310030205305,17.840310030205305,2.2179999351501465,3.387283820047532
2014-12-02,28.657499313354492,1.6125,1.6125,17.772092597429143,17.772092597429143,2.2850000858306885,3.3417993161972808
2014-12-03,28.982500076293945,1.6125,1.6125,17.973643458166787,17.973643458166787,2.2869999408721924,3.276702278588627
2014-12-04,28.872499465942383,1.6125,1.6125,17.905426025390625,17.905426025390625,2.256999969482422,3.3278992592874443
2014-12-05,28.75,1.6125,1.6125,17.829457364341085,17.829457364341085,2.306999921798706,3.301695730375207
2014-12-08,28.100000381469727,1.6125,1.6125,17.426356825717658,17.426356825717658,2.256999969482422,3.4814341163169065
2014-12-09,28.530000686645508,1.6125,1.6125,17.693023681640625,17.693023681640625,2.2200000286102295,3.4319451560766696
2014-12-10,27.987499237060547,1.6125,1.6125,17.356588674146074,17.356588674146074,2.1689999103546143,3.5925009166458786
2014-12-11,27.905000686645508,1.6125,1.6125,17.305426782415818,17.305426782415818,2.177999973297119,3.6005341973603073
2014-12-12,27.4325008392334,1.6125,1.6125,17.012403621230014,17.012403621230014,2.1029999256134033,3.7750642343039296
2014-12-15,27.0575008392334,1.6125,1.6125,16.77984548169513,16.77984548169513,2.115999937057495,3.843530507313308
2014-12-16,26.6875,1.6125,1.6125,16.550387596899224,16.550387596899224,2.071000099182129,3.9711544675626023
2014-12-17,27.352500915527344,1.6125,1.6125,16.962791265443315,16.962791265443315,2.1480000019073486,3.747256175872809
2014-12-18,28.162500381469727,1.6125,1.6125,17.46511651564014,17.46511651564014,2.2039999961853027,3.5216989941677967
2014-12-19,27.94499969482422,1.6125,1.6125,17.330232368883237,17.330232368883237,2.1760001182556152,3.5942629613988677
2014-12-22,28.235000610351562,1.6125,1.6125,17.51007789789244,17.51007789789244,2.1619999408721924,3.54899692522606
2014-12-23,28.135000228881836,1.6125,1.6125,17.4480621574461,17.4480621574461,2.256999969482422,3.4742955232565356
2014-12-24,28.002500534057617,1.6125,1.6125,17.365891804066738,17.365891804066738,2.2639999389648438,3.494414378495204
2014-12-26,28.497499465942383,1.6125,1.6125,17.67286788585574,17.67286788585574,2.25,3.4083911929785744
2014-12-29,28.477500915527344,1.6125,1.6125,17.660465684047963,17.660465684047963,2.2070000171661377,3.4553648258134135
2014-12-30,28.1299991607666,1.6125,1.6125,17.444960719855256,17.444960719855256,2.190000057220459,3.542314369041529
2014-12-31,27.594999313354492,1.6125,1.6125,17.11317786874697,17.11317786874697,2.1700000762939453,3.6734499694527027
2015-01-02,27.332500457763672,1.6125,1.6125,16.950387880783673,16.950387880783673,2.122999906539917,3.7765701034990906
2015-01-05,26.5625,1.6125,1.6125,16.472868217054263,16.472868217054263,2.0390000343322754,4.031588200961843
2015-01-06,26.565000534057617,1.6125,1.6125,16.474418935849684,16.474418935849684,1.9630000591278076,4.107016758423907
2015-01-07,26.9375,1.6125,1.6125,16.705426356589147,16.705426356589147,1.9539999961853027,4.032078890125602
2015-01-08,27.97249984741211,1.6125,1.6125,17.347286727077275,17.347286727077275,2.0160000324249268,3.748590221560476
2015-01-09,28.002500534057617,1.6125,1.6125,17.365891804066738,17.365891804066738,1.9709999561309814,3.7874143613290663
2015-01-12,27.3125,1.6125,1.6125,16.93798449612403,16.93798449612403,1.9119999408721924,3.991890219310874
2015-01-13,27.55500030517578,1.6125,1.6125,17.088372282279554,17.088372282279554,1.8899999856948853,3.961932448133166
2015-01-14,27.450000762939453,1.6125,1.6125,17.023256287094235,17.023256287094235,1.8370000123977661,4.037316764223435
2015-01-15,26.704999923706055,1.6125,1.6125,16.561240262763445,16.561240262763445,1.774999976158142,4.263195135644057
2015-01-16,26.497499465942383,1.6125,1.6125,16.432557808336362,16.432557808336362,1.815000057220459,4.270479827674224
2015-01-20,27.18000030517578,1.6125,1.6125,16.85581414274467,16.85581414274467,1.8070000410079956,4.125670974057954
2015-01-21,27.387500762939453,1.6125,1.6125,16.984496597171752,16.984496597171752,1.8530000448226929,4.034722292302797
2015-01-22,28.100000381469727,1.6125,1.6125,17.426356825717658,17.426356825717658,1.8960000276565552,3.842434058142773
2015-01-23,28.2450008392334,1.6125,1.6125,17.51627959022226,17.51627959022226,1.8170000314712524,3.891974838730115
2015-01-26,28.274999618530273,1.6125,1.6125,17.53488348435986,17.53488348435986,1.8279999494552612,3.8749178993684525
2015-01-27,27.28499984741211,1.6125,1.6125,16.92093013792999,16.92093013792999,1.8250000476837158,4.084840557109032
2015-01-28,28.827499389648438,1.8596428571428572,1.8596428571428572,15.501632089689961,15.501632089689961,1.7239999771118164,4.726933667901561
2015-01-29,29.725000381469727,1.8596428571428572,1.8596428571428572,15.984252173634575,15.984252173634575,1.7510000467300415,4.505157508450817
2015-01-30,29.290000915527344,1.8596428571428572,1.8596428571428572,15.750336578351558,15.750336578351558,1.6749999523162842,4.674070716906588
2015-02-02,29.657499313354492,1.8596428571428572,1.8596428571428572,15.947954307162009,15.947954307162009,1.6729999780654907,4.597396718211183
2015-02-03,29.662500381469727,1.8596428571428572,1.8596428571428572,15.950643569832001,15.950643569832001,1.7799999713897705,4.489339542229192
2015-02-04,29.889999389648438,1.8596428571428572,1.8596428571428572,16.07297835433371,16.07297835433371,1.7970000505447388,4.424622214817007
2015-02-05,29.985000610351562,1.8596428571428572,1.8596428571428572,16.124064088531664,16.124064088531664,1.815000057220459,4.386910295587279
2015-02-06,29.732500076293945,1.8596428571428572,1.8596428571428572,15.988285041986373,15.988285041986373,1.937999963760376,4.316579544760575
2015-02-09,29.93000030517578,1.8596428571428572,1.8596428571428572,16.094488353080887,16.094488353080887,1.9479999542236328,4.2653072231280165
2015-02-10,30.5049991607666,1.8596428571428572,1.8596428571428572,16.40368689267265,16.40368689267265,1.9910000562667847,4.105190431535621
2015-02-11,31.219999313354492,1.8596428571428572,1.8596428571428572,16.788169402226345,16.788169402226345,1.9880000352859497,3.9685755510158307
2015-02-12,31.614999771118164,1.8596428571428572,1.8596428571428572,17.000576024415377,17.000576024415377,1.9859999418258667,3.8961536896972655
2015-02-13,31.770000457763672,1.8596428571428572,1.8596428571428572,17.083925731080907,17.083925731080907,2.0209999084472656,3.8324556482032346
2015-02-17,31.957500457763672,1.8596428571428572,1.8596428571428572,17.184751542488627,17.184751542488627,2.1449999809265137,3.674112372996899
2015-02-18,32.18000030517578,1.8596428571428572,1.8596428571428572,17.30439808997353,17.30439808997353,2.065999984741211,3.7128777017321335
2015-02-19,32.11249923706055,1.8596428571428572,1.8596428571428572,17.268100223500966,17.268100223500966,2.11299991607666,3.6780250783176465
2015-02-20,32.375,1.8596428571428572,1.8596428571428572,17.40925676973305,17.40925676973305,2.132999897003174,3.6110707042102845
2015-02-23,33.25,1.8596428571428572,1.8596428571428572,17.87977722296908,17.87977722296908,2.059000015258789,3.5339108332911575
2015-02-24,33.04249954223633,1.8596428571428572,1.8596428571428572,17.76819641218777,17.76819641218777,1.9880000352859497,3.6400332034397787
2015-02-25,32.1974983215332,1.8596428571428572,1.8596428571428572,17.313807432358935,17.313807432358935,1.968999981880188,3.8067371222014534
2015-02-26,32.60499954223633,1.8596428571428572,1.8596428571428572,17.532936185569756,17.532936185569756,2.0160000324249268,3.687551212021148
2015-02-27,32.1150016784668,1.8596428571428572,1.8596428571428572,17.269445880489155,17.269445880489155,2.002000093460083,3.7885736569680644
2015-03-02,32.272499084472656,1.8596428571428572,1.8596428571428572,17.354138167183297,17.354138167183297,2.0840001106262207,3.6783142743715986
2015-03-03,32.34000015258789,1.8596428571428572,1.8596428571428572,17.390436033655867,17.390436033655867,2.121999979019165,3.6282871216877464
2015-03-04,32.1349983215332,1.8596428571428572,1.8596428571428572,17.28019882855636,17.28019882855636,2.122999906539917,3.6639705439820514
2015-03-05,31.602500915527344,1.8596428571428572,1.8596428571428572,16.993854919046775,16.993854919046775,2.111999988555908,3.7724800471021362
2015-03-06,31.649999618530273,1.8596428571428572,1.8596428571428572,17.019396760492562,17.019396760492562,2.240000009536743,3.635648899015165
2015-03-09,31.78499984741211,1.8596428571428572,1.8596428571428572,17.091991467784503,17.091991467784503,2.194999933242798,3.655693368850349
2015-03-10,31.127500534057617,1.8596428571428572,1.8596428571428572,16.73842932501658,16.73842932501658,2.125999927520752,3.848276275954567
2015-03-11,30.559999465942383,1.8596428571428572,1.8596428571428572,16.433262628123426,16.433262628123426,2.1089999675750732,3.976218912141654
2015-03-12,31.112499237060547,1.8596428571428572,1.8596428571428572,16.730362562659792,16.730362562659792,2.0959999561309814,3.881156822478723
2015-03-13,30.897499084472656,1.8596428571428572,1.8596428571428572,16.614748883526683,16.614748883526683,2.111999988555908,3.906748817160244
2015-03-16,31.237499237060547,1.8596428571428572,1.8596428571428572,16.79757977026494,16.79757977026494,2.0980000495910645,3.85523853404227
2015-03-17,31.760000228881836,1.8596428571428572,1.8596428571428572,17.078548231394112,17.078548231394112,2.058000087738037,3.7972985386509492
2015-03-18,32.11750030517578,1.8596428571428572,1.8596428571428572,17.27078948617096,17.27078948617096,1.9509999752044678,3.839123289286241
2015-03-19,31.875,1.8596428571428572,1.8596428571428572,17.140387939312465,17.140387939312465,1.9769999980926514,3.8571736713751354
2015-03-20,31.475000381469727,1.8596428571428572,1.8596428571428572,16.92529308010663,16.92529308010663,1.9299999475479126,3.978317239439906
2015-03-23,31.802499771118164,1.8596428571428572,1.8596428571428572,17.101401835823097,17.101401835823097,1.9149999618530273,3.9324738861987374
2015-03-24,31.672500610351562,1.8596428571428572,1.8596428571428572,17.03149639120115,17.03149639120115,1.878000020980835,3.993474669385317
2015-03-25,30.844999313354492,1.8596428571428572,1.8596428571428572,16.586517779410904,16.586517779410904,1.9199999570846558,4.108993067848614
2015-03-26,31.059999465942383,1.8596428571428572,1.8596428571428572,16.702131458544013,16.702131458544013,2.006999969482422,3.9802598151868445
2015-03-27,30.8125,1.8596428571428572,1.8596428571428572,16.569041674668714,16.569041674668714,1.9479999542236328,4.087352117639596
2015-03-30,31.592500686645508,1.8596428571428572,1.8596428571428572,16.98847741935998,16.98847741935998,1.9630000591278076,3.9233426384255656
2015-03-31,31.107500076293945,1.8596428571428572,1.8596428571428572,16.72767432564299,16.72767432564299,1.934000015258789,4.044117328089007
2015-04-01,31.0625,1.8596428571428572,1.8596428571428572,16.703476089879008,16.703476089879008,1.8680000305175781,4.118777779197858
2015-04-02,31.329999923706055,1.8596428571428572,1.8596428571428572,16.847320873127895,16.847320873127895,1.9040000438690186,4.031661819110259
2015-04-06,31.837499618530273,1.8596428571428572,1.8596428571428572,17.120222571900282,17.120222571900282,1.9040000438690186,3.937045513805666
2015-04-07,31.502500534057617,1.8596428571428572,1.8596428571428572,16.94008094783202,16.94008094783202,1.8930000066757202,4.010159506431443
2015-04-08,31.399999618530273,1.8596428571428572,1.8596428571428572,16.88496234528227,16.88496234528227,1.8949999809265137,4.027429572370088
2015-04-09,31.639999389648438,1.8596428571428572,1.8596428571428572,17.014019260805767,17.014019260805767,1.9579999446868896,3.9195060382976443
2015-04-10,31.774999618530273,1.8596428571428572,1.8596428571428572,17.08661396809771,17.08661396809771,1.9509999752044678,3.901534657269191
2015-04-13,31.712499618530273,1.8596428571428572,1.8596428571428572,17.053005364295135,17.053005364295135,1.9390000104904175,3.9250689828481873
2015-04-14,31.575000762939453,1.8596428571428572,1.8596428571428572,16.979067051321387,16.979067051321387,1.9040000438690186,3.9856050620968926
2015-04-15,31.69499969482422,1.8596428571428572,1.8596428571428572,17.04359499625654,17.04359499625654,1.899999976158142,3.9673067758483462
2015-04-16,31.542499542236328,1.8596428571428572,1.8596428571428572,16.961589920926006,16.961589920926006,1.878000020980835,4.017673702189839
2015-04-17,31.1875,1.8596428571428572,1.8596428571428572,16.770693297484154,16.770693297484154,1.850000023841858,4.112782684431833
2015-04-20,31.899999618530273,1.8596428571428572,1.8596428571428572,17.153831175702855,17.153831175702855,1.8949999809265137,3.9346015218353108
2015-04-21,31.727500915527344,1.8596428571428572,1.8596428571428572,17.061072126651922,17.061072126651922,1.9160000085830688,3.945296354134089
2015-04-22,32.154998779296875,1.8596428571428572,1.8596428571428572,17.29095382792995,17.29095382792995,1.972000002861023,3.8113709433079928
2015-04-23,32.41749954223633,1.8596428571428572,1.8596428571428572,17.432110374162036,17.432110374162036,1.9470000267028809,3.7895400624546838
2015-04-24,32.56999969482422,1.8596428571428572,1.8596428571428572,17.51411544949257,17.51411544949257,1.9170000553131104,3.7926802473194305
2015-04-27,33.162498474121094,1.8596428571428572,1.8596428571428572,17.832724357122924,17.832724357122924,1.9240000247955322,3.683668102484022
2015-04-28,32.63999938964844,2.025714285714286,2.025714285714286,16.112834677541542,16.112834677541542,1.9730000495910645,4.233232559459559
2015-04-29,32.15999984741211,2.025714285714286,2.025714285714286,15.875881447946739,15.875881447946739,2.0350000858306885,4.263862772768776
2015-04-30,31.287500381469727,2.025714285714286,2.025714285714286,15.445169440781951,15.445169440781951,2.0460000038146973,4.4285162119774455
2015-05-01,32.23749923706055,2.025714285714286,2.025714285714286,15.914139256658943,15.914139256658943,2.117000102996826,4.166720203029594
2015-05-04,32.17499923706055,2.025714285714286,2.025714285714286,15.88328594213144,15.88328594213144,2.134999990463257,4.160926454753192
2015-05-05,31.450000762939453,2.025714285714286,2.025714285714286,15.525388246867148,15.525388246867148,2.1760001182556152,4.265062637143039
2015-05-06,31.252500534057617,2.025714285714286,2.025714285714286,15.427891659972024,15.427891659972024,2.240000009536743,4.241767052611613
2015-05-07,31.315000534057617,2.025714285714286,2.025714285714286,15.458744974499528,15.458744974499528,2.184000015258789,4.284830421167857
2015-05-08,31.905000686645508,2.025714285714286,2.025714285714286,15.750000338964636,15.750000338964636,2.1500000953674316,4.199206117194069
2015-05-11,31.579999923706055,2.025714285714286,2.025714285714286,15.589562726794243,15.589562726794243,2.2739999294281006,4.140548172561125
2015-05-12,31.467500686645508,2.025714285714286,2.025714285714286,15.534027137272112,15.534027137272112,2.259999990463257,4.177480716652382
2015-05-13,31.502500534057617,2.025714285714286,2.025714285714286,15.551304918082039,15.551304918082039,2.2820000648498535,4.148328484860888
2015-05-14,32.23749923706055,2.025714285714286,2.025714285714286,15.914139256658943,15.914139256658943,2.239000082015991,4.044720224010429
2015-05-15,32.192501068115234,2.025714285714286,2.025714285714286,15.89192577410484,15.89192577410484,2.1410000324249268,4.151503558483193
2015-05-18,32.54750061035156,2.025714285714286,2.025714285714286,16.067172374644635,16.067172374644635,2.2279999256134033,3.9958705643683006
2015-05-19,32.51750183105469,2.025714285714286,2.025714285714286,16.052363386275232,16.052363386275232,2.26200008392334,3.9676121914566194
2015-05-20,32.51499938964844,2.025714285714286,2.025714285714286,16.051128048486532,16.051128048486532,2.250999927520752,3.9790917954986185
2015-05-21,32.84749984741211,2.025714285714286,2.025714285714286,16.21526790774928,16.21526790774928,2.184999942779541,3.982027365613556
2015-05-22,33.1349983215332,2.025714285714286,2.025714285714286,16.357192401321043,16.357192401321043,2.2149999141693115,3.898518686487594
2015-05-26,32.404998779296875,2.025714285714286,2.025714285714286,15.996825913616227,15.996825913616227,2.13700008392334,4.114240039586518
2015-05-27,33.0099983215332,2.025714285714286,2.025714285714286,16.295485772266037,16.295485772266037,2.134999990463257,4.0016688635695665
2015-05-28,32.94499969482422,2.025714285714286,2.025714285714286,16.263399003086707,16.263399003086707,2.130000114440918,4.018776041208988
2015-05-29,32.56999969482422,2.025714285714286,2.025714285714286,16.07827911592169,16.07827911592169,2.0950000286102295,4.1245710634834465
2015-06-01,32.6349983215332,2.025714285714286,2.025714285714286,16.110365885101018,16.110365885101018,2.191999912261963,4.015183755272287
2015-06-02,32.4900016784668,2.025714285714286,2.025714285714286,16.038787852557657,16.038787852557657,2.2660000324249268,3.968885104736689
2015-06-03,32.529998779296875,2.025714285714286,2.025714285714286,16.058532542671234,16.058532542671234,2.365999937057495,3.8612191275909638
2015-06-04,32.34000015258789,2.025714285714286,2.025714285714286,15.9647391444369,15.9647391444369,2.306999921798706,3.9568042716350575
2015-06-05,32.162498474121094,2.025714285714286,2.025714285714286,15.877114902598565,15.877114902598565,2.4019999504089355,3.8963735647712854
2015-06-08,31.950000762939453,2.025714285714286,2.025714285714286,15.772214763087176,15.772214763087176,2.38100004196167,3.9592636116906403
2015-06-09,31.854999542236328,2.025714285714286,2.025714285714286,15.725317122401572,15.725317122401572,2.4170000553131104,3.942172177693532
2015-06-10,32.220001220703125,2.025714285714286,2.025714285714286,15.905501307822416,15.905501307822416,2.4779999256134033,3.80913293896468
2015-06-11,32.147499084472656,2.025714285714286,2.025714285714286,15.869710408413864,15.869710408413864,2.382999897003174,3.918312315158027
2015-06-12,31.792499542236328,2.025714285714286,2.025714285714286,15.694463807874069,15.694463807874069,2.384999990463257,3.9866735642477362
2015-06-15,31.729999542236328,2.025714285714286,2.025714285714286,15.663610493346564,15.663610493346564,2.3580000400543213,4.026224085186601
2015-06-16,31.899999618530273,2.025714285714286,2.025714285714286,15.747531546524112,15.747531546524112,2.318000078201294,4.032201520351629
2015-06-17,31.825000762939453,2.025714285714286,2.025714285714286,15.71050813403217,15.71050813403217,2.305999994277954,4.0591665010933555
2015-06-18,31.969999313354492,2.025714285714286,2.025714285714286,15.782087108143966,15.782087108143966,2.3510000705718994,3.985297487207858
2015-06-19,31.649999618530273,2.025714285714286,2.025714285714286,15.624118288414097,15.624118288414097,2.2669999599456787,4.133361209500533
2015-06-22,31.90250015258789,2.025714285714286,2.025714285714286,15.748765942744374,15.748765942744374,2.359999895095825,3.9897039714519584
2015-06-23,31.75749969482422,2.025714285714286,2.025714285714286,15.677186027064142,15.677186027064142,2.4089999198913574,3.9696958375848936
2015-06-24,32.02750015258789,2.025714285714286,2.025714285714286,15.810472571799382,15.810472571799382,2.371000051498413,3.9539215816706488
2015-06-25,31.875,2.025714285714286,2.025714285714286,15.735190409026798,15.735190409026798,2.3929998874664307,3.9621821853627015
2015-06-26,31.6875,2.025714285714286,2.025714285714286,15.642630465444286,15.642630465444286,2.4760000705718994,3.9167866299071097
2015-06-29,31.13249969482422,2.025714285714286,2.025714285714286,15.368652881789107,15.368652881789107,2.3310000896453857,4.175751072552685
2015-06-30,31.357500076293945,2.025714285714286,2.025714285714286,15.479725002401805,15.479725002401805,2.3350000381469727,4.125063043366697
2015-07-01,31.649999618530273,2.025714285714286,2.025714285714286,15.624118288414097,15.624118288414097,2.4179999828338623,3.9823611866123496
2015-07-02,31.610000610351562,2.025714285714286,2.025714285714286,15.604372656732082,15.604372656732082,2.3929998874664307,4.0154602409744085
2015-07-06,31.5,2.025714285714286,2.025714285714286,15.550070521861777,15.550070521861777,2.2780001163482666,4.152838885919307
2015-07-07,31.422500610351562,2.025714285714286,2.025714285714286,15.511812713149572,15.511812713149572,2.2309999465942383,4.2156998588533
2015-07-08,30.642499923706055,2.025714285714286,2.025714285714286,15.12676300888169,15.12676300888169,2.2060000896453857,4.40479958648393
2015-07-09,30.017499923706055,2.025714285714286,2.025714285714286,14.818229863606655,14.818229863606655,2.3010001182556152,4.447444258734275
2015-07-10,30.81999969482422,2.025714285714286,2.025714285714286,15.214386309151589,15.214386309151589,2.4170000553131104,4.155726439731196
2015-07-13,31.415000915527344,2.025714285714286,2.025714285714286,15.508110466057222,15.508110466057222,2.430000066757202,4.01823875762254
2015-07-14,31.40250015258789,2.025714285714286,2.025714285714286,15.501939426524347,15.501939426524347,2.3989999294281006,4.051805821296005
2015-07-15,31.704999923706055,2.025714285714286,2.025714285714286,15.65126935584925,15.65126935584925,2.3499999046325684,4.039258226857427
2015-07-16,32.127498626708984,2.025714285714286,2.025714285714286,15.859837121788638,15.859837121788638,2.3519999980926514,3.9532349946814875
2015-07-17,32.404998779296875,2.025714285714286,2.025714285714286,15.996825913616227,15.996825913616227,2.3489999771118164,3.902240146398041
2015-07-20,33.01750183105469,2.025714285714286,2.025714285714286,16.29918990249526,16.29918990249526,2.371999979019165,3.763274264560934
2015-07-21,32.6875,2.025714285714286,2.025714285714286,16.136283497884342,16.136283497884342,2.3399999141693115,3.8572139618208556
2015-07-22,31.30500030517578,2.1674999999999995,2.1674999999999995,14.442906715190675,14.442906715190675,2.322000026702881,4.601813993007057
2015-07-23,31.290000915527344,2.1674999999999995,2.1674999999999995,14.435986581558177,14.435986581558177,2.2769999504089355,4.650133116322296
2015-07-24,31.125,2.1674999999999995,2.1674999999999995,14.359861591695505,14.359861591695505,2.2709999084472656,4.692855513239479
2015-07-27,30.6924991607666,2.1674999999999995,2.1674999999999995,14.160322565520927,14.160322565520927,2.2279999256134033,4.833986094640876
2015-07-28,30.844999313354492,2.1674999999999995,2.1674999999999995,14.230680190705652,14.230680190705652,2.25,4.77707099449203
2015-07-29,30.747499465942383,2.1674999999999995,2.1674999999999995,14.185697562141817,14.185697562141817,2.2790000438690186,4.770353684556415
2015-07-30,30.592500686645508,2.1674999999999995,2.1674999999999995,14.114187168002545,14.114187168002545,2.2679998874664307,4.817069823576102
2015-07-31,30.325000762939453,2.1674999999999995,2.1674999999999995,13.99077313169064,13.99077313169064,2.2049999237060547,4.942567909660423
2015-08-03,29.610000610351562,2.1674999999999995,2.1674999999999995,13.660899935571658,13.660899935571658,2.1500000953674316,5.1701618611380615
2015-08-04,28.65999984741211,2.1674999999999995,2.1674999999999995,13.222606619336617,13.222606619336617,2.2109999656677246,5.351805378156158
2015-08-05,28.850000381469727,2.1674999999999995,2.1674999999999995,13.310265458578884,13.310265458578884,2.2679998874664307,5.24499828009054
2015-08-06,28.782499313354492,2.1674999999999995,2.1674999999999995,13.279123097280046,13.279123097280046,2.2339999675750732,5.2966177748331535
2015-08-07,28.8799991607666,2.1674999999999995,2.1674999999999995,13.324105725843879,13.324105725843879,2.174999952316284,5.330194171596788
2015-08-10,29.93000030517578,2.1674999999999995,2.1674999999999995,13.808535319573604,13.808535319573604,2.23799991607666,5.0038977715260184
2015-08-11,28.372499465942383,2.1674999999999995,2.1674999999999995,13.089965151530514,13.089965151530514,2.13700008392334,5.502439658076869
2015-08-12,28.809999465942383,2.1674999999999995,2.1674999999999995,13.29181059559049,13.29181059559049,2.130000114440918,5.393429389826517
2015-08-13,28.787500381469727,2.1674999999999995,2.1674999999999995,13.281430395141745,13.281430395141745,2.188999891281128,5.340309605125171
2015-08-14,28.989999771118164,2.1674999999999995,2.1674999999999995,13.37485571908566,13.37485571908566,2.196000099182129,5.280716068851141
2015-08-17,29.290000915527344,2.1674999999999995,2.1674999999999995,13.513264551569712,13.513264551569712,2.1500000953674316,5.250136238704702
2015-08-18,29.125,2.1674999999999995,2.1674999999999995,13.437139561707038,13.437139561707038,2.196000099182129,5.24605998665478
2015-08-19,28.752500534057617,2.1674999999999995,2.1674999999999995,13.265282830015051,13.265282830015051,2.128999948501587,5.409474826701268
2015-08-20,28.162500381469727,2.1674999999999995,2.1674999999999995,12.99307976077035,12.99307976077035,2.0840001106262207,5.61240457873213
2015-08-21,26.440000534057617,2.1674999999999995,2.1674999999999995,12.198385482840887,12.198385482840887,2.053999900817871,6.143806287604939
2015-08-24,25.780000686645508,2.1674999999999995,2.1674999999999995,11.893887283342798,11.893887283342798,1.996999979019165,6.410680169425527
2015-08-25,25.934999465942383,2.1674999999999995,2.1674999999999995,11.965397677482072,11.965397677482072,2.132999897003174,6.224432316736957
2015-08-26,27.422500610351562,2.1674999999999995,2.1674999999999995,12.651672715271774,12.651672715271774,2.171999931335449,5.732093246738188
2015-08-27,28.229999542236328,2.1674999999999995,2.1674999999999995,13.024221242092887,13.024221242092887,2.1679999828338623,5.510002267067323
2015-08-28,28.322500228881836,2.1674999999999995,2.1674999999999995,13.066897452771324,13.066897452771324,2.186000108718872,5.46692594824588
2015-08-31,28.190000534057617,2.1674999999999995,2.1674999999999995,13.005767259080795,13.005767259080795,2.200000047683716,5.488896578555594
2015-09-01,26.93000030517578,2.1674999999999995,2.1674999999999995,12.424452274590905,12.424452274590905,2.171999931335449,5.8766446116927185
2015-09-02,28.084999084472656,2.1674999999999995,2.1674999999999995,12.957323683724411,12.957323683724411,2.193000078201294,5.5246430432412295
2015-09-03,27.592500686645508,2.1674999999999995,2.1674999999999995,12.730104123019844,12.730104123019844,2.1679999828338623,5.687395309587197
2015-09-04,27.3174991607666,2.1674999999999995,2.1674999999999995,12.60322913991539,12.60322913991539,2.128000020980835,5.806474460903522
2015-09-08,28.077499389648438,2.1674999999999995,2.1674999999999995,12.953863616908164,12.953863616908164,2.194000005722046,5.525704551725507
2015-09-09,27.537500381469727,2.1674999999999995,2.1674999999999995,12.704729126398954,12.704729126398954,2.180999994277954,5.6900847809347335
2015-09-10,28.142499923706055,2.1674999999999995,2.1674999999999995,12.983852329276152,12.983852329276152,2.2219998836517334,5.479874526496844
2015-09-11,28.552499771118164,2.1674999999999995,2.1674999999999995,13.173010275025684,13.173010275025684,2.183000087738037,5.408279195599881
2015-09-14,28.827499389648438,2.1674999999999995,2.1674999999999995,13.299884378153838,13.299884378153838,2.180000066757202,5.338862289990672
2015-09-15,29.06999969482422,2.1674999999999995,2.1674999999999995,13.411764565086148,13.411764565086148,2.2809998989105225,5.175140530240954
2015-09-16,29.102500915527344,2.1674999999999995,2.1674999999999995,13.426759361258293,13.426759361258293,2.302999973297119,5.144813554108533
2015-09-17,28.479999542236328,2.1674999999999995,2.1674999999999995,13.139561495841447,13.139561495841447,2.2170000076293945,5.39360404728135
2015-09-18,28.362499237060547,2.1674999999999995,2.1674999999999995,13.085351435783416,13.085351435783416,2.130000114440918,5.512133189410469
2015-09-21,28.802499771118164,2.1674999999999995,2.1674999999999995,13.288350528774242,13.288350528774242,2.2139999866485596,5.3113884942966605
2015-09-22,28.350000381469727,2.1674999999999995,2.1674999999999995,13.079584951081769,13.079584951081769,2.125,5.520502542626885
2015-09-23,28.579999923706055,2.1674999999999995,2.1674999999999995,13.185697773336129,13.185697773336129,2.1440000534057617,5.439974774397294
2015-09-24,28.75,2.1674999999999995,2.1674999999999995,13.2641291810842,13.2641291810842,2.119999885559082,5.419130549223525
2015-09-25,28.677499771118164,2.1674999999999995,2.1674999999999995,13.230680401899964,13.230680401899964,2.1679999828338623,5.390190296302478
2015-09-28,28.110000610351562,2.1674999999999995,2.1674999999999995,12.968858413080309,12.968858413080309,2.0950000286102295,5.615778886143025
2015-09-29,27.264999389648438,2.1674999999999995,2.1674999999999995,12.57900779222535,12.57900779222535,2.053999900817871,5.895752706999619
2015-09-30,27.575000762939453,2.1674999999999995,2.1674999999999995,12.722030340456497,12.722030340456497,2.059999942779541,5.800380619432808
2015-10-01,27.395000457763672,2.1674999999999995,2.1674999999999995,12.638985216961327,12.638985216961327,2.0420000553131104,5.870027554767604
2015-10-02,27.594999313354492,2.1674999999999995,2.1674999999999995,12.731256891974393,12.731256891974393,1.9889999628067017,5.865684052173673
2015-10-05,27.69499969482422,2.1674999999999995,2.1674999999999995,12.777393169469077,12.777393169469077,2.055999994277954,5.770322532835389
2015-10-06,27.827499389648438,2.1674999999999995,2.1674999999999995,12.838523363159604,12.838523363159604,2.0350000858306885,5.754057671929209
2015-10-07,27.69499969482422,2.1674999999999995,2.1674999999999995,12.777393169469077,12.777393169469077,2.062000036239624,5.764322490873719
2015-10-08,27.375,2.1674999999999995,2.1674999999999995,12.629757785467131,12.629757785467131,2.1080000400543213,5.809808179123759
2015-10-09,28.030000686645508,2.1674999999999995,2.1674999999999995,12.931949567079823,12.931949567079823,2.0989999771118164,5.633786133852047
2015-10-12,27.899999618530273,2.1674999999999995,2.1674999999999995,12.871972142343843,12.871972142343843,2.0899999141693115,5.678817396352859
2015-10-13,27.947500228881836,2.1674999999999995,2.1674999999999995,12.893887072148486,12.893887072148486,2.055000066757202,5.700613073054265
2015-10-14,27.552499771118164,2.1674999999999995,2.1674999999999995,12.71164926003145,12.71164926003145,1.9809999465942383,5.8857998646957554
2015-10-15,27.96500015258789,2.1674999999999995,2.1674999999999995,12.901960854711833,12.901960854711833,2.0230000019073486,5.727759834220949
2015-10-16,27.760000228881836,2.1674999999999995,2.1674999999999995,12.807381881837067,12.807381881837067,2.0230000019073486,5.784997051871154
2015-10-19,27.9325008392334,2.1674999999999995,2.1674999999999995,12.886966938515988,12.886966938515988,2.0280001163482666,5.731777686846408
2015-10-20,28.4424991607666,2.1674999999999995,2.1674999999999995,13.122260281783902,13.122260281783902,2.071000099182129,5.5496382552344725
2015-10-21,28.440000534057617,2.1674999999999995,2.1674999999999995,13.121107512829353,13.121107512829353,2.0299999713897705,5.591307902371919
2015-10-22,28.875,2.1674999999999995,2.1674999999999995,13.32179930795848,13.32179930795848,2.0250000953674316,5.481493411126073
2015-10-23,29.770000457763672,2.1674999999999995,2.1674999999999995,13.734717627572632,13.734717627572632,2.0829999446868896,5.197819560422458
2015-10-26,28.81999969482422,2.1674999999999995,2.1674999999999995,13.296424311337589,13.296424311337589,2.058000087738037,5.462818867680831
2015-10-27,28.637500762939453,2.1674999999999995,2.1674999999999995,13.212226418887871,13.212226418887871,2.0280001163482666,5.540746953944328
2015-10-28,29.8174991607666,2.305,2.305,12.936008312697007,12.936008312697007,2.0920000076293945,5.638359898049359
2015-10-29,30.13249969482422,2.305,2.305,13.072667980400961,13.072667980400961,2.1730000972747803,5.476547810613937
2015-10-30,29.875,2.305,2.305,12.960954446854663,12.960954446854663,2.1510000228881836,5.564481148659934
2015-11-02,30.295000076293945,2.305,2.305,13.143167061298891,13.143167061298891,2.187000036239624,5.42151620140739
2015-11-03,30.642499923706055,2.305,2.305,13.293926214189177,13.293926214189177,2.2200000286102295,5.3022321839670985
2015-11-04,30.5,2.305,2.305,13.232104121475054,13.232104121475054,2.2300000190734863,5.327377030106842
2015-11-05,30.229999542236328,2.305,2.305,13.114967263443091,13.114967263443091,2.244999885559082,5.379876180944103
2015-11-06,30.264999389648438,2.305,2.305,13.130151579023183,13.130151579023183,2.3329999446868896,5.283058361887473
2015-11-09,30.142499923706055,2.305,2.305,13.077006474492865,13.077006474492865,2.3420000076293945,5.305010047389949
2015-11-10,29.1924991607666,2.305,2.305,12.664858638076616,12.664858638076616,2.322000026702881,5.573863863901647
2015-11-11,29.02750015258789,2.305,2.305,12.593275554268065,12.593275554268065,2.3380000591278076,5.602745743588181
2015-11-12,28.93000030517578,2.305,2.305,12.550976271225935,12.550976271225935,2.319000005722046,5.648507687624295
2015-11-13,28.084999084472656,2.305,2.305,12.184381381549958,12.184381381549958,2.2799999713897705,5.927228353835153
2015-11-16,28.545000076293945,2.305,2.305,12.383947972361797,12.383947972361797,2.2730000019073486,5.801969323155841
2015-11-17,28.422500610351562,2.305,2.305,12.33080286783148,12.33080286783148,2.260999917984009,5.848772095392295
2015-11-18,29.322500228881836,2.305,2.305,12.721258233788214,12.721258233788214,2.2690000534057617,5.591857588363954
2015-11-19,29.69499969482422,2.305,2.305,12.882863208166688,12.882863208166688,2.247999906539917,5.514249710191876
2015-11-20,29.825000762939453,2.305,2.305,12.939262803878286,12.939262803878286,2.26200008392334,5.466415476971442
2015-11-23,29.4375,2.305,2.305,12.77114967462039,12.77114967462039,2.25,5.580148619957538
2015-11-24,29.719999313354492,2.305,2.305,12.893709029654877,12.893709029654877,2.243000030517578,5.5127202025049815
2015-11-25,29.50749969482422,2.305,2.305,12.80151830578057,12.80151830578057,2.2320001125335693,5.579573297070872
2015-11-27,29.452499389648438,2.305,2.305,12.777657002016674,12.777657002016674,2.2249999046325684,5.601161024888171
2015-11-30,29.575000762939453,2.305,2.305,12.83080293403013,12.83080293403013,2.2179999351501465,5.575744580618065
2015-12-01,29.334999084472656,2.305,2.305,12.72668073079074,12.72668073079074,2.1549999713897705,5.702508369969143
2015-12-02,29.06999969482422,2.305,2.305,12.611713533546299,12.611713533546299,2.177999973297119,5.751136676850128
2015-12-03,28.799999237060547,2.305,2.305,12.494576675514336,12.494576675514336,2.3299999237060547,5.673472510535781
2015-12-04,29.75749969482422,2.305,2.305,12.909978175628728,12.909978175628728,2.2750000953674316,5.470946384137744
2015-12-07,29.56999969482422,2.305,2.305,12.82863327324261,12.82863327324261,2.2249999046325684,5.570062739224866
2015-12-08,29.5575008392334,2.305,2.305,12.823210776240085,12.823210776240085,2.23799991607666,5.560358993010941
2015-12-09,28.905000686645508,2.305,2.305,12.540130449737747,12.540130449737747,2.2079999446868896,5.766398758804374
2015-12-10,29.042499542236328,2.305,2.305,12.59978288166435,12.59978288166435,2.239000082015991,5.697644615689359
2015-12-11,28.295000076293945,2.305,2.305,12.275488102513641,12.275488102513641,2.1389999389648438,6.00731564253314
2015-12-14,28.1200008392334,2.305,2.305,12.199566524613187,12.199566524613187,2.2249999046325684,5.972012653005885
2015-12-15,27.622499465942383,2.305,2.305,11.983730787827497,11.983730787827497,2.2679998874664307,6.076646848220859
2015-12-16,27.834999084472656,2.305,2.305,12.075921511701802,12.075921511701802,2.2869999408721924,5.993941592500484
2015-12-17,27.2450008392334,2.305,2.305,11.81995698014464,11.81995698014464,2.23799991607666,6.222267762391345
2015-12-18,26.50749969482422,2.305,2.305,11.499999867602698,11.499999867602698,2.1989998817443848,6.4966523922800405
2015-12-21,26.832500457763672,2.305,2.305,11.640998029398554,11.640998029398554,2.197000026702881,6.393328718947341
2015-12-22,26.8075008392334,2.305,2.305,11.630152207910367,11.630152207910367,2.239000082015991,6.3593396655914365
2015-12-23,27.15250015258789,2.305,2.305,11.779826530406893,11.779826530406893,2.2639999389648438,6.225089415778468
2015-12-24,27.00749969482422,2.305,2.305,11.71691960729901,11.71691960729901,2.243000030517578,6.291666362320466
2015-12-28,26.704999923706055,2.305,2.305,11.585683264080718,11.585683264080718,2.2249999046325684,6.406342565261427
2015-12-29,27.184999465942383,2.305,2.305,11.793926015593224,11.793926015593224,2.306999921798706,6.171940837011039
2015-12-30,26.829999923706055,2.305,2.305,11.639913199004795,11.639913199004795,2.302999973297119,6.288129383969045
2015-12-31,26.315000534057617,2.305,2.305,11.416486131912198,11.416486131912198,2.2690000534057617,6.490262546710108
2016-01-04,26.337499618530273,2.305,2.305,11.426247123006625,11.426247123006625,2.244999885559082,6.506780022880941
2016-01-05,25.677499771118164,2.305,2.305,11.139913132806145,11.139913132806145,2.247999906539917,6.728730774196549
2016-01-06,25.174999237060547,2.305,2.305,10.921908562716071,10.921908562716071,2.177000045776367,6.978908871220819
2016-01-07,24.112499237060547,2.305,2.305,10.460954115861409,10.460954115861409,2.1530001163482666,7.406357366003666
2016-01-08,24.239999771118164,2.305,2.305,10.516268881179245,10.516268881179245,2.130000114440918,7.379075882937581
2016-01-11,24.63249969482422,2.305,2.305,10.686550843741525,10.686550843741525,2.1579999923706055,7.199556197853674
2016-01-12,24.989999771118164,2.305,2.305,10.841648490723715,10.841648490723715,2.1019999980926514,7.121689562176856
2016-01-13,24.34749984741211,2.305,2.305,10.56290665831328,10.56290665831328,2.065999984741211,7.401091151702509
2016-01-14,24.8799991607666,2.305,2.305,10.793925883195922,10.793925883195922,2.0980000495910645,7.166469716287251
2016-01-15,24.282499313354492,2.305,2.305,10.53470686045748,10.53470686045748,2.0329999923706055,7.459433098041689
2016-01-19,24.165000915527344,2.305,2.305,10.483731416714683,10.483731416714683,2.0350000858306885,7.503588420983357
2016-01-20,24.197500228881836,2.305,2.305,10.497830901901013,10.497830901901013,1.9839999675750732,7.541777398670307
2016-01-21,24.075000762939453,2.305,2.305,10.444685797370695,10.444685797370695,2.0190000534057617,7.555246787525883
2016-01-22,25.354999542236328,2.305,2.305,10.999999801404046,10.999999801404046,2.0480000972747803,7.0429091577632015
2016-01-25,24.860000610351562,2.305,2.305,10.785249722495253,10.785249722495253,2.0220000743865967,7.249922465471313
2016-01-26,24.997499465942383,2.305,2.305,10.844902154421858,10.844902154421858,1.99399995803833,7.2269223311707425
2016-01-27,23.354999542236328,2.36,2.36,9.89618624671031,9.89618624671031,2.000999927520752,8.10390286098952
2016-01-28,23.522499084472656,2.36,2.36,9.967160629013838,9.967160629013838,1.9850000143051147,8.047947554424306
2016-01-29,24.334999084472656,2.36,2.36,10.311440290030786,10.311440290030786,1.930999994277954,7.7669662633244005
2016-02-01,24.107500076293945,2.36,2.36,10.2150424052093,10.2150424052093,1.965999960899353,7.823484608347627
2016-02-02,23.6200008392334,2.36,2.36,10.00847493187856,10.00847493187856,1.8639999628067017,8.127532281679853
2016-02-03,24.087499618530273,2.36,2.36,10.206567634970455,10.206567634970455,1.88100004196167,7.916612982947216
2016-02-04,24.149999618530273,2.36,2.36,10.233050685817913,10.233050685817913,1.8639999628067017,7.90825692033285
2016-02-05,23.5049991607666,2.36,2.36,9.959745407104492,9.959745407104492,1.8480000495910645,8.192417241464181
2016-02-08,23.752500534057617,2.36,2.36,10.064618870363399,10.064618870363399,1.7350000143051147,8.200795994271347
2016-02-09,23.747499465942383,2.36,2.36,10.0624997737044,10.0624997737044,1.7289999723434448,8.208888449907528
2016-02-10,23.5674991607666,2.36,2.36,9.98622845795195,9.98622845795195,1.7050000429153442,8.308790490824231
2016-02-11,23.424999237060547,2.36,2.36,9.92584713434769,9.92584713434769,1.6440000534057617,8.430706784860677
2016-02-12,23.497499465942383,2.36,2.36,9.956567570314569,9.956567570314569,1.7480000257492065,8.295621864403907
2016-02-16,24.15999984741211,2.36,2.36,10.237288070937336,10.237288070937336,1.777999997138977,7.990211985084153
2016-02-17,24.530000686645508,2.36,2.36,10.394068087561656,10.394068087561656,1.819000005722046,7.801872126111276
2016-02-18,24.065000534057617,2.36,2.36,10.197034124600686,10.197034124600686,1.7589999437332153,8.047773160884201
2016-02-19,24.010000228881836,2.36,2.36,10.17372891054315,10.17372891054315,1.7480000257492065,8.08123769812693
2016-02-22,24.219999313354492,2.36,2.36,10.262711573455293,10.262711573455293,1.7660000324249268,7.978013456042584
2016-02-23,23.672500610351562,2.36,2.36,10.030720597606594,10.030720597606594,1.7450000047683716,8.224373484097498
2016-02-24,24.024999618530273,2.36,2.36,10.180084584122998,10.180084584122998,1.7419999837875366,8.081101108708433
2016-02-25,24.190000534057617,2.36,2.36,10.250000226295601,10.250000226295601,1.6970000267028809,8.059097318881323
2016-02-26,24.227500915527344,2.36,2.36,10.26589021844379,10.26589021844379,1.7619999647140503,7.978996468341419
2016-02-29,24.172500610351562,2.36,2.36,10.242585004386255,10.242585004386255,1.7400000095367432,8.023160360348037
2016-03-01,25.13249969482422,2.36,2.36,10.64936427746789,10.64936427746789,1.8339999914169312,7.556231894216067
2016-03-02,25.1875,2.36,2.36,10.672669491525424,10.672669491525424,1.8480000495910645,7.521726997555337
2016-03-03,25.375,2.36,2.36,10.752118644067798,10.752118644067798,1.8300000429153442,7.4704925679220935
2016-03-04,25.752500534057617,2.36,2.36,10.912076497482042,10.912076497482042,1.8830000162124634,7.28115861327249
2016-03-07,25.467500686645508,2.36,2.36,10.791313850273522,10.791313850273522,1.9019999504089355,7.364712276431298
2016-03-08,25.25749969482422,2.36,2.36,10.702330379162806,10.702330379162806,1.8320000171661377,7.5117593751525416
2016-03-09,25.280000686645508,2.36,2.36,10.711864697731148,10.711864697731148,1.8919999599456787,7.443442824463347
2016-03-10,25.292499542236328,2.36,2.36,10.717160822981496,10.717160822981496,1.9290000200271606,7.4018294460720675
2016-03-11,25.565000534057617,2.36,2.36,10.832627344939668,10.832627344939668,1.9769999980926514,7.254370824121942
2016-03-14,25.6299991607666,2.36,2.36,10.860169135918053,10.860169135918053,1.9630000591278076,7.244959664931002
2016-03-15,26.145000457763672,2.36,2.36,11.078390024476132,11.078390024476132,1.9589999914169312,7.067582371098215
2016-03-16,26.49250030517578,2.36,2.36,11.225635722532111,11.225635722532111,1.937999963760376,6.970181494442464
2016-03-17,26.450000762939453,2.36,2.36,11.207627441923497,11.207627441923497,1.902999997138977,7.019495019597375
2016-03-18,26.479999542236328,2.36,2.36,11.22033878908319,11.22033878908319,1.871000051498413,7.041386809519976
2016-03-21,26.477500915527344,2.36,2.36,11.219280048952266,11.219280048952266,1.9229999780654907,6.9902279263702045
2016-03-22,26.68000030517578,2.36,2.36,11.305084875074485,11.305084875074485,1.934999942779541,6.910577167435754
2016-03-23,26.532499313354492,2.36,2.36,11.242584454811226,11.242584454811226,1.875,7.019751949780137
2016-03-24,26.417499542236328,2.36,2.36,11.193855738235733,11.193855738235733,1.899999976158142,7.033472308858194
2016-03-28,26.297500610351562,2.36,2.36,11.143008733199816,11.143008733199816,1.8700000047683716,7.10423688172504
2016-03-29,26.920000076293945,2.36,2.36,11.406779693344893,11.406779693344893,1.8140000104904175,6.9527161608005414
2016-03-30,27.389999389648438,2.36,2.36,11.605931944766288,11.605931944766288,1.8300000429153442,6.786283464166148
2016-03-31,27.247499465942383,2.36,2.36,11.545550621162027,11.545550621162027,1.7860000133514404,6.875345233943078
2016-04-01,27.497499465942383,2.36,2.36,11.651482824551858,11.651482824551858,1.7920000553131104,6.790598529416489
2016-04-04,27.780000686645508,2.36,2.36,11.771186731629452,11.771186731629452,1.7790000438690186,6.7163201205199865
2016-04-05,27.452499389648438,2.36,2.36,11.632414995613745,11.632414995613745,1.7269999980926514,6.869667163258381
2016-04-06,27.739999771118164,2.36,2.36,11.754237191151764,11.754237191151764,1.7549999952316284,6.752570370566076
2016-04-07,27.135000228881836,2.36,2.36,11.497881452916033,11.497881452916033,1.690999984741211,7.006254410296799
2016-04-08,27.165000915527344,2.36,2.36,11.510593608274299,11.510593608274299,1.7200000286102295,6.967649227646701
2016-04-11,27.2549991607666,2.36,2.36,11.54872845795195,11.54872845795195,1.7239999771118164,6.934961947925425
2016-04-12,27.610000610351562,2.36,2.36,11.699152800996425,11.699152800996425,1.781000018119812,6.766627464058464
2016-04-13,28.010000228881836,2.36,2.36,11.86864416478044,11.86864416478044,1.7619999647140503,6.663562265615898
2016-04-14,28.024999618530273,2.36,2.36,11.874999838360287,11.874999838360287,1.781000018119812,6.6400527280845285
2016-04-15,27.462499618530273,2.36,2.36,11.636652380733167,11.636652380733167,1.7519999742507935,6.841536785992233
2016-04-18,26.8700008392334,2.36,2.36,11.385593575946356,11.385593575946356,1.7730000019073486,7.010029124590181
2016-04-19,26.727500915527344,2.36,2.36,11.325212252342096,11.325212252342096,1.7829999923706055,7.0468565941423424
2016-04-20,26.782499313354492,2.36,2.36,11.348516658201056,11.348516658201056,1.8539999723434448,6.957724327125645
2016-04-21,26.49250030517578,2.36,2.36,11.225635722532111,11.225635722532111,1.8700000047683716,7.038181453434468
2016-04-22,26.420000076293945,2.36,2.36,11.194915286565232,11.194915286565232,1.8880000114440918,7.044626760641247
2016-04-25,26.270000457763672,2.36,2.36,11.131356126171047,11.131356126171047,1.9019999504089355,7.081631411891024
2016-04-26,26.087499618530273,2.36,2.36,11.0540252620891,11.0540252620891,1.930999994277954,7.115478336376865
2016-04-27,24.454999923706055,2.255,2.255,10.844789323151245,10.844789323151245,1.8600000143051147,7.361018211150123
2016-04-28,23.707500457763672,2.255,2.255,10.513303972400742,10.513303972400742,1.8380000591278076,7.6737576397380725
2016-04-29,23.434999465942383,2.255,2.255,10.3924609605066,10.3924609605066,1.819000005722046,7.803359931930807
2016-05-02,23.40999984741211,2.255,2.255,10.381374655171667,10.381374655171667,1.8650000095367432,7.767635679050338
2016-05-03,23.795000076293945,2.255,2.255,10.552106463988446,10.552106463988446,1.7999999523162842,7.676780853608447
2016-05-04,23.547500610351562,2.255,2.255,10.442350603260117,10.442350603260117,1.784000039100647,7.792387864287681
2016-05-05,23.309999465942383,2.255,2.255,10.337028588001058,10.337028588001058,1.746999979019165,7.926959916581518
2016-05-06,23.18000030517578,2.255,2.255,10.27937929276088,10.27937929276088,1.7790000438690186,7.9492138056212625
2016-05-09,23.197500228881836,2.255,2.255,10.28713979107842,10.28713979107842,1.7599999904632568,7.960875007923132
2016-05-10,23.354999542236328,2.255,2.255,10.356984275936288,10.356984275936288,1.7599999904632568,7.895320258727702
2016-05-11,23.127500534057617,2.255,2.255,10.256097797808257,10.256097797808257,1.7369999885559082,8.013297051451856
2016-05-12,22.584999084472656,2.255,2.255,10.01552065830273,10.01552065830273,1.7569999694824219,8.227503423968358
2016-05-13,22.6299991607666,2.255,2.255,10.035476346237962,10.035476346237962,1.7050000429153442,8.259649023044279
2016-05-16,23.469999313354492,2.255,2.255,10.407981957141683,10.407981957141683,1.753000020980835,7.855010485934258
2016-05-17,23.372499465942383,2.255,2.255,10.364744774253829,10.364744774253829,1.7589999437332153,7.889090981612231
2016-05-18,23.639999389648438,2.255,2.255,10.483370017582455,10.483370017582455,1.8799999952316284,7.658917340728317
2016-05-19,23.549999237060547,2.255,2.255,10.443458641711995,10.443458641711995,1.8450000286102295,7.73037183149291
2016-05-20,23.80500030517578,2.255,2.255,10.556541155288595,10.556541155288595,1.8489999771118164,7.623799733416684
2016-05-23,24.107500076293945,2.255,2.255,10.690687395252304,10.690687395252304,1.8380000591278076,7.515935408521321
2016-05-24,24.475000381469727,2.255,2.255,10.853658705751542,10.853658705751542,1.8589999675750732,7.354483034890102
2016-05-25,24.905000686645508,2.255,2.255,11.04434620250355,11.04434620250355,1.8700000047683716,7.184406491229719
2016-05-26,25.102500915527344,2.255,2.255,11.131929452562016,11.131929452562016,1.8229999542236328,7.160168725217197
2016-05-27,25.087499618530273,2.255,2.255,11.125276992696353,11.125276992696353,1.8509999513626099,7.137540294929606
2016-05-31,24.96500015258789,2.255,2.255,11.070953504473566,11.070953504473566,1.8339999914169312,7.198645657360462
2016-06-01,24.614999771118164,2.255,2.255,10.91574269229187,10.91574269229187,1.8459999561309814,7.31508077093808
2016-06-02,24.43000030517578,2.255,2.255,10.833703017816312,10.833703017816312,1.8109999895095825,7.419454254579197
2016-06-03,24.479999542236328,2.255,2.255,10.855875628486178,10.855875628486178,1.7039999961853027,7.507601483256547
2016-06-06,24.657499313354492,2.255,2.255,10.934589495944342,10.934589495944342,1.7230000495910645,7.422290684650964
2016-06-07,24.75749969482422,2.255,2.255,10.978935563114954,10.978935563114954,1.7130000591278076,7.3953510578932224
2016-06-08,24.735000610351562,2.255,2.255,10.968958142062778,10.968958142062778,1.7059999704360962,7.41063614986497
2016-06-09,24.912500381469727,2.255,2.255,11.047672009520944,11.047672009520944,1.6799999475479126,7.371680796940106
2016-06-10,24.707500457763672,2.255,2.255,10.956762952445088,10.956762952445088,1.6390000581741333,7.487783138105952
2016-06-13,24.334999084472656,2.255,2.255,10.791573873380337,10.791573873380337,1.6160000562667847,7.65048888902699
2016-06-14,24.364999771118164,2.255,2.255,10.804877947280783,10.804877947280783,1.6109999418258667,7.644079151887224
2016-06-15,24.28499984741211,2.255,2.255,10.76940126271047,10.76940126271047,1.5959999561309814,7.6895673247776095
2016-06-16,24.387500762939453,2.255,2.255,10.814856214163838,10.814856214163838,1.5640000104904175,7.68253993601701
2016-06-17,23.832500457763672,2.255,2.255,10.568736344906284,10.568736344906284,1.6180000305175781,7.843869083872438
2016-06-20,23.774999618530273,2.255,2.255,10.543237081388149,10.543237081388149,1.6699999570846558,7.814753086791102
2016-06-21,23.977500915527344,2.255,2.255,10.633038100012126,10.633038100012126,1.6970000267028809,7.707649807090714
2016-06-22,23.887500762939453,2.255,2.255,10.593126724141666,10.593126724141666,1.684999942779541,7.755083481512992
2016-06-23,24.024999618530273,2.255,2.255,10.654101826399234,10.654101826399234,1.7389999628067017,7.647056377692627
2016-06-24,23.350000381469727,2.255,2.255,10.354767353201654,10.354767353201654,1.5789999961853027,8.078387426341422
2016-06-27,23.010000228881836,2.255,2.255,10.203991232320105,10.203991232320105,1.4600000381469727,8.340086783101968
2016-06-28,23.397499084472656,2.255,2.255,10.375831079588762,10.375831079588762,1.4609999656677246,8.176782225748157
2016-06-29,23.600000381469727,2.255,2.255,10.46563209821274,10.46563209821274,1.4769999980926514,8.078084593221945
2016-06-30,23.899999618530273,2.255,2.255,10.598669453893692,10.598669453893692,1.4880000352859497,7.947146558823791
2016-07-01,23.97249984741211,2.255,2.255,10.630820331446612,10.630820331446612,1.4559999704360962,7.95061183205989
2016-07-05,23.747499465942383,2.255,2.255,10.531041891770458,10.531041891770458,1.3669999837875366,8.128736623066677
2016-07-06,23.88249969482422,2.255,2.255,10.59090895557615,10.59090895557615,1.3849999904632568,8.057060216026352
2016-07-07,23.985000610351562,2.255,2.255,10.636363907029518,10.636363907029518,1.3869999647140503,8.014709197747994
2016-07-08,24.170000076293945,2.255,2.255,10.718403581505076,10.718403581505076,1.3660000562667847,7.96374753530114
2016-07-11,24.2450008392334,2.255,2.255,10.751663343340754,10.751663343340754,1.434000015258789,7.8668864435733585
2016-07-12,24.354999542236328,2.255,2.255,10.800443255980634,10.800443255980634,1.5130000114440918,7.745879242851887
2016-07-13,24.217500686645508,2.255,2.255,10.739468153723063,10.739468153723063,1.468000054359436,7.843448014447667
2016-07-14,24.697500228881836,2.255,2.255,10.952328261144938,10.952328261144938,1.531000018119812,7.599478690664448
2016-07-15,24.69499969482422,2.255,2.255,10.951219376862182,10.951219376862182,1.593999981880188,7.537403249003923
2016-07-18,24.957500457763672,2.255,2.255,11.067627697456174,11.067627697456174,1.5870000123977661,7.448359934068845
2016-07-19,24.967500686645508,2.255,2.255,11.072062388756324,11.072062388756324,1.5579999685287476,7.473741046726907
2016-07-20,24.989999771118164,2.255,2.255,11.0820398098085,11.0820398098085,1.5800000429153442,7.443609483508837
2016-07-21,24.857500076293945,2.255,2.255,11.023281630285563,11.023281630285563,1.565000057220459,7.506708654753133
2016-07-22,24.665000915527344,2.255,2.255,10.937916148792613,10.937916148792613,1.5700000524520874,7.5725092372208405
2016-07-25,24.334999084472656,2.255,2.255,10.791573873380337,10.791573873380337,1.5709999799728394,7.695488965320935
2016-07-26,24.167499542236328,2.255,2.255,10.71729469722232,10.71729469722232,1.562999963760376,7.767712947019033
2016-07-27,25.737499237060547,2.1475,2.1475,11.98486576813064,11.98486576813064,1.5149999856948853,6.828856502536578
2016-07-28,26.084999084472656,2.1475,2.1475,12.14668176226899,12.14668176226899,1.5110000371932983,6.72170103764906
2016-07-29,26.052499771118164,2.1475,2.1475,12.131548205410088,12.131548205410088,1.4579999446868896,6.784971051826549
2016-08-01,26.512500762939453,2.1475,2.1475,12.345751228376928,12.345751228376928,1.496000051498413,6.603952567840638
2016-08-02,26.1200008392334,2.1475,2.1475,12.162980600341513,12.162980600341513,1.5369999408721924,6.684669013955558
2016-08-03,26.447500228881836,2.1475,2.1475,12.315483226487467,12.315483226487467,1.5420000553131104,6.57785997461454
2016-08-04,26.467500686645508,2.1475,2.1475,12.324796594479864,12.324796594479864,1.503000020980835,6.610724147480401
2016-08-05,26.8700008392334,2.1475,2.1475,12.512223906511478,12.512223906511478,1.5820000171661377,6.410184325695491
2016-08-08,27.092500686645508,2.1475,2.1475,12.615832682954835,12.615832682954835,1.5829999446868896,6.343547792039939
2016-08-09,27.202499389648438,2.1475,2.1475,12.667054430569703,12.667054430569703,1.5449999570846558,6.34949521131595
2016-08-10,27.0,2.1475,2.1475,12.572759022118744,12.572759022118744,1.5089999437332153,6.444703759970488
2016-08-11,26.982500076293945,2.1475,2.1475,12.56461004716831,12.56461004716831,1.5729999542236328,6.385862248788949
2016-08-12,27.045000076293945,2.1475,2.1475,12.593713656015806,12.593713656015806,1.5149999856948853,6.425469579629214
2016-08-15,27.3700008392334,2.1475,2.1475,12.745052777291455,12.745052777291455,1.5529999732971191,6.293181737160398
2016-08-16,27.344999313354492,2.1475,2.1475,12.73341062321513,12.73341062321513,1.5759999752044678,6.277355497184315
2016-08-17,27.30500030517578,2.1475,2.1475,12.714784775401993,12.714784775401993,1.5609999895095825,6.303859838354738
2016-08-18,27.270000457763672,2.1475,2.1475,12.698486825501128,12.698486825501128,1.5360000133514404,6.338954016539726
2016-08-19,27.34000015258789,2.1475,2.1475,12.73108272530286,12.73108272530286,1.5779999494552612,6.276791520970998
2016-08-22,27.127500534057617,2.1475,2.1475,12.6321306328557,12.6321306328557,1.5390000343322754,6.377320886218034
2016-08-23,27.212499618530273,2.1475,2.1475,12.671711114565902,12.671711114565902,1.5529999732971191,6.3385940739386815
2016-08-24,27.00749969482422,2.1475,2.1475,12.576251313072978,12.576251313072978,1.559000015258789,6.392495029695527
2016-08-25,26.892499923706055,2.1475,2.1475,12.522700779374182,12.522700779374182,1.5770000219345093,6.408497816096359
2016-08-26,26.735000610351562,2.1475,2.1475,12.449360004820285,12.449360004820285,1.6349999904632568,6.397541438275317
2016-08-29,26.704999923706055,2.1475,2.1475,12.43538995283169,12.43538995283169,1.565999984741211,6.4755652881860595
2016-08-30,26.5,2.1475,2.1475,12.339930151338766,12.339930151338766,1.5700000524520874,6.533773532453573
2016-08-31,26.524999618530273,2.1475,2.1475,12.351571417243434,12.351571417243434,1.5679999589920044,6.528135878460613
2016-09-01,26.6825008392334,2.1475,2.1475,12.424913079968986,12.424913079968986,1.5700000524520874,6.478345988794393
2016-09-02,26.9325008392334,2.1475,2.1475,12.541327515358976,12.541327515358976,1.5959999561309814,6.37763759360473
2016-09-06,26.924999237060547,2.1475,2.1475,12.537834336233084,12.537834336233084,1.5429999828338623,6.432859110391674
2016-09-07,27.09000015258789,2.1475,2.1475,12.61466828991287,12.61466828991287,1.5410000085830688,6.386279385672862
2016-09-08,26.3799991607666,2.1475,2.1475,12.284050831556042,12.284050831556042,1.6160000562667847,6.524637048808824
2016-09-09,25.782499313354492,2.1475,2.1475,12.005820402027704,12.005820402027704,1.6720000505447388,6.657293296464738
2016-09-12,26.360000610351562,2.1475,2.1475,12.274738351735303,12.274738351735303,1.6720000505447388,6.474813114386212
2016-09-13,26.987499237060547,2.1475,2.1475,12.56693794508058,12.56693794508058,1.7339999675750732,6.223387936862358
2016-09-14,27.9424991607666,2.1475,2.1475,13.011641052743471,13.011641052743471,1.6890000104904175,5.9964256475525595
2016-09-15,28.892499923706055,2.1475,2.1475,13.454016262494088,13.454016262494088,1.7029999494552612,5.729724825731099
2016-09-16,28.729999542236328,2.1475,2.1475,13.378346701856264,13.378346701856264,1.7009999752044678,5.773765197843773
2016-09-19,28.395000457763672,2.1475,2.1475,13.222351784756075,13.222351784756075,1.6959999799728394,5.866951121909737
2016-09-20,28.392499923706055,2.1475,2.1475,13.221187391714112,13.221187391714112,1.687999963760376,5.875617208980953
2016-09-21,28.387500762939453,2.1475,2.1475,13.21885949380184,13.21885949380184,1.6679999828338623,5.896949175366114
2016-09-22,28.655000686645508,2.1475,2.1475,13.343422904142262,13.343422904142262,1.6319999694824219,5.862328938354002
2016-09-23,28.177499771118164,2.1475,2.1475,13.12107090622499,13.12107090622499,1.6150000095367432,6.006329126986504
2016-09-26,28.219999313354492,2.1475,2.1475,13.14086114708009,13.14086114708009,1.5889999866485596,6.020851367896807
2016-09-27,28.272499084472656,2.1475,2.1475,13.165308071931388,13.165308071931388,1.555999994277954,6.039720474519987
2016-09-28,28.487499237060547,2.1475,2.1475,13.265424557420511,13.265424557420511,1.5670000314712524,5.971394202889024
2016-09-29,28.045000076293945,2.1475,2.1475,13.059371397575761,13.059371397575761,1.5570000410079956,6.100336361765817
2016-09-30,28.262500762939453,2.1475,2.1475,13.160652276106847,13.160652276106847,1.6080000400543213,5.990407538994774
2016-10-03,28.1299991607666,2.1475,2.1475,13.098951879285961,13.098951879285961,1.621999979019165,6.012198613475483
2016-10-04,28.25,2.1475,2.1475,13.154831199068685,13.154831199068685,1.6829999685287476,5.918769942975677
2016-10-05,28.262500762939453,2.1475,2.1475,13.160652276106847,13.160652276106847,1.715999960899353,5.882407618149743
2016-10-06,28.47249984741211,2.1475,2.1475,13.258439975512042,13.258439975512042,1.7419999837875366,5.800365496970164
2016-10-07,28.514999389648438,2.1475,2.1475,13.278230216367142,13.278230216367142,1.7359999418258667,5.795124189215108
2016-10-10,29.012500762939453,2.1475,2.1475,13.509895582276812,13.509895582276812,1.7230000495910645,5.678981660111171
2016-10-11,29.075000762939453,2.1475,2.1475,13.53899919112431,13.53899919112431,1.7589999437332153,5.627070369762074
2016-10-12,29.334999084472656,2.1475,2.1475,13.66006942233884,13.66006942233884,1.777999997138977,5.542607015038145
2016-10-13,29.2450008392334,2.1475,2.1475,13.618161042716368,13.618161042716368,1.7380000352859497,5.605135332722104
2016-10-14,29.407499313354492,2.1475,2.1475,13.693829715182535,13.693829715182535,1.7940000295639038,5.508559011982278
2016-10-17,29.387500762939453,2.1475,2.1475,13.684517235361794,13.684517235361794,1.7660000324249268,5.541528489048427
2016-10-18,29.36750030517578,2.1475,2.1475,13.675203867369397,13.675203867369397,1.7489999532699585,5.563505291248659
2016-10-19,29.280000686645508,2.1475,2.1475,13.634458992617233,13.634458992617233,1.7519999742507935,5.582357777248394
2016-10-20,29.264999389648438,2.1475,2.1475,13.627473522537107,13.627473522537107,1.746999979019165,5.591117378877004
2016-10-21,29.149999618530273,2.1475,2.1475,13.573922988838312,13.573922988838312,1.7400000095367432,5.627066982240719
2016-10-24,29.412500381469727,2.1475,2.1475,13.696158501266462,13.696158501266462,1.7630000114440918,5.538317360923727
2016-10-25,29.5625,2.1475,2.1475,13.766006984866124,13.766006984866124,1.7580000162124634,5.506270596895359
2016-10-26,28.897499084472656,2.0775,2.0775,13.909746851731724,13.909746851731724,1.7899999618530273,5.399203484185985
2016-10-27,28.6200008392334,2.0775,2.0775,13.776173689161682,13.776173689161682,1.843000054359436,5.415909586034716
2016-10-28,28.43000030517578,2.0775,2.0775,13.684717355078595,13.684717355078595,1.8450000286102295,5.462421630550934
2016-10-31,28.385000228881836,2.0775,2.0775,13.663056668535178,13.663056668535178,1.8339999914169312,5.485006467093282
2016-11-01,27.872499465942383,2.0775,2.0775,13.416365567240616,13.416365567240616,1.8200000524520874,5.633583371375808
2016-11-02,27.897499084472656,2.0775,2.0775,13.428399077965176,13.428399077965176,1.7990000247955322,5.647904064024051
2016-11-03,27.457500457763672,2.0775,2.0775,13.21660671853847,13.21660671853847,1.812000036239624,5.754238570204912
2016-11-04,27.209999084472656,2.0775,2.0775,13.097472483500676,13.097472483500676,1.7829999923706055,5.8520609039949605
2016-11-07,27.602500915527344,2.0775,2.0775,13.286402366078143,13.286402366078143,1.8279999494552612,5.69849196646869
2016-11-08,27.764999389648438,2.0775,2.0775,13.364620644836792,13.364620644836792,1.8619999885559082,5.620442099213594
2016-11-09,27.719999313354492,2.0775,2.0775,13.342959958293378,13.342959958293378,2.072000026702881,5.422588903532539
2016-11-10,26.947500228881836,2.0775,2.0775,12.971119243745768,12.971119243745768,2.117000102996826,5.5924348440465135
2016-11-11,27.107500076293945,2.0775,2.0775,13.048134814100575,13.048134814100575,2.117000102996826,5.5469305219331195
2016-11-14,26.427499771118164,2.0775,2.0775,12.72081818104364,12.72081818104364,2.2219998836517334,5.639129689681718
2016-11-15,26.77750015258789,2.0775,2.0775,12.889290085481536,12.889290085481536,2.23799991607666,5.5203792760124175
2016-11-16,27.497499465942383,2.0775,2.0775,13.235860152078162,13.235860152078162,2.2230000495910645,5.332232390991877
2016-11-17,27.487499237060547,2.0775,2.0775,13.231046564168734,13.231046564168734,2.2760000228881836,5.281981087299428
2016-11-18,27.514999389648438,2.0775,2.0775,13.244283701395156,13.244283701395156,2.3350000381469727,5.215427169136874
2016-11-21,27.9325008392334,2.0775,2.0775,13.445247094697182,13.445247094697182,2.3389999866485596,5.098572509839072
2016-11-22,27.950000762939453,2.0775,2.0775,13.453670644014176,13.453670644014176,2.321000099182129,5.111915619212696
2016-11-23,27.8075008392334,2.0775,2.0775,13.385078622976364,13.385078622976364,2.3570001125335693,5.114005685545454
2016-11-25,27.947500228881836,2.0775,2.0775,13.452467017512316,13.452467017512316,2.371999979019165,5.061580781284562
2016-11-28,27.892499923706055,2.0775,2.0775,13.425992743059473,13.425992743059473,2.319999933242798,5.128238860994203
2016-11-29,27.864999771118164,2.0775,2.0775,13.41275560583305,13.41275560583305,2.302000045776367,5.153589464593238
2016-11-30,27.6299991607666,2.0775,2.0775,13.299638585206546,13.299638585206546,2.368000030517578,5.151001283640838
2016-12-01,27.372499465942383,2.0775,2.0775,13.175691680357344,13.175691680357344,2.440999984741211,5.148734385643499
2016-12-02,27.475000381469727,2.0775,2.0775,13.225030267855463,13.225030267855463,2.390000104904175,5.1714192623586985
2016-12-05,27.27750015258789,2.0775,2.0775,13.129963972364807,13.129963972364807,2.38700008392334,5.229167044217625
2016-12-06,27.487499237060547,2.0775,2.0775,13.231046564168734,13.231046564168734,2.3959999084472656,5.161981201740346
2016-12-07,27.75749969482422,2.0775,2.0775,13.361010683429226,13.361010683429226,2.3469998836517334,5.137463857105795
2016-12-08,28.030000686645508,2.0775,2.0775,13.49217842919158,13.49217842919158,2.38700008392334,5.024701482640642
2016-12-09,28.487499237060547,2.0775,2.0775,13.712394337935281,13.712394337935281,2.4639999866485596,4.828672433320462
2016-12-12,28.325000762939453,2.0775,2.0775,13.634176059176632,13.634176059176632,2.4790000915527344,4.8555098609349265
2016-12-13,28.797500610351562,2.0775,2.0775,13.861612808833483,13.861612808833483,2.4809999465942383,4.73316779702314
2016-12-14,28.797500610351562,2.0775,2.0775,13.861612808833483,13.861612808833483,2.5250000953674316,4.6891676482499465
2016-12-15,28.954999923706055,2.0775,2.0775,13.937424752686427,13.937424752686427,2.5799999237060547,4.594926705456559
2016-12-16,28.99250030517578,2.0775,2.0775,13.955475477822276,13.955475477822276,2.5969998836517334,4.568646328755556
2016-12-19,29.15999984741211,2.0775,2.0775,14.036101009584648,14.036101009584648,2.5420000553131104,4.582485578675581
2016-12-20,29.237499237060547,2.0775,2.0775,14.07340516826019,14.07340516826019,2.568000078201294,4.537600791269189
2016-12-21,29.264999389648438,2.0775,2.0775,14.086642305486611,14.086642305486611,2.5460000038146973,4.552923773148885
2016-12-22,29.072500228881836,2.0775,2.0775,13.993983262999679,13.993983262999679,2.552999973297119,4.592928253185875
2016-12-23,29.1299991607666,2.0775,2.0775,14.021660245856365,14.021660245856365,2.5429999828338623,4.588823085661302
2016-12-27,29.315000534057617,2.0775,2.0775,14.11071024503375,14.11071024503375,2.562999963760376,4.523815530533747
2016-12-28,29.190000534057617,2.0775,2.0775,14.050541773312931,14.050541773312931,2.50600004196167,4.611163239950792
2016-12-29,29.1825008392334,2.0775,2.0775,14.046931811905365,14.046931811905365,2.4769999980926514,4.64199234408173
2016-12-30,28.954999923706055,2.0775,2.0775,13.937424752686427,13.937424752686427,2.446000099182129,4.728926529980485
2017-01-03,29.037500381469727,2.0775,2.0775,13.977136164365692,13.977136164365692,2.450000047683716,4.704541399436699
2017-01-04,29.0049991607666,2.0775,2.0775,13.961491774135547,13.961491774135547,2.4519999027252197,4.710558484141122
2017-01-05,29.15250015258789,2.0775,2.0775,14.032491048177082,14.032491048177082,2.368000030517578,4.758318429738321
2017-01-06,29.477500915527344,2.0775,2.0775,14.188929441890417,14.188929441890417,2.4179999828338623,4.6297480808619715
2017-01-09,29.747499465942383,2.0775,2.0775,14.318892643052891,14.318892643052891,2.375999927520752,4.607780347451635
2017-01-10,29.77750015258789,2.0775,2.0775,14.333333406781174,14.333333406781174,2.378999948501587,4.597744201794218
2017-01-11,29.9375,2.0775,2.0775,14.41034897713598,14.41034897713598,2.369999885559082,4.569457316946138
2017-01-12,29.8125,2.0775,2.0775,14.350180505415162,14.350180505415162,2.3610000610351562,4.607553398084341
2017-01-13,29.760000228881836,2.0775,2.0775,14.32490985746418,14.32490985746418,2.380000114440918,4.6008466060634845
2017-01-17,30.0,2.0775,2.0775,14.440433212996389,14.440433212996389,2.3269999027252197,4.598000097274781
2017-01-18,29.997499465942383,2.0775,2.0775,14.439229586494527,14.439229586494527,2.3889999389648438,4.536577315761627
2017-01-19,29.94499969482422,2.0775,2.0775,14.413958938543546,14.413958938543546,2.4590001106262207,4.478719111855793
2017-01-20,30.0,2.0775,2.0775,14.440433212996389,14.440433212996389,2.4670000076293945,4.457999992370606
2017-01-23,30.020000457763672,2.0775,2.0775,14.450060388815244,14.450060388815244,2.4030001163482666,4.517386187185997
2017-01-24,29.99250030517578,2.0775,2.0775,14.436823251588823,14.436823251588823,2.4709999561309814,4.455731656309771
2017-01-25,30.469999313354492,2.0775,2.0775,14.66666633615138,14.66666633615138,2.5230000019073486,4.295181969923108
2017-01-26,30.485000610351562,2.0775,2.0775,14.673887177064529,14.673887177064529,2.507999897003174,4.3068269306353315
2017-01-27,30.487499237060547,2.0775,2.0775,14.675089885468372,14.675089885468372,2.4809999465942383,4.333268366611966
2017-01-30,30.407499313354492,2.0775,2.0775,14.63658210029097,14.63658210029097,2.4830000400543213,4.349196118501851
2017-01-31,30.337499618530273,2.0775,2.0775,14.602887903022994,14.602887903022994,2.4509999752044678,4.396960555896963
2017-02-01,32.1875,2.0975,2.0975,15.345649582836709,15.345649582836709,2.4739999771118164,4.042504877257117
2017-02-02,32.13249969482422,2.0975,2.0975,15.319427744850639,15.319427744850639,2.4700000286102295,4.057658945701867
2017-02-03,32.27000045776367,2.0975,2.0975,15.384982339815814,15.384982339815814,2.490999937057495,4.0088450280682295
2017-02-06,32.5724983215332,2.0975,2.0975,15.529200630051585,15.529200630051585,2.4130001068115234,4.026481382434186
2017-02-07,32.88249969482422,2.0975,2.0975,15.67699627881965,15.67699627881965,2.3889999389648438,3.989773023755358
2017-02-08,33.0099983215332,2.0975,2.0975,15.737782274866841,15.737782274866841,2.3510000705718994,4.00313536309079
2017-02-09,33.10499954223633,2.0975,2.0975,15.78307487114962,15.78307487114962,2.3949999809265137,3.9409010279949577
2017-02-10,33.029998779296875,2.0975,2.0975,15.747317654015196,15.747317654015196,2.4089999198913574,3.9412879321164
2017-02-13,33.3224983215332,2.0975,2.0975,15.886769164020597,15.886769164020597,2.434000015258789,3.8605460291612435
2017-02-14,33.755001068115234,2.0975,2.0975,16.092968328064472,16.092968328064472,2.4700000286102295,3.7438940126531426
2017-02-15,33.877498626708984,2.0975,2.0975,16.151370024652675,16.151370024652675,2.502000093460083,3.689425144607326
2017-02-16,33.837501525878906,2.0975,2.0975,16.13230108504358,16.13230108504358,2.450000047683716,3.7487436698328773
2017-02-17,33.93000030517578,2.0975,2.0975,16.176400622253052,16.176400622253052,2.424999952316284,3.756844967030921
2017-02-21,34.17499923706055,2.0975,2.0975,16.293205834117064,16.293205834117064,2.427000045776367,3.7105275235743855
2017-02-22,34.27750015258789,2.0975,2.0975,16.342073970244524,16.342073970244524,2.4179999828338623,3.7011743754562145
2017-02-23,34.13249969482422,2.0975,2.0975,16.272943835434667,16.272943835434667,2.388000011444092,3.757169603303055
2017-02-24,34.165000915527344,2.0975,2.0975,16.288439053886695,16.288439053886695,2.316999912261963,3.822323792678218
2017-02-27,34.23249816894531,2.0975,2.0975,16.320618912488825,16.320618912488825,2.36899995803833,3.7582186564149636
2017-02-28,34.247501373291016,2.0975,2.0975,16.327771810865798,16.327771810865798,2.3580000400543213,3.766534351922669
2017-03-01,34.9474983215332,2.0975,2.0975,16.66150098762012,16.66150098762012,2.4630000591278076,3.538860161887232
2017-03-02,34.7400016784668,2.0975,2.0975,16.562575293667123,16.562575293667123,2.489000082015991,3.5487083194205935
2017-03-03,34.94499969482422,2.0975,2.0975,16.66030974723443,16.66030974723443,2.492000102996826,3.510289261197003
2017-03-06,34.834999084472656,2.0975,2.0975,16.60786607126229,16.60786607126229,2.49399995803833,3.5272432029380667
2017-03-07,34.880001068115234,2.0975,2.0975,16.62932112901799,16.62932112901799,2.510999917984009,3.502474668510149
2017-03-08,34.75,2.0975,2.0975,16.567342073897496,16.567342073897496,2.552000045776367,3.483971177245216
2017-03-09,34.66999816894531,2.0975,2.0975,16.52920055730408,16.52920055730408,2.5980000495910645,3.451899318095599
2017-03-10,34.78499984741211,2.0975,2.0975,16.58402853273521,16.58402853273521,2.5820000171661377,3.44789795380093
2017-03-13,34.79999923706055,2.0975,2.0975,16.591179612424575,16.591179612424575,2.6080000400543213,3.419298942660167
2017-03-14,34.747501373291016,2.0975,2.0975,16.566150833511806,16.566150833511806,2.5950000286102295,3.4414052296172377
2017-03-15,35.1150016784668,2.0975,2.0975,16.74135956065163,16.74135956065163,2.507999897003174,3.4652306305244043
2017-03-16,35.17250061035156,2.0975,2.0975,16.76877263902339,16.76877263902339,2.5220000743865967,3.4414655979480235
2017-03-17,34.997501373291016,2.0975,2.0975,16.68534034483481,16.68534034483481,2.500999927520752,3.4922850719642273
2017-03-20,35.3650016784668,2.0975,2.0975,16.860549071974635,16.860549071974635,2.4730000495910645,3.4580049000768307
2017-03-21,34.959999084472656,2.0975,2.0975,16.667460826923794,16.667460826923794,2.436000108718872,3.5637140072108284
2017-03-22,35.35499954223633,2.0975,2.0975,16.85578047305665,16.85578047305665,2.3959999084472656,3.536682957222843
2017-03-23,35.22999954223633,2.0975,2.0975,16.79618571739515,16.79618571739515,2.4179999828338623,3.535732708775633
2017-03-24,35.15999984741211,2.0975,2.0975,16.76281279971972,16.76281279971972,2.4000000953674316,3.5655858235824027
2017-03-27,35.220001220703125,2.0975,2.0975,16.791418937164778,16.791418937164778,2.372999906539917,3.5824229421312
2017-03-28,35.95000076293945,2.0975,2.0975,17.139452091985437,17.139452091985437,2.4089999198913574,3.425492306774448
2017-03-29,36.029998779296875,2.0975,2.0975,17.17759178989124,17.17759178989124,2.385999917984009,3.4355378868000432
2017-03-30,35.98249816894531,2.0975,2.0975,17.15494549174985,17.15494549174985,2.4159998893737793,3.4132229459941303
2017-03-31,35.915000915527344,2.0975,2.0975,17.12276563314772,17.12276563314772,2.3959999084472656,3.4441781412021104
2017-04-03,35.92499923706055,2.0975,2.0975,17.12753241337809,17.12753241337809,2.3499999046325684,3.4885527593747296
2017-04-04,36.192501068115234,2.0975,2.0975,17.255066063463758,17.255066063463758,2.3499999046325684,3.4453995236977653
2017-04-05,36.005001068115234,2.0975,2.0975,17.165673929971504,17.165673929971504,2.3570001125335693,3.468579495232288
2017-04-06,35.915000915527344,2.0975,2.0975,17.12276563314772,17.12276563314772,2.3429999351501465,3.4971781144992296
2017-04-07,35.834999084472656,2.0975,2.0975,17.084624116554306,17.084624116554306,2.372999906539917,3.480216372482814
2017-04-10,35.79249954223633,2.0975,2.0975,17.06436211787191,17.06436211787191,2.3610000610351562,3.4991662498559872
2017-04-11,35.407501220703125,2.0975,2.0975,16.880811070657032,16.880811070657032,2.2980000972747803,3.625885880800314
2017-04-12,35.45000076293945,2.0975,2.0975,16.90107306933943,16.90107306933943,2.2960000038146973,3.6207840719498163
2017-04-13,35.26250076293945,2.0975,2.0975,16.811680935847175,16.811680935847175,2.2320001125335693,3.7162450618542113
2017-04-17,35.45750045776367,2.0975,2.0975,16.90464860918411,16.90464860918411,2.252000093460083,3.6635325101381424
2017-04-18,35.29999923706055,2.0975,2.0975,16.82955863507058,16.82955863507058,2.178999900817871,3.762926573214145
2017-04-19,35.16999816894531,2.0975,2.0975,16.767579579950088,16.767579579950088,2.2019999027252197,3.7618900864760523
2017-04-20,35.61000061035156,2.0975,2.0975,16.977354283838647,16.977354283838647,2.240999937057495,3.6491993441811363
2017-04-21,35.567501068115234,2.0975,2.0975,16.95709228515625,16.95709228515625,2.236999988555908,3.6602374810742546
2017-04-24,35.90999984741211,2.0975,2.0975,17.120381333688726,17.120381333688726,2.2730000019073486,3.5679913902192064
2017-04-25,36.13249969482422,2.0975,2.0975,17.2264599260187,17.2264599260187,2.3269999027252197,3.478023324882958
2017-04-26,35.91999816894531,2.0975,2.0975,17.1251481139191,17.1251481139191,2.311000108718872,3.528365445072823
2017-04-27,35.9474983215332,2.0975,2.0975,17.138259032912135,17.138259032912135,2.2960000038146973,3.5388983839364174
2017-04-28,35.912498474121094,2.0975,2.0975,17.121572574074417,17.121572574074417,2.2820000648498535,3.558584937921479
2017-05-01,36.64500045776367,2.0975,2.0975,17.470798787968377,17.470798787968377,2.325000047683716,3.398836693477029
2017-05-02,36.877498626708984,2.0975,2.0975,17.581644160528715,17.581644160528715,2.2960000038146973,3.39175019104494
2017-05-03,36.76499938964844,2.1449999999999996,2.1449999999999996,17.13985985531396,17.13985985531396,2.309000015258789,3.525353406773216
2017-05-04,36.63249969482422,2.1449999999999996,2.1449999999999996,17.07808843581549,17.07808843581549,2.3559999465942383,3.4994563227552025
2017-05-05,37.2400016784668,2.1449999999999996,2.1449999999999996,17.36130614380737,17.36130614380737,2.3519999980926514,3.4079352954664195
2017-05-08,38.252498626708984,2.1449999999999996,2.1449999999999996,17.833332693104424,17.833332693104424,2.375999927520752,3.2314769093055347
2017-05-09,38.497501373291016,2.1449999999999996,2.1449999999999996,17.947553087781362,17.947553087781362,2.4070000648498535,3.1647901123905013
2017-05-10,38.314998626708984,2.1449999999999996,2.1449999999999996,17.862470222241953,17.862470222241953,2.4140000343322754,3.184329802236589
2017-05-11,38.48749923706055,2.1449999999999996,2.1449999999999996,17.94289008720772,17.94289008720772,2.4000000953674316,3.173238079417713
2017-05-12,39.025001525878906,2.1449999999999996,2.1449999999999996,18.193473904838655,18.193473904838655,2.3350000381469727,3.161476364493452
2017-05-15,38.92499923706055,2.1449999999999996,2.1449999999999996,18.14685279117042,18.14685279117042,2.3380000591278076,3.172597351386056
2017-05-16,38.86750030517578,2.1449999999999996,2.1449999999999996,18.120046762319713,18.120046762319713,2.3289999961853027,3.189749558476337
2017-05-17,37.5625,2.1449999999999996,2.1449999999999996,17.511655011655016,17.511655011655016,2.2160000801086426,3.4944824490094923
2017-05-18,38.1349983215332,2.1449999999999996,2.1449999999999996,17.77855399605278,17.77855399605278,2.2330000400543213,3.3917543703551054
2017-05-19,38.26499938964844,2.1449999999999996,2.1449999999999996,17.83916055461466,17.83916055461466,2.244999885559082,3.360645049013349
2017-05-22,38.497501373291016,2.1449999999999996,2.1449999999999996,17.947553087781362,17.947553087781362,2.253999948501587,3.317790228738768
2017-05-23,38.45000076293945,2.1449999999999996,2.1449999999999996,17.925408281090657,17.925408281090657,2.2850000858306885,3.2936734055557837
2017-05-24,38.334999084472656,2.1449999999999996,2.1449999999999996,17.871794444975603,17.871794444975603,2.2660000324249268,3.3294089964716402
2017-05-25,38.467498779296875,2.1449999999999996,2.1449999999999996,17.933565864474073,17.933565864474073,2.255000114440918,3.321135761475282
2017-05-26,38.40250015258789,2.1449999999999996,2.1449999999999996,17.903263474399953,17.903263474399953,2.25,3.3355738336751255
2017-05-30,38.41749954223633,2.1449999999999996,2.1449999999999996,17.910256196846777,17.910256196846777,2.2170000076293945,3.366393043867305
2017-05-31,38.189998626708984,2.1449999999999996,2.1449999999999996,17.804195163966895,17.804195163966895,2.196000099182129,3.4206536770236875
2017-06-01,38.29499816894531,2.1449999999999996,2.1449999999999996,17.853145999508307,17.853145999508307,2.2170000076293945,3.384253687531901
2017-06-02,38.86249923706055,2.1449999999999996,2.1449999999999996,18.117715262032892,18.117715262032892,2.1589999198913574,3.3604598217879884
2017-06-05,38.48249816894531,2.1449999999999996,2.1449999999999996,17.940558586920893,17.940558586920893,2.181999921798706,3.3919625340248514
2017-06-06,38.61249923706055,2.1449999999999996,2.1449999999999996,18.001165145482776,18.001165145482776,2.1470000743865967,3.408195891641973
2017-06-07,38.842498779296875,2.1449999999999996,2.1449999999999996,18.108391039299246,18.108391039299246,2.177999973297119,3.3443018028782303
2017-06-08,38.747501373291016,2.1449999999999996,2.1449999999999996,18.06410320433148,18.06410320433148,2.194000005722046,3.341840820077798
2017-06-09,37.244998931884766,2.1449999999999996,2.1449999999999996,17.363635865680546,17.363635865680546,2.1989998817443848,3.5601625870822797
2017-06-12,36.35499954223633,2.1449999999999996,2.1449999999999996,16.948717735308314,16.948717735308314,2.2130000591278076,3.687151301094305
2017-06-13,36.647499084472656,2.1449999999999996,2.1449999999999996,17.085081158262312,17.085081158262312,2.2070000171661377,3.6460596829126173
2017-06-14,36.290000915527344,2.1449999999999996,2.1449999999999996,16.918415345234195,16.918415345234195,2.138000011444092,3.772719045832708
2017-06-15,36.0724983215332,2.1449999999999996,2.1449999999999996,16.81701553451432,16.81701553451432,2.1619999408721924,3.7843583647834986
2017-06-16,35.567501068115234,2.1449999999999996,2.1449999999999996,16.581585579540906,16.581585579540906,2.1570000648498535,3.8737862866908834
2017-06-19,36.584999084472656,2.1449999999999996,2.1449999999999996,17.055943629124783,17.055943629124783,2.190000057220459,3.6730587200869236
2017-06-20,36.252498626708984,2.1449999999999996,2.1449999999999996,16.900931760703493,16.900931760703493,2.1530001163482666,3.7638334296288187
2017-06-21,36.467498779296875,2.1449999999999996,2.1449999999999996,17.001164932073138,17.001164932073138,2.1549999713897705,3.726949906724017
2017-06-22,36.407501220703125,2.1449999999999996,2.1449999999999996,16.973194042285844,16.973194042285844,2.1530001163482666,3.738642891494978
2017-06-23,36.56999969482422,2.1449999999999996,2.1449999999999996,17.048950906677963,17.048950906677963,2.1440000534057617,3.7214634902091506
2017-06-26,36.45500183105469,2.1449999999999996,2.1449999999999996,16.995338848976548,16.995338848976548,2.13700008392334,3.746966154621057
2017-06-27,35.932498931884766,2.1449999999999996,2.1449999999999996,16.751747753792436,16.751747753792436,2.197999954223633,3.771526418173
2017-06-28,36.45750045776367,2.1449999999999996,2.1449999999999996,16.99650370991314,16.99650370991314,2.2209999561309814,3.662563022864247
2017-06-29,35.91999816894531,2.1449999999999996,2.1449999999999996,16.7459198922822,16.7459198922822,2.2669999599456787,3.704603907936649
2017-06-30,36.005001068115234,2.1449999999999996,2.1449999999999996,16.78554828350361,16.78554828350361,2.302000045776367,3.6555056794478338
2017-07-03,35.875,2.1449999999999996,2.1449999999999996,16.72494172494173,16.72494172494173,2.3459999561309814,3.6330941205240697
2017-07-05,36.022499084472656,2.1449999999999996,2.1449999999999996,16.793705866887024,16.793705866887024,2.3340001106262207,3.620611741732997
2017-07-06,35.682498931884766,2.1449999999999996,2.1449999999999996,16.635197637242317,16.635197637242317,2.369999885559082,3.641350395974297
2017-07-07,36.04499816894531,2.1449999999999996,2.1449999999999996,16.80419495055726,16.80419495055726,2.3929998874664307,3.5578951297735237
2017-07-10,36.26499938964844,2.1449999999999996,2.1449999999999996,16.906759622213727,16.906759622213727,2.371000051498413,3.543793926444609
2017-07-11,36.38249969482422,2.1449999999999996,2.1449999999999996,16.961538319265372,16.961538319265372,2.361999988555908,3.533691670874375
2017-07-12,36.435001373291016,2.1449999999999996,2.1449999999999996,16.986014626242902,16.986014626242902,2.3269999027252197,3.560196252487251
2017-07-13,36.942501068115234,2.1449999999999996,2.1449999999999996,17.222611220566545,17.222611220566545,2.3480000495910645,3.4583204159481014
2017-07-14,37.2599983215332,2.1449999999999996,2.1449999999999996,17.37062858812737,17.37062858812737,2.319000005722046,3.4378440539309754
2017-07-17,37.38999938964844,2.1449999999999996,2.1449999999999996,17.43123514668925,17.43123514668925,2.309000015258789,3.427828107273492
2017-07-18,37.52000045776367,2.1449999999999996,2.1449999999999996,17.491841705251133,17.491841705251133,2.263000011444092,3.453950878294382
2017-07-19,37.755001068115234,2.1449999999999996,2.1449999999999996,17.601399099354424,17.601399099354424,2.2679998874664307,3.4133666582002578
2017-07-20,37.584999084472656,2.1449999999999996,2.1449999999999996,17.522144095325253,17.522144095325253,2.2660000324249268,3.441064094885788
2017-07-21,37.567501068115234,2.1449999999999996,2.1449999999999996,17.513986511941837,17.513986511941837,2.2320001125335693,3.4777222246290993
2017-07-24,38.022499084472656,2.1449999999999996,2.1449999999999996,17.726106799287955,17.726106799287955,2.253999948501587,3.387396728856632
2017-07-25,38.185001373291016,2.1449999999999996,2.1449999999999996,17.801865442093717,17.801865442093717,2.3259999752044678,3.2913888498758084
2017-07-26,38.3650016784668,2.1449999999999996,2.1449999999999996,17.885781668282892,17.885781668282892,2.2820000648498535,3.309033184612842
2017-07-27,37.63999938964844,2.1449999999999996,2.1449999999999996,17.54778526323937,17.54778526323937,2.309999942779541,3.3887249105208195
2017-07-28,37.375,2.1449999999999996,2.1449999999999996,17.42424242424243,17.42424242424243,2.2890000343322754,3.4501304004503313
2017-07-31,37.182498931884766,2.1449999999999996,2.1449999999999996,17.334498336543017,17.334498336543017,2.2920000553131104,3.4768429800338696
2017-08-01,37.51250076293945,2.1449999999999996,2.1449999999999996,17.48834534402772,17.48834534402772,2.250999927520752,3.467093924860203
2017-08-02,39.28499984741211,2.2074999999999996,2.2074999999999996,17.796149421251243,17.796149421251243,2.26200008392334,3.357193014140062
2017-08-03,38.89250183105469,2.2074999999999996,2.2074999999999996,17.618347375336214,17.618347375336214,2.2279999256134033,3.447901330595747
2017-08-04,39.09749984741211,2.2074999999999996,2.2074999999999996,17.711211708906962,17.711211708906962,2.2669999599456787,3.3791411197021937
2017-08-07,39.70249938964844,2.2074999999999996,2.2074999999999996,17.985277186703712,17.985277186703712,2.256999969482422,3.303103384049918
2017-08-08,40.02000045776367,2.2074999999999996,2.2074999999999996,18.129105530130772,18.129105530130772,2.2829999923706055,3.2329919485334235
2017-08-09,40.26499938964844,2.2074999999999996,2.2074999999999996,18.240090323736556,18.240090323736556,2.240999937057495,3.2414290545284743
2017-08-10,38.83000183105469,2.2074999999999996,2.2074999999999996,17.590034804554787,17.590034804554787,2.2119998931884766,3.473037180990926
2017-08-11,39.369998931884766,2.2074999999999996,2.2074999999999996,17.83465410277906,17.83465410277906,2.188999891281128,3.41806147496189
2017-08-14,39.962501525878906,2.2074999999999996,2.2074999999999996,18.10305844886927,18.10305844886927,2.2190001010894775,3.304928371132081
2017-08-15,40.400001525878906,2.2074999999999996,2.2074999999999996,18.30124644433926,18.30124644433926,2.2660000324249268,3.1981086720907106
2017-08-16,40.23749923706055,2.2074999999999996,2.2074999999999996,18.22763272347024,18.22763272347024,2.2260000705718994,3.260175864454383
2017-08-17,39.46500015258789,2.2074999999999996,2.2074999999999996,17.877689763346726,17.877689763346726,2.1989998817443848,3.39456401402376
2017-08-18,39.375,2.2074999999999996,2.2074999999999996,17.836919592298983,17.836919592298983,2.194000005722046,3.41234920062716
2017-08-21,39.3025016784668,2.2074999999999996,2.2074999999999996,17.804077770539887,17.804077770539887,2.180000066757202,3.4366907435620124
2017-08-22,39.94499969482422,2.2074999999999996,2.2074999999999996,18.095130099580622,18.095130099580622,2.2149999141693115,3.3113488575545036
2017-08-23,39.994998931884766,2.2074999999999996,2.2074999999999996,18.11777981059333,18.11777981059333,2.1710000038146973,3.3484400735799262
2017-08-24,39.817501068115234,2.2074999999999996,2.2074999999999996,18.037373077288898,18.037373077288898,2.194000005722046,3.3500445495192803
2017-08-25,39.96500015258789,2.2074999999999996,2.2074999999999996,18.104190329598143,18.104190329598143,2.1689999103546143,3.3545832037994714
2017-08-28,40.36750030517578,2.2074999999999996,2.2074999999999996,18.28652335455302,18.28652335455302,2.1589999198913574,3.3095081207637174
2017-08-29,40.727500915527344,2.2074999999999996,2.2074999999999996,18.44960403874399,18.44960403874399,2.135999917984009,3.2841706065432916
2017-08-30,40.837501525878906,2.2074999999999996,2.2074999999999996,18.49943443980925,18.49943443980925,2.1429998874664307,3.2625707706726255
2017-08-31,41.0,2.2074999999999996,2.2074999999999996,18.573046432616085,18.573046432616085,2.121000051498413,3.2631462899650003
2017-09-01,41.01250076293945,2.2074999999999996,2.2074999999999996,18.578709292384808,18.578709292384808,2.1570000648498535,3.2255051687612246
2017-09-05,40.52000045776367,2.2074999999999996,2.2074999999999996,18.35560609638219,18.35560609638219,2.069999933242798,3.377926954865221
2017-09-06,40.477500915527344,2.2074999999999996,2.2074999999999996,18.33635375561828,18.33635375561828,2.1080000400543213,3.3456469244824465
2017-09-07,40.314998626708984,2.2074999999999996,2.2074999999999996,18.26274003474926,18.26274003474926,2.061000108718872,3.4146294961337365
2017-09-08,39.657501220703125,2.2074999999999996,2.2074999999999996,17.964892965210932,17.964892965210932,2.061000108718872,3.5054121261689337
2017-09-11,40.375,2.2074999999999996,2.2074999999999996,18.289920724801817,18.289920724801817,2.125,3.342492260061918
2017-09-12,40.21500015258789,2.2074999999999996,2.2074999999999996,18.21744061272385,18.21744061272385,2.1710000038146973,3.318245281835125
2017-09-13,39.912498474121094,2.2074999999999996,2.2074999999999996,18.080407009794385,18.080407009794385,2.194999933242798,3.335849009805262
2017-09-14,39.56999969482422,2.2074999999999996,2.2074999999999996,17.925254674892063,17.925254674892063,2.197000026702881,3.3817212697967545
2017-09-15,39.970001220703125,2.2074999999999996,2.2074999999999996,18.106455819118068,18.106455819118068,2.2019999027252197,3.320892097729832
2017-09-18,39.66749954223633,2.2074999999999996,2.2074999999999996,17.9694222161886,17.9694222161886,2.2290000915527344,3.33600911113105
2017-09-19,39.682498931884766,2.2074999999999996,2.2074999999999996,17.976216956686194,17.976216956686194,2.243000030517578,3.3199056821221067
2017-09-20,39.01750183105469,2.2074999999999996,2.2074999999999996,17.674972516899068,17.674972516899068,2.2769999504089355,3.380717474859469
2017-09-21,38.34749984741211,2.2074999999999996,2.2074999999999996,17.371460859529837,17.371460859529837,2.2780001163482666,3.4785681313440886
2017-09-22,37.97249984741211,2.2074999999999996,2.2074999999999996,17.201585434841277,17.201585434841277,2.26200008392334,3.551417544282785
2017-09-25,37.63750076293945,2.2074999999999996,2.2074999999999996,17.04983047018775,17.04983047018775,2.2200000286102295,3.6451609285531656
2017-09-26,38.28499984741211,2.2074999999999996,2.2074999999999996,17.34314828874841,17.34314828874841,2.2290000915527344,3.5369657143716884
2017-09-27,38.557498931884766,2.2074999999999996,2.2074999999999996,17.46659068262051,17.46659068262051,2.309000015258789,3.4162157304506087
2017-09-28,38.31999969482422,2.2074999999999996,2.2074999999999996,17.359003259263524,17.359003259263524,2.309000015258789,3.4516994043139118
2017-09-29,38.529998779296875,2.2074999999999996,2.2074999999999996,17.454133082354193,17.454133082354193,2.3259999752044678,3.403302049030592
2017-10-02,38.45249938964844,2.2074999999999996,2.2074999999999996,17.419025771075173,17.419025771075173,2.3369998931884766,3.4038492974736707
2017-10-03,38.619998931884766,2.2074999999999996,2.2074999999999996,17.494903253401937,17.494903253401937,2.3340001106262207,3.381950332286614
2017-10-04,38.369998931884766,2.2074999999999996,2.2074999999999996,17.381652970276228,17.381652970276228,2.3299999237060547,3.4231928348311564
2017-10-05,38.84749984741211,2.2074999999999996,2.2074999999999996,17.597961425781254,17.597961425781254,2.3499999046325684,3.3324764675169147
2017-10-06,38.82500076293945,2.2074999999999996,2.2074999999999996,17.587769315034862,17.587769315034862,2.369999885559082,3.3157694811402667
2017-10-09,38.959999084472656,2.2074999999999996,2.2074999999999996,17.648923707575385,17.648923707575385,2.3610000610351562,3.3050678339196704
2017-10-10,38.974998474121094,2.2074999999999996,2.2074999999999996,17.655718448072978,17.655718448072978,2.3450000286102295,3.31888730025202
2017-10-11,39.13750076293945,2.2074999999999996,2.2074999999999996,17.729332168941998,17.729332168941998,2.3450000286102295,3.295370350099163
2017-10-12,39.0,2.2074999999999996,2.2074999999999996,17.667044167610424,17.667044167610424,2.322999954223633,3.337256456032776
2017-10-13,39.247501373291016,2.2074999999999996,2.2074999999999996,17.77916257000726,17.77916257000726,2.2799999713897705,3.3445619058212532
2017-10-16,39.970001220703125,2.2074999999999996,2.2074999999999996,18.106455819118068,18.106455819118068,2.306999921798706,3.2158920786563456
2017-10-17,40.11750030517578,2.2074999999999996,2.2074999999999996,18.17327307142731,18.17327307142731,2.2980000972747803,3.2045860140418263
2017-10-18,39.939998626708984,2.2074999999999996,2.2074999999999996,18.092864610060698,18.092864610060698,2.3389999866485596,3.188040764233648
2017-10-19,38.994998931884766,2.2074999999999996,2.2074999999999996,17.664778678090496,17.664778678090496,2.321000099182129,3.339982233080506
2017-10-20,39.0625,2.2074999999999996,2.2074999999999996,17.69535673839185,17.69535673839185,2.38100004196167,3.2701999580383285
2017-10-23,39.04249954223633,2.2074999999999996,2.2074999999999996,17.68629650837433,17.68629650837433,2.375999927520752,3.2780950353591676
2017-10-24,39.275001525878906,2.2074999999999996,2.2074999999999996,17.791620170273575,17.791620170273575,2.4059998989105225,3.2146236892144673
2017-10-25,39.102500915527344,2.2074999999999996,2.2074999999999996,17.713477198426887,17.713477198426887,2.444000005722046,3.2014189529497665
2017-10-26,39.352500915527344,2.2074999999999996,2.2074999999999996,17.826727481552595,17.826727481552595,2.4519999027252197,3.1575546329281536
2017-10-27,40.76250076293945,2.2074999999999996,2.2074999999999996,18.4654590092591,18.4654590092591,2.427999973297119,2.9875166380071105
2017-10-30,41.68000030517578,2.2074999999999996,2.2074999999999996,18.881087340962985,18.881087340962985,2.369999885559082,2.926305258003679
2017-10-31,42.2599983215332,2.2074999999999996,2.2074999999999996,19.143827099222293,19.143827099222293,2.375999927520752,2.8476159922063147
2017-11-01,41.72249984741211,2.2074999999999996,2.2074999999999996,18.900339681726894,18.900339681726894,2.375999927520752,2.9149102721875293
2017-11-02,42.02750015258789,2.2074999999999996,2.2074999999999996,19.03850516538523,19.03850516538523,2.3469998836517334,2.90551333265973
2017-11-03,43.125,2.3025,2.3025,18.72964169381107,18.72964169381107,2.3429999351501465,2.9961304996324634
2017-11-06,43.5625,2.3025,2.3025,18.919652551574373,18.919652551574373,2.319999933242798,2.965509392438695
2017-11-07,43.70249938964844,2.3025,2.3025,18.98045576097652,18.98045576097652,2.306999921798706,2.961577464293267
2017-11-08,44.060001373291016,2.3025,2.3025,19.13572263769425,19.13572263769425,2.325000047683716,2.9008282052308783
2017-11-09,43.970001220703125,2.3025,2.3025,19.096634623540986,19.096634623540986,2.3310000896453857,2.905524668320452
2017-11-10,43.66749954223633,2.3025,2.3025,18.965254958625984,18.965254958625984,2.4000000953674316,2.8728000973089607
2017-11-13,43.49250030517578,2.3025,2.3025,18.8892509468733,18.8892509468733,2.4000000953674316,2.8940160771771337
2017-11-14,42.834999084472656,2.3025,2.3025,18.60369124189909,18.60369124189909,2.38100004196167,2.994277299493061
2017-11-15,42.27000045776367,2.3025,2.3025,18.358306387736665,18.358306387736665,2.3350000381469727,3.1121255238710974
2017-11-16,42.775001525878906,2.3025,2.3025,18.577633670305712,18.577633670305712,2.3610000610351562,3.021816812991104
2017-11-17,42.537498474121094,2.3025,2.3025,18.474483593537933,18.474483593537933,2.3540000915527344,3.0588710987942767
2017-11-20,42.494998931884766,2.3025,2.3025,18.456025594738225,18.456025594738225,2.371999979019165,3.046284661229156
2017-11-21,43.28499984741211,2.3025,2.3025,18.79913131266541,18.79913131266541,2.36299991607666,2.9563948121588774
2017-11-22,43.7400016784668,2.3025,2.3025,18.99674339998558,18.99674339998558,2.322000026702881,2.942060127948464
2017-11-24,43.74250030517578,2.3025,2.3025,18.997828579880903,18.997828579880903,2.3399999141693115,2.9237595507361718
2017-11-27,43.522499084472656,2.3025,2.3025,18.90227973266999,18.90227973266999,2.328000068664551,2.9623670941472326
2017-11-28,43.26750183105469,2.3025,2.3025,18.79153173987174,18.79153173987174,2.3380000591278076,2.9835459108486955
2017-11-29,42.369998931884766,2.3025,2.3025,18.401736778234426,18.401736778234426,2.375999927520752,3.0582697398010845
2017-11-30,42.962501525878906,2.3025,2.3025,18.65906689506141,18.65906689506141,2.4170000553131104,2.9423247470684872
2017-12-01,42.76250076293945,2.3025,2.3025,18.572204457302693,18.572204457302693,2.361999988555908,3.0223904444645218
2017-12-04,42.45000076293945,2.3025,2.3025,18.43648241604319,18.43648241604319,2.378999948501587,3.045028222565432
2017-12-05,42.40999984741211,2.3025,2.3025,18.419109597138807,18.419109597138807,2.3559999465942383,3.073144142734262
2017-12-06,42.252498626708984,2.3025,2.3025,18.350705158179796,18.350705158179796,2.3299999237060547,3.1193819468007122
2017-12-07,42.33000183105469,2.3025,2.3025,18.384365616093238,18.384365616093238,2.375999927520752,3.06340451472241
2017-12-08,42.342498779296875,2.3025,2.3025,18.38979317233306,18.38979317233306,2.382999897003174,3.054799161577173
2017-12-11,43.16749954223633,2.3025,2.3025,18.748099692610783,18.748099692610783,2.384999990463257,2.9488739295379878
2017-12-12,42.92499923706055,2.3025,2.3025,18.642779256052354,18.642779256052354,2.4030001163482666,2.9610069679245967
2017-12-13,43.067501068115234,2.3025,2.3025,18.70466930211302,18.70466930211302,2.3489999771118164,2.9972586701182227
2017-12-14,43.05500030517578,2.3025,2.3025,18.699240089110003,18.699240089110003,2.3459999561309814,3.0018109454594875
2017-12-15,43.49250030517578,2.3025,2.3025,18.8892509468733,18.8892509468733,2.3550000190734863,2.939016153471079
2017-12-18,44.10499954223633,2.3025,2.3025,19.15526581638928,19.15526581638928,2.3919999599456787,2.828496636579743
2017-12-19,43.6349983215332,2.3025,2.3025,18.95113933617077,18.95113933617077,2.4630000591278076,2.8137275415783254
2017-12-20,43.587501525878906,2.3025,2.3025,18.930510977580415,18.930510977580415,2.496999979019165,2.7854776106471126
2017-12-21,43.752498626708984,2.3025,2.3025,19.0021709562254,19.0021709562254,2.4809999465942383,2.7815566439325137
2017-12-22,43.752498626708984,2.3025,2.3025,19.0021709562254,19.0021709562254,2.484999895095825,2.7775566954309268
2017-12-26,42.64250183105469,2.3025,2.3025,18.52008765735274,18.52008765735274,2.4670000076293945,2.9325424702539955
2017-12-27,42.650001525878906,2.3025,2.3025,18.523344853801913,18.523344853801913,2.4140000343322754,2.9845929729924805
2017-12-28,42.77000045776367,2.3025,2.3025,18.575461653751866,18.575461653751866,2.431999921798706,2.9514463614758757
2017-12-29,42.307498931884766,2.3025,2.3025,18.374592369982523,18.374592369982523,2.4049999713897705,3.0372976309975375
2018-01-02,43.064998626708984,2.3025,2.3025,18.7035824654545,18.7035824654545,2.4649999141693115,2.8815693959989366
2018-01-03,43.057498931884766,2.3025,2.3025,18.700325269005326,18.700325269005326,2.447000026702881,2.9005005414152594
2018-01-04,43.25749969482422,2.3025,2.3025,18.787187706764044,18.787187706764044,2.453000068664551,2.8697763660434763
2018-01-05,43.75,2.3025,2.3025,19.001085776330076,19.001085776330076,2.4760000705718994,2.786857072285244
2018-01-08,43.587501525878906,2.3025,2.3025,18.930510977580415,18.930510977580415,2.4800000190734863,2.8024775705927913
2018-01-09,43.58250045776367,2.3025,2.3025,18.928338961026565,18.928338961026565,2.5460000038146973,2.7370837472687928
2018-01-10,43.5724983215332,2.3025,2.3025,18.92399492791887,18.92399492791887,2.549999952316284,2.7342965390375795
2018-01-11,43.81999969482422,2.3025,2.3025,19.031487381031145,19.031487381031145,2.5309998989105225,2.7234501605036936
2018-01-12,44.272499084472656,2.3025,2.3025,19.228012631692792,19.228012631692792,2.552000045776367,2.648745445474968
2018-01-16,44.04750061035156,2.3025,2.3025,19.13029342469123,19.13029342469123,2.5439999103546143,2.683311442378285
2018-01-17,44.775001525878906,2.3025,2.3025,19.446254734366516,19.446254734366516,2.578000068664551,2.564378315553279
2018-01-18,44.814998626708984,2.3025,2.3025,19.4636258965077,19.4636258965077,2.6110000610351562,2.5267887832285787
2018-01-19,44.6150016784668,2.3025,2.3025,19.37676511551218,19.37676511551218,2.63700008392334,2.5238200738203505
2018-01-22,44.25,2.3025,2.3025,19.218241042345277,19.218241042345277,2.6649999618530273,2.5383898686554476
2018-01-23,44.2599983215332,2.3025,2.3025,19.222583418689773,19.222583418689773,2.624000072479248,2.578214313687587
2018-01-24,43.55500030517578,2.3025,2.3025,18.916395355125204,18.916395355125204,2.6540000438690186,2.632419388726845
2018-01-25,42.77750015258789,2.3025,2.3025,18.578718850201035,18.578718850201035,2.621000051498413,2.7615024130844947
2018-01-26,42.877498626708984,2.3025,2.3025,18.622149240698796,18.622149240698796,2.6619999408721924,2.707949505212662
2018-01-29,41.9900016784668,2.3025,2.3025,18.236699968932374,18.236699968932374,2.6989998817443848,2.784448339170458
2018-01-30,41.74250030517578,2.3025,2.3025,18.1292075158201,18.1292075158201,2.7260000705718994,2.789960840170446
2018-01-31,41.85749816894531,2.3025,2.3025,18.179152299216202,18.179152299216202,2.7200000286102295,2.7808065191357576
2018-02-01,41.94499969482422,2.3025,2.3025,18.217155133474144,18.217155133474144,2.7730000019073486,2.716331305166462
2018-02-02,40.125,2.4350000000000005,2.4350000000000005,16.47843942505133,16.47843942505133,2.8540000915527344,3.214535733992438
2018-02-05,39.122501373291016,2.4350000000000005,2.4350000000000005,16.066735676916224,16.066735676916224,2.7939999103546143,3.430039745919456
2018-02-06,40.75749969482422,2.4350000000000005,2.4350000000000005,16.738192893151627,16.738192893151627,2.7679998874664307,3.2063607044057454
2018-02-07,39.8849983215332,2.4350000000000005,2.4350000000000005,16.37987610740583,16.37987610740583,2.8440001010894775,3.2610521803979884
2018-02-08,38.787498474121094,2.4350000000000005,2.4350000000000005,15.929157484238639,15.929157484238639,2.8510000705718994,3.4267958579915927
2018-02-09,39.102500915527344,2.4350000000000005,2.4350000000000005,16.058521936561533,16.058521936561533,2.8289999961853027,3.39822318133038
2018-02-12,40.6775016784668,2.4350000000000005,2.4350000000000005,16.70533949834365,16.70533949834365,2.8570001125335693,3.1291098979762495
2018-02-13,41.084999084472656,2.4350000000000005,2.4350000000000005,16.872689562411765,16.872689562411765,2.8399999141693115,3.0867374699390053
2018-02-14,41.842498779296875,2.4350000000000005,2.4350000000000005,17.183777732770785,17.183777732770785,2.9130001068115234,2.906442017913607
2018-02-15,43.247501373291016,2.4350000000000005,2.4350000000000005,17.76078085145421,17.76078085145421,2.8910000324249268,2.7393830479345294
2018-02-16,43.10749816894531,2.4350000000000005,2.4350000000000005,17.703284668971378,17.703284668971378,2.877000093460083,2.7716691715871216
2018-02-20,42.962501525878906,2.4350000000000005,2.4350000000000005,17.643737792968746,17.643737792968746,2.8929998874664307,2.7747333997427726
2018-02-21,42.76750183105469,2.4350000000000005,2.4350000000000005,17.563655782773996,17.563655782773996,2.943000078201294,2.7505754072666893
2018-02-22,43.125,2.4350000000000005,2.4350000000000005,17.710472279260777,17.710472279260777,2.9170000553131104,2.729376756281093
2018-02-23,43.875,2.4350000000000005,2.4350000000000005,18.018480492813136,18.018480492813136,2.871000051498413,2.6788574983591387
2018-02-26,44.74250030517578,2.4350000000000005,2.4350000000000005,18.374743451817565,18.374743451817565,2.8589999675750732,2.583252886850949
2018-02-27,44.59749984741211,2.4350000000000005,2.4350000000000005,18.31519500920415,18.31519500920415,2.9079999923706055,2.551947332773671
2018-02-28,44.529998779296875,2.4350000000000005,2.4350000000000005,18.287473831333415,18.287473831333415,2.868000030517578,2.600223788819452
2018-03-01,43.75,2.4350000000000005,2.4350000000000005,17.96714579055441,17.96714579055441,2.803999900817871,2.7617143848964156
2018-03-02,44.0525016784668,2.4350000000000005,2.4350000000000005,18.091376459329275,18.091376459329275,2.8570001125335693,2.6704952786992227
2018-03-05,44.20500183105469,2.4350000000000005,2.4350000000000005,18.154004858749353,18.154004858749353,2.88100004196167,2.6274263784380603
2018-03-06,44.16749954223633,2.4350000000000005,2.4350000000000005,18.138603508105266,18.138603508105266,2.877000093460083,2.636103490027743
2018-03-07,43.75749969482422,2.4350000000000005,2.4350000000000005,17.97022574736107,17.97022574736107,2.882999897003174,2.6817604686079823
2018-03-08,44.23500061035156,2.4350000000000005,2.4350000000000005,18.166324685975997,18.166324685975997,2.865999937057495,2.6386908426464366
2018-03-09,44.994998931884766,2.4350000000000005,2.4350000000000005,18.47843898640031,18.47843898640031,2.8940000534057617,2.517712487550626
2018-03-12,45.43000030517578,2.4350000000000005,2.4350000000000005,18.657084314240564,18.657084314240564,2.869999885559082,2.489894421381048
2018-03-13,44.99250030517578,2.4350000000000005,2.4350000000000005,18.477412856335018,18.477412856335018,2.8480000495910645,2.564013026996917
2018-03-14,44.61000061035156,2.4350000000000005,2.4350000000000005,18.32032879275218,18.32032879275218,2.816999912261963,2.6414174082591426
2018-03-15,44.662498474121094,2.4350000000000005,2.4350000000000005,18.3418884903988,18.3418884903988,2.8259999752044678,2.6260013305686947
2018-03-16,44.505001068115234,2.4350000000000005,2.4350000000000005,18.27720783084814,18.27720783084814,2.8480000495910645,2.6232951791703396
2018-03-19,43.82500076293945,2.4350000000000005,2.4350000000000005,17.997946925231805,17.997946925231805,2.8450000286102295,2.711189264281135
2018-03-20,43.810001373291016,2.4350000000000005,2.4350000000000005,17.991787011618484,17.991787011618484,2.878999948501587,2.679091637143763
2018-03-21,42.817501068115234,2.4350000000000005,2.4350000000000005,17.584189350355327,17.584189350355327,2.9070000648498535,2.7799268674957247
2018-03-22,42.212501525878906,2.4350000000000005,2.4350000000000005,17.335729579416384,17.335729579416384,2.8320000171661377,2.936433295195588
2018-03-23,41.23500061035156,2.4350000000000005,2.4350000000000005,16.93429183176655,16.93429183176655,2.8299999237060547,3.0751776292408524
2018-03-26,43.192501068115234,2.4350000000000005,2.4350000000000005,17.73819345713151,17.73819345713151,2.8429999351501465,2.79455274132017
2018-03-27,42.084999084472656,2.4350000000000005,2.4350000000000005,17.28336718048158,17.28336718048158,2.7860000133514404,2.9999095814485717
2018-03-28,41.619998931884766,2.4350000000000005,2.4350000000000005,17.092402025414685,17.092402025414685,2.7750000953674316,3.0755526737114867
2018-03-29,41.94499969482422,2.4350000000000005,2.4350000000000005,17.22587256460953,17.22587256460953,2.740999937057495,3.06422122807811
2018-04-02,41.66999816894531,2.4350000000000005,2.4350000000000005,17.112935592996017,17.112935592996017,2.7320001125335693,3.1115326616403722
2018-04-03,42.09749984741211,2.4350000000000005,2.4350000000000005,17.28850096402961,17.28850096402961,2.7839999198913574,3.0001915613746952
2018-04-04,42.90250015258789,2.4350000000000005,2.4350000000000005,17.619096571904674,17.619096571904674,2.7880001068115234,2.8876597995800175
2018-04-05,43.20000076293945,2.4350000000000005,2.4350000000000005,17.74127341393817,17.74127341393817,2.8320000171661377,2.804573957362459
2018-04-06,42.095001220703125,2.4350000000000005,2.4350000000000005,17.287474833964318,17.287474833964318,2.7750000953674316,3.009534717289662
2018-04-09,42.51250076293945,2.4350000000000005,2.4350000000000005,17.458932551515172,17.458932551515172,2.7860000133514404,2.941727022934149
2018-04-10,43.3125,2.4350000000000005,2.4350000000000005,17.787474332648866,17.787474332648866,2.796999931335449,2.824933690598174
2018-04-11,43.11000061035156,2.4350000000000005,2.4350000000000005,17.704312365647457,17.704312365647457,2.7899999618530273,2.8583414102770135
2018-04-12,43.53499984741211,2.4350000000000005,2.4350000000000005,17.87885004000497,17.87885004000497,2.8340001106262207,2.7592007818385724
2018-04-13,43.682498931884766,2.4350000000000005,2.4350000000000005,17.939424612683677,17.939424612683677,2.8289999961853027,2.7453147970158787
2018-04-16,43.95500183105469,2.4350000000000005,2.4350000000000005,18.0513354542319,18.0513354542319,2.8320000171661377,2.7077563212800744
2018-04-17,44.560001373291016,2.4350000000000005,2.4350000000000005,18.299795225170843,18.299795225170843,2.813999891281128,2.650542130612804
2018-04-18,44.459999084472656,2.4350000000000005,2.4350000000000005,18.258726523397392,18.258726523397392,2.867000102996826,2.609833118195045
2018-04-19,43.20000076293945,2.4350000000000005,2.4350000000000005,17.74127341393817,17.74127341393817,2.9140000343322754,2.7225739401963214
2018-04-20,41.43000030517578,2.4350000000000005,2.4350000000000005,17.0143738419613,17.0143738419613,2.9509999752044678,2.9263835200010586
2018-04-23,41.310001373291016,2.4350000000000005,2.4350000000000005,16.965092966443944,16.965092966443944,2.9730000495910645,2.9214563025076075
2018-04-24,40.73500061035156,2.4350000000000005,2.4350000000000005,16.728953022731645,16.728953022731645,2.9830000400543213,2.99466035890298
2018-04-25,40.912498474121094,2.4350000000000005,2.4350000000000005,16.801847422636996,16.801847422636996,3.0239999294281006,2.9277265375835446
2018-04-26,41.05500030517578,2.4350000000000005,2.4350000000000005,16.860369735185124,16.860369735185124,2.990000009536743,2.941068025781287
2018-04-27,40.58000183105469,2.4350000000000005,2.4350000000000005,16.665298493246276,16.665298493246276,2.9570000171661377,3.0434925657015306
2018-04-30,41.314998626708984,2.4350000000000005,2.4350000000000005,16.967145226574527,16.967145226574527,2.936000108718872,2.9577432797314467
2018-05-01,42.275001525878906,2.4350000000000005,2.4350000000000005,17.361396930545748,17.361396930545748,2.9760000705718994,2.7839051029605013
2018-05-02,44.14250183105469,2.5949999999999998,2.5949999999999998,17.01059800811356,17.01059800811356,2.9639999866485596,2.914688108402708
2018-05-03,44.22249984741211,2.5949999999999998,2.5949999999999998,17.04142576008174,17.04142576008174,2.946000099182129,2.9220535136935313
2018-05-04,45.95750045776367,2.5949999999999998,2.5949999999999998,17.710019444224923,17.710019444224923,2.944000005722046,2.7025211804875546
2018-05-07,46.290000915527344,2.5949999999999998,2.5949999999999998,17.838150641821713,17.838150641821713,2.950000047683716,2.655962252328991
2018-05-08,46.51250076293945,2.5949999999999998,2.5949999999999998,17.923892394196322,17.923892394196322,2.9690001010894775,2.61014519842033
2018-05-09,46.84000015258789,2.5949999999999998,2.5949999999999998,18.05009639791441,18.05009639791441,3.003999948501587,2.536136668805036
2018-05-10,47.5099983215332,2.5949999999999998,2.5949999999999998,18.30828451696848,18.30828451696848,2.9709999561309814,2.491008235150841
2018-05-11,47.147499084472656,2.5949999999999998,2.5949999999999998,18.1685930961359,18.1685930961359,2.9709999561309814,2.5330035443529395
2018-05-14,47.037498474121094,2.5949999999999998,2.5949999999999998,18.12620365091372,18.12620365091372,2.994999885559082,2.5218751273153943
2018-05-15,46.61000061035156,2.5949999999999998,2.5949999999999998,17.961464589730856,17.961464589730856,3.0799999237060547,2.4874747942060473
2018-05-16,47.04499816894531,2.5949999999999998,2.5949999999999998,18.129093706722667,18.129093706722667,3.0950000286102295,2.420995509706051
2018-05-17,46.747501373291016,2.5949999999999998,2.5949999999999998,18.014451396258583,18.014451396258583,3.1089999675750732,2.4420988586022796
2018-05-18,46.57749938964844,2.5949999999999998,2.5949999999999998,17.948940034546606,17.948940034546606,3.066999912261963,2.5043597227654226
2018-05-21,46.907501220703125,2.5949999999999998,2.5949999999999998,18.076108370213152,18.076108370213152,3.065000057220459,2.467164164852127
2018-05-22,46.790000915527344,2.5949999999999998,2.5949999999999998,18.030828869182024,18.030828869182024,3.065000057220459,2.4810566840155603
2018-05-23,47.09000015258789,2.5949999999999998,2.5949999999999998,18.146435511594564,18.146435511594564,3.003000020980835,2.5077241064162816
2018-05-24,47.037498474121094,2.5949999999999998,2.5949999999999998,18.12620365091372,18.12620365091372,2.9809999465942383,2.535875066280238
2018-05-25,47.14500045776367,2.5949999999999998,2.5949999999999998,18.167630234205657,18.167630234205657,2.930999994277954,2.5732952115834005
2018-05-29,46.974998474121094,2.5949999999999998,2.5949999999999998,18.10211887249368,18.10211887249368,2.7679998874664307,2.756215299958442
2018-05-30,46.875,2.5949999999999998,2.5949999999999998,18.063583815028903,18.063583815028903,2.8420000076293945,2.693999992370605
2018-05-31,46.717498779296875,2.5949999999999998,2.5949999999999998,18.002889703004577,18.002889703004577,2.822000026702881,2.7326637883684617
2018-06-01,47.560001373291016,2.5949999999999998,2.5949999999999998,18.32755351571908,18.32755351571908,2.8949999809265137,2.5612656310785207
2018-06-04,47.95750045776367,2.5949999999999998,2.5949999999999998,18.480732353666156,18.480732353666156,2.937000036239624,2.474040938019293
2018-06-05,48.32749938964844,2.5949999999999998,2.5949999999999998,18.623313830307684,18.623313830307684,2.9189999103546143,2.4506137315128953
2018-06-06,48.494998931884766,2.5949999999999998,2.5949999999999998,18.687860860071204,18.687860860071204,2.9749999046325684,2.3760673335477884
2018-06-07,48.3650016784668,2.5949999999999998,2.5949999999999998,18.637765579370637,18.637765579370637,2.933000087738037,2.432449948326684
2018-06-08,47.92499923706055,2.5949999999999998,2.5949999999999998,18.46820779848191,18.46820779848191,2.937000036239624,2.477710535092588
2018-06-11,47.807498931884766,2.5949999999999998,2.5949999999999998,18.422928297450778,18.422928297450778,2.9570000171661377,2.4710187204325544
2018-06-12,48.06999969482422,2.5949999999999998,2.5949999999999998,18.524084660818584,18.524084660818584,2.9570000171661377,2.4413773834465937
2018-06-13,47.67499923706055,2.5949999999999998,2.5949999999999998,18.371868684801754,18.371868684801754,2.9769999980926514,2.466104441398887
2018-06-14,47.70000076293945,2.5949999999999998,2.5949999999999998,18.381503184177056,18.381503184177056,2.946000099182129,2.494251386130606
2018-06-15,47.209999084472656,2.5949999999999998,2.5949999999999998,18.19267787455594,18.19267787455594,2.9240000247955322,2.572716879089123
2018-06-18,47.185001373291016,2.5949999999999998,2.5949999999999998,18.18304484519885,18.18304484519885,2.9260001182556152,2.573628841104541
2018-06-19,46.42250061035156,2.5949999999999998,2.5949999999999998,17.88921025447074,17.88921025447074,2.8929998874664307,2.69696180326884
2018-06-20,46.625,2.5949999999999998,2.5949999999999998,17.96724470134875,17.96724470134875,2.927999973297119,2.6376836728154807
2018-06-21,46.3650016784668,2.5949999999999998,2.5949999999999998,17.867052669929404,17.867052669929404,2.8970000743865967,2.6998939319931985
2018-06-22,46.22999954223633,2.5949999999999998,2.5949999999999998,17.81502872533192,17.81502872533192,2.9000000953674316,2.713238117255032
2018-06-25,45.54249954223633,2.5949999999999998,2.5949999999999998,17.550096162711498,17.550096162711498,2.875,2.8229744767706135
2018-06-26,46.10749816894531,2.5949999999999998,2.5949999999999998,17.76782203042209,17.76782203042209,2.880000114440918,2.7481517113022633
2018-06-27,46.040000915527344,2.5949999999999998,2.5949999999999998,17.74181152814156,17.74181152814156,2.8269999027252197,2.8094031129072494
2018-06-28,46.375,2.5949999999999998,2.5949999999999998,17.870905587668595,17.870905587668595,2.8469998836517334,2.748687447884654
2018-06-29,46.27750015258789,2.5949999999999998,2.5949999999999998,17.833333392134065,17.833333392134065,2.8489999771118164,2.758476639913021
2018-07-02,46.79499816894531,2.5949999999999998,2.5949999999999998,18.03275459304251,18.03275459304251,2.865999937057495,2.67946453893457
2018-07-03,45.97999954223633,2.5949999999999998,2.5949999999999998,17.718689611651765,17.718689611651765,2.8380000591278076,2.805758152779706
2018-07-05,46.349998474121094,2.5949999999999998,2.5949999999999998,17.861271088293293,17.861271088293293,2.8399999141693115,2.758705771762661
2018-07-06,46.99250030517578,2.5949999999999998,2.5949999999999998,18.108863316060035,18.108863316060035,2.8310000896453857,2.6911576656298424
2018-07-09,47.64500045776367,2.5949999999999998,2.5949999999999998,18.360308461565964,18.360308461565964,2.859999895095825,2.586531692831044
2018-07-10,47.587501525878906,2.5949999999999998,2.5949999999999998,18.338150877024628,18.338150877024628,2.872999906539917,2.580112605762907
2018-07-11,46.970001220703125,2.5949999999999998,2.5949999999999998,18.100193148633192,18.100193148633192,2.8420000076293945,2.682802914573198
2018-07-12,47.75749969482422,2.5949999999999998,2.5949999999999998,18.40366076871839,18.40366076871839,2.8529999256134033,2.5807016219599435
2018-07-13,47.83250045776367,2.5949999999999998,2.5949999999999998,18.43256279682608,18.43256279682608,2.8310000896453857,2.5941814818081017
2018-07-16,47.727500915527344,2.5949999999999998,2.5949999999999998,18.3921005454826,18.3921005454826,2.8580000400543213,2.579116821758488
2018-07-17,47.86249923706055,2.5949999999999998,2.5949999999999998,18.44412302006187,18.44412302006187,2.864000082015991,2.557781148310272
2018-07-18,47.599998474121094,2.5949999999999998,2.5949999999999998,18.342966656694063,18.342966656694063,2.875,2.576680847029513
2018-07-19,47.970001220703125,2.5949999999999998,2.5949999999999998,18.485549603353807,18.485549603353807,2.8469998836517334,2.562630998075318
2018-07-20,47.86000061035156,2.5949999999999998,2.5949999999999998,18.443160158131626,18.443160158131626,2.8949999809265137,2.5270643042935985
2018-07-23,47.90250015258789,2.5949999999999998,2.5949999999999998,18.459537631055067,18.459537631055067,2.9649999141693115,2.4522538653493484
2018-07-24,48.25,2.5949999999999998,2.5949999999999998,18.593448940269752,18.593448940269752,2.9489998817443848,2.4292384602245267
2018-07-25,48.70500183105469,2.5949999999999998,2.5949999999999998,18.768786832776374,18.768786832776374,2.936000108718872,2.3919947633507306
2018-07-26,48.5525016784668,2.5949999999999998,2.5949999999999998,18.710019914630752,18.710019914630752,2.9749999046325684,2.369729842116797
2018-07-27,47.744998931884766,2.5949999999999998,2.5949999999999998,18.39884351903074,18.39884351903074,2.9600000381469727,2.4751241802075974
2018-07-30,47.477500915527344,2.5949999999999998,2.5949999999999998,18.295761431802447,18.295761431802447,2.9749999046325684,2.4907469227269026
2018-07-31,47.5724983215332,2.5949999999999998,2.5949999999999998,18.33236929538852,18.33236929538852,2.9639999866485596,2.4908323041865836
2018-08-01,50.375,2.7650000000000006,2.7650000000000006,18.218806509945747,18.218806509945747,3.003000020980835,2.485833725917429
2018-08-02,51.84749984741211,2.7650000000000006,2.7650000000000006,18.751356183512513,18.751356183512513,2.9860000610351562,2.3469475413322343
2018-08-03,51.997501373291016,2.7650000000000006,2.7650000000000006,18.805606283287887,18.805606283287887,2.953000068664551,2.3645631352863754
2018-08-06,52.26750183105469,2.7650000000000006,2.7650000000000006,18.90325563510115,18.90325563510115,2.937999963760376,2.352094077729049
2018-08-07,51.77750015258789,2.7650000000000006,2.7650000000000006,18.726039838187297,18.726039838187297,2.9730000495910645,2.367157338949455
2018-08-08,51.8125,2.7650000000000006,2.7650000000000006,18.738698010849905,18.738698010849905,2.9709999561309814,2.3655501041826508
2018-08-09,52.220001220703125,2.7650000000000006,2.7650000000000006,18.886076390851034,18.886076390851034,2.934999942779541,2.359906099665724
2018-08-10,51.88249969482422,2.7650000000000006,2.7650000000000006,18.76401435617512,18.76401435617512,2.8570001125335693,2.472349892311775
2018-08-13,52.217498779296875,2.7650000000000006,2.7650000000000006,18.885171348751125,18.885171348751125,2.877000093460083,2.4181596990197978
2018-08-14,52.4375,2.7650000000000006,2.7650000000000006,18.964737793851715,18.964737793851715,2.8949999809265137,2.3779440000031657
2018-08-15,52.560001373291016,2.7650000000000006,2.7650000000000006,19.009042087989513,19.009042087989513,2.8519999980926514,2.4086543545631836
2018-08-16,53.33000183105469,2.7650000000000006,2.7650000000000006,19.28752326620422,19.28752326620422,2.871000051498413,2.313698814178184
2018-08-17,54.39500045776367,2.7650000000000006,2.7650000000000006,19.67269455976986,19.67269455976986,2.872999906539917,2.210187843677959
2018-08-20,53.8650016784668,2.7650000000000006,2.7650000000000006,19.481013265268277,19.481013265268277,2.822999954223633,2.310203264639987
2018-08-21,53.7599983215332,2.7650000000000006,2.7650000000000006,19.443037367643107,19.443037367643107,2.8440001010894775,2.2992292261564247
2018-08-22,53.76250076293945,2.7650000000000006,2.7650000000000006,19.443942409743016,19.443942409743016,2.822999954223633,2.3199899751176396
2018-08-23,53.872501373291016,2.7650000000000006,2.7650000000000006,19.48372563229331,19.48372563229331,2.821000099182129,2.3114885165605887
2018-08-24,54.040000915527344,2.7650000000000006,2.7650000000000006,19.544304128581313,19.544304128581313,2.8259999752044678,2.2905802489929963
2018-08-27,54.48500061035156,2.7650000000000006,2.7650000000000006,19.705244343707612,19.705244343707612,2.8480000495910645,2.226791120503335
2018-08-28,54.92499923706055,2.7650000000000006,2.7650000000000006,19.86437585427144,19.86437585427144,2.884000062942505,2.1501374671574895
2018-08-29,55.744998931884766,2.7650000000000006,2.7650000000000006,20.160939939198826,20.160939939198826,2.884000062942505,2.076086138473652
2018-08-30,56.25749969482422,2.7650000000000006,2.7650000000000006,20.34629283718778,20.34629283718778,2.859999895095825,2.0549003670898136
2018-08-31,56.907501220703125,2.7650000000000006,2.7650000000000006,20.581374763364597,20.581374763364597,2.8529999256134033,2.005761996257953
2018-09-04,57.09000015258789,2.7650000000000006,2.7650000000000006,20.64737799370267,20.64737799370267,2.9019999504089355,1.9412300243849305
2018-09-05,56.717498779296875,2.7650000000000006,2.7650000000000006,20.512657786364144,20.512657786364144,2.9019999504089355,1.9730387228572521
2018-09-06,55.775001525878906,2.7650000000000006,2.7650000000000006,20.17179078693631,20.17179078693631,2.878999948501587,2.0784181139920106
2018-09-07,55.32500076293945,2.7650000000000006,2.7650000000000006,20.00904186724754,20.00904186724754,2.941999912261963,2.0557406424063895
2018-09-10,54.58250045776367,2.7650000000000006,2.7650000000000006,19.740506494670402,19.740506494670402,2.937000036239624,2.128726115569008
2018-09-11,55.962501525878906,2.7650000000000006,2.7650000000000006,20.239602721836853,20.239602721836853,2.9769999980926514,1.9638084443630044
2018-09-12,55.26750183105469,2.7650000000000006,2.7650000000000006,19.988246593509828,19.988246593509828,2.9630000591278076,2.0399400202921623
2018-09-13,56.602500915527344,2.7650000000000006,2.7650000000000006,20.47106723888873,20.47106723888873,2.9630000591278076,1.9219431064161352
2018-09-14,55.959999084472656,2.7650000000000006,2.7650000000000006,20.23869767973694,20.23869767973694,2.99399995803833,1.9470294294464372
2018-09-17,54.470001220703125,2.7650000000000006,2.7650000000000006,19.699819609657546,19.699819609657546,3.000999927520752,2.075188686459067
2018-09-18,54.560001373291016,2.7650000000000006,2.7650000000000006,19.7323693935953,19.7323693935953,3.0480000972747803,2.019815024433708
2018-09-19,54.592498779296875,2.7650000000000006,2.7650000000000006,19.744122524157998,19.744122524157998,3.0829999446868896,1.98179844671514
2018-09-20,55.00749969482422,2.7650000000000006,2.7650000000000006,19.89421327118416,19.89421327118416,3.078000068664551,1.9485872427746669
2018-09-21,54.415000915527344,2.7650000000000006,2.7650000000000006,19.6799279983824,19.6799279983824,3.068000078201294,2.013319325417436
2018-09-24,55.1974983215332,2.7650000000000006,2.7650000000000006,19.962928868547266,19.962928868547266,3.078000068664551,1.9312849244586632
2018-09-25,55.54750061035156,2.7650000000000006,2.7650000000000006,20.089511974810687,20.089511974810687,3.1019999980926514,1.8757217168691351
2018-09-26,55.10499954223633,2.7650000000000006,2.7650000000000006,19.92947542214695,19.92947542214695,3.061000108718872,1.9566934272019676
2018-09-27,56.23749923706055,2.7650000000000006,2.7650000000000006,20.339059398575237,20.339059398575237,3.055999994277954,1.8606482164551865
2018-09-28,56.435001373291016,2.7650000000000006,2.7650000000000006,20.410488742600723,20.410488742600723,3.055999994277954,1.843441722239115
2018-10-01,56.814998626708984,2.7650000000000006,2.7650000000000006,20.547919937326935,20.547919937326935,3.0799999237060547,1.786672727589517
2018-10-02,57.31999969482422,2.7650000000000006,2.7650000000000006,20.730560468290854,20.730560468290854,3.055999994277954,1.767796263086069
2018-10-03,58.01750183105469,2.7650000000000006,2.7650000000000006,20.982821638717784,20.982821638717784,3.1610000133514404,1.6048032576194506
2018-10-04,56.997501373291016,2.7650000000000006,2.7650000000000006,20.613924547302354,20.613924547302354,3.197000026702881,1.6540898165015046
2018-10-05,56.0724983215332,2.7650000000000006,2.7650000000000006,20.279384564749797,20.279384564749797,3.2249999046325684,1.7061162089117667
2018-10-08,55.942501068115234,2.7650000000000006,2.7650000000000006,20.232369283224312,20.232369283224312,3.2330000400543213,1.7095748309428727
2018-10-09,56.717498779296875,2.7650000000000006,2.7650000000000006,20.512657786364144,20.512657786364144,3.2079999446868896,1.667038728579298
2018-10-10,54.09000015258789,2.7650000000000006,2.7650000000000006,19.562387035293987,19.562387035293987,3.2249999046325684,1.8868507002850423
2018-10-11,53.61249923706055,2.7650000000000006,2.7650000000000006,19.389692309967643,19.389692309967643,3.132999897003174,2.024379518893647
2018-10-12,55.52750015258789,2.7650000000000006,2.7650000000000006,20.08227853619815,20.08227853619815,3.1410000324249268,1.8385146087922433
2018-10-15,54.34000015258789,2.7650000000000006,2.7650000000000006,19.652802948494713,19.652802948494713,3.1630001068115234,1.9253325988119965
2018-10-16,55.537498474121094,2.7650000000000006,2.7650000000000006,20.085894565685745,20.085894565685745,3.1559998989105225,1.822618288742298
2018-10-17,55.29750061035156,2.7650000000000006,2.7650000000000006,19.999096061609965,19.999096061609965,3.178999900817871,1.8212260939939071
2018-10-18,54.005001068115234,2.7650000000000006,2.7650000000000006,19.531645955918705,19.531645955918705,3.174999952316284,1.9448962523195998
2018-10-19,54.82749938964844,2.7650000000000006,2.7650000000000006,19.829113703308654,19.829113703308654,3.197999954223633,1.845089792309727
2018-10-22,55.162498474121094,2.7650000000000006,2.7650000000000006,19.950270695884658,19.950270695884658,3.196000099182129,1.8164632164473682
2018-10-23,55.682498931884766,2.7650000000000006,2.7650000000000006,20.138335960898644,20.138335960898644,3.1659998893737793,1.799653687672695
2018-10-24,53.772499084472656,2.7650000000000006,2.7650000000000006,19.447558439230612,19.447558439230612,3.124000072479248,2.0180335824126105
2018-10-25,54.95000076293945,2.7650000000000006,2.7650000000000006,19.873417997446452,19.873417997446452,3.135999917984009,1.8958471459105395
2018-10-26,54.07500076293945,2.7650000000000006,2.7650000000000006,19.55696230124392,19.55696230124392,3.0769999027252197,2.036268633546362
2018-10-29,53.060001373291016,2.7650000000000006,2.7650000000000006,19.18987391439096,19.18987391439096,3.0869998931884766,2.124081766134336
2018-10-30,53.32500076293945,2.7650000000000006,2.7650000000000006,19.28571456164175,19.28571456164175,3.109999895095825,2.075185215903102
2018-10-31,54.71500015258789,2.7650000000000006,2.7650000000000006,19.788426818295797,19.788426818295797,3.1589999198913574,1.8944588981458068
2018-11-01,55.55500030517578,2.7650000000000006,2.7650000000000006,20.09222434183572,20.09222434183572,3.1440000534057617,1.8330496897519204
2018-11-02,51.869998931884766,2.7650000000000006,2.7650000000000006,18.759493284587617,18.759493284587617,3.2139999866485596,2.116634401123406
2018-11-05,50.397499084472656,2.9775,2.9775,16.926112203013485,16.926112203013485,3.2009999752044678,2.70703128446048
2018-11-06,50.942501068115234,2.9775,2.9775,17.1091523318607,17.1091523318607,3.2139999866485596,2.630824938650621
2018-11-07,52.48749923706055,2.9775,2.9775,17.62804340455434,17.62804340455434,3.2130000591278076,2.4597792564804255
2018-11-08,52.122501373291016,2.9775,2.9775,17.505458059879434,17.505458059879434,3.2339999675750732,2.4785040787594177
2018-11-09,51.11750030517578,2.9775,2.9775,17.16792621500446,17.16792621500446,3.188999891281128,2.6358154502830615
2018-11-12,48.54249954223633,2.9775,2.9775,16.303106479340496,16.303106479340496,3.186000108718872,2.947800227230677
2018-11-13,48.057498931884766,2.9775,2.9775,16.140217945217387,16.140217945217387,3.1449999809265137,3.0507032208156692
2018-11-14,46.70000076293945,2.9775,2.9775,15.684299164715181,15.684299164715181,3.119999885559082,3.255803008137886
2018-11-15,47.852500915527344,2.9775,2.9775,16.071368905298854,16.071368905298854,3.118000030517578,3.1042452921586516
2018-11-16,48.38249969482422,2.9775,2.9775,16.24937017458412,16.24937017458412,3.0739998817443848,3.080084795113521
2018-11-19,46.46500015258789,2.9775,2.9775,15.605373686847319,15.605373686847319,3.056999921798706,3.3510491263495625
2018-11-20,44.244998931884766,2.9775,2.9775,14.859781337324858,14.859781337324858,3.0480000972747803,3.6815740283430447
2018-11-21,44.19499969482422,2.9775,2.9775,14.842988982308722,14.842988982308722,3.061000108718872,3.6761874024481482
2018-11-23,43.0724983215332,2.9775,2.9775,14.465994398499816,14.465994398499816,3.053999900817871,3.85876373265695
2018-11-26,43.654998779296875,2.9775,2.9775,14.66162847331549,14.66162847331549,3.072000026702881,3.7485247316486463
2018-11-27,43.560001373291016,2.9775,2.9775,14.6297233831372,14.6297233831372,3.055000066757202,3.780399166782918
2018-11-28,45.23500061035156,2.9775,2.9775,15.192275603812448,15.192275603812448,3.0439999103546143,3.538292473474004
2018-11-29,44.88750076293945,2.9775,2.9775,15.075567006864636,15.075567006864636,3.0350000858306885,3.5982495925704727
2018-11-30,44.64500045776367,2.9775,2.9775,14.99412273980308,14.99412273980308,3.013000011444092,3.6562797947390413
2018-12-03,46.20500183105469,2.9775,2.9775,15.51805267205867,15.51805267205867,2.992000102996826,3.452107422173322
2018-12-04,44.17250061035156,2.9775,2.9775,14.835432614727644,14.835432614727644,2.9240000247955322,3.8166190455729696
2018-12-06,43.68000030517578,2.9775,2.9775,14.670025291410841,14.670025291410841,2.875999927520752,3.9406209039749536
2018-12-07,42.122501373291016,2.9775,2.9775,14.146935809669527,14.146935809669527,2.8499999046325684,4.218668628637323
2018-12-10,42.400001525878906,2.9775,2.9775,14.240134853359834,14.240134853359834,2.8559999465942383,4.166405461062831
2018-12-11,42.157501220703125,2.9775,2.9775,14.15869058629828,14.15869058629828,2.878999948501587,4.183800060474703
2018-12-12,42.275001525878906,2.9775,2.9775,14.19815332523221,14.19815332523221,2.9059998989105225,4.13716956893043
2018-12-13,42.73749923706055,2.9775,2.9775,14.35348421059968,14.35348421059968,2.9110000133514404,4.055949511430324
2018-12-14,41.369998931884766,2.9775,2.9775,13.894206190389509,13.894206190389509,2.8910000324249268,4.306244533383306
2018-12-17,40.98500061035156,2.9775,2.9775,13.764903647473236,13.764903647473236,2.8570001125335693,4.407852774275891
2018-12-18,41.51750183105469,2.9775,2.9775,13.943745367272776,13.943745367272776,2.825000047683716,4.346674231072765
2018-12-19,40.22249984741211,2.9775,2.9775,13.508816069659819,13.508816069659819,2.7780001163482666,4.624573098383364
2018-12-20,39.20750045776367,2.9775,2.9775,13.167926266251444,13.167926266251444,2.7890000343322754,4.80521016840053
2018-12-21,37.682498931884766,2.9775,2.9775,12.655751110624607,12.655751110624607,2.7920000553131104,5.109545979046651
2018-12-24,36.70750045776367,2.9775,2.9775,12.328295703698966,12.328295703698966,2.749000072479248,5.36242119802095
2018-12-26,39.29249954223633,2.9775,2.9775,13.196473397896332,13.196473397896332,2.796999931335449,4.780782176416243
2018-12-27,39.037498474121094,2.9775,2.9775,13.110830721787101,13.110830721787101,2.743000030517578,4.884281727748406
2018-12-28,39.057498931884766,2.9775,2.9775,13.117547920028468,13.117547920028468,2.7360000610351562,4.887375939544606
2018-12-31,39.435001373291016,2.9775,2.9775,13.244332954925614,13.244332954925614,2.686000108718872,4.864399019748345
2019-01-02,39.47999954223633,2.9775,2.9775,13.259445690087768,13.259445690087768,2.6610000133514404,4.880793387164239
2019-01-03,35.54750061035156,2.9775,2.9775,11.9387071739216,11.9387071739216,2.553999900817871,5.822116419250328
2019-01-04,37.064998626708984,2.9775,2.9775,12.448362259180179,12.448362259180179,2.6589999198913574,5.374185323111506
2019-01-07,36.98249816894531,2.9775,2.9775,12.420654296875,12.420654296875,2.681999921798706,5.369105729306945
2019-01-08,37.6875,2.9775,2.9775,12.65743073047859,12.65743073047859,2.7160000801086426,5.184497432329168
2019-01-09,38.32749938964844,2.9775,2.9775,12.872375949504093,12.872375949504093,2.7279999256134033,5.040573676671145
2019-01-10,38.45000076293945,2.9775,2.9775,12.913518308292007,12.913518308292007,2.7309999465942383,5.0128230466939785
2019-01-11,38.0724983215332,2.9775,2.9775,12.786733273394862,12.786733273394862,2.7009999752044678,5.119605793437652
2019-01-14,37.5,2.9775,2.9775,12.594458438287154,12.594458438287154,2.7100000381469727,5.229999961853028
2019-01-15,38.26750183105469,2.9775,2.9775,12.852225635954555,12.852225635954555,2.7109999656677246,5.069753565475276
2019-01-16,38.73500061035156,2.9775,2.9775,13.009236141176007,13.009236141176007,2.7309999465942383,4.955846453517323
2019-01-17,38.96500015258789,2.9775,2.9775,13.086481999189887,13.086481999189887,2.749000072479248,4.892473014496339
2019-01-18,39.20500183105469,2.9775,2.9775,13.167087096911734,13.167087096911734,2.7839999198913574,4.810694279667362
2019-01-22,38.32500076293945,2.9775,2.9775,12.871536780164384,12.871536780164384,2.7300000190734863,5.039080061100351
2019-01-23,38.47999954223633,2.9775,2.9775,12.923593465066777,12.923593465066777,2.755000114440918,4.982785840394771
2019-01-24,38.17499923706055,2.9775,2.9775,12.82115843394141,12.82115843394141,2.7119998931884766,5.087607335380694
2019-01-25,39.439998626708984,2.9775,2.9775,13.246011293605033,13.246011293605033,2.753000020980835,4.7964424325582495
2019-01-28,39.07500076293945,2.9775,2.9775,13.123425948930127,13.123425948930127,2.74399995803833,4.875961505465977
2019-01-29,38.66999816894531,2.9775,2.9775,12.987404926597922,12.987404926597922,2.7119998931884766,4.98776773284451
2019-01-30,41.3125,3.05,3.05,13.545081967213116,13.545081967213116,2.694999933242798,4.687753470690636
2019-01-31,41.61000061035156,3.05,3.05,13.64262315093494,13.64262315093494,2.634999990463257,4.6949686595281435
2019-02-01,41.630001068115234,3.05,3.05,13.64918067807057,13.64918067807057,2.690999984741211,4.635447100882383
2019-02-04,42.8125,3.05,3.05,14.03688524590164,14.03688524590164,2.7239999771118164,4.400087614129059
2019-02-05,43.54499816894531,3.05,3.05,14.27704857998207,14.27704857998207,2.7019999027252197,4.302248870386792
2019-02-06,43.560001373291016,3.05,3.05,14.281967663374104,14.281967663374104,2.7019999027252197,4.299836423823014
2019-02-07,42.73500061035156,3.05,3.05,14.011475609951333,14.011475609951333,2.6519999504089355,4.485007084665748
2019-02-08,42.602500915527344,3.05,3.05,13.968033087058146,13.968033087058146,2.631999969482422,4.527204148716108
2019-02-11,42.35749816894531,3.05,3.05,13.887704317686989,13.887704317686989,2.6610000133514404,4.539614120738585
2019-02-12,42.72249984741211,3.05,3.05,14.007376999151512,14.007376999151512,2.684000015258789,4.455095334716972
2019-02-13,42.54499816894531,3.05,3.05,13.949179727523054,13.949179727523054,2.7079999446868896,4.460880373249693
2019-02-14,42.70000076293945,3.05,3.05,14.000000250144083,14.000000250144083,2.6570000648498535,4.485856950382759
2019-02-15,42.60499954223633,3.05,3.05,13.968852308929945,13.968852308929945,2.6659998893737793,4.492784367803344
2019-02-19,42.73249816894531,3.05,3.05,14.01065513735912,14.01065513735912,2.6470000743865967,4.4904249082148295
2019-02-20,43.00749969482422,3.05,3.05,14.100819572073515,14.100819572073515,2.6540000438690186,4.437786322793573
2019-02-21,42.76499938964844,3.05,3.05,14.02131127529457,14.02131127529457,2.687999963760376,4.444000605701279
2019-02-22,43.24250030517578,3.05,3.05,14.17786895251665,14.17786895251665,2.6549999713897705,4.398246206502813
2019-02-25,43.557498931884766,3.05,3.05,14.28114719078189,14.28114719078189,2.6730000972747803,4.329238494912506
2019-02-26,43.58250045776367,3.05,3.05,14.289344412381533,14.289344412381533,2.635999917984009,4.3622217718334255
2019-02-27,43.717498779296875,3.05,3.05,14.333606157146518,14.333606157146518,2.693000078201294,4.283611313492451
2019-02-28,43.287498474121094,3.05,3.05,14.192622450531507,14.192622450531507,2.7109999656677246,4.334914230144272
2019-03-01,43.74250030517578,3.05,3.05,14.341803378746159,14.341803378746159,2.755000114440918,4.217623715292729
2019-03-04,43.962501525878906,3.05,3.05,14.413934926517674,14.413934926517674,2.7219998836517334,4.215730896305343
2019-03-05,43.88249969482422,3.05,3.05,14.387704817975154,14.387704817975154,2.7219998836517334,4.228379017301661
2019-03-06,43.630001068115234,3.05,3.05,14.304918382988602,14.304918382988602,2.691999912261963,4.298602712840738
2019-03-07,43.125,3.05,3.05,14.139344262295083,14.139344262295083,2.635999917984009,4.436463850131933
2019-03-08,43.227500915527344,3.05,3.05,14.172951119845031,14.172951119845031,2.625,4.430693564058056
2019-03-11,44.724998474121094,3.05,3.05,14.663933925941343,14.663933925941343,2.6429998874664307,4.176452553129625
2019-03-12,45.227500915527344,3.05,3.05,14.828688824763065,14.828688824763065,2.6050000190734863,4.13868454951802
2019-03-13,45.4275016784668,3.05,3.05,14.89426284539895,14.89426284539895,2.6110000610351562,4.102994517816486
2019-03-14,45.932498931884766,3.05,3.05,15.059835715372055,15.059835715372055,2.630000114440918,4.010178562802341
2019-03-15,46.529998779296875,3.05,3.05,15.255737304687502,15.255737304687502,2.5929999351501465,3.961911047046292
2019-03-18,47.005001068115234,3.05,3.05,15.411475760037783,15.411475760037783,2.6019999980926514,3.8866712723966863
2019-03-19,46.63249969482422,3.05,3.05,15.28934416223745,15.28934416223745,2.614000082015991,3.9265028289581805
2019-03-20,47.040000915527344,3.05,3.05,15.422951119845031,15.422951119845031,2.5350000858306885,3.9488433253909117
2019-03-21,48.772499084472656,3.05,3.05,15.990983306384479,15.990983306384479,2.5369999408721924,3.716524191072496
2019-03-22,47.76250076293945,3.05,3.05,15.659836315717854,15.659836315717854,2.4549999237060547,3.9307628635862697
2019-03-25,47.185001373291016,3.05,3.05,15.470492253538039,15.470492253538039,2.4200000762939453,4.043918353782538
2019-03-26,46.6974983215332,3.05,3.05,15.310655187387937,15.310655187387937,2.4140000343322754,4.117399097585634
2019-03-27,47.11750030517578,3.05,3.05,15.448360755795338,15.448360755795338,2.374000072479248,4.09917864083412
2019-03-28,47.18000030517578,3.05,3.05,15.468852559074028,15.468852559074028,2.3889999389648438,4.075603664832518
2019-03-29,47.48749923706055,3.05,3.05,15.569671881003458,15.569671881003458,2.4140000343322754,4.0087428959159785
2019-04-01,47.810001373291016,3.05,3.05,15.675410286324924,15.675410286324924,2.496999979019165,3.8824183694268104
2019-04-02,48.505001068115234,3.05,3.05,15.903279038726307,15.903279038726307,2.4809999465942383,3.8070114601407212
2019-04-03,48.837501525878906,3.05,3.05,16.01229558225538,16.01229558225538,2.5169999599456787,3.728200766352349
2019-04-04,48.92250061035156,3.05,3.05,16.040164134541495,16.040164134541495,2.51200008392334,3.7223500861385874
2019-04-05,49.25,3.05,3.05,16.147540983606557,16.147540983606557,2.500999927520752,3.691893473494477
2019-04-08,50.025001525878906,3.05,3.05,16.401639844550463,16.401639844550463,2.5190000534057617,3.577951284860916
2019-04-09,49.875,3.05,3.05,16.352459016393443,16.352459016393443,2.499000072479248,3.6162881480721305
2019-04-10,50.154998779296875,3.05,3.05,16.444261894851437,16.444261894851437,2.4769999980926514,3.604148589750576
2019-04-11,49.73749923706055,3.05,3.05,16.307376799036245,16.307376799036245,2.503999948501587,3.6281941641597415
2019-04-12,49.717498779296875,3.05,3.05,16.300819271900615,16.300819271900615,2.559999942779541,3.5746610415539397
2019-04-15,49.807498931884766,3.05,3.05,16.330327518650744,16.330327518650744,2.552999973297119,3.570575924723956
2019-04-16,49.8125,3.05,3.05,16.331967213114755,16.331967213114755,2.5920000076293945,3.530961096511132
2019-04-17,50.782501220703125,3.05,3.05,16.650000400230535,16.650000400230535,2.5920000076293945,3.4140058540050235
2019-04-18,50.96500015258789,3.05,3.05,16.709836115602588,16.709836115602588,2.559999942779541,3.4244992053974013
2019-04-22,51.13249969482422,3.05,3.05,16.764753998303025,16.764753998303025,2.5899999141693115,3.3748952468406426
2019-04-23,51.869998931884766,3.05,3.05,17.006557026847464,17.006557026847464,2.569999933242798,3.3100850152940886
2019-04-24,51.790000915527344,3.05,3.05,16.98032816902536,16.98032816902536,2.5220000743865967,3.367167614516781
2019-04-25,51.31999969482422,3.05,3.05,16.82622940813909,16.82622940813909,2.5339999198913574,3.4091022198921737
2019-04-26,51.07500076293945,3.05,3.05,16.745901889488348,16.745901889488348,2.505000114440918,3.4666101732540966
2019-04-29,51.15250015258789,3.05,3.05,16.771311525438655,16.771311525438655,2.5360000133514404,3.426562893450477
2019-04-30,50.16749954223633,3.05,3.05,16.448360505651255,16.448360505651255,2.509000062942505,3.5706332212162684
2019-05-01,52.630001068115234,2.9850000000000003,2.9850000000000003,17.63149114509723,17.63149114509723,2.510999917984009,3.160670117015096
2019-05-02,52.287498474121094,2.9850000000000003,2.9850000000000003,17.516749907578255,17.516749907578255,2.552000045776367,3.156821540854672
2019-05-03,52.9375,2.9850000000000003,2.9850000000000003,17.734505862646564,17.734505862646564,2.5309998989105225,3.1077250125416622
2019-05-06,52.119998931884766,2.9850000000000003,2.9850000000000003,17.460636158085347,17.460636158085347,2.5,3.2271681910451964
2019-05-07,50.71500015258789,2.9850000000000003,2.9850000000000003,16.98994979986194,16.98994979986194,2.447999954223633,3.4378326219745974
2019-05-08,50.724998474121094,2.9850000000000003,2.9850000000000003,16.993299321313597,16.993299321313597,2.4820001125335693,3.402672316826659
2019-05-09,50.18000030517578,2.9850000000000003,2.9850000000000003,16.810720370243143,16.810720370243143,2.4570000171661377,3.491585040319632
2019-05-10,49.29499816894531,2.9850000000000003,2.9850000000000003,16.51423724252774,16.51423724252774,2.4549999237060547,3.600381171490902
2019-05-13,46.43000030517578,2.9850000000000003,2.9850000000000003,15.554438963207966,15.554438963207966,2.4049999713897705,4.024032939185609
2019-05-14,47.165000915527344,2.9850000000000003,2.9850000000000003,15.800670323459745,15.800670323459745,2.4189999103546143,3.9098455090404673
2019-05-15,47.72999954223633,2.9850000000000003,2.9850000000000003,15.989949595389053,15.989949595389053,2.378999948501587,3.87492845842951
2019-05-16,47.52000045776367,2.9850000000000003,2.9850000000000003,15.91959814330441,15.91959814330441,2.4049999713897705,3.8765656246651012
2019-05-17,47.25,2.9850000000000003,2.9850000000000003,15.829145728643214,15.829145728643214,2.3929998874664307,3.9244604299938874
2019-05-20,45.772499084472656,2.9850000000000003,2.9850000000000003,15.334170547562028,15.334170547562028,2.4159998893737793,4.1053831674945265
2019-05-21,46.650001525878906,2.9850000000000003,2.9850000000000003,15.628141214699799,15.628141214699799,2.4260001182556152,3.9727134988148656
2019-05-22,45.69499969482422,2.9850000000000003,2.9850000000000003,15.308207602956186,15.308207602956186,2.3929998874664307,4.139443530709378
2019-05-23,44.915000915527344,2.9850000000000003,2.9850000000000003,15.04690147923864,15.04690147923864,2.2960000038146973,4.349886535548749
2019-05-24,44.74250030517578,2.9850000000000003,2.9850000000000003,14.989112330042136,14.989112330042136,2.3239998817443848,4.347509264235769
2019-05-28,44.557498931884766,2.9850000000000003,2.9850000000000003,14.927135320564409,14.927135320564409,2.2679998874664307,4.431209160517125
2019-05-29,44.345001220703125,2.9850000000000003,2.9850000000000003,14.855946807605735,14.855946807605735,2.2360000610351562,4.495311062723273
2019-05-30,44.57500076293945,2.9850000000000003,2.9850000000000003,14.93299858054923,14.93299858054923,2.2269999980926514,4.469578687065305
2019-05-31,43.76750183105469,2.9850000000000003,2.9850000000000003,14.662479675395204,14.662479675395204,2.1419999599456787,4.678128845948448
2019-06-03,43.32500076293945,2.9850000000000003,2.9850000000000003,14.514238111537503,14.514238111537503,2.0810000896453857,4.808786286431018
2019-06-04,44.90999984741211,2.9850000000000003,2.9850000000000003,15.045226079535043,15.045226079535043,2.11899995803833,4.527626651050843
2019-06-05,45.6349983215332,2.9850000000000003,2.9850000000000003,15.288106640379631,15.288106640379631,2.122999906539917,4.418032436593767
2019-06-06,46.30500030517578,2.9850000000000003,2.9850000000000003,15.512562916306793,15.512562916306793,2.124000072479248,4.3223879640766
2019-06-07,47.537498474121094,2.9850000000000003,2.9850000000000003,15.925460125333698,15.925460125333698,2.0840001106262207,4.195253312069133
2019-06-10,48.14500045776367,2.9850000000000003,2.9850000000000003,16.128978377810274,16.128978377810274,2.1429998874664307,4.057020824172489
2019-06-11,48.70249938964844,2.9850000000000003,2.9850000000000003,16.315745189161955,16.315745189161955,2.140000104904175,3.9890487887024078
2019-06-12,48.54750061035156,2.9850000000000003,2.9850000000000003,16.26381929995027,16.26381929995027,2.127000093460083,4.0216171627772495
2019-06-13,48.537498474121094,2.9850000000000003,2.9850000000000003,16.260468500543077,16.260468500543077,2.0910000801086426,4.058884223450025
2019-06-14,48.185001373291016,2.9850000000000003,2.9850000000000003,16.142379019527976,16.142379019527976,2.0929999351501465,4.101873811713724
2019-06-17,48.47249984741211,2.9850000000000003,2.9850000000000003,16.23869341621846,16.23869341621846,2.0859999656677246,4.072130952680952
2019-06-18,49.61249923706055,2.9850000000000003,2.9850000000000003,16.620602759484267,16.620602759484267,2.059999942779541,3.9566290235157204
2019-06-19,49.467498779296875,2.9850000000000003,2.9850000000000003,16.572026391724243,16.572026391724243,2.0290000438690186,4.005265026450814
2019-06-20,49.8650016784668,2.9850000000000003,2.9850000000000003,16.705193192116177,16.705193192116177,2.000999927520752,3.985162510109353
2019-06-21,49.69499969482422,2.9850000000000003,2.9850000000000003,16.648241103793705,16.648241103793705,2.068000078201294,3.938640465778609
2019-06-24,49.64500045776367,2.9850000000000003,2.9850000000000003,16.631490940624342,16.631490940624342,2.0209999084472656,3.991690135819206
2019-06-25,48.89250183105469,2.9850000000000003,2.9850000000000003,16.379397598343278,16.379397598343278,1.99399995803833,4.111230676946358
2019-06-26,49.95000076293945,2.9850000000000003,2.9850000000000003,16.733668597299648,16.733668597299648,2.0490000247955322,3.9269758599030116
2019-06-27,49.935001373291016,2.9850000000000003,2.9850000000000003,16.728643676144394,16.728643676144394,2.005000114440918,3.9727708235941455
2019-06-28,49.47999954223633,2.9850000000000003,2.9850000000000003,16.576214252005467,16.576214252005467,2.0,4.032740557024445
2019-07-01,50.38750076293945,2.9850000000000003,2.9850000000000003,16.88023476145375,16.88023476145375,2.0339999198913574,3.890088305963853
2019-07-02,50.682498931884766,2.9850000000000003,2.9850000000000003,16.97906161872186,16.97906161872186,1.9759999513626099,3.913607039034056
2019-07-03,51.102500915527344,2.9850000000000003,2.9850000000000003,17.11976580084668,17.11976580084668,1.9529999494552612,3.888201452672236
2019-07-05,51.057498931884766,2.9850000000000003,2.9850000000000003,17.10468975942538,17.10468975942538,2.0480000972747803,3.798349728795344
2019-07-08,50.005001068115234,2.9850000000000003,2.9850000000000003,16.752094160172607,16.752094160172607,2.0339999198913574,3.93540301229522
2019-07-09,50.310001373291016,2.9850000000000003,2.9850000000000003,16.85427181684791,16.85427181684791,2.053999900817871,3.8792140099746293
2019-07-10,50.807498931884766,2.9850000000000003,2.9850000000000003,17.020937665623034,17.020937665623034,2.061000108718872,3.814116877460373
2019-07-11,50.4375,2.9850000000000003,2.9850000000000003,16.896984924623112,16.896984924623112,2.119999885559082,3.798215727823819
2019-07-12,50.82500076293945,2.9850000000000003,2.9850000000000003,17.026800925607855,17.026800925607855,2.1059999465942383,3.7670939150719693
2019-07-15,51.3025016784668,2.9850000000000003,2.9850000000000003,17.186767731479662,17.186767731479662,2.0920000076293945,3.7264297030856577
2019-07-16,51.125,2.9850000000000003,2.9850000000000003,17.127303182579563,17.127303182579563,2.121999979019165,3.716630827826801
2019-07-17,50.837501525878906,2.9850000000000003,2.9850000000000003,17.03098878588908,17.03098878588908,2.061000108718872,3.8106495798097457
2019-07-18,51.415000915527344,2.9850000000000003,2.9850000000000003,17.22445591809961,17.22445591809961,2.0380001068115234,3.767698515861319
2019-07-19,50.647499084472656,2.9850000000000003,2.9850000000000003,16.967336376707756,16.967336376707756,2.0480000972747803,3.845676893609715
2019-07-22,51.80500030517578,2.9850000000000003,2.9850000000000003,17.355108979958384,17.355108979958384,2.0429999828338623,3.7189920689290874
2019-07-23,52.209999084472656,2.9850000000000003,2.9850000000000003,17.49078696297241,17.49078696297241,2.0739998817443848,3.643295755764532
2019-07-24,52.16749954223633,2.9850000000000003,2.9850000000000003,17.47654926038068,17.47654926038068,2.049999952316284,3.671953421322521
2019-07-25,51.755001068115234,2.9850000000000003,2.9850000000000003,17.33835881678902,17.33835881678902,2.0739998817443848,3.693558689206883
2019-07-26,51.935001373291016,2.9850000000000003,2.9850000000000003,17.398660426563154,17.398660426563154,2.0810000896453857,3.6665688351050765
2019-07-29,52.41999816894531,2.9850000000000003,2.9850000000000003,17.561138415057055,17.561138415057055,2.055000066757202,3.6393915857941623
2019-07-30,52.19499969482422,2.9850000000000003,2.9850000000000003,17.485762041817157,17.485762041817157,2.061000108718872,3.6579385203697683
2019-07-31,53.2599983215332,2.945,2.945,18.084889073525705,18.084889073525705,2.0209999084472656,3.5084782981063505
2019-08-01,52.10749816894531,2.945,2.945,17.693547765346455,17.693547765346455,1.8940000534057617,3.757777720402504
2019-08-02,51.005001068115234,2.945,2.945,17.319185422110436,17.319185422110436,1.8550000190734863,3.9189435910189134
2019-08-05,48.334999084472656,2.945,2.945,16.41256335635744,16.41256335635744,1.7350000143051147,4.357893449607383
2019-08-06,49.25,2.945,2.945,16.723259762309,16.723259762309,1.7389999628067017,4.240695468665379
2019-08-07,49.7599983215332,2.945,2.945,16.896434065036743,16.896434065036743,1.684000015258789,4.234408544505122
2019-08-08,50.85749816894531,2.945,2.945,17.26909954802897,17.26909954802897,1.715999960899353,4.0746899197096
2019-08-09,50.247501373291016,2.945,2.945,17.061969906041092,17.061969906041092,1.7339999675750732,4.126987981102133
2019-08-12,50.119998931884766,2.945,2.945,17.018675358874283,17.018675358874283,1.6390000581741333,4.236897912219645
2019-08-13,52.24250030517578,2.945,2.945,17.739388898192118,17.739388898192118,1.6799999475479126,3.9571728194458444
2019-08-14,50.6875,2.945,2.945,17.21137521222411,17.21137521222411,1.5809999704360962,4.229111003669946
2019-08-15,50.435001373291016,2.945,2.945,17.125637138638716,17.125637138638716,1.5290000438690186,4.310198766105815
2019-08-16,51.625,2.945,2.945,17.529711375212226,17.529711375212226,1.5390000343322754,4.165600449929225
2019-08-19,52.587501525878906,2.945,2.945,17.856537020671954,17.856537020671954,1.5980000495910645,4.002189947172201
2019-08-20,52.59000015258789,2.945,2.945,17.857385450793853,17.857385450793853,1.5609999895095825,4.0389239341549805
2019-08-21,53.15999984741211,2.945,2.945,18.050933734265573,18.050933734265573,1.5770000219345093,3.96287960269526
2019-08-22,53.1150016784668,2.945,2.945,18.035654220192463,18.035654220192463,1.6100000143051147,3.9345729065951662
2019-08-23,50.65999984741211,2.945,2.945,17.202037299630597,17.202037299630597,1.527999997138977,4.285264923647321
2019-08-26,51.622501373291016,2.945,2.945,17.528862945090328,17.528862945090328,1.5449999570846558,4.159876640630376
2019-08-27,51.040000915527344,2.945,2.945,17.3310699203828,17.3310699203828,1.4900000095367432,4.279984212983274
2019-08-28,51.38249969482422,2.945,2.945,17.44736831742758,17.44736831742758,1.465999960899353,4.265523451724053
2019-08-29,52.252498626708984,2.945,2.945,17.742783913992866,17.742783913992866,1.5160000324249268,4.120094082497753
2019-08-30,52.185001373291016,2.945,2.945,17.7198646428832,17.7198646428832,1.50600004196167,4.137383923737122
2019-09-03,51.42499923706055,2.945,2.945,17.461799401378794,17.461799401378794,1.465999960899353,4.260786706464604
2019-09-04,52.29750061035156,2.945,2.945,17.75806472337914,17.75806472337914,1.4589999914169312,4.1722442662045855
2019-09-05,53.31999969482422,2.945,2.945,18.105263054269685,18.105263054269685,1.565000057220459,3.958255788345256
2019-09-06,53.314998626708984,2.945,2.945,18.10356489871273,18.10356489871273,1.5499999523162842,3.973773987208223
2019-09-09,53.54249954223633,2.945,2.945,18.18081478513967,18.18081478513967,1.621999979019165,3.878303565227726
2019-09-10,54.17499923706055,2.945,2.945,18.395585479477266,18.395585479477266,1.7020000219345093,3.734086810504902
2019-09-11,55.897499084472656,2.945,2.945,18.980475071128236,18.980475071128236,1.7330000400543213,3.5355719859490202
2019-09-12,55.772499084472656,2.945,2.945,18.93803024939649,18.93803024939649,1.7910000085830688,3.4893801937448243
2019-09-13,54.6875,2.945,2.945,18.56960950764007,18.56960950764007,1.902999997138977,3.4821428600038793
2019-09-16,54.974998474121094,2.945,2.945,18.667232079497825,18.667232079497825,1.840999960899353,3.515980633445416
2019-09-17,55.17499923706055,2.945,2.945,18.735144053331258,18.735144053331258,1.812000036239624,3.525562339333314
2019-09-18,55.692501068115234,2.945,2.945,18.910866237051014,18.910866237051014,1.7860000133514404,3.5019650510978835
2019-09-19,55.2400016784668,2.945,2.945,18.75721618963219,18.75721618963219,1.7740000486373901,3.55728146931375
2019-09-20,54.432498931884766,2.945,2.945,18.483021708619617,18.483021708619617,1.7549999952316284,3.6553707534736377
2019-09-23,54.68000030517578,2.945,2.945,18.567062921961217,18.567062921961217,1.7079999446868896,3.677881517572792
2019-09-24,54.41999816894531,2.945,2.945,18.47877696738381,18.47877696738381,1.6349999904632568,3.7766135690545743
2019-09-25,55.25749969482422,2.945,2.945,18.76315779111179,18.76315779111179,1.7319999933242798,3.597593303992153
2019-09-26,54.97249984741211,2.945,2.945,18.66638364937593,18.66638364937593,1.684999942779541,3.6722241386693195
2019-09-27,54.70500183105469,2.945,2.945,18.57555240443283,18.57555240443283,1.6749999523162842,3.7084200301837367
2019-09-30,55.99250030517578,2.945,2.945,19.012733550144578,19.012733550144578,1.6749999523162842,3.5846330055778513
2019-10-01,56.147499084472656,2.945,2.945,19.065364714591734,19.065364714591734,1.6440000534057617,3.6011133497207304
2019-10-02,54.7400016784668,2.945,2.945,18.587436902705196,18.587436902705196,1.5959999561309814,3.7839779570930903
2019-10-03,55.20500183105469,2.945,2.945,18.745331691359826,18.745331691359826,1.5360000133514404,3.79866152513136
2019-10-04,56.752498626708984,2.945,2.945,19.27079749633582,19.27079749633582,1.5149999856948853,3.674198853585853
2019-10-07,56.76499938964844,2.945,2.945,19.275042237571625,19.275042237571625,1.5529999732971191,3.6350561029212924
2019-10-08,56.099998474121094,2.945,2.945,19.049235475083563,19.049235475083563,1.5369999408721924,3.712554569113271
2019-10-09,56.75749969482422,2.945,2.945,19.272495651892775,19.272495651892775,1.5889999866485596,3.599741617253625
2019-10-10,57.522499084472656,2.945,2.945,19.53225775364097,19.53225775364097,1.6579999923706055,3.461735844688948
2019-10-11,59.0525016784668,2.945,2.945,20.051783252450527,20.051783252450527,1.7519999742507935,3.235087644890462
2019-10-14,58.967498779296875,2.945,2.945,20.022919789234933,20.022919789234933,1.7330000400543213,3.261276571579698
2019-10-15,58.83000183105469,2.945,2.945,19.97623152158054,19.97623152158054,1.7710000276565552,3.2349491621077355
2019-10-16,58.592498779296875,2.945,2.945,19.895585324039686,19.895585324039686,1.7480000257492065,3.2782406387649834
2019-10-17,58.81999969482422,2.945,2.945,19.972835210466627,19.972835210466627,1.7569999694824219,3.2498004645188407
2019-10-18,59.102500915527344,2.945,2.945,20.068760922080592,20.068760922080592,1.746999979019165,3.2358686887706485
2019-10-21,60.127498626708984,2.945,2.945,20.416807683093033,20.416807683093033,1.7920000553131104,3.105925298747459
2019-10-22,59.9900016784668,2.945,2.945,20.37011941543864,20.37011941543864,1.7680000066757202,3.1411513812248035
2019-10-23,60.79499816894531,2.945,2.945,20.643462875702994,20.643462875702994,1.7589999437332153,3.085148569629739
2019-10-24,60.89500045776367,2.945,2.945,20.67741951027629,20.67741951027629,1.7660000324249268,3.0701933789580496
2019-10-25,61.64500045776367,2.945,2.945,20.93208844066678,20.93208844066678,1.8009999990463257,2.9763541710096533
2019-10-28,62.26250076293945,2.945,2.945,21.141765963646673,21.141765963646673,1.8530000448226929,2.8769737980412513
2019-10-29,60.8224983215332,2.945,2.945,20.652800788296506,20.652800788296506,1.8350000381469727,3.0069582524044876
2019-10-30,60.814998626708984,2.945,2.945,20.650254202617653,20.650254202617653,1.7979999780654907,3.0445554219219764
2019-10-31,62.189998626708984,2.9725,2.9725,20.921782548934896,20.921782548934896,1.690999984741211,3.088707469253472
2019-11-01,63.95500183105469,2.9725,2.9725,21.51555990952218,21.51555990952218,1.7280000448226929,2.919799055945436
2019-11-04,64.375,2.9725,2.9725,21.656854499579477,21.656854499579477,1.7860000133514404,2.8314757148039
2019-11-05,64.28250122070312,2.9725,2.9725,21.625736323197014,21.625736323197014,1.8660000562667847,2.7581199508163605
2019-11-06,64.30999755859375,2.9725,2.9725,21.634986563025652,21.634986563025652,1.8140000104904175,2.8081429110541105
2019-11-07,64.85749816894531,2.9725,2.9725,21.819175161966463,21.819175161966463,1.9259999990463257,2.6571246726100277
2019-11-08,65.03500366210938,2.9725,2.9725,21.878891055377416,21.878891055377416,1.9329999685287476,2.6376155963502548
2019-11-11,65.55000305175781,2.9725,2.9725,22.052145686041314,22.052145686041314,1.9429999589920044,2.5917061609343905
2019-11-12,65.48999786376953,2.9725,2.9725,22.031958911276543,22.031958911276543,1.909000039100647,2.6298610037464023
2019-11-13,66.11750030517578,2.9725,2.9725,22.24306149879757,22.24306149879757,1.8700000047683716,2.625783995352559
2019-11-14,65.66000366210938,2.9725,2.9725,22.089151778674307,22.089151778674307,1.815000057220459,2.7121090414885165
2019-11-15,66.44000244140625,2.9725,2.9725,22.351556750683347,22.351556750683347,1.8339999914169312,2.6399613131773334
2019-11-18,66.7750015258789,2.9725,2.9725,22.464256190371373,22.464256190371373,1.8079999685287476,2.643516215784624
2019-11-19,66.57250213623047,2.9725,2.9725,22.396131921355916,22.396131921355916,1.7860000133514404,2.679056736231492
2019-11-20,65.79750061035156,2.9725,2.9725,22.135408111135934,22.135408111135934,1.7380000352859497,2.779648769648067
2019-11-21,65.50250244140625,2.9725,2.9725,22.036165665738014,22.036165665738014,1.7719999551773071,2.76599460870822
2019-11-22,65.44499969482422,2.9725,2.9725,22.016820755197383,22.016820755197383,1.7740000486373901,2.7679817893349963
2019-11-25,66.59249877929688,2.9725,2.9725,22.40285913517136,22.40285913517136,1.7640000581741333,2.6997159075708383
2019-11-26,66.07250213623047,2.9725,2.9725,22.22792334271841,22.22792334271841,1.7400000095367432,2.7588458096683492
2019-11-27,66.95999908447266,2.9725,2.9725,22.5264925431363,22.5264925431363,1.7669999599456787,2.6722175440003344
2019-11-29,66.8125,2.9725,2.9725,22.47687132043734,22.47687132043734,1.7760000228881836,2.673017750732023
2019-12-02,66.04000091552734,2.9725,2.9725,22.216989374441493,22.216989374441493,1.8359999656677246,2.6650599355914606
2019-12-03,64.86250305175781,2.9725,2.9725,21.820858890414737,21.820858890414737,1.7089999914169312,2.873771039833679
2019-12-04,65.43499755859375,2.9725,2.9725,22.01345586496005,22.01345586496005,1.781000018119812,2.761676089322961
2019-12-05,66.3949966430664,2.9725,2.9725,22.336416027944964,22.336416027944964,1.7970000505447388,2.67999392534157
2019-12-06,67.67749786376953,2.9725,2.9725,22.767871442815654,22.767871442815654,1.8420000076293945,2.5501540965064473
2019-12-09,66.7300033569336,2.9725,2.9725,22.44911803429221,22.44911803429221,1.8289999961853027,2.6255179874274495
2019-12-10,67.12000274658203,2.9725,2.9725,22.58032052029673,22.58032052029673,1.8329999446868896,2.5956351541866267
2019-12-11,67.69249725341797,2.9725,2.9725,22.77291749484204,22.77291749484204,1.7899999618530273,2.6011809231894594
2019-12-12,67.86499786376953,2.9725,2.9725,22.83094965980472,22.83094965980472,1.8969999551773071,2.4830193383721024
2019-12-13,68.7874984741211,2.9725,2.9725,23.141294692723665,23.141294692723665,1.819000005722046,2.5022793923335467
2019-12-16,69.96499633789062,2.9725,2.9725,23.537425176750418,23.537425176750418,1.8919999599456787,2.3565531102846657
2019-12-17,70.10250091552734,2.9725,2.9725,23.58368407587127,23.58368407587127,1.8890000581741333,2.3512195647774448
2019-12-18,69.93499755859375,2.9725,2.9725,23.527333072697644,23.527333072697644,1.9240000247955322,2.3263754721215095
2019-12-19,70.00499725341797,2.9725,2.9725,23.550882171040527,23.550882171040527,1.9079999923706055,2.338125450988181
2019-12-20,69.86000061035156,2.9725,2.9725,23.502102812565706,23.502102812565706,1.9170000553131104,2.337938355837644
2019-12-23,71.0,2.9725,2.9725,23.88561816652649,23.88561816652649,1.934999942779541,2.251619775530318
2019-12-24,71.06749725341797,2.9725,2.9725,23.908325400645236,23.908325400645236,1.909999966621399,2.272643456715194
2019-12-26,72.47750091552734,2.9725,2.9725,24.38267482439944,24.38267482439944,1.9049999713897705,2.196272785606162
2019-12-27,72.44999694824219,2.9725,2.9725,24.373422017911583,24.373422017911583,1.8739999532699585,2.228829757162652
2019-12-30,72.87999725341797,2.9725,2.9725,24.51808149820621,24.51808149820621,1.8949999809265137,2.183622565756684
2019-12-31,73.4124984741211,2.9725,2.9725,24.697224045120635,24.697224045120635,1.9190000295639038,2.1300380249682505
2020-01-02,75.0875015258789,2.9725,2.9725,25.260723810219986,25.260723810219986,1.8819999694824219,2.0767147827663632
2020-01-03,74.35749816894531,2.9725,2.9725,25.01513815607916,25.01513815607916,1.7879999876022339,2.2095793731856688
2020-01-06,74.94999694824219,2.9725,2.9725,25.214464911099135,25.214464911099135,1.8109999895095825,2.1549774901862517
2020-01-07,74.59750366210938,2.9725,2.9725,25.095880121819807,25.095880121819807,1.8270000219345093,2.1577177689770846
2020-01-08,75.79750061035156,2.9725,2.9725,25.499579683886143,25.499579683886143,1.8739999532699585,2.047633314402788
2020-01-09,77.40750122070312,2.9725,2.9725,26.041211512431666,26.041211512431666,1.8580000400543213,1.9820670763416102
2020-01-10,77.5824966430664,2.9725,2.9725,26.10008297495926,26.10008297495926,1.8250000476837158,2.0064053963503596
2020-01-13,79.23999786376953,2.9725,2.9725,26.657694823808082,26.657694823808082,1.8480000495910645,1.9032620404336758
2020-01-14,78.16999816894531,2.9725,2.9725,26.29772856819018,26.29772856819018,1.8179999589920044,1.9846098268949914
2020-01-15,77.83499908447266,2.9725,2.9725,26.185029128502155,26.185029128502155,1.7879999876022339,2.0309760963751162
2020-01-16,78.80999755859375,2.9725,2.9725,26.513035343513454,26.513035343513454,1.809000015258789,1.9627295775381177
2020-01-17,79.68250274658203,2.9725,2.9725,26.80656105856418,26.80656105856418,1.8359999656677246,1.8944300503843317
2020-01-21,79.14250183105469,2.9725,2.9725,26.624895485636564,26.624895485636564,1.7690000534057617,1.9868832346224443
2020-01-22,79.42500305175781,2.9725,2.9725,26.719933743232232,26.719933743232232,1.7690000534057617,1.9735241968771766
2020-01-23,79.80750274658203,2.9725,2.9725,26.848613203223557,26.848613203223557,1.7400000095367432,1.9845871504434074
2020-01-24,79.57749938964844,2.9725,2.9725,26.771236127720247,26.771236127720247,1.680999994277954,2.054352363861949
2020-01-27,77.23750305175781,2.9725,2.9725,25.984021211693122,25.984021211693122,1.6050000190734863,2.243519006726831
2020-01-28,79.42250061035156,2.9725,2.9725,26.719091879008094,26.719091879008094,1.6410000324249268,2.1016421371828358
2020-01-29,81.08499908447266,3.1750000000000007,3.1750000000000007,25.53858238881028,25.53858238881028,1.593999981880188,2.321644139534122
2020-01-30,80.96749877929688,3.1750000000000007,3.1750000000000007,25.501574418676174,25.501574418676174,1.5579999685287476,2.363326548737756
2020-01-31,77.37750244140625,3.1750000000000007,3.1750000000000007,24.37086691067913,24.37086691067913,1.5199999809265137,2.583259881207515
2020-02-03,77.16500091552734,3.1750000000000007,3.1750000000000007,24.30393729622908,24.30393729622908,1.5199999809265137,2.594559679969076
2020-02-04,79.7125015258789,3.1750000000000007,3.1750000000000007,25.106299693190202,25.106299693190202,1.6030000448226929,2.380064015673799
2020-02-05,80.36250305175781,3.1750000000000007,3.1750000000000007,25.3110245832308,25.3110245832308,1.6490000486373901,2.3018475225926007
2020-02-06,81.30249786376953,3.1750000000000007,3.1750000000000007,25.607085941344728,25.607085941344728,1.6440000534057617,2.2611690169468255
2020-02-07,80.00749969482422,3.1750000000000007,3.1750000000000007,25.199212502306835,25.199212502306835,1.5779999494552612,2.390378030247303
2020-02-10,80.38749694824219,3.1750000000000007,3.1750000000000007,25.318896676611708,25.318896676611708,1.5470000505447388,2.402619132204834
2020-02-11,79.90249633789062,3.1750000000000007,3.1750000000000007,25.166140578863182,25.166140578863182,1.590000033378601,2.3835929649848078
2020-02-12,81.80000305175781,3.1750000000000007,3.1750000000000007,25.76378048874261,25.76378048874261,1.6299999952316284,2.2514179528717033
2020-02-13,81.21749877929688,3.1750000000000007,3.1750000000000007,25.58031457615649,25.58031457615649,1.6169999837875366,2.2922560850651266
2020-02-14,81.23750305175781,3.1750000000000007,3.1750000000000007,25.586615134411904,25.586615134411904,1.5880000591278076,2.320293377681979
2020-02-18,79.75,3.1750000000000007,3.1750000000000007,25.118110236220467,25.118110236220467,1.555999994277954,2.42519122829258
2020-02-19,80.90499877929688,3.1750000000000007,3.1750000000000007,25.481889379306097,25.481889379306097,1.5700000524520874,2.3543557326103124
2020-02-20,80.07499694824219,3.1750000000000007,3.1750000000000007,25.220471479761315,25.220471479761315,1.524999976158142,2.440032956721287
2020-02-21,78.26249694824219,3.1750000000000007,3.1750000000000007,24.64960533802903,24.64960533802903,1.4709999561309814,2.5858601285910057
2020-02-24,74.54499816894531,3.1750000000000007,3.1750000000000007,23.47873958077017,23.47873958077017,1.3769999742507935,2.8821724423938866
2020-02-25,72.0199966430664,3.1750000000000007,3.1750000000000007,22.68346350962721,22.68346350962721,1.3300000429153442,3.0784978021142946
2020-02-26,73.1624984741211,3.1750000000000007,3.1750000000000007,23.043306606022387,23.043306606022387,1.309999942779541,3.029655025568835
2020-02-27,68.37999725341797,3.1750000000000007,3.1750000000000007,21.537007008950535,21.537007008950535,1.2990000247955322,3.344170679399398
2020-02-28,68.33999633789062,3.1750000000000007,3.1750000000000007,21.52440829539862,21.52440829539862,1.1269999742507935,3.5188884807353302
2020-03-02,74.70249938964844,3.1750000000000007,3.1750000000000007,23.528346264456196,23.528346264456196,1.0880000591278076,3.162192405570317
2020-03-03,72.33000183105469,3.1750000000000007,3.1750000000000007,22.781102938914856,22.781102938914856,1.0099999904632568,3.379603105933767
2020-03-04,75.68499755859375,3.1750000000000007,3.1750000000000007,23.837794506643696,23.837794506643696,0.9919999837875366,3.203018979570402
2020-03-05,73.2300033569336,3.1750000000000007,3.1750000000000007,23.064567986435772,23.064567986435772,0.9259999990463257,3.409654588492873
2020-03-06,72.25749969482422,3.1750000000000007,3.1750000000000007,22.758267620417072,22.758267620417072,0.7059999704360962,3.688007590591406
2020-03-09,66.5425033569336,3.1750000000000007,3.1750000000000007,20.958268773837347,20.958268773837347,0.49900001287460327,4.272386454161841
2020-03-10,71.33499908447266,3.1750000000000007,3.1750000000000007,22.467716247078,22.467716247078,0.7480000257492065,3.702830619443997
2020-03-11,68.85749816894531,3.1750000000000007,3.1750000000000007,21.687400998093008,21.687400998093008,0.8199999928474426,3.7909720645601315
2020-03-12,62.057498931884766,3.1750000000000007,3.1750000000000007,19.54566895492433,19.54566895492433,0.8489999771118164,4.267222968780554
2020-03-13,69.49250030517578,3.1750000000000007,3.1750000000000007,21.887401670921502,21.887401670921502,0.9509999752044678,3.6178383685837288
2020-03-16,60.5525016784668,3.1750000000000007,3.1750000000000007,19.071654071958044,19.071654071958044,0.7279999852180481,4.515383709908571
2020-03-17,63.21500015258789,3.1750000000000007,3.1750000000000007,19.910236268531616,19.910236268531616,0.996999979019165,4.025542127025618
2020-03-18,61.66749954223633,3.1750000000000007,3.1750000000000007,19.422834501491753,19.422834501491753,1.2660000324249268,3.88257907904923
2020-03-19,61.19499969482422,3.1750000000000007,3.1750000000000007,19.274015651913135,19.274015651913135,1.11899995803833,4.069332447931986
2020-03-20,57.310001373291016,3.1750000000000007,3.1750000000000007,18.05039413332,18.05039413332,0.9380000233650208,4.602045211182278
2020-03-23,56.092498779296875,3.1750000000000007,3.1750000000000007,17.666928749384837,17.666928749384837,0.7639999985694885,4.896293390199739
2020-03-24,61.720001220703125,3.1750000000000007,3.1750000000000007,19.439370463213578,19.439370463213578,0.8159999847412109,4.328199524663515
2020-03-25,61.380001068115234,3.1750000000000007,3.1750000000000007,19.332283800981173,19.332283800981173,0.8579999804496765,4.314694618360459
2020-03-26,64.61000061035156,3.1750000000000007,3.1750000000000007,20.349606491449308,20.349606491449308,0.8109999895095825,4.103099948590889
2020-03-27,61.935001373291016,3.1750000000000007,3.1750000000000007,19.507087046705827,19.507087046705827,0.7490000128746033,4.377342006339744
2020-03-30,63.70249938964844,3.1750000000000007,3.1750000000000007,20.063779335322337,20.063779335322337,0.6700000166893005,4.314105835389611
2020-03-31,63.5724983215332,3.1750000000000007,3.1750000000000007,20.022834117018327,20.022834117018327,0.6980000138282776,4.296297966945853
2020-04-01,60.227500915527344,3.1750000000000007,3.1750000000000007,18.969291626937743,18.969291626937743,0.6349999904632568,4.636678149483355
2020-04-02,61.23249816894531,3.1750000000000007,3.1750000000000007,19.2858261949434,19.2858261949434,0.6269999742507935,4.558155123030922
2020-04-03,60.352500915527344,3.1750000000000007,3.1750000000000007,19.0086617056779,19.0086617056779,0.5870000123977661,4.6737596112074
2020-04-06,65.61750030517578,3.1750000000000007,3.1750000000000007,20.66692922997662,20.66692922997662,0.6759999990463257,4.162648204913926
2020-04-07,64.85749816894531,3.1750000000000007,3.1750000000000007,20.427558478407967,20.427558478407967,0.7360000014305115,4.159347629354661
2020-04-08,66.51750183105469,3.1750000000000007,3.1750000000000007,20.950394277497534,20.950394277497534,0.7639999985694885,4.009179860265355
2020-04-09,66.99749755859375,3.1750000000000007,3.1750000000000007,21.101574034202752,21.101574034202752,0.7289999723434448,4.009982998211915
2020-04-13,68.3125,3.1750000000000007,3.1750000000000007,21.51574803149606,21.51574803149606,0.7490000128746033,3.8987584500714174
2020-04-14,71.76249694824219,3.1750000000000007,3.1750000000000007,22.60236124354084,22.60236124354084,0.7519999742507935,3.6723165350952094
2020-04-15,71.10749816894531,3.1750000000000007,3.1750000000000007,22.39606241541584,22.39606241541584,0.6380000114440918,3.827070595394688
2020-04-16,71.67250061035156,3.1750000000000007,3.1750000000000007,22.574015940268204,22.574015940268204,0.609000027179718,3.8208719222600367
2020-04-17,70.69999694824219,3.1750000000000007,3.1750000000000007,22.267715574249504,22.267715574249504,0.6539999842643738,3.8368064330602882
2020-04-20,69.23249816894531,3.1750000000000007,3.1750000000000007,21.805511234313478,21.805511234313478,0.6259999871253967,3.9599965953641947
2020-04-21,67.09249877929688,3.1750000000000007,3.1750000000000007,21.131495678518696,21.131495678518696,0.5709999799728394,4.161272714839549
2020-04-22,69.0250015258789,3.1750000000000007,3.1750000000000007,21.74015796090674,21.74015796090674,0.6190000176429749,3.9807825681055053
2020-04-23,68.75749969482422,3.1750000000000007,3.1750000000000007,21.65590541569266,21.65590541569266,0.6129999756813049,4.004678116297077
2020-04-24,70.74250030517578,3.1750000000000007,3.1750000000000007,22.281102458323076,22.281102458323076,0.5960000157356262,3.892108244932828
2020-04-27,70.7925033569336,3.1750000000000007,3.1750000000000007,22.296851451002702,22.296851451002702,0.656000018119812,3.828938145447804
2020-04-28,69.6449966430664,3.1750000000000007,3.1750000000000007,21.935432013564217,21.935432013564217,0.6100000143051147,3.948834292589912
2020-04-29,71.93250274658203,3.1750000000000007,3.1750000000000007,22.655906376876224,22.655906376876224,0.6269999742507935,3.786860073390695
2020-04-30,73.44999694824219,3.1750000000000007,3.1750000000000007,23.133857306532967,23.133857306532967,0.621999979019165,3.7006686825429576
2020-05-01,72.26750183105469,3.1975,3.1975,22.601251549978013,22.601251549978013,0.6420000195503235,3.7825337182770085
2020-05-04,73.29000091552734,3.1975,3.1975,22.92103234261997,22.92103234261997,0.6370000243186951,3.725805215219202
2020-05-05,74.38999938964844,3.1975,3.1975,23.26505063006988,23.26505063006988,0.6570000052452087,3.641292811309029
2020-05-06,75.15750122070312,3.1975,3.1975,23.505082477155007,23.505082477155007,0.7110000252723694,3.5433990008613065
2020-05-07,75.93499755859375,3.1975,3.1975,23.748240049599296,23.748240049599296,0.6309999823570251,3.579838369922781
2020-05-08,77.53250122070312,3.1975,3.1975,24.24785026448886,24.24785026448886,0.6819999814033508,3.442076953633264
2020-05-11,78.75250244140625,3.1975,3.1975,24.62939873069781,24.62939873069781,0.7260000109672546,3.33418842860521
2020-05-12,77.85250091552734,3.1975,3.1975,24.347928355129742,24.347928355129742,0.6779999732971191,3.429125632686172
2020-05-13,76.9124984741211,3.1975,3.1975,24.053947919975325,24.053947919975325,0.6489999890327454,3.5083217251693606
2020-05-14,77.38500213623047,3.1975,3.1975,24.201720761917272,24.201720761917272,0.6190000176429749,3.512937582321217
2020-05-15,76.92749786376953,3.1975,3.1975,24.058638894063968,24.058638894063968,0.6399999856948853,3.5165111303463963
2020-05-18,78.73999786376953,3.1975,3.1975,24.625487994924015,24.625487994924015,0.7440000176429749,3.3168332141944097
2020-05-19,78.28500366210938,3.1975,3.1975,24.483191137485342,24.483191137485342,0.7110000252723694,3.373434860623431
2020-05-20,79.80750274658203,3.1975,3.1975,24.959344095881793,24.959344095881793,0.6800000071525574,3.326515533313895
2020-05-21,79.2125015258789,3.1975,3.1975,24.773260836865962,24.773260836865962,0.6769999861717224,3.359610319532825
2020-05-22,79.72250366210938,3.1975,3.1975,24.932761114029518,24.932761114029518,0.6570000052452087,3.3537872293756124
2020-05-26,79.18250274658203,3.1975,3.1975,24.763878888688673,24.763878888688673,0.6980000138282776,3.3401395865748205
2020-05-27,79.52749633789062,3.1975,3.1975,24.871773678777366,24.871773678777366,0.6800000071525574,3.340621975481845
2020-05-28,79.5625,3.1975,3.1975,24.88272087568413,24.88272087568413,0.7049999833106995,3.3138531195958203
2020-05-29,79.48500061035156,3.1975,3.1975,24.858483380876173,24.858483380876173,0.6480000019073486,3.374771559326785
2020-06-01,80.4625015258789,3.1975,3.1975,25.164191251252202,25.164191251252202,0.6620000004768372,3.3119008096683675
2020-06-02,80.83499908447266,3.1975,3.1975,25.280687751203335,25.280687751203335,0.6800000071525574,3.275588582214047
2020-06-03,81.27999877929688,3.1975,3.1975,25.41985888328284,25.41985888328284,0.7609999775886536,3.172932168107253
2020-06-04,80.58000183105469,3.1975,3.1975,25.2009388056465,25.2009388056465,0.8199999928474426,3.1481061468172467
2020-06-05,82.875,3.1975,3.1975,25.918686473807664,25.918686473807664,0.9039999842643738,2.9542202268970135
2020-06-08,83.36499786376953,3.1975,3.1975,26.0719305281531,26.0719305281531,0.8840000033378601,2.9515425888003626
2020-06-09,85.99749755859375,3.1975,3.1975,26.895229885408526,26.895229885408526,0.8289999961853027,2.8891314503970897
2020-06-10,88.20999908447266,3.1975,3.1975,27.587177196082145,27.587177196082145,0.7480000257492065,2.8768724753126897
2020-06-11,83.9749984741211,3.1975,3.1975,26.262704761257577,26.262704761257577,0.652999997138977,3.1546809294470304
2020-06-12,84.69999694824219,3.1975,3.1975,26.489443924391615,26.489443924391615,0.6990000009536743,3.0760886828793406
2020-06-15,85.74749755859375,3.1975,3.1975,26.817043802531277,26.817043802531277,0.7020000219345093,3.026971774373663
2020-06-16,88.0199966430664,3.1975,3.1975,27.52775500955947,27.52775500955947,0.7559999823570251,2.8766972704800966
2020-06-17,87.89749908447266,3.1975,3.1975,27.489444592485587,27.489444592485587,0.7329999804496765,2.9047599482225683
2020-06-18,87.93250274658203,3.1975,3.1975,27.50039178939235,27.50039178939235,0.6940000057220459,2.9423118245178683
2020-06-19,87.43000030517578,3.1975,3.1975,27.343236999273117,27.343236999273117,0.6970000267028809,2.9602114440040572
2020-06-22,89.71749877929688,3.1975,3.1975,28.058639180389957,28.058639180389957,0.7039999961853027,2.8599647191772832
2020-06-23,91.63249969482422,3.1975,3.1975,28.65754486155566,28.65754486155566,0.7089999914169312,2.780482463660749
2020-06-24,90.01499938964844,3.1975,3.1975,28.151680809897872,28.151680809897872,0.6840000152587891,2.868185755646972
2020-06-25,91.20999908447266,3.1975,3.1975,28.52541019060912,28.52541019060912,0.6740000247955322,2.8316463211042056
2020-06-26,88.40750122070312,3.1975,3.1975,27.648944869649142,27.648944869649142,0.6359999775886536,2.9807745673876433
2020-06-29,90.44499969482422,3.1975,3.1975,28.286160967888733,28.286160967888733,0.6359999775886536,2.8992977290716064
2020-06-30,91.19999694824219,3.1975,3.1975,28.52228207920006,28.52228207920006,0.652999997138977,2.853030821935112
2020-07-01,91.02749633789062,3.1975,3.1975,28.468333491130767,28.468333491130767,0.6819999814033508,2.830674901064031
2020-07-02,91.02749633789062,3.1975,3.1975,28.468333491130767,28.468333491130767,0.6690000295639038,2.843674852903478
2020-07-06,93.4625015258789,3.1975,3.1975,29.22986756086909,29.22986756086909,0.6840000152587891,2.737158147423858
2020-07-07,93.17250061035156,3.1975,3.1975,29.139171418405496,29.139171418405496,0.6499999761581421,2.7818065966545595
2020-07-08,95.34249877929688,3.1975,3.1975,29.817826045128033,29.817826045128033,0.652999997138977,2.7006985538101826
2020-07-09,95.75250244140625,3.1975,3.1975,29.946052366350667,29.946052366350667,0.6050000190734863,2.734338294258474
2020-07-10,95.91999816894531,3.1975,3.1975,29.998435705690483,29.998435705690483,0.6330000162124634,2.7005071366632025
2020-07-13,95.47750091552734,3.1975,3.1975,29.860047197975714,29.860047197975714,0.6399999856948853,2.7089565426383735
2020-07-14,97.05750274658203,3.1975,3.1975,30.354183814411897,30.354183814411897,0.6150000095367432,2.679438760795829
2020-07-15,97.7249984741211,3.1975,3.1975,30.562939319506206,30.562939319506206,0.6299999952316284,2.6419366125205235
2020-07-16,96.52249908447266,3.1975,3.1975,30.186864451750637,30.186864451750637,0.6119999885559082,2.7006991544715375
2020-07-17,96.32749938964844,3.1975,3.1975,30.125879402548378,30.125879402548378,0.628000020980835,2.691405154342973
2020-07-20,98.35749816894531,3.1975,3.1975,30.76075001374365,30.76075001374365,0.6200000047683716,2.630896021996932
2020-07-21,97.0,3.1975,3.1975,30.33620015637217,30.33620015637217,0.6069999933242798,2.6893917592530396
2020-07-22,97.27249908447266,3.1975,3.1975,30.42142270038238,30.42142270038238,0.5950000286102295,2.6921572153125886
2020-07-23,92.84500122070312,3.1975,3.1975,29.03674784072029,29.03674784072029,0.5820000171661377,2.8619118337251974
2020-07-24,92.61499786376953,3.1975,3.1975,28.96481559461127,28.96481559461127,0.5889999866485596,2.8634645965751084
2020-07-27,94.80999755859375,3.1975,3.1975,29.65128930683151,29.65128930683151,0.609000027179718,2.7635346024345324
2020-07-28,93.25250244140625,3.1975,3.1975,29.164191537578187,29.164191537578187,0.5809999704360962,2.8478624367782293
2020-07-29,95.04000091552734,3.1975,3.1975,29.723221552940533,29.723221552940533,0.5789999961853027,2.78537286702834
2020-07-30,96.19000244140625,3.1975,3.1975,30.08287801138585,30.08287801138585,0.5410000085830688,2.7831500266014544
2020-07-31,106.26000213623047,3.2975000000000003,3.2975000000000003,32.224413081495214,32.224413081495214,0.5360000133514404,2.5672372666294554
2020-08-03,108.9375,3.2975000000000003,3.2975000000000003,33.03639120545868,33.03639120545868,0.5630000233650208,2.4639649795035967
2020-08-04,109.66500091552734,3.2975000000000003,3.2975000000000003,33.257013166194795,33.257013166194795,0.5149999856948853,2.4918845923119077
2020-08-05,110.0625,3.2975000000000003,3.2975000000000003,33.37755875663381,33.37755875663381,0.5429999828338623,2.4530250029696585
2020-08-06,113.90249633789062,3.2975000000000003,3.2975000000000003,34.54207622074014,34.54207622074014,0.5360000133514404,2.359019943206842
2020-08-07,111.11250305175781,3.2975000000000003,3.2975000000000003,33.69598272987348,33.69598272987348,0.5619999766349792,2.405712845444078
2020-08-10,112.72750091552734,3.2975000000000003,3.2975000000000003,34.185747055504876,34.185747055504876,0.5740000009536743,2.351195690620284
2020-08-11,109.375,3.2975000000000003,3.2975000000000003,33.169067475360116,33.169067475360116,0.6579999923706055,2.356857150486538
2020-08-12,113.01000213623047,3.2975000000000003,3.2975000000000003,34.27141838854601,34.27141838854601,0.6700000166893005,2.2478833013067065
2020-08-13,115.01000213623047,3.2975000000000003,3.2975000000000003,34.87793847952402,34.87793847952402,0.7160000205039978,2.15114191389409
2020-08-14,114.90750122070312,3.2975000000000003,3.2975000000000003,34.846854047218535,34.846854047218535,0.7089999914169312,2.1606995190323333
2020-08-17,114.60749816894531,3.2975000000000003,3.2975000000000003,34.755875108095616,34.755875108095616,0.6830000281333923,2.194211369622701
2020-08-18,115.5625,3.2975000000000003,3.2975000000000003,35.045489006823345,35.045489006823345,0.6690000295639038,2.184434259240856
2020-08-19,115.7074966430664,3.2975000000000003,3.2975000000000003,35.08946069539542,35.08946069539542,0.675000011920929,2.1748585501151187
2020-08-20,118.2750015258789,3.2975000000000003,3.2975000000000003,35.86808234295039,35.86808234295039,0.6439999938011169,2.1439940518201785
2020-08-21,124.37000274658203,3.2975000000000003,3.2975000000000003,37.716452690396366,37.716452690396366,0.6399999856948853,2.011362824611576
2020-08-24,125.85749816894531,3.2975000000000003,3.2975000000000003,38.16755061984694,38.16755061984694,0.6460000276565552,1.9740266278658583
2020-08-25,124.82499694824219,3.2975000000000003,3.2975000000000003,37.85443425268906,37.85443425268906,0.6819999814033508,1.9596984609104795
2020-08-26,126.52249908447266,3.2975000000000003,3.2975000000000003,38.36921882774,38.36921882774,0.6869999766349792,1.9192558465276872
2020-08-27,125.01000213623047,3.2975000000000003,3.2975000000000003,37.91053893441409,37.91053893441409,0.7459999918937683,1.8917889399122867
2020-08-28,124.80750274658203,3.2975000000000003,3.2975000000000003,37.849128960297804,37.849128960297804,0.7289999723434448,1.9130687554440806
2020-08-31,129.0399932861328,3.2975000000000003,3.2975000000000003,39.13267423385377,39.13267423385377,0.6930000185966492,1.8624092898091065
2020-09-01,134.17999267578125,3.2975000000000003,3.2975000000000003,40.69143068257202,40.69143068257202,0.671999990940094,1.7855198927937952
2020-09-02,131.39999389648438,3.2975000000000003,3.2975000000000003,39.848368126303065,39.848368126303065,0.6510000228881836,1.858513031273553
2020-09-03,120.87999725341797,3.2975000000000003,3.2975000000000003,36.65807346578255,36.65807346578255,0.621999979019165,2.1059120617852214
2020-09-04,120.95999908447266,3.2975000000000003,3.2975000000000003,36.6823348247074,36.6823348247074,0.7210000157356262,2.0051078091306627
2020-09-08,112.81999969482422,3.2975000000000003,3.2975000000000003,34.21379823952213,34.21379823952213,0.6840000152587891,2.2387973689990286
2020-09-09,117.31999969482422,3.2975000000000003,3.2975000000000003,35.57846844422266,35.57846844422266,0.703000009059906,2.1076887128779918
2020-09-10,113.48999786376953,3.2975000000000003,3.2975000000000003,34.41698191471403,34.41698191471403,0.6850000023841858,2.2205423908390785
2020-09-11,112.0,3.2975000000000003,3.2975000000000003,33.96512509476876,33.96512509476876,0.6690000295639038,2.2751963990075255
2020-09-14,115.36000061035156,3.2975000000000003,3.2975000000000003,34.984079032707065,34.984079032707065,0.6710000038146973,2.187443115597099
2020-09-15,115.54000091552734,3.2975000000000003,3.2975000000000003,35.03866593344271,35.03866593344271,0.6790000200271606,2.1749899175450587
2020-09-16,112.12999725341797,3.2975000000000003,3.2975000000000003,34.00454806775374,34.00454806775374,0.6869999766349792,2.2537831151076593
2020-09-17,110.33999633789062,3.2975000000000003,3.2975000000000003,33.461712308685556,33.461712308685556,0.6840000152587891,2.3044902053699774
2020-09-18,106.83999633789062,3.2975000000000003,3.2975000000000003,32.40030214947403,32.40030214947403,0.6940000057220459,2.3923909649134965
2020-09-21,110.08000183105469,3.2975000000000003,3.2975000000000003,33.382866362715596,33.382866362715596,0.6710000038146973,2.324548638218248
2020-09-22,111.80999755859375,3.2975000000000003,3.2975000000000003,33.90750494574488,33.90750494574488,0.6639999747276306,2.285199624594383
2020-09-23,107.12000274658203,3.2975000000000003,3.2975000000000003,32.485216905711,32.485216905711,0.6759999990463257,2.402323297678213
2020-09-24,108.22000122070312,3.2975000000000003,3.2975000000000003,32.8188024930108,32.8188024930108,0.6660000085830688,2.3810337770432146
2020-09-25,112.27999877929688,3.2975000000000003,3.2975000000000003,34.0500375373152,34.0500375373152,0.6589999794960022,2.2778543452726767
2020-09-28,114.95999908447266,3.2975000000000003,3.2975000000000003,34.862774551773356,34.862774551773356,0.6629999876022339,2.2053890401125247
2020-09-29,114.08999633789062,3.2975000000000003,3.2975000000000003,34.59893747926933,34.59893747926933,0.6449999809265137,2.2452621856477366
2020-09-30,115.80999755859375,3.2975000000000003,3.2975000000000003,35.12054512770091,35.12054512770091,0.6769999861717224,2.170336227898776
2020-10-01,116.79000091552734,3.2975000000000003,3.2975000000000003,35.41774099030397,35.41774099030397,0.6769999861717224,2.146443779690595
2020-10-02,113.0199966430664,3.2975000000000003,3.2975000000000003,34.27444932314371,34.27444932314371,0.6959999799728394,2.2216253057666258
2020-10-05,116.5,3.2975000000000003,3.2975000000000003,35.32979529946929,35.32979529946929,0.7620000243186951,2.068472078685597
2020-10-06,113.16000366210938,3.2975000000000003,3.2975000000000003,34.31690785810746,34.31690785810746,0.7419999837875366,2.1720154751074503
2020-10-07,115.08000183105469,3.2975000000000003,3.2975000000000003,34.89916659016063,34.89916659016063,0.7850000262260437,2.080397912193314
2020-10-08,114.97000122070312,3.2975000000000003,3.2975000000000003,34.865807800061596,34.865807800061596,0.7649999856948853,2.103139498508413
2020-10-09,116.97000122070312,3.2975000000000003,3.2975000000000003,35.47232789103961,35.47232789103961,0.7749999761581421,2.044098908673158
2020-10-12,124.4000015258789,3.2975000000000003,3.2975000000000003,37.72555012157055,37.72555012157055,0.7770000100135803,1.8737234301417014
2020-10-13,121.0999984741211,3.2975000000000003,3.2975000000000003,36.724791045980616,36.724791045980616,0.7269999980926514,1.9959562707339513
2020-10-14,121.19000244140625,3.2975000000000003,3.2975000000000003,36.7520856531937,36.7520856531937,0.722000002861023,1.9989340127928652
2020-10-15,120.70999908447266,3.2975000000000003,3.2975000000000003,36.60651981333515,36.60651981333515,0.7310000061988831,2.0007538045955444
2020-10-16,119.0199966430664,3.2975000000000003,3.2975000000000003,36.094009596077754,36.094009596077754,0.7440000176429749,2.0265428264212866
2020-10-19,115.9800033569336,3.2975000000000003,3.2975000000000003,35.17210109383884,35.17210109383884,0.7609999775886536,2.082162554362478
2020-10-20,117.51000213623047,3.2975000000000003,3.2975000000000003,35.63608859324654,35.63608859324654,0.796999990940094,2.009144115990631
2020-10-21,116.87000274658203,3.2975000000000003,3.2975000000000003,35.442002349228815,35.442002349228815,0.8159999847412109,2.005511029637916
2020-10-22,115.75,3.2975000000000003,3.2975000000000003,35.102350265352534,35.102350265352534,0.8479999899864197,2.0008121050459784
2020-10-23,115.04000091552734,3.2975000000000003,3.2975000000000003,34.8870359106982,34.8870359106982,0.8410000205039978,2.02539425431987
2020-10-26,115.05000305175781,3.2975000000000003,3.2975000000000003,34.89006915898644,34.89006915898644,0.8009999990463257,2.065145079208515
2020-10-27,116.5999984741211,3.2975000000000003,3.2975000000000003,35.360120841280086,35.360120841280086,0.777999997138977,2.050044636782581
2020-10-28,111.19999694824219,3.2975000000000003,3.2975000000000003,33.72251613290134,33.72251613290134,0.781000018119812,2.184377761103343
2020-10-29,115.31999969482422,3.2975000000000003,3.2975000000000003,34.97194835324464,34.97194835324464,0.8349999785423279,2.024434645743401
2020-10-30,108.86000061035156,3.28,3.28,33.189024576326695,33.189024576326695,0.8600000143051147,2.153044245854574
2020-11-02,108.7699966430664,3.28,3.28,33.1615843423983,33.1615843423983,0.8489999771118164,2.1665374883930006
2020-11-03,110.44000244140625,3.28,3.28,33.67073245164825,33.67073245164825,0.8820000290870667,2.0879383333647072
2020-11-04,114.94999694824219,3.28,3.28,35.045730776903106,35.045730776903106,0.7680000066757202,2.085414597134026
2020-11-05,119.02999877929688,3.28,3.28,36.289633774175876,36.289633774175876,0.7760000228881836,1.9796078353305773
2020-11-06,118.69000244140625,3.28,3.28,36.18597635408727,36.18597635408727,0.8199999928474426,1.9435015089907082
2020-11-09,116.31999969482422,3.28,3.28,35.463414541104946,35.463414541104946,0.9580000042915344,1.8618074308918984
2020-11-10,115.97000122070312,3.28,3.28,35.35670768923876,35.35670768923876,0.972000002861023,1.8563176357305422
2020-11-11,119.48999786376953,3.28,3.28,36.42987739749071,36.42987739749071,0.9580000042915344,1.7869996263382406
2020-11-12,119.20999908447266,3.28,3.28,36.344511915997764,36.344511915997764,0.8849999904632568,1.866447056923917
2020-11-13,119.26000213623047,3.28,3.28,36.35975674885076,36.35975674885076,0.8930000066757202,1.8572934204980123
2020-11-16,120.30000305175781,3.28,3.28,36.676830198706654,36.676830198706654,0.906000018119812,1.8205169534456949
2020-11-17,119.38999938964844,3.28,3.28,36.399390057819645,36.399390057819645,0.871999979019165,1.8752988037668148
2020-11-18,118.02999877929688,3.28,3.28,35.98475572539539,35.98475572539539,0.8820000290870667,1.8969545027461834
2020-11-19,118.63999938964844,3.28,3.28,36.17073152123428,36.17073152123428,0.8539999723434448,1.9106662590070131
2020-11-20,117.33999633789062,3.28,3.28,35.774389127405684,35.774389127405684,0.8289999961853027,1.9662958128881498
2020-11-23,113.8499984741211,3.28,3.28,34.71036538845156,34.71036538845156,0.8569999933242798,2.0239837958371814
2020-11-24,115.16999816894531,3.28,3.28,35.112804319800404,35.112804319800404,0.8820000290870667,1.965963895674396
2020-11-25,116.02999877929688,3.28,3.28,35.37499962783441,35.37499962783441,0.878000020980835,1.9488551324342382
2020-11-27,116.58999633789062,3.28,3.28,35.54573059082031,35.54573059082031,0.8420000076293945,1.9712773772452046
2020-11-30,119.05000305175781,3.28,3.28,36.29573263773104,36.29573263773104,0.843999981880188,1.9111448445957904
2020-12-01,122.72000122070312,3.28,3.28,37.41463451850705,37.41463451850705,0.9340000152587891,1.7387509359909221
2020-12-02,123.08000183105469,3.28,3.28,37.52439080215082,37.52439080215082,0.9480000138282776,1.7169333231912325
2020-12-03,122.94000244140625,3.28,3.28,37.48170806140435,37.48170806140435,0.9200000166893005,1.747968044856218
2020-12-04,122.25,3.28,3.28,37.271341463414636,37.271341463414636,0.968999981880188,1.7140266029868876
2020-12-07,123.75,3.28,3.28,37.72865853658537,37.72865853658537,0.9279999732971191,1.7225050772079311
2020-12-08,124.37999725341797,3.28,3.28,37.92073086994451,37.92073086994451,0.9129999876022339,1.724079987015522
2020-12-09,121.77999877929688,3.28,3.28,37.12804840832222,37.12804840832222,0.9409999847412109,1.752381549893534
2020-12-10,123.23999786376953,3.28,3.28,37.57317008041754,37.57317008041754,0.9079999923706055,1.7534736013126224
2020-12-11,122.41000366210938,3.28,3.28,37.320123067716274,37.320123067716274,0.8930000066757202,1.7865195602494186
2020-12-14,121.77999877929688,3.28,3.28,37.12804840832222,37.12804840832222,0.8920000195503235,1.8013815150844215
2020-12-15,127.87999725341797,3.28,3.28,38.98780404067621,38.98780404067621,0.9229999780654907,1.6419046750837198
2020-12-16,127.80999755859375,3.28,3.28,38.966462670302974,38.966462670302974,0.9200000166893005,1.6463093977962941
2020-12-17,128.6999969482422,3.28,3.28,39.237803947634816,39.237803947634816,0.9300000071525574,1.6185626018419712
2020-12-18,126.66000366210938,3.28,3.28,38.61585477503335,38.61585477503335,0.9480000138282776,1.6416098907711638
2020-12-21,128.22999572753906,3.28,3.28,39.0945108925424,39.0945108925424,0.9409999847412109,1.6169038671541665
2020-12-22,131.8800048828125,3.28,3.28,40.207318561833084,40.207318561833084,0.9179999828338623,1.569109418560671
2020-12-23,130.9600067138672,3.28,3.28,39.926831315203415,39.926831315203415,0.9549999833106995,1.5495814399068704
2020-12-24,131.97000122070312,3.28,3.28,40.23475646972656,40.23475646972656,0.9279999732971191,1.5574133552324572
2020-12-28,136.69000244140625,3.28,3.28,41.67378123213605,41.67378123213605,0.9330000281333923,1.4665902428566238
2020-12-29,134.8699951171875,3.28,3.28,41.11890095036205,41.11890095036205,0.9350000023841858,1.4969716138007434
2020-12-30,133.72000122070312,3.28,3.28,40.76829305509242,40.76829305509242,0.9259999990463257,1.526886607338311
2020-12-31,132.69000244140625,3.28,3.28,40.4542690370141,40.4542690370141,0.9169999957084656,1.5549270068163814
2021-01-04,129.41000366210938,3.28,3.28,39.45426940917969,39.45426940917969,0.9169999957084656,1.617579949566946
2021-01-05,131.00999450683594,3.28,3.28,39.94207149598657,39.94207149598657,0.9549999833106995,1.5486257990939043
2021-01-06,126.5999984741211,3.28,3.28,38.59756051040277,38.59756051040277,1.0420000553131104,1.5488372586940304
2021-01-07,130.9199981689453,3.28,3.28,39.91463358809308,39.91463358809308,1.0709999799728394,1.4343468317245867
2021-01-08,132.0500030517578,3.28,3.28,40.25914727187738,40.25914727187738,1.1050000190734863,1.3789075342753643
2021-01-11,128.97999572753906,3.28,3.28,39.323169429127766,39.323169429127766,1.1319999694824219,1.4110300418758999
2021-01-12,128.8000030517578,3.28,3.28,39.2682936133408,39.2682936133408,1.1380000114440918,1.4085837791494096
2021-01-13,130.88999938964844,3.28,3.28,39.905487618795256,39.905487618795256,1.0880000591278076,1.4179209549259228
2021-01-14,128.91000366210938,3.28,3.28,39.30183038478945,39.30183038478945,1.128999948501587,1.4154108084768438
2021-01-15,127.13999938964844,3.28,3.28,38.76219493586843,38.76219493586843,1.097000002861023,1.4828332642036712
2021-01-19,127.83000183105469,3.28,3.28,38.97256153385814,38.97256153385814,1.0920000076293945,1.47390780197463
2021-01-20,132.02999877929688,3.28,3.28,40.25304840832222,40.25304840832222,1.090000033378601,1.3942838644671394
2021-01-21,136.8699951171875,3.28,3.28,41.72865704792302,41.72865704792302,1.1089999675750732,1.2874346908697363
2021-01-22,139.07000732421875,3.28,3.28,42.39939247689596,42.39939247689596,1.090999960899353,1.2675243989600822
2021-01-25,142.9199981689453,3.28,3.28,43.57317017345894,43.57317017345894,1.0399999618530273,1.2549902718599073
2021-01-26,143.16000366210938,3.28,3.28,43.6463425799114,43.6463425799114,1.0399999618530273,1.2511427568504145
2021-01-27,142.05999755859375,3.28,3.28,43.310974865424924,43.310974865424924,1.0140000581741333,1.2948835518281396
2021-01-28,137.08999633789062,3.7125,3.7125,36.92659834017256,36.92659834017256,1.0570000410079956,1.6510750185679548
2021-01-29,131.9600067138672,3.7125,3.7125,35.54478295323022,35.54478295323022,1.093000054359436,1.7203523335727078
2021-02-01,134.13999938964844,3.7125,3.7125,36.13198636758207,36.13198636758207,1.0770000219345093,1.6906308241160932
2021-02-02,134.99000549316406,3.7125,3.7125,36.36094424058291,36.36094424058291,1.1050000190734863,1.6452035878061375
2021-02-03,133.94000244140625,3.7125,3.7125,36.078115135732325,36.078115135732325,1.13100004196167,1.6407633836990696
2021-02-04,137.38999938964844,3.7125,3.7125,37.007407243002945,37.007407243002945,1.1390000581741333,1.5631616832136581
2021-02-05,136.75999450683594,3.7125,3.7125,36.83770895807029,36.83770895807029,1.1699999570846558,1.5446096869033243
2021-02-08,136.91000366210938,3.7125,3.7125,36.878115464541246,36.878115464541246,1.159999966621399,1.5516353417541393
2021-02-09,136.00999450683594,3.7125,3.7125,36.63568875605009,36.63568875605009,1.156999945640564,1.57257887204949
2021-02-10,135.38999938964844,3.7125,3.7125,36.468686704282405,36.468686704282405,1.1330000162124634,1.6090784362111417
2021-02-11,135.1300048828125,3.7125,3.7125,36.39865451388889,36.39865451388889,1.1579999923706055,1.589354307823164
2021-02-12,135.3699951171875,3.7125,3.7125,36.46329834806397,36.46329834806397,1.2000000476837158,1.5424836148045276
2021-02-16,133.19000244140625,3.7125,3.7125,35.876094933712125,35.876094933712125,1.2990000247955322,1.4883713483923504
2021-02-17,130.83999633789062,3.7125,3.7125,35.24309665667088,35.24309665667088,1.3009999990463257,1.5364351155287101
2021-02-18,129.7100067138672,3.7125,3.7125,34.938722347169616,34.938722347169616,1.2869999408721924,1.575153946907307
2021-02-19,129.8699951171875,3.7125,3.7125,34.98181686658249,34.98181686658249,1.3450000286102295,1.5136279374954484
2021-02-22,126.0,3.7125,3.7125,33.93939393939394,33.93939393939394,1.3700000047683716,1.5764285666602
2021-02-23,125.86000061035156,3.7125,3.7125,33.90168366608796,33.90168366608796,1.3619999885559082,1.5877060197043997
2021-02-24,125.3499984741211,3.7125,3.7125,33.764309353298614,33.764309353298614,1.3890000581741333,1.572707197663175
2021-02-25,120.98999786376953,3.7125,3.7125,32.58989841448338,32.58989841448338,1.5180000066757202,1.550435455386312
2021-02-26,121.26000213623047,3.7125,3.7125,32.66262683804188,32.66262683804188,1.4600000381469727,1.6016030746660745
2021-03-01,127.79000091552734,3.7125,3.7125,34.421549068155514,34.421549068155514,1.4459999799728394,1.4591568972495526
2021-03-02,125.12000274658203,3.7125,3.7125,33.70235764217698,33.70235764217698,1.4149999618530273,1.552151507540156
2021-03-03,122.05999755859375,3.7125,3.7125,32.87811382049664,32.87811382049664,1.4700000286102295,1.571536981267105
2021-03-04,120.12999725341797,3.7125,3.7125,32.358248418429085,32.358248418429085,1.5499999523162842,1.5404021827710626
2021-03-05,121.41999816894531,3.7125,3.7125,32.70572341251052,32.70572341251052,1.5540000200271606,1.5035687956422161
2021-03-08,116.36000061035156,3.7125,3.7125,31.342761107165405,31.342761107165405,1.5959999561309814,1.5945294186769887
2021-03-09,121.08999633789062,3.7125,3.7125,32.61683403040825,32.61683403040825,1.5460000038146973,1.5199014845630927
2021-03-10,119.9800033569336,3.7125,3.7125,32.31784602206965,32.31784602206965,1.5199999809265137,1.5742656434505142
2021-03-11,121.95999908447266,3.7125,3.7125,32.85117820457176,32.85117820457176,1.5269999504089355,1.5170309022222015
2021-03-12,121.02999877929688,3.7125,3.7125,32.60067307186448,32.60067307186448,1.6349999904632568,1.4324213409786237
2021-03-15,123.98999786376953,3.7125,3.7125,33.39797922256418,33.39797922256418,1.6069999933242798,1.3871931383499407
2021-03-16,125.56999969482422,3.7125,3.7125,33.823568941366794,33.823568941366794,1.621000051498413,1.3355182323453216
2021-03-17,124.76000213623047,3.7125,3.7125,33.60538778080282,33.60538778080282,1.6410000324249268,1.3347132862925348
2021-03-18,120.52999877929688,3.7125,3.7125,32.465992937184346,32.465992937184346,1.7300000190734863,1.3501460338589277
2021-03-19,119.98999786376953,3.7125,3.7125,32.32053814512311,32.32053814512311,1.7319999933242798,1.3620078957457586
2021-03-22,123.38999938964844,3.7125,3.7125,33.23636347195917,33.23636347195917,1.684000015258789,1.3247527348538375
2021-03-23,122.54000091552734,3.7125,3.7125,33.0074076540141,33.0074076540141,1.6380000114440918,1.3916229461721747
2021-03-24,120.08999633789062,3.7125,3.7125,32.34747376104798,32.34747376104798,1.6139999628067017,1.4774315578957746
2021-03-25,120.58999633789062,3.7125,3.7125,32.48215389572812,32.48215389572812,1.6139999628067017,1.4646136143905752
2021-03-26,121.20999908447266,3.7125,3.7125,32.64915800255156,32.64915800255156,1.659999966621399,1.4028661566698943
2021-03-29,121.38999938964844,3.7125,3.7125,32.69764293323864,32.69764293323864,1.7209999561309814,1.3373244681762353
2021-03-30,119.9000015258789,3.7125,3.7125,32.29629670730745,32.29629670730745,1.7259999513626099,1.3703302844620358
2021-03-31,122.1500015258789,3.7125,3.7125,32.90235731336806,32.90235731336806,1.746000051498413,1.2932958581405756
2021-04-01,123.0,3.7125,3.7125,33.131313131313135,33.131313131313135,1.6790000200271606,1.3392926628996684
2021-04-05,125.9000015258789,3.7125,3.7125,33.91245832346907,33.91245832346907,1.7200000286102295,1.2287687998292927
2021-04-06,126.20999908447266,3.7125,3.7125,33.9959593493529,33.9959593493529,1.656000018119812,1.2855260312665089
2021-04-07,127.9000015258789,3.7125,3.7125,34.45117886218961,34.45117886218961,1.652999997138977,1.2496582950494117
2021-04-08,130.36000061035156,3.7125,3.7125,35.11380487820917,35.11380487820917,1.6319999694824219,1.2158828033143743
2021-04-09,133.0,3.7125,3.7125,35.82491582491583,35.82491582491583,1.6660000085830688,1.1253533748755777
2021-04-12,131.24000549316406,3.7125,3.7125,35.35084323048191,35.35084323048191,1.6749999523162842,1.1537868844789747
2021-04-13,134.42999267578125,3.7125,3.7125,36.210099037247474,36.210099037247474,1.6230000257492065,1.1386604683890482
2021-04-14,132.02999877929688,3.7125,3.7125,35.56363603482744,35.56363603482744,1.6380000114440918,1.1738609552486863
2021-04-15,134.5,3.7125,3.7125,36.22895622895623,36.22895622895623,1.5299999713897705,1.2302230769373672
2021-04-16,134.16000366210938,3.7125,3.7125,36.137374723800505,36.137374723800505,1.5729999542236328,1.1942182171101803
2021-04-19,134.83999633789062,3.7125,3.7125,36.32053773411195,36.32053773411195,1.6009999513626099,1.152263250081702
2021-04-20,133.11000061035156,3.7125,3.7125,35.85454561894991,35.85454561894991,1.562000036239624,1.227046604115729
2021-04-21,133.5,3.7125,3.7125,35.95959595959596,35.95959595959596,1.5640000104904175,1.216898865914077
2021-04-22,131.94000244140625,3.7125,3.7125,35.539394597011785,35.539394597011785,1.5540000200271606,1.259778918357124
2021-04-23,134.32000732421875,3.7125,3.7125,36.18047335332491,36.18047335332491,1.5670000314712524,1.1969217951847329
2021-04-26,134.72000122070312,3.7125,3.7125,36.28821581702441,36.28821581702441,1.5700000524520874,1.1857154807730423
2021-04-27,134.38999938964844,3.7125,3.7125,36.19932643492214,36.19932643492214,1.621999979019165,1.14048236108118
2021-04-28,133.5800018310547,3.7125,3.7125,35.98114527435816,35.98114527435816,1.6200000047683716,1.1592333753115187
2021-04-29,133.47999572753906,4.47,4.47,29.861296583342074,29.861296583342074,1.6399999856948853,1.708816423562586
2021-04-30,131.4600067138672,4.47,4.47,29.409397475138075,29.409397475138075,1.63100004196167,1.7692736319392437
2021-05-03,132.5399932861328,4.47,4.47,29.651005209425687,29.651005209425687,1.6069999933242798,1.7655669498096156
2021-05-04,127.8499984741211,4.47,4.47,28.601789367812327,28.601789367812327,1.5920000076293945,1.904284742741408
2021-05-05,128.10000610351562,4.47,4.47,28.657719486245107,28.657719486245107,1.5839999914169312,1.9054612006363012
2021-05-06,129.74000549316406,4.47,4.47,29.024609730014333,29.024609730014333,1.5609999895095825,1.884352107562374
2021-05-07,130.2100067138672,4.47,4.47,29.129755416972525,29.129755416972525,1.5770000219345093,1.8559158597324803
2021-05-10,126.8499984741211,4.47,4.47,28.378075721279888,28.378075721279888,1.6019999980926514,1.9218471077564927
2021-05-11,125.91000366210938,4.47,4.47,28.167786054163173,28.167786054163173,1.6239999532699585,1.926154816001306
2021-05-12,122.7699966430664,4.47,4.47,27.465323633795617,27.465323633795617,1.6950000524520874,1.9459546777136145
2021-05-13,124.97000122070312,4.47,4.47,27.957494680246786,27.957494680246786,1.6679999828338623,1.9088584282545407
2021-05-14,127.44999694824219,4.47,4.47,28.512303567839417,28.512303567839417,1.6349999904632568,1.872257841653663
2021-05-17,126.2699966430664,4.47,4.47,28.248321396659154,28.248321396659154,1.6399999856948853,1.9000333704756764
2021-05-18,124.8499984741211,4.47,4.47,27.93064842821501,27.93064842821501,1.6419999599456787,1.9382964394383722
2021-05-19,124.69000244140625,4.47,4.47,27.89485513230565,27.89485513230565,1.6829999685287476,1.901890489790492
2021-05-20,127.30999755859375,4.47,4.47,28.480983793868848,28.480983793868848,1.6339999437332153,1.8771147257511713
2021-05-21,125.43000030517578,4.47,4.47,28.060402752835746,28.060402752835746,1.6319999694824219,1.931740753729191
2021-05-24,127.0999984741211,4.47,4.47,28.434004132913,28.434004132913,1.6080000400543213,1.9089158164868878
2021-05-25,126.9000015258789,4.47,4.47,28.38926208632638,28.38926208632638,1.5640000104904175,1.9584585759962234
2021-05-26,126.8499984741211,4.47,4.47,28.378075721279888,28.378075721279888,1.5740000009536743,1.9498471048954698
2021-05-27,125.27999877929688,4.47,4.47,28.026845364495948,28.026845364495948,1.6100000143051147,1.9580076832960835
2021-05-28,124.61000061035156,4.47,4.47,27.876957630951136,27.876957630951136,1.5809999704360962,2.0061920511556837
2021-06-01,124.27999877929688,4.47,4.47,27.80313171796351,27.80313171796351,1.6150000095367432,1.9817171162318745
2021-06-02,125.05999755859375,4.47,4.47,27.977628089170864,27.977628089170864,1.590999960899353,1.983284452392509
2021-06-03,123.54000091552734,4.47,4.47,27.63758409743341,27.63758409743341,1.625,1.9932612650751405
2021-06-04,125.88999938964844,4.47,4.47,28.16331082542471,28.16331082542471,1.559999942779541,1.9907189559986525
2021-06-07,125.9000015258789,4.47,4.47,28.16554843979394,28.16554843979394,1.569000005722046,1.9814368058940248
2021-06-08,126.73999786376953,4.47,4.47,28.353467083617346,28.353467083617346,1.527999997138977,1.99890553808497
2021-06-09,127.12999725341797,4.47,4.47,28.440715269221023,28.440715269221023,1.4889999628067017,2.0270860094832264
2021-06-10,126.11000061035156,4.47,4.47,28.212528100749793,28.212528100749793,1.4589999914169312,2.085524612790458
2021-06-11,127.3499984741211,4.47,4.47,28.489932544546107,28.489932544546107,1.4620000123977661,2.048011808221417
2021-06-14,130.47999572753906,4.47,4.47,29.19015564374476,29.19015564374476,1.5010000467300415,1.9248124504852409
2021-06-15,129.63999938964844,4.47,4.47,29.00223699992135,29.00223699992135,1.4989999532699585,1.949009936459278
2021-06-16,130.14999389648438,4.47,4.47,29.116329730757133,29.116329730757133,1.569000005722046,1.8654988107398607
2021-06-17,131.7899932861328,4.47,4.47,29.483219974526357,29.483219974526357,1.5110000371932983,1.880759753168829
2021-06-18,130.4600067138672,4.47,4.47,29.185683828605637,29.185683828605637,1.4500000476837158,1.976337350722123
2021-06-21,132.3000030517578,4.47,4.47,29.59731611896148,29.59731611896148,1.4839999675750732,1.8946847617452023
2021-06-22,133.97999572753906,4.47,4.47,29.973153406608294,29.973153406608294,1.472000002861023,1.8643189570904055
2021-06-23,133.6999969482422,4.47,4.47,29.91051385866716,29.91051385866716,1.4869999885559082,1.8563059965073685
2021-06-24,133.41000366210938,4.47,4.47,29.84563840315646,29.84563840315646,1.4869999885559082,1.8635733397540686
2021-06-25,133.11000061035156,4.47,4.47,29.77852362647686,29.77852362647686,1.5360000133514404,1.82212483038955
2021-06-28,134.77999877929688,4.47,4.47,30.15212500655411,30.15212500655411,1.4780000448226929,1.8385157887466885
2021-06-29,136.3300018310547,4.47,4.47,30.49888184139926,30.49888184139926,1.4800000190734863,1.7988087097193097
2021-06-30,136.9600067138672,4.47,4.47,30.639822531066486,30.639822531066486,1.4429999589920044,1.8207265165320456
2021-07-01,137.27000427246094,4.47,4.47,30.709173215315648,30.709173215315648,1.4800000190734863,1.7763559661188077
2021-07-02,139.9600067138672,4.47,4.47,31.3109634706638,31.3109634706638,1.430999994277954,1.7627695009882345
2021-07-06,142.02000427246094,4.47,4.47,31.77181303634473,31.77181303634473,1.3700000047683716,1.7774439225141854
2021-07-07,144.57000732421875,4.47,4.47,32.342283517722315,32.342283517722315,1.3209999799728394,1.7709276492313224
2021-07-08,143.24000549316406,4.47,4.47,32.044743958202254,32.044743958202254,1.2879999876022339,1.832636586384301
2021-07-09,145.11000061035156,4.47,4.47,32.46308738486612,32.46308738486612,1.3559999465942383,1.724421789467093
2021-07-12,144.5,4.47,4.47,32.32662192393736,32.32662192393736,1.3630000352859497,1.7304255702503823
2021-07-13,145.63999938964844,4.47,4.47,32.58165534444037,32.58165534444037,1.4149999618530273,1.654211806021857
2021-07-14,149.14999389648438,4.47,4.47,33.366889014873465,33.366889014873465,1.3559999465942383,1.640983079165954
2021-07-15,148.47999572753906,4.47,4.47,33.21700128132865,33.21700128132865,1.2970000505447388,1.7135065015987934
2021-07-16,146.38999938964844,4.47,4.47,32.7494405793397,32.7494405793397,1.2999999523162842,1.7534873204735284
2021-07-19,142.4499969482422,4.47,4.47,31.868008265825996,31.868008265825996,1.180999994277954,1.9569432108904743
2021-07-20,146.14999389648438,4.47,4.47,32.69574807527615,32.69574807527615,1.2089999914169312,1.849501675826399
2021-07-21,145.39999389648438,4.47,4.47,32.52796284037682,32.52796284037682,1.2799999713897705,1.7942780118557842
2021-07-22,146.8000030517578,4.47,4.47,32.84116399368184,32.84116399368184,1.2649999856948853,1.7799590790702533
2021-07-23,148.55999755859375,4.47,4.47,33.23489878268317,33.23489878268317,1.2860000133514404,1.722885334965142
2021-07-26,148.99000549316406,4.47,4.47,33.33109742576377,33.33109742576377,1.2760000228881836,1.7242012222920455
2021-07-27,146.77000427246094,4.47,4.47,32.83445285737381,32.83445285737381,1.2339999675750732,1.8115814658777598
2021-07-28,144.97999572753906,5.12,5.12,28.316405415534973,28.316405415534973,1.2610000371932983,2.2705216560629333
2021-07-29,145.63999938964844,5.12,5.12,28.44531238079071,28.44531238079071,1.2690000534057617,2.2465176762406385
2021-07-30,145.86000061035156,5.12,5.12,28.48828136920929,28.48828136920929,1.2389999628067017,2.2712152974259503
2021-08-02,145.52000427246094,5.12,5.12,28.421875834465027,28.421875834465027,1.1740000247955322,2.344416584383292
2021-08-03,147.36000061035156,5.12,5.12,28.78125011920929,28.78125011920929,1.1759999990463257,2.2984842428058943
2021-08-04,146.9499969482422,5.12,5.12,28.701171278953552,28.701171278953552,1.184000015258789,2.3001783490342937
2021-08-05,147.05999755859375,5.12,5.12,28.722655773162842,28.722655773162842,1.2170000076293945,2.264572197592502
2021-08-06,146.13999938964844,5.12,5.12,28.54296863079071,28.54296863079071,1.2899999618530273,2.2134898570764956
2021-08-09,146.08999633789062,5.12,5.12,28.533202409744263,28.533202409744263,1.3170000314712524,2.187688946792519
2021-08-10,145.60000610351562,5.12,5.12,28.437501192092896,28.437501192092896,1.3420000076293945,2.1744833614440178
2021-08-11,145.86000061035156,5.12,5.12,28.48828136920929,28.48828136920929,1.3289999961853027,2.1812152640473492
2021-08-12,148.88999938964844,5.12,5.12,29.08007800579071,29.08007800579071,1.3669999837875366,2.071780337918857
2021-08-13,149.10000610351562,5.12,5.12,29.121094942092896,29.121094942092896,1.2970000505447388,2.1369367639483063
2021-08-16,151.1199951171875,5.12,5.12,29.515624046325684,29.515624046325684,1.2569999694824219,2.1310361378703115
2021-08-17,150.19000244140625,5.12,5.12,29.333984851837158,29.333984851837158,1.2580000162124634,2.1510151757258082
2021-08-18,146.36000061035156,5.12,5.12,28.58593761920929,28.58593761920929,1.2730000019073486,2.2252235418536093
2021-08-19,146.6999969482422,5.12,5.12,28.652343153953552,28.652343153953552,1.2419999837875366,2.248115971570259
2021-08-20,148.19000244140625,5.12,5.12,28.943359851837158,28.943359851837158,1.2599999904632568,2.1950239083482894
2021-08-23,149.7100067138672,5.12,5.12,29.240235686302185,29.240235686302185,1.2549999952316284,2.1649450788378592
2021-08-24,149.6199951171875,5.12,5.12,29.222655296325684,29.222655296325684,1.2899999618530273,2.1320025559186386
2021-08-25,148.36000061035156,5.12,5.12,28.97656261920929,28.97656261920929,1.3420000076293945,2.10906495525573
2021-08-26,147.5399932861328,5.12,5.12,28.816404938697815,28.816404938697815,1.3420000076293945,2.128245507476797
2021-08-27,148.60000610351562,5.12,5.12,29.023438692092896,29.023438692092896,1.312000036239624,2.1334910739245156
2021-08-30,153.1199951171875,5.12,5.12,29.906249046325684,29.906249046325684,1.284999966621399,2.0587827941352903
2021-08-31,151.8300018310547,5.12,5.12,29.65429723262787,29.65429723262787,1.3040000200271606,2.068192523115374
2021-09-01,152.50999450683594,5.12,5.12,29.787108302116394,29.787108302116394,1.3020000457763672,2.0551569828867655
2021-09-02,153.64999389648438,5.12,5.12,30.009764432907104,30.009764432907104,1.2940000295639038,2.038248719791334
2021-09-03,154.3000030517578,5.12,5.12,30.136719346046448,30.136719346046448,1.3220000267028809,1.9962111844029065
2021-09-07,156.69000244140625,5.12,5.12,30.603516101837158,30.603516101837158,1.3700000047683716,1.897598387103891
2021-09-08,155.11000061035156,5.12,5.12,30.29492199420929,30.29492199420929,1.3339999914169312,1.9668832397435407
2021-09-09,154.07000732421875,5.12,5.12,30.091798305511475,30.091798305511475,1.2990000247955322,2.0241646124499746
2021-09-10,148.97000122070312,5.12,5.12,29.09570336341858,29.09570336341858,1.340999960899353,2.095933621731542
2021-09-13,149.5500030517578,5.12,5.12,29.208984971046448,29.208984971046448,1.3240000009536743,2.099604074953979
2021-09-14,148.1199951171875,5.12,5.12,28.929686546325684,28.929686546325684,1.2769999504089355,2.179656928325924
2021-09-15,149.02999877929688,5.12,5.12,29.10742163658142,29.10742163658142,1.3040000200271606,2.1315498973974285
2021-09-16,148.7899932861328,5.12,5.12,29.060545563697815,29.060545563697815,1.3309999704360962,2.1100916560376732
2021-09-17,146.05999755859375,5.12,5.12,28.527343273162842,28.527343273162842,1.3700000047683716,2.1354087899606915
2021-09-20,142.94000244140625,5.12,5.12,27.917969226837158,27.917969226837158,1.309000015258789,2.272922408520924
2021-09-21,143.42999267578125,5.12,5.12,28.013670444488525,28.013670444488525,1.3240000009536743,2.245685742232265
2021-09-22,145.85000610351562,5.12,5.12,28.486329317092896,28.486329317092896,1.3359999656677246,2.174455835318756
2021-09-23,146.8300018310547,5.12,5.12,28.67773473262787,28.67773473262787,1.409999966621399,2.0770258020571077
2021-09-24,146.9199981689453,5.12,5.12,28.69531214237213,28.69531214237213,1.4600000381469727,2.0248897411956883
2021-09-27,145.3699951171875,5.12,5.12,28.392577171325684,28.392577171325684,1.4839999675750732,2.038047340655625
2021-09-28,141.91000366210938,5.12,5.12,27.716797590255737,27.716797590255737,1.534000039100647,2.0739203807950672
2021-09-29,142.8300018310547,5.12,5.12,27.89648473262787,27.89648473262787,1.5410000085830688,2.043681034868958
2021-09-30,141.5,5.12,5.12,27.63671875,27.63671875,1.5290000438690186,2.0893745144348683
2021-10-01,142.64999389648438,5.12,5.12,27.861326932907104,27.861326932907104,1.4789999723434448,2.11020452752873
2021-10-04,139.13999938964844,5.12,5.12,27.17578113079071,27.17578113079071,1.4809999465942383,2.1987470869398953
2021-10-05,141.11000061035156,5.12,5.12,27.56054699420929,27.56054699420929,1.5290000438690186,2.0993749670119652
2021-10-06,142.0,5.12,5.12,27.734375,27.734375,1.5240000486373901,2.0816337541795114
2021-10-07,143.2899932861328,5.12,5.12,27.986326813697815,27.986326813697815,1.5709999799728394,2.0021734723951696
2021-10-08,142.89999389648438,5.12,5.12,27.910155057907104,27.910155057907104,1.6050000190734863,1.9779252564229477
2021-10-11,142.80999755859375,5.12,5.12,27.892577648162842,27.892577648162842,1.6139999628067017,1.971183208910185
2021-10-12,141.50999450683594,5.12,5.12,27.638670802116394,27.638670802116394,1.5800000429153442,2.0381189583914274
2021-10-13,140.91000366210938,5.12,5.12,27.521485090255737,27.521485090255737,1.5490000247955322,2.084524825773161
2021-10-14,143.75999450683594,5.12,5.12,28.078123927116394,28.078123927116394,1.5190000534057617,2.0424914571942465
2021-10-15,144.83999633789062,5.12,5.12,28.289061784744263,28.289061784744263,1.5759999752044678,1.9589352149731027
2021-10-18,146.5500030517578,5.12,5.12,28.623047471046448,28.623047471046448,1.5839999914169312,1.9096880968676824
2021-10-19,148.75999450683594,5.12,5.12,29.054686427116394,29.054686427116394,1.6349999904632568,1.8067855628191625
2021-10-20,149.25999450683594,5.12,5.12,29.152342677116394,29.152342677116394,1.6360000371932983,1.794256018300198
2021-10-21,149.47999572753906,5.12,5.12,29.195311665534973,29.195311665534973,1.6759999990463257,1.74920748445692
2021-10-22,148.69000244140625,5.12,5.12,29.041016101837158,29.041016101837158,1.6549999713897705,1.788405715564617
2021-10-25,148.63999938964844,5.12,5.12,29.03124988079071,29.03124988079071,1.6349999904632568,1.8095640710437069
2021-10-26,149.32000732421875,5.12,5.12,29.164063930511475,29.164063930511475,1.61899995803833,1.8098774521287728
2021-10-27,148.85000610351562,5.12,5.12,29.072266817092896,29.072266817092896,1.5290000438690186,1.9107042154908154
2021-10-28,152.57000732421875,5.12,5.12,29.798829555511475,29.798829555511475,1.5679999589920044,1.787836545046269
2021-10-29,149.8000030517578,5.61,5.61,26.702317834537933,26.702317834537933,1.5570000410079956,2.1879932071307735
2021-11-01,148.9600067138672,5.61,5.61,26.552585866999497,26.552585866999497,1.5750000476837158,2.191111490412601
2021-11-02,150.02000427246094,5.61,5.61,26.741533738406584,26.741533738406584,1.5490000247955322,2.1905012685195375
2021-11-03,151.49000549316406,5.61,5.61,27.00356604156222,27.00356604156222,1.5789999961853027,2.1242146031785807
2021-11-04,150.9600067138672,5.61,5.61,26.909092105858676,26.909092105858676,1.5240000486373901,2.192216002302058
2021-11-05,151.27999877929688,5.61,5.61,26.966131689714235,26.966131689714235,1.4529999494552612,2.255355447998474
2021-11-08,150.44000244140625,5.61,5.61,26.816399722175802,26.816399722175802,1.496999979019165,2.232061380299143
2021-11-09,150.80999755859375,5.61,5.61,26.88235250598819,26.88235250598819,1.4320000410079956,2.2879124918599687
2021-11-10,147.9199981689453,5.61,5.61,26.367201099633743,26.367201099633743,1.559999942779541,2.232590693675576
2021-11-11,147.8699951171875,5.61,5.61,26.358287899676913,26.358287899676913,1.559999942779541,2.233873179048897
2021-11-12,149.99000549316406,5.61,5.61,26.736186362417836,26.736186362417836,1.5820000171661377,2.158249195809377
2021-11-15,150.0,5.61,5.61,26.7379679144385,26.7379679144385,1.6230000257492065,2.116999974250794
2021-11-16,151.0,5.61,5.61,26.91622103386809,26.91622103386809,1.6339999437332153,2.081231844346255
2021-11-17,153.49000549316406,5.61,5.61,27.3600722804214,27.3600722804214,1.6039999723434448,2.050961132110911
2021-11-18,157.8699951171875,5.61,5.61,28.140819093972816,28.140819093972816,1.5889999866485596,1.9645568471472963
2021-11-19,160.5500030517578,5.61,5.61,28.618538868406027,28.618538868406027,1.5360000133514404,1.9582384751968647
2021-11-22,161.02000427246094,5.61,5.61,28.70231805213207,28.70231805213207,1.625,1.8590391573380876
2021-11-23,161.41000366210938,5.61,5.61,28.771836659912545,28.771836659912545,1.6670000553131104,1.8086209549830032
2021-11-24,161.94000244140625,5.61,5.61,28.866310595616085,28.866310595616085,1.6449999809265137,1.8192459838898891
2021-11-26,156.80999755859375,5.61,5.61,27.951871222565728,27.951871222565728,1.4819999933242798,2.0955780229649963
2021-11-29,160.24000549316406,5.61,5.61,28.56328083657113,28.56328083657113,1.5299999713897705,1.9709984108396452
2021-11-30,165.3000030517578,5.61,5.61,29.465241185696577,29.465241185696577,1.4429999589920044,1.9508293794402696
2021-12-01,164.77000427246094,5.61,5.61,29.370767249993037,29.370767249993037,1.434000015258789,1.9707459060457935
2021-12-02,163.75999450683594,5.61,5.61,29.19072985861603,29.19072985861603,1.4479999542236328,1.9777451533617354
2021-12-03,161.83999633789062,5.61,5.61,28.848484195702426,28.848484195702426,1.343000054359436,2.123386578699678
2021-12-06,165.32000732421875,5.61,5.61,29.46880700966466,29.46880700966466,1.434000015258789,1.9594186585003408
2021-12-07,171.17999267578125,5.61,5.61,30.513367678392378,30.513367678392378,1.4800000190734863,1.7972521365715175
2021-12-08,175.0800018310547,5.61,5.61,31.208556476123828,31.208556476123828,1.5089999437332153,1.6952495087047792
2021-12-09,174.55999755859375,5.61,5.61,31.11586409244095,31.11586409244095,1.4869999885559082,1.7267947401687627
2021-12-10,179.4499969482422,5.61,5.61,31.98752173765458,31.98752173765458,1.4889999628067017,1.6372190928659838
2021-12-13,175.74000549316406,5.61,5.61,31.32620418772978,31.32620418772978,1.4240000247955322,1.7682156487257812
2021-12-14,174.3300018310547,5.61,5.61,31.074866636551636,31.074866636551636,1.437999963760376,1.7800347640982968
2021-12-15,179.3000030517578,5.61,5.61,31.960784857710838,31.960784857710838,1.4630000591278076,1.6658342434464006
2021-12-16,172.25999450683594,5.61,5.61,30.705881373767546,30.705881373767546,1.4220000505447388,1.8347050341505784
2021-12-17,171.13999938964844,5.61,5.61,30.506238750382963,30.506238750382963,1.4019999504089355,1.8760180582432993
2021-12-20,169.75,5.61,5.61,30.258467023172905,30.258467023172905,1.4190000295639038,1.8858600588013394
2021-12-21,172.99000549316406,5.61,5.61,30.836008109298405,30.836008109298405,1.4869999885559082,1.7559619293924018
2021-12-22,175.63999938964844,5.61,5.61,31.30837778781612,31.30837778781612,1.4570000171661377,1.7370332437623706
2021-12-23,176.27999877929688,5.61,5.61,31.422459675453986,31.422459675453986,1.4930000305175781,1.6894370235147051
2021-12-27,180.3300018310547,5.61,5.61,32.144385353129174,32.144385353129174,1.4809999465942383,1.6299632558881902
2021-12-28,179.2899932861328,5.61,5.61,31.959000585763423,31.959000585763423,1.4809999465942383,1.6480090388915714
2021-12-29,179.3800048828125,5.61,5.61,31.975045433656415,31.975045433656415,1.5429999828338623,1.584438888441098
2021-12-30,178.1999969482422,5.61,5.61,31.76470533836759,31.76470533836759,1.5149999856948853,1.6331482163667639
2021-12-31,177.57000732421875,5.61,5.61,31.652407722677136,31.652407722677136,1.5119999647140503,1.647317357246128
2022-01-03,182.00999450683594,5.61,5.61,32.443849288206046,32.443849288206046,1.628000020980835,1.4542483001624857
2022-01-04,179.6999969482422,5.61,5.61,32.032085017511974,32.032085017511974,1.6679999828338623,1.453869853154956
2022-01-05,174.9199981689453,5.61,5.61,31.180035324232673,31.180035324232673,1.7050000429153442,1.502180415994574
2022-01-06,172.0,5.61,5.61,30.65953654188948,30.65953654188948,1.7330000400543213,1.5286278669224234
2022-01-07,172.1699981689453,5.61,5.61,30.689839245801302,30.689839245801302,1.7710000276565552,1.487407395043812
2022-01-10,172.19000244140625,5.61,5.61,30.693405069769383,30.693405069769383,1.7799999713897705,1.4780289039562309
2022-01-11,175.0800018310547,5.61,5.61,31.208556476123828,31.208556476123828,1.746000051498413,1.4582494009395814
2022-01-12,175.52999877929688,5.61,5.61,31.288769835881794,31.288769835881794,1.725000023841858,1.4710348642194981
2022-01-13,172.19000244140625,5.61,5.61,30.693405069769383,30.693405069769383,1.7109999656677246,1.5470289096782768
2022-01-14,173.07000732421875,5.61,5.61,30.850268685243982,30.850268685243982,1.7719999551773071,1.4694628994989336
2022-01-18,169.8000030517578,5.61,5.61,30.267380223129734,30.267380223129734,1.8650000095367432,1.4388868568786717
2022-01-19,166.22999572753906,5.61,5.61,29.631015281201257,29.631015281201257,1.8270000219345093,1.5478421510720564
2022-01-20,164.50999450683594,5.61,5.61,29.324419698188223,29.324419698188223,1.8329999446868896,1.5771272131295833
2022-01-21,162.41000366210938,5.61,5.61,28.950089779342132,28.950089779342132,1.746999979019165,1.7072207423050512
2022-01-24,161.6199951171875,5.61,5.61,28.809268291833778,28.809268291833778,1.7350000143051147,1.736105151817616
2022-01-25,159.77999877929688,5.61,5.61,28.48128320486575,28.48128320486575,1.7829999923706055,1.7280777663350126
2022-01-26,159.69000244140625,5.61,5.61,28.46524107689951,28.46524107689951,1.8480000495910645,1.665056443759815
2022-01-27,159.22000122070312,5.61,5.61,28.381461893173462,28.381461893173462,1.8070000410079956,1.7164266371664927
2022-01-28,170.3300018310547,6.030000000000001,6.030000000000001,28.24709814777026,28.24709814777026,1.781999945640564,1.7581867127151263
2022-01-31,174.77999877929688,6.030000000000001,6.030000000000001,28.98507442442734,28.98507442442734,1.781999945640564,1.6680515717612483
2022-02-01,174.61000061035156,6.030000000000001,6.030000000000001,28.956882356608876,28.956882356608876,1.7999999523162842,1.653410493203478
2022-02-02,175.83999633789062,6.030000000000001,6.030000000000001,29.16086174757721,29.16086174757721,1.7660000324249268,1.6632539061459508
2022-02-03,172.89999389648438,6.030000000000001,6.030000000000001,28.67329915364583,28.67329915364583,1.8270000219345093,1.6605651676919146
2022-02-04,172.38999938964844,6.030000000000001,6.030000000000001,28.588722950190448,28.588722950190448,1.9299999475479126,1.5678827726501168
2022-02-07,171.66000366210938,6.030000000000001,6.030000000000001,28.46766229885727,28.46766229885727,1.9160000085830688,1.5967576934785486
2022-02-08,174.8300018310547,6.030000000000001,6.030000000000001,28.993366804486676,28.993366804486676,1.9539999961853027,1.4950647735028166
2022-02-09,176.27999877929688,6.030000000000001,6.030000000000001,29.23383064333281,29.23383064333281,1.9290000200271606,1.491694353558342
2022-02-10,172.1199951171875,6.030000000000001,6.030000000000001,28.54394612225331,28.54394612225331,2.0309998989105225,1.4723699425157974
2022-02-11,168.63999938964844,6.030000000000001,6.030000000000001,27.966832402926766,27.966832402926766,1.9550000429153442,1.6206641066482965
2022-02-14,168.8800048828125,6.030000000000001,6.030000000000001,28.006634308924124,28.006634308924124,1.996000051498413,1.5745825075110313
2022-02-15,172.7899932861328,6.030000000000001,6.030000000000001,28.65505692970693,28.65505692970693,2.0450000762939453,1.4447853478044164
2022-02-16,172.5500030517578,6.030000000000001,6.030000000000001,28.615257554188688,28.615257554188688,2.046999931335449,1.4476392418619293
2022-02-17,168.8800048828125,6.030000000000001,6.030000000000001,28.006634308924124,28.006634308924124,1.972000002861023,1.5985825561484215
2022-02-18,167.3000030517578,6.030000000000001,6.030000000000001,27.744610788019532,27.744610788019532,1.9320000410079956,1.6723035393897243
2022-02-22,164.32000732421875,6.030000000000001,6.030000000000001,27.250415808328146,27.250415808328146,1.9479999542236328,1.7216688208648727
2022-02-23,160.07000732421875,6.030000000000001,6.030000000000001,26.545606521429306,26.545606521429306,1.9769999980926514,1.790101722460376
2022-02-24,162.74000549316406,6.030000000000001,6.030000000000001,26.988392287423554,26.988392287423554,1.968999981880188,1.7362966854800037
2022-02-25,164.85000610351562,6.030000000000001,6.030000000000001,27.338309469903084,27.338309469903084,1.9859999418258667,1.6718707143714604
2022-02-28,165.1199951171875,6.030000000000001,6.030000000000001,27.383083767361107,27.383083767361107,1.8389999866485596,1.812889656226274
2022-03-01,163.1999969482422,6.030000000000001,6.030000000000001,27.064676110819594,27.064676110819594,1.7070000171661377,1.9878529931022242
2022-03-02,166.55999755859375,6.030000000000001,6.030000000000001,27.621890142387016,27.621890142387016,1.8650000095367432,1.7553170464110526
2022-03-03,166.22999572753906,6.030000000000001,6.030000000000001,27.56716347057032,27.56716347057032,1.843999981880188,1.7835041719931795
2022-03-04,163.1699981689453,6.030000000000001,6.030000000000001,27.059701188879814,27.059701188879814,1.7239999771118164,1.971532331319402
2022-03-07,159.3000030517578,6.030000000000001,6.030000000000001,26.41791095385701,26.41791095385701,1.7510000467300415,2.0343106152169064
2022-03-08,157.44000244140625,6.030000000000001,6.030000000000001,26.10945314119506,26.10945314119506,1.871999979019165,1.9580304493938172
2022-03-09,162.9499969482422,6.030000000000001,6.030000000000001,27.023216741002017,27.023216741002017,1.9479999542236328,1.752521747483002
2022-03-10,158.52000427246094,6.030000000000001,6.030000000000001,26.288557922464495,26.288557922464495,2.010999917984009,1.7929363913008185
2022-03-11,154.72999572753906,6.030000000000001,6.030000000000001,25.660032458961698,25.660032458961698,2.003999948501587,1.8931112558560392
2022-03-14,150.6199951171875,6.030000000000001,6.030000000000001,24.978440317941537,24.978440317941537,2.140000104904175,1.8634524216401633
2022-03-15,155.08999633789062,6.030000000000001,6.030000000000001,25.719734052718174,25.719734052718174,2.1600000858306885,1.7280650004967328
2022-03-16,159.58999633789062,6.030000000000001,6.030000000000001,26.466002709434594,26.466002709434594,2.187999963760376,1.5904323555392827
2022-03-17,160.6199951171875,6.030000000000001,6.030000000000001,26.636815110644687,26.636815110644687,2.191999912261963,1.5622026673113618
2022-03-18,163.97999572753906,6.030000000000001,6.030000000000001,27.194029142212113,27.194029142212113,2.1480000019073486,1.5292778106980052
2022-03-21,165.3800048828125,6.030000000000001,6.030000000000001,27.426203131478022,27.426203131478022,2.315000057220459,1.3311480997304557
2022-03-22,168.82000732421875,6.030000000000001,6.030000000000001,27.996684465044563,27.996684465044563,2.372999906539917,1.198851614837753
2022-03-23,170.2100067138672,6.030000000000001,6.030000000000001,28.227198460011138,28.227198460011138,2.321000099182129,1.221682329669882
2022-03-24,174.07000732421875,6.030000000000001,6.030000000000001,28.86733123121372,28.86733123121372,2.3410000801086426,1.1231234025592607
2022-03-25,174.72000122070312,6.030000000000001,6.030000000000001,28.975124580547778,28.975124580547778,2.492000102996826,0.9592361366269446
2022-03-28,175.60000610351562,6.030000000000001,6.030000000000001,29.12106237205897,29.12106237205897,2.4769999980926514,0.9569406570377001
2022-03-29,178.9600067138672,6.030000000000001,6.030000000000001,29.678276403626395,29.678276403626395,2.4000000953674316,0.9694678157738292
2022-03-30,177.77000427246094,6.030000000000001,6.030000000000001,29.48092939841806,29.48092939841806,2.3580000400543213,1.0340232794467927
2022-03-31,174.61000061035156,6.030000000000001,6.030000000000001,28.956882356608876,28.956882356608876,2.3269999027252197,1.1264105427945426
2022-04-01,174.30999755859375,6.030000000000001,6.030000000000001,28.90713060673196,28.90713060673196,2.377000093460083,1.0823539794312529
2022-04-04,178.44000244140625,6.030000000000001,6.030000000000001,29.592040205871676,29.592040205871676,2.4119999408721924,0.9672871682389235
2022-04-05,175.05999755859375,6.030000000000001,6.030000000000001,29.031508716184696,29.031508716184696,2.555999994277954,0.8885333566274802
2022-04-06,171.8300018310547,6.030000000000001,6.030000000000001,28.49585436667573,28.49585436667573,2.6089999675750732,0.9002824253383421
2022-04-07,172.13999938964844,6.030000000000001,6.030000000000001,28.54726358037287,28.54726358037287,2.6519999504089355,0.8509627667865964
2022-04-08,170.08999633789062,6.030000000000001,6.030000000000001,28.2072962417729,28.2072962417729,2.7130000591278076,0.8321819796919026
2022-04-11,165.75,6.030000000000001,6.030000000000001,27.48756218905472,27.48756218905472,2.7799999713897705,0.858009078383986
2022-04-12,167.66000366210938,6.030000000000001,6.030000000000001,27.80431238177601,27.80431238177601,2.7249999046325684,0.8715644925342447
2022-04-13,170.39999389648438,6.030000000000001,6.030000000000001,28.25870545547004,28.25870545547004,2.687000036239624,0.8517324848795624
2022-04-14,165.2899932861328,6.030000000000001,6.030000000000001,27.411275835179566,27.411275835179566,2.828000068664551,0.8201336629168243
2022-04-18,165.07000732421875,6.030000000000001,6.030000000000001,27.37479391778088,27.37479391778088,2.861999988555908,0.7909955481537407
2022-04-19,167.39999389648438,6.030000000000001,6.030000000000001,27.761193017659096,27.761193017659096,2.9130001068115234,0.6891505621597012
2022-04-20,167.22999572753906,6.030000000000001,6.030000000000001,27.733000949840637,27.733000949840637,2.8399999141693115,0.7658125321961307
2022-04-21,166.4199981689453,6.030000000000001,6.030000000000001,27.598672996508338,27.598672996508338,2.9170000553131104,0.7063625611667312
2022-04-22,161.7899932861328,6.030000000000001,6.030000000000001,26.83084465773346,26.83084465773346,2.9059998989105225,0.8210538437370083
2022-04-25,162.8800048828125,6.030000000000001,6.030000000000001,27.011609433302233,27.011609433302233,2.8259999752044678,0.8761118980966249
2022-04-26,156.8000030517578,6.030000000000001,6.030000000000001,26.003317255681225,26.003317255681225,2.7720000743865967,1.073663116072379
2022-04-27,156.57000732421875,6.030000000000001,6.030000000000001,25.965175343983205,25.965175343983205,2.818000078201294,1.0333122536128858
2022-04-28,163.63999938964844,6.030000000000001,6.030000000000001,27.13764500657519,27.13764500657519,2.86299991607666,0.8219182105983318
2022-04-29,157.64999389648438,6.15,6.15,25.63414534902185,25.63414534902185,2.88700008392334,1.0140466893725684
2022-05-02,157.9600067138672,6.15,6.15,25.684553937214176,25.684553937214176,2.996000051498413,0.8973905148493513
2022-05-03,159.47999572753906,6.15,6.15,25.931706622364075,25.931706622364075,2.9600000381469727,0.8962829846509868
2022-05-04,166.02000427246094,6.15,6.15,26.995122645928607,26.995122645928607,2.9170000553131104,0.7873728164686726
2022-05-05,156.77000427246094,6.15,6.15,25.4910576052782,25.4910576052782,3.065999984741211,0.8569443492472666
2022-05-06,157.27999877929688,6.15,6.15,25.573983541349083,25.573983541349083,3.122999906539917,0.7872239284882019
2022-05-09,152.05999755859375,6.15,6.15,24.725202855055894,24.725202855055894,3.0789999961853027,0.965456204486542
2022-05-10,154.50999450683594,6.15,6.15,25.123576342574946,25.123576342574946,2.993000030517578,0.9873250090564207
2022-05-11,146.5,6.15,6.15,23.821138211382113,23.821138211382113,2.9210000038146973,1.2769522146153367
2022-05-12,142.55999755859375,6.15,6.15,23.18048740790142,23.18048740790142,2.816999912261963,1.4969732255898966
2022-05-13,147.11000061035156,6.15,6.15,23.920325302496188,23.920325302496188,2.934999942779541,1.245545210156342
2022-05-16,145.5399932861328,6.15,6.15,23.665039558720782,23.665039558720782,2.877000093460083,1.3486425365413144
2022-05-17,149.24000549316406,6.15,6.15,24.266667559864075,24.266667559864075,2.9679999351501465,1.152879034049369
2022-05-18,140.82000732421875,6.15,6.15,22.897562166539632,22.897562166539632,2.885999917984009,1.4812772302414343
2022-05-19,137.35000610351562,6.15,6.15,22.333334325774896,22.333334325774896,2.8550000190734863,1.6226117222503351
2022-05-20,137.58999633789062,6.15,6.15,22.372357128112295,22.372357128112295,2.7869999408721924,1.682801762513975
2022-05-23,143.11000061035156,6.15,6.15,23.269918798431146,23.269918798431146,2.8589999675750732,1.438393627401373
2022-05-24,140.36000061035156,6.15,6.15,22.822764326886432,22.822764326886432,2.759999990463257,1.6215901871207388
2022-05-25,140.52000427246094,6.15,6.15,22.84878118251397,22.84878118251397,2.749000072479248,1.6276009900110946
2022-05-26,143.77999877929688,6.15,6.15,23.37886159012957,23.37886159012957,2.75600004196167,1.5213681957723466
2022-05-27,149.63999938964844,6.15,6.15,24.331707217829013,24.331707217829013,2.743000030517578,1.3668636590604875
2022-05-31,148.83999633789062,6.15,6.15,24.20162542079522,24.20162542079522,2.8440001010894775,1.2879537764412072
2022-06-01,148.7100067138672,6.15,6.15,24.18048889656377,24.18048889656377,2.930999994277954,1.2045656854635647
2022-06-02,151.2100067138672,6.15,6.15,24.58699296160442,24.58699296160442,2.9130001068115234,1.154191035926516
2022-06-03,145.3800048828125,6.15,6.15,23.639025184197152,23.639025184197152,2.9570000171661377,1.273292865928326
2022-06-06,146.13999938964844,6.15,6.15,23.7626015267721,23.7626015267721,3.0380001068115234,1.1702933280354628
2022-06-07,148.7100067138672,6.15,6.15,24.18048889656377,24.18048889656377,2.9719998836517334,1.1635657960897854
2022-06-08,147.9600067138672,6.15,6.15,24.058537677051575,24.058537677051575,3.0290000438690186,1.127528559088666
2022-06-09,142.63999938964844,6.15,6.15,23.193495835715193,23.193495835715193,3.0439999103546143,1.2675536695077207
2022-06-10,137.1300048828125,6.15,6.15,22.297561769563007,22.297561769563007,3.1559998989105225,1.3287953909719654
2022-06-13,131.8800048828125,6.15,6.15,21.44390323297764,21.44390323297764,3.365999937057495,1.2973301905572567
2022-06-14,132.75999450683594,6.15,6.15,21.58699097672129,21.58699097672129,3.4830000400543213,1.149419555054453
2022-06-15,135.42999267578125,6.15,6.15,22.021137020452233,22.021137020452233,3.3949999809265137,1.1460916033601896
2022-06-16,130.05999755859375,6.15,6.15,21.14796708269817,21.14796708269817,3.306999921798706,1.4215869730529134
2022-06-17,131.55999755859375,6.15,6.15,21.39186952172256,21.39186952172256,3.239000082015991,1.4356731576676252
2022-06-21,135.8699951171875,6.15,6.15,22.092682132876014,22.092682132876014,3.306999921798706,1.219385756434109
2022-06-22,135.35000610351562,6.15,6.15,22.008131073742376,22.008131073742376,3.1559998989105225,1.3877752933096268
2022-06-23,138.27000427246094,6.15,6.15,22.482927523977388,22.482927523977388,3.068000078201294,1.3798192679827341
2022-06-24,141.66000366210938,6.15,6.15,23.03414693692835,23.03414693692835,3.125,1.2163806586290358
2022-06-27,141.66000366210938,6.15,6.15,23.03414693692835,23.03414693692835,3.194000005722046,1.1473806529069899
2022-06-28,137.44000244140625,6.15,6.15,22.34796787665142,22.34796787665142,3.2060000896453857,1.2686796911716174
2022-06-29,139.22999572753906,6.15,6.15,22.639023695534807,22.639023695534807,3.0929999351501465,1.324151676371133
2022-06-30,136.72000122070312,6.15,6.15,22.2308945074314,22.2308945074314,2.9719998836517334,1.5262446636637934
2022-07-01,138.92999267578125,6.15,6.15,22.590242711509145,22.590242711509145,2.8889999389648438,1.5376899942536504
2022-07-05,141.55999755859375,6.15,6.15,23.017885781885163,23.017885781885163,2.809000015258789,1.5354476437307678
2022-07-06,142.9199981689453,6.15,6.15,23.239024092511432,23.239024092511432,2.9130001068115234,1.3901065814002296
2022-07-07,146.35000610351562,6.15,6.15,23.79674895992124,23.79674895992124,3.007999897003174,1.1942547962081198
2022-07-08,147.0399932861328,6.15,6.15,23.90894199774517,23.90894199774517,3.1010000705718994,1.0815354849299252
2022-07-11,144.8699951171875,6.15,6.15,23.556096767022357,23.556096767022357,2.990999937057495,1.2541855446049937
2022-07-12,145.86000061035156,6.15,6.15,23.717073269975863,23.717073269975863,2.9579999446868896,1.2583719011003778
2022-07-13,145.49000549316406,6.15,6.15,23.6569114623031,23.6569114623031,2.9040000438690186,1.3230944422116497
2022-07-14,148.47000122070312,6.15,6.15,24.141463613122458,24.141463613122458,2.9600000381469727,1.1822508875857771
2022-07-15,150.1699981689453,6.15,6.15,24.41788588112932,24.41788588112932,2.930000066757202,1.1653585767723023
2022-07-18,147.07000732421875,6.15,6.15,23.913822329141258,23.913822329141258,2.9600000381469727,1.221681945754887
2022-07-19,151.0,6.15,6.15,24.552845528455283,24.552845528455283,3.0190000534057617,1.0538476287134442
2022-07-20,153.0399932861328,6.15,6.15,24.884551753842732,24.884551753842732,3.0360000133514404,0.9825574028800075
2022-07-21,155.35000610351562,6.15,6.15,25.26016359406758,25.26016359406758,2.9100000858306885,1.0488024622052743
2022-07-22,154.08999633789062,6.15,6.15,25.05528395738059,25.05528395738059,2.7829999923706055,1.2081740917108799
2022-07-25,152.9499969482422,6.15,6.15,24.869918202966208,24.869918202966208,2.819999933242798,1.2009220168773727
2022-07-26,151.60000610351562,6.15,6.15,24.650407496506606,24.650407496506606,2.7869999408721924,1.2697281279912431
2022-07-27,156.7899932861328,6.15,6.15,25.494307851403708,25.494307851403708,2.7339999675750732,1.1884442338074734
2022-07-28,157.35000610351562,6.15,6.15,25.5853668461001,25.5853668461001,2.680999994277954,1.2274841248482367
2022-07-29,162.50999450683594,6.05,6.05,26.861156116832387,26.861156116832387,2.6419999599456787,1.080847990643298
2022-08-01,161.50999450683594,6.05,6.05,26.69586686063404,26.69586686063404,2.6059999465942383,1.139898267614377
2022-08-02,160.00999450683594,6.05,6.05,26.44793297633652,26.44793297633652,2.740999937057495,1.0400138793897842
2022-08-03,166.1300048828125,6.05,6.05,27.459504939307852,27.459504939307852,2.747999906539917,0.8937263452998079
2022-08-04,165.80999755859375,6.05,6.05,27.406611166709713,27.406611166709713,2.6760001182556152,0.9727545341060782
2022-08-05,165.35000610351562,6.05,6.05,27.330579521242253,27.330579521242253,2.8399999141693115,0.8189053030536386
2022-08-08,164.8699951171875,6.05,6.05,27.25123886234504,27.25123886234504,2.765000104904175,0.9045578372184879
2022-08-09,164.9199981689453,6.05,6.05,27.25950382957774,27.25950382957774,2.796999931335449,0.8714454162095668
2022-08-10,169.24000549316406,6.05,6.05,27.973554626969268,27.973554626969268,2.7860000133514404,0.7888048812539141
2022-08-11,168.49000549316406,6.05,6.05,27.849587684820506,27.849587684820506,2.888000011444092,0.7027174214931748
2022-08-12,172.10000610351562,6.05,6.05,28.446282000581096,28.446282000581096,2.8489999771118164,0.6663979226192351
2022-08-15,173.19000244140625,6.05,6.05,28.62644668452996,28.62644668452996,2.7909998893737793,0.7022733450595071
2022-08-16,173.02999877929688,6.05,6.05,28.59999979823089,28.59999979823089,2.8239998817443848,0.6725036394264685
2022-08-17,174.5500030517578,6.05,6.05,28.851240173844268,28.851240173844268,2.8929998874664307,0.5730556234040249
2022-08-18,174.14999389648438,6.05,6.05,28.785122958096593,28.785122958096593,2.880000114440918,0.594016659625781
2022-08-19,171.52000427246094,6.05,6.05,28.350413929332387,28.350413929332387,2.989000082015991,0.5382852778826277
2022-08-22,167.57000732421875,6.05,6.05,27.697521871771695,27.697521871771695,3.0369999408721924,0.5734313628003704
2022-08-23,167.22999572753906,6.05,6.05,27.641321607857698,27.641321607857698,3.053999900817871,0.5637721224841057
2022-08-24,167.52999877929688,6.05,6.05,27.69090888913998,27.69090888913998,3.1059999465942383,0.5052935793910618
2022-08-25,170.02999877929688,6.05,6.05,28.10413202963585,28.10413202963585,3.0260000228881836,0.532195615196275
2022-08-26,163.6199951171875,6.05,6.05,27.044627292097108,27.044627292097108,3.0350000858306885,0.6625920059346755
2022-08-29,161.3800048828125,6.05,6.05,26.674380972365704,26.674380972365704,3.109999895095825,0.6389155943994567
2022-08-30,158.91000366210938,6.05,6.05,26.266116307786675,26.266116307786675,3.109999895095825,0.6971864749102603
2022-08-31,157.22000122070312,6.05,6.05,25.986777061273244,25.986777061273244,3.132999897003174,0.7151110004818726
2022-09-01,157.9600067138672,6.05,6.05,26.109092018821023,26.109092018821023,3.265000104904175,0.5650832977631377
2022-09-02,155.80999755859375,6.05,6.05,25.75371860472624,25.75371860472624,3.193000078201294,0.6899343257510857
2022-09-06,154.52999877929688,6.05,6.05,25.54214855856147,25.54214855856147,3.3399999141693115,0.5750975088499835
2022-09-07,155.9600067138672,6.05,6.05,25.77851350642433,25.77851350642433,3.265000104904175,0.6141995229207091
2022-09-08,154.4600067138672,6.05,6.05,25.530579622126808,25.530579622126808,3.2920000553131104,0.624871456422257
2022-09-09,157.3699951171875,6.05,6.05,26.01156944085744,26.01156944085744,3.321000099182129,0.5234430524458502
2022-09-12,163.42999267578125,6.05,6.05,27.013221929881198,27.013221929881198,3.361999988555908,0.33989089508515313
2022-09-13,153.83999633789062,6.05,6.05,25.428098568246384,25.428098568246384,3.421999931335449,0.5106574685723873
2022-09-14,155.30999755859375,6.05,6.05,25.671073976627067,25.671073976627067,3.4119999408721924,0.48343505694082234
2022-09-15,152.3699951171875,6.05,6.05,25.185123159865704,25.185123159865704,3.4590001106262207,0.5115979033377198
2022-09-16,150.6999969482422,6.05,6.05,24.90909040466813,24.90909040466813,3.447999954223633,0.5665986672201804
2022-09-19,154.47999572753906,6.05,6.05,25.53388359132877,25.53388359132877,3.490000009536743,0.4263646767172391
2022-09-20,156.89999389648438,6.05,6.05,25.933883288675105,25.933883288675105,3.571000099182129,0.2849592605049849
2022-09-21,153.72000122070312,6.05,6.05,25.40826466457903,25.40826466457903,3.509999990463257,0.4257272746658445
2022-09-22,152.74000549316406,6.05,6.05,25.24628189969654,25.24628189969654,3.7079999446868896,0.2529793550492032
2022-09-23,150.42999267578125,6.05,6.05,24.864461599302686,24.864461599302686,3.697000026702881,0.3248043305169217
2022-09-26,150.77000427246094,6.05,6.05,24.920661863216683,24.920661863216683,3.878000020980835,0.1347344942128279
2022-09-27,151.75999450683594,6.05,6.05,25.084296612700157,25.084296612700157,3.9639999866485596,0.022557880370525307
2022-09-28,149.83999633789062,6.05,6.05,24.766941543452997,24.766941543452997,3.7049999237060547,0.3326403244671976
2022-09-29,142.47999572753906,6.05,6.05,23.550412516948604,23.550412516948604,3.746999979019165,0.499210142694527
2022-09-30,138.1999969482422,6.05,6.05,22.84297470218879,22.84297470218879,3.803999900817871,0.5737136546070314
2022-10-03,142.4499969482422,6.05,6.05,23.545454041031768,23.545454041031768,3.6510000228881836,0.5961043152033136
2022-10-04,146.10000610351562,6.05,6.05,24.14876133942407,24.14876133942407,3.617000102996826,0.5239990395449059
2022-10-05,146.39999389648438,6.05,6.05,24.19834609859246,24.19834609859246,3.759000062942505,0.3735137705469951
2022-10-06,145.42999267578125,6.05,6.05,24.03801531831095,24.03801531831095,3.8259999752044678,0.33407724730337485
2022-10-07,140.08999633789062,6.05,6.05,23.155371295519114,23.155371295519114,3.882999897003174,0.4356525108444771
2022-10-10,140.4199981689453,6.05,6.05,23.209917052718236,23.209917052718236,3.888000011444092,0.42050310697995563
2022-10-11,138.97999572753906,6.05,6.05,22.971900120254393,22.971900120254393,3.938999891281128,0.4141445798560115
2022-10-12,138.33999633789062,6.05,6.05,22.866115097172006,22.866115097172006,3.9019999504089355,0.471283380626498
2022-10-13,142.99000549316406,6.05,6.05,23.634711651762657,23.634711651762657,3.9519999027252197,0.27906504418062017
2022-10-14,138.3800048828125,6.05,6.05,22.87272807980372,22.87272807980372,4.010000228881836,0.3620186947505628
2022-10-17,142.41000366210938,6.05,6.05,23.538843580513948,23.538843580513948,4.014999866485596,0.2332971944109108
2022-10-18,143.75,6.05,6.05,23.7603305785124,23.7603305785124,3.997999906539917,0.21069574563399573
2022-10-19,143.86000061035156,6.05,6.05,23.77851249757877,23.77851249757877,4.126999855041504,0.07847767473174905
2022-10-20,143.38999938964844,6.05,6.05,23.700826345396436,23.700826345396436,4.22599983215332,-0.006737662021279789
2022-10-21,147.27000427246094,6.05,6.05,24.34214946652247,24.34214946652247,4.2129998207092285,-0.10489917259148296
2022-10-24,149.4499969482422,6.05,6.05,24.702478834420198,24.702478834420198,4.234000205993652,-0.18582347562192325
2022-10-25,152.33999633789062,6.05,6.05,25.180164683948863,25.180164683948863,4.107999801635742,-0.13661989784404227
2022-10-26,149.35000610351562,6.05,6.05,24.685951422068698,24.685951422068698,4.014999866485596,0.035887145736351656
2022-10-27,144.8000030517578,6.05,6.05,23.933884801943442,23.933884801943442,3.937000036239624,0.2411766712825898
2022-10-28,155.74000549316406,6.11,6.11,25.489362601172513,25.489362601172513,4.010000228881836,-0.08679502502161895
2022-10-31,153.33999633789062,6.11,6.11,25.09656241209339,25.09656241209339,4.077000141143799,-0.09239068117199967
2022-11-01,150.64999389648438,6.11,6.11,24.65630014672412,24.65630014672412,4.052000045776367,0.003758498892637796
2022-11-02,145.02999877929688,6.11,6.11,23.736497345220435,23.736497345220435,4.059000015258789,0.1539214847255348
2022-11-03,138.8800048828125,6.11,6.11,22.729951699314647,22.729951699314647,4.124000072479248,0.2754813396618605
2022-11-04,138.3800048828125,6.11,6.11,22.64811863875818,22.64811863875818,4.156000137329102,0.2593776516616355
2022-11-07,138.9199981689453,6.11,6.11,22.736497245326564,22.736497245326564,4.214000225067139,0.18421463278897932
2022-11-08,139.5,6.11,6.11,22.831423895253682,22.831423895253682,4.125999927520752,0.2539283878914347
2022-11-09,134.8699951171875,6.11,6.11,22.073648955349835,22.073648955349835,4.151000022888184,0.3792885670172792
2022-11-10,146.8699951171875,6.11,6.11,24.03764240870499,24.03764240870499,3.8289999961853027,0.3311417639644372
2022-11-11,149.6999969482422,6.11,6.11,24.5008178311362,24.5008178311362,3.812999963760376,0.2684964454295944
2022-11-14,148.27999877929688,6.11,6.11,24.268412238837456,24.268412238837456,3.865000009536743,0.25558270579916353
2022-11-15,150.0399932861328,6.11,6.11,24.55646371295136,24.55646371295136,3.7990000247955322,0.27324755811922063
2022-11-16,148.7899932861328,6.11,6.11,24.351881061560196,24.351881061560196,3.691999912261963,0.414459040424509
2022-11-17,150.72000122070312,6.11,6.11,24.6677579739285,24.6677579739285,3.7750000953674316,0.2788746064068679
2022-11-18,151.2899932861328,6.11,6.11,24.761046364342523,24.761046364342523,3.818000078201294,0.22060146264499014
2022-11-21,148.00999450683594,6.11,6.11,24.224221686879858,24.224221686879858,3.825000047683716,0.303099558264047
2022-11-22,150.17999267578125,6.11,6.11,24.579376870013295,24.579376870013295,3.757999897003174,0.3104514933166289
2022-11-23,151.07000732421875,6.11,6.11,24.72504211525675,24.72504211525675,3.7060000896453857,0.3384824044125052
2022-11-25,148.11000061035156,6.11,6.11,24.240589297929876,24.240589297929876,3.690999984741211,0.43431226616763574
2022-11-28,144.22000122070312,6.11,6.11,23.603928186694453,23.603928186694453,3.703000068664551,0.5335828936734748
2022-11-29,141.1699981689453,6.11,6.11,23.104746017830657,23.104746017830657,3.747999906539917,0.5801151882041182
2022-11-30,148.02999877929688,6.11,6.11,24.227495708559225,24.227495708559225,3.703000068664551,0.42454167988981784
2022-12-01,148.30999755859375,6.11,6.11,24.2733220226831,24.2733220226831,3.5290000438690186,0.5907491979756418
2022-12-02,147.80999755859375,6.11,6.11,24.191488962126634,24.191488962126634,3.50600004196167,0.6276851626388646
2022-12-05,146.6300048828125,6.11,6.11,23.998364137939852,23.998364137939852,3.5989999771118164,0.5679507127440191
2022-12-06,142.91000366210938,6.11,6.11,23.38952596761201,23.38952596761201,3.513000011444092,0.7624179743018438
2022-12-07,140.94000244140625,6.11,6.11,23.067103509231792,23.067103509231792,3.4079999923706055,0.9271780225014625
2022-12-08,142.64999389648438,6.11,6.11,23.34697117782068,23.34697117782068,3.490999937057495,0.7922109016571515
2022-12-09,142.16000366210938,6.11,6.11,23.26677637677731,23.26677637677731,3.566999912261963,0.73097409069491
2022-12-12,144.49000549316406,6.11,6.11,23.648118738652055,23.648118738652055,3.6110000610351562,0.6176661218926789
2022-12-13,145.47000122070312,6.11,6.11,23.808510838085617,23.808510838085617,3.500999927520752,0.6991787682435211
2022-12-14,143.2100067138672,6.11,6.11,23.43862630341525,23.43862630341525,3.503000020980835,0.7634616182590452
2022-12-15,136.5,6.11,6.11,22.340425531914892,22.340425531914892,3.450000047683716,1.0261904285067605
2022-12-16,134.50999450683594,6.11,6.11,22.01472905185531,22.01472905185531,3.4820001125335693,1.060413276450313
2022-12-19,132.3699951171875,6.11,6.11,21.66448365256751,21.66448365256751,3.5810000896453857,1.0348495933517325
2022-12-20,132.3000030517578,6.11,6.11,21.65302832270995,21.65302832270995,3.684000015258789,0.9342916393602012
2022-12-21,135.4499969482422,6.11,6.11,22.168575605276953,22.168575605276953,3.684000015258789,0.8268897135425624
2022-12-22,132.22999572753906,6.11,6.11,21.641570495505572,21.641570495505572,3.6689999103546143,0.9517368342715473
2022-12-23,131.86000061035156,6.11,6.11,21.581014829844772,21.581014829844772,3.750999927520752,0.8827024626795552
2022-12-27,130.02999877929688,6.11,6.11,21.28150552852649,21.28150552852649,3.859999895095825,0.838915783870422
2022-12-28,126.04000091552734,6.11,6.11,20.628478054914456,20.628478054914456,3.88700008392334,0.9606672880365776
2022-12-29,129.61000061035156,6.11,6.11,21.21276605734068,21.21276605734068,3.8350000381469727,0.8791423669353193
2022-12-30,129.92999267578125,6.11,6.11,21.265137917476473,21.265137917476473,3.878999948501587,0.8235324492693357
2023-01-03,125.06999969482422,6.11,6.11,20.46972171764717,20.46972171764717,3.7929999828338623,1.0922642811052468
2023-01-04,126.36000061035156,6.11,6.11,20.68085116372366,20.68085116372366,3.7090001106262207,1.1263908125196451
2023-01-05,125.0199966430664,6.11,6.11,20.46153791212216,20.46153791212216,3.7200000286102295,1.1672181477300914
2023-01-06,129.6199951171875,6.11,6.11,21.214401819506953,21.214401819506953,3.569000005722046,1.1447789096960896
2023-01-09,130.14999389648438,6.11,6.11,21.301144663909064,21.301144663909064,3.5169999599456787,1.1775834334731696
2023-01-10,130.72999572753906,6.11,6.11,21.396071313836178,21.396071313836178,3.621000051498413,1.0527551689440005
2023-01-11,133.49000549316406,6.11,6.11,21.84779140640983,21.84779140640983,3.553999900817871,1.0231217926207359
2023-01-12,133.41000366210938,6.11,6.11,21.834697817039178,21.834697817039178,3.4489998817443848,1.1308665692565008
2023-01-13,134.75999450683594,6.11,6.11,22.05564558213354,22.05564558213354,3.510999917984009,1.0229866129297038
2023-01-17,135.94000244140625,6.11,6.11,22.24877290366714,22.24877290366714,3.5350000858306885,0.9596298172646662
2023-01-18,135.2100067138672,6.11,6.11,22.129297334511815,22.129297334511815,3.375,1.1438963069353623
2023-01-19,135.27000427246094,6.11,6.11,22.1391169022031,22.1391169022031,3.3970000743865967,1.1198919245914132
2023-01-20,137.8699951171875,6.11,6.11,22.564647318688625,22.564647318688625,3.4839999675750732,0.9477112215104047
2023-01-23,141.11000061035156,6.11,6.11,23.094926450139372,23.094926450139372,3.5250000953674316,0.8049552398831175
2023-01-24,142.52999877929688,6.11,6.11,23.327332042438112,23.327332042438112,3.4690001010894775,0.8178167461211503
2023-01-25,141.86000061035156,6.11,6.11,23.21767604097407,23.21767604097407,3.4619998931884766,0.8450633901273079
2023-01-26,143.9600067138672,6.11,6.11,23.56137589424995,23.56137589424995,3.493000030517578,0.7512342811299249
2023-01-27,145.92999267578125,6.11,6.11,23.883795855283346,23.883795855283346,3.5179998874664307,0.668939266004811
2023-01-30,143.0,6.11,6.11,23.404255319148934,23.404255319148934,3.5510001182556152,0.7217271544716581
2023-01-31,144.2899932861328,6.11,6.11,23.615383516552015,23.615383516552015,3.5290000438690186,0.7055278404615501
2023-02-01,145.42999267578125,6.11,6.11,23.80196279472688,23.80196279472688,3.3970000743865967,0.8043341123114072
2023-02-02,150.82000732421875,6.11,6.11,24.684125584978517,24.684125584978517,3.3959999084472656,0.6551867400623674
2023-02-03,154.5,5.890000000000001,5.890000000000001,26.23089983022071,26.23089983022071,3.5320000648498535,0.28029766977797843
2023-02-06,151.72999572753906,5.890000000000001,5.890000000000001,25.760610480057565,25.760610480057565,3.634000062942505,0.24789551858552006
2023-02-07,154.64999389648438,5.890000000000001,5.890000000000001,26.25636568700923,26.25636568700923,3.6740000247955322,0.13460019017925573
2023-02-08,151.9199981689453,5.890000000000001,5.890000000000001,25.792868959073903,25.792868959073903,3.6530001163482666,0.22404047803741944
2023-02-09,150.8699951171875,5.890000000000001,5.890000000000001,25.614600189675294,25.614600189675294,3.683000087738037,0.2210233699580897
2023-02-10,151.00999450683594,5.890000000000001,5.890000000000001,25.63836918622002,25.63836918622002,3.74399995803833,0.15640413060188996
2023-02-13,153.85000610351562,5.890000000000001,5.890000000000001,26.120544329968695,26.120544329968695,3.7170000076293945,0.11140413038344654
2023-02-14,153.1999969482422,5.890000000000001,5.890000000000001,26.010186239090352,26.010186239090352,3.760999917984009,0.08364767818396368
2023-02-15,155.3300018310547,5.890000000000001,5.890000000000001,26.371816949245275,26.371816949245275,3.809000015258789,-0.017073194575246475
2023-02-16,153.7100067138672,5.890000000000001,5.890000000000001,26.096775333423967,26.096775333423967,3.8429999351501465,-0.011108878789516385
2023-02-17,152.5500030517578,5.890000000000001,5.890000000000001,25.899830738838336,25.899830738838336,3.828000068664551,0.033029024859371425
2023-02-21,148.47999572753906,5.890000000000001,5.890000000000001,25.20882779754483,25.20882779754483,3.9549999237060547,0.011864414577033688
2023-02-22,148.91000366210938,5.890000000000001,5.890000000000001,25.28183423804913,25.28183423804913,3.9230000972747803,0.0324091130862354
2023-02-23,149.39999389648438,5.890000000000001,5.890000000000001,25.365024430642507,25.365024430642507,3.878999948501587,0.0634366248767484
2023-02-24,146.7100067138672,5.890000000000001,5.890000000000001,24.908320324935005,24.908320324935005,3.9489998817443848,0.06572285730329241
2023-02-27,147.9199981689453,5.890000000000001,5.890000000000001,25.113751811365926,25.113751811365926,3.921999931335449,0.059882216386589526
2023-02-28,147.41000366210938,5.890000000000001,5.890000000000001,25.027165307658635,25.027165307658635,3.9159998893737793,0.0796583791796599
2023-03-01,145.30999755859375,5.890000000000001,5.890000000000001,24.670627768861415,24.670627768861415,3.99399995803833,0.05940317936449002
2023-03-02,145.91000366210938,5.890000000000001,5.890000000000001,24.772496377268144,24.772496377268144,4.072999954223633,-0.036265081925398235
2023-03-03,151.02999877929688,5.890000000000001,5.890000000000001,25.64176549733393,25.64176549733393,3.9639999866485596,-0.06411251554609709
2023-03-06,153.8300018310547,5.890000000000001,5.890000000000001,26.117148018854785,26.117148018854785,3.9830000400543213,-0.15409805091649975
2023-03-07,151.60000610351562,5.890000000000001,5.890000000000001,25.738540934382957,25.738540934382957,3.9749999046325684,-0.08977578664791208
2023-03-08,152.8699951171875,5.890000000000001,5.890000000000001,25.954158763529286,25.954158763529286,3.9760000705718994,-0.12305299911760414
2023-03-09,150.58999633789062,5.890000000000001,5.890000000000001,25.56706219658584,25.56706219658584,3.924999952316284,-0.013717567539446751
2023-03-10,148.5,5.890000000000001,5.890000000000001,25.21222410865874,25.21222410865874,3.694999933242798,0.27133003308716885
2023-03-13,150.47000122070312,5.890000000000001,5.890000000000001,25.546689511155027,25.546689511155027,3.515000104904175,0.39940140517542844
2023-03-14,152.58999633789062,5.890000000000001,5.890000000000001,25.906620770439833,25.906620770439833,3.638000011444092,0.22201712031949006
2023-03-15,152.99000549316406,5.890000000000001,5.890000000000001,25.974534039586427,25.974534039586427,3.492000102996826,0.3579245904585111
2023-03-16,155.85000610351562,5.890000000000001,5.890000000000001,26.460102903822683,26.460102903822683,3.5850000381469727,0.19427475770248082
2023-03-17,155.0,5.890000000000001,5.890000000000001,26.31578947368421,26.31578947368421,3.3949999809265137,0.4050000190734866
2023-03-20,157.39999389648438,5.890000000000001,5.890000000000001,26.723258726058464,26.723258726058464,3.4809999465942383,0.2610586483213475
2023-03-21,159.27999877929688,5.890000000000001,5.890000000000001,27.04244461448164,27.04244461448164,3.6059999465942383,0.09189058902873137
2023-03-22,157.8300018310547,5.890000000000001,5.890000000000001,26.796265166562762,26.796265166562762,3.5,0.23186335403126268
2023-03-23,158.92999267578125,5.890000000000001,5.890000000000001,26.983020827806662,26.983020827806662,3.4059998989105225,0.3000343749446701
2023-03-24,160.25,5.890000000000001,5.890000000000001,27.20713073005093,27.20713073005093,3.380000114440918,0.2955069058398938
2023-03-27,158.27999877929688,5.890000000000001,5.890000000000001,26.872665327554646,26.872665327554646,3.5280001163482666,0.19325338720585172
2023-03-28,157.64999389648438,5.890000000000001,5.890000000000001,26.765703547790213,26.765703547790213,3.563999891281128,0.17212457940389703
2023-03-29,160.77000427246094,5.890000000000001,5.890000000000001,27.29541668462834,27.29541668462834,3.565999984741211,0.09761875225780692
2023-03-30,162.36000061035156,5.890000000000001,5.890000000000001,27.565365129091944,27.565365129091944,3.5510001182556152,0.07674069096958025
2023-03-31,164.89999389648438,5.890000000000001,5.890000000000001,27.996603378010928,27.996603378010928,3.49399995803833,0.07786190855302699
2023-04-03,166.1699981689453,5.890000000000001,5.890000000000001,28.212223797783583,28.212223797783583,3.430000066757202,0.1145627694363851
2023-04-04,165.6300048828125,5.890000000000001,5.890000000000001,28.120544122718588,28.120544122718588,3.3369998931884766,0.21911906253293845
2023-04-05,163.75999450683594,5.890000000000001,5.890000000000001,27.803055094539207,27.803055094539207,3.2869999408721924,0.30972709721654557
2023-04-06,164.66000366210938,5.890000000000001,5.890000000000001,27.955858007149295,27.955858007149295,3.2880001068115234,0.28906771111867524
2023-04-10,162.02999877929688,5.890000000000001,5.890000000000001,27.509337653530874,27.509337653530874,3.4149999618530273,0.2201293625771017
2023-04-11,160.8000030517578,5.890000000000001,5.890000000000001,27.300509855986043,27.300509855986043,3.434000015258789,0.2289352386069372
2023-04-12,160.10000610351562,5.890000000000001,5.890000000000001,27.181664873262413,27.181664873262413,3.4210000038146973,0.25795051177223627
2023-04-13,165.55999755859375,5.890000000000001,5.890000000000001,28.10865832913306,28.10865832913306,3.4519999027252197,0.10562276389475045
2023-04-14,165.2100067138672,5.890000000000001,5.890000000000001,28.04923713308441,28.04923713308441,3.5220000743865967,0.04315927470845615
2023-04-17,165.22999572753906,5.890000000000001,5.890000000000001,28.052630853571994,28.052630853571994,3.5910000801086426,-0.026272032961264014
2023-04-18,166.47000122070312,5.890000000000001,5.890000000000001,28.263158101986946,28.263158101986946,3.572000026702881,-0.0338250060929286
2023-04-19,167.6300048828125,5.890000000000001,5.890000000000001,28.460102696572577,28.460102696572577,3.6019999980926514,-0.08830923365128118
2023-04-20,166.64999389648438,5.890000000000001,5.890000000000001,28.293717130133167,28.293717130133167,3.5450000762939453,-0.010646511505572942
2023-04-21,165.02000427246094,5.890000000000001,5.890000000000001,28.01697865406807,28.01697865406807,3.569999933242798,-0.0007356940568929993
2023-04-24,165.3300018310547,5.890000000000001,5.890000000000001,28.069609818515225,28.069609818515225,3.515000104904175,0.04757168168468562
2023-04-25,163.77000427246094,5.890000000000001,5.890000000000001,27.804754545409324,27.804754545409324,3.3959999084472656,0.2005072945451234
2023-04-26,163.75999450683594,5.890000000000001,5.890000000000001,27.803055094539207,27.803055094539207,3.431999921798706,0.1647271162900319
2023-04-27,168.41000366210938,5.890000000000001,5.890000000000001,28.592530333125527,28.592530333125527,3.5280001163482666,-0.03058317440849656
2023-04-28,169.67999267578125,5.890000000000001,5.890000000000001,28.808148162271856,28.808148162271856,3.4519999027252197,0.01924022825145455
2023-05-01,169.58999633789062,5.890000000000001,5.890000000000001,28.792868648198745,28.792868648198745,3.5739998817443848,-0.10091766746991704
2023-05-02,168.5399932861328,5.890000000000001,5.890000000000001,28.614599878800135,28.614599878800135,3.438999891281128,0.055719602388520695
2023-05-03,167.4499969482422,5.890000000000001,5.890000000000001,28.429541077800028,28.429541077800028,3.4030001163482666,0.11446784862313031
2023-05-04,165.7899932861328,5.890000000000001,5.890000000000001,28.1477068397509,28.1477068397509,3.3510000705718994,0.20168720762504
2023-05-05,173.57000732421875,5.8999999999999995,5.8999999999999995,29.41864530918962,29.41864530918962,3.446000099182129,-0.046795310892214115
2023-05-08,173.5,5.8999999999999995,5.8999999999999995,29.40677966101695,29.40677966101695,3.5209999084472656,-0.12042353957118523
2023-05-09,171.77000427246094,5.8999999999999995,5.8999999999999995,29.113560046179824,29.113560046179824,3.5209999084472656,-0.08617435494641024
2023-05-10,173.55999755859375,5.8999999999999995,5.8999999999999995,29.416948738744708,29.416948738744708,3.438999891281128,-0.03959905987228751
2023-05-11,173.75,5.8999999999999995,5.8999999999999995,29.449152542372882,29.449152542372882,3.3970000743865967,-0.0013166211491868474
2023-05-12,172.57000732421875,5.8999999999999995,5.8999999999999995,29.24915378376589,29.24915378376589,3.4630000591278076,-0.04409772987468452
2023-05-15,172.07000732421875,5.8999999999999995,5.8999999999999995,29.16440802105403,29.16440802105403,3.507999897003174,-0.07916294177304639
2023-05-16,172.07000732421875,5.8999999999999995,5.8999999999999995,29.16440802105403,29.16440802105403,3.5490000247955322,-0.12016306956540479
2023-05-17,172.69000244140625,5.8999999999999995,5.8999999999999995,29.2694919392214,29.2694919392214,3.5810000896453857,-0.16447341375870783
2023-05-18,175.0500030517578,5.8999999999999995,5.8999999999999995,29.669492042670818,29.669492042670818,3.6480000019073486,-0.2775344794043182
2023-05-19,175.16000366210938,5.8999999999999995,5.8999999999999995,29.688136213916845,29.688136213916845,3.691999912261963,-0.3236510445710632
2023-05-22,174.1999969482422,5.8999999999999995,5.8999999999999995,29.525423211566476,29.525423211566476,3.7190001010894775,-0.3320884458883637
2023-05-23,171.55999755859375,5.8999999999999995,5.8999999999999995,29.077965687897247,29.077965687897247,3.697999954223633,-0.25896982834306836
2023-05-24,171.83999633789062,5.8999999999999995,5.8999999999999995,29.125423108117058,29.125423108117058,3.7190001010894775,-0.28557358471620375
2023-05-25,172.99000549316406,5.8999999999999995,5.8999999999999995,29.320339914095605,29.320339914095605,3.813999891281128,-0.4033982306937789
2023-05-26,175.42999267578125,5.8999999999999995,5.8999999999999995,29.73389706369174,29.73389706369174,3.809999942779541,-0.446835007292135
2023-05-30,177.3000030517578,5.8999999999999995,5.8999999999999995,30.05084797487421,30.05084797487421,3.700000047683716,-0.37230692955237643
2023-05-31,177.25,5.8999999999999995,5.8999999999999995,30.042372881355934,30.042372881355934,3.63700008392334,-0.30836820804181686
2023-06-01,180.08999633789062,5.8999999999999995,5.8999999999999995,30.52372819286282,30.52372819286282,3.6080000400543213,-0.33186026551058134
2023-06-02,180.9499969482422,5.8999999999999995,5.8999999999999995,30.669491008176646,30.669491008176646,3.690999984741211,-0.43043071173503433
2023-06-05,179.5800018310547,5.8999999999999995,5.8999999999999995,30.437288445941476,30.437288445941476,3.693000078201294,-0.4075562983584793
2023-06-06,179.2100067138672,5.8999999999999995,5.8999999999999995,30.374577409130033,30.374577409130033,3.6989998817443848,-0.40677300882196965
2023-06-07,177.82000732421875,5.8999999999999995,5.8999999999999995,30.13898429224047,30.13898429224047,3.7839999198913574,-0.4660380725259228
2023-06-08,180.57000732421875,5.8999999999999995,5.8999999999999995,30.60508598715572,30.60508598715572,3.7139999866485596,-0.44656920596172256
2023-06-09,180.9600067138672,5.8999999999999995,5.8999999999999995,30.67118757862156,30.67118757862156,3.744999885559082,-0.4846109702729313
2023-06-12,183.7899932861328,5.8999999999999995,5.8999999999999995,31.15084631968353,31.15084631968353,3.765000104904175,-0.554814449793668
2023-06-13,183.30999755859375,5.8999999999999995,5.8999999999999995,31.06949111162606,31.06949111162606,3.8389999866485596,-0.6204084866873498
2023-06-14,183.9499969482422,5.8999999999999995,5.8999999999999995,31.177965584447833,31.177965584447833,3.7960000038146973,-0.5886066372031848
2023-06-15,186.00999450683594,5.8999999999999995,5.8999999999999995,31.527117713023042,31.527117713023042,3.7279999256134033,-0.5561273519688874
2023-06-16,184.9199981689453,5.8999999999999995,5.8999999999999995,31.342372571007683,31.342372571007683,3.7690000534057617,-0.5784311271559988
2023-06-20,185.00999450683594,5.8999999999999995,5.8999999999999995,31.357626187599315,31.357626187599315,3.7290000915527344,-0.5399831869649123
2023-06-21,183.9600067138672,5.8999999999999995,5.8999999999999995,31.179662154892746,31.179662154892746,3.7230000495910645,-0.5157812059992044
2023-06-22,187.0,5.8999999999999995,5.8999999999999995,31.69491525423729,31.69491525423729,3.7990000247955322,-0.6439198108917892
2023-06-23,186.67999267578125,5.8999999999999995,5.8999999999999995,31.64067672470869,31.64067672470869,3.739000082015991,-0.5785114214840101
2023-06-26,185.27000427246094,5.8999999999999995,5.8999999999999995,31.401695639400163,31.401695639400163,3.7190001010894775,-0.5344586945251599
2023-06-27,188.05999755859375,5.8999999999999995,5.8999999999999995,31.874575857388773,31.874575857388773,3.7679998874664307,-0.6307032392721545
2023-06-28,189.25,5.8999999999999995,5.8999999999999995,32.07627118644068,32.07627118644068,3.7100000381469727,-0.5924306854389148
2023-06-29,189.58999633789062,5.8999999999999995,5.8999999999999995,32.133897684388245,32.133897684388245,3.8540000915527344,-0.7420215515643083
2023-06-30,193.97000122070312,5.8999999999999995,5.8999999999999995,32.876271393339515,32.876271393339515,3.819000005722046,-0.7772925443260665
2023-07-03,192.4600067138672,5.8999999999999995,5.8999999999999995,32.62034012099444,32.62034012099444,3.8580000400543213,-0.7924280800722108
2023-07-05,191.3300018310547,5.8999999999999995,5.8999999999999995,32.428813869670286,32.428813869670286,3.944999933242798,-0.861322546771162
2023-07-06,191.80999755859375,5.8999999999999995,5.8999999999999995,32.51016907772776,32.51016907772776,4.040999889373779,-0.9650392642256151
2023-07-07,190.67999267578125,5.8999999999999995,5.8999999999999995,32.318642826403604,32.318642826403604,4.050000190734863,-0.9558108543465713
2023-07-10,188.61000061035156,5.8999999999999995,5.8999999999999995,31.967796713618913,31.967796713618913,4.00600004196167,-0.8778520217573864
2023-07-11,188.0800018310547,5.8999999999999995,5.8999999999999995,31.877966412043172,31.877966412043172,3.9800000190734863,-0.8430370551429824
2023-07-12,189.77000427246094,5.8999999999999995,5.8999999999999995,32.16440750380694,32.16440750380694,3.8610000610351562,-0.751973414479826
2023-07-13,190.5399932861328,5.8999999999999995,5.8999999999999995,32.2949141162937,32.2949141162937,3.760999917984009,-0.6645371238765252
2023-07-14,190.69000244140625,5.8999999999999995,5.8999999999999995,32.32033939684852,32.32033939684852,3.819000005722046,-0.7249730905916074
2023-07-17,193.99000549316406,5.8999999999999995,5.8999999999999995,32.87966194799391,32.87966194799391,3.796999931335449,-0.7556061311750035
2023-07-18,193.72999572753906,5.8999999999999995,5.8999999999999995,32.835592496193065,32.835592496193065,3.7890000343322754,-0.7435243051644851
2023-07-19,195.10000610351562,5.8999999999999995,5.8999999999999995,33.06779764466367,33.06779764466367,3.742000102996826,-0.7179099874539321
2023-07-20,193.1300048828125,5.8999999999999995,5.8999999999999995,32.73389913268009,32.73389913268009,3.8540000915527344,-0.7990630797818272
2023-07-21,191.94000244140625,5.8999999999999995,5.8999999999999995,32.53220380362818,32.53220380362818,3.8369998931884766,-0.7631226789787395
2023-07-24,192.75,5.8999999999999995,5.8999999999999995,32.66949152542373,32.66949152542373,3.8570001125335693,-0.7960403200562673
2023-07-25,193.6199951171875,5.8999999999999995,5.8999999999999995,32.816948324947035,32.816948324947035,3.9119999408721924,-0.8647939968636433
2023-07-26,194.5,5.8999999999999995,5.8999999999999995,32.96610169491526,32.96610169491526,3.8510000705718994,-0.8175810474356533
2023-07-27,193.22000122070312,5.8999999999999995,5.8999999999999995,32.74915274927172,32.74915274927172,4.01200008392334,-0.9584859742423251
2023-07-28,195.8300018310547,5.8999999999999995,5.8999999999999995,33.19152573407707,33.19152573407707,3.9690001010894775,-0.956182889817625
2023-07-31,196.4499969482422,5.8999999999999995,5.8999999999999995,33.29660965224444,33.29660965224444,3.9590001106262207,-0.9556913340145079
2023-08-01,195.61000061035156,5.8999999999999995,5.8999999999999995,33.15423739158501,33.15423739158501,4.051000118255615,-1.0347944122127029
2023-08-02,192.5800018310547,5.8999999999999995,5.8999999999999995,32.64067827644995,32.64067827644995,4.078000068664551,-1.0143382429803278
2023-08-03,191.1699981689453,5.8999999999999995,5.8999999999999995,32.40169460490599,32.40169460490599,4.189000129699707,-1.1027417960118497
2023-08-04,181.99000549316406,5.960000000000001,5.960000000000001,30.535235821000676,30.535235821000676,4.059999942779541,-0.7850948270566493
2023-08-07,178.85000610351562,5.960000000000001,5.960000000000001,30.008390285824763,30.008390285824763,4.078000068664551,-0.7455987286554007
2023-08-08,179.8000030517578,5.960000000000001,5.960000000000001,30.167785746939227,30.167785746939227,4.026000022888184,-0.7112058633550853
2023-08-09,178.19000244140625,5.960000000000001,5.960000000000001,29.897651416343326,29.897651416343326,4.01200008392334,-0.6672557557673242
2023-08-10,177.97000122070312,5.960000000000001,5.960000000000001,29.860738459849514,29.860738459849514,4.079999923706055,-0.7311209221214447
2023-08-11,177.7899932861328,5.960000000000001,5.960000000000001,29.83053578626389,29.83053578626389,4.168000221252441,-0.8157305631912832
2023-08-14,179.4600067138672,5.960000000000001,5.960000000000001,30.110739381521334,30.110739381521334,4.184000015258789,-0.8629258053916935
2023-08-15,177.4499969482422,5.960000000000001,5.960000000000001,29.773489420846,29.773489420846,4.2210001945495605,-0.8623075473254604
2023-08-16,176.57000732421875,5.960000000000001,5.960000000000001,29.625840155070257,29.625840155070257,4.257999897003174,-0.8825681969544683
2023-08-17,174.0,5.960000000000001,5.960000000000001,29.194630872483216,29.194630872483216,4.308000087738037,-0.8827127314161975
2023-08-18,174.49000549316406,5.960000000000001,5.960000000000001,29.27684655925571,29.27684655925571,4.250999927520752,-0.8353315153643353
2023-08-21,175.83999633789062,5.960000000000001,5.960000000000001,29.5033550902501,29.5033550902501,4.3420000076293945,-0.9525549870850445
2023-08-22,177.22999572753906,5.960000000000001,5.960000000000001,29.736576464352186,29.736576464352186,4.328000068664551,-0.965138169619828
2023-08-23,181.1199951171875,5.960000000000001,5.960000000000001,30.389260925702597,30.389260925702597,4.197999954223633,-0.9073638231085748
2023-08-24,176.3800048828125,5.960000000000001,5.960000000000001,29.593960550807463,29.593960550807463,4.235000133514404,-0.8559323055257124
2023-08-25,178.61000061035156,5.960000000000001,5.960000000000001,29.968120907777102,29.968120907777102,4.238999843597412,-0.90212062091486
2023-08-28,180.19000244140625,5.960000000000001,5.960000000000001,30.233221886141983,30.233221886141983,4.211999893188477,-0.9043802032791768
2023-08-29,184.1199951171875,5.960000000000001,5.960000000000001,30.892616630400582,30.892616630400582,4.122000217437744,-0.8849807963767025
2023-08-30,187.64999389648438,5.960000000000001,5.960000000000001,31.484898304779254,31.484898304779254,4.118000030517578,-0.9418741611568855
2023-08-31,187.8699951171875,5.960000000000001,5.960000000000001,31.521811261273065,31.521811261273065,4.0929999351501465,-0.920593401428603
2023-09-01,189.4600067138672,5.960000000000001,5.960000000000001,31.788591730514625,31.788591730514625,4.172999858856201,-1.027217219356395
2023-09-05,189.6999969482422,5.960000000000001,5.960000000000001,31.828858548362778,31.828858548362778,4.26800012588501,-1.1261972287420385
2023-09-06,182.91000366210938,5.960000000000001,5.960000000000001,30.68959792988412,30.68959792988412,4.289999961853027,-1.0315669179119533
2023-09-07,177.55999755859375,5.960000000000001,5.960000000000001,29.791945899092905,29.791945899092905,4.260000228881836,-0.9033883332135919
2023-09-08,178.17999267578125,5.960000000000001,5.960000000000001,29.895971925466647,29.895971925466647,4.257999897003174,-0.9130676683635093
2023-09-11,179.36000061035156,5.960000000000001,5.960000000000001,30.0939598339516,30.0939598339516,4.288000106811523,-0.9650741591540357
2023-09-12,176.3000030517578,5.960000000000001,5.960000000000001,29.580537424791576,29.580537424791576,4.263999938964844,-0.8833987496101985
2023-09-13,174.2100067138672,5.960000000000001,5.960000000000001,29.22986689829986,29.22986689829986,4.249000072479248,-0.8278418322473553
2023-09-14,175.74000549316406,5.960000000000001,5.960000000000001,29.48657810287987,29.48657810287987,4.288000106811523,-0.8966265926961885
2023-09-15,175.00999450683594,5.960000000000001,5.960000000000001,29.364093038059718,29.364093038059718,4.322000026702881,-0.9164802352219428
2023-09-18,177.97000122070312,5.960000000000001,5.960000000000001,29.860738459849514,29.860738459849514,4.318999767303467,-0.9701207657188569
2023-09-19,179.07000732421875,5.960000000000001,5.960000000000001,30.045303242318578,30.045303242318578,4.364999771118164,-1.0366925414160928
2023-09-20,175.49000549316406,5.960000000000001,5.960000000000001,29.44463179415504,29.44463179415504,4.348999977111816,-0.9527951714585603
2023-09-21,173.92999267578125,5.960000000000001,5.960000000000001,29.1828846771445,29.1828846771445,4.480000019073486,-1.0533339747013146
2023-09-22,174.7899932861328,5.960000000000001,5.960000000000001,29.327180081565903,29.327180081565903,4.438000202178955,-1.028194018226864
2023-09-25,176.0800018310547,5.960000000000001,5.960000000000001,29.54362446829776,29.54362446829776,4.541999816894531,-1.1571747725839887
2023-09-26,171.9600067138672,5.960000000000001,5.960000000000001,28.852350119776368,28.852350119776368,4.558000087738037,-1.0920779155453237
2023-09-27,170.42999267578125,5.960000000000001,5.960000000000001,28.59563635499685,28.59563635499685,4.625999927520752,-1.1289628705879085
2023-09-28,170.69000244140625,5.960000000000001,5.960000000000001,28.63926215459836,28.63926215459836,4.5970001220703125,-1.1052900542554593
2023-09-29,171.2100067138672,5.960000000000001,5.960000000000001,28.726511193601873,28.726511193601873,4.572999954223633,-1.0918950150943538
2023-10-02,173.75,5.960000000000001,5.960000000000001,29.152684563758385,29.152684563758385,4.683000087738037,-1.252784260399907
2023-10-03,172.39999389648438,5.960000000000001,5.960000000000001,28.92617347256449,28.92617347256449,4.802000045776367,-1.3449233572594204
2023-10-04,173.66000366210938,5.960000000000001,5.960000000000001,29.137584507065327,29.137584507065327,4.735000133514404,-1.3030066552714894
2023-10-05,174.91000366210938,5.960000000000001,5.960000000000001,29.34731605068949,29.34731605068949,4.7170000076293945,-1.3095333818133486
2023-10-06,177.49000549316406,5.960000000000001,5.960000000000001,29.780202263953697,29.780202263953697,4.783999919891357,-1.426064365469648
2023-10-09,178.99000549316406,5.960000000000001,5.960000000000001,30.03188011630269,30.03188011630269,4.796999931335449,-1.467205072913802
2023-10-10,178.38999938964844,5.960000000000001,5.960000000000001,29.93120795128329,29.93120795128329,4.65500020980835,-1.3140057480157532
2023-10-11,179.8000030517578,5.960000000000001,5.960000000000001,30.167785746939227,30.167785746939227,4.59499979019165,-1.280205630658552
2023-10-12,180.7100067138672,5.960000000000001,5.960000000000001,30.320470925145496,30.320470925145496,4.711999893188477,-1.4138980844508162
2023-10-13,178.85000610351562,5.960000000000001,5.960000000000001,30.008390285824763,30.008390285824763,4.629000186920166,-1.296598846911016
2023-10-16,178.72000122070312,5.960000000000001,5.960000000000001,29.98657738602401,29.98657738602401,4.711999893188477,-1.3771744907199879
2023-10-17,177.14999389648438,5.960000000000001,5.960000000000001,29.7231533383363,29.7231533383363,4.8470001220703125,-1.4826195376246476
2023-10-18,175.83999633789062,5.960000000000001,5.960000000000001,29.5033550902501,29.5033550902501,4.9039998054504395,-1.5145547849060894
2023-10-19,175.4600067138672,5.960000000000001,5.960000000000001,29.43959844192402,29.43959844192402,4.98799991607666,-1.5912144538947746
2023-10-20,172.8800048828125,5.960000000000001,5.960000000000001,29.00671222865981,29.00671222865981,4.923999786376953,-1.4765218643118687
2023-10-23,173.0,5.960000000000001,5.960000000000001,29.02684563758389,29.02684563758389,4.8379998207092285,-1.392913115506916
2023-10-24,173.44000244140625,5.960000000000001,5.960000000000001,29.100671550571516,29.100671550571516,4.840000152587891,-1.4036533374905575
2023-10-25,171.10000610351562,5.960000000000001,5.960000000000001,28.708054715354965,28.708054715354965,4.953000068664551,-1.4696571186975023
2023-10-26,166.88999938964844,5.960000000000001,5.960000000000001,28.00167774994101,28.00167774994101,4.84499979019165,-1.2737852046580866
2023-10-27,168.22000122070312,5.960000000000001,5.960000000000001,28.22483241958106,28.22483241958106,4.84499979019165,-1.3020203842050018
2023-10-30,170.2899932861328,5.960000000000001,5.960000000000001,28.572146524518924,28.572146524518924,4.875,-1.3750879470436033
2023-10-31,170.77000427246094,5.960000000000001,5.960000000000001,28.652685280614246,28.652685280614246,4.875,-1.3849257182831054
2023-11-01,173.97000122070312,5.960000000000001,5.960000000000001,29.1895975202522,29.1895975202522,4.789000034332275,-1.3631220334239575
2023-11-02,177.57000732421875,5.960000000000001,5.960000000000001,29.793625389969584,29.793625389969584,4.669000148773193,-1.3125774680454456
2023-11-03,176.64999389648438,6.13,6.13,28.81729101084574,28.81729101084574,4.558000087738037,-1.0878612755102055
2023-11-06,179.22999572753906,6.13,6.13,29.23817222308957,29.23817222308957,4.6620001792907715,-1.241813745029694
2023-11-07,181.82000732421875,6.13,6.13,29.66068634979099,29.66068634979099,4.571000099182129,-1.1995339496570803
2023-11-08,182.88999938964844,6.13,6.13,29.83523644203074,29.83523644203074,4.5229997634887695,-1.1712582683510329
2023-11-09,182.41000366210938,6.13,6.13,29.756933713231547,29.756933713231547,4.630000114440918,-1.26943880917664
2023-11-10,186.39999389648438,6.13,6.13,30.40782934689794,30.40782934689794,4.627999782562256,-1.3393730654368023
2023-11-13,184.8000030517578,6.13,6.13,30.14681942116767,30.14681942116767,4.631999969482422,-1.3149004571609089
2023-11-14,187.44000244140625,6.13,6.13,30.577488163361544,30.577488163361544,4.440999984741211,-1.1706201724510152
2023-11-15,188.00999450683594,6.13,6.13,30.6704721870858,30.6704721870858,4.534999847412109,-1.274534883259836
2023-11-16,189.7100067138672,6.13,6.13,30.947798811397583,30.947798811397583,4.445000171661377,-1.2137525921672387
2023-11-17,189.69000244140625,6.13,6.13,30.94453547168128,30.94453547168128,4.440999984741211,-1.2094116452906336
2023-11-20,191.4499969482422,6.13,6.13,31.23164713674424,31.23164713674424,4.421999931335449,-1.2201194937728292
2023-11-21,190.63999938964844,6.13,6.13,31.09951050402095,31.09951050402095,4.418000221252441,-1.2025155277852986
2023-11-22,191.30999755859375,6.13,6.13,31.208808737127857,31.208808737127857,4.415999889373779,-1.211776336904952
2023-11-24,189.97000122070312,6.13,6.13,30.99021227091405,30.99021227091405,4.4720001220703125,-1.2451748546017423
2023-11-27,189.7899932861328,6.13,6.13,30.96084719186506,30.96084719186506,4.388999938964844,-1.15911416160553
2023-11-28,190.39999389648438,6.13,6.13,31.060357895021923,31.060357895021923,4.335999965667725,-1.116462047335267
2023-11-29,189.3699951171875,6.13,6.13,30.892331993015905,30.892331993015905,4.270999908447266,-1.0339506619673346
2023-11-30,189.9499969482422,6.13,6.13,30.986948931197748,30.986948931197748,4.3520002365112305,-1.1248351412307551
2023-12-01,191.24000549316406,6.13,6.13,31.197390781919097,31.197390781919097,4.22599983215332,-1.0206035636308752
2023-12-04,189.42999267578125,6.13,6.13,30.902119522965947,30.902119522965947,4.288000106811523,-1.0519761206353762
2023-12-05,193.4199981689453,6.13,6.13,31.55301764583121,31.55301764583121,4.171000003814697,-1.0017310254096472
2023-12-06,192.32000732421875,6.13,6.13,31.373573788616437,31.373573788616437,4.120999813079834,-0.9336039278114519
2023-12-07,194.27000427246094,6.13,6.13,31.691680957987103,31.691680957987103,4.129000186920166,-0.9735979811309687
2023-12-08,195.7100067138672,6.13,6.13,31.926591633583556,31.926591633583556,4.244999885559082,-1.1128146166871589
2023-12-11,193.17999267578125,6.13,6.13,31.51386503683218,31.51386503683218,4.238999843597412,-1.0657933872289567
2023-12-12,194.7100067138672,6.13,6.13,31.76345949655256,31.76345949655256,4.205999851226807,-1.0577281709693875
2023-12-13,197.9600067138672,6.13,6.13,32.293638941903296,32.293638941903296,4.0329999923706055,-0.936414928671176
2023-12-14,198.11000061035156,6.13,6.13,32.3181077667784,32.3181077667784,3.930000066757202,-0.8357595028713538
2023-12-15,197.57000732421875,6.13,6.13,32.230017508029164,32.230017508029164,3.927999973297119,-0.8253023103160819
2023-12-18,195.88999938964844,6.13,6.13,31.95595422343368,31.95595422343368,3.9539999961853027,-0.8246927221540732
2023-12-19,196.94000244140625,6.13,6.13,32.127243465156,32.127243465156,3.921999931335449,-0.8093768359722806
2023-12-20,194.8300018310547,6.13,6.13,31.78303455645264,31.78303455645264,3.877000093460083,-0.7306674227271732
2023-12-21,194.67999267578125,6.13,6.13,31.75856324237867,31.75856324237867,3.8940000534057617,-0.7452430004872008
2023-12-22,193.60000610351562,6.13,6.13,31.5823827248802,31.5823827248802,3.9010000228881836,-0.7346778086614125
2023-12-26,193.0500030517578,6.13,6.13,31.49265955167338,31.49265955167338,3.885999917984009,-0.7106567928370429
2023-12-27,193.14999389648438,6.13,6.13,31.50897127185716,31.50897127185716,3.7890000343322754,-0.6153007365288934
2023-12-28,193.5800018310547,6.13,6.13,31.579119385163896,31.579119385163896,3.8499999046325684,-0.6833504873286538
2023-12-29,192.52999877929688,6.13,6.13,31.40783014344158,31.40783014344158,3.865999937057495,-0.6820805276843047
2024-01-02,185.63999938964844,6.13,6.13,30.283849818865978,30.283849818865978,3.946000099182129,-0.6439100215294902
2024-01-03,184.25,6.13,6.13,30.05709624796085,30.05709624796085,3.9070000648498535,-0.5799987079977504
2024-01-04,181.91000366210938,6.13,6.13,29.675367644716047,29.675367644716047,3.990999937057495,-0.6212017530135694
2024-01-05,181.17999267578125,6.13,6.13,29.556279392460237,29.556279392460237,4.041999816894531,-0.6586240315949157
2024-01-08,185.55999755859375,6.13,6.13,30.270798949199634,30.270798949199634,4.001999855041504,-0.6984861232824016
2024-01-09,185.13999938964844,6.13,6.13,30.202283750350478,30.202283750350478,4.019000053405762,-0.7079921565661871
2024-01-10,186.19000244140625,6.13,6.13,30.3735729920728,30.3735729920728,4.03000020980835,-0.7376644669538948
2024-01-11,185.58999633789062,6.13,6.13,30.275692714174653,30.275692714174653,3.9769999980926514,-0.6740202465118919
2024-01-12,185.9199981689453,6.13,6.13,30.329526618098747,30.329526618098747,3.950000047683716,-0.652882975624757
2024-01-16,183.6300048828125,6.13,6.13,29.95595511954527,29.95595511954527,4.065999984741211,-0.7277655802319951
2024-01-17,182.67999267578125,6.13,6.13,29.800977598006728,29.800977598006728,4.105999946594238,-0.7504053299032538
2024-01-18,188.6300048828125,6.13,6.13,30.771615804700247,30.771615804700247,4.144000053405762,-0.894251953251548
2024-01-19,191.55999755859375,6.13,6.13,31.249591771385603,31.249591771385603,4.145999908447266,-0.9459581052910635
2024-01-22,193.88999938964844,6.13,6.13,31.629689949371688,31.629689949371688,4.093999862670898,-0.9324133861652548
2024-01-23,195.17999267578125,6.13,6.13,31.84012931089417,31.84012931089417,4.142000198364258,-1.0013094359751498
2024-01-24,194.5,6.13,6.13,31.729200652528547,31.729200652528547,4.177999973297119,-1.0263290221403065
2024-01-25,194.1699981689453,6.13,6.13,31.675366748604457,31.675366748604457,4.131999969482422,-0.9749725925411346
2024-01-26,192.4199981689453,6.13,6.13,31.389885508800216,31.389885508800216,4.159999847412109,-0.9742602889812639
2024-01-29,191.72999572753906,6.13,6.13,31.27732393597701,31.27732393597701,4.091000080108643,-0.8937956068392992
2024-01-30,188.0399932861328,6.13,6.13,30.67536595206082,30.67536595206082,4.059000015258789,-0.7990552062456193
2024-01-31,184.39999389648438,6.13,6.13,30.08156507283595,30.08156507283595,3.9670000076293945,-0.6427048867514813
2024-02-01,186.86000061035156,6.13,6.13,30.4828712251797,30.4828712251797,3.86299991607666,-0.5824690480593055
2024-02-02,185.85000610351562,6.430000000000001,6.430000000000001,28.903577932117514,28.903577932117514,4.0329999923706055,-0.5732207140107284
2024-02-05,187.67999267578125,6.430000000000001,6.430000000000001,29.188179265284795,29.188179265284795,4.164000034332275,-0.7379555698549782
2024-02-06,189.3000030517578,6.430000000000001,6.430000000000001,29.440124891408676,29.440124891408676,4.090000152587891,-0.693275431858789
2024-02-07,189.41000366210938,6.430000000000001,6.430000000000001,29.457232295817942,29.457232295817942,4.110000133514404,-0.7152480741297538
2024-02-08,188.32000732421875,6.430000000000001,6.430000000000001,29.287714980438373,29.287714980438373,4.170000076293945,-0.7555991895470195
2024-02-09,188.85000610351562,6.430000000000001,6.430000000000001,29.370140918120622,29.370140918120622,4.186999797821045,-0.7821812687310952
2024-02-12,187.14999389648438,6.430000000000001,6.430000000000001,29.105753327602542,29.105753327602542,4.171999931335449,-0.7362530920614199
2024-02-13,185.0399932861328,6.430000000000001,6.430000000000001,28.777603932524542,28.777603932524542,4.315999984741211,-0.8410755179762877
2024-02-14,184.14999389648438,6.430000000000001,6.430000000000001,28.639190341599434,28.639190341599434,4.267000198364258,-0.7752813750584719
2024-02-15,183.86000061035156,6.430000000000001,6.430000000000001,28.594090297099775,28.594090297099775,4.239999771118164,-0.7427736323959699
2024-02-16,182.30999755859375,6.430000000000001,6.430000000000001,28.353032279719088,28.353032279719088,4.295000076293945,-0.7680404547112492
2024-02-20,181.55999755859375,6.430000000000001,6.430000000000001,28.23639153321831,28.23639153321831,4.275000095367432,-0.733471076606079
2024-02-21,182.32000732421875,6.430000000000001,6.430000000000001,28.35458900843215,28.35458900843215,4.324999809265137,-0.7982338254498966
2024-02-22,184.3699951171875,6.430000000000001,6.430000000000001,28.67340515041796,28.67340515041796,4.327000141143799,-0.8394478439747148
2024-02-23,182.52000427246094,6.430000000000001,6.430000000000001,28.385692732886614,28.385692732886614,4.260000228881836,-0.7370987115218703
2024-02-26,181.16000366210938,6.430000000000001,6.430000000000001,28.17418408430939,28.17418408430939,4.298999786376953,-0.7496512160419049
2024-02-27,182.6300048828125,6.430000000000001,6.430000000000001,28.402800137295877,28.402800137295877,4.315000057220459,-0.7942204327957025
2024-02-28,181.4199981689453,6.430000000000001,6.430000000000001,28.21461868879398,28.21461868879398,4.27400016784668,-0.7297381984401228
2024-02-29,180.75,6.430000000000001,6.430000000000001,28.1104199066874,28.1104199066874,4.251999855041504,-0.6946001316666766
2024-03-01,179.66000366210938,6.430000000000001,6.430000000000001,27.940902591307832,27.940902591307832,4.179999828338623,-0.6010173787484256
2024-03-04,175.10000610351562,6.430000000000001,6.430000000000001,27.231727232273034,27.231727232273034,4.218999862670898,-0.5468126691429251
2024-03-05,170.1199951171875,6.430000000000001,6.430000000000001,26.457230966903186,26.457230966903186,4.13700008392334,-0.3573150471522757
2024-03-06,169.1199951171875,6.430000000000001,6.430000000000001,26.301709971568815,26.301709971568815,4.104000091552734,-0.30196592312428105
2024-03-07,169.0,6.430000000000001,6.430000000000001,26.28304821150855,26.28304821150855,4.0920000076293945,-0.2872662798187431
2024-03-08,170.72999572753906,6.430000000000001,6.430000000000001,26.552098868979634,26.552098868979634,4.089000225067139,-0.3228196118716862
2024-03-11,172.75,6.430000000000001,6.430000000000001,26.86625194401244,26.86625194401244,4.104000091552734,-0.38185826810845036
2024-03-12,173.22999572753906,6.430000000000001,6.430000000000001,26.94090135731556,26.94090135731556,4.15500020980835,-0.44317191298538905
2024-03-13,171.1300048828125,6.430000000000001,6.430000000000001,26.61430869095062,26.61430869095062,4.191999912261963,-0.4346225871089735
2024-03-14,173.0,6.430000000000001,6.430000000000001,26.905132192846033,26.905132192846033,4.297999858856201,-0.581236853075854
2024-03-15,172.6199951171875,6.430000000000001,6.430000000000001,26.846033455239112,26.846033455239112,4.303999900817871,-0.5790548296314015
2024-03-18,173.72000122070312,6.430000000000001,6.430000000000001,27.017107499331743,27.017107499331743,4.340000152587891,-0.6386416706529365
2024-03-19,176.0800018310547,6.430000000000001,6.430000000000001,27.38413714324334,27.38413714324334,4.296999931335449,-0.6452507644031025
2024-03-20,178.6699981689453,6.430000000000001,6.430000000000001,27.786935951624464,27.786935951624464,4.2729997634887695,-0.6741862716343769
2024-03-21,171.3699951171875,6.430000000000001,6.430000000000001,26.65163221107115,26.65163221107115,4.270999908447266,-0.5188844954760565
2024-03-22,172.27999877929688,6.430000000000001,6.430000000000001,26.793156886360322,26.793156886360322,4.2179999351501465,-0.48570364680544165
2024-03-25,170.85000610351562,6.430000000000001,6.430000000000001,26.570763002101963,26.570763002101963,4.252999782562256,-0.48946465216012225
2024-03-26,169.7100067138672,6.430000000000001,6.430000000000001,26.393469162343262,26.393469162343262,4.234000205993652,-0.44518413998462414
2024-03-27,173.30999755859375,6.430000000000001,6.430000000000001,26.953343321709756,26.953343321709756,4.196000099182129,-0.485885223768721
2024-03-28,171.47999572753906,6.430000000000001,6.430000000000001,26.668739615480412,26.668739615480412,4.205999851226807,-0.4562913369949242
2024-04-01,170.02999877929688,6.430000000000001,6.430000000000001,26.443234646857988,26.443234646857988,4.328999996185303,-0.547314384138514
2024-04-02,168.83999633789062,6.430000000000001,6.430000000000001,26.258164282720156,26.258164282720156,4.364999771118164,-0.5566604324155149
2024-04-03,169.64999389648438,6.430000000000001,6.430000000000001,26.384135909251068,26.384135909251068,4.355000019073486,-0.5648436787653313
2024-04-04,168.82000732421875,6.430000000000001,6.430000000000001,26.255055571418154,26.255055571418154,4.309000015258789,-0.5002097528278742
2024-04-05,169.5800018310547,6.430000000000001,6.430000000000001,26.373250673569935,26.373250673569935,4.377999782562256,-0.586279101720458
2024-04-08,168.4499969482422,6.430000000000001,6.430000000000001,26.197511189462237,26.197511189462237,4.423999786376953,-0.6068432909834405
2024-04-09,169.6699981689453,6.430000000000001,6.430000000000001,26.387246993615133,26.387246993615133,4.366000175476074,-0.5762906986141343
2024-04-10,167.77999877929688,6.430000000000001,6.430000000000001,26.093312407355654,26.093312407355654,4.559999942779541,-0.7276003440298555
2024-04-11,175.0399932861328,6.430000000000001,6.430000000000001,27.22239397918084,27.22239397918084,4.576000213623047,-0.9025540032538171
2024-04-12,176.5500030517578,6.430000000000001,6.430000000000001,27.457232200895458,27.457232200895458,4.499000072479248,-0.8569723812562882
2024-04-15,172.69000244140625,6.430000000000001,6.430000000000001,26.856921063982305,26.856921063982305,4.627999782562256,-0.9045647781637234
2024-04-16,169.3800048828125,6.430000000000001,6.430000000000001,26.34214694911547,26.34214694911547,4.658999919891357,-0.8628021311094582
2024-04-17,168.0,6.430000000000001,6.430000000000001,26.12752721617418,26.12752721617418,4.585000038146973,-0.7576190857660197
2024-04-18,167.0399932861328,6.430000000000001,6.430000000000001,25.97822601650588,25.97822601650588,4.646999835968018,-0.797622286613314
2024-04-19,165.0,6.430000000000001,6.430000000000001,25.66096423017107,25.66096423017107,4.614999771118164,-0.7180300741484666
2024-04-22,165.83999633789062,6.430000000000001,6.430000000000001,25.791601296717047,25.791601296717047,4.623000144958496,-0.7457689932529692
2024-04-23,166.89999389648438,6.430000000000001,6.430000000000001,25.95645317208155,25.95645317208155,4.5980000495910645,-0.7453935575931974
2024-04-24,169.02000427246094,6.430000000000001,6.430000000000001,26.286159295872615,26.286159295872615,4.6519999504089355,-0.8477165298294316
2024-04-25,169.88999938964844,6.430000000000001,6.430000000000001,26.421461802433658,26.421461802433658,4.705999851226807,-0.9211979069684051
2024-04-26,169.3000030517578,6.430000000000001,6.430000000000001,26.329704984721275,26.329704984721275,4.669000148773193,-0.871008486579163
2024-04-29,173.5,6.430000000000001,6.430000000000001,26.982892690513218,26.982892690513218,4.613999843597412,-0.9079479703985647
2024-04-30,170.3300018310547,6.430000000000001,6.430000000000001,26.489891420070713,26.489891420070713,4.685999870300293,-0.9109749593173602
2024-05-01,169.3000030517578,6.430000000000001,6.430000000000001,26.329704984721275,26.329704984721275,4.59499979019165,-0.79700812799762
2024-05-02,173.02999877929688,6.430000000000001,6.430000000000001,26.909797632861096,26.909797632861096,4.571000099182129,-0.8548814808137668
2024-05-03,183.3800048828125,6.43,6.43,28.51944088379666,28.51944088379666,4.5,-0.9936198992310863
2024-05-06,181.7100067138672,6.43,6.43,28.259721106355705,28.259721106355705,4.488999843597412,-0.9503945040878983
2024-05-07,182.39999389648438,6.43,6.43,28.36702859976429,28.36702859976429,4.4629998207092285,-0.9377804045018174
2024-05-08,182.74000549316406,6.43,6.43,28.419907541705143,28.419907541705143,4.492000102996826,-0.9733398169542427
2024-05-09,184.57000732421875,6.43,6.43,28.704511247934487,28.704511247934487,4.448999881744385,-0.9652269257705819
2024-05-10,183.0500030517578,6.43,6.43,28.468118670568867,28.468118670568867,4.504000186920166,-0.9912987977910421
2024-05-13,186.27999877929688,6.43,6.43,28.970450821041506,28.970450821041506,4.480999946594238,-1.0292069241891788
2024-05-14,187.42999267578125,6.43,6.43,29.149299016451206,29.149299016451206,4.445000171661377,-1.0143859416738135
2024-05-15,189.72000122070312,6.43,6.43,29.50544342468167,29.50544342468167,4.355999946594238,-0.9667948239778208
2024-05-16,189.83999633789062,6.43,6.43,29.524105184741934,29.524105184741934,4.376999855041504,-0.9899369999856957
2024-05-17,189.8699951171875,6.43,6.43,29.528770624757,29.528770624757,4.420000076293945,-1.0334723650400361
2024-05-20,191.0399932861328,6.43,6.43,29.710729904530766,29.710729904530766,4.436999797821045,-1.071212409852821
2024-05-21,192.35000610351562,6.43,6.43,29.914464401790923,29.914464401790923,4.414000034332275,-1.0711355706110668
2024-05-22,190.89999389648438,6.43,6.43,29.688957060106436,29.688957060106436,4.434000015258789,-1.065744276347309
2024-05-23,186.8800048828125,6.43,6.43,29.063764367466952,29.063764367466952,4.474999904632568,-1.0342893780933151
2024-05-24,189.97999572753906,6.43,6.43,29.545878029166264,29.545878029166264,4.4670000076293945,-1.0824331350089622
2024-05-28,189.99000549316406,6.43,6.43,29.547434757879326,29.547434757879326,4.541999816894531,-1.1576112627127406
2024-05-29,190.2899932861328,6.43,6.43,29.594089158029988,29.594089158029988,4.624000072479248,-1.2449469289272272
2024-05-30,191.2899932861328,6.43,6.43,29.749610153364358,29.749610153364358,4.553999900817871,-1.192611315068922
2024-05-31,192.25,6.43,6.43,29.89891135303266,29.89891135303266,4.513999938964844,-1.1693965579505394
2024-06-03,194.02999877929688,6.43,6.43,30.175738534882875,30.175738534882875,4.4019999504089355,-1.0880794018065898
2024-06-04,194.35000610351562,6.43,6.43,30.225506392459664,30.225506392459664,4.335999965667725,-1.0275359584295556
2024-06-05,195.8699951171875,6.43,6.43,30.46189659676322,30.46189659676322,4.289000034332275,-1.0062103471456392
2024-06-06,194.47999572753906,6.43,6.43,30.245722508170928,30.245722508170928,4.281000137329102,-0.974747493736777
2024-06-07,196.88999938964844,6.43,6.43,30.620528676461657,30.620528676461657,4.429999828338623,-1.164216893739224
2024-06-10,193.1199951171875,6.43,6.43,30.034213859593702,30.034213859593702,4.468999862670898,-1.1394637387194662
2024-06-11,207.14999389648438,6.43,6.43,32.216173234289954,32.216173234289954,4.4039998054504395,-1.2999688185061888
2024-06-12,213.07000732421875,6.43,6.43,33.13685961496404,33.13685961496404,4.295000076293945,-1.2772125984835339
2024-06-13,214.24000549316406,6.43,6.43,33.3188188947378,33.3188188947378,4.23799991607666,-1.2366930475491724
2024-06-14,212.49000549316406,6.43,6.43,33.046657152902654,33.046657152902654,4.2129998207092285,-1.1869751448301282
2024-06-17,216.6699981689453,6.43,6.43,33.69673377433053,33.69673377433053,4.2789998054504395,-1.3113531287812035
2024-06-18,214.2899932861328,6.43,6.43,33.326593046054874,33.326593046054874,4.2170000076293945,-1.216393259084548
2024-06-20,209.67999267578125,6.43,6.43,32.60964116264094,32.60964116264094,4.254000186920166,-1.1874224376818683
2024-06-21,207.49000549316406,6.43,6.43,32.2690521762308,32.2690521762308,4.256999969482422,-1.1580555240778732
2024-06-24,208.13999938964844,6.43,6.43,32.37013987397332,32.37013987397332,4.248000144958496,-1.1587332962723291
2024-06-25,209.07000732421875,6.43,6.43,32.514775633626556,32.514775633626556,4.23799991607666,-1.1624750800208736
2024-06-26,213.25,6.43,6.43,33.164852255054434,33.164852255054434,4.315999984741211,-1.3007596564879873
2024-06-27,214.10000610351562,6.43,6.43,33.297046050313476,33.297046050313476,4.288000106811523,-1.2847306921945307
2024-06-28,210.6199951171875,6.43,6.43,32.75583127794518,32.75583127794518,4.3429999351501465,-1.2901084010759987
2024-07-01,216.75,6.43,6.43,33.70917573872473,33.70917573872473,4.479000091552734,-1.5124487651398164
2024-07-02,220.27000427246094,6.43,6.43,34.25661030675909,34.25661030675909,4.435999870300293,-1.5168552408543015
2024-07-03,221.5500030517578,6.43,6.43,34.455676990942116,34.455676990942116,4.355000019073486,-1.4527206638807701
2024-07-05,226.33999633789062,6.43,6.43,35.200621514446446,35.200621514446446,4.271999835968018,-1.4311409051403423
2024-07-08,227.82000732421875,6.43,6.43,35.430794296146,35.430794296146,4.269000053405762,-1.4465964921376604
2024-07-09,228.67999267578125,6.43,6.43,35.564540073993975,35.564540073993975,4.300000190734863,-1.4882107006432013
2024-07-10,232.97999572753906,6.43,6.43,36.23328082854418,36.23328082854418,4.28000020980835,-1.5201066061018618
2024-07-11,227.57000732421875,6.43,6.43,35.391914047312405,35.391914047312405,4.192999839782715,-1.3674956902665683
2024-07-12,230.5399932861328,6.43,6.43,35.85380922023839,35.85380922023839,4.189000129699707,-1.399896205323576
2024-07-15,234.39999389648438,6.43,6.43,36.45412035715154,36.45412035715154,4.229000091552734,-1.4858259586900804
2024-07-16,234.82000732421875,6.43,6.43,36.51944126348659,36.51944126348659,4.166999816894531,-1.4287322930706252
2024-07-17,228.8800048828125,6.43,6.43,35.5956461715105,35.5956461715105,4.145999908447266,-1.3366675671218688
2024-07-18,224.17999267578125,6.43,6.43,34.86469559498931,34.86469559498931,4.189000129699707,-1.3207691500960355
2024-07-19,224.30999755859375,6.43,6.43,34.88491408376264,34.88491408376264,4.238999843597412,-1.3724312242828094
2024-07-22,223.9600067138672,6.43,6.43,34.83048315923285,34.83048315923285,4.260000228881836,-1.3889519134497816
2024-07-23,225.00999450683594,6.43,6.43,34.993778305884284,34.993778305884284,4.238999843597412,-1.3813490027568056
2024-07-24,218.5399932861328,6.43,6.43,33.98755727622594,33.98755727622594,4.285999774932861,-1.3437465501049242
2024-07-25,217.49000549316406,6.43,6.43,33.82426212957451,33.82426212957451,4.25600004196167,-1.2995423484599327
2024-07-26,217.9600067138672,6.43,6.43,33.897357187226625,33.897357187226625,4.199999809265137,-1.2499173161767816
2024-07-29,218.24000549316406,6.43,6.43,33.940902876075285,33.940902876075285,4.177999973297119,-1.2317023934973395
2024-07-30,218.8000030517578,6.43,6.43,34.0279942537726,34.0279942537726,4.14300012588501,-1.204243311298054
2024-07-31,222.0800018310547,6.43,6.43,34.53810292862437,34.53810292862437,4.109000205993652,-1.213647203929305
2024-08-01,218.36000061035156,6.43,6.43,33.959564636135546,33.959564636135546,3.9760000705718994,-1.0313215662546669
2024-08-02,219.86000061035156,6.57,6.57,33.46423144754209,33.46423144754209,3.7920000553131104,-0.803734803898084
2024-08-05,209.27000427246094,6.57,6.57,31.85235985882206,31.85235985882206,3.7850000858306885,-0.6455152739289645
2024-08-06,207.22999572753906,6.57,6.57,31.5418562751201,31.5418562751201,3.888000011444092,-0.7176095585879927
2024-08-07,209.82000732421875,6.57,6.57,31.936074174158104,31.936074174158104,3.9679999351501465,-0.836744682714718
2024-08-08,213.30999755859375,6.57,6.57,32.46727512307363,32.46727512307363,3.996999979019165,-0.9169755661009198
2024-08-09,216.24000549316406,6.57,6.57,32.91324284523045,32.91324284523045,3.941999912261963,-0.903709201430615
2024-08-12,217.52999877929688,6.57,6.57,33.10958885529632,33.10958885529632,3.9089999198913574,-0.8887268371585995
2024-08-13,221.27000427246094,6.57,6.57,33.6788438770869,33.6788438770869,3.8519999980926514,-0.8827769343510212
2024-08-14,221.72000122070312,6.57,6.57,33.747336563272924,33.747336563272924,3.819999933242798,-0.8568031247328913
2024-08-15,224.72000122070312,6.57,6.57,34.20395756783913,34.20395756783913,3.9260001182556152,-1.0023618286903533
2024-08-16,226.0500030517578,6.57,6.57,34.40639315856283,34.40639315856283,3.8919999599456787,-0.9855633701192708
2024-08-19,225.88999938964844,6.57,6.57,34.38203948092061,34.38203948092061,3.867000102996826,-0.9585048098222515
2024-08-20,226.50999450683594,6.57,6.57,34.47640707866605,34.47640707866605,3.818000078201294,-0.9174658151086685
2024-08-21,226.39999389648438,6.57,6.57,34.459664215598835,34.459664215598835,3.7780001163482666,-0.8760565752172691
2024-08-22,224.52999877929688,6.57,6.57,34.17503786595082,34.17503786595082,3.861999988555908,-0.9358876491272596
2024-08-23,226.83999633789062,6.57,6.57,34.52663566786767,34.52663566786767,3.806999921798706,-0.9106852920745787
2024-08-26,227.17999267578125,6.57,6.57,34.57838549098649,34.57838549098649,3.818000078201294,-0.9260200571541319
2024-08-27,228.02999877929688,6.57,6.57,34.707762371278065,34.707762371278065,3.8329999446868896,-0.9518000871370513
2024-08-28,226.49000549316406,6.57,6.57,34.473364610831666,34.473364610831666,3.8410000801086426,-0.9402098285943006
2024-08-29,229.7899932861328,6.57,6.57,34.97564585785887,34.97564585785887,3.867000102996826,-1.007867768274537
2024-08-30,229.0,6.57,6.57,34.855403348554034,34.855403348554034,3.9110000133514404,-1.0420043801636676
2024-09-03,222.77000427246094,6.57,6.57,33.907154379370006,33.907154379370006,3.8440001010894775,-0.894770009966213
2024-09-04,220.85000610351562,6.57,6.57,33.614917215146974,33.614917215146974,3.7679998874664307,-0.7931301485357714
2024-09-05,222.3800048828125,6.57,6.57,33.84779374167618,33.84779374167618,3.7309999465942383,-0.7765976371500098
2024-09-06,220.82000732421875,6.57,6.57,33.61035119090087,33.61035119090087,3.7100000381469727,-0.7347261580254107
2024-09-09,220.91000366210938,6.57,6.57,33.62404926363917,33.62404926363917,3.697000026702881,-0.7229382408685567
2024-09-10,220.11000061035156,6.57,6.57,33.50228319792261,33.50228319792261,3.6459999084472656,-0.6611287159608756
2024-09-11,222.66000366210938,6.57,6.57,33.8904115163028,33.8904115163028,3.6530001163482666,-0.7023130185567412
2024-09-12,222.77000427246094,6.57,6.57,33.907154379370006,33.907154379370006,3.680000066757202,-0.7307699756339376
2024-09-13,222.5,6.57,6.57,33.86605783866057,33.86605783866057,3.6500000953674316,-0.6971911066033862
2024-09-16,216.32000732421875,6.57,6.57,32.92541968405156,32.92541968405156,3.621000051498413,-0.583832994568291
2024-09-17,216.7899932861328,6.57,6.57,32.996954838071964,32.996954838071964,3.6419999599456787,-0.6114172746422528
2024-09-18,220.69000244140625,6.57,6.57,33.59056353750476,33.59056353750476,3.684999942779541,-0.7079733773172694
2024-09-19,228.8699951171875,6.57,6.57,34.83561569515791,34.83561569515791,3.740000009536743,-0.8693747025208598
2024-09-20,228.1999969482422,6.57,6.57,34.73363728283747,34.73363728283747,3.7279999256134033,-0.8489464252357783
2024-09-23,226.47000122070312,6.57,6.57,34.47031982050276,34.47031982050276,3.739000082015991,-0.8379536014283482
2024-09-24,227.3699951171875,6.57,6.57,34.60730519287481,34.60730519287481,3.7360000610351562,-0.8464367320594959
2024-09-25,226.3699951171875,6.57,6.57,34.45509819135274,34.45509819135274,3.7809998989105225,-0.8786717893044615
2024-09-26,227.52000427246094,6.57,6.57,34.630137636599834,34.630137636599834,3.7909998893737793,-0.90334171575127
2024-09-27,227.7899932861328,6.57,6.57,34.671231854814735,34.671231854814735,3.749000072479248,-0.8647645074220702
2024-09-30,233.0,6.57,6.57,35.464231354642315,35.464231354642315,3.802000045776367,-0.982257556505981
2024-10-01,226.2100067138672,6.57,6.57,34.43074683620505,34.43074683620505,3.743000030517578,-0.8386192317006689
2024-10-02,226.77999877929688,6.57,6.57,34.517503619375475,34.517503619375475,3.7850000858306885,-0.8879191989073454
2024-10-03,225.6699981689453,6.57,6.57,34.348553754786195,34.348553754786195,3.8499999046325684,-0.9386691768849467
2024-10-04,226.8000030517578,6.57,6.57,34.52054840970438,34.52054840970438,3.9809999465942383,-1.0841745887477185
2024-10-07,221.69000244140625,6.57,6.57,33.74277053902682,33.74277053902682,4.026000022888184,-1.06240223875424
2024-10-08,225.77000427246094,6.57,6.57,34.363775383936215,34.363775383936215,4.0329999923706055,-1.122958855076178
2024-10-09,229.5399932861328,6.57,6.57,34.937594107478354,34.937594107478354,4.066999912261963,-1.2047535969498528
2024-10-10,229.0399932861328,6.57,6.57,34.86149060671732,34.86149060671732,4.0960001945495605,-1.2275055243666566
2024-10-11,227.5500030517578,6.57,6.57,34.634703660845936,34.634703660845936,4.072999954223633,-1.1857224715221237
2024-10-14,231.3000030517578,6.57,6.57,35.2054799165537,35.2054799165537,4.0980000495910645,-1.2575331609979687
2024-10-15,233.85000610351562,6.57,6.57,35.59360823493388,35.59360823493388,4.038000106811523,-1.2285069152262573
2024-10-16,231.77999877929688,6.57,6.57,35.27853862698582,35.27853862698582,4.015999794006348,-1.1814152592743334
2024-10-17,232.14999389648438,6.57,6.57,35.33485447435074,35.33485447435074,4.0960001945495605,-1.2659333529671475
2024-10-18,235.0,6.57,6.57,35.76864535768645,35.76864535768645,4.072999954223633,-1.2772552733725688
2024-10-21,236.47999572753906,6.57,6.57,35.993911069640646,35.993911069640646,4.182000160217285,-1.4037524780879096
2024-10-22,235.86000061035156,6.57,6.57,35.899543471895214,35.899543471895214,4.203999996185303,-1.4184492529484896
2024-10-23,230.75999450683594,6.57,6.57,35.12328683513484,35.12328683513484,4.242000102996826,-1.394886150666855
2024-10-24,230.57000732421875,6.57,6.57,35.09436945574106,35.09436945574106,4.199999809265137,-1.3505398659510366
2024-10-25,231.41000366210938,6.57,6.57,35.22222277962091,35.22222277962091,4.23199987411499,-1.392883199801675
2024-10-28,233.39999389648438,6.57,6.57,35.525113226253325,35.525113226253325,4.2779998779296875,-1.463089778611573
2024-10-29,233.6699981689453,6.57,6.57,35.56620976696276,35.56620976696276,4.27400016784668,-1.462342680157637
2024-10-30,230.10000610351562,6.57,6.57,35.02283197922612,35.02283197922612,4.265999794006348,-1.4107195568366278
2024-10-31,225.91000366210938,6.57,6.57,34.385084271249525,34.385084271249525,4.283999919891357,-1.3757621732235905
2024-11-01,222.91000366210938,6.08,6.75,36.66282954968904,33.023704246238424,4.361000061035156,-1.6334418984969856
2024-11-04,222.00999450683594,6.08,6.75,36.514801728098014,32.89036955656829,4.309000015258789,-1.5703845698118992
2024-11-05,223.4499969482422,6.08,6.75,36.751644234908255,33.10370325159143,4.289000034332275,-1.568033337962925
2024-11-06,222.72000122070312,6.08,6.75,36.63157914814196,32.99555573640046,4.426000118255615,-1.6961150757465417
2024-11-07,227.47999572753906,6.08,6.75,37.41447298150314,33.70074010778357,4.341000080108643,-1.6682375892554981
2024-11-08,226.9600067138672,6.08,6.75,37.32894847267552,33.62370469835069,4.306000232696533,-1.6271141646038525
2024-11-11,224.22999572753906,6.08,6.75,36.879933507818926,33.219258626302086,4.308000087738037,-1.5964984528774706
2024-11-12,224.22999572753906,6.08,6.75,36.879933507818926,33.219258626302086,4.432000160217285,-1.7204985253567187
2024-11-13,225.1199951171875,6.08,6.75,37.026314986379525,33.35111038773148,4.451000213623047,-1.7502183497841548
2024-11-14,228.22000122070312,6.08,6.75,37.53618441129986,33.81037055121528,4.418000221252441,-1.7539041878288604
2024-11-15,225.0,6.08,6.75,37.00657894736842,33.333333333333336,4.427999973297119,-1.7257777510748968
2024-11-18,228.02000427246094,6.08,6.75,37.5032901763916,33.780741373697914,4.414000034332275,-1.747567315238466
2024-11-19,228.27999877929688,6.08,6.75,37.5460524308054,33.819259078414355,4.379000186920166,-1.7156043429950931
2024-11-20,229.0,6.08,6.75,37.66447368421053,33.925925925925924,4.406000137329102,-1.7509783032679662
2024-11-21,228.52000427246094,6.08,6.75,37.58552701849686,33.85481544777199,4.432000160217285,-1.7714015752676242
2024-11-22,229.8699951171875,6.08,6.75,37.807564986379525,34.05481409143518,4.409999847412109,-1.7650265454809801
2024-11-25,232.8699951171875,6.08,6.75,38.3009860390111,34.499258535879626,4.264999866485596,-1.6541010270106549
2024-11-26,235.05999755859375,6.08,6.75,38.66118380897923,34.823703342013886,4.302000045776367,-1.7154263781388397
2024-11-27,234.92999267578125,6.08,6.75,38.63980142693771,34.804443359375,4.242000102996826,-1.6539950846717302
2024-11-29,237.3300018310547,6.08,6.75,39.03453977484452,35.160000271267364,4.177999973297119,-1.6161662594423918
2024-12-02,239.58999633789062,6.08,6.75,39.40624939767938,35.494814272280095,4.196000099182129,-1.6583315433441568
2024-12-03,242.64999389648438,6.08,6.75,39.90953846981651,35.948147243923614,4.2230000495910645,-1.717333388583953
2024-12-04,243.00999450683594,6.08,6.75,39.96874909651907,36.001480667679395,4.179999828338623,-1.6780451197107982
2024-12-05,243.0399932861328,6.08,6.75,39.97368310627184,36.00592493127893,4.179999828338623,-1.6783539396136464
2024-12-06,242.83999633789062,6.08,6.75,39.94078887136359,35.976295753761576,4.151000022888184,-1.6472938411683438
2024-12-09,246.75,6.08,6.75,40.58388157894737,36.55555555555556,4.198999881744385,-1.734967460265155
2024-12-10,247.77000427246094,6.08,6.75,40.7516454395495,36.706667299623845,4.2210001945495605,-1.767111549774743
2024-12-11,246.49000549316406,6.08,6.75,40.54111932453356,36.517037850839124,4.270999908447266,-1.8043684570683505
2024-12-12,247.9600067138672,6.08,6.75,40.782895841096575,36.73481580946181,4.323999881744385,-1.871991559686223
2024-12-13,248.1300048828125,6.08,6.75,40.81085606625206,36.760000723379626,4.39900016784668,-1.9486717592080396
2024-12-16,251.0399932861328,6.08,6.75,41.289472579956055,37.191110116464124,4.396999835968018,-1.9750749783338484
2024-12-17,253.47999572753906,6.08,6.75,41.690788770976816,37.552591959635414,4.385000228881836,-1.9863888581702476
2024-12-18,248.0500030517578,6.08,6.75,40.7976978703549,36.748148600260414,4.49399995803833,-2.0428812621311363
2024-12-19,249.7899932861328,6.08,6.75,41.0838804746929,37.00592493127893,4.570000171661377,-2.135955508777144
2024-12-20,254.49000549316406,6.08,6.75,41.85690879821777,37.70222303602431,4.52400016784668,-2.1349083101063893
2024-12-23,255.27000427246094,6.08,6.75,41.985198071128444,37.81777841073495,4.598999977111816,-2.217208188715657
2024-12-24,258.20001220703125,6.08,6.75,42.467107270893294,38.251853660300924,4.591000080108643,-2.236236442404046
2024-12-26,259.0199890136719,6.08,6.75,42.601971877248666,38.373331705729164,4.578999996185303,-2.2316908085229255
2024-12-27,255.58999633789062,6.08,6.75,42.0378283450478,37.86518464265046,4.61899995803833,-2.240190111364118
2024-12-30,252.1999969482422,6.08,6.75,41.480262655960885,37.36296251085069,4.545000076293945,-2.1342149559246657
2024-12-31,250.4199981689453,6.08,6.75,41.18749969883969,37.099258987991895,4.572999954223633,-2.1450788439063406
2025-01-02,243.85000610351562,6.08,6.75,40.106908898604544,36.12592683015046,4.574999809265137,-2.0816638044183673
2025-01-03,243.36000061035156,6.08,6.75,40.026315889860456,36.05333342375579,4.5960001945495605,-2.0976438563052957
2025-01-06,245.0,6.08,6.75,40.296052631578945,36.2962962962963,4.618000030517578,-2.1363673774563536
2025-01-07,242.2100067138672,6.08,6.75,39.83717215688605,35.88296395760995,4.683000087738037,-2.172781751803404
2025-01-08,242.6999969482422,6.08,6.75,39.917762655960885,35.95555510344329,4.692999839782715,-2.187849416852709
2025-01-10,236.85000610351562,6.08,6.75,38.95559310913086,35.088889793113424,4.776000022888184,-2.208974545446259
2025-01-13,234.39999389648438,6.08,6.75,38.55263057507967,34.725925021701386,4.802999973297119,-2.209143250465869
2025-01-14,233.27999877929688,6.08,6.75,38.36842085185804,34.559999819155095,4.788000106811523,-2.181690079455853
2025-01-15,237.8699951171875,6.08,6.75,39.12335446006373,35.239999276620374,4.6529998779296875,-2.0969818324403153
2025-01-16,228.25999450683594,6.08,6.75,37.5427622544138,33.81629548249421,4.605999946594238,-1.9423706877150977
2025-01-17,229.97999572753906,6.08,6.75,37.82565719202945,34.07111047815393,4.609000205993652,-1.9652920083454224
2025-01-21,222.63999938964844,6.08,6.75,36.61842095224481,32.98370361328125,4.573999881744385,-1.8431339022852207
2025-01-22,223.8300018310547,6.08,6.75,36.814145038002415,33.160000271267364,4.598999977111816,-1.882652771526239
2025-01-23,223.66000366210938,6.08,6.75,36.78618481284693,33.13481535734954,4.638000011444092,-1.919588180786493
2025-01-24,222.77999877929688,6.08,6.75,36.64144716764751,33.00444426359954,4.625999927520752,-1.8968500786497504
2025-01-27,229.86000061035156,6.08,6.75,37.805921153018346,34.05333342375579,4.5279998779296875,-1.8829115703269457
2025-01-28,238.25999450683594,6.08,6.75,39.18749909651907,35.29777696397569,4.551000118255615,-1.9991659286407244
2025-01-29,239.36000061035156,6.08,6.75,39.368421153018346,35.46074083116319,4.554999828338623,-2.0148928829440633
2025-01-30,237.58999633789062,6.08,6.75,39.07730202925833,35.1985179759838,4.51200008392334,-1.9529697822631316
2025-01-31,236.0,6.300000000000001,6.970000000000001,37.460317460317455,33.85939741750359,4.568999767303467,-1.8995082418797375
2025-02-03,228.00999450683594,6.300000000000001,6.970000000000001,36.19206262013268,32.713055165973586,4.543000221252441,-1.7799634457697238
2025-02-04,232.8000030517578,6.300000000000001,6.970000000000001,36.95238143678695,33.40028738188777,4.513000011444092,-1.806814479908966
2025-02-05,232.47000122070312,6.300000000000001,6.970000000000001,36.900000193762395,33.352941351607335,4.421999931335449,-1.7119728452948353
2025-02-06,233.22000122070312,6.300000000000001,6.970000000000001,37.019047812810015,33.46054536882397,4.440000057220459,-1.7386880054989087
2025-02-07,227.6300048828125,6.300000000000001,6.970000000000001,36.13174680679563,32.658537285912836,4.486999988555908,-1.7193507925532376
2025-02-10,227.64999389648438,6.300000000000001,6.970000000000001,36.13491966610863,32.66140515014123,4.493000030517578,-1.7255938504564892
2025-02-11,232.6199951171875,6.300000000000001,6.970000000000001,36.92380874875992,33.374461279366926,4.5370001792907715,-1.828720524815568
2025-02-12,236.8699951171875,6.300000000000001,6.970000000000001,37.59841192336309,33.9842173769279,4.63700008392334,-1.9773132810916088
2025-02-13,241.52999877929688,6.300000000000001,6.970000000000001,38.33809504433283,34.65279752931088,4.525000095367432,-1.9166284513312974
2025-02-14,244.60000610351562,6.300000000000001,6.970000000000001,38.825397794208826,35.09325769060482,4.4720001220703125,-1.8963664986869109
2025-02-18,244.47000122070312,6.300000000000001,6.970000000000001,38.8047620985243,35.074605627073616,4.544000148773193,-1.9669968483508753
2025-02-19,244.8699951171875,6.300000000000001,6.970000000000001,38.86825319320436,35.13199356057209,4.534999847412109,-1.962206068825636
2025-02-20,245.8300018310547,6.300000000000001,6.970000000000001,39.02063521127852,35.2697276658615,4.5,-1.9372534055751092
2025-02-21,245.5500030517578,6.300000000000001,6.970000000000001,38.976190960596476,35.229555674570705,4.420000076293945,-1.8543312016443831
2025-02-24,247.10000610351562,6.300000000000001,6.970000000000001,39.222223191034224,35.45193774799363,4.39300012588501,-1.8434251180394852
2025-02-25,247.0399932861328,6.300000000000001,6.970000000000001,39.212697347005204,35.44332758768046,4.297999858856201,-1.747805489030803
2025-02-26,240.36000061035156,6.300000000000001,6.970000000000001,38.15238104926215,34.48493552515804,4.249000072479248,-1.6279316817310914
2025-02-27,237.3000030517578,6.300000000000001,6.970000000000001,37.666667151072666,34.04591148518763,4.284999847412109,-1.6301326249174264
2025-02-28,241.83999633789062,6.300000000000001,6.970000000000001,38.38730100601438,34.6972735061536,4.230999946594238,-1.6259717893832804
2025-03-03,238.02999877929688,6.300000000000001,6.970000000000001,37.782539488777275,34.15064544896655,4.179999828338623,-1.533274612059726
2025-03-04,235.92999267578125,6.300000000000001,6.970000000000001,37.44920518663194,33.849353325076216,4.210000038146973,-1.5397163965679384
2025-03-05,235.74000549316406,6.300000000000001,6.970000000000001,37.41904849097842,33.82209547965051,4.264999866485596,-1.5925641944745985
2025-03-06,235.3300018310547,6.300000000000001,6.970000000000001,37.35396854461185,33.7632714248285,4.285999774932861,-1.6089080522536503
2025-03-07,239.07000732421875,6.300000000000001,6.970000000000001,37.94762021019345,34.29985757879752,4.316999912261963,-1.6817885486482282
2025-03-10,227.47999572753906,6.300000000000001,6.970000000000001,36.1079358297681,32.63701516894391,4.2129998207092285,-1.4435255292002132
2025-03-11,220.83999633789062,6.300000000000001,6.970000000000001,35.05396767268105,31.684361024087604,4.288000106811523,-1.4352559914019007
2025-03-12,216.97999572753906,6.300000000000001,6.970000000000001,34.44126916310143,31.13055892791091,4.317999839782715,-1.4145063730804264
2025-03-13,209.67999267578125,6.300000000000001,6.970000000000001,33.28253851996527,30.08321272249372,4.27400016784668,-1.2694216577065118
2025-03-14,213.49000549316406,6.300000000000001,6.970000000000001,33.88730245923239,30.629842968890106,4.308000087738037,-1.3570422733677874
2025-03-17,214.0,6.300000000000001,6.970000000000001,33.96825396825396,30.703012912482063,4.306000232696533,-1.3620749990516727
2025-03-18,212.69000244140625,6.300000000000001,6.970000000000001,33.76031784784226,30.515064912683822,4.281000137329102,-1.3189427168184307
2025-03-19,215.24000549316406,6.300000000000001,6.970000000000001,34.165080237010166,30.88091900906227,4.25600004196167,-1.329034868565925
2025-03-20,214.10000610351562,6.300000000000001,6.970000000000001,33.984127952938984,30.717360990461348,4.232999801635742,-1.2904496753391546
2025-03-21,218.27000427246094,6.300000000000001,6.970000000000001,34.64603242420014,31.315639063480763,4.251999855041504,-1.3656664713046025
2025-03-24,220.72999572753906,6.300000000000001,6.970000000000001,35.03650725833953,31.668579013994123,4.330999851226807,-1.4768340731526353
2025-03-25,223.75,6.300000000000001,6.970000000000001,35.51587301587301,32.10186513629842,4.307000160217285,-1.4913577021167264
2025-03-26,221.52999877929688,6.300000000000001,6.970000000000001,35.16349186972966,31.78335707020041,4.3379998207092285,-1.4941411854385782
2025-03-27,223.85000610351562,6.300000000000001,6.970000000000001,35.531747000558035,32.11621321427771,4.36899995803833,-1.5546154022091594
2025-03-28,217.89999389648438,6.300000000000001,6.970000000000001,34.58730061848958,31.262552926324872,4.255000114440918,-1.363765522211934
2025-03-31,222.1300048828125,6.300000000000001,6.970000000000001,35.25873093377976,31.86944115965746,4.245999813079834,-1.4098228619634616
2025-04-01,223.19000244140625,6.300000000000001,6.970000000000001,35.42698451450892,32.02152115371682,4.156000137329102,-1.333293057672193
2025-04-02,223.88999938964844,6.300000000000001,6.970000000000001,35.538095141214036,32.12195113194382,4.196000099182129,-1.3821182745474547
2025-04-03,203.19000244140625,6.300000000000001,6.970000000000001,32.25238133990575,29.152080694606347,4.054999828338623,-0.9544535788661737
2025-04-04,188.3800048828125,6.300000000000001,6.970000000000001,29.9015880766369,27.027260384908534,3.984999895095825,-0.6406959155311642
2025-04-07,181.4600067138672,6.300000000000001,6.970000000000001,28.803175668867805,26.034434248761432,4.15500020980835,-0.6831608144014751
2025-04-08,172.4199981689453,6.300000000000001,6.970000000000001,27.368253677610365,24.73744593528627,4.26200008392334,-0.6081315843848114
2025-04-09,198.85000610351562,6.300000000000001,6.970000000000001,31.563493032304063,28.529412640389612,4.400000095367432,-1.231782943430106
2025-04-10,190.4199981689453,6.300000000000001,6.970000000000001,30.22539653475322,27.319942348485696,4.394000053405762,-1.0855240211717492
2025-04-11,198.14999389648438,6.300000000000001,6.970000000000001,31.452379983568946,28.428980472953278,4.493000030517578,-1.3135903943551939
2025-04-14,202.52000427246094,6.300000000000001,6.970000000000001,32.14603242420014,29.055954701931267,4.363999843597412,-1.2531960380018545
2025-04-15,202.13999938964844,6.300000000000001,6.970000000000001,32.08571418883308,29.00143463266118,4.322999954223633,-1.2063481193455612
2025-04-16,194.27000427246094,6.300000000000001,6.970000000000001,30.836508614676337,27.872310512548196,4.2789998054504395,-1.0360905238073816
2025-04-17,196.97999572753906,6.300000000000001,6.970000000000001,31.26666598849826,28.261118468800436,4.333000183105469,-1.1347058706646749
2025-04-21,193.16000366210938,6.300000000000001,6.970000000000001,30.660318041604658,27.71305647949919,4.40500020980835,-1.14345543834497
2025-04-22,199.74000549316406,6.300000000000001,6.970000000000001,31.704762776692704,28.657102653251656,4.388999938964844,-1.234899695278001
2025-04-23,204.60000610351562,6.300000000000001,6.970000000000001,32.47619144500248,29.354376772383876,4.38700008392334,-1.3078212901492239
2025-04-24,208.3699951171875,6.300000000000001,6.970000000000001,33.07460239955357,29.89526472269548,4.304999828338623,-1.281531887833622
2025-04-25,209.27999877929688,6.300000000000001,6.970000000000001,33.21904742528521,30.025824788995244,4.265999794006348,-1.2556786755301026
2025-04-28,210.13999938964844,6.300000000000001,6.970000000000001,33.35555545867435,30.14921081630537,4.216000080108643,-1.2179987389559117
2025-04-29,211.2100067138672,6.300000000000001,6.970000000000001,33.52539789109002,30.30272693168826,4.172999858856201,-1.190186639909237
2025-04-30,212.5,6.300000000000001,6.970000000000001,33.73015873015873,30.487804878048777,4.177000045776367,-1.2122941634234259
2025-05-01,213.32000732421875,6.300000000000001,6.970000000000001,33.86031862289186,30.60545298769279,4.230999946594238,-1.2776904661455442
2025-05-02,205.35000610351562,6.419999999999999,7.089999999999999,31.98598225911459,28.963329492738456,4.322000026702881,-1.195630506770304
2025-05-05,198.88999938964844,6.419999999999999,7.089999999999999,30.979750683745866,28.05218609162884,4.3429999351501465,-1.1150849973947898
2025-05-06,198.50999450683594,6.419999999999999,7.089999999999999,30.920559892030525,27.998588787988147,4.308000087738037,-1.0739059979420102
2025-05-07,196.25,6.419999999999999,7.089999999999999,30.568535825545176,27.67983074753174,4.275000095367432,-1.0036625157495975
2025-05-08,197.49000549316406,6.419999999999999,7.089999999999999,30.761683098623692,27.854725739515388,4.373000144958496,-1.1222027266444736
2025-05-09,198.52999877929688,6.419999999999999,7.089999999999999,30.92367582232039,28.001410265063033,4.375,-1.1412317838741206
2025-05-12,210.7899932861328,6.419999999999999,7.089999999999999,32.833332287559635,29.73060554106246,4.456999778747559,-1.4113144025516906
2025-05-13,212.92999267578125,6.419999999999999,7.089999999999999,33.16666552582263,30.03243902338241,4.499000072479248,-1.4839245918843469
2025-05-14,212.3300018310547,6.419999999999999,7.089999999999999,33.07320900795245,29.947814080543683,4.5279998779296875,-1.5044045571383178
2025-05-15,211.4499969482422,6.419999999999999,7.089999999999999,32.93613659629941,29.82369491512584,4.454999923706055,-1.4188211142206808
2025-05-16,211.25999450683594,6.419999999999999,7.089999999999999,32.90654120044174,29.796896263305495,4.440999984741211,-1.4020905049853258
2025-05-19,208.77999877929688,6.419999999999999,7.089999999999999,32.52024903104313,29.447108431494627,4.474999904632568,-1.3999927020572698
2025-05-20,206.86000061035156,6.419999999999999,7.089999999999999,32.22118389569339,29.17630474052914,4.480999946594238,-1.3774516622195674
2025-05-21,202.08999633789062,6.419999999999999,7.089999999999999,31.47819257599543,28.50352557657132,4.5960001945495605,-1.4191977222164516
2025-05-22,201.36000061035156,6.419999999999999,7.089999999999999,31.364486076378753,28.400564260980477,4.552999973297119,-1.3646805550710357
2025-05-23,195.27000427246094,6.419999999999999,7.089999999999999,30.41588851595965,27.541608501052323,4.508999824523926,-1.2212444808807974
2025-05-27,200.2100067138672,6.419999999999999,7.089999999999999,31.18535930122542,28.2383648397556,4.434000015258789,-1.2273670874774978
2025-05-28,200.4199981689453,6.419999999999999,7.089999999999999,31.21806825061454,28.267982816494406,4.4770002365112305,-1.273727080811359
2025-05-29,199.9499969482422,6.419999999999999,7.089999999999999,31.144859337732434,28.20169209425137,4.423999786376953,-1.2131970366965716
2025-05-30,200.85000610351562,6.419999999999999,7.089999999999999,31.285047679675337,28.328632736744098,4.415999889373779,-1.2195847512576221
2025-06-02,201.6999969482422,6.419999999999999,7.089999999999999,31.417445007514363,28.4485186104714,4.461999893188477,-1.2790548772560162
2025-06-03,203.27000427246094,6.419999999999999,7.089999999999999,31.661994434962768,28.669958289486736,4.460000038146973,-1.3016393036262515
2025-06-04,202.82000732421875,6.419999999999999,7.089999999999999,31.591901452370525,28.606489044318586,4.364999771118164,-1.1996315785525842
2025-06-05,200.6300048828125,6.419999999999999,7.089999999999999,31.250779576762078,28.297602945389638,4.394000053405762,-1.1940798800748058
2025-06-06,203.9199981689453,6.419999999999999,7.089999999999999,31.7632395901784,28.761635848934464,4.510000228881836,-1.3617067522012873
2025-06-09,201.4499969482422,6.419999999999999,7.089999999999999,31.378504197545517,28.413257679582824,4.48199987411499,-1.2951048146678232
2025-06-10,202.6699981689453,6.419999999999999,7.089999999999999,31.568535540334164,28.585331194491587,4.473999977111816,-1.3062888911086974
2025-06-11,198.77999877929688,6.419999999999999,7.089999999999999,30.962616632289237,28.03667119595161,4.4120001792907715,-1.182298982276453
2025-06-12,199.1999969482422,6.419999999999999,7.089999999999999,31.02803690782589,28.095909301585642,4.35699987411499,-1.1341082584750075
2025-06-13,196.4499969482422,6.419999999999999,7.089999999999999,30.59968799816857,27.708039061811313,4.423999786376953,-1.1559926091147168
2025-06-16,198.4199981689453,6.419999999999999,7.089999999999999,30.90654177086376,27.9858953693858,4.452000141143799,-1.2164391799277472
2025-06-17,195.63999938964844,6.419999999999999,7.089999999999999,30.47352015415085,27.59379399007736,4.39300012588501,-1.1114625977573698
2025-06-18,196.5800018310547,6.419999999999999,7.089999999999999,30.619937979915065,27.72637543456343,4.396999835968018,-1.1311539003689872
2025-06-20,201.0,6.419999999999999,7.089999999999999,31.308411214953274,28.349788434414673,4.375,-1.180970149253732
2025-06-23,201.5,6.419999999999999,7.089999999999999,31.38629283489097,28.420310296191822,4.320000171661377,-1.1338959532990946
2025-06-24,200.3000030517578,6.419999999999999,7.089999999999999,31.19937742239219,28.251058258357947,4.293000221252441,-1.087808058404066
2025-06-25,201.55999755859375,6.419999999999999,7.089999999999999,31.395638249002147,28.428772575260055,4.293000221252441,-1.1078443977941204
2025-06-26,201.0,6.419999999999999,7.089999999999999,31.308411214953274,28.349788434414673,4.252999782562256,-1.0589699318159878
2025-06-27,201.0800018310547,6.419999999999999,7.089999999999999,31.320872559354317,28.36107219055779,4.2829999923706055,-1.0902409205888097
2025-06-30,205.1699981689453,6.419999999999999,7.089999999999999,31.957943640022638,28.93794050337734,4.230000019073486,-1.1008875478078237
2025-07-01,207.82000732421875,6.419999999999999,7.089999999999999,32.370717651747476,29.311707662090097,4.250999927520752,-1.1617882184747623
2025-07-02,212.44000244140625,6.419999999999999,7.089999999999999,33.09034305940908,29.963328976220915,4.293000221252441,-1.2709705064059076
2025-07-03,213.5500030517578,6.419999999999999,7.089999999999999,33.2632403507411,30.119887595452447,4.3480000495910645,-1.3416783880343601
2025-07-07,209.9499969482422,6.419999999999999,7.089999999999999,32.70249173648633,29.61212932979439,4.394999980926514,-1.3371290148303885
2025-07-08,210.00999450683594,6.419999999999999,7.089999999999999,32.7118371505975,29.620591608862618,4.414999961853027,-1.3580025960485993
2025-07-09,211.13999938964844,6.419999999999999,7.089999999999999,32.88785037221939,29.779971705169036,4.3420000076293945,-1.3013634543668333
2025-07-10,212.41000366210938,6.419999999999999,7.089999999999999,33.08567035235349,29.959097836686798,4.3460001945495605,-1.3235436768176574
2025-07-11,211.16000366210938,6.419999999999999,7.089999999999999,32.890966302509256,29.78279318224392,4.422999858856201,-1.3826513607225057
2025-07-14,208.6199951171875,6.419999999999999,7.089999999999999,32.49532634224105,29.424540919208397,4.427000045776367,-1.3496344287396536
2025-07-15,209.11000061035156,6.419999999999999,7.089999999999999,32.57165118541302,29.493653118526318,4.488999843597412,-1.4188453884009777
2025-07-16,210.16000366210938,6.419999999999999,7.089999999999999,32.735203062633865,29.64174945868962,4.454999923706055,-1.400184598178209
2025-07-17,210.02000427246094,6.419999999999999,7.089999999999999,32.713396304121645,29.622003423478276,4.4629998207092285,-1.406148154488294
2025-07-18,211.17999267578125,6.419999999999999,7.089999999999999,32.8940798560407,29.78561250716238,4.432000160217285,-1.3919394429804748
2025-07-21,212.47999572753906,6.419999999999999,7.089999999999999,33.09657254323039,29.96896977821426,4.372000217437744,-1.3505393133099504
2025-07-22,214.39999389648438,6.419999999999999,7.089999999999999,33.39563767858012,30.239773469179745,4.335999965667725,-1.3415968953487605
2025-07-23,214.14999389648438,6.419999999999999,7.089999999999999,33.35669686861128,30.204512538291173,4.388000011444092,-1.3901012568434767
2025-07-24,213.75999450683594,6.419999999999999,7.089999999999999,33.29594930013021,30.149505572191252,4.4079999923706055,-1.40463165171756
2025-07-25,213.8800048828125,6.419999999999999,7.089999999999999,33.31464250511099,30.166432282484138,4.386000156402588,-1.3843170380963228
2025-07-28,214.0500030517578,6.419999999999999,7.089999999999999,33.34112197067879,30.1904094572296,4.420000076293945,-1.4207008899035451
2025-07-29,211.27000427246094,6.419999999999999,7.089999999999999,32.908100353965885,29.798308077921153,4.329999923706055,-1.2912344245012788
2025-07-30,209.0500030517578,6.419999999999999,7.089999999999999,32.562305771301844,29.485190839458088,4.375999927520752,-1.3049643349450855
2025-07-31,207.57000732421875,6.419999999999999,7.089999999999999,32.33177684177863,29.27644673120152,4.360000133514404,-1.2670677379529725
2025-08-01,202.3800048828125,6.589999999999999,7.259999999999999,30.710167660517836,27.87603373041495,4.21999979019165,-0.9637492511050851
2025-08-04,203.35000610351562,6.589999999999999,7.259999999999999,30.857360561990237,28.009642713982874,4.199999809265137,-0.9592819325981701
2025-08-05,202.9199981689453,6.589999999999999,7.259999999999999,30.792108978595653,27.95041297092911,4.196000099182129,-0.9484148146044324
2025-08-06,213.25,6.589999999999999,7.259999999999999,32.35963581183612,29.373278236914604,4.21999979019165,-1.129730153614863
2025-08-07,220.02999877929688,6.589999999999999,7.259999999999999,33.38846718957465,30.30716236629434,4.24399995803833,-1.2489538113489602
2025-08-08,229.35000610351562,6.589999999999999,7.259999999999999,34.802732337407534,31.590909931613727,4.284999847412109,-1.4116622303964612
2025-08-11,227.17999267578125,6.589999999999999,7.259999999999999,34.473443501636005,31.292010010438194,4.2729997634887695,-1.3722161502923012
2025-08-12,229.64999389648438,6.589999999999999,7.259999999999999,34.848254005536326,31.63223056425405,4.293000221252441,-1.4234159951929937
2025-08-13,233.3300018310547,6.589999999999999,7.259999999999999,35.40667706085808,32.13911870951167,4.23799991607666,-1.4136738764396464
2025-08-14,232.77999877929688,6.589999999999999,7.259999999999999,35.323216810211974,32.06336071340178,4.293000221252441,-1.462000979668931
2025-08-15,231.58999633789062,6.589999999999999,7.259999999999999,35.142639808481135,31.899448531389897,4.328000068664551,-1.4824540156367831
2025-08-18,230.88999938964844,6.589999999999999,7.259999999999999,35.03641872377063,31.803030218959844,4.341000080108643,-1.4868270897580476
2025-08-19,230.55999755859375,6.589999999999999,7.259999999999999,34.98634257338297,31.75757542129391,4.302000045776367,-1.4437418614505115
2025-08-20,226.00999450683594,6.589999999999999,7.259999999999999,34.295902049595746,31.130853237856194,4.296000003814697,-1.380199747113803
2025-08-21,224.89999389648438,6.589999999999999,7.259999999999999,34.127464931181244,30.977960591802262,4.329999923706055,-1.3998086480970366
2025-08-22,227.75999450683594,6.589999999999999,7.259999999999999,34.56145591909499,31.371900069812117,4.260000228881836,-1.3666036013181624
2025-08-25,227.16000366210938,6.589999999999999,7.259999999999999,34.470410267391415,31.28925670276989,4.275000095367432,-1.3739612268338948
2025-08-26,229.30999755859375,6.589999999999999,7.259999999999999,34.796661238026374,31.585399112753965,4.257999897003174,-1.3841609583776964
2025-08-27,230.49000549316406,6.589999999999999,7.259999999999999,34.975721622634914,31.747934640931692,4.23799991607666,-1.3788737748369058
2025-08-28,232.55999755859375,6.589999999999999,7.259999999999999,35.28983270995354,32.033057514957825,4.206999778747559,-1.3733224184183643
2025-08-29,232.13999938964844,6.589999999999999,7.259999999999999,35.22610005912723,31.97520652749979,4.2270002365112305,-1.3881960591498603
2025-09-02,229.72000122070312,6.589999999999999,7.259999999999999,34.85887727173037,31.641873446377847,4.2769999504089355,-1.4082902320641808
2025-09-03,238.47000122070312,6.589999999999999,7.259999999999999,36.18664661922658,32.84710760615746,4.210999965667725,-1.447549650631672
2025-09-04,239.77999877929688,6.589999999999999,7.259999999999999,36.38543228820894,33.02754804122547,4.176000118255615,-1.4276474476620602
2025-09-05,239.69000244140625,6.589999999999999,7.259999999999999,36.371775787770304,33.01515185143337,4.085999965667725,-1.3366153718689215
2025-09-08,237.8800048828125,6.589999999999999,7.259999999999999,36.097117584645304,32.765840892949385,4.046000003814697,-1.2756957055419402
2025-09-09,234.35000610351562,6.589999999999999,7.259999999999999,35.56145767883394,32.27961516577351,4.073999881744385,-1.2619666714319835
2025-09-10,226.7899932861328,6.589999999999999,7.259999999999999,34.41426301762259,31.238291086244192,4.0320000648498535,-1.1262281193982604
2025-09-11,230.02999877929688,6.589999999999999,7.259999999999999,34.90591787242745,31.6845728346139,4.011000156402588,-1.1461564251626468
2025-09-12,234.07000732421875,6.589999999999999,7.259999999999999,35.51896924494974,32.241047840801485,4.060999870300293,-1.2456028549654943
2025-09-15,236.6999969482422,6.589999999999999,7.259999999999999,35.918057200036756,32.60330536477166,4.033999919891357,-1.2498849706034636
2025-09-16,238.14999389648438,6.589999999999999,7.259999999999999,36.13808708596122,32.803029462325675,4.026000022888184,-1.2588363995859528
2025-09-17,238.99000549316406,6.589999999999999,7.259999999999999,36.265554703059806,32.91873353900332,4.076000213623047,-1.3185627273142333
2025-09-18,237.8800048828125,6.589999999999999,7.259999999999999,36.097117584645304,32.765840892949385,4.104000091552734,-1.3336957932799773
2025-09-19,245.5,6.589999999999999,7.259999999999999,37.25341426403642,33.81542699724518,4.138999938964844,-1.4546822200239071
2025-09-22,256.0799865722656,6.589999999999999,7.259999999999999,38.85887504890223,35.272725423177086,4.14300012588501,-1.569585432995566
2025-09-23,254.42999267578125,6.589999999999999,7.259999999999999,38.60849661240991,35.045453536608996,4.119999885559082,-1.5298964426848767
2025-09-24,252.30999755859375,6.589999999999999,7.259999999999999,38.28679780858783,34.753443189888955,4.146999835968018,-1.5351334558141323
2025-09-25,256.8699951171875,6.589999999999999,7.259999999999999,38.97875494949735,35.38154202716082,4.171999931335449,-1.6064998241728539
2025-09-26,255.4600067138672,6.589999999999999,7.259999999999999,38.764796162954056,35.18732874846656,4.186999797821045,-1.6073396448401311
2025-09-29,254.42999267578125,6.589999999999999,7.259999999999999,38.60849661240991,35.045453536608996,4.140999794006348,-1.5508963511321423
2025-09-30,254.6300048828125,6.589999999999999,7.259999999999999,38.638847478423756,35.07300342738465,4.1479997634887695,-1.5599308503090787
2025-10-01,255.4499969482422,6.589999999999999,7.259999999999999,38.76327723038577,35.18594999287083,4.105999946594238,-1.5262387100594705
2025-10-02,257.1300048828125,6.589999999999999,7.259999999999999,39.018210149136955,35.41735604446454,4.0879998207092285,-1.525093946304021
2025-10-03,258.0199890136719,6.589999999999999,7.259999999999999,39.15326085184703,35.539943390312935,4.11899995803833,-1.564934272975918
2025-10-06,256.69000244140625,6.589999999999999,7.259999999999999,38.95144194862007,35.35674964757662,4.1620001792907715,-1.5947011270013172
2025-10-07,256.4800109863281,6.589999999999999,7.259999999999999,38.919576780929916,35.3278252047284,4.126999855041504,-1.5575988422072973
2025-10-08,258.05999755859375,6.589999999999999,7.259999999999999,39.15933195122819,35.545454209172696,4.129000186920166,-1.5753304735413196
2025-10-09,254.0399932861328,6.589999999999999,7.259999999999999,38.54931612839649,34.991734612414994,4.1479997634887695,-1.5539200224389087
2025-10-10,245.27000427246094,6.589999999999999,7.259999999999999,37.218513546655686,33.78374714496707,4.051000118255615,-1.3641652484362208
2025-10-13,247.66000366210938,6.589999999999999,7.259999999999999,37.58118416723967,34.112948162824985,4.051000118255615,-1.390094076684627
2025-10-14,247.77000427246094,6.589999999999999,7.259999999999999,37.59787621736889,34.128099762046965,4.021999835968018,-1.3622751371084707
2025-10-15,249.33999633789062,6.589999999999999,7.259999999999999,37.83611477054487,34.34435211265711,4.046000003814697,-1.4030225045010192
2025-10-16,247.4499969482422,6.589999999999999,7.259999999999999,37.54931668410352,34.08402161821518,3.9760000705718994,-1.3128357621163231
2025-10-17,252.2899932861328,6.589999999999999,7.259999999999999,38.28376225889725,34.75068778045907,4.006999969482422,-1.3949264923841844
2025-10-20,262.239990234375,6.589999999999999,7.259999999999999,39.79362522524659,36.121210776084716,3.9860000610351562,-1.4730347447574075
2025-10-21,262.7699890136719,6.589999999999999,7.259999999999999,39.87404992620211,36.19421336276473,3.9630000591278076,-1.4551033146266223
2025-10-22,258.45001220703125,6.589999999999999,7.259999999999999,39.2185147506876,35.59917523512828,3.953000068664551,-1.4031839770634087
2025-10-23,259.5799865722656,6.589999999999999,7.259999999999999,39.389982787900706,35.75481908708893,3.990999937057495,-1.4522834177216026
2025-10-24,262.82000732421875,6.589999999999999,7.259999999999999,39.88163995815156,36.20110293722022,3.996999979019165,-1.489580522223216
2025-10-27,268.80999755859375,6.589999999999999,7.259999999999999,40.790591435294964,37.02617046261622,3.996999979019165,-1.5454542553287558
2025-10-28,269.0,6.589999999999999,7.259999999999999,40.81942336874052,37.05234159779615,3.9830000400543213,-1.5331859136602697
2025-10-29,269.70001220703125,6.589999999999999,7.259999999999999,40.92564676889701,37.148762011987785,4.058000087738037,-1.614544506823461
2025-10-30,271.3999938964844,6.589999999999999,7.259999999999999,41.1836106064468,37.38291926948821,4.0929999351501465,-1.6648495489296096
2025-10-31,270.3699951171875,7.46,7.46,36.242626691312,36.242626691312,4.10099983215332,-1.3418179204302447
2025-11-03,269.04998779296875,7.46,7.46,36.065682009781334,36.065682009781334,4.105999946594238,-1.3332809952964615
2025-11-04,270.0400085449219,7.46,7.46,36.198392566343415,36.198392566343415,4.089000225067139,-1.3264466167343167
2025-11-05,270.1400146484375,7.46,7.46,36.211798210246315,36.211798210246315,4.1570000648498535,-1.3954691566249071
2025-11-06,269.7699890136719,7.46,7.46,36.16219691872277,36.16219691872277,4.0929999351501465,-1.327681217795738
2025-11-07,268.4700012207031,7.46,7.46,35.98793582046959,35.98793582046959,4.0929999351501465,-1.3142909672653875
2025-11-10,269.42999267578125,7.46,7.46,36.11662100211545,36.11662100211545,4.110000133514404,-1.3411918334759614
2025-11-11,275.25,7.46,7.46,36.896782841823054,36.896782841823054,4.119999885559082,-1.4097364886471837
2025-11-12,273.4700012207031,7.46,7.46,36.65817710733286,36.65817710733286,4.065000057220459,-1.3370957288844858
2025-11-13,272.95001220703125,7.46,7.46,36.588473486197216,36.588473486197216,4.111999988555908,-1.3788988101827684
2025-11-14,272.4100036621094,7.46,7.46,36.5160862817841,36.5160862817841,4.1479997634887695,-1.4094806563662576
2025-11-17,267.4599914550781,7.46,7.46,35.852545771458196,35.852545771458196,4.132999897003174,-1.3437976842105508
2025-11-18,267.44000244140625,7.46,7.46,35.84986627900888,35.84986627900888,4.123000144958496,-1.3335894614784056
2025-11-19,268.55999755859375,7.46,7.46,35.99999967273375,35.99999967273375,4.132999897003174,-1.3552220939733703
2025-11-20,266.25,7.46,7.46,35.69034852546917,35.69034852546917,4.105999946594238,-1.3041220123219377
2025-11-21,271.489990234375,7.46,7.46,36.39276008503686,36.39276008503686,4.063000202178955,-1.3152009210489783
2025-11-24,275.9200134277344,7.46,7.46,36.986596974227126,36.986596974227126,4.038000106811523,-1.3343180116546844
2025-11-25,276.9700012207031,7.46,7.46,37.127346008137145,37.127346008137145,4.001999855041504,-1.3085673651974101
2025-11-26,277.54998779296875,7.46,7.46,37.20509219744889,37.20509219744889,3.997999906539917,-1.3101957890471807
2025-11-28,278.8500061035156,7.46,7.46,37.379357386530245,37.379357386530245,4.017000198364258,-1.3417268124168773
2025-12-01,283.1000061035156,7.46,7.46,37.94906248036403,37.94906248036403,4.0960001945495605,-1.460888983258294
2025-12-02,286.19000244140625,7.46,7.46,38.36327110474615,38.36327110474615,4.085999965667725,-1.4793400766566331
2025-12-03,284.1499938964844,7.46,7.46,38.08981151427405,38.08981151427405,4.057000160217285,-1.4316261816003184
2025-12-04,280.70001220703125,7.46,7.46,37.62734748083529,37.62734748083529,4.107999801635742,-1.4503583069507147
2025-12-05,278.7799987792969,7.46,7.46,37.3699730267154,37.3699730267154,4.138999938964844,-1.4630547374922322
2025-12-08,277.8900146484375,7.46,7.46,37.25067220488438,37.25067220488438,4.171999931335449,-1.4874846170886422
2025-12-09,277.17999267578125,7.46,7.46,37.15549499675352,37.15549499675352,4.185999870300293,-1.4946079238671328
2025-12-10,278.7799987792969,7.46,7.46,37.3699730267154,37.3699730267154,4.164000034332275,-1.488054832859664
2025-12-11,278.0299987792969,7.46,7.46,37.26943683368591,37.26943683368591,4.140999794006348,-1.4578360948539313
2025-12-12,278.2799987792969,7.46,7.46,37.30294889802907,37.30294889802907,4.193999767303467,-1.5132465573264513
2025-12-15,274.1099853515625,7.46,7.46,36.74396586482071,36.74396586482071,4.182000160217285,-1.4604648646562342
2025-12-16,274.6099853515625,7.46,7.46,36.810989993507036,36.810989993507036,4.14900016784668,-1.4324201460206258
2025-12-17,271.8399963378906,7.46,7.46,36.439677793282925,36.439677793282925,4.151000022888184,-1.4067386557244648
2025-12-18,272.19000244140625,7.46,7.46,36.48659550152899,36.48659550152899,4.116000175476074,-1.3752676235499992
2025-12-19,273.6700134277344,7.46,7.46,36.68498839513865,36.68498839513865,4.151000022888184,-1.4250893881923963
2025-12-22,270.9700012207031,7.46,7.46,36.323056463901224,36.323056463901224,4.169000148773193,-1.415927865349508
2025-12-23,272.3599853515625,7.46,7.46,36.50938141441856,36.50938141441856,4.169000148773193,-1.4299781186571958
2025-12-24,273.80999755859375,7.46,7.46,36.70375302394018,36.70375302394018,4.136000156402588,-1.4114831312696383
2025-12-26,273.3999938964844,7.46,7.46,36.648792747518016,36.648792747518016,4.136000156402588,-1.4073973156781183
2025-12-29,273.760009765625,7.46,7.46,36.697052247402816,36.697052247402816,4.116000175476074,-1.3909856613449736
2025-12-30,273.0799865722656,7.46,7.46,36.60589632336001,36.60589632336001,4.130000114440918,-1.3981997750462742
2025-12-31,271.8599853515625,7.46,7.46,36.442357285732236,36.442357285732236,4.163000106811523,-1.4189405165952893
2026-01-02,271.010009765625,7.46,7.46,36.328419539628015,36.328419539628015,4.186999797821045,-1.4343339437252642
2026-01-05,267.260009765625,7.46,7.46,35.82573857448056,35.82573857448056,4.164999961853027,-1.3737106827191665
2026-01-06,262.3599853515625,7.46,7.46,35.16889884069202,35.16889884069202,4.178999900817871,-1.3355784888203073
2026-01-07,260.3299865722656,7.46,7.46,34.89678104185867,34.89678104185867,4.138000011444092,-1.2724061940644869
2026-01-08,259.0400085449219,7.46,7.46,34.72386173524422,34.72386173524422,4.183000087738037,-1.3031360690853697
2026-01-09,259.3699951171875,7.46,7.46,34.7680958602128,34.7680958602128,4.171000003814697,-1.2947999265353447
2026-01-12,260.25,7.46,7.46,34.88605898123324,34.88605898123324,4.186999797821045,-1.3205252541130714
2026-01-13,261.04998779296875,7.46,7.46,34.9932959508001,34.9932959508001,4.171000003814697,-1.3133097725030178
2026-01-14,259.9599914550781,7.46,7.46,34.847183841163286,34.847183841163286,4.139999866485596,-1.2703275148887112
2026-01-15,258.2099914550781,7.46,7.46,34.61259939076114,34.61259939076114,4.159999847412109,-1.2708784939117943
2026-01-16,255.52999877929688,7.46,7.46,34.25335104280119,34.25335104280119,4.230999946594238,-1.3115775556274323
2026-01-20,246.6999969482422,7.46,7.46,33.06970468475097,33.06970468475097,4.295000076293945,-1.271084351817827
2026-01-21,247.64999389648438,7.46,7.46,33.19705012017217,33.19705012017217,4.252999782562256,-1.2406839401002459
2026-01-22,248.35000610351562,7.46,7.46,33.29088553666429,33.29088553666429,4.249000072479248,-1.2451748996743106
2026-01-23,248.0399932861328,7.46,7.46,33.24932885873094,33.24932885873094,4.238999843597412,-1.2314203395154522
2026-01-26,255.41000366210938,7.46,7.46,34.237265906448975,34.237265906448975,4.2129998207092285,-1.292205845125919
2026-01-27,258.2699890136719,7.46,7.46,34.62064195893725,34.62064195893725,4.2230000495910645,-1.334549855091271
2026-01-28,256.44000244140625,7.46,7.46,34.375335447909684,34.375335447909684,4.250999927520752,-1.341937406471787
2026-01-29,258.2799987792969,7.46,7.46,34.621983750575986,34.621983750575986,4.2270002365112305,-1.3386619852885127
2026-01-30,259.4800109863281,7.9,7.9,32.84557101092761,32.84557101092761,4.241000175476074,-1.1964496646406757
2026-02-02,270.010009765625,7.9,7.9,34.17848224881329,34.17848224881329,4.275000095367432,-1.3491826388748427
2026-02-03,269.4800109863281,7.9,7.9,34.11139379573773,34.11139379573773,4.27400016784668,-1.3424283710796083
2026-02-04,276.489990234375,7.9,7.9,34.998732941060126,34.998732941060126,4.275000095367432,-1.4177538010971293
2026-02-05,275.9100036621094,7.9,7.9,34.92531691925435,34.92531691925435,4.210000038146973,-1.3467475662740562
2026-02-06,278.1199951171875,7.9,7.9,35.205062673061704,35.205062673061704,4.205999851226807,-1.3654992979777352
2026-02-09,274.6199951171875,7.9,7.9,34.76202469837816,34.76202469837816,4.197999954223633,-1.3212975507337248
2026-02-10,273.67999267578125,7.9,7.9,34.64303704756725,34.64303704756725,4.146999835968018,-1.2604168882116418
2026-02-11,275.5,7.9,7.9,34.87341772151898,34.87341772151898,4.171999931335449,-1.304486319720204
2026-02-12,261.7300109863281,7.9,7.9,33.130381137509886,33.130381137509886,4.104000091552734,-1.0856225007564424
2026-02-13,255.77999877929688,7.9,7.9,32.377215035354034,32.377215035354034,4.056000232696533,-0.9674084594138153
2026-02-17,263.8800048828125,7.9,7.9,33.40253226364715,33.40253226364715,4.052000045776367,-1.0582150473607648
2026-02-18,264.3500061035156,7.9,7.9,33.46202608905261,33.46202608905261,4.078999996185303,-1.0905377992498977
2026-02-19,260.5799865722656,7.9,7.9,32.984808426869066,32.984808426869066,4.074999809265137,-1.0433011343520793
2026-02-20,264.5799865722656,7.9,7.9,33.49113754079312,33.49113754079312,4.085999965667725,-1.1001354252890265
2026-02-23,266.17999267578125,7.9,7.9,33.69366995895965,33.69366995895965,4.0289998054504395,-1.0610832762684201
2026-02-24,272.1400146484375,7.9,7.9,34.44810312005538,34.44810312005538,4.0329999923706055,-1.130082532692517
2026-02-25,274.2300109863281,7.9,7.9,34.712659618522544,34.712659618522544,4.047999858856201,-1.1672064797559614
2026-02-26,272.95001220703125,7.9,7.9,34.55063445658623,34.55063445658623,4.017000198364258,-1.1226973419101283
2026-02-27,264.17999267578125,7.9,7.9,33.440505401997626,33.440505401997626,3.9619998931884766,-0.9716144669554647
2026-03-02,264.7200012207031,7.9,7.9,33.508860914013056,33.508860914013056,4.047999858856201,-1.0637145900549259
2026-03-03,263.75,7.9,7.9,33.38607594936709,33.38607594936709,4.056000232696533,-1.0607395691894244
2026-03-04,262.5199890136719,7.9,7.9,33.230378356161,33.230378356161,4.079999923706055,-1.070705267828032
2026-03-05,260.2900085449219,7.9,7.9,32.948102347458466,32.948102347458466,4.145999908447266,-1.1109237469907698
2026-03-06,257.4599914550781,7.9,7.9,32.58987233608584,32.58987233608584,4.132999897003174,-1.0645619795808083
2026-03-09,259.8800048828125,7.9,7.9,32.8962031497231,32.8962031497231,4.136000156402588,-1.0961356606471941
2026-03-10,260.8299865722656,7.9,7.9,33.01645399648932,33.01645399648932,4.136000156402588,-1.1072073002517389
2026-03-11,260.80999755859375,7.9,7.9,33.01392374159414,33.01392374159414,4.208000183105469,-1.1789751940518256
2026-03-12,255.75999450683594,7.9,7.9,32.37468284896657,32.37468284896657,4.2729997634887695,-1.184166415946275
2026-03-13,250.1199951171875,7.9,7.9,31.660758875593352,31.660758875593352,4.284999847412109,-1.1265158580378682
2026-03-16,252.82000732421875,7.9,7.9,32.002532572685915,32.002532572685915,4.21999979019165,-1.0952470921708142
2026-03-17,254.22999572753906,7.9,7.9,32.181012117410006,32.181012117410006,4.202000141143799,-1.0945776761461938
2026-03-18,249.94000244140625,7.9,7.9,31.637974992583068,31.637974992583068,4.258999824523926,-1.0982412733384237
2026-03-19,248.9600067138672,7.9,7.9,31.513924900489517,31.513924900489517,4.281000137329102,-1.1077997087640559
2026-03-20,247.99000549316406,7.9,7.9,31.39113993584355,31.39113993584355,4.390999794006348,-1.2053875414924993
2026-03-23,251.49000549316406,7.9,7.9,31.834177910527096,31.834177910527096,4.334000110626221,-1.1927221960194965
2026-03-24,251.63999938964844,7.9,7.9,31.853164479702333,31.853164479702333,4.392000198364258,-1.252594690829124
2026-03-25,252.6199951171875,7.9,7.9,31.977214571795884,31.977214571795884,4.328000068664551,-1.20077334366391
2026-03-26,252.88999938964844,7.9,7.9,32.0113923278036,32.0113923278036,4.415999889373779,-1.2921120254540122
2026-03-27,248.8000030517578,7.9,7.9,31.493671272374407,31.493671272374407,4.440000057220459,-1.2647589386114029
2026-03-30,246.6300048828125,7.9,7.9,31.21898795984968,31.21898795984968,4.3420000076293945,-1.13882122013607
2026-03-31,253.7899932861328,7.9,7.9,32.125315605839596,32.125315605839596,4.310999870300293,-1.198189984571966
2026-04-01,255.6300048828125,7.9,7.9,32.358228466178794,32.358228466178794,4.318999767303467,-1.2285957266582508
2026-04-02,255.9199981689453,7.9,7.9,32.394936477081686,32.394936477081686,4.313000202178955,-1.2260980231687695
2026-04-06,258.8599853515625,7.9,7.9,32.76708675336234,32.76708675336234,4.335000038146973,-1.2831571705554965
2026-04-07,253.5,7.9,7.9,32.088607594936704,32.088607594936704,4.3429999351501465,-1.2266291264716451
2026-04-08,258.8999938964844,7.9,7.9,32.77215112613726,32.77215112613726,4.290999889373779,-1.239628631652295
2026-04-09,260.489990234375,7.9,7.9,32.97341648536392,32.97341648536392,4.293000221252441,-1.2602541288240903
2026-04-10,260.4800109863281,7.9,7.9,32.972153289408624,32.972153289408624,4.316999912261963,-1.2841376323173228
2026-04-13,259.20001220703125,7.9,7.9,32.81012812747231,32.81012812747231,4.296999931335449,-1.24916056870069
2026-04-14,258.8299865722656,7.9,7.9,32.76328943952729,32.76328943952729,4.25600004196167,-1.203803461255859
2026-04-15,266.42999267578125,7.9,7.9,33.725315528579905,33.725315528579905,4.2820000648498535,-1.3168684290833381
2026-04-16,263.3999938964844,7.9,7.9,33.34177137930182,33.34177137930182,4.309000015258789,-1.3097592472029311
2026-04-17,270.2300109863281,7.9,7.9,34.2063305045985,34.2063305045985,4.245999813079834,-1.3225643400302887
2026-04-20,273.04998779296875,7.9,7.9,34.56328959404667,34.56328959404667,4.25,-1.356756874865741
2026-04-21,266.1700134277344,7.9,7.9,33.69240676300435,33.69240676300435,4.291999816894531,-1.3239720145647755
2026-04-22,273.1700134277344,7.9,7.9,34.57848271237144,34.57848271237144,4.294000148773193,-1.402028258860796
2026-04-23,273.42999267578125,7.9,7.9,34.611391477946995,34.611391477946995,4.322999954223633,-1.4337777724539102
2026-04-24,271.05999755859375,7.9,7.9,34.31139209602453,34.31139209602453,4.309999942779541,-1.395516038420952
2026-04-27,267.6099853515625,7.9,7.9,33.8746816900712,33.8746816900712,4.335999965667725,-1.3839427060622302
2026-04-28,270.7099914550781,7.9,7.9,34.267087525959255,34.267087525959255,4.354000091552734,-1.435747995449021
2026-04-29,270.1700134277344,7.9,7.9,34.1987358769284,34.1987358769284,4.418000221252441,-1.4939155311085783
2026-04-30,271.3500061035156,7.9,7.9,34.3481020384197,34.3481020384197,4.389999866485596,-1.4786308514481394
2026-05-01,280.1400146484375,8.259999999999998,8.259999999999998,33.91525601070673,33.91525601070673,4.377999782562256,-1.4294741996083502
2026-05-04,276.8299865722656,8.259999999999998,8.259999999999998,33.514526219402626,33.514526219402626,4.446000099182129,-1.4622192948422241
2026-05-05,284.17999267578125,8.259999999999998,8.259999999999998,34.40435746680161,34.40435746680161,4.415999889373779,-1.5093913268829753
2026-05-06,287.510009765625,8.259999999999998,8.259999999999998,34.80750723554783,34.80750723554783,4.355999946594238,-1.4830564943876667
2026-05-07,287.44000244140625,8.259999999999998,8.259999999999998,34.79903177256735,34.79903177256735,4.392000198364258,-1.5183570276703064
2026-05-08,293.32000732421875,8.259999999999998,8.259999999999998,35.51089677048654,35.51089677048654,4.363999843597412,-1.5479628213189152
2026-05-11,292.67999267578125,8.259999999999998,8.259999999999998,35.43341315687425,35.43341315687425,4.409999847412109,-1.5878048881720757
2026-05-12,294.79998779296875,8.259999999999998,8.259999999999998,35.69007116137637,35.69007116137637,4.4629998207092285,-1.6611001117442452
2026-05-13,298.8699951171875,8.259999999999998,8.259999999999998,36.182808125567504,36.182808125567504,4.480999946594238,-1.7172564678414663
2026-05-14,298.2099914550781,8.259999999999998,8.259999999999998,36.1029045345131,36.1029045345131,4.460999965667725,-1.691139720644958
2026-05-15,300.2300109863281,8.259999999999998,8.259999999999998,36.34745895718259,36.34745895718259,4.59499979019165,-1.8437758293144872
2026-05-18,297.8399963378906,8.259999999999998,8.259999999999998,36.05811093679064,36.05811093679064,4.623000144958496,-1.8496990095967853
2026-05-19,298.9700012207031,8.259999999999998,8.259999999999998,36.194915402022175,36.194915402022175,4.666999816894531,-1.904180816234204
2026-05-20,302.25,8.259999999999998,8.259999999999998,36.59200968523003,36.59200968523003,4.572000026702881,-1.8391629712851807
2026-05-21,304.989990234375,8.259999999999998,8.259999999999998,36.92372763128027,36.92372763128027,4.585999965667725,-1.877714361391842
2026-05-22,308.82000732421875,8.259999999999998,8.259999999999998,37.38741008767782,37.38741008767782,4.558000087738037,-1.8833029165382031
2026-05-26,308.3299865722656,8.259999999999998,8.259999999999998,37.32808554143652,37.32808554143652,4.493000030517578,-1.8140520333320884
2026-05-27,310.8500061035156,8.259999999999998,8.259999999999998,37.63317265175735,37.63317265175735,4.480999946594238,-1.8237698234430262
2026-05-28,312.510009765625,8.259999999999998,8.259999999999998,37.834141618114415,37.834141618114415,4.454999923706055,-1.8118845859942163
2026-05-29,312.05999755859375,8.259999999999998,8.259999999999998,37.7796607213794,37.7796607213794,4.453000068664551,-1.8060731749190415
2026-06-01,306.30999755859375,8.259999999999998,8.259999999999998,37.083534813389086,37.083534813389086,4.474999904632568,-1.7783853423148792
2026-06-02,315.20001220703125,8.259999999999998,8.259999999999998,38.159807773248346,38.159807773248346,4.454999923706055,-1.8344416495602327
2026-06-03,310.260009765625,8.259999999999998,8.259999999999998,37.56174452368342,37.56174452368342,4.491000175476074,-1.828717012963534
2026-06-04,311.2300109863281,8.259999999999998,8.259999999999998,37.679178085511886,37.679178085511886,4.4770002365112305,-1.8230145319119244
2026-06-05,307.3399963378906,8.259999999999998,8.259999999999998,37.20823200216594,37.20823200216594,4.535999774932861,-1.8484224669280396
2026-06-08,301.5400085449219,8.259999999999998,8.259999999999998,36.50605430325932,36.50605430325932,4.552000045776367,-1.8127283849912725
2026-06-09,290.54998779296875,8.259999999999998,8.259999999999998,35.175543316340054,35.175543316340054,4.5279998779296875,-1.6851155733240182
2026-06-10,291.5799865722656,8.259999999999998,8.259999999999998,35.30024050511691,35.30024050511691,4.541999816894531,-1.7091579277435325
2026-06-11,295.6300048828125,8.259999999999998,8.259999999999998,35.790557491865925,35.790557491865925,4.4629998207092285,-1.668966784964343
2026-06-12,291.1300048828125,8.259999999999998,8.259999999999998,35.24576330300394,35.24576330300394,4.486999988555908,-1.6497795504478998
2026-06-15,296.4200134277344,8.259999999999998,8.259999999999998,35.88620017284921,35.88620017284921,4.468999862670898,-1.6824133888079444
2026-06-16,299.239990234375,8.259999999999998,8.259999999999998,36.22760172328996,36.22760172328996,4.427999973297119,-1.6676737236102093
2026-06-17,295.95001220703125,8.259999999999998,8.259999999999998,35.829299298672076,35.829299298672076,4.4629998207092285,-1.6719879405604519
2026-06-18,298.010009765625,8.259999999999998,8.259999999999998,36.0786936762258,36.0786936762258,4.451000213623047,-1.6792812346208938
2026-06-22,297.010009765625,8.259999999999998,8.259999999999998,35.95762830092313,35.95762830092313,4.508999824523926,-1.7279487729051315
2026-06-23,294.29998779296875,8.259999999999998,8.259999999999998,35.62953847372504,35.62953847372504,4.493000030517578,-1.6863400432223492
2026-06-24,293.0799865722656,8.259999999999998,8.259999999999998,35.481838568070906,35.481838568070906,4.4019999504089355,-1.5836567067759195
2026-06-25,275.1499938964844,8.259999999999998,8.259999999999998,33.31113727560344,33.31113727560344,4.392000198364258,-1.3900012220867821
2026-06-26,283.7799987792969,8.259999999999998,8.259999999999998,34.35593205560496,34.35593205560496,4.372000217437744,-1.4612947288440905
2026-06-29,281.739990234375,8.259999999999998,8.259999999999998,34.10895765549335,34.10895765549335,4.374000072479248,-1.4422188961085682
2026-06-30,289.3599853515625,8.259999999999998,8.259999999999998,35.03147522416012,35.03147522416012,4.418000221252441,-1.5634244615929362
2026-07-01,294.3800048828125,8.259999999999998,8.259999999999998,35.639225772737596,35.639225772737596,4.474999904632568,-1.6691028114219888
2026-07-02,308.6300048828125,8.259999999999998,8.259999999999998,37.364407370800556,37.364407370800556,4.485000133514404,-1.808656333715568
2026-07-06,312.6600036621094,8.259999999999998,8.259999999999998,37.8523006854854,37.8523006854854,4.479000091552734,-1.8371527483516026
2026-07-07,310.6600036621094,8.259999999999998,8.259999999999998,37.610169934880076,37.610169934880076,4.5289998054504395,-1.8701444965500955
2026-07-08,313.3900146484375,8.259999999999998,8.259999999999998,37.940679739520284,37.940679739520284,4.568999767303467,-1.9333063457162765
2026-07-09,316.2200012207031,8.259999999999998,8.259999999999998,38.283293125993126,38.283293125993126,4.539000034332275,-1.9268945482422293
2026-07-10,315.32000732421875,8.259999999999998,8.259999999999998,38.17433502714513,38.17433502714513,4.568999767303467,-1.9494387473435468
2026-07-13,317.30999755859375,8.259999999999998,8.259999999999998,38.41525394171838,38.41525394171838,4.609000205993652,-2.005867602686779
2026-07-14,314.8599853515625,8.259999999999998,8.259999999999998,38.118642294378034,38.118642294378034,4.585000038146973,-1.961611743576245
2026-07-15,327.5,8.259999999999998,8.259999999999998,39.64891041162229,39.64891041162229,4.545000076293945,-2.0228626717137934
2026-07-16,333.260009765625,8.259999999999998,8.259999999999998,40.34624815564468,40.34624815564468,4.568999767303467,-2.090454559971483
2026-07-17,333.739990234375,8.259999999999998,8.259999999999998,40.40435717123185,40.40435717123185,4.540999889373779,-2.066019293191925
2026-07-20,326.5899963378906,8.259999999999998,8.259999999999998,39.53874047674221,39.53874047674221,4.5980000495910645,-2.068835013116957
2026-07-21,327.739990234375,8.259999999999998,8.259999999999998,39.67796491941587,39.67796491941587,4.627999782562256,-2.1077092333091523
2026-07-22,325.8900146484375,8.259999999999998,8.259999999999998,39.453996930803584,39.453996930803584,4.6570000648498535,-2.1224026151824584
2026-07-23,321.6600036621094,8.259999999999998,8.259999999999998,38.94188906320937,38.94188906320937,4.703000068664551,-2.1350712289083997
2026-07-24,333.0199890136719,8.259999999999998,8.259999999999998,40.31718995322905,40.31718995322905,4.678999900817871,-2.198668307370821
2026-07-27,336.9100036621094,8.259999999999998,8.259999999999998,40.788136036575,40.788136036575,4.640999794006348,-2.1893064900924517
2026-07-28,340.0799865722656,8.259999999999998,8.259999999999998,41.17191120729609,41.17191120729609,4.604000091552734,-2.17515972277532
2026-07-29,338.19000244140625,8.259999999999998,8.259999999999998,40.94309956917752,40.94309956917752,4.622000217437744,-2.179586207452011
2026-07-30,333.42999267578125,8.259999999999998,8.259999999999998,40.36682720045779,40.36682720045779,4.663000106811523,-2.1857184640554657
2026-07-31,308.9100036621094,8.719999999999999,8.719999999999999,35.42545913556301,35.42545913556301,4.744999885559082,-1.9221712634280643
2026-08-03,303.4200134277344,8.719999999999999,8.719999999999999,34.79587309951083,34.79587309951083,4.685999870300293,-1.8120958382325982
2026-08-04,309.3800048828125,8.719999999999999,8.719999999999999,35.479358358120706,35.479358358120706,4.626999855041504,-1.8084595931060323
2026-08-05,311.0,8.719999999999999,8.719999999999999,35.665137614678905,35.665137614678905,4.617000102996826,-1.8131415820965051
2026-08-06,312.4100036621094,8.719999999999999,8.719999999999999,35.826835282352,35.826835282352,4.670000076293945,-1.8787962422991753
2026-08-07,313.3299865722656,8.719999999999999,8.719999999999999,35.932337909663495,35.932337909663495,4.659999847412109,-1.8769913982706354
2026-08-10,308.260009765625,8.719999999999999,8.719999999999999,35.35091855110379,35.35091855110379,4.698999881744385,-1.8702190721187852
2026-08-11,304.9100036621094,8.719999999999999,8.719999999999999,34.96674353923273,34.96674353923273,4.684000015258789,-1.8241397629650669
2026-08-12,302.25,8.719999999999999,8.719999999999999,34.66169724770643,34.66169724770643,4.682000160217285,-1.7969712106722069
2026-08-13,305.260009765625,8.719999999999999,8.719999999999999,35.00688185385608,35.00688185385608,4.640999794006348,-1.7844186104130193
2026-08-14,305.92999267578125,8.719999999999999,8.719999999999999,35.08371475639694,35.08371475639694,4.696000099182129,-1.8456747931434734
2026-08-17,305.5899963378906,8.719999999999999,8.719999999999999,35.04472435067554,35.04472435067554,4.723999977111816,-1.8705034279779564
2026-08-18,310.0299987792969,8.719999999999999,8.719999999999999,35.55389894257992,35.55389894257992,4.705999851226807,-1.893368804446213
2026-08-19,316.8299865722656,8.719999999999999,8.719999999999999,36.333714056452486,36.333714056452486,4.6529998779296875,-1.9007351398787464
2026-08-20,311.29998779296875,8.719999999999999,8.719999999999999,35.69953988451477,35.69953988451477,4.696000099182129,-1.8948435486077457
2026-08-21,309.3500061035156,8.719999999999999,8.719999999999999,35.47591813113712,35.47591813113712,4.73799991607666,-1.919186330185834
2026-08-24,310.3399963378906,8.719999999999999,8.719999999999999,35.589449121317735,35.589449121317735,4.703999996185303,-1.894178476916521
2026-08-25,309.8999938964844,8.719999999999999,8.719999999999999,35.538990125743624,35.538990125743624,4.638999938964844,-1.8251889768024072
2026-08-26,313.45001220703125,8.719999999999999,8.719999999999999,35.946102317320104,35.946102317320104,4.664000034332275,-1.882057249069116
2026-08-27,314.5799865722656,8.719999999999999,8.719999999999999,36.0756865335167,36.0756865335167,4.671999931335449,-1.9000499115598481
2026-08-28,319.70001220703125,8.719999999999999,8.719999999999999,36.66284543658616,36.66284543658616,4.71999979019165,-1.9924428095703601
2026-08-31,316.8500061035156,8.719999999999999,8.719999999999999,36.33600987425638,36.33600987425638,4.757999897003174,-2.0059090552718484
2026-09-01,325.1300048828125,8.719999999999999,8.719999999999999,37.285551018671164,37.285551018671164,4.796000003814697,-2.113995922664767
2026-09-02,324.9599914550781,8.719999999999999,8.719999999999999,37.266054065949334,37.266054065949334,4.796000003814697,-2.1125927446766335
2026-09-03,328.2099914550781,8.719999999999999,8.719999999999999,37.63876048796768,37.63876048796768,4.76200008392334,-2.105164452155713
2026-09-04,319.9700012207031,8.719999999999999,8.719999999999999,36.69380747943843,36.69380747943843,4.783999919891357,-2.058744437585916
2026-09-08,316.2200012207031,8.719999999999999,8.719999999999999,36.263761607878806,36.263761607878806,4.806000232696533,-2.0484264023448135
2026-09-09,315.3399963378906,8.719999999999999,8.719999999999999,36.162843616730584,36.162843616730584,4.836999893188477,-2.0717306278662266
2026-09-10,326.57000732421875,8.719999999999999,8.719999999999999,37.450688913327845,37.450688913327845,4.943999767303467,-2.273821917399822
2026-09-11,332.2699890136719,8.719999999999999,8.719999999999999,38.10435653826513,38.10435653826513,4.974999904632568,-2.3506280719898083
