sym,n,bss,lls,bss2,ece_up,ece_dn,ece_move,gap_move,h
AAPL,5201,0.024290859784238283,0.03525544327344232,0.09452984839044287,0.014466355733915096,0.0067425955757906995,0.017230157663773872,-0.00014614097511159163,1
ABNB,1380,0.03313716021389712,0.04088265228929222,0.1017972158633137,0.019961526949444544,0.023768231950268368,0.029767132237337634,-0.01021316839732983,1
AFRM,1358,0.17678754054415913,0.2044987778938302,0.41140005700347004,0.03532000351285724,0.05113218085009149,0.044023624674824444,0.006970777811375561,1
AMD,5201,0.0603963007455155,0.07362254636829535,0.1622566618570237,0.022334394926716336,0.02373960055375049,0.04226185368519752,-0.012160519577406659,1
AMKR,5201,0.05337339303051525,0.064717970122672,0.1492601023353296,0.018736237710547023,0.02013250287651579,0.03239300374247507,-0.008977265381378663,1
APPS,5014,0.05176863923508701,0.06240783285265983,0.12335978428245076,0.07689604118145413,0.058566135258124465,0.12770270703915443,-0.10953409963862848,1
AVAV,4877,0.025941837885181784,0.032410480889661475,0.08039243738298607,0.03135128342713614,0.015926319907190418,0.04748232707897611,-0.03593258032953739,1
BIDU,5201,0.036378710432428574,0.044558137353586935,0.10755372690608911,0.022191922416184597,0.01315066829815126,0.03456280274945907,-0.007518291725155557,1
BMY,5201,0.026911224735170047,0.046877039212161686,0.12668608373559065,0.0210433354529369,0.019035291214454027,0.036378955401609486,-0.018370655900113803,1
CRWD,1759,0.07257184372357683,0.0879406057236054,0.19342677316432044,0.024789900451712196,0.014556183796873684,0.02970392791519388,0.012949404326299818,1
CVS,5201,0.024477412278225086,0.04375567562224758,0.11066305231756535,0.021571964938555274,0.01615386277520834,0.03814851928091723,-0.021354587810290232,1
CYH,5201,0.07745315693987576,0.09411419976386803,0.21292080561623827,0.026489076118467177,0.021739474330845932,0.040007261053863694,-0.0180039022895358,1
DELL,2467,0.03151540390244523,0.041049408591154246,0.10499006681410294,0.013128373834950434,0.02322257483977542,0.0326366139250046,-0.019451588878682147,1
EPAM,3605,0.007758978917700721,0.011143698114388312,0.028245382644538908,0.029056968480017903,0.030164564124227144,0.055743270122734154,-0.037403730576633154,1
ESTC,1929,0.04864402379816979,0.06056539827014151,0.13427260524926188,0.04025210973557072,0.031249542505769543,0.05603916167888451,-0.02653654337995348,1
FFIV,5201,0.02139285217020137,0.02902670004985719,0.07682587613555791,0.017715281231367886,0.02016824743642592,0.034791568591059044,-0.02244945840508611,1
FORM,5201,0.04066849062031608,0.05034455081553779,0.11336814900477765,0.02824904186763207,0.018598203006340346,0.03818680065379787,-0.011751052670480155,1
INO,5201,0.12462604007095157,0.14737346988490152,0.3060294026423188,0.0450178069710571,0.03042864462425561,0.03474049959342496,-0.021079249814699996,1
INTU,5201,0.031483738180666854,0.04959776499401425,0.12763537710174389,0.013531030961336527,0.013143822939526038,0.02607922908921462,-0.013101458899215518,1
JNJ,5201,0.07384140009938722,0.1505984116586513,0.4603234476939193,0.009919402015657258,0.008317858169262327,0.01648164434898183,-0.00794419462953197,1
KLAC,5201,0.026080489024167153,0.03516281592836901,0.08948679811768667,0.010827569084980098,0.01299285056820496,0.018404742462624638,-0.00299374137041164,1
NVDA,5201,0.05208464625449272,0.06400135100260917,0.15312670421408647,0.01192137518841426,0.012830162933535004,0.017691623975523343,0.004355606823547908,1
PATH,1291,0.08446224702620864,0.10074190151032303,0.21971807308041258,0.03740773973863868,0.027840399671718186,0.051455391223212715,-0.00128627627349287,1
PCTY,3076,0.0262180514335828,0.0327515639223257,0.0823550838194258,0.019535597831601834,0.01957186293074926,0.035353310557593366,0.00042325347027366567,1
PLTR,1430,0.08925989862566408,0.10696018991951206,0.22946494058991973,0.05099354104979054,0.03266802043556333,0.04872105208101807,-0.02177785331761095,1
QLYS,3443,0.01659849045184736,0.021367079140320766,0.052255266314665705,0.01437287192089489,0.027966870257380462,0.03576824688245797,-0.013663680561269875,1
RIOT,2564,0.21543376772432443,0.24940861100343859,0.48307089500727485,0.03245615325112611,0.03570039464558901,0.03023123114069055,0.0067972286826641914,1
UPWK,1931,0.08446937870291882,0.10141731760260542,0.2191664182254386,0.02806871197635432,0.020438396486206285,0.03788676771134185,-0.012292770914837603,1
WB,3055,0.041746442049853116,0.052596974535856655,0.11828116797138388,0.037082908398878754,0.022523908535363044,0.039715322577767984,-0.025864611842872254,1
YELP,3589,0.0218151990784079,0.028007404287958226,0.0655435011057599,0.030898050242901577,0.030700455274662284,0.05785927525546333,-0.047274388575303083,1
A,5201,0.020241981164068168,0.03001788796792726,0.08213105271442978,0.013131365391850709,0.01566721564217889,0.026088400873545567,-0.0031883901130523307,1
ARRY,1419,0.15854432006947738,0.18367546390348888,0.3735921117214629,0.03309289387534251,0.05058327745685617,0.049153956016912845,0.013467166417916898,1
ATXI,2251,0.1236221352459187,0.1430929308500456,0.29630698133743194,0.08729096456058076,0.0319704235937266,0.10133985741463625,-0.06839840437824696,1
BEAM,1594,0.14484904353044759,0.16913274474019524,0.3506271554484296,0.02992808212113649,0.02937275162866453,0.020673868030197485,0.0011907344966790578,1
BKYI,5201,0.0774746792665052,0.09716220740681891,0.1833550015546922,0.09832194422304892,0.03620956453353802,0.12091635843465659,-0.12091635843465653,1
BTAI,2076,0.17667671236238847,0.2049055986735301,0.41022688115767325,0.05754994519184088,0.03793478678904747,0.038901958916056356,-0.029353967657840263,1
CBIO,933,0.15632942361108992,0.1801451002512804,0.3657664666750331,0.0588528242557123,0.055201550500441454,0.0859703981224747,-0.04344678391469892,1
CERS,5201,0.08035389267094384,0.09673575183152094,0.20829248302444547,0.027091454224611927,0.023277256665029715,0.03559042564511781,-0.012526733157921688,1
CGEM,1361,0.10097329951054312,0.12040290896170791,0.2549702129483722,0.03589757693374446,0.04318702553756791,0.045186378067245736,0.0030783298237195833,1
DXCM,5201,0.032220609416704016,0.040375620564892856,0.09587543591045689,0.029705816260658074,0.019134184493511567,0.047800548128257965,-0.03267011938445091,1
EW,5201,0.007596945690880319,0.015783216418547297,0.03212815931117896,0.025283314865508687,0.029834522079970775,0.05377714304080482,-0.040642802322230026,1
FAF,4033,0.024288068400333485,0.03888718939213398,0.10412954097302751,0.011791252573370608,0.011502922078681855,0.020171131712850763,-0.0018361359885474549,1
FISV,5199,0.038488019904995174,0.07033236518626762,0.17665883806320748,0.015126229845493267,0.010664215232275186,0.023418134530564825,-0.014395947720875907,1
GOSS,1844,0.16685296297064967,0.19300461007464653,0.3846221983696597,0.03708520896102498,0.04190461910501478,0.07604995841835172,0.017400781787657138,1
IONS,5201,0.03899509549726543,0.048542479553047135,0.11033517646330793,0.024661720423624155,0.024865867641310907,0.03848402140244134,-0.014189147666724133,1
JPM,5201,0.04631187198389475,0.0682973299195675,0.18743765472861196,0.0069661259226260295,0.01003887963983886,0.014387065975646936,0.0015892759969157455,1
KKR,4001,0.0230955359530729,0.031168068580785913,0.08015651018061987,0.01795045094734713,0.011489119708048768,0.02211088411567252,0.014341606712096777,1
KROS,1551,0.07509277500270839,0.08805565938341564,0.19588729485706868,0.038393620812339525,0.03725330539763473,0.05061562677339769,-0.020306270538338667,1
LMND,1492,0.17717244757427597,0.20526108778610808,0.40899788852945873,0.029858121923083604,0.04720449980957581,0.04112698651111159,0.027457331864028545,1
NTLA,2538,0.15694545702854024,0.1834715255890359,0.3710574115773251,0.027439949712572943,0.039667953613050526,0.026658454356558003,0.017532707200076603,1
OMCL,5201,0.016343675971944194,0.020994875982395134,0.05399636749496395,0.030276047658741805,0.01892704193417103,0.04644734583439804,-0.022079385616855074,1
PFG,5201,0.04745092618565494,0.06642643353019584,0.1795826964460837,0.015173509418797854,0.012334265856436174,0.020250112701109275,-0.001060518334961541,1
PSEC,5201,0.04745169995752274,0.07661885730272044,0.20539810387838997,0.02035463022143709,0.013031113987161464,0.029532184209971852,-0.017580388201777764,1
RARE,3108,0.07173140809616252,0.08717849814347967,0.18727340338421616,0.03230756642764369,0.03603883838925888,0.05401245811702434,0.0019321105870846456,1
RJF,5201,0.03657850107561089,0.04896878393969872,0.137133412765171,0.010330475037002459,0.01840895291298221,0.023980558208993738,-0.0006690349356786862,1
SPGI,5201,0.03964745751271481,0.0651937682795849,0.1703513125382371,0.011120262695897219,0.010318372728365032,0.020933579676959167,-0.0104160484754178,1
STI,1031,0.2282479164349448,0.29652167200074886,0.6044226692655645,0.06874842292808407,0.03890781044279371,0.03521765005353427,-0.033337415320920716,1
TECH,5201,0.027318697849602946,0.04663014875040716,0.11092471314520647,0.009381658289190459,0.01862475315826592,0.019225058328647543,-0.002875686983616038,1
TFC,5201,0.0496124768201166,0.0734512524290879,0.19257887040736055,0.010722228528382364,0.010117761117262581,0.010790999916309081,0.004239395605177276,1
TREE,4485,0.06106526866704487,0.07392758620023498,0.17188675174913493,0.030558497286759898,0.017793529629998056,0.045604597411867065,-0.04176426290066182,1
TRV,5201,0.0545514881130823,0.09559182253891974,0.2631285005539583,0.008502404523522399,0.010954298609541792,0.017108179229128825,-0.007266067207718024,1
UPST,1376,0.19242615868958401,0.22271337146975534,0.4411839696750106,0.03998465853375059,0.042201657086437507,0.04816358759566101,-0.003220704644052108,1
AFYA,1733,0.02826152680893068,0.03469740335858429,0.08587662065969248,0.03638520709357712,0.030645579493035487,0.04954494403076529,-0.005277698847749535,1
AMZN,5201,0.014991532455254197,0.021440269466375783,0.0543325590915712,0.02272325015267462,0.021527715851931514,0.04094700697290883,-0.023684768764908437,1
ANF,5201,0.0344150043702679,0.04371429563004814,0.10037378590459001,0.030151335603112197,0.03058893324968804,0.05464014483637602,-0.028923191313166785,1
AON,5201,0.041724809304465094,0.07392838335047924,0.20744890563163487,0.013988988518016906,0.013421833710886438,0.02642759970991685,-0.013694445669253139,1
BE,1980,0.17602428964160466,0.20405377758809862,0.40601718671307363,0.03289569206159524,0.041197720606519724,0.039731770686127925,0.0056936421704412155,1
BKNG,5201,0.019423470047498448,0.027323933789564325,0.07112313459983699,0.014772219116208792,0.019074208725733018,0.03305594061412329,-0.02224297795861596,1
BLMN,3479,0.030799408607137813,0.0368849085474211,0.09709231883667402,0.023584006007811086,0.01932053743602216,0.03372182880912952,-0.008049813919700943,1
BLNK,4142,0.19467022887946284,0.22471535466394132,0.4418558167770854,0.047423327079952095,0.04488485191378944,0.04801024281060505,-0.011130452648934863,1
CASH,5201,0.009110125752746168,0.013739507978034471,0.030374675579486032,0.03668110036056427,0.027569759843670084,0.06158377191990505,-0.04393145203421356,1
CATY,5201,0.03700414570679911,0.046076247258560854,0.12715554282675656,0.016506577808810312,0.021407786300314532,0.020588053554229165,0.00683055062296789,1
CMCSA,5201,0.029452262336143176,0.04710310995081868,0.1271695461812281,0.014990487299792193,0.009662316119345973,0.02229411650890973,-0.006403900031483861,1
CROX,5116,0.049867919661785054,0.06035449522192504,0.1406335521553116,0.021634732457525896,0.029171864170088865,0.05076826717107441,-0.030830731063475336,1
EARN,3298,0.0419727005339906,0.07884149642858773,0.20440649404045086,0.013988323556993492,0.012901958606568467,0.022731968639472137,-0.015541516113311865,1
ETSY,2805,0.07097412094963063,0.08617194759929303,0.1884577751569304,0.022950457910377926,0.017791577643729795,0.031984759860550854,0.003181687158112456,1
FFIN,5201,0.024241696284478143,0.03235042682167033,0.08935514541665057,0.015739512382158635,0.01485073072715829,0.026627962797854378,0.00828241910036942,1
FNF,5195,0.03966424335298602,0.06091876068837576,0.16152961739977945,0.014729081477819294,0.008725408398697763,0.018869609955009848,-0.002780855502897389,1
FWRD,5201,0.03424109226977334,0.044411935753773335,0.11865769491251621,0.01989386935958844,0.01578845272592411,0.029148171061692537,-0.008390184706573045,1
IDXX,5201,0.017341965624620537,0.028321025771150032,0.07285713702551921,0.019692339279295493,0.014527368475212984,0.030421281789071886,-0.016017241221708473,1
KNX,5201,0.017431252613997028,0.02271494578236044,0.05965440756390261,0.021191227810456993,0.013731504711158636,0.022534518284729247,0.010472198872340077,1
LECO,5201,0.022658731810260013,0.0329149318618166,0.09288909668641376,0.01331479178905957,0.01259103398988555,0.022636190305702672,-0.0053308992733481775,1
LU,1408,0.11497918553937336,0.13557145127013714,0.2867050762230635,0.04583351155319674,0.036107140847227784,0.03938998808999632,-0.010744121645323235,1
M,5201,0.05248380968281374,0.06580651538360782,0.16091721295027728,0.016267628386585194,0.014201478456042986,0.017724724626858014,-0.0018866095624590073,1
MAR,5201,0.03442833717818461,0.04860541629310933,0.13075214822160253,0.014996606332458194,0.010903695979297242,0.01607074642812139,0.008220840849116978,1
MLCO,4898,0.0755969401229124,0.09034664516392066,0.20565197719353023,0.02071903950678129,0.030230485036719722,0.032406807707895675,0.018287442513525154,1
NIO,1946,0.15433794220580477,0.18070923859729893,0.3664972405920306,0.029291448021596653,0.04515922604031088,0.032667460262714165,0.018446375262700543,1
ONB,5201,0.0290761130662075,0.03898796356024903,0.10754416401815292,0.008259797403959558,0.019878556141337943,0.024079278005361183,-0.001743423574405517,1
RKT,1468,0.0627808052880694,0.0760856202897241,0.1703657464548437,0.03703059362658688,0.03229038189457124,0.04221916976778155,-0.005838548531121424,1
ROOT,1410,0.17470088730747724,0.2022741786131822,0.40529413994446384,0.04647187359155494,0.05896230072628522,0.038649306652393724,0.0041287658485115175,1
SHO,5201,0.048778521309249645,0.06367624989179588,0.17280993218391083,0.007722505052419804,0.014803741178913142,0.015290070374827021,0.010024490383473528,1
STWD,4233,0.061569087536756384,0.11649050382457593,0.3084185399601431,0.00905971856055262,0.005749484349356576,0.012269582727175059,-0.006980428717092743,1
TRIP,3647,0.002026785495913397,0.004788210658387526,0.008152185580465598,0.04918197000847145,0.03804848076020295,0.08478541927494379,-0.0687728383500984,1
UFPI,5201,0.027783541361338537,0.03355186457072312,0.09160314929923596,0.01541986099987437,0.016874449681780746,0.02868878518150096,0.002016129701687852,1
WAFD,5201,0.03357021160392315,0.053077683403990994,0.13632670387567103,0.014362426713295962,0.012915196699168912,0.026159646753970256,-0.012804644766616968,1
WMT,5201,0.05444897515794733,0.10647166640115635,0.30780430684599847,0.015450431346528733,0.015789981054069056,0.03037562656701234,-0.02113926502146468,1
WRB,5201,0.05309201122438001,0.09518101964653047,0.2591884602245973,0.008730549011671362,0.010254879750644793,0.0166757935337569,-0.00822642879871091,1
AEIS,5201,0.03856526294812734,0.047343466416334246,0.11301221609668066,0.01933835923436788,0.015333915141838564,0.025525866748564194,0.004243959936871489,1
ALCO,5201,0.02170365201260749,0.028633448019055097,0.07915237591867297,0.022718714655786492,0.015333055136798723,0.033206877286834774,-0.011034566127093304,1
ALHC,1308,0.0691448773609743,0.08392400129132371,0.18462426772438945,0.039028190378247785,0.030182539784443477,0.048395759104224154,-0.03985466311375302,1
CALM,5201,0.02188232051626271,0.028836593819852263,0.07968171431216498,0.02190541194913376,0.022473659572295218,0.03882939878036783,-0.020526676330055726,1
CF,5201,0.03886558882697966,0.047627263215312965,0.11947841343131649,0.015512062781385637,0.01764134368777756,0.02204626588334582,0.01636207134098855,1
COST,5201,0.047255493793052605,0.08760946649849888,0.24456249342611447,0.015559881710658849,0.009292375072879853,0.023015232892421196,-0.013910625066235374,1
DRUG,1312,0.13192900601237245,0.1524093062426236,0.3229109225014689,0.08484763194375285,0.036303887245949455,0.05454859764474194,-0.048543744697803426,1
DUK,5201,0.0695370207938566,0.1364445513681758,0.4008169037569218,0.010929728773541798,0.005427316856091365,0.01145635569987253,-0.0068475175861568705,1
GIS,5201,0.05147100981579411,0.09820386591233088,0.28192731576788044,0.012091516276617004,0.012477036740131628,0.019888445415702942,-0.007223587649878141,1
HAIN,5201,0.024631660432355873,0.03121152003490224,0.08258371919949159,0.02768929315835862,0.01644768015909678,0.03613495449608071,-0.021154236135844218,1
HRL,5201,0.04386394058625376,0.08196329867834462,0.240695805389616,0.021654480952755913,0.015330199126759068,0.036385853139116325,-0.025172318305798372,1
HSIC,5201,0.0351193462004743,0.0628868953535271,0.16629050751212449,0.014576479642671853,0.014245892482562793,0.02667369170694035,-0.01772715879271694,1
INGR,5201,0.03625543143396914,0.06173602066057471,0.159428303179742,0.012766837382445946,0.01996717458922853,0.030844741793955712,-0.02555430740652717,1
JJSF,5201,0.02531731049405961,0.0431149205873117,0.1109481508351644,0.02031026144920806,0.015005085747037208,0.02980391736856991,-0.019900258149095046,1
KDP,4552,0.04235596381649587,0.07663737988018393,0.21323236717192895,0.02005895532428566,0.01680337619241544,0.033320452777856245,-0.021207228407197465,1
MKC,5201,0.04825105431960086,0.09326773189549464,0.26010167448426813,0.014421828086220244,0.00965845561049122,0.02231755284169018,-0.015631385636377143,1
NEXT,2763,0.1068871783309896,0.14302940693848432,0.29393867830022935,0.03175748066711994,0.01986174895134976,0.03965667646286461,-0.02214876704628388,1
OXY,5201,0.04379605112399587,0.05751007841412925,0.14966424957190694,0.00985507639184082,0.01013801016674159,0.015193512028097898,0.011437428871109157,1
PAA,5201,0.0518954173418793,0.08283846633294634,0.2083584853874314,0.009548688200502083,0.012422466663408425,0.012919663051847018,-0.0008565036740588727,1
PG,5201,0.07071164680020425,0.13971963260855758,0.4198900200549637,0.006913567417495705,0.008296832710457438,0.01224303890509043,-0.004474158753134019,1
PM,4588,0.04507813949847861,0.08227250233317174,0.22842996516504777,0.013931040957343946,0.016588754683396836,0.025611908898663282,-0.017433443454891173,1
PSX,3561,0.020602708174582762,0.02880404987459584,0.07683949597394224,0.010814909917914157,0.02406221700529391,0.02724394604916261,0.008979318552325949,1
REED,4891,0.11786449581660685,0.13937522732433105,0.28764122673477177,0.05174671140453904,0.023039929222972863,0.04741777637922017,-0.03274625386076213,1
SAM,5201,0.0006511360741220384,0.002339265026548909,0.003275526443160204,0.03227807007840312,0.023626123797997237,0.0543281468316566,-0.03363779008673595,1
SLB,5201,0.03402820346508406,0.044847610825205275,0.11414720661489697,0.01009121998876672,0.014248664107140019,0.02570341549200625,0.013383753575890334,1
SMG,5201,0.03437957746410414,0.05284642053344102,0.13089880948643862,0.022340235886803457,0.013565046590543573,0.03075143568877792,-0.023753814037618504,1
SYY,5201,0.05147226562076168,0.09189962533960805,0.2577528645226279,0.014836069846248592,0.013699137922763178,0.026110634212067874,-0.017927723270745155,1
TPG,1105,0.017110823079744653,0.021549909363662967,0.05533142488541498,0.027325127978400407,0.02611873534537548,0.05136113580468013,0.017332652936019544,1
USAC,3371,0.030538497396226716,0.038148646338909686,0.10998216925545767,0.01678171914233294,0.02305946554115594,0.03481538381451838,-0.005613580130889362,1
WHD,2095,0.05286556239206597,0.06476670201265466,0.1479190068189261,0.032373256184747505,0.017950049597494366,0.034382246007925,0.013888474527150751,1
WMB,5201,0.035043841895683325,0.047996077334540255,0.13301878274194356,0.015292692271080403,0.010722567492419479,0.020628908659830907,-8.579544003903261e-05,1
XEL,5201,0.06336367246411123,0.12306092571311267,0.35695265921583685,0.011003180677914616,0.007682424117661506,0.012357916040603883,-0.008318780463661982,1
XOM,5201,0.04048370017624292,0.07055601399503508,0.17933947562231534,0.009556726235509566,0.008821905450944675,0.011945581303151433,0.006700441642305155,1
ACGL,5201,0.053677738054684565,0.09733511164592556,0.26300754723891606,0.007305848149704867,0.007415287612920021,0.011322555178185466,-0.0025380197955877926,1
AES,5201,0.025518225399407513,0.03529948789196791,0.09499373210956552,0.01462917294021762,0.019582763613041242,0.02533877358986438,-0.006003846816578007,1
AMTX,5020,0.13802725603030608,0.16064389885797326,0.3204829027790723,0.07834570060569451,0.055553238984360646,0.10101456151778004,-0.08999303755057286,1
BKH,5201,0.03613306100912039,0.06085660215114874,0.16753957222889326,0.008816263086644734,0.01711053026168951,0.018354899949940145,-0.005209293998627462,1
BLDP,5201,0.10599273198194437,0.12613834910896915,0.2674169249045838,0.03250974747646865,0.023535220289466436,0.01794748516942052,-0.008607593172159422,1
CLF,5201,0.11169714939841435,0.1323863609647744,0.2803722827181331,0.020913258157677656,0.02628553946518802,0.03269515989480442,0.03010953278627293,1
CLH,5201,0.01548826041807061,0.02161570659716905,0.06054848881894426,0.021247719635678772,0.018671029409398323,0.03847253432798571,-0.018381510955943925,1
CNP,5201,0.050108059019613016,0.08899805770106084,0.2501351530357152,0.008442950412509986,0.012641157499476741,0.016637564012184497,-0.005568199037146088,1
CSX,5201,0.026708995367358934,0.040525637910565404,0.10874108696830653,0.015585806141264558,0.010496074806521365,0.024318420401437883,-0.005927684926566673,1
DAL,4807,0.04246087316772251,0.05123307698181645,0.12952799596057218,0.01469159111712265,0.014850820385466777,0.026116572372771905,0.005510513693022967,1
DSGX,5201,0.012115393068863445,0.01700051812196346,0.042296190887072926,0.01911331613943299,0.019685738010540067,0.0360334423445688,-0.018093924049035176,1
ED,5201,0.06746687726437317,0.1358608234825922,0.39599913245061624,0.007819306740343536,0.007627261166242889,0.013502059304462504,-0.0068650489492698835,1
EWBC,5201,0.045533561678347656,0.059424420426452906,0.15854112327771108,0.017164036494956764,0.01605990929720671,0.01664365571829543,-0.003163165839199511,1
FAST,5201,0.020155491273553094,0.030294068366149007,0.08331127537029148,0.016226934132622283,0.01592256694457676,0.031148151246198005,-0.015336119239103024,1
FLS,5201,0.027268489247350036,0.03477740595713452,0.09447092943424851,0.0146134724678288,0.012554829719590467,0.024467278741782873,-0.001411091043493684,1
FULT,5201,0.041977997591075566,0.05899671051229971,0.1581382666680724,0.011546006345680215,0.015469355644506716,0.02228509381905355,-0.003692516165536064,1
GLNG,5201,0.05809348698646266,0.07025040744074762,0.16929129824368894,0.012507375259539003,0.021707966362162524,0.021315217259508492,0.0031417817703933704,1
GPRE,5092,0.0830755485508593,0.0994041263335379,0.21990319414335358,0.019980658496124994,0.021466619011017624,0.026557880971735833,0.008540540517330497,1
HON,5201,0.04511074031976092,0.078172396210623,0.2110971879354392,0.010449788271177502,0.008882917577217798,0.016755880514982422,-0.001557361158092685,1
IDA,5201,0.05281496759185167,0.09789916359665207,0.27685652118997994,0.0060538135488567525,0.008520701652879088,0.00902444280994137,0.0007215375342141117,1
JKS,4043,0.1382691769926888,0.16168776997495649,0.33413297378801465,0.018560591444738015,0.028097798564544335,0.025534716357608088,0.021932546654727658,1
KGC,5201,0.05544422203548538,0.06713679606213674,0.15199387446273704,0.021347156542639308,0.02043708370290474,0.02961568858412178,0.017670237125284094,1
LIN,5201,0.04935012197222788,0.08714099325342195,0.23585376797332336,0.00722680480307703,0.00771308170033089,0.011975898641170397,0.0022005280231782443,1
LNG,5201,0.05371909983095213,0.06527543605575403,0.16782341042648308,0.020628538627340064,0.011624284651595287,0.02445079614794202,0.0036843610940713867,1
MMM,5201,0.041845935640466014,0.07902109673720847,0.20818402809516712,0.017482076418349528,0.012128902654479773,0.02955688015230403,-0.020130271723421772,1
NI,5201,0.0513664053722398,0.09428301733464328,0.26313391198842917,0.011838365710950878,0.010736292234235698,0.017238649277899674,-0.009779210116399442,1
OGS,3118,0.034359423070572825,0.0634833770444414,0.17094352066890173,0.014409237926571394,0.01593565075858983,0.02569623528908032,-0.008102115689172878,1
ROP,5201,0.04271819918238151,0.07394923325802283,0.2006348619018986,0.011051797167460888,0.007959813298218826,0.019577842789876353,-0.007790237581015325,1
SAIA,5201,0.03840237237479305,0.047045239773518266,0.11387145602970494,0.018366670479879454,0.012740938031250548,0.027248984186626624,0.0030465282433894125,1
SAIC,3203,0.0023714875711948746,0.0066736420289083,0.012729172403163291,0.030969449018002897,0.03676323706294052,0.06696327602304111,-0.04983274483151298,1
SEDG,2819,0.10940476499497531,0.1295195502936678,0.27536704518428756,0.02516419076039969,0.021122706567048607,0.033012330328563974,-0.021099571993626776,1
SPWR,862,0.18900499096365808,0.221100653976816,0.45240937687522587,0.06595252792130914,0.06145150906651563,0.057872420481491646,-0.0060919323945254344,1
SR,5201,0.04700553450493716,0.08508428499031429,0.23034721579261352,0.011298371334050771,0.011948334500734379,0.014502114532800123,-0.0012418221336891744,1
SSD,5201,0.02110552074853167,0.029675632988772183,0.07895680699825536,0.020709391235585392,0.014566439642182153,0.02544492530591543,-0.003709381070919837,1
WKHS,4031,0.13907501525919863,0.16186823387986604,0.32584886081144226,0.0862569643572228,0.0427412717159319,0.09848159861029365,-0.08060899576857505,1
AEP,5201,0.06014053756189042,0.11510121774823456,0.3231772892878524,0.005423016498926107,0.005551147034276801,0.009693074305893674,-0.0035362768063862127,1
ALKS,5201,0.014741925999218974,0.0190344700746774,0.044775357385856585,0.02592234204687469,0.01911289736319106,0.04639591422763564,-0.01892596011928721,1
AMGN,5201,0.024766291377671612,0.041032975060247834,0.1138905700869588,0.019325190261894526,0.017419217120361107,0.034845631416701536,-0.01769061230905203,1
AMT,5201,0.034672081946828914,0.05723252683653823,0.14980384378094147,0.007986077052694893,0.010609205322693965,0.01180870023518808,0.0035931473441469797,1
APA,5201,0.047869464126251815,0.06064913642930847,0.14736313668310286,0.01254322489236862,0.02317684609460856,0.02432970457829046,0.011134031427305402,1
APLE,2783,0.042404573750957186,0.07271070646025213,0.18147813886018094,0.015489046862787301,0.014821735406903524,0.019679841128747856,-0.0024140374764279326,1
ATO,5201,0.061173565036826805,0.12062538351963659,0.34641965226027616,0.009312829637907695,0.009962523342336735,0.017038675912265884,-0.011409118898398948,1
AVA,5201,0.04838975983508231,0.0915270207088964,0.2508060290331222,0.011314386107157175,0.00977600546217378,0.01706611035896588,-0.011276639207085909,1
BXP,5201,0.048409722066969474,0.07539126911416483,0.18806387460986684,0.00716730239042764,0.010988072792834168,0.011289603650423799,0.007645077886297341,1
CMS,5201,0.06055884010292578,0.11335276330728417,0.32881341062020486,0.008754224289574663,0.0066137823095454564,0.011340985563444896,-0.006014590271806092,1
CWT,5201,0.026150900825978818,0.04137716228260646,0.11213160000748934,0.015253249047726245,0.010895684950495626,0.02082095948567049,-0.0023557196781855694,1
D,5201,0.05457246836688512,0.1045800813335711,0.2944716081972133,0.012406394331822727,0.007810200206968354,0.013486167729677877,-0.00584584990204462,1
DLR,5201,0.031022883526489187,0.04586708490451319,0.12425508639881122,0.013549106987667755,0.008279899096464172,0.01626577345828779,0.0016630447158614003,1
DTE,5201,0.0610432577941048,0.11713839614766941,0.33455047233545665,0.009665494209463079,0.00791660055681638,0.013041523154268073,-0.006348859759475953,1
ES,5201,0.052111981522814266,0.09906261648542125,0.27358914991332794,0.012922989589652274,0.012510280041756468,0.014369646096913661,-0.00947437074574932,1
EVRG,5201,0.06253860333340022,0.12053515887417265,0.34050295513443785,0.009195237245574167,0.009055510818129385,0.015142788097161752,-0.008863053913152119,1
EXC,5201,0.05092233678352409,0.08827112502769285,0.24434710648660873,0.0074639275397513005,0.006971890968642163,0.009816871775850333,-0.001768851080088174,1
FE,5201,0.04608461965106747,0.08349129683480216,0.2284571346040265,0.013148408614126243,0.01036243027465057,0.018584708443154678,-0.012527319270053072,1
GWRS,2544,0.012022169171289732,0.01710986554331051,0.042164277495322255,0.019348933393320177,0.02756226703900926,0.03266691463360997,-0.008957576867684974,1
HR,5201,0.04099965157560792,0.06433375200799685,0.17011160793108704,0.008361343310766642,0.010653781112880834,0.010375903098679432,0.004318514341906443,1
LNT,5201,0.05755481280636998,0.10881720269282424,0.3102327157414009,0.0107216831195331,0.0049396298250580645,0.011786627556345792,-0.00654910375371108,1
NEE,5201,0.050121887335830895,0.09530741442230095,0.2511038392575582,0.011483695166437267,0.007975586055443294,0.014748124834202004,-0.011106334709985136,1
NWN,5201,0.04582242304078332,0.08134479197308764,0.2231843007430454,0.011357255314667134,0.01254802271619889,0.01707379151573679,-0.005716456568333805,1
NXRT,2824,0.00672844754728974,0.00796672357205519,0.024665512671049883,0.02004454819889206,0.018487531865258353,0.03151686817127948,-9.286966802760088e-05,1
PNW,5201,0.05548152107646853,0.10521590366744704,0.2969198000689429,0.008253248763121874,0.00840138168752135,0.010713009109659348,-0.005606521350750446,1
SBS,5201,0.031898137496489176,0.03930053309395898,0.09581038328360525,0.021636970351949572,0.020962886424179,0.03556303420941936,0.021234826817807695,1
SRE,5201,0.05312725341965008,0.09970908558298697,0.27378299220174573,0.011968345394615176,0.010899846329635064,0.017108739328826186,-0.010394922834211326,1
UDR,5201,0.056144174768034905,0.08825969780778187,0.23978704249632143,0.007161813533886942,0.011346780753307154,0.01347060981861977,0.004026670082270117,1
UGI,5201,0.04031978068082365,0.07289591386619598,0.19584890656570042,0.013390261118873807,0.013421330510996254,0.021315568601531727,-0.014865350643528508,1
VTR,5201,0.04685308410550637,0.0697124418692594,0.19007059737266818,0.007083589236175548,0.010758787911518531,0.013089487641506138,-0.000939908721519167,1
YORW,5201,0.0169877536311277,0.027311251618796106,0.07041698529263352,0.017863359452160627,0.01279988071621231,0.02794587839167573,-0.00022372308785625905,1
ACRE,3550,0.042382751528589835,0.0785545241997424,0.18069676022344827,0.014444618153477641,0.013647164386028135,0.023261464717470003,-0.010647993548182938,1
AIV,5201,0.04942039305439416,0.07186326489076889,0.1891980335256005,0.0065041840392677155,0.01006693001670007,0.01220222169349293,0.005833813477876287,1
AKAM,5201,0.015079659360650588,0.02168930624795684,0.05450463604245648,0.033829759866560775,0.028886372073439078,0.058717976527142085,-0.04863765659704272,1
ARR,4659,0.04927861514018195,0.09017712726279192,0.2371679947679165,0.016301254445905477,0.015251625053035157,0.02613967938538079,-0.01479961905242716,1
BATRK,2552,0.025819990458426423,0.04138411602355274,0.11369729900111714,0.019425523861130365,0.021903546486154994,0.03722851596105563,-0.009415604994883364,1
CBL,1155,0.017638530463786828,0.024354222776624468,0.06784945724474378,0.019313555304364214,0.0191068975875775,0.03363016416274366,-0.001135898957198317,1
CHTR,4133,0.01223050740091669,0.019589637403118254,0.04838743511241572,0.023114162355710063,0.01617648085264253,0.036288990094282506,-0.023620778093772027,1
CLDT,4063,0.03533702991206411,0.050258472965306944,0.1344358302196994,0.009447800791394881,0.014360933567927028,0.020321456754775886,-0.0054080225505510615,1
CPT,5201,0.05177968502839014,0.08292734160992643,0.22236790764155667,0.005848294666577386,0.011395667454790436,0.011511379958808549,0.005285287290862389,1
DEI,4936,0.049156813887289874,0.0743421287863566,0.18508783418887387,0.008816858482618053,0.014648745050600988,0.017790798406340055,0.01336515165629193,1
DIS,5201,0.036581249598648946,0.061406362264436964,0.162547676259441,0.01580125649301276,0.013154248545926521,0.02673746072880153,-0.01219730415950293,1
DKNG,1729,0.11148019046833457,0.1312105088099852,0.2847880307013284,0.03186876787851031,0.033444436157950494,0.05097168402127816,0.02519758659244059,1
ELS,5201,0.05181036237370584,0.08517489959699576,0.228571115468169,0.008311527644337253,0.007581985502227512,0.00979609397068796,0.004760229724477788,1
FUBO,1812,0.17740527276408002,0.20640076580836442,0.40945053622169736,0.05369449430710697,0.036643252344123585,0.04276592761409728,-0.01962712037050174,1
GEO,5201,0.028308301739861763,0.03839640293638891,0.0921633680355245,0.019381392202444815,0.015958775270718085,0.03201162809077374,-0.017422123780802434,1
GOOGL,5201,0.018687802219101268,0.030987534372967085,0.0783552762994727,0.020853402758641407,0.01294487184114142,0.030688356399092773,-0.016204249861488468,1
IMAX,5201,0.026738937685683473,0.032611872691422406,0.08157981085213128,0.018850536833624157,0.022628144486604045,0.036374187416765374,-0.014243431534017192,1
JOE,5201,0.024731607702913383,0.03174680414308639,0.08495320389595173,0.016169533196448496,0.010776393616278714,0.021726229347516383,-0.0012265929020762734,1
LUMN,5201,0.051253102922228844,0.07393944860555313,0.1808092872964655,0.02758030443203576,0.014026228867127764,0.033568593864963955,-0.029627593020242204,1
MAC,5201,0.056961408345676534,0.07705183971130314,0.1955677930269143,0.01174293694426061,0.01951010292019911,0.015497537470180758,0.008839425224924757,1
MGM,5201,0.04408178276821495,0.05326776374862874,0.13538821480395025,0.01679080811885544,0.015600097840918679,0.027692578516476513,0.0019322983221142231,1
MITT,3758,0.04444928968500861,0.07487921716290646,0.18416628127144918,0.019840966299454522,0.01354871255490867,0.028971227074230062,-0.01638215213339106,1
MTCH,5201,0.028813462870795892,0.03670070077854204,0.09538587180549163,0.01414761346079219,0.016074563828747317,0.019670828651522955,-0.0007957478630997716,1
PINS,1796,0.05781180863071078,0.07112028115156788,0.1611562640978197,0.03788547069332116,0.02591274403666203,0.04275353892990501,-0.038999383580478886,1
RBLX,1320,0.08988092242834034,0.1076180007178481,0.23520236719464682,0.035372698120772844,0.027718798133234177,0.051981249666123684,-0.02478176812556665,1
RDHL,3377,0.10315573982590864,0.12379256914004821,0.2666272331111005,0.06109452137526655,0.028140559280663505,0.04589419461166784,-0.039629547965131184,1
RHP,5201,0.0518023722748856,0.06864014251601913,0.1831208785036117,0.009193921002934147,0.009198045592996456,0.014465301111197275,0.002619013502202505,1
SIRI,5201,0.04451912985642448,0.05831310770696385,0.14948089602623404,0.0163761812747148,0.017507621649490844,0.025580614596609604,-0.011935403564623637,1
SITC,5201,0.049576599450727676,0.06712422246675254,0.17708058321895692,0.015293639488632837,0.011972720937477845,0.017184453059637516,0.0031818782567255566,1
UBER,1781,0.044511863319519396,0.054316726876356136,0.1260955875801102,0.0348689223460305,0.03215100244315135,0.046739631819296655,0.009416318229247489,1
VIAV,5201,0.030480994607497758,0.037336356536707194,0.09581205656206282,0.01979731573760682,0.01932810149389238,0.03528172204976837,-0.01672243922046346,1
VSAT,5201,0.047047548242260095,0.057702278044131305,0.14825083413087292,0.01740178425374272,0.018071956612016465,0.030749685337118433,-0.016199794224929176,1
ZM,1796,0.04687674317296475,0.0574173473730486,0.1361459503620026,0.034464270467631404,0.029151248032090255,0.045892668236669286,-0.023371984340034735,1
JD,3031,0.03915528050071737,0.048717974128869135,0.11483758762320173,0.026030476552568526,0.02088151357180606,0.027096661044323414,0.0036722972217230754,1
TME,1883,0.04890676955296025,0.06083528333479604,0.13533261284799292,0.045412760839238175,0.017087989421961984,0.05037167296011397,-0.013782419161440795,1
AAPL,5198,0.004498500740667377,0.005514611273872871,0.012605506712444647,0.06316184119198495,0.020109280247259886,0.05899982109361999,0.0561021257158929,5
ABNB,1377,0.028787988482963822,0.033950259612347766,0.09504449561440032,0.05506298915579775,0.05285154999427893,0.03487337967712288,0.02328348665152591,5
AFRM,1355,0.11359978755759792,0.14481526557928515,0.3883892850799031,0.08620715713149066,0.0645925892675055,0.027704672795820052,0.01026382767406342,5
AMD,5198,0.0495453633150259,0.05818614798573396,0.16206876473593412,0.025578966498283194,0.039345513319753604,0.03709299842604494,0.012346018494184596,5
AMKR,5198,0.049111297697899126,0.05921162693417337,0.16148413348462531,0.02086361041260297,0.035353318788469555,0.03444925326712087,0.029186306640981763,5
APPS,5011,0.05062840470955454,0.048125415631533386,0.16382191122319867,0.07566254140373906,0.03461266598214268,0.07400603028286766,-0.060766722961614894,5
AVAV,4874,0.017610493415022077,0.020787053875451766,0.058040150953721836,0.04742881287597074,0.028268108901842528,0.04986607280602257,-0.005888511710691269,5
BIDU,5198,0.03219103072552165,0.03805059888692475,0.10289244230133554,0.02328561348736674,0.03565715416182275,0.036926177203104836,0.023301960806541233,5
BMY,5198,0.012322270670906854,0.01280013795182211,0.035225114210530206,0.04185825165270864,0.026514423897876185,0.054451061819048296,0.0016580987098172018,5
CRWD,1756,0.05940619003506997,0.06746972919830962,0.1827538426797286,0.037117326890960645,0.055278551045610046,0.04825876451231083,0.019169470494727614,5
CVS,5198,0.013166798511793365,0.013792649694502446,0.038954474302204334,0.02938981578126692,0.022308486813006373,0.0427294358032031,0.020056049334814863,5
CYH,5198,0.0535832465658318,0.06585021457645601,0.1782290103068116,0.04233952921576205,0.041995413253093146,0.02975794140761198,0.00992323681081475,5
DELL,2464,0.028861668414471575,0.03146976172100424,0.08495841303517737,0.05237089841046019,0.047420405504571925,0.04371150304539156,0.02392515970406106,5
EPAM,3602,0.014641735613467044,0.01647512739407897,0.043745905566604515,0.03576922822104501,0.023790250733486482,0.0458010615266938,0.008633966841577245,5
ESTC,1926,0.048251623523729914,0.055923662988372924,0.1575179010246377,0.051670497931300186,0.030377804737843704,0.03044138833307896,-0.0026952221850368163,5
FFIV,5198,0.012141639612655575,0.012981596333816459,0.037098115797906894,0.022189811445420045,0.02117856972065739,0.02725707342838864,-0.005984618104549866,5
FORM,5198,0.044396668822268115,0.05289039737241297,0.14288734595509112,0.03783786388005878,0.03487441423318625,0.044021085870752145,0.0235367103344708,5
INO,5198,0.08211296483368602,0.10381225265425642,0.2835591058688912,0.06907218879876388,0.07029570559438901,0.04301632041768777,0.001223516795625157,5
INTU,5198,0.015073680245860421,0.016224106412269235,0.04407933597963787,0.03744420752634494,0.03205160735294699,0.040302475910775695,0.016112833343684185,5
JNJ,5198,0.07964743544709152,0.08534659810846756,0.22144437563167574,0.03282258455742261,0.030385466310417435,0.0505745832895392,0.0199441697019202,5
KLAC,5198,0.01680384376223032,0.018661892841957073,0.049823102493433025,0.0384781244467111,0.028440547779506335,0.03452646645182324,0.01541579287411754,5
NVDA,5198,0.042146050781697086,0.04808035117935572,0.1289444106888421,0.04544264551720834,0.04289550355572158,0.04385440232588402,0.034428050484266115,5
PATH,1288,0.06786294996713327,0.08563012215333765,0.2345301695394485,0.048049425995497975,0.06637709034803492,0.02413535037118455,0.017140761040937758,5
PCTY,3073,0.02513533772058496,0.028092405546917942,0.07749340703981256,0.02458417625583192,0.034818984138977244,0.045796358945157906,0.025493617515357614,5
PLTR,1427,0.07712059173037233,0.09273429410179634,0.2522715143411577,0.05421670897489841,0.03190141778436673,0.023714731979303294,0.009115799833363192,5
QLYS,3440,0.018414983411095265,0.019959705139146355,0.05618461444801881,0.028505618887585266,0.04411825077651547,0.03573717500061491,0.005775768197206599,5
RIOT,2561,0.12987450497311026,0.1688387710006798,0.44638713811951913,0.06166594105742491,0.052048190002653656,0.019663208620662766,0.005489339089775336,5
UPWK,1928,0.04941950147965657,0.05987358504336071,0.16803308202459855,0.07023598252181196,0.06652140809818174,0.0529808164554884,-0.015699790512439638,5
WB,3052,0.04766469434516274,0.057037404515108636,0.15908266152242712,0.0330899918151636,0.05207996677270411,0.044389847651377885,0.02585337858837522,5
YELP,3586,0.014104948171210885,0.014271129259862847,0.04913687127923694,0.036881269150550185,0.04948206162376238,0.05637397884292038,-0.024116335429429814,5
A,5198,0.007495428538423887,0.007763483366842072,0.02119809427168462,0.029014793696564952,0.026361706780958463,0.03623290524093084,0.022590118953073057,5
ARRY,1416,0.09378292953238143,0.12071673528407967,0.3375754700985778,0.09215606553322177,0.1115140846304301,0.04386860757308491,0.007754015531075242,5
ATXI,2248,0.08495055947178998,0.10734049351868924,0.30112218666121726,0.10528471592641386,0.07539269667503248,0.039964669712179476,-0.029892019251381297,5
BEAM,1591,0.10350608714003906,0.13226429330074407,0.35649004382591154,0.04904981977455575,0.06593711304260005,0.022196217425434536,0.014344857557250013,5
BKYI,5198,0.028108142358326038,0.02808259260004664,0.09071406727914699,0.14262397438803742,0.053766022420195535,0.10279368946028472,-0.10279368946028478,5
BTAI,2073,0.12511513992872336,0.16684583451831758,0.44769948354137434,0.10153106421419118,0.11364667995276223,0.03361781428128234,0.012115615738571117,5
CBIO,930,0.0997789914456676,0.1318799382581094,0.34783895906372675,0.09173917129475584,0.09100002723355449,0.0457253395870168,-0.017570256289615394,5
CERS,5198,0.057103531258991924,0.07030678323581552,0.19113963475716422,0.0486861051315755,0.04578084856696017,0.030710177757662955,0.0008019772245362322,5
CGEM,1358,0.06119012701606019,0.07795584554117596,0.2172812197220112,0.08445337886575044,0.07325365362532535,0.04393359213321302,-0.007569470378365861,5
DXCM,5198,0.029003099357663986,0.03310105414948539,0.0907211213703768,0.03740127602245956,0.034898208767439404,0.03993415943174556,-0.0048369493230849825,5
EW,5198,-0.005819589897784416,-0.007668166920770769,-0.017326001138223468,0.05227359106800748,0.03877228698268584,0.08581997107294441,-0.01685447494953396,5
FAF,4030,0.005000249152059211,0.005174508479480422,0.014593004425982659,0.0394633802305676,0.02366468203126941,0.04669245338025814,0.025713183595879763,5
FISV,5196,0.028337513165127448,0.030064199381647838,0.0820564133969911,0.04202582676815382,0.021099281508053975,0.04180898941663295,0.0006166107112325347,5
GOSS,1841,0.09905503231982837,0.12281512579907272,0.34291541080474863,0.0636945410243588,0.07672331867044481,0.047215521125156305,0.006397015225427571,5
IONS,5198,0.03366831767934797,0.03832403052416111,0.1076659825107581,0.029245199298069735,0.039246107398225226,0.03171865489275101,0.003440887449727148,5
JPM,5198,0.015816009249261853,0.016974572098469642,0.0465764074940872,0.03533056277456352,0.025637428909425507,0.04729440054494677,0.02246043890020899,5
KKR,3998,0.015055467888743013,0.017081665731036755,0.04390922417906018,0.05487635155199556,0.03900789879281083,0.04731381239612705,0.030353853697066224,5
KROS,1548,0.06179888841465542,0.0759467241295555,0.2099800620421336,0.06615347074445828,0.0663919300611013,0.03783036541261108,-0.004883519130775782,5
LMND,1489,0.09685073432467894,0.12468165800404885,0.33877776636531975,0.07386348876399113,0.07155256792952984,0.021620746504307762,0.001979147050907515,5
NTLA,2535,0.0913694594585922,0.11234946750556929,0.3087941248292364,0.042988659608998954,0.07129196640420007,0.027859179020163116,0.002499733339164756,5
OMCL,5198,0.005472517217827266,0.004883987678458324,0.01724120483086866,0.037668689735672375,0.027792504168373207,0.04698329369876879,-0.017198405669670347,5
PFG,5198,0.024558261544657567,0.028325679868267173,0.07240079793414933,0.029189413584691362,0.026120498966355425,0.03670311464113586,0.018007339208761963,5
PSEC,5198,0.03727015859592653,0.03889413379188522,0.10677315698510204,0.01984044199393042,0.03754838114900341,0.0458330362379442,-0.0077375677790852415,5
RARE,3105,0.0639876034832364,0.07528406244671948,0.21121735290651533,0.03860384297831623,0.05487398414988064,0.043517791073103475,0.02432453705300841,5
RJF,5198,0.010999418056075738,0.012710405511486278,0.03301988938740008,0.028484161497423766,0.039477135533149445,0.041565712102735075,0.025538573875054316,5
SPGI,5198,0.018797356951115618,0.020662901893319763,0.05414174681572281,0.03807457940235142,0.024502104239286757,0.039584486221764914,0.017335084843527748,5
STI,1028,0.20353532039183153,0.26459224463690956,0.6452806895079094,0.09704634113687013,0.07392211186160015,0.04689756777575886,-0.03369318629125906,5
TECH,5198,0.01268207925427256,0.012468902388710457,0.03780232509152104,0.028735451447580735,0.04149389326595351,0.048777039173923106,0.008055880939550009,5
TFC,5198,0.022861339435274464,0.02463785146821107,0.06751859707846175,0.02908916793628902,0.03049308044256133,0.03760281572976265,0.02136443939780952,5
TREE,4482,0.05056598693049408,0.06014586904145869,0.16539840531013783,0.03299129423167971,0.023462275777050363,0.020722950674470435,-0.0026492865482700134,5
TRV,5198,0.03961733996499184,0.04257604939107262,0.11278458151085535,0.032979771969306,0.0350670883257878,0.05877072392902313,-0.0062779799697145755,5
UPST,1373,0.13033574327156106,0.17178991294499335,0.4556865290850415,0.05321064074805245,0.06147924300014582,0.03007642396244788,0.015226912255366987,5
AFYA,1730,0.026681952235845574,0.031506020091960685,0.087293993034388,0.06251884571389657,0.059774328759639936,0.05851333172335104,0.039242277221183564,5
AMZN,5198,0.0033759519558730355,0.0031442481007382117,0.010093949206075759,0.04437424512110612,0.025210279763524645,0.049973896593887464,0.006601230088347565,5
ANF,5198,0.04220888566904746,0.049288455182713076,0.13771736055971073,0.0274116553942393,0.04140256293957947,0.043774612024340444,0.016743996848895826,5
AON,5198,0.031034685839302245,0.032926309524770714,0.08836492862845058,0.029821115749106585,0.029544598096497884,0.0466354875981223,-0.0018370198311657426,5
BE,1977,0.12168556566668509,0.1525003271332681,0.41327365038559427,0.04716047349154619,0.06583199174825025,0.0438492972710908,0.020963528524701736,5
BKNG,5198,0.008103550398443127,0.007823569796445051,0.022040105950309474,0.0448294589672239,0.036066510550113035,0.04925962417555247,0.0231667209334927,5
BLMN,3476,0.018917260574119132,0.022269572034491203,0.06152461074044935,0.0359360358588852,0.041895844685331717,0.03818399249066967,0.008611014903757708,5
BLNK,4139,0.10719261366724187,0.14120689124694596,0.3846694071074026,0.11415158694969568,0.10120549968660499,0.023434671227498243,-0.012946087263090655,5
CASH,5198,0.003796046894626315,0.0030030653399414353,0.011045556941036372,0.04641910869715625,0.027395368099682786,0.05675763626650648,-0.019674714230410895,5
CATY,5198,0.017847996912315534,0.021129359677411363,0.05459206156101726,0.03743002240636708,0.04159202389834751,0.029415701006056484,-0.0008390670131265265,5
CMCSA,5198,0.007235149222937554,0.00857083763734745,0.022872658364135767,0.05081155529821226,0.01563631138746763,0.048073123544225216,0.01685012253334589,5
CROX,5113,0.0446386719416183,0.05209269571884212,0.14086090856968925,0.03378303052626919,0.029510660143997152,0.044293271604639056,0.006009887511217671,5
EARN,3295,0.03184497548846199,0.0320848807877232,0.09076601283155994,0.034787030196967716,0.04673535683629003,0.05280397976882904,-0.0012272563685234994,5
ETSY,2802,0.050352789885420135,0.05878298292984918,0.16025993898063506,0.03572649995315765,0.021317566280319045,0.03302331638391491,0.0002704612713979593,5
FFIN,5198,0.003926378589570345,0.003056240029378543,0.010798721567608971,0.029501132251391643,0.034470002605175236,0.04115184625698861,-0.0156852759868078,5
FNF,5192,0.011516509376711115,0.013968843032412526,0.03579881068907742,0.047231685883941006,0.016009886353025544,0.054103867015952024,0.02432591388165628,5
FWRD,5198,0.016209522879612193,0.020460742996992298,0.05298119364862186,0.05271996235064288,0.03866680662487049,0.0395121941011128,0.011987568308191143,5
IDXX,5198,0.0002883228664800619,-7.937534192148377e-05,0.00030595445755432493,0.05138773436143151,0.026644437183619186,0.06288016500061136,0.02467875376991613,5
KNX,5198,0.0048074733471947795,0.005585555515728813,0.014240871689269907,0.035347651835013545,0.034641201018415634,0.03613365004674063,0.014731511132517139,5
LECO,5198,0.007089966740324916,0.007520324927412725,0.01936771708091012,0.032451193044395706,0.028209947323388614,0.03463393109934793,0.026052809969341784,5
LU,1405,0.05888346740568351,0.0766813756264284,0.21739446217992686,0.11775938622467882,0.10550588295128847,0.0407959822658118,-0.012253503273390365,5
M,5198,0.03097417162416527,0.036912640659475304,0.10062590694542062,0.03094336321407577,0.02989779771085242,0.03300564467230409,0.014259851654821576,5
MAR,5198,0.009974965453567464,0.012170807964274166,0.0310113367981405,0.048322355444211595,0.01404609844925634,0.045079709793591154,0.03838816221205721,5
MLCO,4895,0.05170719852360395,0.06392400397617981,0.17258252710486632,0.029815426934605593,0.04998367468962509,0.034477233624920986,0.029047819000951325,5
NIO,1943,0.09736489634415812,0.12419845401595742,0.33637239684683207,0.07694674753001592,0.07709711650506282,0.04563963224577401,0.009490413406247344,5
ONB,5198,0.010382370529387952,0.010713216315842322,0.03254479583957526,0.03161584908266671,0.034905972494591465,0.030643659404100194,0.005372757757911795,5
RKT,1465,0.05877267324744295,0.07109422570564283,0.20468808499925417,0.05831118750897691,0.08085201679643104,0.041872087802496384,0.029984789822288804,5
ROOT,1407,0.11419427420384765,0.15134861675275035,0.4180618204567038,0.09452750598952206,0.12265594340675505,0.04728431672429732,0.020357282621774053,5
SHO,5198,0.026180092339072036,0.030702560770601295,0.07961716845735212,0.012104185680074387,0.03926564449040924,0.0274955741430462,0.02119495736728172,5
STWD,4230,0.07778510086280988,0.08464407480534042,0.2167962427523238,0.023332326990457574,0.028790541948755022,0.02843379313500497,-0.010579942910101947,5
TRIP,3644,0.016761390698175616,0.018605208920712824,0.05849776051593958,0.04920495264681975,0.04782007506646779,0.045041598629055116,-0.021399452763023796,5
UFPI,5198,0.009399231321690404,0.011567644829570067,0.029717049517581695,0.03721324226268212,0.040003952586384825,0.04040971435907485,0.000691073150784316,5
WAFD,5198,0.01978804181043492,0.021467288380271343,0.05881675704078748,0.038914544432609985,0.03642708976817915,0.039010717677222646,-0.01152936807715721,5
WMT,5198,0.047518632008798356,0.0512608920261427,0.1359188005799581,0.044206064356409974,0.03218374333819916,0.06500909247418786,-0.003301918115316327,5
WRB,5198,0.04952180577582099,0.05424560571991266,0.14192594378281065,0.027836970460327744,0.02843182643416089,0.03791627372360976,-0.008163853932964704,5
AEIS,5198,0.03280246570617684,0.03821585332346378,0.10302909760481804,0.029729191226746405,0.026443290949532856,0.029396762778296677,0.013792083042889813,5
ALCO,5198,0.0024651313943043762,0.002800853296217043,0.009371313417407823,0.04683643864290721,0.029537464591999525,0.04734762815064125,-0.0140714901784329,5
ALHC,1305,0.0651139787823658,0.08103089471982894,0.22401468400956914,0.05350115851880946,0.05268877527722911,0.037328241908230544,0.007143940847952224,5
CALM,5198,0.007086150846360106,0.008609623021520574,0.02092658022251581,0.04899427425166468,0.030105395066985816,0.054174623984976765,0.01938478774797825,5
CF,5198,0.026888143289433453,0.03168340334922837,0.08338545065247216,0.03363110072030706,0.026409173734764174,0.03376885283653806,0.023891165944281423,5
COST,5198,0.023010184396555666,0.02488751930670463,0.06821489364929623,0.054949662645633016,0.02592935938160206,0.06367650475509237,0.019887703405309765,5
DRUG,1309,0.08969138158182277,0.1139151446269242,0.32623751621095864,0.11004210117211133,0.10193208158243876,0.04134562953088556,-0.005711045153182992,5
DUK,5198,0.07029279321059378,0.07652492275439438,0.19557136492839544,0.028116930063302216,0.023550693631579255,0.04428658340013042,0.005342973160395115,5
GIS,5198,0.05823744942986819,0.06175952255732031,0.1628531251103612,0.023644563632688635,0.0296984534300706,0.04945326563531317,-0.010651475675017064,5
HAIN,5198,0.011673920657730652,0.014860317489354125,0.03892253515688193,0.03939309597542857,0.04159138019570436,0.04465129985981097,0.001684681580141456,5
HRL,5198,0.03380312654620787,0.03486217533318614,0.09398265701556396,0.03486796621076989,0.041305858164555564,0.07008468936275936,-0.030798346652044062,5
HSIC,5198,0.024506400836817877,0.027268246407380237,0.07263900587037497,0.0340616943464457,0.015302324208182626,0.03727363033500393,0.016430321969048867,5
INGR,5198,0.02134496175217271,0.022317064159067534,0.06155835653204522,0.025737653863761416,0.047223619595686044,0.043340576790407925,-0.007935131716184651,5
JJSF,5198,0.01242798037813908,0.013213050017172878,0.037760114026601954,0.03895971290093516,0.025243792592584746,0.04930421788992217,-0.02285121558588854,5
KDP,4549,0.03493522187763687,0.036364070664732684,0.09780584681531568,0.024527638096662894,0.0319916531058701,0.0379852434257068,-0.0058546076438851236,5
MKC,5198,0.03885057523122415,0.04085338655203263,0.11058623444736204,0.03498113164968471,0.02184226126175355,0.04763442544584068,0.010726190877704933,5
NEXT,2760,0.12263991029962984,0.1659764184520236,0.3997302991004963,0.05068500989608225,0.04894672172000435,0.024535171570212278,-0.016253325636063076,5
OXY,5198,0.025197197345481426,0.02894710902849318,0.07719262455811815,0.022630787285051236,0.032624103910088686,0.030823984059027528,0.02391519794106578,5
PAA,5198,0.024582027090762515,0.025859792935170267,0.07255274023042002,0.034934192072426686,0.03558170204898309,0.05466289036463275,0.047448164773743084,5
PG,5198,0.08836533442829642,0.09619015714060108,0.2435081814465634,0.02061689997514012,0.03505022219579671,0.05042893349731619,-0.008228359867221313,5
PM,4585,0.016045230957465795,0.015222750276786656,0.04573993983245672,0.04050427527779321,0.031527835237940886,0.0623509714597249,0.03740709601224057,5
PSX,3558,0.013673978853911306,0.014295062455111363,0.04117777471936612,0.024158479728562703,0.031564446516908776,0.03532121067488712,0.028382937745842995,5
REED,4888,0.06220303468908661,0.07925278255600154,0.21449807120362496,0.09892981648201249,0.06443523253434615,0.03523342762563115,-0.03449458394766636,5
SAM,5198,0.0028166180618541814,0.003281290475988685,0.010299800535468973,0.05451376635829225,0.027494804730847415,0.043605474292910874,-0.008487532839104417,5
SLB,5198,0.017546573349139005,0.01995146612779297,0.055011130143661324,0.031139246852822645,0.044640691385458585,0.03695403687475322,0.03167468603670298,5
SMG,5198,0.01733393061537747,0.01970611937170552,0.05521883896155477,0.04130967255508316,0.02990836388545801,0.033692228131601096,0.011528938029731095,5
SYY,5198,0.04147765081250687,0.04369419877003311,0.11800794965272865,0.0356685275999559,0.03162505065290549,0.06247352588908884,-0.01567668876194661,5
TPG,1102,0.024754768293551055,0.02875258440586015,0.08010180860347638,0.07011188451748361,0.05912807579752323,0.07227172901323185,0.06730539125885593,5
USAC,3368,0.013934611480814763,0.016153344139524184,0.039858582932442266,0.0361575409283335,0.034420692375164263,0.046560927794144585,0.005104289841428966,5
WHD,2092,0.03865276244122451,0.04423190891693485,0.12317164381002255,0.04460346074792669,0.04642657231874266,0.053021332644367744,0.027432271786903106,5
WMB,5198,0.009407227976433119,0.010726069434748409,0.027109632752908785,0.0333234158936901,0.024468801565906917,0.04967733832644516,0.031399844554742096,5
XEL,5198,0.05760917854150116,0.062300390459703814,0.1606375371954588,0.024892511757154467,0.03104136786744336,0.04451920207777634,0.0065726413935847106,5
XOM,5198,0.03244441144302479,0.033385543867131995,0.09240185704912696,0.018467076257496162,0.03283970943025359,0.04040503299323159,0.027072991031641624,5
ACGL,5198,0.05053326513062739,0.056284721721148734,0.14386272879874462,0.03419459018055042,0.026053982135732612,0.03913534633462683,0.00458750142362907,5
AES,5198,0.019568305697722055,0.02221882844869827,0.05718449893824673,0.03392962017230956,0.036270030349544624,0.031221810719890587,-0.0007039310710548197,5
AMTX,5017,0.10166383196220474,0.1292303699955074,0.3548914840506153,0.09918620436938132,0.06804028042930518,0.03832827023426707,-0.03380194587942276,5
BKH,5198,0.016709639789968866,0.01769145311868703,0.04850201356042416,0.030464551263575192,0.0409215534419085,0.04933667077570751,0.012769129350867492,5
BLDP,5198,0.06516975395614966,0.0824056681090144,0.22158116476068868,0.06492423031388819,0.06000819966546751,0.018666483553591573,-0.006728775827941624,5
CLF,5198,0.07671655931989785,0.09454553392888876,0.2562321584331082,0.03009710778246113,0.04954283863661517,0.04075885994382068,0.03159021994112632,5
CLH,5198,0.0034291699406077125,0.003352837392893937,0.008999268643091418,0.027928301417378114,0.03340821400737707,0.044769190633099726,-0.0006384544759678867,5
CNP,5198,0.03242167681261454,0.034945276488818844,0.09273374228093112,0.023356791548416574,0.02357354393016035,0.04020593073914239,0.01331826802178293,5
CSX,5198,0.01113649850259113,0.012360775502018528,0.03197729753741807,0.032677031639230955,0.022590386309661332,0.03693082655030014,0.030301664729802225,5
DAL,4804,0.028418309940818953,0.034501136658598774,0.08986737638789855,0.02682734384425575,0.03264422541628473,0.03160126844760677,0.02853380925302007,5
DSGX,5198,0.003361686511976547,0.0036197496845215005,0.008208703172609244,0.0345591907061582,0.023010888200349286,0.04912553006649107,-0.007567111005710614,5
ED,5198,0.07361778061179447,0.08061395498574819,0.2039279878064526,0.01639782617290738,0.03218135173766142,0.04633710356504471,0.014766542870936927,5
EWBC,5198,0.02274197366622399,0.025347038185581372,0.06891443164151434,0.0384650469419703,0.03775416562859027,0.028596113831171773,0.013010246619702515,5
FAST,5198,0.0034585838630839527,0.0035080760215536744,0.009946187398402806,0.029197762304255487,0.025551755275117195,0.04165156003447532,0.01875199101329217,5
FLS,5198,0.012334124747975683,0.014075635819896348,0.037451806743357685,0.03577269966061549,0.0261165912307171,0.039002280309653,0.021834546315264047,5
FULT,5198,0.022427740649887618,0.024698911050076933,0.0667319374491595,0.02799365808667701,0.027038898668027972,0.026729712873359027,-0.0014731296276865313,5
GLNG,5198,0.036276508206619984,0.043507021716475025,0.11295035205237303,0.02504645955074105,0.028182655352154532,0.022018625822008538,0.00764649825492425,5
GPRE,5089,0.05045418013588965,0.06279502226357381,0.1688410837318325,0.0520463425773702,0.04604979496288916,0.024051159037590787,0.0006065382209501369,5
HON,5198,0.035902024397425736,0.039576056229304046,0.10347359820477064,0.026406568695445987,0.01903563211111208,0.027262895389898293,0.0193221259191374,5
IDA,5198,0.03495639684656515,0.03665849201273608,0.09976331659729387,0.031127594969665006,0.03265429619755618,0.053619504053749094,0.011887173775745496,5
JKS,4040,0.09382282048378832,0.11806054047541581,0.3186531148360593,0.03235299165296082,0.04935132545409816,0.025465242490910072,0.021484658579425053,5
KGC,5198,0.042857098945809025,0.05044022931191838,0.13847596203894286,0.02388974302385623,0.046377583065368704,0.04259265559643405,0.02705167671403963,5
LIN,5198,0.03886866955400914,0.04154030430281408,0.1097334521569826,0.015394257630245555,0.03553581914049977,0.03490298321214765,0.0059466333490075796,5
LNG,5198,0.03006664840134121,0.03769136830148012,0.09504555900546374,0.038315924349634774,0.03177484736368261,0.027225633815831072,0.015021525177188688,5
MMM,5198,0.032797448527691286,0.033893835894250435,0.09440295766157969,0.03564393049784694,0.02691920837133022,0.05091857102926405,0.008489048202701632,5
NI,5198,0.033944569090541,0.03656524764775859,0.09670690057158238,0.03363203702164113,0.02571898900121508,0.04283457276063406,0.0158548179889193,5
OGS,3115,0.024816865443879954,0.026800940431829456,0.07073966697511269,0.028051301186387084,0.04468810125276518,0.03640913789072349,0.010635611332390882,5
ROP,5198,0.030432077818242975,0.033517605250790616,0.08929052810919214,0.030580605551881388,0.018395845707693707,0.03545061990879576,0.00970689926931445,5
SAIA,5198,0.0318299070067547,0.03750395393984751,0.10046632830279412,0.03896167223306288,0.0264343672896771,0.04098909758762376,0.02754681763820077,5
SAIC,3200,-0.004228477919058671,-0.005855688383553881,-0.013982905968120019,0.04224566864781081,0.0481171311554499,0.07640560693340373,-0.023948220226447936,5
SEDG,2816,0.07816922169775375,0.09716754701554065,0.26194752918295416,0.05569319001568311,0.04308087173426016,0.02987000039270656,0.002502442020076323,5
SPWR,859,0.15688876871399782,0.2050929776952105,0.5478342815192416,0.08471372068367142,0.11976236418229487,0.037969785826012376,0.03732790139416231,5
SR,5198,0.035409106131832235,0.038272578935765855,0.1026294163768875,0.03360505960093364,0.021406895116619445,0.04136272299233515,0.0038782644252929876,5
SSD,5198,0.008510627716971864,0.009141701252847745,0.026393910267602627,0.026953187954969343,0.03178287848039011,0.04970309283640258,0.017272741992847895,5
WKHS,4028,0.10004746103695084,0.12770619528510407,0.35309740642090626,0.10987616732879334,0.08229879099716615,0.04285684958203902,-0.027577376331627157,5
AEP,5198,0.04434115878620781,0.04723737743296519,0.12594649451275974,0.033230070933476005,0.028002614261480006,0.04859779633598838,0.013487647799613756,5
ALKS,5198,0.015389602858578266,0.017477595879225594,0.05003296278931557,0.03557924850026477,0.03483150456790145,0.051648808292766496,0.0019440020091627819,5
AMGN,5198,0.0016991664940725348,0.0008185533166696901,0.005407097071287281,0.034440570822320285,0.03605810707781168,0.06599026937904888,0.009823110480636943,5
AMT,5198,0.0199700714626575,0.02209683533403184,0.059673302429763764,0.026456734845676348,0.01808993242933297,0.03757020139442515,0.017276842742670995,5
APA,5198,0.030879451464167262,0.03629301659326556,0.09802245582495595,0.02894762037848683,0.044315471107132305,0.039285084901348154,0.03641550083081735,5
APLE,2780,0.04491534838698419,0.04990078272621579,0.12960438008142228,0.040784686588072515,0.049260520721993425,0.027391798185894826,-0.0010603201555476893,5
ATO,5198,0.04683585853309935,0.0507135345247256,0.1329291814689123,0.029874751769312986,0.03579570841805299,0.046356242584374915,0.02297970866436866,5
AVA,5198,0.04267713055858591,0.04581506232777566,0.11988453736850091,0.038183803064336545,0.027595166408819857,0.038427788452125265,0.007698585331603336,5
BXP,5198,0.027778160003113173,0.03043976784095126,0.08175708464351528,0.02633561434173364,0.023322117032225927,0.03241132624324077,0.017870490687564966,5
CMS,5198,0.04233829565438352,0.04521075578486655,0.11889515297519093,0.027795686712972282,0.02508365152896069,0.04172828617366335,0.02261669413631312,5
CWT,5198,0.016720748558748832,0.017863650924160424,0.04836680029329965,0.02486027562621696,0.024755001612790227,0.041945736671799,0.0005327926023435681,5
D,5198,0.05006395022600063,0.053750018936774446,0.14115735003480534,0.027936833732908003,0.021768904344485827,0.038912441949501615,0.0004238011530467989,5
DLR,5198,0.0011320494663868974,0.0007367501241232199,0.0026362924235489027,0.040731176547634446,0.026964018519117814,0.05965746666414777,0.03248396819860899,5
DTE,5198,0.04738454532599645,0.050138710225994254,0.13263224348152913,0.03350029305045012,0.025742503976726727,0.045666711117531913,0.027329598786040632,5
ES,5198,0.03559203470566896,0.037722214169353396,0.1002281072147495,0.03131614243679777,0.03019200868563452,0.049201062485208745,0.026756630162663664,5
EVRG,5198,0.053248591693930036,0.05821076542901671,0.15031622186744908,0.031215964154300547,0.0249755024836872,0.0464480236590499,0.016014972276320594,5
EXC,5198,0.02564079284759413,0.027598387591873275,0.0747916676715148,0.03839598896240628,0.022889270395235455,0.03815783854400529,0.027428428121785475,5
FE,5198,0.025185188726444152,0.025704830932395506,0.07207695497280753,0.0324206446426827,0.025042224681150364,0.04822320349531685,0.018109708678273995,5
GWRS,2541,0.0013605446966734602,0.0006007921671596916,0.00779774452328974,0.06251120195232569,0.04967556875353018,0.0580925168084704,-0.04766585312223681,5
HR,5198,0.02384488973221377,0.026231068502345356,0.06969458508272142,0.023317738282435118,0.020245405343311394,0.03645942137132658,0.0249674240440394,5
LNT,5198,0.03807318477157984,0.04100101324173522,0.1083177310331298,0.038262339720230874,0.02431175086852242,0.04876096230451763,0.02545787181050191,5
NEE,5198,0.0410384722523186,0.04418431123625455,0.11650326715829784,0.03415519343319995,0.020203305200522062,0.03240308347586349,0.018693730226499672,5
NWN,5198,0.024818731967217178,0.025482528855796494,0.07097789019538592,0.034388989683136015,0.030508254225057284,0.0482242039722656,0.012488104782858112,5
NXRT,2821,0.0023320272467309833,0.0029194919643685813,0.006844097543500016,0.033127486277919664,0.03465683186721902,0.043433338097332644,0.023657421436516057,5
PNW,5198,0.042567000949812805,0.04555871976324999,0.12154619948692347,0.03179260574871758,0.029434610114846025,0.04026632827125051,0.021536332204659836,5
SBS,5198,0.01930991487328826,0.0220204019489727,0.061310875102708495,0.04110463816427461,0.026387539229607657,0.04801585381938752,0.019066175313328992,5
SRE,5198,0.0390529087567264,0.041559217955274064,0.10951607316393075,0.029323534653015022,0.035081713394809796,0.03998429655008199,0.013905147303407472,5
UDR,5198,0.028687285723033806,0.03073183403334745,0.08316591218079183,0.01835958513733331,0.025742432402132236,0.03749982028462857,0.027567807026709135,5
UGI,5198,0.01958911413058184,0.019944537047448252,0.056481245650434886,0.03645988822373209,0.03234869495418356,0.06364651433994514,0.008752928947131866,5
VTR,5198,0.01696151985346006,0.018532368972662083,0.04891121646688712,0.02928740703208761,0.03457480747856145,0.05665540788071849,0.03209967214632781,5
YORW,5198,0.01607988822160067,0.017368501128652625,0.047427732638107956,0.035367856543939716,0.028220596304360423,0.04275548889825966,-0.029531748432891136,5
ACRE,3547,0.053518513296371806,0.05880364425543472,0.15717675634351658,0.032116455922109634,0.03276717236088571,0.04920823262305469,-0.018314675309555883,5
AIV,5198,0.02808717405009531,0.031312469786359376,0.08239495240057682,0.024170108942193853,0.019157139378735626,0.03427594969362284,0.027521426714569697,5
AKAM,5198,0.004805265978723772,0.004688248083390079,0.015271117069858176,0.03806628334999268,0.02851432034972999,0.061789184544993686,-0.010239908567021727,5
ARR,4656,0.06214500521292676,0.0710982585833222,0.17356577715698762,0.026292015435579658,0.037563394970047084,0.05233066395103567,-0.010092236858470716,5
BATRK,2549,0.01102004543060886,0.012110545725185218,0.032610385301901856,0.03577814702779089,0.04150548408362575,0.056020155052149134,0.006328878109480407,5
CBL,1152,0.001925568389493315,0.0021535436766702,0.0031081579974291396,0.06725583475134854,0.060708077559765025,0.05852632237494819,-0.007238299689359073,5
CHTR,4130,-0.009312663947179445,-0.011093669480162216,-0.028819112333299035,0.05247248655442176,0.03601129960277756,0.06958751363125032,0.003226835957162333,5
CLDT,4060,0.01423819732725251,0.015292448999381647,0.04213589098259296,0.04781375521326007,0.048151451457530414,0.03535764780758052,0.014446467553894005,5
CPT,5198,0.02962587930635796,0.032375773576844846,0.08639937382371687,0.032694725561263516,0.023873162637534584,0.03898544955056945,0.03402614526783171,5
DEI,4933,0.029897289634361224,0.033784774471942614,0.0912064762228153,0.027907948879822977,0.03011180637768696,0.0349452445838965,0.02077991652538258,5
DIS,5198,0.025811250774614214,0.02866602191745815,0.07678896318565587,0.033200971489086344,0.019640507510490214,0.03944980487279042,0.0053479392633341005,5
DKNG,1726,0.07815885748310514,0.08883309275421769,0.25771888284211675,0.03594426017552442,0.046889224203669304,0.03704124412254937,0.027897521726779617,5
ELS,5198,0.028683816143293517,0.030996196076088167,0.08359138669498367,0.0443084739706192,0.02046789449079535,0.04186397063552691,0.019019028176196995,5
FUBO,1809,0.10415803498616749,0.13396612520437579,0.36572150356259436,0.08872322467165536,0.07794407547146263,0.03224460165298994,-0.01077914920019274,5
GEO,5198,0.01997124193943889,0.022689890935346013,0.06316887888916478,0.02878535635519962,0.024640446079435503,0.040719940657854614,0.012879438370053453,5
GOOGL,5198,-0.0006602749190141033,-0.0012036183122374755,-0.0016650877109538609,0.0561957686319632,0.026845403951594547,0.05995859741367666,0.03454591209020874,5
IMAX,5198,0.020309815844127277,0.023173795194870395,0.06525689967631143,0.025560170844936884,0.03976739621095905,0.04735241148071868,0.021335471514648208,5
JOE,5198,0.005870044482387593,0.00691686951063375,0.021208106877795396,0.03808091047229607,0.056187833757894025,0.04649899953997056,0.03146799920229282,5
LUMN,5198,0.032491175560888874,0.03732031188101492,0.10010727538060282,0.047149252114948643,0.030687306597312846,0.044397593406718866,-0.005070705115135743,5
MAC,5198,0.02883959106308165,0.03392986986137825,0.08857473444761121,0.031010209962226826,0.039544509255792046,0.033919409462102076,0.025383138940993866,5
MGM,5198,0.023781319590822303,0.02963571629317141,0.07697133135707979,0.037083260707841015,0.03622757253588598,0.03696372416895279,0.012039462788866806,5
MITT,3755,0.04242099397382204,0.046640422894529854,0.12393787500369569,0.02432210870612953,0.021909790107615776,0.027249041232919095,0.00352454376909217,5
MTCH,5198,0.012158781494606585,0.013999473289903253,0.03821513967942247,0.03546550592157463,0.0342244375805274,0.04418594269322037,0.02463170348674848,5
PINS,1793,0.04108808061548341,0.04803882908034074,0.1345179532615225,0.053619099058921434,0.04591025958929524,0.04280616618938043,-0.016871786115891574,5
RBLX,1317,0.08096254850687168,0.10139603834613564,0.2759592921538975,0.0818723449448156,0.058678478862448175,0.04749962436311068,0.02885792100619622,5
RDHL,3374,0.06920453472211407,0.09198410300737936,0.2452654455608937,0.10128547199110202,0.0909213556576284,0.02161410270743494,-0.010364116333473672,5
RHP,5198,0.02770213160494195,0.03320061464686008,0.0829004273625863,0.015589096527883478,0.03019200598232652,0.025918708213330168,0.016902616299852125,5
SIRI,5198,0.02435671907224357,0.030147675622532066,0.07713331461052164,0.040519782783848456,0.04185709419899282,0.019760004394888737,-0.00018509370878638798,5
SITC,5198,0.02489045794343836,0.030310281522106908,0.07663473491654194,0.0362628187802192,0.030759566889594914,0.04267049112965299,0.03704825395423661,5
UBER,1778,0.0409294376431496,0.048443355857916925,0.13222551029642926,0.05990357670191302,0.05064202019582315,0.04919447431380625,0.026882526099145543,5
VIAV,5198,0.022442569010324043,0.02704327647901328,0.07146304141889337,0.02836022269168512,0.033663661268272055,0.03809971936267815,0.009431299356806089,5
VSAT,5198,0.020951320737452428,0.024986935859984905,0.06842840797468486,0.039676223057721755,0.028762311900049596,0.03612361351410073,-0.01339082506876954,5
ZM,1793,0.04054952398900402,0.04845074509303493,0.13253023159833555,0.07255129834426159,0.06833875446896678,0.038495091506375055,0.022703730953650636,5
JD,3028,0.031073171927219145,0.03753261462384594,0.10508737912788646,0.0554981534978279,0.05408289717557093,0.04460053503651128,0.024043783816155906,5
TME,1880,0.03403563699178902,0.04141656831418217,0.11344100561233417,0.07102675705831102,0.03488208504908897,0.04196640927582346,-0.018608762537862367,5
AAPL,5193,-0.0011508993037749882,0.0009382767707094564,-0.005334915043062161,0.08562210361185776,0.023855357723740655,0.06949389519034707,0.06948719776545609,10
ABNB,1372,0.007897442697910373,0.012459081846193487,0.03405030028006284,0.10063112892058432,0.109412693605913,0.04256439681433726,-0.0008257557217129508,10
AFRM,1350,0.07170922235329147,0.11706031285141993,0.34325857735306997,0.11057210807447079,0.08508524779920225,0.021648643634937438,0.01047112222071045,10
AMD,5193,0.04082722147664364,0.059785907845225306,0.17315429996574583,0.028910817672768787,0.060010694106511706,0.03997659899011733,0.03184707029784506,10
AMKR,5193,0.03064505206495549,0.04496436785589397,0.12614923474288908,0.022084772133446146,0.05151842327079355,0.04309512655583049,0.029265476144303637,10
APPS,5006,0.03823026419034892,0.04711939282348121,0.16421656272820861,0.07410261255238373,0.04869179725289774,0.05292991994977998,-0.030724212693968078,10
AVAV,4869,0.006667228225367916,0.009365110535773824,0.02773504140761851,0.04739251876665744,0.025775740482792953,0.05248948265747702,-0.006940692565259532,10
BIDU,5193,0.017421751497704863,0.02508637798234148,0.06888773001644555,0.03405858007281726,0.04011461085640073,0.04222181843708138,0.017000751997059638,10
BMY,5193,0.0006333306366905767,0.0010857348247274023,0.0029955454473011844,0.05187622042386812,0.03631770318840685,0.06267115983795667,0.01979636912851601,10
CRWD,1751,0.03825574172965007,0.050512290118315484,0.14598542407666748,0.044668839343407034,0.07112619605900423,0.032640609092401955,0.020926424889888495,10
CVS,5193,0.003959035618838036,0.004985141556134498,0.014292677183922575,0.03826388176663313,0.029088189601955583,0.046546403402575605,0.03440284896437518,10
CYH,5193,0.03226689307909825,0.048489277541521214,0.13451503126782705,0.043663662074045165,0.05325679715465263,0.03894369357265352,0.01977685050837641,10
DELL,2459,0.018717546055104006,0.022508266400433685,0.06045339229042357,0.09039819383582434,0.07259738243792105,0.051679683660602826,0.02905471129369419,10
EPAM,3597,0.0063900468085617,0.008147203988764784,0.02085299476251734,0.04373801704045631,0.028498480141510858,0.05712257441643846,0.03463717742051742,10
ESTC,1921,0.03197652338698509,0.0446635058426601,0.13118925509483914,0.03975763989884923,0.06492312008176601,0.04661627642069556,0.011312652617801566,10
FFIV,5193,0.005663462466169666,0.007649233807777933,0.018498322873096384,0.020291527264406972,0.04027413933946979,0.0347634009427242,0.015658370179177816,10
FORM,5193,0.026929398864344423,0.037651807850958674,0.10896696591217148,0.04350792979450323,0.04938502627807432,0.04166881252570165,0.01842200047887632,10
INO,5193,0.053461923545770396,0.0860783746330519,0.25229208388384683,0.08170233055986516,0.09059172721237847,0.03421737787100523,0.008889396652513315,10
INTU,5193,0.00496884470191894,0.0068387186995427784,0.01585417225959218,0.03840603198351806,0.05010395586898097,0.05021313608306787,0.018796221086073484,10
JNJ,5193,0.04409346687115867,0.04984165091554382,0.12000272413848767,0.048973160395038275,0.043033292314409645,0.07949117949383463,0.04082956475910715,10
KLAC,5193,0.0031915504162547403,0.0046296140705731625,0.009162401568104994,0.03268292355452478,0.03847217570431495,0.04115502291530996,0.021038099144915945,10
NVDA,5193,0.02681696933369282,0.03548640227302935,0.09616457585904536,0.05311546841843978,0.03624081611633301,0.0357519967544981,0.029783128389337943,10
PATH,1283,0.034975645806015754,0.05584407018099191,0.1646563175215704,0.0923843987965528,0.08793948224904662,0.04088596408476799,0.007349491398128238,10
PCTY,3068,0.014175997273493612,0.017883485116424347,0.053426209118695334,0.025195189986033102,0.052530016142976955,0.047566995364668484,0.02513512925304362,10
PLTR,1422,0.04557458181749452,0.06528224658306248,0.19212242510517652,0.06072768568992614,0.049109716623308944,0.03809251610069166,0.008268468532548812,10
QLYS,3435,0.009253942287363204,0.011861395983304823,0.03275794333821214,0.03377339667281383,0.04917007467805732,0.04437064802629287,0.01132058711204631,10
RIOT,2556,0.08356298936401452,0.13933725545107722,0.40247860640644484,0.06787009489415023,0.06143626639494128,0.01973943454279025,0.0074266444116317665,10
UPWK,1923,0.03968794562383493,0.06274671363233408,0.1831668969145489,0.0849571174714817,0.10677061571283883,0.03746654865832238,0.013615511880835984,10
WB,3047,0.02927706506180594,0.0438343304826011,0.13024827081145562,0.05058443574659699,0.07830774799737533,0.051674130659710604,0.027841683691119945,10
YELP,3581,0.011424622998525868,0.013877146447615285,0.04502707610885437,0.046596330650623075,0.0481911244188664,0.0408937591592282,-0.01444434379772308,10
A,5193,-0.0029029823838830904,-0.003223859735691059,-0.00898322118423911,0.03180620524492104,0.03913679430159028,0.0570318215276817,0.036104409350163014,10
ARRY,1411,0.05281563074106699,0.086156145235879,0.2659781016406344,0.1077910421335638,0.11300992805175454,0.041955734422914864,0.002066230664094504,10
ATXI,2243,0.051715812174010556,0.08698645477972633,0.25654492614710933,0.13102392920733455,0.11265037132064201,0.026258825804046683,-0.018373557886692482,10
BEAM,1586,0.06836861932798988,0.10928606239355276,0.32149371291578743,0.06389650486381478,0.06382754790828027,0.02388074590083481,0.018641679483133555,10
BKYI,5193,0.009824790854274679,0.013298060502338616,0.050197089224096825,0.1695588809572018,0.08547650535006111,0.08475802963050419,-0.08475802963050416,10
BTAI,2068,0.07992403725400365,0.14106529074647678,0.4214622122038376,0.12557748069615615,0.142668738183016,0.02203102297432419,0.017091257486859912,10
CBIO,925,0.02510915884036946,0.03380662829419945,0.11349981429670297,0.1278290914522635,0.08276894485628283,0.0741116551772968,-0.06480379829535621,10
CERS,5193,0.03630638138257514,0.0561414360490996,0.15912063090508244,0.06293888945880707,0.06389417862722277,0.025636779941760484,0.005894349927780929,10
CGEM,1353,0.04431705692638244,0.07307774577468973,0.21056009573015644,0.09172945476776569,0.10412309505458416,0.021124537023719133,0.007596441995454284,10
DXCM,5193,0.013750479696397533,0.016277483484539723,0.05088509032248423,0.04258418356364526,0.03810281744242954,0.056216023152167914,-0.0002550545706124785,10
EW,5193,-0.004621970836842015,-0.007660300198970127,-0.016727705903076595,0.0497173571228499,0.04464488573215977,0.06792622759447557,0.0064774825078615095,10
FAF,4025,-0.0005938015482707115,0.00033915721248778397,-0.0011174865819219004,0.043888690042199544,0.029921674065708375,0.050347005954440346,0.032967403131242135,10
FISV,5191,0.016040478087442023,0.02016890558895268,0.05063585224862477,0.05283287897680195,0.03776460225769054,0.04745332482915879,-0.002344646969240638,10
GOSS,1836,0.05845743966914818,0.09309993223368085,0.27791645259166176,0.09849092591562043,0.09645048429893255,0.03406387103279174,0.0031516892198384383,10
IONS,5193,0.024478916035058695,0.03303526118715061,0.09387790594544543,0.04292032835388513,0.05119825669756381,0.01944046553196347,0.009205717566888927,10
JPM,5193,0.0020713816953605857,0.0038167069265856446,0.006524726670360859,0.05000599961955263,0.03553537616960671,0.05367639152938956,0.03466441139834209,10
KKR,3993,0.012676041920070658,0.015682479728068133,0.03991274342116102,0.06398744441544593,0.058131722862592716,0.03965312321062765,0.024849522803813695,10
KROS,1543,0.03758827709037893,0.059981751976897146,0.1678460165376069,0.06867023197691395,0.07712150454443921,0.03448268353977686,-0.0033873387419861567,10
LMND,1484,0.06512637638346275,0.10581508633503478,0.3162677496121826,0.09153717161831507,0.08713413467706053,0.03156279929162998,0.013762614094825376,10
NTLA,2530,0.06248941443624356,0.09682563551656365,0.2824438992714875,0.06703003634341621,0.07104725170983628,0.026966171761746482,0.01054339730456888,10
OMCL,5193,0.002882507878770646,0.0037443457602196473,0.011140094477383178,0.037254099726057144,0.029923598172461263,0.04899188403263272,-0.00020054113582546051,10
PFG,5193,0.015198100958120353,0.0204455086066635,0.048277778375711566,0.040718638979295944,0.024983881005897886,0.026850374354899294,0.018528061056100276,10
PSEC,5193,0.018994982260933435,0.019612980989932027,0.0535496089969556,0.016879327467542476,0.046255874829343485,0.0591514113484872,-0.004094555277442624,10
RARE,3100,0.037420054661597035,0.05383341359773908,0.16248792711150362,0.05535357907895121,0.07097676538651991,0.0351339706874663,0.01728640064116449,10
RJF,5193,0.008176028321506545,0.010557143175226047,0.025463019406182008,0.034966392698325625,0.029740961517829474,0.02927024711275661,0.015344820783222302,10
SPGI,5193,-0.002990225039590344,-0.0018919782322230905,-0.010194010010597054,0.0649632348155507,0.03624215771725886,0.062255546602696867,0.04777934291609298,10
STI,1023,0.24695962701358887,0.3168773109813976,0.7576514868482921,0.1032699583633029,0.08452543172823467,0.028442329404545788,-0.017645618782095918,10
TECH,5193,0.0016696451672706392,0.0007680104737199933,0.005162837650504404,0.041452786584086854,0.048851472852708924,0.05427275524016822,0.015199515660810459,10
TFC,5193,0.013886073772191643,0.01628407072756044,0.04364434111185733,0.02913919549192189,0.04080206782469372,0.04475177134963423,0.02747366318991029,10
TREE,4477,0.03524810710766679,0.053148931297026025,0.14596122929305455,0.061092386933770434,0.042904155167027294,0.0271539706349879,0.01881811390877408,10
TRV,5193,0.01761020723511575,0.020882984449420938,0.05028742409036702,0.036014183992747736,0.03861751588018051,0.06710149177479051,0.01421317936637001,10
UPST,1368,0.0736948813709426,0.12365028635606046,0.3666137183321355,0.09139554446552231,0.09887340150729956,0.02993879672030958,0.006293914950730506,10
AFYA,1725,0.016710424574807092,0.024535398769093053,0.07068313495913525,0.0694575017777042,0.09114174160404481,0.06220131485358529,0.042634957406831875,10
AMZN,5193,0.004563157826580233,0.0067274707440103665,0.01460070046070927,0.046938957419442276,0.03311867659293501,0.04476895004413316,0.025611995026575407,10
ANF,5193,0.027502043476356763,0.03826271288000305,0.11223794946244803,0.034691169418949806,0.0537975336312559,0.05541793873216889,0.023565324364474338,10
AON,5193,0.012303377472273502,0.015377804669808426,0.03658204642087315,0.05116492940979888,0.03660874661713145,0.06006907850314534,0.010878005148059255,10
BE,1972,0.09096723281083852,0.14548379568240655,0.44566729366788194,0.0691753982832659,0.08316774967052876,0.04123519670830295,0.03875505475376484,10
BKNG,5193,0.005266769329743348,0.006622110422920158,0.014297824417379035,0.04277253749224577,0.042584031137363226,0.038335301528632605,0.03005657350365054,10
BLMN,3471,0.010965548030524075,0.01571588355208664,0.04343767713657787,0.04549855646363118,0.06377486307179335,0.030341066636877072,0.01490475912665612,10
BLNK,4134,0.05761174974887895,0.09889481156608582,0.2937936317860945,0.14729710623268696,0.13095246126355325,0.023567520539773276,-0.016344644969133793,10
CASH,5193,0.0005718559431382442,-0.0005175104843559986,0.0020108980643120944,0.048798310597140765,0.03888975663317575,0.05716203307080495,0.002625599120442801,10
CATY,5193,0.01172466415073592,0.015505388066979653,0.04068468130013858,0.055783520150845776,0.037894361901898474,0.02707363260221602,-0.0013063380180148298,10
CMCSA,5193,0.005583186738189694,0.007671342328115505,0.019078194307712848,0.04816023784176867,0.021352371552787977,0.04126284234319008,0.018445802637659714,10
CROX,5108,0.031867371367644615,0.043945779272990815,0.12194817284640957,0.03912595561475798,0.02599326566666854,0.025456255851729177,0.007449439928787438,10
EARN,3290,0.01948251610688001,0.01937144728925322,0.05235918135940276,0.045077539880768513,0.07373317831328938,0.06362129745376509,0.000642529431175598,10
ETSY,2797,0.03669064734833527,0.053105663404181214,0.15171565229893302,0.05122915823458774,0.04146810082141357,0.027793988207215944,0.015620661455262863,10
FFIN,5193,0.003922503587173387,0.0034206517323615016,0.011593767564942126,0.029809771986933256,0.03419791366033371,0.03186503179542088,-0.02112345992313658,10
FNF,5187,0.004776399737918324,0.00902339668124541,0.0183703079130082,0.060557859069077936,0.02568005399136776,0.054239549551461534,0.015288261292710215,10
FWRD,5193,0.008502553076194963,0.013623213276533264,0.03113074073842781,0.04917840803665805,0.04498247944296336,0.03594270227744172,0.012273366206669745,10
IDXX,5193,-0.003938662511737467,-0.004140886338099836,-0.01201620494231248,0.050402822351377656,0.037580953332389824,0.054158481361260884,0.02069498634300504,10
KNX,5193,0.003889125831920137,0.005726959970466239,0.014695639790496595,0.04409952439911536,0.048746298106906276,0.03489254369697613,0.021771817627541767,10
LECO,5193,-0.0002850746874420995,9.91695833928441e-05,-0.003174380346051331,0.04031226772943398,0.03353519125375448,0.04341325193970689,0.03386864526674005,10
LU,1400,0.03840339866052478,0.0675385333847609,0.19344388635373377,0.14213669151067734,0.13703810960054397,0.03259775493826185,-0.0050985819101333485,10
M,5193,0.020814488938787457,0.03058790669071465,0.08074577430739815,0.031385380507158264,0.03758086845775158,0.034646344998657354,0.023341441238268534,10
MAR,5193,6.0033484680199756e-05,0.0026637880212868614,0.0020760552208934913,0.05182371116226265,0.01676413557753497,0.05028035530586267,0.03725328762281521,10
MLCO,4890,0.031360668123705304,0.04769928109793453,0.13628461085721455,0.03797222868308943,0.06081378268561725,0.03801622968509885,0.02828728790663504,10
NIO,1938,0.052902632073143496,0.08456419120772563,0.24553447636581605,0.1021009610410322,0.09797305196246864,0.02901046442481139,-0.004109026739225752,10
ONB,5193,0.007005303827010256,0.0076889806874516076,0.021602880541114033,0.03709507512777682,0.052196179502804155,0.037684484966201144,-0.001783581863426642,10
RKT,1460,0.03787845937813228,0.058779713553419155,0.17580639035398682,0.06368132772510998,0.11039149455011707,0.04549620518945667,0.027577155787650853,10
ROOT,1402,0.0639881816166118,0.11525329387267991,0.33719129312076834,0.13651291473360783,0.14550799110136425,0.017256381189432013,0.006864894665086885,10
SHO,5193,0.013413466541332908,0.016915449260374915,0.0429571299994721,0.025332264870479793,0.048235854919122474,0.019932576960023374,0.0018586529379012173,10
STWD,4225,0.05382165948447237,0.05846560874111839,0.14442540272891358,0.04701913471581669,0.048387810257235916,0.04858370712082059,0.0014590010866963876,10
TRIP,3639,0.007441183175058486,0.009296441017980439,0.03343518686927305,0.05783401061526103,0.06887378999167466,0.060125409119500664,-0.012615416752797426,10
UFPI,5193,0.004484740406515808,0.007300554862715969,0.017598849748608147,0.04094099705788112,0.029168822472434762,0.03287071619744523,-0.011719496096808113,10
WAFD,5193,0.015998349721195515,0.01910924011782622,0.050013966991144465,0.05133804475758407,0.04876719253493164,0.03359179082384876,-0.0015642490161192901,10
WMT,5193,0.027324038113193172,0.031041537541794173,0.07587853222961871,0.04832780623588632,0.04449521876468425,0.06196328984412433,0.007694096520941995,10
WRB,5193,0.026992423103217367,0.03201901484571834,0.07815254865746324,0.03917345937342169,0.03143210682552398,0.047606077961280774,0.00034490345060633754,10
AEIS,5193,0.020568228299459368,0.02728725480924421,0.07629271862729381,0.03577135643035307,0.026525595701546563,0.03940195278776605,0.01828568800494723,10
ALCO,5193,-0.00039187910777971346,0.0010183680924804595,0.002221354733927816,0.060474098328448626,0.04612964775930496,0.048758059780239095,-0.010889621201494393,10
ALHC,1300,0.05925575439360342,0.09384449569697284,0.2761946295807627,0.04705315076387845,0.08185582128854899,0.044381585167004516,0.03802892354818499,10
CALM,5193,-0.00010586557768421656,0.0010514642089817228,-0.001477357659404488,0.06594111726345087,0.03799380729326089,0.06326558800611841,0.027454995208568866,10
CF,5193,0.017591369698103487,0.025046114378031836,0.0640073338002628,0.04800047149105886,0.021676591591937862,0.039445355089785576,0.03635039898028336,10
COST,5193,0.010198966007905708,0.014737499387069253,0.03253896713351356,0.06839587633696544,0.03057217694806061,0.06347370664066328,0.029918354046946205,10
DRUG,1304,0.045941631196065424,0.07148716164441005,0.22996135388188,0.11668961303182906,0.09940896551210457,0.037918144048540124,-0.01299409241489835,10
DUK,5193,0.04006382414440279,0.04615520953202035,0.1098557490705645,0.045621574398480975,0.0367889946067285,0.06385395853517832,0.019636156141826788,10
GIS,5193,0.03299413676437135,0.036079493043445376,0.08829424414470877,0.039958425143103424,0.042038702286726806,0.0593730953059145,0.002634526766806533,10
HAIN,5193,0.010571926126822562,0.01709625902330769,0.040858740221392575,0.045913839986414746,0.05210459178097327,0.028888535839891982,0.017252104250355838,10
HRL,5193,0.01686781616599986,0.0188989974597622,0.046245782263194535,0.039009583790064,0.04252120623773586,0.0736126237273239,-0.011300009866681782,10
HSIC,5193,0.018322544830182363,0.02169671686491914,0.056196527329621326,0.03565715970290366,0.026337844117881943,0.037037926214739406,0.007068857801699635,10
INGR,5193,0.003948890938641703,0.0029169469156059558,0.009421925809511511,0.04024246707630368,0.06541786399531314,0.053785382732878105,-0.0001210766707613331,10
JJSF,5193,0.00526593631420591,0.004704985821691321,0.016557836336760223,0.05103885392600486,0.021124967161387398,0.06358139940293427,-0.035942800444902834,10
KDP,4544,0.022684546511977932,0.025167214408158944,0.062058074183302336,0.02356522748063148,0.041782867665153364,0.044809842833094825,0.004750823887379907,10
MKC,5193,0.016979120151662697,0.019572342511535612,0.04789934516795702,0.04472781664978992,0.023285744022007695,0.053052118751450855,0.03330293830197917,10
NEXT,2755,0.13464428702616982,0.18214051125745412,0.4678441329840587,0.05549351245102489,0.056644163840216255,0.029867081638776223,-0.015022359423196407,10
OXY,5193,0.007842802683990624,0.012206135156242248,0.028573572598342145,0.03614092734297093,0.04084102287472454,0.03835471111032147,0.027236696342018862,10
PAA,5193,0.006757317564373699,0.011662068747135712,0.023587008985609503,0.05242661481994713,0.03915222106659639,0.05992731958449794,0.045983116965451765,10
PG,5193,0.06038387575529369,0.06697382626491755,0.15915390076153324,0.02343550882695522,0.0399139555400331,0.05484026537312493,0.010068613182894648,10
PM,4580,0.0026295391814644686,0.003469934543623321,0.007721439474119185,0.05142192736300579,0.038539994647929766,0.06383242393522544,0.049818953590296755,10
PSX,3553,0.0029601387933388956,0.004227933063433387,0.007948625269236564,0.04309473111449648,0.03764016613838137,0.03927071029338708,0.03247284018134455,10
REED,4883,0.038121568267605044,0.06572392729081988,0.17906013784042496,0.1238935718508546,0.10202229657110658,0.026670276483941595,-0.02187127527974808,10
SAM,5193,0.005106722540599518,0.008017571002338575,0.021117267184404542,0.05866133816068213,0.04718219044521644,0.03741743353470062,0.01460798413003317,10
SLB,5193,0.0074538324473178985,0.009921150539022539,0.025678097874668793,0.026653082274802956,0.06367527699679416,0.05365541728560276,0.04184117155418943,10
SMG,5193,0.012357013348086365,0.01807710840678345,0.04320568135453129,0.04504394562814178,0.04435628399054897,0.028421550852851137,0.024009187174066082,10
SYY,5193,0.024334729592567772,0.027818524168214065,0.06982135126389177,0.04583024152230142,0.027885874667689672,0.06213094431375368,-0.003467772604354935,10
TPG,1097,0.018050873214941254,0.024391203430733865,0.06829330122232202,0.08048976019174268,0.05538714442779069,0.06208973060767003,0.04568358364709424,10
USAC,3363,0.003637331605080618,0.00563161155704317,0.01001940332746154,0.056182858806935354,0.05154142355302102,0.041384320966445204,0.009885879962918565,10
WHD,2087,0.02533520242432985,0.03531773701529095,0.10326759216479187,0.06606812114685874,0.07478206348750485,0.046711615700440696,0.025482398160176833,10
WMB,5193,0.0032338879472456616,0.00649387799461254,0.010556274041868652,0.04228022768333104,0.038197694352406344,0.04951608443843268,0.03891989560616671,10
XEL,5193,0.032158187833964846,0.036635376322589064,0.08854540847687531,0.04582439573765397,0.030668965446313128,0.04678738565859756,0.02570374047890478,10
XOM,5193,0.018514373409800555,0.019065575767865717,0.051632759515167104,0.02675496889703334,0.04720097145429012,0.04796640248601547,0.02144440918968593,10
ACGL,5193,0.03252617207327524,0.03864419531633556,0.0930528516266701,0.043689953177254846,0.0415336132040952,0.03783992300017729,0.012508634091192627,10
AES,5193,0.016336442196053458,0.0190969984736018,0.05089683000267897,0.04848865518963723,0.04187200424431228,0.027830545655269705,-0.0006594395063402869,10
AMTX,5012,0.06612251819469872,0.11046685545673907,0.3302268261246494,0.11759456065137769,0.10845134768810447,0.025340461459810622,-0.015690988835009856,10
BKH,5193,0.011722339705160234,0.013563548984110052,0.0344217610386125,0.034905489704155766,0.047925000948963785,0.041937698447105175,0.0029034437143616865,10
BLDP,5193,0.034120432901092124,0.056477906646246856,0.15576343727738606,0.09507001618211403,0.08318831246068614,0.02177856280329413,-0.011881703721427939,10
CLF,5193,0.05229660203629938,0.07957267850640992,0.22942687451418164,0.0373111466624111,0.04702141369649402,0.03650376173702942,0.03215769255250811,10
CLH,5193,-0.0021881540761647944,-0.003821372306320514,-0.010205730429082571,0.02637516384796901,0.048621308983187214,0.053489081359267734,0.010044771723840884,10
CNP,5193,0.017501348687075757,0.020637139624874012,0.05010128778917389,0.036288905285489635,0.03051025296753137,0.05074638951962194,0.021906817687365798,10
CSX,5193,0.0023374489289494926,0.003447633982673004,0.00653331902381904,0.041116618929904654,0.028360432423127555,0.03788553851201267,0.019394548669752987,10
DAL,4799,0.015215410083757264,0.022278140327490648,0.05753499282527419,0.032342414386224226,0.045439124290559095,0.04182850153564438,0.03381050690297516,10
DSGX,5193,-0.0005853222565819216,-0.0011617259832723548,-0.0031681027213825708,0.027462924190185537,0.038814166203161304,0.04320661250724968,-0.009214118915028324,10
ED,5193,0.041967750670160564,0.04731515525075203,0.114493204009943,0.038422772811139996,0.035935189806666656,0.05272853239759554,0.035946171225012535,10
EWBC,5193,0.013764866066653392,0.019195740781658976,0.046689441141515964,0.043140593112008595,0.04400062359454842,0.03144771889520707,0.021886560684990064,10
FAST,5193,0.0025478964373613078,0.0030279664188129773,0.00677352515488816,0.02905680232887757,0.03909772934078965,0.040323089849115604,0.02208243213463401,10
FLS,5193,0.0066852097725813575,0.009272164383570813,0.023037725455297697,0.038067668986279175,0.03344438486583151,0.05082585431467515,0.0401935897625505,10
FULT,5193,0.014835066611068148,0.01734331430435987,0.04764712329876364,0.05356732291475603,0.054459346686797444,0.034596713237936456,0.00938884069292667,10
GLNG,5193,0.020778594415522655,0.03016478960735358,0.0769848181842071,0.024395336721780417,0.026817979583408747,0.025324415114948387,0.006975116187750707,10
GPRE,5084,0.0363801367460348,0.05579631686151898,0.15579206591558992,0.048129427489288966,0.06399620154668832,0.025805135651027752,0.015656980139992505,10
HON,5193,0.024612597690229165,0.028672031822309596,0.07294082204116192,0.048400886427132625,0.028139480865807427,0.03203009863522342,0.032030098635223325,10
IDA,5193,0.02198605119010466,0.025695389780976297,0.06216983935832465,0.03489139000046764,0.0352424097593731,0.05446091928441654,0.016166935634135515,10
JKS,4035,0.04627559867129383,0.07144033960739704,0.2085358016921196,0.060012420181004986,0.0587074687268211,0.020708933143958448,-0.0010577938001248288,10
KGC,5193,0.025035630114630725,0.03496537740073968,0.10106559152126082,0.031929010535030264,0.05941001041624647,0.03596851851195012,0.019348920780455914,10
LIN,5193,0.02277406747609856,0.02594970687338738,0.0643323265648249,0.038099094553878034,0.03700008835007225,0.04777061556595587,0.014873152303541914,10
LNG,5193,0.021185826597769797,0.033081729243978564,0.07977874945056007,0.04533502036566084,0.04405151199977704,0.03387466335305813,0.028157839512471416,10
MMM,5193,0.013333729318169674,0.014773447689059416,0.03962974675793929,0.04963087052646317,0.02833162642184673,0.05464653670716073,0.02839926836932183,10
NI,5193,0.013597420159770723,0.017812716083117408,0.040526746276458026,0.0638306611119817,0.03636944171162486,0.06305453062757645,0.020082384551648014,10
OGS,3110,0.022193362564193575,0.024328659359712623,0.06316676525717058,0.03581334806954747,0.04728194037242718,0.03954251648864178,0.002387499730207465,10
ROP,5193,0.016703000979008786,0.019734790080073172,0.04934375147885772,0.03836438452063464,0.03097769059778844,0.04866911217946206,0.007304328392804482,10
SAIA,5193,0.019125448877005513,0.02754270584161911,0.07339370988618377,0.047786646717526235,0.024864941473850138,0.03433560114156616,0.018872928601020078,10
SAIC,3195,-0.011311573517336582,-0.014269666864805242,-0.03872502091530272,0.04605030116154369,0.04683487892897102,0.07694531320033127,0.01677027997649705,10
SEDG,2811,0.05246686345119855,0.08062308069828628,0.2359512393633968,0.08551456590260276,0.07773578397025843,0.026901918420669503,0.014700795939620814,10
SPWR,854,0.10053594134822963,0.13905711607579374,0.4318187762547492,0.13616348625254404,0.1550492093063001,0.03381877384927322,0.018387926347965045,10
SR,5193,0.01812388082216887,0.021238907703592824,0.05261443694063439,0.030021078604828205,0.03937437724779044,0.043327987864082686,0.021485552503071936,10
SSD,5193,0.006604743741074226,0.00919597756786894,0.023209646874235434,0.025514006261740163,0.04290288698804096,0.02822884481960517,0.0059497515469554285,10
WKHS,4023,0.07053336211076944,0.12100203804509257,0.36031904396949754,0.12944006431674648,0.1255455603135512,0.029708269028826034,-0.0038945040031952427,10
AEP,5193,0.027019721380490913,0.03132619121226532,0.07621206998382135,0.03910580058502321,0.03693095495504335,0.061380463736424126,0.018040967944865316,10
ALKS,5193,0.011105204893268938,0.01521769812369389,0.04355964924333866,0.04216994394829983,0.04131941554428364,0.03567608841439333,0.007336728000787773,10
AMGN,5193,-0.007719026183993671,-0.008986891986665357,-0.024581791338811998,0.04598580633379603,0.04436130642075999,0.07603225515695891,0.04358381128497102,10
AMT,5193,0.006349185556207115,0.008726501046254054,0.021325704171987536,0.036765092680754057,0.03502655811371106,0.039406561050058304,0.020031232622841455,10
APA,5193,0.017436920189716543,0.026955045040313985,0.06951859201826438,0.030812450188009266,0.06503310890847862,0.05344727730076141,0.049163067958360895,10
APLE,2775,0.03426208516657392,0.0355896059763231,0.0979469907763334,0.043159201582809816,0.06069145140884159,0.04272076966257782,-0.012587436289937637,10
ATO,5193,0.028586994509633312,0.03350222736407682,0.0801051246535811,0.047506822904777424,0.035759101282671055,0.050871109827024356,0.026379122627095963,10
AVA,5193,0.025856772908000702,0.028560121888484447,0.07207607109802372,0.05848461205178136,0.04246185026989721,0.04967009068975873,0.018900655588788284,10
BXP,5193,0.010472292536160888,0.012713715094826439,0.032058413220049986,0.04312631280096698,0.033025674559226184,0.04199508789352156,0.011607332007689375,10
CMS,5193,0.02023215908121223,0.02421566464622127,0.05751105742171647,0.04909762672702632,0.03512776655089572,0.055770276251003156,0.037573763029999596,10
CWT,5193,0.010607229927147244,0.012449579967972468,0.03241869654210283,0.021107917966099794,0.021096205492711084,0.027789237037596604,-0.005409397860609122,10
D,5193,0.038064586514655385,0.04279737615333712,0.10587138104467864,0.041358848105798256,0.02405064314282425,0.04425282867174488,0.006394950582954584,10
DLR,5193,-0.002113410443053576,-0.0014745509245293054,-0.006957783153659802,0.03828719348983685,0.02605456506645843,0.05356259083336958,0.03303048619812177,10
DTE,5193,0.03231052648798982,0.03632026960707291,0.08759136326571915,0.049382166302481885,0.03435690751080106,0.04213151715777638,0.029581265197986095,10
ES,5193,0.012434205023026834,0.015668379773667085,0.03698183941181832,0.056484887420545755,0.033817599011929815,0.06912004372763908,0.048556597012041514,10
EVRG,5193,0.03158827859478308,0.03702606027321975,0.0889340801883084,0.04308661587511943,0.0358031457994867,0.054395572402712346,0.032352305790913416,10
EXC,5193,0.010790705253921895,0.012787029180380327,0.03179681163930714,0.04036541672517817,0.027416019577259688,0.056174550671040754,0.025132487523183866,10
FE,5193,0.006985507825855386,0.0089289564569347,0.020752864378242086,0.03634528774282456,0.03105037974187595,0.05957676355500868,0.02991647256802621,10
GWRS,2536,-0.0030970705804496124,-0.004576896930085228,-0.0075431995695016685,0.06730985778974435,0.04245110908493824,0.0585538041175634,-0.0379515522767786,10
HR,5193,0.004534807256235784,0.005532233519986107,0.0133374439343793,0.04425970084309555,0.035277945556760906,0.049455831009208084,0.02359953887391908,10
LNT,5193,0.028179915124500132,0.033718168116494085,0.08102844691511002,0.04801550054743,0.024681207070214286,0.05029957509071823,0.017876077277649394,10
NEE,5193,0.021567850736382344,0.026681156903395897,0.0647254538221439,0.0711895191908204,0.04033787635056564,0.04332018903304728,0.022751887075512567,10
NWN,5193,0.015625286191412013,0.018008095924531342,0.04482676036609212,0.04448850559357296,0.0281789238234143,0.05644194005875372,0.008169333458566519,10
NXRT,2816,-0.0012872403586388081,-0.000563945494730822,-0.0037137452477216115,0.05461480263197286,0.041706109514713964,0.053629559708166526,0.009718850477259955,10
PNW,5193,0.022530894247189126,0.026051550845274107,0.06466662172477244,0.03633070077862604,0.04236317592252089,0.04713782459503191,0.03609147987256911,10
SBS,5193,0.012586400653064045,0.016192755914446133,0.04495686288481393,0.04359812211283318,0.03517844984923028,0.0362651593568535,0.014926037673841819,10
SRE,5193,0.0272888716553632,0.03141266796253095,0.07761457931968962,0.040574706076496755,0.042520626663484475,0.04777330644077222,0.0046929575613346985,10
UDR,5193,0.013522647877573402,0.016854358589209695,0.040065776716940116,0.03927028468124397,0.025943139721129226,0.04748951911857401,0.027055200098246357,10
UGI,5193,0.00936922620315328,0.010695822336772132,0.028300267101412424,0.0517052968538223,0.04302335839991898,0.06474893721351037,0.007602320045330346,10
VTR,5193,0.00400257926142511,0.005647261040885088,0.011464728914026612,0.04208073907508662,0.04679527332270603,0.0564785039143114,0.032257829390174964,10
YORW,5193,0.011754217014049662,0.013213591685585002,0.03614438678528775,0.05163286062487973,0.03522000031252713,0.04272616893230961,-0.031636274942147935,10
ACRE,3542,0.03946348245504572,0.04460673742781163,0.11775870164888091,0.040950303212573876,0.039838178593398214,0.04644546779382706,-0.010951449571862004,10
AIV,5193,0.016050477391685414,0.02099512012007576,0.04953725353401606,0.034536559515643994,0.036011806974894464,0.03533101255881539,0.034528326334267834,10
AKAM,5193,-0.004663026886012611,-0.006137427799300488,-0.015655424349228397,0.042793618170438696,0.05088969966694039,0.06570269658102736,0.007443707270611277,10
ARR,4651,0.0501291351739237,0.05619509296444691,0.1334628308893413,0.02638654867563971,0.05599301326683022,0.059567320525739174,0.011574004544827488,10
BATRK,2544,0.001514738097891155,0.0013839517081446484,0.0037545354424971533,0.04172063453134688,0.044618757506071034,0.06487348220024093,-0.0001213605275506291,10
CBL,1147,-0.0017026013334975332,-0.0005686258908770281,-0.00570503110862175,0.07770863355972916,0.06827142837261675,0.054991947910841804,0.02277585415863015,10
CHTR,4125,-0.012870599660996351,-0.01570105988771786,-0.04193634448873862,0.05587758037176999,0.03405434409054843,0.07875065779324734,0.02537809298616467,10
CLDT,4055,0.004821021811635018,0.0067544085460122805,0.015318696634891826,0.050845770128117244,0.07305650416711108,0.046143033861673,0.024475293344692894,10
CPT,5193,0.00791482313184444,0.010972264016829492,0.025212474399756712,0.04732328684756275,0.020724356910488233,0.05699471705524122,0.0360950983468219,10
DEI,4928,0.017597067087172014,0.021884045473993474,0.0575270253378688,0.044130468175613446,0.03475294491826473,0.04670487608089318,0.02369414693403793,10
DIS,5193,0.015449086823319247,0.018125450131068477,0.047332075748801716,0.04908420989136004,0.017510034260855647,0.04429298665768354,0.00013242251403455807,10
DKNG,1721,0.046872585422094826,0.06255451839596526,0.20055140675698768,0.06099430830334245,0.06244366960616252,0.05010635878312803,0.03384579954704592,10
ELS,5193,0.021229357967655682,0.025966058251897683,0.062284019126013335,0.05354283902426113,0.03857274471009005,0.045493532876770486,0.00451030794817342,10
FUBO,1804,0.060037552536788774,0.09922838056672845,0.30410000372629753,0.12364174005990546,0.11762669233155092,0.03470646694071279,-0.0060150477283545944,10
GEO,5193,0.015701203312279755,0.02049226125535719,0.056206793036361224,0.023909861458282153,0.03721605573009486,0.029582852163044855,0.01296806611492296,10
GOOGL,5193,-0.00492455192417518,-0.004567290044805494,-0.015765379180756378,0.0694810392142444,0.0444456447807553,0.0660896010850405,0.030912902651667795,10
IMAX,5193,0.015172231846122153,0.021924443493543166,0.058451674643308804,0.015828231362141378,0.04986205911696037,0.039830644781961834,0.028634560084081273,10
JOE,5193,0.0047279640525985656,0.006616702314142242,0.020166758990928124,0.05027975653628727,0.0776915884984382,0.04571504245000885,0.029201623007164446,10
LUMN,5193,0.010900279693922155,0.017712779058582706,0.042797951105001064,0.06843880734277465,0.05252800792765576,0.04546964588782564,0.019940872563864454,10
MAC,5193,0.01055671826606297,0.01606504068732051,0.03794445656698986,0.039424909109810335,0.03326296976208113,0.03442847924714095,0.011672257610926606,10
MGM,5193,0.01781974638294448,0.027779633077916865,0.06922776256962748,0.023246612472270646,0.05380561157857296,0.037174390335889214,0.030273803696108104,10
MITT,3750,0.018104722936832962,0.020760006298832012,0.05648223773241989,0.04011789701581003,0.05606876425147056,0.05809964551130932,0.02352838590145112,10
MTCH,5193,0.008635050900266172,0.01340968416898991,0.03227950803287094,0.04168380935217819,0.03888190781452649,0.037521997878093766,0.026691436202292307,10
PINS,1788,0.03046620460882099,0.04309634787571848,0.12841753155717217,0.06543229888682929,0.09059964447080156,0.0460286294620576,0.011113202461860316,10
RBLX,1312,0.05051075221404433,0.07897792929061598,0.22841380690599877,0.06289523049462134,0.05374189534383575,0.041482301428914084,0.02389294940342268,10
RDHL,3369,0.03727633618324844,0.06465866687059274,0.18122648384816842,0.1308253584487674,0.12177005236811933,0.023939977876861935,-0.009055306080647973,10
RHP,5193,0.008186570120584102,0.01280717565382461,0.027261731144624823,0.033787506277589203,0.02876171865101474,0.03961777071571295,0.022643459763183493,10
SIRI,5193,0.01705246381670722,0.024572470382755673,0.060758382677553735,0.05334458817653795,0.054750556388434804,0.021810986458876462,0.0022751626144501547,10
SITC,5193,0.0036378737805711214,0.008999057443797365,0.014605705820549097,0.05386010524844609,0.052930726885118386,0.05330594366205789,0.03457025989198559,10
UBER,1773,0.026226004498769995,0.03877766716703779,0.1054907327263731,0.0526066360773505,0.07119452901230784,0.03621318971646819,0.01740841763340939,10
VIAV,5193,0.013223347732440272,0.019780981106131912,0.050633923840150086,0.0249413606543406,0.05726809598234331,0.04212274596786627,0.024412809950226877,10
VSAT,5193,0.008420087924151498,0.012555059720384176,0.03346480102304228,0.03974637281004,0.03984533486489315,0.03796489229154983,-0.004282983800085294,10
ZM,1788,0.02199365248839269,0.03367094814334948,0.09213933321448042,0.09254900234390959,0.10979465745239449,0.04440493863367661,0.02202964507426719,10
JD,3023,0.018828551045897313,0.029376342935265476,0.08231609068727153,0.06854770469854812,0.07495223759638724,0.04263383296499813,0.023668848779120233,10
TME,1875,0.024414738892523546,0.037378726939362616,0.10688411942011422,0.09532938912709554,0.08581980827649435,0.04570982909202575,0.00981616212526959,10
AAPL,5182,-0.006057599438547445,-0.0057393210735632305,-0.02447782376668517,0.08684795563490591,0.04091225573106514,0.05225206093178989,0.046896309178108386,21
ABNB,1361,0.006252618982730662,0.01581814258608727,0.03800956008943768,0.1067216859461191,0.0824131151492941,0.03236035966505294,0.011092850493649054,21
AFRM,1339,0.03679581436387658,0.09145339999486513,0.29180737350588104,0.11320476651280738,0.09211307207624622,0.021684089064865186,0.013214465929021313,21
AMD,5182,0.017038830714195097,0.036123341999956815,0.10786094158925563,0.046053988041678984,0.0954397345764763,0.03536468610851886,0.020074419536355026,21
AMKR,5182,0.012760784005127146,0.026317463512876782,0.07648678747276383,0.04846540410883957,0.09082859936297882,0.03922795430429651,0.020224480498301722,21
APPS,4995,0.020023456060556777,0.03863443122756516,0.1269332808575142,0.0736061160748189,0.05756249106801426,0.03708773028027188,-0.01929729673358893,21
AVAV,4858,0.0052486923378799455,0.01088108678501254,0.028682178275687753,0.046975766498397645,0.0373594241163867,0.034399096344468444,0.0049795147174177545,21
BIDU,5182,0.0071545821583092195,0.01630439863267308,0.03996820375418231,0.04032786820257826,0.048766104256448846,0.029174860352625148,0.003475458436332568,21
BMY,5182,-0.004952952822901091,-0.005470204796931721,-0.015631543172564433,0.05651752899473857,0.029008040098967302,0.06126703580446752,0.024013569761845543,21
CRWD,1740,0.02597655816220057,0.046540678530854196,0.13710330826569705,0.06235769796988059,0.08129546647441799,0.04066306640361918,0.026948025925406127,21
CVS,5182,-0.00021942926123030837,0.0006674226418101892,4.859470841556135e-05,0.03719061398853533,0.046438292985899216,0.04504937552625909,0.03363220764892705,21
CYH,5182,0.020503654206890598,0.04908978311791301,0.1299082187451387,0.06612341717282394,0.08548317373443046,0.027256802667618155,0.026512703584778086,21
DELL,2448,0.012461796039861972,0.018653974550577157,0.04460316004844567,0.10793167408677488,0.08388209793400142,0.046759877694782855,0.037649745791176525,21
EPAM,3586,0.008780157700026603,0.017008089857961317,0.04083518852602841,0.04878171780590765,0.047475283185297465,0.042286236946534925,0.03993581776853661,21
ESTC,1910,0.019228025622138878,0.041041599324382005,0.11678765412056336,0.05844989793462903,0.06970004512689501,0.030784234123704315,0.015269852043446441,21
FFIV,5182,0.004777980433284146,0.007244209541353408,0.018350564419774007,0.02196600600726261,0.0531922852248816,0.02900070741352818,0.018354587659487054,21
FORM,5182,0.013169180048627105,0.026164547018628803,0.07524247931586425,0.05774441925612529,0.08402963082149009,0.030089363168216234,0.013625633338159249,21
INO,5182,0.023775948170025263,0.05946384032728458,0.17550137632629192,0.10897101534926627,0.11587819029745657,0.02075201689920935,0.0032639077378256998,21
INTU,5182,-0.0057545127112763605,-0.004509428216230127,-0.019382108893102323,0.06257650890505853,0.03520784446835196,0.05205835607902096,0.0159493787541255,21
JNJ,5182,0.02105250089090549,0.03259850115025609,0.06449093196033007,0.04925947414660077,0.05444750509687438,0.0753525163933767,0.033905334245889374,21
KLAC,5182,-0.0017295577946103702,0.0002231396357255111,-0.008345348783966866,0.0433421588022246,0.04838418864527526,0.047882019582056054,0.035103224071238004,21
NVDA,5182,0.015227277816239115,0.02700936600460957,0.06905641601858614,0.060399909350274825,0.04355510664131134,0.02845959666439209,0.019710181835235097,21
PATH,1272,0.015307230722677811,0.0408511007333916,0.11490236017459832,0.1367321987431379,0.11713306184084912,0.04895840212702751,0.004732972866146823,21
PCTY,3057,0.009348619833910443,0.017468455284998408,0.04550990113798248,0.049694297367893936,0.06473636173874404,0.04331287933713984,0.021295481504940095,21
PLTR,1411,0.029864752160774444,0.06270442162744716,0.19907045804514722,0.04680717937664141,0.11323728813168683,0.03220592328287201,0.02407893844735609,21
QLYS,3424,0.0009653168794326872,0.0009909177560241123,0.004933305723111903,0.04115317831529633,0.05416835001539265,0.03791907006247995,0.0028083999641239643,21
RIOT,2545,0.038522696331382056,0.0975773486517183,0.3074483776827419,0.10536261240719343,0.0998627566986796,0.012604096244969379,0.005585768204072639,21
UPWK,1912,0.022036598441206645,0.0532991434155794,0.16835314679734847,0.12965305238401045,0.13784714303443124,0.03805935364138631,0.0234964255196779,21
WB,3036,0.012441003176414944,0.030712351599985865,0.08438723310247453,0.09072170418359544,0.10515101889101726,0.02832360174973177,0.010632907134899172,21
YELP,3570,0.006507103137199044,0.012346168118068768,0.034877867273268026,0.06603477933660609,0.07260038797594921,0.026575066353760515,-0.005023235541765758,21
A,5182,-0.002651003569998034,-0.0028539249180701276,-0.01270823164720647,0.04501389599660796,0.04973265620984426,0.04650869479870897,0.046338545599185266,21
ARRY,1400,0.027261957936407066,0.0690899022610243,0.2275452463691675,0.13431507102080753,0.13749327514852797,0.03798304694039478,0.007742743108953731,21
ATXI,2232,0.027880259028999266,0.08064912354885256,0.2486302606170706,0.18280330879820716,0.1921975246921021,0.0299318771021554,0.0029101924416625735,21
BEAM,1575,0.021392138205008848,0.050589132645401214,0.14699007087863547,0.10602871083077928,0.09388058520498728,0.017122145115383076,-0.010892981650337363,21
BKYI,5182,0.003970642876417796,0.012063550506995702,0.0448808633573613,0.18532227595677853,0.13449810445883797,0.052509896833893864,-0.050824171497940496,21
BTAI,2057,0.03514973845297964,0.0958972727590579,0.30610164261545403,0.1551793892666386,0.1624200149508547,0.01715429897266622,0.007240625684216129,21
CBIO,914,0.02355094210724129,0.06229807526809439,0.19723398800048098,0.16337771240939716,0.17788045727841445,0.04022936379492151,-0.008210407989812984,21
CERS,5182,0.01453279263103091,0.03428129411340142,0.09440912106135557,0.08672964988712728,0.07900260641325489,0.021638038793570836,-0.0011545808986548334,21
CGEM,1342,0.01631561105265311,0.0485626191194618,0.1310361025322564,0.15829365601660417,0.15933136606447387,0.034986076274145544,-0.004297703793258445,21
DXCM,5182,0.009000122131147759,0.014514938864020555,0.04559524085021616,0.043069530325891066,0.05245326570979604,0.0448150825242838,0.015798905350351333,21
EW,5182,-0.0034397446036458224,-0.008312255699209903,-0.01799251070770791,0.04122769963736701,0.06360889951702436,0.05683142754825465,0.02721289561113216,21
FAF,4014,-0.006902765909947872,-0.006361644699696578,-0.024425549498456878,0.06963975714193865,0.04633508122971121,0.05057352220738891,0.03260245894726432,21
FISV,5180,-0.0016383592088631271,0.004022159118552637,0.0010585944331454877,0.09043386798337621,0.03409500435339898,0.04801749982026095,0.021706611985290447,21
GOSS,1825,0.023952915803939878,0.05569272232712108,0.1858519301995719,0.12545566196311012,0.12625605717097244,0.03398163916313483,-0.0009136573255879021,21
IONS,5182,0.012946152186585236,0.025925462144962275,0.06862161606722594,0.06125987950598858,0.07102331364996779,0.02069826785867529,0.006279176793380081,21
JPM,5182,0.00041880648741443594,0.0030311701767816723,0.0027031981228196056,0.06601828184886036,0.04936535741281251,0.050008604706299926,0.029109247626944557,21
KKR,3982,0.0047790100694611315,0.008292249439825872,0.018839903489373144,0.06612411237568307,0.051331608226435795,0.030780148911811422,0.0291587656568727,21
KROS,1532,0.01824964332868173,0.038138036090431204,0.11928146666914019,0.06739846727866729,0.08218067221090627,0.046206663019819,0.005651526814496877,21
LMND,1473,0.022360661813588645,0.055243310675659796,0.1728951225207016,0.135915011713801,0.11454970987977743,0.028418121456047832,-0.0056474617121581305,21
NTLA,2519,0.021912362229816185,0.05195052135143241,0.15329659709912768,0.10746419490117222,0.10833837544459018,0.027985414764435345,-0.007721348845707854,21
OMCL,5182,0.003795327968573514,0.008068408991150355,0.01994281292905431,0.05062049692291774,0.036602900754940736,0.027318823514689533,0.0020588822964764386,21
PFG,5182,0.0012010016963477366,0.00702225371784404,0.006426494630276447,0.044813217777098895,0.03230894013336385,0.03242348267081068,0.0171315713463166,21
PSEC,5182,0.007946615506187915,0.008944336595283375,0.02131108133587012,0.022318344901124276,0.04997688028220963,0.05342953138999475,0.0022254684693401305,21
RARE,3089,0.01884694795681774,0.04132020221627841,0.11964848504649006,0.06867432831637334,0.08645826429562802,0.02034648165574695,0.011055026057469663,21
RJF,5182,0.0003411733548517315,-0.001050764362314549,-0.0012976498593633146,0.06235054067459311,0.04591796014907966,0.04007857837809506,0.020633158825024478,21
SPGI,5182,-0.007035410768713168,-0.006697420582988833,-0.026601878461623096,0.0813358388251662,0.05086531927172901,0.0688578122195154,0.05936642414133597,21
STI,1012,0.28726707674937,0.36877025019043186,0.8189088323889586,0.12200160925027671,0.11405781795980621,0.03304755064159021,-0.011849804659634477,21
TECH,5182,-0.002553919945559091,-0.004652768888702363,-0.00973798206081744,0.03574582241944299,0.06846760108417087,0.05390607332145785,0.01043661236360427,21
TFC,5182,0.011380697436443321,0.014419285774704083,0.03843097414368235,0.0398301694244549,0.03754375535392338,0.03685360063127639,0.013917207979571633,21
TREE,4466,0.019812338326195,0.041624508919461234,0.11951138156675278,0.06849971221425423,0.06070826052818606,0.03570658837366254,0.02800943750839735,21
TRV,5182,0.008286576678037338,0.01352219293433099,0.02740899552287801,0.044309995579632146,0.03209415513523202,0.04902862941480335,0.018019761477529928,21
UPST,1357,0.037173760475123885,0.10165619131398851,0.327314446255353,0.15694665935167781,0.14082511141621723,0.02940467375556423,0.010864277446454462,21
AFYA,1714,0.0056604874633234825,0.011057309038590368,0.03301120358002885,0.10536430311870687,0.11898811300618782,0.031154106680821074,-0.016046715919862953,21
AMZN,5182,-0.0006999763388455538,0.0009868793839418188,-0.004974286198260236,0.0676798822796055,0.05003933140965605,0.05421780524268566,0.04237728741628144,21
ANF,5182,0.013663364266141897,0.027171384352601802,0.0788815288720136,0.04267054864657245,0.06599874209593917,0.034796120927445176,0.0182493093999736,21
AON,5182,6.983249397618518e-05,0.003267600321918862,0.001760498687265022,0.06868073159044472,0.03895446072957636,0.06790855875154665,-0.0028885717772231256,21
BE,1961,0.03220115352424391,0.06947021072498294,0.2337870695130846,0.08954075703749788,0.09034087217504551,0.031006942516927007,0.005032574276362389,21
BKNG,5182,-0.0005846486510214799,-0.0019790076202190754,-0.008827037505227953,0.065331774845357,0.0665792223311952,0.03871039471965369,0.021672276793668233,21
BLMN,3460,0.004377820272043476,0.009690559712788871,0.02662514027012064,0.07515536904162756,0.08985569626092912,0.03348101746140185,0.019137727766367685,21
BLNK,4123,0.02549447576513153,0.07447030565872925,0.2347693932844972,0.19709386138582935,0.18993421188408155,0.01780903423234383,-0.007159649501747745,21
CASH,5182,0.00030034470175588357,0.000777061702201709,0.0017933698330889758,0.058538723042553246,0.042475774789330394,0.04180998111302582,0.005515943282430769,21
CATY,5182,0.005437319654844619,0.00888278028945133,0.02076773815674604,0.04853143512236479,0.057068025508542536,0.02784872995074858,0.005111777971652076,21
CMCSA,5182,-0.005840067178501718,-0.005261181025618011,-0.019261242454499117,0.06698078458854842,0.031989526214952956,0.05451044531137224,0.0488043038806415,21
CROX,5097,0.015313103590248622,0.028122585889049367,0.07875348604966781,0.04285999924991092,0.04034407804333651,0.03021172331037626,0.008019758207507444,21
EARN,3279,0.005316554009900276,0.006534236029024143,0.007912630204468862,0.068065207559512,0.09543203451386964,0.07746144620682924,0.007503733284301095,21
ETSY,2786,0.015019547372231656,0.02892618054260576,0.08515825731409665,0.04198427424530118,0.042678916007173384,0.029968593983622834,0.00297947993872405,21
FFIN,5182,0.002283458811684347,0.0019028103256442108,0.00705116743133305,0.03602055270139982,0.037656116061737896,0.029166658154812067,-0.0046873723405845835,21
FNF,5176,-0.002543876472150375,0.0024106798561215337,-0.004295307387964353,0.0837612099127939,0.054968107022471735,0.051299445973090274,0.008743181211479434,21
FWRD,5182,0.0026784117990327205,0.005354302003326761,0.012426314473894418,0.0606613233196648,0.06919470505910415,0.027803884181494133,-0.0013433425686893985,21
IDXX,5182,-0.003439449296162689,-0.004421081915594982,-0.013434906935844593,0.04523718481885562,0.02953456209081796,0.04171518789656784,0.01897276620787114,21
KNX,5182,-0.004519140211388661,-0.006937705853521603,-0.015949736159223793,0.06956361295149992,0.0636350303796303,0.05027443814673327,-0.0035862570239604263,21
LECO,5182,-0.004924910177557251,-0.007488663509621851,-0.024086948406100817,0.05034944510561119,0.04162210832514941,0.05637903252436085,0.04661670681743357,21
LU,1389,0.02236240246393617,0.06282879656078044,0.1920840206727743,0.1598300548059808,0.17380212143310286,0.028991525318229527,0.013972066627122137,21
M,5182,0.008258017970151021,0.01730767211649409,0.04408394502344759,0.035107748761962904,0.05096605717733254,0.028130891190468674,0.010794034681348763,21
MAR,5182,-0.005932991736701032,-0.005148671821976869,-0.021013607049194416,0.053279837733619884,0.04666659319345577,0.05031751836418231,0.03570210575965416,21
MLCO,4879,0.017771018738893973,0.04073739226920747,0.11813132849262542,0.05671117255179016,0.09318034976055008,0.03464895507599834,0.031229637018064138,21
NIO,1927,0.030153861255975745,0.07737687065475773,0.23935848373609714,0.151587485493807,0.1410548384936906,0.018550633595406724,0.012122661710465943,21
ONB,5182,0.008520399911635557,0.012019507581961797,0.030788400161252505,0.04742933910401894,0.05098024772969694,0.02614342397713651,0.0016314568798176943,21
RKT,1449,0.014776771027698477,0.03504924927760422,0.1044967364294227,0.10468338951314211,0.11488603270407625,0.03509083760451086,0.013903824459527425,21
ROOT,1391,0.029273022602398058,0.08490873102398411,0.2764741374714248,0.18015635797739202,0.19691608328771285,0.021856407460165407,0.010448443876762914,21
SHO,5182,0.00942389184665171,0.014949139952502355,0.03594084902364303,0.04370104618994529,0.061030953579062144,0.019327279273744096,0.004815074624885507,21
STWD,4214,0.02164927818833362,0.029836915865779523,0.06743330469083664,0.05973342602067385,0.07503955801537832,0.05059579035110764,0.021901478797310525,21
TRIP,3628,0.0020470860672441304,0.005356537005154816,0.0232372865824928,0.09151279416999061,0.10195735539694736,0.05170095861450971,0.004142768352468074,21
UFPI,5182,0.0006916069688953641,0.002708649287976983,0.006359687677549242,0.04948669468997667,0.05939426895666657,0.028326737022639152,0.00014826918789345722,21
WAFD,5182,0.010207748547861994,0.013171025912557588,0.0354636696416879,0.04954337358290696,0.057922334102924515,0.04111399928870601,0.0013208763594104722,21
WMT,5182,0.01630019174683206,0.0221569626879492,0.048191975426428724,0.059592311071042896,0.049321620626966725,0.05288593404337229,0.014872405466680005,21
WRB,5182,0.00965492191278472,0.017885688010579215,0.034230803086287565,0.04947338657851204,0.02287949396233354,0.06292183969251812,-0.0008507837192379686,21
AEIS,5182,0.0137837294476304,0.02805845465826784,0.0747620984057411,0.04705904490903556,0.03476669498734012,0.036359520416975676,0.031620180932355635,21
ALCO,5182,-0.0017094315920169745,-0.0014557502470826655,-0.003054640066130654,0.06171898265480305,0.044532536298600184,0.036910751199731515,-0.01718644635620281,21
ALHC,1289,0.024929972716790982,0.05624085302476611,0.17346887729243887,0.0952956437648406,0.0731588161851751,0.031050999951603032,0.01925014346676157,21
CALM,5182,-0.0026573167818222387,-0.0030889681232184607,-0.010216414369577542,0.05257571902987304,0.043648507556759766,0.05470400580231263,0.021805921489669755,21
CF,5182,0.008845911825474007,0.01649074768079184,0.041498323232916356,0.03560353492342425,0.017868244216070344,0.02498322596183298,0.019625906198814325,21
COST,5182,-0.003997069252396734,0.00016057016514758882,-0.009638470284294431,0.08270930886751711,0.047090767744377926,0.05616879670236248,0.04095496077971861,21
DRUG,1293,0.031748933565397874,0.07914892350656766,0.2827510274085542,0.14353273558874785,0.14599419089591695,0.039171039504960654,0.017319871396494713,21
DUK,5182,0.019086585937541423,0.028795237491458958,0.057290853578262246,0.048268086710798824,0.04282286791084173,0.05082096505388244,0.025766730903774016,21
GIS,5182,0.02238728095325082,0.029609495308832612,0.0686783774220866,0.026370741743256515,0.0352794540372423,0.03231970648112695,0.012222291617745906,21
HAIN,5182,0.004098571644824189,0.01166396934614733,0.027045894078946087,0.06191205101347208,0.0851705750383635,0.047064521149036656,0.037020799291612394,21
HRL,5182,0.00207773490412988,0.00445634127467931,0.008273758977829226,0.04501838637325397,0.04269505722073688,0.07172139020890449,0.006045883376940675,21
HSIC,5182,0.012543930080353038,0.017730077783682185,0.04251431670175121,0.023720433739265936,0.03897844992264592,0.025942494787221167,-0.0033308707238025592,21
INGR,5182,0.003699898261422696,0.003913681951697612,0.009628328757385618,0.061394203472947204,0.07631361702207616,0.03616687845523548,0.013272074179523252,21
JJSF,5182,-0.004716488168582389,-0.008097574362714077,-0.014774532374381977,0.04949223894564076,0.03431921213899788,0.06815280892107305,-0.016227835332827456,21
KDP,4533,0.005276469812040663,0.008806155086172995,0.015481856543071992,0.03318041789197724,0.054151510305747066,0.046757647519063784,0.006877758256481292,21
MKC,5182,0.012628271374201416,0.020123117095890986,0.04277170572707345,0.03740673338536449,0.03237529146146793,0.04340938167572482,0.010399696856035479,21
NEXT,2744,0.15295916534946674,0.21346310219652875,0.5780539963749691,0.08686564800289583,0.07735632400596973,0.030542091046872652,-0.009863752373396317,21
OXY,5182,-0.0018867552421812928,-0.0010870065044967792,-0.006906015411047406,0.05171780676420295,0.06103170776703053,0.03747297709556859,0.016617478935794905,21
PAA,5182,-0.006775671736825251,-0.003861195827147945,-0.019642708634228345,0.07360947111118994,0.035568325371642874,0.060497113624648734,0.03934924868958101,21
PG,5182,0.03317854551459143,0.04353315075377007,0.09571268783910525,0.03315592021474686,0.03859493158403991,0.047618238210091465,0.02235994149691034,21
PM,4569,-0.0015681962324416432,-0.0013048347530275617,-0.0056205723238811345,0.04784489296658812,0.049569887316808794,0.07083466475224905,0.05349426706618943,21
PSX,3542,0.0020361530077164236,0.004912370322670445,0.005354710708549648,0.047873817220170374,0.05084389018632139,0.04594641049271046,0.03628162149064351,21
REED,4872,0.018614582248067335,0.0515329746494696,0.1501745659357182,0.1568003171085333,0.15543739022365935,0.02759560496716075,-0.0013629268848740494,21
SAM,5182,0.0013334683713477347,0.004051834471035631,0.008820426036687756,0.05703679302837434,0.0648320294666456,0.03312798270568198,0.007243229196320922,21
SLB,5182,-0.0005804826752542347,-0.0006092058182123328,-0.0032089755644895135,0.05153726379483053,0.07820867357429782,0.04240375846934936,0.024830060327711068,21
SMG,5182,0.00035482291065414007,0.005701533078518284,0.004767310981707684,0.06974191427092809,0.05230363375866381,0.04347371613942534,0.03908660495456062,21
SYY,5182,0.0027068284102536033,0.004397080410787235,0.008068527644208734,0.04367489409131555,0.04949501512801495,0.06084481524954151,0.013299961009687222,21
TPG,1086,0.012223088810500826,0.022239897386593044,0.06314344188375887,0.07688021078074614,0.07670858395363084,0.05029662870021597,0.04680523246142532,21
USAC,3352,0.003635950616188155,0.00707186365074719,0.010723720748159082,0.05427747515868173,0.059226181318089884,0.028009024784324574,0.006914571438847106,21
WHD,2076,0.018710979231294056,0.03451911954454123,0.1020926109035587,0.06018028254683537,0.0988433043363007,0.03540371893860239,0.031972169086537994,21
WMB,5182,-0.0023340598274355084,-0.0021137337786221178,-0.00964757881518219,0.06043307074291371,0.03447367541351083,0.05542594983466386,0.037044576285475195,21
XEL,5182,0.010239045504521926,0.01618643127781183,0.03109009425218201,0.0549267980581727,0.04137016399481361,0.060770541110332296,0.039442882652059086,21
XOM,5182,0.010043268182549192,0.01298798708757265,0.0316086588528276,0.031194972662979097,0.048153881233764954,0.03769794046240441,0.028340212222934924,21
ACGL,5182,0.01752108280791309,0.025325583627415105,0.05670917628939798,0.05275898365234141,0.04782870037474719,0.040362295541166104,0.010930296914980486,21
AES,5182,0.006450203896800399,0.0038228517061004164,0.021029586810762835,0.05039839604844324,0.05979707490240155,0.03515082526778056,0.0005998404675735536,21
AMTX,5001,0.028398920588189047,0.07639768589437645,0.2392477388609766,0.15735044677933077,0.14500483347878076,0.021754302875539398,-0.012345613300550062,21
BKH,5182,0.004310338846492345,0.006255443853318776,0.014126529764752815,0.0477865545020882,0.058093863534724934,0.04318887276545495,0.002999071171273626,21
BLDP,5182,0.01947646258881497,0.04941384634351009,0.14212707598903207,0.11562880697695736,0.12185259342814728,0.01843160539807985,0.006223786451189928,21
CLF,5182,0.022285621249705456,0.0483197708560511,0.1415066001658002,0.05357494566119439,0.06065794316004345,0.028221993453711555,0.01698959015226409,21
CLH,5182,-0.0028881607442701185,-0.00609085944743204,-0.0152669280909421,0.03349342619024707,0.06680183310172401,0.04906048790189762,0.01635903606873501,21
CNP,5182,0.009271329953007168,0.015536266555445821,0.03221551420319557,0.04834520513143653,0.03644884720484937,0.036696727198898355,0.019729323242332786,21
CSX,5182,-0.006686266025905052,-0.00733717856939986,-0.026152333301191932,0.06335715180035034,0.03565556753537499,0.05415471174780443,0.03489226526111677,21
DAL,4788,0.007678146968876809,0.01642673536735262,0.03984177378670639,0.030009534225527622,0.04938929770748717,0.03681743072163789,0.031827846720951625,21
DSGX,5182,0.00018889620179696198,-0.00043045094038163256,-0.0010597577975890449,0.033403683219440025,0.051674929857599104,0.02855053220543791,-0.0008845564994468536,21
ED,5182,0.011858078766115887,0.01828210738106606,0.03490896626705653,0.04582578461115446,0.04583310178581328,0.06367341888509907,0.05149158938068632,21
EWBC,5182,0.0022670786877996285,0.006074522840984864,0.008391050141849266,0.037914063774310953,0.05457458179839465,0.027553788012102842,0.009837648112058006,21
FAST,5182,-0.001658545878319151,-0.0017386060554298588,-0.008118364826271485,0.040346687753795886,0.042729117608884724,0.033268230844652816,0.026631627886026576,21
FLS,5182,9.000058171082514e-05,0.00014520751689972577,-0.0018064964958963703,0.0488104335201702,0.06024526762702391,0.04823960933513688,0.03643126629612148,21
FULT,5182,0.004371296551715753,0.0031417418855943513,0.014392068602940289,0.05957498726054354,0.05404897863192708,0.04223611758499245,0.012882003411851972,21
GLNG,5182,0.008879937405651628,0.019125965861402805,0.04615126562898009,0.03662666477139324,0.06023627119041788,0.022445606071371117,0.006463035967004038,21
GPRE,5073,0.015013646665056113,0.0349075951558635,0.09351720197324975,0.07344199166292273,0.08501505521000338,0.01870851681920026,0.004067043193153208,21
HON,5182,0.002925919618139483,0.007973488446571086,0.012883626931911474,0.05472387251811154,0.037379245142571405,0.04534470920556302,0.025358447699370124,21
IDA,5182,0.015179934539275242,0.022323021506274632,0.046676674345551006,0.036593090048378296,0.04382066703565054,0.0422263220125117,0.002279132285411656,21
JKS,4024,0.021291779275933176,0.04921049811671774,0.14251585589000615,0.0863308511807715,0.07867379438420888,0.015052099951041144,-0.0025213580230476484,21
KGC,5182,0.008261538420788028,0.018212026247821478,0.0495255098000158,0.06790245220565463,0.08017209869285016,0.025545956308848143,0.0011622372429511696,21
LIN,5182,0.01886378198279204,0.024964227029062425,0.05585984229968899,0.04653187967414149,0.06072075939613253,0.031931042771848286,0.004079976798093021,21
LNG,5182,0.010356396966226256,0.021760570823018632,0.047167514183549475,0.04433854514339723,0.06037820973988896,0.023487414616914594,0.015132358357373477,21
MMM,5182,0.0002486896233879765,0.003291355587268674,0.0011681978298407891,0.04766708947157409,0.030562027723793357,0.05400407601137826,0.03779114046522625,21
NI,5182,-0.009698828333082332,-0.005608543856741255,-0.026503727150270828,0.08148850732929042,0.05472686321739523,0.07864466207464982,0.03847497049755044,21
OGS,3099,0.008379163816434443,0.012285585117417286,0.02689620195184017,0.03939767751666028,0.05440200088715778,0.04533241375218134,0.0019342226342025093,21
ROP,5182,0.0045203075234988566,0.006692487286654281,0.015169196251784034,0.05375526517641126,0.04708866641897347,0.0560968849378081,0.009554695115154721,21
SAIA,5182,0.007991400047731911,0.015112357420514866,0.03942633903062176,0.04783214399226611,0.044003902836363074,0.030966271038498937,0.009309877022174895,21
SAIC,3184,-0.010564531260721655,-0.01796166564450985,-0.04470669049736897,0.04931183096639175,0.07636136598136258,0.08010608045824211,0.014488378717521844,21
SEDG,2800,0.023112133741997942,0.05393945763174168,0.15913941496881412,0.13410199428243297,0.10947127131479127,0.03397164465061256,0.008491739194308012,21
SPWR,843,0.0570304231795975,0.07953742578411227,0.26589221985359957,0.18741158617070452,0.19185823024541118,0.054017958037382886,0.007961354062098192,21
SR,5182,0.009852141984953322,0.015341358227794588,0.03151696319655162,0.04422431040320881,0.04399959657043621,0.05026002529331362,-0.00029113939062863636,21
SSD,5182,-0.00285020370445066,-0.0024751535125728807,-0.009105316545198416,0.04255047149522018,0.04491129869811557,0.03459609168197416,0.007241573278184421,21
WKHS,4012,0.033865927579207034,0.09254693165648797,0.31017980015644253,0.17871469500681694,0.1824022080240435,0.023845040236608106,0.0036875130172265846,21
AEP,5182,-0.005337722600861072,-0.0010586977018944843,-0.01462100293819435,0.07121181167987081,0.029105439238661462,0.06319842516616796,0.05257937266117174,21
ALKS,5182,0.0060146117489069395,0.011351068497372996,0.033527593063690686,0.04834249581737622,0.052591063993771246,0.03417486931793663,0.015371180170753784,21
AMGN,5182,-0.009657292525792283,-0.014004664032077896,-0.0362654268204754,0.05664589404139633,0.05529919359868946,0.07175005888994113,0.028472756992109605,21
AMT,5182,-0.0006988998584969153,0.0032017246500067875,0.0020542966661355466,0.061947914249461764,0.07917252135226184,0.04688969252768376,0.01769529178951379,21
APA,5182,0.006542620067265137,0.014757469154867753,0.03647644199375499,0.04980046733701978,0.08360474691548343,0.03697659334060724,0.029151199102999792,21
APLE,2764,0.017704449929684674,0.018311902587909823,0.05081885187072688,0.0501231843371122,0.07918763985013652,0.04296880939438963,-0.011449309958174725,21
ATO,5182,0.012106889650331909,0.021682676485926256,0.04162301844761429,0.061222657745338124,0.03558877162528929,0.049707761022148335,0.02428988087239381,21
AVA,5182,0.003504547995548779,0.004578384204302344,0.007345875157992343,0.06574350106269294,0.06148833943878141,0.07161121046374039,0.020863433555775024,21
BXP,5182,-0.0011809560129723007,-0.0005197311500668711,-0.003671527613654968,0.05226764580380819,0.04350138917157015,0.04908547445481829,0.01997257260708485,21
CMS,5182,0.0021479240802606547,0.008605875476927038,0.009595270200734807,0.057203099183344285,0.036448073764994815,0.050992569529218885,0.04033473250501085,21
CWT,5182,0.008718954168336457,0.012346508215773433,0.030025473628488397,0.03668606658554223,0.030921475672091532,0.029958018688725836,-0.020685104770418294,21
D,5182,0.01452921587605882,0.022374652467136324,0.047535568970687225,0.04165381413429044,0.01799696683596111,0.03968928033426339,0.01974413893607896,21
DLR,5182,-0.004360159958192167,-0.005188642145866007,-0.017850682814279928,0.053071670559141804,0.03511744850347145,0.05376950289949124,0.03153088930972703,21
DTE,5182,-0.002677422234989235,0.0004957759214059276,-0.008619394806655967,0.0645668805565718,0.04779782875457909,0.06413446143930919,0.049156119873720705,21
ES,5182,-0.008945901989378946,-0.006126832101955859,-0.025143308453931645,0.07636179099242599,0.056826543541706374,0.08197141579337584,0.06011567008582741,21
EVRG,5182,0.0063446460458459475,0.011348926445462038,0.02081613385472636,0.07944982943158498,0.04816162998423941,0.06710048892762799,0.03980259944525566,21
EXC,5182,0.0028537994448496473,0.004087591497732634,0.008583344352567135,0.038196102325311725,0.03453723666165059,0.07229323438158462,0.011108246018347367,21
FE,5182,-0.0036572540745329896,-0.0027693115506084443,-0.011080015851878455,0.04882387003409544,0.03532727695038217,0.06354660946560936,0.02678344510021191,21
GWRS,2525,-0.008014538288480866,-0.015082961095559622,-0.026014297269751907,0.0795052449656005,0.03331588905636626,0.07793699371932758,-0.052286727699902946,21
HR,5182,0.000965531890704141,0.0024273871219787635,0.003018880868093543,0.04602961582665461,0.0377167881380541,0.04527986411110218,0.005234675491261109,21
LNT,5182,0.007879866044458783,0.014816621356610105,0.027852504199749495,0.06461993414823819,0.03573236811441696,0.05050513111500609,0.028892500020509027,21
NEE,5182,-0.0068432173469785695,-0.0003434465789815544,-0.01391260619481094,0.09161849449622683,0.05463319583801356,0.06750576779252083,0.04184026845066946,21
NWN,5182,0.0038804917140499162,0.006531207935375316,0.01328821533128588,0.05250129385753195,0.03733444008264519,0.06671877480275565,0.004778653216472417,21
NXRT,2805,0.001568265023797255,0.004013117238637398,0.006772726126096473,0.046323482758646124,0.05729610739332256,0.033013983408185045,0.02265280103725975,21
PNW,5182,0.010165504616399978,0.016512122937670015,0.03368992219154454,0.043070097380924856,0.030852908841526586,0.03912548742115795,0.035233231009042076,21
SBS,5182,0.008746241723431192,0.015766684403210496,0.04184325070539607,0.03690374319684962,0.040134919691573526,0.02183921272830126,0.014585075870484077,21
SRE,5182,0.007927121386915537,0.01220766576818011,0.025703797848849574,0.049668722139367356,0.04003976513489661,0.05599080002857698,0.01572022643997051,21
UDR,5182,0.005398396539581074,0.011076935452052017,0.019050444048415605,0.037971683582689986,0.04168391997797615,0.03287661914968527,0.019369759551234766,21
UGI,5182,-0.0007160801262511285,0.002221577307476519,0.0008049311796300973,0.0730076500206369,0.04946859174025929,0.06523425195586124,0.016113910687471256,21
VTR,5182,-0.004268812821360823,-0.006511845339420397,-0.018475556731272436,0.04921465835795352,0.0672442601114477,0.057909121638396135,0.03173767306580588,21
YORW,5182,0.00757896192276053,0.010570976165440116,0.025749337703257935,0.0758064539275635,0.03881370314170108,0.05633887190505467,-0.05000028280747615,21
ACRE,3531,0.022368497091341033,0.02993591126550288,0.07292779613065647,0.050352384566551764,0.04002891763247163,0.036608082740545216,0.000544821028498732,21
AIV,5182,0.007514893767328945,0.011793766695943786,0.025419526967402684,0.04670030035622006,0.06986242648615244,0.03712589718151258,0.010341181629346385,21
AKAM,5182,-0.0026050443842260407,-0.0030366699682062848,-0.010801629898116838,0.035967582443514085,0.04357185305050558,0.052656410097362716,0.010028998011997081,21
ARR,4640,0.04946107128164989,0.0550866242159358,0.12593725645609388,0.04685682632477657,0.056637861530180106,0.05547852396964025,0.0030467915277956337,21
BATRK,2533,0.010597039963584187,0.013826062156718777,0.034643625922039845,0.04912093798256748,0.0515195348201135,0.024894665898751504,-0.01623914212259059,21
CBL,1136,0.0004996461101514083,0.0029921861901175406,0.00196734631352391,0.07580660315046847,0.07857278077272883,0.04313152972084115,0.03886816830334949,21
CHTR,4114,-0.010059563527937243,-0.014989360043766276,-0.040379385894517617,0.07019269120855476,0.0336803518087179,0.062384747244022876,0.027062065805198543,21
CLDT,4044,-0.0017743158158061156,-0.0023885607704077216,-0.006469462286405658,0.05736684844148381,0.08236493688338352,0.041054549220761474,0.019776438599642177,21
CPT,5182,0.007807869059551553,0.013565252873512734,0.0288229580004995,0.06622340046487596,0.03808951454933707,0.05248552291941249,0.025713840851057657,21
DEI,4917,0.008094450647553209,0.011531798961917805,0.03175270096477323,0.06498121436422424,0.0638508752021747,0.05116654521860873,0.015312849184301647,21
DIS,5182,-0.004962913532565505,-0.0037841249370249574,-0.015476492844539225,0.07330744141883162,0.042575425558605974,0.05588821285637543,0.03270250340741787,21
DKNG,1710,0.024345651338898766,0.05700512889708309,0.16807490498782351,0.06491307470816794,0.0685434106486844,0.04507024299505858,0.03960816627531727,21
ELS,5182,0.002671039647302975,0.006881082604818345,0.012672009286379793,0.07752017088777906,0.05388562854297462,0.05207414005493761,0.020759046767863,21
FUBO,1793,0.024098267896162318,0.06473358413824115,0.20448128532607523,0.16736772714615933,0.15796396728008738,0.027538853405044528,-0.009403759866071892,21
GEO,5182,0.004976734574856367,0.008882709141764367,0.02223136946740012,0.03669198308268,0.03804211395557946,0.029981167389591085,0.011379300708340145,21
GOOGL,5182,-0.0037221087396728247,-0.0036148906855311136,-0.014926105029705372,0.07814199077443514,0.04296259425037021,0.0514711241425809,0.03519149626695439,21
IMAX,5182,0.007058037926773175,0.012679716866262791,0.0350964589523608,0.03531855002580487,0.07337793151138834,0.043105012722477305,0.02837348641667392,21
JOE,5182,0.0010531754176842378,0.0010162793651457003,0.007496439635897079,0.06708660137464713,0.09496374828838006,0.03950392487644,0.021725900712757595,21
LUMN,5182,-0.0003690687870685494,0.006893292797917172,0.007276362040548268,0.09725703961862553,0.08438820382979145,0.04759992910703611,0.030257508845943026,21
MAC,5182,0.0016127715648244223,0.007739973882004092,0.00986294710979152,0.07200626847781715,0.06484048861890905,0.0405943720514873,0.016204278946313933,21
MGM,5182,0.005806025441182139,0.014485515068930477,0.0328446648770897,0.04788763689424301,0.06560937486033973,0.03026686457824356,0.017623892996427193,21
MITT,3739,0.00359359707353879,0.009597494515627192,0.01482298530093007,0.05971314115028834,0.08924340566719365,0.05823098696363772,0.024766410086986435,21
MTCH,5182,-8.063403235913924e-05,0.0033377993663078476,0.002501147770454515,0.06867362920012268,0.032657901651147986,0.04522058518408625,0.016599095175966583,21
PINS,1777,0.010276237138327038,0.018555829846853222,0.06380082869931347,0.08703339522516856,0.1141975222844117,0.04875515751041718,-0.002036335901658637,21
RBLX,1301,0.020587770521638626,0.04743798118225462,0.14288082935711954,0.09672660029548392,0.07471380826604083,0.04249749355000961,0.0129536396260449,21
RDHL,3358,0.014917750809648411,0.046257456245256456,0.12309386590272742,0.17328948077167197,0.16496062687886057,0.018522733402010813,-0.00832885389281146,21
RHP,5182,0.002148599573314147,0.007786073695681961,0.010426472488693994,0.05121917104753274,0.03530864282976655,0.045785145610513396,0.029431462701983713,21
SIRI,5182,0.008678302219472411,0.018931211559259586,0.03864698025912838,0.08030897573309488,0.059916247621276404,0.024526755962073668,-0.004045976837000587,21
SITC,5182,-0.001816056743188632,0.0027443714256436547,-0.005289886044606895,0.07024434436614428,0.04628548160948747,0.045861174173103904,0.026945239472853877,21
UBER,1762,0.00705990751673391,0.015152353805573116,0.04157448423233001,0.09519758341869891,0.0677187078284622,0.04668648146879388,0.004835491114117296,21
VIAV,5182,0.005651630454284073,0.012387666317825285,0.030197251936718184,0.053248164703007694,0.08419892314385834,0.03267575612932223,0.02180951457026381,21
VSAT,5182,0.0020407067060589368,0.0058712625791143,0.01313705772674778,0.06784700469154505,0.05140326319917294,0.03222465835761858,-0.01288960794427596,21
ZM,1777,0.012759515263976007,0.032654788706307114,0.08604957675521019,0.09693607599063073,0.11089718180824416,0.03888586319492449,0.0301198597764728,21
JD,3012,0.007244540491894491,0.016947674407782998,0.04430683038391392,0.08449653310486044,0.07914523042214026,0.022864879830029213,0.00411809443596356,21
TME,1864,0.00914581921044244,0.023216136665868747,0.07132577864140688,0.11042846822431669,0.1150437045058979,0.05548223526948512,0.014311553998310633,21
