[30/163 | 18%] 扫描 CRDO (Credo Technology Group Holding )
[31/163 | 19%] 扫描 TSEM (Tower Semiconductor Ltd.)
[32/163 | 20%] 扫描 AAOI (Applied Optoelectronics, Inc.)
[33/163 | 20%] 扫描 AXTI (AXT Inc)
[34/163 | 21%] 扫描 LWLG (Lightwave Logic, Inc.)
[35/163 | 21%] 扫描 POET (POET Technologies Inc.)
[36/163 | 22%] 扫描 VRT (Vertiv Holdings, LLC)
[37/163 | 23%] 扫描 SMCI (Super Micro Computer, Inc.)
[38/163 | 23%] 扫描 DELL (Dell Technologies Inc.)
[39/163 | 24%] 扫描 HPE (Hewlett Packard Enterprise Comp)
[40/163 | 25%] 扫描 IBM (International Business Machines)
[41/163 | 25%] 扫描 CLS (Celestica, Inc.)
[42/163 | 26%] 扫描 XLU (State Street Utilities Select S)
[43/163 | 26%] 扫描 VST (Vistra Corp.)
[44/163 | 27%] 扫描 NRG (NRG Energy, Inc.)
[45/163 | 28%] 扫描 TLN (Talen Energy Corporation)
[46/163 | 28%] 扫描 AES (The AES Corporation)
[47/163 | 29%] 扫描 GEV (GE Vernova Inc.)
[48/163 | 29%] 扫描 ETN (Eaton Corporation, PLC)
[49/163 | 30%] 扫描 NVTS (Navitas Semiconductor Corporati)
[50/163 | 31%] 扫描 NLR (VanEck Uranium and Nuclear ETF)
[51/163 | 31%] 扫描 CEG (Constellation Energy Corporatio)
[52/163 | 32%] 扫描 SMR (NuScale Power Corporation)
[53/163 | 33%] 扫描 OKLO (Oklo Inc.)
[54/163 | 33%] 扫描 LEU (Centrus Energy Corp.)
[55/163 | 34%] 扫描 CCJ (Cameco Corporation)
[56/163 | 34%] 扫描 BWXT (BWX Technologies, Inc.)
[57/163 | 35%] 扫描 UEC (Uranium Energy Corp.)
[58/163 | 36%] 扫描 UUUU (Energy Fuels Inc)
[59/163 | 36%] 扫描 NNE (Nano Nuclear Energy Inc.)
[60/163 | 37%] 扫描 BE (Bloom Energy Corporation)
[61/163 | 37%] 扫描 FLNC (Fluence Energy, Inc.)
[62/163 | 38%] 扫描 EOSE (Eos Energy Enterprises, Inc.)
[63/163 | 39%] 扫描 TAN (Invesco Solar ETF)
[64/163 | 39%] 扫描 FSLR (First Solar, Inc.)
[65/163 | 40%] 扫描 NXT (Nextpower Inc.)
[66/163 | 40%] 扫描 ENPH (Enphase Energy, Inc.)
[67/163 | 41%] 扫描 RUN (Sunrun Inc.)
[68/163 | 42%] 扫描 IGV (iShares Expanded Tech-Software )
[69/163 | 42%] 扫描 PLTR (Palantir Technologies Inc.)
[70/163 | 43%] 扫描 ADBE (Adobe Inc.)
[71/163 | 44%] 扫描 CRM (Salesforce, Inc.)
[72/163 | 44%] 扫描 SNOW (Snowflake Inc.)
[73/163 | 45%] 扫描 DDOG (Datadog, Inc.)
[74/163 | 45%] 扫描 MDB (MongoDB, Inc.)
[75/163 | 46%] 扫描 TEAM (Atlassian Corporation)
[76/163 | 47%] 扫描 NOW (ServiceNow, Inc.)
[77/163 | 47%] 扫描 CIBR (First Trust NASDAQ Cybersecurit)
[78/163 | 48%] 扫描 CRWD (CrowdStrike Holdings, Inc.)
[79/163 | 48%] 扫描 FTNT (Fortinet, Inc.)
[80/163 | 49%] 扫描 ZS (Zscaler, Inc.)
[81/163 | 50%] 扫描 PANW (Palo Alto Networks, Inc.)
[82/163 | 50%] 扫描 OKTA (Okta, Inc.)
[83/163 | 51%] 扫描 XLB (State Street Materials Select S)
[84/163 | 52%] 扫描 PAVE (Global X U.S. Infrastructure De)
[85/163 | 52%] 扫描 FCX (Freeport-McMoRan, Inc.)
[86/163 | 53%] 扫描 LIN (Linde plc)
[87/163 | 53%] 扫描 APD (Air Products and Chemicals, Inc)
[88/163 | 54%] 扫描 NUE (Nucor Corporation)
[89/163 | 55%] 扫描 RIO (Rio Tinto Plc)
[90/163 | 55%] 扫描 BHP (BHP Group Limited)
[91/163 | 56%] 扫描 XLE (State Street Energy Select Sect)
[92/163 | 56%] 扫描 CVX (Chevron Corporation)
[93/163 | 57%] 扫描 COP (ConocoPhillips)
[94/163 | 58%] 扫描 EOG (EOG Resources, Inc.)
[95/163 | 58%] 扫描 HAL (Halliburton Company)
[96/163 | 59%] 扫描 SLB (SLB Limited)
[97/163 | 60%] 扫描 OXY (Occidental Petroleum Corporatio)
[98/163 | 60%] 扫描 NEE (NextEra Energy, Inc.)
[99/163 | 61%] 扫描 SO (Southern Company (The))
[100/163 | 61%] 扫描 DUK (Duke Energy Corporation (Holdin)
[101/163 | 62%] 扫描 D (Dominion Energy, Inc.)
[102/163 | 63%] 扫描 XLF (State Street Financial Select S)
[103/163 | 63%] 扫描 HOOD (Robinhood Markets, Inc.)
[104/163 | 64%] 扫描 SOFI (SoFi Technologies, Inc.)
[105/163 | 64%] 扫描 COIN (Coinbase Global, Inc.)
[106/163 | 65%] 扫描 AON (Aon plc)
[107/163 | 66%] 扫描 UFO (Procure Space ETF)
[108/163 | 66%] 扫描 PL (Planet Labs PBC)
[109/163 | 67%] 扫描 RKLB (Rocket Lab Corporation)
[110/163 | 67%] 扫描 VSAT (ViaSat, Inc.)
[111/163 | 68%] 扫描 IRDM (Iridium Communications Inc)
[112/163 | 69%] 扫描 SIRI (SiriusXM Holdings Inc.)
[113/163 | 69%] 扫描 GSAT (Globalstar, Inc.)
[114/163 | 70%] 扫描 LUNR (Intuitive Machines, Inc.)
[115/163 | 71%] 扫描 ASTS (AST SpaceMobile, Inc.)
[116/163 | 71%] 扫描 MOO (VanEck Agribusiness ETF)
[117/163 | 72%] 扫描 CF (CF Industries Holdings, Inc.)
[118/163 | 72%] 扫描 MOS (Mosaic Company (The))
[119/163 | 73%] 扫描 NTR (Nutrien Ltd.)
[120/163 | 74%] 扫描 TSM (Taiwan Semiconductor Manufactur)
[121/163 | 74%] 扫描 AMKR (Amkor Technology, Inc.)
[122/163 | 75%] 扫描 CAMT (Camtek Ltd.)
[123/163 | 75%] 扫描 ONTO (Onto Innovation Inc.)
[124/163 | 76%] 扫描 TER (Teradyne, Inc.)
[125/163 | 77%] 扫描 COHU (Cohu, Inc.)
[126/163 | 77%] 扫描 ENTG (Entegris, Inc.)
[127/163 | 78%] 扫描 DD (DuPont de Nemours, Inc.)
[128/163 | 79%] 扫描 AEHR (Aehr Test Systems)
[129/163 | 79%] 扫描 IHF (iShares U.S. Health Care Provid)
[130/163 | 80%] 扫描 UNH (UnitedHealth Group Incorporated)
[131/163 | 80%] 扫描 DTCR (Global X Data Center & Digital )
[132/163 | 81%] 扫描 CRWV (CoreWeave, Inc.)
[133/163 | 82%] 扫描 NBIS (Nebius Group N.V.)
[134/163 | 82%] 扫描 IREN (IREN LIMITED)
[135/163 | 83%] 扫描 APLD (Applied Digital Corporation)
[136/163 | 83%] 扫描 ORCL (Oracle Corporation)
[137/163 | 84%] 扫描 MEME (Roundhill Meme Stock ETF)
[138/163 | 85%] 扫描 HIMS (Hims & Hers Health, Inc.)
[139/163 | 85%] 扫描 SOLS (Solstice Advanced Materials Inc)
[140/163 | 86%] 扫描 CPNG (Coupang, Inc.)
[141/163 | 87%] 扫描 XYZ (Block Inc. Class A Common Stock)
[142/163 | 87%] 扫描 MSTR (Strategy Inc Common Stock Class A)
[143/163 | 88%] 扫描 CRCL (Circle Internet Group Inc. Class A Common Stock)
[144/163 | 88%] 扫描 HUT (Hut 8 Corp. Common Stock)
[145/163 | 89%] 扫描 WULF (TeraWulf Inc. Common Stock)
[146/163 | 90%] 扫描 GLXY (Galaxy Digital Inc. Class A Common Stock)
[147/163 | 90%] 扫描 GBTC (Grayscale Bitcoin Trust ETF)
[148/163 | 91%] 扫描 IBIT (iShares Bitcoin Trust ETF)
[149/163 | 91%] 扫描 FBTC (Fidelity Wise Origin Bitcoin Fund)
[150/163 | 92%] 扫描 ARKB (ARK 21Shares Bitcoin ETF)
[151/163 | 93%] 扫描 BITB (Bitwise Bitcoin ETF)
[152/163 | 93%] 扫描 BRRR (CoinShares Bitcoin ETF)
[153/163 | 94%] 扫描 HODL (VanEck Bitcoin ETF)
[154/163 | 94%] 扫描 EZBC (Franklin Bitcoin ETF)
[155/163 | 95%] 扫描 BTCO (Invesco Galaxy Bitcoin ETF)
[156/163 | 96%] 扫描 BITO (ProShares Bitcoin ETF)
[157/163 | 96%] 扫描 BITX (2x Bitcoin Strategy ETF)
[158/163 | 97%] 扫描 MARA (MARA Holdings, Inc.)
[159/163 | 98%] 扫描 RIOT (Riot Platforms, Inc.)
[160/163 | 98%] 扫描 CLSK (CleanSpark, Inc.)
[161/163 | 99%] 扫描 CORZ (Core Scientific, Inc.)
[162/163 | 99%] 扫描 CIFR (Cipher Digital Inc.)
[163/163 | 100%] 扫描 BTBT (Bit Digital, Inc.)
⚠️ 盘中运行：2026-08-26 这根日线尚未收盘。close/volume/量比20日 都只是当前最新值，量比会因为只走了部分交易时段而系统性偏低。这些行会标记 bar_partial=True，生命周期买入价优先取收盘后那一版——收盘后再跑一次即可固化。
本次补回信号日期： 2026-08-26
✅ 低位启动器：第一观察点 8 条，二进宫买入点 0 条
阶段 4/4：生成信号后表现追踪sheet...
✅ 市场环境：谨慎看涨 | SPX 跌破MA20；QQQ 跌破MA20；VIX站上MA20
✅ COMBO波段regime (#24, 长线200日趋势; 与短线信号不同):
   SPY: 收766.81 / 200日708.91(上,确认True) | 距52周高-1.4% | 30日波动12% | 强势/纯牛市(持有为主,MR待命) → HOLD 持有(满仓指数)
   QQQ: 收711.66 / 200日654.15(上,确认True) | 距52周高-4.6% | 30日波动22% | 强势/纯牛市(持有为主,MR待命) → HOLD 持有(满仓指数)
✅ BTC长线读数 (集成SMA投票, 默认买入持有; 详见btc_system.py):
   BTC-USD: 收78,521 | 集成SMA投票100%看多 | 状态 LONG | 距历史高点-37.1% | 距52周高-37.1% | 默认长期持有(买入持有)；本读数为风险仪表盘，非交易信号 — 短线资本利得税拖累研究见btc_system.py
✅ 历史结果已保存：/Users/feijing/github.com/stock_scan/Stock_OneClick/history/scan_result_20260826_090203.xlsx
✅ 最新结果已更新：/Users/feijing/github.com/stock_scan/Stock_OneClick/scan_result_latest.xlsx
✅ 信号Dashboard：/Users/feijing/github.com/stock_scan/Stock_OneClick/exports/xl_signal_dashboard_latest.html
✅ 信号Dashboard历史：/Users/feijing/github.com/stock_scan/Stock_OneClick/history/xl_signal_dashboard_20260826_090203.html
✅ 买入追踪sheet数量：14（每批次最多追踪 14 个交易日）
✅ 卖出追踪批次数：13（每批次最多追踪 14 个交易日）
✅ 买入观察列表：99 条
✅ 买入历史记录：606 条
✅ 卖出观察列表：2 条
✅ 卖出历史记录：336 条
✅ 第一观察点跟踪：观察中 19 条，已确认 2 条，已移除 137 条
✅ TV今日清单：/Users/feijing/github.com/stock_scan/Stock_OneClick/tv_daily_signals/tv_today_2026-08-26.txt
✅ TV历史清单：/Users/feijing/github.com/stock_scan/Stock_OneClick/history/tv_today_20260826_090203.txt
✅ TV买入纯导入：/Users/feijing/github.com/stock_scan/Stock_OneClick/tv_buy_signals/tv_buy_today_2026-08-26.txt
✅ TV买入备注版：/Users/feijing/github.com/stock_scan/Stock_OneClick/tv_buy_signals/tv_buy_today_notes_2026-08-26.txt
STOCK_ONECLICK_NO_OPEN=1：跳过自动打开结果。
[2026-08-26 10:04:32 EDT]     scan ok
[2026-08-26 10:04:32 EDT] DONE slot=open for ET date 2026-08-26
[2026-08-26 10:09:32 EDT] skip: not near a target time (ET 1009)
[2026-08-26 10:14:32 EDT] skip: not near a target time (ET 1014)
[2026-08-26 10:19:32 EDT] skip: not near a target time (ET 1019)
[2026-08-26 10:24:32 EDT] skip: not near a target time (ET 1024)
[2026-08-26 10:29:32 EDT] skip: not near a target time (ET 1029)
[2026-08-26 10:34:32 EDT] skip: not near a target time (ET 1034)
[2026-08-26 10:39:32 EDT] skip: not near a target time (ET 1039)
[2026-08-26 10:44:32 EDT] skip: not near a target time (ET 1044)
[2026-08-26 10:49:32 EDT] skip: not near a target time (ET 1049)
[2026-08-26 10:54:33 EDT] skip: not near a target time (ET 1054)
[2026-08-26 10:59:33 EDT] skip: not near a target time (ET 1059)
[2026-08-26 11:04:33 EDT] skip: not near a target time (ET 1104)
[2026-08-26 11:09:33 EDT] skip: not near a target time (ET 1109)
[2026-08-26 11:14:33 EDT] skip: not near a target time (ET 1114)
[2026-08-26 11:19:33 EDT] skip: not near a target time (ET 1119)
[2026-08-26 11:24:33 EDT] skip: not near a target time (ET 1124)
[2026-08-26 11:29:33 EDT] skip: not near a target time (ET 1129)
[2026-08-26 11:34:33 EDT] skip: not near a target time (ET 1134)
[2026-08-26 11:39:33 EDT] skip: not near a target time (ET 1139)
[2026-08-26 11:44:33 EDT] skip: not near a target time (ET 1144)
[2026-08-26 11:49:33 EDT] skip: not near a target time (ET 1149)
[2026-08-26 11:54:33 EDT] skip: not near a target time (ET 1154)
[2026-08-26 11:59:34 EDT] skip: not near a target time (ET 1159)
[2026-08-26 12:04:34 EDT] skip: not near a target time (ET 1204)
[2026-08-26 12:09:34 EDT] skip: not near a target time (ET 1209)
[2026-08-26 12:14:34 EDT] skip: not near a target time (ET 1214)
[2026-08-26 12:19:34 EDT] skip: not near a target time (ET 1219)
[2026-08-26 12:24:34 EDT] skip: not near a target time (ET 1224)
[2026-08-26 12:29:34 EDT] skip: not near a target time (ET 1229)
[2026-08-26 12:34:34 EDT] skip: not near a target time (ET 1234)
[2026-08-26 12:39:34 EDT] skip: not near a target time (ET 1239)
[2026-08-26 12:44:34 EDT] skip: not near a target time (ET 1244)
[2026-08-26 12:49:34 EDT] skip: not near a target time (ET 1249)
[2026-08-26 12:54:34 EDT] skip: not near a target time (ET 1254)
[2026-08-26 12:59:35 EDT] skip: not near a target time (ET 1259)
[2026-08-26 13:04:35 EDT] skip: not near a target time (ET 1304)
[2026-08-26 13:09:35 EDT] skip: not near a target time (ET 1309)
[2026-08-27 09:17:13 EDT] skip: not near a target time (ET 917)
[2026-08-27 09:23:01 EDT] skip: not near a target time (ET 923)
[2026-08-27 09:45:33 EDT] skip: not near a target time (ET 945)
[2026-08-27 09:54:24 EDT] START scheduled scan (weekday 4, ET 954, slot=open)
阶段 1/3：更新股票元数据...
元数据更新：共 1084 只，需联网 0 只（跳过已缓存 1084 只）
阶段 2/3：写回输入与分类表...
✅ TV固定A池：/Users/feijing/github.com/stock_scan/Stock_OneClick/exports/tv_A_pool.txt
✅ TV固定A池快照：/Users/feijing/github.com/stock_scan/Stock_OneClick/history/tv_A_pool_20260827_085428.txt
✅ TV中文分类目录：/Users/feijing/github.com/stock_scan/Stock_OneClick/exports/tv_custom（17个分类）
✅ TV中文分类历史：/Users/feijing/github.com/stock_scan/Stock_OneClick/history/tv_custom_20260827_085428
✅ TV中文合并清单：/Users/feijing/github.com/stock_scan/Stock_OneClick/exports/tv_watchlists_merged_cn.txt
✅ TV中文合并历史：/Users/feijing/github.com/stock_scan/Stock_OneClick/history/tv_watchlists_merged_cn_20260827_085428.txt
阶段 3/4：执行扫描...
跳过不扫描分组：00 大环境, 01 市场环境（22 只）
✅ 全量扫描池：/Users/feijing/github.com/stock_scan/Stock_OneClick/exports/full_scan_pool.txt
✅ 全量扫描池快照：/Users/feijing/github.com/stock_scan/Stock_OneClick/history/full_scan_pool_20260827_085428.txt
✅ TV分类清单目录：/Users/feijing/github.com/stock_scan/Stock_OneClick/exports/tv_groups（24个分类）
✅ TV分类清单索引：/Users/feijing/github.com/stock_scan/Stock_OneClick/exports/tv_groups/_index.txt
✅ TV分类清单历史：/Users/feijing/github.com/stock_scan/Stock_OneClick/history/tv_groups_20260827_085428
并行预取行情：163 只 ×（日线+4H），并发 8 …
  预取进度 25/163
  预取进度 50/163
  预取进度 75/163
  预取进度 100/163
  预取进度 125/163
  预取进度 150/163
$LEU: possibly delisted; no price data found  (period=1y)
$CRWV: possibly delisted; no price data found  (period=90d)
$LEU: possibly delisted; no price data found  (period=90d)
  预取进度 163/163
本次扫描标的数：163
[1/163 | 1%] 扫描 MAGS (Roundhill Magnificent Seven ETF)
[2/163 | 1%] 扫描 NVDA (NVIDIA Corporation)
[3/163 | 2%] 扫描 MSFT (Microsoft Corporation)
[4/163 | 2%] 扫描 AMZN (Amazon.com, Inc.)
[5/163 | 3%] 扫描 META (Meta Platforms, Inc.)
[6/163 | 4%] 扫描 GOOGL (Alphabet Inc.)
[7/163 | 4%] 扫描 TSLA (Tesla, Inc.)
[8/163 | 5%] 扫描 AAPL (Apple Inc.)
[9/163 | 6%] 扫描 SMH (VanEck Semiconductor ETF)
[10/163 | 6%] 扫描 AMD (Advanced Micro Devices, Inc.)
[11/163 | 7%] 扫描 AVGO (Broadcom Inc.)
[12/163 | 7%] 扫描 INTC (Intel Corporation)
[13/163 | 8%] 扫描 MRVL (Marvell Technology, Inc.)
[14/163 | 9%] 扫描 CBRS (Cerebras Systems Inc.)
[CBRS] 日线数据太短/获取失败，跳过
[15/163 | 9%] 扫描 DRAM (Roundhill Memory ETF)
[DRAM] 日线数据太短/获取失败，跳过
[16/163 | 10%] 扫描 MU (Micron Technology, Inc.)
[17/163 | 10%] 扫描 SNDK (Sandisk Corporation)
[18/163 | 11%] 扫描 WDC (Western Digital Corporation)
[19/163 | 12%] 扫描 ASML (ASML Holding N.V. - New York Re)
[20/163 | 12%] 扫描 AMAT (Applied Materials, Inc.)
[21/163 | 13%] 扫描 KLAC (KLA Corporation)
[22/163 | 13%] 扫描 LRCX (Lam Research Corporation)
[23/163 | 14%] 扫描 SNPS (Synopsys, Inc.)
[24/163 | 15%] 扫描 CDNS (Cadence Design Systems, Inc.)
[25/163 | 15%] 扫描 FOTO (Tuttle Capital Pure Play Photon)
[FOTO] 日线数据太短/获取失败，跳过
[26/163 | 16%] 扫描 ANET (Arista Networks, Inc.)
[27/163 | 17%] 扫描 LITE (Lumentum Holdings Inc.)
[28/163 | 17%] 扫描 COHR (Coherent Corp.)
[29/163 | 18%] 扫描 GLW (Corning Incorporated)
[30/163 | 18%] 扫描 CRDO (Credo Technology Group Holding )
[31/163 | 19%] 扫描 TSEM (Tower Semiconductor Ltd.)
[32/163 | 20%] 扫描 AAOI (Applied Optoelectronics, Inc.)
[33/163 | 20%] 扫描 AXTI (AXT Inc)
[34/163 | 21%] 扫描 LWLG (Lightwave Logic, Inc.)
[35/163 | 21%] 扫描 POET (POET Technologies Inc.)
[36/163 | 22%] 扫描 VRT (Vertiv Holdings, LLC)
[37/163 | 23%] 扫描 SMCI (Super Micro Computer, Inc.)
[38/163 | 23%] 扫描 DELL (Dell Technologies Inc.)
[39/163 | 24%] 扫描 HPE (Hewlett Packard Enterprise Comp)
[40/163 | 25%] 扫描 IBM (International Business Machines)
[41/163 | 25%] 扫描 CLS (Celestica, Inc.)
[42/163 | 26%] 扫描 XLU (State Street Utilities Select S)
[43/163 | 26%] 扫描 VST (Vistra Corp.)
[44/163 | 27%] 扫描 NRG (NRG Energy, Inc.)
[45/163 | 28%] 扫描 TLN (Talen Energy Corporation)
[46/163 | 28%] 扫描 AES (The AES Corporation)
[47/163 | 29%] 扫描 GEV (GE Vernova Inc.)
[48/163 | 29%] 扫描 ETN (Eaton Corporation, PLC)
[49/163 | 30%] 扫描 NVTS (Navitas Semiconductor Corporati)
[50/163 | 31%] 扫描 NLR (VanEck Uranium and Nuclear ETF)
[51/163 | 31%] 扫描 CEG (Constellation Energy Corporatio)
[52/163 | 32%] 扫描 SMR (NuScale Power Corporation)
[53/163 | 33%] 扫描 OKLO (Oklo Inc.)
[54/163 | 33%] 扫描 LEU (Centrus Energy Corp.)
[LEU] 日线数据太短/获取失败，跳过
[55/163 | 34%] 扫描 CCJ (Cameco Corporation)
[56/163 | 34%] 扫描 BWXT (BWX Technologies, Inc.)
[57/163 | 35%] 扫描 UEC (Uranium Energy Corp.)
[58/163 | 36%] 扫描 UUUU (Energy Fuels Inc)
[59/163 | 36%] 扫描 NNE (Nano Nuclear Energy Inc.)
[60/163 | 37%] 扫描 BE (Bloom Energy Corporation)
[61/163 | 37%] 扫描 FLNC (Fluence Energy, Inc.)
[62/163 | 38%] 扫描 EOSE (Eos Energy Enterprises, Inc.)
[63/163 | 39%] 扫描 TAN (Invesco Solar ETF)
[64/163 | 39%] 扫描 FSLR (First Solar, Inc.)
[65/163 | 40%] 扫描 NXT (Nextpower Inc.)
[66/163 | 40%] 扫描 ENPH (Enphase Energy, Inc.)
[67/163 | 41%] 扫描 RUN (Sunrun Inc.)
[68/163 | 42%] 扫描 IGV (iShares Expanded Tech-Software )
[69/163 | 42%] 扫描 PLTR (Palantir Technologies Inc.)
[70/163 | 43%] 扫描 ADBE (Adobe Inc.)
[71/163 | 44%] 扫描 CRM (Salesforce, Inc.)
[72/163 | 44%] 扫描 SNOW (Snowflake Inc.)
[73/163 | 45%] 扫描 DDOG (Datadog, Inc.)
[74/163 | 45%] 扫描 MDB (MongoDB, Inc.)
[75/163 | 46%] 扫描 TEAM (Atlassian Corporation)
[76/163 | 47%] 扫描 NOW (ServiceNow, Inc.)
[77/163 | 47%] 扫描 CIBR (First Trust NASDAQ Cybersecurit)
[78/163 | 48%] 扫描 CRWD (CrowdStrike Holdings, Inc.)
[79/163 | 48%] 扫描 FTNT (Fortinet, Inc.)
[80/163 | 49%] 扫描 ZS (Zscaler, Inc.)
[81/163 | 50%] 扫描 PANW (Palo Alto Networks, Inc.)
[82/163 | 50%] 扫描 OKTA (Okta, Inc.)
[83/163 | 51%] 扫描 XLB (State Street Materials Select S)
[84/163 | 52%] 扫描 PAVE (Global X U.S. Infrastructure De)
[85/163 | 52%] 扫描 FCX (Freeport-McMoRan, Inc.)
[86/163 | 53%] 扫描 LIN (Linde plc)
[87/163 | 53%] 扫描 APD (Air Products and Chemicals, Inc)
[88/163 | 54%] 扫描 NUE (Nucor Corporation)
[89/163 | 55%] 扫描 RIO (Rio Tinto Plc)
[90/163 | 55%] 扫描 BHP (BHP Group Limited)
[91/163 | 56%] 扫描 XLE (State Street Energy Select Sect)
[92/163 | 56%] 扫描 CVX (Chevron Corporation)
[93/163 | 57%] 扫描 COP (ConocoPhillips)
[94/163 | 58%] 扫描 EOG (EOG Resources, Inc.)
[95/163 | 58%] 扫描 HAL (Halliburton Company)
[96/163 | 59%] 扫描 SLB (SLB Limited)
[97/163 | 60%] 扫描 OXY (Occidental Petroleum Corporatio)
[98/163 | 60%] 扫描 NEE (NextEra Energy, Inc.)
[99/163 | 61%] 扫描 SO (Southern Company (The))
[100/163 | 61%] 扫描 DUK (Duke Energy Corporation (Holdin)
[101/163 | 62%] 扫描 D (Dominion Energy, Inc.)
[102/163 | 63%] 扫描 XLF (State Street Financial Select S)
[103/163 | 63%] 扫描 HOOD (Robinhood Markets, Inc.)
[104/163 | 64%] 扫描 SOFI (SoFi Technologies, Inc.)
[105/163 | 64%] 扫描 COIN (Coinbase Global, Inc.)
[106/163 | 65%] 扫描 AON (Aon plc)
[107/163 | 66%] 扫描 UFO (Procure Space ETF)
[108/163 | 66%] 扫描 PL (Planet Labs PBC)
[109/163 | 67%] 扫描 RKLB (Rocket Lab Corporation)
[110/163 | 67%] 扫描 VSAT (ViaSat, Inc.)
[111/163 | 68%] 扫描 IRDM (Iridium Communications Inc)
[112/163 | 69%] 扫描 SIRI (SiriusXM Holdings Inc.)
[113/163 | 69%] 扫描 GSAT (Globalstar, Inc.)
[114/163 | 70%] 扫描 LUNR (Intuitive Machines, Inc.)
[115/163 | 71%] 扫描 ASTS (AST SpaceMobile, Inc.)
[116/163 | 71%] 扫描 MOO (VanEck Agribusiness ETF)
[117/163 | 72%] 扫描 CF (CF Industries Holdings, Inc.)
[118/163 | 72%] 扫描 MOS (Mosaic Company (The))
[119/163 | 73%] 扫描 NTR (Nutrien Ltd.)
[120/163 | 74%] 扫描 TSM (Taiwan Semiconductor Manufactur)
[121/163 | 74%] 扫描 AMKR (Amkor Technology, Inc.)
[122/163 | 75%] 扫描 CAMT (Camtek Ltd.)
[123/163 | 75%] 扫描 ONTO (Onto Innovation Inc.)
[124/163 | 76%] 扫描 TER (Teradyne, Inc.)
[125/163 | 77%] 扫描 COHU (Cohu, Inc.)
[126/163 | 77%] 扫描 ENTG (Entegris, Inc.)
[127/163 | 78%] 扫描 DD (DuPont de Nemours, Inc.)
[128/163 | 79%] 扫描 AEHR (Aehr Test Systems)
[129/163 | 79%] 扫描 IHF (iShares U.S. Health Care Provid)
[130/163 | 80%] 扫描 UNH (UnitedHealth Group Incorporated)
[131/163 | 80%] 扫描 DTCR (Global X Data Center & Digital )
[132/163 | 81%] 扫描 CRWV (CoreWeave, Inc.)
[133/163 | 82%] 扫描 NBIS (Nebius Group N.V.)
[134/163 | 82%] 扫描 IREN (IREN LIMITED)
[135/163 | 83%] 扫描 APLD (Applied Digital Corporation)
[136/163 | 83%] 扫描 ORCL (Oracle Corporation)
[137/163 | 84%] 扫描 MEME (Roundhill Meme Stock ETF)
[138/163 | 85%] 扫描 HIMS (Hims & Hers Health, Inc.)
[139/163 | 85%] 扫描 SOLS (Solstice Advanced Materials Inc)
[140/163 | 86%] 扫描 CPNG (Coupang, Inc.)
[141/163 | 87%] 扫描 XYZ (Block Inc. Class A Common Stock)
[142/163 | 87%] 扫描 MSTR (Strategy Inc Common Stock Class A)
[143/163 | 88%] 扫描 CRCL (Circle Internet Group Inc. Class A Common Stock)
[144/163 | 88%] 扫描 HUT (Hut 8 Corp. Common Stock)
[145/163 | 89%] 扫描 WULF (TeraWulf Inc. Common Stock)
[146/163 | 90%] 扫描 GLXY (Galaxy Digital Inc. Class A Common Stock)
[147/163 | 90%] 扫描 GBTC (Grayscale Bitcoin Trust ETF)
[148/163 | 91%] 扫描 IBIT (iShares Bitcoin Trust ETF)
[149/163 | 91%] 扫描 FBTC (Fidelity Wise Origin Bitcoin Fund)
[150/163 | 92%] 扫描 ARKB (ARK 21Shares Bitcoin ETF)
[151/163 | 93%] 扫描 BITB (Bitwise Bitcoin ETF)
[152/163 | 93%] 扫描 BRRR (CoinShares Bitcoin ETF)
[153/163 | 94%] 扫描 HODL (VanEck Bitcoin ETF)
[154/163 | 94%] 扫描 EZBC (Franklin Bitcoin ETF)
[155/163 | 95%] 扫描 BTCO (Invesco Galaxy Bitcoin ETF)
[156/163 | 96%] 扫描 BITO (ProShares Bitcoin ETF)
[157/163 | 96%] 扫描 BITX (2x Bitcoin Strategy ETF)
[158/163 | 97%] 扫描 MARA (MARA Holdings, Inc.)
[159/163 | 98%] 扫描 RIOT (Riot Platforms, Inc.)
[160/163 | 98%] 扫描 CLSK (CleanSpark, Inc.)
[161/163 | 99%] 扫描 CORZ (Core Scientific, Inc.)
[162/163 | 99%] 扫描 CIFR (Cipher Digital Inc.)
[163/163 | 100%] 扫描 BTBT (Bit Digital, Inc.)
⚠️ 盘中运行：2026-08-27 这根日线尚未收盘。close/volume/量比20日 都只是当前最新值，量比会因为只走了部分交易时段而系统性偏低。这些行会标记 bar_partial=True，生命周期买入价优先取收盘后那一版——收盘后再跑一次即可固化。
本次补回信号日期： 2026-08-27
✅ 低位启动器：第一观察点 4 条，二进宫买入点 0 条
阶段 4/4：生成信号后表现追踪sheet...
✅ 市场环境：强势/中性看涨 | IWM 跌破MA20
✅ COMBO波段regime (#24, 长线200日趋势; 与短线信号不同):
   SPY: 收768.74 / 200日709.39(上,确认True) | 距52周高-1.2% | 30日波动12% | 强势/纯牛市(持有为主,MR待命) → HOLD 持有(满仓指数)
   QQQ: 收716.22 / 200日654.68(上,确认True) | 距52周高-4.0% | 30日波动21% | 强势/纯牛市(持有为主,MR待命) → HOLD 持有(满仓指数)
✅ BTC长线读数 (集成SMA投票, 默认买入持有; 详见btc_system.py):
   BTC-USD: 收79,405 | 集成SMA投票100%看多 | 状态 LONG | 距历史高点-36.4% | 距52周高-36.4% | 默认长期持有(买入持有)；本读数为风险仪表盘，非交易信号 — 短线资本利得税拖累研究见btc_system.py
✅ 历史结果已保存：/Users/feijing/github.com/stock_scan/Stock_OneClick/history/scan_result_20260827_085428.xlsx
✅ 最新结果已更新：/Users/feijing/github.com/stock_scan/Stock_OneClick/scan_result_latest.xlsx
✅ 信号Dashboard：/Users/feijing/github.com/stock_scan/Stock_OneClick/exports/xl_signal_dashboard_latest.html
✅ 信号Dashboard历史：/Users/feijing/github.com/stock_scan/Stock_OneClick/history/xl_signal_dashboard_20260827_085428.html
✅ 买入追踪sheet数量：14（每批次最多追踪 14 个交易日）
✅ 卖出追踪批次数：13（每批次最多追踪 14 个交易日）
✅ 买入观察列表：102 条
✅ 买入历史记录：612 条
✅ 卖出观察列表：0 条
✅ 卖出历史记录：350 条
✅ 第一观察点跟踪：观察中 19 条，已确认 2 条，已移除 141 条
✅ 已归档满14日批次：1 个
   - /Users/feijing/github.com/stock_scan/Stock_OneClick/history/completed_14d/20260807共计20天数据.xlsx
✅ TV今日清单：/Users/feijing/github.com/stock_scan/Stock_OneClick/tv_daily_signals/tv_today_2026-08-27.txt
✅ TV历史清单：/Users/feijing/github.com/stock_scan/Stock_OneClick/history/tv_today_20260827_085428.txt
✅ TV买入纯导入：/Users/feijing/github.com/stock_scan/Stock_OneClick/tv_buy_signals/tv_buy_today_2026-08-27.txt
✅ TV买入备注版：/Users/feijing/github.com/stock_scan/Stock_OneClick/tv_buy_signals/tv_buy_today_notes_2026-08-27.txt
STOCK_ONECLICK_NO_OPEN=1：跳过自动打开结果。
[2026-08-27 09:57:10 EDT]     scan ok
[2026-08-27 09:57:10 EDT] DONE slot=open for ET date 2026-08-27
[2026-08-27 10:02:10 EDT] skip: already ran slot=open for ET date 2026-08-27
[2026-08-27 10:22:47 EDT] skip: not near a target time (ET 1022)
[2026-08-27 10:59:15 EDT] skip: not near a target time (ET 1059)
[2026-08-27 11:04:15 EDT] skip: not near a target time (ET 1104)
[2026-08-27 11:09:15 EDT] skip: not near a target time (ET 1109)
[2026-08-27 11:14:15 EDT] skip: not near a target time (ET 1114)
[2026-08-27 11:19:15 EDT] skip: not near a target time (ET 1119)
[2026-08-27 11:24:15 EDT] skip: not near a target time (ET 1124)
[2026-08-27 11:29:15 EDT] skip: not near a target time (ET 1129)
[2026-08-27 11:34:15 EDT] skip: not near a target time (ET 1134)
[2026-08-27 11:39:16 EDT] skip: not near a target time (ET 1139)
[2026-08-27 11:44:16 EDT] skip: not near a target time (ET 1144)
[2026-08-27 11:49:16 EDT] skip: not near a target time (ET 1149)
[2026-08-27 11:54:16 EDT] skip: not near a target time (ET 1154)
[2026-08-27 11:59:16 EDT] skip: not near a target time (ET 1159)
[2026-08-27 12:04:16 EDT] skip: not near a target time (ET 1204)
[2026-08-27 12:09:16 EDT] skip: not near a target time (ET 1209)
[2026-08-27 12:14:16 EDT] skip: not near a target time (ET 1214)
[2026-08-27 12:19:16 EDT] skip: not near a target time (ET 1219)
[2026-08-27 12:24:16 EDT] skip: not near a target time (ET 1224)
[2026-08-27 12:29:58 EDT] skip: not near a target time (ET 1229)
[2026-08-27 12:35:33 EDT] skip: not near a target time (ET 1235)
[2026-08-27 12:40:33 EDT] skip: not near a target time (ET 1240)
[2026-08-27 12:45:33 EDT] skip: not near a target time (ET 1245)
[2026-08-27 12:50:33 EDT] skip: not near a target time (ET 1250)
[2026-08-27 12:55:34 EDT] skip: not near a target time (ET 1255)
[2026-08-27 13:00:34 EDT] skip: not near a target time (ET 1300)
[2026-08-27 13:05:34 EDT] skip: not near a target time (ET 1305)
[2026-08-27 13:10:34 EDT] skip: not near a target time (ET 1310)
[2026-08-27 13:15:34 EDT] skip: not near a target time (ET 1315)
[2026-08-27 13:20:34 EDT] skip: not near a target time (ET 1320)
[2026-08-27 13:25:34 EDT] skip: not near a target time (ET 1325)
[2026-08-27 13:30:34 EDT] skip: not near a target time (ET 1330)
[2026-08-27 13:35:54 EDT] skip: not near a target time (ET 1335)
[2026-08-27 13:40:54 EDT] skip: not near a target time (ET 1340)
[2026-08-27 13:45:54 EDT] skip: not near a target time (ET 1345)
[2026-08-27 13:50:54 EDT] skip: not near a target time (ET 1350)
[2026-08-27 13:55:54 EDT] skip: not near a target time (ET 1355)
[2026-08-27 14:00:54 EDT] skip: not near a target time (ET 1400)
[2026-08-27 14:05:54 EDT] skip: not near a target time (ET 1405)
[2026-08-27 14:10:54 EDT] skip: not near a target time (ET 1410)
[2026-08-27 14:15:55 EDT] skip: not near a target time (ET 1415)
[2026-08-27 14:20:55 EDT] skip: not near a target time (ET 1420)
[2026-08-27 14:25:55 EDT] skip: not near a target time (ET 1425)
[2026-08-27 14:30:55 EDT] skip: not near a target time (ET 1430)
[2026-08-27 14:35:55 EDT] skip: not near a target time (ET 1435)
[2026-08-27 14:40:55 EDT] skip: not near a target time (ET 1440)
[2026-08-27 14:45:55 EDT] skip: not near a target time (ET 1445)
[2026-08-27 14:50:55 EDT] skip: not near a target time (ET 1450)
[2026-08-27 14:56:01 EDT] skip: not near a target time (ET 1456)
[2026-08-27 15:01:05 EDT] skip: not near a target time (ET 1501)
[2026-08-27 15:06:05 EDT] skip: not near a target time (ET 1506)
[2026-08-27 15:11:05 EDT] skip: not near a target time (ET 1511)
[2026-08-27 15:16:05 EDT] skip: not near a target time (ET 1516)
[2026-08-27 15:21:06 EDT] skip: not near a target time (ET 1521)
[2026-08-27 15:26:06 EDT] skip: not near a target time (ET 1526)
[2026-08-27 15:31:06 EDT] skip: not near a target time (ET 1531)
[2026-08-27 15:36:06 EDT] skip: not near a target time (ET 1536)
[2026-08-27 15:41:06 EDT] skip: not near a target time (ET 1541)
[2026-08-27 15:46:23 EDT] START scheduled scan (weekday 4, ET 1546, slot=close)
阶段 1/3：更新股票元数据...
元数据更新：共 1084 只，需联网 0 只（跳过已缓存 1084 只）
阶段 2/3：写回输入与分类表...
✅ TV固定A池：/Users/feijing/github.com/stock_scan/Stock_OneClick/exports/tv_A_pool.txt
✅ TV固定A池快照：/Users/feijing/github.com/stock_scan/Stock_OneClick/history/tv_A_pool_20260827_144629.txt
✅ TV中文分类目录：/Users/feijing/github.com/stock_scan/Stock_OneClick/exports/tv_custom（17个分类）
✅ TV中文分类历史：/Users/feijing/github.com/stock_scan/Stock_OneClick/history/tv_custom_20260827_144629
✅ TV中文合并清单：/Users/feijing/github.com/stock_scan/Stock_OneClick/exports/tv_watchlists_merged_cn.txt
✅ TV中文合并历史：/Users/feijing/github.com/stock_scan/Stock_OneClick/history/tv_watchlists_merged_cn_20260827_144629.txt
阶段 3/4：执行扫描...
跳过不扫描分组：00 大环境, 01 市场环境（22 只）
✅ 全量扫描池：/Users/feijing/github.com/stock_scan/Stock_OneClick/exports/full_scan_pool.txt
✅ 全量扫描池快照：/Users/feijing/github.com/stock_scan/Stock_OneClick/history/full_scan_pool_20260827_144629.txt
✅ TV分类清单目录：/Users/feijing/github.com/stock_scan/Stock_OneClick/exports/tv_groups（24个分类）
✅ TV分类清单索引：/Users/feijing/github.com/stock_scan/Stock_OneClick/exports/tv_groups/_index.txt
✅ TV分类清单历史：/Users/feijing/github.com/stock_scan/Stock_OneClick/history/tv_groups_20260827_144629
并行预取行情：163 只 ×（日线+4H），并发 8 …
  预取进度 25/163
$CEG: possibly delisted; no price data found  (period=90d)
  预取进度 50/163
$LEU: possibly delisted; no price data found  (period=90d)
$NLR: possibly delisted; no price data found  (period=90d)
$BWXT: possibly delisted; no price data found  (period=1y)
$CCJ: possibly delisted; no price data found  (period=1y)
$OKLO: possibly delisted; no price data found  (period=90d)
$UEC: possibly delisted; no price data found  (period=1y)
$SMR: possibly delisted; no price data found  (period=90d)
  预取进度 75/163
  预取进度 100/163
  预取进度 125/163
  预取进度 150/163
  预取进度 163/163
本次扫描标的数：163
[1/163 | 1%] 扫描 MAGS (Roundhill Magnificent Seven ETF)
[2/163 | 1%] 扫描 NVDA (NVIDIA Corporation)
[3/163 | 2%] 扫描 MSFT (Microsoft Corporation)
[4/163 | 2%] 扫描 AMZN (Amazon.com, Inc.)
[5/163 | 3%] 扫描 META (Meta Platforms, Inc.)
[6/163 | 4%] 扫描 GOOGL (Alphabet Inc.)
[7/163 | 4%] 扫描 TSLA (Tesla, Inc.)
[8/163 | 5%] 扫描 AAPL (Apple Inc.)
[9/163 | 6%] 扫描 SMH (VanEck Semiconductor ETF)
[10/163 | 6%] 扫描 AMD (Advanced Micro Devices, Inc.)
[11/163 | 7%] 扫描 AVGO (Broadcom Inc.)
[12/163 | 7%] 扫描 INTC (Intel Corporation)
[13/163 | 8%] 扫描 MRVL (Marvell Technology, Inc.)
[14/163 | 9%] 扫描 CBRS (Cerebras Systems Inc.)
[CBRS] 日线数据太短/获取失败，跳过
[15/163 | 9%] 扫描 DRAM (Roundhill Memory ETF)
[DRAM] 日线数据太短/获取失败，跳过
[16/163 | 10%] 扫描 MU (Micron Technology, Inc.)
[17/163 | 10%] 扫描 SNDK (Sandisk Corporation)
[18/163 | 11%] 扫描 WDC (Western Digital Corporation)
[19/163 | 12%] 扫描 ASML (ASML Holding N.V. - New York Re)
[20/163 | 12%] 扫描 AMAT (Applied Materials, Inc.)
[21/163 | 13%] 扫描 KLAC (KLA Corporation)
[22/163 | 13%] 扫描 LRCX (Lam Research Corporation)
[23/163 | 14%] 扫描 SNPS (Synopsys, Inc.)
[24/163 | 15%] 扫描 CDNS (Cadence Design Systems, Inc.)
[25/163 | 15%] 扫描 FOTO (Tuttle Capital Pure Play Photon)
[FOTO] 日线数据太短/获取失败，跳过
[26/163 | 16%] 扫描 ANET (Arista Networks, Inc.)
[27/163 | 17%] 扫描 LITE (Lumentum Holdings Inc.)
[28/163 | 17%] 扫描 COHR (Coherent Corp.)
[29/163 | 18%] 扫描 GLW (Corning Incorporated)
[30/163 | 18%] 扫描 CRDO (Credo Technology Group Holding )
[31/163 | 19%] 扫描 TSEM (Tower Semiconductor Ltd.)
[32/163 | 20%] 扫描 AAOI (Applied Optoelectronics, Inc.)
[33/163 | 20%] 扫描 AXTI (AXT Inc)
[34/163 | 21%] 扫描 LWLG (Lightwave Logic, Inc.)
[35/163 | 21%] 扫描 POET (POET Technologies Inc.)
[36/163 | 22%] 扫描 VRT (Vertiv Holdings, LLC)
[37/163 | 23%] 扫描 SMCI (Super Micro Computer, Inc.)
[38/163 | 23%] 扫描 DELL (Dell Technologies Inc.)
[39/163 | 24%] 扫描 HPE (Hewlett Packard Enterprise Comp)
[40/163 | 25%] 扫描 IBM (International Business Machines)
[41/163 | 25%] 扫描 CLS (Celestica, Inc.)
[42/163 | 26%] 扫描 XLU (State Street Utilities Select S)
[43/163 | 26%] 扫描 VST (Vistra Corp.)
[44/163 | 27%] 扫描 NRG (NRG Energy, Inc.)
[45/163 | 28%] 扫描 TLN (Talen Energy Corporation)
[46/163 | 28%] 扫描 AES (The AES Corporation)
[47/163 | 29%] 扫描 GEV (GE Vernova Inc.)
[48/163 | 29%] 扫描 ETN (Eaton Corporation, PLC)
[49/163 | 30%] 扫描 NVTS (Navitas Semiconductor Corporati)
[50/163 | 31%] 扫描 NLR (VanEck Uranium and Nuclear ETF)
[51/163 | 31%] 扫描 CEG (Constellation Energy Corporatio)
[52/163 | 32%] 扫描 SMR (NuScale Power Corporation)
[53/163 | 33%] 扫描 OKLO (Oklo Inc.)
[54/163 | 33%] 扫描 LEU (Centrus Energy Corp.)
[55/163 | 34%] 扫描 CCJ (Cameco Corporation)
[CCJ] 日线数据太短/获取失败，跳过
[56/163 | 34%] 扫描 BWXT (BWX Technologies, Inc.)
[BWXT] 日线数据太短/获取失败，跳过
[57/163 | 35%] 扫描 UEC (Uranium Energy Corp.)
[UEC] 日线数据太短/获取失败，跳过
[58/163 | 36%] 扫描 UUUU (Energy Fuels Inc)
[59/163 | 36%] 扫描 NNE (Nano Nuclear Energy Inc.)
[60/163 | 37%] 扫描 BE (Bloom Energy Corporation)
[61/163 | 37%] 扫描 FLNC (Fluence Energy, Inc.)
[62/163 | 38%] 扫描 EOSE (Eos Energy Enterprises, Inc.)
[63/163 | 39%] 扫描 TAN (Invesco Solar ETF)
[64/163 | 39%] 扫描 FSLR (First Solar, Inc.)
[65/163 | 40%] 扫描 NXT (Nextpower Inc.)
[66/163 | 40%] 扫描 ENPH (Enphase Energy, Inc.)
[67/163 | 41%] 扫描 RUN (Sunrun Inc.)
[68/163 | 42%] 扫描 IGV (iShares Expanded Tech-Software )
[69/163 | 42%] 扫描 PLTR (Palantir Technologies Inc.)
[70/163 | 43%] 扫描 ADBE (Adobe Inc.)
[71/163 | 44%] 扫描 CRM (Salesforce, Inc.)
[72/163 | 44%] 扫描 SNOW (Snowflake Inc.)
[73/163 | 45%] 扫描 DDOG (Datadog, Inc.)
[74/163 | 45%] 扫描 MDB (MongoDB, Inc.)
[75/163 | 46%] 扫描 TEAM (Atlassian Corporation)
[76/163 | 47%] 扫描 NOW (ServiceNow, Inc.)
[77/163 | 47%] 扫描 CIBR (First Trust NASDAQ Cybersecurit)
[78/163 | 48%] 扫描 CRWD (CrowdStrike Holdings, Inc.)
[79/163 | 48%] 扫描 FTNT (Fortinet, Inc.)
[80/163 | 49%] 扫描 ZS (Zscaler, Inc.)
[81/163 | 50%] 扫描 PANW (Palo Alto Networks, Inc.)
[82/163 | 50%] 扫描 OKTA (Okta, Inc.)
[83/163 | 51%] 扫描 XLB (State Street Materials Select S)
[84/163 | 52%] 扫描 PAVE (Global X U.S. Infrastructure De)
[85/163 | 52%] 扫描 FCX (Freeport-McMoRan, Inc.)
[86/163 | 53%] 扫描 LIN (Linde plc)
[87/163 | 53%] 扫描 APD (Air Products and Chemicals, Inc)
[88/163 | 54%] 扫描 NUE (Nucor Corporation)
[89/163 | 55%] 扫描 RIO (Rio Tinto Plc)
[90/163 | 55%] 扫描 BHP (BHP Group Limited)
[91/163 | 56%] 扫描 XLE (State Street Energy Select Sect)
[92/163 | 56%] 扫描 CVX (Chevron Corporation)
[93/163 | 57%] 扫描 COP (ConocoPhillips)
[94/163 | 58%] 扫描 EOG (EOG Resources, Inc.)
[95/163 | 58%] 扫描 HAL (Halliburton Company)
[96/163 | 59%] 扫描 SLB (SLB Limited)
[97/163 | 60%] 扫描 OXY (Occidental Petroleum Corporatio)
[98/163 | 60%] 扫描 NEE (NextEra Energy, Inc.)
[99/163 | 61%] 扫描 SO (Southern Company (The))
[100/163 | 61%] 扫描 DUK (Duke Energy Corporation (Holdin)
[101/163 | 62%] 扫描 D (Dominion Energy, Inc.)
[102/163 | 63%] 扫描 XLF (State Street Financial Select S)
[103/163 | 63%] 扫描 HOOD (Robinhood Markets, Inc.)
[104/163 | 64%] 扫描 SOFI (SoFi Technologies, Inc.)
[105/163 | 64%] 扫描 COIN (Coinbase Global, Inc.)
[106/163 | 65%] 扫描 AON (Aon plc)
[107/163 | 66%] 扫描 UFO (Procure Space ETF)
[108/163 | 66%] 扫描 PL (Planet Labs PBC)
[109/163 | 67%] 扫描 RKLB (Rocket Lab Corporation)
[110/163 | 67%] 扫描 VSAT (ViaSat, Inc.)
[111/163 | 68%] 扫描 IRDM (Iridium Communications Inc)
[112/163 | 69%] 扫描 SIRI (SiriusXM Holdings Inc.)
[113/163 | 69%] 扫描 GSAT (Globalstar, Inc.)
[114/163 | 70%] 扫描 LUNR (Intuitive Machines, Inc.)
[115/163 | 71%] 扫描 ASTS (AST SpaceMobile, Inc.)
[116/163 | 71%] 扫描 MOO (VanEck Agribusiness ETF)
[117/163 | 72%] 扫描 CF (CF Industries Holdings, Inc.)
[118/163 | 72%] 扫描 MOS (Mosaic Company (The))
[119/163 | 73%] 扫描 NTR (Nutrien Ltd.)
[120/163 | 74%] 扫描 TSM (Taiwan Semiconductor Manufactur)
[121/163 | 74%] 扫描 AMKR (Amkor Technology, Inc.)
[122/163 | 75%] 扫描 CAMT (Camtek Ltd.)
[123/163 | 75%] 扫描 ONTO (Onto Innovation Inc.)
[124/163 | 76%] 扫描 TER (Teradyne, Inc.)
[125/163 | 77%] 扫描 COHU (Cohu, Inc.)
[126/163 | 77%] 扫描 ENTG (Entegris, Inc.)
[127/163 | 78%] 扫描 DD (DuPont de Nemours, Inc.)
[128/163 | 79%] 扫描 AEHR (Aehr Test Systems)
[129/163 | 79%] 扫描 IHF (iShares U.S. Health Care Provid)
[130/163 | 80%] 扫描 UNH (UnitedHealth Group Incorporated)
[131/163 | 80%] 扫描 DTCR (Global X Data Center & Digital )
[132/163 | 81%] 扫描 CRWV (CoreWeave, Inc.)
[133/163 | 82%] 扫描 NBIS (Nebius Group N.V.)
[134/163 | 82%] 扫描 IREN (IREN LIMITED)
[135/163 | 83%] 扫描 APLD (Applied Digital Corporation)
[136/163 | 83%] 扫描 ORCL (Oracle Corporation)
[137/163 | 84%] 扫描 MEME (Roundhill Meme Stock ETF)
[138/163 | 85%] 扫描 HIMS (Hims & Hers Health, Inc.)
[139/163 | 85%] 扫描 SOLS (Solstice Advanced Materials Inc)
[140/163 | 86%] 扫描 CPNG (Coupang, Inc.)
[141/163 | 87%] 扫描 XYZ (Block Inc. Class A Common Stock)
[142/163 | 87%] 扫描 MSTR (Strategy Inc Common Stock Class A)
[143/163 | 88%] 扫描 CRCL (Circle Internet Group Inc. Class A Common Stock)
[144/163 | 88%] 扫描 HUT (Hut 8 Corp. Common Stock)
[145/163 | 89%] 扫描 WULF (TeraWulf Inc. Common Stock)
[146/163 | 90%] 扫描 GLXY (Galaxy Digital Inc. Class A Common Stock)
[147/163 | 90%] 扫描 GBTC (Grayscale Bitcoin Trust ETF)
[148/163 | 91%] 扫描 IBIT (iShares Bitcoin Trust ETF)
[149/163 | 91%] 扫描 FBTC (Fidelity Wise Origin Bitcoin Fund)
[150/163 | 92%] 扫描 ARKB (ARK 21Shares Bitcoin ETF)
[151/163 | 93%] 扫描 BITB (Bitwise Bitcoin ETF)
[152/163 | 93%] 扫描 BRRR (CoinShares Bitcoin ETF)
[153/163 | 94%] 扫描 HODL (VanEck Bitcoin ETF)
[154/163 | 94%] 扫描 EZBC (Franklin Bitcoin ETF)
[155/163 | 95%] 扫描 BTCO (Invesco Galaxy Bitcoin ETF)
[156/163 | 96%] 扫描 BITO (ProShares Bitcoin ETF)
[157/163 | 96%] 扫描 BITX (2x Bitcoin Strategy ETF)
[158/163 | 97%] 扫描 MARA (MARA Holdings, Inc.)
[159/163 | 98%] 扫描 RIOT (Riot Platforms, Inc.)
[160/163 | 98%] 扫描 CLSK (CleanSpark, Inc.)
[161/163 | 99%] 扫描 CORZ (Core Scientific, Inc.)
[162/163 | 99%] 扫描 CIFR (Cipher Digital Inc.)
[163/163 | 100%] 扫描 BTBT (Bit Digital, Inc.)
⚠️ 盘中运行：2026-08-27 这根日线尚未收盘。close/volume/量比20日 都只是当前最新值，量比会因为只走了部分交易时段而系统性偏低。这些行会标记 bar_partial=True，生命周期买入价优先取收盘后那一版——收盘后再跑一次即可固化。
本次补回信号日期： 2026-08-27
✅ 低位启动器：第一观察点 4 条，二进宫买入点 2 条
阶段 4/4：生成信号后表现追踪sheet...
✅ 市场环境：强势/中性看涨 | IWM 跌破MA20
✅ COMBO波段regime (#24, 长线200日趋势; 与短线信号不同):
   SPY: 收770.83 / 200日709.41(上,确认True) | 距52周高-0.9% | 30日波动12% | 强势/纯牛市(持有为主,MR待命) → HOLD 持有(满仓指数)
   QQQ: 收719.97 / 200日654.70(上,确认True) | 距52周高-3.5% | 30日波动21% | 强势/纯牛市(持有为主,MR待命) → HOLD 持有(满仓指数)
✅ BTC长线读数 (集成SMA投票, 默认买入持有; 详见btc_system.py):
   BTC-USD: 收80,000 | 集成SMA投票100%看多 | 状态 LONG | 距历史高点-35.9% | 距52周高-35.9% | 默认长期持有(买入持有)；本读数为风险仪表盘，非交易信号 — 短线资本利得税拖累研究见btc_system.py
✅ 历史结果已保存：/Users/feijing/github.com/stock_scan/Stock_OneClick/history/scan_result_20260827_144629.xlsx
✅ 最新结果已更新：/Users/feijing/github.com/stock_scan/Stock_OneClick/scan_result_latest.xlsx
✅ 信号Dashboard：/Users/feijing/github.com/stock_scan/Stock_OneClick/exports/xl_signal_dashboard_latest.html
✅ 信号Dashboard历史：/Users/feijing/github.com/stock_scan/Stock_OneClick/history/xl_signal_dashboard_20260827_144629.html
✅ 买入追踪sheet数量：14（每批次最多追踪 14 个交易日）
✅ 卖出追踪批次数：13（每批次最多追踪 14 个交易日）
✅ 买入观察列表：102 条
✅ 买入历史记录：612 条
✅ 卖出观察列表：0 条
✅ 卖出历史记录：354 条
✅ 第一观察点跟踪：观察中 21 条，已确认 3 条，已移除 140 条
✅ TV今日清单：/Users/feijing/github.com/stock_scan/Stock_OneClick/tv_daily_signals/tv_today_2026-08-27.txt
✅ TV历史清单：/Users/feijing/github.com/stock_scan/Stock_OneClick/history/tv_today_20260827_144629.txt
✅ TV买入纯导入：/Users/feijing/github.com/stock_scan/Stock_OneClick/tv_buy_signals/tv_buy_today_2026-08-27.txt
✅ TV买入备注版：/Users/feijing/github.com/stock_scan/Stock_OneClick/tv_buy_signals/tv_buy_today_notes_2026-08-27.txt
STOCK_ONECLICK_NO_OPEN=1：跳过自动打开结果。
[2026-08-27 15:50:17 EDT]     scan ok
[2026-08-27 15:50:17 EDT] DONE slot=close for ET date 2026-08-27
[2026-08-27 15:55:17 EDT] skip: already ran slot=close for ET date 2026-08-27
[2026-08-27 16:00:17 EDT] skip: not near a target time (ET 1600)
[2026-08-27 16:05:17 EDT] skip: not near a target time (ET 1605)
[2026-08-27 16:10:17 EDT] skip: not near a target time (ET 1610)
[2026-08-27 16:15:17 EDT] skip: not near a target time (ET 1615)
[2026-08-27 16:20:17 EDT] skip: not near a target time (ET 1620)
[2026-08-27 16:25:19 EDT] skip: not near a target time (ET 1625)
[2026-08-27 16:30:20 EDT] skip: not near a target time (ET 1630)
[2026-08-27 16:35:20 EDT] skip: not near a target time (ET 1635)
[2026-08-27 16:40:20 EDT] skip: not near a target time (ET 1640)
[2026-08-27 16:45:20 EDT] skip: not near a target time (ET 1645)
[2026-08-27 16:50:21 EDT] skip: not near a target time (ET 1650)
[2026-08-27 16:55:21 EDT] skip: not near a target time (ET 1655)
[2026-08-27 17:00:21 EDT] skip: not near a target time (ET 1700)
[2026-08-27 17:05:21 EDT] skip: not near a target time (ET 1705)
[2026-08-27 17:10:21 EDT] skip: not near a target time (ET 1710)
[2026-08-27 17:15:21 EDT] skip: not near a target time (ET 1715)
[2026-08-27 17:20:21 EDT] skip: not near a target time (ET 1720)
[2026-08-27 17:25:25 EDT] skip: not near a target time (ET 1725)
[2026-08-27 17:30:33 EDT] skip: not near a target time (ET 1730)
[2026-08-27 17:35:38 EDT] skip: not near a target time (ET 1735)
[2026-08-27 17:40:47 EDT] skip: not near a target time (ET 1740)
[2026-08-27 17:45:47 EDT] skip: not near a target time (ET 1745)
[2026-08-27 17:50:48 EDT] skip: not near a target time (ET 1750)
[2026-08-27 17:55:48 EDT] skip: not near a target time (ET 1755)
[2026-08-27 18:00:48 EDT] skip: not near a target time (ET 1800)
[2026-08-27 18:05:48 EDT] skip: not near a target time (ET 1805)
[2026-08-27 18:10:48 EDT] skip: not near a target time (ET 1810)
[2026-08-27 18:18:51 EDT] skip: not near a target time (ET 1818)
[2026-08-27 22:31:42 EDT] skip: not near a target time (ET 2231)
[2026-08-28 14:50:38 EDT] skip: not near a target time (ET 1450)
[2026-08-28 15:04:29 EDT] skip: not near a target time (ET 1504)
[2026-08-28 15:37:15 EDT] skip: not near a target time (ET 1537)
[2026-08-28 15:42:15 EDT] skip: not near a target time (ET 1542)
[2026-08-28 15:47:15 EDT] skip: VPN not connected (scutil --nc list has no '(Connected)' entry)
[2026-08-28 15:54:33 EDT] skip: VPN not connected (scutil --nc list has no '(Connected)' entry)
[2026-08-28 15:59:33 EDT] skip: not near a target time (ET 1559)
[2026-08-28 19:45:07 EDT] skip: not near a target time (ET 1945)
[2026-08-28 22:20:00 EDT] skip: not near a target time (ET 2220)
[2026-08-29 02:40:15 EDT] skip: weekend (ET dow 6)
[2026-08-29 06:17:39 EDT] skip: weekend (ET dow 6)
[2026-08-29 08:39:42 EDT] skip: weekend (ET dow 6)
[2026-08-29 11:08:11 EDT] skip: weekend (ET dow 6)
[2026-08-29 14:47:02 EDT] skip: weekend (ET dow 6)
[2026-08-29 18:20:13 EDT] skip: weekend (ET dow 6)
[2026-08-29 21:00:34 EDT] skip: weekend (ET dow 6)
[2026-08-30 01:48:13 EDT] skip: weekend (ET dow 7)
[2026-08-30 03:49:42 EDT] skip: weekend (ET dow 7)
[2026-08-30 08:43:59 EDT] skip: weekend (ET dow 7)
[2026-08-30 10:53:58 EDT] skip: weekend (ET dow 7)
[2026-08-30 13:22:13 EDT] skip: weekend (ET dow 7)
[2026-08-30 18:15:35 EDT] skip: weekend (ET dow 7)
[2026-08-30 20:33:21 EDT] skip: weekend (ET dow 7)
[2026-08-30 21:10:41 EDT] skip: weekend (ET dow 7)
[2026-08-30 21:15:41 EDT] skip: weekend (ET dow 7)
[2026-08-30 21:20:41 EDT] skip: weekend (ET dow 7)
[2026-08-30 21:25:41 EDT] skip: weekend (ET dow 7)
[2026-08-30 21:30:41 EDT] skip: weekend (ET dow 7)
[2026-08-30 21:35:41 EDT] skip: weekend (ET dow 7)
[2026-08-30 21:40:42 EDT] skip: weekend (ET dow 7)
[2026-08-30 21:45:42 EDT] skip: weekend (ET dow 7)
[2026-08-30 21:50:42 EDT] skip: weekend (ET dow 7)
[2026-08-30 21:55:42 EDT] skip: weekend (ET dow 7)
[2026-08-30 22:00:42 EDT] skip: weekend (ET dow 7)
[2026-08-30 22:05:42 EDT] skip: weekend (ET dow 7)
[2026-08-30 22:10:42 EDT] skip: weekend (ET dow 7)
[2026-08-30 22:15:42 EDT] skip: weekend (ET dow 7)
[2026-08-30 22:20:42 EDT] skip: weekend (ET dow 7)
[2026-08-30 22:25:42 EDT] skip: weekend (ET dow 7)
[2026-08-30 22:30:42 EDT] skip: weekend (ET dow 7)
[2026-08-30 22:35:43 EDT] skip: weekend (ET dow 7)
[2026-08-30 22:40:43 EDT] skip: weekend (ET dow 7)
[2026-08-30 22:45:43 EDT] skip: weekend (ET dow 7)
[2026-08-30 22:50:43 EDT] skip: weekend (ET dow 7)
[2026-08-30 23:10:41 EDT] skip: weekend (ET dow 7)
[2026-08-30 23:15:41 EDT] skip: weekend (ET dow 7)
[2026-08-30 23:20:41 EDT] skip: weekend (ET dow 7)
[2026-08-30 23:25:41 EDT] skip: weekend (ET dow 7)
[2026-08-30 23:30:42 EDT] skip: weekend (ET dow 7)
[2026-08-30 23:35:42 EDT] skip: weekend (ET dow 7)
[2026-08-30 23:40:42 EDT] skip: weekend (ET dow 7)
[2026-08-30 23:45:42 EDT] skip: weekend (ET dow 7)
[2026-08-30 23:50:42 EDT] skip: weekend (ET dow 7)
[2026-08-30 23:55:42 EDT] skip: weekend (ET dow 7)
[2026-08-31 00:17:08 EDT] skip: not near a target time (ET 17)
[2026-08-31 00:22:08 EDT] skip: not near a target time (ET 22)
[2026-08-31 00:27:08 EDT] skip: not near a target time (ET 27)
[2026-08-31 00:32:08 EDT] skip: not near a target time (ET 32)
[2026-08-31 00:37:08 EDT] skip: not near a target time (ET 37)
[2026-08-31 00:42:08 EDT] skip: not near a target time (ET 42)
[2026-08-31 00:47:08 EDT] skip: not near a target time (ET 47)
[2026-08-31 00:52:09 EDT] skip: not near a target time (ET 52)
[2026-08-31 00:57:09 EDT] skip: not near a target time (ET 57)
[2026-08-31 01:02:09 EDT] skip: not near a target time (ET 102)
[2026-08-31 01:07:09 EDT] skip: not near a target time (ET 107)
[2026-08-31 01:12:09 EDT] skip: not near a target time (ET 112)
[2026-08-31 01:49:10 EDT] skip: not near a target time (ET 149)
[2026-08-31 02:33:10 EDT] skip: not near a target time (ET 233)
[2026-08-31 02:53:25 EDT] skip: not near a target time (ET 253)
[2026-08-31 02:58:25 EDT] skip: not near a target time (ET 258)
[2026-08-31 03:03:25 EDT] skip: not near a target time (ET 303)
[2026-08-31 03:23:25 EDT] skip: not near a target time (ET 323)
[2026-08-31 03:28:25 EDT] skip: not near a target time (ET 328)
[2026-08-31 03:33:25 EDT] skip: not near a target time (ET 333)
[2026-08-31 03:38:25 EDT] skip: not near a target time (ET 338)
[2026-08-31 03:43:25 EDT] skip: not near a target time (ET 343)
[2026-08-31 03:48:26 EDT] skip: not near a target time (ET 348)
[2026-08-31 03:53:26 EDT] skip: not near a target time (ET 353)
[2026-08-31 03:58:26 EDT] skip: not near a target time (ET 358)
[2026-08-31 04:03:26 EDT] skip: not near a target time (ET 403)
[2026-08-31 04:08:26 EDT] skip: not near a target time (ET 408)
[2026-08-31 04:13:26 EDT] skip: not near a target time (ET 413)
[2026-08-31 04:18:26 EDT] skip: not near a target time (ET 418)
[2026-08-31 04:38:34 EDT] skip: not near a target time (ET 438)
[2026-08-31 04:43:34 EDT] skip: not near a target time (ET 443)
[2026-08-31 04:48:34 EDT] skip: not near a target time (ET 448)
[2026-08-31 04:53:34 EDT] skip: not near a target time (ET 453)
[2026-08-31 04:58:34 EDT] skip: not near a target time (ET 458)
[2026-08-31 05:03:34 EDT] skip: not near a target time (ET 503)
[2026-08-31 05:08:34 EDT] skip: not near a target time (ET 508)
[2026-08-31 05:13:34 EDT] skip: not near a target time (ET 513)
[2026-08-31 05:18:34 EDT] skip: not near a target time (ET 518)
[2026-08-31 05:23:34 EDT] skip: not near a target time (ET 523)
[2026-08-31 05:28:34 EDT] skip: not near a target time (ET 528)
[2026-08-31 05:33:35 EDT] skip: not near a target time (ET 533)
[2026-08-31 05:38:35 EDT] skip: not near a target time (ET 538)
[2026-08-31 05:43:35 EDT] skip: not near a target time (ET 543)
[2026-08-31 05:48:35 EDT] skip: not near a target time (ET 548)
[2026-08-31 05:53:35 EDT] skip: not near a target time (ET 553)
[2026-08-31 05:58:35 EDT] skip: not near a target time (ET 558)
[2026-08-31 06:03:35 EDT] skip: not near a target time (ET 603)
[2026-08-31 06:08:35 EDT] skip: not near a target time (ET 608)
[2026-08-31 06:13:35 EDT] skip: not near a target time (ET 613)
[2026-08-31 06:18:35 EDT] skip: not near a target time (ET 618)
[2026-08-31 06:23:36 EDT] skip: not near a target time (ET 623)
[2026-08-31 06:28:36 EDT] skip: not near a target time (ET 628)
[2026-08-31 06:33:36 EDT] skip: not near a target time (ET 633)
[2026-08-31 06:55:57 EDT] skip: not near a target time (ET 655)
[2026-08-31 07:44:33 EDT] skip: not near a target time (ET 744)
[2026-08-31 07:49:33 EDT] skip: not near a target time (ET 749)
[2026-08-31 07:54:33 EDT] skip: not near a target time (ET 754)
[2026-08-31 07:59:33 EDT] skip: not near a target time (ET 759)
[2026-08-31 08:04:33 EDT] skip: not near a target time (ET 804)
[2026-08-31 08:09:33 EDT] skip: not near a target time (ET 809)
[2026-08-31 08:14:33 EDT] skip: not near a target time (ET 814)
[2026-08-31 08:19:33 EDT] skip: not near a target time (ET 819)
[2026-08-31 08:24:33 EDT] skip: not near a target time (ET 824)
[2026-08-31 08:29:34 EDT] skip: not near a target time (ET 829)
[2026-08-31 08:34:34 EDT] skip: not near a target time (ET 834)
[2026-08-31 08:39:34 EDT] skip: not near a target time (ET 839)
[2026-08-31 08:44:34 EDT] skip: not near a target time (ET 844)
[2026-08-31 08:49:34 EDT] skip: not near a target time (ET 849)
[2026-08-31 09:24:55 EDT] skip: not near a target time (ET 924)
[2026-08-31 10:30:41 EDT] skip: not near a target time (ET 1030)
[2026-08-31 10:35:41 EDT] skip: not near a target time (ET 1035)
[2026-08-31 10:40:41 EDT] skip: not near a target time (ET 1040)
[2026-08-31 10:45:41 EDT] skip: not near a target time (ET 1045)
[2026-08-31 10:50:41 EDT] skip: not near a target time (ET 1050)
[2026-08-31 10:55:41 EDT] skip: not near a target time (ET 1055)
[2026-08-31 11:00:41 EDT] skip: not near a target time (ET 1100)
[2026-08-31 11:08:06 EDT] skip: not near a target time (ET 1108)
[2026-08-31 11:13:06 EDT] skip: not near a target time (ET 1113)
[2026-08-31 11:18:06 EDT] skip: not near a target time (ET 1118)
[2026-08-31 11:23:06 EDT] skip: not near a target time (ET 1123)
[2026-08-31 11:28:06 EDT] skip: not near a target time (ET 1128)
[2026-08-31 11:33:06 EDT] skip: not near a target time (ET 1133)
[2026-08-31 11:42:40 EDT] skip: not near a target time (ET 1142)
[2026-08-31 11:47:40 EDT] skip: not near a target time (ET 1147)
[2026-08-31 11:53:24 EDT] skip: not near a target time (ET 1153)
[2026-08-31 11:58:24 EDT] skip: not near a target time (ET 1158)
[2026-08-31 12:03:24 EDT] skip: not near a target time (ET 1203)
[2026-08-31 12:08:25 EDT] skip: not near a target time (ET 1208)
[2026-08-31 12:13:25 EDT] skip: not near a target time (ET 1213)
[2026-08-31 12:18:25 EDT] skip: not near a target time (ET 1218)
[2026-08-31 12:23:25 EDT] skip: not near a target time (ET 1223)
[2026-08-31 12:28:25 EDT] skip: not near a target time (ET 1228)
[2026-08-31 12:47:29 EDT] skip: not near a target time (ET 1247)
[2026-08-31 13:12:07 EDT] skip: not near a target time (ET 1312)
[2026-08-31 13:17:07 EDT] skip: not near a target time (ET 1317)
[2026-08-31 13:22:07 EDT] skip: not near a target time (ET 1322)
[2026-08-31 13:27:07 EDT] skip: not near a target time (ET 1327)
[2026-08-31 13:32:07 EDT] skip: not near a target time (ET 1332)
[2026-08-31 13:37:07 EDT] skip: not near a target time (ET 1337)
[2026-08-31 13:42:07 EDT] skip: not near a target time (ET 1342)
[2026-08-31 13:47:07 EDT] skip: not near a target time (ET 1347)
[2026-08-31 13:52:08 EDT] skip: not near a target time (ET 1352)
[2026-08-31 13:57:08 EDT] skip: not near a target time (ET 1357)
[2026-08-31 14:02:08 EDT] skip: not near a target time (ET 1402)
[2026-08-31 14:07:08 EDT] skip: not near a target time (ET 1407)
[2026-08-31 14:12:08 EDT] skip: not near a target time (ET 1412)
[2026-08-31 14:17:08 EDT] skip: not near a target time (ET 1417)
[2026-08-31 14:22:08 EDT] skip: not near a target time (ET 1422)
[2026-08-31 14:27:08 EDT] skip: not near a target time (ET 1427)
[2026-08-31 14:32:08 EDT] skip: not near a target time (ET 1432)
[2026-08-31 14:37:08 EDT] skip: not near a target time (ET 1437)
[2026-08-31 14:42:08 EDT] skip: not near a target time (ET 1442)
[2026-08-31 14:55:29 EDT] skip: not near a target time (ET 1455)
[2026-08-31 15:00:29 EDT] skip: not near a target time (ET 1500)
[2026-08-31 15:05:29 EDT] skip: not near a target time (ET 1505)
[2026-08-31 15:10:30 EDT] skip: not near a target time (ET 1510)
[2026-08-31 15:15:30 EDT] skip: not near a target time (ET 1515)
[2026-08-31 15:20:30 EDT] skip: not near a target time (ET 1520)
[2026-08-31 15:25:30 EDT] skip: not near a target time (ET 1525)
[2026-08-31 15:30:30 EDT] skip: not near a target time (ET 1530)
[2026-08-31 15:35:30 EDT] skip: not near a target time (ET 1535)
[2026-08-31 15:40:30 EDT] skip: not near a target time (ET 1540)
[2026-08-31 15:45:30 EDT] START scheduled scan (weekday 1, ET 1545, slot=close)
阶段 1/3：更新股票元数据...
元数据更新：共 1084 只，需联网 0 只（跳过已缓存 1084 只）
阶段 2/3：写回输入与分类表...
✅ TV固定A池：/Users/feijing/github.com/stock_scan/Stock_OneClick/exports/tv_A_pool.txt
✅ TV固定A池快照：/Users/feijing/github.com/stock_scan/Stock_OneClick/history/tv_A_pool_20260831_144535.txt
✅ TV中文分类目录：/Users/feijing/github.com/stock_scan/Stock_OneClick/exports/tv_custom（17个分类）
✅ TV中文分类历史：/Users/feijing/github.com/stock_scan/Stock_OneClick/history/tv_custom_20260831_144535
✅ TV中文合并清单：/Users/feijing/github.com/stock_scan/Stock_OneClick/exports/tv_watchlists_merged_cn.txt
✅ TV中文合并历史：/Users/feijing/github.com/stock_scan/Stock_OneClick/history/tv_watchlists_merged_cn_20260831_144535.txt
阶段 3/4：执行扫描...
跳过不扫描分组：00 大环境, 01 市场环境（22 只）
✅ 全量扫描池：/Users/feijing/github.com/stock_scan/Stock_OneClick/exports/full_scan_pool.txt
✅ 全量扫描池快照：/Users/feijing/github.com/stock_scan/Stock_OneClick/history/full_scan_pool_20260831_144535.txt
✅ TV分类清单目录：/Users/feijing/github.com/stock_scan/Stock_OneClick/exports/tv_groups（24个分类）
✅ TV分类清单索引：/Users/feijing/github.com/stock_scan/Stock_OneClick/exports/tv_groups/_index.txt
✅ TV分类清单历史：/Users/feijing/github.com/stock_scan/Stock_OneClick/history/tv_groups_20260831_144535
并行预取行情：163 只 ×（日线+4H），并发 8 …
  预取进度 25/163
  预取进度 50/163
  预取进度 75/163
  预取进度 100/163
  预取进度 125/163
  预取进度 150/163
  预取进度 163/163
本次扫描标的数：163
[1/163 | 1%] 扫描 MAGS (Roundhill Magnificent Seven ETF)
[2/163 | 1%] 扫描 NVDA (NVIDIA Corporation)
[3/163 | 2%] 扫描 MSFT (Microsoft Corporation)
[4/163 | 2%] 扫描 AMZN (Amazon.com, Inc.)
[5/163 | 3%] 扫描 META (Meta Platforms, Inc.)
[6/163 | 4%] 扫描 GOOGL (Alphabet Inc.)
[7/163 | 4%] 扫描 TSLA (Tesla, Inc.)
[8/163 | 5%] 扫描 AAPL (Apple Inc.)
[9/163 | 6%] 扫描 SMH (VanEck Semiconductor ETF)
[10/163 | 6%] 扫描 AMD (Advanced Micro Devices, Inc.)
[11/163 | 7%] 扫描 AVGO (Broadcom Inc.)
[12/163 | 7%] 扫描 INTC (Intel Corporation)
[13/163 | 8%] 扫描 MRVL (Marvell Technology, Inc.)
[14/163 | 9%] 扫描 CBRS (Cerebras Systems Inc.)
[CBRS] 日线数据太短/获取失败，跳过
[15/163 | 9%] 扫描 DRAM (Roundhill Memory ETF)
[DRAM] 日线数据太短/获取失败，跳过
[16/163 | 10%] 扫描 MU (Micron Technology, Inc.)
[17/163 | 10%] 扫描 SNDK (Sandisk Corporation)
[18/163 | 11%] 扫描 WDC (Western Digital Corporation)
[19/163 | 12%] 扫描 ASML (ASML Holding N.V. - New York Re)
[20/163 | 12%] 扫描 AMAT (Applied Materials, Inc.)
[21/163 | 13%] 扫描 KLAC (KLA Corporation)
[22/163 | 13%] 扫描 LRCX (Lam Research Corporation)
[23/163 | 14%] 扫描 SNPS (Synopsys, Inc.)
[24/163 | 15%] 扫描 CDNS (Cadence Design Systems, Inc.)
[25/163 | 15%] 扫描 FOTO (Tuttle Capital Pure Play Photon)
[FOTO] 日线数据太短/获取失败，跳过
[26/163 | 16%] 扫描 ANET (Arista Networks, Inc.)
[27/163 | 17%] 扫描 LITE (Lumentum Holdings Inc.)
[28/163 | 17%] 扫描 COHR (Coherent Corp.)
[29/163 | 18%] 扫描 GLW (Corning Incorporated)
[30/163 | 18%] 扫描 CRDO (Credo Technology Group Holding )
[31/163 | 19%] 扫描 TSEM (Tower Semiconductor Ltd.)
[32/163 | 20%] 扫描 AAOI (Applied Optoelectronics, Inc.)
[33/163 | 20%] 扫描 AXTI (AXT Inc)
[34/163 | 21%] 扫描 LWLG (Lightwave Logic, Inc.)
[35/163 | 21%] 扫描 POET (POET Technologies Inc.)
[36/163 | 22%] 扫描 VRT (Vertiv Holdings, LLC)
[37/163 | 23%] 扫描 SMCI (Super Micro Computer, Inc.)
[38/163 | 23%] 扫描 DELL (Dell Technologies Inc.)
[39/163 | 24%] 扫描 HPE (Hewlett Packard Enterprise Comp)
[40/163 | 25%] 扫描 IBM (International Business Machines)
[41/163 | 25%] 扫描 CLS (Celestica, Inc.)
[42/163 | 26%] 扫描 XLU (State Street Utilities Select S)
[43/163 | 26%] 扫描 VST (Vistra Corp.)
[44/163 | 27%] 扫描 NRG (NRG Energy, Inc.)
[45/163 | 28%] 扫描 TLN (Talen Energy Corporation)
[46/163 | 28%] 扫描 AES (The AES Corporation)
[47/163 | 29%] 扫描 GEV (GE Vernova Inc.)
[48/163 | 29%] 扫描 ETN (Eaton Corporation, PLC)
[49/163 | 30%] 扫描 NVTS (Navitas Semiconductor Corporati)
[50/163 | 31%] 扫描 NLR (VanEck Uranium and Nuclear ETF)
[51/163 | 31%] 扫描 CEG (Constellation Energy Corporatio)
[52/163 | 32%] 扫描 SMR (NuScale Power Corporation)
[53/163 | 33%] 扫描 OKLO (Oklo Inc.)
[54/163 | 33%] 扫描 LEU (Centrus Energy Corp.)
[55/163 | 34%] 扫描 CCJ (Cameco Corporation)
[56/163 | 34%] 扫描 BWXT (BWX Technologies, Inc.)
[57/163 | 35%] 扫描 UEC (Uranium Energy Corp.)
[58/163 | 36%] 扫描 UUUU (Energy Fuels Inc)
[59/163 | 36%] 扫描 NNE (Nano Nuclear Energy Inc.)
[60/163 | 37%] 扫描 BE (Bloom Energy Corporation)
[61/163 | 37%] 扫描 FLNC (Fluence Energy, Inc.)
[62/163 | 38%] 扫描 EOSE (Eos Energy Enterprises, Inc.)
[63/163 | 39%] 扫描 TAN (Invesco Solar ETF)
[64/163 | 39%] 扫描 FSLR (First Solar, Inc.)
[65/163 | 40%] 扫描 NXT (Nextpower Inc.)
[66/163 | 40%] 扫描 ENPH (Enphase Energy, Inc.)
[67/163 | 41%] 扫描 RUN (Sunrun Inc.)
[68/163 | 42%] 扫描 IGV (iShares Expanded Tech-Software )
[69/163 | 42%] 扫描 PLTR (Palantir Technologies Inc.)
[70/163 | 43%] 扫描 ADBE (Adobe Inc.)
[71/163 | 44%] 扫描 CRM (Salesforce, Inc.)
[72/163 | 44%] 扫描 SNOW (Snowflake Inc.)
[73/163 | 45%] 扫描 DDOG (Datadog, Inc.)
[74/163 | 45%] 扫描 MDB (MongoDB, Inc.)
[75/163 | 46%] 扫描 TEAM (Atlassian Corporation)
[76/163 | 47%] 扫描 NOW (ServiceNow, Inc.)
[77/163 | 47%] 扫描 CIBR (First Trust NASDAQ Cybersecurit)
[78/163 | 48%] 扫描 CRWD (CrowdStrike Holdings, Inc.)
[79/163 | 48%] 扫描 FTNT (Fortinet, Inc.)
[80/163 | 49%] 扫描 ZS (Zscaler, Inc.)
[81/163 | 50%] 扫描 PANW (Palo Alto Networks, Inc.)
[82/163 | 50%] 扫描 OKTA (Okta, Inc.)
[83/163 | 51%] 扫描 XLB (State Street Materials Select S)
[84/163 | 52%] 扫描 PAVE (Global X U.S. Infrastructure De)
[85/163 | 52%] 扫描 FCX (Freeport-McMoRan, Inc.)
[86/163 | 53%] 扫描 LIN (Linde plc)
[87/163 | 53%] 扫描 APD (Air Products and Chemicals, Inc)
[88/163 | 54%] 扫描 NUE (Nucor Corporation)
[89/163 | 55%] 扫描 RIO (Rio Tinto Plc)
[90/163 | 55%] 扫描 BHP (BHP Group Limited)
[91/163 | 56%] 扫描 XLE (State Street Energy Select Sect)
[92/163 | 56%] 扫描 CVX (Chevron Corporation)
[93/163 | 57%] 扫描 COP (ConocoPhillips)
[94/163 | 58%] 扫描 EOG (EOG Resources, Inc.)
[95/163 | 58%] 扫描 HAL (Halliburton Company)
[96/163 | 59%] 扫描 SLB (SLB Limited)
[97/163 | 60%] 扫描 OXY (Occidental Petroleum Corporatio)
[98/163 | 60%] 扫描 NEE (NextEra Energy, Inc.)
[99/163 | 61%] 扫描 SO (Southern Company (The))
[100/163 | 61%] 扫描 DUK (Duke Energy Corporation (Holdin)
[101/163 | 62%] 扫描 D (Dominion Energy, Inc.)
[102/163 | 63%] 扫描 XLF (State Street Financial Select S)
[103/163 | 63%] 扫描 HOOD (Robinhood Markets, Inc.)
[104/163 | 64%] 扫描 SOFI (SoFi Technologies, Inc.)
[105/163 | 64%] 扫描 COIN (Coinbase Global, Inc.)
[106/163 | 65%] 扫描 AON (Aon plc)
[107/163 | 66%] 扫描 UFO (Procure Space ETF)
[108/163 | 66%] 扫描 PL (Planet Labs PBC)
[109/163 | 67%] 扫描 RKLB (Rocket Lab Corporation)
[110/163 | 67%] 扫描 VSAT (ViaSat, Inc.)
[111/163 | 68%] 扫描 IRDM (Iridium Communications Inc)
[112/163 | 69%] 扫描 SIRI (SiriusXM Holdings Inc.)
[113/163 | 69%] 扫描 GSAT (Globalstar, Inc.)
[114/163 | 70%] 扫描 LUNR (Intuitive Machines, Inc.)
[115/163 | 71%] 扫描 ASTS (AST SpaceMobile, Inc.)
[116/163 | 71%] 扫描 MOO (VanEck Agribusiness ETF)
[117/163 | 72%] 扫描 CF (CF Industries Holdings, Inc.)
[118/163 | 72%] 扫描 MOS (Mosaic Company (The))
[119/163 | 73%] 扫描 NTR (Nutrien Ltd.)
[120/163 | 74%] 扫描 TSM (Taiwan Semiconductor Manufactur)
[121/163 | 74%] 扫描 AMKR (Amkor Technology, Inc.)
[122/163 | 75%] 扫描 CAMT (Camtek Ltd.)
[123/163 | 75%] 扫描 ONTO (Onto Innovation Inc.)
[124/163 | 76%] 扫描 TER (Teradyne, Inc.)
[125/163 | 77%] 扫描 COHU (Cohu, Inc.)
[126/163 | 77%] 扫描 ENTG (Entegris, Inc.)
[127/163 | 78%] 扫描 DD (DuPont de Nemours, Inc.)
[128/163 | 79%] 扫描 AEHR (Aehr Test Systems)
[129/163 | 79%] 扫描 IHF (iShares U.S. Health Care Provid)
[130/163 | 80%] 扫描 UNH (UnitedHealth Group Incorporated)
[131/163 | 80%] 扫描 DTCR (Global X Data Center & Digital )
[132/163 | 81%] 扫描 CRWV (CoreWeave, Inc.)
[133/163 | 82%] 扫描 NBIS (Nebius Group N.V.)
[134/163 | 82%] 扫描 IREN (IREN LIMITED)
[135/163 | 83%] 扫描 APLD (Applied Digital Corporation)
[136/163 | 83%] 扫描 ORCL (Oracle Corporation)
[137/163 | 84%] 扫描 MEME (Roundhill Meme Stock ETF)
[138/163 | 85%] 扫描 HIMS (Hims & Hers Health, Inc.)
[139/163 | 85%] 扫描 SOLS (Solstice Advanced Materials Inc)
[140/163 | 86%] 扫描 CPNG (Coupang, Inc.)
[141/163 | 87%] 扫描 XYZ (Block Inc. Class A Common Stock)
[142/163 | 87%] 扫描 MSTR (Strategy Inc Common Stock Class A)
[143/163 | 88%] 扫描 CRCL (Circle Internet Group Inc. Class A Common Stock)
[144/163 | 88%] 扫描 HUT (Hut 8 Corp. Common Stock)
[145/163 | 89%] 扫描 WULF (TeraWulf Inc. Common Stock)
[146/163 | 90%] 扫描 GLXY (Galaxy Digital Inc. Class A Common Stock)
[147/163 | 90%] 扫描 GBTC (Grayscale Bitcoin Trust ETF)
[148/163 | 91%] 扫描 IBIT (iShares Bitcoin Trust ETF)
[149/163 | 91%] 扫描 FBTC (Fidelity Wise Origin Bitcoin Fund)
[150/163 | 92%] 扫描 ARKB (ARK 21Shares Bitcoin ETF)
[151/163 | 93%] 扫描 BITB (Bitwise Bitcoin ETF)
[152/163 | 93%] 扫描 BRRR (CoinShares Bitcoin ETF)
[153/163 | 94%] 扫描 HODL (VanEck Bitcoin ETF)
[154/163 | 94%] 扫描 EZBC (Franklin Bitcoin ETF)
[155/163 | 95%] 扫描 BTCO (Invesco Galaxy Bitcoin ETF)
[156/163 | 96%] 扫描 BITO (ProShares Bitcoin ETF)
[157/163 | 96%] 扫描 BITX (2x Bitcoin Strategy ETF)
[158/163 | 97%] 扫描 MARA (MARA Holdings, Inc.)
[159/163 | 98%] 扫描 RIOT (Riot Platforms, Inc.)
[160/163 | 98%] 扫描 CLSK (CleanSpark, Inc.)
[161/163 | 99%] 扫描 CORZ (Core Scientific, Inc.)
[162/163 | 99%] 扫描 CIFR (Cipher Digital Inc.)
[163/163 | 100%] 扫描 BTBT (Bit Digital, Inc.)
⚠️ 盘中运行：2026-08-31 这根日线尚未收盘。close/volume/量比20日 都只是当前最新值，量比会因为只走了部分交易时段而系统性偏低。这些行会标记 bar_partial=True，生命周期买入价优先取收盘后那一版——收盘后再跑一次即可固化。
本次补回信号日期： 2026-08-31
✅ 低位启动器：第一观察点 1 条，二进宫买入点 0 条
阶段 4/4：生成信号后表现追踪sheet...
✅ 市场环境：看跌/避险 | SPX 跌破MA20；QQQ 跌破MA20；IWM 跌破MA20；RSP跌破MA20；RSP弱于SPX，市场宽度变差
✅ COMBO波段regime (#24, 长线200日趋势; 与短线信号不同):
   SPY: 收766.82 / 200日709.83(上,确认True) | 距52周高-1.4% | 30日波动12% | 强势/纯牛市(持有为主,MR待命) → HOLD 持有(满仓指数)
   QQQ: 收715.75 / 200日655.17(上,确认True) | 距52周高-4.1% | 30日波动21% | 强势/纯牛市(持有为主,MR待命) → HOLD 持有(满仓指数)
✅ BTC长线读数 (集成SMA投票, 默认买入持有; 详见btc_system.py):
   BTC-USD: 收78,974 | 集成SMA投票100%看多 | 状态 LONG | 距历史高点-36.7% | 距52周高-36.7% | 默认长期持有(买入持有)；本读数为风险仪表盘，非交易信号 — 短线资本利得税拖累研究见btc_system.py
✅ 历史结果已保存：/Users/feijing/github.com/stock_scan/Stock_OneClick/history/scan_result_20260831_144535.xlsx
✅ 最新结果已更新：/Users/feijing/github.com/stock_scan/Stock_OneClick/scan_result_latest.xlsx
✅ 信号Dashboard：/Users/feijing/github.com/stock_scan/Stock_OneClick/exports/xl_signal_dashboard_latest.html
✅ 信号Dashboard历史：/Users/feijing/github.com/stock_scan/Stock_OneClick/history/xl_signal_dashboard_20260831_144535.html
✅ 买入追踪sheet数量：14（每批次最多追踪 14 个交易日）
✅ 卖出追踪批次数：13（每批次最多追踪 14 个交易日）
✅ 买入观察列表：108 条
✅ 买入历史记录：629 条
✅ 卖出观察列表：0 条
✅ 卖出历史记录：358 条
✅ 第一观察点跟踪：观察中 14 条，已确认 3 条，已移除 149 条
✅ TV今日清单：/Users/feijing/github.com/stock_scan/Stock_OneClick/tv_daily_signals/tv_today_2026-08-31.txt
✅ TV历史清单：/Users/feijing/github.com/stock_scan/Stock_OneClick/history/tv_today_20260831_144535.txt
✅ TV买入纯导入：/Users/feijing/github.com/stock_scan/Stock_OneClick/tv_buy_signals/tv_buy_today_2026-08-31.txt
✅ TV买入备注版：/Users/feijing/github.com/stock_scan/Stock_OneClick/tv_buy_signals/tv_buy_today_notes_2026-08-31.txt
STOCK_ONECLICK_NO_OPEN=1：跳过自动打开结果。
[2026-08-31 15:48:17 EDT]     scan ok
[2026-08-31 15:48:17 EDT] DONE slot=close for ET date 2026-08-31
[2026-08-31 15:53:17 EDT] skip: already ran slot=close for ET date 2026-08-31
[2026-08-31 15:58:17 EDT] skip: not near a target time (ET 1558)
[2026-08-31 16:03:17 EDT] skip: not near a target time (ET 1603)
[2026-08-31 16:08:17 EDT] skip: not near a target time (ET 1608)
[2026-08-31 16:13:17 EDT] skip: not near a target time (ET 1613)
[2026-08-31 16:18:17 EDT] skip: not near a target time (ET 1618)
[2026-08-31 16:23:17 EDT] skip: not near a target time (ET 1623)
[2026-08-31 16:28:41 EDT] skip: not near a target time (ET 1628)
[2026-08-31 16:53:12 EDT] skip: not near a target time (ET 1653)
[2026-08-31 16:58:12 EDT] skip: not near a target time (ET 1658)
[2026-08-31 17:03:12 EDT] skip: not near a target time (ET 1703)
[2026-08-31 17:08:13 EDT] skip: not near a target time (ET 1708)
[2026-08-31 17:13:13 EDT] skip: not near a target time (ET 1713)
[2026-08-31 17:18:13 EDT] skip: not near a target time (ET 1718)
[2026-08-31 17:23:13 EDT] skip: not near a target time (ET 1723)
[2026-08-31 17:28:13 EDT] skip: not near a target time (ET 1728)
[2026-08-31 17:33:13 EDT] skip: not near a target time (ET 1733)
[2026-08-31 17:38:13 EDT] skip: not near a target time (ET 1738)
[2026-08-31 17:43:14 EDT] skip: not near a target time (ET 1743)
[2026-08-31 17:51:52 EDT] skip: not near a target time (ET 1751)
[2026-08-31 17:56:52 EDT] skip: not near a target time (ET 1756)
[2026-08-31 18:01:52 EDT] skip: not near a target time (ET 1801)
[2026-08-31 18:06:52 EDT] skip: not near a target time (ET 1806)
[2026-08-31 19:26:14 EDT] skip: not near a target time (ET 1926)
[2026-08-31 19:31:14 EDT] skip: not near a target time (ET 1931)
[2026-08-31 19:36:15 EDT] skip: not near a target time (ET 1936)
[2026-08-31 19:41:15 EDT] skip: not near a target time (ET 1941)
[2026-08-31 19:46:15 EDT] skip: not near a target time (ET 1946)
[2026-08-31 19:51:15 EDT] skip: not near a target time (ET 1951)
[2026-08-31 19:56:15 EDT] skip: not near a target time (ET 1956)
[2026-08-31 20:01:15 EDT] skip: not near a target time (ET 2001)
[2026-08-31 20:06:15 EDT] skip: not near a target time (ET 2006)
[2026-08-31 20:11:15 EDT] skip: not near a target time (ET 2011)
[2026-08-31 20:16:15 EDT] skip: not near a target time (ET 2016)
[2026-08-31 20:21:15 EDT] skip: not near a target time (ET 2021)
[2026-08-31 20:26:16 EDT] skip: not near a target time (ET 2026)
[2026-08-31 20:31:16 EDT] skip: not near a target time (ET 2031)
[2026-08-31 20:36:16 EDT] skip: not near a target time (ET 2036)
[2026-08-31 20:41:16 EDT] skip: not near a target time (ET 2041)
[2026-08-31 20:46:16 EDT] skip: not near a target time (ET 2046)
[2026-08-31 20:51:16 EDT] skip: not near a target time (ET 2051)
[2026-08-31 20:56:16 EDT] skip: not near a target time (ET 2056)
[2026-08-31 21:01:16 EDT] skip: not near a target time (ET 2101)
[2026-08-31 21:06:16 EDT] skip: not near a target time (ET 2106)
[2026-08-31 21:11:16 EDT] skip: not near a target time (ET 2111)
[2026-08-31 21:16:17 EDT] skip: not near a target time (ET 2116)
[2026-08-31 21:21:17 EDT] skip: not near a target time (ET 2121)
[2026-08-31 21:26:18 EDT] skip: not near a target time (ET 2126)
[2026-08-31 22:04:36 EDT] skip: not near a target time (ET 2204)
[2026-08-31 22:09:36 EDT] skip: not near a target time (ET 2209)
[2026-08-31 22:14:43 EDT] skip: not near a target time (ET 2214)
[2026-08-31 22:51:30 EDT] skip: not near a target time (ET 2251)
[2026-08-31 22:56:30 EDT] skip: not near a target time (ET 2256)
[2026-08-31 23:01:30 EDT] skip: not near a target time (ET 2301)
[2026-08-31 23:06:30 EDT] skip: not near a target time (ET 2306)
[2026-08-31 23:11:30 EDT] skip: not near a target time (ET 2311)
[2026-08-31 23:16:31 EDT] skip: not near a target time (ET 2316)
[2026-08-31 23:21:31 EDT] skip: not near a target time (ET 2321)
[2026-08-31 23:26:31 EDT] skip: not near a target time (ET 2326)
[2026-08-31 23:31:31 EDT] skip: not near a target time (ET 2331)
[2026-08-31 23:36:31 EDT] skip: not near a target time (ET 2336)
[2026-08-31 23:41:31 EDT] skip: not near a target time (ET 2341)
[2026-08-31 23:46:31 EDT] skip: not near a target time (ET 2346)
[2026-09-01 00:14:24 EDT] skip: not near a target time (ET 14)
[2026-09-01 00:51:20 EDT] skip: not near a target time (ET 51)
[2026-09-01 00:56:20 EDT] skip: not near a target time (ET 56)
[2026-09-01 01:01:20 EDT] skip: not near a target time (ET 101)
[2026-09-01 01:06:20 EDT] skip: not near a target time (ET 106)
[2026-09-01 01:11:21 EDT] skip: not near a target time (ET 111)
[2026-09-01 01:16:21 EDT] skip: not near a target time (ET 116)
[2026-09-01 01:21:21 EDT] skip: not near a target time (ET 121)
[2026-09-01 01:26:21 EDT] skip: not near a target time (ET 126)
[2026-09-01 01:31:21 EDT] skip: not near a target time (ET 131)
[2026-09-01 01:36:21 EDT] skip: not near a target time (ET 136)
[2026-09-01 01:41:21 EDT] skip: not near a target time (ET 141)
[2026-09-01 01:46:21 EDT] skip: not near a target time (ET 146)
[2026-09-01 02:21:53 EDT] skip: not near a target time (ET 221)
[2026-09-01 02:26:53 EDT] skip: not near a target time (ET 226)
[2026-09-01 02:31:53 EDT] skip: not near a target time (ET 231)
[2026-09-01 02:36:53 EDT] skip: not near a target time (ET 236)
[2026-09-01 02:41:53 EDT] skip: not near a target time (ET 241)
[2026-09-01 02:46:53 EDT] skip: not near a target time (ET 246)
[2026-09-01 02:51:53 EDT] skip: not near a target time (ET 251)
[2026-09-01 02:56:53 EDT] skip: not near a target time (ET 256)
[2026-09-01 03:01:53 EDT] skip: not near a target time (ET 301)
[2026-09-01 03:06:53 EDT] skip: not near a target time (ET 306)
[2026-09-01 03:11:54 EDT] skip: not near a target time (ET 311)
[2026-09-01 03:16:54 EDT] skip: not near a target time (ET 316)
[2026-09-01 03:52:53 EDT] skip: not near a target time (ET 352)
[2026-09-01 04:36:45 EDT] skip: not near a target time (ET 436)
[2026-09-01 04:41:45 EDT] skip: not near a target time (ET 441)
[2026-09-01 04:46:45 EDT] skip: not near a target time (ET 446)
[2026-09-01 04:51:45 EDT] skip: not near a target time (ET 451)
[2026-09-01 04:56:46 EDT] skip: not near a target time (ET 456)
[2026-09-01 05:01:46 EDT] skip: not near a target time (ET 501)
[2026-09-01 05:06:46 EDT] skip: not near a target time (ET 506)
[2026-09-01 05:11:46 EDT] skip: not near a target time (ET 511)
[2026-09-01 05:16:46 EDT] skip: not near a target time (ET 516)
[2026-09-01 05:21:46 EDT] skip: not near a target time (ET 521)
[2026-09-01 05:26:46 EDT] skip: not near a target time (ET 526)
[2026-09-01 05:31:46 EDT] skip: not near a target time (ET 531)
[2026-09-01 05:36:46 EDT] skip: not near a target time (ET 536)
[2026-09-01 06:28:46 EDT] skip: not near a target time (ET 628)
[2026-09-01 06:33:47 EDT] skip: not near a target time (ET 633)
[2026-09-01 06:38:47 EDT] skip: not near a target time (ET 638)
[2026-09-01 06:43:47 EDT] skip: not near a target time (ET 643)
[2026-09-01 06:48:47 EDT] skip: not near a target time (ET 648)
[2026-09-01 06:53:47 EDT] skip: not near a target time (ET 653)
[2026-09-01 06:58:47 EDT] skip: not near a target time (ET 658)
[2026-09-01 07:03:47 EDT] skip: not near a target time (ET 703)
[2026-09-01 07:08:47 EDT] skip: not near a target time (ET 708)
[2026-09-01 07:13:47 EDT] skip: not near a target time (ET 713)
[2026-09-01 07:18:47 EDT] skip: not near a target time (ET 718)
[2026-09-01 07:23:47 EDT] skip: not near a target time (ET 723)
[2026-09-01 07:28:47 EDT] skip: not near a target time (ET 728)
[2026-09-01 07:33:47 EDT] skip: not near a target time (ET 733)
[2026-09-01 07:38:48 EDT] skip: not near a target time (ET 738)
[2026-09-01 07:43:48 EDT] skip: not near a target time (ET 743)
[2026-09-01 07:48:48 EDT] skip: not near a target time (ET 748)
[2026-09-01 07:53:48 EDT] skip: not near a target time (ET 753)
[2026-09-01 07:58:48 EDT] skip: not near a target time (ET 758)
[2026-09-01 08:03:48 EDT] skip: not near a target time (ET 803)
[2026-09-01 08:08:48 EDT] skip: not near a target time (ET 808)
[2026-09-01 08:13:48 EDT] skip: not near a target time (ET 813)
[2026-09-01 08:18:48 EDT] skip: not near a target time (ET 818)
[2026-09-01 08:23:49 EDT] skip: not near a target time (ET 823)
[2026-09-01 08:28:49 EDT] skip: not near a target time (ET 828)
[2026-09-01 08:33:49 EDT] skip: not near a target time (ET 833)
[2026-09-01 08:38:49 EDT] skip: not near a target time (ET 838)
[2026-09-01 08:43:49 EDT] skip: not near a target time (ET 843)
[2026-09-01 08:48:49 EDT] skip: not near a target time (ET 848)
[2026-09-01 08:53:49 EDT] skip: not near a target time (ET 853)
[2026-09-01 08:58:49 EDT] skip: not near a target time (ET 858)
[2026-09-01 09:03:50 EDT] skip: not near a target time (ET 903)
[2026-09-01 09:08:50 EDT] skip: not near a target time (ET 908)
[2026-09-01 09:13:50 EDT] skip: not near a target time (ET 913)
[2026-09-01 09:18:50 EDT] skip: not near a target time (ET 918)
[2026-09-01 09:23:50 EDT] skip: not near a target time (ET 923)
[2026-09-01 09:28:50 EDT] skip: not near a target time (ET 928)
[2026-09-01 09:33:50 EDT] skip: not near a target time (ET 933)
[2026-09-01 09:38:50 EDT] skip: not near a target time (ET 938)
[2026-09-01 09:43:51 EDT] skip: not near a target time (ET 943)
[2026-09-01 09:48:51 EDT] skip: not near a target time (ET 948)
[2026-09-01 09:53:51 EDT] skip: not near a target time (ET 953)
[2026-09-01 09:58:51 EDT] START scheduled scan (weekday 2, ET 958, slot=open)
阶段 1/3：更新股票元数据...
元数据更新：共 1084 只，需联网 0 只（跳过已缓存 1084 只）
阶段 2/3：写回输入与分类表...
✅ TV固定A池：/Users/feijing/github.com/stock_scan/Stock_OneClick/exports/tv_A_pool.txt
✅ TV固定A池快照：/Users/feijing/github.com/stock_scan/Stock_OneClick/history/tv_A_pool_20260901_085857.txt
✅ TV中文分类目录：/Users/feijing/github.com/stock_scan/Stock_OneClick/exports/tv_custom（17个分类）
✅ TV中文分类历史：/Users/feijing/github.com/stock_scan/Stock_OneClick/history/tv_custom_20260901_085857
✅ TV中文合并清单：/Users/feijing/github.com/stock_scan/Stock_OneClick/exports/tv_watchlists_merged_cn.txt
✅ TV中文合并历史：/Users/feijing/github.com/stock_scan/Stock_OneClick/history/tv_watchlists_merged_cn_20260901_085857.txt
阶段 3/4：执行扫描...
跳过不扫描分组：00 大环境, 01 市场环境（22 只）
✅ 全量扫描池：/Users/feijing/github.com/stock_scan/Stock_OneClick/exports/full_scan_pool.txt
✅ 全量扫描池快照：/Users/feijing/github.com/stock_scan/Stock_OneClick/history/full_scan_pool_20260901_085857.txt
✅ TV分类清单目录：/Users/feijing/github.com/stock_scan/Stock_OneClick/exports/tv_groups（24个分类）
✅ TV分类清单索引：/Users/feijing/github.com/stock_scan/Stock_OneClick/exports/tv_groups/_index.txt
✅ TV分类清单历史：/Users/feijing/github.com/stock_scan/Stock_OneClick/history/tv_groups_20260901_085857
并行预取行情：163 只 ×（日线+4H），并发 8 …
$ANET: possibly delisted; no price data found  (period=1y)
  预取进度 25/163
  预取进度 50/163
  预取进度 75/163
  预取进度 100/163
  预取进度 125/163
  预取进度 150/163
  预取进度 163/163
本次扫描标的数：163
[1/163 | 1%] 扫描 MAGS (Roundhill Magnificent Seven ETF)
[2/163 | 1%] 扫描 NVDA (NVIDIA Corporation)
[3/163 | 2%] 扫描 MSFT (Microsoft Corporation)
[4/163 | 2%] 扫描 AMZN (Amazon.com, Inc.)
[5/163 | 3%] 扫描 META (Meta Platforms, Inc.)
[6/163 | 4%] 扫描 GOOGL (Alphabet Inc.)
[7/163 | 4%] 扫描 TSLA (Tesla, Inc.)
[8/163 | 5%] 扫描 AAPL (Apple Inc.)
[9/163 | 6%] 扫描 SMH (VanEck Semiconductor ETF)
[10/163 | 6%] 扫描 AMD (Advanced Micro Devices, Inc.)
[11/163 | 7%] 扫描 AVGO (Broadcom Inc.)
[12/163 | 7%] 扫描 INTC (Intel Corporation)
[13/163 | 8%] 扫描 MRVL (Marvell Technology, Inc.)
[14/163 | 9%] 扫描 CBRS (Cerebras Systems Inc.)
[CBRS] 日线数据太短/获取失败，跳过
[15/163 | 9%] 扫描 DRAM (Roundhill Memory ETF)
[DRAM] 日线数据太短/获取失败，跳过
[16/163 | 10%] 扫描 MU (Micron Technology, Inc.)
[17/163 | 10%] 扫描 SNDK (Sandisk Corporation)
[18/163 | 11%] 扫描 WDC (Western Digital Corporation)
[19/163 | 12%] 扫描 ASML (ASML Holding N.V. - New York Re)
[20/163 | 12%] 扫描 AMAT (Applied Materials, Inc.)
[21/163 | 13%] 扫描 KLAC (KLA Corporation)
[22/163 | 13%] 扫描 LRCX (Lam Research Corporation)
[23/163 | 14%] 扫描 SNPS (Synopsys, Inc.)
[24/163 | 15%] 扫描 CDNS (Cadence Design Systems, Inc.)
[25/163 | 15%] 扫描 FOTO (Tuttle Capital Pure Play Photon)
[FOTO] 日线数据太短/获取失败，跳过
[26/163 | 16%] 扫描 ANET (Arista Networks, Inc.)
[ANET] 日线数据太短/获取失败，跳过
[27/163 | 17%] 扫描 LITE (Lumentum Holdings Inc.)
[28/163 | 17%] 扫描 COHR (Coherent Corp.)
[29/163 | 18%] 扫描 GLW (Corning Incorporated)
[30/163 | 18%] 扫描 CRDO (Credo Technology Group Holding )
[31/163 | 19%] 扫描 TSEM (Tower Semiconductor Ltd.)
[32/163 | 20%] 扫描 AAOI (Applied Optoelectronics, Inc.)
[33/163 | 20%] 扫描 AXTI (AXT Inc)
[34/163 | 21%] 扫描 LWLG (Lightwave Logic, Inc.)
[35/163 | 21%] 扫描 POET (POET Technologies Inc.)
[36/163 | 22%] 扫描 VRT (Vertiv Holdings, LLC)
[37/163 | 23%] 扫描 SMCI (Super Micro Computer, Inc.)
[38/163 | 23%] 扫描 DELL (Dell Technologies Inc.)
[39/163 | 24%] 扫描 HPE (Hewlett Packard Enterprise Comp)
[40/163 | 25%] 扫描 IBM (International Business Machines)
[41/163 | 25%] 扫描 CLS (Celestica, Inc.)
[42/163 | 26%] 扫描 XLU (State Street Utilities Select S)
[43/163 | 26%] 扫描 VST (Vistra Corp.)
[44/163 | 27%] 扫描 NRG (NRG Energy, Inc.)
[45/163 | 28%] 扫描 TLN (Talen Energy Corporation)
[46/163 | 28%] 扫描 AES (The AES Corporation)
[47/163 | 29%] 扫描 GEV (GE Vernova Inc.)
[48/163 | 29%] 扫描 ETN (Eaton Corporation, PLC)
[49/163 | 30%] 扫描 NVTS (Navitas Semiconductor Corporati)
[50/163 | 31%] 扫描 NLR (VanEck Uranium and Nuclear ETF)
[51/163 | 31%] 扫描 CEG (Constellation Energy Corporatio)
[52/163 | 32%] 扫描 SMR (NuScale Power Corporation)
[53/163 | 33%] 扫描 OKLO (Oklo Inc.)
[54/163 | 33%] 扫描 LEU (Centrus Energy Corp.)
[55/163 | 34%] 扫描 CCJ (Cameco Corporation)
[56/163 | 34%] 扫描 BWXT (BWX Technologies, Inc.)
[57/163 | 35%] 扫描 UEC (Uranium Energy Corp.)
[58/163 | 36%] 扫描 UUUU (Energy Fuels Inc)
[59/163 | 36%] 扫描 NNE (Nano Nuclear Energy Inc.)
[60/163 | 37%] 扫描 BE (Bloom Energy Corporation)
[61/163 | 37%] 扫描 FLNC (Fluence Energy, Inc.)
[62/163 | 38%] 扫描 EOSE (Eos Energy Enterprises, Inc.)
[63/163 | 39%] 扫描 TAN (Invesco Solar ETF)
[64/163 | 39%] 扫描 FSLR (First Solar, Inc.)
[65/163 | 40%] 扫描 NXT (Nextpower Inc.)
[66/163 | 40%] 扫描 ENPH (Enphase Energy, Inc.)
[67/163 | 41%] 扫描 RUN (Sunrun Inc.)
[68/163 | 42%] 扫描 IGV (iShares Expanded Tech-Software )
[69/163 | 42%] 扫描 PLTR (Palantir Technologies Inc.)
[70/163 | 43%] 扫描 ADBE (Adobe Inc.)
[71/163 | 44%] 扫描 CRM (Salesforce, Inc.)
[72/163 | 44%] 扫描 SNOW (Snowflake Inc.)
[73/163 | 45%] 扫描 DDOG (Datadog, Inc.)
[74/163 | 45%] 扫描 MDB (MongoDB, Inc.)
[75/163 | 46%] 扫描 TEAM (Atlassian Corporation)
[76/163 | 47%] 扫描 NOW (ServiceNow, Inc.)
[77/163 | 47%] 扫描 CIBR (First Trust NASDAQ Cybersecurit)
[78/163 | 48%] 扫描 CRWD (CrowdStrike Holdings, Inc.)
[79/163 | 48%] 扫描 FTNT (Fortinet, Inc.)
[80/163 | 49%] 扫描 ZS (Zscaler, Inc.)
[81/163 | 50%] 扫描 PANW (Palo Alto Networks, Inc.)
[82/163 | 50%] 扫描 OKTA (Okta, Inc.)
[83/163 | 51%] 扫描 XLB (State Street Materials Select S)
[84/163 | 52%] 扫描 PAVE (Global X U.S. Infrastructure De)
[85/163 | 52%] 扫描 FCX (Freeport-McMoRan, Inc.)
[86/163 | 53%] 扫描 LIN (Linde plc)
[87/163 | 53%] 扫描 APD (Air Products and Chemicals, Inc)
[88/163 | 54%] 扫描 NUE (Nucor Corporation)
[89/163 | 55%] 扫描 RIO (Rio Tinto Plc)
[90/163 | 55%] 扫描 BHP (BHP Group Limited)
[91/163 | 56%] 扫描 XLE (State Street Energy Select Sect)
[92/163 | 56%] 扫描 CVX (Chevron Corporation)
[93/163 | 57%] 扫描 COP (ConocoPhillips)
[94/163 | 58%] 扫描 EOG (EOG Resources, Inc.)
[95/163 | 58%] 扫描 HAL (Halliburton Company)
[96/163 | 59%] 扫描 SLB (SLB Limited)
[97/163 | 60%] 扫描 OXY (Occidental Petroleum Corporatio)
[98/163 | 60%] 扫描 NEE (NextEra Energy, Inc.)
[99/163 | 61%] 扫描 SO (Southern Company (The))
[100/163 | 61%] 扫描 DUK (Duke Energy Corporation (Holdin)
[101/163 | 62%] 扫描 D (Dominion Energy, Inc.)
[102/163 | 63%] 扫描 XLF (State Street Financial Select S)
[103/163 | 63%] 扫描 HOOD (Robinhood Markets, Inc.)
[104/163 | 64%] 扫描 SOFI (SoFi Technologies, Inc.)
[105/163 | 64%] 扫描 COIN (Coinbase Global, Inc.)
[106/163 | 65%] 扫描 AON (Aon plc)
[107/163 | 66%] 扫描 UFO (Procure Space ETF)
[108/163 | 66%] 扫描 PL (Planet Labs PBC)
[109/163 | 67%] 扫描 RKLB (Rocket Lab Corporation)
[110/163 | 67%] 扫描 VSAT (ViaSat, Inc.)
[111/163 | 68%] 扫描 IRDM (Iridium Communications Inc)
[112/163 | 69%] 扫描 SIRI (SiriusXM Holdings Inc.)
[113/163 | 69%] 扫描 GSAT (Globalstar, Inc.)
[114/163 | 70%] 扫描 LUNR (Intuitive Machines, Inc.)
[115/163 | 71%] 扫描 ASTS (AST SpaceMobile, Inc.)
[116/163 | 71%] 扫描 MOO (VanEck Agribusiness ETF)
[117/163 | 72%] 扫描 CF (CF Industries Holdings, Inc.)
[118/163 | 72%] 扫描 MOS (Mosaic Company (The))
[119/163 | 73%] 扫描 NTR (Nutrien Ltd.)
[120/163 | 74%] 扫描 TSM (Taiwan Semiconductor Manufactur)
[121/163 | 74%] 扫描 AMKR (Amkor Technology, Inc.)
[122/163 | 75%] 扫描 CAMT (Camtek Ltd.)
[123/163 | 75%] 扫描 ONTO (Onto Innovation Inc.)
[124/163 | 76%] 扫描 TER (Teradyne, Inc.)
[125/163 | 77%] 扫描 COHU (Cohu, Inc.)
[126/163 | 77%] 扫描 ENTG (Entegris, Inc.)
[127/163 | 78%] 扫描 DD (DuPont de Nemours, Inc.)
[128/163 | 79%] 扫描 AEHR (Aehr Test Systems)
[129/163 | 79%] 扫描 IHF (iShares U.S. Health Care Provid)
[130/163 | 80%] 扫描 UNH (UnitedHealth Group Incorporated)
[131/163 | 80%] 扫描 DTCR (Global X Data Center & Digital )
[132/163 | 81%] 扫描 CRWV (CoreWeave, Inc.)
[133/163 | 82%] 扫描 NBIS (Nebius Group N.V.)
[134/163 | 82%] 扫描 IREN (IREN LIMITED)
[135/163 | 83%] 扫描 APLD (Applied Digital Corporation)
[136/163 | 83%] 扫描 ORCL (Oracle Corporation)
[137/163 | 84%] 扫描 MEME (Roundhill Meme Stock ETF)
[138/163 | 85%] 扫描 HIMS (Hims & Hers Health, Inc.)
[139/163 | 85%] 扫描 SOLS (Solstice Advanced Materials Inc)
[140/163 | 86%] 扫描 CPNG (Coupang, Inc.)
[141/163 | 87%] 扫描 XYZ (Block Inc. Class A Common Stock)
[142/163 | 87%] 扫描 MSTR (Strategy Inc Common Stock Class A)
[143/163 | 88%] 扫描 CRCL (Circle Internet Group Inc. Class A Common Stock)
[144/163 | 88%] 扫描 HUT (Hut 8 Corp. Common Stock)
[145/163 | 89%] 扫描 WULF (TeraWulf Inc. Common Stock)
[146/163 | 90%] 扫描 GLXY (Galaxy Digital Inc. Class A Common Stock)
[147/163 | 90%] 扫描 GBTC (Grayscale Bitcoin Trust ETF)
[148/163 | 91%] 扫描 IBIT (iShares Bitcoin Trust ETF)
[149/163 | 91%] 扫描 FBTC (Fidelity Wise Origin Bitcoin Fund)
[150/163 | 92%] 扫描 ARKB (ARK 21Shares Bitcoin ETF)
[151/163 | 93%] 扫描 BITB (Bitwise Bitcoin ETF)
[152/163 | 93%] 扫描 BRRR (CoinShares Bitcoin ETF)
[153/163 | 94%] 扫描 HODL (VanEck Bitcoin ETF)
[154/163 | 94%] 扫描 EZBC (Franklin Bitcoin ETF)
[155/163 | 95%] 扫描 BTCO (Invesco Galaxy Bitcoin ETF)
[156/163 | 96%] 扫描 BITO (ProShares Bitcoin ETF)
[157/163 | 96%] 扫描 BITX (2x Bitcoin Strategy ETF)
[158/163 | 97%] 扫描 MARA (MARA Holdings, Inc.)
[159/163 | 98%] 扫描 RIOT (Riot Platforms, Inc.)
[160/163 | 98%] 扫描 CLSK (CleanSpark, Inc.)
[161/163 | 99%] 扫描 CORZ (Core Scientific, Inc.)
[162/163 | 99%] 扫描 CIFR (Cipher Digital Inc.)
[163/163 | 100%] 扫描 BTBT (Bit Digital, Inc.)
⚠️ 盘中运行：2026-09-01 这根日线尚未收盘。close/volume/量比20日 都只是当前最新值，量比会因为只走了部分交易时段而系统性偏低。这些行会标记 bar_partial=True，生命周期买入价优先取收盘后那一版——收盘后再跑一次即可固化。
本次补回信号日期： 2026-09-01
✅ 低位启动器：第一观察点 0 条，二进宫买入点 0 条
阶段 4/4：生成信号后表现追踪sheet...
✅ 市场环境：看跌/避险 | SPX 跌破MA20；QQQ 跌破MA20；IWM 跌破MA20；VIX单日+6.03%；VIX站上MA20
✅ COMBO波段regime (#24, 长线200日趋势; 与短线信号不同):
   SPY: 收762.50 / 200日710.66(上,确认True) | 距52周高-2.0% | 30日波动12% | 强势/纯牛市(持有为主,MR待命) → HOLD 持有(满仓指数)
   QQQ: 收707.82 / 200日656.08(上,确认True) | 距52周高-5.1% | 30日波动21% | 上升趋势(牛市回调) → HOLD 持有(满仓指数)
✅ BTC长线读数 (集成SMA投票, 默认买入持有; 详见btc_system.py):
   BTC-USD: 收78,217 | 集成SMA投票100%看多 | 状态 LONG | 距历史高点-37.3% | 距52周高-37.3% | 默认长期持有(买入持有)；本读数为风险仪表盘，非交易信号 — 短线资本利得税拖累研究见btc_system.py
✅ 历史结果已保存：/Users/feijing/github.com/stock_scan/Stock_OneClick/history/scan_result_20260901_085857.xlsx
✅ 最新结果已更新：/Users/feijing/github.com/stock_scan/Stock_OneClick/scan_result_latest.xlsx
✅ 信号Dashboard：/Users/feijing/github.com/stock_scan/Stock_OneClick/exports/xl_signal_dashboard_latest.html
✅ 信号Dashboard历史：/Users/feijing/github.com/stock_scan/Stock_OneClick/history/xl_signal_dashboard_20260901_085857.html
✅ 买入追踪sheet数量：15（每批次最多追踪 14 个交易日）
✅ 卖出追踪批次数：15（每批次最多追踪 14 个交易日）
✅ 买入观察列表：101 条
✅ 买入历史记录：652 条
✅ 卖出观察列表：1 条
✅ 卖出历史记录：359 条
✅ 第一观察点跟踪：观察中 8 条，已确认 3 条，已移除 155 条
✅ TV今日清单：/Users/feijing/github.com/stock_scan/Stock_OneClick/tv_daily_signals/tv_today_2026-09-01.txt
✅ TV历史清单：/Users/feijing/github.com/stock_scan/Stock_OneClick/history/tv_today_20260901_085857.txt
✅ TV买入纯导入：/Users/feijing/github.com/stock_scan/Stock_OneClick/tv_buy_signals/tv_buy_today_2026-09-01.txt
✅ TV买入备注版：/Users/feijing/github.com/stock_scan/Stock_OneClick/tv_buy_signals/tv_buy_today_notes_2026-09-01.txt
STOCK_ONECLICK_NO_OPEN=1：跳过自动打开结果。
[2026-09-01 10:02:15 EDT]     scan ok
[2026-09-01 10:02:15 EDT] DONE slot=open for ET date 2026-09-01
[2026-09-01 10:07:15 EDT] skip: not near a target time (ET 1007)
[2026-09-01 10:12:15 EDT] skip: not near a target time (ET 1012)
[2026-09-01 10:43:25 EDT] skip: not near a target time (ET 1043)
[2026-09-01 11:00:59 EDT] skip: not near a target time (ET 1100)
[2026-09-01 11:05:59 EDT] skip: not near a target time (ET 1105)
[2026-09-01 11:10:59 EDT] skip: not near a target time (ET 1110)
[2026-09-01 11:15:59 EDT] skip: not near a target time (ET 1115)
[2026-09-01 11:20:59 EDT] skip: not near a target time (ET 1120)
[2026-09-01 11:25:59 EDT] skip: not near a target time (ET 1125)
[2026-09-01 11:31:55 EDT] skip: not near a target time (ET 1131)
[2026-09-01 11:36:58 EDT] skip: not near a target time (ET 1136)
[2026-09-01 11:41:58 EDT] skip: not near a target time (ET 1141)
[2026-09-01 11:46:58 EDT] skip: not near a target time (ET 1146)
[2026-09-01 11:51:58 EDT] skip: not near a target time (ET 1151)
[2026-09-01 11:56:58 EDT] skip: not near a target time (ET 1156)
[2026-09-01 12:01:58 EDT] skip: not near a target time (ET 1201)
[2026-09-01 12:06:58 EDT] skip: not near a target time (ET 1206)
[2026-09-01 12:11:58 EDT] skip: not near a target time (ET 1211)
[2026-09-01 12:16:58 EDT] skip: not near a target time (ET 1216)
[2026-09-01 12:21:59 EDT] skip: not near a target time (ET 1221)
[2026-09-01 12:26:59 EDT] skip: not near a target time (ET 1226)
[2026-09-01 12:31:59 EDT] skip: not near a target time (ET 1231)
[2026-09-01 12:41:18 EDT] skip: not near a target time (ET 1241)
[2026-09-01 12:51:11 EDT] skip: not near a target time (ET 1251)
[2026-09-01 13:01:08 EDT] skip: not near a target time (ET 1301)
[2026-09-01 13:08:00 EDT] skip: not near a target time (ET 1308)
[2026-09-01 13:13:00 EDT] skip: not near a target time (ET 1313)
[2026-09-01 13:18:10 EDT] skip: not near a target time (ET 1318)
[2026-09-01 13:23:17 EDT] skip: not near a target time (ET 1323)
[2026-09-01 13:28:25 EDT] skip: not near a target time (ET 1328)
[2026-09-01 13:33:40 EDT] skip: not near a target time (ET 1333)
[2026-09-01 13:38:54 EDT] skip: not near a target time (ET 1338)
[2026-09-01 13:43:54 EDT] skip: not near a target time (ET 1343)
[2026-09-01 13:48:55 EDT] skip: not near a target time (ET 1348)
[2026-09-01 13:53:55 EDT] skip: not near a target time (ET 1353)
[2026-09-01 13:58:55 EDT] skip: not near a target time (ET 1358)
[2026-09-01 14:03:55 EDT] skip: not near a target time (ET 1403)
[2026-09-01 14:08:55 EDT] skip: not near a target time (ET 1408)
[2026-09-01 14:13:55 EDT] skip: not near a target time (ET 1413)
[2026-09-01 14:18:55 EDT] skip: not near a target time (ET 1418)
[2026-09-01 14:23:55 EDT] skip: not near a target time (ET 1423)
[2026-09-01 14:28:55 EDT] skip: not near a target time (ET 1428)
[2026-09-01 14:33:55 EDT] skip: not near a target time (ET 1433)
[2026-09-01 14:38:56 EDT] skip: not near a target time (ET 1438)
[2026-09-01 14:43:56 EDT] skip: not near a target time (ET 1443)
[2026-09-01 14:48:56 EDT] skip: not near a target time (ET 1448)
[2026-09-01 14:53:56 EDT] skip: not near a target time (ET 1453)
[2026-09-01 14:58:56 EDT] skip: not near a target time (ET 1458)
[2026-09-01 15:04:02 EDT] skip: not near a target time (ET 1504)
[2026-09-01 15:09:07 EDT] skip: not near a target time (ET 1509)
[2026-09-01 15:14:11 EDT] skip: not near a target time (ET 1514)
[2026-09-01 15:19:11 EDT] skip: not near a target time (ET 1519)
[2026-09-01 15:24:12 EDT] skip: not near a target time (ET 1524)
[2026-09-01 15:29:12 EDT] skip: not near a target time (ET 1529)
[2026-09-01 15:34:12 EDT] skip: not near a target time (ET 1534)
[2026-09-01 15:39:12 EDT] skip: not near a target time (ET 1539)
[2026-09-01 15:44:12 EDT] START scheduled scan (weekday 2, ET 1544, slot=close)
阶段 1/3：更新股票元数据...
元数据更新：共 1084 只，需联网 0 只（跳过已缓存 1084 只）
阶段 2/3：写回输入与分类表...
✅ TV固定A池：/Users/feijing/github.com/stock_scan/Stock_OneClick/exports/tv_A_pool.txt
✅ TV固定A池快照：/Users/feijing/github.com/stock_scan/Stock_OneClick/history/tv_A_pool_20260901_144415.txt
✅ TV中文分类目录：/Users/feijing/github.com/stock_scan/Stock_OneClick/exports/tv_custom（17个分类）
✅ TV中文分类历史：/Users/feijing/github.com/stock_scan/Stock_OneClick/history/tv_custom_20260901_144415
✅ TV中文合并清单：/Users/feijing/github.com/stock_scan/Stock_OneClick/exports/tv_watchlists_merged_cn.txt
✅ TV中文合并历史：/Users/feijing/github.com/stock_scan/Stock_OneClick/history/tv_watchlists_merged_cn_20260901_144415.txt
阶段 3/4：执行扫描...
跳过不扫描分组：00 大环境, 01 市场环境（22 只）
✅ 全量扫描池：/Users/feijing/github.com/stock_scan/Stock_OneClick/exports/full_scan_pool.txt
✅ 全量扫描池快照：/Users/feijing/github.com/stock_scan/Stock_OneClick/history/full_scan_pool_20260901_144415.txt
✅ TV分类清单目录：/Users/feijing/github.com/stock_scan/Stock_OneClick/exports/tv_groups（24个分类）
✅ TV分类清单索引：/Users/feijing/github.com/stock_scan/Stock_OneClick/exports/tv_groups/_index.txt
✅ TV分类清单历史：/Users/feijing/github.com/stock_scan/Stock_OneClick/history/tv_groups_20260901_144415
并行预取行情：163 只 ×（日线+4H），并发 8 …
  预取进度 25/163
  预取进度 50/163
  预取进度 75/163
  预取进度 100/163
$ADBE: possibly delisted; no price data found  (period=1y)
$TEAM: possibly delisted; no price data found  (period=1y)
$PLTR: possibly delisted; no price data found  (period=90d)
$CRM: possibly delisted; no price data found  (period=90d)
$NOW: possibly delisted; no price data found  (period=1y)
$DDOG: possibly delisted; no price data found  (period=90d)
  预取进度 125/163
  预取进度 150/163
$COHU: possibly delisted; no price data found  (period=1y)
  预取进度 163/163
本次扫描标的数：163
[1/163 | 1%] 扫描 MAGS (Roundhill Magnificent Seven ETF)
[2/163 | 1%] 扫描 NVDA (NVIDIA Corporation)
[3/163 | 2%] 扫描 MSFT (Microsoft Corporation)
[4/163 | 2%] 扫描 AMZN (Amazon.com, Inc.)
[5/163 | 3%] 扫描 META (Meta Platforms, Inc.)
[6/163 | 4%] 扫描 GOOGL (Alphabet Inc.)
[7/163 | 4%] 扫描 TSLA (Tesla, Inc.)
[8/163 | 5%] 扫描 AAPL (Apple Inc.)
[9/163 | 6%] 扫描 SMH (VanEck Semiconductor ETF)
[10/163 | 6%] 扫描 AMD (Advanced Micro Devices, Inc.)
[11/163 | 7%] 扫描 AVGO (Broadcom Inc.)
[12/163 | 7%] 扫描 INTC (Intel Corporation)
[13/163 | 8%] 扫描 MRVL (Marvell Technology, Inc.)
[14/163 | 9%] 扫描 CBRS (Cerebras Systems Inc.)
[CBRS] 日线数据太短/获取失败，跳过
[15/163 | 9%] 扫描 DRAM (Roundhill Memory ETF)
[DRAM] 日线数据太短/获取失败，跳过
[16/163 | 10%] 扫描 MU (Micron Technology, Inc.)
[17/163 | 10%] 扫描 SNDK (Sandisk Corporation)
[18/163 | 11%] 扫描 WDC (Western Digital Corporation)
[19/163 | 12%] 扫描 ASML (ASML Holding N.V. - New York Re)
[20/163 | 12%] 扫描 AMAT (Applied Materials, Inc.)
[21/163 | 13%] 扫描 KLAC (KLA Corporation)
[22/163 | 13%] 扫描 LRCX (Lam Research Corporation)
[23/163 | 14%] 扫描 SNPS (Synopsys, Inc.)
[24/163 | 15%] 扫描 CDNS (Cadence Design Systems, Inc.)
[25/163 | 15%] 扫描 FOTO (Tuttle Capital Pure Play Photon)
[FOTO] 日线数据太短/获取失败，跳过
[26/163 | 16%] 扫描 ANET (Arista Networks, Inc.)
[27/163 | 17%] 扫描 LITE (Lumentum Holdings Inc.)
[28/163 | 17%] 扫描 COHR (Coherent Corp.)
[29/163 | 18%] 扫描 GLW (Corning Incorporated)
[30/163 | 18%] 扫描 CRDO (Credo Technology Group Holding )
[31/163 | 19%] 扫描 TSEM (Tower Semiconductor Ltd.)
[32/163 | 20%] 扫描 AAOI (Applied Optoelectronics, Inc.)
[33/163 | 20%] 扫描 AXTI (AXT Inc)
[34/163 | 21%] 扫描 LWLG (Lightwave Logic, Inc.)
[35/163 | 21%] 扫描 POET (POET Technologies Inc.)
[36/163 | 22%] 扫描 VRT (Vertiv Holdings, LLC)
[37/163 | 23%] 扫描 SMCI (Super Micro Computer, Inc.)
[38/163 | 23%] 扫描 DELL (Dell Technologies Inc.)
[39/163 | 24%] 扫描 HPE (Hewlett Packard Enterprise Comp)
[40/163 | 25%] 扫描 IBM (International Business Machines)
[41/163 | 25%] 扫描 CLS (Celestica, Inc.)
[42/163 | 26%] 扫描 XLU (State Street Utilities Select S)
[43/163 | 26%] 扫描 VST (Vistra Corp.)
[44/163 | 27%] 扫描 NRG (NRG Energy, Inc.)
[45/163 | 28%] 扫描 TLN (Talen Energy Corporation)
[46/163 | 28%] 扫描 AES (The AES Corporation)
[47/163 | 29%] 扫描 GEV (GE Vernova Inc.)
[48/163 | 29%] 扫描 ETN (Eaton Corporation, PLC)
[49/163 | 30%] 扫描 NVTS (Navitas Semiconductor Corporati)
[50/163 | 31%] 扫描 NLR (VanEck Uranium and Nuclear ETF)
[51/163 | 31%] 扫描 CEG (Constellation Energy Corporatio)
[52/163 | 32%] 扫描 SMR (NuScale Power Corporation)
[53/163 | 33%] 扫描 OKLO (Oklo Inc.)
[54/163 | 33%] 扫描 LEU (Centrus Energy Corp.)
[55/163 | 34%] 扫描 CCJ (Cameco Corporation)
[56/163 | 34%] 扫描 BWXT (BWX Technologies, Inc.)
[57/163 | 35%] 扫描 UEC (Uranium Energy Corp.)
[58/163 | 36%] 扫描 UUUU (Energy Fuels Inc)
[59/163 | 36%] 扫描 NNE (Nano Nuclear Energy Inc.)
[60/163 | 37%] 扫描 BE (Bloom Energy Corporation)
[61/163 | 37%] 扫描 FLNC (Fluence Energy, Inc.)
[62/163 | 38%] 扫描 EOSE (Eos Energy Enterprises, Inc.)
[63/163 | 39%] 扫描 TAN (Invesco Solar ETF)
[64/163 | 39%] 扫描 FSLR (First Solar, Inc.)
[65/163 | 40%] 扫描 NXT (Nextpower Inc.)
[66/163 | 40%] 扫描 ENPH (Enphase Energy, Inc.)
[67/163 | 41%] 扫描 RUN (Sunrun Inc.)
[68/163 | 42%] 扫描 IGV (iShares Expanded Tech-Software )
[69/163 | 42%] 扫描 PLTR (Palantir Technologies Inc.)
[70/163 | 43%] 扫描 ADBE (Adobe Inc.)
[ADBE] 日线数据太短/获取失败，跳过
[71/163 | 44%] 扫描 CRM (Salesforce, Inc.)
[72/163 | 44%] 扫描 SNOW (Snowflake Inc.)
[73/163 | 45%] 扫描 DDOG (Datadog, Inc.)
[74/163 | 45%] 扫描 MDB (MongoDB, Inc.)
[75/163 | 46%] 扫描 TEAM (Atlassian Corporation)
[TEAM] 日线数据太短/获取失败，跳过
[76/163 | 47%] 扫描 NOW (ServiceNow, Inc.)
[NOW] 日线数据太短/获取失败，跳过
[77/163 | 47%] 扫描 CIBR (First Trust NASDAQ Cybersecurit)
[78/163 | 48%] 扫描 CRWD (CrowdStrike Holdings, Inc.)
[79/163 | 48%] 扫描 FTNT (Fortinet, Inc.)
[80/163 | 49%] 扫描 ZS (Zscaler, Inc.)
[81/163 | 50%] 扫描 PANW (Palo Alto Networks, Inc.)
[82/163 | 50%] 扫描 OKTA (Okta, Inc.)
[83/163 | 51%] 扫描 XLB (State Street Materials Select S)
[84/163 | 52%] 扫描 PAVE (Global X U.S. Infrastructure De)
[85/163 | 52%] 扫描 FCX (Freeport-McMoRan, Inc.)
[86/163 | 53%] 扫描 LIN (Linde plc)
[87/163 | 53%] 扫描 APD (Air Products and Chemicals, Inc)
[88/163 | 54%] 扫描 NUE (Nucor Corporation)
[89/163 | 55%] 扫描 RIO (Rio Tinto Plc)
[90/163 | 55%] 扫描 BHP (BHP Group Limited)
[91/163 | 56%] 扫描 XLE (State Street Energy Select Sect)
[92/163 | 56%] 扫描 CVX (Chevron Corporation)
[93/163 | 57%] 扫描 COP (ConocoPhillips)
[94/163 | 58%] 扫描 EOG (EOG Resources, Inc.)
[95/163 | 58%] 扫描 HAL (Halliburton Company)
[96/163 | 59%] 扫描 SLB (SLB Limited)
[97/163 | 60%] 扫描 OXY (Occidental Petroleum Corporatio)
[98/163 | 60%] 扫描 NEE (NextEra Energy, Inc.)
[99/163 | 61%] 扫描 SO (Southern Company (The))
[100/163 | 61%] 扫描 DUK (Duke Energy Corporation (Holdin)
[101/163 | 62%] 扫描 D (Dominion Energy, Inc.)
[102/163 | 63%] 扫描 XLF (State Street Financial Select S)
[103/163 | 63%] 扫描 HOOD (Robinhood Markets, Inc.)
[104/163 | 64%] 扫描 SOFI (SoFi Technologies, Inc.)
[105/163 | 64%] 扫描 COIN (Coinbase Global, Inc.)
[106/163 | 65%] 扫描 AON (Aon plc)
[107/163 | 66%] 扫描 UFO (Procure Space ETF)
[108/163 | 66%] 扫描 PL (Planet Labs PBC)
[109/163 | 67%] 扫描 RKLB (Rocket Lab Corporation)
[110/163 | 67%] 扫描 VSAT (ViaSat, Inc.)
[111/163 | 68%] 扫描 IRDM (Iridium Communications Inc)
[112/163 | 69%] 扫描 SIRI (SiriusXM Holdings Inc.)
[113/163 | 69%] 扫描 GSAT (Globalstar, Inc.)
[114/163 | 70%] 扫描 LUNR (Intuitive Machines, Inc.)
[115/163 | 71%] 扫描 ASTS (AST SpaceMobile, Inc.)
[116/163 | 71%] 扫描 MOO (VanEck Agribusiness ETF)
[117/163 | 72%] 扫描 CF (CF Industries Holdings, Inc.)
[118/163 | 72%] 扫描 MOS (Mosaic Company (The))
[119/163 | 73%] 扫描 NTR (Nutrien Ltd.)
[120/163 | 74%] 扫描 TSM (Taiwan Semiconductor Manufactur)
[121/163 | 74%] 扫描 AMKR (Amkor Technology, Inc.)
[122/163 | 75%] 扫描 CAMT (Camtek Ltd.)
[123/163 | 75%] 扫描 ONTO (Onto Innovation Inc.)
[124/163 | 76%] 扫描 TER (Teradyne, Inc.)
[125/163 | 77%] 扫描 COHU (Cohu, Inc.)
[COHU] 日线数据太短/获取失败，跳过
[126/163 | 77%] 扫描 ENTG (Entegris, Inc.)
[127/163 | 78%] 扫描 DD (DuPont de Nemours, Inc.)
[128/163 | 79%] 扫描 AEHR (Aehr Test Systems)
[129/163 | 79%] 扫描 IHF (iShares U.S. Health Care Provid)
[130/163 | 80%] 扫描 UNH (UnitedHealth Group Incorporated)
[131/163 | 80%] 扫描 DTCR (Global X Data Center & Digital )
[132/163 | 81%] 扫描 CRWV (CoreWeave, Inc.)
[133/163 | 82%] 扫描 NBIS (Nebius Group N.V.)
[134/163 | 82%] 扫描 IREN (IREN LIMITED)
[135/163 | 83%] 扫描 APLD (Applied Digital Corporation)
[136/163 | 83%] 扫描 ORCL (Oracle Corporation)
[137/163 | 84%] 扫描 MEME (Roundhill Meme Stock ETF)
[138/163 | 85%] 扫描 HIMS (Hims & Hers Health, Inc.)
[139/163 | 85%] 扫描 SOLS (Solstice Advanced Materials Inc)
[140/163 | 86%] 扫描 CPNG (Coupang, Inc.)
[141/163 | 87%] 扫描 XYZ (Block Inc. Class A Common Stock)
[142/163 | 87%] 扫描 MSTR (Strategy Inc Common Stock Class A)
[143/163 | 88%] 扫描 CRCL (Circle Internet Group Inc. Class A Common Stock)
[144/163 | 88%] 扫描 HUT (Hut 8 Corp. Common Stock)
[145/163 | 89%] 扫描 WULF (TeraWulf Inc. Common Stock)
[146/163 | 90%] 扫描 GLXY (Galaxy Digital Inc. Class A Common Stock)
[147/163 | 90%] 扫描 GBTC (Grayscale Bitcoin Trust ETF)
[148/163 | 91%] 扫描 IBIT (iShares Bitcoin Trust ETF)
[149/163 | 91%] 扫描 FBTC (Fidelity Wise Origin Bitcoin Fund)
[150/163 | 92%] 扫描 ARKB (ARK 21Shares Bitcoin ETF)
[151/163 | 93%] 扫描 BITB (Bitwise Bitcoin ETF)
[152/163 | 93%] 扫描 BRRR (CoinShares Bitcoin ETF)
[153/163 | 94%] 扫描 HODL (VanEck Bitcoin ETF)
[154/163 | 94%] 扫描 EZBC (Franklin Bitcoin ETF)
[155/163 | 95%] 扫描 BTCO (Invesco Galaxy Bitcoin ETF)
[156/163 | 96%] 扫描 BITO (ProShares Bitcoin ETF)
[157/163 | 96%] 扫描 BITX (2x Bitcoin Strategy ETF)
[158/163 | 97%] 扫描 MARA (MARA Holdings, Inc.)
[159/163 | 98%] 扫描 RIOT (Riot Platforms, Inc.)
[160/163 | 98%] 扫描 CLSK (CleanSpark, Inc.)
[161/163 | 99%] 扫描 CORZ (Core Scientific, Inc.)
[162/163 | 99%] 扫描 CIFR (Cipher Digital Inc.)
[163/163 | 100%] 扫描 BTBT (Bit Digital, Inc.)
⚠️ 盘中运行：2026-09-01 这根日线尚未收盘。close/volume/量比20日 都只是当前最新值，量比会因为只走了部分交易时段而系统性偏低。这些行会标记 bar_partial=True，生命周期买入价优先取收盘后那一版——收盘后再跑一次即可固化。
本次补回信号日期： 2026-09-01
✅ 低位启动器：第一观察点 0 条，二进宫买入点 0 条
阶段 4/4：生成信号后表现追踪sheet...
✅ 市场环境：看跌/避险 | SPX 跌破MA20；QQQ 跌破MA20；IWM 跌破MA20；VIX单日+9.79%；VIX站上MA20
✅ COMBO波段regime (#24, 长线200日趋势; 与短线信号不同):
   SPY: 收761.20 / 200日710.66(上,确认True) | 距52周高-2.1% | 30日波动12% | 强势/纯牛市(持有为主,MR待命) → HOLD 持有(满仓指数)
   QQQ: 收707.57 / 200日656.08(上,确认True) | 距52周高-5.2% | 30日波动21% | 上升趋势(牛市回调) → HOLD 持有(满仓指数)
✅ BTC长线读数 (集成SMA投票, 默认买入持有; 详见btc_system.py):
   BTC-USD: 收77,262 | 集成SMA投票100%看多 | 状态 LONG | 距历史高点-38.1% | 距52周高-38.1% | 默认长期持有(买入持有)；本读数为风险仪表盘，非交易信号 — 短线资本利得税拖累研究见btc_system.py
✅ 历史结果已保存：/Users/feijing/github.com/stock_scan/Stock_OneClick/history/scan_result_20260901_144415.xlsx
✅ 最新结果已更新：/Users/feijing/github.com/stock_scan/Stock_OneClick/scan_result_latest.xlsx
✅ 信号Dashboard：/Users/feijing/github.com/stock_scan/Stock_OneClick/exports/xl_signal_dashboard_latest.html
✅ 信号Dashboard历史：/Users/feijing/github.com/stock_scan/Stock_OneClick/history/xl_signal_dashboard_20260901_144415.html
✅ 买入追踪sheet数量：15（每批次最多追踪 14 个交易日）
✅ 卖出追踪批次数：15（每批次最多追踪 14 个交易日）
✅ 买入观察列表：99 条
✅ 买入历史记录：658 条
✅ 卖出观察列表：1 条
✅ 卖出历史记录：359 条
✅ 第一观察点跟踪：观察中 9 条，已确认 3 条，已移除 154 条
✅ TV今日清单：/Users/feijing/github.com/stock_scan/Stock_OneClick/tv_daily_signals/tv_today_2026-09-01.txt
✅ TV历史清单：/Users/feijing/github.com/stock_scan/Stock_OneClick/history/tv_today_20260901_144415.txt
✅ TV买入纯导入：/Users/feijing/github.com/stock_scan/Stock_OneClick/tv_buy_signals/tv_buy_today_2026-09-01.txt
✅ TV买入备注版：/Users/feijing/github.com/stock_scan/Stock_OneClick/tv_buy_signals/tv_buy_today_notes_2026-09-01.txt
STOCK_ONECLICK_NO_OPEN=1：跳过自动打开结果。
[2026-09-01 15:47:22 EDT]     scan ok
[2026-09-01 15:47:22 EDT] DONE slot=close for ET date 2026-09-01
[2026-09-01 15:52:22 EDT] skip: already ran slot=close for ET date 2026-09-01
[2026-09-01 15:57:23 EDT] skip: not near a target time (ET 1557)
[2026-09-01 16:02:24 EDT] skip: not near a target time (ET 1602)
[2026-09-01 16:07:36 EDT] skip: not near a target time (ET 1607)
[2026-09-01 16:12:48 EDT] skip: not near a target time (ET 1612)
[2026-09-01 16:17:49 EDT] skip: not near a target time (ET 1617)
[2026-09-01 16:22:49 EDT] skip: not near a target time (ET 1622)
[2026-09-01 16:27:50 EDT] skip: not near a target time (ET 1627)
[2026-09-01 16:32:50 EDT] skip: not near a target time (ET 1632)
[2026-09-01 16:37:50 EDT] skip: not near a target time (ET 1637)
[2026-09-01 16:42:50 EDT] skip: not near a target time (ET 1642)
[2026-09-01 16:47:50 EDT] skip: not near a target time (ET 1647)
[2026-09-01 16:52:50 EDT] skip: not near a target time (ET 1652)
[2026-09-01 16:57:50 EDT] skip: not near a target time (ET 1657)
[2026-09-01 17:02:50 EDT] skip: not near a target time (ET 1702)
[2026-09-01 17:07:50 EDT] skip: not near a target time (ET 1707)
[2026-09-01 17:13:00 EDT] skip: not near a target time (ET 1713)
[2026-09-01 17:18:12 EDT] skip: not near a target time (ET 1718)
[2026-09-01 17:23:20 EDT] skip: not near a target time (ET 1723)
[2026-09-01 17:28:20 EDT] skip: not near a target time (ET 1728)
[2026-09-01 17:33:20 EDT] skip: not near a target time (ET 1733)
[2026-09-01 17:38:20 EDT] skip: not near a target time (ET 1738)
[2026-09-01 17:43:21 EDT] skip: not near a target time (ET 1743)
[2026-09-01 17:48:21 EDT] skip: not near a target time (ET 1748)
[2026-09-01 17:53:21 EDT] skip: not near a target time (ET 1753)
[2026-09-01 17:58:21 EDT] skip: not near a target time (ET 1758)
[2026-09-01 18:03:21 EDT] skip: not near a target time (ET 1803)
[2026-09-01 18:08:21 EDT] skip: not near a target time (ET 1808)
[2026-09-01 18:13:21 EDT] skip: not near a target time (ET 1813)
[2026-09-01 18:18:28 EDT] skip: not near a target time (ET 1818)
[2026-09-01 18:23:29 EDT] skip: not near a target time (ET 1823)
[2026-09-01 18:28:29 EDT] skip: not near a target time (ET 1828)
[2026-09-01 18:33:30 EDT] skip: not near a target time (ET 1833)
[2026-09-01 18:39:02 EDT] skip: not near a target time (ET 1839)
[2026-09-01 18:46:00 EDT] skip: not near a target time (ET 1846)
[2026-09-01 18:53:46 EDT] skip: not near a target time (ET 1853)
[2026-09-01 18:59:25 EDT] skip: not near a target time (ET 1859)
[2026-09-01 19:04:25 EDT] skip: not near a target time (ET 1904)
[2026-09-01 19:09:25 EDT] skip: not near a target time (ET 1909)
[2026-09-01 19:14:25 EDT] skip: not near a target time (ET 1914)
[2026-09-01 19:19:25 EDT] skip: not near a target time (ET 1919)
[2026-09-01 19:24:25 EDT] skip: not near a target time (ET 1924)
[2026-09-01 19:29:25 EDT] skip: not near a target time (ET 1929)
[2026-09-01 19:34:26 EDT] skip: not near a target time (ET 1934)
[2026-09-01 19:39:26 EDT] skip: not near a target time (ET 1939)
[2026-09-01 19:44:26 EDT] skip: not near a target time (ET 1944)
[2026-09-01 19:49:26 EDT] skip: not near a target time (ET 1949)
[2026-09-01 19:54:26 EDT] skip: not near a target time (ET 1954)
[2026-09-01 22:42:43 EDT] skip: not near a target time (ET 2242)
[2026-09-02 09:24:10 EDT] skip: not near a target time (ET 924)
[2026-09-02 10:22:03 EDT] skip: not near a target time (ET 1022)
[2026-09-02 10:27:05 EDT] skip: not near a target time (ET 1027)
[2026-09-02 10:32:05 EDT] skip: not near a target time (ET 1032)
[2026-09-02 10:37:06 EDT] skip: not near a target time (ET 1037)
[2026-09-02 10:42:06 EDT] skip: not near a target time (ET 1042)
[2026-09-02 10:47:06 EDT] skip: not near a target time (ET 1047)
[2026-09-02 10:52:06 EDT] skip: not near a target time (ET 1052)
[2026-09-02 10:57:06 EDT] skip: not near a target time (ET 1057)
[2026-09-02 11:04:45 EDT] skip: not near a target time (ET 1104)
[2026-09-02 11:09:53 EDT] skip: not near a target time (ET 1109)
[2026-09-02 11:14:53 EDT] skip: not near a target time (ET 1114)
[2026-09-02 11:19:53 EDT] skip: not near a target time (ET 1119)
[2026-09-02 11:24:54 EDT] skip: not near a target time (ET 1124)
[2026-09-02 11:29:54 EDT] skip: not near a target time (ET 1129)
[2026-09-02 11:34:55 EDT] skip: not near a target time (ET 1134)
[2026-09-02 11:40:24 EDT] skip: not near a target time (ET 1140)
[2026-09-02 11:45:24 EDT] skip: not near a target time (ET 1145)
[2026-09-02 11:50:24 EDT] skip: not near a target time (ET 1150)
[2026-09-02 11:55:24 EDT] skip: not near a target time (ET 1155)
[2026-09-02 12:00:24 EDT] skip: not near a target time (ET 1200)
[2026-09-02 12:05:25 EDT] skip: not near a target time (ET 1205)
[2026-09-02 12:10:25 EDT] skip: not near a target time (ET 1210)
[2026-09-02 12:23:53 EDT] skip: not near a target time (ET 1223)
[2026-09-02 12:28:54 EDT] skip: not near a target time (ET 1228)
[2026-09-02 12:33:54 EDT] skip: not near a target time (ET 1233)
[2026-09-02 12:42:32 EDT] skip: not near a target time (ET 1242)
[2026-09-02 12:49:59 EDT] skip: not near a target time (ET 1249)
[2026-09-02 12:55:39 EDT] skip: not near a target time (ET 1255)
[2026-09-02 13:00:39 EDT] skip: not near a target time (ET 1300)
[2026-09-02 13:05:39 EDT] skip: not near a target time (ET 1305)
[2026-09-02 13:10:39 EDT] skip: not near a target time (ET 1310)
[2026-09-02 13:15:40 EDT] skip: not near a target time (ET 1315)
[2026-09-02 13:20:40 EDT] skip: not near a target time (ET 1320)
[2026-09-02 13:25:41 EDT] skip: not near a target time (ET 1325)
[2026-09-02 13:30:41 EDT] skip: not near a target time (ET 1330)
[2026-09-02 13:35:42 EDT] skip: not near a target time (ET 1335)
[2026-09-02 13:40:45 EDT] skip: not near a target time (ET 1340)
[2026-09-02 13:45:49 EDT] skip: not near a target time (ET 1345)
[2026-09-02 13:50:49 EDT] skip: not near a target time (ET 1350)
[2026-09-02 13:55:49 EDT] skip: not near a target time (ET 1355)
[2026-09-02 14:00:49 EDT] skip: not near a target time (ET 1400)
[2026-09-02 14:05:49 EDT] skip: not near a target time (ET 1405)
[2026-09-02 14:10:49 EDT] skip: not near a target time (ET 1410)
[2026-09-02 14:15:50 EDT] skip: not near a target time (ET 1415)
[2026-09-02 14:20:50 EDT] skip: not near a target time (ET 1420)
[2026-09-02 14:25:50 EDT] skip: not near a target time (ET 1425)
[2026-09-02 14:30:50 EDT] skip: not near a target time (ET 1430)
[2026-09-02 14:35:50 EDT] skip: not near a target time (ET 1435)
[2026-09-02 14:40:51 EDT] skip: not near a target time (ET 1440)
[2026-09-02 14:45:51 EDT] skip: not near a target time (ET 1445)
[2026-09-02 14:50:51 EDT] skip: not near a target time (ET 1450)
[2026-09-02 14:56:20 EDT] skip: not near a target time (ET 1456)
[2026-09-02 15:02:06 EDT] skip: not near a target time (ET 1502)
[2026-09-02 15:07:06 EDT] skip: not near a target time (ET 1507)
[2026-09-02 15:12:06 EDT] skip: not near a target time (ET 1512)
[2026-09-02 15:17:06 EDT] skip: not near a target time (ET 1517)
[2026-09-02 15:22:06 EDT] skip: not near a target time (ET 1522)
[2026-09-02 15:28:01 EDT] skip: not near a target time (ET 1528)
[2026-09-02 15:33:01 EDT] skip: not near a target time (ET 1533)
[2026-09-02 15:38:01 EDT] skip: not near a target time (ET 1538)
[2026-09-02 15:43:01 EDT] skip: not near a target time (ET 1543)
[2026-09-02 15:48:02 EDT] skip: VPN not connected (scutil --nc list has no '(Connected)' entry)
[2026-09-02 15:53:02 EDT] skip: VPN not connected (scutil --nc list has no '(Connected)' entry)
[2026-09-02 15:58:02 EDT] skip: not near a target time (ET 1558)
[2026-09-02 16:03:51 EDT] skip: not near a target time (ET 1603)
[2026-09-02 16:08:51 EDT] skip: not near a target time (ET 1608)
[2026-09-02 16:13:51 EDT] skip: not near a target time (ET 1613)
[2026-09-02 16:18:51 EDT] skip: not near a target time (ET 1618)
[2026-09-02 16:23:51 EDT] skip: not near a target time (ET 1623)
[2026-09-02 16:28:52 EDT] skip: not near a target time (ET 1628)
[2026-09-02 16:33:53 EDT] skip: not near a target time (ET 1633)
[2026-09-02 16:38:53 EDT] skip: not near a target time (ET 1638)
[2026-09-02 16:43:53 EDT] skip: not near a target time (ET 1643)
[2026-09-02 16:48:53 EDT] skip: not near a target time (ET 1648)
[2026-09-02 16:53:55 EDT] skip: not near a target time (ET 1653)
[2026-09-02 16:59:00 EDT] skip: not near a target time (ET 1659)
[2026-09-02 17:04:00 EDT] skip: not near a target time (ET 1704)
[2026-09-02 17:09:00 EDT] skip: not near a target time (ET 1709)
[2026-09-02 17:14:01 EDT] skip: not near a target time (ET 1714)
[2026-09-02 17:19:01 EDT] skip: not near a target time (ET 1719)
[2026-09-02 17:24:01 EDT] skip: not near a target time (ET 1724)
[2026-09-02 17:29:02 EDT] skip: not near a target time (ET 1729)
[2026-09-02 17:34:07 EDT] skip: not near a target time (ET 1734)
[2026-09-02 17:39:13 EDT] skip: not near a target time (ET 1739)
[2026-09-02 17:44:14 EDT] skip: not near a target time (ET 1744)
[2026-09-02 17:49:14 EDT] skip: not near a target time (ET 1749)
[2026-09-02 17:54:15 EDT] skip: not near a target time (ET 1754)
[2026-09-02 17:59:15 EDT] skip: not near a target time (ET 1759)
[2026-09-02 18:04:15 EDT] skip: not near a target time (ET 1804)
[2026-09-02 18:09:15 EDT] skip: not near a target time (ET 1809)
[2026-09-02 18:14:15 EDT] skip: not near a target time (ET 1814)
[2026-09-02 18:19:15 EDT] skip: not near a target time (ET 1819)
[2026-09-02 18:24:15 EDT] skip: not near a target time (ET 1824)
[2026-09-02 18:29:16 EDT] skip: not near a target time (ET 1829)
[2026-09-02 18:34:16 EDT] skip: not near a target time (ET 1834)
[2026-09-02 18:39:16 EDT] skip: not near a target time (ET 1839)
[2026-09-02 18:44:16 EDT] skip: not near a target time (ET 1844)
[2026-09-02 18:49:16 EDT] skip: not near a target time (ET 1849)
[2026-09-02 18:54:16 EDT] skip: not near a target time (ET 1854)
[2026-09-02 18:59:40 EDT] skip: not near a target time (ET 1859)
[2026-09-02 21:33:31 EDT] skip: not near a target time (ET 2133)
[2026-09-03 02:50:27 EDT] skip: not near a target time (ET 250)
[2026-09-03 06:41:07 EDT] skip: not near a target time (ET 641)
[2026-09-03 09:56:00 EDT] START scheduled scan (weekday 4, ET 956, slot=open)
阶段 1/3：更新股票元数据...
元数据更新：共 1084 只，需联网 0 只（跳过已缓存 1084 只）
阶段 2/3：写回输入与分类表...
✅ TV固定A池：/Users/feijing/github.com/stock_scan/Stock_OneClick/exports/tv_A_pool.txt
✅ TV固定A池快照：/Users/feijing/github.com/stock_scan/Stock_OneClick/history/tv_A_pool_20260903_085608.txt
✅ TV中文分类目录：/Users/feijing/github.com/stock_scan/Stock_OneClick/exports/tv_custom（17个分类）
✅ TV中文分类历史：/Users/feijing/github.com/stock_scan/Stock_OneClick/history/tv_custom_20260903_085608
✅ TV中文合并清单：/Users/feijing/github.com/stock_scan/Stock_OneClick/exports/tv_watchlists_merged_cn.txt
✅ TV中文合并历史：/Users/feijing/github.com/stock_scan/Stock_OneClick/history/tv_watchlists_merged_cn_20260903_085608.txt
阶段 3/4：执行扫描...
跳过不扫描分组：00 大环境, 01 市场环境（22 只）
✅ 全量扫描池：/Users/feijing/github.com/stock_scan/Stock_OneClick/exports/full_scan_pool.txt
✅ 全量扫描池快照：/Users/feijing/github.com/stock_scan/Stock_OneClick/history/full_scan_pool_20260903_085608.txt
✅ TV分类清单目录：/Users/feijing/github.com/stock_scan/Stock_OneClick/exports/tv_groups（24个分类）
✅ TV分类清单索引：/Users/feijing/github.com/stock_scan/Stock_OneClick/exports/tv_groups/_index.txt
✅ TV分类清单历史：/Users/feijing/github.com/stock_scan/Stock_OneClick/history/tv_groups_20260903_085608
并行预取行情：163 只 ×（日线+4H），并发 8 …
  预取进度 25/163
$AAOI: possibly delisted; no price data found  (period=1y)
$HPE: possibly delisted; no price data found  (period=1y)
$CDNS: possibly delisted; no price data found  (period=90d)
$AXTI: possibly delisted; no price data found  (period=1y)
$IBM: possibly delisted; no price data found  (period=1y)
$POET: possibly delisted; no price data found  (period=90d)
$CRDO: possibly delisted; no price data found  (period=1y)
$HPE: possibly delisted; no price data found  (period=90d)
$CLS: possibly delisted; no price data found  (period=1y)
$AAOI: possibly delisted; no price data found  (period=90d)
$AXTI: possibly delisted; no price data found  (period=90d)
$XLU: possibly delisted; no price data found  (period=1y)
$CRDO: possibly delisted; no price data found  (period=90d)
$IBM: possibly delisted; no price data found  (period=90d)
$TLN: possibly delisted; no price data found  (period=1y)
  预取进度 50/163
$RUN: possibly delisted; no price data found  (period=90d)
$ETN: possibly delisted; no price data found  (period=1y)
$NVTS: possibly delisted; no price data found  (period=1y)
$AES: possibly delisted; no price data found  (period=1y)
$NLR: possibly delisted; no price data found  (period=1y)
$CLS: possibly delisted; no price data found  (period=90d)
$GEV: possibly delisted; no price data found  (period=1y)
$XLU: possibly delisted; no price data found  (period=90d)
  预取进度 75/163
$IGV: possibly delisted; no price data found  (period=1y)
  预取进度 100/163
  预取进度 125/163
  预取进度 150/163
$IGV: possibly delisted; no price data found  (period=90d)
  预取进度 163/163
本次扫描标的数：163
[1/163 | 1%] 扫描 MAGS (Roundhill Magnificent Seven ETF)
[2/163 | 1%] 扫描 NVDA (NVIDIA Corporation)
[3/163 | 2%] 扫描 MSFT (Microsoft Corporation)
[4/163 | 2%] 扫描 AMZN (Amazon.com, Inc.)
[5/163 | 3%] 扫描 META (Meta Platforms, Inc.)
[6/163 | 4%] 扫描 GOOGL (Alphabet Inc.)
[7/163 | 4%] 扫描 TSLA (Tesla, Inc.)
[8/163 | 5%] 扫描 AAPL (Apple Inc.)
[9/163 | 6%] 扫描 SMH (VanEck Semiconductor ETF)
[10/163 | 6%] 扫描 AMD (Advanced Micro Devices, Inc.)
[11/163 | 7%] 扫描 AVGO (Broadcom Inc.)
[12/163 | 7%] 扫描 INTC (Intel Corporation)
[13/163 | 8%] 扫描 MRVL (Marvell Technology, Inc.)
[14/163 | 9%] 扫描 CBRS (Cerebras Systems Inc.)
[CBRS] 日线数据太短/获取失败，跳过
[15/163 | 9%] 扫描 DRAM (Roundhill Memory ETF)
[DRAM] 日线数据太短/获取失败，跳过
[16/163 | 10%] 扫描 MU (Micron Technology, Inc.)
[17/163 | 10%] 扫描 SNDK (Sandisk Corporation)
[18/163 | 11%] 扫描 WDC (Western Digital Corporation)
[19/163 | 12%] 扫描 ASML (ASML Holding N.V. - New York Re)
[20/163 | 12%] 扫描 AMAT (Applied Materials, Inc.)
[21/163 | 13%] 扫描 KLAC (KLA Corporation)
[22/163 | 13%] 扫描 LRCX (Lam Research Corporation)
[23/163 | 14%] 扫描 SNPS (Synopsys, Inc.)
[24/163 | 15%] 扫描 CDNS (Cadence Design Systems, Inc.)
[25/163 | 15%] 扫描 FOTO (Tuttle Capital Pure Play Photon)
[FOTO] 日线数据太短/获取失败，跳过
[26/163 | 16%] 扫描 ANET (Arista Networks, Inc.)
[27/163 | 17%] 扫描 LITE (Lumentum Holdings Inc.)
[28/163 | 17%] 扫描 COHR (Coherent Corp.)
[29/163 | 18%] 扫描 GLW (Corning Incorporated)
[30/163 | 18%] 扫描 CRDO (Credo Technology Group Holding )
[CRDO] 日线数据太短/获取失败，跳过
[31/163 | 19%] 扫描 TSEM (Tower Semiconductor Ltd.)
[32/163 | 20%] 扫描 AAOI (Applied Optoelectronics, Inc.)
[AAOI] 日线数据太短/获取失败，跳过
[33/163 | 20%] 扫描 AXTI (AXT Inc)
[AXTI] 日线数据太短/获取失败，跳过
[34/163 | 21%] 扫描 LWLG (Lightwave Logic, Inc.)
[35/163 | 21%] 扫描 POET (POET Technologies Inc.)
[36/163 | 22%] 扫描 VRT (Vertiv Holdings, LLC)
[37/163 | 23%] 扫描 SMCI (Super Micro Computer, Inc.)
[38/163 | 23%] 扫描 DELL (Dell Technologies Inc.)
[39/163 | 24%] 扫描 HPE (Hewlett Packard Enterprise Comp)
[HPE] 日线数据太短/获取失败，跳过
[40/163 | 25%] 扫描 IBM (International Business Machines)
[IBM] 日线数据太短/获取失败，跳过
[41/163 | 25%] 扫描 CLS (Celestica, Inc.)
[CLS] 日线数据太短/获取失败，跳过
[42/163 | 26%] 扫描 XLU (State Street Utilities Select S)
[XLU] 日线数据太短/获取失败，跳过
[43/163 | 26%] 扫描 VST (Vistra Corp.)
[44/163 | 27%] 扫描 NRG (NRG Energy, Inc.)
[45/163 | 28%] 扫描 TLN (Talen Energy Corporation)
[TLN] 日线数据太短/获取失败，跳过
[46/163 | 28%] 扫描 AES (The AES Corporation)
[AES] 日线数据太短/获取失败，跳过
[47/163 | 29%] 扫描 GEV (GE Vernova Inc.)
[GEV] 日线数据太短/获取失败，跳过
[48/163 | 29%] 扫描 ETN (Eaton Corporation, PLC)
[ETN] 日线数据太短/获取失败，跳过
[49/163 | 30%] 扫描 NVTS (Navitas Semiconductor Corporati)
[NVTS] 日线数据太短/获取失败，跳过
[50/163 | 31%] 扫描 NLR (VanEck Uranium and Nuclear ETF)
[NLR] 日线数据太短/获取失败，跳过
[51/163 | 31%] 扫描 CEG (Constellation Energy Corporatio)
[52/163 | 32%] 扫描 SMR (NuScale Power Corporation)
[53/163 | 33%] 扫描 OKLO (Oklo Inc.)
[54/163 | 33%] 扫描 LEU (Centrus Energy Corp.)
[55/163 | 34%] 扫描 CCJ (Cameco Corporation)
[56/163 | 34%] 扫描 BWXT (BWX Technologies, Inc.)
[57/163 | 35%] 扫描 UEC (Uranium Energy Corp.)
[58/163 | 36%] 扫描 UUUU (Energy Fuels Inc)
[59/163 | 36%] 扫描 NNE (Nano Nuclear Energy Inc.)
[60/163 | 37%] 扫描 BE (Bloom Energy Corporation)
[61/163 | 37%] 扫描 FLNC (Fluence Energy, Inc.)
[62/163 | 38%] 扫描 EOSE (Eos Energy Enterprises, Inc.)
[63/163 | 39%] 扫描 TAN (Invesco Solar ETF)
[64/163 | 39%] 扫描 FSLR (First Solar, Inc.)
[65/163 | 40%] 扫描 NXT (Nextpower Inc.)
[66/163 | 40%] 扫描 ENPH (Enphase Energy, Inc.)
[67/163 | 41%] 扫描 RUN (Sunrun Inc.)
[68/163 | 42%] 扫描 IGV (iShares Expanded Tech-Software )
[IGV] 日线数据太短/获取失败，跳过
[69/163 | 42%] 扫描 PLTR (Palantir Technologies Inc.)
[70/163 | 43%] 扫描 ADBE (Adobe Inc.)
[71/163 | 44%] 扫描 CRM (Salesforce, Inc.)
[72/163 | 44%] 扫描 SNOW (Snowflake Inc.)
[73/163 | 45%] 扫描 DDOG (Datadog, Inc.)
[74/163 | 45%] 扫描 MDB (MongoDB, Inc.)
[75/163 | 46%] 扫描 TEAM (Atlassian Corporation)
[76/163 | 47%] 扫描 NOW (ServiceNow, Inc.)
[77/163 | 47%] 扫描 CIBR (First Trust NASDAQ Cybersecurit)
[78/163 | 48%] 扫描 CRWD (CrowdStrike Holdings, Inc.)
[79/163 | 48%] 扫描 FTNT (Fortinet, Inc.)
[80/163 | 49%] 扫描 ZS (Zscaler, Inc.)
[81/163 | 50%] 扫描 PANW (Palo Alto Networks, Inc.)
[82/163 | 50%] 扫描 OKTA (Okta, Inc.)
[83/163 | 51%] 扫描 XLB (State Street Materials Select S)
[84/163 | 52%] 扫描 PAVE (Global X U.S. Infrastructure De)
[85/163 | 52%] 扫描 FCX (Freeport-McMoRan, Inc.)
[86/163 | 53%] 扫描 LIN (Linde plc)
[87/163 | 53%] 扫描 APD (Air Products and Chemicals, Inc)
[88/163 | 54%] 扫描 NUE (Nucor Corporation)
[89/163 | 55%] 扫描 RIO (Rio Tinto Plc)
[90/163 | 55%] 扫描 BHP (BHP Group Limited)
[91/163 | 56%] 扫描 XLE (State Street Energy Select Sect)
[92/163 | 56%] 扫描 CVX (Chevron Corporation)
[93/163 | 57%] 扫描 COP (ConocoPhillips)
[94/163 | 58%] 扫描 EOG (EOG Resources, Inc.)
[95/163 | 58%] 扫描 HAL (Halliburton Company)
[96/163 | 59%] 扫描 SLB (SLB Limited)
[97/163 | 60%] 扫描 OXY (Occidental Petroleum Corporatio)
[98/163 | 60%] 扫描 NEE (NextEra Energy, Inc.)
[99/163 | 61%] 扫描 SO (Southern Company (The))
[100/163 | 61%] 扫描 DUK (Duke Energy Corporation (Holdin)
[101/163 | 62%] 扫描 D (Dominion Energy, Inc.)
[102/163 | 63%] 扫描 XLF (State Street Financial Select S)
[103/163 | 63%] 扫描 HOOD (Robinhood Markets, Inc.)
[104/163 | 64%] 扫描 SOFI (SoFi Technologies, Inc.)
[105/163 | 64%] 扫描 COIN (Coinbase Global, Inc.)
[106/163 | 65%] 扫描 AON (Aon plc)
[107/163 | 66%] 扫描 UFO (Procure Space ETF)
[108/163 | 66%] 扫描 PL (Planet Labs PBC)
[109/163 | 67%] 扫描 RKLB (Rocket Lab Corporation)
[110/163 | 67%] 扫描 VSAT (ViaSat, Inc.)
[111/163 | 68%] 扫描 IRDM (Iridium Communications Inc)
[112/163 | 69%] 扫描 SIRI (SiriusXM Holdings Inc.)
[113/163 | 69%] 扫描 GSAT (Globalstar, Inc.)
[114/163 | 70%] 扫描 LUNR (Intuitive Machines, Inc.)
[115/163 | 71%] 扫描 ASTS (AST SpaceMobile, Inc.)
[116/163 | 71%] 扫描 MOO (VanEck Agribusiness ETF)
[117/163 | 72%] 扫描 CF (CF Industries Holdings, Inc.)
[118/163 | 72%] 扫描 MOS (Mosaic Company (The))
[119/163 | 73%] 扫描 NTR (Nutrien Ltd.)
[120/163 | 74%] 扫描 TSM (Taiwan Semiconductor Manufactur)
[121/163 | 74%] 扫描 AMKR (Amkor Technology, Inc.)
[122/163 | 75%] 扫描 CAMT (Camtek Ltd.)
[123/163 | 75%] 扫描 ONTO (Onto Innovation Inc.)
[124/163 | 76%] 扫描 TER (Teradyne, Inc.)
[125/163 | 77%] 扫描 COHU (Cohu, Inc.)
[126/163 | 77%] 扫描 ENTG (Entegris, Inc.)
[127/163 | 78%] 扫描 DD (DuPont de Nemours, Inc.)
[128/163 | 79%] 扫描 AEHR (Aehr Test Systems)
[129/163 | 79%] 扫描 IHF (iShares U.S. Health Care Provid)
[130/163 | 80%] 扫描 UNH (UnitedHealth Group Incorporated)
[131/163 | 80%] 扫描 DTCR (Global X Data Center & Digital )
[132/163 | 81%] 扫描 CRWV (CoreWeave, Inc.)
[133/163 | 82%] 扫描 NBIS (Nebius Group N.V.)
[134/163 | 82%] 扫描 IREN (IREN LIMITED)
[135/163 | 83%] 扫描 APLD (Applied Digital Corporation)
[136/163 | 83%] 扫描 ORCL (Oracle Corporation)
[137/163 | 84%] 扫描 MEME (Roundhill Meme Stock ETF)
[138/163 | 85%] 扫描 HIMS (Hims & Hers Health, Inc.)
[139/163 | 85%] 扫描 SOLS (Solstice Advanced Materials Inc)
[140/163 | 86%] 扫描 CPNG (Coupang, Inc.)
[141/163 | 87%] 扫描 XYZ (Block Inc. Class A Common Stock)
[142/163 | 87%] 扫描 MSTR (Strategy Inc Common Stock Class A)
[143/163 | 88%] 扫描 CRCL (Circle Internet Group Inc. Class A Common Stock)
[144/163 | 88%] 扫描 HUT (Hut 8 Corp. Common Stock)
[145/163 | 89%] 扫描 WULF (TeraWulf Inc. Common Stock)
[146/163 | 90%] 扫描 GLXY (Galaxy Digital Inc. Class A Common Stock)
[147/163 | 90%] 扫描 GBTC (Grayscale Bitcoin Trust ETF)
[148/163 | 91%] 扫描 IBIT (iShares Bitcoin Trust ETF)
[149/163 | 91%] 扫描 FBTC (Fidelity Wise Origin Bitcoin Fund)
[150/163 | 92%] 扫描 ARKB (ARK 21Shares Bitcoin ETF)
[151/163 | 93%] 扫描 BITB (Bitwise Bitcoin ETF)
[152/163 | 93%] 扫描 BRRR (CoinShares Bitcoin ETF)
[153/163 | 94%] 扫描 HODL (VanEck Bitcoin ETF)
[154/163 | 94%] 扫描 EZBC (Franklin Bitcoin ETF)
[155/163 | 95%] 扫描 BTCO (Invesco Galaxy Bitcoin ETF)
[156/163 | 96%] 扫描 BITO (ProShares Bitcoin ETF)
[157/163 | 96%] 扫描 BITX (2x Bitcoin Strategy ETF)
[158/163 | 97%] 扫描 MARA (MARA Holdings, Inc.)
[159/163 | 98%] 扫描 RIOT (Riot Platforms, Inc.)
[160/163 | 98%] 扫描 CLSK (CleanSpark, Inc.)
[161/163 | 99%] 扫描 CORZ (Core Scientific, Inc.)
[162/163 | 99%] 扫描 CIFR (Cipher Digital Inc.)
[163/163 | 100%] 扫描 BTBT (Bit Digital, Inc.)
⚠️ 盘中运行：2026-09-03 这根日线尚未收盘。close/volume/量比20日 都只是当前最新值，量比会因为只走了部分交易时段而系统性偏低。这些行会标记 bar_partial=True，生命周期买入价优先取收盘后那一版——收盘后再跑一次即可固化。
本次补回信号日期： 2026-09-02, 2026-09-03
✅ 低位启动器：第一观察点 3 条，二进宫买入点 1 条
阶段 4/4：生成信号后表现追踪sheet...
✅ 市场环境：风险升高 | QQQ 跌破MA20；IWM 跌破MA20；RSP跌破MA20；RSP弱于SPX，市场宽度变差；HYG跌破MA20
✅ COMBO波段regime (#24, 长线200日趋势; 与短线信号不同):
   SPY: 收772.42 / 200日711.63(上,确认True) | 距52周高-0.7% | 30日波动12% | 强势/纯牛市(持有为主,MR待命) → HOLD 持有(满仓指数)
   QQQ: 收717.07 / 200日657.13(上,确认True) | 距52周高-3.9% | 30日波动20% | 强势/纯牛市(持有为主,MR待命) → HOLD 持有(满仓指数)
✅ BTC长线读数 (集成SMA投票, 默认买入持有; 详见btc_system.py):
   BTC-USD: 收80,732 | 集成SMA投票100%看多 | 状态 LONG | 距历史高点-35.3% | 距52周高-35.3% | 默认长期持有(买入持有)；本读数为风险仪表盘，非交易信号 — 短线资本利得税拖累研究见btc_system.py
✅ 历史结果已保存：/Users/feijing/github.com/stock_scan/Stock_OneClick/history/scan_result_20260903_085608.xlsx
✅ 最新结果已更新：/Users/feijing/github.com/stock_scan/Stock_OneClick/scan_result_latest.xlsx
✅ 信号Dashboard：/Users/feijing/github.com/stock_scan/Stock_OneClick/exports/xl_signal_dashboard_latest.html
✅ 信号Dashboard历史：/Users/feijing/github.com/stock_scan/Stock_OneClick/history/xl_signal_dashboard_20260903_085608.html
✅ 买入追踪sheet数量：15（每批次最多追踪 14 个交易日）
✅ 卖出追踪批次数：14（每批次最多追踪 14 个交易日）
✅ 买入观察列表：111 条
✅ 买入历史记录：664 条
✅ 卖出观察列表：3 条
✅ 卖出历史记录：383 条
✅ 第一观察点跟踪：观察中 9 条，已确认 5 条，已移除 155 条
✅ 已归档满14日批次：2 个
   - /Users/feijing/github.com/stock_scan/Stock_OneClick/history/completed_14d/20260812共计20天数据.xlsx
   - /Users/feijing/github.com/stock_scan/Stock_OneClick/history/completed_14d/20260813共计20天数据.xlsx
✅ TV今日清单：/Users/feijing/github.com/stock_scan/Stock_OneClick/tv_daily_signals/tv_today_2026-09-03.txt
✅ TV历史清单：/Users/feijing/github.com/stock_scan/Stock_OneClick/history/tv_today_20260903_085608.txt
✅ TV买入纯导入：/Users/feijing/github.com/stock_scan/Stock_OneClick/tv_buy_signals/tv_buy_today_2026-09-03.txt
✅ TV买入备注版：/Users/feijing/github.com/stock_scan/Stock_OneClick/tv_buy_signals/tv_buy_today_notes_2026-09-03.txt
STOCK_ONECLICK_NO_OPEN=1：跳过自动打开结果。
[2026-09-03 11:28:42 EDT]     scan ok
[2026-09-03 11:28:42 EDT] DONE slot=open for ET date 2026-09-03
[2026-09-03 11:33:43 EDT] skip: not near a target time (ET 1133)
[2026-09-03 11:38:43 EDT] skip: not near a target time (ET 1138)
[2026-09-03 11:43:43 EDT] skip: not near a target time (ET 1143)
[2026-09-03 11:48:43 EDT] skip: not near a target time (ET 1148)
[2026-09-03 11:53:44 EDT] skip: not near a target time (ET 1153)
[2026-09-03 11:58:44 EDT] skip: not near a target time (ET 1158)
[2026-09-03 12:03:44 EDT] skip: not near a target time (ET 1203)
[2026-09-03 12:08:44 EDT] skip: not near a target time (ET 1208)
[2026-09-03 12:17:07 EDT] skip: not near a target time (ET 1217)
[2026-09-03 12:22:07 EDT] skip: not near a target time (ET 1222)
[2026-09-03 12:27:07 EDT] skip: not near a target time (ET 1227)
[2026-09-03 12:32:07 EDT] skip: not near a target time (ET 1232)
[2026-09-03 12:58:21 EDT] skip: not near a target time (ET 1258)
[2026-09-03 13:03:53 EDT] skip: not near a target time (ET 1303)
[2026-09-03 13:08:53 EDT] skip: not near a target time (ET 1308)
[2026-09-03 13:15:44 EDT] skip: not near a target time (ET 1315)
[2026-09-03 13:22:31 EDT] skip: not near a target time (ET 1322)
[2026-09-03 13:29:46 EDT] skip: not near a target time (ET 1329)
[2026-09-03 13:34:46 EDT] skip: not near a target time (ET 1334)
[2026-09-03 13:39:47 EDT] skip: not near a target time (ET 1339)
[2026-09-03 13:44:47 EDT] skip: not near a target time (ET 1344)
[2026-09-03 13:49:48 EDT] skip: not near a target time (ET 1349)
[2026-09-03 13:54:48 EDT] skip: not near a target time (ET 1354)
[2026-09-03 13:59:48 EDT] skip: not near a target time (ET 1359)
[2026-09-03 14:04:49 EDT] skip: not near a target time (ET 1404)
[2026-09-03 14:09:49 EDT] skip: not near a target time (ET 1409)
[2026-09-03 14:14:49 EDT] skip: not near a target time (ET 1414)
[2026-09-03 14:19:49 EDT] skip: not near a target time (ET 1419)
[2026-09-03 14:24:49 EDT] skip: not near a target time (ET 1424)
[2026-09-03 14:29:49 EDT] skip: not near a target time (ET 1429)
[2026-09-03 14:34:49 EDT] skip: not near a target time (ET 1434)
[2026-09-03 14:39:49 EDT] skip: not near a target time (ET 1439)
[2026-09-03 14:44:49 EDT] skip: not near a target time (ET 1444)
[2026-09-03 14:49:49 EDT] skip: not near a target time (ET 1449)
[2026-09-03 14:55:03 EDT] skip: not near a target time (ET 1455)
[2026-09-03 15:00:26 EDT] skip: not near a target time (ET 1500)
[2026-09-03 15:05:43 EDT] skip: not near a target time (ET 1505)
[2026-09-03 15:10:46 EDT] skip: not near a target time (ET 1510)
[2026-09-03 15:15:46 EDT] skip: not near a target time (ET 1515)
[2026-09-03 15:20:47 EDT] skip: not near a target time (ET 1520)
[2026-09-03 15:25:47 EDT] skip: not near a target time (ET 1525)
[2026-09-03 15:30:47 EDT] skip: not near a target time (ET 1530)
[2026-09-03 15:35:47 EDT] skip: not near a target time (ET 1535)
[2026-09-03 15:40:48 EDT] skip: not near a target time (ET 1540)
[2026-09-03 15:45:48 EDT] START scheduled scan (weekday 4, ET 1545, slot=close)
阶段 1/3：更新股票元数据...
元数据更新：共 1084 只，需联网 0 只（跳过已缓存 1084 只）
阶段 2/3：写回输入与分类表...
✅ TV固定A池：/Users/feijing/github.com/stock_scan/Stock_OneClick/exports/tv_A_pool.txt
✅ TV固定A池快照：/Users/feijing/github.com/stock_scan/Stock_OneClick/history/tv_A_pool_20260903_144554.txt
✅ TV中文分类目录：/Users/feijing/github.com/stock_scan/Stock_OneClick/exports/tv_custom（17个分类）
✅ TV中文分类历史：/Users/feijing/github.com/stock_scan/Stock_OneClick/history/tv_custom_20260903_144554
✅ TV中文合并清单：/Users/feijing/github.com/stock_scan/Stock_OneClick/exports/tv_watchlists_merged_cn.txt
✅ TV中文合并历史：/Users/feijing/github.com/stock_scan/Stock_OneClick/history/tv_watchlists_merged_cn_20260903_144554.txt
阶段 3/4：执行扫描...
跳过不扫描分组：00 大环境, 01 市场环境（22 只）
✅ 全量扫描池：/Users/feijing/github.com/stock_scan/Stock_OneClick/exports/full_scan_pool.txt
✅ 全量扫描池快照：/Users/feijing/github.com/stock_scan/Stock_OneClick/history/full_scan_pool_20260903_144554.txt
✅ TV分类清单目录：/Users/feijing/github.com/stock_scan/Stock_OneClick/exports/tv_groups（24个分类）
✅ TV分类清单索引：/Users/feijing/github.com/stock_scan/Stock_OneClick/exports/tv_groups/_index.txt
✅ TV分类清单历史：/Users/feijing/github.com/stock_scan/Stock_OneClick/history/tv_groups_20260903_144554
并行预取行情：163 只 ×（日线+4H），并发 8 …
  预取进度 25/163
  预取进度 50/163
  预取进度 75/163
  预取进度 100/163
  预取进度 125/163
  预取进度 150/163
  预取进度 163/163
本次扫描标的数：163
[1/163 | 1%] 扫描 MAGS (Roundhill Magnificent Seven ETF)
[2/163 | 1%] 扫描 NVDA (NVIDIA Corporation)
[3/163 | 2%] 扫描 MSFT (Microsoft Corporation)
[4/163 | 2%] 扫描 AMZN (Amazon.com, Inc.)
[5/163 | 3%] 扫描 META (Meta Platforms, Inc.)
[6/163 | 4%] 扫描 GOOGL (Alphabet Inc.)
[7/163 | 4%] 扫描 TSLA (Tesla, Inc.)
[8/163 | 5%] 扫描 AAPL (Apple Inc.)
[9/163 | 6%] 扫描 SMH (VanEck Semiconductor ETF)
[10/163 | 6%] 扫描 AMD (Advanced Micro Devices, Inc.)
[11/163 | 7%] 扫描 AVGO (Broadcom Inc.)
[12/163 | 7%] 扫描 INTC (Intel Corporation)
[13/163 | 8%] 扫描 MRVL (Marvell Technology, Inc.)
[14/163 | 9%] 扫描 CBRS (Cerebras Systems Inc.)
[CBRS] 日线数据太短/获取失败，跳过
[15/163 | 9%] 扫描 DRAM (Roundhill Memory ETF)
[DRAM] 日线数据太短/获取失败，跳过
[16/163 | 10%] 扫描 MU (Micron Technology, Inc.)
[17/163 | 10%] 扫描 SNDK (Sandisk Corporation)
[18/163 | 11%] 扫描 WDC (Western Digital Corporation)
[19/163 | 12%] 扫描 ASML (ASML Holding N.V. - New York Re)
[20/163 | 12%] 扫描 AMAT (Applied Materials, Inc.)
[21/163 | 13%] 扫描 KLAC (KLA Corporation)
[22/163 | 13%] 扫描 LRCX (Lam Research Corporation)
[23/163 | 14%] 扫描 SNPS (Synopsys, Inc.)
[24/163 | 15%] 扫描 CDNS (Cadence Design Systems, Inc.)
[25/163 | 15%] 扫描 FOTO (Tuttle Capital Pure Play Photon)
[FOTO] 日线数据太短/获取失败，跳过
[26/163 | 16%] 扫描 ANET (Arista Networks, Inc.)
[27/163 | 17%] 扫描 LITE (Lumentum Holdings Inc.)
[28/163 | 17%] 扫描 COHR (Coherent Corp.)
[29/163 | 18%] 扫描 GLW (Corning Incorporated)
[30/163 | 18%] 扫描 CRDO (Credo Technology Group Holding )
[31/163 | 19%] 扫描 TSEM (Tower Semiconductor Ltd.)
[32/163 | 20%] 扫描 AAOI (Applied Optoelectronics, Inc.)
[33/163 | 20%] 扫描 AXTI (AXT Inc)
[34/163 | 21%] 扫描 LWLG (Lightwave Logic, Inc.)
[35/163 | 21%] 扫描 POET (POET Technologies Inc.)
[36/163 | 22%] 扫描 VRT (Vertiv Holdings, LLC)
[37/163 | 23%] 扫描 SMCI (Super Micro Computer, Inc.)
[38/163 | 23%] 扫描 DELL (Dell Technologies Inc.)
[39/163 | 24%] 扫描 HPE (Hewlett Packard Enterprise Comp)
[40/163 | 25%] 扫描 IBM (International Business Machines)
[41/163 | 25%] 扫描 CLS (Celestica, Inc.)
[42/163 | 26%] 扫描 XLU (State Street Utilities Select S)
[43/163 | 26%] 扫描 VST (Vistra Corp.)
[44/163 | 27%] 扫描 NRG (NRG Energy, Inc.)
[45/163 | 28%] 扫描 TLN (Talen Energy Corporation)
[46/163 | 28%] 扫描 AES (The AES Corporation)
[47/163 | 29%] 扫描 GEV (GE Vernova Inc.)
[48/163 | 29%] 扫描 ETN (Eaton Corporation, PLC)
[49/163 | 30%] 扫描 NVTS (Navitas Semiconductor Corporati)
[50/163 | 31%] 扫描 NLR (VanEck Uranium and Nuclear ETF)
[51/163 | 31%] 扫描 CEG (Constellation Energy Corporatio)
[52/163 | 32%] 扫描 SMR (NuScale Power Corporation)
[53/163 | 33%] 扫描 OKLO (Oklo Inc.)
[54/163 | 33%] 扫描 LEU (Centrus Energy Corp.)
[55/163 | 34%] 扫描 CCJ (Cameco Corporation)
[56/163 | 34%] 扫描 BWXT (BWX Technologies, Inc.)
[57/163 | 35%] 扫描 UEC (Uranium Energy Corp.)
[58/163 | 36%] 扫描 UUUU (Energy Fuels Inc)
[59/163 | 36%] 扫描 NNE (Nano Nuclear Energy Inc.)
[60/163 | 37%] 扫描 BE (Bloom Energy Corporation)
[61/163 | 37%] 扫描 FLNC (Fluence Energy, Inc.)
[62/163 | 38%] 扫描 EOSE (Eos Energy Enterprises, Inc.)
[63/163 | 39%] 扫描 TAN (Invesco Solar ETF)
[64/163 | 39%] 扫描 FSLR (First Solar, Inc.)
[65/163 | 40%] 扫描 NXT (Nextpower Inc.)
[66/163 | 40%] 扫描 ENPH (Enphase Energy, Inc.)
[67/163 | 41%] 扫描 RUN (Sunrun Inc.)
[68/163 | 42%] 扫描 IGV (iShares Expanded Tech-Software )
[69/163 | 42%] 扫描 PLTR (Palantir Technologies Inc.)
[70/163 | 43%] 扫描 ADBE (Adobe Inc.)
[71/163 | 44%] 扫描 CRM (Salesforce, Inc.)
[72/163 | 44%] 扫描 SNOW (Snowflake Inc.)
[73/163 | 45%] 扫描 DDOG (Datadog, Inc.)
[74/163 | 45%] 扫描 MDB (MongoDB, Inc.)
[75/163 | 46%] 扫描 TEAM (Atlassian Corporation)
[76/163 | 47%] 扫描 NOW (ServiceNow, Inc.)
[77/163 | 47%] 扫描 CIBR (First Trust NASDAQ Cybersecurit)
[78/163 | 48%] 扫描 CRWD (CrowdStrike Holdings, Inc.)
[79/163 | 48%] 扫描 FTNT (Fortinet, Inc.)
[80/163 | 49%] 扫描 ZS (Zscaler, Inc.)
[81/163 | 50%] 扫描 PANW (Palo Alto Networks, Inc.)
[82/163 | 50%] 扫描 OKTA (Okta, Inc.)
[83/163 | 51%] 扫描 XLB (State Street Materials Select S)
[84/163 | 52%] 扫描 PAVE (Global X U.S. Infrastructure De)
[85/163 | 52%] 扫描 FCX (Freeport-McMoRan, Inc.)
[86/163 | 53%] 扫描 LIN (Linde plc)
[87/163 | 53%] 扫描 APD (Air Products and Chemicals, Inc)
[88/163 | 54%] 扫描 NUE (Nucor Corporation)
[89/163 | 55%] 扫描 RIO (Rio Tinto Plc)
[90/163 | 55%] 扫描 BHP (BHP Group Limited)
[91/163 | 56%] 扫描 XLE (State Street Energy Select Sect)
[92/163 | 56%] 扫描 CVX (Chevron Corporation)
[93/163 | 57%] 扫描 COP (ConocoPhillips)
[94/163 | 58%] 扫描 EOG (EOG Resources, Inc.)
[95/163 | 58%] 扫描 HAL (Halliburton Company)
[96/163 | 59%] 扫描 SLB (SLB Limited)
[97/163 | 60%] 扫描 OXY (Occidental Petroleum Corporatio)
[98/163 | 60%] 扫描 NEE (NextEra Energy, Inc.)
[99/163 | 61%] 扫描 SO (Southern Company (The))
[100/163 | 61%] 扫描 DUK (Duke Energy Corporation (Holdin)
[101/163 | 62%] 扫描 D (Dominion Energy, Inc.)
[102/163 | 63%] 扫描 XLF (State Street Financial Select S)
[103/163 | 63%] 扫描 HOOD (Robinhood Markets, Inc.)
[104/163 | 64%] 扫描 SOFI (SoFi Technologies, Inc.)
[105/163 | 64%] 扫描 COIN (Coinbase Global, Inc.)
[106/163 | 65%] 扫描 AON (Aon plc)
[107/163 | 66%] 扫描 UFO (Procure Space ETF)
[108/163 | 66%] 扫描 PL (Planet Labs PBC)
[109/163 | 67%] 扫描 RKLB (Rocket Lab Corporation)
[110/163 | 67%] 扫描 VSAT (ViaSat, Inc.)
[111/163 | 68%] 扫描 IRDM (Iridium Communications Inc)
[112/163 | 69%] 扫描 SIRI (SiriusXM Holdings Inc.)
[113/163 | 69%] 扫描 GSAT (Globalstar, Inc.)
[114/163 | 70%] 扫描 LUNR (Intuitive Machines, Inc.)
[115/163 | 71%] 扫描 ASTS (AST SpaceMobile, Inc.)
[116/163 | 71%] 扫描 MOO (VanEck Agribusiness ETF)
[117/163 | 72%] 扫描 CF (CF Industries Holdings, Inc.)
[118/163 | 72%] 扫描 MOS (Mosaic Company (The))
[119/163 | 73%] 扫描 NTR (Nutrien Ltd.)
[120/163 | 74%] 扫描 TSM (Taiwan Semiconductor Manufactur)
[121/163 | 74%] 扫描 AMKR (Amkor Technology, Inc.)
[122/163 | 75%] 扫描 CAMT (Camtek Ltd.)
[123/163 | 75%] 扫描 ONTO (Onto Innovation Inc.)
[124/163 | 76%] 扫描 TER (Teradyne, Inc.)
[125/163 | 77%] 扫描 COHU (Cohu, Inc.)
[126/163 | 77%] 扫描 ENTG (Entegris, Inc.)
[127/163 | 78%] 扫描 DD (DuPont de Nemours, Inc.)
[128/163 | 79%] 扫描 AEHR (Aehr Test Systems)
[129/163 | 79%] 扫描 IHF (iShares U.S. Health Care Provid)
[130/163 | 80%] 扫描 UNH (UnitedHealth Group Incorporated)
[131/163 | 80%] 扫描 DTCR (Global X Data Center & Digital )
[132/163 | 81%] 扫描 CRWV (CoreWeave, Inc.)
[133/163 | 82%] 扫描 NBIS (Nebius Group N.V.)
[134/163 | 82%] 扫描 IREN (IREN LIMITED)
[135/163 | 83%] 扫描 APLD (Applied Digital Corporation)
[136/163 | 83%] 扫描 ORCL (Oracle Corporation)
[137/163 | 84%] 扫描 MEME (Roundhill Meme Stock ETF)
[138/163 | 85%] 扫描 HIMS (Hims & Hers Health, Inc.)
[139/163 | 85%] 扫描 SOLS (Solstice Advanced Materials Inc)
[140/163 | 86%] 扫描 CPNG (Coupang, Inc.)
[141/163 | 87%] 扫描 XYZ (Block Inc. Class A Common Stock)
[142/163 | 87%] 扫描 MSTR (Strategy Inc Common Stock Class A)
[143/163 | 88%] 扫描 CRCL (Circle Internet Group Inc. Class A Common Stock)
[144/163 | 88%] 扫描 HUT (Hut 8 Corp. Common Stock)
[145/163 | 89%] 扫描 WULF (TeraWulf Inc. Common Stock)
[146/163 | 90%] 扫描 GLXY (Galaxy Digital Inc. Class A Common Stock)
[147/163 | 90%] 扫描 GBTC (Grayscale Bitcoin Trust ETF)
[148/163 | 91%] 扫描 IBIT (iShares Bitcoin Trust ETF)
[149/163 | 91%] 扫描 FBTC (Fidelity Wise Origin Bitcoin Fund)
[150/163 | 92%] 扫描 ARKB (ARK 21Shares Bitcoin ETF)
[151/163 | 93%] 扫描 BITB (Bitwise Bitcoin ETF)
[152/163 | 93%] 扫描 BRRR (CoinShares Bitcoin ETF)
[153/163 | 94%] 扫描 HODL (VanEck Bitcoin ETF)
[154/163 | 94%] 扫描 EZBC (Franklin Bitcoin ETF)
[155/163 | 95%] 扫描 BTCO (Invesco Galaxy Bitcoin ETF)
[156/163 | 96%] 扫描 BITO (ProShares Bitcoin ETF)
[157/163 | 96%] 扫描 BITX (2x Bitcoin Strategy ETF)
[158/163 | 97%] 扫描 MARA (MARA Holdings, Inc.)
[159/163 | 98%] 扫描 RIOT (Riot Platforms, Inc.)
[160/163 | 98%] 扫描 CLSK (CleanSpark, Inc.)
[161/163 | 99%] 扫描 CORZ (Core Scientific, Inc.)
[162/163 | 99%] 扫描 CIFR (Cipher Digital Inc.)
[163/163 | 100%] 扫描 BTBT (Bit Digital, Inc.)
⚠️ 盘中运行：2026-09-03 这根日线尚未收盘。close/volume/量比20日 都只是当前最新值，量比会因为只走了部分交易时段而系统性偏低。这些行会标记 bar_partial=True，生命周期买入价优先取收盘后那一版——收盘后再跑一次即可固化。
本次补回信号日期： 2026-09-03
✅ 低位启动器：第一观察点 3 条，二进宫买入点 1 条
阶段 4/4：生成信号后表现追踪sheet...
✅ 市场环境：看跌/避险 | QQQ 跌破MA20；IWM 跌破MA20；RSP跌破MA20；RSP弱于SPX，市场宽度变差；HYG跌破MA20
✅ COMBO波段regime (#24, 长线200日趋势; 与短线信号不同):
   SPY: 收773.11 / 200日711.63(上,确认True) | 距52周高-0.6% | 30日波动12% | 强势/纯牛市(持有为主,MR待命) → HOLD 持有(满仓指数)
   QQQ: 收717.23 / 200日657.13(上,确认True) | 距52周高-3.9% | 30日波动20% | 强势/纯牛市(持有为主,MR待命) → HOLD 持有(满仓指数)
✅ BTC长线读数 (集成SMA投票, 默认买入持有; 详见btc_system.py):
   BTC-USD: 收81,535 | 集成SMA投票100%看多 | 状态 LONG | 距历史高点-34.6% | 距52周高-34.6% | 默认长期持有(买入持有)；本读数为风险仪表盘，非交易信号 — 短线资本利得税拖累研究见btc_system.py
✅ 历史结果已保存：/Users/feijing/github.com/stock_scan/Stock_OneClick/history/scan_result_20260903_144554.xlsx
✅ 最新结果已更新：/Users/feijing/github.com/stock_scan/Stock_OneClick/scan_result_latest.xlsx
✅ 信号Dashboard：/Users/feijing/github.com/stock_scan/Stock_OneClick/exports/xl_signal_dashboard_latest.html
✅ 信号Dashboard历史：/Users/feijing/github.com/stock_scan/Stock_OneClick/history/xl_signal_dashboard_20260903_144554.html
✅ 买入追踪sheet数量：14（每批次最多追踪 14 个交易日）
✅ 卖出追踪批次数：13（每批次最多追踪 14 个交易日）
✅ 买入观察列表：111 条
✅ 买入历史记录：664 条
✅ 卖出观察列表：3 条
✅ 卖出历史记录：390 条
✅ 第一观察点跟踪：观察中 9 条，已确认 4 条，已移除 157 条
✅ 已归档满14日批次：1 个
   - /Users/feijing/github.com/stock_scan/Stock_OneClick/history/completed_14d/20260814共计20天数据.xlsx
✅ TV今日清单：/Users/feijing/github.com/stock_scan/Stock_OneClick/tv_daily_signals/tv_today_2026-09-03.txt
✅ TV历史清单：/Users/feijing/github.com/stock_scan/Stock_OneClick/history/tv_today_20260903_144554.txt
✅ TV买入纯导入：/Users/feijing/github.com/stock_scan/Stock_OneClick/tv_buy_signals/tv_buy_today_2026-09-03.txt
✅ TV买入备注版：/Users/feijing/github.com/stock_scan/Stock_OneClick/tv_buy_signals/tv_buy_today_notes_2026-09-03.txt
STOCK_ONECLICK_NO_OPEN=1：跳过自动打开结果。
[2026-09-03 15:51:53 EDT]     scan ok
[2026-09-03 15:51:54 EDT] DONE slot=close for ET date 2026-09-03
[2026-09-03 15:56:55 EDT] skip: already ran slot=close for ET date 2026-09-03
[2026-09-03 16:01:55 EDT] skip: not near a target time (ET 1601)
[2026-09-03 16:06:55 EDT] skip: not near a target time (ET 1606)
[2026-09-03 16:11:55 EDT] skip: not near a target time (ET 1611)
[2026-09-03 16:16:55 EDT] skip: not near a target time (ET 1616)
[2026-09-03 16:22:34 EDT] skip: not near a target time (ET 1622)
[2026-09-03 16:27:55 EDT] skip: not near a target time (ET 1627)
[2026-09-03 16:32:56 EDT] skip: not near a target time (ET 1632)
[2026-09-03 16:38:06 EDT] skip: not near a target time (ET 1638)
[2026-09-03 16:43:06 EDT] skip: not near a target time (ET 1643)
[2026-09-03 16:48:07 EDT] skip: not near a target time (ET 1648)
[2026-09-03 16:53:07 EDT] skip: not near a target time (ET 1653)
[2026-09-03 16:58:07 EDT] skip: not near a target time (ET 1658)
[2026-09-03 17:03:07 EDT] skip: not near a target time (ET 1703)
[2026-09-03 17:08:07 EDT] skip: not near a target time (ET 1708)
[2026-09-03 17:15:36 EDT] skip: not near a target time (ET 1715)
[2026-09-03 17:20:36 EDT] skip: not near a target time (ET 1720)
[2026-09-03 17:25:36 EDT] skip: not near a target time (ET 1725)
[2026-09-03 17:30:37 EDT] skip: not near a target time (ET 1730)
[2026-09-03 17:35:37 EDT] skip: not near a target time (ET 1735)
[2026-09-03 17:40:37 EDT] skip: not near a target time (ET 1740)
[2026-09-03 17:45:45 EDT] skip: not near a target time (ET 1745)
[2026-09-03 17:51:25 EDT] skip: not near a target time (ET 1751)
[2026-09-03 17:56:25 EDT] skip: not near a target time (ET 1756)
[2026-09-03 18:01:25 EDT] skip: not near a target time (ET 1801)
[2026-09-03 18:06:26 EDT] skip: not near a target time (ET 1806)
[2026-09-03 18:11:26 EDT] skip: not near a target time (ET 1811)
[2026-09-03 18:16:26 EDT] skip: not near a target time (ET 1816)
[2026-09-03 18:21:26 EDT] skip: not near a target time (ET 1821)
[2026-09-03 18:26:26 EDT] skip: not near a target time (ET 1826)
[2026-09-03 18:31:26 EDT] skip: not near a target time (ET 1831)
[2026-09-03 18:37:12 EDT] skip: not near a target time (ET 1837)
[2026-09-03 18:44:07 EDT] skip: not near a target time (ET 1844)
[2026-09-03 18:49:07 EDT] skip: not near a target time (ET 1849)
[2026-09-03 18:54:07 EDT] skip: not near a target time (ET 1854)
[2026-09-03 18:59:07 EDT] skip: not near a target time (ET 1859)
[2026-09-03 19:05:36 EDT] skip: not near a target time (ET 1905)
[2026-09-03 19:10:36 EDT] skip: not near a target time (ET 1910)
[2026-09-03 19:15:36 EDT] skip: not near a target time (ET 1915)
[2026-09-03 19:20:55 EDT] skip: not near a target time (ET 1920)
[2026-09-03 22:55:23 EDT] skip: not near a target time (ET 2255)
[2026-09-04 04:37:55 EDT] skip: not near a target time (ET 437)
[2026-09-04 08:07:14 EDT] skip: not near a target time (ET 807)
[2026-09-04 10:20:34 EDT] skip: not near a target time (ET 1020)
[2026-09-04 10:32:06 EDT] skip: not near a target time (ET 1032)
[2026-09-04 10:37:06 EDT] skip: not near a target time (ET 1037)
[2026-09-04 10:42:06 EDT] skip: not near a target time (ET 1042)
[2026-09-04 10:47:06 EDT] skip: not near a target time (ET 1047)
[2026-09-04 10:52:07 EDT] skip: not near a target time (ET 1052)
[2026-09-04 10:57:07 EDT] skip: not near a target time (ET 1057)
[2026-09-04 11:02:07 EDT] skip: not near a target time (ET 1102)
[2026-09-04 11:07:07 EDT] skip: not near a target time (ET 1107)
[2026-09-04 11:12:07 EDT] skip: not near a target time (ET 1112)
[2026-09-04 11:17:07 EDT] skip: not near a target time (ET 1117)
[2026-09-04 11:22:07 EDT] skip: not near a target time (ET 1122)
[2026-09-04 11:27:08 EDT] skip: not near a target time (ET 1127)
[2026-09-04 11:32:08 EDT] skip: not near a target time (ET 1132)
[2026-09-04 11:39:00 EDT] skip: not near a target time (ET 1139)
[2026-09-04 11:44:00 EDT] skip: not near a target time (ET 1144)
[2026-09-04 11:49:00 EDT] skip: not near a target time (ET 1149)
[2026-09-04 11:54:00 EDT] skip: not near a target time (ET 1154)
[2026-09-04 11:59:01 EDT] skip: not near a target time (ET 1159)
[2026-09-04 12:04:01 EDT] skip: not near a target time (ET 1204)
[2026-09-04 12:09:01 EDT] skip: not near a target time (ET 1209)
[2026-09-04 12:14:01 EDT] skip: not near a target time (ET 1214)
[2026-09-04 12:19:01 EDT] skip: not near a target time (ET 1219)
[2026-09-04 12:24:01 EDT] skip: not near a target time (ET 1224)
[2026-09-04 12:29:01 EDT] skip: not near a target time (ET 1229)
[2026-09-04 12:34:01 EDT] skip: not near a target time (ET 1234)
[2026-09-04 12:39:01 EDT] skip: not near a target time (ET 1239)
[2026-09-04 12:44:01 EDT] skip: not near a target time (ET 1244)
[2026-09-04 12:52:13 EDT] skip: not near a target time (ET 1252)
[2026-09-04 13:47:59 EDT] skip: not near a target time (ET 1347)
[2026-09-04 13:52:59 EDT] skip: not near a target time (ET 1352)
[2026-09-04 13:58:00 EDT] skip: not near a target time (ET 1358)
[2026-09-04 14:03:00 EDT] skip: not near a target time (ET 1403)
[2026-09-04 14:08:00 EDT] skip: not near a target time (ET 1408)
[2026-09-04 14:13:00 EDT] skip: not near a target time (ET 1413)
[2026-09-04 14:19:40 EDT] skip: not near a target time (ET 1419)
[2026-09-04 14:24:40 EDT] skip: not near a target time (ET 1424)
[2026-09-04 14:29:40 EDT] skip: not near a target time (ET 1429)
[2026-09-04 14:35:27 EDT] skip: not near a target time (ET 1435)
[2026-09-04 14:40:27 EDT] skip: not near a target time (ET 1440)
[2026-09-04 14:45:27 EDT] skip: not near a target time (ET 1445)
[2026-09-04 14:50:28 EDT] skip: not near a target time (ET 1450)
[2026-09-04 14:55:28 EDT] skip: not near a target time (ET 1455)
[2026-09-04 15:00:28 EDT] skip: not near a target time (ET 1500)
[2026-09-04 15:05:28 EDT] skip: not near a target time (ET 1505)
[2026-09-04 15:10:28 EDT] skip: not near a target time (ET 1510)
[2026-09-04 15:15:28 EDT] skip: not near a target time (ET 1515)
[2026-09-04 15:20:28 EDT] skip: not near a target time (ET 1520)
[2026-09-04 15:25:28 EDT] skip: not near a target time (ET 1525)
[2026-09-04 15:30:28 EDT] skip: not near a target time (ET 1530)
[2026-09-04 15:35:29 EDT] skip: not near a target time (ET 1535)
[2026-09-04 16:37:27 EDT] skip: not near a target time (ET 1637)
[2026-09-04 17:57:24 EDT] skip: not near a target time (ET 1757)
[2026-09-04 18:02:24 EDT] skip: not near a target time (ET 1802)
[2026-09-04 18:07:24 EDT] skip: not near a target time (ET 1807)
[2026-09-04 18:12:24 EDT] skip: not near a target time (ET 1812)
[2026-09-04 18:17:25 EDT] skip: not near a target time (ET 1817)
[2026-09-04 18:22:25 EDT] skip: not near a target time (ET 1822)
[2026-09-04 18:27:25 EDT] skip: not near a target time (ET 1827)
[2026-09-04 19:02:48 EDT] skip: not near a target time (ET 1902)
[2026-09-04 22:34:59 EDT] skip: not near a target time (ET 2234)
[2026-09-05 02:23:48 EDT] skip: weekend (ET dow 6)
[2026-09-05 04:24:38 EDT] skip: weekend (ET dow 6)
[2026-09-05 07:17:16 EDT] skip: weekend (ET dow 6)
[2026-09-05 08:41:44 EDT] skip: weekend (ET dow 6)
[2026-09-05 12:25:02 EDT] skip: weekend (ET dow 6)
[2026-09-05 15:07:59 EDT] skip: weekend (ET dow 6)
[2026-09-05 18:11:19 EDT] skip: weekend (ET dow 6)
[2026-09-05 21:41:57 EDT] skip: weekend (ET dow 6)
[2026-09-06 03:04:45 EDT] skip: weekend (ET dow 7)
[2026-09-06 08:27:04 EDT] skip: weekend (ET dow 7)
[2026-09-06 11:48:32 EDT] skip: weekend (ET dow 7)
[2026-09-06 14:33:19 EDT] skip: weekend (ET dow 7)
[2026-09-06 18:37:32 EDT] skip: weekend (ET dow 7)
[2026-09-06 22:41:09 EDT] skip: weekend (ET dow 7)
[2026-09-07 04:38:46 EDT] skip: not near a target time (ET 438)
[2026-09-07 09:32:09 EDT] skip: not near a target time (ET 932)
[2026-09-07 13:35:45 EDT] skip: not near a target time (ET 1335)
[2026-09-07 18:13:46 EDT] skip: not near a target time (ET 1813)
[2026-09-07 20:09:15 EDT] skip: not near a target time (ET 2009)
[2026-09-07 20:56:05 EDT] skip: not near a target time (ET 2056)
[2026-09-07 21:34:03 EDT] skip: not near a target time (ET 2134)
[2026-09-08 00:55:01 EDT] skip: not near a target time (ET 55)
[2026-09-08 04:20:34 EDT] skip: not near a target time (ET 420)
[2026-09-08 05:55:55 EDT] skip: not near a target time (ET 555)
[2026-09-08 06:57:36 EDT] skip: not near a target time (ET 657)
[2026-09-08 08:01:28 EDT] skip: not near a target time (ET 801)
[2026-09-08 09:10:19 EDT] skip: not near a target time (ET 910)
[2026-09-08 10:42:15 EDT] skip: not near a target time (ET 1042)
[2026-09-08 10:47:23 EDT] skip: not near a target time (ET 1047)
[2026-09-08 10:52:23 EDT] skip: not near a target time (ET 1052)
[2026-09-08 10:57:23 EDT] skip: not near a target time (ET 1057)
[2026-09-08 11:02:23 EDT] skip: not near a target time (ET 1102)
[2026-09-08 11:07:23 EDT] skip: not near a target time (ET 1107)
[2026-09-08 11:12:24 EDT] skip: not near a target time (ET 1112)
[2026-09-08 11:17:24 EDT] skip: not near a target time (ET 1117)
[2026-09-08 11:22:24 EDT] skip: not near a target time (ET 1122)
[2026-09-08 11:30:40 EDT] skip: not near a target time (ET 1130)
[2026-09-08 11:35:40 EDT] skip: not near a target time (ET 1135)
[2026-09-08 11:40:40 EDT] skip: not near a target time (ET 1140)
[2026-09-08 12:12:33 EDT] skip: not near a target time (ET 1212)
[2026-09-08 12:17:33 EDT] skip: not near a target time (ET 1217)
[2026-09-08 12:22:33 EDT] skip: not near a target time (ET 1222)
[2026-09-08 12:27:33 EDT] skip: not near a target time (ET 1227)
[2026-09-08 12:33:05 EDT] skip: not near a target time (ET 1233)
[2026-09-08 12:38:05 EDT] skip: not near a target time (ET 1238)
[2026-09-08 12:47:48 EDT] skip: not near a target time (ET 1247)
[2026-09-08 12:53:09 EDT] skip: not near a target time (ET 1253)
[2026-09-08 12:58:10 EDT] skip: not near a target time (ET 1258)
[2026-09-08 13:03:10 EDT] skip: not near a target time (ET 1303)
[2026-09-08 13:08:10 EDT] skip: not near a target time (ET 1308)
[2026-09-08 13:13:10 EDT] skip: not near a target time (ET 1313)
[2026-09-08 13:18:10 EDT] skip: not near a target time (ET 1318)
[2026-09-08 13:23:10 EDT] skip: not near a target time (ET 1323)
[2026-09-08 13:29:25 EDT] skip: not near a target time (ET 1329)
[2026-09-08 13:35:55 EDT] skip: not near a target time (ET 1335)
[2026-09-08 13:41:58 EDT] skip: not near a target time (ET 1341)
[2026-09-08 13:46:59 EDT] skip: not near a target time (ET 1346)
[2026-09-08 13:51:59 EDT] skip: not near a target time (ET 1351)
[2026-09-08 13:57:00 EDT] skip: not near a target time (ET 1357)
[2026-09-08 14:02:24 EDT] skip: not near a target time (ET 1402)
[2026-09-08 14:07:24 EDT] skip: not near a target time (ET 1407)
[2026-09-08 14:12:24 EDT] skip: not near a target time (ET 1412)
[2026-09-08 14:17:24 EDT] skip: not near a target time (ET 1417)
[2026-09-08 14:36:19 EDT] skip: not near a target time (ET 1436)
[2026-09-08 14:48:32 EDT] skip: not near a target time (ET 1448)
[2026-09-08 15:20:00 EDT] skip: not near a target time (ET 1520)
[2026-09-08 15:26:06 EDT] skip: not near a target time (ET 1526)
[2026-09-08 15:31:06 EDT] skip: not near a target time (ET 1531)
[2026-09-08 15:36:08 EDT] skip: not near a target time (ET 1536)
[2026-09-08 15:42:38 EDT] skip: not near a target time (ET 1542)
[2026-09-08 15:53:45 EDT] skip: VPN not connected (scutil --nc list has no '(Connected)' entry)
[2026-09-08 15:59:30 EDT] skip: not near a target time (ET 1559)
[2026-09-08 16:04:31 EDT] skip: not near a target time (ET 1604)
[2026-09-08 16:09:31 EDT] skip: not near a target time (ET 1609)
[2026-09-08 16:14:31 EDT] skip: not near a target time (ET 1614)
[2026-09-08 16:19:31 EDT] skip: not near a target time (ET 1619)
[2026-09-08 16:24:31 EDT] skip: not near a target time (ET 1624)
[2026-09-08 16:29:31 EDT] skip: not near a target time (ET 1629)
[2026-09-08 16:34:31 EDT] skip: not near a target time (ET 1634)
[2026-09-08 16:39:31 EDT] skip: not near a target time (ET 1639)
[2026-09-08 16:44:32 EDT] skip: not near a target time (ET 1644)
[2026-09-08 16:49:32 EDT] skip: not near a target time (ET 1649)
[2026-09-08 16:54:32 EDT] skip: not near a target time (ET 1654)
[2026-09-08 16:59:32 EDT] skip: not near a target time (ET 1659)
[2026-09-08 17:04:32 EDT] skip: not near a target time (ET 1704)
[2026-09-08 17:09:32 EDT] skip: not near a target time (ET 1709)
[2026-09-08 17:14:33 EDT] skip: not near a target time (ET 1714)
[2026-09-08 17:20:23 EDT] skip: not near a target time (ET 1720)
[2026-09-08 17:25:23 EDT] skip: not near a target time (ET 1725)
[2026-09-08 17:30:23 EDT] skip: not near a target time (ET 1730)
[2026-09-08 17:35:23 EDT] skip: not near a target time (ET 1735)
[2026-09-08 17:40:23 EDT] skip: not near a target time (ET 1740)
[2026-09-08 17:45:52 EDT] skip: not near a target time (ET 1745)
[2026-09-08 17:54:27 EDT] skip: not near a target time (ET 1754)
[2026-09-08 18:13:09 EDT] skip: not near a target time (ET 1813)
[2026-09-08 18:18:09 EDT] skip: not near a target time (ET 1818)
[2026-09-08 18:23:09 EDT] skip: not near a target time (ET 1823)
[2026-09-08 18:28:09 EDT] skip: not near a target time (ET 1828)
[2026-09-08 18:33:09 EDT] skip: not near a target time (ET 1833)
[2026-09-08 18:38:10 EDT] skip: not near a target time (ET 1838)
[2026-09-08 18:43:10 EDT] skip: not near a target time (ET 1843)
[2026-09-08 18:48:10 EDT] skip: not near a target time (ET 1848)
[2026-09-08 18:53:10 EDT] skip: not near a target time (ET 1853)
[2026-09-08 19:06:38 EDT] skip: not near a target time (ET 1906)
[2026-09-08 23:42:33 EDT] skip: not near a target time (ET 2342)
[2026-09-09 04:29:29 EDT] skip: not near a target time (ET 429)
[2026-09-09 08:44:53 EDT] skip: not near a target time (ET 844)
[2026-09-09 10:52:25 EDT] skip: not near a target time (ET 1052)
[2026-09-09 11:33:35 EDT] skip: not near a target time (ET 1133)
[2026-09-09 11:38:35 EDT] skip: not near a target time (ET 1138)
[2026-09-09 11:43:36 EDT] skip: not near a target time (ET 1143)
[2026-09-09 11:48:36 EDT] skip: not near a target time (ET 1148)
[2026-09-09 11:53:36 EDT] skip: not near a target time (ET 1153)
[2026-09-09 11:59:01 EDT] skip: not near a target time (ET 1159)
[2026-09-09 12:04:21 EDT] skip: not near a target time (ET 1204)
[2026-09-09 12:09:21 EDT] skip: not near a target time (ET 1209)
[2026-09-09 12:14:21 EDT] skip: not near a target time (ET 1214)
[2026-09-09 12:19:21 EDT] skip: not near a target time (ET 1219)
[2026-09-09 12:26:40 EDT] skip: not near a target time (ET 1226)
[2026-09-09 12:39:00 EDT] skip: not near a target time (ET 1239)
[2026-09-09 12:44:00 EDT] skip: not near a target time (ET 1244)
[2026-09-09 12:49:01 EDT] skip: not near a target time (ET 1249)
[2026-09-09 12:54:01 EDT] skip: not near a target time (ET 1254)
[2026-09-09 13:37:25 EDT] skip: not near a target time (ET 1337)
[2026-09-09 13:42:45 EDT] skip: not near a target time (ET 1342)
[2026-09-09 13:47:46 EDT] skip: not near a target time (ET 1347)
[2026-09-09 13:53:44 EDT] skip: not near a target time (ET 1353)
[2026-09-09 13:59:48 EDT] skip: not near a target time (ET 1359)
[2026-09-09 14:05:46 EDT] skip: not near a target time (ET 1405)
[2026-09-09 14:11:43 EDT] skip: not near a target time (ET 1411)
[2026-09-09 14:17:42 EDT] skip: not near a target time (ET 1417)
[2026-09-09 14:23:13 EDT] skip: not near a target time (ET 1423)
[2026-09-09 14:28:13 EDT] skip: not near a target time (ET 1428)
[2026-09-09 14:33:13 EDT] skip: not near a target time (ET 1433)
[2026-09-09 14:38:13 EDT] skip: not near a target time (ET 1438)
[2026-09-09 14:43:14 EDT] skip: not near a target time (ET 1443)
[2026-09-09 14:48:14 EDT] skip: not near a target time (ET 1448)
[2026-09-09 14:53:14 EDT] skip: not near a target time (ET 1453)
[2026-09-09 14:58:14 EDT] skip: not near a target time (ET 1458)
[2026-09-09 15:03:14 EDT] skip: not near a target time (ET 1503)
[2026-09-09 15:11:36 EDT] skip: not near a target time (ET 1511)
[2026-09-09 15:16:36 EDT] skip: not near a target time (ET 1516)
[2026-09-09 15:21:36 EDT] skip: not near a target time (ET 1521)
[2026-09-09 15:26:36 EDT] skip: not near a target time (ET 1526)
[2026-09-09 15:31:37 EDT] skip: not near a target time (ET 1531)
[2026-09-09 15:36:37 EDT] skip: not near a target time (ET 1536)
[2026-09-09 15:41:37 EDT] skip: not near a target time (ET 1541)
[2026-09-09 15:46:37 EDT] skip: VPN not connected (scutil --nc list has no '(Connected)' entry)
[2026-09-09 15:51:37 EDT] skip: VPN not connected (scutil --nc list has no '(Connected)' entry)
[2026-09-09 15:56:38 EDT] skip: VPN not connected (scutil --nc list has no '(Connected)' entry)
[2026-09-09 16:13:52 EDT] skip: not near a target time (ET 1613)
[2026-09-09 16:29:09 EDT] skip: not near a target time (ET 1629)
[2026-09-09 16:34:09 EDT] skip: not near a target time (ET 1634)
[2026-09-09 16:39:10 EDT] skip: not near a target time (ET 1639)
[2026-09-09 16:44:10 EDT] skip: not near a target time (ET 1644)
[2026-09-09 16:49:10 EDT] skip: not near a target time (ET 1649)
[2026-09-09 16:54:10 EDT] skip: not near a target time (ET 1654)
[2026-09-09 16:59:10 EDT] skip: not near a target time (ET 1659)
[2026-09-09 17:04:10 EDT] skip: not near a target time (ET 1704)
[2026-09-09 17:09:10 EDT] skip: not near a target time (ET 1709)
[2026-09-09 17:14:11 EDT] skip: not near a target time (ET 1714)
[2026-09-09 17:19:11 EDT] skip: not near a target time (ET 1719)
[2026-09-09 17:24:53 EDT] skip: not near a target time (ET 1724)
[2026-09-09 17:30:42 EDT] skip: not near a target time (ET 1730)
[2026-09-09 20:02:48 EDT] skip: not near a target time (ET 2002)
[2026-09-10 02:00:12 EDT] skip: not near a target time (ET 200)
[2026-09-10 07:42:50 EDT] skip: not near a target time (ET 742)
[2026-09-10 09:22:12 EDT] skip: not near a target time (ET 922)
[2026-09-10 09:27:13 EDT] skip: not near a target time (ET 927)
[2026-09-10 09:32:13 EDT] skip: not near a target time (ET 932)
[2026-09-10 09:37:13 EDT] skip: not near a target time (ET 937)
[2026-09-10 09:42:13 EDT] skip: not near a target time (ET 942)
[2026-09-10 09:47:13 EDT] skip: not near a target time (ET 947)
[2026-09-10 09:52:13 EDT] skip: not near a target time (ET 952)
[2026-09-10 09:57:13 EDT] START scheduled scan (weekday 4, ET 957, slot=open)
阶段 1/3：更新股票元数据...
元数据更新：共 1084 只，需联网 0 只（跳过已缓存 1084 只）
阶段 2/3：写回输入与分类表...
✅ TV固定A池：/Users/feijing/github.com/stock_scan/Stock_OneClick/exports/tv_A_pool.txt
✅ TV固定A池快照：/Users/feijing/github.com/stock_scan/Stock_OneClick/history/tv_A_pool_20260910_085718.txt
✅ TV中文分类目录：/Users/feijing/github.com/stock_scan/Stock_OneClick/exports/tv_custom（17个分类）
✅ TV中文分类历史：/Users/feijing/github.com/stock_scan/Stock_OneClick/history/tv_custom_20260910_085718
✅ TV中文合并清单：/Users/feijing/github.com/stock_scan/Stock_OneClick/exports/tv_watchlists_merged_cn.txt
✅ TV中文合并历史：/Users/feijing/github.com/stock_scan/Stock_OneClick/history/tv_watchlists_merged_cn_20260910_085718.txt
阶段 3/4：执行扫描...
跳过不扫描分组：00 大环境, 01 市场环境（22 只）
✅ 全量扫描池：/Users/feijing/github.com/stock_scan/Stock_OneClick/exports/full_scan_pool.txt
✅ 全量扫描池快照：/Users/feijing/github.com/stock_scan/Stock_OneClick/history/full_scan_pool_20260910_085718.txt
✅ TV分类清单目录：/Users/feijing/github.com/stock_scan/Stock_OneClick/exports/tv_groups（24个分类）
✅ TV分类清单索引：/Users/feijing/github.com/stock_scan/Stock_OneClick/exports/tv_groups/_index.txt
✅ TV分类清单历史：/Users/feijing/github.com/stock_scan/Stock_OneClick/history/tv_groups_20260910_085718
并行预取行情：163 只 ×（日线+4H），并发 8 …
  预取进度 25/163
$HPE: possibly delisted; no price data found  (period=1y)
$IBM: possibly delisted; no price data found  (period=1y)
$CLS: possibly delisted; no price data found  (period=1y)
$XLU: possibly delisted; no price data found  (period=1y)
$VST: possibly delisted; no price data found  (period=1y)
$SMCI: possibly delisted; no price data found  (period=90d)
$DELL: possibly delisted; no price data found  (period=90d)
$NRG: possibly delisted; no price data found  (period=1y)
  预取进度 50/163
$IBM: possibly delisted; no price data found  (period=90d)
  预取进度 75/163
  预取进度 100/163
  预取进度 125/163
  预取进度 150/163
  预取进度 163/163
本次扫描标的数：163
[1/163 | 1%] 扫描 MAGS (Roundhill Magnificent Seven ETF)
[2/163 | 1%] 扫描 NVDA (NVIDIA Corporation)
[3/163 | 2%] 扫描 MSFT (Microsoft Corporation)
[4/163 | 2%] 扫描 AMZN (Amazon.com, Inc.)
[5/163 | 3%] 扫描 META (Meta Platforms, Inc.)
[6/163 | 4%] 扫描 GOOGL (Alphabet Inc.)
[7/163 | 4%] 扫描 TSLA (Tesla, Inc.)
[8/163 | 5%] 扫描 AAPL (Apple Inc.)
[9/163 | 6%] 扫描 SMH (VanEck Semiconductor ETF)
[10/163 | 6%] 扫描 AMD (Advanced Micro Devices, Inc.)
[11/163 | 7%] 扫描 AVGO (Broadcom Inc.)
[12/163 | 7%] 扫描 INTC (Intel Corporation)
[13/163 | 8%] 扫描 MRVL (Marvell Technology, Inc.)
[14/163 | 9%] 扫描 CBRS (Cerebras Systems Inc.)
[CBRS] 日线数据太短/获取失败，跳过
[15/163 | 9%] 扫描 DRAM (Roundhill Memory ETF)
[DRAM] 日线数据太短/获取失败，跳过
[16/163 | 10%] 扫描 MU (Micron Technology, Inc.)
[17/163 | 10%] 扫描 SNDK (Sandisk Corporation)
[18/163 | 11%] 扫描 WDC (Western Digital Corporation)
[19/163 | 12%] 扫描 ASML (ASML Holding N.V. - New York Re)
[20/163 | 12%] 扫描 AMAT (Applied Materials, Inc.)
[21/163 | 13%] 扫描 KLAC (KLA Corporation)
[22/163 | 13%] 扫描 LRCX (Lam Research Corporation)
[23/163 | 14%] 扫描 SNPS (Synopsys, Inc.)
[24/163 | 15%] 扫描 CDNS (Cadence Design Systems, Inc.)
[25/163 | 15%] 扫描 FOTO (Tuttle Capital Pure Play Photon)
[FOTO] 日线数据太短/获取失败，跳过
[26/163 | 16%] 扫描 ANET (Arista Networks, Inc.)
[27/163 | 17%] 扫描 LITE (Lumentum Holdings Inc.)
[28/163 | 17%] 扫描 COHR (Coherent Corp.)
[29/163 | 18%] 扫描 GLW (Corning Incorporated)
[30/163 | 18%] 扫描 CRDO (Credo Technology Group Holding )
[31/163 | 19%] 扫描 TSEM (Tower Semiconductor Ltd.)
[32/163 | 20%] 扫描 AAOI (Applied Optoelectronics, Inc.)
[33/163 | 20%] 扫描 AXTI (AXT Inc)
[34/163 | 21%] 扫描 LWLG (Lightwave Logic, Inc.)
[35/163 | 21%] 扫描 POET (POET Technologies Inc.)
[36/163 | 22%] 扫描 VRT (Vertiv Holdings, LLC)
[37/163 | 23%] 扫描 SMCI (Super Micro Computer, Inc.)
[38/163 | 23%] 扫描 DELL (Dell Technologies Inc.)
[39/163 | 24%] 扫描 HPE (Hewlett Packard Enterprise Comp)
[HPE] 日线数据太短/获取失败，跳过
[40/163 | 25%] 扫描 IBM (International Business Machines)
[IBM] 日线数据太短/获取失败，跳过
[41/163 | 25%] 扫描 CLS (Celestica, Inc.)
[CLS] 日线数据太短/获取失败，跳过
[42/163 | 26%] 扫描 XLU (State Street Utilities Select S)
[XLU] 日线数据太短/获取失败，跳过
[43/163 | 26%] 扫描 VST (Vistra Corp.)
[VST] 日线数据太短/获取失败，跳过
[44/163 | 27%] 扫描 NRG (NRG Energy, Inc.)
[NRG] 日线数据太短/获取失败，跳过
[45/163 | 28%] 扫描 TLN (Talen Energy Corporation)
[46/163 | 28%] 扫描 AES (The AES Corporation)
[47/163 | 29%] 扫描 GEV (GE Vernova Inc.)
[48/163 | 29%] 扫描 ETN (Eaton Corporation, PLC)
[49/163 | 30%] 扫描 NVTS (Navitas Semiconductor Corporati)
[50/163 | 31%] 扫描 NLR (VanEck Uranium and Nuclear ETF)
[51/163 | 31%] 扫描 CEG (Constellation Energy Corporatio)
[52/163 | 32%] 扫描 SMR (NuScale Power Corporation)
[53/163 | 33%] 扫描 OKLO (Oklo Inc.)
[54/163 | 33%] 扫描 LEU (Centrus Energy Corp.)
[55/163 | 34%] 扫描 CCJ (Cameco Corporation)
[56/163 | 34%] 扫描 BWXT (BWX Technologies, Inc.)
[57/163 | 35%] 扫描 UEC (Uranium Energy Corp.)
[58/163 | 36%] 扫描 UUUU (Energy Fuels Inc)
[59/163 | 36%] 扫描 NNE (Nano Nuclear Energy Inc.)
[60/163 | 37%] 扫描 BE (Bloom Energy Corporation)
[61/163 | 37%] 扫描 FLNC (Fluence Energy, Inc.)
[62/163 | 38%] 扫描 EOSE (Eos Energy Enterprises, Inc.)
[63/163 | 39%] 扫描 TAN (Invesco Solar ETF)
[64/163 | 39%] 扫描 FSLR (First Solar, Inc.)
[65/163 | 40%] 扫描 NXT (Nextpower Inc.)
[66/163 | 40%] 扫描 ENPH (Enphase Energy, Inc.)
[67/163 | 41%] 扫描 RUN (Sunrun Inc.)
[68/163 | 42%] 扫描 IGV (iShares Expanded Tech-Software )
[69/163 | 42%] 扫描 PLTR (Palantir Technologies Inc.)
[70/163 | 43%] 扫描 ADBE (Adobe Inc.)
[71/163 | 44%] 扫描 CRM (Salesforce, Inc.)
[72/163 | 44%] 扫描 SNOW (Snowflake Inc.)
[73/163 | 45%] 扫描 DDOG (Datadog, Inc.)
[74/163 | 45%] 扫描 MDB (MongoDB, Inc.)
[75/163 | 46%] 扫描 TEAM (Atlassian Corporation)
[76/163 | 47%] 扫描 NOW (ServiceNow, Inc.)
[77/163 | 47%] 扫描 CIBR (First Trust NASDAQ Cybersecurit)
[78/163 | 48%] 扫描 CRWD (CrowdStrike Holdings, Inc.)
[79/163 | 48%] 扫描 FTNT (Fortinet, Inc.)
[80/163 | 49%] 扫描 ZS (Zscaler, Inc.)
[81/163 | 50%] 扫描 PANW (Palo Alto Networks, Inc.)
[82/163 | 50%] 扫描 OKTA (Okta, Inc.)
[83/163 | 51%] 扫描 XLB (State Street Materials Select S)
[84/163 | 52%] 扫描 PAVE (Global X U.S. Infrastructure De)
[85/163 | 52%] 扫描 FCX (Freeport-McMoRan, Inc.)
[86/163 | 53%] 扫描 LIN (Linde plc)
[87/163 | 53%] 扫描 APD (Air Products and Chemicals, Inc)
[88/163 | 54%] 扫描 NUE (Nucor Corporation)
[89/163 | 55%] 扫描 RIO (Rio Tinto Plc)
[90/163 | 55%] 扫描 BHP (BHP Group Limited)
[91/163 | 56%] 扫描 XLE (State Street Energy Select Sect)
[92/163 | 56%] 扫描 CVX (Chevron Corporation)
[93/163 | 57%] 扫描 COP (ConocoPhillips)
[94/163 | 58%] 扫描 EOG (EOG Resources, Inc.)
[95/163 | 58%] 扫描 HAL (Halliburton Company)
[96/163 | 59%] 扫描 SLB (SLB Limited)
[97/163 | 60%] 扫描 OXY (Occidental Petroleum Corporatio)
[98/163 | 60%] 扫描 NEE (NextEra Energy, Inc.)
[99/163 | 61%] 扫描 SO (Southern Company (The))
[100/163 | 61%] 扫描 DUK (Duke Energy Corporation (Holdin)
[101/163 | 62%] 扫描 D (Dominion Energy, Inc.)
[102/163 | 63%] 扫描 XLF (State Street Financial Select S)
[103/163 | 63%] 扫描 HOOD (Robinhood Markets, Inc.)
[104/163 | 64%] 扫描 SOFI (SoFi Technologies, Inc.)
[105/163 | 64%] 扫描 COIN (Coinbase Global, Inc.)
[106/163 | 65%] 扫描 AON (Aon plc)
[107/163 | 66%] 扫描 UFO (Procure Space ETF)
[108/163 | 66%] 扫描 PL (Planet Labs PBC)
[109/163 | 67%] 扫描 RKLB (Rocket Lab Corporation)
[110/163 | 67%] 扫描 VSAT (ViaSat, Inc.)
[111/163 | 68%] 扫描 IRDM (Iridium Communications Inc)
[112/163 | 69%] 扫描 SIRI (SiriusXM Holdings Inc.)
[113/163 | 69%] 扫描 GSAT (Globalstar, Inc.)
[114/163 | 70%] 扫描 LUNR (Intuitive Machines, Inc.)
[115/163 | 71%] 扫描 ASTS (AST SpaceMobile, Inc.)
[116/163 | 71%] 扫描 MOO (VanEck Agribusiness ETF)
[117/163 | 72%] 扫描 CF (CF Industries Holdings, Inc.)
[118/163 | 72%] 扫描 MOS (Mosaic Company (The))
[119/163 | 73%] 扫描 NTR (Nutrien Ltd.)
[120/163 | 74%] 扫描 TSM (Taiwan Semiconductor Manufactur)
[121/163 | 74%] 扫描 AMKR (Amkor Technology, Inc.)
[122/163 | 75%] 扫描 CAMT (Camtek Ltd.)
[123/163 | 75%] 扫描 ONTO (Onto Innovation Inc.)
[124/163 | 76%] 扫描 TER (Teradyne, Inc.)
[125/163 | 77%] 扫描 COHU (Cohu, Inc.)
[126/163 | 77%] 扫描 ENTG (Entegris, Inc.)
[127/163 | 78%] 扫描 DD (DuPont de Nemours, Inc.)
[128/163 | 79%] 扫描 AEHR (Aehr Test Systems)
[129/163 | 79%] 扫描 IHF (iShares U.S. Health Care Provid)
[130/163 | 80%] 扫描 UNH (UnitedHealth Group Incorporated)
[131/163 | 80%] 扫描 DTCR (Global X Data Center & Digital )
[132/163 | 81%] 扫描 CRWV (CoreWeave, Inc.)
[133/163 | 82%] 扫描 NBIS (Nebius Group N.V.)
[134/163 | 82%] 扫描 IREN (IREN LIMITED)
[135/163 | 83%] 扫描 APLD (Applied Digital Corporation)
[136/163 | 83%] 扫描 ORCL (Oracle Corporation)
[137/163 | 84%] 扫描 MEME (Roundhill Meme Stock ETF)
[138/163 | 85%] 扫描 HIMS (Hims & Hers Health, Inc.)
[139/163 | 85%] 扫描 SOLS (Solstice Advanced Materials Inc)
[140/163 | 86%] 扫描 CPNG (Coupang, Inc.)
[141/163 | 87%] 扫描 XYZ (Block Inc. Class A Common Stock)
[142/163 | 87%] 扫描 MSTR (Strategy Inc Common Stock Class A)
[143/163 | 88%] 扫描 CRCL (Circle Internet Group Inc. Class A Common Stock)
[144/163 | 88%] 扫描 HUT (Hut 8 Corp. Common Stock)
[145/163 | 89%] 扫描 WULF (TeraWulf Inc. Common Stock)
[146/163 | 90%] 扫描 GLXY (Galaxy Digital Inc. Class A Common Stock)
[147/163 | 90%] 扫描 GBTC (Grayscale Bitcoin Trust ETF)
[148/163 | 91%] 扫描 IBIT (iShares Bitcoin Trust ETF)
[149/163 | 91%] 扫描 FBTC (Fidelity Wise Origin Bitcoin Fund)
[150/163 | 92%] 扫描 ARKB (ARK 21Shares Bitcoin ETF)
[151/163 | 93%] 扫描 BITB (Bitwise Bitcoin ETF)
[152/163 | 93%] 扫描 BRRR (CoinShares Bitcoin ETF)
[153/163 | 94%] 扫描 HODL (VanEck Bitcoin ETF)
[154/163 | 94%] 扫描 EZBC (Franklin Bitcoin ETF)
[155/163 | 95%] 扫描 BTCO (Invesco Galaxy Bitcoin ETF)
[156/163 | 96%] 扫描 BITO (ProShares Bitcoin ETF)
[157/163 | 96%] 扫描 BITX (2x Bitcoin Strategy ETF)
[158/163 | 97%] 扫描 MARA (MARA Holdings, Inc.)
[159/163 | 98%] 扫描 RIOT (Riot Platforms, Inc.)
[160/163 | 98%] 扫描 CLSK (CleanSpark, Inc.)
[161/163 | 99%] 扫描 CORZ (Core Scientific, Inc.)
[162/163 | 99%] 扫描 CIFR (Cipher Digital Inc.)
[163/163 | 100%] 扫描 BTBT (Bit Digital, Inc.)
⚠️ 盘中运行：2026-09-10 这根日线尚未收盘。close/volume/量比20日 都只是当前最新值，量比会因为只走了部分交易时段而系统性偏低。这些行会标记 bar_partial=True，生命周期买入价优先取收盘后那一版——收盘后再跑一次即可固化。
本次补回信号日期： 2026-09-10
✅ 低位启动器：第一观察点 0 条，二进宫买入点 0 条
阶段 4/4：生成信号后表现追踪sheet...
✅ 市场环境：看跌/避险 | SPX 跌破MA20；QQQ 跌破MA20；IWM 跌破MA20；VIX单日+7.53%；VIX站上MA20
✅ 波动率读数 (VIX/VVIX/VIX3M; 风险仪表盘, 不参与风险分):
   VIX:  17.70 | +7.53% | MA20 15.36(上) | 1年分位59% | 常态
   VVIX: 98.53 | +4.26% | MA20 88.46(上) | 1年分位54% | 常态 | VVIX/VIX 5.6
   期限结构: VIX/VIX3M 0.91 (contango正常; VIX3M 19.54)
   → 波动抬头（低位）：VIX站上MA20但绝对水平不高，contango未破：属于有序回调，恐慌尚未定价。（VIX与VVIX同步跳升：无序抛售，尾部风险被重新定价）
   ⚠️ 盘中读数：VIX/VVIX 为当前值，收盘前仍会变动；分位与MA20同样基于未收盘的这根。
   ↳ 对照：指数已转弱，VIX已站上MA20但contango未破 —— 波动率端没有确认恐慌，视作有序回调：买点降权观察，不必按系统性风险清仓。
✅ COMBO波段regime (#24, 长线200日趋势; 与短线信号不同):
   SPY: 收757.03 / 200日713.70(上,确认True) | 距52周高-2.7% | 30日波动11% | 强势/纯牛市(持有为主,MR待命) → HOLD 持有(满仓指数)
   QQQ: 收708.27 / 200日659.51(上,确认True) | 距52周高-5.1% | 30日波动19% | 上升趋势(牛市回调) → HOLD 持有(满仓指数)
✅ BTC长线读数 (集成SMA投票, 默认买入持有; 详见btc_system.py):
   BTC-USD: 收77,164 | 集成SMA投票100%看多 | 状态 LONG | 距历史高点-38.1% | 距52周高-38.1% | 默认长期持有(买入持有)；本读数为风险仪表盘，非交易信号 — 短线资本利得税拖累研究见btc_system.py
✅ 历史结果已保存：/Users/feijing/github.com/stock_scan/Stock_OneClick/history/scan_result_20260910_085718.xlsx
✅ 最新结果已更新：/Users/feijing/github.com/stock_scan/Stock_OneClick/scan_result_latest.xlsx
✅ 信号Dashboard：/Users/feijing/github.com/stock_scan/Stock_OneClick/exports/xl_signal_dashboard_latest.html
✅ 信号Dashboard历史：/Users/feijing/github.com/stock_scan/Stock_OneClick/history/xl_signal_dashboard_20260910_085718.html
✅ 买入追踪sheet数量：14（每批次最多追踪 14 个交易日）
✅ 卖出追踪批次数：13（每批次最多追踪 14 个交易日）
✅ 买入观察列表：134 条
✅ 买入历史记录：729 条
✅ 卖出观察列表：4 条
✅ 卖出历史记录：425 条
✅ 第一观察点跟踪：观察中 23 条，已确认 5 条，已移除 184 条
✅ 已归档满14日批次：1 个
   - /Users/feijing/github.com/stock_scan/Stock_OneClick/history/completed_14d/20260820共计20天数据.xlsx
✅ TV今日清单：/Users/feijing/github.com/stock_scan/Stock_OneClick/tv_daily_signals/tv_today_2026-09-10.txt
✅ TV历史清单：/Users/feijing/github.com/stock_scan/Stock_OneClick/history/tv_today_20260910_085718.txt
✅ TV买入纯导入：/Users/feijing/github.com/stock_scan/Stock_OneClick/tv_buy_signals/tv_buy_today_2026-09-10.txt
✅ TV买入备注版：/Users/feijing/github.com/stock_scan/Stock_OneClick/tv_buy_signals/tv_buy_today_notes_2026-09-10.txt
STOCK_ONECLICK_NO_OPEN=1：跳过自动打开结果。
[2026-09-10 10:00:37 EDT]     scan ok
[2026-09-10 10:00:37 EDT] DONE slot=open for ET date 2026-09-10
[2026-09-10 10:05:37 EDT] skip: already ran slot=open for ET date 2026-09-10
[2026-09-10 10:10:37 EDT] skip: not near a target time (ET 1010)
[2026-09-10 10:15:38 EDT] skip: not near a target time (ET 1015)
[2026-09-10 10:20:38 EDT] skip: not near a target time (ET 1020)
[2026-09-10 10:25:38 EDT] skip: not near a target time (ET 1025)
[2026-09-10 10:30:38 EDT] skip: not near a target time (ET 1030)
[2026-09-10 10:35:39 EDT] skip: not near a target time (ET 1035)
[2026-09-10 10:40:41 EDT] skip: not near a target time (ET 1040)
[2026-09-10 10:45:42 EDT] skip: not near a target time (ET 1045)
[2026-09-10 10:50:42 EDT] skip: not near a target time (ET 1050)
[2026-09-10 10:55:42 EDT] skip: not near a target time (ET 1055)
[2026-09-10 11:00:43 EDT] skip: not near a target time (ET 1100)
[2026-09-10 11:05:43 EDT] skip: not near a target time (ET 1105)
[2026-09-10 11:10:43 EDT] skip: not near a target time (ET 1110)
[2026-09-10 11:15:43 EDT] skip: not near a target time (ET 1115)
[2026-09-10 11:20:43 EDT] skip: not near a target time (ET 1120)
[2026-09-10 11:25:43 EDT] skip: not near a target time (ET 1125)
[2026-09-10 11:30:43 EDT] skip: not near a target time (ET 1130)
[2026-09-10 11:35:43 EDT] skip: not near a target time (ET 1135)
[2026-09-10 11:40:44 EDT] skip: not near a target time (ET 1140)
[2026-09-10 11:45:44 EDT] skip: not near a target time (ET 1145)
[2026-09-10 11:50:44 EDT] skip: not near a target time (ET 1150)
[2026-09-10 11:55:44 EDT] skip: not near a target time (ET 1155)
[2026-09-10 12:00:44 EDT] skip: not near a target time (ET 1200)
[2026-09-10 12:05:45 EDT] skip: not near a target time (ET 1205)
[2026-09-10 12:10:45 EDT] skip: not near a target time (ET 1210)
[2026-09-10 12:15:45 EDT] skip: not near a target time (ET 1215)
[2026-09-10 12:20:45 EDT] skip: not near a target time (ET 1220)
[2026-09-10 12:25:45 EDT] skip: not near a target time (ET 1225)
[2026-09-10 12:30:45 EDT] skip: not near a target time (ET 1230)
[2026-09-10 12:35:45 EDT] skip: not near a target time (ET 1235)
[2026-09-10 12:40:45 EDT] skip: not near a target time (ET 1240)
[2026-09-10 12:45:46 EDT] skip: not near a target time (ET 1245)
[2026-09-10 12:50:46 EDT] skip: not near a target time (ET 1250)
[2026-09-10 12:55:46 EDT] skip: not near a target time (ET 1255)
[2026-09-10 13:00:46 EDT] skip: not near a target time (ET 1300)
[2026-09-10 13:05:46 EDT] skip: not near a target time (ET 1305)
[2026-09-10 13:33:43 EDT] skip: not near a target time (ET 1333)
[2026-09-10 14:22:06 EDT] skip: not near a target time (ET 1422)
[2026-09-10 14:27:06 EDT] skip: not near a target time (ET 1427)
[2026-09-10 14:32:06 EDT] skip: not near a target time (ET 1432)
[2026-09-10 14:37:07 EDT] skip: not near a target time (ET 1437)
[2026-09-10 14:42:07 EDT] skip: not near a target time (ET 1442)
[2026-09-10 14:47:07 EDT] skip: not near a target time (ET 1447)
[2026-09-10 14:52:07 EDT] skip: not near a target time (ET 1452)
[2026-09-10 14:57:07 EDT] skip: not near a target time (ET 1457)
[2026-09-10 15:02:57 EDT] skip: not near a target time (ET 1502)
[2026-09-10 15:07:57 EDT] skip: not near a target time (ET 1507)
[2026-09-10 15:12:58 EDT] skip: not near a target time (ET 1512)
[2026-09-10 15:17:58 EDT] skip: not near a target time (ET 1517)
[2026-09-10 15:22:58 EDT] skip: not near a target time (ET 1522)
[2026-09-10 15:27:58 EDT] skip: not near a target time (ET 1527)
[2026-09-10 15:32:58 EDT] skip: not near a target time (ET 1532)
[2026-09-10 15:37:58 EDT] skip: not near a target time (ET 1537)
[2026-09-10 15:42:58 EDT] skip: not near a target time (ET 1542)
[2026-09-10 15:47:59 EDT] skip: VPN not connected (scutil --nc list has no '(Connected)' entry)
[2026-09-10 15:52:59 EDT] skip: VPN not connected (scutil --nc list has no '(Connected)' entry)
[2026-09-10 15:59:04 EDT] skip: not near a target time (ET 1559)
[2026-09-10 16:04:04 EDT] skip: not near a target time (ET 1604)
[2026-09-10 16:09:04 EDT] skip: not near a target time (ET 1609)
[2026-09-10 16:14:04 EDT] skip: not near a target time (ET 1614)
[2026-09-10 16:19:04 EDT] skip: not near a target time (ET 1619)
[2026-09-10 16:24:05 EDT] skip: not near a target time (ET 1624)
[2026-09-10 16:29:05 EDT] skip: not near a target time (ET 1629)
[2026-09-10 16:34:05 EDT] skip: not near a target time (ET 1634)
[2026-09-10 16:39:05 EDT] skip: not near a target time (ET 1639)
[2026-09-10 16:44:05 EDT] skip: not near a target time (ET 1644)
[2026-09-10 16:49:05 EDT] skip: not near a target time (ET 1649)
[2026-09-10 16:54:06 EDT] skip: not near a target time (ET 1654)
[2026-09-10 16:59:06 EDT] skip: not near a target time (ET 1659)
[2026-09-10 17:17:38 EDT] skip: not near a target time (ET 1717)
[2026-09-10 17:22:38 EDT] skip: not near a target time (ET 1722)
[2026-09-10 17:27:38 EDT] skip: not near a target time (ET 1727)
[2026-09-10 17:32:38 EDT] skip: not near a target time (ET 1732)
[2026-09-10 17:37:38 EDT] skip: not near a target time (ET 1737)
[2026-09-10 17:44:20 EDT] skip: not near a target time (ET 1744)
[2026-09-10 17:49:20 EDT] skip: not near a target time (ET 1749)
[2026-09-10 17:54:20 EDT] skip: not near a target time (ET 1754)
[2026-09-10 17:59:20 EDT] skip: not near a target time (ET 1759)
[2026-09-10 18:04:20 EDT] skip: not near a target time (ET 1804)
[2026-09-10 18:15:26 EDT] skip: not near a target time (ET 1815)
[2026-09-10 18:20:27 EDT] skip: not near a target time (ET 1820)
[2026-09-10 18:25:27 EDT] skip: not near a target time (ET 1825)
[2026-09-10 18:30:27 EDT] skip: not near a target time (ET 1830)
[2026-09-10 18:35:27 EDT] skip: not near a target time (ET 1835)
[2026-09-10 18:40:27 EDT] skip: not near a target time (ET 1840)
[2026-09-10 18:45:27 EDT] skip: not near a target time (ET 1845)
[2026-09-10 18:50:28 EDT] skip: not near a target time (ET 1850)
[2026-09-10 18:55:28 EDT] skip: not near a target time (ET 1855)
[2026-09-10 19:00:28 EDT] skip: not near a target time (ET 1900)
[2026-09-10 19:05:28 EDT] skip: not near a target time (ET 1905)
[2026-09-10 20:40:32 EDT] skip: not near a target time (ET 2040)
[2026-09-11 00:30:37 EDT] skip: not near a target time (ET 30)
[2026-09-11 05:30:33 EDT] skip: not near a target time (ET 530)
[2026-09-11 08:57:13 EDT] skip: not near a target time (ET 857)
[2026-09-11 11:15:05 EDT] skip: not near a target time (ET 1115)
[2026-09-11 11:20:06 EDT] skip: not near a target time (ET 1120)
[2026-09-11 11:25:06 EDT] skip: not near a target time (ET 1125)
[2026-09-11 11:30:06 EDT] skip: not near a target time (ET 1130)
[2026-09-11 11:35:06 EDT] skip: not near a target time (ET 1135)
[2026-09-11 11:40:06 EDT] skip: not near a target time (ET 1140)
[2026-09-11 11:45:06 EDT] skip: not near a target time (ET 1145)
[2026-09-11 11:50:06 EDT] skip: not near a target time (ET 1150)
[2026-09-11 11:55:06 EDT] skip: not near a target time (ET 1155)
[2026-09-11 12:00:07 EDT] skip: not near a target time (ET 1200)
[2026-09-11 12:05:07 EDT] skip: not near a target time (ET 1205)
[2026-09-11 12:10:07 EDT] skip: not near a target time (ET 1210)
[2026-09-11 12:15:07 EDT] skip: not near a target time (ET 1215)
[2026-09-11 12:20:07 EDT] skip: not near a target time (ET 1220)
[2026-09-11 12:25:07 EDT] skip: not near a target time (ET 1225)
[2026-09-11 12:30:07 EDT] skip: not near a target time (ET 1230)
[2026-09-11 12:35:07 EDT] skip: not near a target time (ET 1235)
[2026-09-11 12:40:07 EDT] skip: not near a target time (ET 1240)
[2026-09-11 12:45:08 EDT] skip: not near a target time (ET 1245)
[2026-09-11 12:50:08 EDT] skip: not near a target time (ET 1250)
[2026-09-11 13:18:59 EDT] skip: not near a target time (ET 1318)
[2026-09-11 18:32:54 EDT] skip: not near a target time (ET 1832)
[2026-09-11 22:02:18 EDT] skip: not near a target time (ET 2202)
[2026-09-12 03:45:38 EDT] skip: weekend (ET dow 6)
[2026-09-12 07:15:19 EDT] skip: weekend (ET dow 6)
[2026-09-12 07:42:50 EDT] skip: weekend (ET dow 6)
[2026-09-12 07:47:50 EDT] skip: weekend (ET dow 6)
[2026-09-12 07:54:44 EDT] skip: weekend (ET dow 6)
[2026-09-12 07:59:44 EDT] skip: weekend (ET dow 6)
[2026-09-12 08:04:44 EDT] skip: weekend (ET dow 6)
[2026-09-12 08:09:44 EDT] skip: weekend (ET dow 6)
[2026-09-12 08:14:44 EDT] skip: weekend (ET dow 6)
[2026-09-12 08:19:44 EDT] skip: weekend (ET dow 6)
[2026-09-12 08:24:44 EDT] skip: weekend (ET dow 6)
[2026-09-12 08:29:44 EDT] skip: weekend (ET dow 6)
[2026-09-12 08:34:45 EDT] skip: weekend (ET dow 6)
[2026-09-12 08:39:45 EDT] skip: weekend (ET dow 6)
[2026-09-12 08:44:45 EDT] skip: weekend (ET dow 6)
[2026-09-12 08:49:45 EDT] skip: weekend (ET dow 6)
[2026-09-12 08:54:45 EDT] skip: weekend (ET dow 6)
[2026-09-12 08:59:45 EDT] skip: weekend (ET dow 6)
[2026-09-12 09:04:45 EDT] skip: weekend (ET dow 6)
[2026-09-12 09:09:45 EDT] skip: weekend (ET dow 6)
[2026-09-12 09:14:46 EDT] skip: weekend (ET dow 6)
[2026-09-12 09:19:46 EDT] skip: weekend (ET dow 6)
[2026-09-12 09:24:46 EDT] skip: weekend (ET dow 6)
[2026-09-12 09:29:46 EDT] skip: weekend (ET dow 6)
[2026-09-12 09:34:46 EDT] skip: weekend (ET dow 6)
[2026-09-12 09:39:46 EDT] skip: weekend (ET dow 6)
[2026-09-12 09:44:46 EDT] skip: weekend (ET dow 6)
[2026-09-12 09:49:47 EDT] skip: weekend (ET dow 6)
[2026-09-12 09:54:47 EDT] skip: weekend (ET dow 6)
[2026-09-12 09:59:47 EDT] skip: weekend (ET dow 6)
[2026-09-12 10:04:47 EDT] skip: weekend (ET dow 6)
[2026-09-12 10:09:47 EDT] skip: weekend (ET dow 6)
[2026-09-12 10:14:47 EDT] skip: weekend (ET dow 6)
[2026-09-12 10:19:47 EDT] skip: weekend (ET dow 6)
[2026-09-12 10:24:48 EDT] skip: weekend (ET dow 6)
[2026-09-12 10:29:48 EDT] skip: weekend (ET dow 6)
[2026-09-12 10:34:48 EDT] skip: weekend (ET dow 6)
[2026-09-12 10:39:48 EDT] skip: weekend (ET dow 6)
[2026-09-12 10:44:48 EDT] skip: weekend (ET dow 6)
[2026-09-12 10:49:48 EDT] skip: weekend (ET dow 6)
[2026-09-12 10:54:48 EDT] skip: weekend (ET dow 6)
[2026-09-12 10:59:48 EDT] skip: weekend (ET dow 6)
[2026-09-12 11:04:48 EDT] skip: weekend (ET dow 6)
[2026-09-12 11:09:49 EDT] skip: weekend (ET dow 6)
[2026-09-12 11:14:49 EDT] skip: weekend (ET dow 6)
[2026-09-12 11:19:49 EDT] skip: weekend (ET dow 6)
[2026-09-12 11:24:49 EDT] skip: weekend (ET dow 6)
[2026-09-12 11:29:49 EDT] skip: weekend (ET dow 6)
[2026-09-12 11:34:49 EDT] skip: weekend (ET dow 6)
[2026-09-12 11:39:49 EDT] skip: weekend (ET dow 6)
[2026-09-12 11:44:49 EDT] skip: weekend (ET dow 6)
[2026-09-12 11:49:50 EDT] skip: weekend (ET dow 6)
[2026-09-12 11:54:50 EDT] skip: weekend (ET dow 6)
[2026-09-12 11:59:50 EDT] skip: weekend (ET dow 6)
[2026-09-12 12:04:50 EDT] skip: weekend (ET dow 6)
[2026-09-12 12:09:50 EDT] skip: weekend (ET dow 6)
[2026-09-12 12:14:50 EDT] skip: weekend (ET dow 6)
[2026-09-12 12:19:51 EDT] skip: weekend (ET dow 6)
[2026-09-12 12:24:51 EDT] skip: weekend (ET dow 6)
[2026-09-12 12:29:51 EDT] skip: weekend (ET dow 6)
[2026-09-12 12:34:51 EDT] skip: weekend (ET dow 6)
[2026-09-12 12:39:51 EDT] skip: weekend (ET dow 6)
[2026-09-12 12:44:51 EDT] skip: weekend (ET dow 6)
[2026-09-12 12:49:51 EDT] skip: weekend (ET dow 6)
[2026-09-12 12:54:51 EDT] skip: weekend (ET dow 6)
[2026-09-12 12:59:52 EDT] skip: weekend (ET dow 6)
[2026-09-12 13:04:52 EDT] skip: weekend (ET dow 6)
[2026-09-12 13:09:52 EDT] skip: weekend (ET dow 6)
[2026-09-12 13:14:52 EDT] skip: weekend (ET dow 6)
[2026-09-12 13:19:52 EDT] skip: weekend (ET dow 6)
[2026-09-12 13:24:52 EDT] skip: weekend (ET dow 6)
[2026-09-12 13:29:52 EDT] skip: weekend (ET dow 6)
[2026-09-12 13:34:52 EDT] skip: weekend (ET dow 6)
[2026-09-12 13:39:53 EDT] skip: weekend (ET dow 6)
[2026-09-12 13:44:53 EDT] skip: weekend (ET dow 6)
[2026-09-12 13:49:53 EDT] skip: weekend (ET dow 6)
[2026-09-12 13:54:53 EDT] skip: weekend (ET dow 6)
[2026-09-12 13:59:53 EDT] skip: weekend (ET dow 6)
[2026-09-12 14:04:53 EDT] skip: weekend (ET dow 6)
[2026-09-12 14:09:53 EDT] skip: weekend (ET dow 6)
[2026-09-12 14:14:54 EDT] skip: weekend (ET dow 6)
[2026-09-12 14:19:54 EDT] skip: weekend (ET dow 6)
[2026-09-12 14:24:54 EDT] skip: weekend (ET dow 6)
[2026-09-12 14:29:54 EDT] skip: weekend (ET dow 6)
[2026-09-12 14:34:54 EDT] skip: weekend (ET dow 6)
[2026-09-12 14:39:54 EDT] skip: weekend (ET dow 6)
[2026-09-12 14:44:54 EDT] skip: weekend (ET dow 6)
[2026-09-12 14:49:55 EDT] skip: weekend (ET dow 6)
[2026-09-12 14:54:55 EDT] skip: weekend (ET dow 6)
[2026-09-12 14:59:55 EDT] skip: weekend (ET dow 6)
[2026-09-12 15:04:55 EDT] skip: weekend (ET dow 6)
[2026-09-12 15:09:55 EDT] skip: weekend (ET dow 6)
[2026-09-12 15:14:55 EDT] skip: weekend (ET dow 6)
[2026-09-12 15:19:55 EDT] skip: weekend (ET dow 6)
[2026-09-12 15:26:10 EDT] skip: weekend (ET dow 6)
[2026-09-12 15:32:02 EDT] skip: weekend (ET dow 6)
[2026-09-12 15:37:02 EDT] skip: weekend (ET dow 6)
[2026-09-12 15:42:02 EDT] skip: weekend (ET dow 6)
[2026-09-12 15:47:02 EDT] skip: weekend (ET dow 6)
[2026-09-12 15:52:02 EDT] skip: weekend (ET dow 6)
[2026-09-12 15:57:02 EDT] skip: weekend (ET dow 6)
[2026-09-12 16:02:03 EDT] skip: weekend (ET dow 6)
[2026-09-12 16:07:03 EDT] skip: weekend (ET dow 6)
[2026-09-12 16:12:03 EDT] skip: weekend (ET dow 6)
[2026-09-12 16:17:04 EDT] skip: weekend (ET dow 6)
[2026-09-12 16:22:04 EDT] skip: weekend (ET dow 6)
[2026-09-12 16:27:04 EDT] skip: weekend (ET dow 6)
[2026-09-12 16:32:04 EDT] skip: weekend (ET dow 6)
[2026-09-12 16:37:04 EDT] skip: weekend (ET dow 6)
[2026-09-12 16:42:04 EDT] skip: weekend (ET dow 6)
